/*--------------------------------*- C++ -*----------------------------------*\
| =========                 |                                                 |
| \\      /  F ield         | OpenFOAM: The Open Source CFD Toolbox           |
|  \\    /   O peration     | Version:  2412                                  |
|   \\  /    A nd           | Website:  www.openfoam.com                      |
|    \\/     M anipulation  |                                                 |
\*---------------------------------------------------------------------------*/
FoamFile
{
    version     2.0;
    format      ascii;
    arch        "LSB;label=32;scalar=64";
    class       surfaceScalarField;
    location    "400";
    object      phi;
}
// * * * * * * * * * * * * * * * * * * * * * * * * * * * * * * * * * * * * * //

dimensions      [0 3 -1 0 0 0 0];

oriented        oriented;

internalField   nonuniform List<scalar> 
62961
(
-1.21444e-09
-1.21444e-09
3.08885e-06
-2.46442e-09
-1.23227e-09
3.0889e-06
-1.39869e-09
3.08901e-06
-3.65717e-09
-1.23227e-09
-2.46442e-09
3.0889e-06
-2.50202e-09
-2.50202e-09
3.08896e-06
-2.98406e-09
3.08908e-06
-3.57326e-09
-1.39869e-09
3.08901e-06
-3.65717e-09
-2.98406e-09
3.08908e-06
-3.57326e-09
3.08922e-06
-4.38588e-09
-4.38588e-09
-1.88154e-09
-1.88154e-09
3.09261e-06
-3.77205e-09
-1.89985e-09
3.09269e-06
-2.08325e-09
3.09285e-06
-5.5291e-09
-1.89985e-09
-3.77205e-09
3.09269e-06
-3.80877e-09
-3.80877e-09
3.09278e-06
-4.28773e-09
3.09294e-06
-5.47253e-09
-2.08325e-09
3.09285e-06
-5.5291e-09
-4.28773e-09
3.09294e-06
-5.47253e-09
3.09315e-06
-6.24929e-09
-6.24929e-09
-2.43781e-09
-2.43781e-09
3.09749e-06
-4.86218e-09
-2.46378e-09
3.09758e-06
-2.64994e-09
3.09777e-06
-7.12964e-09
-2.46378e-09
-4.86218e-09
3.09758e-06
-4.91375e-09
-4.91375e-09
3.09768e-06
-5.37642e-09
3.09787e-06
-7.11658e-09
-2.64994e-09
3.09777e-06
-7.12964e-09
-5.37642e-09
3.09787e-06
-7.11658e-09
3.0981e-06
-7.8546e-09
-7.8546e-09
-2.85271e-09
-2.85271e-09
3.10319e-06
-5.68541e-09
-2.88406e-09
3.1033e-06
-3.05949e-09
3.1035e-06
-8.362e-09
-2.88406e-09
-5.68541e-09
3.1033e-06
-5.74794e-09
-5.74794e-09
3.1034e-06
-6.1651e-09
3.10362e-06
-8.38821e-09
-3.05949e-09
3.1035e-06
-8.362e-09
-6.1651e-09
3.10362e-06
-8.38821e-09
3.10386e-06
-9.04524e-09
-9.04524e-09
-3.16216e-09
-3.16216e-09
3.10952e-06
-6.2972e-09
-3.19554e-09
3.10963e-06
-3.35039e-09
3.10985e-06
-9.28799e-09
-3.19554e-09
-6.2972e-09
3.10963e-06
-6.36356e-09
-6.36356e-09
3.10974e-06
-6.71656e-09
3.10996e-06
-9.34249e-09
-3.35039e-09
3.10985e-06
-9.28799e-09
-6.71656e-09
3.10996e-06
-9.34249e-09
3.11021e-06
-9.89171e-09
-9.89171e-09
-3.38084e-09
-3.38084e-09
3.11628e-06
-6.73171e-09
-3.41366e-09
3.11639e-06
-3.54418e-09
3.11661e-06
-9.95506e-09
-3.41366e-09
-6.73171e-09
3.11639e-06
-6.79697e-09
-6.79697e-09
3.11651e-06
-7.08088e-09
3.11673e-06
-1.00283e-08
-3.54418e-09
3.11661e-06
-9.95506e-09
-7.08088e-09
3.11673e-06
-1.00283e-08
3.11698e-06
-1.04638e-08
-1.04638e-08
-3.52476e-09
-3.52476e-09
3.12333e-06
-7.01857e-09
-3.55521e-09
3.12344e-06
-3.66078e-09
3.12366e-06
-1.04036e-08
-3.55521e-09
-7.01857e-09
3.12344e-06
-7.07915e-09
-7.07915e-09
3.12356e-06
-7.29559e-09
3.12378e-06
-1.04878e-08
-3.66078e-09
3.12366e-06
-1.04036e-08
-7.29559e-09
3.12378e-06
-1.04878e-08
3.12402e-06
-1.08137e-08
-1.08137e-08
-3.60769e-09
-3.60769e-09
3.13054e-06
-7.18526e-09
-3.63467e-09
3.13065e-06
-3.71694e-09
3.13086e-06
-1.06728e-08
-3.63467e-09
-7.18526e-09
3.13065e-06
-7.23902e-09
-7.23902e-09
3.13076e-06
-7.39438e-09
3.13098e-06
-1.07618e-08
-3.71694e-09
3.13086e-06
-1.06728e-08
-7.39438e-09
3.13098e-06
-1.07618e-08
3.13121e-06
-1.09893e-08
-1.09893e-08
-3.64316e-09
-3.64316e-09
3.13783e-06
-7.25831e-09
-3.66616e-09
3.13793e-06
-3.72788e-09
3.13813e-06
-1.0801e-08
-3.66616e-09
-7.25831e-09
3.13793e-06
-7.30425e-09
-7.30425e-09
3.13804e-06
-7.40687e-09
3.13824e-06
-1.08905e-08
-3.72788e-09
3.13813e-06
-1.0801e-08
-7.40687e-09
3.13824e-06
-1.08905e-08
3.13846e-06
-1.10335e-08
-1.10335e-08
-3.64248e-09
-3.64248e-09
3.14511e-06
-7.26002e-09
-3.66135e-09
3.14521e-06
-3.70561e-09
3.1454e-06
-1.08211e-08
-3.66135e-09
-7.26002e-09
3.14521e-06
-7.29781e-09
-7.29781e-09
3.14531e-06
-7.35648e-09
3.1455e-06
-1.09078e-08
-3.70561e-09
3.1454e-06
-1.08211e-08
-7.35648e-09
3.1455e-06
-1.09078e-08
3.14571e-06
-1.09808e-08
-1.09808e-08
-3.61462e-09
-3.61462e-09
3.15234e-06
-7.20799e-09
-3.62945e-09
3.15244e-06
-3.65901e-09
3.15261e-06
-1.07594e-08
-3.62945e-09
-7.20799e-09
3.15244e-06
-7.23776e-09
-7.23776e-09
3.15253e-06
-7.26002e-09
3.15271e-06
-1.08414e-08
-3.65901e-09
3.15261e-06
-1.07594e-08
-7.26002e-09
3.15271e-06
-1.08414e-08
3.1529e-06
-1.08565e-08
-1.08565e-08
-3.5663e-09
-3.5663e-09
3.15948e-06
-7.11537e-09
-3.57731e-09
3.15956e-06
-3.59434e-09
3.15973e-06
-1.06356e-08
-3.57731e-09
-7.11537e-09
3.15956e-06
-7.13752e-09
-7.13752e-09
3.15965e-06
-7.12897e-09
3.15982e-06
-1.0712e-08
-3.59434e-09
3.15973e-06
-1.06356e-08
-7.12897e-09
3.15982e-06
-1.0712e-08
3.16e-06
-1.06782e-08
-1.06782e-08
-3.50234e-09
-3.50234e-09
3.16648e-06
-6.99138e-09
-3.51009e-09
3.16656e-06
-3.51595e-09
3.16671e-06
-1.0464e-08
-3.51009e-09
-6.99138e-09
3.16656e-06
-7.00697e-09
-7.00697e-09
3.16664e-06
-6.9704e-09
3.1668e-06
-1.05362e-08
-3.51595e-09
3.16671e-06
-1.0464e-08
-6.9704e-09
3.1668e-06
-1.05362e-08
3.16697e-06
-1.04575e-08
-1.04575e-08
-3.4262e-09
-3.4262e-09
3.17333e-06
-6.84293e-09
-3.43115e-09
3.17341e-06
-3.42696e-09
3.17355e-06
-1.02548e-08
-3.43115e-09
-6.84293e-09
3.17341e-06
-6.85286e-09
-6.85286e-09
3.17349e-06
-6.79145e-09
3.17363e-06
-1.0323e-08
-3.42696e-09
3.17355e-06
-1.02548e-08
-6.79145e-09
3.17363e-06
-1.0323e-08
3.1738e-06
-1.02045e-08
-1.02045e-08
-3.34058e-09
-3.34058e-09
3.18002e-06
-6.67541e-09
-3.34312e-09
3.18009e-06
-3.32984e-09
3.18022e-06
-1.00161e-08
-3.34312e-09
-6.67541e-09
3.18009e-06
-6.68038e-09
-6.68038e-09
3.18016e-06
-6.59676e-09
3.1803e-06
-1.00806e-08
-3.32984e-09
3.18022e-06
-1.00161e-08
-6.59676e-09
3.1803e-06
-1.00806e-08
3.18046e-06
-9.9266e-09
-9.92661e-09
-3.24802e-09
-3.24802e-09
3.18651e-06
-6.49387e-09
-3.24852e-09
3.18658e-06
-3.22737e-09
3.18671e-06
-9.75537e-09
-3.24852e-09
-6.49387e-09
3.18658e-06
-6.4946e-09
-6.4946e-09
3.18665e-06
-6.39199e-09
3.18679e-06
-9.81626e-09
-3.22737e-09
3.18671e-06
-9.75537e-09
-6.39199e-09
3.18679e-06
-9.81626e-09
3.18694e-06
-9.63182e-09
-9.63182e-09
-3.1513e-09
-3.1513e-09
3.19281e-06
-6.30371e-09
-3.15028e-09
3.19289e-06
-3.12279e-09
3.19301e-06
-9.48011e-09
-3.15028e-09
-6.30371e-09
3.19289e-06
-6.3012e-09
-6.3012e-09
3.19296e-06
-6.18377e-09
3.19309e-06
-9.53772e-09
-3.12279e-09
3.19301e-06
-9.48011e-09
-6.18377e-09
3.19309e-06
-9.53772e-09
3.19323e-06
-9.3296e-09
-9.3296e-09
-3.05361e-09
-3.05361e-09
3.19892e-06
-6.11118e-09
-3.05163e-09
3.19899e-06
-3.01988e-09
3.19912e-06
-9.19913e-09
-3.05163e-09
-6.11117e-09
3.19899e-06
-6.10656e-09
-6.10656e-09
3.19907e-06
-5.98004e-09
3.19919e-06
-9.25351e-09
-3.01988e-09
3.19912e-06
-9.19913e-09
-5.98004e-09
3.19919e-06
-9.25351e-09
3.19933e-06
-9.0311e-09
-9.0311e-09
-2.95854e-09
-2.95854e-09
3.20484e-06
-5.92322e-09
-2.9562e-09
3.20492e-06
-2.92294e-09
3.20504e-06
-8.92202e-09
-2.9562e-09
-5.92321e-09
3.20492e-06
-5.91773e-09
-5.91773e-09
3.20499e-06
-5.78926e-09
3.20511e-06
-8.97351e-09
-2.92294e-09
3.20504e-06
-8.92201e-09
-5.78926e-09
3.20511e-06
-8.9735e-09
3.20525e-06
-8.74838e-09
-8.74839e-09
-2.86967e-09
-2.86967e-09
3.21058e-06
-5.74673e-09
-2.86744e-09
3.21066e-06
-2.83538e-09
3.21079e-06
-8.65872e-09
-2.86744e-09
-5.74672e-09
3.21066e-06
-5.74144e-09
-5.74143e-09
3.21074e-06
-5.61813e-09
3.21086e-06
-8.70744e-09
-2.83538e-09
3.21079e-06
-8.65871e-09
-5.61814e-09
3.21086e-06
-8.70744e-09
3.211e-06
-8.49129e-09
-8.4913e-09
-2.79045e-09
-2.79044e-09
3.21616e-06
-5.5882e-09
-2.78851e-09
3.21625e-06
-2.75999e-09
3.21638e-06
-8.4186e-09
-2.78851e-09
-5.58819e-09
3.21625e-06
-5.58368e-09
-5.58367e-09
3.21633e-06
-5.47148e-09
3.21646e-06
-8.4647e-09
-2.75999e-09
3.21638e-06
-8.41859e-09
-5.47149e-09
3.21646e-06
-8.46469e-09
3.21659e-06
-8.2673e-09
-8.26731e-09
-2.72399e-09
-2.72399e-09
3.22161e-06
-5.45327e-09
-2.72214e-09
3.2217e-06
-2.69859e-09
3.22183e-06
-8.20981e-09
-2.72215e-09
-5.45327e-09
3.2217e-06
-5.44949e-09
-5.44948e-09
3.22178e-06
-5.35229e-09
3.22191e-06
-8.25305e-09
-2.6986e-09
3.22183e-06
-8.20981e-09
-5.3523e-09
3.22191e-06
-8.25304e-09
3.22205e-06
-8.08105e-09
-8.08106e-09
-2.67309e-09
-2.67308e-09
3.22695e-06
-5.34671e-09
-2.67063e-09
3.22704e-06
-2.65212e-09
3.22718e-06
-8.0391e-09
-2.67064e-09
-5.3467e-09
3.22704e-06
-5.34281e-09
-5.34279e-09
3.22713e-06
-5.2611e-09
3.22726e-06
-8.07911e-09
-2.65213e-09
3.22718e-06
-8.0391e-09
-5.26111e-09
3.22726e-06
-8.07909e-09
3.22739e-06
-7.9338e-09
-7.93382e-09
-2.64035e-09
-2.64035e-09
3.23223e-06
-5.27283e-09
-2.63585e-09
3.23231e-06
-2.62123e-09
3.23244e-06
-7.912e-09
-2.63585e-09
-5.27282e-09
3.23231e-06
-5.26666e-09
-5.26664e-09
3.23239e-06
-5.19808e-09
3.23252e-06
-7.94736e-09
-2.62125e-09
3.23244e-06
-7.912e-09
-5.19811e-09
3.23252e-06
-7.94735e-09
3.23265e-06
-7.82582e-09
-7.82585e-09
-2.62842e-09
-2.62842e-09
3.23749e-06
-5.23595e-09
-2.61953e-09
3.23754e-06
-2.60649e-09
3.23764e-06
-7.83362e-09
-2.61954e-09
-5.23595e-09
3.23754e-06
-5.22372e-09
-5.2237e-09
3.2376e-06
-5.16395e-09
3.23771e-06
-7.86059e-09
-2.60651e-09
3.23764e-06
-7.83362e-09
-5.16399e-09
3.23771e-06
-7.86057e-09
3.23783e-06
-7.75731e-09
-7.75735e-09
-2.64025e-09
-2.64026e-09
3.24277e-06
-5.24075e-09
-2.6238e-09
3.24276e-06
-2.60911e-09
3.24282e-06
-7.80897e-09
-2.62381e-09
-5.24077e-09
3.24276e-06
-5.2172e-09
-5.21719e-09
3.24278e-06
-5.16029e-09
3.24287e-06
-7.82194e-09
-2.60913e-09
3.24282e-06
-7.80898e-09
-5.16033e-09
3.24287e-06
-7.82192e-09
3.24297e-06
-7.72928e-09
-7.72934e-09
-2.67921e-09
-2.67923e-09
3.24813e-06
-5.29265e-09
-2.65133e-09
3.24803e-06
-2.63104e-09
3.248e-06
-7.84371e-09
-2.65133e-09
-5.29268e-09
3.24803e-06
-5.25122e-09
-5.25121e-09
3.24798e-06
-5.18993e-09
3.24801e-06
-7.83548e-09
-2.63107e-09
3.248e-06
-7.84374e-09
-5.18998e-09
3.24801e-06
-7.83547e-09
3.24808e-06
-7.74422e-09
-7.74428e-09
-2.74911e-09
-2.74915e-09
3.25363e-06
-5.39803e-09
-2.70527e-09
3.25338e-06
-2.67507e-09
3.25322e-06
-7.94476e-09
-2.70527e-09
-5.39808e-09
3.25338e-06
-5.33095e-09
-5.33095e-09
3.25323e-06
-5.25759e-09
3.25317e-06
-7.90632e-09
-2.6751e-09
3.25323e-06
-7.94482e-09
-5.25765e-09
3.25317e-06
-7.90631e-09
3.25318e-06
-7.80694e-09
-7.80702e-09
-2.85412e-09
-2.85418e-09
3.25934e-06
-5.56414e-09
-2.78932e-09
3.25888e-06
-2.74469e-09
3.25853e-06
-8.12041e-09
-2.78931e-09
-5.56424e-09
3.25888e-06
-5.46268e-09
-5.46271e-09
3.25858e-06
-5.36942e-09
3.25837e-06
-8.04125e-09
-2.74473e-09
3.25853e-06
-8.12052e-09
-5.36949e-09
3.25837e-06
-8.04127e-09
3.25829e-06
-7.92431e-09
-7.92441e-09
-2.99852e-09
-2.99861e-09
3.26533e-06
-5.79885e-09
-2.90752e-09
3.26459e-06
-2.84389e-09
3.26395e-06
-8.38031e-09
-2.90748e-09
-5.799e-09
3.26459e-06
-5.65363e-09
-5.65368e-09
3.26407e-06
-5.5326e-09
3.26365e-06
-8.24881e-09
-2.84394e-09
3.26395e-06
-8.38048e-09
-5.53268e-09
3.26365e-06
-8.24886e-09
3.26343e-06
-8.105e-09
-8.10512e-09
-3.18639e-09
-3.18653e-09
3.27171e-06
-6.11004e-09
-3.06395e-09
3.27057e-06
-2.97688e-09
3.26955e-06
-8.7349e-09
-3.06389e-09
-6.11027e-09
3.27058e-06
-5.91148e-09
-5.91157e-09
3.26977e-06
-5.7549e-09
3.26906e-06
-8.53887e-09
-2.97692e-09
3.26955e-06
-8.73515e-09
-5.75499e-09
3.26906e-06
-8.53896e-09
3.26864e-06
-8.35898e-09
-8.35911e-09
-3.42118e-09
-3.42139e-09
3.27855e-06
-6.50501e-09
-3.26241e-09
3.27692e-06
-3.14762e-09
3.27539e-06
-9.19484e-09
-3.26231e-09
-6.50535e-09
3.27692e-06
-6.24378e-09
-6.24393e-09
3.27573e-06
-6.04403e-09
3.27463e-06
-8.92193e-09
-3.14767e-09
3.27539e-06
-9.1952e-09
-6.04412e-09
3.27464e-06
-8.92208e-09
3.27395e-06
-8.69694e-09
-8.69709e-09
-3.70525e-09
-3.70554e-09
3.28596e-06
-6.98963e-09
-3.50603e-09
3.28371e-06
-3.35949e-09
3.28153e-06
-9.77008e-09
-3.50588e-09
-6.9901e-09
3.28371e-06
-6.65736e-09
-6.65759e-09
3.28203e-06
-6.40673e-09
3.28043e-06
-9.40864e-09
-3.35953e-09
3.28153e-06
-9.7706e-09
-6.40681e-09
3.28043e-06
-9.40887e-09
3.27939e-06
-9.12936e-09
-9.12951e-09
-4.03929e-09
-4.03969e-09
3.29404e-06
-7.56727e-09
-3.79697e-09
3.29104e-06
-3.61473e-09
3.28805e-06
-1.04689e-08
-3.79676e-09
-7.56791e-09
3.29104e-06
-7.15772e-09
-7.15806e-09
3.28876e-06
-6.84722e-09
3.28652e-06
-1.001e-08
-3.61475e-09
3.28805e-06
-1.04696e-08
-6.84729e-09
3.28652e-06
-1.00104e-08
3.28503e-06
-9.66457e-09
-9.66471e-09
-4.42182e-09
-4.42235e-09
3.30288e-06
-8.23807e-09
-4.13554e-09
3.29899e-06
-3.91459e-09
3.29502e-06
-1.12961e-08
-4.13525e-09
-8.23893e-09
3.29899e-06
-7.74777e-09
-7.74825e-09
3.29598e-06
-7.3681e-09
3.29296e-06
-1.07353e-08
-3.91458e-09
3.29502e-06
-1.1297e-08
-7.36813e-09
3.29296e-06
-1.07357e-08
3.29091e-06
-1.03089e-08
-1.0309e-08
-4.84853e-09
-4.84922e-09
3.31258e-06
-8.99796e-09
-4.51951e-09
3.30766e-06
-4.25878e-09
3.30253e-06
-1.2252e-08
-4.5191e-09
-8.9991e-09
3.30766e-06
-8.42654e-09
-8.4272e-09
3.3038e-06
-7.97328e-09
3.29983e-06
-1.15857e-08
-4.25873e-09
3.30253e-06
-1.22533e-08
-7.97326e-09
3.29983e-06
-1.15864e-08
3.2971e-06
-1.10704e-08
-1.10705e-08
-5.31189e-09
-5.3128e-09
3.3232e-06
-9.83743e-09
-4.94391e-09
3.31713e-06
-4.64475e-09
3.31067e-06
-1.33309e-08
-4.94336e-09
-9.83891e-09
3.31713e-06
-9.1886e-09
-9.1895e-09
3.31229e-06
-8.66184e-09
3.30722e-06
-1.25591e-08
-4.64464e-09
3.31067e-06
-1.33325e-08
-8.66173e-09
3.30722e-06
-1.256e-08
3.30368e-06
-1.19518e-08
-1.19518e-08
-5.80084e-09
-5.80199e-09
3.33481e-06
-1.07406e-08
-5.40058e-09
3.32747e-06
-5.06685e-09
3.31952e-06
-1.45192e-08
-5.39985e-09
-1.07425e-08
3.32747e-06
-1.0023e-08
-1.00242e-08
3.32153e-06
-9.42743e-09
3.3152e-06
-1.36471e-08
-5.06666e-09
3.31952e-06
-1.45214e-08
-9.4272e-09
3.31521e-06
-1.36484e-08
3.31073e-06
-1.295e-08
-1.29499e-08
-6.30067e-09
-6.30213e-09
3.34741e-06
-1.16846e-08
-5.87789e-09
3.33873e-06
-5.51595e-09
3.32914e-06
-1.57949e-08
-5.87694e-09
-1.1687e-08
3.33873e-06
-1.09126e-08
-1.09141e-08
3.33161e-06
-1.02571e-08
3.32387e-06
-1.48342e-08
-5.51565e-09
3.32914e-06
-1.57977e-08
-1.02567e-08
3.32387e-06
-1.48359e-08
3.31832e-06
-1.4054e-08
-1.40538e-08
-6.79344e-09
-6.79525e-09
3.361e-06
-1.26397e-08
-6.36069e-09
3.35094e-06
-5.97914e-09
3.33961e-06
-1.71262e-08
-6.35949e-09
-1.26427e-08
3.35094e-06
-1.18331e-08
-1.18351e-08
3.34255e-06
-1.11306e-08
3.33328e-06
-1.60961e-08
-5.97871e-09
3.33961e-06
-1.71296e-08
-1.113e-08
3.33328e-06
-1.60983e-08
3.32655e-06
-1.52437e-08
-1.52433e-08
-7.25871e-09
-7.26093e-09
3.37552e-06
-1.35704e-08
-6.83073e-09
3.36408e-06
-6.43999e-09
3.35095e-06
-1.84714e-08
-6.82922e-09
-1.35741e-08
3.36408e-06
-1.27537e-08
-1.27563e-08
3.3544e-06
-1.20206e-08
3.34351e-06
-1.73989e-08
-6.43939e-09
3.35095e-06
-1.84757e-08
-1.20197e-08
3.34351e-06
-1.74017e-08
3.33549e-06
-1.64892e-08
-1.64885e-08
-7.67486e-09
-7.67754e-09
3.39087e-06
-1.44369e-08
-7.26751e-09
3.37811e-06
-6.87916e-09
3.36317e-06
-1.97807e-08
-7.26563e-09
-1.44414e-08
3.37811e-06
-1.36382e-08
-1.36413e-08
3.36715e-06
-1.28932e-08
3.35458e-06
-1.86991e-08
-6.87835e-09
3.36317e-06
-1.97859e-08
-1.28919e-08
3.35458e-06
-1.87027e-08
3.3452e-06
-1.77506e-08
-1.77495e-08
-8.02075e-09
-8.02396e-09
3.40692e-06
-1.51979e-08
-7.64971e-09
3.39293e-06
-7.27552e-09
3.37625e-06
-2.09982e-08
-7.64741e-09
-1.52033e-08
3.39293e-06
-1.44464e-08
-1.44503e-08
3.38075e-06
-1.37097e-08
3.36652e-06
-1.99453e-08
-7.27445e-09
3.37625e-06
-2.10045e-08
-1.37081e-08
3.36652e-06
-1.99497e-08
3.35574e-06
-1.89794e-08
-1.89779e-08
-8.27751e-09
-8.2813e-09
3.42347e-06
-1.58143e-08
-7.95693e-09
3.40843e-06
-7.60786e-09
3.39011e-06
-2.2066e-08
-7.95416e-09
-1.58208e-08
3.40843e-06
-1.51381e-08
-1.51428e-08
3.39512e-06
-1.44294e-08
3.37928e-06
-2.10813e-08
-7.60648e-09
3.39011e-06
-2.20736e-08
-1.44272e-08
3.37928e-06
-2.10867e-08
3.36712e-06
-2.01205e-08
-2.01184e-08
-8.43017e-09
-8.4346e-09
3.44034e-06
-1.62523e-08
-8.17156e-09
3.42442e-06
-7.85695e-09
3.40464e-06
-2.29291e-08
-8.16827e-09
-1.62598e-08
3.42442e-06
-1.56758e-08
-1.56814e-08
3.41014e-06
-1.50127e-08
3.39281e-06
-2.20507e-08
-7.85522e-09
3.40464e-06
-2.29381e-08
-1.50099e-08
3.39281e-06
-2.20572e-08
3.37933e-06
-2.11169e-08
-2.11142e-08
-8.46887e-09
-8.47399e-09
3.45728e-06
-1.64859e-08
-8.28037e-09
3.44072e-06
-8.00739e-09
3.4197e-06
-2.35395e-08
-8.2765e-09
-1.64946e-08
3.44072e-06
-1.60284e-08
-1.60351e-08
3.42564e-06
-1.54251e-08
3.407e-06
-2.28019e-08
-8.00525e-09
3.4197e-06
-2.35499e-08
-1.54216e-08
3.407e-06
-2.28096e-08
3.39231e-06
-2.19139e-08
-2.19104e-08
-8.38944e-09
-8.39527e-09
3.47407e-06
-1.64996e-08
-8.2753e-09
3.4571e-06
-8.04838e-09
3.43511e-06
-2.38614e-08
-8.27081e-09
-1.65097e-08
3.4571e-06
-1.61738e-08
-1.61816e-08
3.44145e-06
-1.564e-08
3.42171e-06
-2.32917e-08
-8.04577e-09
3.43511e-06
-2.38736e-08
-1.56357e-08
3.42171e-06
-2.33008e-08
3.40596e-06
-2.24644e-08
-2.246e-08
-8.19327e-09
-8.19984e-09
3.49046e-06
-1.62883e-08
-8.15429e-09
3.47335e-06
-7.97484e-09
3.45067e-06
-2.38737e-08
-8.14914e-09
-1.62997e-08
3.47335e-06
-1.61002e-08
-1.61092e-08
3.45736e-06
-1.56408e-08
3.43677e-06
-2.34895e-08
-7.97171e-09
3.45067e-06
-2.38876e-08
-1.56356e-08
3.43677e-06
-2.35001e-08
3.42014e-06
-2.27328e-08
-2.27274e-08
-7.88671e-09
-7.89404e-09
3.50624e-06
-1.58566e-08
-7.92089e-09
3.48924e-06
-7.7878e-09
3.46617e-06
-2.35688e-08
-7.91506e-09
-1.58695e-08
3.48924e-06
-1.58068e-08
-1.5817e-08
3.47315e-06
-1.54216e-08
3.45197e-06
-2.33801e-08
-7.78412e-09
3.46617e-06
-2.35846e-08
-1.54154e-08
3.45197e-06
-2.33923e-08
3.43469e-06
-2.26974e-08
-2.26908e-08
-7.48015e-09
-7.48823e-09
3.52121e-06
-1.52186e-08
-7.58281e-09
3.50457e-06
-7.49284e-09
3.4814e-06
-2.29543e-08
-7.57627e-09
-1.52329e-08
3.50456e-06
-1.5302e-08
-1.53135e-08
3.4886e-06
-1.49864e-08
3.46713e-06
-2.29624e-08
-7.48856e-09
3.4814e-06
-2.2972e-08
-1.49792e-08
3.46713e-06
-2.29763e-08
3.44942e-06
-2.23515e-08
-2.23436e-08
-6.9869e-09
-6.99571e-09
3.53519e-06
-1.43953e-08
-7.15098e-09
3.51913e-06
-7.09892e-09
3.49615e-06
-2.20503e-08
-7.14374e-09
-1.4411e-08
3.51912e-06
-1.46018e-08
-1.46147e-08
3.50353e-06
-1.43478e-08
3.48202e-06
-2.22481e-08
-7.09401e-09
3.49615e-06
-2.20699e-08
-1.43394e-08
3.48202e-06
-2.22638e-08
3.46413e-06
-2.1702e-08
-2.16927e-08
-6.42218e-09
-6.4317e-09
3.54805e-06
-1.34127e-08
-6.63889e-09
3.53275e-06
-6.6179e-09
3.51025e-06
-2.0886e-08
-6.63096e-09
-1.34298e-08
3.53275e-06
-1.37284e-08
-1.37425e-08
3.51773e-06
-1.35248e-08
3.49646e-06
-2.126e-08
-6.61234e-09
3.51024e-06
-2.09076e-08
-1.35153e-08
3.49646e-06
-2.12774e-08
3.47861e-06
-2.07673e-08
-2.07565e-08
-5.80242e-09
-5.81261e-09
3.55966e-06
-1.23002e-08
-6.06139e-09
3.54531e-06
-6.06337e-09
3.52351e-06
-1.94981e-08
-6.05278e-09
-1.23186e-08
3.54531e-06
-1.27076e-08
-1.2723e-08
3.53104e-06
-1.2542e-08
3.51026e-06
-2.00278e-08
-6.05715e-09
3.5235e-06
-1.95215e-08
-1.25313e-08
3.51026e-06
-2.00471e-08
3.49268e-06
-1.95754e-08
-1.9563e-08
-5.14461e-09
-5.15541e-09
3.56996e-06
-1.10889e-08
-5.43462e-09
3.55669e-06
-5.45014e-09
3.5358e-06
-1.79269e-08
-5.42536e-09
-1.11085e-08
3.55669e-06
-1.15686e-08
-1.15853e-08
3.54334e-06
-1.14265e-08
3.52326e-06
-1.85876e-08
-5.44326e-09
3.53579e-06
-1.79522e-08
-1.14145e-08
3.52325e-06
-1.86087e-08
3.50614e-06
-1.81602e-08
-1.81461e-08
-4.46604e-09
-4.47739e-09
3.5789e-06
-9.81082e-09
-4.77544e-09
3.56681e-06
-4.7942e-09
3.54699e-06
-1.62157e-08
-4.76557e-09
-9.83161e-09
3.56681e-06
-1.03422e-08
-1.03602e-08
3.5545e-06
-1.02069e-08
3.53531e-06
-1.6981e-08
-4.78665e-09
3.54699e-06
-1.62427e-08
-1.01937e-08
3.5353e-06
-1.70039e-08
3.51885e-06
-1.65595e-08
-1.65437e-08
-3.78397e-09
-3.7958e-09
3.58648e-06
-8.49872e-09
-4.10075e-09
3.57563e-06
-4.11226e-09
3.55702e-06
-1.44087e-08
-4.09031e-09
-8.52054e-09
3.57562e-06
-9.06034e-09
-9.07946e-09
3.56445e-06
-8.91486e-09
3.5463e-06
-1.52499e-08
-4.10407e-09
3.55701e-06
-1.44374e-08
-8.90033e-09
3.54629e-06
-1.52745e-08
3.53065e-06
-1.48156e-08
-1.47981e-08
-3.11546e-09
-3.12767e-09
3.59273e-06
-7.18534e-09
-3.42787e-09
3.58313e-06
-3.42134e-09
3.5658e-06
-1.25518e-08
-3.41692e-09
-7.20805e-09
3.58312e-06
-7.75562e-09
-7.77581e-09
3.57313e-06
-7.58267e-09
3.55615e-06
-1.34393e-08
-3.41253e-09
3.56579e-06
-1.2582e-08
-7.56692e-09
3.55614e-06
-1.34656e-08
3.54142e-06
-1.2973e-08
-1.29538e-08
-2.47713e-09
-2.48964e-09
3.59769e-06
-5.90337e-09
-2.77407e-09
3.58933e-06
-2.73916e-09
3.57333e-06
-1.06913e-08
-2.76269e-09
-5.92681e-09
3.58932e-06
-6.46141e-09
-6.48256e-09
3.58054e-06
-6.24537e-09
3.56478e-06
-1.15942e-08
-2.72978e-09
3.57332e-06
-1.07227e-08
-6.22843e-09
3.56478e-06
-1.1622e-08
3.55109e-06
-1.10795e-08
-1.10586e-08
-1.88467e-09
-1.89736e-09
3.60148e-06
-4.68492e-09
-2.15581e-09
3.59428e-06
-2.08415e-09
3.5796e-06
-8.87299e-09
-2.14408e-09
-4.70889e-09
3.59428e-06
-5.21063e-09
-5.23258e-09
3.58668e-06
-4.93931e-09
3.57219e-06
-9.76042e-09
-2.07424e-09
3.57959e-06
-8.90543e-09
-4.92125e-09
3.57218e-06
-9.78959e-09
3.55957e-06
-9.1857e-09
-9.16321e-09
-1.35223e-09
-1.36499e-09
3.60419e-06
-3.56031e-09
-1.58863e-09
3.59808e-06
-1.47454e-09
3.58466e-06
-7.14218e-09
-1.57666e-09
-3.58459e-09
3.59807e-06
-4.03534e-09
-4.05792e-09
3.59161e-06
-3.70164e-09
3.57836e-06
-7.98397e-09
-1.46416e-09
3.58464e-06
-7.17539e-09
-3.68256e-09
3.57835e-06
-8.01427e-09
3.56685e-06
-7.34374e-09
-7.3197e-09
-8.91947e-10
-9.04643e-10
3.60599e-06
-2.55689e-09
-1.08698e-09
3.60083e-06
-9.27866e-10
3.58857e-06
-5.54203e-09
-1.07488e-09
-2.58123e-09
3.60083e-06
-2.96645e-09
-2.98945e-09
3.59541e-06
-2.56863e-09
3.58335e-06
-6.31121e-09
-9.17103e-10
3.58856e-06
-5.57566e-09
-2.54867e-09
3.58334e-06
-6.34239e-09
3.57292e-06
-5.60627e-09
-5.58085e-09
-5.12846e-10
-5.25341e-10
3.60703e-06
-1.69767e-09
-6.62181e-10
3.60268e-06
-4.58785e-10
3.59145e-06
-4.11232e-09
-6.50068e-10
-1.72181e-09
3.60267e-06
-2.03043e-09
-2.05362e-09
3.59818e-06
-1.57247e-09
3.58722e-06
-4.78477e-09
-4.47738e-10
3.59143e-06
-4.14601e-09
-1.55182e-09
3.58721e-06
-4.81652e-09
3.57782e-06
-4.02274e-09
-3.9962e-09
-2.20208e-10
-2.32354e-10
3.60748e-06
-9.99405e-10
-3.22343e-10
3.60378e-06
-7.90672e-11
3.59341e-06
-2.88599e-09
-3.10365e-10
-1.02306e-09
3.60377e-06
-1.24876e-09
-1.27185e-09
3.60007e-06
-7.41673e-10
3.59007e-06
-3.44171e-09
-6.78726e-11
3.59339e-06
-2.91931e-09
-7.20565e-10
3.59006e-06
-3.47362e-09
3.58161e-06
-2.64026e-09
-2.61292e-09
-1.46e-11
-2.62468e-11
3.60752e-06
-4.70208e-10
-7.1057e-11
3.60431e-06
2.05326e-10
3.59462e-06
-1.88671e-09
-5.9372e-11
-4.93067e-10
3.6043e-06
-6.35084e-10
-6.57783e-10
3.60123e-06
-9.25062e-11
3.59205e-06
-2.3136e-09
2.16522e-10
3.5946e-06
-1.9192e-09
-7.12235e-11
3.59204e-06
-2.34522e-09
3.5844e-06
-1.49214e-09
-1.46437e-09
1.08915e-10
9.78934e-11
3.60731e-06
-1.07778e-10
9.42594e-11
3.60443e-06
3.96766e-10
3.59524e-06
-1.12544e-09
1.05509e-10
-1.29569e-10
3.60442e-06
-1.91679e-10
-2.13697e-10
3.60183e-06
3.7484e-10
3.5933e-06
-1.42011e-09
4.07817e-10
3.59522e-06
-1.15667e-09
3.96013e-10
3.59329e-06
-1.45105e-09
3.58633e-06
-5.91368e-10
-5.63505e-10
1.60708e-10
1.50384e-10
3.607e-06
1.01496e-10
1.82406e-10
3.60431e-06
5.04775e-10
3.59544e-06
-5.95801e-10
1.93126e-10
8.09714e-11
3.6043e-06
9.16454e-11
7.05167e-11
3.60205e-06
6.72887e-10
3.59399e-06
-7.61134e-10
5.15563e-10
3.59541e-06
-6.2544e-10
6.93711e-10
3.59397e-06
-7.91061e-10
3.58753e-06
6.62107e-11
9.38693e-11
1.55022e-10
1.45429e-10
3.6067e-06
1.81268e-10
2.06461e-10
3.60407e-06
5.42078e-10
3.59535e-06
-2.72737e-10
2.16598e-10
1.62111e-10
3.60406e-06
2.35369e-10
2.15264e-10
3.60202e-06
8.22034e-10
3.59426e-06
-3.17709e-10
5.52527e-10
3.59532e-06
-3.00591e-10
8.42339e-10
3.59424e-06
-3.46411e-10
3.58818e-06
4.98312e-10
5.25504e-10
1.0759e-10
9.87362e-11
3.6065e-06
1.60871e-10
1.81386e-10
3.60384e-06
5.22856e-10
3.59511e-06
-1.19107e-10
1.90917e-10
1.43108e-10
3.60383e-06
2.66285e-10
2.47276e-10
3.60188e-06
8.4673e-10
3.59426e-06
-5.77223e-11
5.32909e-10
3.59508e-06
-1.45067e-10
8.66408e-10
3.59424e-06
-8.50421e-11
3.58839e-06
7.33695e-10
7.60198e-10
3.37462e-11
2.5623e-11
3.60644e-06
7.07523e-11
1.22319e-10
3.60368e-06
4.62262e-10
3.59481e-06
-9.33818e-11
1.31234e-10
5.43769e-11
3.60367e-06
2.13472e-10
1.95612e-10
3.60172e-06
7.76972e-10
3.5941e-06
5.4856e-11
4.71881e-10
3.59478e-06
-1.17403e-10
7.95939e-10
3.59408e-06
2.9083e-11
3.58832e-06
8.11673e-10
8.373e-10
-5.28508e-11
-6.02451e-11
3.60655e-06
-6.05914e-11
4.32815e-11
3.60364e-06
3.75675e-10
3.59453e-06
-1.54763e-10
5.15602e-11
-7.55863e-11
3.60363e-06
1.05399e-10
8.87462e-11
3.60162e-06
6.44645e-10
3.59388e-06
5.79787e-11
3.84824e-10
3.59449e-06
-1.76812e-10
6.62809e-10
3.59386e-06
3.39049e-11
3.58805e-06
7.75978e-10
8.00537e-10
-1.4089e-10
-1.47557e-10
3.60684e-06
-2.08603e-10
-4.35525e-11
3.60376e-06
2.77318e-10
3.59431e-06
-2.66516e-10
-3.59339e-11
-2.22212e-10
3.60374e-06
-3.22012e-11
-4.75887e-11
3.60162e-06
4.79458e-10
3.59366e-06
-1.10635e-11
2.85965e-10
3.59427e-06
-2.86574e-10
4.96707e-10
3.59363e-06
-3.33655e-11
3.58766e-06
6.69001e-10
6.92332e-10
-2.21795e-10
-2.27743e-10
3.60729e-06
-3.53723e-10
-1.2834e-10
3.60402e-06
1.79068e-10
3.59417e-06
-3.97909e-10
-1.21397e-10
-3.65941e-10
3.604e-06
-1.77773e-10
-1.91862e-10
3.60174e-06
3.06745e-10
3.59347e-06
-1.19325e-10
1.8717e-10
3.59413e-06
-4.15966e-10
3.22957e-10
3.59345e-06
-1.39816e-10
3.58721e-06
5.28498e-10
5.5046e-10
-2.89696e-10
-2.94949e-10
3.60787e-06
-4.81352e-10
-2.03986e-10
3.60441e-06
8.94666e-11
3.59413e-06
-5.23979e-10
-1.97715e-10
-4.92216e-10
3.6044e-06
-3.14573e-10
-3.2737e-10
3.60198e-06
1.44477e-10
3.59334e-06
-2.37985e-10
9.69848e-11
3.59409e-06
-5.40069e-10
1.5958e-10
3.59331e-06
-2.56665e-10
3.58673e-06
3.8358e-10
4.04017e-10
-3.41317e-10
-3.45917e-10
3.60856e-06
-5.82087e-10
-2.66121e-10
3.60492e-06
1.42525e-11
3.59416e-06
-6.26988e-10
-2.60503e-10
-5.91662e-10
3.6049e-06
-4.3112e-10
-4.42656e-10
3.60233e-06
6.02757e-12
3.59326e-06
-3.461e-10
2.11659e-11
3.59411e-06
-6.41183e-10
1.99832e-11
3.59323e-06
-3.62982e-10
3.58622e-06
2.56901e-10
2.75717e-10
-3.75512e-10
-3.79509e-10
3.60931e-06
-6.51299e-10
-3.12412e-10
3.60551e-06
-4.32828e-11
3.59424e-06
-6.96196e-10
-3.07416e-10
-6.5967e-10
3.60549e-06
-5.2039e-10
-5.30706e-10
3.60276e-06
-1.0052e-10
3.59323e-06
-4.29037e-10
-3.69766e-11
3.5942e-06
-7.08595e-10
-8.77262e-11
3.5932e-06
-4.44146e-10
3.58569e-06
1.63792e-10
1.80931e-10
-3.9274e-10
-3.96182e-10
3.6101e-06
-6.88141e-10
-3.4216e-10
3.60614e-06
-8.19101e-11
3.59436e-06
-7.26655e-10
-3.37754e-10
-6.95393e-10
3.60613e-06
-5.79102e-10
-5.88241e-10
3.60325e-06
-1.7198e-10
3.59322e-06
-4.77289e-10
-7.62055e-11
3.59432e-06
-7.37357e-10
-1.60361e-10
3.59318e-06
-4.90654e-10
3.58512e-06
1.1248e-10
1.27931e-10
-3.94543e-10
-3.97484e-10
3.6109e-06
-6.9423e-10
-3.56128e-10
3.6068e-06
-1.02431e-10
3.59449e-06
-7.1712e-10
-3.52274e-10
-7.00457e-10
3.60678e-06
-6.07137e-10
-6.15158e-10
3.60376e-06
-2.08863e-10
3.5932e-06
-4.86516e-10
-9.73142e-11
3.59444e-06
-7.2624e-10
-1.98419e-10
3.59317e-06
-4.9819e-10
3.58449e-06
1.05446e-10
1.1921e-10
-3.83112e-10
-3.85605e-10
3.61166e-06
-6.7284e-10
-3.56026e-10
3.60745e-06
-1.0687e-10
3.59459e-06
-6.69274e-10
-3.52676e-10
-6.78141e-10
3.60743e-06
-6.06606e-10
-6.13604e-10
3.60427e-06
-2.14052e-10
3.59316e-06
-4.56512e-10
-1.02325e-10
3.59454e-06
-6.76934e-10
-2.0476e-10
3.59312e-06
-4.66604e-10
3.58377e-06
1.411e-10
1.53183e-10
-3.60933e-10
-3.6304e-10
3.61239e-06
-6.28352e-10
-3.43942e-10
3.60806e-06
-9.7628e-11
3.59465e-06
-5.87314e-10
-3.41038e-10
-6.32845e-10
3.60804e-06
-5.80886e-10
-5.86985e-10
3.60476e-06
-1.91401e-10
3.59306e-06
-3.90033e-10
-9.36228e-11
3.5946e-06
-5.93672e-10
-1.83203e-10
3.59303e-06
-3.98704e-10
3.58296e-06
2.15479e-10
2.25914e-10
-3.30514e-10
-3.32294e-10
3.61305e-06
-5.65652e-10
-3.22006e-10
3.60861e-06
-7.70831e-11
3.59464e-06
-4.77093e-10
-3.19493e-10
-5.69453e-10
3.6086e-06
-5.33938e-10
-5.3925e-10
3.60519e-06
-1.45132e-10
3.59289e-06
-2.91546e-10
-7.35712e-11
3.59458e-06
-4.82315e-10
-1.37947e-10
3.59285e-06
-2.98949e-10
3.58202e-06
3.2318e-10
3.32064e-10
-2.94164e-10
-2.95669e-10
3.61364e-06
-4.89398e-10
-2.92354e-10
3.6091e-06
-4.78082e-11
3.59454e-06
-3.44477e-10
-2.90184e-10
-4.92602e-10
3.60908e-06
-4.69956e-10
-4.74558e-10
3.60555e-06
-7.99404e-11
3.59262e-06
-1.66235e-10
-4.47377e-11
3.59448e-06
-3.48708e-10
-7.36931e-11
3.59258e-06
-1.72476e-10
3.58094e-06
4.57536e-10
4.65011e-10
-2.53881e-10
-2.55153e-10
3.61415e-06
-4.03684e-10
-2.57035e-10
3.60951e-06
-1.24603e-11
3.59434e-06
-1.94665e-10
-2.55166e-10
-4.06372e-10
3.60949e-06
-3.93072e-10
-3.97027e-10
3.60583e-06
-7.27377e-13
3.59223e-06
-1.98208e-11
-9.78272e-12
3.59429e-06
-1.98033e-10
4.66675e-12
3.59219e-06
-2.49862e-11
3.57972e-06
6.11267e-10
6.17494e-10
-2.11311e-10
-2.12391e-10
3.61457e-06
-3.12046e-10
-2.17798e-10
3.60983e-06
2.66192e-11
3.59404e-06
-3.26698e-11
-2.16191e-10
-3.14294e-10
3.60981e-06
-3.06979e-10
-3.1035e-10
3.60601e-06
8.78491e-11
3.59172e-06
1.41473e-10
2.89549e-11
3.59398e-06
-3.52876e-11
9.24841e-11
3.59168e-06
1.37291e-10
3.57834e-06
7.77275e-10
7.82416e-10
-1.67769e-10
-1.68691e-10
3.61491e-06
-2.17443e-10
-1.76048e-10
3.61005e-06
6.74287e-11
3.59362e-06
1.36313e-10
-1.74667e-10
-2.19322e-10
3.61003e-06
-2.14771e-10
-2.17613e-10
3.60609e-06
1.81938e-10
3.59108e-06
3.11827e-10
6.94735e-11
3.59355e-06
1.34333e-10
1.85911e-10
3.59104e-06
3.08519e-10
3.5768e-06
9.49275e-10
9.53489e-10
-1.24264e-10
-1.25062e-10
3.61516e-06
-1.22149e-10
-1.3296e-10
3.61018e-06
1.08613e-10
3.59308e-06
3.07852e-10
-1.31763e-10
-1.2373e-10
3.61016e-06
-1.19007e-10
-1.21405e-10
3.60607e-06
2.78441e-10
3.59031e-06
4.86923e-10
1.10412e-10
3.59301e-06
3.06388e-10
2.81833e-10
3.59026e-06
4.84361e-10
3.57512e-06
1.12183e-09
1.12525e-09
-8.15469e-11
-8.22458e-11
3.61532e-06
-2.78927e-11
-8.94962e-11
3.61022e-06
1.4929e-10
3.59242e-06
4.78696e-10
-8.84445e-11
-2.92366e-11
3.6102e-06
-2.18575e-11
-2.39009e-11
3.60594e-06
3.75667e-10
3.5894e-06
6.62124e-10
1.50877e-10
3.59236e-06
4.77643e-10
3.7856e-10
3.58935e-06
6.6016e-10
3.57329e-06
1.29122e-09
1.29395e-09
-4.01128e-11
-4.07342e-11
3.6154e-06
6.40043e-11
-4.63987e-11
3.61016e-06
1.8897e-10
3.59165e-06
6.4614e-10
-4.54579e-11
6.28452e-11
3.61014e-06
7.48045e-11
7.30268e-11
3.6057e-06
4.71999e-10
3.58835e-06
8.34059e-10
1.90375e-10
3.59158e-06
6.45408e-10
4.74482e-10
3.5883e-06
8.32537e-10
3.57132e-06
1.45413e-09
1.45624e-09
-2.80167e-13
-8.41143e-13
3.61541e-06
1.52705e-10
-4.24481e-12
3.61001e-06
2.27297e-10
3.59077e-06
8.0813e-10
-3.38956e-12
1.51688e-10
3.60999e-06
1.69525e-10
1.67942e-10
3.60535e-06
5.66304e-10
3.58718e-06
9.99784e-10
2.28547e-10
3.5907e-06
8.07646e-10
5.68461e-10
3.58713e-06
9.98568e-10
3.56924e-06
1.60809e-09
1.60971e-09
3.77609e-11
3.72488e-11
3.61533e-06
2.37801e-10
3.6561e-11
3.60978e-06
2.64014e-10
3.58978e-06
9.63123e-10
3.73459e-11
2.36898e-10
3.60976e-06
2.61384e-10
2.59956e-10
3.60491e-06
6.57625e-10
3.58589e-06
1.1571e-09
2.65137e-10
3.58971e-06
9.62827e-10
6.59523e-10
3.58584e-06
1.15611e-09
3.56705e-06
1.75121e-09
1.75244e-09
7.39499e-11
7.34797e-11
3.61518e-06
3.1908e-10
7.57893e-11
3.60946e-06
2.99009e-10
3.58869e-06
1.10995e-09
7.65117e-11
3.18277e-10
3.60943e-06
3.49767e-10
3.48482e-10
3.60436e-06
7.45119e-10
3.58449e-06
1.3046e-09
3.00028e-10
3.58862e-06
1.1098e-09
7.46803e-10
3.58444e-06
1.30381e-09
3.56478e-06
1.88208e-09
1.88301e-09
1.08303e-10
1.0787e-10
3.61497e-06
3.9646e-10
1.13317e-10
3.60905e-06
3.32266e-10
3.58751e-06
1.24774e-09
1.13982e-10
3.95748e-10
3.60903e-06
4.34266e-10
4.33118e-10
3.60372e-06
8.28205e-10
3.58299e-06
1.4413e-09
3.33201e-10
3.58743e-06
1.24771e-09
8.29708e-10
3.58294e-06
1.44068e-09
3.56244e-06
1.99989e-09
2.00062e-09
1.40871e-10
1.40471e-10
3.61469e-06
4.69941e-10
1.49086e-10
3.60858e-06
3.63811e-10
3.58624e-06
1.37591e-09
1.49698e-10
4.69312e-10
3.60855e-06
5.14622e-10
5.13604e-10
3.60299e-06
9.06435e-10
3.5814e-06
1.56664e-09
3.64678e-10
3.58616e-06
1.37596e-09
9.07785e-10
3.58134e-06
1.56617e-09
3.56004e-06
2.1043e-09
2.10487e-09
1.71729e-10
1.71357e-10
3.61434e-06
5.39574e-10
1.83087e-10
3.60802e-06
3.93684e-10
3.58489e-06
1.49408e-09
1.83652e-10
5.39017e-10
3.608e-06
5.90691e-10
5.89787e-10
3.60218e-06
9.79474e-10
3.57972e-06
1.68037e-09
3.94493e-10
3.58481e-06
1.49419e-09
9.80696e-10
3.57966e-06
1.68002e-09
3.55761e-06
2.19528e-09
2.19575e-09
2.00957e-10
2.00611e-10
3.61394e-06
6.05465e-10
2.15309e-10
3.6074e-06
4.21872e-10
3.58347e-06
1.60215e-09
2.15832e-10
6.0497e-10
3.60738e-06
6.62371e-10
6.61565e-10
3.60128e-06
1.04706e-09
3.57798e-06
1.78245e-09
4.22629e-10
3.58339e-06
1.60229e-09
1.04817e-09
3.57792e-06
1.78218e-09
3.55516e-06
2.27309e-09
2.27347e-09
2.28637e-10
2.28315e-10
3.61348e-06
6.67657e-10
2.45828e-10
3.60672e-06
4.48416e-10
3.58199e-06
1.70004e-09
2.46313e-10
6.67221e-10
3.6067e-06
7.2968e-10
7.2896e-10
3.60032e-06
1.10901e-09
3.57617e-06
1.87315e-09
4.49126e-10
3.58191e-06
1.70021e-09
1.11003e-09
3.57611e-06
1.87294e-09
3.5527e-06
2.33817e-09
2.33849e-09
2.54847e-10
2.54548e-10
3.61297e-06
7.26228e-10
2.74692e-10
3.60597e-06
4.73344e-10
3.58045e-06
1.78783e-09
2.75143e-10
7.25844e-10
3.60595e-06
7.92633e-10
7.91989e-10
3.59928e-06
1.16525e-09
3.57432e-06
1.95282e-09
4.74011e-10
3.58037e-06
1.788e-09
1.16618e-09
3.57426e-06
1.95267e-09
3.55025e-06
2.39119e-09
2.39145e-09
2.79667e-10
2.79388e-10
3.61242e-06
7.81246e-10
3.01992e-10
3.60517e-06
4.96707e-10
3.57887e-06
1.86568e-09
3.02412e-10
7.80908e-10
3.60515e-06
8.51324e-10
8.50745e-10
3.59818e-06
1.21607e-09
3.57243e-06
2.02176e-09
4.9733e-10
3.57879e-06
1.86585e-09
1.21692e-09
3.57237e-06
2.02164e-09
3.54782e-06
2.43329e-09
2.4335e-09
3.03136e-10
3.02878e-10
3.61181e-06
8.32734e-10
3.27754e-10
3.60431e-06
5.17992e-10
3.57725e-06
1.93427e-09
3.28145e-10
8.32439e-10
3.60429e-06
9.05764e-10
9.05243e-10
3.59703e-06
1.26063e-09
3.57051e-06
2.08075e-09
5.18574e-10
3.57717e-06
1.93444e-09
1.2614e-09
3.57045e-06
2.08064e-09
3.54541e-06
2.46409e-09
2.46429e-09
3.25337e-10
3.25099e-10
3.61116e-06
8.80789e-10
3.52069e-10
3.60341e-06
5.37547e-10
3.5756e-06
1.99371e-09
3.52433e-10
8.80534e-10
3.60338e-06
9.56093e-10
9.55623e-10
3.59582e-06
1.29982e-09
3.56858e-06
2.1301e-09
5.38086e-10
3.57552e-06
1.99386e-09
1.30052e-09
3.56852e-06
2.13e-09
3.54304e-06
2.48551e-09
2.48567e-09
3.46312e-10
3.46094e-10
3.61047e-06
9.25454e-10
3.74984e-10
3.60245e-06
5.55387e-10
3.57393e-06
2.04437e-09
3.75321e-10
9.25237e-10
3.60243e-06
1.00239e-09
1.00197e-09
3.59457e-06
1.33341e-09
3.56663e-06
2.17084e-09
5.55886e-10
3.57384e-06
2.04451e-09
1.33404e-09
3.56657e-06
2.17075e-09
3.54071e-06
2.49797e-09
2.49809e-09
3.66089e-10
3.65891e-10
3.60973e-06
9.66812e-10
3.96459e-10
3.60145e-06
5.712e-10
3.57224e-06
2.087e-09
3.96771e-10
9.66629e-10
3.60143e-06
1.04464e-09
1.04426e-09
3.59327e-06
1.36191e-09
3.56468e-06
2.20276e-09
5.71656e-10
3.57215e-06
2.08712e-09
1.36248e-09
3.56462e-06
2.20265e-09
3.53843e-06
2.50258e-09
2.50267e-09
3.8472e-10
3.84541e-10
3.60897e-06
1.00491e-09
4.16596e-10
3.60042e-06
5.85202e-10
3.57054e-06
2.12192e-09
4.16883e-10
1.00476e-09
3.60039e-06
1.08303e-09
1.08269e-09
3.59194e-06
1.38521e-09
3.56274e-06
2.22726e-09
5.85616e-10
3.57045e-06
2.12201e-09
1.38571e-09
3.56267e-06
2.22715e-09
3.5362e-06
2.49985e-09
2.49991e-09
4.02226e-10
4.02067e-10
3.60816e-06
1.03981e-09
4.35389e-10
3.59934e-06
5.97317e-10
3.56883e-06
2.14969e-09
4.35651e-10
1.03969e-09
3.59932e-06
1.11762e-09
1.11732e-09
3.59058e-06
1.40363e-09
3.5608e-06
2.24468e-09
5.9769e-10
3.56874e-06
2.14977e-09
1.40406e-09
3.56074e-06
2.24457e-09
3.53403e-06
2.49062e-09
2.49066e-09
4.18636e-10
4.18495e-10
3.60732e-06
1.07157e-09
4.52866e-10
3.59824e-06
6.07578e-10
3.56712e-06
2.17084e-09
4.53105e-10
1.07148e-09
3.59821e-06
1.14852e-09
1.14826e-09
3.58919e-06
1.41747e-09
3.55889e-06
2.25564e-09
6.07912e-10
3.56703e-06
2.17089e-09
1.41784e-09
3.55882e-06
2.25553e-09
3.53191e-06
2.47565e-09
2.47566e-09
4.33972e-10
4.33848e-10
3.60646e-06
1.10026e-09
4.69049e-10
3.5971e-06
6.1604e-10
3.56542e-06
2.18585e-09
4.69266e-10
1.10019e-09
3.59708e-06
1.17584e-09
1.17561e-09
3.58777e-06
1.42702e-09
3.55699e-06
2.26073e-09
6.16336e-10
3.56533e-06
2.18587e-09
1.42732e-09
3.55693e-06
2.26062e-09
3.52986e-06
2.45562e-09
2.45561e-09
4.48254e-10
4.48147e-10
3.60556e-06
1.12594e-09
4.83957e-10
3.59594e-06
6.2277e-10
3.56373e-06
2.19522e-09
4.84152e-10
1.1259e-09
3.59591e-06
1.19971e-09
1.19951e-09
3.58634e-06
1.43259e-09
3.55512e-06
2.26051e-09
6.23028e-10
3.56364e-06
2.19522e-09
1.43284e-09
3.55506e-06
2.26039e-09
3.52786e-06
2.4312e-09
2.43117e-09
4.61502e-10
4.61411e-10
3.60464e-06
1.14871e-09
4.97608e-10
3.59476e-06
6.27844e-10
3.56205e-06
2.19943e-09
4.97782e-10
1.14869e-09
3.59473e-06
1.22024e-09
1.22007e-09
3.5849e-06
1.43449e-09
3.55328e-06
2.25548e-09
6.28065e-10
3.56196e-06
2.19941e-09
1.43469e-09
3.55322e-06
2.25536e-09
3.52592e-06
2.40297e-09
2.40292e-09
4.73735e-10
4.7366e-10
3.60369e-06
1.16865e-09
5.10017e-10
3.59355e-06
6.31351e-10
3.56039e-06
2.19895e-09
5.10171e-10
1.16865e-09
3.59352e-06
1.23757e-09
1.23742e-09
3.58344e-06
1.43306e-09
3.55147e-06
2.24615e-09
6.31537e-10
3.5603e-06
2.19891e-09
1.43321e-09
3.5514e-06
2.24602e-09
3.52405e-06
2.3715e-09
2.37143e-09
4.84971e-10
4.84911e-10
3.60272e-06
1.18586e-09
5.21202e-10
3.59233e-06
6.3339e-10
3.55875e-06
2.19422e-09
5.21336e-10
1.18587e-09
3.5923e-06
1.25183e-09
1.25171e-09
3.58198e-06
1.42859e-09
3.54969e-06
2.23297e-09
6.3354e-10
3.55865e-06
2.19416e-09
1.42869e-09
3.54963e-06
2.23283e-09
3.52223e-06
2.33729e-09
2.3372e-09
4.95229e-10
4.95184e-10
3.60173e-06
1.20044e-09
5.31182e-10
3.59109e-06
6.34061e-10
3.55713e-06
2.18565e-09
5.31298e-10
1.20047e-09
3.59107e-06
1.26317e-09
1.26307e-09
3.58052e-06
1.42139e-09
3.54795e-06
2.21637e-09
6.3418e-10
3.55704e-06
2.18557e-09
1.42145e-09
3.54789e-06
2.21622e-09
3.52047e-06
2.3008e-09
2.30069e-09
5.04528e-10
5.04497e-10
3.60072e-06
1.2125e-09
5.39985e-10
3.58985e-06
6.33474e-10
3.55553e-06
2.17364e-09
5.40081e-10
1.21254e-09
3.58982e-06
1.27173e-09
1.27165e-09
3.57905e-06
1.41175e-09
3.54625e-06
2.19674e-09
6.33561e-10
3.55544e-06
2.17355e-09
1.41177e-09
3.54618e-06
2.19659e-09
3.51877e-06
2.26244e-09
2.26232e-09
5.12888e-10
5.12871e-10
3.59969e-06
1.22214e-09
5.47641e-10
3.58859e-06
6.31738e-10
3.55396e-06
2.15856e-09
5.4772e-10
1.22219e-09
3.58856e-06
1.27768e-09
1.27761e-09
3.57759e-06
1.39995e-09
3.54458e-06
2.17447e-09
6.31795e-10
3.55387e-06
2.15845e-09
1.39994e-09
3.54452e-06
2.17432e-09
3.51712e-06
2.2226e-09
2.22245e-09
5.2033e-10
5.20325e-10
3.59865e-06
1.22947e-09
5.54189e-10
3.58733e-06
6.28968e-10
3.55242e-06
2.14072e-09
5.54251e-10
1.22954e-09
3.5873e-06
1.28117e-09
1.28112e-09
3.57614e-06
1.38626e-09
3.54296e-06
2.14991e-09
6.28997e-10
3.55233e-06
2.1406e-09
1.38621e-09
3.54289e-06
2.14975e-09
3.51553e-06
2.1816e-09
2.18144e-09
5.26875e-10
5.26883e-10
3.5976e-06
1.23462e-09
5.59665e-10
3.58606e-06
6.25273e-10
3.55091e-06
2.12044e-09
5.59711e-10
1.23469e-09
3.58603e-06
1.28236e-09
1.28234e-09
3.57469e-06
1.37093e-09
3.54137e-06
2.12337e-09
6.25275e-10
3.55082e-06
2.12031e-09
1.37084e-09
3.54131e-06
2.12321e-09
3.51399e-06
2.13975e-09
2.13957e-09
5.32547e-10
5.32567e-10
3.59653e-06
1.23769e-09
5.64107e-10
3.58479e-06
6.20748e-10
3.54943e-06
2.09803e-09
5.64136e-10
1.23777e-09
3.58476e-06
1.28142e-09
1.28141e-09
3.57326e-06
1.35417e-09
3.53982e-06
2.09514e-09
6.20727e-10
3.54934e-06
2.09789e-09
1.35406e-09
3.53976e-06
2.09498e-09
3.51251e-06
2.09731e-09
2.09711e-09
5.3737e-10
5.37402e-10
3.59546e-06
1.23881e-09
5.67551e-10
3.58352e-06
6.15486e-10
3.54798e-06
2.07375e-09
5.67565e-10
1.2389e-09
3.58349e-06
1.27849e-09
1.27849e-09
3.57184e-06
1.3362e-09
3.53831e-06
2.06547e-09
6.15443e-10
3.54789e-06
2.0736e-09
1.33606e-09
3.53825e-06
2.06531e-09
3.51107e-06
2.0545e-09
2.05429e-09
5.41371e-10
5.41413e-10
3.59438e-06
1.23811e-09
5.70039e-10
3.58225e-06
6.09572e-10
3.54656e-06
2.04788e-09
5.70038e-10
1.23821e-09
3.58222e-06
1.27372e-09
1.27374e-09
3.57043e-06
1.31721e-09
3.53685e-06
2.03459e-09
6.09508e-10
3.54647e-06
2.04772e-09
1.31704e-09
3.53679e-06
2.03443e-09
3.50968e-06
2.01154e-09
2.01132e-09
5.44576e-10
5.44628e-10
3.59329e-06
1.2357e-09
5.71615e-10
3.58099e-06
6.03086e-10
3.54517e-06
2.02063e-09
5.716e-10
1.23581e-09
3.58096e-06
1.26727e-09
1.2673e-09
3.56904e-06
1.29736e-09
3.53542e-06
2.00272e-09
6.03003e-10
3.54508e-06
2.02047e-09
1.29717e-09
3.53536e-06
2.00257e-09
3.50834e-06
1.96859e-09
1.96836e-09
5.47013e-10
5.47074e-10
3.59219e-06
1.23172e-09
5.72323e-10
3.57973e-06
5.96102e-10
3.54382e-06
1.99223e-09
5.72295e-10
1.23183e-09
3.5797e-06
1.25928e-09
1.25932e-09
3.56767e-06
1.27682e-09
3.53402e-06
1.97006e-09
5.96003e-10
3.54373e-06
1.99206e-09
1.27661e-09
3.53396e-06
1.96991e-09
3.50704e-06
1.9258e-09
1.92556e-09
5.48711e-10
5.48781e-10
3.5911e-06
1.22627e-09
5.7221e-10
3.57848e-06
5.88689e-10
3.54249e-06
1.96286e-09
5.7217e-10
1.22638e-09
3.57845e-06
1.24988e-09
1.24994e-09
3.56631e-06
1.25573e-09
3.53267e-06
1.93678e-09
5.88575e-10
3.5424e-06
1.96269e-09
1.2555e-09
3.53261e-06
1.93663e-09
3.50579e-06
1.8833e-09
1.88305e-09
5.49701e-10
5.49779e-10
3.59e-06
1.21947e-09
5.71326e-10
3.57724e-06
5.80912e-10
3.5412e-06
1.93271e-09
5.71274e-10
1.21959e-09
3.57721e-06
1.23922e-09
1.23929e-09
3.56497e-06
1.23421e-09
3.53135e-06
1.90303e-09
5.80784e-10
3.54111e-06
1.93254e-09
1.23397e-09
3.53129e-06
1.90288e-09
3.50457e-06
1.84121e-09
1.84096e-09
5.50013e-10
5.50098e-10
3.5889e-06
1.21143e-09
5.69718e-10
3.57601e-06
5.72827e-10
3.53993e-06
1.90193e-09
5.69655e-10
1.21155e-09
3.57598e-06
1.22743e-09
1.2275e-09
3.56366e-06
1.21237e-09
3.53007e-06
1.86896e-09
5.72686e-10
3.53985e-06
1.90176e-09
1.21211e-09
3.53001e-06
1.86882e-09
3.5034e-06
1.79961e-09
1.79935e-09
5.49679e-10
5.49771e-10
3.5878e-06
1.20226e-09
5.67436e-10
3.57479e-06
5.64485e-10
3.5387e-06
1.87066e-09
5.67363e-10
1.20238e-09
3.57476e-06
1.21461e-09
1.2147e-09
3.56236e-06
1.19032e-09
3.52883e-06
1.83469e-09
5.64333e-10
3.53861e-06
1.87049e-09
1.19005e-09
3.52877e-06
1.83456e-09
3.50226e-06
1.75858e-09
1.75832e-09
5.48731e-10
5.48829e-10
3.5867e-06
1.19205e-09
5.6453e-10
3.57358e-06
5.55935e-10
3.5375e-06
1.83903e-09
5.64447e-10
1.19218e-09
3.57355e-06
1.20091e-09
1.201e-09
3.56109e-06
1.16814e-09
3.52761e-06
1.80034e-09
5.55772e-10
3.53741e-06
1.83886e-09
1.16787e-09
3.52756e-06
1.80021e-09
3.50116e-06
1.71819e-09
1.71793e-09
5.47201e-10
5.47305e-10
3.58561e-06
1.18092e-09
5.61048e-10
3.57239e-06
5.47217e-10
3.53632e-06
1.80716e-09
5.60956e-10
1.18105e-09
3.57236e-06
1.18641e-09
1.18652e-09
3.55984e-06
1.14592e-09
3.52644e-06
1.766e-09
5.47046e-10
3.53624e-06
1.80699e-09
1.14563e-09
3.52638e-06
1.76588e-09
3.5001e-06
1.6785e-09
1.67823e-09
5.45123e-10
5.45231e-10
3.58451e-06
1.16894e-09
5.57039e-10
3.57121e-06
5.38372e-10
3.53518e-06
1.77515e-09
5.56939e-10
1.16907e-09
3.57118e-06
1.17123e-09
1.17135e-09
3.55861e-06
1.12372e-09
3.52529e-06
1.73178e-09
5.38193e-10
3.53509e-06
1.77498e-09
1.12343e-09
3.52523e-06
1.73166e-09
3.49907e-06
1.63953e-09
1.63926e-09
5.42528e-10
5.42641e-10
3.58343e-06
1.15621e-09
5.5255e-10
3.57004e-06
5.29439e-10
3.53406e-06
1.74308e-09
5.52443e-10
1.15634e-09
3.57001e-06
1.15547e-09
1.1556e-09
3.55741e-06
1.1016e-09
3.52418e-06
1.69774e-09
5.29254e-10
3.53398e-06
1.74291e-09
1.1013e-09
3.52412e-06
1.69762e-09
3.49807e-06
1.60133e-09
1.60106e-09
5.3945e-10
5.39567e-10
3.58235e-06
1.1428e-09
5.47626e-10
3.56889e-06
5.20453e-10
3.53298e-06
1.71104e-09
5.47512e-10
1.14294e-09
3.56886e-06
1.13922e-09
1.13935e-09
3.55622e-06
1.07962e-09
3.52309e-06
1.66396e-09
5.20262e-10
3.53289e-06
1.71087e-09
1.07931e-09
3.52304e-06
1.66385e-09
3.4971e-06
1.56392e-09
1.56364e-09
5.35921e-10
5.36041e-10
3.58128e-06
1.12881e-09
5.4231e-10
3.56775e-06
5.11443e-10
3.53191e-06
1.67909e-09
5.42189e-10
1.12894e-09
3.56773e-06
1.12255e-09
1.12269e-09
3.55506e-06
1.05782e-09
3.52204e-06
1.6305e-09
5.11247e-10
3.53183e-06
1.67892e-09
1.0575e-09
3.52198e-06
1.6304e-09
3.49616e-06
1.52732e-09
1.52704e-09
5.31973e-10
5.32096e-10
3.58021e-06
1.1143e-09
5.3664e-10
3.56664e-06
5.02432e-10
3.53088e-06
1.6473e-09
5.36513e-10
1.11444e-09
3.56661e-06
1.10554e-09
1.10568e-09
3.55392e-06
1.03623e-09
3.52101e-06
1.5974e-09
5.02232e-10
3.53079e-06
1.64714e-09
1.03591e-09
3.52096e-06
1.59732e-09
3.49525e-06
1.49154e-09
1.49125e-09
5.27637e-10
5.27764e-10
3.57916e-06
1.09935e-09
5.30654e-10
3.56553e-06
4.93439e-10
3.52987e-06
1.61573e-09
5.30521e-10
1.09949e-09
3.56551e-06
1.08826e-09
1.08841e-09
3.55281e-06
1.0149e-09
3.52001e-06
1.56472e-09
4.93236e-10
3.52979e-06
1.61557e-09
1.01458e-09
3.51996e-06
1.56464e-09
3.49436e-06
1.45658e-09
1.4563e-09
5.22945e-10
5.23075e-10
3.57811e-06
1.08402e-09
5.24387e-10
3.56445e-06
4.84483e-10
3.52888e-06
1.58443e-09
5.2425e-10
1.08416e-09
3.56442e-06
1.07077e-09
1.07093e-09
3.55171e-06
9.93852e-10
3.51904e-06
1.53249e-09
4.84277e-10
3.5288e-06
1.58427e-09
9.93526e-10
3.51899e-06
1.53242e-09
3.49351e-06
1.42246e-09
1.42217e-09
5.17927e-10
5.18059e-10
3.57708e-06
1.06837e-09
5.17874e-10
3.56338e-06
4.75579e-10
3.52792e-06
1.55344e-09
5.17732e-10
1.06851e-09
3.56335e-06
1.05314e-09
1.0533e-09
3.55064e-06
9.73106e-10
3.5181e-06
1.50073e-09
4.7537e-10
3.52784e-06
1.55329e-09
9.72778e-10
3.51804e-06
1.50066e-09
3.49268e-06
1.38917e-09
1.38888e-09
5.12612e-10
5.12746e-10
3.57605e-06
1.05247e-09
5.11146e-10
3.56233e-06
4.6674e-10
3.52699e-06
1.5228e-09
5.11e-10
1.05261e-09
3.5623e-06
1.0354e-09
1.03557e-09
3.54959e-06
9.52683e-10
3.51718e-06
1.46947e-09
4.66529e-10
3.5269e-06
1.52266e-09
9.52353e-10
3.51712e-06
1.46942e-09
3.49187e-06
1.3567e-09
1.35641e-09
5.07028e-10
5.07164e-10
3.57504e-06
1.03635e-09
5.04234e-10
3.5613e-06
4.57979e-10
3.52607e-06
1.49255e-09
5.04085e-10
1.0365e-09
3.56127e-06
1.01762e-09
1.01779e-09
3.54857e-06
9.326e-10
3.51628e-06
1.43874e-09
4.57766e-10
3.52599e-06
1.49242e-09
9.32268e-10
3.51623e-06
1.43869e-09
3.49108e-06
1.32505e-09
1.32476e-09
5.01204e-10
5.01341e-10
3.57404e-06
1.02009e-09
4.97167e-10
3.56028e-06
4.49306e-10
3.52518e-06
1.46272e-09
4.97014e-10
1.02023e-09
3.56025e-06
9.9983e-10
1.00001e-09
3.54756e-06
9.12869e-10
3.51541e-06
1.40855e-09
4.49092e-10
3.5251e-06
1.46258e-09
9.12537e-10
3.51536e-06
1.40851e-09
3.49032e-06
1.29421e-09
1.29392e-09
4.95164e-10
4.95303e-10
3.57304e-06
1.0037e-09
4.89969e-10
3.55928e-06
4.40731e-10
3.52431e-06
1.43331e-09
4.89815e-10
1.00385e-09
3.55925e-06
9.82072e-10
9.82252e-10
3.54658e-06
8.935e-10
3.51456e-06
1.37892e-09
4.40516e-10
3.52423e-06
1.43319e-09
8.93168e-10
3.51451e-06
1.37888e-09
3.48958e-06
1.26417e-09
1.26388e-09
4.88935e-10
4.89075e-10
3.57207e-06
9.87252e-10
4.82667e-10
3.5583e-06
4.32262e-10
3.52346e-06
1.40437e-09
4.82511e-10
9.87399e-10
3.55827e-06
9.64382e-10
9.64563e-10
3.54561e-06
8.74501e-10
3.51373e-06
1.34984e-09
4.32047e-10
3.52338e-06
1.40425e-09
8.74169e-10
3.51368e-06
1.34981e-09
3.48886e-06
1.23491e-09
1.23462e-09
4.82541e-10
4.82681e-10
3.5711e-06
9.70764e-10
4.75283e-10
3.55734e-06
4.23905e-10
3.52263e-06
1.37589e-09
4.75125e-10
9.70911e-10
3.55731e-06
9.46789e-10
9.46972e-10
3.54467e-06
8.55877e-10
3.51293e-06
1.32135e-09
4.2369e-10
3.52255e-06
1.37577e-09
8.55546e-10
3.51287e-06
1.32132e-09
3.48816e-06
1.20643e-09
1.20614e-09
4.76003e-10
4.76144e-10
3.57015e-06
9.54275e-10
4.67838e-10
3.55639e-06
4.15668e-10
3.52182e-06
1.3479e-09
4.67679e-10
9.54423e-10
3.55636e-06
9.29321e-10
9.29506e-10
3.54375e-06
8.37632e-10
3.51214e-06
1.29342e-09
4.15453e-10
3.52174e-06
1.34779e-09
8.37303e-10
3.51209e-06
1.2934e-09
3.48747e-06
1.1787e-09
1.17841e-09
4.69345e-10
4.69486e-10
3.56921e-06
9.37818e-10
4.60351e-10
3.55546e-06
4.07555e-10
3.52103e-06
1.3204e-09
4.60191e-10
9.37965e-10
3.55544e-06
9.12004e-10
9.12189e-10
3.54284e-06
8.19768e-10
3.51137e-06
1.26608e-09
4.07341e-10
3.52095e-06
1.32029e-09
8.19441e-10
3.51132e-06
1.26606e-09
3.48681e-06
1.15171e-09
1.15143e-09
4.62586e-10
4.62726e-10
3.56829e-06
9.21419e-10
4.5284e-10
3.55455e-06
3.9957e-10
3.52026e-06
1.2934e-09
4.5268e-10
9.21566e-10
3.55452e-06
8.94857e-10
8.95043e-10
3.54196e-06
8.02285e-10
3.51063e-06
1.23932e-09
3.99358e-10
3.52018e-06
1.2933e-09
8.01961e-10
3.51057e-06
1.2393e-09
3.48616e-06
1.12545e-09
1.12517e-09
4.55745e-10
4.55885e-10
3.56737e-06
9.05106e-10
4.4532e-10
3.55365e-06
3.91716e-10
3.51951e-06
1.26692e-09
4.4516e-10
9.05252e-10
3.55363e-06
8.77898e-10
8.78084e-10
3.54109e-06
7.85186e-10
3.5099e-06
1.21313e-09
3.91506e-10
3.51943e-06
1.26682e-09
7.84865e-10
3.50985e-06
1.21312e-09
3.48553e-06
1.0999e-09
1.09962e-09
4.4884e-10
4.48979e-10
3.56648e-06
8.88901e-10
4.37806e-10
3.55278e-06
3.83997e-10
3.51877e-06
1.24094e-09
4.37646e-10
8.89046e-10
3.55275e-06
8.61144e-10
8.6133e-10
3.54025e-06
7.68472e-10
3.50919e-06
1.18751e-09
3.83788e-10
3.51869e-06
1.24085e-09
7.68154e-10
3.50914e-06
1.1875e-09
3.48492e-06
1.07505e-09
1.07478e-09
4.41888e-10
4.42027e-10
3.56559e-06
8.72823e-10
4.30312e-10
3.55192e-06
3.76413e-10
3.51805e-06
1.21548e-09
4.30153e-10
8.72966e-10
3.55189e-06
8.4461e-10
8.44795e-10
3.53942e-06
7.52135e-10
3.50849e-06
1.16245e-09
3.76206e-10
3.51797e-06
1.21539e-09
7.51821e-10
3.50844e-06
1.16245e-09
3.48432e-06
1.05088e-09
1.05061e-09
4.34905e-10
4.35042e-10
3.56472e-06
8.56892e-10
4.2285e-10
3.55107e-06
3.68968e-10
3.51735e-06
1.19053e-09
4.22693e-10
8.57033e-10
3.55105e-06
8.28309e-10
8.28491e-10
3.53861e-06
7.36176e-10
3.50782e-06
1.13796e-09
3.68764e-10
3.51727e-06
1.19045e-09
7.35866e-10
3.50777e-06
1.13796e-09
3.48374e-06
1.02737e-09
1.0271e-09
4.27904e-10
4.28041e-10
3.56387e-06
8.41121e-10
4.15431e-10
3.55024e-06
3.61661e-10
3.51666e-06
1.1661e-09
4.15275e-10
8.41261e-10
3.55022e-06
8.12248e-10
8.12428e-10
3.53781e-06
7.20578e-10
3.50716e-06
1.11403e-09
3.61459e-10
3.51659e-06
1.16601e-09
7.20272e-10
3.50711e-06
1.11403e-09
3.48317e-06
1.00449e-09
1.00423e-09
4.209e-10
4.21035e-10
3.56302e-06
8.25527e-10
4.08065e-10
3.54943e-06
3.54494e-10
3.51599e-06
1.14217e-09
4.07911e-10
8.25664e-10
3.5494e-06
7.96437e-10
7.96614e-10
3.53704e-06
7.05343e-10
3.50651e-06
1.09066e-09
3.54294e-10
3.51592e-06
1.14209e-09
7.05042e-10
3.50646e-06
1.09065e-09
3.48262e-06
9.82234e-10
9.81976e-10
4.13904e-10
4.14038e-10
3.5622e-06
8.1012e-10
4.00762e-10
3.54863e-06
3.47466e-10
3.51533e-06
1.11876e-09
4.00609e-10
8.10256e-10
3.54861e-06
7.80883e-10
7.81058e-10
3.53627e-06
6.90469e-10
3.50588e-06
1.06782e-09
3.47269e-10
3.51526e-06
1.11867e-09
6.90172e-10
3.50583e-06
1.06782e-09
3.48208e-06
9.6059e-10
9.60335e-10
4.06928e-10
4.0706e-10
3.56138e-06
7.94912e-10
3.93528e-10
3.54785e-06
3.40576e-10
3.51469e-06
1.09584e-09
3.93377e-10
7.95046e-10
3.54783e-06
7.65592e-10
7.65764e-10
3.53553e-06
6.75945e-10
3.50527e-06
1.04552e-09
3.40382e-10
3.51462e-06
1.09576e-09
6.75653e-10
3.50522e-06
1.04552e-09
3.48155e-06
9.39534e-10
9.39283e-10
3.99982e-10
4.00112e-10
3.56058e-06
7.79912e-10
3.86372e-10
3.54708e-06
3.33825e-10
3.51407e-06
1.07342e-09
3.86222e-10
7.80043e-10
3.54706e-06
7.50567e-10
7.50737e-10
3.5348e-06
6.61765e-10
3.50466e-06
1.02375e-09
3.33633e-10
3.51399e-06
1.07334e-09
6.61478e-10
3.50462e-06
1.02375e-09
3.48104e-06
9.19049e-10
9.18802e-10
3.93075e-10
3.93203e-10
3.5598e-06
7.65127e-10
3.79297e-10
3.54633e-06
3.2721e-10
3.51345e-06
1.05149e-09
3.7915e-10
7.65257e-10
3.54631e-06
7.35811e-10
7.35978e-10
3.53409e-06
6.47922e-10
3.50408e-06
1.00249e-09
3.27021e-10
3.51338e-06
1.05142e-09
6.4764e-10
3.50403e-06
1.00249e-09
3.48054e-06
8.99119e-10
8.98875e-10
3.86215e-10
3.86341e-10
3.55902e-06
7.50565e-10
3.7231e-10
3.5456e-06
3.20731e-10
3.51285e-06
1.03005e-09
3.72165e-10
7.50692e-10
3.54557e-06
7.21327e-10
7.2149e-10
3.53339e-06
6.3441e-10
3.5035e-06
9.81744e-10
3.20544e-10
3.51278e-06
1.02997e-09
6.34132e-10
3.50345e-06
9.81744e-10
3.48004e-06
8.79727e-10
8.79487e-10
3.7941e-10
3.79535e-10
3.55826e-06
7.36231e-10
3.65415e-10
3.54487e-06
3.14385e-10
3.51226e-06
1.00908e-09
3.65272e-10
7.36356e-10
3.54485e-06
7.07114e-10
7.07275e-10
3.53271e-06
6.21221e-10
3.50294e-06
9.61491e-10
3.14202e-10
3.51219e-06
1.00901e-09
6.20948e-10
3.50289e-06
9.61491e-10
3.47957e-06
8.60858e-10
8.60622e-10
3.72668e-10
3.72791e-10
3.55752e-06
7.22129e-10
3.58615e-10
3.54417e-06
3.08171e-10
3.51169e-06
9.88587e-10
3.58474e-10
7.22252e-10
3.54414e-06
6.93172e-10
6.93331e-10
3.53204e-06
6.08348e-10
3.50239e-06
9.41724e-10
3.0799e-10
3.51162e-06
9.8852e-10
6.08079e-10
3.50234e-06
9.41725e-10
3.4791e-06
8.42496e-10
8.42263e-10
3.65993e-10
3.66114e-10
3.55679e-06
7.08262e-10
3.51914e-10
3.54347e-06
3.02087e-10
3.51113e-06
9.68556e-10
3.51775e-10
7.08384e-10
3.54345e-06
6.79503e-10
6.7966e-10
3.53138e-06
5.95781e-10
3.50186e-06
9.22434e-10
3.01908e-10
3.51106e-06
9.68491e-10
5.95516e-10
3.50181e-06
9.22436e-10
3.47864e-06
8.24623e-10
8.24393e-10
3.59391e-10
3.59511e-10
3.55607e-06
6.94634e-10
3.45315e-10
3.54279e-06
2.9613e-10
3.51058e-06
9.48981e-10
3.45178e-10
6.94754e-10
3.54277e-06
6.66104e-10
6.66259e-10
3.53074e-06
5.83512e-10
3.50133e-06
9.03612e-10
2.95954e-10
3.51051e-06
9.48918e-10
5.83251e-10
3.50128e-06
9.03615e-10
3.47819e-06
8.07222e-10
8.06996e-10
3.52868e-10
3.52986e-10
3.55536e-06
6.81246e-10
3.3882e-10
3.54212e-06
2.90298e-10
3.51004e-06
9.29854e-10
3.38684e-10
6.81365e-10
3.5421e-06
6.52974e-10
6.53127e-10
3.53011e-06
5.71535e-10
3.50082e-06
8.85246e-10
2.90124e-10
3.50997e-06
9.29793e-10
5.71277e-10
3.50077e-06
8.8525e-10
3.47775e-06
7.90282e-10
7.90059e-10
3.46426e-10
3.46543e-10
3.55467e-06
6.68099e-10
3.32429e-10
3.54147e-06
2.8459e-10
3.50951e-06
9.11164e-10
3.32295e-10
6.68218e-10
3.54145e-06
6.4011e-10
6.40262e-10
3.5295e-06
5.59843e-10
3.50032e-06
8.67323e-10
2.84419e-10
3.50944e-06
9.11107e-10
5.59589e-10
3.50027e-06
8.6733e-10
3.47733e-06
7.73789e-10
7.73567e-10
3.4007e-10
3.40186e-10
3.55399e-06
6.55195e-10
3.26144e-10
3.54083e-06
2.79004e-10
3.50899e-06
8.92906e-10
3.26011e-10
6.55312e-10
3.54081e-06
6.2751e-10
6.2766e-10
3.52889e-06
5.48431e-10
3.49982e-06
8.49835e-10
2.78835e-10
3.50892e-06
8.92851e-10
5.4818e-10
3.49978e-06
8.49842e-10
3.47691e-06
7.57728e-10
7.57509e-10
3.33803e-10
3.33917e-10
3.55332e-06
6.42533e-10
3.19966e-10
3.5402e-06
2.73536e-10
3.50849e-06
8.75068e-10
3.19835e-10
6.42648e-10
3.54018e-06
6.15171e-10
6.15319e-10
3.5283e-06
5.37289e-10
3.49934e-06
8.32768e-10
2.73369e-10
3.50842e-06
8.75016e-10
5.37042e-10
3.4993e-06
8.32778e-10
3.4765e-06
7.42086e-10
7.4187e-10
3.27628e-10
3.2774e-10
3.55267e-06
6.30112e-10
3.13895e-10
3.53958e-06
2.68186e-10
3.50799e-06
8.57644e-10
3.13766e-10
6.30226e-10
3.53956e-06
6.03089e-10
6.03236e-10
3.52772e-06
5.26413e-10
3.49887e-06
8.16115e-10
2.68021e-10
3.50792e-06
8.57594e-10
5.26169e-10
3.49882e-06
8.16126e-10
3.4761e-06
7.26851e-10
7.26637e-10
3.21546e-10
3.21657e-10
3.55202e-06
6.17931e-10
3.07932e-10
3.53898e-06
2.6295e-10
3.50751e-06
8.40623e-10
3.07805e-10
6.18045e-10
3.53896e-06
5.91261e-10
5.91406e-10
3.52716e-06
5.15794e-10
3.49841e-06
7.99864e-10
2.62788e-10
3.50744e-06
8.40576e-10
5.15553e-10
3.49836e-06
7.99876e-10
3.4757e-06
7.1201e-10
7.11798e-10
3.15559e-10
3.15669e-10
3.55139e-06
6.05989e-10
3.02077e-10
3.53839e-06
2.57827e-10
3.50703e-06
8.23998e-10
3.01951e-10
6.06102e-10
3.53836e-06
5.79683e-10
5.79827e-10
3.5266e-06
5.05426e-10
3.49796e-06
7.84004e-10
2.57667e-10
3.50696e-06
8.23953e-10
5.05188e-10
3.49791e-06
7.84018e-10
3.47532e-06
6.97551e-10
6.97341e-10
3.09669e-10
3.09778e-10
3.55077e-06
5.94285e-10
2.96329e-10
3.53781e-06
2.52814e-10
3.50656e-06
8.07759e-10
2.96205e-10
5.94397e-10
3.53778e-06
5.68352e-10
5.68495e-10
3.52606e-06
4.95303e-10
3.49752e-06
7.68527e-10
2.52656e-10
3.5065e-06
8.07717e-10
4.95068e-10
3.49747e-06
7.68542e-10
3.47494e-06
6.83461e-10
6.83253e-10
3.03878e-10
3.03985e-10
3.55016e-06
5.82816e-10
2.90689e-10
3.53724e-06
2.47909e-10
3.50611e-06
7.91899e-10
2.90566e-10
5.82927e-10
3.53721e-06
5.57264e-10
5.57405e-10
3.52552e-06
4.85418e-10
3.49708e-06
7.53422e-10
2.47753e-10
3.50604e-06
7.91858e-10
4.85187e-10
3.49704e-06
7.53438e-10
3.47458e-06
6.6973e-10
6.69525e-10
2.98184e-10
2.9829e-10
3.54957e-06
5.71579e-10
2.85155e-10
3.53668e-06
2.4311e-10
3.50566e-06
7.76407e-10
2.85034e-10
5.71689e-10
3.53666e-06
5.46414e-10
5.46554e-10
3.525e-06
4.75766e-10
3.49666e-06
7.38679e-10
2.42956e-10
3.50559e-06
7.76369e-10
4.75538e-10
3.49661e-06
7.38696e-10
3.47421e-06
6.56347e-10
6.56144e-10
2.92591e-10
2.92695e-10
3.54898e-06
5.60573e-10
2.79728e-10
3.53613e-06
2.38414e-10
3.50522e-06
7.61276e-10
2.79609e-10
5.60681e-10
3.53611e-06
5.35799e-10
5.35937e-10
3.52449e-06
4.6634e-10
3.49624e-06
7.2429e-10
2.38263e-10
3.50515e-06
7.6124e-10
4.66116e-10
3.49619e-06
7.24308e-10
3.47386e-06
6.43302e-10
6.43101e-10
2.87096e-10
2.87199e-10
3.54841e-06
5.49793e-10
2.74406e-10
3.53559e-06
2.3382e-10
3.50479e-06
7.46498e-10
2.74288e-10
5.49901e-10
3.53557e-06
5.25415e-10
5.25551e-10
3.52399e-06
4.57136e-10
3.49583e-06
7.10245e-10
2.33671e-10
3.50472e-06
7.46464e-10
4.56914e-10
3.49579e-06
7.10263e-10
3.47351e-06
6.30584e-10
6.30385e-10
2.81702e-10
2.81804e-10
3.54784e-06
5.39238e-10
2.69188e-10
3.53507e-06
2.29326e-10
3.50437e-06
7.32063e-10
2.69072e-10
5.39345e-10
3.53504e-06
5.15256e-10
5.15391e-10
3.52349e-06
4.48147e-10
3.49543e-06
6.96534e-10
2.29179e-10
3.5043e-06
7.32032e-10
4.47928e-10
3.49539e-06
6.96553e-10
3.47317e-06
6.18185e-10
6.17988e-10
2.76407e-10
2.76507e-10
3.54729e-06
5.28903e-10
2.64074e-10
3.53455e-06
2.24929e-10
3.50395e-06
7.17965e-10
2.63959e-10
5.2901e-10
3.53453e-06
5.05319e-10
5.05453e-10
3.52301e-06
4.39368e-10
3.49504e-06
6.83147e-10
2.24783e-10
3.50389e-06
7.17936e-10
4.39152e-10
3.49499e-06
6.83168e-10
3.47284e-06
6.06094e-10
6.05898e-10
2.71211e-10
2.71311e-10
3.54675e-06
5.18786e-10
2.59063e-10
3.53404e-06
2.20626e-10
3.50355e-06
7.04193e-10
2.58949e-10
5.18892e-10
3.53402e-06
4.95601e-10
4.95734e-10
3.52254e-06
4.30793e-10
3.49466e-06
6.7008e-10
2.20483e-10
3.50348e-06
7.04168e-10
4.30578e-10
3.49461e-06
6.70104e-10
3.47251e-06
5.943e-10
5.94106e-10
2.66114e-10
2.66213e-10
3.54622e-06
5.08883e-10
2.54153e-10
3.53355e-06
2.16418e-10
3.50315e-06
6.90742e-10
2.54041e-10
5.08989e-10
3.53352e-06
4.86097e-10
4.86229e-10
3.52207e-06
4.22415e-10
3.49428e-06
6.57326e-10
2.16276e-10
3.50308e-06
6.9072e-10
4.22204e-10
3.49423e-06
6.57351e-10
3.47219e-06
5.82796e-10
5.82603e-10
2.61115e-10
2.61213e-10
3.54569e-06
4.99191e-10
2.49343e-10
3.53306e-06
2.12301e-10
3.50276e-06
6.77603e-10
2.49232e-10
4.99296e-10
3.53304e-06
4.76802e-10
4.76933e-10
3.52162e-06
4.14233e-10
3.49391e-06
6.44871e-10
2.12161e-10
3.50269e-06
6.77583e-10
4.14024e-10
3.49386e-06
6.44897e-10
3.47188e-06
5.71575e-10
5.71384e-10
2.56214e-10
2.5631e-10
3.54518e-06
4.89707e-10
2.44632e-10
3.53258e-06
2.08275e-10
3.50238e-06
6.64768e-10
2.44522e-10
4.89812e-10
3.53256e-06
4.67712e-10
4.67842e-10
3.52117e-06
4.06241e-10
3.49354e-06
6.3271e-10
2.08136e-10
3.50231e-06
6.64751e-10
4.06034e-10
3.4935e-06
6.32738e-10
3.47157e-06
5.60629e-10
5.60439e-10
2.51409e-10
2.51504e-10
3.54468e-06
4.80428e-10
2.40016e-10
3.53211e-06
2.04337e-10
3.502e-06
6.52231e-10
2.39908e-10
4.80531e-10
3.53209e-06
4.58822e-10
4.58951e-10
3.52073e-06
3.98434e-10
3.49319e-06
6.20835e-10
2.042e-10
3.50193e-06
6.52215e-10
3.98229e-10
3.49314e-06
6.20865e-10
3.47127e-06
5.49948e-10
5.4976e-10
2.46701e-10
2.46794e-10
3.54419e-06
4.71349e-10
2.35497e-10
3.53165e-06
2.00487e-10
3.50163e-06
6.39982e-10
2.3539e-10
4.71452e-10
3.53163e-06
4.50129e-10
4.50257e-10
3.5203e-06
3.90809e-10
3.49284e-06
6.09239e-10
2.00352e-10
3.50156e-06
6.39969e-10
3.90607e-10
3.4928e-06
6.09271e-10
3.47097e-06
5.39529e-10
5.39342e-10
2.42087e-10
2.42179e-10
3.5437e-06
4.62467e-10
2.31071e-10
3.5312e-06
1.96722e-10
3.50127e-06
6.28016e-10
2.30966e-10
4.62569e-10
3.53118e-06
4.41629e-10
4.41755e-10
3.51988e-06
3.8336e-10
3.4925e-06
5.97916e-10
1.96589e-10
3.5012e-06
6.28004e-10
3.8316e-10
3.49245e-06
5.97949e-10
3.47068e-06
5.29362e-10
5.29176e-10
2.37566e-10
2.37657e-10
3.54323e-06
4.53778e-10
2.26739e-10
3.53076e-06
1.9304e-10
3.50091e-06
6.16325e-10
2.26635e-10
4.53878e-10
3.53074e-06
4.33318e-10
4.33442e-10
3.51947e-06
3.76082e-10
3.49216e-06
5.86858e-10
1.92909e-10
3.50085e-06
6.16315e-10
3.75885e-10
3.49212e-06
5.86891e-10
3.47039e-06
5.19438e-10
5.19254e-10
2.33138e-10
2.33227e-10
3.54276e-06
4.45277e-10
2.22497e-10
3.53032e-06
1.89439e-10
3.50056e-06
6.04903e-10
2.22396e-10
4.45376e-10
3.5303e-06
4.25192e-10
4.25314e-10
3.51906e-06
3.68971e-10
3.49183e-06
5.76058e-10
1.8931e-10
3.5005e-06
6.04893e-10
3.68777e-10
3.49179e-06
5.7609e-10
3.47011e-06
5.09751e-10
5.0957e-10
2.28801e-10
2.28888e-10
3.5423e-06
4.36962e-10
2.18346e-10
3.5299e-06
1.85916e-10
3.50022e-06
5.93743e-10
2.18247e-10
4.37059e-10
3.52988e-06
4.17246e-10
4.17367e-10
3.51867e-06
3.62023e-10
3.49151e-06
5.65508e-10
1.85789e-10
3.50016e-06
5.93734e-10
3.61833e-10
3.49146e-06
5.65541e-10
3.46983e-06
5.00295e-10
5.00117e-10
2.24553e-10
2.24639e-10
3.54185e-06
4.28829e-10
2.14283e-10
3.52948e-06
1.82469e-10
3.49988e-06
5.8284e-10
2.14186e-10
4.28924e-10
3.52946e-06
4.09478e-10
4.09597e-10
3.51827e-06
3.55233e-10
3.49119e-06
5.55204e-10
1.82345e-10
3.49982e-06
5.82831e-10
3.55046e-10
3.49114e-06
5.55236e-10
3.46956e-06
4.91062e-10
4.90887e-10
2.20394e-10
2.20478e-10
3.54141e-06
4.20874e-10
2.10307e-10
3.52907e-06
1.79099e-10
3.49955e-06
5.72186e-10
2.10211e-10
4.20967e-10
3.52905e-06
4.01882e-10
4.01999e-10
3.51789e-06
3.48599e-10
3.49087e-06
5.45136e-10
1.78977e-10
3.49949e-06
5.72178e-10
3.48416e-10
3.49083e-06
5.45169e-10
3.46929e-06
4.82049e-10
4.81877e-10
2.16322e-10
2.16403e-10
3.54098e-06
4.13093e-10
2.06415e-10
3.52866e-06
1.75802e-10
3.49923e-06
5.61775e-10
2.06321e-10
4.13183e-10
3.52864e-06
3.94455e-10
3.94569e-10
3.51752e-06
3.4212e-10
3.49057e-06
5.35296e-10
1.75684e-10
3.49917e-06
5.61766e-10
3.41941e-10
3.49052e-06
5.35328e-10
3.46903e-06
4.73251e-10
4.73082e-10
2.12336e-10
2.12414e-10
3.54055e-06
4.05483e-10
2.02606e-10
3.52827e-06
1.72578e-10
3.49891e-06
5.51602e-10
2.02515e-10
4.05571e-10
3.52825e-06
3.87194e-10
3.87305e-10
3.51715e-06
3.3579e-10
3.49026e-06
5.25683e-10
1.72462e-10
3.49885e-06
5.51592e-10
3.35614e-10
3.49022e-06
5.25713e-10
3.46877e-06
4.64661e-10
4.64495e-10
2.08433e-10
2.08509e-10
3.54014e-06
3.9804e-10
1.9888e-10
3.52788e-06
1.69426e-10
3.4986e-06
5.41659e-10
1.98791e-10
3.98124e-10
3.52786e-06
3.80095e-10
3.80202e-10
3.51678e-06
3.29604e-10
3.48997e-06
5.1629e-10
1.69312e-10
3.49853e-06
5.41648e-10
3.29433e-10
3.48993e-06
5.16317e-10
3.46852e-06
4.56272e-10
4.5611e-10
2.04613e-10
2.04687e-10
3.53973e-06
3.9076e-10
1.95234e-10
3.5275e-06
1.66342e-10
3.49829e-06
5.3194e-10
1.95148e-10
3.90842e-10
3.52748e-06
3.73153e-10
3.73257e-10
3.51643e-06
3.23559e-10
3.48968e-06
5.07111e-10
1.66232e-10
3.49823e-06
5.31929e-10
3.23392e-10
3.48963e-06
5.07137e-10
3.46827e-06
4.48079e-10
4.47921e-10
2.00873e-10
2.00946e-10
3.53933e-06
3.8364e-10
1.91666e-10
3.52712e-06
1.63327e-10
3.49799e-06
5.22441e-10
1.91582e-10
3.83719e-10
3.5271e-06
3.66366e-10
3.66467e-10
3.51608e-06
3.17651e-10
3.48939e-06
4.9814e-10
1.63219e-10
3.49792e-06
5.22428e-10
3.17488e-10
3.48935e-06
4.98165e-10
3.46803e-06
4.40076e-10
4.39922e-10
1.97214e-10
1.97284e-10
3.53893e-06
3.76676e-10
1.88176e-10
3.52676e-06
1.60378e-10
3.49769e-06
5.13155e-10
1.88094e-10
3.76753e-10
3.52674e-06
3.59729e-10
3.59828e-10
3.51573e-06
3.11878e-10
3.48911e-06
4.89373e-10
1.60273e-10
3.49763e-06
5.13142e-10
3.11719e-10
3.48907e-06
4.89397e-10
3.46778e-06
4.32259e-10
4.32109e-10
1.93632e-10
1.937e-10
3.53854e-06
3.69864e-10
1.84761e-10
3.5264e-06
1.57495e-10
3.4974e-06
5.04078e-10
1.84682e-10
3.69939e-10
3.52637e-06
3.53239e-10
3.53336e-10
3.5154e-06
3.06236e-10
3.48883e-06
4.80804e-10
1.57392e-10
3.49734e-06
5.04064e-10
3.0608e-10
3.48879e-06
4.80827e-10
3.46755e-06
4.24623e-10
4.24477e-10
1.90126e-10
1.90193e-10
3.53816e-06
3.63202e-10
1.81421e-10
3.52604e-06
1.54675e-10
3.49711e-06
4.95203e-10
1.81343e-10
3.63275e-10
3.52602e-06
3.46894e-10
3.46988e-10
3.51507e-06
3.00721e-10
3.48856e-06
4.72428e-10
1.54575e-10
3.49705e-06
4.95189e-10
3.00569e-10
3.48852e-06
4.7245e-10
3.46731e-06
4.17163e-10
4.1702e-10
1.86696e-10
1.86761e-10
3.53779e-06
3.56686e-10
1.78153e-10
3.52569e-06
1.51917e-10
3.49683e-06
4.86526e-10
1.78077e-10
3.56757e-10
3.52567e-06
3.40689e-10
3.4078e-10
3.51474e-06
2.9533e-10
3.4883e-06
4.64242e-10
1.51819e-10
3.49677e-06
4.86511e-10
2.95182e-10
3.48825e-06
4.64262e-10
3.46709e-06
4.09874e-10
4.09734e-10
1.83339e-10
1.83402e-10
3.53742e-06
3.50313e-10
1.74956e-10
3.52535e-06
1.4922e-10
3.49655e-06
4.78042e-10
1.74882e-10
3.50381e-10
3.52533e-06
3.34622e-10
3.3471e-10
3.51442e-06
2.90057e-10
3.48803e-06
4.56242e-10
1.49124e-10
3.49649e-06
4.78026e-10
2.89913e-10
3.48799e-06
4.5626e-10
3.46686e-06
4.02749e-10
4.02611e-10
1.80054e-10
1.80116e-10
3.53706e-06
3.44079e-10
1.71829e-10
3.52501e-06
1.46582e-10
3.49628e-06
4.69747e-10
1.71757e-10
3.44145e-10
3.52499e-06
3.28689e-10
3.28775e-10
3.51411e-06
2.84904e-10
3.48777e-06
4.48421e-10
1.46488e-10
3.49622e-06
4.6973e-10
2.84762e-10
3.48773e-06
4.48438e-10
3.46664e-06
3.95786e-10
3.95651e-10
1.76839e-10
1.769e-10
3.53671e-06
3.37981e-10
1.68769e-10
3.52468e-06
1.44002e-10
3.49601e-06
4.61635e-10
1.68699e-10
3.38046e-10
3.52466e-06
3.22887e-10
3.22971e-10
3.5138e-06
2.79866e-10
3.48752e-06
4.40774e-10
1.4391e-10
3.49595e-06
4.61619e-10
2.79727e-10
3.48748e-06
4.40791e-10
3.46642e-06
3.88981e-10
3.88848e-10
1.73694e-10
1.73753e-10
3.53636e-06
3.32017e-10
1.65777e-10
3.52436e-06
1.41479e-10
3.49575e-06
4.53702e-10
1.65707e-10
3.32081e-10
3.52434e-06
3.17212e-10
3.17296e-10
3.5135e-06
2.74941e-10
3.48727e-06
4.33296e-10
1.41388e-10
3.49569e-06
4.53687e-10
2.74804e-10
3.48723e-06
4.33313e-10
3.46621e-06
3.8233e-10
3.822e-10
1.70616e-10
1.70675e-10
3.53602e-06
3.26183e-10
1.62849e-10
3.52404e-06
1.3901e-10
3.49549e-06
4.45945e-10
1.62781e-10
3.26246e-10
3.52402e-06
3.11662e-10
3.11745e-10
3.5132e-06
2.70126e-10
3.48703e-06
4.25983e-10
1.38922e-10
3.49543e-06
4.4593e-10
2.69991e-10
3.48698e-06
4.26002e-10
3.46599e-06
3.75829e-10
3.75701e-10
1.67604e-10
1.67662e-10
3.53569e-06
3.20477e-10
1.59985e-10
3.52373e-06
1.36597e-10
3.49524e-06
4.38358e-10
1.59918e-10
3.2054e-10
3.52371e-06
3.06235e-10
3.06317e-10
3.51291e-06
2.65419e-10
3.48678e-06
4.18832e-10
1.3651e-10
3.49518e-06
4.38344e-10
2.65286e-10
3.48674e-06
4.18852e-10
3.46579e-06
3.69475e-10
3.69349e-10
1.64658e-10
1.64715e-10
3.53536e-06
3.14895e-10
1.57184e-10
3.52342e-06
1.34236e-10
3.49499e-06
4.30937e-10
1.57117e-10
3.14958e-10
3.5234e-06
3.00927e-10
3.01008e-10
3.51262e-06
2.60817e-10
3.48655e-06
4.11839e-10
1.3415e-10
3.49493e-06
4.30925e-10
2.60686e-10
3.48651e-06
4.1186e-10
3.46558e-06
3.63264e-10
3.63139e-10
1.61775e-10
1.61831e-10
3.53503e-06
3.09436e-10
1.54443e-10
3.52312e-06
1.31928e-10
3.49474e-06
4.2368e-10
1.54377e-10
3.09497e-10
3.5231e-06
2.95736e-10
2.95815e-10
3.51234e-06
2.56318e-10
3.48631e-06
4.05001e-10
1.31843e-10
3.49468e-06
4.23668e-10
2.56189e-10
3.48627e-06
4.05021e-10
3.46538e-06
3.57192e-10
3.57068e-10
1.58954e-10
1.5901e-10
3.53471e-06
3.04096e-10
1.51762e-10
3.52282e-06
1.2967e-10
3.4945e-06
4.16581e-10
1.51697e-10
3.04157e-10
3.5228e-06
2.90659e-10
2.90737e-10
3.51206e-06
2.51919e-10
3.48608e-06
3.98312e-10
1.29586e-10
3.49444e-06
4.16571e-10
2.51792e-10
3.48604e-06
3.98331e-10
3.46518e-06
3.51256e-10
3.51132e-10
1.56194e-10
1.56249e-10
3.5344e-06
2.98873e-10
1.49139e-10
3.52253e-06
1.27461e-10
3.49426e-06
4.09638e-10
1.49075e-10
2.98933e-10
3.52251e-06
2.85693e-10
2.8577e-10
3.51178e-06
2.47619e-10
3.48586e-06
3.9177e-10
1.27379e-10
3.4942e-06
4.09628e-10
2.47493e-10
3.48582e-06
3.91789e-10
3.46498e-06
3.45453e-10
3.45329e-10
1.53494e-10
1.53548e-10
3.5341e-06
2.93763e-10
1.46573e-10
3.52224e-06
1.25301e-10
3.49403e-06
4.02846e-10
1.4651e-10
2.93823e-10
3.52222e-06
2.80836e-10
2.80912e-10
3.51152e-06
2.43414e-10
3.48563e-06
3.8537e-10
1.25219e-10
3.49397e-06
4.02837e-10
2.43289e-10
3.48559e-06
3.8539e-10
3.46479e-06
3.39779e-10
3.39656e-10
1.50852e-10
1.50906e-10
3.53379e-06
2.88765e-10
1.44063e-10
3.52196e-06
1.23188e-10
3.4938e-06
3.96201e-10
1.44001e-10
2.88825e-10
3.52194e-06
2.76084e-10
2.7616e-10
3.51125e-06
2.39303e-10
3.48542e-06
3.79109e-10
1.23108e-10
3.49374e-06
3.96194e-10
2.3918e-10
3.48537e-06
3.7913e-10
3.4646e-06
3.3423e-10
3.34109e-10
1.48267e-10
1.48321e-10
3.5335e-06
2.83875e-10
1.41608e-10
3.52169e-06
1.21121e-10
3.49357e-06
3.89702e-10
1.41546e-10
2.83935e-10
3.52167e-06
2.71437e-10
2.71513e-10
3.51099e-06
2.35283e-10
3.4852e-06
3.72984e-10
1.21042e-10
3.49351e-06
3.89696e-10
2.35161e-10
3.48516e-06
3.73007e-10
3.46442e-06
3.28804e-10
3.28684e-10
1.45739e-10
1.45791e-10
3.53321e-06
2.79092e-10
1.39205e-10
3.52141e-06
1.19099e-10
3.49335e-06
3.83343e-10
1.39144e-10
2.79152e-10
3.52139e-06
2.6689e-10
2.66967e-10
3.51074e-06
2.31352e-10
3.48499e-06
3.66991e-10
1.19022e-10
3.49329e-06
3.83338e-10
2.31231e-10
3.48495e-06
3.67016e-10
3.46423e-06
3.23498e-10
3.2338e-10
1.43264e-10
1.43317e-10
3.53292e-06
2.74413e-10
1.36855e-10
3.52114e-06
1.17122e-10
3.49313e-06
3.77122e-10
1.36794e-10
2.74474e-10
3.52113e-06
2.62443e-10
2.62521e-10
3.51048e-06
2.27508e-10
3.48478e-06
3.61128e-10
1.17045e-10
3.49307e-06
3.77119e-10
2.27388e-10
3.48474e-06
3.61155e-10
3.46405e-06
3.1831e-10
3.18193e-10
1.40843e-10
1.40895e-10
3.53264e-06
2.69836e-10
1.34556e-10
3.52088e-06
1.15187e-10
3.49291e-06
3.71035e-10
1.34496e-10
2.69896e-10
3.52086e-06
2.58093e-10
2.5817e-10
3.51024e-06
2.23749e-10
3.48457e-06
3.55392e-10
1.15112e-10
3.49285e-06
3.71033e-10
2.23631e-10
3.48453e-06
3.55419e-10
3.46387e-06
3.13235e-10
3.1312e-10
1.38475e-10
1.38526e-10
3.53236e-06
2.65359e-10
1.32306e-10
3.52062e-06
1.13295e-10
3.4927e-06
3.6508e-10
1.32247e-10
2.65418e-10
3.5206e-06
2.53838e-10
2.53914e-10
3.50999e-06
2.20074e-10
3.48437e-06
3.49779e-10
1.1322e-10
3.49264e-06
3.65079e-10
2.19956e-10
3.48433e-06
3.49807e-10
3.46369e-06
3.08273e-10
3.08158e-10
1.36157e-10
1.36208e-10
3.53209e-06
2.60978e-10
1.30105e-10
3.52037e-06
1.11444e-10
3.49249e-06
3.59253e-10
1.30046e-10
2.61037e-10
3.52035e-06
2.49675e-10
2.4975e-10
3.50975e-06
2.16479e-10
3.48417e-06
3.44287e-10
1.1137e-10
3.49243e-06
3.59253e-10
2.16363e-10
3.48413e-06
3.44315e-10
3.46352e-06
3.03419e-10
3.03305e-10
1.3389e-10
1.3394e-10
3.53182e-06
2.56692e-10
1.27952e-10
3.52012e-06
1.09633e-10
3.49228e-06
3.53551e-10
1.27894e-10
2.56751e-10
3.5201e-06
2.45603e-10
2.45677e-10
3.50952e-06
2.12963e-10
3.48397e-06
3.38913e-10
1.0956e-10
3.49222e-06
3.53552e-10
2.1285e-10
3.48393e-06
3.3894e-10
3.46335e-06
2.98672e-10
2.98558e-10
1.31671e-10
1.31721e-10
3.53156e-06
2.52499e-10
1.25845e-10
3.51987e-06
1.07862e-10
3.49208e-06
3.47971e-10
1.25788e-10
2.52558e-10
3.51985e-06
2.41619e-10
2.41692e-10
3.50929e-06
2.09526e-10
3.48378e-06
3.33654e-10
1.0779e-10
3.49202e-06
3.47973e-10
2.09413e-10
3.48374e-06
3.3368e-10
3.46318e-06
2.94028e-10
2.93916e-10
1.29501e-10
1.2955e-10
3.5313e-06
2.48397e-10
1.23784e-10
3.51963e-06
1.06129e-10
3.49188e-06
3.42511e-10
1.23727e-10
2.48455e-10
3.51961e-06
2.37721e-10
2.37793e-10
3.50906e-06
2.06164e-10
3.48359e-06
3.28507e-10
1.06058e-10
3.49182e-06
3.42513e-10
2.06053e-10
3.48355e-06
3.28533e-10
3.46301e-06
2.89486e-10
2.89375e-10
1.27377e-10
1.27426e-10
3.53104e-06
2.44383e-10
1.21768e-10
3.51939e-06
1.04435e-10
3.49168e-06
3.37167e-10
1.21711e-10
2.44441e-10
3.51937e-06
2.33907e-10
2.33979e-10
3.50884e-06
2.02877e-10
3.4834e-06
3.23469e-10
1.04365e-10
3.49162e-06
3.3717e-10
2.02768e-10
3.48336e-06
3.23496e-10
3.46285e-06
2.85043e-10
2.84934e-10
1.25299e-10
1.25348e-10
3.53079e-06
2.40456e-10
1.19795e-10
3.51915e-06
1.02777e-10
3.49148e-06
3.31937e-10
1.19739e-10
2.40515e-10
3.51913e-06
2.30176e-10
2.30249e-10
3.50861e-06
1.99663e-10
3.48322e-06
3.18537e-10
1.02709e-10
3.49143e-06
3.31942e-10
1.99555e-10
3.48318e-06
3.18566e-10
3.46269e-06
2.80697e-10
2.8059e-10
1.23265e-10
1.23315e-10
3.53055e-06
2.36613e-10
1.17865e-10
3.51892e-06
1.01157e-10
3.49129e-06
3.26818e-10
1.1781e-10
2.36673e-10
3.5189e-06
2.26525e-10
2.26599e-10
3.5084e-06
1.96521e-10
3.48303e-06
3.13711e-10
1.01089e-10
3.49123e-06
3.26825e-10
1.96414e-10
3.48299e-06
3.13742e-10
3.46253e-06
2.76447e-10
2.76341e-10
1.21276e-10
1.21325e-10
3.5303e-06
2.32854e-10
1.15978e-10
3.51869e-06
9.95722e-11
3.4911e-06
3.21809e-10
1.15922e-10
2.32914e-10
3.51868e-06
2.22954e-10
2.23029e-10
3.50818e-06
1.9345e-10
3.48285e-06
3.08986e-10
9.95054e-11
3.49105e-06
3.21817e-10
1.93343e-10
3.48281e-06
3.09019e-10
3.46237e-06
2.7229e-10
2.72185e-10
1.1933e-10
1.19379e-10
3.53006e-06
2.29176e-10
1.14131e-10
3.51847e-06
9.80229e-11
3.49092e-06
3.16905e-10
1.14075e-10
2.29237e-10
3.51845e-06
2.1946e-10
2.19536e-10
3.50797e-06
1.90447e-10
3.48268e-06
3.04362e-10
9.79569e-11
3.49086e-06
3.16915e-10
1.90341e-10
3.48264e-06
3.04397e-10
3.46221e-06
2.68224e-10
2.68121e-10
1.17425e-10
1.17475e-10
3.52983e-06
2.25577e-10
1.12325e-10
3.51825e-06
9.65082e-11
3.49074e-06
3.12106e-10
1.12269e-10
2.25639e-10
3.51823e-06
2.16042e-10
2.16119e-10
3.50776e-06
1.87512e-10
3.4825e-06
2.99836e-10
9.6443e-11
3.49068e-06
3.12117e-10
1.87407e-10
3.48246e-06
2.99873e-10
3.46206e-06
2.64247e-10
2.64146e-10
1.15562e-10
1.15612e-10
3.5296e-06
2.22056e-10
1.10558e-10
3.51803e-06
9.50274e-11
3.49056e-06
3.07409e-10
1.10502e-10
2.22118e-10
3.51801e-06
2.12699e-10
2.12776e-10
3.50756e-06
1.84643e-10
3.48233e-06
2.95406e-10
9.49629e-11
3.4905e-06
3.07421e-10
1.84538e-10
3.48229e-06
2.95445e-10
3.46191e-06
2.60359e-10
2.60258e-10
1.13739e-10
1.13789e-10
3.52937e-06
2.18611e-10
1.0883e-10
3.51782e-06
9.35797e-11
3.49038e-06
3.02811e-10
1.08774e-10
2.18674e-10
3.5178e-06
2.09428e-10
2.09506e-10
3.50736e-06
1.81838e-10
3.48216e-06
2.9107e-10
9.35158e-11
3.49032e-06
3.02825e-10
1.81735e-10
3.48212e-06
2.91109e-10
3.46176e-06
2.56555e-10
2.56456e-10
1.11956e-10
1.12005e-10
3.52915e-06
2.1524e-10
1.07139e-10
3.51761e-06
9.21643e-11
3.4902e-06
2.98311e-10
1.07083e-10
2.15303e-10
3.51759e-06
2.06229e-10
2.06306e-10
3.50716e-06
1.79096e-10
3.48199e-06
2.86826e-10
9.21011e-11
3.49014e-06
2.98325e-10
1.78994e-10
3.48195e-06
2.86865e-10
3.46161e-06
2.52835e-10
2.52737e-10
1.10211e-10
1.1026e-10
3.52893e-06
2.11942e-10
1.05484e-10
3.5174e-06
9.07803e-11
3.49003e-06
2.93905e-10
1.05429e-10
2.12005e-10
3.51738e-06
2.03098e-10
2.03175e-10
3.50697e-06
1.76416e-10
3.48183e-06
2.82671e-10
9.07177e-11
3.48997e-06
2.93921e-10
1.76315e-10
3.48179e-06
2.82711e-10
3.46147e-06
2.49197e-10
2.49099e-10
1.08503e-10
1.08552e-10
3.52871e-06
2.08714e-10
1.03866e-10
3.5172e-06
8.94269e-11
3.48986e-06
2.89593e-10
1.03811e-10
2.08777e-10
3.51718e-06
2.00036e-10
2.00112e-10
3.50677e-06
1.73795e-10
3.48166e-06
2.78604e-10
8.93651e-11
3.4898e-06
2.8961e-10
1.73695e-10
3.48162e-06
2.78644e-10
3.46132e-06
2.45638e-10
2.45541e-10
1.06832e-10
1.06881e-10
3.5285e-06
2.05557e-10
1.02282e-10
3.517e-06
8.81033e-11
3.48969e-06
2.85372e-10
1.02228e-10
2.05619e-10
3.51698e-06
1.9704e-10
1.97115e-10
3.50658e-06
1.71233e-10
3.4815e-06
2.74623e-10
8.80422e-11
3.48963e-06
2.85389e-10
1.71134e-10
3.48146e-06
2.74662e-10
3.46118e-06
2.42157e-10
2.4206e-10
1.05198e-10
1.05245e-10
3.52829e-06
2.02466e-10
1.00732e-10
3.5168e-06
8.68087e-11
3.48953e-06
2.81239e-10
1.00679e-10
2.02528e-10
3.51678e-06
1.94108e-10
1.94182e-10
3.5064e-06
1.68727e-10
3.48134e-06
2.70725e-10
8.67485e-11
3.48947e-06
2.81256e-10
1.6863e-10
3.48131e-06
2.70763e-10
3.46104e-06
2.38751e-10
2.38656e-10
1.03598e-10
1.03645e-10
3.52808e-06
1.99442e-10
9.9216e-11
3.5166e-06
8.55421e-11
3.48936e-06
2.77194e-10
9.91635e-11
1.99503e-10
3.51658e-06
1.91239e-10
1.91312e-10
3.50621e-06
1.66277e-10
3.48119e-06
2.66908e-10
8.54828e-11
3.48931e-06
2.77211e-10
1.66181e-10
3.48115e-06
2.66946e-10
3.4609e-06
2.35419e-10
2.35325e-10
1.02032e-10
1.02078e-10
3.52787e-06
1.96482e-10
9.7732e-11
3.51641e-06
8.43028e-11
3.4892e-06
2.73233e-10
9.76804e-11
1.96542e-10
3.51639e-06
1.88431e-10
1.88503e-10
3.50603e-06
1.6388e-10
3.48103e-06
2.63172e-10
8.42446e-11
3.48914e-06
2.7325e-10
1.63786e-10
3.48099e-06
2.63208e-10
3.46077e-06
2.32158e-10
2.32066e-10
1.005e-10
1.00545e-10
3.52767e-06
1.93585e-10
9.62796e-11
3.51622e-06
8.309e-11
3.48904e-06
2.69355e-10
9.6229e-11
1.93644e-10
3.5162e-06
1.85683e-10
1.85754e-10
3.50585e-06
1.61535e-10
3.48088e-06
2.59512e-10
8.30331e-11
3.48899e-06
2.69371e-10
1.61443e-10
3.48084e-06
2.59549e-10
3.46063e-06
2.28967e-10
2.28877e-10
9.89997e-11
9.9044e-11
3.52747e-06
1.9075e-10
9.48582e-11
3.51604e-06
8.1903e-11
3.48889e-06
2.65558e-10
9.48087e-11
1.90807e-10
3.51602e-06
1.82994e-10
1.83063e-10
3.50568e-06
1.59241e-10
3.48073e-06
2.55929e-10
8.18475e-11
3.48883e-06
2.65573e-10
1.59151e-10
3.48069e-06
2.55965e-10
3.4605e-06
2.25844e-10
2.25757e-10
9.75315e-11
9.75747e-11
3.52728e-06
1.87973e-10
9.34672e-11
3.51585e-06
8.07413e-11
3.48873e-06
2.61839e-10
9.34187e-11
1.88029e-10
3.51583e-06
1.80362e-10
1.8043e-10
3.5055e-06
1.56997e-10
3.48058e-06
2.5242e-10
8.06872e-11
3.48867e-06
2.61854e-10
1.56909e-10
3.48054e-06
2.52455e-10
3.46037e-06
2.22788e-10
2.22703e-10
9.60943e-11
9.61362e-11
3.52709e-06
1.85256e-10
9.21054e-11
3.51567e-06
7.96037e-11
3.48858e-06
2.58197e-10
9.20582e-11
1.8531e-10
3.51565e-06
1.77785e-10
1.77852e-10
3.50533e-06
1.548e-10
3.48044e-06
2.48983e-10
7.95512e-11
3.48852e-06
2.58211e-10
1.54715e-10
3.4804e-06
2.49018e-10
3.46024e-06
2.19797e-10
2.19714e-10
9.46872e-11
9.47278e-11
3.5269e-06
1.82595e-10
9.07721e-11
3.51549e-06
7.84895e-11
3.48843e-06
2.5463e-10
9.0726e-11
1.82647e-10
3.51547e-06
1.75262e-10
1.75328e-10
3.50516e-06
1.5265e-10
3.48029e-06
2.45617e-10
7.84388e-11
3.48837e-06
2.54643e-10
1.52567e-10
3.48025e-06
2.45651e-10
3.46011e-06
2.16868e-10
2.16788e-10
9.33096e-11
9.33486e-11
3.52671e-06
1.7999e-10
8.94662e-11
3.51532e-06
7.73978e-11
3.48828e-06
2.51138e-10
8.94216e-11
1.80041e-10
3.5153e-06
1.72792e-10
1.72856e-10
3.50499e-06
1.50546e-10
3.48015e-06
2.42318e-10
7.73488e-11
3.48822e-06
2.5115e-10
1.50465e-10
3.48011e-06
2.42351e-10
3.45998e-06
2.14002e-10
2.13925e-10
9.19606e-11
9.19981e-11
3.52653e-06
1.7744e-10
8.81869e-11
3.51514e-06
7.63272e-11
3.48813e-06
2.47719e-10
8.81437e-11
1.77488e-10
3.51512e-06
1.70372e-10
1.70435e-10
3.50483e-06
1.48488e-10
3.48001e-06
2.39082e-10
7.628e-11
3.48808e-06
2.47729e-10
1.48409e-10
3.47997e-06
2.39115e-10
3.45986e-06
2.11197e-10
2.11123e-10
9.06395e-11
9.06754e-11
3.52635e-06
1.74943e-10
8.69338e-11
3.51497e-06
7.52781e-11
3.48799e-06
2.4437e-10
8.6892e-11
1.74989e-10
3.51495e-06
1.68003e-10
1.68064e-10
3.50467e-06
1.46473e-10
3.47987e-06
2.35912e-10
7.52327e-11
3.48793e-06
2.44379e-10
1.46397e-10
3.47983e-06
2.35944e-10
3.45973e-06
2.08451e-10
2.08379e-10
8.93457e-11
8.93799e-11
3.52617e-06
1.72497e-10
8.5706e-11
3.5148e-06
7.42499e-11
3.48785e-06
2.41089e-10
8.56658e-11
1.72541e-10
3.51478e-06
1.65682e-10
1.65741e-10
3.50451e-06
1.44499e-10
3.47973e-06
2.32805e-10
7.42063e-11
3.48779e-06
2.41097e-10
1.44426e-10
3.47969e-06
2.32836e-10
3.45961e-06
2.05761e-10
2.05692e-10
8.80784e-11
8.81109e-11
3.52599e-06
1.70102e-10
8.45031e-11
3.51463e-06
7.3242e-11
3.4877e-06
2.37876e-10
8.44645e-11
1.70144e-10
3.51462e-06
1.63409e-10
1.63465e-10
3.50435e-06
1.42566e-10
3.4796e-06
2.29761e-10
7.32003e-11
3.48765e-06
2.37881e-10
1.42495e-10
3.47956e-06
2.2979e-10
3.45949e-06
2.03127e-10
2.03061e-10
8.6837e-11
8.68678e-11
3.52582e-06
1.67757e-10
8.33242e-11
3.51447e-06
7.22533e-11
3.48757e-06
2.34728e-10
8.32872e-11
1.67796e-10
3.51445e-06
1.61181e-10
1.61236e-10
3.50419e-06
1.40672e-10
3.47946e-06
2.26777e-10
7.22131e-11
3.48751e-06
2.34733e-10
1.40603e-10
3.47942e-06
2.26805e-10
3.45937e-06
2.00547e-10
2.00482e-10
8.56209e-11
8.56499e-11
3.52565e-06
1.65458e-10
8.21699e-11
3.51431e-06
7.12873e-11
3.48743e-06
2.3164e-10
8.21346e-11
1.65495e-10
3.51429e-06
1.59001e-10
1.59053e-10
3.50404e-06
1.38813e-10
3.47933e-06
2.23861e-10
7.12492e-11
3.48737e-06
2.31643e-10
1.38746e-10
3.47929e-06
2.23888e-10
3.45925e-06
1.98015e-10
1.97953e-10
8.44295e-11
8.44568e-11
3.52548e-06
1.63207e-10
8.10384e-11
3.51415e-06
7.03397e-11
3.48729e-06
2.28615e-10
8.10049e-11
1.63242e-10
3.51413e-06
1.56863e-10
1.56913e-10
3.50389e-06
1.3699e-10
3.4792e-06
2.21003e-10
7.03031e-11
3.48724e-06
2.28616e-10
1.36926e-10
3.47916e-06
2.21029e-10
3.45913e-06
1.95534e-10
1.95473e-10
8.3262e-11
8.32877e-11
3.52531e-06
1.61001e-10
7.99295e-11
3.51399e-06
6.94103e-11
3.48716e-06
2.25651e-10
7.98976e-11
1.61034e-10
3.51397e-06
1.54769e-10
1.54817e-10
3.50374e-06
1.35204e-10
3.47907e-06
2.18202e-10
6.93753e-11
3.4871e-06
2.25651e-10
1.35142e-10
3.47903e-06
2.18226e-10
3.45902e-06
1.93104e-10
1.93044e-10
8.2118e-11
8.21422e-11
3.52515e-06
1.5884e-10
7.88426e-11
3.51384e-06
6.84988e-11
3.48703e-06
2.22746e-10
7.88122e-11
1.58871e-10
3.51382e-06
1.52717e-10
1.52762e-10
3.50359e-06
1.33455e-10
3.47894e-06
2.15455e-10
6.84653e-11
3.48697e-06
2.22745e-10
1.33394e-10
3.4789e-06
2.15478e-10
3.4589e-06
1.90722e-10
1.90664e-10
8.09968e-11
8.10197e-11
3.52498e-06
1.56723e-10
7.77775e-11
3.51368e-06
6.76044e-11
3.4869e-06
2.199e-10
7.77484e-11
1.56751e-10
3.51366e-06
1.50705e-10
1.50749e-10
3.50344e-06
1.3174e-10
3.47882e-06
2.12762e-10
6.75723e-11
3.48684e-06
2.19898e-10
1.31682e-10
3.47878e-06
2.12784e-10
3.45879e-06
1.8839e-10
1.88333e-10
7.98979e-11
7.99196e-11
3.52482e-06
1.54647e-10
7.67334e-11
3.51353e-06
6.67259e-11
3.48677e-06
2.17111e-10
7.67056e-11
1.54674e-10
3.51351e-06
1.48734e-10
1.48776e-10
3.5033e-06
1.3006e-10
3.47869e-06
2.10121e-10
6.6695e-11
3.48671e-06
2.17109e-10
1.30003e-10
3.47865e-06
2.10142e-10
3.45868e-06
1.86102e-10
1.86047e-10
7.88208e-11
7.88416e-11
3.52467e-06
1.52614e-10
7.57099e-11
3.51338e-06
6.58636e-11
3.48664e-06
2.14379e-10
7.56831e-11
1.52639e-10
3.51336e-06
1.46802e-10
1.46843e-10
3.50316e-06
1.28414e-10
3.47857e-06
2.07528e-10
6.58337e-11
3.48658e-06
2.14376e-10
1.28359e-10
3.47853e-06
2.07548e-10
3.45857e-06
1.83862e-10
1.83809e-10
7.77649e-11
7.77852e-11
3.52451e-06
1.5062e-10
7.47069e-11
3.51323e-06
6.50186e-11
3.48651e-06
2.117e-10
7.46808e-11
1.50645e-10
3.51322e-06
1.44908e-10
1.44948e-10
3.50302e-06
1.26804e-10
3.47845e-06
2.04985e-10
6.49894e-11
3.48646e-06
2.11697e-10
1.26749e-10
3.47841e-06
2.05005e-10
3.45846e-06
1.81669e-10
1.81616e-10
7.67299e-11
7.675e-11
3.52436e-06
1.48666e-10
7.3724e-11
3.51309e-06
6.41906e-11
3.48639e-06
2.09074e-10
7.36984e-11
1.48691e-10
3.51307e-06
1.43052e-10
1.43091e-10
3.50288e-06
1.25226e-10
3.47833e-06
2.02491e-10
6.4162e-11
3.48633e-06
2.09071e-10
1.25173e-10
3.47829e-06
2.02511e-10
3.45835e-06
1.7952e-10
1.79468e-10
7.57153e-11
7.57355e-11
3.52421e-06
1.46751e-10
7.2761e-11
3.51294e-06
6.33798e-11
3.48626e-06
2.06498e-10
7.27355e-11
1.46776e-10
3.51293e-06
1.41233e-10
1.41272e-10
3.50274e-06
1.23682e-10
3.47821e-06
2.00045e-10
6.33514e-11
3.48621e-06
2.06496e-10
1.23629e-10
3.47817e-06
2.00065e-10
3.45824e-06
1.77416e-10
1.77364e-10
7.47207e-11
7.47413e-11
3.52406e-06
1.44874e-10
7.18174e-11
3.5128e-06
6.25859e-11
3.48614e-06
2.03972e-10
7.17919e-11
1.44899e-10
3.51278e-06
1.3945e-10
1.39489e-10
3.50261e-06
1.22171e-10
3.47809e-06
1.97647e-10
6.25575e-11
3.48609e-06
2.03972e-10
1.22119e-10
3.47805e-06
1.97667e-10
3.45813e-06
1.75355e-10
1.75304e-10
7.37457e-11
7.37671e-11
3.52391e-06
1.43033e-10
7.0893e-11
3.51266e-06
6.18087e-11
3.48602e-06
2.01495e-10
7.08671e-11
1.4306e-10
3.51264e-06
1.37703e-10
1.37743e-10
3.50247e-06
1.20692e-10
3.47797e-06
1.95294e-10
6.17801e-11
3.48597e-06
2.01496e-10
1.20639e-10
3.47793e-06
1.95315e-10
3.45803e-06
1.73337e-10
1.73286e-10
7.27899e-11
7.28122e-11
3.52376e-06
1.41229e-10
6.99874e-11
3.51252e-06
6.1048e-11
3.4859e-06
1.99066e-10
6.9961e-11
1.41257e-10
3.51251e-06
1.35991e-10
1.36031e-10
3.50234e-06
1.19245e-10
3.47786e-06
1.92986e-10
6.10189e-11
3.48585e-06
1.99068e-10
1.19192e-10
3.47782e-06
1.93008e-10
3.45792e-06
1.7136e-10
1.71309e-10
7.1853e-11
7.18765e-11
3.52362e-06
1.39461e-10
6.91002e-11
3.51239e-06
6.03036e-11
3.48579e-06
1.96683e-10
6.90731e-11
1.3949e-10
3.51237e-06
1.34314e-10
1.34354e-10
3.50221e-06
1.17829e-10
3.47774e-06
1.90723e-10
6.02738e-11
3.48573e-06
1.96687e-10
1.17775e-10
3.47771e-06
1.90745e-10
3.45782e-06
1.69424e-10
1.69373e-10
7.09346e-11
7.09594e-11
3.52348e-06
1.37727e-10
6.82311e-11
3.51225e-06
5.95753e-11
3.48567e-06
1.94345e-10
6.82032e-11
1.37759e-10
3.51223e-06
1.3267e-10
1.32711e-10
3.50208e-06
1.16443e-10
3.47763e-06
1.88503e-10
5.95445e-11
3.48561e-06
1.94352e-10
1.1639e-10
3.47759e-06
1.88525e-10
3.45772e-06
1.67529e-10
1.67477e-10
7.00343e-11
7.00605e-11
3.52334e-06
1.36027e-10
6.73797e-11
3.51212e-06
5.88625e-11
3.48556e-06
1.92053e-10
6.73509e-11
1.36061e-10
3.5121e-06
1.3106e-10
1.31101e-10
3.50195e-06
1.15088e-10
3.47752e-06
1.86325e-10
5.88308e-11
3.4855e-06
1.92062e-10
1.15033e-10
3.47748e-06
1.86348e-10
3.45762e-06
1.65672e-10
1.6562e-10
6.91519e-11
6.91794e-11
3.5232e-06
1.34362e-10
6.65454e-11
3.51199e-06
5.81655e-11
3.48544e-06
1.89804e-10
6.65156e-11
1.34397e-10
3.51197e-06
1.29481e-10
1.29524e-10
3.50183e-06
1.13762e-10
3.47741e-06
1.84189e-10
5.81328e-11
3.48539e-06
1.89815e-10
1.13707e-10
3.47737e-06
1.84213e-10
3.45752e-06
1.63854e-10
1.63802e-10
6.82869e-11
6.83158e-11
3.52306e-06
1.32729e-10
6.57278e-11
3.51186e-06
5.74852e-11
3.48533e-06
1.87596e-10
6.5697e-11
1.32767e-10
3.51184e-06
1.27934e-10
1.27978e-10
3.5017e-06
1.12466e-10
3.4773e-06
1.82094e-10
5.74516e-11
3.48527e-06
1.87609e-10
1.1241e-10
3.47726e-06
1.82119e-10
3.45742e-06
1.62075e-10
1.62022e-10
6.74392e-11
6.74692e-11
3.52293e-06
1.31129e-10
6.49265e-11
3.51173e-06
5.68207e-11
3.48522e-06
1.8543e-10
6.48948e-11
1.31168e-10
3.51171e-06
1.26418e-10
1.26463e-10
3.50158e-06
1.11199e-10
3.47719e-06
1.80038e-10
5.67863e-11
3.48516e-06
1.85445e-10
1.11143e-10
3.47715e-06
1.80064e-10
3.45732e-06
1.60335e-10
1.60282e-10
6.66081e-11
6.66393e-11
3.52279e-06
1.2956e-10
6.41413e-11
3.5116e-06
5.61705e-11
3.48511e-06
1.83305e-10
6.41087e-11
1.29602e-10
3.51158e-06
1.24932e-10
1.24978e-10
3.50146e-06
1.0996e-10
3.47708e-06
1.78022e-10
5.61353e-11
3.48505e-06
1.83322e-10
1.09903e-10
3.47705e-06
1.78049e-10
3.45722e-06
1.58631e-10
1.58577e-10
6.57934e-11
6.58257e-11
3.52266e-06
1.28023e-10
6.33717e-11
3.51148e-06
5.55341e-11
3.485e-06
1.8122e-10
6.33382e-11
1.28066e-10
3.51146e-06
1.23476e-10
1.23523e-10
3.50134e-06
1.08748e-10
3.47698e-06
1.76044e-10
5.54982e-11
3.48494e-06
1.81239e-10
1.08691e-10
3.47694e-06
1.76072e-10
3.45713e-06
1.56961e-10
1.56908e-10
6.49948e-11
6.5028e-11
3.52253e-06
1.26516e-10
6.26174e-11
3.51135e-06
5.4911e-11
3.48489e-06
1.79175e-10
6.25832e-11
1.2656e-10
3.51133e-06
1.22049e-10
1.22097e-10
3.50122e-06
1.07561e-10
3.47687e-06
1.74103e-10
5.48745e-11
3.48484e-06
1.79196e-10
1.07504e-10
3.47684e-06
1.74132e-10
3.45703e-06
1.55326e-10
1.55273e-10
6.42119e-11
6.4246e-11
3.5224e-06
1.25038e-10
6.18782e-11
3.51123e-06
5.43011e-11
3.48479e-06
1.77169e-10
6.18432e-11
1.25084e-10
3.51121e-06
1.20651e-10
1.207e-10
3.5011e-06
1.06401e-10
3.47677e-06
1.72198e-10
5.4264e-11
3.48473e-06
1.77191e-10
1.06343e-10
3.47673e-06
1.72228e-10
3.45694e-06
1.53725e-10
1.53672e-10
6.34443e-11
6.34793e-11
3.52228e-06
1.2359e-10
6.11537e-11
3.51111e-06
5.37039e-11
3.48468e-06
1.75202e-10
6.1118e-11
1.23637e-10
3.51109e-06
1.1928e-10
1.1933e-10
3.50099e-06
1.05266e-10
3.47667e-06
1.70329e-10
5.36662e-11
3.48462e-06
1.75225e-10
1.05207e-10
3.47663e-06
1.7036e-10
3.45684e-06
1.52157e-10
1.52103e-10
6.26917e-11
6.27275e-11
3.52215e-06
1.2217e-10
6.04435e-11
3.51099e-06
5.31192e-11
3.48458e-06
1.73272e-10
6.04072e-11
1.22218e-10
3.51097e-06
1.17937e-10
1.17988e-10
3.50087e-06
1.04155e-10
3.47657e-06
1.68495e-10
5.3081e-11
3.48452e-06
1.73296e-10
1.04096e-10
3.47653e-06
1.68527e-10
3.45675e-06
1.50621e-10
1.50568e-10
6.1954e-11
6.19904e-11
3.52203e-06
1.20778e-10
5.97473e-11
3.51087e-06
5.25466e-11
3.48447e-06
1.71378e-10
5.97105e-11
1.20827e-10
3.51085e-06
1.1662e-10
1.16672e-10
3.50076e-06
1.03069e-10
3.47647e-06
1.66696e-10
5.25081e-11
3.48442e-06
1.71404e-10
1.03009e-10
3.47643e-06
1.66728e-10
3.45666e-06
1.49117e-10
1.49064e-10
6.12306e-11
6.12676e-11
3.52191e-06
1.19413e-10
5.90649e-11
3.51075e-06
5.1986e-11
3.48437e-06
1.6952e-10
5.90276e-11
1.19463e-10
3.51073e-06
1.1533e-10
1.15382e-10
3.50064e-06
1.02006e-10
3.47637e-06
1.64929e-10
5.19471e-11
3.48432e-06
1.69548e-10
1.01946e-10
3.47633e-06
1.64963e-10
3.45657e-06
1.47645e-10
1.47591e-10
6.05213e-11
6.05588e-11
3.52179e-06
1.18075e-10
5.8396e-11
3.51064e-06
5.1437e-11
3.48427e-06
1.67698e-10
5.83583e-11
1.18126e-10
3.51062e-06
1.14065e-10
1.14118e-10
3.50053e-06
1.00966e-10
3.47627e-06
1.63196e-10
5.13978e-11
3.48421e-06
1.67726e-10
1.00906e-10
3.47623e-06
1.6323e-10
3.45648e-06
1.46203e-10
1.46149e-10
5.98258e-11
5.98636e-11
3.52167e-06
1.16763e-10
5.77401e-11
3.51052e-06
5.08993e-11
3.48417e-06
1.6591e-10
5.77022e-11
1.16815e-10
3.5105e-06
1.12825e-10
1.12879e-10
3.50042e-06
9.99493e-11
3.47617e-06
1.61494e-10
5.086e-11
3.48411e-06
1.65939e-10
9.98892e-11
3.47613e-06
1.61529e-10
3.45639e-06
1.44791e-10
1.44737e-10
5.91438e-11
5.91819e-11
3.52155e-06
1.15477e-10
5.70971e-11
3.51041e-06
5.03728e-11
3.48407e-06
1.64155e-10
5.70589e-11
1.1553e-10
3.51039e-06
1.1161e-10
1.11664e-10
3.50031e-06
9.89545e-11
3.47607e-06
1.59824e-10
5.03333e-11
3.48402e-06
1.64185e-10
9.88943e-11
3.47604e-06
1.59859e-10
3.4563e-06
1.43408e-10
1.43354e-10
5.8475e-11
5.85133e-11
3.52143e-06
1.14216e-10
5.64666e-11
3.51029e-06
4.98571e-11
3.48397e-06
1.62434e-10
5.64283e-11
1.14269e-10
3.51028e-06
1.10419e-10
1.10473e-10
3.50021e-06
9.79813e-11
3.47598e-06
1.58185e-10
4.98175e-11
3.48392e-06
1.62464e-10
9.79211e-11
3.47594e-06
1.5822e-10
3.45621e-06
1.42053e-10
1.42e-10
5.78191e-11
5.78576e-11
3.52131e-06
1.12979e-10
5.58484e-11
3.51018e-06
4.9352e-11
3.48388e-06
1.60744e-10
5.581e-11
1.13032e-10
3.51017e-06
1.09251e-10
1.09305e-10
3.5001e-06
9.70295e-11
3.47588e-06
1.56575e-10
4.93124e-11
3.48382e-06
1.60775e-10
9.69693e-11
3.47585e-06
1.5661e-10
3.45612e-06
1.40727e-10
1.40674e-10
5.71757e-11
5.72143e-11
3.5212e-06
1.11767e-10
5.52422e-11
3.51007e-06
4.88573e-11
3.48378e-06
1.59086e-10
5.52037e-11
1.1182e-10
3.51006e-06
1.08106e-10
1.0816e-10
3.49999e-06
9.60985e-11
3.47579e-06
1.54994e-10
4.88175e-11
3.48372e-06
1.59118e-10
9.60384e-11
3.47575e-06
1.5503e-10
3.45603e-06
1.39429e-10
1.39375e-10
5.65446e-11
5.65834e-11
3.52109e-06
1.10577e-10
5.46478e-11
3.50997e-06
4.83719e-11
3.48368e-06
1.5746e-10
5.46093e-11
1.10631e-10
3.50995e-06
1.06984e-10
1.07038e-10
3.49989e-06
9.5187e-11
3.47569e-06
1.53442e-10
4.83322e-11
3.48363e-06
1.57492e-10
9.51269e-11
3.47566e-06
1.53478e-10
3.45595e-06
1.38156e-10
1.38102e-10
5.59256e-11
5.59644e-11
3.52097e-06
1.0941e-10
5.4065e-11
3.50986e-06
4.78962e-11
3.48359e-06
1.55864e-10
5.40264e-11
1.09464e-10
3.50984e-06
1.05883e-10
1.05938e-10
3.49978e-06
9.42955e-11
3.4756e-06
1.51918e-10
4.78564e-11
3.48353e-06
1.55897e-10
9.42355e-11
3.47557e-06
1.51955e-10
3.45586e-06
1.36909e-10
1.36856e-10
5.53183e-11
5.53572e-11
3.52086e-06
1.08266e-10
5.34935e-11
3.50975e-06
4.74301e-11
3.4835e-06
1.54297e-10
5.34548e-11
1.0832e-10
3.50973e-06
1.04804e-10
1.04859e-10
3.49968e-06
9.34235e-11
3.47551e-06
1.50421e-10
4.73903e-11
3.48344e-06
1.54331e-10
9.33636e-11
3.47547e-06
1.50458e-10
3.45578e-06
1.35689e-10
1.35635e-10
5.47225e-11
5.47615e-11
3.52075e-06
1.07144e-10
5.29328e-11
3.50965e-06
4.69734e-11
3.4834e-06
1.5276e-10
5.28942e-11
1.07198e-10
3.50963e-06
1.03746e-10
1.03801e-10
3.49958e-06
9.25707e-11
3.47542e-06
1.48951e-10
4.69336e-11
3.48335e-06
1.52793e-10
9.25109e-11
3.47538e-06
1.48988e-10
3.45569e-06
1.34493e-10
1.3444e-10
5.4138e-11
5.41769e-11
3.52065e-06
1.06043e-10
5.23829e-11
3.50954e-06
4.6526e-11
3.48331e-06
1.5125e-10
5.23443e-11
1.06097e-10
3.50952e-06
1.02709e-10
1.02763e-10
3.49948e-06
9.17367e-11
3.47533e-06
1.47506e-10
4.64863e-11
3.48326e-06
1.51284e-10
9.16771e-11
3.47529e-06
1.47543e-10
3.45561e-06
1.33322e-10
1.3327e-10
5.35644e-11
5.36032e-11
3.52054e-06
1.04962e-10
5.18435e-11
3.50944e-06
4.60876e-11
3.48322e-06
1.49768e-10
5.18049e-11
1.05017e-10
3.50942e-06
1.01691e-10
1.01746e-10
3.49938e-06
9.09211e-11
3.47524e-06
1.46087e-10
4.60481e-11
3.48317e-06
1.49802e-10
9.08617e-11
3.4752e-06
1.46124e-10
3.45553e-06
1.32176e-10
1.32123e-10
5.30015e-11
5.30402e-11
3.52043e-06
1.03903e-10
5.13143e-11
3.50934e-06
4.56581e-11
3.48313e-06
1.48313e-10
5.12758e-11
1.03957e-10
3.50932e-06
1.00693e-10
1.00747e-10
3.49928e-06
9.01234e-11
3.47515e-06
1.44693e-10
4.56187e-11
3.48308e-06
1.48347e-10
9.00642e-11
3.47512e-06
1.4473e-10
3.45545e-06
1.31053e-10
1.31001e-10
5.2449e-11
5.24876e-11
3.52033e-06
1.02863e-10
5.0795e-11
3.50924e-06
4.52373e-11
3.48304e-06
1.46883e-10
5.07567e-11
1.02917e-10
3.50922e-06
9.97141e-11
9.97684e-11
3.49918e-06
8.93434e-11
3.47506e-06
1.43322e-10
4.51981e-11
3.48299e-06
1.46918e-10
8.92844e-11
3.47503e-06
1.43359e-10
3.45537e-06
1.29953e-10
1.29901e-10
5.19068e-11
5.19452e-11
3.52022e-06
1.01842e-10
5.02855e-11
3.50913e-06
4.4825e-11
3.48295e-06
1.4548e-10
5.02473e-11
1.01896e-10
3.50912e-06
9.87538e-11
9.88078e-11
3.49909e-06
8.85804e-11
3.47498e-06
1.41975e-10
4.47859e-11
3.4829e-06
1.45514e-10
8.85218e-11
3.47494e-06
1.42012e-10
3.45529e-06
1.28875e-10
1.28824e-10
5.13745e-11
5.14128e-11
3.52012e-06
1.0084e-10
4.97856e-11
3.50904e-06
4.4421e-11
3.48287e-06
1.44101e-10
4.97476e-11
1.00894e-10
3.50902e-06
9.78118e-11
9.78655e-11
3.49899e-06
8.78344e-11
3.47489e-06
1.40651e-10
4.43821e-11
3.48281e-06
1.44135e-10
8.7776e-11
3.47485e-06
1.40688e-10
3.45521e-06
1.2782e-10
1.27769e-10
5.08519e-11
5.08901e-11
3.52002e-06
9.98572e-11
4.92953e-11
3.50894e-06
4.40254e-11
3.48278e-06
1.42746e-10
4.92574e-11
9.9911e-11
3.50892e-06
9.68877e-11
9.69411e-11
3.49889e-06
8.71049e-11
3.47481e-06
1.3935e-10
4.39866e-11
3.48272e-06
1.42781e-10
8.70468e-11
3.47477e-06
1.39386e-10
3.45513e-06
1.26787e-10
1.26736e-10
5.03388e-11
5.03769e-11
3.51992e-06
9.88918e-11
4.88142e-11
3.50884e-06
4.3638e-11
3.48269e-06
1.41414e-10
4.87766e-11
9.89454e-11
3.50882e-06
9.59813e-11
9.60342e-11
3.4988e-06
8.63918e-11
3.47472e-06
1.3807e-10
4.35993e-11
3.48264e-06
1.41449e-10
8.6334e-11
3.47468e-06
1.38106e-10
3.45505e-06
1.25774e-10
1.25723e-10
4.9835e-11
4.98729e-11
3.51982e-06
9.79437e-11
4.83424e-11
3.50874e-06
4.32589e-11
3.48261e-06
1.40105e-10
4.8305e-11
9.79972e-11
3.50873e-06
9.5092e-11
9.51444e-11
3.49871e-06
8.56946e-11
3.47464e-06
1.36812e-10
4.32201e-11
3.48255e-06
1.40141e-10
8.56371e-11
3.4746e-06
1.36848e-10
3.45497e-06
1.24782e-10
1.24732e-10
4.93402e-11
4.9378e-11
3.51972e-06
9.70123e-11
4.78799e-11
3.50865e-06
4.2888e-11
3.48252e-06
1.38819e-10
4.78427e-11
9.70657e-11
3.50863e-06
9.42198e-11
9.42717e-11
3.49861e-06
8.50133e-11
3.47455e-06
1.35575e-10
4.28493e-11
3.48247e-06
1.38854e-10
8.49561e-11
3.47452e-06
1.3561e-10
3.45489e-06
1.23811e-10
1.23761e-10
4.88542e-11
4.88919e-11
3.51962e-06
9.60972e-11
4.74264e-11
3.50855e-06
4.25253e-11
3.48244e-06
1.37553e-10
4.73894e-11
9.61504e-11
3.50854e-06
9.33641e-11
9.34155e-11
3.49852e-06
8.43476e-11
3.47447e-06
1.34358e-10
4.24865e-11
3.48238e-06
1.37588e-10
8.42906e-11
3.47443e-06
1.34393e-10
3.45481e-06
1.22859e-10
1.22809e-10
4.83768e-11
4.84143e-11
3.51953e-06
9.5198e-11
4.69817e-11
3.50846e-06
4.21703e-11
3.48235e-06
1.36308e-10
4.69449e-11
9.52509e-11
3.50844e-06
9.25246e-11
9.25753e-11
3.49843e-06
8.36968e-11
3.47439e-06
1.33161e-10
4.21316e-11
3.4823e-06
1.36343e-10
8.36402e-11
3.47435e-06
1.33195e-10
3.45474e-06
1.21927e-10
1.21877e-10
4.79078e-11
4.7945e-11
3.51943e-06
9.43143e-11
4.65455e-11
3.50837e-06
4.1823e-11
3.48227e-06
1.35083e-10
4.6509e-11
9.43669e-11
3.50835e-06
9.17007e-11
9.17509e-11
3.49834e-06
8.30608e-11
3.47431e-06
1.31983e-10
4.17844e-11
3.48222e-06
1.35119e-10
8.30046e-11
3.47427e-06
1.32017e-10
3.45466e-06
1.21013e-10
1.20964e-10
4.7447e-11
4.74839e-11
3.51934e-06
9.34459e-11
4.61174e-11
3.50827e-06
4.14826e-11
3.48219e-06
1.33878e-10
4.60813e-11
9.3498e-11
3.50826e-06
9.08919e-11
9.09417e-11
3.49825e-06
8.24389e-11
3.47423e-06
1.30823e-10
4.14444e-11
3.48214e-06
1.33914e-10
8.23831e-11
3.47419e-06
1.30857e-10
3.45459e-06
1.20118e-10
1.20069e-10
4.69942e-11
4.70306e-11
3.51924e-06
9.25923e-11
4.56971e-11
3.50818e-06
4.11489e-11
3.48211e-06
1.32693e-10
4.56612e-11
9.2644e-11
3.50817e-06
9.00975e-11
9.01469e-11
3.49816e-06
8.18305e-11
3.47415e-06
1.29681e-10
4.11111e-11
3.48206e-06
1.32728e-10
8.1775e-11
3.47411e-06
1.29715e-10
3.45451e-06
1.1924e-10
1.19191e-10
4.65491e-11
4.65849e-11
3.51915e-06
9.17535e-11
4.52839e-11
3.50809e-06
4.08212e-11
3.48203e-06
1.31526e-10
4.52485e-11
9.18046e-11
3.50808e-06
8.93171e-11
8.93662e-11
3.49807e-06
8.1235e-11
3.47407e-06
1.28557e-10
4.07839e-11
3.48198e-06
1.31561e-10
8.118e-11
3.47403e-06
1.2859e-10
3.45444e-06
1.18379e-10
1.1833e-10
4.61114e-11
4.61465e-11
3.51906e-06
9.0929e-11
4.48775e-11
3.508e-06
4.0499e-11
3.48195e-06
1.30379e-10
4.48426e-11
9.09794e-11
3.50799e-06
8.85498e-11
8.85987e-11
3.49799e-06
8.06518e-11
3.47399e-06
1.27448e-10
4.04624e-11
3.4819e-06
1.30413e-10
8.05972e-11
3.47395e-06
1.27481e-10
3.45436e-06
1.17534e-10
1.17485e-10
4.56808e-11
4.57153e-11
3.51896e-06
9.01185e-11
4.44776e-11
3.50791e-06
4.0182e-11
3.48187e-06
1.29249e-10
4.44431e-11
9.01681e-11
3.5079e-06
8.77953e-11
8.7844e-11
3.4979e-06
8.00803e-11
3.47391e-06
1.26355e-10
4.01461e-11
3.48182e-06
1.29283e-10
8.00263e-11
3.47387e-06
1.26389e-10
3.45429e-06
1.16704e-10
1.16656e-10
4.52573e-11
4.52911e-11
3.51887e-06
8.93217e-11
4.40837e-11
3.50783e-06
3.98697e-11
3.48179e-06
1.28137e-10
4.40496e-11
8.93706e-11
3.50781e-06
8.70531e-11
8.71016e-11
3.49781e-06
7.95202e-11
3.47383e-06
1.25277e-10
3.98346e-11
3.48174e-06
1.28171e-10
7.94665e-11
3.47379e-06
1.25311e-10
3.45422e-06
1.1589e-10
1.15842e-10
4.48404e-11
4.48735e-11
3.51878e-06
8.85381e-11
4.36955e-11
3.50774e-06
3.95619e-11
3.48171e-06
1.27043e-10
4.3662e-11
8.85862e-11
3.50772e-06
8.63225e-11
8.63708e-11
3.49773e-06
7.89707e-11
3.47375e-06
1.24214e-10
3.95275e-11
3.48166e-06
1.27076e-10
7.89176e-11
3.47372e-06
1.24248e-10
3.45415e-06
1.1509e-10
1.15042e-10
4.44299e-11
4.44623e-11
3.5187e-06
8.77673e-11
4.33128e-11
3.50765e-06
3.92583e-11
3.48163e-06
1.25965e-10
4.32797e-11
8.78147e-11
3.50764e-06
8.56033e-11
8.56513e-11
3.49764e-06
7.84316e-11
3.47368e-06
1.23165e-10
3.92246e-11
3.48158e-06
1.25997e-10
7.83789e-11
3.47364e-06
1.23199e-10
3.45407e-06
1.14304e-10
1.14256e-10
4.40257e-11
4.40574e-11
3.51861e-06
8.7009e-11
4.29353e-11
3.50757e-06
3.89586e-11
3.48156e-06
1.24903e-10
4.29027e-11
8.70556e-11
3.50755e-06
8.48949e-11
8.49426e-11
3.49756e-06
7.79024e-11
3.4736e-06
1.22129e-10
3.89257e-11
3.48151e-06
1.24935e-10
7.78502e-11
3.47356e-06
1.22163e-10
3.454e-06
1.13531e-10
1.13484e-10
4.36275e-11
4.36584e-11
3.51852e-06
8.62627e-11
4.25627e-11
3.50748e-06
3.86626e-11
3.48148e-06
1.23857e-10
4.25307e-11
8.63085e-11
3.50746e-06
8.41968e-11
8.42443e-11
3.49748e-06
7.73827e-11
3.47352e-06
1.21106e-10
3.86305e-11
3.48143e-06
1.23889e-10
7.7331e-11
3.47349e-06
1.2114e-10
3.45393e-06
1.12771e-10
1.12724e-10
4.3235e-11
4.32652e-11
3.51843e-06
8.55279e-11
4.21949e-11
3.5074e-06
3.83701e-11
3.48141e-06
1.22826e-10
4.21634e-11
8.55729e-11
3.50738e-06
8.35086e-11
8.35558e-11
3.49739e-06
7.68721e-11
3.47345e-06
1.20095e-10
3.83387e-11
3.48135e-06
1.22857e-10
7.68208e-11
3.47341e-06
1.20129e-10
3.45386e-06
1.12023e-10
1.11976e-10
4.28481e-11
4.28775e-11
3.51835e-06
8.48043e-11
4.18315e-11
3.50731e-06
3.80808e-11
3.48133e-06
1.21809e-10
4.18006e-11
8.48484e-11
3.5073e-06
8.283e-11
8.28769e-11
3.49731e-06
7.63701e-11
3.47337e-06
1.19095e-10
3.80502e-11
3.48128e-06
1.2184e-10
7.63193e-11
3.47334e-06
1.19129e-10
3.45379e-06
1.11287e-10
1.11239e-10
4.24665e-11
4.24951e-11
3.51826e-06
8.40913e-11
4.14724e-11
3.50723e-06
3.77944e-11
3.48126e-06
1.20807e-10
4.1442e-11
8.41345e-11
3.50721e-06
8.21605e-11
8.2207e-11
3.49723e-06
7.58764e-11
3.4733e-06
1.18106e-10
3.77646e-11
3.4812e-06
1.20837e-10
7.58261e-11
3.47326e-06
1.18141e-10
3.45372e-06
1.10562e-10
1.10514e-10
4.209e-11
4.21177e-11
3.51818e-06
8.33884e-11
4.11173e-11
3.50715e-06
3.75105e-11
3.48118e-06
1.19816e-10
4.10875e-11
8.34308e-11
3.50713e-06
8.14995e-11
8.15457e-11
3.49715e-06
7.53905e-11
3.47323e-06
1.17128e-10
3.74817e-11
3.48113e-06
1.19846e-10
7.53406e-11
3.47319e-06
1.17162e-10
3.45365e-06
1.09847e-10
1.09799e-10
4.17184e-11
4.17451e-11
3.5181e-06
8.26954e-11
4.07659e-11
3.50707e-06
3.72291e-11
3.48111e-06
1.18839e-10
4.07368e-11
8.27368e-11
3.50705e-06
8.08467e-11
8.08926e-11
3.49707e-06
7.49119e-11
3.47315e-06
1.16159e-10
3.72013e-11
3.48106e-06
1.18868e-10
7.48625e-11
3.47312e-06
1.16193e-10
3.45359e-06
1.09142e-10
1.09094e-10
4.13514e-11
4.1377e-11
3.51801e-06
8.20119e-11
4.04178e-11
3.50698e-06
3.69494e-11
3.48104e-06
1.17873e-10
4.03895e-11
8.20521e-11
3.50697e-06
8.02016e-11
8.02471e-11
3.49699e-06
7.444e-11
3.47308e-06
1.152e-10
3.69228e-11
3.48098e-06
1.17902e-10
7.43912e-11
3.47305e-06
1.15234e-10
3.45352e-06
1.08446e-10
1.08397e-10
4.09889e-11
4.10132e-11
3.51793e-06
8.13373e-11
4.00726e-11
3.5069e-06
3.6671e-11
3.48096e-06
1.16918e-10
4.00451e-11
8.13763e-11
3.50689e-06
7.95634e-11
7.96085e-11
3.49691e-06
7.39743e-11
3.47301e-06
1.14248e-10
3.66459e-11
3.48091e-06
1.16947e-10
7.3926e-11
3.47297e-06
1.14282e-10
3.45345e-06
1.07759e-10
1.07709e-10
4.06305e-11
4.06535e-11
3.51785e-06
8.06714e-11
3.97299e-11
3.50682e-06
3.63936e-11
3.48089e-06
1.15975e-10
3.97032e-11
8.07092e-11
3.50681e-06
7.89316e-11
7.89763e-11
3.49683e-06
7.35142e-11
3.47294e-06
1.13305e-10
3.63698e-11
3.48084e-06
1.16002e-10
7.34665e-11
3.4729e-06
1.13338e-10
3.45338e-06
1.07079e-10
1.07029e-10
4.02758e-11
4.02977e-11
3.51777e-06
8.00136e-11
3.93897e-11
3.50674e-06
3.61171e-11
3.48082e-06
1.15041e-10
3.93638e-11
8.00502e-11
3.50673e-06
7.83058e-11
7.83501e-11
3.49675e-06
7.30593e-11
3.47287e-06
1.12368e-10
3.60945e-11
3.48077e-06
1.15068e-10
7.30121e-11
3.47283e-06
1.12402e-10
3.45332e-06
1.06406e-10
1.06356e-10
3.99246e-11
3.99458e-11
3.51769e-06
7.9363e-11
3.90519e-11
3.50667e-06
3.58417e-11
3.48075e-06
1.14116e-10
3.90266e-11
7.93988e-11
3.50665e-06
7.76857e-11
7.77294e-11
3.49668e-06
7.26092e-11
3.4728e-06
1.11437e-10
3.58199e-11
3.4807e-06
1.14142e-10
7.25624e-11
3.47276e-06
1.11471e-10
3.45325e-06
1.0574e-10
1.05689e-10
3.95766e-11
3.95975e-11
3.51761e-06
7.87189e-11
3.87166e-11
3.50659e-06
3.55678e-11
3.48068e-06
1.13199e-10
3.86917e-11
7.87543e-11
3.50657e-06
7.70708e-11
7.7114e-11
3.4966e-06
7.21636e-11
3.47273e-06
1.10512e-10
3.55462e-11
3.48063e-06
1.13226e-10
7.2117e-11
3.47269e-06
1.10546e-10
3.45318e-06
1.05078e-10
1.05027e-10
3.92316e-11
3.92525e-11
3.51753e-06
7.80807e-11
3.83841e-11
3.50651e-06
3.52956e-11
3.48061e-06
1.1229e-10
3.83595e-11
7.81159e-11
3.50649e-06
7.6461e-11
7.65036e-11
3.49652e-06
7.17222e-11
3.47266e-06
1.09592e-10
3.52737e-11
3.48056e-06
1.12317e-10
7.16757e-11
3.47262e-06
1.09625e-10
3.45312e-06
1.04422e-10
1.04371e-10
3.88894e-11
3.89106e-11
3.51745e-06
7.74478e-11
3.80544e-11
3.50643e-06
3.50252e-11
3.48054e-06
1.11388e-10
3.80299e-11
7.7483e-11
3.50642e-06
7.58562e-11
7.5898e-11
3.49645e-06
7.12846e-11
3.47259e-06
1.08676e-10
3.50028e-11
3.48049e-06
1.11414e-10
7.12382e-11
3.47255e-06
1.0871e-10
3.45305e-06
1.03769e-10
1.03718e-10
3.85499e-11
3.85715e-11
3.51738e-06
7.68193e-11
3.77275e-11
3.50636e-06
3.47567e-11
3.48047e-06
1.1049e-10
3.77031e-11
7.68546e-11
3.50634e-06
7.52556e-11
7.52968e-11
3.49637e-06
7.08502e-11
3.47252e-06
1.07764e-10
3.47335e-11
3.48042e-06
1.10517e-10
7.08039e-11
3.47248e-06
1.07797e-10
3.45299e-06
1.0312e-10
1.03069e-10
3.82128e-11
3.82347e-11
3.5173e-06
7.61946e-11
3.74032e-11
3.50628e-06
3.44896e-11
3.48041e-06
1.09597e-10
3.73788e-11
7.623e-11
3.50627e-06
7.46588e-11
7.46992e-11
3.4963e-06
7.04186e-11
3.47245e-06
1.06854e-10
3.44657e-11
3.48035e-06
1.09624e-10
7.03723e-11
3.47242e-06
1.06887e-10
3.45292e-06
1.02473e-10
1.02422e-10
3.78779e-11
3.79001e-11
3.51722e-06
7.55732e-11
3.70813e-11
3.50621e-06
3.42239e-11
3.48034e-06
1.08708e-10
3.70569e-11
7.56088e-11
3.50619e-06
7.40652e-11
7.41049e-11
3.49622e-06
6.9989e-11
3.47238e-06
1.05947e-10
3.41993e-11
3.48029e-06
1.08735e-10
6.99428e-11
3.47235e-06
1.05979e-10
3.45286e-06
1.01827e-10
1.01777e-10
3.75449e-11
3.75675e-11
3.51715e-06
7.49545e-11
3.67616e-11
3.50613e-06
3.39592e-11
3.48027e-06
1.07821e-10
3.67371e-11
7.49901e-11
3.50612e-06
7.34744e-11
7.35135e-11
3.49615e-06
6.95608e-11
3.47232e-06
1.0504e-10
3.39341e-11
3.48022e-06
1.07848e-10
6.95149e-11
3.47228e-06
1.05072e-10
3.4528e-06
1.01182e-10
1.01132e-10
3.72134e-11
3.72362e-11
3.51707e-06
7.43376e-11
3.64435e-11
3.50606e-06
3.36952e-11
3.48021e-06
1.06936e-10
3.64191e-11
7.43733e-11
3.50604e-06
7.28854e-11
7.29239e-11
3.49608e-06
6.91331e-11
3.47225e-06
1.04133e-10
3.36695e-11
3.48015e-06
1.06963e-10
6.90874e-11
3.47221e-06
1.04165e-10
3.45273e-06
1.00535e-10
1.00486e-10
3.6883e-11
3.69061e-11
3.517e-06
7.37219e-11
3.61267e-11
3.50599e-06
3.34312e-11
3.48014e-06
1.06051e-10
3.61023e-11
7.37575e-11
3.50597e-06
7.22974e-11
7.23353e-11
3.496e-06
6.87052e-11
3.47218e-06
1.03225e-10
3.34051e-11
3.48009e-06
1.06078e-10
6.86596e-11
3.47215e-06
1.03257e-10
3.45267e-06
9.98871e-11
9.98386e-11
3.65534e-11
3.65766e-11
3.51693e-06
7.31064e-11
3.58106e-11
3.50592e-06
3.31668e-11
3.48007e-06
1.05165e-10
3.57863e-11
7.31421e-11
3.5059e-06
7.17095e-11
7.17469e-11
3.49593e-06
6.82759e-11
3.47212e-06
1.02315e-10
3.31404e-11
3.48002e-06
1.05192e-10
6.82305e-11
3.47208e-06
1.02346e-10
3.45261e-06
9.92355e-11
9.91872e-11
3.62239e-11
3.62473e-11
3.51686e-06
7.24902e-11
3.54949e-11
3.50584e-06
3.29016e-11
3.48001e-06
1.04276e-10
3.54706e-11
7.25258e-11
3.50583e-06
7.11209e-11
7.11577e-11
3.49586e-06
6.78444e-11
3.47205e-06
1.01401e-10
3.2875e-11
3.47996e-06
1.04304e-10
6.77992e-11
3.47202e-06
1.01432e-10
3.45255e-06
9.85792e-11
9.85311e-11
3.58938e-11
3.59172e-11
3.51678e-06
7.18713e-11
3.51786e-11
3.50577e-06
3.26346e-11
3.47995e-06
1.03383e-10
3.51544e-11
7.19068e-11
3.50576e-06
7.05297e-11
7.05659e-11
3.49579e-06
6.74084e-11
3.47199e-06
1.00481e-10
3.26078e-11
3.47989e-06
1.0341e-10
6.73633e-11
3.47195e-06
1.00512e-10
3.45249e-06
9.79152e-11
9.78672e-11
3.55607e-11
3.55841e-11
3.51671e-06
7.12457e-11
3.48595e-11
3.5057e-06
3.23638e-11
3.47988e-06
1.02479e-10
3.48356e-11
7.12809e-11
3.50569e-06
6.99319e-11
6.99674e-11
3.49572e-06
6.69637e-11
3.47192e-06
9.95509e-11
3.23368e-11
3.47983e-06
1.02506e-10
6.69189e-11
3.47189e-06
9.95808e-11
3.45243e-06
9.7238e-11
9.71902e-11
3.52199e-11
3.52432e-11
3.51664e-06
7.06038e-11
3.45331e-11
3.50563e-06
3.20845e-11
3.47982e-06
1.01552e-10
3.45095e-11
7.06386e-11
3.50562e-06
6.93187e-11
6.93534e-11
3.49565e-06
6.65015e-11
3.47186e-06
9.85977e-11
3.20575e-11
3.47977e-06
1.01579e-10
6.64569e-11
3.47182e-06
9.86272e-11
3.45237e-06
9.65357e-11
9.64881e-11
3.4858e-11
3.48812e-11
3.51657e-06
6.99202e-11
3.4187e-11
3.50556e-06
3.17849e-11
3.47976e-06
1.00567e-10
3.41636e-11
6.99547e-11
3.50555e-06
6.86662e-11
6.87001e-11
3.49558e-06
6.59964e-11
3.4718e-06
9.75925e-11
3.17578e-11
3.4797e-06
1.00594e-10
6.59522e-11
3.47176e-06
9.76214e-11
3.45231e-06
9.57757e-11
9.57281e-11
3.4445e-11
3.44679e-11
3.5165e-06
6.91371e-11
3.37927e-11
3.50549e-06
3.14362e-11
3.47969e-06
9.94477e-11
3.37697e-11
6.9171e-11
3.50548e-06
6.79198e-11
6.79525e-11
3.49551e-06
6.5389e-11
3.47173e-06
9.64662e-11
3.14091e-11
3.47964e-06
9.94744e-11
6.53452e-11
3.4717e-06
9.64941e-11
3.45225e-06
9.48797e-11
9.48322e-11
3.38789e-11
3.39016e-11
3.51644e-06
6.80588e-11
3.32548e-11
3.50543e-06
3.09485e-11
3.47963e-06
9.79264e-11
3.32322e-11
6.80921e-11
3.50541e-06
6.68963e-11
6.6928e-11
3.49545e-06
6.4496e-11
3.47167e-06
9.49803e-11
3.09215e-11
3.47958e-06
9.79527e-11
6.44528e-11
3.47164e-06
9.50074e-11
3.45219e-06
9.36041e-11
9.35568e-11
3.30031e-11
3.30254e-11
3.51637e-06
6.63683e-11
3.24184e-11
3.50536e-06
3.01545e-11
3.47957e-06
9.55607e-11
3.23963e-11
6.6401e-11
3.50534e-06
6.52838e-11
6.53144e-11
3.49538e-06
6.29593e-11
3.47161e-06
9.27267e-11
3.01276e-11
3.47952e-06
9.55869e-11
6.29166e-11
3.47158e-06
9.2753e-11
3.45213e-06
9.14657e-11
9.14185e-11
3.09931e-11
3.10146e-11
3.51631e-06
6.24641e-11
3.05193e-11
3.5053e-06
2.83456e-11
3.47952e-06
9.01043e-11
3.04981e-11
6.24953e-11
3.50528e-06
6.15952e-11
6.16239e-11
3.49532e-06
5.92767e-11
3.47156e-06
8.77264e-11
2.83193e-11
3.47947e-06
9.01293e-11
5.92354e-11
3.47152e-06
8.77508e-11
3.45208e-06
8.6387e-11
8.63406e-11
2.80298e-11
2.80512e-11
3.51625e-06
5.62666e-11
2.7574e-11
3.50524e-06
2.51701e-11
3.47947e-06
8.09785e-11
2.75531e-11
5.62984e-11
3.50523e-06
5.54438e-11
5.54721e-11
3.49526e-06
5.24269e-11
3.4715e-06
7.89706e-11
2.51433e-11
3.47942e-06
8.10064e-11
5.23852e-11
3.47147e-06
7.89962e-11
3.45203e-06
7.64491e-11
7.64002e-11
1.74255e-11
1.74343e-11
3.42542e-11
1.76993e-11
1.59898e-11
4.85685e-11
1.76909e-11
3.42655e-11
3.48735e-11
3.48824e-11
3.18007e-11
4.96999e-11
1.5976e-11
4.8577e-11
3.1779e-11
4.97062e-11
4.57789e-11
4.57529e-11
-4.57002e-10
-5.62737e-09
2.72751e-06
-5.71173e-10
-5.71131e-09
2.4671e-06
-6.86604e-09
1.96643e-06
7.38202e-19
-4.7131e-10
-7.94711e-09
2.94398e-06
-5.27746e-10
-8.28529e-09
2.69678e-06
-9.71468e-09
2.22577e-06
7.85895e-19
-5.05553e-10
-1.05819e-08
3.08473e-06
-5.68123e-10
-1.12173e-08
2.85064e-06
-1.29985e-08
2.40816e-06
8.03078e-19
-5.47742e-10
-1.35043e-08
3.16389e-06
-6.23363e-10
-1.4483e-08
2.94268e-06
-1.67149e-08
2.52752e-06
7.43637e-19
-5.94704e-10
-1.67058e-08
3.19334e-06
-6.80846e-10
-1.80797e-08
2.98469e-06
-2.08576e-08
2.59562e-06
6.91013e-19
-6.32757e-10
-2.01524e-08
3.18299e-06
-7.47585e-10
-2.1954e-08
2.98653e-06
-2.54114e-08
2.62229e-06
5.65439e-19
-6.78892e-10
-2.39254e-08
3.14128e-06
-8.09343e-10
-2.62029e-08
2.95658e-06
-3.04439e-08
2.61589e-06
3.88098e-19
-6.34088e-10
-2.7885e-08
3.07483e-06
-8.35987e-10
-3.05578e-08
2.90143e-06
-3.57346e-08
2.58308e-06
2.51613e-19
-1.37799e-09
-3.02569e-08
2.98864e-06
-1.74734e-09
-3.3832e-08
2.82595e-06
-4.07391e-08
2.52837e-06
1.5057e-19
6.03252e-10
2.85471e-06
5.5377e-10
2.69948e-06
2.41573e-06
1.17854e-19
-6.38531e-10
-8.33677e-09
2.73096e-06
-7.87895e-10
-8.46256e-09
2.47024e-06
-9.57813e-09
1.96897e-06
1.32994e-18
-6.39933e-10
-1.14768e-08
2.94776e-06
-7.38975e-10
-1.18514e-08
2.70027e-06
-1.32406e-08
2.2287e-06
1.36647e-18
-6.65438e-10
-1.4832e-08
3.08875e-06
-7.63889e-10
-1.54944e-08
2.85438e-06
-1.7214e-08
2.41137e-06
1.28397e-18
-6.95237e-10
-1.83122e-08
3.16807e-06
-8.00024e-10
-1.92982e-08
2.94659e-06
-2.14227e-08
2.53093e-06
1.13624e-18
-7.21785e-10
-2.18383e-08
3.19759e-06
-8.29273e-10
-2.31848e-08
2.98869e-06
-2.57798e-08
2.59915e-06
9.14893e-19
-7.37596e-10
-2.53572e-08
3.18724e-06
-8.81171e-10
-2.70556e-08
2.99055e-06
-3.02422e-08
2.62587e-06
6.08579e-19
-7.82929e-10
-2.87267e-08
3.14543e-06
-9.28638e-10
-3.08379e-08
2.9605e-06
-3.47084e-08
2.61943e-06
1.7319e-19
-6.035e-10
-3.23198e-08
3.07902e-06
-7.73234e-10
-3.46307e-08
2.90539e-06
-3.90259e-08
2.58663e-06
-1.53015e-19
-1.61474e-09
-3.24408e-08
2.99038e-06
-2.01812e-09
-3.54785e-08
2.8272e-06
-4.11989e-08
2.52853e-06
-3.3641e-19
2.42953e-10
2.82202e-06
1.87605e-10
2.66405e-06
2.37472e-06
-3.3157e-19
-7.89457e-10
-1.07101e-08
2.73533e-06
-9.64376e-10
-1.0905e-08
2.4742e-06
-1.19916e-08
1.97214e-06
2.23337e-18
-7.79104e-10
-1.46704e-08
2.9525e-06
-9.11966e-10
-1.5124e-08
2.70462e-06
-1.65053e-08
2.2323e-06
2.30267e-18
-7.97e-10
-1.88521e-08
3.09373e-06
-9.26248e-10
-1.96041e-08
2.85899e-06
-2.13323e-08
2.41527e-06
2.21006e-18
-8.17332e-10
-2.31429e-08
3.17318e-06
-9.50338e-10
-2.42283e-08
2.95134e-06
-2.6374e-08
2.53502e-06
1.98758e-18
-8.35465e-10
-2.74484e-08
3.20273e-06
-9.64959e-10
-2.891e-08
2.9935e-06
-3.1533e-08
2.60334e-06
1.68146e-18
-8.48229e-10
-3.17274e-08
3.19237e-06
-1.01538e-09
-3.35608e-08
2.99536e-06
-3.67979e-08
2.63012e-06
1.25968e-18
-9.20323e-10
-3.58075e-08
3.15043e-06
-1.10192e-09
-3.80988e-08
2.96522e-06
-4.21133e-08
2.62365e-06
7.20131e-19
-6.76677e-10
-4.01589e-08
3.08405e-06
-8.47882e-10
-4.26543e-08
2.91012e-06
-4.71126e-08
2.59078e-06
2.38631e-19
-1.75175e-09
-3.97171e-08
2.99169e-06
-2.17857e-09
-4.26805e-08
2.82765e-06
-4.786e-08
2.5271e-06
-1.16821e-19
-4.58782e-11
2.78235e-06
-1.78597e-10
2.62151e-06
2.32669e-06
-1.81533e-19
-8.83837e-10
-1.25587e-08
2.74041e-06
-1.07069e-09
-1.2803e-08
2.4788e-06
-1.37887e-08
1.97582e-06
2.29682e-18
-8.60105e-10
-1.71935e-08
2.958e-06
-1.01441e-09
-1.76871e-08
2.70966e-06
-1.8964e-08
2.23646e-06
2.30316e-18
-8.6728e-10
-2.20863e-08
3.09949e-06
-1.01498e-09
-2.28663e-08
2.86432e-06
-2.4481e-08
2.41977e-06
2.03614e-18
-8.76928e-10
-2.71165e-08
3.17908e-06
-1.02476e-09
-2.82158e-08
2.95684e-06
-3.02315e-08
2.53975e-06
1.67662e-18
-8.87572e-10
-3.21826e-08
3.20868e-06
-1.02728e-09
-3.36459e-08
2.99907e-06
-3.61135e-08
2.6082e-06
1.16191e-18
-8.95441e-10
-3.72406e-08
3.19832e-06
-1.06656e-09
-3.9068e-08
3.00096e-06
-4.21104e-08
2.63505e-06
5.07667e-19
-9.91998e-10
-4.20739e-08
3.15626e-06
-1.19117e-09
-4.43594e-08
2.97071e-06
-4.81838e-08
2.62853e-06
-3.54541e-19
-7.35058e-10
-4.697e-08
3.08968e-06
-9.03237e-10
-4.94296e-08
2.91536e-06
-5.35541e-08
2.59525e-06
-1.04088e-18
-1.75122e-09
-4.51396e-08
2.99161e-06
-2.16178e-09
-4.76935e-08
2.82633e-06
-5.17845e-08
2.52316e-06
-1.32799e-18
-2.4093e-10
2.73745e-06
-3.94099e-10
2.57397e-06
2.27451e-06
-1.26804e-18
-9.37689e-10
-1.39557e-08
2.74601e-06
-1.12645e-09
-1.4226e-08
2.48388e-06
-1.50613e-08
1.97986e-06
3.36899e-18
-8.98928e-10
-1.91089e-08
2.96405e-06
-1.06562e-09
-1.9604e-08
2.71521e-06
-2.07011e-08
2.24104e-06
3.38256e-18
-8.93389e-10
-2.45529e-08
3.10583e-06
-1.05328e-09
-2.53008e-08
2.87017e-06
-2.67002e-08
2.42471e-06
3.10728e-18
-8.91119e-10
-3.01592e-08
3.18558e-06
-1.0456e-09
-3.11898e-08
2.96289e-06
-3.29372e-08
2.54494e-06
2.59776e-18
-8.93668e-10
-3.58189e-08
3.21524e-06
-1.03877e-09
-3.7172e-08
3.0052e-06
-3.93111e-08
2.61353e-06
2.0036e-18
-8.96277e-10
-4.14761e-08
3.20488e-06
-1.05824e-09
-4.31627e-08
3.00711e-06
-4.5784e-08
2.64047e-06
1.17817e-18
-1.00114e-09
-4.69049e-08
3.16269e-06
-1.19985e-09
-4.90165e-08
2.97677e-06
-5.23435e-08
2.63389e-06
1.50887e-19
-7.69659e-10
-5.20854e-08
3.09563e-06
-9.32625e-10
-5.43223e-08
2.92083e-06
-5.77806e-08
2.59975e-06
-6.61204e-19
-1.65668e-09
-4.83424e-08
2.98952e-06
-2.03138e-09
-5.0313e-08
2.82269e-06
-5.30898e-08
2.51644e-06
-1.04106e-18
-3.55451e-10
2.68947e-06
-5.12519e-10
2.52381e-06
2.2209e-06
-1.05327e-18
-9.6188e-10
-1.49675e-08
2.75199e-06
-1.14762e-09
-1.52459e-08
2.48928e-06
-1.59143e-08
1.98416e-06
3.00823e-18
-9.08911e-10
-2.05026e-08
2.97049e-06
-1.08182e-09
-2.09744e-08
2.72111e-06
-2.18612e-08
2.2459e-06
2.8667e-18
-8.91108e-10
-2.63563e-08
3.11258e-06
-1.05807e-09
-2.70389e-08
2.8764e-06
-2.81781e-08
2.42997e-06
2.36548e-18
-8.77508e-10
-3.23934e-08
3.19249e-06
-1.0356e-09
-3.33108e-08
2.96932e-06
-3.47333e-08
2.55046e-06
1.69876e-18
-8.72257e-10
-3.84993e-08
3.22221e-06
-1.01982e-09
-3.96856e-08
3.01172e-06
-4.14265e-08
2.61921e-06
8.40161e-19
-8.69849e-10
-4.46034e-08
3.21185e-06
-1.0216e-09
-4.60778e-08
3.01365e-06
-4.81972e-08
2.64622e-06
-1.92771e-19
-9.65776e-10
-5.04899e-08
3.16954e-06
-1.15241e-09
-5.23312e-08
2.98321e-06
-5.50244e-08
2.63956e-06
-1.46979e-18
-7.88861e-10
-5.57236e-08
3.10166e-06
-9.44936e-10
-5.76246e-08
2.92627e-06
-6.02597e-08
2.60404e-06
-2.31382e-18
-1.51013e-09
-4.9777e-08
2.98508e-06
-1.84315e-09
-5.11168e-08
2.81652e-06
-5.26182e-08
2.50696e-06
-2.52392e-18
-4.10852e-10
2.6401e-06
-5.60255e-10
2.47284e-06
2.16773e-06
-2.42856e-18
-9.652e-10
-1.56531e-08
2.7582e-06
-1.1459e-09
-1.59262e-08
2.4949e-06
-1.64322e-08
1.98864e-06
5.2361e-18
-8.99809e-10
-2.14529e-08
2.97719e-06
-1.07488e-09
-2.18854e-08
2.72724e-06
-2.25624e-08
2.25096e-06
5.12517e-18
-8.71261e-10
-2.75927e-08
3.11959e-06
-1.04172e-09
-2.81915e-08
2.88288e-06
-2.90681e-08
2.43544e-06
4.73677e-18
-8.47657e-10
-3.39323e-08
3.19968e-06
-1.00677e-09
-3.47153e-08
2.976e-06
-3.5809e-08
2.55619e-06
4.08686e-18
-8.34914e-10
-4.03525e-08
3.22947e-06
-9.82315e-10
-4.1348e-08
3.0185e-06
-4.26842e-08
2.6251e-06
3.31416e-18
-8.28808e-10
-4.67658e-08
3.21909e-06
-9.71989e-10
-4.79974e-08
3.02045e-06
-4.9615e-08
2.65217e-06
2.2846e-18
-9.00391e-10
-5.29738e-08
3.17665e-06
-1.06957e-09
-5.44968e-08
2.98988e-06
-5.65282e-08
2.64541e-06
9.91293e-19
-7.96399e-10
-5.80449e-08
3.10752e-06
-9.46259e-10
-5.95519e-08
2.93148e-06
-6.13366e-08
2.6079e-06
7.62963e-20
-1.34324e-09
-4.98383e-08
2.97822e-06
-1.63564e-09
-5.05832e-08
2.80784e-06
-5.09907e-08
2.49498e-06
-4.132e-19
-4.23121e-10
2.59069e-06
-5.53862e-10
2.42239e-06
2.11618e-06
-5.45031e-19
-9.54446e-10
-1.60695e-08
2.76455e-06
-1.12904e-09
-1.63287e-08
2.50064e-06
-1.66872e-08
1.9932e-06
4.08463e-18
-8.79045e-10
-2.20351e-08
2.98404e-06
-1.0543e-09
-2.242e-08
2.73351e-06
-2.2905e-08
2.25612e-06
3.74723e-18
-8.41675e-10
-2.83558e-08
3.12675e-06
-1.01393e-09
-2.88637e-08
2.8895e-06
-2.94995e-08
2.44102e-06
3.11576e-18
-8.09735e-10
-3.48876e-08
3.20702e-06
-9.68522e-10
-3.5531e-08
2.98282e-06
-3.63234e-08
2.56205e-06
2.31421e-18
-7.89506e-10
-4.15098e-08
3.23688e-06
-9.35687e-10
-4.23102e-08
3.02542e-06
-4.32749e-08
2.63111e-06
1.27794e-18
-7.83836e-10
-4.81139e-08
3.22648e-06
-9.16392e-10
-4.91046e-08
3.02737e-06
-5.02609e-08
2.65824e-06
3.87029e-20
-8.19377e-10
-5.45227e-08
3.18388e-06
-9.69174e-10
-5.57214e-08
2.99664e-06
-5.71237e-08
2.6513e-06
-1.42887e-18
-7.95281e-10
-5.92528e-08
3.11305e-06
-9.3901e-10
-6.03563e-08
2.93626e-06
-6.13307e-08
2.61117e-06
-2.29337e-18
-1.17588e-09
-4.8906e-08
2.96905e-06
-1.43088e-09
-4.91374e-08
2.79688e-06
-4.8659e-08
2.48087e-06
-2.4487e-18
-4.06232e-10
2.54219e-06
-5.14067e-10
2.37336e-06
2.06701e-06
-2.49056e-18
-9.34829e-10
-1.62738e-08
2.77096e-06
-1.10309e-09
-1.65143e-08
2.50643e-06
-1.67453e-08
1.99781e-06
4.63852e-18
-8.51793e-10
-2.23265e-08
2.99094e-06
-1.02613e-09
-2.26612e-08
2.73983e-06
-2.29798e-08
2.26133e-06
4.39561e-18
-8.07451e-10
-2.87441e-08
3.13397e-06
-9.80544e-10
-2.91619e-08
2.89617e-06
-2.95893e-08
2.44665e-06
4.06021e-18
-7.68936e-10
-3.53801e-08
3.21443e-06
-9.26964e-10
-3.58886e-08
2.98971e-06
-3.64211e-08
2.56795e-06
3.4017e-18
-7.40633e-10
-4.21147e-08
3.24436e-06
-8.80869e-10
-4.27324e-08
3.03241e-06
-4.33668e-08
2.63718e-06
2.58296e-18
-7.3982e-10
-4.88155e-08
3.23392e-06
-8.62137e-10
-4.9584e-08
3.03435e-06
-5.03339e-08
2.66435e-06
1.4568e-18
-7.3291e-10
-5.53228e-08
3.19112e-06
-8.63411e-10
-5.62151e-08
3.0034e-06
-5.70466e-08
2.65715e-06
5.87139e-20
-7.87184e-10
-5.95699e-08
3.11808e-06
-9.24082e-10
-6.02874e-08
2.94047e-06
-6.0516e-08
2.61372e-06
-7.51896e-19
-1.01924e-09
-4.73017e-08
2.9578e-06
-1.2401e-09
-4.71111e-08
2.78392e-06
-4.59253e-08
2.46504e-06
-1.03234e-18
-3.699e-10
2.49525e-06
-4.54264e-10
2.32633e-06
2.02063e-06
-1.2335e-18
-9.0978e-10
-1.63149e-08
2.77736e-06
-1.07208e-09
-1.65339e-08
2.51222e-06
-1.66588e-08
2.00242e-06
1.212e-18
-8.21113e-10
-2.23938e-08
2.99784e-06
-9.90908e-10
-2.26811e-08
2.74615e-06
-2.28551e-08
2.26653e-06
1.4437e-18
-7.71394e-10
-2.88431e-08
3.14119e-06
-9.42954e-10
-2.91793e-08
2.90284e-06
-2.94237e-08
2.45227e-06
1.8041e-18
-7.2795e-10
-3.55148e-08
3.22183e-06
-8.82816e-10
-3.59041e-08
2.99659e-06
-3.62069e-08
2.57385e-06
1.828e-18
-6.90598e-10
-4.2293e-08
3.25183e-06
-8.26993e-10
-4.27453e-08
3.03939e-06
-4.30915e-08
2.64324e-06
1.31921e-18
-6.9821e-10
-4.90183e-08
3.24135e-06
-8.11794e-10
-4.95877e-08
3.0413e-06
-4.99869e-08
2.67043e-06
2.44403e-19
-6.47386e-10
-5.55403e-08
3.19828e-06
-7.58917e-10
-5.6153e-08
3.01008e-06
-5.64766e-08
2.66288e-06
-1.27265e-18
-7.72572e-10
-5.91944e-08
3.12251e-06
-9.00805e-10
-5.95533e-08
2.944e-06
-5.90956e-08
2.61543e-06
-2.07919e-18
-8.7758e-10
-4.5267e-08
2.94475e-06
-1.06641e-09
-4.47347e-08
2.76929e-06
-4.29654e-08
2.44785e-06
-2.26374e-18
-3.20027e-10
2.45031e-06
-3.81891e-10
2.28166e-06
1.97728e-06
-2.50712e-18
-8.81307e-10
-1.62323e-08
2.78372e-06
-1.03655e-09
-1.64298e-08
2.51796e-06
-1.64639e-08
2.00699e-06
-1.98387e-18
-7.88645e-10
-2.22908e-08
3.00469e-06
-9.53336e-10
-2.25338e-08
2.75242e-06
-2.25836e-08
2.2717e-06
3.73205e-19
-7.34584e-10
-2.87221e-08
3.14836e-06
-9.01841e-10
-2.89856e-08
2.90946e-06
-2.90691e-08
2.45786e-06
3.31367e-18
-6.8753e-10
-3.53774e-08
3.22917e-06
-8.37719e-10
-3.56622e-08
3.00342e-06
-3.57621e-08
2.57971e-06
5.41428e-18
-6.41813e-10
-4.21455e-08
3.25924e-06
-7.7346e-10
-4.24526e-08
3.04631e-06
-4.25438e-08
2.64924e-06
6.36797e-18
-6.58124e-10
-4.8842e-08
3.2487e-06
-7.65739e-10
-4.92342e-08
3.04819e-06
-4.93284e-08
2.67645e-06
5.81397e-18
-5.65649e-10
-5.53107e-08
3.20532e-06
-6.59015e-10
-5.56705e-08
3.01661e-06
-5.55406e-08
2.66843e-06
4.26742e-18
-7.51054e-10
-5.82869e-08
3.12624e-06
-8.68512e-10
-5.83116e-08
2.94675e-06
-5.72062e-08
2.61623e-06
3.26325e-18
-7.50481e-10
-4.29678e-08
2.93018e-06
-9.0866e-10
-4.21509e-08
2.75329e-06
-3.98653e-08
2.4296e-06
2.58112e-18
-2.59494e-10
2.4076e-06
-2.96946e-10
2.23955e-06
1.93712e-06
2.0734e-18
-8.50793e-10
-1.60554e-08
2.78999e-06
-9.97325e-10
-1.62336e-08
2.52363e-06
-1.61871e-08
2.0115e-06
-1.93179e-17
-7.55086e-10
-2.20581e-08
3.01145e-06
-9.14132e-10
-2.22615e-08
2.7586e-06
-2.22009e-08
2.2768e-06
-1.28499e-17
-6.97456e-10
-2.84335e-08
3.15543e-06
-8.60358e-10
-2.86316e-08
2.91599e-06
-2.85731e-08
2.46337e-06
-4.90907e-18
-6.47553e-10
-3.5033e-08
3.23642e-06
-7.92576e-10
-3.52241e-08
3.01015e-06
-3.51446e-08
2.58549e-06
1.4929e-18
-5.93362e-10
-4.17507e-08
3.26655e-06
-7.19017e-10
-4.19277e-08
3.05314e-06
-4.17904e-08
2.65517e-06
4.96684e-18
-6.18025e-10
-4.83788e-08
3.25595e-06
-7.19518e-10
-4.86111e-08
3.05498e-06
-4.84303e-08
2.68237e-06
5.26797e-18
-4.88344e-10
-5.47394e-08
3.21217e-06
-5.64223e-10
-5.48679e-08
3.02294e-06
-5.432e-08
2.67376e-06
3.44496e-18
-7.22058e-10
-5.69691e-08
3.12919e-06
-8.26207e-10
-5.6674e-08
2.94866e-06
-5.49242e-08
2.61601e-06
2.20966e-18
-6.35082e-10
-4.05099e-08
2.91436e-06
-7.62838e-10
-3.94396e-08
2.73619e-06
-3.66466e-08
2.41056e-06
1.72968e-18
-1.90115e-10
2.36728e-06
-1.99673e-10
2.20012e-06
1.90027e-06
1.04013e-18
-8.18577e-10
-1.58059e-08
2.79615e-06
-9.57031e-10
-1.59666e-08
2.5292e-06
-1.58475e-08
2.01593e-06
-4.99389e-17
-7.208e-10
-2.17251e-08
3.01809e-06
-8.74608e-10
-2.18922e-08
2.76468e-06
-2.17336e-08
2.28181e-06
-3.41586e-17
-6.59618e-10
-2.80157e-08
3.16238e-06
-8.17564e-10
-2.81541e-08
2.92241e-06
-2.79675e-08
2.46878e-06
-1.49887e-17
-6.07544e-10
-3.4529e-08
3.24354e-06
-7.47743e-10
-3.46339e-08
3.01677e-06
-3.43933e-08
2.59117e-06
7.30033e-19
-5.44728e-10
-4.11657e-08
3.27373e-06
-6.62817e-10
-4.12234e-08
3.05984e-06
-4.08756e-08
2.66099e-06
1.06226e-17
-5.76658e-10
-4.76955e-08
3.26305e-06
-6.70847e-10
-4.77799e-08
3.06163e-06
-4.73409e-08
2.68817e-06
1.32467e-17
-4.15022e-10
-5.39023e-08
3.21879e-06
-4.73403e-10
-5.38154e-08
3.02904e-06
-5.28653e-08
2.67881e-06
1.11811e-17
-6.85361e-10
-5.53244e-08
3.1313e-06
-7.72927e-10
-5.4713e-08
2.94965e-06
-5.22821e-08
2.61465e-06
9.29438e-18
-5.2778e-10
-3.79504e-08
2.89751e-06
-6.23823e-10
-3.66373e-08
2.71821e-06
-3.32942e-08
2.39094e-06
8.37108e-18
-1.10615e-10
2.32944e-06
-8.91771e-11
2.16346e-06
1.86689e-06
7.2774e-18
-7.85328e-10
-1.54991e-08
2.80218e-06
-9.15976e-10
-1.56434e-08
2.53465e-06
-1.54601e-08
2.02027e-06
-1.1396e-16
-6.85522e-10
-2.13135e-08
3.02459e-06
-8.33275e-10
-2.14469e-08
2.77063e-06
-2.11993e-08
2.28672e-06
-8.06266e-17
-6.21092e-10
-2.74964e-08
3.16919e-06
-7.73289e-10
-2.75795e-08
2.9287e-06
-2.72749e-08
2.47409e-06
-4.04825e-17
-5.66937e-10
-3.39e-08
3.25051e-06
-7.0225e-10
-3.39243e-08
3.02325e-06
-3.35342e-08
2.59672e-06
-5.9449e-18
-4.95552e-10
-4.04316e-08
3.28075e-06
-6.04814e-10
-4.03775e-08
3.06641e-06
-3.98301e-08
2.66668e-06
1.57604e-17
-5.33438e-10
-4.68396e-08
3.26999e-06
-6.18657e-10
-4.67845e-08
3.06812e-06
-4.60935e-08
2.69381e-06
2.28149e-17
-3.44742e-10
-5.28537e-08
3.22515e-06
-3.85534e-10
-5.25609e-08
3.03485e-06
-5.12076e-08
2.68354e-06
1.98893e-17
-6.41015e-10
-5.34069e-08
3.13249e-06
-7.08642e-10
-5.247e-08
2.94963e-06
-4.92854e-08
2.61202e-06
1.6523e-17
-4.24934e-10
-3.53159e-08
2.87985e-06
-4.87219e-10
-3.37516e-08
2.69955e-06
-2.97817e-08
2.37095e-06
1.51875e-17
-2.07075e-11
2.29414e-06
3.46042e-11
2.12965e-06
1.83714e-06
1.34596e-17
-7.51118e-10
-1.51476e-08
2.80806e-06
-8.73661e-10
-1.52765e-08
2.53997e-06
-1.50344e-08
2.02451e-06
-2.23306e-16
-6.49798e-10
-2.084e-08
3.03093e-06
-7.91314e-10
-2.09419e-08
2.77644e-06
-2.06125e-08
2.2915e-06
-1.5926e-16
-5.82128e-10
-2.6897e-08
3.17583e-06
-7.27789e-10
-2.69286e-08
2.93483e-06
-2.65134e-08
2.47926e-06
-8.05234e-17
-5.26327e-10
-3.31717e-08
3.25731e-06
-6.56535e-10
-3.31205e-08
3.02958e-06
-3.25899e-08
2.60214e-06
-1.15088e-17
-4.46425e-10
-3.95783e-08
3.28761e-06
-5.46504e-10
-3.94192e-08
3.07281e-06
-3.86819e-08
2.67223e-06
3.34321e-17
-4.88391e-10
-4.58455e-08
3.27675e-06
-5.64096e-10
-4.56566e-08
3.07443e-06
-4.47203e-08
2.69929e-06
4.95509e-17
-2.77427e-10
-5.16314e-08
3.23121e-06
-3.01325e-10
-5.1137e-08
3.04036e-06
-4.93738e-08
2.68789e-06
4.55168e-17
-5.90162e-10
-5.1248e-08
3.1327e-06
-6.353e-10
-4.9964e-08
2.9485e-06
-4.5937e-08
2.60795e-06
3.95356e-17
-3.24348e-10
-3.26124e-08
2.86153e-06
-3.51325e-10
-3.07749e-08
2.68039e-06
-2.61022e-08
2.35077e-06
3.70424e-17
7.8414e-11
2.26145e-06
1.6826e-10
2.09879e-06
1.81121e-06
3.42088e-17
-7.16796e-10
-1.47622e-08
2.81379e-06
-8.32056e-10
-1.48759e-08
2.54514e-06
-1.45838e-08
2.02863e-06
-4.24878e-16
-6.14886e-10
-2.03188e-08
3.0371e-06
-7.50157e-10
-2.03914e-08
2.78209e-06
-1.99916e-08
2.29616e-06
-3.12319e-16
-5.44059e-10
-2.62352e-08
3.18229e-06
-6.83358e-10
-2.62192e-08
2.9408e-06
-2.57074e-08
2.48429e-06
-1.69098e-16
-4.87283e-10
-3.23652e-08
3.26393e-06
-6.1274e-10
-3.22444e-08
3.03573e-06
-3.15909e-08
2.60741e-06
-4.05256e-17
-3.98996e-10
-3.86303e-08
3.29427e-06
-4.90675e-10
-3.83734e-08
3.07903e-06
-3.74679e-08
2.67761e-06
4.54397e-17
-4.43254e-10
-4.47403e-08
3.2833e-06
-5.10282e-10
-4.4424e-08
3.08055e-06
-4.32645e-08
2.70457e-06
7.85602e-17
-2.14508e-10
-5.02634e-08
3.23695e-06
-2.23686e-10
-4.957e-08
3.04551e-06
-4.73991e-08
2.6918e-06
7.332e-17
-5.35299e-10
-4.88643e-08
3.13183e-06
-5.56893e-10
-4.72047e-08
2.94616e-06
-4.22622e-08
2.60226e-06
6.33885e-17
-2.26165e-10
-2.98367e-08
2.84273e-06
-2.18017e-10
-2.77012e-08
2.66088e-06
-2.22956e-08
2.33058e-06
6.02208e-17
1.82649e-10
2.23143e-06
3.03447e-10
2.07096e-06
1.78922e-06
5.52193e-17
-6.84191e-10
-1.43535e-08
2.81934e-06
-7.92892e-10
-1.44541e-08
2.55017e-06
-1.41231e-08
2.03263e-06
-7.54909e-16
-5.82164e-10
-1.97645e-08
3.04309e-06
-7.1233e-10
-1.98114e-08
2.78758e-06
-1.93577e-08
2.30068e-06
-5.67712e-16
-5.09058e-10
-2.55292e-08
3.18856e-06
-6.43284e-10
-2.54715e-08
2.94659e-06
-2.48863e-08
2.48918e-06
-3.18479e-16
-4.51912e-10
-3.15022e-08
3.27035e-06
-5.74564e-10
-3.13198e-08
3.0417e-06
-3.05749e-08
2.61253e-06
-9.08318e-17
-3.56222e-10
-3.76119e-08
3.30074e-06
-4.41856e-10
-3.72681e-08
3.08506e-06
-3.62356e-08
2.68283e-06
6.76571e-17
-4.01224e-10
-4.35505e-08
3.28964e-06
-4.62154e-10
-4.31179e-08
3.08646e-06
-4.17822e-08
2.70966e-06
1.32473e-16
-1.59258e-10
-4.87746e-08
3.24233e-06
-1.5789e-10
-4.7887e-08
3.05028e-06
-4.53295e-08
2.69519e-06
1.27208e-16
-4.80193e-10
-4.62675e-08
3.12981e-06
-4.79139e-10
-4.42056e-08
2.94247e-06
-3.83275e-08
2.59478e-06
1.11506e-16
-1.33244e-10
-2.69874e-08
2.82359e-06
-9.3041e-11
-2.45405e-08
2.64117e-06
-1.84654e-08
2.31063e-06
1.06791e-16
2.84251e-10
2.20416e-06
4.26553e-10
2.04628e-06
1.77118e-06
9.82074e-17
-6.54927e-10
-1.39344e-08
2.82473e-06
-7.58557e-10
-1.4024e-08
2.55504e-06
-1.36699e-08
2.03651e-06
-1.28703e-15
-5.53578e-10
-1.91941e-08
3.04891e-06
-6.80914e-10
-1.92194e-08
2.7929e-06
-1.87367e-08
2.30507e-06
-9.95172e-16
-4.79756e-10
-2.47997e-08
3.19465e-06
-6.10304e-10
-2.47089e-08
2.95221e-06
-2.40838e-08
2.49391e-06
-5.83974e-16
-4.23502e-10
-3.06068e-08
3.27658e-06
-5.46283e-10
-3.03758e-08
3.04749e-06
-2.95864e-08
2.61748e-06
-1.97175e-16
-3.21759e-10
-3.65506e-08
3.307e-06
-4.05612e-10
-3.61367e-08
3.09091e-06
-3.5041e-08
2.68788e-06
8.20144e-17
-3.66337e-10
-4.23062e-08
3.29577e-06
-4.25259e-10
-4.17761e-08
3.09216e-06
-4.034e-08
2.71453e-06
2.0286e-16
-1.16345e-10
-4.71914e-08
3.24733e-06
-1.10659e-10
-4.61203e-08
3.05462e-06
-4.32181e-08
2.69796e-06
2.00252e-16
-4.29343e-10
-4.34729e-08
3.12652e-06
-4.08419e-10
-4.09942e-08
2.93733e-06
-3.42516e-08
2.5854e-06
1.76574e-16
-5.06777e-11
-2.40752e-08
2.80424e-06
1.47997e-11
-2.13286e-08
2.62144e-06
-1.47765e-08
2.29117e-06
1.70126e-16
3.72369e-10
2.17971e-06
5.20487e-10
2.0248e-06
1.75692e-06
1.55342e-16
-6.30526e-10
-1.35189e-08
2.82996e-06
-7.31542e-10
-1.35999e-08
2.55977e-06
-1.32436e-08
2.04027e-06
-2.09935e-15
-5.32402e-10
-1.86252e-08
3.05455e-06
-6.58609e-10
-1.86368e-08
2.79806e-06
-1.81562e-08
2.30932e-06
-1.66995e-15
-4.58409e-10
-2.40692e-08
3.20055e-06
-5.89545e-10
-2.39564e-08
2.95766e-06
-2.33391e-08
2.49851e-06
-1.01772e-15
-4.04204e-10
-2.97069e-08
3.28262e-06
-5.3041e-10
-2.94437e-08
3.0531e-06
-2.86728e-08
2.62229e-06
-3.82026e-16
-2.99028e-10
-3.54781e-08
3.31307e-06
-3.86286e-10
-3.5017e-08
3.09657e-06
-3.39427e-08
2.69277e-06
9.20627e-17
-3.42731e-10
-4.10418e-08
3.30167e-06
-4.03546e-10
-4.04428e-08
3.09765e-06
-3.90041e-08
2.71919e-06
3.09772e-16
-9.04969e-11
-4.5543e-08
3.25193e-06
-8.78782e-11
-4.43062e-08
3.05848e-06
-4.11144e-08
2.69998e-06
3.16631e-16
-3.86475e-10
-4.05058e-08
3.12187e-06
-3.49756e-10
-3.76196e-08
2.9306e-06
-3.01955e-08
2.57413e-06
2.83344e-16
1.57644e-11
-2.11295e-08
2.78485e-06
9.63209e-11
-1.81341e-08
2.60187e-06
-1.14198e-08
2.27249e-06
2.7424e-16
4.35282e-10
2.15815e-06
5.69928e-10
2.00654e-06
1.74607e-06
2.49619e-16
-6.12373e-10
-1.31214e-08
2.83504e-06
-7.12697e-10
-1.31973e-08
2.56436e-06
-1.28589e-08
2.04393e-06
-3.32794e-15
-5.1861e-10
-1.80781e-08
3.06002e-06
-6.47114e-10
-1.80825e-08
2.80308e-06
-1.76372e-08
2.31345e-06
-2.73408e-15
-4.46654e-10
-2.33628e-08
3.20628e-06
-5.8075e-10
-2.32411e-08
2.96295e-06
-2.26778e-08
2.50297e-06
-1.73727e-15
-3.95942e-10
-2.88324e-08
3.28849e-06
-5.292e-10
-2.8557e-08
3.05855e-06
-2.78688e-08
2.62695e-06
-7.30837e-16
-2.90638e-10
-3.44289e-08
3.31896e-06
-3.86938e-10
-3.39483e-08
3.10205e-06
-3.29846e-08
2.69749e-06
4.87948e-17
-3.31981e-10
-3.97971e-08
3.30737e-06
-3.96956e-10
-3.91649e-08
3.10293e-06
-3.78206e-08
2.72363e-06
4.27754e-16
-8.54379e-11
-4.38618e-08
3.25608e-06
-9.29e-11
-4.2482e-08
3.06181e-06
-3.90469e-08
2.70111e-06
4.57845e-16
-3.52371e-10
-3.74083e-08
3.11577e-06
-3.0518e-10
-3.41548e-08
2.92223e-06
-2.63308e-08
2.56111e-06
4.14536e-16
6.02003e-11
-1.82034e-08
2.76558e-06
1.44759e-10
-1.50542e-08
2.58269e-06
-8.55867e-09
2.25486e-06
4.02567e-16
4.63427e-10
2.13948e-06
5.66639e-10
1.99138e-06
1.73808e-06
3.62542e-16
-6.00307e-10
-1.2756e-08
2.83997e-06
-7.01787e-10
-1.28296e-08
2.56883e-06
-1.25261e-08
2.04748e-06
-5.10723e-15
-5.12776e-10
-1.75714e-08
3.06535e-06
-6.45065e-10
-1.75766e-08
2.80796e-06
-1.71925e-08
2.31748e-06
-4.32032e-15
-4.44669e-10
-2.27043e-08
3.21186e-06
-5.83901e-10
-2.25881e-08
2.96811e-06
-2.21172e-08
2.50731e-06
-2.85874e-15
-3.98393e-10
-2.8013e-08
3.2942e-06
-5.40079e-10
-2.77482e-08
3.06385e-06
-2.71929e-08
2.63149e-06
-1.31053e-15
-2.97058e-10
-3.34378e-08
3.32468e-06
-4.06044e-10
-3.29707e-08
3.10738e-06
-3.21877e-08
2.70208e-06
-6.52456e-17
-3.32464e-10
-3.86132e-08
3.31288e-06
-4.03772e-10
-3.79864e-08
3.10801e-06
-3.68069e-08
2.72784e-06
5.7469e-16
-1.0214e-10
-4.21806e-08
3.25975e-06
-1.23438e-10
-4.06807e-08
3.06452e-06
-3.70169e-08
2.7012e-06
6.53502e-16
-3.28137e-10
-3.4238e-08
3.10815e-06
-2.73348e-10
-3.06983e-08
2.91219e-06
-2.28042e-08
2.54662e-06
6.01747e-16
8.08904e-11
-1.53703e-08
2.74663e-06
1.56185e-10
-1.22006e-08
2.56412e-06
-6.28591e-09
2.2385e-06
5.84565e-16
4.52854e-10
2.12366e-06
5.11881e-10
1.97912e-06
1.73231e-06
5.2266e-16
-5.94449e-10
-1.2434e-08
2.84479e-06
-6.98915e-10
-1.25074e-08
2.57319e-06
-1.22523e-08
2.05096e-06
-7.61438e-15
-5.13707e-10
-1.71209e-08
3.07055e-06
-6.5022e-10
-1.71336e-08
2.81272e-06
-1.68288e-08
2.3214e-06
-6.66852e-15
-4.51204e-10
-2.21138e-08
3.2173e-06
-5.96785e-10
-2.20157e-08
2.97313e-06
-2.16639e-08
2.51155e-06
-4.57314e-15
-4.09392e-10
-2.72743e-08
3.29977e-06
-5.58904e-10
-2.70404e-08
3.06903e-06
-2.66499e-08
2.63591e-06
-2.2666e-15
-3.16579e-10
-3.25354e-08
3.33026e-06
-4.40502e-10
-3.21114e-08
3.11258e-06
-3.15557e-08
2.70655e-06
-3.29643e-16
-3.41281e-10
-3.75257e-08
3.31821e-06
-4.21765e-10
-3.69343e-08
3.11292e-06
-3.5959e-08
2.73182e-06
7.19058e-16
-1.38268e-10
-4.05251e-08
3.26288e-06
-1.75025e-10
-3.89142e-08
3.06654e-06
-3.50183e-08
2.70008e-06
8.88307e-16
-3.10281e-10
-3.10673e-08
3.099e-06
-2.50427e-10
-2.73449e-08
2.90056e-06
-1.97275e-08
2.53108e-06
8.31633e-16
8.14678e-11
-1.27177e-08
2.7282e-06
1.43134e-10
-9.67053e-09
2.54638e-06
-4.61319e-09
2.22353e-06
8.06553e-16
4.05307e-10
2.11054e-06
4.23501e-10
1.96943e-06
1.72812e-06
7.1468e-16
-5.93991e-10
-1.21647e-08
2.84951e-06
-7.01989e-10
-1.22401e-08
2.57746e-06
-1.20371e-08
2.05436e-06
-1.10546e-14
-5.19632e-10
-1.67387e-08
3.07564e-06
-6.59274e-10
-1.67653e-08
2.81738e-06
-1.65428e-08
2.32525e-06
-1.00063e-14
-4.64098e-10
-2.16067e-08
3.22263e-06
-6.16726e-10
-2.15373e-08
2.97806e-06
-2.13119e-08
2.5157e-06
-7.09442e-15
-4.2573e-10
-2.66357e-08
3.30522e-06
-5.81591e-10
-2.64488e-08
3.07409e-06
-2.62293e-08
2.64025e-06
-3.75582e-15
-3.4607e-10
-3.1745e-08
3.33572e-06
-4.83704e-10
-3.139e-08
3.11766e-06
-3.10704e-08
2.71091e-06
-8.1254e-16
-3.54237e-10
-3.65613e-08
3.32338e-06
-4.39505e-10
-3.60331e-08
3.11765e-06
-3.52365e-08
2.73555e-06
8.56672e-16
-1.89467e-10
-3.89111e-08
3.26542e-06
-2.37565e-10
-3.71972e-08
3.06775e-06
-3.30224e-08
2.69763e-06
1.18203e-15
-2.95636e-10
-2.79739e-08
3.08836e-06
-2.29816e-10
-2.42079e-08
2.88751e-06
-1.71337e-08
2.51496e-06
1.12851e-15
6.58797e-11
-1.03251e-08
2.71049e-06
1.06244e-10
-7.54406e-09
2.52968e-06
-3.47294e-09
2.20997e-06
1.09157e-15
3.33422e-10
2.09988e-06
3.14382e-10
1.96191e-06
1.72496e-06
9.60709e-16
-5.97582e-10
-1.19554e-08
2.85415e-06
-7.09516e-10
-1.20321e-08
2.58165e-06
-1.18786e-08
2.0577e-06
-1.5638e-14
-5.28757e-10
-1.64336e-08
3.08065e-06
-6.70408e-10
-1.64756e-08
2.82197e-06
-1.633e-08
2.32903e-06
-1.46687e-14
-4.80443e-10
-2.11935e-08
3.22787e-06
-6.38019e-10
-2.11581e-08
2.9829e-06
-2.10497e-08
2.51978e-06
-1.07647e-14
-4.43519e-10
-2.61104e-08
3.31058e-06
-6.03578e-10
-2.59779e-08
3.07907e-06
-2.59135e-08
2.64451e-06
-6.04942e-15
-3.81085e-10
-3.1083e-08
3.34107e-06
-5.30134e-10
-3.08102e-08
3.12264e-06
-3.07059e-08
2.71517e-06
-1.6858e-15
-3.66222e-10
-3.57376e-08
3.3284e-06
-4.51674e-10
-3.52803e-08
3.1222e-06
-3.45943e-08
2.73899e-06
9.04559e-16
-2.48539e-10
-3.73467e-08
3.26728e-06
-3.0226e-10
-3.55177e-08
3.06804e-06
-3.10193e-08
2.69376e-06
1.48478e-15
-2.79578e-10
-2.50404e-08
3.07634e-06
-2.08213e-10
-2.1363e-08
2.87328e-06
-1.50158e-08
2.49875e-06
1.44547e-15
3.85366e-11
-8.25997e-09
2.69367e-06
5.69228e-11
-5.84971e-09
2.51414e-06
-2.76061e-09
2.19777e-06
1.39382e-15
2.47108e-10
2.09137e-06
2.0369e-10
1.9561e-06
1.7224e-06
1.21634e-15
-6.0436e-10
-1.18118e-08
2.85874e-06
-7.19168e-10
-1.18868e-08
2.58579e-06
-1.17737e-08
2.061e-06
-2.16647e-14
-5.39434e-10
-1.62111e-08
3.08559e-06
-6.82147e-10
-1.62656e-08
2.82649e-06
-1.61838e-08
2.33276e-06
-2.10111e-14
-4.98009e-10
-2.08798e-08
3.23304e-06
-6.57237e-10
-2.0878e-08
2.98767e-06
-2.0865e-08
2.52381e-06
-1.59237e-14
-4.59782e-10
-2.57039e-08
3.31587e-06
-6.20476e-10
-2.56259e-08
3.08398e-06
-2.56828e-08
2.64871e-06
-9.4228e-15
-4.17674e-10
-3.05553e-08
3.34634e-06
-5.74859e-10
-3.03676e-08
3.12754e-06
-3.04335e-08
2.71934e-06
-3.09617e-15
-3.73876e-10
-3.50573e-08
3.33328e-06
-4.57317e-10
-3.46604e-08
3.12658e-06
-3.39855e-08
2.74208e-06
8.29645e-16
-3.08584e-10
-3.5827e-08
3.26836e-06
-3.60811e-10
-3.38591e-08
3.06729e-06
-2.9017e-08
2.68843e-06
1.80536e-15
-2.59622e-10
-2.23361e-08
3.0631e-06
-1.83921e-10
-1.88627e-08
2.85821e-06
-1.33281e-08
2.48288e-06
1.79789e-15
5.25675e-12
-6.55886e-09
2.67789e-06
4.43975e-12
-4.57493e-09
2.49986e-06
-2.36108e-09
2.18681e-06
1.72767e-15
1.59033e-10
2.08465e-06
1.04947e-10
1.95158e-06
1.72014e-06
1.49901e-15
-6.14049e-10
-1.17385e-08
2.86328e-06
-7.30021e-10
-1.18067e-08
2.58989e-06
-1.17209e-08
2.06426e-06
-2.93019e-14
-5.50888e-10
-1.60749e-08
3.09048e-06
-6.93914e-10
-1.61355e-08
2.83096e-06
-1.60998e-08
2.33644e-06
-2.94257e-14
-5.15434e-10
-2.06672e-08
3.23815e-06
-6.74687e-10
-2.06924e-08
2.99239e-06
-2.07506e-08
2.52778e-06
-2.30185e-14
-4.7283e-10
-2.54155e-08
3.32109e-06
-6.31196e-10
-2.53834e-08
3.08883e-06
-2.55254e-08
2.65285e-06
-1.42718e-14
-4.52638e-10
-3.01598e-08
3.35154e-06
-6.144e-10
-3.00481e-08
3.13237e-06
-3.02327e-08
2.72344e-06
-5.29805e-15
-3.75706e-10
-3.45113e-08
3.33801e-06
-4.53747e-10
-3.41487e-08
3.13076e-06
-3.33693e-08
2.74476e-06
5.13124e-16
-3.6345e-10
-3.43398e-08
3.26855e-06
-4.07259e-10
-3.22073e-08
3.06539e-06
-2.7041e-08
2.68169e-06
2.07495e-15
-2.35456e-10
-1.99113e-08
3.04891e-06
-1.57881e-10
-1.67286e-08
2.84265e-06
-1.20052e-08
2.46769e-06
2.11893e-15
-2.90765e-11
-5.22549e-09
2.66323e-06
-4.45688e-11
-3.67355e-09
2.48682e-06
-2.17093e-09
2.17693e-06
2.03015e-15
7.93778e-11
2.07935e-06
2.54456e-11
1.94796e-06
1.718e-06
1.75289e-15
-6.27016e-10
-1.17407e-08
2.8678e-06
-7.43641e-10
-1.1794e-08
2.59397e-06
-1.17229e-08
2.0675e-06
-3.87402e-14
-5.63148e-10
-1.60281e-08
3.09533e-06
-7.05337e-10
-1.60854e-08
2.8354e-06
-1.60779e-08
2.34009e-06
-4.03229e-14
-5.32154e-10
-2.05559e-08
3.24321e-06
-6.89989e-10
-2.05976e-08
2.99706e-06
-2.07028e-08
2.53172e-06
-3.25229e-14
-4.82416e-10
-2.52413e-08
3.32626e-06
-6.36632e-10
-2.52415e-08
3.09363e-06
-2.54347e-08
2.65694e-06
-2.10275e-14
-4.83891e-10
-2.98897e-08
3.35667e-06
-6.46624e-10
-2.98379e-08
3.13712e-06
-3.00889e-08
2.72744e-06
-8.55548e-15
-3.72405e-10
-3.40818e-08
3.34257e-06
-4.44413e-10
-3.37152e-08
3.13471e-06
-3.27177e-08
2.74695e-06
-1.40596e-16
-4.08576e-10
-3.28711e-08
3.26775e-06
-4.3806e-10
-3.05559e-08
3.06226e-06
-2.51314e-08
2.67367e-06
2.25893e-15
-2.07457e-10
-1.77958e-08
3.03404e-06
-1.32699e-10
-1.49529e-08
2.82697e-06
-1.09786e-08
2.4534e-06
2.38272e-15
-6.10309e-11
-4.23518e-09
2.64973e-06
-8.60737e-11
-3.07805e-09
2.47497e-06
-2.11046e-09
2.16798e-06
2.28132e-15
1.38974e-11
2.0751e-06
-3.31633e-11
1.94493e-06
1.71585e-06
1.9691e-15
-6.43983e-10
-1.18254e-08
2.87233e-06
-7.61077e-10
-1.18531e-08
2.59803e-06
-1.17846e-08
2.07071e-06
-5.0163e-14
-5.76997e-10
-1.60755e-08
3.10015e-06
-7.17922e-10
-1.61173e-08
2.8398e-06
-1.61228e-08
2.34371e-06
-5.41791e-14
-5.48337e-10
-2.05478e-08
3.24823e-06
-7.03731e-10
-2.05921e-08
3.00169e-06
-2.0724e-08
2.53561e-06
-4.50368e-14
-4.89374e-10
-2.51779e-08
3.33137e-06
-6.39002e-10
-2.51934e-08
3.09838e-06
-2.54117e-08
2.66099e-06
-3.02804e-14
-5.10109e-10
-2.97378e-08
3.36174e-06
-6.7066e-10
-2.97245e-08
3.14182e-06
-2.99951e-08
2.73136e-06
-1.3281e-14
-3.66425e-10
-3.37477e-08
3.34695e-06
-4.32894e-10
-3.33317e-08
3.13838e-06
-3.20149e-08
2.74854e-06
-1.35129e-15
-4.40901e-10
-3.14126e-08
3.26585e-06
-4.52059e-10
-2.8911e-08
3.05785e-06
-2.33326e-08
2.66453e-06
2.20051e-15
-1.78998e-10
-1.59973e-08
3.01881e-06
-1.11618e-10
-1.35082e-08
2.8115e-06
-1.01858e-08
2.44014e-06
2.43728e-15
-8.84737e-11
-3.54244e-09
2.63736e-06
-1.18316e-10
-2.71597e-09
2.4642e-06
-2.12476e-09
2.1598e-06
2.34227e-15
-3.53763e-11
2.07159e-06
-7.30763e-11
1.94225e-06
1.71366e-06
2.0285e-15
-6.66081e-10
-1.20015e-08
2.87688e-06
-7.83818e-10
-1.19914e-08
2.6021e-06
-1.19143e-08
2.07392e-06
-6.35563e-14
-5.93772e-10
-1.62244e-08
3.10497e-06
-7.3361e-10
-1.62369e-08
2.84419e-06
-1.62432e-08
2.34731e-06
-7.13443e-14
-5.6476e-10
-2.0647e-08
3.25322e-06
-7.17005e-10
-2.0679e-08
3.00628e-06
-2.0822e-08
2.53948e-06
-6.10922e-14
-4.95584e-10
-2.52242e-08
3.33645e-06
-6.40915e-10
-2.52376e-08
3.10308e-06
-2.54635e-08
2.66499e-06
-4.25883e-14
-5.30894e-10
-2.96983e-08
3.36674e-06
-6.86242e-10
-2.97012e-08
3.14643e-06
-2.99511e-08
2.73516e-06
-1.9842e-14
-3.60589e-10
-3.34883e-08
3.3511e-06
-4.22826e-10
-3.29756e-08
3.14172e-06
-3.12575e-08
2.74942e-06
-3.27042e-15
-4.59233e-10
-2.9965e-08
3.26279e-06
-4.49869e-10
-2.7293e-08
3.05216e-06
-2.16853e-08
2.65451e-06
1.81524e-15
-1.5289e-10
-1.4506e-08
3.0035e-06
-9.73164e-11
-1.23558e-08
2.79651e-06
-9.57517e-09
2.42793e-06
2.21325e-15
-1.1059e-10
-3.09176e-09
2.62606e-06
-1.41093e-10
-2.52183e-09
2.4544e-06
-2.17924e-09
2.15226e-06
2.15758e-15
-6.96274e-11
2.06857e-06
-9.82141e-11
1.93976e-06
1.71138e-06
1.90261e-15
-6.94608e-10
-1.22803e-08
2.88147e-06
-8.13517e-10
-1.22187e-08
2.60619e-06
-1.2123e-08
2.07712e-06
-7.8813e-14
-6.15024e-10
-1.64855e-08
3.10979e-06
-7.54459e-10
-1.64539e-08
2.84856e-06
-1.6452e-08
2.35088e-06
-9.21728e-14
-5.82442e-10
-2.08623e-08
3.25818e-06
-7.31088e-10
-2.08662e-08
3.01084e-06
-2.10091e-08
2.5433e-06
-8.13086e-14
-5.03351e-10
-2.53838e-08
3.34147e-06
-6.44886e-10
-2.53792e-08
3.10774e-06
-2.56021e-08
2.66894e-06
-5.86539e-14
-5.46298e-10
-2.97705e-08
3.37168e-06
-6.93589e-10
-2.9768e-08
3.15097e-06
-2.99612e-08
2.73882e-06
-2.87519e-14
-3.58084e-10
-3.32865e-08
3.35497e-06
-4.17137e-10
-3.26324e-08
3.14464e-06
-3.04543e-08
2.7495e-06
-6.18102e-15
-4.63722e-10
-2.85402e-08
3.25851e-06
-4.33504e-10
-2.57331e-08
3.04523e-06
-2.02215e-08
2.64384e-06
8.78325e-16
-1.31926e-10
-1.32993e-08
2.98839e-06
-9.13629e-11
-1.14541e-08
2.78219e-06
-9.10773e-09
2.41673e-06
1.50056e-15
-1.27352e-10
-2.82702e-09
2.61572e-06
-1.55267e-10
-2.44295e-09
2.44542e-06
-2.25476e-09
2.14525e-06
1.54215e-15
-9.16524e-11
2.06583e-06
-1.12862e-10
1.93733e-06
1.70901e-06
1.4453e-15
-7.30904e-10
-1.26749e-08
2.88614e-06
-8.51758e-10
-1.25476e-08
2.61032e-06
-1.2424e-08
2.08034e-06
-9.5542e-14
-6.42387e-10
-1.68724e-08
3.11463e-06
-7.8236e-10
-1.67819e-08
2.85294e-06
-1.6765e-08
2.35444e-06
-1.16843e-13
-6.02584e-10
-2.12061e-08
3.26311e-06
-7.47222e-10
-2.11669e-08
3.01537e-06
-2.13016e-08
2.54709e-06
-1.06223e-13
-5.14151e-10
-2.56659e-08
3.34645e-06
-6.52859e-10
-2.5629e-08
3.11234e-06
-2.58433e-08
2.67283e-06
-7.91605e-14
-5.56836e-10
-2.9959e-08
3.37653e-06
-6.93298e-10
-2.99308e-08
3.15541e-06
-3.00332e-08
2.74232e-06
-4.0502e-14
-3.61434e-10
-3.31311e-08
3.3585e-06
-4.18054e-10
-3.22952e-08
3.14706e-06
-2.9625e-08
2.74867e-06
-1.03329e-14
-4.55685e-10
-2.71613e-08
3.25299e-06
-4.05719e-10
-2.42683e-08
3.03716e-06
-1.89626e-08
2.63278e-06
-8.05659e-16
-1.18121e-10
-1.23483e-08
2.9737e-06
-9.39808e-11
-1.07637e-08
2.76866e-06
-8.75628e-09
2.40643e-06
1.36065e-16
-1.39242e-10
-2.69868e-09
2.6062e-06
-1.623e-10
-2.44067e-09
2.43712e-06
-2.34233e-09
2.13868e-06
3.64936e-16
-1.04773e-10
2.06324e-06
-1.20733e-10
1.93491e-06
1.70655e-06
5.75155e-16
-7.76097e-10
-1.31999e-08
2.89092e-06
-8.99905e-10
-1.29923e-08
2.61451e-06
-1.28323e-08
2.08357e-06
-1.13119e-13
-6.77243e-10
-1.74017e-08
3.11951e-06
-8.19011e-10
-1.72372e-08
2.85732e-06
-1.72007e-08
2.35799e-06
-1.45459e-13
-6.26244e-10
-2.16951e-08
3.26803e-06
-7.66719e-10
-2.15975e-08
3.01987e-06
-2.17195e-08
2.55084e-06
-1.36428e-13
-5.29683e-10
-2.60846e-08
3.35137e-06
-6.6529e-10
-2.60034e-08
3.11688e-06
-2.62058e-08
2.67665e-06
-1.04948e-13
-5.63275e-10
-3.02734e-08
3.38128e-06
-6.86956e-10
-3.02003e-08
3.15973e-06
-3.01774e-08
2.7456e-06
-5.57888e-14
-3.72071e-10
-3.30175e-08
3.36162e-06
-4.24402e-10
-3.19667e-08
3.14888e-06
-2.87968e-08
2.74686e-06
-1.61764e-14
-4.37294e-10
-2.58591e-08
3.24627e-06
-3.70933e-10
-2.29365e-08
3.02806e-06
-1.79187e-08
2.62153e-06
-3.64687e-15
-1.12433e-10
-1.1622e-08
2.95957e-06
-1.04325e-10
-1.02514e-08
2.75597e-06
-8.50276e-09
2.39691e-06
-2.2585e-15
-1.47024e-10
-2.66728e-09
2.5974e-06
-1.64189e-10
-2.48953e-09
2.42937e-06
-2.43875e-09
2.13245e-06
-1.70658e-15
-1.12057e-10
2.06069e-06
-1.24678e-10
1.93243e-06
1.70399e-06
-9.67856e-16
-8.30955e-10
-1.38702e-08
2.89585e-06
-9.58577e-10
-1.35674e-08
2.6188e-06
-1.33636e-08
2.08685e-06
-1.30051e-13
-7.2055e-10
-1.80916e-08
3.12445e-06
-8.64684e-10
-1.78382e-08
2.86174e-06
-1.77782e-08
2.36154e-06
-1.77712e-13
-6.54326e-10
-2.23489e-08
3.27294e-06
-7.90625e-10
-2.2178e-08
3.02435e-06
-2.22843e-08
2.55456e-06
-1.72136e-13
-5.51177e-10
-2.66583e-08
3.35623e-06
-6.8308e-10
-2.65216e-08
3.12136e-06
-2.67106e-08
2.6804e-06
-1.36632e-13
-5.66688e-10
-3.07276e-08
3.38591e-06
-6.75119e-10
-3.05913e-08
3.16391e-06
-3.04043e-08
2.74862e-06
-7.50435e-14
-3.90608e-10
-3.29465e-08
3.36423e-06
-4.37026e-10
-3.1655e-08
3.14999e-06
-2.80053e-08
2.74403e-06
-2.39908e-14
-4.11283e-10
-2.46679e-08
3.23841e-06
-3.32443e-10
-2.17718e-08
3.0181e-06
-1.7092e-08
2.61028e-06
-7.91057e-15
-1.14765e-10
-1.10914e-08
2.94611e-06
-1.20696e-10
-9.89102e-09
2.7441e-06
-8.33633e-09
2.38803e-06
-5.89771e-15
-1.5158e-10
-2.70419e-09
2.58916e-06
-1.62777e-10
-2.57474e-09
2.42207e-06
-2.54372e-09
2.12649e-06
-4.84296e-15
-1.15913e-10
2.0581e-06
-1.26844e-10
1.92987e-06
1.70131e-06
-3.27179e-15
-8.96152e-10
-1.46995e-08
2.90098e-06
-1.02729e-09
-1.42885e-08
2.62321e-06
-1.40323e-08
2.09019e-06
-1.43649e-13
-7.73075e-10
-1.89606e-08
3.12949e-06
-9.20551e-10
-1.86041e-08
2.8662e-06
-1.85176e-08
2.36511e-06
-2.12748e-13
-6.87751e-10
-2.31882e-08
3.27786e-06
-8.19659e-10
-2.29298e-08
3.02881e-06
-2.30183e-08
2.55824e-06
-2.13294e-13
-5.79448e-10
-2.74074e-08
3.36102e-06
-7.06975e-10
-2.72049e-08
3.12576e-06
-2.73793e-08
2.68405e-06
-1.74919e-13
-5.68639e-10
-3.13367e-08
3.39041e-06
-6.60906e-10
-3.11176e-08
3.16791e-06
-3.07269e-08
2.75131e-06
-9.89965e-14
-4.15563e-10
-3.29244e-08
3.36623e-06
-4.53722e-10
-3.13733e-08
3.15028e-06
-2.729e-08
2.74014e-06
-3.4353e-14
-3.80823e-10
-2.36221e-08
3.22948e-06
-2.94638e-10
-2.07998e-08
3.00744e-06
-1.64797e-08
2.59918e-06
-1.41571e-14
-1.2423e-10
-1.07315e-08
2.93334e-06
-1.41191e-10
-9.6617e-09
2.73297e-06
-8.25242e-09
2.37966e-06
-1.1273e-14
-1.53881e-10
-2.79079e-09
2.58137e-06
-1.589e-10
-2.68822e-09
2.4151e-06
-2.65882e-09
2.12074e-06
-9.4638e-15
-1.1822e-10
2.05542e-06
-1.28138e-10
1.92719e-06
1.69853e-06
-6.66259e-15
-9.71954e-10
-1.56991e-08
2.90635e-06
-1.10667e-09
-1.51713e-08
2.62778e-06
-1.48492e-08
2.09362e-06
-1.53281e-13
-8.3498e-10
-2.00257e-08
3.13465e-06
-9.87084e-10
-1.95536e-08
2.87073e-06
-1.9436e-08
2.36871e-06
-2.48936e-13
-7.27209e-10
-2.42335e-08
3.28279e-06
-8.55082e-10
-2.38738e-08
3.03325e-06
-2.3943e-08
2.56189e-06
-2.59802e-13
-6.1473e-10
-2.83536e-08
3.36576e-06
-7.37248e-10
-2.80748e-08
3.13008e-06
-2.8232e-08
2.6876e-06
-2.20135e-13
-5.7098e-10
-3.21169e-08
3.39475e-06
-6.46756e-10
-3.17931e-08
3.17171e-06
-3.11556e-08
2.75359e-06
-1.28034e-13
-4.462e-10
-3.29603e-08
3.36752e-06
-4.72516e-10
-3.11408e-08
3.14966e-06
-2.66889e-08
2.7352e-06
-4.76588e-14
-3.49266e-10
-2.2751e-08
3.21962e-06
-2.61321e-10
-2.00394e-08
2.99625e-06
-1.60732e-08
2.5883e-06
-2.28256e-14
-1.39459e-10
-1.05217e-08
2.92125e-06
-1.63769e-10
-9.55033e-09
2.72251e-06
-8.24752e-09
2.37167e-06
-1.87576e-14
-1.5496e-10
-2.91583e-09
2.57392e-06
-1.55371e-10
-2.82661e-09
2.40838e-06
-2.78616e-09
2.11512e-06
-1.58651e-14
-1.19968e-10
2.05263e-06
-1.29241e-10
1.92437e-06
1.69561e-06
-1.1319e-14
-1.05805e-09
-1.68761e-08
2.91203e-06
-1.19732e-09
-1.62248e-08
2.63256e-06
-1.58259e-08
2.09718e-06
-1.57212e-13
-9.06367e-10
-2.13009e-08
3.13998e-06
-1.06357e-09
-2.0702e-08
2.87537e-06
-2.05496e-08
2.37237e-06
-2.8419e-13
-7.73366e-10
-2.5503e-08
3.28777e-06
-8.97986e-10
-2.5028e-08
3.0377e-06
-2.50788e-08
2.56552e-06
-3.11047e-13
-6.57143e-10
-2.95168e-08
3.37043e-06
-7.73131e-10
-2.91507e-08
3.13432e-06
-2.92858e-08
2.69104e-06
-2.72568e-13
-5.76489e-10
-3.30806e-08
3.39889e-06
-6.35873e-10
-3.26289e-08
3.17524e-06
-3.16994e-08
2.75537e-06
-1.62584e-13
-4.80299e-10
-3.30654e-08
3.36799e-06
-4.91443e-10
-3.09784e-08
3.14802e-06
-2.6237e-08
2.72924e-06
-6.44608e-14
-3.19928e-10
-2.20775e-08
3.20896e-06
-2.35826e-10
-1.94999e-08
2.98469e-06
-1.58625e-08
2.57769e-06
-3.4487e-14
-1.58852e-10
-1.04455e-08
2.90978e-06
-1.86917e-10
-9.5465e-09
2.71258e-06
-8.32074e-09
2.36395e-06
-2.88563e-14
-1.55809e-10
-3.07338e-09
2.56671e-06
-1.53354e-10
-2.98893e-09
2.40182e-06
-2.92784e-09
2.10958e-06
-2.44673e-14
-1.21814e-10
2.04968e-06
-1.30656e-10
1.92139e-06
1.69255e-06
-1.75268e-14
-1.15388e-09
-1.82307e-08
2.91808e-06
-1.29931e-09
-1.74523e-08
2.63759e-06
-1.69705e-08
2.1009e-06
-1.5234e-13
-9.86589e-10
-2.27939e-08
3.14553e-06
-1.14987e-09
-2.20605e-08
2.88014e-06
-2.18692e-08
2.37612e-06
-3.17426e-13
-8.26987e-10
-2.70093e-08
3.29281e-06
-9.49232e-10
-2.64071e-08
3.04217e-06
-2.64413e-08
2.56915e-06
-3.65609e-13
-7.06154e-10
-3.09123e-08
3.37504e-06
-8.13219e-10
-3.04489e-08
3.13847e-06
-3.05522e-08
2.69433e-06
-3.32187e-13
-5.8654e-10
-3.42362e-08
3.4028e-06
-6.31889e-10
-3.36299e-08
3.17847e-06
-3.2364e-08
2.75655e-06
-2.02857e-13
-5.15909e-10
-3.32512e-08
3.36752e-06
-5.0891e-10
-3.09063e-08
3.14529e-06
-2.59627e-08
2.72233e-06
-8.52489e-14
-2.95963e-10
-2.16154e-08
3.19762e-06
-2.20677e-10
-1.9181e-08
2.97289e-06
-1.58361e-08
2.56734e-06
-4.96551e-14
-1.81014e-10
-1.04894e-08
2.89884e-06
-2.09498e-10
-9.64196e-09
2.70307e-06
-8.4714e-09
2.35637e-06
-4.19928e-14
-1.57207e-10
-3.2606e-09
2.55964e-06
-1.53838e-10
-3.17453e-09
2.39535e-06
-3.08588e-09
2.10404e-06
-3.55832e-14
-1.24252e-10
2.04654e-06
-1.32738e-10
1.91823e-06
1.68934e-06
-2.54637e-14
-1.2579e-09
-1.97548e-08
2.92458e-06
-1.41215e-09
-1.88495e-08
2.64295e-06
-1.82848e-08
2.10482e-06
-1.34887e-13
-1.07418e-09
-2.45053e-08
3.15135e-06
-1.24564e-09
-2.3632e-08
2.88509e-06
-2.34001e-08
2.37999e-06
-3.46115e-13
-8.88416e-10
-2.87587e-08
3.29795e-06
-1.00981e-09
-2.80192e-08
3.04668e-06
-2.80386e-08
2.57278e-06
-4.22421e-13
-7.60639e-10
-3.25498e-08
3.37959e-06
-8.56754e-10
-3.19779e-08
3.14252e-06
-3.20345e-08
2.69747e-06
-3.98647e-13
-6.04167e-10
-3.55838e-08
3.40643e-06
-6.36652e-10
-3.47954e-08
3.18132e-06
-3.31492e-08
2.75702e-06
-2.48898e-13
-5.51026e-10
-3.35269e-08
3.36601e-06
-5.23952e-10
-3.09433e-08
3.14141e-06
-2.58838e-08
2.71455e-06
-1.10512e-13
-2.79846e-10
-2.13686e-08
3.18574e-06
-2.17493e-10
-1.90746e-08
2.96095e-06
-1.59801e-08
2.55722e-06
-6.88756e-14
-2.04838e-10
-1.06415e-08
2.88831e-06
-2.30962e-10
-9.82919e-09
2.69385e-06
-8.69752e-09
2.34886e-06
-5.86424e-14
-1.59894e-10
-3.47546e-09
2.55263e-06
-1.57558e-10
-3.3826e-09
2.3889e-06
-3.26182e-09
2.09845e-06
-4.95852e-14
-1.27487e-10
2.04319e-06
-1.35742e-10
1.91485e-06
1.68594e-06
-3.53582e-14
-1.36774e-09
-2.14296e-08
2.93158e-06
-1.53388e-09
-2.04041e-08
2.64868e-06
-1.97607e-08
2.109e-06
-1.00706e-13
-1.16729e-09
-2.6424e-08
3.15751e-06
-1.34973e-09
-2.54097e-08
2.89028e-06
-2.51386e-08
2.38401e-06
-3.67318e-13
-9.57206e-10
-3.07471e-08
3.30323e-06
-1.08065e-09
-2.9863e-08
3.05126e-06
-2.9869e-08
2.57643e-06
-4.79835e-13
-8.19563e-10
-3.44287e-08
3.38409e-06
-9.03163e-10
-3.37361e-08
3.14648e-06
-3.37253e-08
2.70043e-06
-4.71479e-13
-6.31403e-10
-3.71133e-08
3.40975e-06
-6.49655e-10
-3.61161e-08
3.18372e-06
-3.4047e-08
2.7567e-06
-3.00679e-13
-5.84155e-10
-3.38972e-08
3.36338e-06
-5.36413e-10
-3.1103e-08
3.13635e-06
-2.60055e-08
2.70597e-06
-1.40833e-13
-2.73447e-10
-2.13298e-08
3.17344e-06
-2.26886e-10
-1.91659e-08
2.94897e-06
-1.62778e-08
2.54727e-06
-9.27817e-14
-2.28223e-10
-1.089e-08
2.8781e-06
-2.51198e-10
-1.00993e-08
2.68481e-06
-8.99466e-09
2.34132e-06
-7.93704e-14
-1.6479e-10
-3.71576e-09
2.54562e-06
-1.64881e-10
-3.61124e-09
2.38241e-06
-3.45608e-09
2.09274e-06
-6.69291e-14
-1.31666e-10
2.03961e-06
-1.39854e-10
1.91125e-06
1.68234e-06
-4.75151e-14
-1.47992e-09
-2.32242e-08
2.93915e-06
-1.66088e-09
-2.20935e-08
2.65486e-06
-2.1378e-08
2.11347e-06
-4.51137e-14
-1.26329e-09
-2.85263e-08
3.16408e-06
-1.45979e-09
-2.73762e-08
2.89576e-06
-2.70671e-08
2.38824e-06
-3.77463e-13
-1.03268e-09
-3.29576e-08
3.3087e-06
-1.1616e-09
-3.1926e-08
3.05594e-06
-3.1917e-08
2.58012e-06
-5.35709e-13
-8.8166e-10
-3.65358e-08
3.38855e-06
-9.51511e-10
-3.57113e-08
3.15034e-06
-3.56015e-08
2.70316e-06
-5.49797e-13
-6.69596e-10
-3.88023e-08
3.41269e-06
-6.74456e-10
-3.7568e-08
3.18558e-06
-3.50442e-08
2.75546e-06
-3.57896e-13
-6.14086e-10
-3.43608e-08
3.35955e-06
-5.46569e-10
-3.13891e-08
3.1301e-06
-2.63203e-08
2.6967e-06
-1.76716e-13
-2.77524e-10
-2.14825e-08
3.16084e-06
-2.48122e-10
-1.94308e-08
2.93698e-06
-1.67089e-08
2.53741e-06
-1.21922e-13
-2.51487e-10
-1.1221e-08
2.86809e-06
-2.70221e-10
-1.04417e-08
2.67584e-06
-9.35545e-09
2.3337e-06
-1.04682e-13
-1.72007e-10
-3.9776e-09
2.53855e-06
-1.75707e-10
-3.85735e-09
2.37583e-06
-3.66794e-09
2.08688e-06
-8.80175e-14
-1.3664e-10
2.03577e-06
-1.45003e-10
1.9074e-06
1.67853e-06
-6.21967e-14
-1.58994e-09
-2.50937e-08
2.94736e-06
-1.78834e-09
-2.3882e-08
2.66154e-06
-2.31031e-08
2.11829e-06
3.70611e-14
-1.35888e-09
-3.07722e-08
3.17112e-06
-1.57271e-09
-2.94999e-08
2.90159e-06
-2.91526e-08
2.39272e-06
-3.72433e-13
-1.11357e-09
-3.53572e-08
3.3144e-06
-1.25185e-09
-3.41811e-08
3.06076e-06
-3.41508e-08
2.58386e-06
-5.87502e-13
-9.45583e-10
-3.88419e-08
3.39298e-06
-1.00155e-09
-3.78753e-08
3.15409e-06
-3.76238e-08
2.70563e-06
-6.32426e-13
-7.19053e-10
-4.06137e-08
3.41518e-06
-7.12362e-10
-3.91152e-08
3.18681e-06
-3.61169e-08
2.75325e-06
-4.20013e-13
-6.4019e-10
-3.49072e-08
3.35449e-06
-5.55347e-10
-3.17949e-08
3.1227e-06
-2.68056e-08
2.68683e-06
-2.18497e-13
-2.91983e-10
-2.17991e-08
3.14803e-06
-2.79455e-10
-1.98397e-08
2.92502e-06
-1.72481e-08
2.52757e-06
-1.56693e-13
-2.73618e-10
-1.16182e-08
2.85818e-06
-2.88122e-10
-1.08425e-08
2.66686e-06
-9.76831e-09
2.32593e-06
-1.3493e-13
-1.81487e-10
-4.25558e-09
2.53137e-06
-1.89452e-10
-4.11614e-09
2.36911e-06
-3.89466e-09
2.08082e-06
-1.13099e-13
-1.42223e-10
2.03165e-06
-1.50939e-10
1.90329e-06
1.67448e-06
-7.95303e-14
-1.69247e-09
-2.69797e-08
2.95624e-06
-1.91052e-09
-2.57198e-08
2.66877e-06
-2.48887e-08
2.12352e-06
1.51385e-13
-1.45011e-09
-3.31047e-08
3.17869e-06
-1.68494e-09
-3.17323e-08
2.90784e-06
-3.13464e-08
2.39749e-06
-3.47512e-13
-1.1979e-09
-3.78949e-08
3.32038e-06
-1.35002e-09
-3.6584e-08
3.06576e-06
-3.65212e-08
2.58769e-06
-6.32097e-13
-1.00996e-09
-4.12993e-08
3.3974e-06
-1.0539e-09
-4.01816e-08
3.15773e-06
-3.97368e-08
2.70779e-06
-7.17723e-13
-7.77551e-10
-4.24959e-08
3.41715e-06
-7.60817e-10
-4.07092e-08
3.18732e-06
-3.72291e-08
2.74998e-06
-4.86451e-13
-6.623e-10
-3.5516e-08
3.34817e-06
-5.63605e-10
-3.23011e-08
3.11419e-06
-2.74245e-08
2.67646e-06
-2.66588e-13
-3.15726e-10
-2.22434e-08
3.13507e-06
-3.18425e-10
-2.03562e-08
2.91307e-06
-1.78636e-08
2.51769e-06
-1.97534e-13
-2.94117e-10
-1.20618e-08
2.8483e-06
-3.05038e-10
-1.12842e-08
2.6578e-06
-1.0217e-08
2.31798e-06
-1.70455e-13
-1.9275e-10
-4.54235e-09
2.52404e-06
-2.04981e-10
-4.38146e-09
2.36222e-06
-4.1311e-09
2.07453e-06
-1.42425e-13
-1.48075e-10
2.02726e-06
-1.5731e-10
1.89892e-06
1.6702e-06
-9.96351e-14
-1.78145e-09
-2.88119e-08
2.96583e-06
-2.02098e-09
-2.75439e-08
2.67661e-06
-2.66736e-08
2.12919e-06
3.03574e-13
-1.53233e-09
-3.54498e-08
3.18686e-06
-1.79243e-09
-3.40083e-08
2.91457e-06
-3.35823e-08
2.40261e-06
-2.97544e-13
-1.28271e-09
-4.05018e-08
3.32672e-06
-1.45388e-09
-3.90725e-08
3.071e-06
-3.896e-08
2.59161e-06
-6.65944e-13
-1.07312e-09
-4.38424e-08
3.40181e-06
-1.10815e-09
-4.25662e-08
3.16126e-06
-4.18662e-08
2.70959e-06
-8.03866e-13
-8.43848e-10
-4.43822e-08
3.41854e-06
-8.17413e-10
-4.22907e-08
3.18702e-06
-3.83342e-08
2.74563e-06
-5.56105e-13
-6.80385e-10
-3.61556e-08
3.34062e-06
-5.74092e-10
-3.28746e-08
3.10467e-06
-2.81292e-08
2.66568e-06
-3.2046e-13
-3.46541e-10
-2.27713e-08
3.12203e-06
-3.60834e-10
-2.09386e-08
2.90115e-06
-1.85188e-08
2.50772e-06
-2.44257e-13
-3.12336e-10
-1.25287e-08
2.83837e-06
-3.20739e-10
-1.17458e-08
2.64861e-06
-1.06817e-08
2.30982e-06
-2.11359e-13
-2.04821e-10
-4.82867e-09
2.51655e-06
-2.2061e-10
-4.64569e-09
2.35514e-06
-4.37003e-09
2.06799e-06
-1.76053e-13
-1.53591e-10
2.02259e-06
-1.63466e-10
1.89429e-06
1.66566e-06
-1.22526e-13
-1.85068e-09
-3.05118e-08
2.97612e-06
-2.113e-09
-2.92804e-08
2.68506e-06
-2.83851e-08
2.13535e-06
4.99409e-13
-1.60045e-09
-3.77188e-08
3.19567e-06
-1.89069e-09
-3.62477e-08
2.92182e-06
-3.57791e-08
2.40811e-06
-2.17528e-13
-1.36415e-09
-4.30913e-08
3.33346e-06
-1.56089e-09
-4.15673e-08
3.07651e-06
-4.13822e-08
2.59565e-06
-6.85697e-13
-1.13346e-09
-4.63882e-08
3.40624e-06
-1.16428e-09
-4.49473e-08
3.16467e-06
-4.39244e-08
2.71097e-06
-8.88795e-13
-9.14965e-10
-4.61942e-08
3.41926e-06
-8.78477e-10
-4.379e-08
3.18583e-06
-3.93768e-08
2.7402e-06
-6.28389e-13
-6.94464e-10
-3.67845e-08
3.33191e-06
-5.85637e-10
-3.34733e-08
3.09424e-06
-2.88596e-08
2.65458e-06
-3.806e-13
-3.81486e-10
-2.33331e-08
3.10896e-06
-4.05803e-10
-2.15404e-08
2.88924e-06
-1.9173e-08
2.49763e-06
-2.97299e-13
-3.27472e-10
-1.29929e-08
2.82835e-06
-3.34255e-10
-1.22032e-08
2.63928e-06
-1.11389e-08
2.30146e-06
-2.57785e-13
-2.16404e-10
-5.10399e-09
2.50887e-06
-2.34907e-10
-4.89951e-09
2.34785e-06
-4.6028e-09
2.06122e-06
-2.14111e-13
-1.57944e-10
2.01764e-06
-1.68249e-10
1.8894e-06
1.66089e-06
-1.4834e-13
-1.89457e-09
-3.1998e-08
2.98708e-06
-2.18044e-09
-3.08494e-08
2.69414e-06
-2.99439e-08
2.14199e-06
7.44169e-13
-1.65031e-09
-3.98135e-08
3.20514e-06
-1.97551e-09
-3.83576e-08
2.92966e-06
-3.78448e-08
2.41404e-06
-1.02129e-13
-1.43778e-09
-4.55638e-08
3.34064e-06
-1.6661e-09
-4.39751e-08
3.08236e-06
-4.36889e-08
2.59983e-06
-6.87213e-13
-1.18991e-09
-4.88396e-08
3.41071e-06
-1.22233e-09
-4.72301e-08
3.16795e-06
-4.58149e-08
2.71188e-06
-9.69938e-13
-9.86372e-10
-4.7847e-08
3.41925e-06
-9.39946e-10
-4.51314e-08
3.18368e-06
-4.02962e-08
2.73375e-06
-7.02102e-13
-7.04381e-10
-3.73538e-08
3.32212e-06
-5.98917e-10
-3.40426e-08
3.08305e-06
-2.95541e-08
2.64324e-06
-4.4641e-13
-4.16866e-10
-2.38772e-08
3.0959e-06
-4.46734e-10
-2.21147e-08
2.87734e-06
-1.97822e-08
2.48741e-06
-3.56258e-13
-3.38426e-10
-1.34269e-08
2.81824e-06
-3.44448e-10
-1.26311e-08
2.6298e-06
-1.1563e-08
2.29289e-06
-3.0945e-13
-2.25794e-10
-5.35706e-09
2.50103e-06
-2.45918e-10
-5.13342e-09
2.34037e-06
-4.81891e-09
2.05423e-06
-2.5639e-13
-1.60003e-10
2.01244e-06
-1.70498e-10
1.88427e-06
1.6559e-06
-1.76909e-13
-1.90886e-09
-3.31919e-08
2.99863e-06
-2.21795e-09
-3.21727e-08
2.70381e-06
-3.12694e-08
2.14913e-06
1.04226e-12
-1.67887e-09
-4.16332e-08
3.21526e-06
-2.04243e-09
-4.024e-08
2.93809e-06
-3.96815e-08
2.42041e-06
5.41251e-14
-1.49922e-09
-4.78131e-08
3.34832e-06
-1.7645e-09
-4.61931e-08
3.08858e-06
-4.57739e-08
2.60416e-06
-6.66185e-13
-1.24044e-09
-5.10924e-08
3.41523e-06
-1.28148e-09
-4.93108e-08
3.17111e-06
-4.74385e-08
2.71226e-06
-1.04432e-12
-1.05271e-09
-4.92552e-08
3.41847e-06
-9.96864e-10
-4.62382e-08
3.18056e-06
-4.10298e-08
2.72634e-06
-7.75708e-13
-7.09698e-10
-3.7812e-08
3.31139e-06
-6.12594e-10
-3.45245e-08
3.07124e-06
-3.01495e-08
2.63175e-06
-5.16728e-13
-4.48678e-10
-2.43531e-08
3.08289e-06
-4.79801e-10
-2.26134e-08
2.86546e-06
-2.03044e-08
2.47708e-06
-4.20183e-13
-3.43866e-10
-1.3804e-08
2.80804e-06
-3.49163e-10
-1.30031e-08
2.6202e-06
-1.19293e-08
2.28417e-06
-3.65558e-13
-2.31019e-10
-5.57703e-09
2.49303e-06
-2.51118e-10
-5.33717e-09
2.33273e-06
-5.00799e-09
2.04706e-06
-3.02186e-13
-1.58532e-10
2.00702e-06
-1.68508e-10
1.87895e-06
1.65073e-06
-2.07702e-13
-1.89022e-09
-3.40262e-08
3.01067e-06
-2.22169e-09
-3.31793e-08
2.71402e-06
-3.22867e-08
2.15673e-06
1.39778e-12
-1.68305e-09
-4.3082e-08
3.226e-06
-2.08716e-09
-4.17997e-08
2.94711e-06
-4.11932e-08
2.42723e-06
2.57233e-13
-1.54391e-09
-4.9733e-08
3.35652e-06
-1.85049e-09
-4.81167e-08
3.0952e-06
-4.75307e-08
2.60865e-06
-6.17438e-13
-1.28222e-09
-5.30422e-08
3.41982e-06
-1.33983e-09
-5.10849e-08
3.17414e-06
-4.87015e-08
2.71209e-06
-1.10842e-12
-1.10842e-09
-5.03392e-08
3.41687e-06
-1.0439e-09
-4.70401e-08
3.17645e-06
-4.15183e-08
2.71811e-06
-8.47708e-13
-7.09278e-10
-3.8108e-08
3.29986e-06
-6.2398e-10
-3.48615e-08
3.05897e-06
-3.05872e-08
2.62019e-06
-5.90246e-13
-4.72552e-10
-2.47151e-08
3.06997e-06
-5.00564e-10
-2.2993e-08
2.85362e-06
-2.07013e-08
2.4667e-06
-4.88104e-13
-3.41595e-10
-1.40998e-08
2.79776e-06
-3.45425e-10
-1.32947e-08
2.6105e-06
-1.22152e-08
2.27534e-06
-4.25245e-13
-2.29723e-10
-5.75423e-09
2.48492e-06
-2.47492e-10
-5.50113e-09
2.32495e-06
-5.16033e-09
2.03976e-06
-3.50886e-13
-1.52077e-10
2.00142e-06
-1.60141e-10
1.87345e-06
1.64541e-06
-2.40489e-13
-1.83856e-09
-3.44521e-08
3.02307e-06
-2.18936e-09
-3.38097e-08
2.72468e-06
-3.29332e-08
2.16474e-06
1.81437e-12
-1.66102e-09
-4.40798e-08
3.23728e-06
-2.1059e-09
-4.29502e-08
2.9567e-06
-4.22934e-08
2.43448e-06
5.13026e-13
-1.56735e-09
-5.12264e-08
3.36523e-06
-1.91818e-09
-4.96464e-08
3.10225e-06
-4.88607e-08
2.6133e-06
-5.35012e-13
-1.31315e-09
-5.45908e-08
3.4245e-06
-1.39469e-09
-5.2455e-08
3.17703e-06
-4.95234e-08
2.71136e-06
-1.15788e-12
-1.14771e-09
-5.1031e-08
3.41446e-06
-1.07521e-09
-4.74775e-08
3.1714e-06
-4.17106e-08
2.70923e-06
-9.15061e-13
-7.00967e-10
-3.81968e-08
3.28773e-06
-6.28824e-10
-3.50021e-08
3.04643e-06
-3.08183e-08
2.60867e-06
-6.64111e-13
-4.83742e-10
-2.49249e-08
3.05718e-06
-5.0404e-10
-2.32169e-08
2.84186e-06
-2.09419e-08
2.45632e-06
-5.57259e-13
-3.28873e-10
-1.42942e-08
2.78746e-06
-3.29315e-10
-1.3485e-08
2.60077e-06
-1.24029e-08
2.26647e-06
-4.85938e-13
-2.19054e-10
-5.88089e-09
2.47672e-06
-2.31275e-10
-5.61694e-09
2.31709e-06
-5.26828e-09
2.03239e-06
-4.00218e-13
-1.38721e-10
1.99568e-06
-1.42293e-10
1.86784e-06
1.64e-06
-2.73429e-13
-1.75607e-09
-3.44416e-08
3.03569e-06
-2.12004e-09
-3.40221e-08
2.73568e-06
-3.31632e-08
2.17308e-06
2.29227e-12
-1.61172e-09
-4.45679e-08
3.24902e-06
-2.09515e-09
-4.36213e-08
2.96678e-06
-4.29109e-08
2.44213e-06
8.24756e-13
-1.56491e-09
-5.22136e-08
3.37444e-06
-1.96081e-09
-5.06958e-08
3.10972e-06
-4.96775e-08
2.61811e-06
-4.15033e-13
-1.33165e-09
-5.56541e-08
3.42927e-06
-1.44121e-09
-5.33393e-08
3.17978e-06
-4.98389e-08
2.71008e-06
-1.18771e-12
-1.16471e-09
-5.12797e-08
3.41125e-06
-1.0848e-09
-4.75073e-08
3.16548e-06
-4.15654e-08
2.69987e-06
-9.74774e-13
-6.81445e-10
-3.80427e-08
3.27518e-06
-6.21361e-10
-3.49054e-08
3.03376e-06
-3.08042e-08
2.59729e-06
-7.35319e-13
-4.77098e-10
-2.49552e-08
3.04457e-06
-4.84587e-10
-2.32586e-08
2.83022e-06
-2.10025e-08
2.44603e-06
-6.25033e-13
-3.02452e-10
-1.43731e-08
2.77718e-06
-2.9591e-10
-1.35597e-08
2.59107e-06
-1.24789e-08
2.25765e-06
-5.4553e-13
-1.95627e-10
-5.95183e-09
2.4685e-06
-1.9786e-10
-5.67923e-09
2.30922e-06
-5.32558e-09
2.02504e-06
-4.4877e-13
-1.16105e-10
1.98984e-06
-1.11925e-10
1.86216e-06
1.63456e-06
-3.0607e-13
-1.64419e-09
-3.39866e-08
3.04835e-06
-2.01441e-09
-3.37961e-08
2.74687e-06
-3.29517e-08
2.18166e-06
2.83102e-12
-1.53469e-09
-4.45111e-08
3.26108e-06
-2.05215e-09
-4.37662e-08
2.97727e-06
-4.29968e-08
2.45013e-06
1.19636e-12
-1.5326e-09
-5.26349e-08
3.3841e-06
-1.9729e-09
-5.11976e-08
3.11759e-06
-4.99179e-08
2.62305e-06
-2.51251e-13
-1.33267e-09
-5.61678e-08
3.43413e-06
-1.47201e-09
-5.36739e-08
3.1824e-06
-4.96063e-08
2.7083e-06
-1.19292e-12
-1.15354e-09
-5.10546e-08
3.40729e-06
-1.06429e-09
-4.71046e-08
3.15883e-06
-4.10544e-08
2.69025e-06
-1.0222e-12
-6.46131e-10
-3.76225e-08
3.26239e-06
-5.94162e-10
-3.45446e-08
3.02115e-06
-3.05187e-08
2.58616e-06
-7.98958e-13
-4.47266e-10
-2.47898e-08
3.03219e-06
-4.35667e-10
-2.31038e-08
2.81877e-06
-2.08673e-08
2.43595e-06
-6.86584e-13
-2.57872e-10
-1.43293e-08
2.76698e-06
-2.39261e-10
-1.35122e-08
2.58146e-06
-1.24343e-08
2.24898e-06
-5.99264e-13
-1.55518e-10
-5.96508e-09
2.46029e-06
-1.42734e-10
-5.68586e-09
2.30138e-06
-5.32817e-09
2.01779e-06
-4.92644e-13
-8.14054e-11
1.98396e-06
-6.55394e-11
1.85645e-06
1.62916e-06
-3.35523e-13
-1.50498e-09
-3.30985e-08
3.06088e-06
-1.87414e-09
-3.31324e-08
2.75811e-06
-3.22932e-08
2.19038e-06
3.42837e-12
-1.42963e-09
-4.38999e-08
3.27331e-06
-1.97419e-09
-4.33639e-08
2.98804e-06
-4.25236e-08
2.45838e-06
1.62957e-12
-1.46679e-09
-5.24558e-08
3.39412e-06
-1.94728e-09
-5.11104e-08
3.12582e-06
-4.95364e-08
2.62812e-06
-3.89261e-14
-1.31087e-09
-5.60896e-08
3.43908e-06
-1.47702e-09
-5.34214e-08
3.18488e-06
-4.87995e-08
2.70609e-06
-1.1662e-12
-1.10833e-09
-5.03447e-08
3.40265e-06
-1.01074e-09
-4.62612e-08
3.15157e-06
-4.01617e-08
2.68061e-06
-1.05258e-12
-5.8907e-10
-3.69254e-08
3.24956e-06
-5.37932e-10
-3.39066e-08
3.00875e-06
-2.99468e-08
2.57541e-06
-8.49178e-13
-3.88519e-10
-2.4424e-08
3.02007e-06
-3.52949e-10
-2.27468e-08
2.80757e-06
-2.05307e-08
2.42618e-06
-7.36038e-13
-1.89998e-10
-1.41623e-08
2.75691e-06
-1.523e-10
-1.33406e-08
2.57201e-06
-1.22666e-08
2.24056e-06
-6.4181e-13
-9.43058e-11
-5.92171e-09
2.45214e-06
-6.04137e-11
-5.63636e-09
2.29364e-06
-5.27527e-09
2.01074e-06
-5.27072e-13
-3.14e-11
1.97807e-06
1.2872e-12
1.85079e-06
1.62389e-06
-3.58544e-13
-1.34131e-09
-3.1805e-08
3.07312e-06
-1.70192e-09
-3.20496e-08
2.76924e-06
-3.12011e-08
2.1991e-06
4.07961e-12
-1.29694e-09
-4.27481e-08
3.28555e-06
-1.85937e-09
-4.24168e-08
2.99897e-06
-4.1487e-08
2.4668e-06
2.11859e-12
-1.36461e-09
-5.16663e-08
3.4044e-06
-1.88067e-09
-5.04121e-08
3.13433e-06
-4.85146e-08
2.63327e-06
2.32523e-13
-1.25978e-09
-5.53986e-08
3.44407e-06
-1.44563e-09
-5.2561e-08
3.18721e-06
-4.74175e-08
2.70355e-06
-1.09854e-12
-1.02191e-09
-4.91571e-08
3.39743e-06
-9.13297e-10
-4.49842e-08
3.14388e-06
-3.88815e-08
2.67116e-06
-1.05426e-12
-5.03267e-10
-3.59521e-08
3.23686e-06
-4.43922e-10
-3.29882e-08
2.99669e-06
-2.90841e-08
2.56517e-06
-8.75673e-13
-2.94675e-10
-2.38625e-08
3.00828e-06
-2.27355e-10
-2.21919e-08
2.79671e-06
-1.9991e-08
2.41686e-06
-7.6387e-13
-9.32785e-11
-1.38772e-08
2.74702e-06
-2.89351e-11
-1.30483e-08
2.56281e-06
-1.19769e-08
2.23252e-06
-6.64764e-13
-7.28058e-12
-5.82495e-09
2.4441e-06
5.42945e-11
-5.53254e-09
2.28606e-06
-5.16784e-09
2.00399e-06
-5.45137e-13
3.73786e-11
1.97221e-06
9.26339e-11
1.8452e-06
1.61882e-06
-3.70252e-13
-1.15652e-09
-3.01478e-08
3.0849e-06
-1.50143e-09
-3.05795e-08
2.78012e-06
-2.97046e-08
2.20773e-06
4.79477e-12
-1.13726e-09
-4.10906e-08
3.29763e-06
-1.70468e-09
-4.09492e-08
3.00991e-06
-3.99011e-08
2.47529e-06
2.68689e-12
-1.22424e-09
-5.02801e-08
3.41482e-06
-1.76697e-09
-4.91083e-08
3.14303e-06
-4.68488e-08
2.63845e-06
5.5404e-13
-1.17242e-09
-5.40954e-08
3.44906e-06
-1.37114e-09
-5.10932e-08
3.18939e-06
-4.54726e-08
2.7008e-06
-9.84682e-13
-8.90785e-10
-4.75111e-08
3.39174e-06
-7.65433e-10
-4.32922e-08
3.13596e-06
-3.72164e-08
2.66214e-06
-1.02054e-12
-3.81087e-10
-3.471e-08
3.22444e-06
-3.02723e-10
-3.17957e-08
2.98512e-06
-2.79328e-08
2.55559e-06
-8.6945e-13
-1.59989e-10
-2.31142e-08
2.99684e-06
-5.42006e-11
-2.1446e-08
2.78625e-06
-1.92542e-08
2.40813e-06
-7.60863e-13
3.77226e-11
-1.34808e-08
2.73734e-06
1.36519e-10
-1.26414e-08
2.5539e-06
-1.15698e-08
2.22497e-06
-6.59104e-13
1.09886e-10
-5.67876e-09
2.43619e-06
2.0577e-10
-5.37789e-09
2.2787e-06
-5.00822e-09
1.99763e-06
-5.39466e-13
1.28484e-10
1.9664e-06
2.12029e-10
1.83974e-06
1.61402e-06
-3.65945e-13
-9.54007e-10
-2.81769e-08
3.09608e-06
-1.27367e-09
-2.87676e-08
2.79059e-06
-2.78411e-08
2.21613e-06
5.54206e-12
-9.51635e-10
-3.89773e-08
3.30938e-06
-1.51323e-09
-3.89998e-08
3.0207e-06
-3.77978e-08
2.48373e-06
3.30616e-12
-1.04601e-09
-4.83285e-08
3.42522e-06
-1.60443e-09
-4.72198e-08
3.15181e-06
-4.45578e-08
2.6436e-06
9.45834e-13
-1.04129e-09
-5.21965e-08
3.45397e-06
-1.24051e-09
-4.90369e-08
3.19141e-06
-4.29872e-08
2.69799e-06
-8.08884e-13
-7.08428e-10
-4.54365e-08
3.38569e-06
-5.61381e-10
-4.12078e-08
3.12798e-06
-3.51725e-08
2.65376e-06
-9.3603e-13
-2.15466e-10
-3.32113e-08
3.21243e-06
-1.06597e-10
-3.03367e-08
2.97414e-06
-2.64975e-08
2.5468e-06
-8.15891e-13
2.00159e-11
-2.21913e-08
2.9858e-06
1.70411e-10
-2.05186e-08
2.77628e-06
-1.83235e-08
2.40012e-06
-7.12762e-13
2.07269e-10
-1.29825e-08
2.72793e-06
3.47787e-10
-1.21276e-08
2.54537e-06
-1.1047e-08
2.21805e-06
-6.12402e-13
2.60402e-10
-5.4884e-09
2.42843e-06
3.9673e-10
-5.17647e-09
2.27162e-06
-4.79724e-09
1.99178e-06
-4.99969e-13
2.44506e-10
1.96067e-06
3.61762e-10
1.83444e-06
1.60959e-06
-3.38544e-13
-7.38364e-10
-2.59477e-08
3.10652e-06
-1.02542e-09
-2.66649e-08
2.80054e-06
-2.56608e-08
2.2242e-06
6.32803e-12
-7.43258e-10
-3.64671e-08
3.32065e-06
-1.28677e-09
-3.66225e-08
3.0312e-06
-3.52242e-08
2.49201e-06
3.99004e-12
-8.29957e-10
-4.58572e-08
3.43544e-06
-1.39167e-09
-4.47856e-08
3.16053e-06
-4.16765e-08
2.64866e-06
1.40856e-12
-8.59191e-10
-4.97321e-08
3.4587e-06
-1.04425e-09
-4.64245e-08
3.19323e-06
-3.99933e-08
2.69526e-06
-5.60616e-13
-4.70338e-10
-4.29667e-08
3.37939e-06
-2.96749e-10
-3.87554e-08
3.12014e-06
-3.27595e-08
2.64623e-06
-7.8699e-13
-7.7901e-13
-3.1469e-08
3.20093e-06
1.49299e-10
-2.86208e-08
2.96385e-06
-2.47809e-08
2.53898e-06
-7.00236e-13
2.47835e-10
-2.11061e-08
2.97519e-06
4.47553e-10
-1.94188e-08
2.76688e-06
-1.71978e-08
2.39299e-06
-6.05192e-13
4.17619e-10
-1.23912e-08
2.7188e-06
6.0567e-10
-1.15131e-08
2.53728e-06
-1.04067e-08
2.21186e-06
-5.12474e-13
4.45872e-10
-5.25869e-09
2.42085e-06
6.27353e-10
-4.93136e-09
2.26485e-06
-4.53417e-09
1.98654e-06
-4.16675e-13
3.86734e-10
1.95502e-06
5.42211e-10
1.82936e-06
1.60559e-06
-2.8118e-13
-5.13967e-10
-2.35195e-08
3.11612e-06
-7.62439e-10
-2.43261e-08
2.80984e-06
-2.32199e-08
2.23183e-06
7.1398e-12
-5.13882e-10
-3.36287e-08
3.33127e-06
-1.02712e-09
-3.38764e-08
3.04127e-06
-3.22372e-08
2.49999e-06
4.73775e-12
-5.78317e-10
-4.29249e-08
3.44531e-06
-1.12856e-09
-4.18545e-08
3.16906e-06
-3.82539e-08
2.65355e-06
1.94596e-12
-6.21947e-10
-4.67431e-08
3.46314e-06
-7.74963e-10
-4.32978e-08
3.19483e-06
-3.65281e-08
2.69276e-06
-2.26154e-13
-1.75677e-10
-4.01335e-08
3.37296e-06
2.95641e-11
-3.59606e-08
3.11259e-06
-2.99849e-08
2.63972e-06
-5.57564e-13
2.65665e-10
-2.94936e-08
3.19003e-06
4.65613e-10
-2.66562e-08
2.95435e-06
-2.27795e-08
2.53224e-06
-5.05743e-13
5.22825e-10
-1.98672e-08
2.96504e-06
7.74294e-10
-1.81503e-08
2.75813e-06
-1.58701e-08
2.38685e-06
-4.2349e-13
6.67946e-10
-1.17122e-08
2.70997e-06
9.06892e-10
-1.07993e-08
2.52969e-06
-9.64257e-09
2.20654e-06
-3.46795e-13
6.65062e-10
-4.9925e-09
2.41347e-06
8.94293e-10
-4.64336e-09
2.25847e-06
-4.21579e-09
1.982e-06
-2.79344e-13
5.54437e-10
1.94947e-06
7.51085e-10
1.82452e-06
1.60213e-06
-1.8662e-13
-2.86058e-10
-2.09544e-08
3.12478e-06
-4.92162e-10
-2.18109e-08
2.81839e-06
-2.058e-08
2.23894e-06
7.96469e-12
-2.68017e-10
-3.05342e-08
3.34112e-06
-7.38781e-10
-3.08296e-08
3.05076e-06
-2.89042e-08
2.50757e-06
5.53161e-12
-2.9525e-10
-3.95968e-08
3.45467e-06
-8.17621e-10
-3.84861e-08
3.17724e-06
-3.43547e-08
2.65818e-06
2.55996e-12
-3.27575e-10
-4.32778e-08
3.46715e-06
-4.30709e-10
-3.97058e-08
3.19615e-06
-3.26381e-08
2.69062e-06
2.03773e-13
1.73195e-10
-3.69689e-08
3.36648e-06
4.1357e-10
-3.28489e-08
3.1055e-06
-2.68546e-08
2.63435e-06
-2.31089e-13
5.82131e-10
-2.72925e-08
3.17977e-06
8.37382e-10
-2.44451e-08
2.94569e-06
-2.04866e-08
2.52671e-06
-2.18311e-13
8.40046e-10
-1.84771e-08
2.95539e-06
1.14252e-09
-1.67094e-08
2.75009e-06
-1.43282e-08
2.38184e-06
-1.56181e-13
9.5328e-10
-1.09458e-08
2.70149e-06
1.24306e-09
-9.98189e-09
2.52267e-06
-8.74315e-09
2.2022e-06
-1.0565e-13
9.1313e-10
-4.68996e-09
2.4063e-06
1.1898e-09
-4.31006e-09
2.25252e-06
-3.83616e-09
1.97829e-06
-7.99838e-14
7.44127e-10
1.94404e-06
9.827e-10
1.81997e-06
1.59928e-06
-4.90645e-14
-6.27919e-11
-1.83142e-08
3.13243e-06
-2.25803e-10
-1.91801e-08
2.82612e-06
-1.78135e-08
2.24544e-06
8.79969e-12
-1.1038e-11
-2.72582e-08
3.35007e-06
-4.27226e-10
-2.75548e-08
3.05955e-06
-2.53053e-08
2.51463e-06
6.36615e-12
1.25817e-11
-3.59433e-08
3.46334e-06
-4.63888e-10
-3.47478e-08
3.18491e-06
-3.0061e-08
2.66247e-06
3.2565e-12
2.13528e-11
-3.93912e-08
3.47058e-06
-1.71667e-11
-3.57026e-08
3.19715e-06
-2.83807e-08
2.68892e-06
7.44511e-13
5.69034e-10
-3.35038e-08
3.36002e-06
8.44733e-10
-2.94391e-08
3.09896e-06
-2.33823e-08
2.6302e-06
2.06644e-13
9.41707e-10
-2.48682e-08
3.17019e-06
1.25186e-09
-2.19867e-08
2.93792e-06
-1.78936e-08
2.52247e-06
1.73055e-13
1.18955e-09
-1.6931e-08
2.94626e-06
1.5378e-09
-1.50872e-08
2.74284e-06
-1.25549e-08
2.37804e-06
2.04822e-13
1.26393e-09
-1.00863e-08
2.69338e-06
1.59983e-09
-9.05134e-09
2.5163e-06
-7.6921e-09
2.19894e-06
2.17252e-13
1.18116e-09
-4.34794e-09
2.39938e-06
1.50101e-09
-3.92618e-09
2.24707e-06
-3.38628e-09
1.97548e-06
1.86827e-13
9.4915e-10
1.93874e-06
1.22721e-09
1.81576e-06
1.59712e-06
1.36203e-13
1.4951e-10
-1.56637e-08
3.13904e-06
3.0819e-11
-1.64995e-08
2.83294e-06
-1.49908e-08
2.25127e-06
9.63205e-12
2.48809e-10
-2.38786e-08
3.35804e-06
-1.02521e-10
-2.41293e-08
3.06753e-06
-2.15279e-08
2.52106e-06
7.2394e-12
3.35868e-10
-3.20413e-08
3.47117e-06
-7.73044e-11
-3.07141e-08
3.19191e-06
-2.5469e-08
2.66633e-06
4.03625e-12
4.16423e-10
-3.51476e-08
3.47327e-06
4.51597e-10
-3.13512e-08
3.19775e-06
-2.38175e-08
2.68772e-06
1.3972e-12
9.98952e-10
-2.9768e-08
3.35364e-06
1.3056e-09
-2.57495e-08
3.09305e-06
-1.9588e-08
2.62727e-06
7.58538e-13
1.33141e-09
-2.22187e-08
3.16131e-06
1.68899e-09
-1.92778e-08
2.9311e-06
-1.49936e-08
2.51956e-06
6.69395e-13
1.55625e-09
-1.5217e-08
2.9377e-06
1.93985e-09
-1.32695e-08
2.73645e-06
-1.05318e-08
2.37551e-06
6.59006e-13
1.58554e-09
-9.12156e-09
2.6857e-06
1.95766e-09
-7.99278e-09
2.51065e-06
-6.47053e-09
2.19683e-06
6.20206e-13
1.45624e-09
-3.95978e-09
2.39276e-06
1.81058e-09
-3.48322e-09
2.24221e-06
-2.8548e-09
1.97368e-06
5.19917e-13
1.15965e-09
1.93362e-06
1.47099e-09
1.81197e-06
1.59573e-06
3.69374e-13
3.44372e-10
-1.30686e-08
3.14459e-06
2.71386e-10
-1.38372e-08
2.83884e-06
-1.21853e-08
2.25637e-06
1.04443e-11
5.02749e-10
-2.04754e-08
3.36494e-06
2.228e-10
-2.06339e-08
3.07461e-06
-1.76687e-08
2.52676e-06
8.12584e-12
6.63385e-10
-2.7972e-08
3.478e-06
3.28309e-10
-2.64689e-08
3.19808e-06
-2.06861e-08
2.66967e-06
4.87936e-12
8.44019e-10
-3.0619e-08
3.47507e-06
9.53692e-10
-2.67255e-08
3.1979e-06
-1.90194e-08
2.687e-06
2.14978e-12
1.44493e-09
-2.57909e-08
3.34737e-06
1.77328e-09
-2.18057e-08
3.0878e-06
-1.55018e-08
2.62553e-06
1.4148e-12
1.73277e-09
-1.93389e-08
3.15312e-06
2.12395e-09
-1.63159e-08
2.92521e-06
-1.17909e-08
2.51797e-06
1.25911e-12
1.92089e-09
-1.33169e-08
2.92976e-06
2.32488e-09
-1.12389e-08
2.73097e-06
-8.24811e-09
2.3743e-06
1.19374e-12
1.90019e-09
-8.03334e-09
2.67852e-06
2.29401e-09
-6.78668e-09
2.5058e-06
-5.06244e-09
2.19594e-06
1.09115e-12
1.72252e-09
-3.51515e-09
2.38652e-06
2.09868e-09
-2.96943e-09
2.23802e-06
-2.22979e-09
1.97294e-06
9.09727e-13
1.36337e-09
1.92875e-06
1.69833e-09
1.80866e-06
1.5952e-06
6.45235e-13
5.12828e-10
-1.05922e-08
3.14909e-06
4.86579e-10
-1.12654e-08
2.84379e-06
-9.47734e-09
2.26071e-06
1.11936e-11
7.41683e-10
-1.71292e-08
3.37074e-06
5.3506e-10
-1.71559e-08
3.0807e-06
-1.38346e-08
2.53164e-06
8.99353e-12
9.84086e-10
-2.38206e-08
3.48371e-06
7.36739e-10
-2.21079e-08
3.20328e-06
-1.58322e-08
2.67239e-06
5.75658e-12
1.28641e-09
-2.58843e-08
3.47585e-06
1.46226e-09
-2.19103e-08
3.19752e-06
-1.4075e-08
2.6867e-06
2.97949e-12
1.88547e-09
-2.16044e-08
3.3412e-06
2.22154e-09
-1.76442e-08
3.0832e-06
-1.11745e-08
2.62485e-06
2.15083e-12
2.12374e-09
-1.62243e-08
3.14562e-06
2.52928e-09
-1.31071e-08
2.92027e-06
-8.3087e-09
2.51764e-06
1.91557e-12
2.26207e-09
-1.12097e-08
2.92248e-06
2.66789e-09
-8.97961e-09
2.72643e-06
-5.70945e-09
2.37436e-06
1.78088e-12
2.18837e-09
-6.79935e-09
2.67192e-06
2.58567e-09
-5.4118e-09
2.50184e-06
-3.4603e-09
2.19627e-06
1.60398e-12
1.96295e-09
-3.00037e-09
2.38076e-06
2.34507e-09
-2.3702e-09
2.23459e-06
-1.49762e-09
1.97332e-06
1.33433e-12
1.54702e-09
1.9242e-06
1.89326e-09
1.80595e-06
1.59559e-06
9.48596e-13
6.49603e-10
-8.29866e-09
3.1526e-06
6.66933e-10
-8.84882e-09
2.8478e-06
-6.94677e-09
2.26429e-06
1.18419e-11
9.54908e-10
-1.39221e-08
3.37541e-06
8.21329e-10
-1.37827e-08
3.08577e-06
-1.01346e-08
2.53564e-06
9.79462e-12
1.2857e-09
-1.9678e-08
3.48818e-06
1.12881e-09
-1.77288e-08
3.20738e-06
-1.1036e-08
2.67442e-06
6.62299e-12
1.72219e-09
-2.10319e-08
3.47548e-06
1.94651e-09
-1.69948e-08
3.19656e-06
-9.0866e-09
2.6867e-06
3.84589e-12
2.2973e-09
-1.72464e-08
3.33512e-06
2.62249e-09
-1.33097e-08
3.07919e-06
-6.6785e-09
2.62506e-06
2.92721e-12
2.481e-09
-1.28748e-08
3.13877e-06
2.87741e-09
-9.66732e-09
2.91623e-06
-4.59065e-09
2.51842e-06
2.59785e-12
2.55859e-09
-8.87439e-09
2.91593e-06
2.94524e-09
-6.48538e-09
2.72286e-06
-2.93468e-09
2.37565e-06
2.38026e-12
2.43125e-09
-5.39526e-09
2.66601e-06
2.81162e-09
-3.85006e-09
2.49882e-06
-1.6622e-09
2.19781e-06
2.12204e-12
2.16163e-09
-2.39844e-09
2.3756e-06
2.53187e-09
-1.66708e-09
2.23204e-06
-6.35034e-10
1.97483e-06
1.7653e-12
1.69853e-09
1.9201e-06
2.04222e-09
1.80394e-06
1.597e-06
1.26498e-12
7.51043e-10
-6.24626e-09
3.15517e-06
8.05116e-10
-6.64877e-09
2.85093e-06
-4.67099e-09
2.26712e-06
1.23442e-11
1.13398e-09
-1.09349e-08
3.37896e-06
1.06987e-09
-1.06006e-08
3.08979e-06
-6.67785e-09
2.5387e-06
1.04851e-11
1.55603e-09
-1.56391e-08
3.49133e-06
1.4838e-09
-1.3433e-08
3.21028e-06
-6.42686e-09
2.67564e-06
7.43446e-12
2.12871e-09
-1.61611e-08
3.47387e-06
2.37497e-09
-1.20732e-08
3.19496e-06
-4.16547e-09
2.68681e-06
4.69585e-12
2.65933e-09
-1.2771e-08
3.32907e-06
2.95028e-09
-8.85446e-09
3.07568e-06
-2.1275e-09
2.62597e-06
3.6869e-12
2.78403e-09
-9.30926e-09
3.13252e-06
3.14378e-09
-6.01957e-09
2.91304e-06
-7.57033e-10
2.52019e-06
3.25111e-12
2.79247e-09
-6.3053e-09
2.91013e-06
3.13582e-09
-3.76338e-09
2.72026e-06
-2.9857e-11
2.37806e-06
2.93813e-12
2.61249e-09
-3.80377e-09
2.66089e-06
2.953e-09
-2.08858e-09
2.49681e-06
2.47417e-10
2.20048e-06
2.59261e-12
2.30458e-09
-1.69023e-09
2.37118e-06
2.64228e-09
-8.29842e-10
2.23044e-06
2.99507e-10
1.97741e-06
2.15452e-12
1.80682e-09
1.9166e-06
2.13098e-09
1.80278e-06
1.59943e-06
1.55456e-12
8.15842e-10
-4.48332e-09
3.15692e-06
9.00943e-10
-4.72519e-09
2.85322e-06
-2.70661e-09
2.26922e-06
1.26777e-11
1.27511e-09
-8.24296e-09
3.38145e-06
1.2743e-09
-7.69691e-09
3.09276e-06
-3.54859e-09
2.54081e-06
1.10332e-11
1.78706e-09
-1.18015e-08
3.4931e-06
1.78838e-09
-9.33105e-09
3.21192e-06
-2.10838e-09
2.67598e-06
8.1547e-12
2.48891e-09
-1.1384e-08
3.47097e-06
2.73161e-09
-7.25442e-09
3.19264e-06
5.12256e-10
2.68691e-06
5.47095e-12
2.9546e-09
-8.25857e-09
3.32299e-06
3.19049e-09
-4.3486e-09
3.07254e-06
2.24714e-09
2.62742e-06
4.36913e-12
3.01615e-09
-5.57409e-09
3.12682e-06
3.31097e-09
-2.22475e-09
2.91062e-06
2.95998e-09
2.52279e-06
3.8139e-12
2.94957e-09
-3.51976e-09
2.90512e-06
3.22327e-09
-8.74273e-10
2.71864e-06
2.81127e-09
2.38142e-06
3.3925e-12
2.71937e-09
-2.01472e-09
2.65667e-06
2.99416e-09
-1.83208e-10
2.49584e-06
2.12089e-09
2.20416e-06
2.95649e-12
2.38029e-09
-8.45038e-10
2.36763e-06
2.66084e-09
1.0445e-10
2.22987e-06
1.20208e-09
1.98099e-06
2.44589e-12
1.86224e-09
1.9139e-06
2.14302e-09
1.80261e-06
1.60277e-06
1.76461e-12
8.4891e-10
-3.04455e-09
3.15796e-06
9.60921e-10
-3.12144e-09
2.85478e-06
-1.07992e-09
2.27066e-06
1.28511e-11
1.38134e-09
-5.91099e-09
3.38293e-06
1.43681e-09
-5.14197e-09
3.09472e-06
-7.97994e-10
2.54195e-06
1.14424e-11
1.98028e-09
-8.26192e-09
3.49347e-06
2.04691e-09
-5.52497e-09
3.21223e-06
1.76711e-09
2.67546e-06
8.73485e-12
2.79282e-09
-6.81619e-09
3.46673e-06
3.01043e-09
-2.63848e-09
3.18953e-06
4.71531e-09
2.68697e-06
6.12429e-12
3.17459e-09
-3.80151e-09
3.3168e-06
3.33324e-09
5.97347e-11
3.06968e-06
6.21058e-09
2.62925e-06
4.92771e-12
3.16703e-09
-1.76194e-09
3.12161e-06
3.37093e-09
1.52889e-09
2.90895e-06
6.36347e-09
2.526e-06
4.23897e-12
3.02173e-09
-6.07609e-10
2.90095e-06
3.20543e-09
2.00252e-09
2.71798e-06
5.44135e-09
2.38555e-06
3.70304e-12
2.74511e-09
-9.70898e-11
2.65341e-06
2.93639e-09
1.7176e-09
2.49593e-06
3.86407e-09
2.20868e-06
3.18113e-12
2.38296e-09
9.78905e-11
2.36505e-06
2.58965e-09
1.02832e-09
2.23036e-06
2.03271e-09
1.98541e-06
2.6122e-12
1.85691e-09
1.91214e-06
2.07886e-09
1.80341e-06
1.60688e-06
1.87291e-12
8.57932e-10
-1.93971e-09
3.15842e-06
9.93403e-10
-1.85176e-09
2.8557e-06
2.03206e-10
2.2715e-06
1.2886e-11
1.45935e-09
-3.97328e-09
3.38351e-06
1.56308e-09
-2.9697e-09
3.09574e-06
1.51608e-09
2.54219e-06
1.17047e-11
2.13975e-09
-5.08571e-09
3.49244e-06
2.263e-09
-2.07037e-09
3.21121e-06
5.04613e-09
2.67418e-06
9.16151e-12
3.03714e-09
-2.53659e-09
3.46114e-06
3.1982e-09
1.60688e-09
3.1857e-06
8.29405e-09
2.68691e-06
6.64194e-12
3.3101e-09
4.43148e-10
3.31051e-06
3.37673e-09
4.13044e-09
3.06709e-06
9.63548e-09
2.63128e-06
5.33793e-12
3.23112e-09
1.90974e-09
3.11692e-06
3.33197e-09
5.01994e-09
2.90796e-06
9.34177e-09
2.52962e-06
4.5127e-12
3.01096e-09
2.22422e-09
2.89762e-06
3.09849e-09
4.69349e-09
2.71822e-06
7.76676e-09
2.39022e-06
3.86642e-12
2.69598e-09
1.78434e-09
2.65116e-06
2.79914e-09
3.50024e-09
2.49702e-06
5.41394e-09
2.21382e-06
3.26889e-12
2.31968e-09
1.02344e-09
2.3635e-06
2.4484e-09
1.88243e-09
2.23185e-06
2.76823e-09
1.9905e-06
2.65769e-12
1.79869e-09
1.91136e-06
1.95681e-09
1.80514e-06
1.61161e-06
1.88389e-12
8.49456e-10
-1.14743e-09
3.15841e-06
1.0038e-09
-9.00159e-10
2.8561e-06
1.15274e-09
2.27184e-06
1.27935e-11
1.51206e-09
-2.41778e-09
3.38326e-06
1.65546e-09
-1.17639e-09
3.09587e-06
3.35886e-09
2.54163e-06
1.18227e-11
2.2682e-09
-2.28103e-09
3.49004e-06
2.42943e-09
9.68201e-10
3.2089e-06
7.68383e-09
2.67228e-06
9.45744e-12
3.21047e-09
1.3307e-09
3.45432e-06
3.28944e-09
5.28927e-09
3.1813e-06
1.11914e-08
2.68669e-06
7.01416e-12
3.35744e-09
4.26205e-09
3.30422e-06
3.33803e-09
7.68933e-09
3.06471e-06
1.24416e-08
2.63336e-06
5.59525e-12
3.21324e-09
5.22983e-09
3.11274e-06
3.21366e-09
8.12311e-09
2.90752e-06
1.18059e-08
2.53347e-06
4.64577e-12
2.92964e-09
4.80882e-09
2.89511e-06
2.92512e-09
7.1098e-09
2.71924e-06
9.70962e-09
2.39523e-06
3.9015e-12
2.58741e-09
3.51587e-09
2.64986e-06
2.60423e-09
5.10757e-09
2.49901e-06
6.71633e-09
2.21942e-06
3.24129e-12
2.20699e-09
1.86903e-09
2.36294e-06
2.25771e-09
2.64757e-09
2.23426e-06
3.38427e-09
1.99609e-06
2.60357e-12
1.7038e-09
1.91153e-06
1.79468e-09
1.80769e-06
1.61678e-06
1.8195e-12
8.2755e-10
-6.23078e-10
3.15806e-06
9.962e-10
-2.3157e-10
2.85608e-06
1.80046e-09
2.27175e-06
1.25985e-11
1.54121e-09
-1.2004e-09
3.3823e-06
1.71463e-09
2.57741e-10
3.09521e-06
4.75343e-09
2.54038e-06
1.18282e-11
2.365e-09
1.57092e-10
3.48631e-06
2.54369e-09
3.51337e-09
3.20547e-06
9.69583e-09
2.66987e-06
9.62745e-12
3.29897e-09
4.64509e-09
3.44653e-06
3.29509e-09
8.33268e-09
3.17648e-06
1.34003e-08
2.68627e-06
7.23116e-12
3.32759e-09
7.54173e-09
3.298e-06
3.23192e-09
1.06712e-08
3.06247e-06
1.45948e-08
2.63539e-06
5.71772e-12
3.12454e-09
8.1206e-09
3.10903e-06
3.03551e-09
1.07563e-08
2.90753e-06
1.37078e-08
2.53738e-06
4.66058e-12
2.78996e-09
7.08116e-09
2.89336e-06
2.70264e-09
9.18067e-09
2.7209e-06
1.12188e-08
2.40042e-06
3.83357e-12
2.43092e-09
5.05032e-09
2.64946e-06
2.36976e-09
6.48372e-09
2.50177e-06
7.73771e-09
2.22527e-06
3.12597e-12
2.05515e-09
2.61562e-09
2.36331e-06
2.03466e-09
3.30267e-09
2.23746e-06
3.86395e-09
2.00199e-06
2.47552e-12
1.58031e-09
1.91256e-06
1.60686e-09
1.81097e-06
1.62225e-06
1.70416e-12
7.96498e-10
-3.12313e-10
3.15746e-06
9.74438e-10
1.98254e-10
2.85573e-06
2.19698e-09
2.27133e-06
1.23041e-11
1.5485e-09
-2.63237e-10
3.3807e-06
1.74384e-09
1.36094e-09
3.09385e-06
5.75102e-09
2.53856e-06
1.17124e-11
2.42716e-09
2.21541e-09
3.48141e-06
2.60785e-09
5.55921e-09
3.20109e-06
1.11351e-08
2.66708e-06
9.65046e-12
3.30645e-09
7.3786e-09
3.43806e-06
3.23066e-09
1.07413e-08
3.17137e-06
1.49617e-08
2.68567e-06
7.29824e-12
3.23179e-09
1.02657e-08
3.29188e-06
3.07368e-09
1.30467e-08
3.06032e-06
1.61132e-08
2.63731e-06
5.71014e-12
2.97525e-09
1.05429e-08
3.10578e-06
2.81445e-09
1.28686e-08
2.90787e-06
1.50471e-08
2.54126e-06
4.56206e-12
2.60249e-09
8.99356e-09
2.89231e-06
2.44954e-09
1.08526e-08
2.72307e-06
1.22846e-08
2.40563e-06
3.66568e-12
2.23612e-09
6.34614e-09
2.64987e-06
2.11177e-09
7.59221e-09
2.50515e-06
8.46463e-09
2.23119e-06
2.92912e-12
1.8729e-09
3.24192e-09
2.36455e-06
1.79352e-09
3.83003e-09
2.2413e-06
4.20164e-09
2.00805e-06
2.28663e-12
1.43418e-09
1.91437e-06
1.40524e-09
1.81483e-06
1.62786e-06
1.54982e-12
7.6047e-10
-1.58815e-10
3.15668e-06
9.43799e-10
4.39235e-10
2.85515e-06
2.40236e-09
2.27064e-06
1.19064e-11
1.5371e-09
4.506e-10
3.37856e-06
1.74933e-09
2.18137e-09
3.0919e-06
6.42141e-09
2.53628e-06
1.147e-11
2.45534e-09
3.9084e-09
3.47549e-06
2.62665e-09
7.14714e-09
3.19595e-06
1.20838e-08
2.66404e-06
9.52652e-12
3.24464e-09
9.56194e-09
3.42916e-06
3.11085e-09
1.25538e-08
3.1661e-06
1.59535e-08
2.6849e-06
7.21987e-12
3.08255e-09
1.24329e-08
3.28593e-06
2.87805e-09
1.48269e-08
3.05825e-06
1.70599e-08
2.63908e-06
5.57345e-12
2.77876e-09
1.24678e-08
3.10297e-06
2.56374e-09
1.44549e-08
2.90845e-06
1.58679e-08
2.54501e-06
4.35101e-12
2.38135e-09
1.05194e-08
2.89188e-06
2.18068e-09
1.2097e-08
2.72563e-06
1.2937e-08
2.41074e-06
3.40498e-12
2.01509e-09
7.37936e-09
2.651e-06
1.84536e-09
8.41826e-09
2.509e-06
8.90299e-09
2.23707e-06
2.65721e-12
1.67112e-09
3.73711e-09
2.36652e-06
1.54746e-09
4.21838e-09
2.24562e-06
4.39974e-09
2.0141e-06
2.04228e-12
1.27369e-09
1.91683e-06
1.20113e-09
1.81912e-06
1.63346e-06
1.3607e-12
7.23068e-10
-1.09569e-10
3.15578e-06
9.08991e-10
5.45805e-10
2.85438e-06
2.47636e-09
2.26973e-06
1.14197e-11
1.51171e-09
9.96546e-10
3.37594e-06
1.73668e-09
2.78262e-09
3.08943e-06
6.83777e-09
2.53364e-06
1.11082e-11
2.45199e-09
5.28326e-09
3.46876e-06
2.60576e-09
8.33607e-09
3.19025e-06
1.26338e-08
2.66084e-06
9.2624e-12
3.12496e-09
1.12414e-08
3.42008e-06
2.94885e-09
1.3834e-08
3.16078e-06
1.64706e-08
2.684e-06
7.00121e-12
2.89145e-09
1.40665e-08
3.28021e-06
2.65666e-09
1.60562e-08
3.05626e-06
1.75197e-08
2.64068e-06
5.31188e-12
2.5477e-09
1.3896e-08
3.10059e-06
2.29994e-09
1.55381e-08
2.90922e-06
1.62438e-08
2.54858e-06
4.03046e-12
2.13887e-09
1.16508e-08
2.89198e-06
1.90875e-09
1.29254e-08
2.72847e-06
1.32255e-08
2.41566e-06
3.0551e-12
1.7791e-09
8.1408e-09
2.65273e-06
1.58192e-09
8.96599e-09
2.51316e-06
9.08141e-09
2.2428e-06
2.3172e-12
1.45939e-09
4.09687e-09
2.3691e-06
1.30697e-09
4.46887e-09
2.25027e-06
4.46941e-09
2.02001e-06
1.74356e-12
1.10639e-09
1.91982e-06
1.00366e-09
1.82369e-06
1.63893e-06
1.13672e-12
6.86434e-10
-1.17551e-10
3.1548e-06
8.71224e-10
5.7113e-10
2.85348e-06
2.4709e-09
2.26864e-06
1.08595e-11
1.47558e-09
1.43181e-09
3.37291e-06
1.71053e-09
3.22665e-09
3.08654e-06
7.06749e-09
2.53074e-06
1.06396e-11
2.41927e-09
6.38841e-09
3.46138e-06
2.54906e-09
9.19342e-09
3.18415e-06
1.28724e-08
2.65757e-06
8.86983e-12
2.95948e-09
1.24749e-08
3.41103e-06
2.75618e-09
1.46625e-08
3.15551e-06
1.6608e-08
2.68302e-06
6.65681e-12
2.66932e-09
1.52101e-08
3.27481e-06
2.42065e-09
1.68025e-08
3.05437e-06
1.75845e-08
2.64212e-06
4.94127e-12
2.29451e-09
1.48636e-08
3.09864e-06
2.03307e-09
1.61616e-08
2.91012e-06
1.62558e-08
2.55194e-06
3.61603e-12
1.88437e-09
1.24028e-08
2.89256e-06
1.64219e-09
1.33801e-08
2.7315e-06
1.32063e-08
2.42035e-06
2.62774e-12
1.53704e-09
8.63649e-09
2.65496e-06
1.32807e-09
9.257e-09
2.51749e-06
9.04139e-09
2.24829e-06
1.91945e-12
1.24501e-09
4.32338e-09
2.37217e-06
1.078e-09
4.59175e-09
2.2551e-06
4.42989e-09
2.0257e-06
1.40022e-12
9.37871e-10
1.92321e-06
8.17723e-10
1.8284e-06
1.64418e-06
8.85937e-13
6.51364e-10
-1.42306e-10
3.15375e-06
8.35276e-10
5.58048e-10
2.85249e-06
2.43127e-09
2.26742e-06
1.02103e-11
1.43404e-09
1.80337e-09
3.36953e-06
1.6728e-09
3.56884e-09
3.08329e-06
7.16988e-09
2.52767e-06
1.00625e-11
2.35835e-09
7.26841e-09
3.45356e-06
2.45968e-09
9.78666e-09
3.17783e-06
1.28793e-08
2.65431e-06
8.35136e-12
2.75949e-09
1.33259e-08
3.40222e-06
2.5422e-09
1.5125e-08
3.15039e-06
1.6456e-08
2.68198e-06
6.1968e-12
2.42701e-09
1.59184e-08
3.26979e-06
2.17602e-09
1.71525e-08
3.0526e-06
1.73416e-08
2.6434e-06
4.47724e-12
2.03124e-09
1.54211e-08
3.09711e-06
1.76789e-09
1.6394e-08
2.91114e-06
1.59826e-08
2.55507e-06
3.13769e-12
1.62642e-09
1.2811e-08
2.89354e-06
1.38524e-09
1.35134e-08
2.73462e-06
1.29445e-08
2.42477e-06
2.15343e-12
1.29623e-09
8.88846e-09
2.65758e-06
1.08721e-09
9.32218e-09
2.52189e-06
8.83087e-09
2.25349e-06
1.48255e-12
1.03376e-09
4.4271e-09
2.3756e-06
8.63194e-10
4.60152e-09
2.26e-06
4.30525e-09
2.03109e-06
1.02651e-12
7.72551e-10
1.92686e-06
6.4484e-10
1.83313e-06
1.64912e-06
6.16126e-13
6.18608e-10
-1.53759e-10
3.15264e-06
8.01541e-10
5.42261e-10
2.8514e-06
2.39031e-09
2.26608e-06
9.49699e-12
1.38729e-09
2.14883e-09
3.36584e-06
1.62559e-09
3.85042e-09
3.07975e-06
7.19282e-09
2.52448e-06
9.3847e-12
2.27071e-09
7.96407e-09
3.44547e-06
2.34232e-09
1.01729e-08
3.17144e-06
1.27242e-08
2.65112e-06
7.712e-12
2.53538e-09
1.38598e-08
3.39379e-06
2.31583e-09
1.52971e-08
3.14549e-06
1.60981e-08
2.68091e-06
5.62428e-12
2.17255e-09
1.62577e-08
3.26522e-06
1.92922e-09
1.71856e-08
3.05095e-06
1.68762e-08
2.64455e-06
3.91726e-12
1.76564e-09
1.56259e-08
3.09597e-06
1.51029e-09
1.6315e-08
2.91227e-06
1.5498e-08
2.55795e-06
2.59098e-12
1.37201e-09
1.29208e-08
2.89488e-06
1.14147e-09
1.33868e-08
2.73778e-06
1.25036e-08
2.42891e-06
1.637e-12
1.06231e-09
8.92954e-09
2.66051e-06
8.62116e-10
9.20169e-09
2.52628e-06
8.49467e-09
2.25836e-06
1.01337e-12
8.29955e-10
4.42439e-09
2.37927e-06
6.64421e-10
4.51786e-09
2.26484e-06
4.11848e-09
2.03613e-06
6.26656e-13
6.13486e-10
1.93068e-06
4.86091e-10
1.83778e-06
1.65373e-06
3.2445e-13
5.88219e-10
-1.31356e-10
3.15148e-06
7.69417e-10
5.49656e-10
2.85022e-06
2.37025e-09
2.26463e-06
8.73281e-12
1.33639e-09
2.49156e-09
3.36188e-06
1.57061e-09
4.1021e-09
3.07596e-06
7.17278e-09
2.52124e-06
8.62211e-12
2.15914e-09
8.50688e-09
3.4373e-06
2.20219e-09
1.04023e-08
3.16509e-06
1.24647e-08
2.64802e-06
6.97674e-12
2.2969e-09
1.41355e-08
3.38586e-06
2.08452e-09
1.52477e-08
3.14085e-06
1.56058e-08
2.67985e-06
4.96498e-12
1.91392e-09
1.62999e-08
3.26114e-06
1.68634e-09
1.6969e-08
3.04946e-06
1.62644e-08
2.64558e-06
3.28592e-12
1.50413e-09
1.55442e-08
3.09523e-06
1.26563e-09
1.59986e-08
2.91348e-06
1.48672e-08
2.56061e-06
1.99403e-12
1.1266e-09
1.27871e-08
2.89651e-06
9.13882e-10
1.30613e-08
2.74093e-06
1.19389e-08
2.43275e-06
1.09327e-12
8.39411e-10
8.79899e-09
2.66366e-06
6.54824e-10
8.93812e-09
2.53058e-06
8.07218e-09
2.26288e-06
5.25724e-13
6.36681e-10
4.33516e-09
2.3831e-06
4.82859e-10
4.36253e-09
2.26957e-06
3.88982e-09
2.04079e-06
2.11359e-13
4.62765e-10
1.93455e-06
3.42124e-10
1.84226e-06
1.65796e-06
1.71009e-14
5.60242e-10
-6.32519e-11
3.15024e-06
7.38499e-10
5.97031e-10
2.84896e-06
2.38392e-09
2.26309e-06
7.93874e-12
1.28198e-09
2.84324e-09
3.3577e-06
1.50795e-09
4.34521e-09
3.07199e-06
7.13408e-09
2.51799e-06
7.79927e-12
2.02749e-09
8.92127e-09
3.42919e-06
2.04395e-09
1.05192e-08
3.1589e-06
1.21428e-08
2.64505e-06
6.18267e-12
2.05275e-09
1.42043e-08
3.37852e-06
1.85351e-09
1.50406e-08
3.13653e-06
1.50327e-08
2.67881e-06
4.26131e-12
1.65957e-09
1.61149e-08
3.25757e-06
1.45044e-09
1.65658e-08
3.04814e-06
1.55644e-08
2.64649e-06
2.6291e-12
1.2525e-09
1.52436e-08
3.09484e-06
1.03637e-09
1.5506e-08
2.91475e-06
1.41478e-08
2.56306e-06
1.39057e-12
8.94391e-10
1.24677e-08
2.89839e-06
7.03833e-10
1.25887e-08
2.74404e-06
1.13007e-08
2.4363e-06
5.50924e-13
6.30476e-10
8.53694e-09
2.66696e-06
4.65846e-10
8.5701e-09
2.53477e-06
7.59961e-09
2.26704e-06
4.34861e-14
4.56047e-10
4.18e-09
2.387e-06
3.18344e-10
4.15568e-09
2.27413e-06
3.638e-09
2.04507e-06
-2.00649e-13
3.21713e-10
1.93841e-06
2.12266e-10
1.84653e-06
1.66181e-06
-2.9157e-13
5.3401e-10
5.58431e-11
3.14893e-06
7.07999e-10
6.92243e-10
2.84759e-06
2.43585e-09
2.26146e-06
7.12702e-12
1.22415e-09
3.20809e-09
3.35332e-06
1.43757e-09
4.59051e-09
3.06788e-06
7.09111e-09
2.51477e-06
6.94011e-12
1.87956e-09
9.22937e-09
3.42129e-06
1.87232e-09
1.05567e-08
3.15294e-06
1.17881e-08
2.64222e-06
5.35956e-12
1.8095e-09
1.41131e-08
3.37183e-06
1.62688e-09
1.47278e-08
3.13254e-06
1.44178e-08
2.67781e-06
3.54398e-12
1.41443e-09
1.57615e-08
3.2545e-06
1.22429e-09
1.60346e-08
3.04702e-06
1.48206e-08
2.64731e-06
1.97449e-12
1.01491e-09
1.47831e-08
3.09481e-06
8.23681e-10
1.48918e-08
2.91609e-06
1.33873e-08
2.56532e-06
8.00752e-13
6.78269e-10
1.2014e-08
2.90048e-06
5.11843e-10
1.20158e-08
2.74708e-06
1.063e-08
2.43957e-06
3.04029e-14
4.37456e-10
8.18031e-09
2.67036e-06
2.95032e-10
8.13247e-09
2.53879e-06
7.10692e-09
2.27086e-06
-4.15019e-13
2.89326e-10
3.97807e-09
2.39091e-06
1.70197e-10
3.91552e-09
2.27846e-06
3.3786e-09
2.04897e-06
-5.94155e-13
1.90963e-10
1.94219e-06
9.53385e-11
1.85054e-06
1.66529e-06
-5.91105e-13
5.08587e-10
2.25348e-10
3.14752e-06
6.77395e-10
8.35713e-10
2.84612e-06
2.52496e-09
2.25975e-06
6.30978e-12
1.1623e-09
3.58457e-09
3.3488e-06
1.35991e-09
4.83964e-09
3.06367e-06
7.05155e-09
2.51159e-06
6.0636e-12
1.71906e-09
9.45117e-09
3.4137e-06
1.69277e-09
1.05362e-08
3.14727e-06
1.14213e-08
2.63954e-06
4.53673e-12
1.57206e-09
1.39035e-08
3.36581e-06
1.40855e-09
1.43471e-08
3.1289e-06
1.37898e-08
2.67684e-06
2.84044e-12
1.18177e-09
1.52881e-08
3.25194e-06
1.01106e-09
1.54232e-08
3.04612e-06
1.40671e-08
2.64804e-06
1.36044e-12
7.9426e-10
1.42122e-08
3.09509e-06
6.28891e-10
1.42037e-08
2.91747e-06
1.26205e-08
2.5674e-06
2.57491e-13
4.80144e-10
1.14699e-08
2.90274e-06
3.38561e-10
1.1384e-08
2.75004e-06
9.95734e-09
2.44257e-06
-4.41971e-13
2.61676e-10
7.76124e-09
2.67381e-06
1.42386e-10
7.6557e-09
2.54264e-06
6.61636e-09
2.27435e-06
-8.28864e-13
1.37325e-10
3.74616e-09
2.39479e-06
3.80038e-11
3.65799e-09
2.28256e-06
3.12317e-09
2.05251e-06
-9.5216e-13
7.07789e-11
1.94587e-06
-9.5108e-12
1.85428e-06
1.6684e-06
-8.68534e-13
4.83677e-10
4.39638e-10
3.146e-06
6.4679e-10
1.02279e-09
2.84454e-06
2.64711e-09
2.25796e-06
5.50556e-12
1.09663e-09
3.96486e-09
3.34418e-06
1.27634e-09
5.08903e-09
3.05943e-06
7.01943e-09
2.50849e-06
5.18766e-12
1.5509e-09
9.60081e-09
3.40652e-06
1.5117e-09
1.04713e-08
3.14193e-06
1.10582e-08
2.63701e-06
3.72638e-12
1.34536e-09
1.36099e-08
3.36045e-06
1.20273e-09
1.3923e-08
3.12559e-06
1.31711e-08
2.67593e-06
2.14969e-12
9.64816e-10
1.47361e-08
3.24985e-06
8.14404e-10
1.47684e-08
3.04542e-06
1.33271e-08
2.6487e-06
7.83219e-13
5.93141e-10
1.35729e-08
3.09566e-06
4.53633e-10
1.34802e-08
2.9189e-06
1.18702e-08
2.56931e-06
-2.26825e-13
3.01745e-10
1.08726e-08
2.90514e-06
1.84969e-10
1.07269e-08
2.75291e-06
9.30309e-09
2.44532e-06
-8.58145e-13
1.04391e-10
7.3069e-09
2.67727e-06
8.29262e-12
7.16489e-09
2.5463e-06
6.14275e-09
2.27752e-06
-1.1912e-12
9.53261e-13
3.49846e-09
2.3986e-06
-7.81222e-11
3.3964e-09
2.28641e-06
2.87915e-09
2.05569e-06
-1.26838e-12
-3.82945e-11
1.94941e-06
-1.02364e-10
1.85774e-06
1.67118e-06
-1.12003e-12
4.59641e-10
6.89262e-10
3.14437e-06
6.16585e-10
1.24602e-09
2.84283e-06
2.7962e-09
2.2561e-06
4.73854e-12
1.02847e-09
4.33664e-09
3.3395e-06
1.1888e-09
5.33348e-09
3.05518e-06
6.99598e-09
2.50548e-06
4.34262e-12
1.38148e-09
9.6856e-09
3.39979e-06
1.33485e-09
1.03733e-08
3.13694e-06
1.07097e-08
2.63463e-06
2.95499e-12
1.13409e-09
1.32609e-08
3.35574e-06
1.01296e-09
1.34693e-08
3.12261e-06
1.25776e-08
2.67507e-06
1.49522e-12
7.66651e-10
1.414e-08
3.2482e-06
6.37506e-10
1.40974e-08
3.04493e-06
1.2614e-08
2.6493e-06
2.49421e-13
4.13791e-10
1.28998e-08
3.09649e-06
2.99346e-10
1.27501e-08
2.92036e-06
1.11507e-08
2.57107e-06
-6.51552e-13
1.4454e-10
1.02521e-08
2.90764e-06
5.17669e-11
1.00705e-08
2.75568e-06
8.67983e-09
2.44785e-06
-1.21395e-12
-3.33015e-11
6.83954e-09
2.68071e-06
-1.06998e-10
6.67924e-09
2.54976e-06
5.69505e-09
2.2804e-06
-1.49737e-12
-1.1883e-10
3.24679e-09
2.40231e-06
-1.78027e-10
3.14076e-09
2.29e-06
2.65081e-09
2.05856e-06
-1.5372e-12
-1.35363e-10
1.95279e-06
-1.82979e-10
1.86092e-06
1.67365e-06
-1.33929e-12
4.3665e-10
9.64072e-10
3.14262e-06
5.86849e-10
1.49645e-09
2.84102e-06
2.96405e-09
2.25418e-06
4.02676e-12
9.58835e-10
4.68883e-09
3.33482e-06
1.09885e-09
5.56704e-09
3.05097e-06
6.97862e-09
2.50256e-06
3.56033e-12
1.21616e-09
9.7127e-09
3.39355e-06
1.16607e-09
1.02508e-08
3.1323e-06
1.03792e-08
2.63239e-06
2.26092e-12
9.42778e-10
1.28766e-08
3.35164e-06
8.40886e-10
1.29998e-08
3.11997e-06
1.20167e-08
2.67428e-06
9.21028e-13
5.89324e-10
1.35246e-08
3.24696e-06
4.81295e-10
1.34285e-08
3.0446e-06
1.19378e-08
2.64986e-06
-2.03602e-13
2.572e-10
1.22182e-08
3.09754e-06
1.66078e-10
1.20332e-08
2.92185e-06
1.04721e-08
2.5727e-06
-1.00417e-12
9.08495e-12
9.63096e-09
2.91022e-06
-6.14321e-11
9.4324e-09
2.75835e-06
8.0963e-09
2.45016e-06
-1.50141e-12
-1.5105e-10
6.37601e-09
2.68412e-06
-2.04048e-10
6.21164e-09
2.55304e-06
5.27922e-09
2.28301e-06
-1.74144e-12
-2.21619e-10
3.00009e-09
2.40591e-06
-2.62197e-10
2.8975e-09
2.29336e-06
2.44095e-09
2.06114e-06
-1.75271e-12
-2.19848e-10
1.95601e-06
-2.5162e-10
1.86385e-06
1.67584e-06
-1.51887e-12
4.14495e-10
1.25458e-09
3.14075e-06
5.57505e-10
1.76413e-09
2.83908e-06
3.14165e-09
2.2522e-06
3.37697e-12
8.88448e-10
5.01323e-09
3.33017e-06
1.0078e-09
5.7835e-09
3.04683e-06
6.96257e-09
2.49974e-06
2.85486e-12
1.05844e-09
9.69045e-09
3.38781e-06
1.00816e-09
1.01095e-08
3.12803e-06
1.00659e-08
2.63029e-06
1.65544e-12
7.7208e-10
1.24706e-08
3.34808e-06
6.86859e-10
1.25274e-08
3.11763e-06
1.14896e-08
2.67354e-06
4.34733e-13
4.33607e-10
1.29066e-08
3.24609e-06
3.45258e-10
1.27748e-08
3.04445e-06
1.13045e-08
2.65039e-06
-5.74561e-13
1.23154e-10
1.15453e-08
3.09877e-06
5.28203e-11
1.13426e-08
2.92335e-06
9.84085e-09
2.57422e-06
-1.28357e-12
-1.0502e-10
9.0247e-09
2.91285e-06
-1.55778e-10
8.82403e-09
2.76092e-06
7.55753e-09
2.45229e-06
-1.72086e-12
-2.49327e-10
5.92794e-09
2.68746e-06
-2.83981e-10
5.77011e-09
2.55613e-06
4.89858e-09
2.28539e-06
-1.92405e-12
-3.0769e-10
2.76429e-09
2.40938e-06
-3.3157e-10
2.67049e-09
2.29648e-06
2.251e-09
2.06346e-06
-1.91502e-12
-2.91715e-10
1.95906e-06
-3.08931e-10
1.86654e-06
1.67778e-06
-1.65804e-12
3.93024e-10
1.5517e-09
3.13877e-06
5.28723e-10
2.03918e-09
2.83705e-06
3.32068e-09
2.25018e-06
2.79365e-12
8.17891e-10
5.30385e-09
3.3256e-06
9.17187e-10
5.97697e-09
3.04279e-06
6.94324e-09
2.49703e-06
2.23359e-12
9.10944e-10
9.6264e-09
3.38258e-06
8.6317e-10
9.95235e-09
3.1241e-06
9.7678e-09
2.62833e-06
1.14107e-12
6.21577e-10
1.20524e-08
3.34504e-06
5.50807e-10
1.20607e-08
3.1156e-06
1.09955e-08
2.67286e-06
3.46931e-14
2.99243e-10
1.22975e-08
3.24555e-06
2.28603e-10
1.21452e-08
3.04443e-06
1.07155e-08
2.6509e-06
-8.67697e-13
1.06949e-11
1.0893e-08
3.10017e-06
-4.16435e-11
1.06868e-08
2.92486e-06
9.25849e-09
2.57564e-06
-1.49225e-12
-1.98806e-10
8.44396e-09
2.9155e-06
-2.32604e-10
8.25241e-09
2.76339e-06
7.06467e-09
2.45426e-06
-1.87566e-12
-3.29118e-10
5.50293e-09
2.69073e-06
-3.48059e-10
5.35936e-09
2.55904e-06
4.55363e-09
2.28755e-06
-2.04844e-12
-3.77738e-10
2.54313e-09
2.41272e-06
-3.87173e-10
2.4618e-09
2.29939e-06
2.08092e-09
2.06554e-06
-2.0264e-12
-3.5126e-10
1.96196e-06
-3.55591e-10
1.86901e-06
1.67951e-06
-1.75775e-12
3.72562e-10
1.84672e-09
3.13669e-06
5.00677e-10
2.31292e-09
2.83491e-06
3.49406e-09
2.24814e-06
2.27829e-12
7.47389e-10
5.55672e-09
3.32114e-06
8.28711e-10
6.14255e-09
3.03888e-06
6.91691e-09
2.49444e-06
1.70101e-12
7.75742e-10
9.52702e-09
3.37783e-06
7.32402e-10
9.78145e-09
3.12051e-06
9.48243e-09
2.6265e-06
7.16386e-13
4.90615e-10
1.16296e-08
3.34244e-06
4.32322e-10
1.16048e-08
3.11383e-06
1.05325e-08
2.67224e-06
-2.83473e-13
1.85423e-10
1.17056e-08
3.24529e-06
1.30311e-10
1.15449e-08
3.04455e-06
1.01697e-08
2.6514e-06
-1.08857e-12
-8.15446e-11
1.02696e-08
3.10168e-06
-1.18677e-10
1.00706e-08
2.92637e-06
8.72368e-09
2.57697e-06
-1.6351e-12
-2.737e-10
7.89549e-09
2.91814e-06
-2.93349e-10
7.72091e-09
2.76576e-06
6.61628e-09
2.45607e-06
-1.9713e-12
-3.9173e-10
5.1056e-09
2.69392e-06
-3.97612e-10
4.98127e-09
2.56178e-06
4.24299e-09
2.28953e-06
-2.11978e-12
-4.32741e-10
2.33873e-09
2.41592e-06
-4.30069e-10
2.27191e-09
2.3021e-06
1.92979e-09
2.06743e-06
-2.09096e-12
-3.98985e-10
1.9647e-06
-3.92264e-10
1.87127e-06
1.68105e-06
-1.82058e-12
3.53079e-10
2.13237e-09
3.13451e-06
4.74502e-10
2.57695e-09
2.8327e-06
3.65688e-09
2.24607e-06
1.83893e-12
6.78069e-10
5.76935e-09
3.31683e-06
7.43499e-10
6.27719e-09
3.03512e-06
6.8811e-09
2.49196e-06
1.25839e-12
6.54354e-10
9.39796e-09
3.37355e-06
6.16481e-10
9.59793e-09
3.11722e-06
9.2077e-09
2.62478e-06
3.73982e-13
3.78286e-10
1.12081e-08
3.34026e-06
3.30657e-10
1.1162e-08
3.11231e-06
1.00981e-08
2.67169e-06
-5.25934e-13
9.09538e-11
1.11365e-08
3.24527e-06
4.90775e-11
1.09762e-08
3.04477e-06
9.66417e-09
2.65188e-06
-1.24418e-12
-1.55216e-10
9.68003e-09
3.1033e-06
-1.79858e-10
9.49547e-09
2.92788e-06
8.23341e-09
2.57822e-06
-1.71973e-12
-3.31388e-10
7.38313e-09
2.92077e-06
-3.39625e-10
7.23025e-09
2.76803e-06
6.20931e-09
2.45776e-06
-2.01483e-12
-4.38689e-10
4.73836e-09
2.697e-06
-4.34116e-10
4.63584e-09
2.56437e-06
3.96402e-09
2.29134e-06
-2.14447e-12
-4.73868e-10
2.15202e-09
2.41898e-06
-4.61454e-10
2.10048e-09
2.30462e-06
1.79585e-09
2.06914e-06
-2.11372e-12
-4.35535e-10
1.96728e-06
-4.19735e-10
1.87336e-06
1.68243e-06
-1.84944e-12
3.35011e-10
2.40229e-09
3.13225e-06
4.4873e-10
2.82634e-09
2.83042e-06
3.80411e-09
2.24401e-06
1.45865e-12
6.11615e-10
5.94008e-09
3.31268e-06
6.63411e-10
6.38065e-09
3.03151e-06
6.83374e-09
2.48959e-06
8.96916e-13
5.47635e-10
9.24436e-09
3.3697e-06
5.15434e-10
9.40297e-09
3.11423e-06
8.94132e-09
2.62319e-06
1.05275e-13
2.83468e-10
1.07923e-08
3.33842e-06
2.44881e-10
1.07334e-08
3.11102e-06
9.6891e-09
2.67118e-06
-6.94994e-13
1.42874e-11
1.05935e-08
3.24545e-06
-1.65968e-11
1.044e-08
3.0451e-06
9.19517e-09
2.65236e-06
-1.33657e-12
-2.12215e-10
9.12682e-09
3.10498e-06
-2.26876e-10
8.96123e-09
2.92937e-06
7.78358e-09
2.57941e-06
-1.75216e-12
-3.73753e-10
6.90841e-09
2.92336e-06
-3.73129e-10
6.77964e-09
2.77021e-06
5.83974e-09
2.45933e-06
-2.01256e-12
-4.71694e-10
4.40186e-09
2.69998e-06
-4.59119e-10
4.322e-09
2.56682e-06
3.71329e-09
2.29301e-06
-2.12824e-12
-5.02471e-10
1.98299e-09
2.4219e-06
-4.82596e-10
1.94669e-09
2.30697e-06
1.67691e-09
2.07069e-06
-2.0991e-12
-4.61726e-10
1.96973e-06
-4.38854e-10
1.87528e-06
1.68367e-06
-1.84624e-12
3.18519e-10
2.65179e-09
3.12992e-06
4.24237e-10
3.05581e-09
2.82809e-06
3.9337e-09
2.24195e-06
1.13598e-12
5.49135e-10
6.06929e-09
3.30871e-06
5.89219e-10
6.45273e-09
3.02807e-06
6.77455e-09
2.48734e-06
6.0409e-13
4.55624e-10
9.07091e-09
3.36624e-06
4.28616e-10
9.19696e-09
3.11152e-06
8.68215e-09
2.62171e-06
-1.01762e-13
2.04907e-10
1.03853e-08
3.3369e-06
1.73775e-10
1.03195e-08
3.10993e-06
9.30289e-09
2.67074e-06
-8.01674e-13
-4.63695e-11
1.00784e-08
3.24581e-06
-6.84049e-11
9.93566e-09
3.0455e-06
8.75899e-09
2.65284e-06
-1.37189e-12
-2.54576e-10
8.61067e-09
3.1067e-06
-2.6153e-10
8.46632e-09
2.93085e-06
7.37006e-09
2.58053e-06
-1.74141e-12
-4.02802e-10
6.47113e-09
2.92591e-06
-3.95595e-10
6.367e-09
2.77231e-06
5.50353e-09
2.4608e-06
-1.97428e-12
-4.92567e-10
4.09543e-09
2.70285e-06
-4.74189e-10
4.0377e-09
2.56913e-06
3.48745e-09
2.29456e-06
-2.08024e-12
-5.20046e-10
1.83099e-09
2.42468e-06
-4.94784e-10
1.80914e-09
2.30918e-06
1.57097e-09
2.07212e-06
-2.05512e-12
-4.78546e-10
1.97204e-06
-4.50483e-10
1.87706e-06
1.68479e-06
-1.81742e-12
3.03383e-10
2.87804e-09
3.12755e-06
4.01103e-10
3.26168e-09
2.82573e-06
4.04416e-09
2.23992e-06
8.70915e-13
4.91218e-10
6.15933e-09
3.30494e-06
5.21636e-10
6.49383e-09
3.02481e-06
6.70369e-09
2.4852e-06
3.70753e-13
3.77342e-10
8.88126e-09
3.36314e-06
3.55096e-10
8.98099e-09
3.10905e-06
8.42944e-09
2.62034e-06
-2.61472e-13
1.40783e-10
9.98887e-09
3.33566e-06
1.15954e-10
9.9208e-09
3.10902e-06
8.93665e-09
2.67035e-06
-8.72544e-13
-9.30988e-11
9.59151e-09
3.2463e-06
-1.08103e-10
9.46227e-09
3.04598e-06
8.35201e-09
2.65332e-06
-1.37043e-12
-2.84444e-10
8.13083e-09
3.10844e-06
-2.85608e-10
8.00859e-09
2.9323e-06
6.98882e-09
2.58161e-06
-1.70198e-12
-4.20602e-10
6.06983e-09
2.92839e-06
-4.08726e-10
5.98973e-09
2.77431e-06
5.19675e-09
2.46219e-06
-1.91197e-12
-5.03192e-10
3.8175e-09
2.7056e-06
-4.80868e-10
3.78057e-09
2.57132e-06
3.28331e-09
2.29599e-06
-2.01034e-12
-5.28187e-10
1.69489e-09
2.42733e-06
-4.99315e-10
1.68625e-09
2.31124e-06
1.47616e-09
2.07343e-06
-1.99008e-12
-4.87134e-10
1.97422e-06
-4.55521e-10
1.87872e-06
1.68581e-06
-1.76943e-12
2.89299e-10
3.07955e-09
3.12514e-06
3.79294e-10
3.44182e-09
2.82335e-06
4.13473e-09
2.23791e-06
6.6039e-13
4.3811e-10
6.21364e-09
3.30137e-06
4.60906e-10
6.50544e-09
3.02173e-06
6.62149e-09
2.48317e-06
1.93659e-13
3.11324e-10
8.67856e-09
3.36036e-06
2.93544e-10
8.75686e-09
3.10682e-06
8.18249e-09
2.61908e-06
-3.76275e-13
8.90273e-11
9.60419e-09
3.33464e-06
6.97268e-11
9.53753e-09
3.10825e-06
8.58815e-09
2.67001e-06
-9.15812e-13
-1.2809e-10
9.13222e-09
3.2469e-06
-1.37528e-10
9.01825e-09
3.04651e-06
7.97116e-09
2.6538e-06
-1.347e-12
-3.03959e-10
7.68565e-09
3.11019e-06
-3.0088e-10
7.58533e-09
2.93373e-06
6.63633e-09
2.58265e-06
-1.64422e-12
-4.29181e-10
5.70231e-09
2.9308e-06
-4.1419e-10
5.64477e-09
2.77624e-06
4.91592e-09
2.4635e-06
-1.83427e-12
-5.05417e-10
3.56595e-09
2.70824e-06
-4.80674e-10
3.54793e-09
2.57339e-06
3.09804e-09
2.29733e-06
-1.92597e-12
-5.285e-10
1.57329e-09
2.42985e-06
-4.97502e-10
1.5764e-09
2.31318e-06
1.39086e-09
2.07464e-06
-1.91041e-12
-4.88712e-10
1.97628e-06
-4.54944e-10
1.88026e-06
1.68675e-06
-1.70702e-12
2.76034e-10
3.25578e-09
3.12272e-06
3.58589e-10
3.59579e-09
2.82098e-06
4.20514e-09
2.23595e-06
4.96493e-13
3.89916e-10
6.236e-09
3.298e-06
4.07069e-10
6.49021e-09
3.01881e-06
6.52849e-09
2.48126e-06
6.65775e-14
2.56054e-10
8.46588e-09
3.35788e-06
2.42307e-10
8.52686e-09
3.10479e-06
7.94044e-09
2.61791e-06
-4.46806e-13
4.77623e-11
9.23204e-09
3.33383e-06
3.31837e-11
9.16923e-09
3.10763e-06
8.25602e-09
2.66973e-06
-9.26684e-13
-1.53383e-10
8.69958e-09
3.24758e-06
-1.58529e-10
8.60139e-09
3.04708e-06
7.61415e-09
2.65428e-06
-1.30523e-12
-3.15105e-10
7.27302e-09
3.11193e-06
-3.09074e-10
7.19344e-09
2.93513e-06
6.30973e-09
2.58365e-06
-1.57273e-12
-4.30413e-10
5.36599e-09
2.93314e-06
-4.13572e-10
5.32888e-09
2.77809e-06
4.65816e-09
2.46474e-06
-1.74604e-12
-5.00968e-10
3.33843e-09
2.71077e-06
-4.75052e-10
3.33705e-09
2.57535e-06
2.9293e-09
2.29859e-06
-1.83207e-12
-5.22519e-10
1.46471e-09
2.43225e-06
-4.90623e-10
1.47794e-09
2.31501e-06
1.31372e-09
2.07577e-06
-1.82088e-12
-4.84502e-10
1.97823e-06
-4.4977e-10
1.8817e-06
1.68761e-06
-1.63407e-12
2.6342e-10
3.40691e-09
3.1203e-06
3.38887e-10
3.72388e-09
2.81862e-06
4.25598e-09
2.23403e-06
3.69639e-13
3.46587e-10
6.23029e-09
3.29483e-06
3.59441e-10
6.45142e-09
3.01607e-06
6.42528e-09
2.47945e-06
-2.05968e-14
2.10081e-10
8.24609e-09
3.35565e-06
1.9983e-10
8.29326e-09
3.10296e-06
7.70261e-09
2.61683e-06
-4.82746e-13
1.53151e-11
8.87297e-09
3.33319e-06
4.60235e-12
8.81533e-09
3.10712e-06
7.93911e-09
2.6695e-06
-9.1187e-13
-1.70792e-10
8.2924e-09
3.24833e-06
-1.72745e-10
8.20945e-09
3.04769e-06
7.27898e-09
2.65477e-06
-1.24899e-12
-3.19632e-10
6.89068e-09
3.11366e-06
-3.11684e-10
6.82977e-09
2.93651e-06
6.00655e-09
2.58461e-06
-1.49095e-12
-4.25967e-10
5.05817e-09
2.9354e-06
-4.08228e-10
5.03877e-09
2.77986e-06
4.421e-09
2.46592e-06
-1.64973e-12
-4.91395e-10
3.13255e-09
2.71319e-06
-4.65228e-10
3.1455e-09
2.57722e-06
2.77486e-09
2.29977e-06
-1.73106e-12
-5.11652e-10
1.36769e-09
2.43453e-06
-4.79795e-10
1.38943e-09
2.31674e-06
1.24351e-09
2.07682e-06
-1.72516e-12
-4.75677e-10
1.98007e-06
-4.40913e-10
1.88306e-06
1.68842e-06
-1.55316e-12
2.51346e-10
3.53373e-09
3.11789e-06
3.20101e-10
3.82717e-09
2.81629e-06
4.2883e-09
2.23216e-06
2.72292e-13
3.07972e-10
6.20032e-09
3.29185e-06
3.17563e-10
6.39222e-09
3.0135e-06
6.31301e-09
2.47774e-06
-7.86297e-14
1.72052e-10
8.0218e-09
3.35366e-06
1.6472e-10
8.05789e-09
3.1013e-06
7.46886e-09
2.61584e-06
-4.96094e-13
-9.82242e-12
8.52737e-09
3.33269e-06
-1.74673e-11
8.47533e-09
3.10671e-06
7.63646e-09
2.66932e-06
-8.8259e-13
-1.81906e-10
7.90944e-09
3.24913e-06
-1.81567e-10
7.84037e-09
3.04832e-06
6.96384e-09
2.65526e-06
-1.18649e-12
-3.19053e-10
6.53634e-09
3.11535e-06
-3.09981e-10
6.49149e-09
2.93785e-06
5.72453e-09
2.58554e-06
-1.40708e-12
-4.17267e-10
4.77625e-09
2.93757e-06
-3.99319e-10
4.77154e-09
2.78156e-06
4.20222e-09
2.46704e-06
-1.55351e-12
-4.78031e-10
2.94605e-09
2.7155e-06
-4.52272e-10
2.97095e-09
2.579e-06
2.6329e-09
2.30089e-06
-1.6312e-12
-4.97127e-10
1.28086e-09
2.43669e-06
-4.66011e-10
1.30958e-09
2.31837e-06
1.17921e-09
2.07781e-06
-1.62947e-12
-4.63297e-10
1.98182e-06
-4.29216e-10
1.88433e-06
1.68917e-06
-1.4713e-12
2.39734e-10
3.63745e-09
3.11551e-06
3.02182e-10
3.90719e-09
2.814e-06
4.30346e-09
2.23036e-06
1.97393e-13
2.73815e-10
6.14972e-09
3.28906e-06
2.80937e-10
6.3157e-09
3.01108e-06
6.19299e-09
2.47613e-06
-1.1697e-13
1.40724e-10
7.79532e-09
3.35187e-06
1.35744e-10
7.82237e-09
3.0998e-06
7.23927e-09
2.61493e-06
-4.96353e-13
-2.89787e-11
8.1955e-09
3.33232e-06
-3.427e-11
8.14895e-09
3.10638e-06
7.3471e-09
2.66917e-06
-8.4706e-13
-1.88087e-10
7.54939e-09
3.24997e-06
-1.86201e-10
7.49259e-09
3.04898e-06
6.66688e-09
2.65576e-06
-1.1237e-12
-3.14635e-10
6.20778e-09
3.117e-06
-3.05084e-10
6.17644e-09
2.93915e-06
5.46136e-09
2.58644e-06
-1.32631e-12
-4.05493e-10
4.51774e-09
2.93967e-06
-3.87891e-10
4.52498e-09
2.7832e-06
3.99949e-09
2.46812e-06
-1.46234e-12
-4.61981e-10
2.77681e-09
2.7177e-06
-4.37173e-10
2.81118e-09
2.58068e-06
2.50203e-09
2.30195e-06
-1.5363e-12
-4.79998e-10
1.20298e-09
2.43874e-06
-4.50179e-10
1.2371e-09
2.31991e-06
1.12008e-09
2.07874e-06
-1.5363e-12
-4.48289e-10
1.98347e-06
-4.1549e-10
1.88554e-06
1.68988e-06
-1.39165e-12
2.28732e-10
3.71952e-09
3.11316e-06
2.85164e-10
3.96588e-09
2.81176e-06
4.30307e-09
2.22861e-06
1.38102e-13
2.43752e-10
6.0818e-09
3.28646e-06
2.49032e-10
6.2248e-09
3.00882e-06
6.06662e-09
2.47462e-06
-1.41264e-13
1.14966e-10
7.56854e-09
3.35027e-06
1.11835e-10
7.58816e-09
3.09844e-06
7.01406e-09
2.61409e-06
-4.87453e-13
-4.33206e-11
7.87738e-09
3.33205e-06
-4.68558e-11
7.83601e-09
3.10614e-06
7.0702e-09
2.66907e-06
-8.06997e-13
-1.90488e-10
7.21087e-09
3.25083e-06
-1.87685e-10
7.1648e-09
3.04965e-06
6.38648e-09
2.65625e-06
-1.0601e-12
-3.0743e-10
5.90284e-09
3.11862e-06
-2.97904e-10
5.88274e-09
2.94042e-06
5.21502e-09
2.58732e-06
-1.24667e-12
-3.91622e-10
4.28035e-09
2.94168e-06
-3.74782e-10
4.29712e-09
2.78476e-06
3.81086e-09
2.46915e-06
-1.37314e-12
-4.44181e-10
2.6229e-09
2.7198e-06
-4.20718e-10
2.66444e-09
2.58229e-06
2.3809e-09
2.30296e-06
-1.44269e-12
-4.61162e-10
1.13291e-09
2.44069e-06
-4.33034e-10
1.17098e-09
2.32138e-06
1.06547e-09
2.07963e-06
-1.44401e-12
-4.31468e-10
1.98503e-06
-4.00398e-10
1.88668e-06
1.69054e-06
-1.31135e-12
2.18146e-10
3.78173e-09
3.11086e-06
2.69108e-10
4.00512e-09
2.80958e-06
4.28883e-09
2.22693e-06
9.20224e-14
2.17435e-10
5.99965e-09
3.28402e-06
2.21328e-10
6.1221e-09
3.0067e-06
5.93529e-09
2.47319e-06
-1.56028e-13
9.38271e-11
7.34313e-09
3.34883e-06
9.21009e-11
7.35643e-09
3.09721e-06
6.79358e-09
2.61333e-06
-4.7312e-13
-5.38228e-11
7.57294e-09
3.33188e-06
-5.60782e-11
7.5362e-09
3.10596e-06
6.80516e-09
2.669e-06
-7.65507e-13
-1.90046e-10
6.89257e-09
3.2517e-06
-1.8679e-10
6.85565e-09
3.05032e-06
6.12135e-09
2.65675e-06
-9.98308e-13
-2.98284e-10
5.61951e-09
3.12019e-06
-2.89144e-10
5.60851e-09
2.94166e-06
4.98394e-09
2.58816e-06
-1.17083e-12
-3.76431e-10
4.06193e-09
2.94362e-06
-3.60631e-10
4.08604e-09
2.78627e-06
3.63486e-09
2.47014e-06
-1.28866e-12
-4.25378e-10
2.48257e-09
2.72181e-06
-4.035e-10
2.52926e-09
2.58383e-06
2.26835e-09
2.30392e-06
-1.35382e-12
-4.41347e-10
1.06967e-09
2.44255e-06
-4.15145e-10
1.11041e-09
2.32277e-06
1.01479e-09
2.08047e-06
-1.35584e-12
-4.13516e-10
1.98652e-06
-3.84465e-10
1.88776e-06
1.69117e-06
-1.23354e-12
2.07886e-10
3.82592e-09
3.10862e-06
2.53911e-10
4.027e-09
2.80746e-06
4.26231e-09
2.22531e-06
5.56868e-14
1.94479e-10
5.90602e-09
3.28175e-06
1.97363e-10
6.01003e-09
3.00471e-06
5.80025e-09
2.47185e-06
-1.65179e-13
7.64911e-11
7.12042e-09
3.34754e-06
7.58112e-11
7.12822e-09
3.09609e-06
6.57815e-09
2.61263e-06
-4.55778e-13
-6.12895e-11
7.28198e-09
3.33178e-06
-6.26309e-11
7.24918e-09
3.10584e-06
6.55144e-09
2.66897e-06
-7.24481e-13
-1.8752e-10
6.5932e-09
3.25257e-06
-1.84133e-10
6.56386e-09
3.051e-06
5.8704e-09
2.65725e-06
-9.39648e-13
-2.87878e-10
5.35593e-09
3.12172e-06
-2.79353e-10
5.35208e-09
2.94287e-06
4.76678e-09
2.58899e-06
-1.09981e-12
-3.60533e-10
3.86055e-09
2.94547e-06
-3.45933e-10
3.89004e-09
2.78772e-06
3.47025e-09
2.47109e-06
-1.20959e-12
-4.06157e-10
2.35424e-09
2.72372e-06
-3.85981e-10
2.40437e-09
2.58529e-06
2.16342e-09
2.30485e-06
-1.2704e-12
-4.21131e-10
1.01236e-09
2.44431e-06
-3.96968e-10
1.05471e-09
2.32409e-06
9.67558e-10
2.08127e-06
-1.27256e-12
-3.94992e-10
1.98792e-06
-3.68118e-10
1.88879e-06
1.69177e-06
-1.15913e-12
1.97939e-10
3.85387e-09
3.10643e-06
2.39481e-10
4.03349e-09
2.8054e-06
4.2254e-09
2.22376e-06
2.89595e-14
1.74465e-10
5.80327e-09
3.27963e-06
1.76578e-10
5.89069e-09
3.00285e-06
5.66283e-09
2.47059e-06
-1.6811e-13
6.22592e-11
6.90144e-09
3.34638e-06
6.2312e-11
6.90437e-09
3.09508e-06
6.36819e-09
2.61198e-06
-4.3753e-13
-6.63784e-11
7.00422e-09
3.33174e-06
-6.71125e-11
6.97461e-09
3.10577e-06
6.30865e-09
2.66896e-06
-6.85572e-13
-1.83517e-10
6.31156e-09
3.25345e-06
-1.8024e-10
6.28829e-09
3.05169e-06
5.63269e-09
2.65775e-06
-8.85366e-13
-2.76754e-10
5.11034e-09
3.12319e-06
-2.68961e-10
5.112e-09
2.94403e-06
4.56244e-09
2.58979e-06
-1.03439e-12
-3.44409e-10
3.67444e-09
2.94725e-06
-3.31068e-10
3.70771e-09
2.78911e-06
3.31599e-09
2.472e-06
-1.13685e-12
-3.86968e-10
2.23653e-09
2.72554e-06
-3.68517e-10
2.28871e-09
2.58669e-06
2.06531e-09
2.30573e-06
-1.19339e-12
-4.00966e-10
9.60224e-10
2.44599e-06
-3.78856e-10
1.0033e-09
2.32536e-06
9.23391e-10
2.08203e-06
-1.19521e-12
-3.76345e-10
1.98926e-06
-3.51698e-10
1.88976e-06
1.69235e-06
-1.08933e-12
1.88507e-10
3.86753e-09
3.10431e-06
2.26201e-10
4.02656e-09
2.80342e-06
4.17898e-09
2.22227e-06
-1.8379e-15
1.57101e-10
5.69354e-09
3.27764e-06
1.58711e-10
5.76592e-09
3.00111e-06
5.52365e-09
2.4694e-06
-1.72132e-13
5.06059e-11
6.68705e-09
3.34534e-06
5.11893e-11
6.68554e-09
3.09416e-06
6.16369e-09
2.6114e-06
-4.20507e-13
-6.95863e-11
6.73925e-09
3.33176e-06
-6.9934e-11
6.71207e-09
3.10575e-06
6.07619e-09
2.66898e-06
-6.49779e-13
-1.78483e-10
6.04643e-09
3.25432e-06
-1.75443e-10
6.02783e-09
3.05237e-06
5.40728e-09
2.65824e-06
-8.35623e-13
-2.65292e-10
4.88117e-09
3.12462e-06
-2.58276e-10
4.88687e-09
2.94517e-06
4.36981e-09
2.59057e-06
-9.7481e-13
-3.28395e-10
3.50202e-09
2.94896e-06
-3.16307e-10
3.53772e-09
2.79045e-06
3.17111e-09
2.47289e-06
-1.07032e-12
-3.6813e-10
2.12819e-09
2.72729e-06
-3.5136e-10
2.18128e-09
2.58803e-06
1.97333e-09
2.30658e-06
-1.12267e-12
-3.81176e-10
9.12585e-10
2.44759e-06
-3.61065e-10
9.55688e-10
2.32656e-06
8.81951e-10
2.08276e-06
-1.12377e-12
-3.57911e-10
1.99053e-06
-3.3546e-10
1.8907e-06
1.6929e-06
-1.02426e-12
1.79452e-10
3.86846e-09
3.10225e-06
2.13738e-10
4.00796e-09
2.80151e-06
4.12505e-09
2.22085e-06
-1.80842e-14
1.41973e-10
5.57857e-09
3.27579e-06
1.43214e-10
5.63733e-09
2.99948e-06
5.38401e-09
2.46829e-06
-1.7293e-13
4.10096e-11
6.47785e-09
3.3444e-06
4.19409e-11
6.47225e-09
3.09332e-06
5.96511e-09
2.61086e-06
-4.03794e-13
-7.13756e-11
6.48662e-09
3.33182e-06
-7.15138e-11
6.46121e-09
3.10576e-06
5.85384e-09
2.66902e-06
-6.1708e-13
-1.72792e-10
5.79668e-09
3.25518e-06
-1.70094e-10
5.78158e-09
3.05305e-06
5.19349e-09
2.65873e-06
-7.90636e-13
-2.53789e-10
4.667e-09
3.12601e-06
-2.47545e-10
4.67553e-09
2.94627e-06
4.1881e-09
2.59133e-06
-9.20843e-13
-3.12742e-10
3.34193e-09
2.9506e-06
-3.01857e-10
3.37894e-09
2.79173e-06
3.03488e-09
2.47374e-06
-1.00995e-12
-3.49874e-10
2.02819e-09
2.72895e-06
-3.347e-10
2.08128e-09
2.58932e-06
1.88695e-09
2.30739e-06
-1.05831e-12
-3.61999e-10
8.68879e-10
2.44911e-06
-3.43789e-10
9.11457e-10
2.32771e-06
8.42998e-10
2.08346e-06
-1.05843e-12
-3.39942e-10
1.99174e-06
-3.19601e-10
1.89159e-06
1.69342e-06
-9.64275e-13
1.70632e-10
3.85832e-09
3.10027e-06
2.02222e-10
3.97943e-09
2.79967e-06
4.06463e-09
2.21948e-06
-3.59489e-14
1.28777e-10
5.4599e-09
3.27406e-06
1.29805e-10
5.5063e-09
2.99795e-06
5.24454e-09
2.46724e-06
-1.74322e-13
3.30906e-11
6.27432e-09
3.34355e-06
3.4255e-11
6.26492e-09
3.09256e-06
5.77249e-09
2.61036e-06
-3.89137e-13
-7.20829e-11
6.24585e-09
3.33192e-06
-7.21266e-11
6.22165e-09
3.1058e-06
5.64113e-09
2.66908e-06
-5.87796e-13
-1.66706e-10
5.56124e-09
3.25603e-06
-1.64393e-10
5.54864e-09
3.05372e-06
4.99059e-09
2.65922e-06
-7.50109e-13
-2.42439e-10
4.46654e-09
3.12735e-06
-2.36935e-10
4.47687e-09
2.94733e-06
4.01649e-09
2.59207e-06
-8.72042e-13
-2.97609e-10
3.19295e-09
2.95217e-06
-2.8785e-10
3.23035e-09
2.79297e-06
2.90657e-09
2.47456e-06
-9.55163e-13
-3.32345e-10
1.93559e-09
2.73054e-06
-3.18656e-10
1.98795e-09
2.59055e-06
1.80568e-09
2.30817e-06
-9.99662e-13
-3.43589e-10
8.28623e-10
2.45056e-06
-3.27151e-10
8.70248e-10
2.32881e-06
8.06306e-10
2.08414e-06
-9.98617e-13
-3.22607e-10
1.99289e-06
-3.04257e-10
1.89244e-06
1.69392e-06
-9.08954e-13
1.62323e-10
3.83859e-09
3.09836e-06
1.91387e-10
3.9422e-09
2.7979e-06
3.99893e-09
2.21818e-06
-5.16144e-14
1.17265e-10
5.33881e-09
3.27244e-06
1.1816e-10
5.37378e-09
2.99652e-06
5.10592e-09
2.46625e-06
-1.7633e-13
2.65489e-11
6.07675e-09
3.34279e-06
2.78409e-11
6.06368e-09
3.09187e-06
5.58594e-09
2.60991e-06
-3.76245e-13
-7.19655e-11
6.0164e-09
3.33205e-06
-7.20092e-11
5.99286e-09
3.10587e-06
5.4377e-09
2.66916e-06
-5.61652e-13
-1.60415e-10
5.33908e-09
3.25687e-06
-1.58517e-10
5.32808e-09
3.05438e-06
4.79793e-09
2.6597e-06
-7.13726e-13
-2.31378e-10
4.27862e-09
3.12864e-06
-2.26568e-10
4.28985e-09
2.94837e-06
3.85427e-09
2.59279e-06
-8.27987e-13
-2.83098e-10
3.05399e-09
2.95368e-06
-2.74374e-10
3.09102e-09
2.79416e-06
2.7856e-09
2.47536e-06
-9.05524e-13
-3.15631e-10
1.84958e-09
2.73206e-06
-3.03302e-10
1.90063e-09
2.59172e-06
1.72912e-09
2.30893e-06
-9.46316e-13
-3.26037e-10
7.91391e-10
2.45194e-06
-3.11228e-10
8.31739e-10
2.32987e-06
7.71686e-10
2.08478e-06
-9.43938e-13
-3.06018e-10
1.99399e-06
-2.89517e-10
1.89326e-06
1.69441e-06
-8.58083e-13
1.54392e-10
3.81057e-09
3.09651e-06
1.81433e-10
3.89795e-09
2.7962e-06
3.92887e-09
2.21693e-06
-6.54081e-14
1.07148e-10
5.21634e-09
3.27093e-06
1.08055e-10
5.24091e-09
2.99518e-06
4.96865e-09
2.46532e-06
-1.78595e-13
2.1112e-11
5.88533e-09
3.3421e-06
2.25048e-11
5.86883e-09
3.09124e-06
5.40545e-09
2.6095e-06
-3.64616e-13
-7.1251e-11
5.79775e-09
3.33221e-06
-7.13235e-11
5.77446e-09
3.10597e-06
5.24316e-09
2.66925e-06
-5.37881e-13
-1.54069e-10
5.12929e-09
3.25769e-06
-1.52568e-10
5.11917e-09
3.05503e-06
4.61494e-09
2.66018e-06
-6.80427e-13
-2.20697e-10
4.10218e-09
3.12989e-06
-2.16507e-10
4.11359e-09
2.94937e-06
3.70084e-09
2.59349e-06
-7.87411e-13
-2.69271e-10
2.92408e-09
2.95513e-06
-2.61467e-10
2.96012e-09
2.7953e-06
2.67145e-09
2.47613e-06
-8.59533e-13
-2.99778e-10
1.76947e-09
2.73351e-06
-2.88661e-10
1.81872e-09
2.59285e-06
1.65695e-09
2.30966e-06
-8.96603e-13
-3.09399e-10
7.5683e-10
2.45326e-06
-2.96046e-10
7.95693e-10
2.33088e-06
7.3896e-10
2.08541e-06
-8.92608e-13
-2.90245e-10
1.99504e-06
-2.75415e-10
1.89404e-06
1.69487e-06
-8.10149e-13
1.46897e-10
3.77546e-09
3.09474e-06
1.7227e-10
3.84772e-09
2.79457e-06
3.85537e-09
2.21574e-06
-7.7664e-14
9.82404e-11
5.09337e-09
3.26951e-06
9.92521e-11
5.1084e-09
2.99392e-06
4.83318e-09
2.46444e-06
-1.80867e-13
1.6589e-11
5.70017e-09
3.34147e-06
1.80701e-11
5.68035e-09
3.09067e-06
5.23102e-09
2.60912e-06
-3.54058e-13
-7.01008e-11
5.58938e-09
3.33239e-06
-7.02022e-11
5.56594e-09
3.10608e-06
5.05715e-09
2.66935e-06
-5.16273e-13
-1.47775e-10
4.931e-09
3.2585e-06
-1.46617e-10
4.92107e-09
3.05568e-06
4.44108e-09
2.66065e-06
-6.50166e-13
-2.10454e-10
3.93628e-09
3.13109e-06
-2.06794e-10
3.94716e-09
2.95034e-06
3.55565e-09
2.59417e-06
-7.50866e-13
-2.56159e-10
2.8024e-09
2.95652e-06
-2.49136e-10
2.83681e-09
2.79641e-06
2.56372e-09
2.47687e-06
-8.18378e-13
-2.8481e-10
1.69462e-09
2.73491e-06
-2.74727e-10
1.74163e-09
2.59394e-06
1.58894e-09
2.31036e-06
-8.52494e-13
-2.93698e-10
7.24619e-10
2.45453e-06
-2.81596e-10
7.61905e-10
2.33185e-06
7.07964e-10
2.08601e-06
-8.47755e-13
-2.75328e-10
1.99604e-06
-2.61961e-10
1.89479e-06
1.69532e-06
-7.68742e-13
1.39841e-10
3.73433e-09
3.09304e-06
1.63845e-10
3.79258e-09
2.79301e-06
3.77922e-09
2.2146e-06
-8.79986e-14
9.03782e-11
4.97059e-09
3.26819e-06
9.15607e-11
4.97689e-09
2.99273e-06
4.69986e-09
2.46361e-06
-1.82972e-13
1.28333e-11
5.52129e-09
3.34091e-06
1.43907e-11
5.49824e-09
3.09015e-06
5.06259e-09
2.60877e-06
-3.44638e-13
-6.86416e-11
5.39082e-09
3.33259e-06
-6.87543e-11
5.36679e-09
3.10621e-06
4.87929e-09
2.66947e-06
-4.97163e-13
-1.41621e-10
4.7434e-09
3.25929e-06
-1.40729e-10
4.73308e-09
3.05631e-06
4.27582e-09
2.66111e-06
-6.23531e-13
-2.00691e-10
3.78005e-09
3.13225e-06
-1.97462e-10
3.78984e-09
2.95128e-06
3.41813e-09
2.59483e-06
-7.18865e-13
-2.43775e-10
2.68822e-09
2.95785e-06
-2.37397e-10
2.72048e-09
2.79747e-06
2.46191e-09
2.47759e-06
-7.82606e-13
-2.70724e-10
1.62447e-09
2.73624e-06
-2.61506e-10
1.66902e-09
2.59498e-06
1.52474e-09
2.31103e-06
-8.14449e-13
-2.78926e-10
6.94477e-10
2.45574e-06
-2.67894e-10
7.3014e-10
2.33277e-06
6.7862e-10
2.08658e-06
-8.09667e-13
-2.61272e-10
1.99699e-06
-2.49184e-10
1.8955e-06
1.69575e-06
-7.3371e-13
1.33223e-10
3.68812e-09
3.0914e-06
1.56102e-10
3.73347e-09
2.79152e-06
3.70108e-09
2.21351e-06
-9.70057e-14
8.34245e-11
4.84858e-09
3.26694e-06
8.4814e-11
4.84692e-09
2.99162e-06
4.56898e-09
2.46283e-06
-1.855e-13
9.726e-12
5.34867e-09
3.3404e-06
1.13362e-11
5.32244e-09
3.08967e-06
4.90003e-09
2.60845e-06
-3.36866e-13
-6.69588e-11
5.20156e-09
3.33281e-06
-6.7077e-11
5.17659e-09
3.10636e-06
4.70917e-09
2.66959e-06
-4.80766e-13
-1.35667e-10
4.56574e-09
3.26006e-06
-1.34973e-10
4.55464e-09
3.05693e-06
4.11858e-09
2.66157e-06
-6.00317e-13
-1.91419e-10
3.6327e-09
3.13338e-06
-1.88543e-10
3.64105e-09
2.95219e-06
3.28771e-09
2.59547e-06
-6.90691e-13
-2.32098e-10
2.58082e-09
2.95914e-06
-2.26266e-10
2.61069e-09
2.7985e-06
2.3655e-09
2.47829e-06
-7.50819e-13
-2.5748e-10
1.55858e-09
2.73752e-06
-2.49015e-10
1.60062e-09
2.59598e-06
1.46394e-09
2.31169e-06
-7.80192e-13
-2.65043e-10
6.66192e-10
2.45689e-06
-2.5496e-10
7.00168e-10
2.33366e-06
6.50854e-10
2.08714e-06
-7.74553e-13
-2.48051e-10
1.99791e-06
-2.37112e-10
1.89619e-06
1.69616e-06
-7.00738e-13
1.27032e-10
3.63767e-09
3.08983e-06
1.48988e-10
3.67117e-09
2.79008e-06
3.62157e-09
2.21247e-06
-1.05241e-13
7.72565e-11
4.72778e-09
3.26578e-06
7.8871e-11
4.7189e-09
2.99057e-06
4.44075e-09
2.46209e-06
-1.88606e-13
7.16106e-12
5.18219e-09
3.33994e-06
8.80036e-12
5.15291e-09
3.08923e-06
4.74321e-09
2.60816e-06
-3.3047e-13
-6.51149e-11
5.02109e-09
3.33303e-06
-6.52444e-11
4.99493e-09
3.10652e-06
4.5464e-09
2.66972e-06
-4.66414e-13
-1.29933e-10
4.3973e-09
3.26081e-06
-1.29387e-10
4.38519e-09
3.05754e-06
3.96886e-09
2.66202e-06
-5.79469e-13
-1.82629e-10
3.4935e-09
3.13447e-06
-1.80048e-10
3.50027e-09
2.95307e-06
3.16387e-09
2.59609e-06
-6.65008e-13
-2.21094e-10
2.47958e-09
2.96037e-06
-2.15735e-10
2.50704e-09
2.79948e-06
2.27407e-09
2.47896e-06
-7.21543e-13
-2.4503e-10
1.49658e-09
2.73875e-06
-2.37232e-10
1.53609e-09
2.59695e-06
1.40626e-09
2.31232e-06
-7.48412e-13
-2.52003e-10
6.39586e-10
2.458e-06
-2.42769e-10
6.71837e-10
2.33452e-06
6.24539e-10
2.08768e-06
-7.41527e-13
-2.3563e-10
1.99878e-06
-2.25722e-10
1.89685e-06
1.69656e-06
-6.69428e-13
1.21253e-10
3.58375e-09
3.08833e-06
1.42448e-10
3.60639e-09
2.78871e-06
3.54118e-09
2.21147e-06
-1.13047e-13
7.17663e-11
4.60858e-09
3.26468e-06
7.36147e-11
4.59315e-09
2.98958e-06
4.31535e-09
2.46139e-06
-1.92149e-13
5.04817e-12
5.02171e-09
3.33952e-06
6.69846e-12
4.98952e-09
3.08883e-06
4.592e-09
2.60789e-06
-3.251e-13
-6.31639e-11
4.84893e-09
3.33327e-06
-6.33103e-11
4.82142e-09
3.10669e-06
4.39064e-09
2.66986e-06
-4.53605e-13
-1.24428e-10
4.23746e-09
3.26155e-06
-1.23989e-10
4.22418e-09
3.05814e-06
3.82623e-09
2.66246e-06
-5.60527e-13
-1.74307e-10
3.3618e-09
3.13552e-06
-1.71968e-10
3.36692e-09
2.95393e-06
3.04619e-09
2.5967e-06
-6.41479e-13
-2.10729e-10
2.38396e-09
2.96156e-06
-2.0578e-10
2.40906e-09
2.80044e-06
2.18728e-09
2.47962e-06
-6.94637e-13
-2.33333e-10
1.43809e-09
2.73993e-06
-2.26123e-10
1.47513e-09
2.59787e-06
1.35149e-09
2.31293e-06
-7.19243e-13
-2.39765e-10
6.14484e-10
2.45907e-06
-2.31285e-10
6.45027e-10
2.33534e-06
5.99567e-10
2.0882e-06
-7.11237e-13
-2.23973e-10
1.99962e-06
-2.14985e-10
1.89749e-06
1.69695e-06
-6.40762e-13
1.15866e-10
3.52699e-09
3.08688e-06
1.36431e-10
3.5397e-09
2.7874e-06
3.46038e-09
2.21052e-06
-1.20001e-13
6.68606e-11
4.49128e-09
3.26365e-06
6.89471e-11
4.46991e-09
2.98864e-06
4.1929e-09
2.46072e-06
-1.95432e-13
3.31325e-12
4.86707e-09
3.33914e-06
4.96175e-12
4.83213e-09
3.08847e-06
4.44624e-09
2.60764e-06
-3.20004e-13
-6.11465e-11
4.68459e-09
3.33351e-06
-6.13143e-11
4.65566e-09
3.10686e-06
4.24155e-09
2.67001e-06
-4.41615e-13
-1.19156e-10
4.08563e-09
3.26227e-06
-1.18792e-10
4.07108e-09
3.05872e-06
3.69025e-09
2.66289e-06
-5.42849e-13
-1.66433e-10
3.23704e-09
3.13653e-06
-1.64295e-10
3.24048e-09
2.95476e-06
2.93426e-09
2.5973e-06
-6.19642e-13
-2.0097e-10
2.29351e-09
2.9627e-06
-1.96372e-10
2.31632e-09
2.80136e-06
2.10481e-09
2.48025e-06
-6.69731e-13
-2.22341e-10
1.3828e-09
2.74106e-06
-2.15651e-10
1.41745e-09
2.59877e-06
1.29944e-09
2.31352e-06
-6.92388e-13
-2.28278e-10
5.90746e-10
2.46009e-06
-2.20469e-10
6.19621e-10
2.33613e-06
5.75844e-10
2.08871e-06
-6.83367e-13
-2.13036e-10
2.00042e-06
-2.04868e-10
1.8981e-06
1.69732e-06
-6.14429e-13
1.10847e-10
3.468e-09
3.0855e-06
1.30887e-10
3.47163e-09
2.78614e-06
3.37954e-09
2.20961e-06
-1.26134e-13
6.24589e-11
4.37612e-09
3.26268e-06
6.47829e-11
4.34935e-09
2.98776e-06
4.0735e-09
2.4601e-06
-1.9843e-13
1.89344e-12
4.71809e-09
3.3388e-06
3.52986e-12
4.6806e-09
3.08814e-06
4.30578e-09
2.60741e-06
-3.15336e-13
-5.90987e-11
4.52765e-09
3.33376e-06
-5.92904e-11
4.49725e-09
3.10705e-06
4.0988e-09
2.67016e-06
-4.30711e-13
-1.14114e-10
3.94128e-09
3.26297e-06
-1.13804e-10
3.92541e-09
3.05929e-06
3.56055e-09
2.66331e-06
-5.26896e-13
-1.58987e-10
3.11871e-09
3.13751e-06
-1.57015e-10
3.12049e-09
2.95556e-06
2.82771e-09
2.59787e-06
-6.00044e-13
-1.91777e-10
2.20782e-09
2.96381e-06
-1.8749e-10
2.22843e-09
2.80224e-06
2.02637e-09
2.48086e-06
-6.47585e-13
-2.1201e-10
1.33044e-09
2.74215e-06
-2.05784e-10
1.36279e-09
2.59962e-06
1.24994e-09
2.31409e-06
-6.68748e-13
-2.17495e-10
5.68247e-10
2.46107e-06
-2.10286e-10
5.95508e-10
2.33689e-06
5.53289e-10
2.0892e-06
-6.58539e-13
-2.02773e-10
2.00119e-06
-1.95341e-10
1.89869e-06
1.69768e-06
-5.9113e-13
1.06168e-10
3.40728e-09
3.08417e-06
1.25768e-10
3.4026e-09
2.78493e-06
3.29898e-09
2.20874e-06
-1.31496e-13
5.84928e-11
4.26327e-09
3.26176e-06
6.10509e-11
4.2316e-09
2.98693e-06
3.95722e-09
2.4595e-06
-2.01248e-13
7.34105e-13
4.5746e-09
3.33848e-06
2.35236e-12
4.53473e-09
3.08783e-06
4.17045e-09
2.6072e-06
-3.11188e-13
-5.7041e-11
4.37771e-09
3.33402e-06
-5.72667e-11
4.34583e-09
3.10723e-06
3.96207e-09
2.67031e-06
-4.20947e-13
-1.09298e-10
3.80393e-09
3.26365e-06
-1.09034e-10
3.78671e-09
3.05985e-06
3.43675e-09
2.66373e-06
-5.12617e-13
-1.51945e-10
3.00635e-09
3.13846e-06
-1.50122e-10
3.00652e-09
2.95634e-06
2.72619e-09
2.59843e-06
-5.82569e-13
-1.83113e-10
2.12652e-09
2.96487e-06
-1.79114e-10
2.14508e-09
2.8031e-06
1.95166e-09
2.48146e-06
-6.27885e-13
-2.02291e-10
1.28077e-09
2.7432e-06
-1.96499e-10
1.31089e-09
2.60045e-06
1.20287e-09
2.31464e-06
-6.47728e-13
-2.07364e-10
5.46883e-10
2.46201e-06
-2.00706e-10
5.72574e-10
2.33762e-06
5.31845e-10
2.08967e-06
-6.36055e-13
-1.93135e-10
2.00193e-06
-1.86381e-10
1.89926e-06
1.69802e-06
-5.70311e-13
1.01804e-10
3.34526e-09
3.0829e-06
1.21027e-10
3.33299e-09
2.78378e-06
3.219e-09
2.2079e-06
-1.36618e-13
5.49066e-11
4.15289e-09
3.2609e-06
5.76913e-11
4.11676e-09
2.98615e-06
3.84409e-09
2.45893e-06
-2.04268e-13
-2.1193e-13
4.43641e-09
3.3382e-06
1.38673e-12
4.39433e-09
3.08755e-06
4.04008e-09
2.60701e-06
-3.07735e-13
-5.49889e-11
4.23437e-09
3.33427e-06
-5.52675e-11
4.20104e-09
3.10743e-06
3.83107e-09
2.67046e-06
-4.12133e-13
-1.04701e-10
3.67312e-09
3.26432e-06
-1.04488e-10
3.65459e-09
3.0604e-06
3.31849e-09
2.66414e-06
-4.99454e-13
-1.45285e-10
2.89955e-09
3.13938e-06
-1.43605e-10
2.8982e-09
2.95709e-06
2.62937e-09
2.59898e-06
-5.66067e-13
-1.74945e-10
2.04929e-09
2.96589e-06
-1.7122e-10
2.06597e-09
2.80393e-06
1.88044e-09
2.48204e-06
-6.08748e-13
-1.93141e-10
1.23358e-09
2.74421e-06
-1.87764e-10
1.26154e-09
2.60125e-06
1.15808e-09
2.31518e-06
-6.26493e-13
-1.97839e-10
5.26557e-10
2.46291e-06
-1.91695e-10
5.50727e-10
2.33833e-06
5.11449e-10
2.09012e-06
-6.13757e-13
-1.84079e-10
2.00265e-06
-1.77954e-10
1.8998e-06
1.69836e-06
-5.49757e-13
9.77396e-11
3.28233e-09
3.08167e-06
1.16626e-10
3.26315e-09
2.78267e-06
3.13984e-09
2.2071e-06
-1.41515e-13
5.16627e-11
4.04505e-09
3.26009e-06
5.46566e-11
4.00487e-09
2.9854e-06
3.73414e-09
2.45839e-06
-2.07199e-13
-9.82029e-13
4.30334e-09
3.33794e-06
6.00013e-13
4.2592e-09
3.0873e-06
3.91452e-09
2.60683e-06
-3.04332e-13
-5.29635e-11
4.09725e-09
3.33453e-06
-5.33061e-11
4.06254e-09
3.10762e-06
3.70554e-09
2.67062e-06
-4.03333e-13
-1.00319e-10
3.54842e-09
3.26497e-06
-1.00156e-10
3.52864e-09
3.06093e-06
3.2055e-09
2.66454e-06
-4.86232e-13
-1.38987e-10
2.7979e-09
3.14027e-06
-1.37436e-10
2.79514e-09
2.95782e-06
2.537e-09
2.59951e-06
-5.49278e-13
-1.67244e-10
1.97582e-09
2.96688e-06
-1.63768e-10
1.99077e-09
2.80473e-06
1.81253e-09
2.4826e-06
-5.89012e-13
-1.84529e-10
1.18867e-09
2.74518e-06
-1.79527e-10
1.21461e-09
2.60202e-06
1.11539e-09
2.3157e-06
-6.042e-13
-1.88883e-10
5.07188e-10
2.46378e-06
-1.832e-10
5.29918e-10
2.33901e-06
4.92013e-10
2.09056e-06
-5.91008e-13
-1.75569e-10
2.00333e-06
-1.7001e-10
1.90033e-06
1.69868e-06
-5.28555e-13
9.39655e-11
3.21878e-09
3.0805e-06
1.12528e-10
3.19337e-09
2.78161e-06
3.06168e-09
2.20633e-06
-1.46285e-13
4.87376e-11
3.93982e-09
3.25932e-06
5.19025e-11
3.89597e-09
2.9847e-06
3.62737e-09
2.45788e-06
-2.09938e-13
-1.60316e-12
4.1752e-09
3.33771e-06
-3.8586e-14
4.12914e-09
3.08706e-06
3.79361e-09
2.60666e-06
-3.00941e-13
-5.09986e-11
3.96601e-09
3.33479e-06
-5.13888e-11
3.93001e-09
3.10782e-06
3.58522e-09
2.67077e-06
-3.94634e-13
-9.61543e-11
3.42942e-09
3.2656e-06
-9.60275e-11
3.4085e-09
3.06145e-06
3.0975e-09
2.66493e-06
-4.73313e-13
-1.33037e-10
2.70103e-09
3.14113e-06
-1.3159e-10
2.69699e-09
2.95853e-06
2.44884e-09
2.60003e-06
-5.33075e-13
-1.59985e-10
1.90583e-09
2.96784e-06
-1.56721e-10
1.91918e-09
2.80551e-06
1.74778e-09
2.48314e-06
-5.70387e-13
-1.76423e-10
1.14587e-09
2.74612e-06
-1.71745e-10
1.16995e-09
2.60277e-06
1.07465e-09
2.3162e-06
-5.83648e-13
-1.8046e-10
4.88697e-10
2.46462e-06
-1.75178e-10
5.10095e-10
2.33966e-06
4.73464e-10
2.09099e-06
-5.70154e-13
-1.67569e-10
2.00398e-06
-1.62506e-10
1.90083e-06
1.69899e-06
-5.0896e-13
9.04691e-11
3.15489e-09
3.07938e-06
1.087e-10
3.12389e-09
2.78059e-06
2.98472e-09
2.2056e-06
-1.50562e-13
4.61032e-11
3.83724e-09
3.25859e-06
4.93912e-11
3.79007e-09
2.98403e-06
3.52377e-09
2.45739e-06
-2.12071e-13
-2.09786e-12
4.05179e-09
3.3375e-06
-5.55222e-13
4.00395e-09
3.08685e-06
3.67718e-09
2.60651e-06
-2.97192e-13
-4.91165e-11
3.84031e-09
3.33505e-06
-4.952e-11
3.80314e-09
3.10803e-06
3.46988e-09
2.67093e-06
-3.85819e-13
-9.22062e-11
3.31577e-09
3.26622e-06
-9.20911e-11
3.29381e-09
3.06196e-06
2.99423e-09
2.66532e-06
-4.60562e-13
-1.27419e-10
2.60864e-09
3.14197e-06
-1.26048e-10
2.60342e-09
2.95922e-06
2.36468e-09
2.60053e-06
-5.17419e-13
-1.5314e-10
1.83907e-09
2.96876e-06
-1.50054e-10
1.85096e-09
2.80625e-06
1.68601e-09
2.48367e-06
-5.5283e-13
-1.68786e-10
1.10502e-09
2.74702e-06
-1.64387e-10
1.12742e-09
2.60349e-06
1.03576e-09
2.31668e-06
-5.64841e-13
-1.7253e-10
4.71021e-10
2.46543e-06
-1.67598e-10
4.91193e-10
2.34029e-06
4.55751e-10
2.0914e-06
-5.51159e-13
-1.60044e-10
2.00462e-06
-1.55413e-10
1.90132e-06
1.69929e-06
-4.91062e-13
8.72274e-11
3.09092e-09
3.0783e-06
1.05115e-10
3.05491e-09
2.77961e-06
2.90908e-09
2.20489e-06
-1.54293e-13
4.3721e-11
3.73731e-09
3.2579e-06
4.70918e-11
3.68715e-09
2.98339e-06
3.4233e-09
2.45692e-06
-2.13569e-13
-2.48893e-12
3.93293e-09
3.3373e-06
-9.71017e-13
3.88344e-09
3.08665e-06
3.56508e-09
2.60637e-06
-2.93192e-13
-4.73201e-11
3.71987e-09
3.33531e-06
-4.77065e-11
3.68163e-09
3.10823e-06
3.35928e-09
2.67109e-06
-3.77124e-13
-8.84678e-11
3.20715e-09
3.26682e-06
-8.83419e-11
3.18425e-09
3.06246e-06
2.89546e-09
2.66569e-06
-4.48332e-13
-1.22115e-10
2.52043e-09
3.14277e-06
-1.20794e-10
2.51413e-09
2.95989e-06
2.28429e-09
2.60102e-06
-5.02627e-13
-1.46684e-10
1.77535e-09
2.96965e-06
-1.43745e-10
1.78588e-09
2.80698e-06
1.62705e-09
2.48419e-06
-5.36488e-13
-1.61587e-10
1.066e-09
2.74789e-06
-1.57431e-10
1.08685e-09
2.60418e-06
9.98608e-10
2.31716e-06
-5.47679e-13
-1.65058e-10
4.54105e-10
2.4662e-06
-1.60434e-10
4.73146e-10
2.3409e-06
4.38831e-10
2.0918e-06
-5.33929e-13
-1.52959e-10
2.00522e-06
-1.48708e-10
1.90179e-06
1.69958e-06
-4.74905e-13
8.42151e-11
3.02709e-09
3.07726e-06
1.01747e-10
2.98659e-09
2.77867e-06
2.83488e-09
2.20421e-06
-1.57135e-13
4.15553e-11
3.64005e-09
3.25724e-06
4.49787e-11
3.5872e-09
2.98279e-06
3.32594e-09
2.45648e-06
-2.14147e-13
-2.79588e-12
3.81843e-09
3.33713e-06
-1.30352e-12
3.76742e-09
3.08647e-06
3.45715e-09
2.60623e-06
-2.88652e-13
-4.56061e-11
3.6044e-09
3.33557e-06
-4.59545e-11
3.56518e-09
3.10843e-06
3.25319e-09
2.67125e-06
-3.6826e-13
-8.49293e-11
3.10327e-09
3.2674e-06
-8.47747e-11
3.0795e-09
3.06294e-06
2.80093e-09
2.66606e-06
-4.36319e-13
-1.17105e-10
2.43616e-09
3.14356e-06
-1.15815e-10
2.42885e-09
2.96054e-06
2.20746e-09
2.6015e-06
-4.88253e-13
-1.40591e-10
1.71446e-09
2.97052e-06
-1.37775e-10
1.72372e-09
2.80768e-06
1.57075e-09
2.48469e-06
-5.20685e-13
-1.54796e-10
1.02869e-09
2.74873e-06
-1.5085e-10
1.04811e-09
2.60485e-06
9.63116e-10
2.31761e-06
-5.31219e-13
-1.58005e-10
4.37898e-10
2.46695e-06
-1.5366e-10
4.55901e-10
2.34149e-06
4.22662e-10
2.09219e-06
-5.17492e-13
-1.46282e-10
2.00581e-06
-1.42365e-10
1.90224e-06
1.69986e-06
-4.59606e-13
8.14082e-11
2.96358e-09
3.07626e-06
9.85732e-11
2.91907e-09
2.77777e-06
2.76221e-09
2.20356e-06
-1.5942e-13
3.95754e-11
3.54544e-09
3.25662e-06
4.30295e-11
3.49018e-09
2.98221e-06
3.23164e-09
2.45605e-06
-2.14255e-13
-3.03557e-12
3.70812e-09
3.33697e-06
-1.56762e-12
3.65573e-09
3.0863e-06
3.35323e-09
2.60611e-06
-2.84095e-13
-4.39739e-11
3.49367e-09
3.33583e-06
-4.42861e-11
3.45356e-09
3.10863e-06
3.1514e-09
2.67141e-06
-3.59709e-13
-8.15809e-11
3.00387e-09
3.26798e-06
-8.13827e-11
2.97931e-09
3.06342e-06
2.71042e-09
2.66642e-06
-4.24899e-13
-1.12373e-10
2.35558e-09
3.14432e-06
-1.11096e-10
2.34735e-09
2.96117e-06
2.13399e-09
2.60197e-06
-4.74681e-13
-1.34837e-10
1.65624e-09
2.97135e-06
-1.32124e-10
1.66432e-09
2.80836e-06
1.51694e-09
2.48517e-06
-5.05772e-13
-1.48384e-10
9.92977e-10
2.74954e-06
-1.44624e-10
1.01109e-09
2.6055e-06
9.29188e-10
2.31806e-06
-5.1571e-13
-1.51347e-10
4.2236e-10
2.46767e-06
-1.47253e-10
4.39403e-10
2.34206e-06
4.07202e-10
2.09256e-06
-5.02045e-13
-1.39985e-10
2.00637e-06
-1.36362e-10
1.90267e-06
1.70013e-06
-4.45349e-13
7.87851e-11
2.90056e-09
3.0753e-06
9.55728e-11
2.85247e-09
2.7769e-06
2.69113e-09
2.20293e-06
-1.61139e-13
3.77569e-11
3.45345e-09
3.25603e-06
4.12229e-11
3.39604e-09
2.98167e-06
3.14034e-09
2.45564e-06
-2.13916e-13
-3.22031e-12
3.60182e-09
3.33682e-06
-1.77874e-12
3.54818e-09
3.08615e-06
3.25318e-09
2.606e-06
-2.79446e-13
-4.24246e-11
3.38743e-09
3.33609e-06
-4.26855e-11
3.3465e-09
3.10883e-06
3.05372e-09
2.67156e-06
-3.51363e-13
-7.84109e-11
2.9087e-09
3.26853e-06
-7.81624e-11
2.8834e-09
3.06388e-06
2.62373e-09
2.66677e-06
-4.13886e-13
-1.079e-10
2.27848e-09
3.14506e-06
-1.06628e-10
2.2694e-09
2.96178e-06
2.0637e-09
2.60242e-06
-4.61669e-13
-1.294e-10
1.60052e-09
2.97216e-06
-1.26776e-10
1.60751e-09
2.80902e-06
1.4655e-09
2.48564e-06
-4.91457e-13
-1.42326e-10
9.58773e-10
2.75033e-06
-1.38732e-10
9.75676e-10
2.60613e-06
8.96743e-10
2.31849e-06
-5.00814e-13
-1.45059e-10
4.07452e-10
2.46837e-06
-1.4119e-10
4.23606e-10
2.34261e-06
3.92414e-10
2.09293e-06
-4.87219e-13
-1.34039e-10
2.00691e-06
-1.30679e-10
1.90309e-06
1.7004e-06
-4.31717e-13
7.6325e-11
2.83817e-09
3.07438e-06
9.2727e-11
2.78689e-09
2.77607e-06
2.6217e-09
2.20233e-06
-1.62567e-13
3.60778e-11
3.36405e-09
3.25547e-06
3.95413e-11
3.30475e-09
2.98114e-06
3.05196e-09
2.45525e-06
-2.13432e-13
-3.36309e-12
3.49937e-09
3.33669e-06
-1.94978e-12
3.44463e-09
3.08601e-06
3.15684e-09
2.60589e-06
-2.75053e-13
-4.09539e-11
3.28545e-09
3.33634e-06
-4.11562e-11
3.24378e-09
3.10904e-06
2.95994e-09
2.67172e-06
-3.43528e-13
-7.54094e-11
2.81751e-09
3.26908e-06
-7.51085e-11
2.79154e-09
3.06433e-06
2.54067e-09
2.66712e-06
-4.037e-13
-1.03671e-10
2.20467e-09
3.14577e-06
-1.02398e-10
2.1948e-09
2.96238e-06
1.99643e-09
2.60286e-06
-4.49534e-13
-1.24261e-10
1.54715e-09
2.97294e-06
-1.21714e-10
1.55313e-09
2.80966e-06
1.41628e-09
2.4861e-06
-4.78081e-13
-1.36599e-10
9.25985e-10
2.75108e-06
-1.33156e-10
9.41772e-10
2.60674e-06
8.65701e-10
2.31891e-06
-4.86879e-13
-1.39116e-10
3.93136e-10
2.46904e-06
-1.35451e-10
4.08468e-10
2.34313e-06
3.78266e-10
2.09328e-06
-4.73348e-13
-1.28422e-10
2.00743e-06
-1.25296e-10
1.9035e-06
1.70065e-06
-4.19018e-13
7.40104e-11
2.77651e-09
3.07349e-06
9.00198e-11
2.7224e-09
2.77527e-06
2.55393e-09
2.20175e-06
-1.63523e-13
3.45211e-11
3.27721e-09
3.25493e-06
3.79697e-11
3.21625e-09
2.98065e-06
2.96645e-09
2.45488e-06
-2.12613e-13
-3.47256e-12
3.40061e-09
3.33657e-06
-2.09195e-12
3.34489e-09
3.08588e-06
3.06405e-09
2.60579e-06
-2.70573e-13
-3.95525e-11
3.18751e-09
3.3366e-06
-3.97032e-11
3.14519e-09
3.10924e-06
2.86986e-09
2.67188e-06
-3.3577e-13
-7.25701e-11
2.7301e-09
3.26961e-06
-7.22129e-11
2.70353e-09
3.06477e-06
2.46102e-09
2.66745e-06
-3.93571e-13
-9.96717e-11
2.13394e-09
3.14647e-06
-9.83908e-11
2.12335e-09
2.96296e-06
1.93199e-09
2.60329e-06
-4.377e-13
-1.19401e-10
1.49601e-09
2.9737e-06
-1.16922e-10
1.50105e-09
2.81028e-06
1.36917e-09
2.48655e-06
-4.65021e-13
-1.31183e-10
8.94532e-10
2.75182e-06
-1.27875e-10
9.09289e-10
2.60733e-06
8.35985e-10
2.31931e-06
-4.73259e-13
-1.33495e-10
3.79381e-10
2.46969e-06
-1.30016e-10
3.9395e-10
2.34365e-06
3.6472e-10
2.09362e-06
-4.59789e-13
-1.23111e-10
2.00793e-06
-1.20195e-10
1.90389e-06
1.70089e-06
-4.06583e-13
7.18265e-11
2.7157e-09
3.07264e-06
8.74402e-11
2.65908e-09
2.7745e-06
2.48788e-09
2.20119e-06
-1.64309e-13
3.30726e-11
3.19288e-09
3.25442e-06
3.64986e-11
3.13046e-09
2.98017e-06
2.88374e-09
2.45452e-06
-2.11764e-13
-3.55545e-12
3.30539e-09
3.33646e-06
-2.20748e-12
3.24882e-09
3.08576e-06
2.9747e-09
2.6057e-06
-2.66336e-13
-3.82192e-11
3.09342e-09
3.33685e-06
-3.83087e-11
3.05051e-09
3.10943e-06
2.78337e-09
2.67203e-06
-3.28483e-13
-6.98837e-11
2.64625e-09
3.27012e-06
-6.94785e-11
2.61913e-09
3.06521e-06
2.38466e-09
2.66778e-06
-3.83908e-13
-9.58892e-11
2.06613e-09
3.14715e-06
-9.46032e-11
2.05489e-09
2.96352e-06
1.87026e-09
2.60371e-06
-4.26457e-13
-1.14804e-10
1.44695e-09
2.97443e-06
-1.12389e-10
1.45114e-09
2.81088e-06
1.32407e-09
2.48698e-06
-4.52674e-13
-1.26059e-10
8.64339e-10
2.75252e-06
-1.22876e-10
8.78145e-10
2.6079e-06
8.07539e-10
2.31971e-06
-4.60386e-13
-1.28177e-10
3.66157e-10
2.47032e-06
-1.2487e-10
3.80017e-10
2.34414e-06
3.51755e-10
2.09395e-06
-4.46966e-13
-1.18087e-10
2.00842e-06
-1.15363e-10
1.90427e-06
1.70113e-06
-3.94842e-13
6.97594e-11
2.65579e-09
3.07181e-06
8.49739e-11
2.59697e-09
2.77375e-06
2.42353e-09
2.20065e-06
-1.64867e-13
3.17192e-11
3.111e-09
3.25394e-06
3.51139e-11
3.04734e-09
2.97972e-06
2.80375e-09
2.45417e-06
-2.10775e-13
-3.61915e-12
3.21357e-09
3.33636e-06
-2.30722e-12
3.15627e-09
3.08565e-06
2.88863e-09
2.60561e-06
-2.62081e-13
-3.69535e-11
3.00299e-09
3.33709e-06
-3.69918e-11
2.95956e-09
3.10963e-06
2.70025e-09
2.67218e-06
-3.21301e-13
-6.73415e-11
2.56579e-09
3.27063e-06
-6.68881e-11
2.53819e-09
3.06563e-06
2.31138e-09
2.66811e-06
-3.74598e-13
-9.23099e-11
2.00108e-09
3.1478e-06
-9.10177e-11
1.98925e-09
2.96407e-06
1.81109e-09
2.60412e-06
-4.156e-13
-1.10452e-10
1.39988e-09
2.97514e-06
-1.08096e-10
1.40327e-09
2.81147e-06
1.28085e-09
2.48741e-06
-4.40758e-13
-1.21207e-10
8.3534e-10
2.75321e-06
-1.18141e-10
8.48267e-10
2.60845e-06
7.80285e-10
2.32009e-06
-4.47944e-13
-1.23143e-10
3.53436e-10
2.47092e-06
-1.19993e-10
3.66637e-10
2.34462e-06
3.39333e-10
2.09428e-06
-4.34567e-13
-1.1333e-10
2.00889e-06
-1.1078e-10
1.90463e-06
1.70136e-06
-3.83478e-13
6.77977e-11
2.59687e-09
3.07102e-06
8.26117e-11
2.53611e-09
2.77304e-06
2.3609e-09
2.20013e-06
-1.65389e-13
3.04505e-11
3.03153e-09
3.25347e-06
3.38076e-11
2.9668e-09
2.97928e-06
2.72639e-09
2.45384e-06
-2.09878e-13
-3.66858e-12
3.125e-09
3.33627e-06
-2.39516e-12
3.06709e-09
3.08555e-06
2.80572e-09
2.60553e-06
-2.58141e-13
-3.57526e-11
2.91604e-09
3.33734e-06
-3.57457e-11
2.87218e-09
3.10983e-06
2.62035e-09
2.67233e-06
-3.1458e-13
-6.49366e-11
2.48853e-09
3.27112e-06
-6.44393e-11
2.46051e-09
3.06604e-06
2.24104e-09
2.66842e-06
-3.65896e-13
-8.89226e-11
1.93865e-09
3.14844e-06
-8.76261e-11
1.92628e-09
2.9646e-06
1.75433e-09
2.60452e-06
-4.0547e-13
-1.06332e-10
1.35469e-09
2.97583e-06
-1.04032e-10
1.35735e-09
2.81203e-06
1.23943e-09
2.48782e-06
-4.29675e-13
-1.16611e-10
8.07474e-10
2.75387e-06
-1.13655e-10
8.19584e-10
2.60898e-06
7.54166e-10
2.32046e-06
-4.36343e-13
-1.18374e-10
3.41194e-10
2.47151e-06
-1.15372e-10
3.53777e-10
2.34508e-06
3.2743e-10
2.09459e-06
-4.22985e-13
-1.08823e-10
2.00934e-06
-1.06435e-10
1.90498e-06
1.70158e-06
-3.72884e-13
6.59325e-11
2.53898e-09
3.07025e-06
8.03459e-11
2.47654e-09
2.77235e-06
2.29998e-09
2.19963e-06
-1.65553e-13
2.92577e-11
2.95441e-09
3.25303e-06
3.25731e-11
2.88879e-09
2.97887e-06
2.65161e-09
2.45352e-06
-2.0867e-13
-3.70793e-12
3.03956e-09
3.33619e-06
-2.47505e-12
2.98113e-09
3.08545e-06
2.72583e-09
2.60545e-06
-2.54027e-13
-3.46136e-11
2.8324e-09
3.33758e-06
-3.45688e-11
2.78817e-09
3.11002e-06
2.54353e-09
2.67248e-06
-3.0786e-13
-6.26606e-11
2.41432e-09
3.2716e-06
-6.2125e-11
2.38592e-09
3.06644e-06
2.1735e-09
2.66873e-06
-3.57322e-13
-8.57155e-11
1.8787e-09
3.14906e-06
-8.44177e-11
1.86585e-09
2.96512e-06
1.69988e-09
2.60491e-06
-3.95603e-13
-1.02429e-10
1.31128e-09
2.9765e-06
-1.00184e-10
1.31326e-09
2.81258e-06
1.1997e-09
2.48822e-06
-4.18968e-13
-1.12257e-10
7.80681e-10
2.75452e-06
-1.09405e-10
7.92033e-10
2.6095e-06
7.29125e-10
2.32082e-06
-4.25038e-13
-1.13854e-10
3.29411e-10
2.47207e-06
-1.10991e-10
3.41411e-10
2.34553e-06
3.16022e-10
2.09489e-06
-4.11663e-13
-1.04547e-10
2.00977e-06
-1.02313e-10
1.90532e-06
1.7018e-06
-3.62502e-13
6.41569e-11
2.48215e-09
3.06951e-06
7.81696e-11
2.41827e-09
2.77168e-06
2.24075e-09
2.19915e-06
-1.65692e-13
2.81333e-11
2.87958e-09
3.2526e-06
3.14039e-11
2.81322e-09
2.97847e-06
2.57931e-09
2.45322e-06
-2.07405e-13
-3.74201e-12
2.95711e-09
3.33612e-06
-2.55088e-12
2.89828e-09
3.08537e-06
2.64885e-09
2.60538e-06
-2.50066e-13
-3.35347e-11
2.75191e-09
3.33782e-06
-3.34613e-11
2.7074e-09
3.11021e-06
2.46964e-09
2.67262e-06
-3.01586e-13
-6.05065e-11
2.343e-09
3.27207e-06
-5.99401e-11
2.31429e-09
3.06683e-06
2.10862e-09
2.66903e-06
-3.49483e-13
-8.26783e-11
1.8211e-09
3.14967e-06
-8.1384e-11
1.80782e-09
2.96563e-06
1.64761e-09
2.60529e-06
-3.86745e-13
-9.8731e-11
1.26954e-09
2.97715e-06
-9.6542e-11
1.27092e-09
2.81312e-06
1.16159e-09
2.48861e-06
-4.09574e-13
-1.08129e-10
7.54906e-10
2.75514e-06
-1.05377e-10
7.65556e-10
2.61e-06
7.0511e-10
2.32117e-06
-4.14785e-13
-1.09569e-10
3.18059e-10
2.47262e-06
-1.06838e-10
3.29517e-10
2.34596e-06
3.05085e-10
2.09518e-06
-4.01276e-13
-1.00493e-10
2.01019e-06
-9.84033e-11
1.90565e-06
1.702e-06
-3.53043e-13
6.24666e-11
2.42644e-09
3.0688e-06
7.6077e-11
2.36132e-09
2.77104e-06
2.18319e-09
2.19868e-06
-1.65736e-13
2.70713e-11
2.80698e-09
3.25219e-06
3.02944e-11
2.74003e-09
2.97809e-06
2.50942e-09
2.45292e-06
-2.06013e-13
-3.7746e-12
2.87754e-09
3.33605e-06
-2.62506e-12
2.81839e-09
3.08529e-06
2.57465e-09
2.60531e-06
-2.46127e-13
-3.25137e-11
2.67443e-09
3.33805e-06
-3.24222e-11
2.6297e-09
3.1104e-06
2.39855e-09
2.67277e-06
-2.95555e-13
-5.84671e-11
2.27442e-09
3.27253e-06
-5.78789e-11
2.24546e-09
3.06722e-06
2.04625e-09
2.66933e-06
-3.42033e-13
-7.98006e-11
1.76573e-09
3.15026e-06
-7.85165e-11
1.75209e-09
2.96612e-06
1.5974e-09
2.60566e-06
-3.78386e-13
-9.52241e-11
1.22941e-09
2.97778e-06
-9.30951e-11
1.23022e-09
2.81364e-06
1.12502e-09
2.48899e-06
-4.00761e-13
-1.04213e-10
7.30096e-10
2.75574e-06
-1.0156e-10
7.40098e-10
2.61049e-06
6.82075e-10
2.32152e-06
-4.0497e-13
-1.05505e-10
3.07118e-10
2.47315e-06
-1.02899e-10
3.18068e-10
2.34638e-06
2.94597e-10
2.09547e-06
-3.91302e-13
-9.66475e-11
2.01059e-06
-9.46937e-11
1.90597e-06
1.7022e-06
-3.44003e-13
6.0859e-11
2.37184e-09
3.06811e-06
7.40615e-11
2.3057e-09
2.77041e-06
2.12729e-09
2.19823e-06
-1.65956e-13
2.60669e-11
2.73655e-09
3.2518e-06
2.9238e-11
2.66914e-09
2.97772e-06
2.44186e-09
2.45263e-06
-2.04765e-13
-3.80983e-12
2.80071e-09
3.33599e-06
-2.69936e-12
2.74136e-09
3.08521e-06
2.50313e-09
2.60525e-06
-2.42475e-13
-3.15494e-11
2.59981e-09
3.33829e-06
-3.14483e-11
2.55495e-09
3.11058e-06
2.33013e-09
2.67291e-06
-2.89885e-13
-5.65385e-11
2.20844e-09
3.27298e-06
-5.59356e-11
2.17931e-09
3.06759e-06
1.98629e-09
2.66961e-06
-3.34887e-13
-7.70764e-11
1.71247e-09
3.15083e-06
-7.58074e-11
1.69855e-09
2.9666e-06
1.54915e-09
2.60603e-06
-3.70123e-13
-9.18972e-11
1.1908e-09
2.9784e-06
-8.98341e-11
1.19109e-09
2.81414e-06
1.08992e-09
2.48936e-06
-3.91732e-13
-1.00498e-10
7.06204e-10
2.75633e-06
-9.79443e-11
7.15608e-10
2.61097e-06
6.59972e-10
2.32185e-06
-3.95279e-13
-1.01651e-10
2.96568e-10
2.47366e-06
-9.9165e-11
3.07042e-10
2.34679e-06
2.84541e-10
2.09574e-06
-3.81645e-13
-9.2998e-11
2.01098e-06
-9.11744e-11
1.90627e-06
1.7024e-06
-3.35275e-13
5.93302e-11
2.31838e-09
3.06744e-06
7.21169e-11
2.25141e-09
2.76981e-06
2.073e-09
2.19779e-06
-1.66014e-13
2.51165e-11
2.66823e-09
3.25143e-06
2.82285e-11
2.6005e-09
2.97737e-06
2.37655e-09
2.45236e-06
-2.03397e-13
-3.84951e-12
2.72651e-09
3.33594e-06
-2.77566e-12
2.66707e-09
3.08514e-06
2.43415e-09
2.60519e-06
-2.38815e-13
-3.06394e-11
2.52791e-09
3.33852e-06
-3.05148e-11
2.483e-09
3.11077e-06
2.26427e-09
2.67305e-06
-2.84276e-13
-5.47203e-11
2.14495e-09
3.27341e-06
-5.41039e-11
2.1157e-09
3.06796e-06
1.92862e-09
2.6699e-06
-3.27566e-13
-7.44982e-11
1.66123e-09
3.15139e-06
-7.32462e-11
1.64707e-09
2.96707e-06
1.50278e-09
2.60638e-06
-3.61407e-13
-8.87403e-11
1.15363e-09
2.97899e-06
-8.67455e-11
1.15345e-09
2.81463e-06
1.05621e-09
2.48972e-06
-3.81881e-13
-9.69674e-11
6.83183e-10
2.7569e-06
-9.45147e-11
6.92043e-10
2.61142e-06
6.38755e-10
2.32217e-06
-3.85096e-13
-9.79988e-11
2.86395e-10
2.47415e-06
-9.5621e-11
2.9642e-10
2.34718e-06
2.74893e-10
2.09601e-06
-3.71701e-13
-8.95318e-11
2.01136e-06
-8.78327e-11
1.90657e-06
1.70258e-06
-3.26258e-13
5.78724e-11
2.26608e-09
3.0668e-06
7.02397e-11
2.19845e-09
2.76923e-06
2.0203e-09
2.19737e-06
-1.66109e-13
2.42149e-11
2.60196e-09
3.25107e-06
2.72639e-11
2.53403e-09
2.97703e-06
2.31341e-09
2.45209e-06
-2.02079e-13
-3.89408e-12
2.65485e-09
3.33589e-06
-2.85246e-12
2.59542e-09
3.08508e-06
2.36763e-09
2.60513e-06
-2.35342e-13
-2.97826e-11
2.45862e-09
3.33874e-06
-2.96348e-11
2.41374e-09
3.11095e-06
2.20084e-09
2.67319e-06
-2.78843e-13
-5.30006e-11
2.08381e-09
3.27384e-06
-5.2374e-11
2.05452e-09
3.06832e-06
1.87314e-09
2.67017e-06
-3.20542e-13
-7.2055e-11
1.61191e-09
3.15193e-06
-7.08209e-11
1.59756e-09
2.96752e-06
1.4582e-09
2.60672e-06
-3.52983e-13
-8.57459e-11
1.11784e-09
2.97957e-06
-8.3816e-11
1.11725e-09
2.81511e-06
1.02381e-09
2.49007e-06
-3.72317e-13
-9.36138e-11
6.60996e-10
2.75745e-06
-9.12585e-11
6.69364e-10
2.61187e-06
6.18375e-10
2.32249e-06
-3.75295e-13
-9.45314e-11
2.76577e-10
2.47463e-06
-9.22547e-11
2.86189e-10
2.34756e-06
2.65632e-10
2.09627e-06
-3.62183e-13
-8.62406e-11
2.01172e-06
-8.46566e-11
1.90685e-06
1.70276e-06
-3.17654e-13
5.64773e-11
2.21492e-09
3.06617e-06
6.84269e-11
2.1468e-09
2.76867e-06
1.96916e-09
2.19696e-06
-1.66131e-13
2.33581e-11
2.53768e-09
3.25072e-06
2.63424e-11
2.46965e-09
2.97671e-06
2.25237e-09
2.45184e-06
-2.00727e-13
-3.94224e-12
2.58561e-09
3.33584e-06
-2.92937e-12
2.52627e-09
3.08502e-06
2.30347e-09
2.60508e-06
-2.31944e-13
-2.89762e-11
2.39182e-09
3.33896e-06
-2.88053e-11
2.34701e-09
3.11113e-06
2.13975e-09
2.67332e-06
-2.73528e-13
-5.13648e-11
2.02493e-09
3.27426e-06
-5.07387e-11
1.99564e-09
3.06867e-06
1.81974e-09
2.67044e-06
-3.13604e-13
-6.97387e-11
1.56441e-09
3.15246e-06
-6.85222e-11
1.54993e-09
2.96797e-06
1.41531e-09
2.60706e-06
-3.4466e-13
-8.29045e-11
1.08336e-09
2.98014e-06
-8.10347e-11
1.08242e-09
2.81558e-06
9.92653e-10
2.49041e-06
-3.62871e-13
-9.04294e-11
6.39605e-10
2.75798e-06
-8.81643e-11
6.4753e-10
2.6123e-06
5.9879e-10
2.32279e-06
-3.65609e-13
-9.12378e-11
2.67101e-10
2.4751e-06
-8.90545e-11
2.76331e-10
2.34793e-06
2.56738e-10
2.09653e-06
-3.52765e-13
-8.31141e-11
2.01207e-06
-8.16351e-11
1.90713e-06
1.70294e-06
-3.09117e-13
5.51381e-11
2.16492e-09
3.06557e-06
6.66751e-11
2.09646e-09
2.76813e-06
1.91954e-09
2.19656e-06
-1.66223e-13
2.2543e-11
2.47533e-09
3.25039e-06
2.5461e-11
2.40731e-09
2.97639e-06
2.19336e-09
2.45159e-06
-1.99477e-13
-3.99195e-12
2.51871e-09
3.3358e-06
-3.00751e-12
2.45954e-09
3.08497e-06
2.24156e-09
2.60503e-06
-2.28795e-13
-2.82091e-11
2.32739e-09
3.33918e-06
-2.80251e-11
2.28274e-09
3.11131e-06
2.08087e-09
2.67346e-06
-2.68478e-13
-4.98134e-11
1.96819e-09
3.27467e-06
-4.91913e-11
1.93896e-09
3.06901e-06
1.76833e-09
2.6707e-06
-3.07011e-13
-6.75413e-11
1.51864e-09
3.15298e-06
-6.63428e-11
1.50409e-09
2.9684e-06
1.37405e-09
2.60739e-06
-3.36767e-13
-8.02107e-11
1.05013e-09
2.98069e-06
-7.83935e-11
1.04889e-09
2.81603e-06
9.62687e-10
2.49074e-06
-3.53969e-13
-8.74033e-11
6.1897e-10
2.7585e-06
-8.52234e-11
6.2651e-10
2.61272e-06
5.79963e-10
2.32309e-06
-3.56508e-13
-8.81071e-11
2.57941e-10
2.47555e-06
-8.60116e-11
2.66837e-10
2.34829e-06
2.48197e-10
2.09677e-06
-3.43899e-13
-8.01537e-11
2.01241e-06
-7.87605e-11
1.90739e-06
1.70311e-06
-3.01102e-13
5.38496e-11
2.11608e-09
3.06498e-06
6.49823e-11
2.04741e-09
2.7676e-06
1.8714e-09
2.19618e-06
-1.65926e-13
2.17671e-11
2.41485e-09
3.25007e-06
2.46185e-11
2.34693e-09
2.97609e-06
2.1363e-09
2.45135e-06
-1.97855e-13
-4.0418e-12
2.45405e-09
3.33577e-06
-3.08544e-12
2.39511e-09
3.08492e-06
2.18181e-09
2.60498e-06
-2.25339e-13
-2.74795e-11
2.26524e-09
3.3394e-06
-2.72886e-11
2.22079e-09
3.11148e-06
2.02412e-09
2.67359e-06
-2.63151e-13
-4.83426e-11
1.91349e-09
3.27507e-06
-4.77272e-11
1.88438e-09
3.06935e-06
1.71881e-09
2.67096e-06
-3.00159e-13
-6.54548e-11
1.47454e-09
3.15348e-06
-6.42747e-11
1.45995e-09
2.96882e-06
1.33433e-09
2.60771e-06
-3.28714e-13
-7.76527e-11
1.01809e-09
2.98122e-06
-7.58831e-11
1.0166e-09
2.81647e-06
9.3385e-10
2.49107e-06
-3.44996e-13
-8.45273e-11
5.99064e-10
2.759e-06
-8.24257e-11
6.06257e-10
2.61313e-06
5.61856e-10
2.32338e-06
-3.47306e-13
-8.51301e-11
2.49096e-10
2.47598e-06
-8.31156e-11
2.57684e-10
2.34864e-06
2.39991e-10
2.09701e-06
-3.34905e-13
-7.73394e-11
2.01273e-06
-7.60227e-11
1.90765e-06
1.70327e-06
-2.92918e-13
5.26075e-11
2.06837e-09
3.06442e-06
6.33458e-11
1.99962e-09
2.76709e-06
1.8247e-09
2.19581e-06
-1.6554e-13
2.10285e-11
2.35618e-09
3.24976e-06
2.38132e-11
2.28845e-09
2.9758e-06
2.08112e-09
2.45112e-06
-1.96154e-13
-4.09056e-12
2.39155e-09
3.33574e-06
-3.16336e-12
2.3329e-09
3.08488e-06
2.12414e-09
2.60493e-06
-2.21936e-13
-2.67892e-11
2.20527e-09
3.33961e-06
-2.65941e-11
2.16107e-09
3.11165e-06
1.9694e-09
2.67371e-06
-2.57963e-13
-4.69484e-11
1.86077e-09
3.27546e-06
-4.6341e-11
1.8318e-09
3.06967e-06
1.6711e-09
2.67121e-06
-2.93545e-13
-6.34694e-11
1.43202e-09
3.15398e-06
-6.23115e-11
1.41743e-09
2.96924e-06
1.29608e-09
2.60802e-06
-3.2105e-13
-7.52126e-11
9.87189e-10
2.98174e-06
-7.34963e-11
9.85512e-10
2.8169e-06
9.06091e-10
2.49139e-06
-3.36541e-13
-8.18019e-11
5.79856e-10
2.75949e-06
-7.97638e-11
5.86738e-10
2.61353e-06
5.44437e-10
2.32366e-06
-3.38602e-13
-8.22984e-11
2.40552e-10
2.4764e-06
-8.03589e-11
2.48855e-10
2.34897e-06
2.32105e-10
2.09725e-06
-3.26359e-13
-7.46621e-11
2.01305e-06
-7.34148e-11
1.90789e-06
1.70343e-06
-2.85146e-13
5.14084e-11
2.0218e-09
3.06387e-06
6.17635e-11
1.95309e-09
2.7666e-06
1.77941e-09
2.19545e-06
-1.64897e-13
2.03246e-11
2.29926e-09
3.24946e-06
2.30436e-11
2.23181e-09
2.97552e-06
2.02776e-09
2.45089e-06
-1.94231e-13
-4.13838e-12
2.33111e-09
3.33571e-06
-3.24204e-12
2.27281e-09
3.08484e-06
2.06847e-09
2.60489e-06
-2.18357e-13
-2.61339e-11
2.14738e-09
3.33982e-06
-2.59374e-11
2.10347e-09
3.11182e-06
1.91663e-09
2.67384e-06
-2.52629e-13
-4.56247e-11
1.80992e-09
3.27584e-06
-4.50274e-11
1.78112e-09
3.07e-06
1.62511e-09
2.67146e-06
-2.86827e-13
-6.15779e-11
1.39102e-09
3.15446e-06
-6.04463e-11
1.37647e-09
2.96964e-06
1.25923e-09
2.60833e-06
-3.13319e-13
-7.28918e-11
9.57383e-10
2.98225e-06
-7.12254e-11
9.55552e-10
2.81732e-06
8.79359e-10
2.4917e-06
-3.28103e-13
-7.92085e-11
5.61317e-10
2.75997e-06
-7.72291e-11
5.67921e-10
2.61391e-06
5.27673e-10
2.32394e-06
-3.29944e-13
-7.96036e-11
2.32296e-10
2.47681e-06
-7.77328e-11
2.40338e-10
2.3493e-06
2.24523e-10
2.09747e-06
-3.17837e-13
-7.21139e-11
2.01335e-06
-7.09286e-11
1.90813e-06
1.70359e-06
-2.77375e-13
5.02497e-11
1.97636e-09
3.06333e-06
6.02329e-11
1.90778e-09
2.76612e-06
1.73549e-09
2.1951e-06
-1.6423e-13
1.96543e-11
2.24405e-09
3.24917e-06
2.2306e-11
2.17694e-09
2.97524e-06
1.97615e-09
2.45067e-06
-1.9224e-13
-4.18177e-12
2.27267e-09
3.33569e-06
-3.31793e-12
2.21476e-09
3.0848e-06
2.0147e-09
2.60485e-06
-2.14784e-13
-2.55126e-11
2.0915e-09
3.34003e-06
-2.53175e-11
2.0479e-09
3.11199e-06
1.86571e-09
2.67396e-06
-2.47654e-13
-4.4367e-11
1.76086e-09
3.27622e-06
-4.37813e-11
1.73226e-09
3.07031e-06
1.58077e-09
2.6717e-06
-2.80443e-13
-5.97791e-11
1.35148e-09
3.15492e-06
-5.86741e-11
1.33698e-09
2.97003e-06
1.22371e-09
2.60863e-06
-3.05976e-13
-7.06855e-11
9.28628e-10
2.98274e-06
-6.90646e-11
9.26673e-10
2.81773e-06
8.53605e-10
2.492e-06
-3.20138e-13
-7.67399e-11
5.43419e-10
2.76043e-06
-7.48155e-11
5.49776e-10
2.61429e-06
5.11533e-10
2.3242e-06
-3.21801e-13
-7.70384e-11
2.24317e-10
2.47721e-06
-7.5231e-11
2.32117e-10
2.34961e-06
2.17234e-10
2.09769e-06
-3.09822e-13
-6.96879e-11
2.01365e-06
-6.85587e-11
1.90836e-06
1.70374e-06
-2.70111e-13
4.91292e-11
1.93202e-09
3.06281e-06
5.87537e-11
1.86368e-09
2.76566e-06
1.6929e-09
2.19476e-06
-1.63238e-13
1.90161e-11
2.19047e-09
3.2489e-06
2.16023e-11
2.12379e-09
2.97498e-06
1.92624e-09
2.45046e-06
-1.89972e-13
-4.22154e-12
2.21613e-09
3.33566e-06
-3.39005e-12
2.15867e-09
3.08476e-06
1.96277e-09
2.60481e-06
-2.11085e-13
-2.49207e-11
2.03752e-09
3.34023e-06
-2.47323e-11
1.99428e-09
3.11215e-06
1.81658e-09
2.67409e-06
-2.42039e-13
-4.31702e-11
1.71353e-09
3.27659e-06
-4.25995e-11
1.68514e-09
3.07062e-06
1.53801e-09
2.67194e-06
-2.73591e-13
-5.8067e-11
1.31333e-09
3.15538e-06
-5.69888e-11
1.29891e-09
2.97042e-06
1.18948e-09
2.60892e-06
-2.98274e-13
-6.85862e-11
9.00879e-10
2.98322e-06
-6.70068e-11
8.98826e-10
2.81813e-06
8.28786e-10
2.49229e-06
-3.11896e-13
-7.43883e-11
5.26137e-10
2.76088e-06
-7.25151e-11
5.32272e-10
2.61465e-06
4.9599e-10
2.32446e-06
-3.13409e-13
-7.45948e-11
2.16605e-10
2.47759e-06
-7.28458e-11
2.24183e-10
2.34992e-06
2.10223e-10
2.0979e-06
-3.01567e-13
-6.73767e-11
2.01393e-06
-6.62976e-11
1.90859e-06
1.70388e-06
-2.626e-13
4.80446e-11
1.88877e-09
3.06231e-06
5.73223e-11
1.82076e-09
2.7652e-06
1.65159e-09
2.19443e-06
-1.62064e-13
1.84083e-11
2.13849e-09
3.24863e-06
2.09291e-11
2.07229e-09
2.97473e-06
1.87795e-09
2.45026e-06
-1.87484e-13
-4.25761e-12
2.16143e-09
3.33565e-06
-3.46108e-12
2.10445e-09
3.08473e-06
1.9126e-09
2.60477e-06
-2.07224e-13
-2.4356e-11
1.98539e-09
3.34043e-06
-2.41765e-11
1.94253e-09
3.11231e-06
1.76915e-09
2.67421e-06
-2.36645e-13
-4.20307e-11
1.66783e-09
3.27695e-06
-4.14765e-11
1.63969e-09
3.07092e-06
1.49675e-09
2.67217e-06
-2.66988e-13
-5.64366e-11
1.27651e-09
3.15583e-06
-5.53848e-11
1.26219e-09
2.9708e-06
1.15646e-09
2.6092e-06
-2.90866e-13
-6.65862e-11
8.74094e-10
2.98369e-06
-6.50461e-11
8.71969e-10
2.81852e-06
8.04856e-10
2.49258e-06
-3.04019e-13
-7.21473e-11
5.09446e-10
2.76131e-06
-7.03221e-11
5.15385e-10
2.61501e-06
4.81012e-10
2.32472e-06
-3.05399e-13
-7.22663e-11
2.09148e-10
2.47796e-06
-7.05712e-11
2.16522e-10
2.35022e-06
2.03476e-10
2.09811e-06
-2.93688e-13
-6.51743e-11
2.01421e-06
-6.414e-11
1.9088e-06
1.70402e-06
-2.55469e-13
4.69945e-11
1.8466e-09
3.06182e-06
5.59378e-11
1.77899e-09
2.76477e-06
1.61154e-09
2.19411e-06
-1.60607e-13
1.783e-11
2.08806e-09
3.24837e-06
2.0286e-11
2.02239e-09
2.97448e-06
1.83123e-09
2.45006e-06
-1.84733e-13
-4.28906e-12
2.10849e-09
3.33563e-06
-3.52885e-12
2.05204e-09
3.0847e-06
1.86411e-09
2.60473e-06
-2.03152e-13
-2.38162e-11
1.93501e-09
3.34063e-06
-2.36484e-11
1.89255e-09
3.11247e-06
1.72335e-09
2.67432e-06
-2.31147e-13
-4.09443e-11
1.62371e-09
3.2773e-06
-4.04083e-11
1.59584e-09
3.07122e-06
1.45693e-09
2.6724e-06
-2.60312e-13
-5.48825e-11
1.24097e-09
3.15627e-06
-5.3857e-11
1.22677e-09
2.97116e-06
1.12461e-09
2.60948e-06
-2.83424e-13
-6.46794e-11
8.48234e-10
2.98415e-06
-6.31765e-11
8.46059e-10
2.8189e-06
7.81776e-10
2.49286e-06
-2.96134e-13
-7.00106e-11
4.93322e-10
2.76174e-06
-6.82299e-11
4.99088e-10
2.61535e-06
4.66576e-10
2.32497e-06
-2.97386e-13
-7.00465e-11
2.01938e-10
2.47833e-06
-6.84007e-11
2.09125e-10
2.35051e-06
1.96981e-10
2.09831e-06
-2.85814e-13
-6.30745e-11
2.01447e-06
-6.208e-11
1.90901e-06
1.70415e-06
-2.48347e-13
4.5977e-11
1.80548e-09
3.06134e-06
5.4598e-11
1.73834e-09
2.76434e-06
1.5727e-09
2.19379e-06
-1.59151e-13
1.72797e-11
2.03911e-09
3.24812e-06
1.96714e-11
1.97403e-09
2.97424e-06
1.78601e-09
2.44986e-06
-1.81982e-13
-4.31595e-12
2.05725e-09
3.33562e-06
-3.59329e-12
2.00137e-09
3.08467e-06
1.81725e-09
2.6047e-06
-1.99201e-13
-2.32997e-11
1.88632e-09
3.34083e-06
-2.31465e-11
1.84429e-09
3.11263e-06
1.67911e-09
2.67444e-06
-2.2589e-13
-3.99083e-11
1.58111e-09
3.27764e-06
-3.93921e-11
1.55351e-09
3.07151e-06
1.41848e-09
2.67262e-06
-2.53983e-13
-5.34008e-11
1.20665e-09
3.1567e-06
-5.24015e-11
1.1926e-09
2.97152e-06
1.09386e-09
2.60975e-06
-2.76394e-13
-6.28613e-11
8.23265e-10
2.98459e-06
-6.13938e-11
8.21057e-10
2.81927e-06
7.59507e-10
2.49313e-06
-2.88737e-13
-6.7973e-11
4.77745e-10
2.76215e-06
-6.62341e-11
4.83357e-10
2.61569e-06
4.52654e-10
2.32521e-06
-2.89901e-13
-6.79301e-11
1.94966e-10
2.47868e-06
-6.63298e-11
2.01977e-10
2.35079e-06
1.90727e-10
2.09851e-06
-2.78463e-13
-6.10704e-11
2.01473e-06
-6.01135e-11
1.90921e-06
1.70429e-06
-2.41744e-13
4.49911e-11
1.7654e-09
3.06088e-06
5.3302e-11
1.6988e-09
2.76393e-06
1.53503e-09
2.19349e-06
-1.57251e-13
1.67563e-11
1.9916e-09
3.24787e-06
1.9085e-11
1.92715e-09
2.97401e-06
1.74225e-09
2.44968e-06
-1.78798e-13
-4.33772e-12
2.00765e-09
3.3356e-06
-3.65309e-12
1.95235e-09
3.08464e-06
1.77195e-09
2.60467e-06
-1.94831e-13
-2.28042e-11
1.83924e-09
3.34102e-06
-2.26672e-11
1.79767e-09
3.11278e-06
1.63637e-09
2.67455e-06
-2.20294e-13
-3.89187e-11
1.53995e-09
3.27798e-06
-3.8423e-11
1.51265e-09
3.07179e-06
1.38135e-09
2.67283e-06
-2.47343e-13
-5.19866e-11
1.17352e-09
3.15711e-06
-5.10126e-11
1.15961e-09
2.97188e-06
1.06418e-09
2.61002e-06
-2.6909e-13
-6.1126e-11
7.99147e-10
2.98503e-06
-5.96919e-11
7.96925e-10
2.81963e-06
7.38011e-10
2.4934e-06
-2.81057e-13
-6.60273e-11
4.62693e-10
2.76256e-06
-6.43282e-11
4.68171e-10
2.61602e-06
4.39223e-10
2.32544e-06
-2.82132e-13
-6.59101e-11
1.88223e-10
2.47902e-06
-6.43521e-11
1.95075e-10
2.35106e-06
1.84701e-10
2.0987e-06
-2.70871e-13
-5.91584e-11
2.01498e-06
-5.82349e-11
1.90941e-06
1.70441e-06
-2.3491e-13
4.40352e-11
1.72633e-09
3.06043e-06
5.20479e-11
1.66033e-09
2.76352e-06
1.4985e-09
2.1932e-06
-1.55255e-13
1.62585e-11
1.94549e-09
3.24764e-06
1.85254e-11
1.88172e-09
2.97379e-06
1.6999e-09
2.44949e-06
-1.75513e-13
-4.35451e-12
1.95962e-09
3.33559e-06
-3.70839e-12
1.90494e-09
3.08462e-06
1.72814e-09
2.60463e-06
-1.9046e-13
-2.23284e-11
1.79373e-09
3.3412e-06
-2.2209e-11
1.75262e-09
3.11294e-06
1.59507e-09
2.67466e-06
-2.1481e-13
-3.79726e-11
1.50018e-09
3.27831e-06
-3.74985e-11
1.47319e-09
3.07207e-06
1.34548e-09
2.67305e-06
-2.40927e-13
-5.06359e-11
1.14151e-09
3.15752e-06
-4.96874e-11
1.12776e-09
2.97222e-06
1.03551e-09
2.61028e-06
-2.62071e-13
-5.94693e-11
7.7585e-10
2.98545e-06
-5.8067e-11
7.73629e-10
2.81998e-06
7.17254e-10
2.49366e-06
-2.73744e-13
-6.41697e-11
4.48145e-10
2.76295e-06
-6.25084e-11
4.53507e-10
2.61633e-06
4.2626e-10
2.32567e-06
-2.74773e-13
-6.39818e-11
1.817e-10
2.47935e-06
-6.24638e-11
1.88407e-10
2.35132e-06
1.78891e-10
2.09888e-06
-2.63684e-13
-5.73346e-11
2.01521e-06
-5.64406e-11
1.90959e-06
1.70454e-06
-2.28488e-13
4.31083e-11
1.68825e-09
3.05999e-06
5.08342e-11
1.62291e-09
2.76313e-06
1.46307e-09
2.19291e-06
-1.53038e-13
1.57859e-11
1.90073e-09
3.24741e-06
1.79919e-11
1.83767e-09
2.97357e-06
1.65889e-09
2.44932e-06
-1.72043e-13
-4.36561e-12
1.9131e-09
3.33559e-06
-3.75847e-12
1.85906e-09
3.0846e-06
1.68576e-09
2.6046e-06
-1.86002e-13
-2.18698e-11
1.7497e-09
3.34139e-06
-2.177e-11
1.70908e-09
3.11309e-06
1.55514e-09
2.67477e-06
-2.09321e-13
-3.70663e-11
1.46175e-09
3.27864e-06
-3.66151e-11
1.43507e-09
3.07235e-06
1.31082e-09
2.67326e-06
-2.34473e-13
-4.93443e-11
1.11058e-09
3.15792e-06
-4.84213e-11
1.09701e-09
2.97256e-06
1.00781e-09
2.61054e-06
-2.55012e-13
-5.7886e-11
7.53339e-10
2.98587e-06
-5.65144e-11
7.51138e-10
2.82033e-06
6.97205e-10
2.49391e-06
-2.66368e-13
-6.23953e-11
4.34083e-10
2.76333e-06
-6.07694e-11
4.39348e-10
2.61664e-06
4.13743e-10
2.32589e-06
-2.67337e-13
-6.21407e-11
1.75389e-10
2.47967e-06
-6.06597e-11
1.81966e-10
2.35158e-06
1.73287e-10
2.09906e-06
-2.56446e-13
-5.55939e-11
2.01545e-06
-5.47261e-11
1.90978e-06
1.70465e-06
-2.22028e-13
4.22104e-11
1.65116e-09
3.05957e-06
4.96611e-11
1.58651e-09
2.76275e-06
1.42871e-09
2.19263e-06
-1.50752e-13
1.53388e-11
1.85728e-09
3.24719e-06
1.748e-11
1.79497e-09
2.97336e-06
1.61918e-09
2.44914e-06
-1.68363e-13
-4.36968e-12
1.86804e-09
3.33558e-06
-3.80207e-12
1.81466e-09
3.08458e-06
1.64477e-09
2.60457e-06
-1.8159e-13
-2.14266e-11
1.70711e-09
3.34157e-06
-2.13492e-11
1.667e-09
3.11323e-06
1.51654e-09
2.67488e-06
-2.0413e-13
-3.61976e-11
1.42459e-09
3.27896e-06
-3.57701e-11
1.39826e-09
3.07261e-06
1.27732e-09
2.67346e-06
-2.28401e-13
-4.81086e-11
1.0807e-09
3.15832e-06
-4.72112e-11
1.06731e-09
2.97289e-06
9.81043e-10
2.61079e-06
-2.4837e-13
-5.63724e-11
7.31587e-10
2.98628e-06
-5.50304e-11
7.29422e-10
2.82066e-06
6.77827e-10
2.49416e-06
-2.59447e-13
-6.07e-11
4.20489e-10
2.7637e-06
-5.91076e-11
4.25676e-10
2.61695e-06
4.01649e-10
2.32611e-06
-2.6038e-13
-6.03829e-11
1.69281e-10
2.47998e-06
-5.8936e-11
1.75743e-10
2.35183e-06
1.67878e-10
2.09924e-06
-2.49694e-13
-5.39327e-11
2.01567e-06
-5.30882e-11
1.90995e-06
1.70477e-06
-2.16057e-13
4.13394e-11
1.61501e-09
3.05915e-06
4.85324e-11
1.55108e-09
2.76238e-06
1.3954e-09
2.19236e-06
-1.48265e-13
1.49133e-11
1.81509e-09
3.24697e-06
1.69704e-11
1.75355e-09
2.97316e-06
1.58073e-09
2.44897e-06
-1.64652e-13
-4.36701e-12
1.82437e-09
3.33558e-06
-3.85462e-12
1.7717e-09
3.08456e-06
1.60509e-09
2.60455e-06
-1.77004e-13
-2.09978e-11
1.6659e-09
3.34175e-06
-2.09395e-11
1.62631e-09
3.11338e-06
1.47919e-09
2.67498e-06
-1.98648e-13
-3.53637e-11
1.38867e-09
3.27927e-06
-3.49577e-11
1.36268e-09
3.07288e-06
1.24492e-09
2.67366e-06
-2.22095e-13
-4.69247e-11
1.05182e-09
3.1587e-06
-4.60514e-11
1.03863e-09
2.97321e-06
9.55157e-10
2.61103e-06
-2.41461e-13
-5.49238e-11
7.10563e-10
2.98667e-06
-5.36096e-11
7.0845e-10
2.82099e-06
6.59091e-10
2.4944e-06
-2.52253e-13
-5.90788e-11
4.07347e-10
2.76406e-06
-5.75173e-11
4.12471e-10
2.61724e-06
3.89959e-10
2.32632e-06
-2.53152e-13
-5.87031e-11
1.63373e-10
2.48028e-06
-5.72873e-11
1.69733e-10
2.35207e-06
1.62653e-10
2.09941e-06
-2.42674e-13
-5.23464e-11
2.01588e-06
-5.15215e-11
1.91012e-06
1.70488e-06
-2.098e-13
4.04988e-11
1.57979e-09
3.05875e-06
4.74489e-11
1.51661e-09
2.76202e-06
1.36309e-09
2.1921e-06
-1.45604e-13
1.45079e-11
1.77413e-09
3.24677e-06
1.64803e-11
1.71338e-09
2.97296e-06
1.54348e-09
2.44881e-06
-1.6131e-13
-4.35375e-12
1.78206e-09
3.33557e-06
-3.9007e-12
1.73011e-09
3.08454e-06
1.56669e-09
2.60452e-06
-1.72544e-13
-2.05827e-11
1.62601e-09
3.34193e-06
-2.0545e-11
1.58696e-09
3.11352e-06
1.44306e-09
2.67509e-06
-1.93402e-13
-3.45628e-11
1.35393e-09
3.27958e-06
-3.41787e-11
1.3283e-09
3.07314e-06
1.21358e-09
2.67385e-06
-2.16112e-13
-4.57902e-11
1.02389e-09
3.15908e-06
-4.49412e-11
1.01092e-09
2.97353e-06
9.30124e-10
2.61127e-06
-2.34941e-13
-5.35372e-11
6.90241e-10
2.98706e-06
-5.22501e-11
6.88192e-10
2.82131e-06
6.40972e-10
2.49464e-06
-2.45479e-13
-5.75282e-11
3.9464e-10
2.76442e-06
-5.59963e-11
3.99717e-10
2.61753e-06
3.78655e-10
2.32653e-06
-2.46353e-13
-5.70979e-11
1.57656e-10
2.48058e-06
-5.57113e-11
1.63926e-10
2.3523e-06
1.57604e-10
2.09957e-06
-2.36083e-13
-5.08316e-11
2.01609e-06
-5.00245e-11
1.91028e-06
1.70499e-06
-2.03962e-13
3.96843e-11
1.54548e-09
3.05835e-06
4.64047e-11
1.48307e-09
2.76167e-06
1.33176e-09
2.19184e-06
-1.42915e-13
1.41237e-11
1.73435e-09
3.24656e-06
1.60089e-11
1.67442e-09
2.97277e-06
1.50741e-09
2.44865e-06
-1.57621e-13
-4.3351e-12
1.74104e-09
3.33557e-06
-3.94163e-12
1.68983e-09
3.08453e-06
1.52952e-09
2.60449e-06
-1.68167e-13
-2.01795e-11
1.58739e-09
3.3421e-06
-2.01635e-11
1.5489e-09
3.11366e-06
1.40811e-09
2.67519e-06
-1.88201e-13
-3.3792e-11
1.32032e-09
3.27988e-06
-3.34307e-11
1.29507e-09
3.07339e-06
1.18327e-09
2.67405e-06
-2.10133e-13
-4.47014e-11
9.969e-10
3.15944e-06
-4.38771e-11
9.84141e-10
2.97384e-06
9.05913e-10
2.6115e-06
-2.28451e-13
-5.22085e-11
6.70595e-10
2.98744e-06
-5.09481e-11
6.68623e-10
2.82163e-06
6.23447e-10
2.49487e-06
-2.38717e-13
-5.60441e-11
3.82353e-10
2.76476e-06
-5.45405e-11
3.87396e-10
2.61781e-06
3.67721e-10
2.32673e-06
-2.39557e-13
-5.55629e-11
1.52125e-10
2.48086e-06
-5.42037e-11
1.58315e-10
2.35253e-06
1.52721e-10
2.09974e-06
-2.29501e-13
-4.93845e-11
2.01629e-06
-4.85934e-11
1.91044e-06
1.70509e-06
-1.98124e-13
3.8886e-11
1.51206e-09
3.05797e-06
4.53727e-11
1.45047e-09
2.76133e-06
1.30133e-09
2.19159e-06
-1.40761e-13
1.37627e-11
1.69571e-09
3.24637e-06
1.55733e-11
1.63662e-09
2.97258e-06
1.47244e-09
2.4485e-06
-1.53946e-13
-4.30978e-12
1.70129e-09
3.33557e-06
-3.97262e-12
1.65082e-09
3.08451e-06
1.49352e-09
2.60447e-06
-1.64015e-13
-1.97866e-11
1.55001e-09
3.34227e-06
-1.97924e-11
1.51207e-09
3.1138e-06
1.37427e-09
2.67529e-06
-1.83332e-13
-3.3049e-11
1.28782e-09
3.28017e-06
-3.27111e-11
1.26294e-09
3.07364e-06
1.15393e-09
2.67423e-06
-2.0464e-13
-4.36558e-11
9.70798e-10
3.15981e-06
-4.28565e-11
9.58263e-10
2.97414e-06
8.82481e-10
2.61173e-06
-2.2246e-13
-5.09348e-11
6.51603e-10
2.98781e-06
-4.9701e-11
6.49714e-10
2.82193e-06
6.06485e-10
2.4951e-06
-2.32506e-13
-5.4623e-11
3.70472e-10
2.7651e-06
-5.31472e-11
3.75492e-10
2.61808e-06
3.57138e-10
2.32693e-06
-2.33341e-13
-5.40948e-11
1.46772e-10
2.48114e-06
-5.2762e-11
1.52894e-10
2.35275e-06
1.47997e-10
2.09989e-06
-2.23483e-13
-4.8002e-11
2.01649e-06
-4.72258e-11
1.91059e-06
1.70519e-06
-1.92832e-13
3.8113e-11
1.4795e-09
3.05759e-06
4.43763e-11
1.41875e-09
2.76099e-06
1.2718e-09
2.19134e-06
-1.3803e-13
1.34204e-11
1.65819e-09
3.24617e-06
1.51584e-11
1.59994e-09
2.97239e-06
1.43856e-09
2.44834e-06
-1.5041e-13
-4.27862e-12
1.66274e-09
3.33557e-06
-3.99623e-12
1.61302e-09
3.0845e-06
1.45867e-09
2.60444e-06
-1.59735e-13
-1.94035e-11
1.5138e-09
3.34244e-06
-1.94317e-11
1.47642e-09
3.11394e-06
1.34153e-09
2.67539e-06
-1.783e-13
-3.2332e-11
1.25636e-09
3.28046e-06
-3.20179e-11
1.23186e-09
3.07388e-06
1.12554e-09
2.67442e-06
-1.98954e-13
-4.26504e-11
9.45554e-10
3.16016e-06
-4.18765e-11
9.33247e-10
2.97444e-06
8.59805e-10
2.61195e-06
-2.16254e-13
-4.97125e-11
6.33239e-10
2.98817e-06
-4.8505e-11
6.31441e-10
2.82224e-06
5.90067e-10
2.49532e-06
-2.2604e-13
-5.32611e-11
3.58984e-10
2.76542e-06
-5.18122e-11
3.6399e-10
2.61835e-06
3.46894e-10
2.32712e-06
-2.26848e-13
-5.26895e-11
1.41595e-10
2.48141e-06
-5.1382e-11
1.47656e-10
2.35296e-06
1.43423e-10
2.10004e-06
-2.17207e-13
-4.66804e-11
2.01668e-06
-4.59181e-11
1.91074e-06
1.70529e-06
-1.87259e-13
3.73652e-11
1.44779e-09
3.05723e-06
4.34178e-11
1.38789e-09
2.76066e-06
1.24316e-09
2.1911e-06
-1.35477e-13
1.3095e-11
1.62173e-09
3.24599e-06
1.47579e-11
1.56434e-09
2.97222e-06
1.40572e-09
2.4482e-06
-1.47051e-13
-4.24267e-12
1.62535e-09
3.33557e-06
-4.01481e-12
1.5764e-09
3.08449e-06
1.42491e-09
2.60442e-06
-1.55747e-13
-1.903e-11
1.47873e-09
3.34261e-06
-1.90815e-11
1.44191e-09
3.11407e-06
1.30982e-09
2.67548e-06
-1.73625e-13
-3.16399e-11
1.22592e-09
3.28075e-06
-3.13505e-11
1.20179e-09
3.07412e-06
1.09806e-09
2.6746e-06
-1.93622e-13
-4.16834e-11
9.21138e-10
3.16051e-06
-4.09353e-11
9.0906e-10
2.97473e-06
8.37855e-10
2.61217e-06
-2.10456e-13
-4.85392e-11
6.15482e-10
2.98852e-06
-4.73582e-11
6.13781e-10
2.82253e-06
5.74172e-10
2.49554e-06
-2.20025e-13
-5.19556e-11
3.47874e-10
2.76574e-06
-5.05335e-11
3.52876e-10
2.61861e-06
3.36973e-10
2.3273e-06
-2.20821e-13
-5.13441e-11
1.36586e-10
2.48167e-06
-5.00614e-11
1.42594e-10
2.35317e-06
1.38994e-10
2.10019e-06
-2.11385e-13
-4.54168e-11
2.01686e-06
-4.46683e-11
1.91088e-06
1.70539e-06
-1.82127e-13
3.66401e-11
1.41689e-09
3.05687e-06
4.24892e-11
1.35787e-09
2.76035e-06
1.21536e-09
2.19087e-06
-1.32875e-13
1.27862e-11
1.58631e-09
3.2458e-06
1.43765e-11
1.52979e-09
2.97204e-06
1.37389e-09
2.44805e-06
-1.43747e-13
-4.20202e-12
1.58909e-09
3.33557e-06
-4.02631e-12
1.5409e-09
3.08447e-06
1.39222e-09
2.6044e-06
-1.51801e-13
-1.8665e-11
1.44475e-09
3.34277e-06
-1.87398e-11
1.4085e-09
3.11421e-06
1.27912e-09
2.67558e-06
-1.69032e-13
-3.09704e-11
1.19645e-09
3.28103e-06
-3.07066e-11
1.17271e-09
3.07436e-06
1.07146e-09
2.67478e-06
-1.8835e-13
-4.07519e-11
8.9752e-10
3.16084e-06
-4.00304e-11
8.85672e-10
2.97502e-06
8.16603e-10
2.61239e-06
-2.04723e-13
-4.74116e-11
5.9831e-10
2.98887e-06
-4.62573e-11
5.96709e-10
2.82282e-06
5.5878e-10
2.49575e-06
-2.14073e-13
-5.07029e-11
3.37131e-10
2.76606e-06
-4.93072e-11
3.42134e-10
2.61886e-06
3.27363e-10
2.32749e-06
-2.14854e-13
-5.00549e-11
1.3174e-10
2.48193e-06
-4.87966e-11
1.37703e-10
2.35338e-06
1.34701e-10
2.10034e-06
-2.05611e-13
-4.4208e-11
2.01704e-06
-4.3473e-11
1.91102e-06
1.70548e-06
-1.77023e-13
3.59358e-11
1.38679e-09
3.05652e-06
4.15872e-11
1.32867e-09
2.76004e-06
1.18837e-09
2.19064e-06
-1.3062e-13
1.24928e-11
1.55189e-09
3.24563e-06
1.40096e-11
1.49626e-09
2.97187e-06
1.34303e-09
2.44791e-06
-1.40858e-13
-4.15604e-12
1.55392e-09
3.33557e-06
-4.01808e-12
1.50648e-09
3.08446e-06
1.36054e-09
2.60438e-06
-1.48425e-13
-1.83082e-11
1.41183e-09
3.34293e-06
-1.84084e-11
1.37615e-09
3.11434e-06
1.2494e-09
2.67567e-06
-1.64996e-13
-3.03225e-11
1.16793e-09
3.2813e-06
-3.00872e-11
1.14456e-09
3.07459e-06
1.0457e-09
2.67495e-06
-1.83752e-13
-3.98541e-11
8.74671e-10
3.16118e-06
-3.91606e-11
8.63053e-10
2.9753e-06
7.96024e-10
2.6126e-06
-1.99641e-13
-4.63275e-11
5.81704e-10
2.98921e-06
-4.52008e-11
5.80205e-10
2.8231e-06
5.4387e-10
2.49596e-06
-2.08759e-13
-4.95005e-11
3.26742e-10
2.76636e-06
-4.81319e-11
3.31751e-10
2.61911e-06
3.18052e-10
2.32767e-06
-2.09508e-13
-4.88194e-11
1.27052e-10
2.48218e-06
-4.75857e-11
1.32976e-10
2.35357e-06
1.30541e-10
2.10048e-06
-2.00428e-13
-4.30514e-11
2.01721e-06
-4.23306e-11
1.91115e-06
1.70557e-06
-1.72465e-13
3.52514e-11
1.35747e-09
3.05618e-06
4.07119e-11
1.30026e-09
2.75973e-06
1.16217e-09
2.19042e-06
-1.28256e-13
1.22141e-11
1.51844e-09
3.24545e-06
1.36593e-11
1.4637e-09
2.97171e-06
1.3131e-09
2.44778e-06
-1.37875e-13
-4.10519e-12
1.51978e-09
3.33557e-06
-4.00062e-12
1.47311e-09
3.08445e-06
1.32985e-09
2.60436e-06
-1.4493e-13
-1.79584e-11
1.37993e-09
3.34309e-06
-1.80843e-11
1.3448e-09
3.11446e-06
1.2206e-09
2.67576e-06
-1.60841e-13
-2.96944e-11
1.14031e-09
3.28157e-06
-2.94893e-11
1.11732e-09
3.07482e-06
1.02074e-09
2.67512e-06
-1.79039e-13
-3.89876e-11
8.52562e-10
3.1615e-06
-3.83221e-11
8.41173e-10
2.97557e-06
7.7609e-10
2.61281e-06
-1.94454e-13
-4.52838e-11
5.65642e-10
2.98954e-06
-4.41847e-11
5.64247e-10
2.82337e-06
5.29425e-10
2.49616e-06
-2.0328e-13
-4.8345e-11
3.16695e-10
2.76666e-06
-4.70031e-11
3.21715e-10
2.61935e-06
3.09028e-10
2.32784e-06
-2.03955e-13
-4.76339e-11
1.22519e-10
2.48242e-06
-4.64245e-11
1.28407e-10
2.35377e-06
1.26506e-10
2.10061e-06
-1.95029e-13
-4.19437e-11
2.01737e-06
-4.12372e-11
1.91128e-06
1.70565e-06
-1.67636e-13
3.45858e-11
1.32891e-09
3.05584e-06
3.98621e-11
1.27261e-09
2.75944e-06
1.13672e-09
2.1902e-06
-1.26098e-13
1.1949e-11
1.48593e-09
3.24528e-06
1.33244e-11
1.43209e-09
2.97155e-06
1.28406e-09
2.44764e-06
-1.35176e-13
-4.05034e-12
1.48666e-09
3.33558e-06
-3.97856e-12
1.44074e-09
3.08445e-06
1.3001e-09
2.60434e-06
-1.41818e-13
-1.76156e-11
1.349e-09
3.34324e-06
-1.77674e-11
1.31443e-09
3.11459e-06
1.1927e-09
2.67585e-06
-1.57112e-13
-2.90854e-11
1.11356e-09
3.28183e-06
-2.89104e-11
1.09095e-09
3.07504e-06
9.96572e-10
2.67529e-06
-1.74813e-13
-3.81509e-11
8.31167e-10
3.16183e-06
-3.75137e-11
8.20005e-10
2.97584e-06
7.56778e-10
2.61301e-06
-1.89785e-13
-4.42786e-11
5.50107e-10
2.98987e-06
-4.32072e-11
5.48815e-10
2.82364e-06
5.15426e-10
2.49636e-06
-1.9837e-13
-4.7234e-11
3.06979e-10
2.76695e-06
-4.5919e-11
3.12013e-10
2.61958e-06
3.00278e-10
2.32801e-06
-1.98985e-13
-4.64959e-11
1.18135e-10
2.48265e-06
-4.53109e-11
1.23992e-10
2.35395e-06
1.22592e-10
2.10075e-06
-1.90174e-13
-4.08824e-11
2.01753e-06
-4.01908e-11
1.9114e-06
1.70573e-06
-1.63305e-13
3.39381e-11
1.30109e-09
3.05552e-06
3.90364e-11
1.24571e-09
2.75915e-06
1.11201e-09
2.18999e-06
-1.24001e-13
1.16968e-11
1.45432e-09
3.24512e-06
1.30039e-11
1.40139e-09
2.97139e-06
1.2559e-09
2.44751e-06
-1.32621e-13
-3.99127e-12
1.45451e-09
3.33558e-06
-3.95198e-12
1.40935e-09
3.08444e-06
1.27126e-09
2.60432e-06
-1.38861e-13
-1.72812e-11
1.31902e-09
3.3434e-06
-1.74569e-11
1.28501e-09
3.11472e-06
1.16566e-09
2.67594e-06
-1.53573e-13
-2.84935e-11
1.08766e-09
3.28209e-06
-2.83486e-11
1.06541e-09
3.07526e-06
9.73152e-10
2.67545e-06
-1.70746e-13
-3.73417e-11
8.10462e-10
3.16214e-06
-3.6733e-11
7.99525e-10
2.97611e-06
7.38067e-10
2.61321e-06
-1.85277e-13
-4.33092e-11
5.3508e-10
2.99019e-06
-4.22655e-11
5.33892e-10
2.82391e-06
5.0186e-10
2.49655e-06
-1.93603e-13
-4.61647e-11
2.97583e-10
2.76723e-06
-4.48763e-11
3.02632e-10
2.61981e-06
2.91795e-10
2.32817e-06
-1.94144e-13
-4.54024e-11
1.13894e-10
2.48288e-06
-4.42416e-11
1.19724e-10
2.35414e-06
1.18792e-10
2.10087e-06
-1.85427e-13
-3.98646e-11
2.01768e-06
-3.91881e-11
1.91152e-06
1.70581e-06
-1.59041e-13
3.33072e-11
1.27398e-09
3.0552e-06
3.82336e-11
1.21954e-09
2.75886e-06
1.088e-09
2.18978e-06
-1.22284e-13
1.14558e-11
1.4236e-09
3.24496e-06
1.26959e-11
1.37156e-09
2.97124e-06
1.22857e-09
2.44738e-06
-1.305e-13
-3.92902e-12
1.4233e-09
3.33559e-06
-3.92155e-12
1.3789e-09
3.08443e-06
1.24329e-09
2.6043e-06
-1.36412e-13
-1.69542e-11
1.28995e-09
3.34355e-06
-1.71529e-11
1.25649e-09
3.11484e-06
1.13945e-09
2.67603e-06
-1.50639e-13
-2.79188e-11
1.06257e-09
3.28235e-06
-2.78035e-11
1.04069e-09
3.07547e-06
9.50456e-10
2.67561e-06
-1.67296e-13
-3.65593e-11
7.90423e-10
3.16245e-06
-3.59791e-11
7.79707e-10
2.97637e-06
7.19932e-10
2.6134e-06
-1.81429e-13
-4.23744e-11
5.20545e-10
2.9905e-06
-4.13583e-11
5.19458e-10
2.82417e-06
4.88707e-10
2.49674e-06
-1.89512e-13
-4.51355e-11
2.88497e-10
2.76751e-06
-4.38736e-11
2.93563e-10
2.62004e-06
2.83566e-10
2.32833e-06
-1.8997e-13
-4.43516e-11
1.09793e-10
2.48311e-06
-4.32148e-11
1.15597e-10
2.35431e-06
1.15105e-10
2.101e-06
-1.8133e-13
-3.88886e-11
2.01783e-06
-3.82276e-11
1.91163e-06
1.70589e-06
-1.55393e-13
3.26918e-11
1.24757e-09
3.05489e-06
3.74523e-11
1.19406e-09
2.75859e-06
1.06467e-09
2.18958e-06
-1.20416e-13
1.12259e-11
1.39372e-09
3.2448e-06
1.24012e-11
1.34259e-09
2.97109e-06
1.20204e-09
2.44726e-06
-1.28254e-13
-3.86406e-12
1.39299e-09
3.33559e-06
-3.88668e-12
1.34935e-09
3.08442e-06
1.21617e-09
2.60428e-06
-1.33827e-13
-1.66332e-11
1.26176e-09
3.34369e-06
-1.68542e-11
1.22884e-09
3.11496e-06
1.11405e-09
2.67611e-06
-1.47639e-13
-2.73599e-11
1.03826e-09
3.2826e-06
-2.72733e-11
1.01674e-09
3.07569e-06
9.28458e-10
2.67577e-06
-1.63722e-13
-3.58017e-11
7.71024e-10
3.16275e-06
-3.52492e-11
7.60526e-10
2.97662e-06
7.02356e-10
2.61359e-06
-1.77447e-13
-4.14717e-11
5.06481e-10
2.9908e-06
-4.04823e-11
5.05495e-10
2.82442e-06
4.75956e-10
2.49693e-06
-1.85249e-13
-4.41436e-11
2.79709e-10
2.76778e-06
-4.29072e-11
2.84792e-10
2.62026e-06
2.75584e-10
2.32849e-06
-1.85596e-13
-4.33406e-11
1.05827e-10
2.48332e-06
-4.2227e-11
1.11609e-10
2.35448e-06
1.11524e-10
2.10112e-06
-1.77034e-13
-3.79514e-11
2.01797e-06
-3.73056e-11
1.91175e-06
1.70596e-06
-1.51508e-13
3.20907e-11
1.22185e-09
3.05458e-06
3.66888e-11
1.16928e-09
2.75832e-06
1.042e-09
2.18938e-06
-1.18733e-13
1.10101e-11
1.36467e-09
3.24465e-06
1.21347e-11
1.31442e-09
2.97094e-06
1.17631e-09
2.44714e-06
-1.26236e-13
-3.79714e-12
1.36356e-09
3.3356e-06
-3.85122e-12
1.32067e-09
3.08442e-06
1.18986e-09
2.60426e-06
-1.31572e-13
-1.63184e-11
1.23441e-09
3.34384e-06
-1.65626e-11
1.20204e-09
3.11508e-06
1.08942e-09
2.6762e-06
-1.44997e-13
-2.68164e-11
1.0147e-09
3.28285e-06
-2.67581e-11
9.93545e-10
3.07589e-06
9.07135e-10
2.67593e-06
-1.60598e-13
-3.50681e-11
7.52243e-10
3.16305e-06
-3.4543e-11
7.41958e-10
2.97688e-06
6.85318e-10
2.61378e-06
-1.73943e-13
-4.05997e-11
4.92874e-10
2.9911e-06
-3.96367e-11
4.91987e-10
2.82467e-06
4.63592e-10
2.49711e-06
-1.81524e-13
-4.31872e-11
2.71209e-10
2.76804e-06
-4.1976e-11
2.76309e-10
2.62047e-06
2.67841e-10
2.32865e-06
-1.81783e-13
-4.23676e-11
1.01992e-10
2.48353e-06
-4.12768e-11
1.07752e-10
2.35465e-06
1.08048e-10
2.10124e-06
-1.73265e-13
-3.70514e-11
2.01811e-06
-3.64208e-11
1.91185e-06
1.70604e-06
-1.48115e-13
3.15037e-11
1.19678e-09
3.05428e-06
3.5944e-11
1.14515e-09
2.75805e-06
1.01996e-09
2.18919e-06
-1.17114e-13
1.08032e-11
1.33642e-09
3.2445e-06
1.18813e-11
1.28706e-09
2.9708e-06
1.15132e-09
2.44702e-06
-1.24314e-13
-3.72794e-12
1.33498e-09
3.3356e-06
-3.81313e-12
1.29282e-09
3.08441e-06
1.16433e-09
2.60425e-06
-1.29406e-13
-1.60089e-11
1.20788e-09
3.34398e-06
-1.62761e-11
1.17605e-09
3.11519e-06
1.06553e-09
2.67628e-06
-1.4244e-13
-2.6287e-11
9.91872e-10
3.28309e-06
-2.62561e-11
9.71071e-10
3.0761e-06
8.86463e-10
2.67608e-06
-1.57572e-13
-3.43565e-11
7.34058e-10
3.16334e-06
-3.3858e-11
7.23982e-10
2.97712e-06
6.68802e-10
2.61396e-06
-1.70527e-13
-3.97562e-11
4.79708e-10
2.9914e-06
-3.88188e-11
4.78916e-10
2.82492e-06
4.51604e-10
2.49729e-06
-1.77867e-13
-4.2264e-11
2.62987e-10
2.7683e-06
-4.1077e-11
2.68104e-10
2.62068e-06
2.60329e-10
2.3288e-06
-1.78024e-13
-4.14299e-11
9.82834e-11
2.48374e-06
-4.0361e-11
1.04022e-10
2.35481e-06
1.0467e-10
2.10136e-06
-1.69541e-13
-3.61861e-11
2.01825e-06
-3.55703e-11
1.91196e-06
1.70611e-06
-1.44733e-13
3.09299e-11
1.17236e-09
3.05399e-06
3.52174e-11
1.12166e-09
2.7578e-06
9.98533e-10
2.189e-06
-1.15897e-13
1.06038e-11
1.30893e-09
3.24435e-06
1.16364e-11
1.26045e-09
2.97066e-06
1.12705e-09
2.4469e-06
-1.22818e-13
-3.6572e-12
1.30721e-09
3.33561e-06
-3.77264e-12
1.26579e-09
3.08441e-06
1.13956e-09
2.60423e-06
-1.27729e-13
-1.57051e-11
1.18214e-09
3.34412e-06
-1.59947e-11
1.15084e-09
3.11531e-06
1.04236e-09
2.67636e-06
-1.40387e-13
-2.57715e-11
9.69748e-10
3.28333e-06
-2.57669e-11
9.49295e-10
3.0763e-06
8.66418e-10
2.67623e-06
-1.55128e-13
-3.36665e-11
7.16451e-10
3.16363e-06
-3.31949e-11
7.06579e-10
2.97736e-06
6.52786e-10
2.61415e-06
-1.67747e-13
-3.89403e-11
4.66969e-10
2.99169e-06
-3.80274e-11
4.66269e-10
2.82516e-06
4.39975e-10
2.49746e-06
-1.7485e-13
-4.13727e-11
2.55035e-10
2.76856e-06
-4.0209e-11
2.60168e-10
2.62089e-06
2.53039e-10
2.32894e-06
-1.74893e-13
-4.05263e-11
9.46958e-11
2.48394e-06
-3.94785e-11
1.00415e-10
2.35497e-06
1.0139e-10
2.10147e-06
-1.66427e-13
-3.53539e-11
2.01838e-06
-3.47528e-11
1.91206e-06
1.70617e-06
-1.4193e-13
3.03687e-11
1.14856e-09
3.05371e-06
3.45087e-11
1.0988e-09
2.75754e-06
9.777e-10
2.18881e-06
-1.14489e-13
1.0412e-11
1.28219e-09
3.24421e-06
1.14002e-11
1.23459e-09
2.97052e-06
1.10347e-09
2.44679e-06
-1.21135e-13
-3.58463e-12
1.28023e-09
3.33561e-06
-3.72913e-12
1.23955e-09
3.0844e-06
1.11552e-09
2.60422e-06
-1.25838e-13
-1.54061e-11
1.15716e-09
3.34426e-06
-1.5717e-11
1.12638e-09
3.11542e-06
1.01988e-09
2.67644e-06
-1.38119e-13
-2.52683e-11
9.483e-10
3.28356e-06
-2.52887e-11
9.28188e-10
3.0765e-06
8.46978e-10
2.67638e-06
-1.52456e-13
-3.2996e-11
6.99398e-10
3.16391e-06
-3.25498e-11
6.89724e-10
2.9776e-06
6.37255e-10
2.61432e-06
-1.64734e-13
-3.81496e-11
4.54641e-10
2.99197e-06
-3.72596e-11
4.54028e-10
2.82539e-06
4.28696e-10
2.49763e-06
-1.71577e-13
-4.05107e-11
2.47344e-10
2.7688e-06
-3.93686e-11
2.52489e-10
2.62109e-06
2.45965e-10
2.32909e-06
-1.71493e-13
-3.96539e-11
9.12277e-11
2.48414e-06
-3.86257e-11
9.69259e-11
2.35513e-06
9.82035e-11
2.10158e-06
-1.63049e-13
-3.45524e-11
2.0185e-06
-3.39647e-11
1.91215e-06
1.70624e-06
-1.38828e-13
2.98196e-11
1.12536e-09
3.05342e-06
3.38167e-11
1.07653e-09
2.75729e-06
9.5744e-10
2.18863e-06
-1.13207e-13
1.02269e-11
1.25618e-09
3.24406e-06
1.11715e-11
1.20944e-09
2.97039e-06
1.08057e-09
2.44667e-06
-1.19629e-13
-3.51082e-12
1.25401e-09
3.33562e-06
-3.68352e-12
1.21405e-09
3.0844e-06
1.09217e-09
2.6042e-06
-1.24195e-13
-1.51121e-11
1.13291e-09
3.3444e-06
-1.54436e-11
1.10266e-09
3.11553e-06
9.98067e-10
2.67652e-06
-1.36134e-13
-2.47772e-11
9.27505e-10
3.28379e-06
-2.48215e-11
9.0773e-10
3.07669e-06
8.28121e-10
2.67652e-06
-1.50158e-13
-3.23442e-11
6.82881e-10
3.16419e-06
-3.19222e-11
6.734e-10
2.97784e-06
6.22192e-10
2.6145e-06
-1.62144e-13
-3.7383e-11
4.42709e-10
2.99225e-06
-3.65148e-11
4.42179e-10
2.82562e-06
4.17755e-10
2.4978e-06
-1.68801e-13
-3.96767e-11
2.39903e-10
2.76905e-06
-3.85552e-11
2.45058e-10
2.62128e-06
2.39098e-10
2.32923e-06
-1.68619e-13
-3.88114e-11
8.78735e-11
2.48433e-06
-3.78016e-11
9.35504e-11
2.35528e-06
9.51076e-11
2.10168e-06
-1.60166e-13
-3.378e-11
2.01863e-06
-3.32051e-11
1.91225e-06
1.7063e-06
-1.36188e-13
2.9282e-11
1.10276e-09
3.05315e-06
3.31409e-11
1.05485e-09
2.75705e-06
9.37732e-10
2.18846e-06
-1.11896e-13
1.00481e-11
1.23086e-09
3.24393e-06
1.09501e-11
1.18499e-09
2.97026e-06
1.05831e-09
2.44656e-06
-1.18138e-13
-3.43581e-12
1.22853e-09
3.33562e-06
-3.63568e-12
1.18929e-09
3.08439e-06
1.0695e-09
2.60419e-06
-1.22551e-13
-1.48226e-11
1.10937e-09
3.34453e-06
-1.51738e-11
1.07964e-09
3.11564e-06
9.76897e-10
2.6766e-06
-1.34173e-13
-2.42973e-11
9.07341e-10
3.28402e-06
-2.43642e-11
8.87898e-10
3.07689e-06
8.09828e-10
2.67667e-06
-1.47888e-13
-3.17098e-11
6.66882e-10
3.16446e-06
-3.13105e-11
6.57588e-10
2.97807e-06
6.07582e-10
2.61467e-06
-1.59598e-13
-3.66388e-11
4.31161e-10
2.99252e-06
-3.57911e-11
4.30708e-10
2.82585e-06
4.07141e-10
2.49797e-06
-1.66057e-13
-3.88687e-11
2.32706e-10
2.76928e-06
-3.77665e-11
2.37867e-10
2.62147e-06
2.32433e-10
2.32936e-06
-1.65773e-13
-3.79966e-11
8.46297e-11
2.48451e-06
-3.70019e-11
9.02834e-11
2.35543e-06
9.20991e-11
2.10179e-06
-1.5731e-13
-3.30347e-11
2.01874e-06
-3.24719e-11
1.91233e-06
1.70636e-06
-1.33549e-13
2.87551e-11
1.08072e-09
3.05288e-06
3.24802e-11
1.03373e-09
2.75681e-06
9.18559e-10
2.18828e-06
-1.10897e-13
9.87473e-12
1.20622e-09
3.24379e-06
1.0735e-11
1.1612e-09
2.97013e-06
1.03667e-09
2.44646e-06
-1.16984e-13
-3.36032e-12
1.20377e-09
3.33563e-06
-3.58644e-12
1.16523e-09
3.08439e-06
1.04748e-09
2.60417e-06
-1.21296e-13
-1.45383e-11
1.08652e-09
3.34466e-06
-1.49082e-11
1.05729e-09
3.11575e-06
9.56348e-10
2.67667e-06
-1.32633e-13
-2.38288e-11
8.87789e-10
3.28424e-06
-2.39168e-11
8.68669e-10
3.07708e-06
7.92079e-10
2.67681e-06
-1.46109e-13
-3.10926e-11
6.51385e-10
3.16473e-06
-3.07143e-11
6.4227e-10
2.97829e-06
5.9341e-10
2.61484e-06
-1.57602e-13
-3.59165e-11
4.19985e-10
2.99279e-06
-3.50879e-11
4.19603e-10
2.82607e-06
3.96844e-10
2.49813e-06
-1.63889e-13
-3.80859e-11
2.25743e-10
2.76952e-06
-3.70016e-11
2.30908e-10
2.62166e-06
2.25964e-10
2.3295e-06
-1.63515e-13
-3.72086e-11
8.14914e-11
2.4847e-06
-3.62282e-11
8.7121e-11
2.35557e-06
8.91765e-11
2.10189e-06
-1.5504e-13
-3.23154e-11
2.01886e-06
-3.1764e-11
1.91242e-06
1.70642e-06
-1.3148e-13
2.82387e-11
1.05925e-09
3.05262e-06
3.18347e-11
1.01315e-09
2.75658e-06
8.99902e-10
2.18811e-06
-1.0964e-13
9.70677e-12
1.18224e-09
3.24366e-06
1.05267e-11
1.13806e-09
2.97e-06
1.01564e-09
2.44635e-06
-1.15559e-13
-3.28414e-12
1.17969e-09
3.33563e-06
-3.53511e-12
1.14185e-09
3.08439e-06
1.02609e-09
2.60416e-06
-1.19735e-13
-1.42583e-11
1.06433e-09
3.34479e-06
-1.46455e-11
1.0356e-09
3.11586e-06
9.36399e-10
2.67675e-06
-1.30801e-13
-2.33705e-11
8.68822e-10
3.28446e-06
-2.34778e-11
8.50019e-10
3.07726e-06
7.74858e-10
2.67694e-06
-1.44021e-13
-3.0491e-11
6.36368e-10
3.16499e-06
-3.01317e-11
6.27426e-10
2.97851e-06
5.79662e-10
2.615e-06
-1.55307e-13
-3.52143e-11
4.09164e-10
2.99305e-06
-3.44025e-11
4.08849e-10
2.82629e-06
3.86853e-10
2.49829e-06
-1.61387e-13
-3.73264e-11
2.19006e-10
2.76974e-06
-3.62577e-11
2.24171e-10
2.62185e-06
2.19684e-10
2.32963e-06
-1.60907e-13
-3.64454e-11
7.8457e-11
2.48487e-06
-3.5477e-11
8.40612e-11
2.35571e-06
8.63363e-11
2.10199e-06
-1.52441e-13
-3.16202e-11
2.01897e-06
-3.10784e-11
1.91251e-06
1.70647e-06
-1.2907e-13
2.77324e-11
1.03831e-09
3.05236e-06
3.12034e-11
9.93111e-10
2.75635e-06
8.81744e-10
2.18794e-06
-1.08475e-13
9.54349e-12
1.1589e-09
3.24353e-06
1.03242e-11
1.11555e-09
2.96988e-06
9.95189e-10
2.44625e-06
-1.14249e-13
-3.20781e-12
1.15627e-09
3.33564e-06
-3.48253e-12
1.11913e-09
3.08438e-06
1.00531e-09
2.60414e-06
-1.18358e-13
-1.39831e-11
1.04278e-09
3.34492e-06
-1.43863e-11
1.01454e-09
3.11596e-06
9.17028e-10
2.67682e-06
-1.29202e-13
-2.29223e-11
8.50424e-10
3.28467e-06
-2.30474e-11
8.3193e-10
3.07744e-06
7.58144e-10
2.67708e-06
-1.42249e-13
-2.99048e-11
6.21819e-10
3.16525e-06
-2.95627e-11
6.13041e-10
2.97873e-06
5.66324e-10
2.61516e-06
-1.53375e-13
-3.45315e-11
3.98689e-10
2.99331e-06
-3.37349e-11
3.98433e-10
2.8265e-06
3.7716e-10
2.49844e-06
-1.593e-13
-3.65894e-11
2.12487e-10
2.76997e-06
-3.55346e-11
2.17648e-10
2.62203e-06
2.13589e-10
2.32976e-06
-1.58743e-13
-3.57059e-11
7.55215e-11
2.48505e-06
-3.47483e-11
8.10989e-11
2.35584e-06
8.35766e-11
2.10208e-06
-1.50268e-13
-3.09481e-11
2.01907e-06
-3.04146e-11
1.91259e-06
1.70652e-06
-1.27075e-13
2.72358e-11
1.0179e-09
3.05211e-06
3.0586e-11
9.73583e-10
2.75613e-06
8.6407e-10
2.18778e-06
-1.07222e-13
9.38481e-12
1.13616e-09
3.2434e-06
1.01274e-11
1.09364e-09
2.96976e-06
9.75298e-10
2.44615e-06
-1.12862e-13
-3.13122e-12
1.1335e-09
3.33565e-06
-3.42855e-12
1.09704e-09
3.08438e-06
9.85112e-10
2.60413e-06
-1.16909e-13
-1.37121e-11
1.02184e-09
3.34505e-06
-1.41303e-11
9.94083e-10
3.11607e-06
8.98218e-10
2.67689e-06
-1.27578e-13
-2.24835e-11
8.32576e-10
3.28489e-06
-2.26247e-11
8.14382e-10
3.07762e-06
7.41924e-10
2.67721e-06
-1.40465e-13
-2.93326e-11
6.07719e-10
3.1655e-06
-2.90059e-11
5.99099e-10
2.97895e-06
5.53384e-10
2.61532e-06
-1.51451e-13
-3.38668e-11
3.88547e-10
2.99356e-06
-3.30834e-11
3.88344e-10
2.82671e-06
3.67756e-10
2.4986e-06
-1.57165e-13
-3.5873e-11
2.0618e-10
2.77018e-06
-3.48302e-11
2.11332e-10
2.6222e-06
2.07672e-10
2.32988e-06
-1.56506e-13
-3.49884e-11
7.2682e-11
2.48521e-06
-3.40399e-11
7.82314e-11
2.35597e-06
8.08931e-11
2.10217e-06
-1.48011e-13
-3.02972e-11
2.01918e-06
-2.97693e-11
1.91266e-06
1.70658e-06
-1.24969e-13
2.67484e-11
9.98002e-10
3.05186e-06
2.99818e-11
9.54554e-10
2.75591e-06
8.46862e-10
2.18762e-06
-1.06231e-13
9.22999e-12
1.11403e-09
3.24328e-06
9.93554e-12
1.07231e-09
2.96964e-06
9.55949e-10
2.44605e-06
-1.11765e-13
-3.055e-12
1.11136e-09
3.33565e-06
-3.37394e-12
1.07556e-09
3.08438e-06
9.65479e-10
2.60412e-06
-1.15889e-13
-1.34459e-11
1.0015e-09
3.34517e-06
-1.38791e-11
9.74218e-10
3.11617e-06
8.79946e-10
2.67697e-06
-1.26539e-13
-2.20543e-11
8.15258e-10
3.28509e-06
-2.22102e-11
7.97357e-10
3.0778e-06
7.26178e-10
2.67735e-06
-1.39356e-13
-2.87745e-11
5.94056e-10
3.16575e-06
-2.84615e-11
5.85585e-10
2.97916e-06
5.40827e-10
2.61548e-06
-1.50302e-13
-3.32197e-11
3.78729e-10
2.99381e-06
-3.24481e-11
3.78573e-10
2.82692e-06
3.5863e-10
2.49875e-06
-1.55682e-13
-3.5177e-11
2.00077e-10
2.7704e-06
-3.41446e-11
2.05216e-10
2.62237e-06
2.01928e-10
2.33001e-06
-1.54862e-13
-3.42923e-11
6.99338e-11
2.48538e-06
-3.33519e-11
7.54538e-11
2.3561e-06
7.8286e-11
2.10227e-06
-1.46315e-13
-2.96671e-11
2.01928e-06
-2.91437e-11
1.91274e-06
1.70663e-06
-1.23421e-13
2.62701e-11
9.78597e-10
3.05161e-06
2.93907e-11
9.36008e-10
2.7557e-06
8.30105e-10
2.18746e-06
-1.04982e-13
9.07915e-12
1.09247e-09
3.24315e-06
9.74902e-12
1.05155e-09
2.96952e-06
9.37125e-10
2.44595e-06
-1.10411e-13
-2.97878e-12
1.08981e-09
3.33566e-06
-3.31811e-12
1.05467e-09
3.08437e-06
9.46394e-10
2.60411e-06
-1.14636e-13
-1.31839e-11
9.81739e-10
3.34529e-06
-1.36309e-11
9.5492e-10
3.11627e-06
8.62196e-10
2.67704e-06
-1.25377e-13
-2.16335e-11
7.98451e-10
3.2853e-06
-2.18026e-11
7.80836e-10
3.07797e-06
7.10892e-10
2.67748e-06
-1.38254e-13
-2.82291e-11
5.80811e-10
3.166e-06
-2.79279e-11
5.72482e-10
2.97937e-06
5.28645e-10
2.61563e-06
-1.49316e-13
-3.25887e-11
3.6922e-10
2.99405e-06
-3.1827e-11
3.69104e-10
2.82712e-06
3.49775e-10
2.49889e-06
-1.54059e-13
-3.44996e-11
1.9417e-10
2.77061e-06
-3.34755e-11
1.99292e-10
2.62254e-06
1.96353e-10
2.33013e-06
-1.52934e-13
-3.36159e-11
6.72761e-11
2.48554e-06
-3.26815e-11
7.27648e-11
2.35623e-06
7.57524e-11
2.10235e-06
-1.44308e-13
-2.90558e-11
2.01937e-06
-2.85354e-11
1.91281e-06
1.70667e-06
-1.21553e-13
2.58007e-11
9.59673e-10
3.05138e-06
2.88118e-11
9.17931e-10
2.75549e-06
8.13786e-10
2.18731e-06
-1.03916e-13
8.9317e-12
1.07147e-09
3.24303e-06
9.56702e-12
1.03134e-09
2.96941e-06
9.18806e-10
2.44586e-06
-1.09262e-13
-2.90293e-12
1.06884e-09
3.33566e-06
-3.26201e-12
1.03435e-09
3.08437e-06
9.27835e-10
2.60409e-06
-1.13644e-13
-1.2926e-11
9.62533e-10
3.34541e-06
-1.3386e-11
9.3617e-10
3.11637e-06
8.44951e-10
2.67711e-06
-1.24489e-13
-2.12212e-11
7.8214e-10
3.2855e-06
-2.14025e-11
7.64803e-10
3.07815e-06
6.96051e-10
2.6776e-06
-1.37501e-13
-2.76961e-11
5.67973e-10
3.16624e-06
-2.74055e-11
5.59776e-10
2.97957e-06
5.16823e-10
2.61579e-06
-1.48724e-13
-3.19734e-11
3.60013e-10
2.99429e-06
-3.12203e-11
3.5993e-10
2.82732e-06
3.41184e-10
2.49904e-06
-1.52843e-13
-3.38402e-11
1.88453e-10
2.77081e-06
-3.28229e-11
1.93553e-10
2.62271e-06
1.90941e-10
2.33024e-06
-1.51422e-13
-3.29584e-11
6.4704e-11
2.4857e-06
-3.20288e-11
7.01595e-11
2.35635e-06
7.32912e-11
2.10244e-06
-1.427e-13
-2.84629e-11
2.01947e-06
-2.79445e-11
1.91288e-06
1.70672e-06
-1.20086e-13
2.53405e-11
9.41217e-10
3.05114e-06
2.82452e-11
9.0031e-10
2.75528e-06
7.9789e-10
2.18716e-06
-1.02876e-13
8.78784e-12
1.05101e-09
3.24291e-06
9.38909e-12
1.01165e-09
2.9693e-06
9.00978e-10
2.44576e-06
-1.08144e-13
-2.82726e-12
1.04844e-09
3.33567e-06
-3.20592e-12
1.01459e-09
3.08437e-06
9.09788e-10
2.60408e-06
-1.12539e-13
-1.26726e-11
9.43866e-10
3.34553e-06
-1.3144e-11
9.17953e-10
3.11647e-06
8.28194e-10
2.67717e-06
-1.23266e-13
-2.08165e-11
7.66308e-10
3.2857e-06
-2.10094e-11
7.49244e-10
3.07832e-06
6.81641e-10
2.67773e-06
-1.36134e-13
-2.71741e-11
5.55527e-10
3.16648e-06
-2.68937e-11
5.47455e-10
2.97977e-06
5.05355e-10
2.61594e-06
-1.47246e-13
-3.13726e-11
3.51096e-10
2.99453e-06
-3.06271e-11
3.51038e-10
2.82751e-06
3.32851e-10
2.49918e-06
-1.51127e-13
-3.31974e-11
1.8292e-10
2.77102e-06
-3.21856e-11
1.87993e-10
2.62287e-06
1.85689e-10
2.33036e-06
-1.49604e-13
-3.23186e-11
6.22151e-11
2.48585e-06
-3.13925e-11
6.76346e-11
2.35647e-06
7.08993e-11
2.10252e-06
-1.4087e-13
-2.78868e-11
2.01956e-06
-2.73696e-11
1.91295e-06
1.70676e-06
-1.18406e-13
2.48885e-11
9.23217e-10
3.05091e-06
2.7692e-11
8.83128e-10
2.75508e-06
7.82407e-10
2.18701e-06
-1.0219e-13
8.64327e-12
1.03108e-09
3.2428e-06
9.21599e-12
9.92473e-10
2.96919e-06
8.83626e-10
2.44567e-06
-1.07422e-13
-2.74981e-12
1.02859e-09
3.33567e-06
-3.15291e-12
9.95355e-10
3.08437e-06
8.92233e-10
2.60407e-06
-1.11672e-13
-1.24226e-11
9.25722e-10
3.34564e-06
-1.29069e-11
9.0025e-10
3.11656e-06
8.11907e-10
2.67724e-06
-1.22058e-13
-2.0419e-11
7.5094e-10
3.28589e-06
-2.06241e-11
7.34143e-10
3.07848e-06
6.67644e-10
2.67785e-06
-1.34545e-13
-2.66628e-11
5.43463e-10
3.16671e-06
-2.63934e-11
5.35501e-10
2.97997e-06
4.94229e-10
2.61608e-06
-1.45274e-13
-3.0786e-11
3.42461e-10
2.99476e-06
-3.00483e-11
3.42419e-10
2.82771e-06
3.24767e-10
2.49932e-06
-1.49424e-13
-3.2571e-11
1.77565e-10
2.77121e-06
-3.15643e-11
1.82604e-10
2.62303e-06
1.80594e-10
2.33047e-06
-1.48052e-13
-3.16959e-11
5.9805e-11
2.486e-06
-3.07733e-11
6.51859e-11
2.35659e-06
6.85769e-11
2.1026e-06
-1.39397e-13
-2.73271e-11
2.01964e-06
-2.68114e-11
1.91301e-06
1.7068e-06
-1.17096e-13
2.44444e-11
9.05657e-10
3.05068e-06
2.71507e-11
8.66374e-10
2.75488e-06
7.67319e-10
2.18686e-06
-1.01425e-13
8.50286e-12
1.01166e-09
3.24268e-06
9.04189e-12
9.73798e-10
2.96908e-06
8.66725e-10
2.44558e-06
-1.06555e-13
-2.67356e-12
1.00926e-09
3.33568e-06
-3.09393e-12
9.76643e-10
3.08436e-06
8.75154e-10
2.60406e-06
-1.10426e-13
-1.21754e-11
9.0808e-10
3.34576e-06
-1.26727e-11
8.83045e-10
3.11666e-06
7.96074e-10
2.67731e-06
-1.20527e-13
-2.00287e-11
7.36018e-10
3.28609e-06
-2.02443e-11
7.19484e-10
3.07865e-06
6.54049e-10
2.67797e-06
-1.32599e-13
-2.61619e-11
5.31763e-10
3.16694e-06
-2.59019e-11
5.23909e-10
2.98017e-06
4.8343e-10
2.61623e-06
-1.42913e-13
-3.02126e-11
3.34096e-10
2.99499e-06
-2.94808e-11
3.34066e-10
2.82789e-06
3.16921e-10
2.49946e-06
-1.47288e-13
-3.19598e-11
1.72381e-10
2.77141e-06
-3.09559e-11
1.77383e-10
2.62318e-06
1.75646e-10
2.33058e-06
-1.46068e-13
-3.10891e-11
5.74735e-11
2.48614e-06
-3.01678e-11
6.28148e-11
2.3567e-06
6.63195e-11
2.10268e-06
-1.37524e-13
-2.67825e-11
2.01973e-06
-2.62663e-11
1.91307e-06
1.70684e-06
-1.15394e-13
2.40094e-11
8.88526e-10
3.05046e-06
2.662e-11
8.50042e-10
2.75468e-06
7.52613e-10
2.18672e-06
-1.00632e-13
8.36878e-12
9.92732e-10
3.24257e-06
8.86599e-12
9.55621e-10
2.96897e-06
8.5026e-10
2.44549e-06
-1.05756e-13
-2.60036e-12
9.90443e-10
3.33568e-06
-3.02929e-12
9.58438e-10
3.08436e-06
8.58536e-10
2.60405e-06
-1.0973e-13
-1.19339e-11
8.90926e-10
3.34587e-06
-1.24405e-11
8.66322e-10
3.11675e-06
7.80685e-10
2.67737e-06
-1.19669e-13
-1.96469e-11
7.21528e-10
3.28627e-06
-1.98698e-11
7.05251e-10
3.07881e-06
6.40848e-10
2.67809e-06
-1.31561e-13
-2.56725e-11
5.2042e-10
3.16717e-06
-2.54188e-11
5.12672e-10
2.98036e-06
4.72944e-10
2.61637e-06
-1.41681e-13
-2.96526e-11
3.25994e-10
2.99521e-06
-2.89239e-11
3.25976e-10
2.82808e-06
3.09304e-10
2.49959e-06
-1.45886e-13
-3.13634e-11
1.67363e-10
2.7716e-06
-3.03604e-11
1.72328e-10
2.62334e-06
1.70841e-10
2.33069e-06
-1.44654e-13
-3.04978e-11
5.52167e-11
2.48629e-06
-2.95757e-11
6.05184e-11
2.35681e-06
6.41251e-11
2.10276e-06
-1.36145e-13
-2.62526e-11
2.01981e-06
-2.57341e-11
1.91313e-06
1.70688e-06
-1.14193e-13
2.3582e-11
8.71812e-10
3.05025e-06
2.61016e-11
8.34108e-10
2.75449e-06
7.38283e-10
2.18658e-06
-9.97738e-14
8.23383e-12
9.74283e-10
3.24246e-06
8.69718e-12
9.37896e-10
2.96887e-06
8.3423e-10
2.4454e-06
-1.04921e-13
-2.52492e-12
9.7212e-10
3.33569e-06
-2.96725e-12
9.40711e-10
3.08436e-06
8.42367e-10
2.60404e-06
-1.08964e-13
-1.16952e-11
8.74243e-10
3.34598e-06
-1.22111e-11
8.50058e-10
3.11684e-06
7.65726e-10
2.67744e-06
-1.18877e-13
-1.92716e-11
7.07457e-10
3.28646e-06
-1.9501e-11
6.91428e-10
3.07897e-06
6.28029e-10
2.67821e-06
-1.3068e-13
-2.51933e-11
5.09419e-10
3.16739e-06
-2.4944e-11
5.01774e-10
2.98055e-06
4.62766e-10
2.61651e-06
-1.40693e-13
-2.91048e-11
3.18147e-10
2.99543e-06
-2.83774e-11
3.18136e-10
2.82826e-06
3.01912e-10
2.49972e-06
-1.4452e-13
-3.07809e-11
1.62505e-10
2.77178e-06
-2.97769e-11
1.67432e-10
2.62349e-06
1.66176e-10
2.3308e-06
-1.43178e-13
-2.99208e-11
5.3032e-11
2.48643e-06
-2.89961e-11
5.82934e-11
2.35692e-06
6.19909e-11
2.10284e-06
-1.34665e-13
-2.57362e-11
2.01989e-06
-2.52136e-11
1.91319e-06
1.70692e-06
-1.12876e-13
2.3162e-11
8.55503e-10
3.05003e-06
2.55935e-11
8.18567e-10
2.7543e-06
7.24313e-10
2.18644e-06
-9.91236e-14
8.10177e-12
9.56298e-10
3.24235e-06
8.53214e-12
9.20624e-10
2.96877e-06
8.18615e-10
2.44532e-06
-1.04278e-13
-2.45074e-12
9.54277e-10
3.33569e-06
-2.9062e-12
9.23456e-10
3.08436e-06
8.2663e-10
2.60403e-06
-1.08381e-13
-1.14606e-11
8.58017e-10
3.34609e-06
-1.19852e-11
8.34247e-10
3.11693e-06
7.5118e-10
2.6775e-06
-1.18193e-13
-1.89037e-11
6.93793e-10
3.28664e-06
-1.91392e-11
6.78006e-10
3.07912e-06
6.15576e-10
2.67833e-06
-1.29889e-13
-2.47241e-11
4.98753e-10
3.16761e-06
-2.44787e-11
4.91205e-10
2.98074e-06
4.52885e-10
2.61665e-06
-1.39764e-13
-2.85695e-11
3.10547e-10
2.99565e-06
-2.78427e-11
3.1054e-10
2.82844e-06
2.94738e-10
2.49985e-06
-1.43462e-13
-3.02123e-11
1.57803e-10
2.77197e-06
-2.92066e-11
1.62688e-10
2.62363e-06
1.61647e-10
2.3309e-06
-1.42087e-13
-2.93582e-11
5.09154e-11
2.48656e-06
-2.84304e-11
5.61367e-11
2.35703e-06
5.9918e-11
2.10291e-06
-1.33575e-13
-2.52331e-11
2.01996e-06
-2.47062e-11
1.91325e-06
1.70695e-06
-1.11926e-13
2.2752e-11
8.39586e-10
3.04982e-06
2.50945e-11
8.03411e-10
2.75412e-06
7.10691e-10
2.18631e-06
-9.8187e-14
7.97387e-12
9.38759e-10
3.24224e-06
8.37274e-12
9.03793e-10
2.96867e-06
8.03402e-10
2.44523e-06
-1.03244e-13
-2.381e-12
9.36898e-10
3.3357e-06
-2.84639e-12
9.06656e-10
3.08435e-06
8.1131e-10
2.60402e-06
-1.07274e-13
-1.12293e-11
8.42233e-10
3.34619e-06
-1.17619e-11
8.18871e-10
3.11702e-06
7.37034e-10
2.67757e-06
-1.16895e-13
-1.8542e-11
6.80519e-10
3.28682e-06
-1.87838e-11
6.64974e-10
3.07928e-06
6.03475e-10
2.67844e-06
-1.28269e-13
-2.42637e-11
4.88405e-10
3.16783e-06
-2.40223e-11
4.80951e-10
2.98092e-06
4.43296e-10
2.61679e-06
-1.37879e-13
-2.80455e-11
3.03182e-10
2.99586e-06
-2.7319e-11
3.03175e-10
2.82862e-06
2.87778e-10
2.49998e-06
-1.41742e-13
-2.96565e-11
1.53249e-10
2.77215e-06
-2.86484e-11
1.58091e-10
2.62378e-06
1.57252e-10
2.331e-06
-1.4043e-13
-2.88087e-11
4.88662e-11
2.4867e-06
-2.78771e-11
5.40479e-11
2.35713e-06
5.79039e-11
2.10298e-06
-1.31976e-13
-2.47421e-11
2.02004e-06
-2.42105e-11
1.9133e-06
1.70699e-06
-1.10464e-13
2.23508e-11
8.24049e-10
3.04961e-06
2.46058e-11
7.88625e-10
2.75393e-06
6.97412e-10
2.18617e-06
-9.73235e-14
7.85199e-12
9.21652e-10
3.24214e-06
8.22649e-12
8.87383e-10
2.96857e-06
7.88593e-10
2.44515e-06
-1.02301e-13
-2.31455e-12
9.19966e-10
3.3357e-06
-2.79206e-12
8.90295e-10
3.08435e-06
7.96403e-10
2.60401e-06
-1.06283e-13
-1.10024e-11
8.26876e-10
3.3463e-06
-1.15432e-11
8.03917e-10
3.1171e-06
7.23282e-10
2.67763e-06
-1.15668e-13
-1.81878e-11
6.67625e-10
3.287e-06
-1.84358e-11
6.52317e-10
3.07943e-06
5.91723e-10
2.67856e-06
-1.26743e-13
-2.38131e-11
4.7837e-10
3.16804e-06
-2.35758e-11
4.71004e-10
2.9811e-06
4.33993e-10
2.61692e-06
-1.36079e-13
-2.75333e-11
2.96048e-10
2.99607e-06
-2.68067e-11
2.96038e-10
2.82879e-06
2.81027e-10
2.50011e-06
-1.40217e-13
-2.91139e-11
1.4884e-10
2.77232e-06
-2.81029e-11
1.53638e-10
2.62392e-06
1.52987e-10
2.3311e-06
-1.3901e-13
-2.82727e-11
4.68813e-11
2.48683e-06
-2.73369e-11
5.20232e-11
2.35723e-06
5.59482e-11
2.10305e-06
-1.30638e-13
-2.42637e-11
2.02011e-06
-2.37271e-11
1.91335e-06
1.70702e-06
-1.0929e-13
2.19569e-11
8.08885e-10
3.04941e-06
2.4127e-11
7.74199e-10
2.75376e-06
6.84463e-10
2.18604e-06
-9.63578e-14
7.7339e-12
9.04966e-10
3.24203e-06
8.08637e-12
8.71384e-10
2.96847e-06
7.74165e-10
2.44507e-06
-1.013e-13
-2.24962e-12
9.03468e-10
3.3357e-06
-2.73824e-12
8.74358e-10
3.08435e-06
7.81892e-10
2.60399e-06
-1.05343e-13
-1.07795e-11
8.11933e-10
3.3464e-06
-1.1327e-11
7.89368e-10
3.11719e-06
7.09912e-10
2.67769e-06
-1.14588e-13
-1.78404e-11
6.55097e-10
3.28718e-06
-1.80934e-11
6.4002e-10
3.07958e-06
5.8031e-10
2.67867e-06
-1.25415e-13
-2.3372e-11
4.68635e-10
3.16825e-06
-2.31372e-11
4.61357e-10
2.98128e-06
4.24961e-10
2.61705e-06
-1.3451e-13
-2.70323e-11
2.89137e-10
2.99628e-06
-2.63039e-11
2.89124e-10
2.82897e-06
2.74475e-10
2.50023e-06
-1.38607e-13
-2.85836e-11
1.44572e-10
2.77249e-06
-2.75682e-11
1.49325e-10
2.62406e-06
1.48847e-10
2.3312e-06
-1.37439e-13
-2.77494e-11
4.49602e-11
2.48695e-06
-2.68077e-11
5.00612e-11
2.35733e-06
5.40456e-11
2.10312e-06
-1.29154e-13
-2.37972e-11
2.02018e-06
-2.32537e-11
1.9134e-06
1.70705e-06
-1.0801e-13
2.15702e-11
7.94082e-10
3.04921e-06
2.36581e-11
7.60122e-10
2.75358e-06
6.71832e-10
2.18591e-06
-9.5445e-14
7.61834e-12
8.88691e-10
3.24193e-06
7.94971e-12
8.55784e-10
2.96837e-06
7.60103e-10
2.44499e-06
-1.00512e-13
-2.18588e-12
8.87393e-10
3.33571e-06
-2.6847e-12
8.58835e-10
3.08435e-06
7.67763e-10
2.60398e-06
-1.04758e-13
-1.05608e-11
7.97391e-10
3.3465e-06
-1.11141e-11
7.75215e-10
3.11727e-06
6.96907e-10
2.67775e-06
-1.1397e-13
-1.75003e-11
6.42927e-10
3.28735e-06
-1.7757e-11
6.28075e-10
3.07972e-06
5.69223e-10
2.67878e-06
-1.24678e-13
-2.29407e-11
4.59194e-10
3.16846e-06
-2.27068e-11
4.52003e-10
2.98146e-06
4.16191e-10
2.61718e-06
-1.33595e-13
-2.65426e-11
2.82443e-10
2.99648e-06
-2.58115e-11
2.82427e-10
2.82914e-06
2.68114e-10
2.50036e-06
-1.37445e-13
-2.80659e-11
1.4044e-10
2.77266e-06
-2.70453e-11
1.45148e-10
2.62419e-06
1.44825e-10
2.3313e-06
-1.36306e-13
-2.72391e-11
4.30992e-11
2.48708e-06
-2.62905e-11
4.81593e-11
2.35742e-06
5.21968e-11
2.10319e-06
-1.28097e-13
-2.33426e-11
2.02024e-06
-2.27912e-11
1.91345e-06
1.70708e-06
-1.07183e-13
2.11912e-11
7.7963e-10
3.04902e-06
2.31999e-11
7.46383e-10
2.75341e-06
6.59512e-10
2.18579e-06
-9.4103e-14
7.50539e-12
8.72814e-10
3.24183e-06
7.81665e-12
8.4057e-10
2.96828e-06
7.46396e-10
2.44491e-06
-9.92628e-14
-2.12265e-12
8.71726e-10
3.33571e-06
-2.63058e-12
8.43712e-10
3.08434e-06
7.54003e-10
2.60397e-06
-1.03637e-13
-1.03456e-11
7.83237e-10
3.3466e-06
-1.09039e-11
7.61444e-10
3.11736e-06
6.84256e-10
2.67781e-06
-1.12838e-13
-1.71663e-11
6.311e-10
3.28752e-06
-1.7426e-11
6.16469e-10
3.07987e-06
5.5845e-10
2.67889e-06
-1.23418e-13
-2.2518e-11
4.50035e-10
3.16866e-06
-2.22838e-11
4.4293e-10
2.98163e-06
4.07677e-10
2.61731e-06
-1.32173e-13
-2.60633e-11
2.75957e-10
2.99668e-06
-2.53286e-11
2.75937e-10
2.8293e-06
2.61941e-10
2.50048e-06
-1.35789e-13
-2.75596e-11
1.36439e-10
2.77283e-06
-2.6533e-11
1.41103e-10
2.62433e-06
1.40922e-10
2.33139e-06
-1.34678e-13
-2.67404e-11
4.1298e-11
2.4872e-06
-2.57839e-11
4.63172e-11
2.35752e-06
5.03997e-11
2.10325e-06
-1.26552e-13
-2.28989e-11
2.02031e-06
-2.23384e-11
1.9135e-06
1.70711e-06
-1.05847e-13
2.08201e-11
7.65519e-10
3.04882e-06
2.27526e-11
7.32973e-10
2.75324e-06
6.47494e-10
2.18566e-06
-9.27303e-14
7.39377e-12
8.57324e-10
3.24173e-06
7.68496e-12
8.25734e-10
2.96819e-06
7.33032e-10
2.44483e-06
-9.79702e-14
-2.05939e-12
8.56456e-10
3.33571e-06
-2.57605e-12
8.28978e-10
3.08434e-06
7.40599e-10
2.60396e-06
-1.02338e-13
-1.01341e-11
7.6946e-10
3.34669e-06
-1.06974e-11
7.48046e-10
3.11744e-06
6.71947e-10
2.67786e-06
-1.1144e-13
-1.68384e-11
6.19607e-10
3.28768e-06
-1.71011e-11
6.05198e-10
3.08001e-06
5.4798e-10
2.679e-06
-1.2198e-13
-2.21037e-11
4.41149e-10
3.16886e-06
-2.18697e-11
4.34129e-10
2.9818e-06
3.99412e-10
2.61744e-06
-1.30657e-13
-2.55943e-11
2.69674e-10
2.99688e-06
-2.48562e-11
2.69648e-10
2.82947e-06
2.55952e-10
2.50059e-06
-1.34307e-13
-2.70648e-11
1.32566e-10
2.773e-06
-2.60324e-11
1.37184e-10
2.62446e-06
1.37134e-10
2.33148e-06
-1.33251e-13
-2.62534e-11
3.95529e-11
2.48732e-06
-2.52894e-11
4.45314e-11
2.35761e-06
4.86542e-11
2.10331e-06
-1.25188e-13
-2.24659e-11
2.02037e-06
-2.18965e-11
1.91354e-06
1.70714e-06
-1.04659e-13
2.04566e-11
7.51741e-10
3.04863e-06
2.23157e-11
7.19882e-10
2.75307e-06
6.35767e-10
2.18554e-06
-9.11665e-14
7.28334e-12
8.42211e-10
3.24163e-06
7.55195e-12
8.11265e-10
2.96809e-06
7.19996e-10
2.44476e-06
-9.63739e-14
-1.99584e-12
8.4157e-10
3.33572e-06
-2.51947e-12
8.14624e-10
3.08434e-06
7.27539e-10
2.60395e-06
-1.00682e-13
-9.92554e-12
7.56049e-10
3.34679e-06
-1.04938e-11
7.35013e-10
3.11752e-06
6.59967e-10
2.67792e-06
-1.09647e-13
-1.65161e-11
6.08438e-10
3.28785e-06
-1.67817e-11
5.9425e-10
3.08015e-06
5.37804e-10
2.6791e-06
-1.20079e-13
-2.16971e-11
4.32528e-10
3.16906e-06
-2.14639e-11
4.25591e-10
2.98197e-06
3.91391e-10
2.61756e-06
-1.28698e-13
-2.51349e-11
2.63586e-10
2.99707e-06
-2.43936e-11
2.63554e-10
2.82963e-06
2.50143e-10
2.50071e-06
-1.32555e-13
-2.65807e-11
1.28815e-10
2.77316e-06
-2.55426e-11
1.33387e-10
2.62459e-06
1.33458e-10
2.33158e-06
-1.31534e-13
-2.57773e-11
3.78623e-11
2.48744e-06
-2.48058e-11
4.28004e-11
2.3577e-06
4.69576e-11
2.10338e-06
-1.23541e-13
-2.20428e-11
2.02043e-06
-2.14647e-11
1.91358e-06
1.70716e-06
-1.03176e-13
2.01009e-11
7.38287e-10
3.04845e-06
2.18865e-11
7.07104e-10
2.75291e-06
6.24323e-10
2.18542e-06
-8.97449e-14
7.17509e-12
8.27464e-10
3.24154e-06
7.42162e-12
7.97153e-10
2.968e-06
7.07283e-10
2.44468e-06
-9.4925e-14
-1.93308e-12
8.27059e-10
3.33572e-06
-2.46283e-12
8.00637e-10
3.08434e-06
7.14815e-10
2.60394e-06
-9.92014e-14
-9.7208e-12
7.42992e-10
3.34688e-06
-1.02936e-11
7.2233e-10
3.1176e-06
6.48309e-10
2.67798e-06
-1.08056e-13
-1.62001e-11
5.97584e-10
3.28801e-06
-1.64684e-11
5.83616e-10
3.08029e-06
5.27914e-10
2.6792e-06
-1.18419e-13
-2.12989e-11
4.24166e-10
3.16925e-06
-2.10667e-11
4.1731e-10
2.98213e-06
3.83604e-10
2.61769e-06
-1.27013e-13
-2.46855e-11
2.5769e-10
2.99726e-06
-2.39414e-11
2.57651e-10
2.82979e-06
2.44507e-10
2.50083e-06
-1.31111e-13
-2.61077e-11
1.25184e-10
2.77332e-06
-2.50644e-11
1.29711e-10
2.62472e-06
1.29891e-10
2.33167e-06
-1.30145e-13
-2.53125e-11
3.62229e-11
2.48755e-06
-2.43341e-11
4.11226e-11
2.35779e-06
4.53099e-11
2.10344e-06
-1.2224e-13
-2.16299e-11
2.02049e-06
-2.10438e-11
1.91362e-06
1.70719e-06
-1.02076e-13
1.97511e-11
7.25147e-10
3.04827e-06
2.1458e-11
6.9463e-10
2.75275e-06
6.1315e-10
2.1853e-06
-8.79925e-14
7.06974e-12
8.13069e-10
3.24144e-06
7.29736e-12
7.83384e-10
2.96792e-06
6.94883e-10
2.44461e-06
-9.31888e-14
-1.87096e-12
8.12908e-10
3.33572e-06
-2.40443e-12
7.87002e-10
3.08433e-06
7.02418e-10
2.60393e-06
-9.74713e-14
-9.51934e-12
7.30278e-10
3.34698e-06
-1.00953e-11
7.09983e-10
3.11768e-06
6.36966e-10
2.67803e-06
-1.06269e-13
-1.58896e-11
5.87032e-10
3.28817e-06
-1.61597e-11
5.7328e-10
3.08043e-06
5.18305e-10
2.67931e-06
-1.16524e-13
-2.09085e-11
4.16053e-10
3.16945e-06
-2.0676e-11
4.09279e-10
2.9823e-06
3.76045e-10
2.61781e-06
-1.25029e-13
-2.42454e-11
2.51977e-10
2.99745e-06
-2.34977e-11
2.51933e-10
2.82994e-06
2.39037e-10
2.50094e-06
-1.29147e-13
-2.56448e-11
1.21668e-10
2.77347e-06
-2.45959e-11
1.26152e-10
2.62484e-06
1.26428e-10
2.33175e-06
-1.28267e-13
-2.4858e-11
3.4636e-11
2.48766e-06
-2.38721e-11
3.94984e-11
2.35787e-06
4.37079e-11
2.10349e-06
-1.20511e-13
-2.12264e-11
2.02054e-06
-2.06313e-11
1.91366e-06
1.70721e-06
-1.00613e-13
1.94086e-11
7.12313e-10
3.04809e-06
2.104e-11
6.82449e-10
2.75259e-06
6.02247e-10
2.18518e-06
-8.62214e-14
6.96647e-12
7.9902e-10
3.24135e-06
7.17603e-12
7.69946e-10
2.96783e-06
6.82789e-10
2.44453e-06
-9.15442e-14
-1.80901e-12
7.99109e-10
3.33572e-06
-2.34585e-12
7.73709e-10
3.08433e-06
6.90339e-10
2.60393e-06
-9.59582e-14
-9.32146e-12
7.17896e-10
3.34707e-06
-9.89995e-12
6.97963e-10
3.11775e-06
6.2593e-10
2.67809e-06
-1.04762e-13
-1.55853e-11
5.76775e-10
3.28833e-06
-1.58564e-11
5.63235e-10
3.08057e-06
5.0897e-10
2.67941e-06
-1.14959e-13
-2.05264e-11
4.08181e-10
3.16964e-06
-2.02928e-11
4.0149e-10
2.98246e-06
3.68707e-10
2.61793e-06
-1.23338e-13
-2.38147e-11
2.46443e-10
2.99764e-06
-2.30635e-11
2.46395e-10
2.8301e-06
2.3373e-10
2.50105e-06
-1.27353e-13
-2.51925e-11
1.18265e-10
2.77363e-06
-2.41379e-11
1.22707e-10
2.62496e-06
1.23067e-10
2.33184e-06
-1.26628e-13
-2.44141e-11
3.3099e-11
2.48777e-06
-2.34205e-11
3.79242e-11
2.35796e-06
4.21511e-11
2.10355e-06
-1.19048e-13
-2.08327e-11
2.0206e-06
-2.02282e-11
1.9137e-06
1.70723e-06
-9.94671e-14
1.90742e-11
6.99774e-10
3.04791e-06
2.06319e-11
6.70553e-10
2.75243e-06
5.91605e-10
2.18507e-06
-8.42782e-14
6.86472e-12
7.85302e-10
3.24126e-06
7.05791e-12
7.56833e-10
2.96774e-06
6.70994e-10
2.44446e-06
-8.97337e-14
-1.74816e-12
7.85649e-10
3.33572e-06
-2.28741e-12
7.6075e-10
3.08433e-06
6.7857e-10
2.60392e-06
-9.42644e-14
-9.12701e-12
7.05836e-10
3.34715e-06
-9.70743e-12
6.86262e-10
3.11783e-06
6.1519e-10
2.67814e-06
-1.03105e-13
-1.52864e-11
5.66804e-10
3.28848e-06
-1.55583e-11
5.53473e-10
3.0807e-06
4.999e-10
2.67951e-06
-1.1322e-13
-2.01516e-11
4.00544e-10
3.16982e-06
-1.99168e-11
3.93936e-10
2.98262e-06
3.61585e-10
2.61805e-06
-1.21469e-13
-2.33929e-11
2.41082e-10
2.99782e-06
-2.26381e-11
2.41032e-10
2.83025e-06
2.28583e-10
2.50116e-06
-1.25356e-13
-2.47498e-11
1.1497e-10
2.77378e-06
-2.36897e-11
1.1937e-10
2.62508e-06
1.19806e-10
2.33193e-06
-1.24785e-13
-2.39802e-11
3.16104e-11
2.48788e-06
-2.29788e-11
3.63982e-11
2.35804e-06
4.06377e-11
2.10361e-06
-1.17384e-13
-2.04481e-11
2.02065e-06
-1.98339e-11
1.91373e-06
1.70725e-06
-9.81152e-14
1.87457e-11
6.87526e-10
3.04773e-06
2.02324e-11
6.58935e-10
2.75228e-06
5.81217e-10
2.18496e-06
-8.24649e-14
6.76544e-12
7.7191e-10
3.24117e-06
6.94233e-12
7.44035e-10
2.96766e-06
6.59486e-10
2.44439e-06
-8.79713e-14
-1.6883e-12
7.7252e-10
3.33573e-06
-2.22999e-12
7.48115e-10
3.08432e-06
6.67099e-10
2.60391e-06
-9.26143e-14
-8.93612e-12
6.94091e-10
3.34724e-06
-9.51868e-12
6.74871e-10
3.1179e-06
6.04736e-10
2.6782e-06
-1.01494e-13
-1.49934e-11
5.57111e-10
3.28863e-06
-1.52664e-11
5.4399e-10
3.08083e-06
4.91084e-10
2.67961e-06
-1.11605e-13
-1.97845e-11
3.93135e-10
3.17001e-06
-1.95491e-11
3.86611e-10
2.98278e-06
3.54673e-10
2.61816e-06
-1.1983e-13
-2.29801e-11
2.35891e-10
2.998e-06
-2.22226e-11
2.35838e-10
2.8304e-06
2.2359e-10
2.50127e-06
-1.23749e-13
-2.43171e-11
1.11782e-10
2.77392e-06
-2.32524e-11
1.1614e-10
2.6252e-06
1.16643e-10
2.33201e-06
-1.23312e-13
-2.35563e-11
3.01675e-11
2.48798e-06
-2.25482e-11
3.49181e-11
2.35812e-06
3.91686e-11
2.10366e-06
-1.1605e-13
-2.00727e-11
2.0207e-06
-1.94497e-11
1.91377e-06
1.70727e-06
-9.7047e-14
1.84238e-11
6.75558e-10
3.04756e-06
1.98419e-11
6.47587e-10
2.75213e-06
5.71074e-10
2.18485e-06
-8.03707e-14
6.66834e-12
7.58831e-10
3.24108e-06
6.82959e-12
7.31541e-10
2.96757e-06
6.48258e-10
2.44432e-06
-8.58088e-14
-1.62913e-12
7.59711e-10
3.33573e-06
-2.17315e-12
7.35794e-10
3.08432e-06
6.55916e-10
2.6039e-06
-9.04496e-14
-8.74831e-12
6.82647e-10
3.34733e-06
-9.33314e-12
6.63781e-10
3.11797e-06
5.94558e-10
2.67825e-06
-9.93301e-14
-1.47055e-11
5.47684e-10
3.28878e-06
-1.498e-11
5.34775e-10
3.08096e-06
4.82514e-10
2.6797e-06
-1.09429e-13
-1.94242e-11
3.85945e-10
3.17019e-06
-1.91888e-11
3.79505e-10
2.98293e-06
3.47966e-10
2.61828e-06
-1.17714e-13
-2.25755e-11
2.30861e-10
2.99818e-06
-2.18158e-11
2.30805e-10
2.83055e-06
2.18751e-10
2.50138e-06
-1.21792e-13
-2.38934e-11
1.08695e-10
2.77407e-06
-2.28246e-11
1.13011e-10
2.62532e-06
1.13576e-10
2.33209e-06
-1.21416e-13
-2.31416e-11
2.87705e-11
2.48809e-06
-2.21273e-11
3.34839e-11
2.3582e-06
3.77421e-11
2.10372e-06
-1.14266e-13
-1.97056e-11
2.02075e-06
-1.90742e-11
1.9138e-06
1.70729e-06
-9.54723e-14
1.81082e-11
6.63865e-10
3.04739e-06
1.94598e-11
6.36501e-10
2.75198e-06
5.61171e-10
2.18474e-06
-7.84312e-14
6.57303e-12
7.46059e-10
3.24099e-06
6.71924e-12
7.19345e-10
2.96749e-06
6.37301e-10
2.44425e-06
-8.37387e-14
-1.571e-12
7.47213e-10
3.33573e-06
-2.11729e-12
7.23779e-10
3.08431e-06
6.45014e-10
2.60389e-06
-8.83701e-14
-8.56389e-12
6.71497e-10
3.34741e-06
-9.15114e-12
6.52983e-10
3.11804e-06
5.8465e-10
2.6783e-06
-9.72302e-14
-1.4423e-11
5.38519e-10
3.28893e-06
-1.46994e-11
5.25821e-10
3.08109e-06
4.74184e-10
2.6798e-06
-1.07371e-13
-1.90709e-11
3.78969e-10
3.17037e-06
-1.88362e-11
3.72611e-10
2.98308e-06
3.41459e-10
2.61839e-06
-1.15788e-13
-2.21793e-11
2.25989e-10
2.99835e-06
-2.1418e-11
2.25929e-10
2.83069e-06
2.14059e-10
2.50149e-06
-1.20133e-13
-2.34788e-11
1.05707e-10
2.77421e-06
-2.24068e-11
1.09981e-10
2.62543e-06
1.10602e-10
2.33217e-06
-1.19775e-13
-2.27362e-11
2.74167e-11
2.48819e-06
-2.17166e-11
3.20932e-11
2.35827e-06
3.63574e-11
2.10377e-06
-1.12707e-13
-1.93469e-11
2.0208e-06
-1.87082e-11
1.91383e-06
1.70731e-06
-9.4107e-14
1.77988e-11
6.52438e-10
3.04723e-06
1.90864e-11
6.25669e-10
2.75184e-06
5.51502e-10
2.18463e-06
-7.65652e-14
6.47962e-12
7.33585e-10
3.2409e-06
6.61185e-12
7.07436e-10
2.96741e-06
6.2661e-10
2.44418e-06
-8.17871e-14
-1.51375e-12
7.35018e-10
3.33573e-06
-2.06168e-12
7.12058e-10
3.08431e-06
6.34388e-10
2.60388e-06
-8.63874e-14
-8.38261e-12
6.60633e-10
3.3475e-06
-8.97175e-12
6.42466e-10
3.11811e-06
5.75006e-10
2.67835e-06
-9.52196e-14
-1.41455e-11
5.29606e-10
3.28907e-06
-1.44234e-11
5.17118e-10
3.08121e-06
4.66092e-10
2.67989e-06
-1.05334e-13
-1.87241e-11
3.722e-10
3.17054e-06
-1.84901e-11
3.65926e-10
2.98323e-06
3.35146e-10
2.61851e-06
-1.13807e-13
-2.17906e-11
2.21271e-10
2.99853e-06
-2.10279e-11
2.21209e-10
2.83084e-06
2.09511e-10
2.50159e-06
-1.183e-13
-2.30725e-11
1.02815e-10
2.77436e-06
-2.19976e-11
1.07048e-10
2.62555e-06
1.07718e-10
2.33225e-06
-1.17949e-13
-2.23391e-11
2.61049e-11
2.48829e-06
-2.13145e-11
3.07458e-11
2.35835e-06
3.50115e-11
2.10382e-06
-1.10984e-13
-1.89959e-11
2.02084e-06
-1.835e-11
1.91386e-06
1.70733e-06
-9.26084e-14
1.74952e-11
6.41271e-10
3.04706e-06
1.87211e-11
6.15085e-10
2.75169e-06
5.42059e-10
2.18452e-06
-7.50669e-14
6.38767e-12
7.214e-10
3.24081e-06
6.50714e-12
6.95805e-10
2.96733e-06
6.16176e-10
2.44412e-06
-8.02984e-14
-1.4579e-12
7.23116e-10
3.33573e-06
-2.00684e-12
7.00623e-10
3.08431e-06
6.24029e-10
2.60387e-06
-8.49566e-14
-8.205e-12
6.50048e-10
3.34758e-06
-8.79543e-12
6.32221e-10
3.11818e-06
5.6562e-10
2.6784e-06
-9.37647e-14
-1.38734e-11
5.20939e-10
3.28922e-06
-1.41526e-11
5.08656e-10
3.08134e-06
4.58231e-10
2.67999e-06
-1.0383e-13
-1.83842e-11
3.65633e-10
3.17072e-06
-1.81509e-11
3.59443e-10
2.98338e-06
3.2902e-10
2.61862e-06
-1.12237e-13
-2.14099e-11
2.16702e-10
2.9987e-06
-2.06461e-11
2.1664e-10
2.83098e-06
2.051e-10
2.50169e-06
-1.16736e-13
-2.26749e-11
1.00016e-10
2.7745e-06
-2.15975e-11
1.04211e-10
2.62566e-06
1.04921e-10
2.33233e-06
-1.16461e-13
-2.19508e-11
2.48326e-11
2.48838e-06
-2.09217e-11
2.94403e-11
2.35842e-06
3.37047e-11
2.10387e-06
-1.09631e-13
-1.86528e-11
2.02088e-06
-1.80002e-11
1.91389e-06
1.70734e-06
-9.15389e-14
1.71972e-11
6.30355e-10
3.0469e-06
1.83674e-11
6.0474e-10
2.75155e-06
5.3284e-10
2.18442e-06
-7.34821e-14
6.29713e-12
7.09495e-10
3.24073e-06
6.40506e-12
6.84443e-10
2.96725e-06
6.05995e-10
2.44405e-06
-7.87805e-14
-1.40308e-12
7.11498e-10
3.33573e-06
-1.95274e-12
6.89463e-10
3.0843e-06
6.1393e-10
2.60386e-06
-8.34921e-14
-8.03058e-12
6.39729e-10
3.34766e-06
-8.62188e-12
6.22238e-10
3.11825e-06
5.56485e-10
2.67845e-06
-9.22593e-14
-1.36061e-11
5.12508e-10
3.28936e-06
-1.38863e-11
5.00428e-10
3.08146e-06
4.50593e-10
2.68008e-06
-1.02173e-13
-1.80505e-11
3.59261e-10
3.17089e-06
-1.78177e-11
3.53155e-10
2.98353e-06
3.23077e-10
2.61873e-06
-1.10368e-13
-2.10362e-11
2.12277e-10
2.99887e-06
-2.02714e-11
2.12216e-10
2.83112e-06
2.00825e-10
2.5018e-06
-1.14714e-13
-2.2285e-11
9.7307e-11
2.77463e-06
-2.12052e-11
1.01466e-10
2.62577e-06
1.02209e-10
2.33241e-06
-1.14565e-13
-2.15704e-11
2.3601e-11
2.48848e-06
-2.05367e-11
2.81761e-11
2.3585e-06
3.24352e-11
2.10392e-06
-1.07906e-13
-1.83169e-11
2.02093e-06
-1.76574e-11
1.91392e-06
1.70736e-06
-9.01209e-14
1.69057e-11
6.19685e-10
3.04674e-06
1.80298e-11
5.94626e-10
2.75141e-06
5.23839e-10
2.18432e-06
-7.20803e-14
6.20801e-12
6.97863e-10
3.24064e-06
6.30364e-12
6.73343e-10
2.96717e-06
5.96059e-10
2.44398e-06
-7.74557e-14
-1.34954e-12
7.00157e-10
3.33573e-06
-1.9004e-12
6.78572e-10
3.0843e-06
6.04083e-10
2.60385e-06
-8.22407e-14
-7.85956e-12
6.29671e-10
3.34773e-06
-8.45173e-12
6.12511e-10
3.11832e-06
5.4759e-10
2.6785e-06
-9.09628e-14
-1.33438e-11
5.04308e-10
3.2895e-06
-1.36251e-11
4.92429e-10
3.08158e-06
4.43172e-10
2.68017e-06
-1.00771e-13
-1.77231e-11
3.53078e-10
3.17106e-06
-1.74911e-11
3.47058e-10
2.98368e-06
3.17311e-10
2.61884e-06
-1.08755e-13
-2.06698e-11
2.07992e-10
2.99903e-06
-1.99046e-11
2.07933e-10
2.83126e-06
1.96682e-10
2.5019e-06
-1.12969e-13
-2.1903e-11
9.46864e-11
2.77477e-06
-2.08215e-11
9.88089e-11
2.62588e-06
9.95801e-11
2.33249e-06
-1.12953e-13
-2.1198e-11
2.2408e-11
2.48857e-06
-2.01604e-11
2.69503e-11
2.35857e-06
3.12029e-11
2.10397e-06
-1.06438e-13
-1.79885e-11
2.02097e-06
-1.73225e-11
1.91395e-06
1.70737e-06
-8.89423e-14
1.66198e-11
6.09255e-10
3.04659e-06
1.76996e-11
5.8474e-10
2.75127e-06
5.15046e-10
2.18421e-06
-7.06989e-14
6.12041e-12
6.86498e-10
3.24056e-06
6.20464e-12
6.62499e-10
2.96709e-06
5.86357e-10
2.44392e-06
-7.61124e-14
-1.29694e-12
6.89085e-10
3.33572e-06
-1.84876e-12
6.67944e-10
3.08429e-06
5.94479e-10
2.60384e-06
-8.08937e-14
-7.69151e-12
6.19867e-10
3.34781e-06
-8.28448e-12
6.03035e-10
3.11838e-06
5.38929e-10
2.67854e-06
-8.95617e-14
-1.3086e-11
4.96332e-10
3.28963e-06
-1.33685e-11
4.84654e-10
3.0817e-06
4.35959e-10
2.68026e-06
-9.92587e-14
-1.74014e-11
3.47078e-10
3.17122e-06
-1.71705e-11
3.41145e-10
2.98382e-06
3.11718e-10
2.61894e-06
-1.07087e-13
-2.03099e-11
2.03844e-10
2.99919e-06
-1.95448e-11
2.03788e-10
2.83139e-06
1.92667e-10
2.502e-06
-1.11205e-13
-2.15281e-11
9.21513e-11
2.7749e-06
-2.04454e-11
9.62376e-11
2.62598e-06
9.70322e-11
2.33256e-06
-1.11255e-13
-2.0833e-11
2.12527e-11
2.48866e-06
-1.97917e-11
2.57619e-11
2.35864e-06
3.00056e-11
2.10402e-06
-1.04842e-13
-1.76667e-11
2.021e-06
-1.69945e-11
1.91397e-06
1.70738e-06
-8.75784e-14
1.63393e-11
5.99058e-10
3.04643e-06
1.73762e-11
5.75079e-10
2.75114e-06
5.06456e-10
2.18411e-06
-6.96062e-14
6.03407e-12
6.75392e-10
3.24048e-06
6.10746e-12
6.51907e-10
2.96701e-06
5.76884e-10
2.44385e-06
-7.49969e-14
-1.24567e-12
6.78275e-10
3.33572e-06
-1.79877e-12
6.57574e-10
3.08429e-06
5.8511e-10
2.60383e-06
-7.97739e-14
-7.52678e-12
6.1031e-10
3.34789e-06
-8.12078e-12
5.93805e-10
3.11845e-06
5.30492e-10
2.67859e-06
-8.83511e-14
-1.28331e-11
4.88574e-10
3.28977e-06
-1.31173e-11
4.77098e-10
3.08181e-06
4.28946e-10
2.68035e-06
-9.80066e-14
-1.70858e-11
3.41259e-10
3.17139e-06
-1.68567e-11
3.35412e-10
2.98396e-06
3.06292e-10
2.61905e-06
-1.05798e-13
-1.9957e-11
1.99828e-10
2.99936e-06
-1.9193e-11
1.99776e-10
2.83153e-06
1.88777e-10
2.50209e-06
-1.09939e-13
-2.11608e-11
8.96994e-11
2.77503e-06
-2.00779e-11
9.37495e-11
2.62609e-06
9.45632e-11
2.33264e-06
-1.09992e-13
-2.04754e-11
2.01329e-11
2.48875e-06
-1.94319e-11
2.4609e-11
2.3587e-06
2.88441e-11
2.10406e-06
-1.03623e-13
-1.73519e-11
2.02104e-06
-1.66746e-11
1.91399e-06
1.7074e-06
-8.65346e-14
1.60644e-11
5.89089e-10
3.04628e-06
1.70603e-11
5.65634e-10
2.751e-06
4.98062e-10
2.18402e-06
-6.83932e-14
5.94936e-12
6.64538e-10
3.2404e-06
6.01293e-12
6.41557e-10
2.96694e-06
5.67633e-10
2.44379e-06
-7.36758e-14
-1.19536e-12
6.67719e-10
3.33572e-06
-1.75058e-12
6.47452e-10
3.08428e-06
5.75967e-10
2.60382e-06
-7.83605e-14
-7.3648e-12
6.00991e-10
3.34796e-06
-7.9597e-12
5.84812e-10
3.11851e-06
5.22273e-10
2.67864e-06
-8.68318e-14
-1.25843e-11
4.81026e-10
3.2899e-06
-1.28705e-11
4.69754e-10
3.08193e-06
4.22128e-10
2.68044e-06
-9.64141e-14
-1.67754e-11
3.35611e-10
3.17155e-06
-1.65489e-11
3.29852e-10
2.9841e-06
3.01029e-10
2.61915e-06
-1.04245e-13
-1.96102e-11
1.9594e-10
2.99952e-06
-1.88477e-11
1.95891e-10
2.83166e-06
1.85009e-10
2.50219e-06
-1.08453e-13
-2.08e-11
8.73278e-11
2.77516e-06
-1.97177e-11
9.13422e-11
2.62619e-06
9.21712e-11
2.33271e-06
-1.08421e-13
-2.01245e-11
1.90493e-11
2.48884e-06
-1.90793e-11
2.34924e-11
2.35877e-06
2.77165e-11
2.10411e-06
-1.02066e-13
-1.7043e-11
2.02108e-06
-1.63614e-11
1.91402e-06
1.70741e-06
-8.51025e-14
1.57949e-11
5.79341e-10
3.04613e-06
1.67516e-11
5.564e-10
2.75087e-06
4.8986e-10
2.18392e-06
-6.7418e-14
5.86608e-12
6.53928e-10
3.24031e-06
5.92067e-12
6.31444e-10
2.96686e-06
5.58597e-10
2.44373e-06
-7.25599e-14
-1.14617e-12
6.57411e-10
3.33572e-06
-1.7029e-12
6.37572e-10
3.08428e-06
5.67047e-10
2.60381e-06
-7.71633e-14
-7.20586e-12
5.91904e-10
3.34803e-06
-7.80146e-12
5.76049e-10
3.11857e-06
5.14266e-10
2.67868e-06
-8.55192e-14
-1.23401e-11
4.73684e-10
3.29003e-06
-1.26284e-11
4.62615e-10
3.08204e-06
4.15501e-10
2.68052e-06
-9.50547e-14
-1.64705e-11
3.30132e-10
3.17171e-06
-1.6247e-11
3.24461e-10
2.98424e-06
2.95925e-10
2.61926e-06
-1.02955e-13
-1.92697e-11
1.92177e-10
2.99967e-06
-1.85095e-11
1.92133e-10
2.83179e-06
1.81359e-10
2.50229e-06
-1.07266e-13
-2.0446e-11
8.50344e-11
2.77529e-06
-1.93652e-11
8.90138e-11
2.62629e-06
8.98537e-11
2.33278e-06
-1.07118e-13
-1.97805e-11
1.79996e-11
2.48893e-06
-1.87345e-11
2.24102e-11
2.35884e-06
2.66221e-11
2.10415e-06
-1.00756e-13
-1.67405e-11
2.02111e-06
-1.60552e-11
1.91404e-06
1.70742e-06
-8.39111e-14
1.55308e-11
5.6981e-10
3.04599e-06
1.64503e-11
5.47372e-10
2.75074e-06
4.81846e-10
2.18382e-06
-6.65967e-14
5.78409e-12
6.43558e-10
3.24024e-06
5.83138e-12
6.2156e-10
2.96679e-06
5.49774e-10
2.44366e-06
-7.16364e-14
-1.09801e-12
6.47343e-10
3.33572e-06
-1.65512e-12
6.27924e-10
3.08427e-06
5.58347e-10
2.6038e-06
-7.61238e-14
-7.04964e-12
5.83043e-10
3.34811e-06
-7.6453e-12
5.67506e-10
3.11863e-06
5.0647e-10
2.67872e-06
-8.43396e-14
-1.20999e-11
4.66541e-10
3.29016e-06
-1.239e-11
4.55673e-10
3.08215e-06
4.09063e-10
2.68061e-06
-9.37458e-14
-1.61709e-11
3.24817e-10
3.17187e-06
-1.59503e-11
3.19235e-10
2.98437e-06
2.90977e-10
2.61936e-06
-1.01613e-13
-1.89351e-11
1.88536e-10
2.99983e-06
-1.81776e-11
1.88498e-10
2.83192e-06
1.77825e-10
2.50238e-06
-1.05907e-13
-2.00984e-11
8.28174e-11
2.77542e-06
-1.90195e-11
8.67632e-11
2.62639e-06
8.76085e-11
2.33285e-06
-1.05647e-13
-1.94428e-11
1.69834e-11
2.48902e-06
-1.83964e-11
2.13623e-11
2.3589e-06
2.55585e-11
2.1042e-06
-9.92944e-14
-1.64436e-11
2.02115e-06
-1.5755e-11
1.91406e-06
1.70743e-06
-8.25922e-14
1.52725e-11
5.60488e-10
3.04584e-06
1.61561e-11
5.38544e-10
2.75062e-06
4.74014e-10
2.18373e-06
-6.61411e-14
5.7012e-12
6.33422e-10
3.24016e-06
5.74438e-12
6.11897e-10
2.96671e-06
5.41156e-10
2.4436e-06
-7.11203e-14
-1.05073e-12
6.3751e-10
3.33571e-06
-1.60764e-12
6.18502e-10
3.08426e-06
5.49858e-10
2.60379e-06
-7.55516e-14
-6.89633e-12
5.74404e-10
3.34818e-06
-7.49172e-12
5.59178e-10
3.11869e-06
4.98878e-10
2.67877e-06
-8.36134e-14
-1.18642e-11
4.59593e-10
3.29029e-06
-1.2156e-11
4.48922e-10
3.08227e-06
4.02808e-10
2.68069e-06
-9.28695e-14
-1.58767e-11
3.19663e-10
3.17202e-06
-1.56594e-11
3.14169e-10
2.98451e-06
2.86178e-10
2.61946e-06
-1.00581e-13
-1.86065e-11
1.85014e-10
2.99998e-06
-1.78527e-11
1.84984e-10
2.83205e-06
1.74401e-10
2.50248e-06
-1.0477e-13
-1.97573e-11
8.06749e-11
2.77554e-06
-1.86814e-11
8.45889e-11
2.62649e-06
8.54331e-11
2.33292e-06
-1.04463e-13
-1.91118e-11
1.59984e-11
2.4891e-06
-1.8066e-11
2.03473e-11
2.35896e-06
2.45264e-11
2.10424e-06
-9.81425e-14
-1.61529e-11
2.02118e-06
-1.54617e-11
1.91408e-06
1.70744e-06
-8.16222e-14
1.50196e-11
5.51371e-10
3.0457e-06
1.58694e-11
5.29911e-10
2.75049e-06
4.6636e-10
2.18363e-06
-6.55961e-14
5.62005e-12
6.23511e-10
3.24008e-06
5.66042e-12
6.02452e-10
2.96664e-06
5.32738e-10
2.44354e-06
-7.05506e-14
-1.00427e-12
6.27904e-10
3.33571e-06
-1.56e-12
6.093e-10
3.08426e-06
5.41575e-10
2.60378e-06
-7.49036e-14
-6.74564e-12
5.65976e-10
3.34824e-06
-7.34014e-12
5.51058e-10
3.11875e-06
4.91484e-10
2.67881e-06
-8.27878e-14
-1.16323e-11
4.52831e-10
3.29041e-06
-1.19257e-11
4.42357e-10
3.08237e-06
3.96731e-10
2.68077e-06
-9.18093e-14
-1.55874e-11
3.14662e-10
3.17218e-06
-1.53737e-11
3.09259e-10
2.98464e-06
2.81525e-10
2.61956e-06
-9.9233e-14
-1.82835e-11
1.81606e-10
3.00013e-06
-1.75339e-11
1.81586e-10
2.83218e-06
1.71085e-10
2.50257e-06
-1.03192e-13
-1.94221e-11
7.86043e-11
2.77566e-06
-1.83499e-11
8.24885e-11
2.62659e-06
8.3326e-11
2.33299e-06
-1.02889e-13
-1.87867e-11
1.50457e-11
2.48918e-06
-1.77422e-11
1.93659e-11
2.35903e-06
2.3524e-11
2.10428e-06
-9.66335e-14
-1.58675e-11
2.02121e-06
-1.5174e-11
1.9141e-06
1.70744e-06
-8.03159e-14
1.47719e-11
5.42455e-10
3.04556e-06
1.55897e-11
5.21469e-10
2.75037e-06
4.58878e-10
2.18354e-06
-6.5159e-14
5.54043e-12
6.13821e-10
3.24e-06
5.57894e-12
5.93218e-10
2.96657e-06
5.24514e-10
2.44348e-06
-7.00971e-14
-9.58818e-13
6.18519e-10
3.3357e-06
-1.51267e-12
6.00313e-10
3.08425e-06
5.33491e-10
2.60377e-06
-7.44175e-14
-6.59778e-12
5.57756e-10
3.34831e-06
-7.19115e-12
5.43142e-10
3.11881e-06
4.84281e-10
2.67885e-06
-8.21351e-14
-1.14046e-11
4.46253e-10
3.29053e-06
-1.16998e-11
4.35974e-10
3.08248e-06
3.90825e-10
2.68086e-06
-9.09581e-14
-1.53031e-11
3.09812e-10
3.17233e-06
-1.50937e-11
3.04501e-10
2.98477e-06
2.77013e-10
2.61966e-06
-9.8077e-14
-1.79663e-11
1.78311e-10
3.00028e-06
-1.72221e-11
1.78302e-10
2.8323e-06
1.67875e-10
2.50266e-06
-1.01823e-13
-1.90931e-11
7.66043e-11
2.77578e-06
-1.80261e-11
8.04597e-11
2.62669e-06
8.12856e-11
2.33306e-06
-1.01552e-13
-1.84678e-11
1.41236e-11
2.48926e-06
-1.74259e-11
1.84157e-11
2.35909e-06
2.25514e-11
2.10432e-06
-9.5355e-14
-1.55877e-11
2.02124e-06
-1.4893e-11
1.91412e-06
1.70745e-06
-7.924e-14
1.45294e-11
5.33734e-10
3.04542e-06
1.53169e-11
5.13212e-10
2.75024e-06
4.51566e-10
2.18345e-06
-6.46364e-14
5.46251e-12
6.04347e-10
3.23993e-06
5.50004e-12
5.84191e-10
2.9665e-06
5.16479e-10
2.44342e-06
-6.95584e-14
-9.14093e-13
6.09351e-10
3.3357e-06
-1.46551e-12
5.91536e-10
3.08424e-06
5.25603e-10
2.60376e-06
-7.38077e-14
-6.45243e-12
5.49738e-10
3.34838e-06
-7.04451e-12
5.35426e-10
3.11887e-06
4.77264e-10
2.67889e-06
-8.1372e-14
-1.11807e-11
4.39854e-10
3.29066e-06
-1.14781e-11
4.2977e-10
3.08259e-06
3.85086e-10
2.68094e-06
-8.99838e-14
-1.50236e-11
3.05109e-10
3.17248e-06
-1.48193e-11
2.99892e-10
2.9849e-06
2.7264e-10
2.61976e-06
-9.68344e-14
-1.76543e-11
1.75125e-10
3.00043e-06
-1.69169e-11
1.75129e-10
2.83243e-06
1.64769e-10
2.50275e-06
-1.00382e-13
-1.87699e-11
7.46737e-11
2.7759e-06
-1.77093e-11
7.85006e-11
2.62678e-06
7.93107e-11
2.33313e-06
-1.00112e-13
-1.81547e-11
1.32321e-11
2.48934e-06
-1.71166e-11
1.74956e-11
2.35915e-06
2.16066e-11
2.10436e-06
-9.39563e-14
-1.53131e-11
2.02127e-06
-1.46182e-11
1.91413e-06
1.70746e-06
-7.80137e-14
1.42919e-11
5.25203e-10
3.04528e-06
1.50504e-11
5.05137e-10
2.75012e-06
4.44416e-10
2.18336e-06
-6.42189e-14
5.38596e-12
5.95082e-10
3.23985e-06
5.42308e-12
5.75367e-10
2.96643e-06
5.08628e-10
2.44336e-06
-6.90951e-14
-8.70447e-13
6.00393e-10
3.3357e-06
-1.41913e-12
5.82965e-10
3.08424e-06
5.17901e-10
2.60374e-06
-7.32942e-14
-6.30995e-12
5.41917e-10
3.34844e-06
-6.90093e-12
5.27906e-10
3.11892e-06
4.70426e-10
2.67894e-06
-8.07221e-14
-1.0961e-11
4.33629e-10
3.29077e-06
-1.12612e-11
4.23741e-10
3.08269e-06
3.79507e-10
2.68102e-06
-8.91919e-14
-1.47492e-11
3.00551e-10
3.17263e-06
-1.45513e-11
2.95428e-10
2.98503e-06
2.684e-10
2.61985e-06
-9.58741e-14
-1.73482e-11
1.72048e-10
3.00058e-06
-1.66191e-11
1.72065e-10
2.83255e-06
1.61763e-10
2.50284e-06
-9.93245e-14
-1.84529e-11
7.28112e-11
2.77602e-06
-1.74006e-11
7.66095e-11
2.62688e-06
7.73993e-11
2.3332e-06
-9.90419e-14
-1.78478e-11
1.23698e-11
2.48942e-06
-1.68154e-11
1.66043e-11
2.35921e-06
2.06906e-11
2.1044e-06
-9.29058e-14
-1.50442e-11
2.0213e-06
-1.43506e-11
1.91415e-06
1.70747e-06
-7.7105e-14
1.40595e-11
5.16859e-10
3.04515e-06
1.47905e-11
4.97238e-10
2.75e-06
4.37427e-10
2.18327e-06
-6.35099e-14
5.31109e-12
5.8602e-10
3.23978e-06
5.34858e-12
5.66739e-10
2.96636e-06
5.00954e-10
2.44331e-06
-6.83025e-14
-8.27454e-13
5.91639e-10
3.33569e-06
-1.37298e-12
5.74594e-10
3.08423e-06
5.10382e-10
2.60373e-06
-7.23905e-14
-6.16985e-12
5.34287e-10
3.34851e-06
-6.75976e-12
5.20575e-10
3.11898e-06
4.63762e-10
2.67898e-06
-7.96773e-14
-1.07449e-11
4.27572e-10
3.29089e-06
-1.10484e-11
4.17882e-10
3.0828e-06
3.74084e-10
2.6811e-06
-8.79976e-14
-1.44794e-11
2.96131e-10
3.17277e-06
-1.42888e-11
2.91105e-10
2.98516e-06
2.64291e-10
2.61995e-06
-9.45924e-14
-1.70473e-11
1.69074e-10
3.00072e-06
-1.63278e-11
1.69106e-10
2.83267e-06
1.58856e-10
2.50293e-06
-9.79944e-14
-1.81414e-11
7.10148e-11
2.77614e-06
-1.70988e-11
7.47846e-11
2.62697e-06
7.55502e-11
2.33326e-06
-9.76638e-14
-1.75464e-11
1.15376e-11
2.4895e-06
-1.65211e-11
1.57426e-11
2.35926e-06
1.98018e-11
2.10444e-06
-9.15468e-14
-1.47801e-11
2.02132e-06
-1.40892e-11
1.91416e-06
1.70747e-06
-7.58596e-14
1.38319e-11
5.08695e-10
3.04502e-06
1.45368e-11
4.89512e-10
2.74989e-06
4.30592e-10
2.18319e-06
-6.28149e-14
5.23769e-12
5.77158e-10
3.2397e-06
5.27615e-12
5.58304e-10
2.96629e-06
4.93455e-10
2.44325e-06
-6.74808e-14
-7.85295e-13
5.83084e-10
3.33569e-06
-1.3274e-12
5.66418e-10
3.08422e-06
5.03041e-10
2.60372e-06
-7.14742e-14
-6.03232e-12
5.26845e-10
3.34857e-06
-6.62135e-12
5.1343e-10
3.11903e-06
4.57268e-10
2.67901e-06
-7.86349e-14
-1.05326e-11
4.21681e-10
3.29101e-06
-1.08402e-11
4.12189e-10
3.0829e-06
3.68813e-10
2.68117e-06
-8.68748e-14
-1.42143e-11
2.91849e-10
3.17292e-06
-1.40322e-11
2.86918e-10
2.98528e-06
2.6031e-10
2.62004e-06
-9.34927e-14
-1.67519e-11
1.66203e-10
3.00086e-06
-1.60433e-11
1.66249e-10
2.83279e-06
1.56044e-10
2.50302e-06
-9.69505e-14
-1.78358e-11
6.92835e-11
2.77625e-06
-1.68046e-11
7.30244e-11
2.62706e-06
7.37622e-11
2.33333e-06
-9.65468e-14
-1.72508e-11
1.07337e-11
2.48957e-06
-1.62345e-11
1.49089e-11
2.35932e-06
1.89403e-11
2.10448e-06
-9.04371e-14
-1.45213e-11
2.02135e-06
-1.38347e-11
1.91418e-06
1.70748e-06
-7.48578e-14
1.36092e-11
5.00709e-10
3.04488e-06
1.42897e-11
4.81954e-10
2.74977e-06
4.23911e-10
2.1831e-06
-6.2051e-14
5.16588e-12
5.6849e-10
3.23963e-06
5.20619e-12
5.50055e-10
2.96622e-06
4.86126e-10
2.44319e-06
-6.65784e-14
-7.43805e-13
5.74724e-10
3.33568e-06
-1.28194e-12
5.5843e-10
3.08422e-06
4.95875e-10
2.60371e-06
-7.0443e-14
-5.89712e-12
5.19584e-10
3.34863e-06
-6.48512e-12
5.06464e-10
3.11908e-06
4.50941e-10
2.67905e-06
-7.74807e-14
-1.0324e-11
4.1595e-10
3.29112e-06
-1.06359e-11
4.06656e-10
3.083e-06
3.63692e-10
2.68125e-06
-8.56136e-14
-1.39538e-11
2.87699e-10
3.17306e-06
-1.37809e-11
2.82865e-10
2.98541e-06
2.56456e-10
2.62014e-06
-9.22771e-14
-1.64616e-11
1.63433e-10
3.001e-06
-1.57649e-11
1.63493e-10
2.83291e-06
1.53328e-10
2.50311e-06
-9.57854e-14
-1.75356e-11
6.76158e-11
2.77636e-06
-1.65171e-11
7.13277e-11
2.62715e-06
7.20343e-11
2.33339e-06
-9.52802e-14
-1.69607e-11
9.95799e-12
2.48965e-06
-1.59545e-11
1.4103e-11
2.35938e-06
1.81042e-11
2.10452e-06
-8.91873e-14
-1.42672e-11
2.02137e-06
-1.35862e-11
1.91419e-06
1.70748e-06
-7.3727e-14
1.33911e-11
4.92895e-10
3.04476e-06
1.40486e-11
4.7456e-10
2.74966e-06
4.17377e-10
2.18302e-06
-6.14888e-14
5.09529e-12
5.60012e-10
3.23956e-06
5.13841e-12
5.41987e-10
2.96615e-06
4.78964e-10
2.44314e-06
-6.58749e-14
-7.03377e-13
5.66554e-10
3.33568e-06
-1.23681e-12
5.50627e-10
3.08421e-06
4.8888e-10
2.6037e-06
-6.96541e-14
-5.7647e-12
5.12501e-10
3.34869e-06
-6.35126e-12
4.99672e-10
3.11914e-06
4.44778e-10
2.67909e-06
-7.65742e-14
-1.01194e-11
4.10377e-10
3.29123e-06
-1.04356e-11
4.01279e-10
3.0831e-06
3.58718e-10
2.68133e-06
-8.46144e-14
-1.36982e-11
2.83681e-10
3.1732e-06
-1.35349e-11
2.78943e-10
2.98553e-06
2.52723e-10
2.62023e-06
-9.13003e-14
-1.61769e-11
1.60761e-10
3.00114e-06
-1.54931e-11
1.60835e-10
2.83303e-06
1.50702e-10
2.5032e-06
-9.48514e-14
-1.72415e-11
6.60111e-11
2.77648e-06
-1.62367e-11
6.96937e-11
2.62724e-06
7.03643e-11
2.33346e-06
-9.42748e-14
-1.66766e-11
9.20897e-12
2.48972e-06
-1.56819e-11
1.33237e-11
2.35943e-06
1.72943e-11
2.10456e-06
-8.8215e-14
-1.40186e-11
2.02139e-06
-1.33444e-11
1.9142e-06
1.70749e-06
-7.29044e-14
1.31776e-11
4.85249e-10
3.04463e-06
1.38142e-11
4.67324e-10
2.74955e-06
4.10989e-10
2.18293e-06
-6.07485e-14
5.02623e-12
5.51718e-10
3.23949e-06
5.0735e-12
5.34095e-10
2.96609e-06
4.71964e-10
2.44308e-06
-6.49978e-14
-6.63608e-13
5.58568e-10
3.33567e-06
-1.19122e-12
5.43e-10
3.0842e-06
4.82051e-10
2.60369e-06
-6.86682e-14
-5.63458e-12
5.0559e-10
3.34875e-06
-6.21881e-12
4.93047e-10
3.11919e-06
4.38774e-10
2.67913e-06
-7.54523e-14
-9.91821e-12
4.04957e-10
3.29134e-06
-1.02381e-11
3.96052e-10
3.08319e-06
3.53889e-10
2.6814e-06
-8.33299e-14
-1.34471e-11
2.7979e-10
3.17334e-06
-1.3293e-11
2.75147e-10
2.98565e-06
2.49109e-10
2.62032e-06
-8.99483e-14
-1.58973e-11
1.58185e-10
3.00128e-06
-1.52263e-11
1.58273e-10
2.83314e-06
1.48167e-10
2.50328e-06
-9.34516e-14
-1.69528e-11
6.44674e-11
2.77659e-06
-1.5962e-11
6.81206e-11
2.62733e-06
6.8751e-11
2.33352e-06
-9.28302e-14
-1.63979e-11
8.48791e-12
2.48979e-06
-1.54149e-11
1.25722e-11
2.35949e-06
1.65092e-11
2.10459e-06
-8.68369e-14
-1.37747e-11
2.02142e-06
-1.31077e-11
1.91422e-06
1.70749e-06
-7.17037e-14
1.29687e-11
4.77768e-10
3.0445e-06
1.35859e-11
4.60242e-10
2.74943e-06
4.04742e-10
2.18285e-06
-6.01082e-14
4.95848e-12
5.43604e-10
3.23941e-06
5.01105e-12
5.26374e-10
2.96602e-06
4.65122e-10
2.44302e-06
-6.4235e-14
-6.24716e-13
5.50762e-10
3.33566e-06
-1.14552e-12
5.35546e-10
3.08419e-06
4.75385e-10
2.60368e-06
-6.78473e-14
-5.507e-12
4.98848e-10
3.3488e-06
-6.08813e-12
4.86585e-10
3.11924e-06
4.32926e-10
2.67916e-06
-7.44952e-14
-9.72086e-12
3.99686e-10
3.29145e-06
-1.0044e-11
3.9097e-10
3.08329e-06
3.492e-10
2.68147e-06
-8.22235e-14
-1.32006e-11
2.76023e-10
3.17347e-06
-1.30557e-11
2.71474e-10
2.98577e-06
2.45613e-10
2.62041e-06
-8.87056e-14
-1.56231e-11
1.55703e-10
3.00141e-06
-1.4965e-11
1.55805e-10
2.83326e-06
1.45719e-10
2.50337e-06
-9.21346e-14
-1.667e-11
6.29837e-11
2.7767e-06
-1.56933e-11
6.6607e-11
2.62742e-06
6.71936e-11
2.33358e-06
-9.15169e-14
-1.6125e-11
7.79302e-12
2.48986e-06
-1.51542e-11
1.18466e-11
2.35954e-06
1.57489e-11
2.10463e-06
-8.56045e-14
-1.3536e-11
2.02144e-06
-1.28767e-11
1.91423e-06
1.70749e-06
-7.06817e-14
1.27643e-11
4.70447e-10
3.04438e-06
1.33638e-11
4.53313e-10
2.74932e-06
3.98634e-10
2.18277e-06
-5.94332e-14
4.89223e-12
5.35665e-10
3.23934e-06
4.95119e-12
5.1882e-10
2.96596e-06
4.58435e-10
2.44297e-06
-6.34795e-14
-5.86445e-13
5.43132e-10
3.33566e-06
-1.09954e-12
5.28261e-10
3.08418e-06
4.68877e-10
2.60367e-06
-6.70109e-14
-5.38167e-12
4.9227e-10
3.34886e-06
-5.95894e-12
4.80282e-10
3.11928e-06
4.27231e-10
2.6792e-06
-7.35103e-14
-9.52698e-12
3.9456e-10
3.29156e-06
-9.85272e-12
3.8603e-10
3.08338e-06
3.44649e-10
2.68155e-06
-8.10378e-14
-1.29586e-11
2.72377e-10
3.17361e-06
-1.28222e-11
2.67921e-10
2.98589e-06
2.42231e-10
2.6205e-06
-8.72894e-14
-1.5354e-11
1.53313e-10
3.00155e-06
-1.47085e-11
1.53428e-10
2.83337e-06
1.43358e-10
2.50345e-06
-9.05655e-14
-1.63926e-11
6.15587e-11
2.7768e-06
-1.54299e-11
6.51518e-11
2.62751e-06
6.56914e-11
2.33365e-06
-8.99806e-14
-1.58577e-11
7.12401e-12
2.48993e-06
-1.48988e-11
1.11466e-11
2.35959e-06
1.5012e-11
2.10467e-06
-8.4169e-14
-1.33021e-11
2.02146e-06
-1.26505e-11
1.91424e-06
1.70749e-06
-6.94805e-14
1.25642e-11
4.63283e-10
3.04426e-06
1.31473e-11
4.46532e-10
2.74922e-06
3.9266e-10
2.18269e-06
-5.89266e-14
4.82722e-12
5.27898e-10
3.23928e-06
4.89334e-12
5.11431e-10
2.96589e-06
4.51899e-10
2.44292e-06
-6.29129e-14
-5.49087e-13
5.35673e-10
3.33565e-06
-1.05378e-12
5.21141e-10
3.08417e-06
4.62523e-10
2.60366e-06
-6.63866e-14
-5.25891e-12
4.85853e-10
3.34892e-06
-5.8318e-12
4.74137e-10
3.11933e-06
4.21682e-10
2.67924e-06
-7.27293e-14
-9.33696e-12
3.89578e-10
3.29167e-06
-9.66487e-12
3.81232e-10
3.08348e-06
3.4023e-10
2.68162e-06
-8.00894e-14
-1.27214e-11
2.68851e-10
3.17374e-06
-1.25934e-11
2.64486e-10
2.986e-06
2.38961e-10
2.62059e-06
-8.60947e-14
-1.50904e-11
1.51014e-10
3.00168e-06
-1.44574e-11
1.5114e-10
2.83349e-06
1.41081e-10
2.50353e-06
-8.92301e-14
-1.61213e-11
6.01914e-11
2.77691e-06
-1.51725e-11
6.37535e-11
2.6276e-06
6.42432e-11
2.33371e-06
-8.87129e-14
-1.55962e-11
6.47931e-12
2.49e-06
-1.46495e-11
1.04711e-11
2.35965e-06
1.42997e-11
2.1047e-06
-8.30049e-14
-1.30736e-11
2.02148e-06
-1.24301e-11
1.91425e-06
1.7075e-06
-6.85618e-14
1.23687e-11
4.56271e-10
3.04414e-06
1.29368e-11
4.39894e-10
2.74911e-06
3.86818e-10
2.18261e-06
-5.81641e-14
4.76376e-12
5.20298e-10
3.23921e-06
4.83802e-12
5.04201e-10
2.96583e-06
4.45509e-10
2.44286e-06
-6.20873e-14
-5.1226e-13
5.2838e-10
3.33564e-06
-1.00768e-12
5.14182e-10
3.08416e-06
4.56319e-10
2.60364e-06
-6.54404e-14
-5.13831e-12
4.7959e-10
3.34897e-06
-5.70597e-12
4.68142e-10
3.11938e-06
4.16276e-10
2.67927e-06
-7.16024e-14
-9.15033e-12
3.84732e-10
3.29177e-06
-9.47959e-12
3.76568e-10
3.08357e-06
3.3594e-10
2.68169e-06
-7.87683e-14
-1.24886e-11
2.65439e-10
3.17387e-06
-1.2368e-11
2.61165e-10
2.98612e-06
2.35799e-10
2.62068e-06
-8.45438e-14
-1.48319e-11
1.48801e-10
3.00181e-06
-1.42105e-11
1.48939e-10
2.8336e-06
1.38888e-10
2.50362e-06
-8.75368e-14
-1.58553e-11
5.88803e-11
2.77702e-06
-1.49197e-11
6.24102e-11
2.62768e-06
6.2848e-11
2.33377e-06
-8.70802e-14
-1.53403e-11
5.86056e-12
2.49007e-06
-1.4405e-11
9.82048e-12
2.3597e-06
1.36107e-11
2.10474e-06
-8.14839e-14
-1.28499e-11
2.0215e-06
-1.22139e-11
1.91426e-06
1.7075e-06
-6.72747e-14
1.21775e-11
4.49408e-10
3.04402e-06
1.27319e-11
4.33399e-10
2.749e-06
3.81103e-10
2.18253e-06
-5.74274e-14
4.70169e-12
5.12861e-10
3.23914e-06
4.78483e-12
4.97127e-10
2.96576e-06
4.39261e-10
2.44281e-06
-6.12715e-14
-4.7617e-13
5.2125e-10
3.33563e-06
-9.61613e-13
5.0738e-10
3.08415e-06
4.50259e-10
2.60363e-06
-6.45146e-14
-5.02013e-12
4.73479e-10
3.34902e-06
-5.58188e-12
4.62296e-10
3.11942e-06
4.1101e-10
2.6793e-06
-7.04982e-14
-8.96745e-12
3.80021e-10
3.29187e-06
-9.29731e-12
3.72036e-10
3.08366e-06
3.31776e-10
2.68176e-06
-7.75264e-14
-1.22605e-11
2.6214e-10
3.174e-06
-1.21465e-11
2.57955e-10
2.98623e-06
2.32743e-10
2.62077e-06
-8.31449e-14
-1.45788e-11
1.46674e-10
3.00194e-06
-1.39682e-11
1.46822e-10
2.83371e-06
1.36775e-10
2.5037e-06
-8.60796e-14
-1.55952e-11
5.76247e-11
2.77712e-06
-1.46721e-11
6.11205e-11
2.62777e-06
6.15049e-11
2.33383e-06
-8.56851e-14
-1.50901e-11
5.26629e-12
2.49014e-06
-1.41658e-11
9.19302e-12
2.35975e-06
1.2945e-11
2.10477e-06
-8.01901e-14
-1.26313e-11
2.02151e-06
-1.20027e-11
1.91427e-06
1.7075e-06
-6.62058e-14
1.19908e-11
4.42691e-10
3.0439e-06
1.25328e-11
4.27041e-10
2.7489e-06
3.75514e-10
2.18245e-06
-5.66193e-14
4.64126e-12
5.05583e-10
3.23907e-06
4.73408e-12
4.90206e-10
2.9657e-06
4.33153e-10
2.44276e-06
-6.03769e-14
-4.40525e-13
5.14278e-10
3.33562e-06
-9.15324e-13
5.00731e-10
3.08414e-06
4.44343e-10
2.60362e-06
-6.3461e-14
-4.90403e-12
4.67517e-10
3.34907e-06
-5.45918e-12
4.56594e-10
3.11947e-06
4.0588e-10
2.67934e-06
-6.92651e-14
-8.78789e-12
3.75441e-10
3.29197e-06
-9.11763e-12
3.67635e-10
3.08375e-06
3.27736e-10
2.68183e-06
-7.6132e-14
-1.20368e-11
2.58951e-10
3.17413e-06
-1.19286e-11
2.54854e-10
2.98634e-06
2.29793e-10
2.62085e-06
-8.16279e-14
-1.43306e-11
1.44632e-10
3.00207e-06
-1.37301e-11
1.44787e-10
2.83382e-06
1.34743e-10
2.50378e-06
-8.45187e-14
-1.53404e-11
5.64232e-11
2.77722e-06
-1.44289e-11
5.98836e-11
2.62785e-06
6.02136e-11
2.33389e-06
-8.41676e-14
-1.48453e-11
4.69629e-12
2.49021e-06
-1.39312e-11
8.58848e-12
2.3598e-06
1.23013e-11
2.10481e-06
-7.87754e-14
-1.24176e-11
2.02153e-06
-1.17958e-11
1.91427e-06
1.7075e-06
-6.50076e-14
1.18085e-11
4.36117e-10
3.04378e-06
1.23391e-11
4.2082e-10
2.7488e-06
3.70048e-10
2.18237e-06
-5.59923e-14
4.58222e-12
4.9846e-10
3.239e-06
4.6853e-12
4.83434e-10
2.96564e-06
4.27182e-10
2.4427e-06
-5.96296e-14
-4.05678e-13
5.07462e-10
3.33562e-06
-8.69298e-13
4.94233e-10
3.08413e-06
4.38566e-10
2.60361e-06
-6.25698e-14
-4.79042e-12
4.61699e-10
3.34912e-06
-5.3385e-12
4.51034e-10
3.11951e-06
4.00882e-10
2.67937e-06
-6.82012e-14
-8.61217e-12
3.7099e-10
3.29207e-06
-8.94124e-12
3.6336e-10
3.08384e-06
3.23815e-10
2.6819e-06
-7.49452e-14
-1.18178e-11
2.55869e-10
3.17426e-06
-1.17148e-11
2.51859e-10
2.98646e-06
2.26944e-10
2.62094e-06
-8.03768e-14
-1.4088e-11
1.42672e-10
3.0022e-06
-1.34968e-11
1.42835e-10
2.83393e-06
1.32788e-10
2.50386e-06
-8.32844e-14
-1.50915e-11
5.52751e-11
2.77733e-06
-1.41911e-11
5.86985e-11
2.62793e-06
5.89727e-11
2.33395e-06
-8.29794e-14
-1.46065e-11
4.14911e-12
2.49027e-06
-1.3702e-11
8.00599e-12
2.35985e-06
1.16807e-11
2.10484e-06
-7.7686e-14
-1.22093e-11
2.02155e-06
-1.15939e-11
1.91428e-06
1.7075e-06
-6.41326e-14
1.16308e-11
4.29682e-10
3.04367e-06
1.21514e-11
4.14729e-10
2.7487e-06
3.64701e-10
2.1823e-06
-5.51604e-14
4.52495e-12
4.91489e-10
3.23894e-06
4.6392e-12
4.76807e-10
2.96557e-06
4.21343e-10
2.44265e-06
-5.86267e-14
-3.71197e-13
5.00795e-10
3.33561e-06
-8.22883e-13
4.87879e-10
3.08412e-06
4.32924e-10
2.6036e-06
-6.13708e-14
-4.67886e-12
4.5602e-10
3.34917e-06
-5.2191e-12
4.4561e-10
3.11956e-06
3.96014e-10
2.6794e-06
-6.68165e-14
-8.43976e-12
3.66662e-10
3.29217e-06
-8.76736e-12
3.59207e-10
3.08392e-06
3.20012e-10
2.68196e-06
-7.33994e-14
-1.16031e-11
2.52891e-10
3.17439e-06
-1.15044e-11
2.48966e-10
2.98657e-06
2.24196e-10
2.62102e-06
-7.8797e-14
-1.38503e-11
1.4079e-10
3.00233e-06
-1.32673e-11
1.40959e-10
2.83403e-06
1.30912e-10
2.50394e-06
-8.17223e-14
-1.4848e-11
5.41785e-11
2.77743e-06
-1.39575e-11
5.75638e-11
2.62802e-06
5.77817e-11
2.33401e-06
-8.14356e-14
-1.4373e-11
3.62602e-12
2.49034e-06
-1.34771e-11
7.44665e-12
2.3599e-06
1.1082e-11
2.10487e-06
-7.62515e-14
-1.20057e-11
2.02156e-06
-1.13958e-11
1.91429e-06
1.7075e-06
-6.29097e-14
1.14575e-11
4.23382e-10
3.04356e-06
1.19695e-11
4.08767e-10
2.7486e-06
3.59472e-10
2.18222e-06
-5.44304e-14
4.46933e-12
4.84666e-10
3.23887e-06
4.59548e-12
4.70321e-10
2.96551e-06
4.15635e-10
2.4426e-06
-5.76765e-14
-3.3723e-13
4.94275e-10
3.3356e-06
-7.76322e-13
4.81668e-10
3.08411e-06
4.27414e-10
2.60358e-06
-6.02505e-14
-4.56952e-12
4.50478e-10
3.34922e-06
-5.10135e-12
4.4032e-10
3.1196e-06
3.91273e-10
2.67943e-06
-6.55221e-14
-8.27091e-12
3.62455e-10
3.29227e-06
-8.59642e-12
3.55173e-10
3.08401e-06
3.16324e-10
2.68203e-06
-7.19776e-14
-1.13929e-11
2.50014e-10
3.17451e-06
-1.1298e-11
2.46174e-10
2.98668e-06
2.21547e-10
2.6211e-06
-7.73953e-14
-1.36178e-11
1.38987e-10
3.00245e-06
-1.30423e-11
1.39161e-10
2.83414e-06
1.29111e-10
2.50402e-06
-8.039e-14
-1.461e-11
5.31325e-11
2.77753e-06
-1.37287e-11
5.64788e-11
2.6281e-06
5.66399e-11
2.33407e-06
-8.01079e-14
-1.41451e-11
3.12521e-12
2.4904e-06
-1.3257e-11
6.90923e-12
2.35995e-06
1.05053e-11
2.10491e-06
-7.50248e-14
-1.18073e-11
2.02158e-06
-1.12023e-11
1.91429e-06
1.7075e-06
-6.19024e-14
1.12888e-11
4.17215e-10
3.04344e-06
1.17935e-11
4.02932e-10
2.7485e-06
3.54358e-10
2.18215e-06
-5.36956e-14
4.41552e-12
4.77987e-10
3.23881e-06
4.55453e-12
4.63974e-10
2.96545e-06
4.10055e-10
2.44255e-06
-5.67036e-14
-3.036e-13
4.87899e-10
3.33559e-06
-7.29253e-13
4.75594e-10
3.0841e-06
4.22035e-10
2.60357e-06
-5.90818e-14
-4.46221e-12
4.45069e-10
3.34927e-06
-4.98483e-12
4.3516e-10
3.11964e-06
3.86657e-10
2.67946e-06
-6.41768e-14
-8.10534e-12
3.58366e-10
3.29236e-06
-8.42799e-12
3.51255e-10
3.08409e-06
3.1275e-10
2.6821e-06
-7.04591e-14
-1.1187e-11
2.47237e-10
3.17463e-06
-1.10949e-11
2.43479e-10
2.98678e-06
2.18996e-10
2.62119e-06
-7.58774e-14
-1.33902e-11
1.3726e-10
3.00257e-06
-1.28213e-11
1.37438e-10
2.83425e-06
1.27386e-10
2.5041e-06
-7.89061e-14
-1.43773e-11
5.2136e-11
2.77763e-06
-1.35042e-11
5.54429e-11
2.62818e-06
5.55467e-11
2.33413e-06
-7.86031e-14
-1.39226e-11
2.64672e-12
2.49046e-06
-1.30413e-11
6.3936e-12
2.35999e-06
9.94926e-12
2.10494e-06
-7.36244e-14
-1.16136e-11
2.02159e-06
-1.10127e-11
1.9143e-06
1.7075e-06
-6.07316e-14
1.11245e-11
4.11178e-10
3.04333e-06
1.16231e-11
3.97219e-10
2.7484e-06
3.49357e-10
2.18207e-06
-5.32076e-14
4.3632e-12
4.7145e-10
3.23874e-06
4.51594e-12
4.57762e-10
2.96539e-06
4.046e-10
2.4425e-06
-5.59761e-14
-2.70689e-13
4.81663e-10
3.33558e-06
-6.82076e-13
4.69656e-10
3.08409e-06
4.16784e-10
2.60356e-06
-5.81897e-14
-4.35737e-12
4.3979e-10
3.34932e-06
-4.87005e-12
4.30126e-10
3.11968e-06
3.82163e-10
2.67949e-06
-6.31045e-14
-7.94354e-12
3.54393e-10
3.29246e-06
-8.26264e-12
3.47451e-10
3.08418e-06
3.09287e-10
2.68216e-06
-6.92294e-14
-1.09857e-11
2.44557e-10
3.17475e-06
-1.08958e-11
2.4088e-10
2.98689e-06
2.16539e-10
2.62127e-06
-7.46243e-14
-1.31678e-11
1.35609e-10
3.0027e-06
-1.2605e-11
1.35791e-10
2.83435e-06
1.25734e-10
2.50418e-06
-7.76791e-14
-1.41503e-11
5.11885e-11
2.77773e-06
-1.32849e-11
5.44556e-11
2.62826e-06
5.45006e-11
2.33418e-06
-7.73694e-14
-1.37057e-11
2.18916e-12
2.49053e-06
-1.28309e-11
5.89904e-12
2.36004e-06
9.41481e-12
2.10497e-06
-7.2491e-14
-1.14251e-11
2.02161e-06
-1.08278e-11
1.9143e-06
1.7075e-06
-5.98383e-14
1.09646e-11
4.05268e-10
3.04322e-06
1.14587e-11
3.91625e-10
2.7483e-06
3.44467e-10
2.182e-06
-5.25475e-14
4.31266e-12
4.65051e-10
3.23868e-06
4.4803e-12
4.51681e-10
2.96533e-06
3.99268e-10
2.44245e-06
-5.50937e-14
-2.38098e-13
4.75564e-10
3.33557e-06
-6.34178e-13
4.63848e-10
3.08408e-06
4.11658e-10
2.60354e-06
-5.70985e-14
-4.25453e-12
4.34638e-10
3.34936e-06
-4.75629e-12
4.25214e-10
3.11972e-06
3.77789e-10
2.67952e-06
-6.17992e-14
-7.78493e-12
3.5053e-10
3.29255e-06
-8.0996e-12
3.43755e-10
3.08426e-06
3.05934e-10
2.68223e-06
-6.77163e-14
-1.07886e-11
2.4197e-10
3.17487e-06
-1.07e-11
2.38375e-10
2.98699e-06
2.14174e-10
2.62135e-06
-7.30237e-14
-1.29501e-11
1.34029e-10
3.00282e-06
-1.23926e-11
1.34215e-10
2.83445e-06
1.24153e-10
2.50426e-06
-7.60383e-14
-1.39283e-11
5.02883e-11
2.77782e-06
-1.30697e-11
5.35162e-11
2.62834e-06
5.3501e-11
2.33424e-06
-7.57192e-14
-1.3494e-11
1.7539e-12
2.49059e-06
-1.26245e-11
5.42689e-12
2.36009e-06
8.90067e-12
2.105e-06
-7.09504e-14
-1.12413e-11
2.02162e-06
-1.06466e-11
1.91431e-06
1.70749e-06
-5.85394e-14
1.0809e-11
3.99482e-10
3.04312e-06
1.12998e-11
3.86148e-10
2.74821e-06
3.39684e-10
2.18193e-06
-5.19941e-14
4.26359e-12
4.58787e-10
3.23861e-06
4.44705e-12
4.45728e-10
2.96527e-06
3.94056e-10
2.4424e-06
-5.43486e-14
-2.06139e-13
4.69597e-10
3.33556e-06
-5.86071e-13
4.58168e-10
3.08406e-06
4.06654e-10
2.60353e-06
-5.61727e-14
-4.15399e-12
4.29609e-10
3.34941e-06
-4.64413e-12
4.20421e-10
3.11976e-06
3.73532e-10
2.67955e-06
-6.06511e-14
-7.62987e-12
3.46777e-10
3.29264e-06
-7.93947e-12
3.40166e-10
3.08434e-06
3.02687e-10
2.68229e-06
-6.63937e-14
-1.05958e-11
2.39476e-10
3.17499e-06
-1.0508e-11
2.35962e-10
2.9871e-06
2.11901e-10
2.62143e-06
-7.15919e-14
-1.27374e-11
1.32521e-10
3.00294e-06
-1.21848e-11
1.32712e-10
2.83456e-06
1.22642e-10
2.50433e-06
-7.45649e-14
-1.37116e-11
4.94349e-11
2.77792e-06
-1.28594e-11
5.26239e-11
2.62842e-06
5.25469e-11
2.3343e-06
-7.42501e-14
-1.32875e-11
1.33941e-12
2.49065e-06
-1.24231e-11
4.9759e-12
2.36014e-06
8.40707e-12
2.10503e-06
-6.95796e-14
-1.10623e-11
2.02163e-06
-1.04698e-11
1.91431e-06
1.70749e-06
-5.74139e-14
1.06575e-11
3.93816e-10
3.04301e-06
1.11463e-11
3.80786e-10
2.74811e-06
3.35007e-10
2.18186e-06
-5.13934e-14
4.21606e-12
4.52654e-10
3.23855e-06
4.41623e-12
4.399e-10
2.96521e-06
3.88961e-10
2.44235e-06
-5.35952e-14
-1.74663e-13
4.63762e-10
3.33555e-06
-5.37721e-13
4.52613e-10
3.08405e-06
4.0177e-10
2.60352e-06
-5.5217e-14
-4.05554e-12
4.24701e-10
3.34945e-06
-4.53339e-12
4.15746e-10
3.11979e-06
3.6939e-10
2.67958e-06
-5.94656e-14
-7.47801e-12
3.43131e-10
3.29273e-06
-7.78198e-12
3.36683e-10
3.08442e-06
2.99545e-10
2.68235e-06
-6.50024e-14
-1.0407e-11
2.37071e-10
3.17511e-06
-1.03196e-11
2.33639e-10
2.9872e-06
2.09717e-10
2.62151e-06
-7.00452e-14
-1.25293e-11
1.31083e-10
3.00305e-06
-1.1981e-11
1.31279e-10
2.83466e-06
1.21201e-10
2.50441e-06
-7.29227e-14
-1.34998e-11
4.86275e-11
2.77802e-06
-1.26535e-11
5.17785e-11
2.6285e-06
5.16382e-11
2.33436e-06
-7.26022e-14
-1.30861e-11
9.45788e-13
2.49071e-06
-1.2226e-11
4.54603e-12
2.36018e-06
7.93267e-12
2.10507e-06
-6.80276e-14
-1.08878e-11
2.02164e-06
-1.02969e-11
1.91432e-06
1.70749e-06
-5.61062e-14
1.05097e-11
3.8827e-10
3.04291e-06
1.09977e-11
3.75537e-10
2.74802e-06
3.30433e-10
2.18179e-06
-5.09617e-14
4.16963e-12
4.46651e-10
3.23849e-06
4.3871e-12
4.34197e-10
2.96515e-06
3.83981e-10
2.4423e-06
-5.30324e-14
-1.44092e-13
4.58054e-10
3.33554e-06
-4.89826e-13
4.47182e-10
3.08404e-06
3.97001e-10
2.6035e-06
-5.44951e-14
-3.95954e-12
4.19912e-10
3.34949e-06
-4.4248e-12
4.11187e-10
3.11983e-06
3.65358e-10
2.6796e-06
-5.85269e-14
-7.32975e-12
3.3959e-10
3.29281e-06
-7.62785e-12
3.33304e-10
3.0845e-06
2.96503e-10
2.68241e-06
-6.38954e-14
-1.02226e-11
2.34756e-10
3.17522e-06
-1.01353e-11
2.31405e-10
2.9873e-06
2.07619e-10
2.62159e-06
-6.87734e-14
-1.23259e-11
1.29715e-10
3.00317e-06
-1.1782e-11
1.29917e-10
2.83476e-06
1.19828e-10
2.50448e-06
-7.15595e-14
-1.32932e-11
4.78657e-11
2.77811e-06
-1.24528e-11
5.09793e-11
2.62857e-06
5.07735e-11
2.33441e-06
-7.12546e-14
-1.28898e-11
5.7175e-13
2.49077e-06
-1.20342e-11
4.13659e-12
2.36023e-06
7.47861e-12
2.1051e-06
-6.67655e-14
-1.07182e-11
2.02166e-06
-1.01289e-11
1.91432e-06
1.70749e-06
-5.50846e-14
1.03658e-11
3.82839e-10
3.0428e-06
1.0854e-11
3.70396e-10
2.74793e-06
3.25958e-10
2.18172e-06
-5.02732e-14
4.12443e-12
4.40774e-10
3.23843e-06
4.35997e-12
4.28613e-10
2.96509e-06
3.79111e-10
2.44225e-06
-5.22298e-14
-1.14167e-13
4.5247e-10
3.33552e-06
-4.42003e-13
4.4187e-10
3.08403e-06
3.92345e-10
2.60349e-06
-5.35141e-14
-3.86562e-12
4.15237e-10
3.34953e-06
-4.31775e-12
4.0674e-10
3.11986e-06
3.61434e-10
2.67963e-06
-5.7329e-14
-7.18454e-12
3.3615e-10
3.2929e-06
-7.47632e-12
3.30025e-10
3.08457e-06
2.9356e-10
2.68247e-06
-6.25027e-14
-1.0042e-11
2.32527e-10
3.17533e-06
-9.95437e-12
2.29258e-10
2.9874e-06
2.05607e-10
2.62167e-06
-6.71842e-14
-1.21268e-11
1.28413e-10
3.00329e-06
-1.15868e-11
1.28622e-10
2.83486e-06
1.1852e-10
2.50456e-06
-6.98406e-14
-1.30911e-11
4.71483e-11
2.77821e-06
-1.22561e-11
5.02258e-11
2.62865e-06
4.99523e-11
2.33447e-06
-6.95561e-14
-1.26982e-11
2.18855e-13
2.49083e-06
-1.18464e-11
3.74894e-12
2.36027e-06
7.04375e-12
2.10513e-06
-6.51595e-14
-1.05528e-11
2.02167e-06
-9.96448e-12
1.91432e-06
1.70748e-06
-5.37085e-14
1.02252e-11
3.77522e-10
3.0427e-06
1.07148e-11
3.65363e-10
2.74784e-06
3.21581e-10
2.18165e-06
-4.96056e-14
4.08008e-12
4.35019e-10
3.23837e-06
4.3342e-12
4.23146e-10
2.96504e-06
3.74349e-10
2.4422e-06
-5.14706e-14
-8.52065e-14
4.47008e-10
3.33551e-06
-3.94776e-13
4.36676e-10
3.08401e-06
3.87799e-10
2.60348e-06
-5.26315e-14
-3.77403e-12
4.10674e-10
3.34957e-06
-4.21272e-12
4.02402e-10
3.1199e-06
3.57614e-10
2.67966e-06
-5.62619e-14
-7.04264e-12
3.3281e-10
3.29299e-06
-7.32779e-12
3.26845e-10
3.08465e-06
2.90712e-10
2.68253e-06
-6.12958e-14
-9.86528e-12
2.30382e-10
3.17545e-06
-9.77709e-12
2.27196e-10
2.9875e-06
2.03676e-10
2.62174e-06
-6.58016e-14
-1.19321e-11
1.27178e-10
3.0034e-06
-1.13957e-11
1.27395e-10
2.83496e-06
1.17278e-10
2.50464e-06
-6.83635e-14
-1.28937e-11
4.64752e-11
2.7783e-06
-1.20638e-11
4.95173e-11
2.62873e-06
4.91737e-11
2.33452e-06
-6.81169e-14
-1.25113e-11
-1.12445e-13
2.49089e-06
-1.16633e-11
3.3818e-12
2.36032e-06
6.62832e-12
2.10516e-06
-6.37991e-14
-1.03919e-11
2.02168e-06
-9.80444e-12
1.91433e-06
1.70748e-06
-5.2567e-14
1.00879e-11
3.72315e-10
3.0426e-06
1.05797e-11
3.60434e-10
2.74775e-06
3.173e-10
2.18158e-06
-4.88092e-14
4.03659e-12
4.29385e-10
3.2383e-06
4.30981e-12
4.17796e-10
2.96498e-06
3.69693e-10
2.44215e-06
-5.06069e-14
-5.7065e-14
4.41665e-10
3.3355e-06
-3.4801e-13
4.31597e-10
3.084e-06
3.83361e-10
2.60346e-06
-5.16517e-14
-3.6845e-12
4.06222e-10
3.34961e-06
-4.10939e-12
3.98173e-10
3.11993e-06
3.53898e-10
2.67968e-06
-5.51316e-14
-6.90362e-12
3.29567e-10
3.29307e-06
-7.18175e-12
3.23762e-10
3.08472e-06
2.87959e-10
2.68259e-06
-6.00141e-14
-9.69205e-12
2.2832e-10
3.17556e-06
-9.60281e-12
2.25218e-10
2.9876e-06
2.01828e-10
2.62182e-06
-6.43544e-14
-1.17413e-11
1.26008e-10
3.00352e-06
-1.12079e-11
1.26235e-10
2.83506e-06
1.161e-10
2.50471e-06
-6.68121e-14
-1.27004e-11
4.58464e-11
2.77839e-06
-1.18751e-11
4.88533e-11
2.62881e-06
4.84375e-11
2.33458e-06
-6.65876e-14
-1.23286e-11
-4.20364e-13
2.49095e-06
-1.14838e-11
3.03498e-12
2.36036e-06
6.23093e-12
2.10519e-06
-6.23429e-14
-1.02351e-11
2.02169e-06
-9.6479e-12
1.91433e-06
1.70748e-06
-5.13115e-14
9.95343e-12
3.67216e-10
3.0425e-06
1.04482e-11
3.55609e-10
2.74766e-06
3.13111e-10
2.18152e-06
-4.81046e-14
3.9935e-12
4.2387e-10
3.23824e-06
4.28606e-12
4.12558e-10
2.96492e-06
3.65139e-10
2.44211e-06
-4.98367e-14
-3.01868e-14
4.36438e-10
3.33549e-06
-3.02318e-13
4.2663e-10
3.08399e-06
3.79026e-10
2.60345e-06
-5.08339e-14
-3.59742e-12
4.01877e-10
3.34965e-06
-4.00833e-12
3.94049e-10
3.11997e-06
3.50281e-10
2.67971e-06
-5.42142e-14
-6.76786e-12
3.2642e-10
3.29315e-06
-7.03874e-12
3.20775e-10
3.0848e-06
2.85297e-10
2.68265e-06
-5.89984e-14
-9.52258e-12
2.2634e-10
3.17567e-06
-9.43204e-12
2.23322e-10
2.9877e-06
2.00058e-10
2.6219e-06
-6.32283e-14
-1.15545e-11
1.24904e-10
3.00363e-06
-1.10241e-11
1.2514e-10
2.83515e-06
1.14983e-10
2.50478e-06
-6.56314e-14
-1.25116e-11
4.52612e-11
2.77849e-06
-1.16907e-11
4.82334e-11
2.62888e-06
4.77425e-11
2.33464e-06
-6.54349e-14
-1.21505e-11
-7.0864e-13
2.49101e-06
-1.13087e-11
2.70768e-12
2.36041e-06
5.85283e-12
2.10522e-06
-6.12497e-14
-1.00825e-11
2.0217e-06
-9.49561e-12
1.91433e-06
1.70747e-06
-5.03964e-14
9.82184e-12
3.62223e-10
3.0424e-06
1.03204e-11
3.50882e-10
2.74757e-06
3.09012e-10
2.18145e-06
-4.70949e-14
3.95096e-12
4.18468e-10
3.23818e-06
4.26332e-12
4.07429e-10
2.96486e-06
3.60685e-10
2.44206e-06
-4.87653e-14
-4.24073e-15
4.31324e-10
3.33547e-06
-2.57223e-13
4.21773e-10
3.08397e-06
3.74792e-10
2.60343e-06
-4.97128e-14
-3.51231e-12
3.97635e-10
3.34969e-06
-3.90884e-12
3.90027e-10
3.12e-06
3.4676e-10
2.67973e-06
-5.30195e-14
-6.6347e-12
3.23365e-10
3.29323e-06
-6.89787e-12
3.1788e-10
3.08487e-06
2.82722e-10
2.68271e-06
-5.7693e-14
-9.35619e-12
2.24439e-10
3.17578e-06
-9.26374e-12
2.21506e-10
2.9878e-06
1.98365e-10
2.62197e-06
-6.18372e-14
-1.13711e-11
1.23862e-10
3.00374e-06
-1.08429e-11
1.24109e-10
2.83525e-06
1.13928e-10
2.50486e-06
-6.41894e-14
-1.23263e-11
4.47181e-11
2.77858e-06
-1.15091e-11
4.76567e-11
2.62896e-06
4.7088e-11
2.33469e-06
-6.40107e-14
-1.1976e-11
-9.77791e-13
2.49107e-06
-1.11366e-11
2.40114e-12
2.36045e-06
5.49281e-12
2.10525e-06
-5.989e-14
-9.93339e-12
2.0217e-06
-9.34614e-12
1.91433e-06
1.70747e-06
-4.91908e-14
9.69277e-12
3.57333e-10
3.0423e-06
1.01957e-11
3.46254e-10
2.74748e-06
3.05001e-10
2.18138e-06
-4.60883e-14
3.90864e-12
4.13179e-10
3.23812e-06
4.24104e-12
4.02407e-10
2.96481e-06
3.56328e-10
2.44201e-06
-4.77242e-14
2.0525e-14
4.26321e-10
3.33546e-06
-2.13151e-13
4.17022e-10
3.08396e-06
3.70657e-10
2.60342e-06
-4.8675e-14
-3.42934e-12
3.93496e-10
3.34972e-06
-3.8113e-12
3.86106e-10
3.12003e-06
3.43334e-10
2.67976e-06
-5.1947e-14
-6.50431e-12
3.20399e-10
3.29331e-06
-6.75946e-12
3.15075e-10
3.08494e-06
2.80234e-10
2.68276e-06
-5.65715e-14
-9.19295e-12
2.22615e-10
3.17588e-06
-9.0982e-12
2.19769e-10
2.98789e-06
1.96747e-10
2.62205e-06
-6.06801e-14
-1.11912e-11
1.22882e-10
3.00385e-06
-1.06647e-11
1.23141e-10
2.83535e-06
1.12933e-10
2.50493e-06
-6.30376e-14
-1.21448e-11
4.42168e-11
2.77867e-06
-1.13307e-11
4.71228e-11
2.62903e-06
4.64732e-11
2.33475e-06
-6.28917e-14
-1.18054e-11
-1.22934e-12
2.49112e-06
-1.09679e-11
2.11431e-12
2.3605e-06
5.15107e-12
2.10528e-06
-5.88272e-14
-9.78781e-12
2.02171e-06
-9.20001e-12
1.91434e-06
1.70747e-06
-4.8271e-14
9.56578e-12
3.52544e-10
3.04221e-06
1.00741e-11
3.4172e-10
2.74739e-06
3.01075e-10
2.18132e-06
-4.4976e-14
3.86656e-12
4.07999e-10
3.23806e-06
4.21928e-12
3.9749e-10
2.96475e-06
3.52066e-10
2.44197e-06
-4.66169e-14
4.43254e-14
4.21425e-10
3.33545e-06
-1.69949e-13
4.12375e-10
3.08394e-06
3.66618e-10
2.60341e-06
-4.75637e-14
-3.34825e-12
3.89456e-10
3.34976e-06
-3.71539e-12
3.82282e-10
3.12006e-06
3.39999e-10
2.67978e-06
-5.08157e-14
-6.37629e-12
3.17522e-10
3.29339e-06
-6.62305e-12
3.12359e-10
3.08501e-06
2.7783e-10
2.68282e-06
-5.53894e-14
-9.03245e-12
2.20866e-10
3.17599e-06
-8.93484e-12
2.18109e-10
2.98799e-06
1.95203e-10
2.62212e-06
-5.94718e-14
-1.10143e-11
1.21962e-10
3.00396e-06
-1.04888e-11
1.22236e-10
2.83544e-06
1.11996e-10
2.505e-06
-6.18299e-14
-1.19664e-11
4.37569e-11
2.77876e-06
-1.11548e-11
4.66314e-11
2.62911e-06
4.58981e-11
2.3348e-06
-6.17078e-14
-1.16381e-11
-1.46245e-12
2.49118e-06
-1.08017e-11
1.84726e-12
2.36054e-06
4.82646e-12
2.10531e-06
-5.77011e-14
-9.64537e-12
2.02172e-06
-9.0564e-12
1.91434e-06
1.70746e-06
-4.72763e-14
9.43883e-12
3.47855e-10
3.04211e-06
9.95498e-12
3.37278e-10
2.74731e-06
2.97234e-10
2.18125e-06
-4.4016e-14
3.82445e-12
4.02927e-10
3.23801e-06
4.19659e-12
3.92674e-10
2.9647e-06
3.47896e-10
2.44192e-06
-4.57602e-14
6.68928e-14
4.16635e-10
3.33543e-06
-1.28068e-13
4.07829e-10
3.08393e-06
3.62672e-10
2.60339e-06
-4.669e-14
-3.26931e-12
3.85514e-10
3.34979e-06
-3.62158e-12
3.78553e-10
3.12009e-06
3.36753e-10
2.6798e-06
-4.99275e-14
-6.25096e-12
3.14732e-10
3.29347e-06
-6.4891e-12
3.09729e-10
3.08508e-06
2.75507e-10
2.68287e-06
-5.44996e-14
-8.87496e-12
2.19193e-10
3.17609e-06
-8.77415e-12
2.16524e-10
2.98808e-06
1.9373e-10
2.62219e-06
-5.85904e-14
-1.08406e-11
1.21103e-10
3.00407e-06
-1.03158e-11
1.21392e-10
2.83554e-06
1.11117e-10
2.50508e-06
-6.09883e-14
-1.17915e-11
4.33383e-11
2.77885e-06
-1.09819e-11
4.6182e-11
2.62918e-06
4.53613e-11
2.33486e-06
-6.09038e-14
-1.14744e-11
-1.6774e-12
2.49124e-06
-1.06388e-11
1.59935e-12
2.36059e-06
4.52006e-12
2.10534e-06
-5.69491e-14
-9.50643e-12
2.02173e-06
-8.91602e-12
1.91434e-06
1.70746e-06
-4.66472e-14
9.31395e-12
3.43262e-10
3.04202e-06
9.83863e-12
3.32926e-10
2.74722e-06
2.93473e-10
2.18119e-06
-4.27992e-14
3.78222e-12
3.9796e-10
3.23795e-06
4.17362e-12
3.87958e-10
2.96464e-06
3.43816e-10
2.44187e-06
-4.45982e-14
8.84177e-14
4.11948e-10
3.33542e-06
-8.6963e-14
4.03383e-10
3.08391e-06
3.58817e-10
2.60338e-06
-4.55408e-14
-3.19212e-12
3.81665e-10
3.34983e-06
-3.52909e-12
3.74917e-10
3.12012e-06
3.33593e-10
2.67982e-06
-4.87906e-14
-6.12775e-12
3.12025e-10
3.29354e-06
-6.35668e-12
3.07183e-10
3.08515e-06
2.73264e-10
2.68293e-06
-5.33525e-14
-8.71988e-12
2.17591e-10
3.1762e-06
-8.61507e-12
2.15013e-10
2.98817e-06
1.92327e-10
2.62227e-06
-5.7463e-14
-1.06695e-11
1.20302e-10
3.00418e-06
-1.01444e-11
1.20607e-10
2.83563e-06
1.10294e-10
2.50515e-06
-5.98905e-14
-1.16195e-11
4.29599e-11
2.77894e-06
-1.08108e-11
4.57741e-11
2.62926e-06
4.48624e-11
2.33491e-06
-5.98372e-14
-1.13137e-11
-1.87309e-12
2.49129e-06
-1.04778e-11
1.3718e-12
2.36063e-06
4.2308e-12
2.10537e-06
-5.59452e-14
-9.37033e-12
2.02174e-06
-8.7775e-12
1.91434e-06
1.70745e-06
-4.57559e-14
9.19079e-12
3.38762e-10
3.04192e-06
9.72437e-12
3.28663e-10
2.74714e-06
2.89792e-10
2.18113e-06
-4.1644e-14
3.73974e-12
3.93094e-10
3.23789e-06
4.15058e-12
3.83338e-10
2.96459e-06
3.39823e-10
2.44183e-06
-4.35094e-14
1.08642e-13
4.0736e-10
3.33541e-06
-4.71081e-14
3.99032e-10
3.0839e-06
3.5505e-10
2.60336e-06
-4.45143e-14
-3.11691e-12
3.77909e-10
3.34986e-06
-3.43833e-12
3.71371e-10
3.12015e-06
3.30518e-10
2.67984e-06
-4.77999e-14
-6.0069e-12
3.094e-10
3.29362e-06
-6.22615e-12
3.04718e-10
3.08521e-06
2.71098e-10
2.68298e-06
-5.24006e-14
-8.56739e-12
2.16061e-10
3.1763e-06
-8.45794e-12
2.13573e-10
2.98826e-06
1.90992e-10
2.62234e-06
-5.65683e-14
-1.05012e-11
1.19559e-10
3.00429e-06
-9.97506e-12
1.19882e-10
2.83572e-06
1.09526e-10
2.50522e-06
-5.9067e-14
-1.14504e-11
4.26216e-11
2.77903e-06
-1.06419e-11
4.54068e-11
2.62933e-06
4.44009e-11
2.33497e-06
-5.90506e-14
-1.11561e-11
-2.05055e-12
2.49135e-06
-1.03192e-11
1.16347e-12
2.36067e-06
3.95899e-12
2.1054e-06
-5.5214e-14
-9.23728e-12
2.02174e-06
-8.64143e-12
1.91434e-06
1.70745e-06
-4.51346e-14
9.06957e-12
3.34355e-10
3.04183e-06
9.61158e-12
3.24485e-10
2.74706e-06
2.86188e-10
2.18106e-06
-4.04918e-14
3.69707e-12
3.88328e-10
3.23783e-06
4.12755e-12
3.78812e-10
2.96453e-06
3.35916e-10
2.44178e-06
-4.24054e-14
1.27775e-13
4.02871e-10
3.33539e-06
-8.39121e-15
3.94775e-10
3.08388e-06
3.5137e-10
2.60334e-06
-4.3469e-14
-3.04337e-12
3.74242e-10
3.34989e-06
-3.34894e-12
3.67912e-10
3.12017e-06
3.27525e-10
2.67986e-06
-4.67951e-14
-5.88802e-12
3.06855e-10
3.29369e-06
-6.09705e-12
3.02333e-10
3.08528e-06
2.69008e-10
2.68303e-06
-5.14104e-14
-8.4171e-12
2.146e-10
3.1764e-06
-8.30223e-12
2.12203e-10
2.98835e-06
1.89724e-10
2.62241e-06
-5.56366e-14
-1.03353e-11
1.18873e-10
3.00439e-06
-9.8071e-12
1.19213e-10
2.83582e-06
1.08813e-10
2.50529e-06
-5.81881e-14
-1.1284e-11
4.23231e-11
2.77911e-06
-1.04746e-11
4.50797e-11
2.6294e-06
4.39767e-11
2.33502e-06
-5.81884e-14
-1.10012e-11
-2.20888e-12
2.4914e-06
-1.01622e-11
9.74294e-13
2.36072e-06
3.70353e-12
2.10543e-06
-5.4406e-14
-9.1069e-12
2.02175e-06
-8.50704e-12
1.91434e-06
1.70744e-06
-4.44288e-14
8.95054e-12
3.30038e-10
3.04174e-06
9.49906e-12
3.2039e-10
2.74698e-06
2.8266e-10
2.181e-06
-3.94782e-14
3.65397e-12
3.8366e-10
3.23777e-06
4.10403e-12
3.74378e-10
2.96448e-06
3.32092e-10
2.44174e-06
-4.14792e-14
1.45576e-13
3.98477e-10
3.33538e-06
2.87031e-14
3.90609e-10
3.08386e-06
3.47774e-10
2.60333e-06
-4.26488e-14
-2.97176e-12
3.70664e-10
3.34992e-06
-3.26138e-12
3.64539e-10
3.1202e-06
3.24612e-10
2.67988e-06
-4.60311e-14
-5.77139e-12
3.04389e-10
3.29376e-06
-5.96984e-12
3.00025e-10
3.08535e-06
2.66991e-10
2.68308e-06
-5.0691e-14
-8.26928e-12
2.13209e-10
3.1765e-06
-8.14843e-12
2.10902e-10
2.98844e-06
1.88522e-10
2.62248e-06
-5.4999e-14
-1.01721e-11
1.18244e-10
3.0045e-06
-9.64113e-12
1.18602e-10
2.83591e-06
1.08153e-10
2.50536e-06
-5.7627e-14
-1.11204e-11
4.20643e-11
2.7792e-06
-1.03093e-11
4.47925e-11
2.62948e-06
4.35889e-11
2.33507e-06
-5.76485e-14
-1.08493e-11
-2.3487e-12
2.49146e-06
-1.00075e-11
8.03685e-13
2.36076e-06
3.46555e-12
2.10546e-06
-5.39141e-14
-8.9795e-12
2.02176e-06
-8.37503e-12
1.91434e-06
1.70744e-06
-4.40364e-14
8.83282e-12
3.25808e-10
3.04165e-06
9.38838e-12
3.16377e-10
2.7469e-06
2.79205e-10
2.18094e-06
-3.82974e-14
3.6105e-12
3.79087e-10
3.23772e-06
4.0805e-12
3.70033e-10
2.96442e-06
3.28349e-10
2.44169e-06
-4.03982e-14
1.62298e-13
3.94176e-10
3.33536e-06
6.48424e-14
3.86532e-10
3.08385e-06
3.44259e-10
2.60331e-06
-4.16459e-14
-2.90168e-12
3.67171e-10
3.34995e-06
-3.17488e-12
3.61247e-10
3.12023e-06
3.21777e-10
2.6799e-06
-4.50782e-14
-5.65651e-12
3.01998e-10
3.29383e-06
-5.84368e-12
2.97792e-10
3.08541e-06
2.65046e-10
2.68313e-06
-4.97494e-14
-8.12342e-12
2.11883e-10
3.1766e-06
-7.99561e-12
2.09667e-10
2.98853e-06
1.87384e-10
2.62255e-06
-5.41234e-14
-1.0011e-11
1.17669e-10
3.0046e-06
-9.47609e-12
1.18046e-10
2.836e-06
1.07545e-10
2.50543e-06
-5.68009e-14
-1.09591e-11
4.18444e-11
2.77929e-06
-1.01451e-11
4.45443e-11
2.62955e-06
4.3237e-11
2.33513e-06
-5.68341e-14
-1.06999e-11
-2.46873e-12
2.49151e-06
-9.85389e-12
6.52766e-13
2.3608e-06
3.24425e-12
2.10549e-06
-5.3156e-14
-8.85453e-12
2.02176e-06
-8.24433e-12
1.91434e-06
1.70743e-06
-4.33713e-14
8.7162e-12
3.21663e-10
3.04156e-06
9.27932e-12
3.12443e-10
2.74682e-06
2.75821e-10
2.18088e-06
-3.72299e-14
3.56647e-12
3.74606e-10
3.23766e-06
4.05664e-12
3.65774e-10
2.96437e-06
3.24686e-10
2.44165e-06
-3.94356e-14
1.77778e-13
3.89967e-10
3.33534e-06
9.98361e-14
3.8254e-10
3.08383e-06
3.40825e-10
2.6033e-06
-4.08033e-14
-2.83326e-12
3.63762e-10
3.34998e-06
-3.0897e-12
3.58036e-10
3.12025e-06
3.19017e-10
2.67992e-06
-4.43013e-14
-5.54357e-12
2.99682e-10
3.2939e-06
-5.71886e-12
2.95631e-10
3.08547e-06
2.63171e-10
2.68318e-06
-4.90121e-14
-7.97968e-12
2.10623e-10
3.17669e-06
-7.84411e-12
2.08496e-10
2.98862e-06
1.86307e-10
2.62262e-06
-5.34543e-14
-9.85216e-12
1.17149e-10
3.00471e-06
-9.31247e-12
1.17544e-10
2.83609e-06
1.06988e-10
2.5055e-06
-5.61982e-14
-1.08003e-11
4.16631e-11
2.77937e-06
-9.98238e-12
4.43349e-11
2.62962e-06
4.29204e-11
2.33518e-06
-5.62557e-14
-1.05532e-11
-2.57026e-12
2.49157e-06
-9.702e-12
5.20562e-13
2.36085e-06
3.03985e-12
2.10552e-06
-5.26275e-14
-8.73221e-12
2.02177e-06
-8.1155e-12
1.91434e-06
1.70743e-06
-4.29371e-14
8.60072e-12
3.17603e-10
3.04147e-06
9.17208e-12
3.08587e-10
2.74674e-06
2.72507e-10
2.18082e-06
-3.61722e-14
3.52211e-12
3.70216e-10
3.2376e-06
4.03267e-12
3.61601e-10
2.96432e-06
3.21099e-10
2.4416e-06
-3.84904e-14
1.92284e-13
3.85846e-10
3.33533e-06
1.34028e-13
3.78632e-10
3.08381e-06
3.37469e-10
2.60328e-06
-3.99667e-14
-2.76618e-12
3.60434e-10
3.35001e-06
-3.00544e-12
3.54902e-10
3.12027e-06
3.16332e-10
2.67994e-06
-4.35379e-14
-5.43219e-12
2.97438e-10
3.29397e-06
-5.59496e-12
2.93541e-10
3.08553e-06
2.61364e-10
2.68323e-06
-4.82537e-14
-7.83772e-12
2.09426e-10
3.17679e-06
-7.69349e-12
2.0739e-10
2.9887e-06
1.85292e-10
2.62269e-06
-5.27319e-14
-9.69528e-12
1.16682e-10
3.00481e-06
-9.14973e-12
1.17096e-10
2.83618e-06
1.06482e-10
2.50557e-06
-5.55042e-14
-1.06436e-11
4.15199e-11
2.77946e-06
-9.82066e-12
4.41639e-11
2.62969e-06
4.26391e-11
2.33524e-06
-5.55767e-14
-1.04087e-11
-2.65286e-12
2.49162e-06
-9.55115e-12
4.07103e-13
2.36089e-06
2.85134e-12
2.10555e-06
-5.19972e-14
-8.61212e-12
2.02178e-06
-7.98785e-12
1.91434e-06
1.70742e-06
-4.23952e-14
8.48691e-12
3.13624e-10
3.04138e-06
9.06651e-12
3.04808e-10
2.74666e-06
2.69262e-10
2.18076e-06
-3.53301e-14
3.4773e-12
3.65916e-10
3.23755e-06
4.00826e-12
3.57511e-10
2.96426e-06
3.17588e-10
2.44156e-06
-3.77501e-14
2.0564e-13
3.81812e-10
3.33531e-06
1.67065e-13
3.74807e-10
3.0838e-06
3.34188e-10
2.60326e-06
-3.9373e-14
-2.70069e-12
3.57186e-10
3.35004e-06
-2.92259e-12
3.51846e-10
3.1203e-06
3.13719e-10
2.67996e-06
-4.30257e-14
-5.32271e-12
2.95266e-10
3.29404e-06
-5.47252e-12
2.91521e-10
3.08559e-06
2.59624e-10
2.68328e-06
-4.77661e-14
-7.69786e-12
2.08293e-10
3.17688e-06
-7.54437e-12
2.06345e-10
2.98879e-06
1.84335e-10
2.62275e-06
-5.22761e-14
-9.54069e-12
1.16268e-10
3.00491e-06
-8.98864e-12
1.16701e-10
2.83627e-06
1.06025e-10
2.50564e-06
-5.50841e-14
-1.04894e-11
4.14146e-11
2.77954e-06
-9.66069e-12
4.4031e-11
2.62976e-06
4.23921e-11
2.33529e-06
-5.51823e-14
-1.02668e-11
-2.71747e-12
2.49168e-06
-9.40222e-12
3.1209e-13
2.36093e-06
2.67971e-12
2.10558e-06
-5.16458e-14
-8.49463e-12
2.02178e-06
-7.862e-12
1.91434e-06
1.70742e-06
-4.21313e-14
8.37056e-12
3.09724e-10
3.0413e-06
8.96586e-12
3.01104e-10
2.74658e-06
2.66081e-10
2.1807e-06
-3.42709e-14
3.4318e-12
3.617e-10
3.23749e-06
3.98382e-12
3.53503e-10
2.96421e-06
3.14149e-10
2.44151e-06
-3.69013e-14
2.17813e-13
3.77862e-10
3.3353e-06
1.99751e-13
3.71061e-10
3.08378e-06
3.3098e-10
2.60325e-06
-3.86175e-14
-2.63653e-12
3.54015e-10
3.35006e-06
-2.84044e-12
3.48863e-10
3.12032e-06
3.11175e-10
2.67998e-06
-4.23461e-14
-5.21477e-12
2.93162e-10
3.2941e-06
-5.35085e-12
2.89567e-10
3.08565e-06
2.57947e-10
2.68333e-06
-4.70766e-14
-7.55972e-12
2.07219e-10
3.17698e-06
-7.39604e-12
2.05361e-10
2.98887e-06
1.83437e-10
2.62282e-06
-5.15957e-14
-9.38797e-12
1.15904e-10
3.00501e-06
-8.82834e-12
1.16357e-10
2.83636e-06
1.05617e-10
2.50571e-06
-5.44094e-14
-1.03372e-11
4.13463e-11
2.77963e-06
-9.50161e-12
4.39356e-11
2.62984e-06
4.21794e-11
2.33534e-06
-5.45287e-14
-1.01271e-11
-2.76246e-12
2.49173e-06
-9.25421e-12
2.36518e-13
2.36097e-06
2.52433e-12
2.10561e-06
-5.10441e-14
-8.37929e-12
2.02179e-06
-7.73722e-12
1.91434e-06
1.70741e-06
-4.16152e-14
8.25608e-12
3.05902e-10
3.04121e-06
8.86729e-12
2.97473e-10
2.7465e-06
2.62965e-10
2.18064e-06
-3.34308e-14
3.38635e-12
3.57569e-10
3.23744e-06
3.95909e-12
3.49574e-10
2.96416e-06
3.1078e-10
2.44147e-06
-3.62058e-14
2.29101e-13
3.73995e-10
3.33528e-06
2.3179e-13
3.67394e-10
3.08376e-06
3.27843e-10
2.60323e-06
-3.80292e-14
-2.57364e-12
3.50919e-10
3.35009e-06
-2.75936e-12
3.45952e-10
3.12034e-06
3.08698e-10
2.67999e-06
-4.1822e-14
-5.10849e-12
2.91125e-10
3.29417e-06
-5.23035e-12
2.87679e-10
3.08571e-06
2.56333e-10
2.68338e-06
-4.65679e-14
-7.42349e-12
2.06206e-10
3.17707e-06
-7.24898e-12
2.04437e-10
2.98895e-06
1.82594e-10
2.62289e-06
-5.10973e-14
-9.23735e-12
1.15592e-10
3.00511e-06
-8.66942e-12
1.16064e-10
2.83644e-06
1.05255e-10
2.50578e-06
-5.39341e-14
-1.01874e-11
4.1315e-11
2.77971e-06
-9.34403e-12
4.38772e-11
2.62991e-06
4.20004e-11
2.3354e-06
-5.40813e-14
-9.98974e-12
-2.78861e-12
2.49179e-06
-9.10781e-12
1.79413e-13
2.36102e-06
2.38537e-12
2.10565e-06
-5.06399e-14
-8.26631e-12
2.02179e-06
-7.61396e-12
1.91434e-06
1.70741e-06
-4.1294e-14
8.14272e-12
3.02157e-10
3.04113e-06
8.76974e-12
2.93914e-10
2.74643e-06
2.59912e-10
2.18058e-06
-3.26695e-14
3.34086e-12
3.53521e-10
3.23738e-06
3.93449e-12
3.45723e-10
2.9641e-06
3.07482e-10
2.44143e-06
-3.55676e-14
2.39721e-13
3.70208e-10
3.33526e-06
2.63394e-13
3.63803e-10
3.08374e-06
3.24776e-10
2.60321e-06
-3.74619e-14
-2.51183e-12
3.47896e-10
3.35011e-06
-2.67909e-12
3.43113e-10
3.12036e-06
3.06288e-10
2.68001e-06
-4.12916e-14
-5.00366e-12
2.89153e-10
3.29423e-06
-5.11076e-12
2.85855e-10
3.08577e-06
2.5478e-10
2.68342e-06
-4.60275e-14
-7.28897e-12
2.0525e-10
3.17716e-06
-7.10293e-12
2.03569e-10
2.98904e-06
1.81808e-10
2.62295e-06
-5.05451e-14
-9.08862e-12
1.15329e-10
3.00521e-06
-8.51154e-12
1.1582e-10
2.83653e-06
1.04942e-10
2.50585e-06
-5.33773e-14
-1.00395e-11
4.13202e-11
2.7798e-06
-9.18756e-12
4.38551e-11
2.62998e-06
4.18553e-11
2.33545e-06
-5.35404e-14
-9.85454e-12
-2.79582e-12
2.49184e-06
-8.96257e-12
1.40587e-13
2.36106e-06
2.26215e-12
2.10568e-06
-5.01416e-14
-8.15546e-12
2.0218e-06
-7.49193e-12
1.91434e-06
1.7074e-06
-4.08749e-14
8.03052e-12
2.98486e-10
3.04104e-06
8.67328e-12
2.90423e-10
2.74635e-06
2.5692e-10
2.18053e-06
-3.20903e-14
3.29523e-12
3.49554e-10
3.23733e-06
3.90963e-12
3.41948e-10
2.96405e-06
3.04251e-10
2.44138e-06
-3.51218e-14
2.4951e-13
3.66501e-10
3.33525e-06
2.94147e-13
3.60287e-10
3.08373e-06
3.21777e-10
2.6032e-06
-3.7112e-14
-2.45137e-12
3.44946e-10
3.35014e-06
-2.60014e-12
3.40342e-10
3.12038e-06
3.03941e-10
2.68002e-06
-4.09631e-14
-4.90061e-12
2.87246e-10
3.2943e-06
-4.99266e-12
2.84093e-10
3.08582e-06
2.53286e-10
2.68347e-06
-4.57121e-14
-7.15651e-12
2.04352e-10
3.17725e-06
-6.95852e-12
2.02759e-10
2.98912e-06
1.81075e-10
2.62302e-06
-5.02235e-14
-8.94216e-12
1.15115e-10
3.00531e-06
-8.35546e-12
1.15625e-10
2.83662e-06
1.04674e-10
2.50592e-06
-5.30647e-14
-9.89411e-12
4.13616e-11
2.77988e-06
-9.033e-12
4.38692e-11
2.63005e-06
4.17433e-11
2.33551e-06
-5.32496e-14
-9.72188e-12
-2.78506e-12
2.49189e-06
-8.81935e-12
1.19652e-13
2.3611e-06
2.15563e-12
2.10571e-06
-4.98864e-14
-8.04711e-12
2.0218e-06
-7.37174e-12
1.91434e-06
1.7074e-06
-4.06934e-14
7.9202e-12
2.94887e-10
3.04096e-06
8.57892e-12
2.87e-10
2.74628e-06
2.5399e-10
2.18047e-06
-3.14374e-14
3.2499e-12
3.45664e-10
3.23727e-06
3.88485e-12
3.38247e-10
2.964e-06
3.01087e-10
2.44134e-06
-3.45617e-14
2.5889e-13
3.62869e-10
3.33523e-06
3.24466e-13
3.56843e-10
3.08371e-06
3.18845e-10
2.60318e-06
-3.66214e-14
-2.39185e-12
3.42065e-10
3.35016e-06
-2.52198e-12
3.37637e-10
3.1204e-06
3.01657e-10
2.68004e-06
-4.04736e-14
-4.79894e-12
2.854e-10
3.29436e-06
-4.87552e-12
2.82392e-10
3.08588e-06
2.5185e-10
2.68352e-06
-4.52056e-14
-7.02575e-12
2.03508e-10
3.17734e-06
-6.8152e-12
2.02003e-10
2.9892e-06
1.80395e-10
2.62308e-06
-4.96981e-14
-8.79761e-12
1.14948e-10
3.00541e-06
-8.20049e-12
1.15478e-10
2.8367e-06
1.04452e-10
2.50598e-06
-5.25269e-14
-9.75077e-12
4.14385e-11
2.77996e-06
-8.87962e-12
4.39187e-11
2.63012e-06
4.16646e-11
2.33556e-06
-5.27283e-14
-9.59136e-12
-2.75513e-12
2.49195e-06
-8.67732e-12
1.17535e-13
2.36115e-06
2.06536e-12
2.10574e-06
-4.94077e-14
-7.94085e-12
2.02181e-06
-7.25281e-12
1.91434e-06
1.70739e-06
-4.02828e-14
7.81232e-12
2.9136e-10
3.04088e-06
8.48703e-12
2.83643e-10
2.7462e-06
2.51118e-10
2.18041e-06
-3.09959e-14
3.20511e-12
3.41852e-10
3.23722e-06
3.8604e-12
3.34616e-10
2.96395e-06
2.97987e-10
2.4413e-06
-3.41264e-14
2.67905e-13
3.59312e-10
3.33521e-06
3.54279e-13
3.53469e-10
3.08369e-06
3.15977e-10
2.60316e-06
-3.62478e-14
-2.33339e-12
3.39252e-10
3.35018e-06
-2.44484e-12
3.34997e-10
3.12042e-06
2.99433e-10
2.68005e-06
-4.00965e-14
-4.69888e-12
2.83614e-10
3.29442e-06
-4.7597e-12
2.80748e-10
3.08593e-06
2.50469e-10
2.68356e-06
-4.48317e-14
-6.89695e-12
2.02718e-10
3.17743e-06
-6.6734e-12
2.013e-10
2.98928e-06
1.79766e-10
2.62315e-06
-4.93147e-14
-8.65523e-12
1.14828e-10
3.0055e-06
-8.04721e-12
1.15377e-10
2.83679e-06
1.04274e-10
2.50605e-06
-5.21538e-14
-9.60974e-12
4.15506e-11
2.78005e-06
-8.72802e-12
4.40034e-11
2.63019e-06
4.16185e-11
2.33561e-06
-5.23798e-14
-9.46324e-12
-2.70692e-12
2.492e-06
-8.53715e-12
1.33672e-13
2.36119e-06
1.9915e-12
2.10577e-06
-4.90975e-14
-7.83693e-12
2.02181e-06
-7.13558e-12
1.91434e-06
1.70739e-06
-4.00403e-14
7.70702e-12
2.87901e-10
3.0408e-06
8.39626e-12
2.80349e-10
2.74613e-06
2.48304e-10
2.18036e-06
-3.04928e-14
3.16096e-12
3.38115e-10
3.23717e-06
3.83629e-12
3.31056e-10
2.9639e-06
2.94951e-10
2.44125e-06
-3.36673e-14
2.76749e-13
3.55828e-10
3.33519e-06
3.83557e-13
3.50163e-10
3.08367e-06
3.13172e-10
2.60314e-06
-3.58304e-14
-2.27584e-12
3.36504e-10
3.3502e-06
-2.36861e-12
3.3242e-10
3.12044e-06
2.97269e-10
2.68007e-06
-3.96812e-14
-4.60027e-12
2.81886e-10
3.29448e-06
-4.64506e-12
2.79162e-10
3.08599e-06
2.49144e-10
2.6836e-06
-4.43919e-14
-6.76998e-12
2.0198e-10
3.17751e-06
-6.53296e-12
2.00649e-10
2.98935e-06
1.79189e-10
2.62321e-06
-4.88558e-14
-8.51489e-12
1.14754e-10
3.0056e-06
-7.89535e-12
1.15323e-10
2.83687e-06
1.04142e-10
2.50612e-06
-5.16873e-14
-9.47089e-12
4.16976e-11
2.78013e-06
-8.57791e-12
4.4123e-11
2.63026e-06
4.16054e-11
2.33567e-06
-5.19329e-14
-9.33735e-12
-2.63919e-12
2.49205e-06
-8.39848e-12
1.68105e-13
2.36123e-06
1.93361e-12
2.1058e-06
-4.86937e-14
-7.73519e-12
2.02182e-06
-7.01985e-12
1.91434e-06
1.70738e-06
-3.9707e-14
7.60342e-12
2.84511e-10
3.04072e-06
8.30713e-12
2.77119e-10
2.74606e-06
2.45548e-10
2.1803e-06
-3.01418e-14
3.11726e-12
3.34451e-10
3.23711e-06
3.81238e-12
3.27564e-10
2.96385e-06
2.91978e-10
2.44121e-06
-3.33381e-14
2.85212e-13
3.52416e-10
3.33517e-06
4.12036e-13
3.46924e-10
3.08365e-06
3.1043e-10
2.60313e-06
-3.55521e-14
-2.21944e-12
3.33822e-10
3.35022e-06
-2.29366e-12
3.29904e-10
3.12046e-06
2.95163e-10
2.68008e-06
-3.94116e-14
-4.50343e-12
2.80216e-10
3.29454e-06
-4.53209e-12
2.77631e-10
3.08604e-06
2.47873e-10
2.68365e-06
-4.41163e-14
-6.64517e-12
2.01294e-10
3.1776e-06
-6.39444e-12
2.00049e-10
2.98943e-06
1.7866e-10
2.62327e-06
-4.85712e-14
-8.37695e-12
1.14726e-10
3.00569e-06
-7.74557e-12
1.15314e-10
2.83696e-06
1.04053e-10
2.50619e-06
-5.14145e-14
-9.33459e-12
4.18794e-11
2.78021e-06
-8.42997e-12
4.42773e-11
2.63033e-06
4.16247e-11
2.33572e-06
-5.16888e-14
-9.21405e-12
-2.5526e-12
2.49211e-06
-8.26204e-12
2.20494e-13
2.36127e-06
1.89257e-12
2.10583e-06
-4.84928e-14
-7.63598e-12
2.02182e-06
-6.90617e-12
1.91433e-06
1.70738e-06
-3.9582e-14
7.50187e-12
2.81186e-10
3.04064e-06
8.22015e-12
2.7395e-10
2.74598e-06
2.42848e-10
2.18025e-06
-2.97205e-14
3.07439e-12
3.30858e-10
3.23706e-06
3.78905e-12
3.24139e-10
2.96379e-06
2.89066e-10
2.44117e-06
-3.28922e-14
2.936e-13
3.49072e-10
3.33516e-06
4.40139e-13
3.43751e-10
3.08363e-06
3.07748e-10
2.60311e-06
-3.51059e-14
-2.16391e-12
3.31201e-10
3.35024e-06
-2.21959e-12
3.27447e-10
3.12047e-06
2.93112e-10
2.68009e-06
-3.89628e-14
-4.40807e-12
2.78601e-10
3.29459e-06
-4.42039e-12
2.76153e-10
3.08609e-06
2.46653e-10
2.68369e-06
-4.36364e-14
-6.52227e-12
2.00657e-10
3.17768e-06
-6.25741e-12
1.99497e-10
2.98951e-06
1.78181e-10
2.62334e-06
-4.80767e-14
-8.24115e-12
1.1474e-10
3.00579e-06
-7.59735e-12
1.15348e-10
2.83704e-06
1.04007e-10
2.50625e-06
-5.0915e-14
-9.20056e-12
4.2095e-11
2.78029e-06
-8.28364e-12
4.44656e-11
2.6304e-06
4.16766e-11
2.33578e-06
-5.122e-14
-9.09307e-12
-2.4472e-12
2.49216e-06
-8.12718e-12
2.91646e-13
2.36132e-06
1.86804e-12
2.10586e-06
-4.80789e-14
-7.53898e-12
2.02183e-06
-6.79405e-12
1.91433e-06
1.70737e-06
-3.92469e-14
7.40244e-12
2.77926e-10
3.04056e-06
8.1353e-12
2.70841e-10
2.74591e-06
2.40202e-10
2.18019e-06
-2.93886e-14
3.03238e-12
3.27335e-10
3.23701e-06
3.76619e-12
3.20779e-10
2.96374e-06
2.86214e-10
2.44113e-06
-3.24864e-14
3.01847e-13
3.45796e-10
3.33514e-06
4.67702e-13
3.4064e-10
3.08361e-06
3.05124e-10
2.60309e-06
-3.47039e-14
-2.1094e-12
3.28641e-10
3.35026e-06
-2.14671e-12
3.25048e-10
3.12049e-06
2.91117e-10
2.6801e-06
-3.8554e-14
-4.31443e-12
2.77039e-10
3.29465e-06
-4.31032e-12
2.74727e-10
3.08614e-06
2.45484e-10
2.68373e-06
-4.32268e-14
-6.40152e-12
2.00069e-10
3.17777e-06
-6.12228e-12
1.98994e-10
2.98958e-06
1.77749e-10
2.6234e-06
-4.76643e-14
-8.10773e-12
1.14798e-10
3.00588e-06
-7.45119e-12
1.15426e-10
2.83713e-06
1.04003e-10
2.50632e-06
-5.05261e-14
-9.06902e-12
4.23442e-11
2.78038e-06
-8.13945e-12
4.46878e-11
2.63047e-06
4.17605e-11
2.33583e-06
-5.0872e-14
-8.97464e-12
-2.32407e-12
2.49222e-06
-7.9945e-12
3.81106e-13
2.36136e-06
1.86027e-12
2.1059e-06
-4.77872e-14
-7.44441e-12
2.02183e-06
-6.68391e-12
1.91433e-06
1.70737e-06
-3.90422e-14
7.30535e-12
2.74728e-10
3.04048e-06
8.0528e-12
2.67791e-10
2.74584e-06
2.37611e-10
2.18014e-06
-2.90803e-14
2.99145e-12
3.2388e-10
3.23696e-06
3.744e-12
3.17483e-10
2.96369e-06
2.8342e-10
2.44108e-06
-3.20595e-14
3.10156e-13
3.42586e-10
3.33512e-06
4.94924e-13
3.37592e-10
3.08359e-06
3.02559e-10
2.60307e-06
-3.424e-14
-2.05573e-12
3.26141e-10
3.35028e-06
-2.07483e-12
3.22705e-10
3.1205e-06
2.89176e-10
2.68011e-06
-3.80796e-14
-4.22232e-12
2.75529e-10
3.2947e-06
-4.2017e-12
2.73351e-10
3.08619e-06
2.44365e-10
2.68377e-06
-4.27278e-14
-6.28277e-12
1.99527e-10
3.17785e-06
-5.98887e-12
1.98536e-10
2.98966e-06
1.77364e-10
2.62346e-06
-4.71554e-14
-7.97653e-12
1.14899e-10
3.00597e-06
-7.30685e-12
1.15546e-10
2.83721e-06
1.04042e-10
2.50638e-06
-5.00242e-14
-8.93983e-12
4.26268e-11
2.78046e-06
-7.99712e-12
4.49435e-11
2.63054e-06
4.18769e-11
2.33589e-06
-5.04094e-14
-8.85858e-12
-2.18106e-12
2.49227e-06
-7.86366e-12
4.88951e-13
2.3614e-06
1.86882e-12
2.10593e-06
-4.73882e-14
-7.35217e-12
2.02184e-06
-6.57553e-12
1.91433e-06
1.70736e-06
-3.87381e-14
7.21058e-12
2.71592e-10
3.0404e-06
7.9725e-12
2.64799e-10
2.74577e-06
2.35073e-10
2.18008e-06
-2.89114e-14
2.95154e-12
3.20492e-10
3.23691e-06
3.72225e-12
3.14249e-10
2.96364e-06
2.80684e-10
2.44104e-06
-3.17193e-14
3.18358e-13
3.39441e-10
3.3351e-06
5.21517e-13
3.34603e-10
3.08357e-06
3.00049e-10
2.60305e-06
-3.38679e-14
-2.00312e-12
3.23698e-10
3.3503e-06
-2.00436e-12
3.20416e-10
3.12052e-06
2.87286e-10
2.68012e-06
-3.76956e-14
-4.13206e-12
2.74071e-10
3.29476e-06
-4.09503e-12
2.72024e-10
3.08624e-06
2.43294e-10
2.68381e-06
-4.2334e-14
-6.16633e-12
1.99032e-10
3.17793e-06
-5.85773e-12
1.98125e-10
2.98973e-06
1.77024e-10
2.62352e-06
-4.67595e-14
-7.84789e-12
1.15041e-10
3.00606e-06
-7.16494e-12
1.15708e-10
2.83729e-06
1.04122e-10
2.50645e-06
-4.96524e-14
-8.81331e-12
4.29427e-11
2.78054e-06
-7.8573e-12
4.52323e-11
2.63061e-06
4.20252e-11
2.33594e-06
-5.00853e-14
-8.74523e-12
-2.01894e-12
2.49232e-06
-7.73534e-12
6.14818e-13
2.36145e-06
1.89458e-12
2.10596e-06
-4.71297e-14
-7.26257e-12
2.02184e-06
-6.46947e-12
1.91433e-06
1.70736e-06
-3.85831e-14
7.11833e-12
2.68515e-10
3.04033e-06
7.89469e-12
2.61863e-10
2.7457e-06
2.32586e-10
2.18003e-06
-2.86744e-14
2.91293e-12
3.17169e-10
3.23685e-06
3.70129e-12
3.11075e-10
2.96359e-06
2.78003e-10
2.441e-06
-3.12632e-14
3.26747e-13
3.36359e-10
3.33508e-06
5.47823e-13
3.31672e-10
3.08355e-06
2.97594e-10
2.60303e-06
-3.33329e-14
-1.95126e-12
3.21312e-10
3.35032e-06
-1.93493e-12
3.18179e-10
3.12053e-06
2.85447e-10
2.68013e-06
-3.71312e-14
-4.04331e-12
2.72661e-10
3.29481e-06
-3.98992e-12
2.70743e-10
3.08629e-06
2.4227e-10
2.68385e-06
-4.1731e-14
-6.05187e-12
1.98581e-10
3.17801e-06
-5.72843e-12
1.97756e-10
2.9898e-06
1.76729e-10
2.62358e-06
-4.61456e-14
-7.72146e-12
1.15224e-10
3.00616e-06
-7.02496e-12
1.1591e-10
2.83737e-06
1.04243e-10
2.50652e-06
-4.9045e-14
-8.68912e-12
4.32912e-11
2.78062e-06
-7.71945e-12
4.55535e-11
2.63068e-06
4.22053e-11
2.33599e-06
-4.95245e-14
-8.63426e-12
-1.83863e-12
2.49238e-06
-7.60895e-12
7.59323e-13
2.36149e-06
1.93723e-12
2.10599e-06
-4.66434e-14
-7.17523e-12
2.02185e-06
-6.36525e-12
1.91433e-06
1.70736e-06
-3.8203e-14
7.0286e-12
2.65497e-10
3.04025e-06
7.81932e-12
2.58983e-10
2.74563e-06
2.3015e-10
2.17998e-06
-2.85048e-14
2.87561e-12
3.13909e-10
3.2368e-06
3.68099e-12
3.07961e-10
2.96354e-06
2.75377e-10
2.44096e-06
-3.08481e-14
3.35285e-13
3.33337e-10
3.33506e-06
5.73662e-13
3.28799e-10
3.08353e-06
2.95192e-10
2.60301e-06
-3.2838e-14
-1.90022e-12
3.1898e-10
3.35033e-06
-1.86677e-12
3.15993e-10
3.12054e-06
2.83658e-10
2.68014e-06
-3.65931e-14
-3.95615e-12
2.71299e-10
3.29486e-06
-3.88664e-12
2.69507e-10
3.08633e-06
2.41291e-10
2.68389e-06
-4.11724e-14
-5.93948e-12
1.98174e-10
3.17809e-06
-5.6013e-12
1.97429e-10
2.98988e-06
1.76477e-10
2.62364e-06
-4.55818e-14
-7.59734e-12
1.15446e-10
3.00625e-06
-6.88733e-12
1.16152e-10
2.83745e-06
1.04405e-10
2.50658e-06
-4.85084e-14
-8.56737e-12
4.36723e-11
2.7807e-06
-7.58399e-12
4.59071e-11
2.63075e-06
4.24171e-11
2.33605e-06
-4.90399e-14
-8.52578e-12
-1.63889e-12
2.49243e-06
-7.48497e-12
9.2222e-13
2.36154e-06
1.99706e-12
2.10603e-06
-4.62324e-14
-7.09035e-12
2.02185e-06
-6.26322e-12
1.91433e-06
1.70735e-06
-3.79049e-14
6.94143e-12
2.62537e-10
3.04018e-06
7.74644e-12
2.56156e-10
2.74556e-06
2.27764e-10
2.17993e-06
-2.8342e-14
2.83964e-12
3.10712e-10
3.23675e-06
3.66148e-12
3.04904e-10
2.96349e-06
2.72805e-10
2.44092e-06
-3.04332e-14
3.44094e-13
3.30376e-10
3.33504e-06
5.99158e-13
3.2598e-10
3.08351e-06
2.92843e-10
2.60299e-06
-3.23006e-14
-1.84985e-12
3.16701e-10
3.35035e-06
-1.79975e-12
3.13856e-10
3.12055e-06
2.81916e-10
2.68015e-06
-3.59934e-14
-3.87042e-12
2.69984e-10
3.29491e-06
-3.78505e-12
2.68315e-10
3.08638e-06
2.40357e-10
2.68393e-06
-4.05277e-14
-5.82898e-12
1.97809e-10
3.17817e-06
-5.47616e-12
1.97143e-10
2.98995e-06
1.76268e-10
2.6237e-06
-4.49218e-14
-7.47532e-12
1.15708e-10
3.00634e-06
-6.7518e-12
1.16432e-10
2.83753e-06
1.04606e-10
2.50665e-06
-4.78591e-14
-8.44781e-12
4.40857e-11
2.78078e-06
-7.45068e-12
4.6293e-11
2.63082e-06
4.26607e-11
2.3361e-06
-4.8437e-14
-8.41956e-12
-1.41877e-12
2.49248e-06
-7.36311e-12
1.10375e-12
2.36158e-06
2.07376e-12
2.10606e-06
-4.57068e-14
-7.00774e-12
2.02186e-06
-6.16321e-12
1.91433e-06
1.70735e-06
-3.74982e-14
6.85667e-12
2.59632e-10
3.0401e-06
7.6758e-12
2.53382e-10
2.7455e-06
2.25427e-10
2.17987e-06
-2.82926e-14
2.80487e-12
3.07575e-10
3.2367e-06
3.64253e-12
3.01904e-10
2.96344e-06
2.70284e-10
2.44088e-06
-3.01264e-14
3.53e-13
3.27474e-10
3.33502e-06
6.24067e-13
3.23216e-10
3.08348e-06
2.90544e-10
2.60298e-06
-3.18657e-14
-1.80032e-12
3.14475e-10
3.35036e-06
-1.73418e-12
3.11767e-10
3.12057e-06
2.8022e-10
2.68016e-06
-3.54741e-14
-3.78631e-12
2.68714e-10
3.29496e-06
-3.6855e-12
2.67166e-10
3.08642e-06
2.39465e-10
2.68396e-06
-3.99807e-14
-5.72055e-12
1.97485e-10
3.17825e-06
-5.35342e-12
1.96898e-10
2.99002e-06
1.761e-10
2.62376e-06
-4.43661e-14
-7.35558e-12
1.16009e-10
3.00642e-06
-6.61883e-12
1.16751e-10
2.83761e-06
1.04846e-10
2.50671e-06
-4.73303e-14
-8.33063e-12
4.4531e-11
2.78086e-06
-7.31998e-12
4.67108e-11
2.63089e-06
4.29356e-11
2.33616e-06
-4.79594e-14
-8.31576e-12
-1.18124e-12
2.49254e-06
-7.2439e-12
1.30366e-12
2.36162e-06
2.16814e-12
2.10609e-06
-4.53056e-14
-6.92751e-12
2.02187e-06
-6.06562e-12
1.91433e-06
1.70734e-06
-3.72234e-14
6.77416e-12
2.56783e-10
3.04003e-06
7.60731e-12
2.5066e-10
2.74543e-06
2.23136e-10
2.17982e-06
-2.81626e-14
2.77148e-12
3.04498e-10
3.23665e-06
3.62464e-12
2.98959e-10
2.9634e-06
2.67815e-10
2.44084e-06
-2.97586e-14
3.62241e-13
3.24628e-10
3.335e-06
6.48789e-13
3.20504e-10
3.08346e-06
2.88295e-10
2.60296e-06
-3.12984e-14
-1.75132e-12
3.12299e-10
3.35038e-06
-1.66957e-12
3.09725e-10
3.12058e-06
2.7857e-10
2.68017e-06
-3.47935e-14
-3.70345e-12
2.67488e-10
3.29501e-06
-3.58752e-12
2.66058e-10
3.08647e-06
2.38615e-10
2.684e-06
-3.92499e-14
-5.61381e-12
1.97201e-10
3.17832e-06
-5.23257e-12
1.9669e-10
2.99009e-06
1.75973e-10
2.62381e-06
-4.36203e-14
-7.23773e-12
1.16347e-10
3.00651e-06
-6.48786e-12
1.17106e-10
2.83769e-06
1.05125e-10
2.50677e-06
-4.65959e-14
-8.21542e-12
4.5008e-11
2.78094e-06
-7.19132e-12
4.71601e-11
2.63096e-06
4.32419e-11
2.33621e-06
-4.72733e-14
-8.214e-12
-9.23204e-13
2.49259e-06
-7.12668e-12
1.52261e-12
2.36167e-06
2.27993e-12
2.10613e-06
-4.47016e-14
-6.84935e-12
2.02187e-06
-5.96995e-12
1.91433e-06
1.70734e-06
-3.67471e-14
6.69306e-12
2.53986e-10
3.03995e-06
7.53989e-12
2.47989e-10
2.74536e-06
2.20893e-10
2.17977e-06
-2.79119e-14
2.73904e-12
3.01478e-10
3.2366e-06
3.6072e-12
2.96068e-10
2.96335e-06
2.65396e-10
2.4408e-06
-2.94121e-14
3.71531e-13
3.21838e-10
3.33498e-06
6.72872e-13
3.17843e-10
3.08344e-06
2.86094e-10
2.60294e-06
-3.07661e-14
-1.70307e-12
3.10172e-10
3.35039e-06
-1.60632e-12
3.07727e-10
3.12059e-06
2.76964e-10
2.68018e-06
-3.41421e-14
-3.62203e-12
2.66304e-10
3.29506e-06
-3.49147e-12
2.64989e-10
3.08651e-06
2.37805e-10
2.68403e-06
-3.85708e-14
-5.50889e-12
1.96956e-10
3.1784e-06
-5.11396e-12
1.96521e-10
2.99015e-06
1.75884e-10
2.62387e-06
-4.29379e-14
-7.12188e-12
1.16722e-10
3.0066e-06
-6.35929e-12
1.17499e-10
2.83777e-06
1.05441e-10
2.50684e-06
-4.59468e-14
-8.1023e-12
4.55167e-11
2.78102e-06
-7.06509e-12
4.76409e-11
2.63102e-06
4.35794e-11
2.33627e-06
-4.66781e-14
-8.11439e-12
-6.44548e-13
2.49265e-06
-7.01192e-12
1.7605e-12
2.36171e-06
2.40962e-12
2.10616e-06
-4.41864e-14
-6.7734e-12
2.02188e-06
-5.87654e-12
1.91434e-06
1.70734e-06
-3.63642e-14
6.61377e-12
2.51242e-10
3.03988e-06
7.47374e-12
2.45368e-10
2.7453e-06
2.18696e-10
2.17972e-06
-2.78128e-14
2.70768e-12
2.98516e-10
3.23655e-06
3.59033e-12
2.9323e-10
2.9633e-06
2.63027e-10
2.44075e-06
-2.90756e-14
3.81021e-13
3.19102e-10
3.33496e-06
6.96473e-13
3.15233e-10
3.08342e-06
2.8394e-10
2.60292e-06
-3.02212e-14
-1.65538e-12
3.08092e-10
3.3504e-06
-1.54422e-12
3.05774e-10
3.1206e-06
2.754e-10
2.68019e-06
-3.34656e-14
-3.54179e-12
2.65161e-10
3.2951e-06
-3.39713e-12
2.63959e-10
3.08655e-06
2.37035e-10
2.68407e-06
-3.78404e-14
-5.40556e-12
1.96749e-10
3.17847e-06
-4.99736e-12
1.96388e-10
2.99022e-06
1.75835e-10
2.62393e-06
-4.21938e-14
-7.00776e-12
1.17133e-10
3.00669e-06
-6.23281e-12
1.17927e-10
2.83784e-06
1.05795e-10
2.5069e-06
-4.5219e-14
-7.99096e-12
4.60562e-11
2.7811e-06
-6.94097e-12
4.81529e-11
2.63109e-06
4.39483e-11
2.33632e-06
-4.59967e-14
-8.01661e-12
-3.4864e-13
2.4927e-06
-6.89924e-12
2.01734e-12
2.36176e-06
2.5569e-12
2.1062e-06
-4.35859e-14
-6.69922e-12
2.02188e-06
-5.78514e-12
1.91434e-06
1.70733e-06
-3.5899e-14
6.5365e-12
2.4855e-10
3.03981e-06
7.40957e-12
2.42795e-10
2.74523e-06
2.16543e-10
2.17967e-06
-2.7791e-14
2.67736e-12
2.95609e-10
3.2365e-06
3.57401e-12
2.90445e-10
2.96325e-06
2.60704e-10
2.44071e-06
-2.88088e-14
3.90629e-13
3.16419e-10
3.33494e-06
7.19503e-13
3.12672e-10
3.0834e-06
2.81832e-10
2.60289e-06
-2.97819e-14
-1.60838e-12
3.06059e-10
3.35042e-06
-1.48349e-12
3.03864e-10
3.1206e-06
2.73877e-10
2.68019e-06
-3.28987e-14
-3.46291e-12
2.64058e-10
3.29515e-06
-3.30475e-12
2.62967e-10
3.08659e-06
2.36302e-10
2.6841e-06
-3.72287e-14
-5.30394e-12
1.96578e-10
3.17854e-06
-4.88306e-12
1.96291e-10
2.99029e-06
1.75822e-10
2.62398e-06
-4.15715e-14
-6.8955e-12
1.1758e-10
3.00677e-06
-6.10877e-12
1.18391e-10
2.83792e-06
1.06186e-10
2.50697e-06
-4.46227e-14
-7.88153e-12
4.66265e-11
2.78118e-06
-6.81931e-12
4.86956e-11
2.63116e-06
4.43481e-11
2.33638e-06
-4.54486e-14
-7.92079e-12
-3.55751e-14
2.49276e-06
-6.78903e-12
2.29278e-12
2.3618e-06
2.72253e-12
2.10623e-06
-4.3114e-14
-6.62696e-12
2.02189e-06
-5.69606e-12
1.91434e-06
1.70733e-06
-3.55637e-14
6.46136e-12
2.45907e-10
3.03974e-06
7.34758e-12
2.4027e-10
2.74516e-06
2.14433e-10
2.17962e-06
-2.76603e-14
2.64818e-12
2.92756e-10
3.23645e-06
3.5584e-12
2.87709e-10
2.9632e-06
2.58428e-10
2.44067e-06
-2.84415e-14
4.005e-13
3.13788e-10
3.33491e-06
7.42208e-13
3.10159e-10
3.08337e-06
2.79768e-10
2.60287e-06
-2.92308e-14
-1.56188e-12
3.04071e-10
3.35043e-06
-1.42382e-12
3.01995e-10
3.12061e-06
2.72394e-10
2.6802e-06
-3.22183e-14
-3.38516e-12
2.62993e-10
3.29519e-06
-3.21399e-12
2.6201e-10
3.08663e-06
2.35606e-10
2.68414e-06
-3.6478e-14
-5.20382e-12
1.96442e-10
3.17861e-06
-4.77066e-12
1.96227e-10
2.99035e-06
1.75845e-10
2.62404e-06
-4.07997e-14
-6.78486e-12
1.1806e-10
3.00686e-06
-5.98669e-12
1.18889e-10
2.838e-06
1.06612e-10
2.50703e-06
-4.38582e-14
-7.77375e-12
4.72272e-11
2.78125e-06
-6.69961e-12
4.92686e-11
2.63123e-06
4.47787e-11
2.33643e-06
-4.47251e-14
-7.82666e-12
2.97117e-13
2.49281e-06
-6.68073e-12
2.58731e-12
2.36185e-06
2.90631e-12
2.10627e-06
-4.24683e-14
-6.55641e-12
2.0219e-06
-5.60887e-12
1.91434e-06
1.70733e-06
-3.50499e-14
6.38824e-12
2.43315e-10
3.03967e-06
7.28763e-12
2.37791e-10
2.7451e-06
2.12366e-10
2.17957e-06
-2.75547e-14
2.62e-12
2.89956e-10
3.2364e-06
3.54325e-12
2.85024e-10
2.96315e-06
2.56196e-10
2.44063e-06
-2.81087e-14
4.10498e-13
3.11207e-10
3.33489e-06
7.64384e-13
3.07692e-10
3.08335e-06
2.77746e-10
2.60285e-06
-2.87406e-14
-1.51604e-12
3.02126e-10
3.35044e-06
-1.36545e-12
3.00167e-10
3.12062e-06
2.7095e-10
2.6802e-06
-3.16061e-14
-3.30868e-12
2.61965e-10
3.29524e-06
-3.12507e-12
2.61088e-10
3.08667e-06
2.34944e-10
2.68417e-06
-3.58085e-14
-5.10532e-12
1.96341e-10
3.17869e-06
-4.66042e-12
1.96197e-10
2.99042e-06
1.75903e-10
2.62409e-06
-4.01132e-14
-6.67594e-12
1.18574e-10
3.00694e-06
-5.86688e-12
1.1942e-10
2.83807e-06
1.07074e-10
2.50709e-06
-4.31912e-14
-7.6677e-12
4.78582e-11
2.78133e-06
-6.58219e-12
4.98716e-11
2.6313e-06
4.52398e-11
2.33649e-06
-4.41002e-14
-7.73429e-12
6.49262e-13
2.49287e-06
-6.5747e-12
2.90076e-12
2.36189e-06
3.10859e-12
2.1063e-06
-4.19158e-14
-6.48765e-12
2.02191e-06
-5.5238e-12
1.91434e-06
1.70732e-06
-3.46276e-14
6.31713e-12
2.40771e-10
3.0396e-06
7.22976e-12
2.35358e-10
2.74504e-06
2.1034e-10
2.17952e-06
-2.7421e-14
2.59286e-12
2.87209e-10
3.23635e-06
3.52864e-12
2.82387e-10
2.96311e-06
2.54009e-10
2.44059e-06
-2.77685e-14
4.20716e-13
3.08676e-10
3.33487e-06
7.86145e-13
3.05272e-10
3.08333e-06
2.75768e-10
2.60283e-06
-2.8238e-14
-1.47071e-12
3.00224e-10
3.35045e-06
-1.30821e-12
2.98378e-10
3.12063e-06
2.69543e-10
2.68021e-06
-3.09854e-14
-3.23331e-12
2.60973e-10
3.29528e-06
-3.0378e-12
2.60201e-10
3.08671e-06
2.34318e-10
2.6842e-06
-3.51118e-14
-5.00828e-12
1.96272e-10
3.17875e-06
-4.5521e-12
1.962e-10
2.99048e-06
1.75995e-10
2.62414e-06
-3.93888e-14
-6.56854e-12
1.19122e-10
3.00703e-06
-5.74905e-12
1.19985e-10
2.83815e-06
1.07571e-10
2.50716e-06
-4.24688e-14
-7.56316e-12
4.85193e-11
2.78141e-06
-6.46672e-12
5.0505e-11
2.63137e-06
4.57318e-11
2.33654e-06
-4.34114e-14
-7.64346e-12
1.02126e-12
2.49292e-06
-6.47059e-12
3.23354e-12
2.36194e-06
3.32917e-12
2.10634e-06
-4.12988e-14
-6.42047e-12
2.02191e-06
-5.44059e-12
1.91434e-06
1.70732e-06
-3.41389e-14
6.24783e-12
2.38274e-10
3.03953e-06
7.17376e-12
2.32969e-10
2.74497e-06
2.08355e-10
2.17947e-06
-2.73644e-14
2.56656e-12
2.84513e-10
3.2363e-06
3.5143e-12
2.79798e-10
2.96306e-06
2.51866e-10
2.44055e-06
-2.75149e-14
4.30935e-13
3.06193e-10
3.33485e-06
8.07244e-13
3.02896e-10
3.0833e-06
2.7383e-10
2.60281e-06
-2.78479e-14
-1.42614e-12
2.98364e-10
3.35046e-06
-1.25238e-12
2.96628e-10
3.12063e-06
2.68172e-10
2.68021e-06
-3.04822e-14
-3.15931e-12
2.60016e-10
3.29532e-06
-2.95248e-12
2.59347e-10
3.08675e-06
2.33723e-10
2.68423e-06
-3.45451e-14
-4.91293e-12
1.96235e-10
3.17882e-06
-4.44602e-12
1.96234e-10
2.99054e-06
1.7612e-10
2.6242e-06
-3.87968e-14
-6.46289e-12
1.19701e-10
3.00711e-06
-5.63354e-12
1.20583e-10
2.83822e-06
1.08102e-10
2.50722e-06
-4.18873e-14
-7.46036e-12
4.92103e-11
2.78149e-06
-6.35357e-12
5.11686e-11
2.63144e-06
4.62541e-11
2.3366e-06
-4.28647e-14
-7.55437e-12
1.41274e-12
2.49298e-06
-6.36879e-12
3.58571e-12
2.36199e-06
3.56887e-12
2.10637e-06
-4.08202e-14
-6.35505e-12
2.02192e-06
-5.35955e-12
1.91435e-06
1.70732e-06
-3.37884e-14
6.18041e-12
2.35824e-10
3.03946e-06
7.11976e-12
2.30624e-10
2.74491e-06
2.06411e-10
2.17942e-06
-2.72234e-14
2.54119e-12
2.81866e-10
3.23626e-06
3.50044e-12
2.77256e-10
2.96301e-06
2.49764e-10
2.44051e-06
-2.71875e-14
4.41303e-13
3.03757e-10
3.33483e-06
8.27935e-13
3.00564e-10
3.08328e-06
2.71931e-10
2.60279e-06
-2.73704e-14
-1.38215e-12
2.96543e-10
3.35047e-06
-1.19766e-12
2.94915e-10
3.12064e-06
2.66837e-10
2.68022e-06
-2.98894e-14
-3.08646e-12
2.59092e-10
3.29536e-06
-2.86874e-12
2.58524e-10
3.08678e-06
2.33161e-10
2.68427e-06
-3.38689e-14
-4.81901e-12
1.96229e-10
3.17889e-06
-4.34179e-12
1.96299e-10
2.99061e-06
1.76278e-10
2.62425e-06
-3.80871e-14
-6.35874e-12
1.20312e-10
3.00719e-06
-5.51991e-12
1.21212e-10
2.8383e-06
1.08666e-10
2.50728e-06
-4.11713e-14
-7.35903e-12
4.99305e-11
2.78157e-06
-6.24224e-12
5.18619e-11
2.6315e-06
4.68068e-11
2.33665e-06
-4.21796e-14
-7.46675e-12
1.82447e-12
2.49303e-06
-6.26875e-12
3.9578e-12
2.36203e-06
3.82759e-12
2.10641e-06
-4.02066e-14
-6.29112e-12
2.02193e-06
-5.28024e-12
1.91435e-06
1.70732e-06
-3.32985e-14
6.11476e-12
2.3342e-10
3.03939e-06
7.06761e-12
2.28321e-10
2.74485e-06
2.04505e-10
2.17937e-06
-2.71114e-14
2.51666e-12
2.79268e-10
3.23621e-06
3.4869e-12
2.74759e-10
2.96296e-06
2.47704e-10
2.44047e-06
-2.68889e-14
4.51739e-13
3.01367e-10
3.3348e-06
8.48087e-13
2.98275e-10
3.08325e-06
2.70072e-10
2.60277e-06
-2.69507e-14
-1.33882e-12
2.94761e-10
3.35047e-06
-1.1442e-12
2.93239e-10
3.12064e-06
2.65535e-10
2.68022e-06
-2.93643e-14
-3.01484e-12
2.58201e-10
3.2954e-06
-2.78677e-12
2.57733e-10
3.08682e-06
2.32629e-10
2.6843e-06
-3.32749e-14
-4.72663e-12
1.96252e-10
3.17896e-06
-4.23958e-12
1.96393e-10
2.99067e-06
1.76466e-10
2.6243e-06
-3.74632e-14
-6.25617e-12
1.20953e-10
3.00727e-06
-5.40837e-12
1.21873e-10
2.83837e-06
1.09263e-10
2.50734e-06
-4.05548e-14
-7.25924e-12
5.06797e-11
2.78164e-06
-6.13298e-12
5.25852e-11
2.63157e-06
4.73898e-11
2.33671e-06
-4.15965e-14
-7.38066e-12
2.25598e-12
2.49309e-06
-6.17075e-12
4.34992e-12
2.36208e-06
4.10573e-12
2.10645e-06
-3.96922e-14
-6.22873e-12
2.02194e-06
-5.20285e-12
1.91435e-06
1.70732e-06
-3.29074e-14
6.05085e-12
2.3106e-10
3.03932e-06
7.0173e-12
2.2606e-10
2.74479e-06
2.02638e-10
2.17933e-06
-2.69813e-14
2.49298e-12
2.76718e-10
3.23616e-06
3.47373e-12
2.72307e-10
2.96292e-06
2.45685e-10
2.44043e-06
-2.65784e-14
4.62278e-13
2.99021e-10
3.33478e-06
8.67784e-13
2.96028e-10
3.08323e-06
2.68251e-10
2.60275e-06
-2.65194e-14
-1.29609e-12
2.93017e-10
3.35048e-06
-1.09187e-12
2.91599e-10
3.12065e-06
2.64267e-10
2.68022e-06
-2.8836e-14
-2.9444e-12
2.5734e-10
3.29544e-06
-2.70641e-12
2.56972e-10
3.08685e-06
2.32128e-10
2.68432e-06
-3.26596e-14
-4.63569e-12
1.96304e-10
3.17902e-06
-4.13924e-12
1.96517e-10
2.99073e-06
1.76685e-10
2.62435e-06
-3.68075e-14
-6.15507e-12
1.21623e-10
3.00735e-06
-5.29872e-12
1.22565e-10
2.83845e-06
1.09894e-10
2.5074e-06
-3.98907e-14
-7.16086e-12
5.14576e-11
2.78172e-06
-6.02554e-12
5.33388e-11
2.63164e-06
4.80032e-11
2.33677e-06
-4.09597e-14
-7.29594e-12
2.70763e-12
2.49314e-06
-6.07451e-12
4.76278e-12
2.36213e-06
4.40322e-12
2.10648e-06
-3.91256e-14
-6.16776e-12
2.02195e-06
-5.12716e-12
1.91436e-06
1.70732e-06
-3.24636e-14
5.98853e-12
2.28744e-10
3.03926e-06
6.96864e-12
2.2384e-10
2.74472e-06
2.00808e-10
2.17928e-06
-2.69284e-14
2.47001e-12
2.74215e-10
3.23611e-06
3.46072e-12
2.69898e-10
2.96287e-06
2.43705e-10
2.44039e-06
-2.63457e-14
4.72743e-13
2.96719e-10
3.33476e-06
8.86819e-13
2.93822e-10
3.08321e-06
2.66467e-10
2.60273e-06
-2.6186e-14
-1.25417e-12
2.91309e-10
3.35049e-06
-1.0409e-12
2.89993e-10
3.12065e-06
2.6303e-10
2.68023e-06
-2.84013e-14
-2.87535e-12
2.56509e-10
3.29548e-06
-2.62791e-12
2.5624e-10
3.08688e-06
2.31654e-10
2.68435e-06
-3.21554e-14
-4.54644e-12
1.96383e-10
3.17909e-06
-4.04101e-12
1.96669e-10
2.99079e-06
1.76932e-10
2.6244e-06
-3.62641e-14
-6.05568e-12
1.22323e-10
3.00743e-06
-5.19124e-12
1.23288e-10
2.83852e-06
1.10555e-10
2.50746e-06
-3.93464e-14
-7.06409e-12
5.22641e-11
2.7818e-06
-5.92023e-12
5.41227e-11
2.63171e-06
4.86466e-11
2.33682e-06
-4.04454e-14
-7.2128e-12
3.17914e-12
2.4932e-06
-5.98038e-12
5.19655e-12
2.36218e-06
4.72086e-12
2.10652e-06
-3.86796e-14
-6.10839e-12
2.02196e-06
-5.05346e-12
1.91436e-06
1.70732e-06
-3.21417e-14
5.92786e-12
2.26471e-10
3.03919e-06
6.92177e-12
2.2166e-10
2.74466e-06
1.99015e-10
2.17923e-06
-2.68048e-14
2.44784e-12
2.71757e-10
3.23606e-06
3.44806e-12
2.67533e-10
2.96282e-06
2.41764e-10
2.44036e-06
-2.60523e-14
4.83282e-13
2.94459e-10
3.33473e-06
9.05438e-13
2.91655e-10
3.08318e-06
2.64718e-10
2.6027e-06
-2.577e-14
-1.21289e-12
2.89637e-10
3.35049e-06
-9.90969e-13
2.8842e-10
3.12065e-06
2.61825e-10
2.68023e-06
-2.78692e-14
-2.80748e-12
2.55707e-10
3.29551e-06
-2.5509e-12
2.55536e-10
3.08692e-06
2.31208e-10
2.68438e-06
-3.15409e-14
-4.45865e-12
1.96488e-10
3.17915e-06
-3.94452e-12
1.96847e-10
2.99084e-06
1.77208e-10
2.62445e-06
-3.56032e-14
-5.95777e-12
1.23051e-10
3.00751e-06
-5.08549e-12
1.24041e-10
2.83859e-06
1.11248e-10
2.50753e-06
-3.86706e-14
-6.96873e-12
5.30987e-11
2.78188e-06
-5.81658e-12
5.49363e-11
2.63178e-06
4.93202e-11
2.33688e-06
-3.9797e-14
-7.13102e-12
3.67139e-12
2.49326e-06
-5.88783e-12
5.65164e-12
2.36222e-06
5.05862e-12
2.10656e-06
-3.81029e-14
-6.05038e-12
2.02196e-06
-4.98131e-12
1.91437e-06
1.70732e-06
-3.1687e-14
5.86872e-12
2.24239e-10
3.03913e-06
6.87654e-12
2.19518e-10
2.7446e-06
1.97258e-10
2.17918e-06
-2.67117e-14
2.42637e-12
2.69344e-10
3.23602e-06
3.43561e-12
2.65208e-10
2.96277e-06
2.3986e-10
2.44032e-06
-2.58011e-14
4.93773e-13
2.92241e-10
3.33471e-06
9.23482e-13
2.89527e-10
3.08316e-06
2.63005e-10
2.60268e-06
-2.54073e-14
-1.17237e-12
2.87999e-10
3.3505e-06
-9.42271e-13
2.86879e-10
3.12066e-06
2.60648e-10
2.68023e-06
-2.73875e-14
-2.74097e-12
2.54932e-10
3.29555e-06
-2.47559e-12
2.54857e-10
3.08695e-06
2.30787e-10
2.68441e-06
-3.09913e-14
-4.37249e-12
1.96619e-10
3.17921e-06
-3.84995e-12
1.97051e-10
2.9909e-06
1.77511e-10
2.6245e-06
-3.50124e-14
-5.8615e-12
1.23806e-10
3.00759e-06
-4.98172e-12
1.24822e-10
2.83866e-06
1.11971e-10
2.50759e-06
-3.80785e-14
-6.8749e-12
5.39611e-11
2.78195e-06
-5.71484e-12
5.57791e-11
2.63184e-06
5.00236e-11
2.33693e-06
-3.92353e-14
-7.05071e-12
4.18408e-12
2.49331e-06
-5.79713e-12
6.12763e-12
2.36227e-06
5.41688e-12
2.1066e-06
-3.76104e-14
-5.99388e-12
2.02198e-06
-4.9109e-12
1.91437e-06
1.70732e-06
-3.13183e-14
5.81109e-12
2.22048e-10
3.03906e-06
6.83295e-12
2.17415e-10
2.74454e-06
1.95537e-10
2.17914e-06
-2.66026e-14
2.40564e-12
2.66974e-10
3.23597e-06
3.42343e-12
2.62925e-10
2.96273e-06
2.37993e-10
2.44028e-06
-2.55578e-14
5.0427e-13
2.90062e-10
3.33469e-06
9.41037e-13
2.87436e-10
3.08313e-06
2.61325e-10
2.60266e-06
-2.50385e-14
-1.13254e-12
2.86394e-10
3.3505e-06
-8.94671e-13
2.85369e-10
3.12066e-06
2.59501e-10
2.68023e-06
-2.68981e-14
-2.67571e-12
2.54183e-10
3.29558e-06
-2.40181e-12
2.54205e-10
3.08698e-06
2.30393e-10
2.68444e-06
-3.04159e-14
-4.28785e-12
1.96774e-10
3.17928e-06
-3.75714e-12
1.97279e-10
2.99096e-06
1.7784e-10
2.62455e-06
-3.43881e-14
-5.76675e-12
1.24587e-10
3.00767e-06
-4.87968e-12
1.25631e-10
2.83873e-06
1.12725e-10
2.50765e-06
-3.74394e-14
-6.78249e-12
5.48512e-11
2.78203e-06
-5.61475e-12
5.66508e-11
2.63191e-06
5.07569e-11
2.33699e-06
-3.86211e-14
-6.97177e-12
4.71756e-12
2.49337e-06
-5.708e-12
6.62474e-12
2.36232e-06
5.79557e-12
2.10664e-06
-3.70658e-14
-5.93874e-12
2.02199e-06
-4.84201e-12
1.91438e-06
1.70732e-06
-3.08989e-14
5.75484e-12
2.19898e-10
3.039e-06
6.79083e-12
2.15349e-10
2.74448e-06
1.93849e-10
2.17909e-06
-2.65557e-14
2.38552e-12
2.64648e-10
3.23592e-06
3.41132e-12
2.60681e-10
2.96268e-06
2.36162e-10
2.44024e-06
-2.53935e-14
5.1465e-13
2.87924e-10
3.33466e-06
9.5795e-13
2.85383e-10
3.08311e-06
2.59678e-10
2.60264e-06
-2.47622e-14
-1.09354e-12
2.84821e-10
3.35051e-06
-8.48349e-13
2.8389e-10
3.12066e-06
2.58381e-10
2.68023e-06
-2.64996e-14
-2.61186e-12
2.53461e-10
3.29562e-06
-2.32975e-12
2.53577e-10
3.08701e-06
2.30021e-10
2.68446e-06
-2.9941e-14
-4.2049e-12
1.96952e-10
3.17934e-06
-3.66628e-12
1.97531e-10
2.99101e-06
1.78194e-10
2.6246e-06
-3.38664e-14
-5.67369e-12
1.25395e-10
3.00775e-06
-4.77962e-12
1.26467e-10
2.8388e-06
1.13507e-10
2.50771e-06
-3.69089e-14
-6.69166e-12
5.57686e-11
2.7821e-06
-5.51655e-12
5.75509e-11
2.63198e-06
5.15196e-11
2.33705e-06
-3.81164e-14
-6.89434e-12
5.27145e-12
2.49343e-06
-5.6207e-12
7.14259e-12
2.36237e-06
6.1954e-12
2.10668e-06
-3.6627e-14
-5.88512e-12
2.022e-06
-4.77485e-12
1.91438e-06
1.70732e-06
-3.0587e-14
5.70003e-12
2.17786e-10
3.03893e-06
6.75021e-12
2.13319e-10
2.74442e-06
1.92196e-10
2.17905e-06
-2.64368e-14
2.36608e-12
2.62362e-10
3.23587e-06
3.39939e-12
2.58476e-10
2.96264e-06
2.34366e-10
2.4402e-06
-2.51586e-14
5.25013e-13
2.85823e-10
3.33464e-06
9.74398e-13
2.83365e-10
3.08308e-06
2.58064e-10
2.60261e-06
-2.44195e-14
-1.05522e-12
2.8328e-10
3.35051e-06
-8.03079e-13
2.82439e-10
3.12066e-06
2.57288e-10
2.68023e-06
-2.60234e-14
-2.54925e-12
2.52762e-10
3.29565e-06
-2.25915e-12
2.52971e-10
3.08704e-06
2.29673e-10
2.68449e-06
-2.93762e-14
-4.12345e-12
1.97152e-10
3.1794e-06
-3.57708e-12
1.97806e-10
2.99107e-06
1.78572e-10
2.62465e-06
-3.32488e-14
-5.58214e-12
1.26227e-10
3.00782e-06
-4.68119e-12
1.27329e-10
2.83887e-06
1.14317e-10
2.50777e-06
-3.62684e-14
-6.60224e-12
5.6713e-11
2.78218e-06
-5.41987e-12
5.84784e-11
2.63205e-06
5.23118e-11
2.3371e-06
-3.74971e-14
-6.81825e-12
5.84659e-12
2.49349e-06
-5.53479e-12
7.68138e-12
2.36242e-06
6.61641e-12
2.10672e-06
-3.6074e-14
-5.83286e-12
2.02201e-06
-4.70906e-12
1.91439e-06
1.70732e-06
-3.01579e-14
5.64687e-12
2.15713e-10
3.03887e-06
6.71147e-12
2.11324e-10
2.74436e-06
1.90574e-10
2.179e-06
-2.64618e-14
2.34732e-12
2.60117e-10
3.23583e-06
3.38764e-12
2.5631e-10
2.96259e-06
2.32604e-10
2.44016e-06
-2.49936e-14
5.35347e-13
2.8376e-10
3.33462e-06
9.90347e-13
2.81382e-10
3.08306e-06
2.56479e-10
2.60259e-06
-2.41472e-14
-1.01764e-12
2.81769e-10
3.35051e-06
-7.5896e-13
2.81017e-10
3.12066e-06
2.5622e-10
2.68023e-06
-2.56123e-14
-2.48794e-12
2.52087e-10
3.29568e-06
-2.19014e-12
2.52388e-10
3.08707e-06
2.29346e-10
2.68451e-06
-2.88929e-14
-4.04359e-12
1.97374e-10
3.17946e-06
-3.48971e-12
1.98101e-10
2.99112e-06
1.78972e-10
2.6247e-06
-3.27157e-14
-5.49218e-12
1.27084e-10
3.0079e-06
-4.58461e-12
1.28216e-10
2.83894e-06
1.15155e-10
2.50782e-06
-3.57244e-14
-6.5143e-12
5.76845e-11
2.78226e-06
-5.32493e-12
5.94339e-11
2.63211e-06
5.3133e-11
2.33716e-06
-3.69754e-14
-6.74359e-12
6.44313e-12
2.49354e-06
-5.45055e-12
8.2416e-12
2.36247e-06
7.05896e-12
2.10676e-06
-3.5615e-14
-5.78202e-12
2.02202e-06
-4.64483e-12
1.9144e-06
1.70732e-06
-2.98211e-14
5.59519e-12
2.13678e-10
3.0388e-06
6.67429e-12
2.09365e-10
2.7443e-06
1.88985e-10
2.17895e-06
-2.63542e-14
2.32922e-12
2.57912e-10
3.23578e-06
3.37597e-12
2.5418e-10
2.96254e-06
2.30875e-10
2.44012e-06
-2.48099e-14
5.45691e-13
2.81733e-10
3.33459e-06
1.00581e-12
2.79433e-10
3.08303e-06
2.54926e-10
2.60257e-06
-2.38605e-14
-9.80698e-13
2.80287e-10
3.35052e-06
-7.1587e-13
2.79622e-10
3.12066e-06
2.55177e-10
2.68023e-06
-2.52009e-14
-2.4278e-12
2.51435e-10
3.29572e-06
-2.12256e-12
2.51827e-10
3.0871e-06
2.29041e-10
2.68454e-06
-2.83989e-14
-3.96515e-12
1.97616e-10
3.17951e-06
-3.40394e-12
1.98417e-10
2.99117e-06
1.79395e-10
2.62474e-06
-3.21657e-14
-5.40365e-12
1.27965e-10
3.00797e-06
-4.48961e-12
1.29129e-10
2.83901e-06
1.1602e-10
2.50788e-06
-3.51521e-14
-6.42768e-12
5.86834e-11
2.78233e-06
-5.23147e-12
6.04179e-11
2.63218e-06
5.39835e-11
2.33722e-06
-3.64211e-14
-6.67017e-12
7.06191e-12
2.4936e-06
-5.3677e-12
8.82423e-12
2.36252e-06
7.52306e-12
2.1068e-06
-3.51253e-14
-5.73245e-12
2.02203e-06
-4.58195e-12
1.9144e-06
1.70733e-06
-2.94523e-14
5.54477e-12
2.11679e-10
3.03874e-06
6.63842e-12
2.07439e-10
2.74425e-06
1.87428e-10
2.17891e-06
-2.62852e-14
2.31162e-12
2.55746e-10
3.23573e-06
3.3642e-12
2.52087e-10
2.9625e-06
2.29179e-10
2.44008e-06
-2.46766e-14
5.55888e-13
2.79742e-10
3.33457e-06
1.0206e-12
2.77517e-10
3.083e-06
2.53402e-10
2.60254e-06
-2.36457e-14
-9.4454e-13
2.78833e-10
3.35052e-06
-6.73999e-13
2.78253e-10
3.12066e-06
2.54158e-10
2.68023e-06
-2.48757e-14
-2.36897e-12
2.50804e-10
3.29575e-06
-2.05658e-12
2.51285e-10
3.08712e-06
2.28754e-10
2.68456e-06
-2.80009e-14
-3.88828e-12
1.97877e-10
3.17957e-06
-3.31999e-12
1.98753e-10
2.99123e-06
1.79838e-10
2.62479e-06
-3.17141e-14
-5.31669e-12
1.28869e-10
3.00805e-06
-4.39644e-12
1.30066e-10
2.83908e-06
1.16912e-10
2.50794e-06
-3.46853e-14
-6.34252e-12
5.97094e-11
2.78241e-06
-5.13974e-12
6.14298e-11
2.63225e-06
5.48628e-11
2.33727e-06
-3.59759e-14
-6.59816e-12
7.70279e-12
2.49366e-06
-5.28652e-12
9.42935e-12
2.36257e-06
8.00948e-12
2.10684e-06
-3.47449e-14
-5.6843e-12
2.02205e-06
-4.52062e-12
1.91441e-06
1.70733e-06
-2.91943e-14
5.4956e-12
2.09716e-10
3.03868e-06
6.60392e-12
2.05547e-10
2.74419e-06
1.85901e-10
2.17886e-06
-2.61325e-14
2.29462e-12
2.53617e-10
3.23569e-06
3.35252e-12
2.50028e-10
2.96245e-06
2.27514e-10
2.44005e-06
-2.44599e-14
5.66064e-13
2.77784e-10
3.33454e-06
1.03493e-12
2.75633e-10
3.08298e-06
2.51906e-10
2.60252e-06
-2.33442e-14
-9.09003e-13
2.77406e-10
3.35052e-06
-6.3307e-13
2.76909e-10
3.12066e-06
2.53161e-10
2.68023e-06
-2.44735e-14
-2.31125e-12
2.50192e-10
3.29578e-06
-1.9919e-12
2.50762e-10
3.08715e-06
2.28487e-10
2.68458e-06
-2.75119e-14
-3.81276e-12
1.98157e-10
3.17963e-06
-3.23751e-12
1.99106e-10
2.99128e-06
1.80301e-10
2.62483e-06
-3.11655e-14
-5.23109e-12
1.29795e-10
3.00812e-06
-4.30469e-12
1.31025e-10
2.83914e-06
1.17828e-10
2.508e-06
-3.411e-14
-6.2586e-12
6.07617e-11
2.78248e-06
-5.04931e-12
6.24689e-11
2.63232e-06
5.57706e-11
2.33733e-06
-3.54205e-14
-6.52731e-12
8.36618e-12
2.49372e-06
-5.20653e-12
1.00572e-11
2.36262e-06
8.51822e-12
2.10688e-06
-3.42585e-14
-5.63733e-12
2.02206e-06
-4.46049e-12
1.91442e-06
1.70734e-06
-2.883e-14
5.44764e-12
2.07788e-10
3.03862e-06
6.57067e-12
2.03686e-10
2.74413e-06
1.84404e-10
2.17882e-06
-2.59813e-14
2.27817e-12
2.51525e-10
3.23564e-06
3.34082e-12
2.48005e-10
2.96241e-06
2.2588e-10
2.44001e-06
-2.42471e-14
5.76186e-13
2.7586e-10
3.33452e-06
1.04871e-12
2.7378e-10
3.08295e-06
2.50437e-10
2.6025e-06
-2.30707e-14
-8.74108e-13
2.76004e-10
3.35052e-06
-5.93178e-13
2.75589e-10
3.12066e-06
2.52186e-10
2.68022e-06
-2.41138e-14
-2.25467e-12
2.49599e-10
3.2958e-06
-1.92861e-12
2.50258e-10
3.08717e-06
2.28236e-10
2.6846e-06
-2.708e-14
-3.73862e-12
1.98453e-10
3.17968e-06
-3.1566e-12
1.99477e-10
2.99133e-06
1.80782e-10
2.62488e-06
-3.06789e-14
-5.14685e-12
1.30742e-10
3.00819e-06
-4.2145e-12
1.32007e-10
2.83921e-06
1.18769e-10
2.50806e-06
-3.36069e-14
-6.17593e-12
6.18397e-11
2.78256e-06
-4.96033e-12
6.35347e-11
2.63238e-06
5.67068e-11
2.33739e-06
-3.4941e-14
-6.45763e-12
9.05143e-12
2.49378e-06
-5.12789e-12
1.07072e-11
2.36267e-06
9.0496e-12
2.10693e-06
-3.38467e-14
-5.59154e-12
2.02208e-06
-4.40163e-12
1.91443e-06
1.70734e-06
-2.85435e-14
5.40085e-12
2.05893e-10
3.03855e-06
6.53863e-12
2.01857e-10
2.74408e-06
1.82937e-10
2.17878e-06
-2.58036e-14
2.2623e-12
2.49468e-10
3.2356e-06
3.32916e-12
2.46015e-10
2.96236e-06
2.24277e-10
2.43997e-06
-2.40142e-14
5.86292e-13
2.73967e-10
3.33449e-06
1.062e-12
2.71958e-10
3.08293e-06
2.48995e-10
2.60247e-06
-2.27765e-14
-8.39795e-13
2.74627e-10
3.35052e-06
-5.54212e-13
2.74292e-10
3.12065e-06
2.51232e-10
2.68022e-06
-2.37438e-14
-2.19912e-12
2.49024e-10
3.29583e-06
-1.86657e-12
2.4977e-10
3.0872e-06
2.28002e-10
2.68463e-06
-2.66282e-14
-3.66574e-12
1.98764e-10
3.17973e-06
-3.07711e-12
1.99863e-10
2.99138e-06
1.81281e-10
2.62492e-06
-3.0166e-14
-5.06386e-12
1.3171e-10
3.00827e-06
-4.12568e-12
1.3301e-10
2.83928e-06
1.19734e-10
2.50812e-06
-3.30659e-14
-6.09439e-12
6.29427e-11
2.78263e-06
-4.87258e-12
6.46267e-11
2.63245e-06
5.7671e-11
2.33745e-06
-3.44193e-14
-6.38898e-12
9.75869e-12
2.49384e-06
-5.05036e-12
1.13798e-11
2.36273e-06
9.60363e-12
2.10697e-06
-3.33922e-14
-5.54681e-12
2.02209e-06
-4.34385e-12
1.91444e-06
1.70735e-06
-2.82165e-14
5.35514e-12
2.04032e-10
3.03849e-06
6.50764e-12
2.0006e-10
2.74402e-06
1.81497e-10
2.17873e-06
-2.56715e-14
2.24688e-12
2.47447e-10
3.23555e-06
3.31736e-12
2.44057e-10
2.96232e-06
2.22702e-10
2.43993e-06
-2.38307e-14
5.96251e-13
2.72105e-10
3.33447e-06
1.07466e-12
2.70164e-10
3.0829e-06
2.47579e-10
2.60245e-06
-2.25505e-14
-8.06191e-13
2.73274e-10
3.35052e-06
-5.16336e-13
2.73018e-10
3.12065e-06
2.50297e-10
2.68022e-06
-2.34504e-14
-2.14475e-12
2.48465e-10
3.29586e-06
-1.80596e-12
2.49297e-10
3.08722e-06
2.27783e-10
2.68465e-06
-2.62639e-14
-3.59426e-12
1.99091e-10
3.17979e-06
-2.99921e-12
2.00264e-10
2.99142e-06
1.81796e-10
2.62496e-06
-2.9743e-14
-4.98225e-12
1.32696e-10
3.00834e-06
-4.03845e-12
1.34033e-10
2.83934e-06
1.20721e-10
2.50817e-06
-3.26194e-14
-6.01411e-12
6.40704e-11
2.78271e-06
-4.78629e-12
6.5744e-11
2.63252e-06
5.86627e-11
2.3375e-06
-3.39932e-14
-6.3215e-12
1.04877e-11
2.4939e-06
-4.97418e-12
1.20745e-11
2.36278e-06
1.01809e-11
2.10701e-06
-3.30299e-14
-5.50326e-12
2.02211e-06
-4.28732e-12
1.91445e-06
1.70735e-06
-2.79838e-14
5.31056e-12
2.02203e-10
3.03843e-06
6.47778e-12
1.98292e-10
2.74396e-06
1.80086e-10
2.17869e-06
-2.54841e-14
2.23204e-12
2.45459e-10
3.23551e-06
3.30556e-12
2.42132e-10
2.96227e-06
2.21155e-10
2.43989e-06
-2.35898e-14
6.06198e-13
2.70274e-10
3.33444e-06
1.08688e-12
2.684e-10
3.08287e-06
2.46187e-10
2.60243e-06
-2.22583e-14
-7.7313e-13
2.71943e-10
3.35052e-06
-4.79317e-13
2.71765e-10
3.12065e-06
2.49381e-10
2.68021e-06
-2.30908e-14
-2.09135e-12
2.47922e-10
3.29588e-06
-1.74652e-12
2.4884e-10
3.08724e-06
2.27578e-10
2.68467e-06
-2.58222e-14
-3.52396e-12
1.9943e-10
3.17984e-06
-2.92264e-12
2.00679e-10
2.99147e-06
1.82326e-10
2.62501e-06
-2.92357e-14
-4.90181e-12
1.33701e-10
3.00841e-06
-3.95246e-12
1.35074e-10
2.83941e-06
1.21729e-10
2.50823e-06
-3.20775e-14
-5.93486e-12
6.52223e-11
2.78278e-06
-4.70109e-12
6.68861e-11
2.63259e-06
5.96817e-11
2.33756e-06
-3.34674e-14
-6.25497e-12
1.12393e-11
2.49396e-06
-4.89892e-12
1.27914e-11
2.36283e-06
1.07815e-11
2.10706e-06
-3.25698e-14
-5.46068e-12
2.02212e-06
-4.2317e-12
1.91446e-06
1.70736e-06
-2.76506e-14
5.26707e-12
2.00406e-10
3.03837e-06
6.44891e-12
1.96553e-10
2.74391e-06
1.78702e-10
2.17864e-06
-2.53175e-14
2.21768e-12
2.43504e-10
3.23546e-06
3.29362e-12
2.40237e-10
2.96223e-06
2.19637e-10
2.43986e-06
-2.33696e-14
6.16036e-13
2.68471e-10
3.33442e-06
1.09852e-12
2.66663e-10
3.08285e-06
2.4482e-10
2.6024e-06
-2.20036e-14
-7.40711e-13
2.70634e-10
3.35052e-06
-4.43281e-13
2.70533e-10
3.12064e-06
2.48482e-10
2.68021e-06
-2.27732e-14
-2.03902e-12
2.47393e-10
3.29591e-06
-1.68836e-12
2.48396e-10
3.08726e-06
2.27386e-10
2.68469e-06
-2.54364e-14
-3.45492e-12
1.99782e-10
3.17989e-06
-2.8475e-12
2.01106e-10
2.99152e-06
1.8287e-10
2.62505e-06
-2.87875e-14
-4.82259e-12
1.34723e-10
3.00848e-06
-3.8679e-12
1.36134e-10
2.83947e-06
1.22759e-10
2.50829e-06
-3.16029e-14
-5.85672e-12
6.63985e-11
2.78286e-06
-4.61717e-12
6.80534e-11
2.63265e-06
6.07276e-11
2.33762e-06
-3.30088e-14
-6.18943e-12
1.20136e-11
2.49402e-06
-4.82483e-12
1.35316e-11
2.36288e-06
1.14058e-11
2.1071e-06
-3.21738e-14
-5.41912e-12
2.02214e-06
-4.17715e-12
1.91447e-06
1.70737e-06
-2.7381e-14
5.22472e-12
1.9864e-10
3.03831e-06
6.42102e-12
1.94843e-10
2.74385e-06
1.77345e-10
2.1786e-06
-2.51406e-14
2.20386e-12
2.41582e-10
3.23541e-06
3.28157e-12
2.38373e-10
2.96218e-06
2.18145e-10
2.43982e-06
-2.31415e-14
6.258e-13
2.66697e-10
3.33439e-06
1.10967e-12
2.64952e-10
3.08282e-06
2.43475e-10
2.60238e-06
-2.17365e-14
-7.08884e-13
2.69345e-10
3.35052e-06
-4.08106e-13
2.6932e-10
3.12064e-06
2.47601e-10
2.6802e-06
-2.24471e-14
-1.98768e-12
2.46876e-10
3.29593e-06
-1.63133e-12
2.47965e-10
3.08729e-06
2.27206e-10
2.6847e-06
-2.50332e-14
-3.38704e-12
2.00145e-10
3.17994e-06
-2.77362e-12
2.01545e-10
2.99156e-06
1.83427e-10
2.62509e-06
-2.83168e-14
-4.74451e-12
1.35761e-10
3.00855e-06
-3.78452e-12
1.37211e-10
2.83953e-06
1.23808e-10
2.50834e-06
-3.10937e-14
-5.77955e-12
6.75983e-11
2.78293e-06
-4.53428e-12
6.92449e-11
2.63272e-06
6.18002e-11
2.33768e-06
-3.25097e-14
-6.12478e-12
1.2811e-11
2.49408e-06
-4.75162e-12
1.42947e-11
2.36294e-06
1.20537e-11
2.10715e-06
-3.17333e-14
-5.37847e-12
2.02216e-06
-4.12346e-12
1.91449e-06
1.70737e-06
-2.70646e-14
5.18357e-12
1.96904e-10
3.03825e-06
6.39401e-12
1.9316e-10
2.7438e-06
1.76013e-10
2.17856e-06
-2.50098e-14
2.19058e-12
2.39691e-10
3.23537e-06
3.26925e-12
2.36538e-10
2.96214e-06
2.16679e-10
2.43978e-06
-2.29581e-14
6.35414e-13
2.6495e-10
3.33436e-06
1.12016e-12
2.63268e-10
3.08279e-06
2.42153e-10
2.60235e-06
-2.15309e-14
-6.7772e-13
2.68075e-10
3.35051e-06
-3.73965e-13
2.68126e-10
3.12063e-06
2.46735e-10
2.6802e-06
-2.21887e-14
-1.93739e-12
2.46372e-10
3.29596e-06
-1.57561e-12
2.47547e-10
3.08731e-06
2.27036e-10
2.68472e-06
-2.47106e-14
-3.32035e-12
2.00518e-10
3.17999e-06
-2.70117e-12
2.01994e-10
2.99161e-06
1.83995e-10
2.62513e-06
-2.79319e-14
-4.66756e-12
1.36815e-10
3.00862e-06
-3.70254e-12
1.38305e-10
2.8396e-06
1.24876e-10
2.5084e-06
-3.06754e-14
-5.70338e-12
6.88211e-11
2.783e-06
-4.45262e-12
7.04599e-11
2.63279e-06
6.28987e-11
2.33773e-06
-3.21014e-14
-6.06104e-12
1.36311e-11
2.49414e-06
-4.67951e-12
1.508e-11
2.36299e-06
1.27257e-11
2.10719e-06
-3.13765e-14
-5.33876e-12
2.02218e-06
-4.07077e-12
1.9145e-06
1.70738e-06
-2.68308e-14
5.14378e-12
1.95197e-10
3.0382e-06
6.36794e-12
1.91505e-10
2.74374e-06
1.74706e-10
2.17852e-06
-2.48272e-14
2.17794e-12
2.3783e-10
3.23533e-06
3.25675e-12
2.34732e-10
2.96209e-06
2.15238e-10
2.43974e-06
-2.27172e-14
6.4493e-13
2.63229e-10
3.33434e-06
1.1301e-12
2.61609e-10
3.08276e-06
2.40852e-10
2.60233e-06
-2.12611e-14
-6.47176e-13
2.66824e-10
3.35051e-06
-3.40701e-13
2.6695e-10
3.12063e-06
2.45884e-10
2.68019e-06
-2.18683e-14
-1.88806e-12
2.45879e-10
3.29598e-06
-1.521e-12
2.47139e-10
3.08733e-06
2.26877e-10
2.68474e-06
-2.43202e-14
-3.25472e-12
2.00898e-10
3.18004e-06
-2.62994e-12
2.02453e-10
2.99165e-06
1.84573e-10
2.62517e-06
-2.74773e-14
-4.5916e-12
1.37882e-10
3.00868e-06
-3.62169e-12
1.39414e-10
2.83966e-06
1.25962e-10
2.50845e-06
-3.01802e-14
-5.62802e-12
7.0066e-11
2.78308e-06
-4.37192e-12
7.16991e-11
2.63285e-06
6.40228e-11
2.33779e-06
-3.16128e-14
-5.99799e-12
1.44742e-11
2.4942e-06
-4.60818e-12
1.58896e-11
2.36305e-06
1.3422e-11
2.10724e-06
-3.09397e-14
-5.29978e-12
2.0222e-06
-4.01883e-12
1.91452e-06
1.70739e-06
-2.65118e-14
5.10548e-12
1.93519e-10
3.03814e-06
6.34274e-12
1.89877e-10
2.74369e-06
1.73424e-10
2.17847e-06
-2.46563e-14
2.16593e-12
2.35999e-10
3.23528e-06
3.24394e-12
2.32954e-10
2.96205e-06
2.13822e-10
2.43971e-06
-2.24854e-14
6.54229e-13
2.61533e-10
3.33431e-06
1.13937e-12
2.59974e-10
3.08274e-06
2.39572e-10
2.6023e-06
-2.10173e-14
-6.17409e-13
2.6559e-10
3.35051e-06
-3.08429e-13
2.65791e-10
3.12062e-06
2.45047e-10
2.68019e-06
-2.15809e-14
-1.83985e-12
2.45394e-10
3.296e-06
-1.4676e-12
2.4674e-10
3.08734e-06
2.26725e-10
2.68476e-06
-2.39813e-14
-3.19032e-12
2.01285e-10
3.18009e-06
-2.56e-12
2.0292e-10
2.9917e-06
1.8516e-10
2.62521e-06
-2.7081e-14
-4.51675e-12
1.38961e-10
3.00875e-06
-3.54207e-12
1.40538e-10
2.83972e-06
1.27064e-10
2.50851e-06
-2.97555e-14
-5.55357e-12
7.1332e-11
2.78315e-06
-4.29229e-12
7.2962e-11
2.63292e-06
6.51721e-11
2.33785e-06
-3.11961e-14
-5.93568e-12
1.53396e-11
2.49426e-06
-4.53778e-12
1.67237e-11
2.3631e-06
1.41428e-11
2.10729e-06
-3.05747e-14
-5.26154e-12
2.02222e-06
-3.96774e-12
1.91453e-06
1.7074e-06
-2.62631e-14
5.06886e-12
1.91868e-10
3.03808e-06
6.31845e-12
1.88274e-10
2.74363e-06
1.72167e-10
2.17843e-06
-2.44769e-14
2.15467e-12
2.34196e-10
3.23524e-06
3.23083e-12
2.31203e-10
2.96201e-06
2.1243e-10
2.43967e-06
-2.22478e-14
6.63322e-13
2.59862e-10
3.33429e-06
1.14798e-12
2.58363e-10
3.08271e-06
2.38311e-10
2.60228e-06
-2.07621e-14
-5.88414e-13
2.64371e-10
3.3505e-06
-2.77081e-13
2.64648e-10
3.12061e-06
2.44223e-10
2.68018e-06
-2.12877e-14
-1.79273e-12
2.44916e-10
3.29602e-06
-1.4153e-12
2.46351e-10
3.08736e-06
2.26582e-10
2.68477e-06
-2.36323e-14
-3.12707e-12
2.01677e-10
3.18013e-06
-2.49122e-12
2.03394e-10
2.99174e-06
1.85755e-10
2.62525e-06
-2.66739e-14
-4.44293e-12
1.40051e-10
3.00882e-06
-3.46351e-12
1.41676e-10
2.83978e-06
1.28182e-10
2.50856e-06
-2.93134e-14
-5.47993e-12
7.26181e-11
2.78322e-06
-4.21352e-12
7.42475e-11
2.63298e-06
6.63459e-11
2.33791e-06
-3.07591e-14
-5.874e-12
1.62275e-11
2.49433e-06
-4.46806e-12
1.75812e-11
2.36316e-06
1.48879e-11
2.10733e-06
-3.01897e-14
-5.22393e-12
2.02224e-06
-3.9173e-12
1.91455e-06
1.70741e-06
-2.59916e-14
5.0339e-12
1.90244e-10
3.03802e-06
6.29492e-12
1.86696e-10
2.74358e-06
1.70932e-10
2.17839e-06
-2.43375e-14
2.14407e-12
2.32421e-10
3.23519e-06
3.21726e-12
2.29479e-10
2.96196e-06
2.1106e-10
2.43963e-06
-2.20531e-14
6.7203e-13
2.58213e-10
3.33426e-06
1.15577e-12
2.56774e-10
3.08268e-06
2.3707e-10
2.60225e-06
-2.05615e-14
-5.60413e-13
2.63167e-10
3.3505e-06
-2.46856e-13
2.6352e-10
3.12061e-06
2.43412e-10
2.68018e-06
-2.10539e-14
-1.74692e-12
2.44445e-10
3.29604e-06
-1.3643e-12
2.4597e-10
3.08738e-06
2.26444e-10
2.68479e-06
-2.33544e-14
-3.06518e-12
2.02073e-10
3.18018e-06
-2.42381e-12
2.03874e-10
2.99178e-06
1.86357e-10
2.62528e-06
-2.63432e-14
-4.3703e-12
1.41151e-10
3.00888e-06
-3.38623e-12
1.42826e-10
2.83984e-06
1.29314e-10
2.50861e-06
-2.89564e-14
-5.40725e-12
7.39234e-11
2.7833e-06
-4.13585e-12
7.55548e-11
2.63305e-06
6.75436e-11
2.33796e-06
-3.04092e-14
-5.81307e-12
1.7137e-11
2.49439e-06
-4.39926e-12
1.84626e-11
2.36321e-06
1.56579e-11
2.10738e-06
-2.98906e-14
-5.18707e-12
2.02226e-06
-3.86768e-12
1.91456e-06
1.70742e-06
-2.5803e-14
5.00061e-12
1.88645e-10
3.03796e-06
6.27219e-12
1.85143e-10
2.74353e-06
1.6972e-10
2.17835e-06
-2.41491e-14
2.13415e-12
2.30672e-10
3.23515e-06
3.20329e-12
2.27779e-10
2.96192e-06
2.09712e-10
2.4396e-06
-2.18095e-14
6.80391e-13
2.56586e-10
3.33423e-06
1.16285e-12
2.55207e-10
3.08265e-06
2.35846e-10
2.60223e-06
-2.02993e-14
-5.33365e-13
2.61976e-10
3.35049e-06
-2.17588e-13
2.62406e-10
3.1206e-06
2.42611e-10
2.68017e-06
-2.07594e-14
-1.70237e-12
2.43979e-10
3.29606e-06
-1.3144e-12
2.45594e-10
3.0874e-06
2.26311e-10
2.6848e-06
-2.30043e-14
-3.00456e-12
2.02471e-10
3.18022e-06
-2.35754e-12
2.04358e-10
2.99182e-06
1.86963e-10
2.62532e-06
-2.59384e-14
-4.29879e-12
1.42258e-10
3.00895e-06
-3.30995e-12
1.43986e-10
2.8399e-06
1.30459e-10
2.50867e-06
-2.85197e-14
-5.33545e-12
7.52469e-11
2.78337e-06
-4.05895e-12
7.68826e-11
2.63312e-06
6.87643e-11
2.33802e-06
-2.99797e-14
-5.75284e-12
1.80687e-11
2.49445e-06
-4.331e-12
1.93672e-11
2.36327e-06
1.64526e-11
2.10743e-06
-2.9515e-14
-5.15088e-12
2.02229e-06
-3.8187e-12
1.91458e-06
1.70744e-06
-2.5534e-14
4.9688e-12
1.87072e-10
3.03791e-06
6.25012e-12
1.83614e-10
2.74347e-06
1.6853e-10
2.17831e-06
-2.39676e-14
2.12483e-12
2.28949e-10
3.2351e-06
3.18883e-12
2.26104e-10
2.96187e-06
2.08386e-10
2.43956e-06
-2.15792e-14
6.88367e-13
2.54981e-10
3.33421e-06
1.16914e-12
2.5366e-10
3.08263e-06
2.34639e-10
2.6022e-06
-2.00607e-14
-5.07295e-13
2.60798e-10
3.35049e-06
-1.89358e-13
2.61305e-10
3.12059e-06
2.4182e-10
2.68016e-06
-2.04934e-14
-1.65909e-12
2.43517e-10
3.29608e-06
-1.26568e-12
2.45224e-10
3.08741e-06
2.26182e-10
2.68482e-06
-2.26924e-14
-2.94524e-12
2.0287e-10
3.18027e-06
-2.29248e-12
2.04845e-10
2.99186e-06
1.87573e-10
2.62536e-06
-2.55795e-14
-4.22842e-12
1.43373e-10
3.00901e-06
-3.23479e-12
1.45155e-10
2.83996e-06
1.31616e-10
2.50872e-06
-2.81406e-14
-5.26454e-12
7.65884e-11
2.78344e-06
-3.98296e-12
7.82298e-11
2.63318e-06
7.00072e-11
2.33808e-06
-2.96134e-14
-5.69333e-12
1.90228e-11
2.49452e-06
-4.26344e-12
2.02944e-11
2.36332e-06
1.72721e-11
2.10748e-06
-2.92023e-14
-5.11542e-12
2.02231e-06
-3.77051e-12
1.9146e-06
1.70745e-06
-2.53353e-14
4.9382e-12
1.85523e-10
3.03785e-06
6.22858e-12
1.82107e-10
2.74342e-06
1.6736e-10
2.17827e-06
-2.37813e-14
2.11602e-12
2.27252e-10
3.23506e-06
3.17384e-12
2.24453e-10
2.96183e-06
2.07081e-10
2.43952e-06
-2.13573e-14
6.95988e-13
2.53395e-10
3.33418e-06
1.1747e-12
2.52132e-10
3.0826e-06
2.33448e-10
2.60218e-06
-1.9819e-14
-4.82142e-13
2.59631e-10
3.35048e-06
-1.62059e-13
2.60215e-10
3.12058e-06
2.41038e-10
2.68015e-06
-2.02383e-14
-1.617e-12
2.43058e-10
3.2961e-06
-1.21803e-12
2.44858e-10
3.08743e-06
2.26056e-10
2.68483e-06
-2.23765e-14
-2.8871e-12
2.03268e-10
3.18031e-06
-2.22852e-12
2.05333e-10
2.9919e-06
1.88185e-10
2.62539e-06
-2.52122e-14
-4.15907e-12
1.44493e-10
3.00907e-06
-3.1606e-12
1.46332e-10
2.84002e-06
1.32783e-10
2.50877e-06
-2.7747e-14
-5.19441e-12
7.79471e-11
2.78351e-06
-3.90773e-12
7.95961e-11
2.63325e-06
7.12716e-11
2.33814e-06
-2.92301e-14
-5.63443e-12
1.99995e-11
2.49458e-06
-4.19644e-12
2.12452e-11
2.36338e-06
1.8116e-11
2.10753e-06
-2.88711e-14
-5.08058e-12
2.02233e-06
-3.72282e-12
1.91462e-06
1.70746e-06
-2.51155e-14
4.90844e-12
1.83998e-10
3.03779e-06
6.20736e-12
1.80623e-10
2.74337e-06
1.66211e-10
2.17823e-06
-2.36293e-14
2.10756e-12
2.25578e-10
3.23502e-06
3.15821e-12
2.22825e-10
2.96179e-06
2.05794e-10
2.43949e-06
-2.11802e-14
7.03222e-13
2.51829e-10
3.33415e-06
1.17945e-12
2.50623e-10
3.08257e-06
2.32272e-10
2.60215e-06
-1.96307e-14
-4.579e-13
2.58475e-10
3.35048e-06
-1.35756e-13
2.59136e-10
3.12057e-06
2.40263e-10
2.68015e-06
-2.00506e-14
-1.5761e-12
2.42601e-10
3.29612e-06
-1.17151e-12
2.44494e-10
3.08744e-06
2.2593e-10
2.68485e-06
-2.21308e-14
-2.83016e-12
2.03665e-10
3.18035e-06
-2.16575e-12
2.05821e-10
2.99194e-06
1.88797e-10
2.62543e-06
-2.49162e-14
-4.09075e-12
1.45617e-10
3.00914e-06
-3.08752e-12
1.47516e-10
2.84007e-06
1.33958e-10
2.50882e-06
-2.74314e-14
-5.12506e-12
7.93217e-11
2.78358e-06
-3.8334e-12
8.09798e-11
2.63331e-06
7.25562e-11
2.33819e-06
-2.89256e-14
-5.57617e-12
2.09978e-11
2.49464e-06
-4.13016e-12
2.22183e-11
2.36344e-06
1.89845e-11
2.10757e-06
-2.8618e-14
-5.04641e-12
2.02236e-06
-3.67579e-12
1.91464e-06
1.70748e-06
-2.49759e-14
4.87926e-12
1.82496e-10
3.03774e-06
6.18644e-12
1.79159e-10
2.74332e-06
1.65082e-10
2.17819e-06
-2.34583e-14
2.09943e-12
2.23928e-10
3.23497e-06
3.14208e-12
2.21218e-10
2.96174e-06
2.04526e-10
2.43945e-06
-2.09918e-14
7.10251e-13
2.50282e-10
3.33413e-06
1.18361e-12
2.49132e-10
3.08254e-06
2.3111e-10
2.60213e-06
-1.9413e-14
-4.34298e-13
2.5733e-10
3.35047e-06
-1.1021e-13
2.58067e-10
3.12056e-06
2.39495e-10
2.68014e-06
-1.98259e-14
-1.53608e-12
2.42145e-10
3.29614e-06
-1.12589e-12
2.44132e-10
3.08745e-06
2.25804e-10
2.68486e-06
-2.18355e-14
-2.77413e-12
2.04059e-10
3.18039e-06
-2.1039e-12
2.06308e-10
2.99197e-06
1.89408e-10
2.62546e-06
-2.45657e-14
-4.02317e-12
1.46744e-10
3.0092e-06
-3.01525e-12
1.48703e-10
2.84013e-06
1.3514e-10
2.50888e-06
-2.70495e-14
-5.05622e-12
8.0711e-11
2.78365e-06
-3.75968e-12
8.23802e-11
2.63338e-06
7.386e-11
2.33825e-06
-2.85524e-14
-5.51824e-12
2.20178e-11
2.49471e-06
-4.06427e-12
2.32142e-11
2.3635e-06
1.98772e-11
2.10762e-06
-2.8292e-14
-5.01262e-12
2.02239e-06
-3.6291e-12
1.91466e-06
1.7075e-06
-2.4756e-14
4.85031e-12
1.81017e-10
3.03768e-06
6.16564e-12
1.77716e-10
2.74327e-06
1.63971e-10
2.17815e-06
-2.33168e-14
2.09147e-12
2.223e-10
3.23493e-06
3.12539e-12
2.19632e-10
2.9617e-06
2.03276e-10
2.43941e-06
-2.08444e-14
7.17059e-13
2.48753e-10
3.3341e-06
1.18718e-12
2.47656e-10
3.08251e-06
2.29961e-10
2.6021e-06
-1.92421e-14
-4.11307e-13
2.56193e-10
3.35046e-06
-8.54456e-14
2.57004e-10
3.12055e-06
2.38733e-10
2.68013e-06
-1.96354e-14
-1.49692e-12
2.41688e-10
3.29615e-06
-1.08117e-12
2.43768e-10
3.08747e-06
2.25675e-10
2.68487e-06
-2.15889e-14
-2.71899e-12
2.04448e-10
3.18043e-06
-2.04303e-12
2.0679e-10
2.99201e-06
1.90016e-10
2.6255e-06
-2.42669e-14
-3.95633e-12
1.47872e-10
3.00926e-06
-2.94389e-12
1.49894e-10
2.84019e-06
1.36327e-10
2.50893e-06
-2.67292e-14
-4.98789e-12
8.21138e-11
2.78373e-06
-3.68668e-12
8.37964e-11
2.63344e-06
7.51817e-11
2.33831e-06
-2.82409e-14
-5.46061e-12
2.30587e-11
2.49477e-06
-3.9989e-12
2.42332e-11
2.36355e-06
2.07941e-11
2.10768e-06
-2.80268e-14
-4.97919e-12
2.02242e-06
-3.58288e-12
1.91469e-06
1.70751e-06
-2.45964e-14
4.82137e-12
1.7956e-10
3.03763e-06
6.14489e-12
1.76293e-10
2.74321e-06
1.62878e-10
2.17811e-06
-2.31959e-14
2.08367e-12
2.20694e-10
3.23489e-06
3.10818e-12
2.18066e-10
2.96166e-06
2.02042e-10
2.43938e-06
-2.07308e-14
7.23771e-13
2.47241e-10
3.33407e-06
1.19027e-12
2.46196e-10
3.08248e-06
2.28824e-10
2.60208e-06
-1.90902e-14
-3.8874e-13
2.55065e-10
3.35046e-06
-6.13186e-14
2.55949e-10
3.12054e-06
2.37974e-10
2.68012e-06
-1.94503e-14
-1.45845e-12
2.4123e-10
3.29617e-06
-1.03723e-12
2.43402e-10
3.08748e-06
2.25544e-10
2.68488e-06
-2.13387e-14
-2.66457e-12
2.04832e-10
3.18047e-06
-1.98299e-12
2.07267e-10
2.99205e-06
1.90619e-10
2.62553e-06
-2.39583e-14
-3.89007e-12
1.49e-10
3.00932e-06
-2.87327e-12
1.51085e-10
2.84024e-06
1.37517e-10
2.50898e-06
-2.63883e-14
-4.9199e-12
8.35289e-11
2.7838e-06
-3.61421e-12
8.52261e-11
2.63351e-06
7.65202e-11
2.33837e-06
-2.79032e-14
-5.40315e-12
2.41202e-11
2.49484e-06
-3.93382e-12
2.52734e-11
2.36361e-06
2.17344e-11
2.10773e-06
-2.7736e-14
-4.946e-12
2.02245e-06
-3.53687e-12
1.91471e-06
1.70753e-06
-2.44082e-14
4.79228e-12
1.78124e-10
3.03757e-06
6.12404e-12
1.74888e-10
2.74316e-06
1.61802e-10
2.17807e-06
-2.31275e-14
2.07599e-12
2.1911e-10
3.23484e-06
3.09038e-12
2.16519e-10
2.96162e-06
2.00825e-10
2.43934e-06
-2.06761e-14
7.30414e-13
2.45745e-10
3.33404e-06
1.19285e-12
2.4475e-10
3.08245e-06
2.27698e-10
2.60205e-06
-1.90015e-14
-3.66539e-13
2.53944e-10
3.35045e-06
-3.78743e-14
2.54899e-10
3.12053e-06
2.37218e-10
2.68011e-06
-1.9317e-14
-1.42059e-12
2.4077e-10
3.29618e-06
-9.94119e-13
2.43032e-10
3.08749e-06
2.25408e-10
2.68489e-06
-2.11472e-14
-2.61083e-12
2.05209e-10
3.18051e-06
-1.92389e-12
2.07736e-10
2.99208e-06
1.91215e-10
2.62556e-06
-2.37112e-14
-3.82436e-12
1.50126e-10
3.00938e-06
-2.80352e-12
1.52276e-10
2.8403e-06
1.38708e-10
2.50903e-06
-2.61102e-14
-4.85223e-12
8.49552e-11
2.78387e-06
-3.54244e-12
8.66686e-11
2.63357e-06
7.7874e-11
2.33842e-06
-2.7628e-14
-5.34581e-12
2.52017e-11
2.4949e-06
-3.86924e-12
2.63348e-11
2.36367e-06
2.26982e-11
2.10778e-06
-2.7503e-14
-4.91298e-12
2.02248e-06
-3.49132e-12
1.91474e-06
1.70755e-06
-2.42801e-14
4.76295e-12
1.76708e-10
3.03752e-06
6.10307e-12
1.73501e-10
2.74311e-06
1.60742e-10
2.17803e-06
-2.30447e-14
2.0685e-12
2.17545e-10
3.2348e-06
3.07207e-12
2.1499e-10
2.96157e-06
1.99622e-10
2.43931e-06
-2.06056e-14
7.37079e-13
2.44265e-10
3.33402e-06
1.19508e-12
2.43317e-10
3.08243e-06
2.26582e-10
2.60203e-06
-1.88817e-14
-3.44593e-13
2.52829e-10
3.35044e-06
-1.49032e-14
2.53853e-10
3.12052e-06
2.36464e-10
2.6801e-06
-1.9142e-14
-1.38323e-12
2.40306e-10
3.2962e-06
-9.51633e-13
2.42657e-10
3.0875e-06
2.25265e-10
2.6849e-06
-2.09036e-14
-2.55765e-12
2.05577e-10
3.18055e-06
-1.86549e-12
2.08197e-10
2.99212e-06
1.91803e-10
2.62559e-06
-2.34076e-14
-3.75907e-12
1.51248e-10
3.00943e-06
-2.73443e-12
1.53464e-10
2.84035e-06
1.399e-10
2.50908e-06
-2.57685e-14
-4.78474e-12
8.63912e-11
2.78394e-06
-3.47113e-12
8.81232e-11
2.63364e-06
7.92418e-11
2.33848e-06
-2.72841e-14
-5.28842e-12
2.63034e-11
2.49497e-06
-3.8049e-12
2.74189e-11
2.36373e-06
2.36848e-11
2.10783e-06
-2.72005e-14
-4.87996e-12
2.02251e-06
-3.44593e-12
1.91476e-06
1.70757e-06
-2.4075e-14
4.73332e-12
1.75313e-10
3.03746e-06
6.08188e-12
1.72131e-10
2.74306e-06
1.59698e-10
2.17799e-06
-2.29807e-14
2.06118e-12
2.15999e-10
3.23476e-06
3.05319e-12
2.13477e-10
2.96153e-06
1.98433e-10
2.43927e-06
-2.0554e-14
7.43782e-13
2.42798e-10
3.33399e-06
1.19693e-12
2.41895e-10
3.0824e-06
2.25474e-10
2.602e-06
-1.87885e-14
-3.22882e-13
2.5172e-10
3.35043e-06
7.55421e-15
2.52809e-10
3.12051e-06
2.3571e-10
2.68009e-06
-1.8989e-14
-1.34637e-12
2.39837e-10
3.29621e-06
-9.09825e-13
2.42276e-10
3.08751e-06
2.25114e-10
2.68491e-06
-2.06929e-14
-2.50504e-12
2.05934e-10
3.18058e-06
-1.80788e-12
2.08646e-10
2.99215e-06
1.92381e-10
2.62562e-06
-2.3141e-14
-3.69425e-12
1.52364e-10
3.00949e-06
-2.66608e-12
1.54646e-10
2.8404e-06
1.41088e-10
2.50912e-06
-2.54718e-14
-4.71749e-12
8.78354e-11
2.784e-06
-3.40039e-12
8.95862e-11
2.6337e-06
8.06217e-11
2.33854e-06
-2.69859e-14
-5.23109e-12
2.7424e-11
2.49503e-06
-3.74088e-12
2.85219e-11
2.36379e-06
2.46937e-11
2.10788e-06
-2.69449e-14
-4.84705e-12
2.02254e-06
-3.40076e-12
1.91479e-06
1.70759e-06
-2.39181e-14
4.70345e-12
1.73936e-10
3.03741e-06
6.06043e-12
1.70778e-10
2.74301e-06
1.58669e-10
2.17795e-06
-2.29324e-14
2.05418e-12
2.14472e-10
3.23471e-06
3.03375e-12
2.11981e-10
2.96149e-06
1.97257e-10
2.43924e-06
-2.0518e-14
7.50641e-13
2.41345e-10
3.33396e-06
1.19844e-12
2.40485e-10
3.08237e-06
2.24374e-10
2.60197e-06
-1.87001e-14
-3.01276e-13
2.50614e-10
3.35042e-06
2.95686e-14
2.51768e-10
3.1205e-06
2.34955e-10
2.68008e-06
-1.88391e-14
-1.30987e-12
2.39362e-10
3.29622e-06
-8.68627e-13
2.41887e-10
3.08752e-06
2.24954e-10
2.68492e-06
-2.04777e-14
-2.45286e-12
2.06279e-10
3.18062e-06
-1.751e-12
2.09083e-10
2.99218e-06
1.92946e-10
2.62565e-06
-2.28685e-14
-3.62974e-12
1.53473e-10
3.00955e-06
-2.5984e-12
1.55822e-10
2.84046e-06
1.42272e-10
2.50917e-06
-2.51593e-14
-4.65031e-12
8.92863e-11
2.78407e-06
-3.33014e-12
9.10571e-11
2.63376e-06
8.20122e-11
2.33859e-06
-2.66695e-14
-5.17363e-12
2.85633e-11
2.4951e-06
-3.6771e-12
2.96441e-11
2.36385e-06
2.57241e-11
2.10793e-06
-2.66652e-14
-4.81403e-12
2.02257e-06
-3.35576e-12
1.91482e-06
1.70762e-06
-2.37338e-14
4.67329e-12
1.72578e-10
3.03736e-06
6.03858e-12
1.6944e-10
2.74296e-06
1.57653e-10
2.17791e-06
-2.29236e-14
2.04746e-12
2.12962e-10
3.23467e-06
3.01364e-12
2.10501e-10
2.96145e-06
1.96093e-10
2.4392e-06
-2.05169e-14
7.57564e-13
2.39904e-10
3.33393e-06
1.19954e-12
2.39085e-10
3.08234e-06
2.2328e-10
2.60195e-06
-1.86545e-14
-2.79915e-13
2.49511e-10
3.35041e-06
5.10587e-14
2.50727e-10
3.12049e-06
2.34197e-10
2.68007e-06
-1.87326e-14
-1.27387e-12
2.38879e-10
3.29623e-06
-8.28129e-13
2.41488e-10
3.08753e-06
2.24783e-10
2.68493e-06
-2.03169e-14
-2.40127e-12
2.06611e-10
3.18065e-06
-1.69495e-12
2.09506e-10
2.99221e-06
1.93497e-10
2.62568e-06
-2.26557e-14
-3.5657e-12
1.54573e-10
3.0096e-06
-2.53156e-12
1.5699e-10
2.84051e-06
1.43448e-10
2.50922e-06
-2.49158e-14
-4.58336e-12
9.07422e-11
2.78414e-06
-3.26055e-12
9.25361e-11
2.63383e-06
8.34116e-11
2.33865e-06
-2.64209e-14
-5.11608e-12
2.97202e-11
2.49516e-06
-3.61382e-12
3.07877e-11
2.36391e-06
2.67756e-11
2.10799e-06
-2.64541e-14
-4.78092e-12
2.02261e-06
-3.3112e-12
1.91485e-06
1.70764e-06
-2.36202e-14
4.64289e-12
1.71237e-10
3.0373e-06
6.01637e-12
1.68117e-10
2.74291e-06
1.56651e-10
2.17787e-06
-2.28955e-14
2.04111e-12
2.11469e-10
3.23463e-06
2.99295e-12
2.09034e-10
2.96141e-06
1.9494e-10
2.43917e-06
-2.0483e-14
7.64639e-13
2.38473e-10
3.33391e-06
1.20035e-12
2.37693e-10
3.08231e-06
2.22191e-10
2.60192e-06
-1.85602e-14
-2.58699e-13
2.48409e-10
3.3504e-06
7.21909e-14
2.49685e-10
3.12048e-06
2.33436e-10
2.68006e-06
-1.8573e-14
-1.23829e-12
2.38386e-10
3.29624e-06
-7.88152e-13
2.41077e-10
3.08754e-06
2.24598e-10
2.68494e-06
-2.00945e-14
-2.35018e-12
2.06926e-10
3.18069e-06
-1.63954e-12
2.09911e-10
2.99224e-06
1.94031e-10
2.62571e-06
-2.2378e-14
-3.50207e-12
1.5566e-10
3.00966e-06
-2.46533e-12
1.58146e-10
2.84056e-06
1.44616e-10
2.50927e-06
-2.46001e-14
-4.51658e-12
9.22009e-11
2.78421e-06
-3.19141e-12
9.40175e-11
2.63389e-06
8.48176e-11
2.33871e-06
-2.60985e-14
-5.05852e-12
3.0894e-11
2.49523e-06
-3.55065e-12
3.19474e-11
2.36397e-06
2.78468e-11
2.10804e-06
-2.61707e-14
-4.74783e-12
2.02264e-06
-3.26662e-12
1.91488e-06
1.70766e-06
-2.34286e-14
4.61221e-12
1.69913e-10
3.03725e-06
5.99369e-12
1.66807e-10
2.74286e-06
1.55661e-10
2.17783e-06
-2.28855e-14
2.0355e-12
2.0999e-10
3.23459e-06
2.97163e-12
2.07581e-10
2.96136e-06
1.93797e-10
2.43913e-06
-2.04566e-14
7.7182e-13
2.37053e-10
3.33388e-06
1.2008e-12
2.36309e-10
3.08228e-06
2.21107e-10
2.6019e-06
-1.84814e-14
-2.3761e-13
2.47307e-10
3.35039e-06
9.28613e-14
2.48642e-10
3.12046e-06
2.3267e-10
2.68005e-06
-1.84277e-14
-1.2031e-12
2.37881e-10
3.29626e-06
-7.48829e-13
2.40655e-10
3.08755e-06
2.24399e-10
2.68495e-06
-1.98992e-14
-2.29955e-12
2.07223e-10
3.18072e-06
-1.58495e-12
2.10299e-10
2.99227e-06
1.94546e-10
2.62574e-06
-2.21345e-14
-3.43882e-12
1.56734e-10
3.00971e-06
-2.3999e-12
1.59288e-10
2.84061e-06
1.45771e-10
2.50931e-06
-2.43246e-14
-4.44994e-12
9.36606e-11
2.78428e-06
-3.1229e-12
9.55e-11
2.63395e-06
8.62281e-11
2.33876e-06
-2.58204e-14
-5.0009e-12
3.20835e-11
2.4953e-06
-3.48786e-12
3.31222e-11
2.36403e-06
2.8937e-11
2.10809e-06
-2.59258e-14
-4.71468e-12
2.02268e-06
-3.22231e-12
1.91491e-06
1.70769e-06
-2.32767e-14
4.5819e-12
1.68604e-10
3.0372e-06
5.97058e-12
1.65512e-10
2.74282e-06
1.54683e-10
2.17779e-06
-2.28915e-14
2.0303e-12
2.08526e-10
3.23455e-06
2.94968e-12
2.0614e-10
2.96132e-06
1.92664e-10
2.43909e-06
-2.04467e-14
7.79081e-13
2.3564e-10
3.33385e-06
1.20091e-12
2.34931e-10
3.08225e-06
2.20026e-10
2.60187e-06
-1.8408e-14
-2.16679e-13
2.46203e-10
3.35038e-06
1.13133e-13
2.47594e-10
3.12045e-06
2.31897e-10
2.68003e-06
-1.82907e-14
-1.16833e-12
2.37364e-10
3.29627e-06
-7.10085e-13
2.40218e-10
3.08755e-06
2.24183e-10
2.68495e-06
-1.9707e-14
-2.24946e-12
2.075e-10
3.18075e-06
-1.53109e-12
2.10666e-10
2.9923e-06
1.9504e-10
2.62577e-06
-2.18939e-14
-3.37597e-12
1.57791e-10
3.00976e-06
-2.33519e-12
1.60416e-10
2.84066e-06
1.46912e-10
2.50936e-06
-2.40472e-14
-4.38346e-12
9.51194e-11
2.78434e-06
-3.05496e-12
9.69859e-11
2.63401e-06
8.76413e-11
2.33882e-06
-2.55358e-14
-4.94305e-12
3.3288e-11
2.49536e-06
-3.42548e-12
3.43173e-11
2.36409e-06
3.00451e-11
2.10815e-06
-2.56707e-14
-4.68123e-12
2.02272e-06
-3.17836e-12
1.91494e-06
1.70772e-06
-2.31093e-14
4.55123e-12
1.6731e-10
3.03715e-06
5.94688e-12
1.64228e-10
2.74277e-06
1.53715e-10
2.17776e-06
-2.29321e-14
2.0255e-12
2.07075e-10
3.2345e-06
2.92707e-12
2.0471e-10
2.96128e-06
1.91538e-10
2.43906e-06
-2.04664e-14
7.86441e-13
2.34235e-10
3.33382e-06
1.20068e-12
2.33558e-10
3.08222e-06
2.18947e-10
2.60184e-06
-1.83708e-14
-1.95934e-13
2.45096e-10
3.35037e-06
1.32973e-13
2.46542e-10
3.12044e-06
2.31116e-10
2.68002e-06
-1.81919e-14
-1.13404e-12
2.36832e-10
3.29627e-06
-6.71966e-13
2.39765e-10
3.08756e-06
2.23948e-10
2.68496e-06
-1.95652e-14
-2.19995e-12
2.07755e-10
3.18078e-06
-1.47802e-12
2.1101e-10
2.99233e-06
1.95511e-10
2.6258e-06
-2.17082e-14
-3.31365e-12
1.5883e-10
3.00982e-06
-2.27134e-12
1.61524e-10
2.84071e-06
1.48036e-10
2.5094e-06
-2.38354e-14
-4.31729e-12
9.65747e-11
2.78441e-06
-2.98773e-12
9.84676e-11
2.63408e-06
8.90544e-11
2.33888e-06
-2.53135e-14
-4.88532e-12
3.45055e-11
2.49543e-06
-3.36352e-12
3.55247e-11
2.36415e-06
3.11697e-11
2.1082e-06
-2.54887e-14
-4.64792e-12
2.02276e-06
-3.13467e-12
1.91498e-06
1.70774e-06
-2.30226e-14
4.52026e-12
1.66029e-10
3.0371e-06
5.9226e-12
1.62956e-10
2.74272e-06
1.52757e-10
2.17772e-06
-2.29654e-14
2.02129e-12
2.05635e-10
3.23446e-06
2.90385e-12
2.0329e-10
2.96124e-06
1.90419e-10
2.43903e-06
-2.0459e-14
7.9412e-13
2.32836e-10
3.33379e-06
1.20019e-12
2.32189e-10
3.08219e-06
2.17868e-10
2.60182e-06
-1.82843e-14
-1.75115e-13
2.43985e-10
3.35036e-06
1.52482e-13
2.45483e-10
3.12042e-06
2.30326e-10
2.68001e-06
-1.80429e-14
-1.1e-12
2.36284e-10
3.29628e-06
-6.34388e-13
2.39293e-10
3.08756e-06
2.23694e-10
2.68497e-06
-1.93588e-14
-2.15079e-12
2.07986e-10
3.18081e-06
-1.42567e-12
2.11329e-10
2.99236e-06
1.95956e-10
2.62582e-06
-2.14528e-14
-3.25164e-12
1.59846e-10
3.00987e-06
-2.20821e-12
1.6261e-10
2.84075e-06
1.4914e-10
2.50945e-06
-2.35406e-14
-4.25121e-12
9.8024e-11
2.78448e-06
-2.92108e-12
9.99423e-11
2.63414e-06
9.04648e-11
2.33893e-06
-2.50074e-14
-4.82751e-12
3.57352e-11
2.4955e-06
-3.30177e-12
3.67419e-11
2.36422e-06
3.23094e-11
2.10826e-06
-2.52235e-14
-4.61453e-12
2.0228e-06
-3.09107e-12
1.91501e-06
1.70777e-06
-2.28476e-14
4.4889e-12
1.64762e-10
3.03704e-06
5.89765e-12
1.61695e-10
2.74267e-06
1.51808e-10
2.17768e-06
-2.30113e-14
2.01776e-12
2.04207e-10
3.23442e-06
2.87998e-12
2.01879e-10
2.9612e-06
1.89307e-10
2.43899e-06
-2.04434e-14
8.02077e-13
2.31442e-10
3.33377e-06
1.1994e-12
2.30823e-10
3.08216e-06
2.16789e-10
2.60179e-06
-1.81954e-14
-1.54282e-13
2.42868e-10
3.35035e-06
1.71615e-13
2.44416e-10
3.12041e-06
2.29525e-10
2.68e-06
-1.7899e-14
-1.0663e-12
2.35718e-10
3.29629e-06
-5.97415e-13
2.38803e-10
3.08757e-06
2.23417e-10
2.68497e-06
-1.91699e-14
-2.10214e-12
2.0819e-10
3.18084e-06
-1.37414e-12
2.11621e-10
2.99238e-06
1.96373e-10
2.62585e-06
-2.12226e-14
-3.19004e-12
1.6084e-10
3.00992e-06
-2.14594e-12
1.63675e-10
2.8408e-06
1.50221e-10
2.50949e-06
-2.32759e-14
-4.18529e-12
9.94656e-11
2.78454e-06
-2.85518e-12
1.01414e-10
2.6342e-06
9.18707e-11
2.33899e-06
-2.47356e-14
-4.7694e-12
3.69758e-11
2.49557e-06
-3.24074e-12
3.79772e-11
2.36428e-06
3.34634e-11
2.10831e-06
-2.49828e-14
-4.58073e-12
2.02284e-06
-3.04817e-12
1.91505e-06
1.7078e-06
-2.27012e-14
4.45693e-12
1.63507e-10
3.03699e-06
5.87196e-12
1.60443e-10
2.74262e-06
1.50867e-10
2.17764e-06
-2.30919e-14
2.01498e-12
2.02789e-10
3.23438e-06
2.85555e-12
2.00476e-10
2.96116e-06
1.88198e-10
2.43896e-06
-2.04533e-14
8.10347e-13
2.3005e-10
3.33374e-06
1.19845e-12
2.29457e-10
3.08213e-06
2.15707e-10
2.60177e-06
-1.81129e-14
-1.33383e-13
2.41744e-10
3.35034e-06
1.90531e-13
2.43339e-10
3.1204e-06
2.2871e-10
2.67998e-06
-1.77704e-14
-1.03289e-12
2.35131e-10
3.2963e-06
-5.60884e-13
2.38289e-10
3.08757e-06
2.23115e-10
2.68498e-06
-1.89864e-14
-2.05396e-12
2.08365e-10
3.18087e-06
-1.32325e-12
2.11882e-10
2.99241e-06
1.96759e-10
2.62587e-06
-2.09958e-14
-3.12889e-12
1.61806e-10
3.00997e-06
-2.08438e-12
1.64712e-10
2.84085e-06
1.51277e-10
2.50954e-06
-2.30079e-14
-4.1196e-12
1.00897e-10
2.78461e-06
-2.78986e-12
1.02877e-10
2.63426e-06
9.32689e-11
2.33904e-06
-2.44494e-14
-4.71121e-12
3.82256e-11
2.49563e-06
-3.18007e-12
3.92243e-11
2.36434e-06
3.46293e-11
2.10837e-06
-2.47281e-14
-4.54676e-12
2.02288e-06
-3.00551e-12
1.91508e-06
1.70784e-06
-2.25356e-14
4.42421e-12
1.62263e-10
3.03694e-06
5.84542e-12
1.592e-10
2.74258e-06
1.49933e-10
2.17761e-06
-2.31904e-14
2.01301e-12
2.0138e-10
3.23434e-06
2.83053e-12
1.99079e-10
2.96112e-06
1.87094e-10
2.43892e-06
-2.04911e-14
8.19026e-13
2.28662e-10
3.33371e-06
1.19727e-12
2.2809e-10
3.0821e-06
2.14622e-10
2.60174e-06
-1.8066e-14
-1.12287e-13
2.40611e-10
3.35033e-06
2.09142e-13
2.4225e-10
3.12038e-06
2.27882e-10
2.67997e-06
-1.76777e-14
-9.99714e-13
2.34524e-10
3.29631e-06
-5.24918e-13
2.37751e-10
3.08758e-06
2.22787e-10
2.68498e-06
-1.8845e-14
-2.00615e-12
2.0851e-10
3.1809e-06
-1.27317e-12
2.1211e-10
2.99243e-06
1.97111e-10
2.6259e-06
-2.08115e-14
-3.06818e-12
1.62743e-10
3.01002e-06
-2.02375e-12
1.65718e-10
2.84089e-06
1.52304e-10
2.50958e-06
-2.27857e-14
-4.05417e-12
1.02314e-10
2.78467e-06
-2.72537e-12
1.04322e-10
2.63432e-06
9.4656e-11
2.3391e-06
-2.42059e-14
-4.6532e-12
3.94822e-11
2.4957e-06
-3.11983e-12
4.04725e-11
2.3644e-06
3.58054e-11
2.10842e-06
-2.45166e-14
-4.51304e-12
2.02292e-06
-2.96311e-12
1.91512e-06
1.70787e-06
-2.24189e-14
4.39073e-12
1.61029e-10
3.03689e-06
5.81799e-12
1.57965e-10
2.74253e-06
1.49005e-10
2.17757e-06
-2.32606e-14
2.01191e-12
1.99977e-10
3.2343e-06
2.80493e-12
1.97687e-10
2.96108e-06
1.85991e-10
2.43889e-06
-2.05197e-14
8.2822e-13
2.27273e-10
3.33368e-06
1.1959e-12
2.26721e-10
3.08208e-06
2.13531e-10
2.60171e-06
-1.80009e-14
-9.08608e-14
2.39467e-10
3.35031e-06
2.27512e-13
2.41148e-10
3.12037e-06
2.27036e-10
2.67996e-06
-1.75571e-14
-9.66611e-13
2.33892e-10
3.29631e-06
-4.89465e-13
2.37187e-10
3.08758e-06
2.2243e-10
2.68498e-06
-1.86548e-14
-1.95864e-12
2.08621e-10
3.18093e-06
-1.22385e-12
2.12304e-10
2.99246e-06
1.97427e-10
2.62592e-06
-2.05684e-14
-3.00777e-12
1.63648e-10
3.01007e-06
-1.96394e-12
1.66691e-10
2.84094e-06
1.53299e-10
2.50962e-06
-2.24875e-14
-3.98883e-12
1.03715e-10
2.78474e-06
-2.66161e-12
1.05752e-10
2.63438e-06
9.60294e-11
2.33915e-06
-2.38834e-14
-4.59495e-12
4.07448e-11
2.49577e-06
-3.06013e-12
4.17289e-11
2.36446e-06
3.699e-11
2.10848e-06
-2.42089e-14
-4.47898e-12
2.02297e-06
-2.92118e-12
1.91516e-06
1.7079e-06
-2.21898e-14
4.35646e-12
1.59804e-10
3.03684e-06
5.78957e-12
1.56737e-10
2.74248e-06
1.48081e-10
2.17753e-06
-2.33008e-14
2.0114e-12
1.98581e-10
3.23426e-06
2.77872e-12
1.96299e-10
2.96104e-06
1.84889e-10
2.43885e-06
-2.05501e-14
8.37725e-13
2.25884e-10
3.33365e-06
1.19435e-12
2.25348e-10
3.08205e-06
2.12434e-10
2.60169e-06
-1.79744e-14
-6.92993e-14
2.3831e-10
3.3503e-06
2.45638e-13
2.4003e-10
3.12035e-06
2.26173e-10
2.67994e-06
-1.74716e-14
-9.33749e-13
2.33235e-10
3.29632e-06
-4.54521e-13
2.36594e-10
3.08758e-06
2.22042e-10
2.68499e-06
-1.85104e-14
-1.91166e-12
2.08697e-10
3.18095e-06
-1.17531e-12
2.12459e-10
2.99248e-06
1.97704e-10
2.62594e-06
-2.03776e-14
-2.94784e-12
1.64518e-10
3.01011e-06
-1.90499e-12
1.6763e-10
2.84098e-06
1.54259e-10
2.50966e-06
-2.2257e-14
-3.92375e-12
1.05097e-10
2.7848e-06
-2.59865e-12
1.07169e-10
2.63444e-06
9.73861e-11
2.33921e-06
-2.3623e-14
-4.53644e-12
4.20112e-11
2.49584e-06
-3.00127e-12
4.29979e-11
2.36453e-06
3.81813e-11
2.10854e-06
-2.39674e-14
-4.44446e-12
2.02302e-06
-2.88008e-12
1.91521e-06
1.70794e-06
-2.20296e-14
4.32143e-12
1.58588e-10
3.03679e-06
5.76012e-12
1.55514e-10
2.74244e-06
1.47161e-10
2.1775e-06
-2.33255e-14
2.01106e-12
1.9719e-10
3.23422e-06
2.75191e-12
1.94914e-10
2.961e-06
1.83787e-10
2.43882e-06
-2.0599e-14
8.47356e-13
2.24491e-10
3.33363e-06
1.19268e-12
2.2397e-10
3.08202e-06
2.11328e-10
2.60166e-06
-1.79863e-14
-4.77043e-14
2.37139e-10
3.35029e-06
2.63663e-13
2.38895e-10
3.12034e-06
2.25289e-10
2.67993e-06
-1.74237e-14
-9.01117e-13
2.32549e-10
3.29632e-06
-4.19913e-13
2.3597e-10
3.08759e-06
2.21621e-10
2.68499e-06
-1.83869e-14
-1.86505e-12
2.08733e-10
3.18098e-06
-1.12735e-12
2.12571e-10
2.9925e-06
1.97939e-10
2.62597e-06
-2.02012e-14
-2.88841e-12
1.6535e-10
3.01016e-06
-1.84675e-12
1.68526e-10
2.84102e-06
1.5518e-10
2.5097e-06
-2.2035e-14
-3.85906e-12
1.06456e-10
2.78486e-06
-2.53631e-12
1.08557e-10
2.6345e-06
9.87219e-11
2.33926e-06
-2.33573e-14
-4.4782e-12
4.32787e-11
2.4959e-06
-2.94258e-12
4.42615e-11
2.36459e-06
3.9376e-11
2.10859e-06
-2.37334e-14
-4.41015e-12
2.02306e-06
-2.8391e-12
1.91525e-06
1.70797e-06
-2.18717e-14
4.28583e-12
1.57378e-10
3.03674e-06
5.72956e-12
1.54297e-10
2.74239e-06
1.46244e-10
2.17746e-06
-2.33196e-14
2.01051e-12
1.958e-10
3.23418e-06
2.72426e-12
1.93531e-10
2.96096e-06
1.82683e-10
2.43879e-06
-2.06412e-14
8.56919e-13
2.23092e-10
3.3336e-06
1.1907e-12
2.22586e-10
3.08199e-06
2.10213e-10
2.60163e-06
-1.80356e-14
-2.62021e-14
2.3595e-10
3.35028e-06
2.8133e-13
2.37742e-10
3.12032e-06
2.24383e-10
2.67992e-06
-1.74087e-14
-8.68763e-13
2.31832e-10
3.29633e-06
-3.85922e-13
2.35313e-10
3.08759e-06
2.21163e-10
2.68499e-06
-1.83017e-14
-1.81886e-12
2.08727e-10
3.181e-06
-1.08031e-12
2.1264e-10
2.99252e-06
1.98128e-10
2.62599e-06
-2.00643e-14
-2.82949e-12
1.66138e-10
3.0102e-06
-1.7896e-12
1.69378e-10
2.84107e-06
1.56058e-10
2.50974e-06
-2.18526e-14
-3.79473e-12
1.07788e-10
2.78492e-06
-2.47495e-12
1.09913e-10
2.63455e-06
1.00033e-10
2.33932e-06
-2.31347e-14
-4.42024e-12
4.45432e-11
2.49597e-06
-2.88441e-12
4.55152e-11
2.36465e-06
4.05725e-11
2.10865e-06
-2.35329e-14
-4.37618e-12
2.02311e-06
-2.7989e-12
1.91529e-06
1.70801e-06
-2.17534e-14
4.24982e-12
1.56174e-10
3.03669e-06
5.6978e-12
1.53083e-10
2.74234e-06
1.45328e-10
2.17743e-06
-2.32743e-14
2.00954e-12
1.94412e-10
3.23414e-06
2.69577e-12
1.92149e-10
2.96092e-06
1.81576e-10
2.43875e-06
-2.06442e-14
8.66268e-13
2.21686e-10
3.33357e-06
1.18838e-12
2.21195e-10
3.08196e-06
2.09086e-10
2.60161e-06
-1.80513e-14
-4.90878e-15
2.34742e-10
3.35026e-06
2.98678e-13
2.36569e-10
3.12031e-06
2.23453e-10
2.6799e-06
-1.73529e-14
-8.36737e-13
2.31082e-10
3.29633e-06
-3.52503e-13
2.34623e-10
3.08759e-06
2.20667e-10
2.685e-06
-1.81587e-14
-1.77324e-12
2.08677e-10
3.18103e-06
-1.03413e-12
2.12665e-10
2.99255e-06
1.98269e-10
2.62601e-06
-1.98626e-14
-2.77105e-12
1.66882e-10
3.01025e-06
-1.73339e-12
1.70187e-10
2.84111e-06
1.56891e-10
2.50978e-06
-2.15876e-14
-3.73065e-12
1.09091e-10
2.78499e-06
-2.41451e-12
1.11247e-10
2.63461e-06
1.01317e-10
2.33937e-06
-2.28332e-14
-4.36196e-12
4.58055e-11
2.49604e-06
-2.82715e-12
4.6777e-11
2.36472e-06
4.17683e-11
2.10871e-06
-2.32242e-14
-4.34168e-12
2.02316e-06
-2.75966e-12
1.91534e-06
1.70805e-06
-2.1507e-14
4.21341e-12
1.54974e-10
3.03665e-06
5.66484e-12
1.51872e-10
2.7423e-06
1.44413e-10
2.17739e-06
-2.32199e-14
2.00784e-12
1.93022e-10
3.2341e-06
2.66639e-12
1.90765e-10
2.96088e-06
1.80465e-10
2.43872e-06
-2.06322e-14
8.75064e-13
2.2027e-10
3.33354e-06
1.18577e-12
2.19795e-10
3.08193e-06
2.07946e-10
2.60158e-06
-1.80917e-14
1.58479e-14
2.33512e-10
3.35025e-06
3.15772e-13
2.35375e-10
3.12029e-06
2.22497e-10
2.67989e-06
-1.73235e-14
-8.05345e-13
2.30296e-10
3.29634e-06
-3.19551e-13
2.33896e-10
3.08759e-06
2.2013e-10
2.685e-06
-1.80699e-14
-1.72848e-12
2.08579e-10
3.18105e-06
-9.88721e-13
2.12641e-10
2.99257e-06
1.98359e-10
2.62603e-06
-1.97268e-14
-2.71344e-12
1.67578e-10
3.01029e-06
-1.67811e-12
1.70947e-10
2.84115e-06
1.57674e-10
2.50982e-06
-2.14113e-14
-3.66716e-12
1.10363e-10
2.78505e-06
-2.35499e-12
1.12554e-10
2.63467e-06
1.0257e-10
2.33942e-06
-2.26183e-14
-4.30376e-12
4.7064e-11
2.49611e-06
-2.7709e-12
4.80426e-11
2.36478e-06
4.29607e-11
2.10876e-06
-2.30251e-14
-4.30697e-12
2.02321e-06
-2.72149e-12
1.91538e-06
1.70809e-06
-2.13864e-14
4.17658e-12
1.53778e-10
3.0366e-06
5.63056e-12
1.50661e-10
2.74225e-06
1.43497e-10
2.17735e-06
-2.31681e-14
2.00521e-12
1.91629e-10
3.23406e-06
2.63613e-12
1.89378e-10
2.96084e-06
1.79348e-10
2.43869e-06
-2.06278e-14
8.83229e-13
2.18841e-10
3.33351e-06
1.18294e-12
2.18383e-10
3.0819e-06
2.0679e-10
2.60156e-06
-1.81332e-14
3.60318e-14
2.32257e-10
3.35024e-06
3.32751e-13
2.34154e-10
3.12027e-06
2.21512e-10
2.67987e-06
-1.72991e-14
-7.74517e-13
2.2947e-10
3.29634e-06
-2.8691e-13
2.33126e-10
3.08759e-06
2.1955e-10
2.685e-06
-1.79769e-14
-1.68432e-12
2.0843e-10
3.18107e-06
-9.43904e-13
2.12561e-10
2.99259e-06
1.98394e-10
2.62605e-06
-1.95783e-14
-2.6566e-12
1.6822e-10
3.01034e-06
-1.62362e-12
1.71649e-10
2.84119e-06
1.58402e-10
2.50986e-06
-2.12164e-14
-3.60437e-12
1.11598e-10
2.78511e-06
-2.29617e-12
1.13814e-10
2.63472e-06
1.03787e-10
2.33947e-06
-2.23787e-14
-4.24628e-12
4.83132e-11
2.49617e-06
-2.71485e-12
4.92854e-11
2.36484e-06
4.41456e-11
2.10882e-06
-2.28292e-14
-4.27292e-12
2.02327e-06
-2.68344e-12
1.91543e-06
1.70813e-06
-2.12757e-14
4.13937e-12
1.52582e-10
3.03655e-06
5.59477e-12
1.49451e-10
2.74221e-06
1.42579e-10
2.17732e-06
-2.31002e-14
2.00172e-12
1.90232e-10
3.23402e-06
2.60479e-12
1.87987e-10
2.9608e-06
1.78223e-10
2.43865e-06
-2.06185e-14
8.90828e-13
2.17399e-10
3.33348e-06
1.17969e-12
2.16958e-10
3.08187e-06
2.05618e-10
2.60153e-06
-1.8186e-14
5.57191e-14
2.30975e-10
3.35022e-06
3.49311e-13
2.32908e-10
3.12026e-06
2.20496e-10
2.67986e-06
-1.72819e-14
-7.44214e-13
2.28603e-10
3.29634e-06
-2.5494e-13
2.32315e-10
3.08759e-06
2.18923e-10
2.685e-06
-1.79081e-14
-1.64076e-12
2.08227e-10
3.1811e-06
-9.00104e-13
2.12426e-10
2.99261e-06
1.98371e-10
2.62607e-06
-1.94499e-14
-2.60044e-12
1.68805e-10
3.01038e-06
-1.57043e-12
1.72292e-10
2.84123e-06
1.59073e-10
2.5099e-06
-2.10416e-14
-3.54213e-12
1.1279e-10
2.78517e-06
-2.23861e-12
1.15026e-10
2.63478e-06
1.04963e-10
2.33953e-06
-2.21729e-14
-4.1893e-12
4.9549e-11
2.49624e-06
-2.65964e-12
5.0507e-11
2.3649e-06
4.53205e-11
2.10888e-06
-2.26417e-14
-4.23946e-12
2.02332e-06
-2.64597e-12
1.91548e-06
1.70818e-06
-2.11781e-14
4.10191e-12
1.51387e-10
3.0365e-06
5.55741e-12
1.4824e-10
2.74216e-06
1.41658e-10
2.17728e-06
-2.29706e-14
1.99754e-12
1.88828e-10
3.23398e-06
2.57233e-12
1.86591e-10
2.96076e-06
1.77089e-10
2.43862e-06
-2.05247e-14
8.98079e-13
2.1594e-10
3.33346e-06
1.17606e-12
2.15519e-10
3.08184e-06
2.04427e-10
2.6015e-06
-1.81383e-14
7.50603e-14
2.29664e-10
3.35021e-06
3.65562e-13
2.31634e-10
3.12024e-06
2.19448e-10
2.67985e-06
-1.71904e-14
-7.14318e-13
2.27692e-10
3.29635e-06
-2.23517e-13
2.31461e-10
3.08759e-06
2.18247e-10
2.685e-06
-1.77264e-14
-1.59782e-12
2.07966e-10
3.18112e-06
-8.57195e-13
2.12237e-10
2.99262e-06
1.98286e-10
2.62609e-06
-1.91893e-14
-2.54476e-12
1.69331e-10
3.01042e-06
-1.51824e-12
1.7288e-10
2.84126e-06
1.59682e-10
2.50994e-06
-2.07095e-14
-3.48012e-12
1.13939e-10
2.78523e-06
-2.18208e-12
1.16207e-10
2.63484e-06
1.06096e-10
2.33958e-06
-2.18134e-14
-4.13174e-12
5.07706e-11
2.49631e-06
-2.60546e-12
5.17328e-11
2.36497e-06
4.6483e-11
2.10893e-06
-2.22576e-14
-4.20527e-12
2.02338e-06
-2.60977e-12
1.91553e-06
1.70822e-06
-2.08518e-14
4.064e-12
1.50191e-10
3.03645e-06
5.51824e-12
1.47027e-10
2.74212e-06
1.40731e-10
2.17725e-06
-2.28036e-14
1.99252e-12
1.87416e-10
3.23394e-06
2.53874e-12
1.85187e-10
2.96072e-06
1.75943e-10
2.43859e-06
-2.03694e-14
9.04724e-13
2.14462e-10
3.33343e-06
1.17206e-12
2.14062e-10
3.08181e-06
2.03214e-10
2.60148e-06
-1.80788e-14
9.36888e-14
2.28322e-10
3.3502e-06
3.8157e-13
2.30329e-10
3.12022e-06
2.18363e-10
2.67983e-06
-1.71402e-14
-6.85233e-13
2.26734e-10
3.29635e-06
-1.92583e-13
2.30559e-10
3.08759e-06
2.17518e-10
2.685e-06
-1.75998e-14
-1.55594e-12
2.07646e-10
3.18114e-06
-8.15102e-13
2.11984e-10
2.99264e-06
1.98137e-10
2.62611e-06
-1.89924e-14
-2.49005e-12
1.69794e-10
3.01046e-06
-1.46707e-12
1.73405e-10
2.8413e-06
1.60225e-10
2.50997e-06
-2.04649e-14
-3.41885e-12
1.15039e-10
2.78528e-06
-2.12663e-12
1.17347e-10
2.63489e-06
1.07181e-10
2.33963e-06
-2.15374e-14
-4.07363e-12
5.19741e-11
2.49638e-06
-2.5525e-12
5.29559e-11
2.36503e-06
4.76299e-11
2.10899e-06
-2.19768e-14
-4.17065e-12
2.02343e-06
-2.57495e-12
1.91558e-06
1.70826e-06
-2.0643e-14
4.02558e-12
1.48991e-10
3.03641e-06
5.47744e-12
1.45809e-10
2.74208e-06
1.39797e-10
2.17721e-06
-2.26624e-14
1.9867e-12
1.85993e-10
3.2339e-06
2.50424e-12
1.83772e-10
2.96068e-06
1.74784e-10
2.43856e-06
-2.02316e-14
9.10795e-13
2.12964e-10
3.3334e-06
1.16786e-12
2.12584e-10
3.08178e-06
2.01978e-10
2.60145e-06
-1.80259e-14
1.1169e-13
2.26944e-10
3.35018e-06
3.97526e-13
2.28987e-10
3.12021e-06
2.1724e-10
2.67982e-06
-1.71253e-14
-6.5686e-13
2.25725e-10
3.29635e-06
-1.61901e-13
2.29602e-10
3.08759e-06
2.16735e-10
2.685e-06
-1.74851e-14
-1.51485e-12
2.0726e-10
3.18116e-06
-7.73542e-13
2.11662e-10
2.99266e-06
1.97919e-10
2.62613e-06
-1.87935e-14
-2.43634e-12
1.70188e-10
3.0105e-06
-1.41661e-12
1.73854e-10
2.84134e-06
1.60698e-10
2.51001e-06
-2.02014e-14
-3.3585e-12
1.16085e-10
2.78534e-06
-2.07184e-12
1.18422e-10
2.63494e-06
1.08212e-10
2.33968e-06
-2.12266e-14
-4.0164e-12
5.31552e-11
2.49644e-06
-2.49978e-12
5.41425e-11
2.36509e-06
4.8756e-11
2.10905e-06
-2.16958e-14
-4.13657e-12
2.02349e-06
-2.54025e-12
1.91563e-06
1.70831e-06
-2.04381e-14
3.98666e-12
1.47787e-10
3.03636e-06
5.43494e-12
1.44585e-10
2.74203e-06
1.38855e-10
2.17718e-06
-2.25739e-14
1.98008e-12
1.84558e-10
3.23386e-06
2.46865e-12
1.82344e-10
2.96064e-06
1.7361e-10
2.43852e-06
-2.01558e-14
9.16321e-13
2.11442e-10
3.33337e-06
1.16314e-12
2.11083e-10
3.08175e-06
2.00715e-10
2.60142e-06
-1.80652e-14
1.29097e-13
2.2553e-10
3.35017e-06
4.12971e-13
2.27606e-10
3.12019e-06
2.16075e-10
2.6798e-06
-1.72017e-14
-6.29221e-13
2.24664e-10
3.29635e-06
-1.31989e-13
2.2859e-10
3.08759e-06
2.15892e-10
2.685e-06
-1.74883e-14
-1.47456e-12
2.06807e-10
3.18118e-06
-7.33082e-13
2.11268e-10
2.99268e-06
1.97628e-10
2.62614e-06
-1.87175e-14
-2.38367e-12
1.70509e-10
3.01054e-06
-1.36757e-12
1.74223e-10
2.84137e-06
1.61096e-10
2.51004e-06
-2.00662e-14
-3.29916e-12
1.17073e-10
2.7854e-06
-2.01844e-12
1.19421e-10
2.635e-06
1.09186e-10
2.33973e-06
-2.10507e-14
-3.96049e-12
5.43103e-11
2.49651e-06
-2.44793e-12
5.52789e-11
2.36516e-06
4.98584e-11
2.10911e-06
-2.15367e-14
-4.10387e-12
2.02355e-06
-2.5059e-12
1.91569e-06
1.70836e-06
-2.03691e-14
3.94737e-12
1.46576e-10
3.03631e-06
5.39055e-12
1.43354e-10
2.74199e-06
1.37902e-10
2.17715e-06
-2.24706e-14
1.97289e-12
1.83108e-10
3.23382e-06
2.43204e-12
1.80901e-10
2.96061e-06
1.72417e-10
2.43849e-06
-2.00379e-14
9.21764e-13
2.09893e-10
3.33335e-06
1.15788e-12
2.09557e-10
3.08172e-06
1.99423e-10
2.6014e-06
-1.80085e-14
1.46307e-13
2.24075e-10
3.35015e-06
4.27882e-13
2.26187e-10
3.12017e-06
2.14866e-10
2.67979e-06
-1.71528e-14
-6.01884e-13
2.23545e-10
3.29635e-06
-1.02884e-13
2.27521e-10
3.08759e-06
2.14988e-10
2.685e-06
-1.7334e-14
-1.43475e-12
2.06283e-10
3.1812e-06
-6.93757e-13
2.10803e-10
2.99269e-06
1.97261e-10
2.62616e-06
-1.84635e-14
-2.33147e-12
1.70754e-10
3.01058e-06
-1.31982e-12
1.74518e-10
2.84141e-06
1.61415e-10
2.51008e-06
-1.97188e-14
-3.2401e-12
1.17999e-10
2.78545e-06
-1.96628e-12
1.20365e-10
2.63505e-06
1.10098e-10
2.33978e-06
-2.06621e-14
-3.90446e-12
5.54388e-11
2.49658e-06
-2.39698e-12
5.63967e-11
2.36522e-06
5.09338e-11
2.10916e-06
-2.11034e-14
-4.07116e-12
2.02361e-06
-2.47272e-12
1.91574e-06
1.70841e-06
-1.99775e-14
3.90763e-12
1.45354e-10
3.03627e-06
5.34416e-12
1.42112e-10
2.74195e-06
1.36935e-10
2.17711e-06
-2.24035e-14
1.96519e-12
1.81638e-10
3.23378e-06
2.39423e-12
1.79441e-10
2.96057e-06
1.71202e-10
2.43846e-06
-1.99577e-14
9.26785e-13
2.08313e-10
3.33332e-06
1.15208e-12
2.08002e-10
3.0817e-06
1.98096e-10
2.60137e-06
-1.80318e-14
1.63053e-13
2.22574e-10
3.35014e-06
4.42112e-13
2.24724e-10
3.12016e-06
2.13606e-10
2.67977e-06
-1.71761e-14
-5.75283e-13
2.22364e-10
3.29635e-06
-7.476e-14
2.26392e-10
3.08758e-06
2.14016e-10
2.685e-06
-1.73248e-14
-1.39597e-12
2.05682e-10
3.18121e-06
-6.5577e-13
2.10263e-10
2.99271e-06
1.96813e-10
2.62618e-06
-1.83943e-14
-2.28009e-12
1.70917e-10
3.01061e-06
-1.27365e-12
1.74737e-10
2.84144e-06
1.61651e-10
2.51011e-06
-1.9605e-14
-3.18157e-12
1.18858e-10
2.78551e-06
-1.9158e-12
1.2126e-10
2.6351e-06
1.10943e-10
2.33983e-06
-2.05115e-14
-3.84788e-12
5.65344e-11
2.49664e-06
-2.34797e-12
5.75103e-11
2.36528e-06
5.19787e-11
2.10922e-06
-2.09387e-14
-4.03756e-12
2.02367e-06
-2.44172e-12
1.9158e-06
1.70846e-06
-1.98885e-14
3.86696e-12
1.44113e-10
3.03622e-06
5.29549e-12
1.40853e-10
2.7419e-06
1.35946e-10
2.17708e-06
-2.22793e-14
1.95658e-12
1.8014e-10
3.23374e-06
2.35533e-12
1.77953e-10
2.96053e-06
1.69956e-10
2.43843e-06
-1.97916e-14
9.31158e-13
2.06692e-10
3.33329e-06
1.14592e-12
2.06406e-10
3.08167e-06
1.96727e-10
2.60135e-06
-1.79006e-14
1.79151e-13
2.21017e-10
3.35012e-06
4.56021e-13
2.23204e-10
3.12014e-06
2.12289e-10
2.67976e-06
-1.70353e-14
-5.49498e-13
2.21111e-10
3.29636e-06
-4.72178e-14
2.25187e-10
3.08758e-06
2.12969e-10
2.685e-06
-1.70969e-14
-1.35817e-12
2.04994e-10
3.18123e-06
-6.18648e-13
2.09633e-10
2.99272e-06
1.96275e-10
2.62619e-06
-1.80975e-14
-2.22974e-12
1.7099e-10
3.01065e-06
-1.2285e-12
1.74863e-10
2.84148e-06
1.61795e-10
2.51015e-06
-1.92323e-14
-3.12383e-12
1.19643e-10
2.78556e-06
-1.86638e-12
1.22084e-10
2.63516e-06
1.11715e-10
2.33987e-06
-2.00908e-14
-3.7915e-12
5.75927e-11
2.49671e-06
-2.30004e-12
5.85947e-11
2.36534e-06
5.29876e-11
2.10928e-06
-2.05526e-14
-4.00342e-12
2.02373e-06
-2.41202e-12
1.91586e-06
1.70851e-06
-1.95705e-14
3.82459e-12
1.42838e-10
3.03618e-06
5.24431e-12
1.39558e-10
2.74186e-06
1.34921e-10
2.17705e-06
-2.21595e-14
1.94613e-12
1.78592e-10
3.23371e-06
2.31256e-12
1.76417e-10
2.96049e-06
1.6866e-10
2.4384e-06
-1.96567e-14
9.34051e-13
2.05008e-10
3.33326e-06
1.13938e-12
2.04747e-10
3.08164e-06
1.95294e-10
2.60132e-06
-1.78601e-14
1.93974e-13
2.19382e-10
3.35011e-06
4.69336e-13
2.21604e-10
3.12012e-06
2.10891e-10
2.67974e-06
-1.69902e-14
-5.25049e-13
2.19765e-10
3.29636e-06
-2.05622e-14
2.23885e-10
3.08758e-06
2.11825e-10
2.685e-06
-1.70502e-14
-1.32183e-12
2.04201e-10
3.18125e-06
-5.82717e-13
2.0889e-10
2.99274e-06
1.95629e-10
2.62621e-06
-1.80196e-14
-2.18103e-12
1.70955e-10
3.01068e-06
-1.18505e-12
1.74871e-10
2.84151e-06
1.6183e-10
2.51018e-06
-1.91342e-14
-3.0676e-12
1.20338e-10
2.78562e-06
-1.81844e-12
1.22801e-10
2.63521e-06
1.12399e-10
2.33992e-06
-1.99678e-14
-3.73665e-12
5.86035e-11
2.49677e-06
-2.25337e-12
5.96098e-11
2.3654e-06
5.39513e-11
2.10933e-06
-2.05141e-14
-3.97031e-12
2.02379e-06
-2.3829e-12
1.91591e-06
1.70856e-06
-1.96573e-14
3.77783e-12
1.41482e-10
3.03613e-06
5.18694e-12
1.38188e-10
2.74182e-06
1.33817e-10
2.17701e-06
-2.20545e-14
1.93243e-12
1.76942e-10
3.23367e-06
2.26674e-12
1.74784e-10
2.96046e-06
1.67268e-10
2.43836e-06
-1.9518e-14
9.34154e-13
2.03202e-10
3.33324e-06
1.1308e-12
2.0297e-10
3.08161e-06
1.93748e-10
2.6013e-06
-1.77243e-14
2.06777e-13
2.17609e-10
3.35009e-06
4.80872e-13
2.19868e-10
3.12011e-06
2.09365e-10
2.67973e-06
-1.68307e-14
-5.02365e-13
2.18268e-10
3.29636e-06
4.14331e-15
2.22431e-10
3.08758e-06
2.1054e-10
2.685e-06
-1.6809e-14
-1.28713e-12
2.03252e-10
3.18126e-06
-5.48884e-13
2.07986e-10
2.99275e-06
1.94835e-10
2.62622e-06
-1.77056e-14
-2.13411e-12
1.70771e-10
3.01072e-06
-1.14395e-12
1.7472e-10
2.84154e-06
1.61723e-10
2.51021e-06
-1.87465e-14
-3.01298e-12
1.20914e-10
2.78567e-06
-1.77248e-12
1.23375e-10
2.63526e-06
1.1297e-10
2.33997e-06
-1.95335e-14
-3.68377e-12
5.95503e-11
2.49684e-06
-2.20803e-12
6.05291e-11
2.36547e-06
5.4855e-11
2.10939e-06
-2.0148e-14
-3.93878e-12
2.02386e-06
-2.35424e-12
1.91597e-06
1.70861e-06
-1.93858e-14
3.72084e-12
1.3994e-10
3.03609e-06
5.11708e-12
1.36646e-10
2.74178e-06
1.32533e-10
2.17698e-06
-2.1833e-14
1.91042e-12
1.75066e-10
3.23363e-06
2.21335e-12
1.72936e-10
2.96042e-06
1.65663e-10
2.43833e-06
-1.92976e-14
9.27455e-13
2.0114e-10
3.33321e-06
1.11609e-12
2.00946e-10
3.08158e-06
1.91966e-10
2.60127e-06
-1.7631e-14
2.13792e-13
2.15563e-10
3.35008e-06
4.86742e-13
2.17865e-10
3.12009e-06
2.07587e-10
2.67971e-06
-1.66348e-14
-4.84898e-13
2.16495e-10
3.29635e-06
2.31141e-14
2.20705e-10
3.08757e-06
2.08997e-10
2.685e-06
-1.66568e-14
-1.2573e-12
2.02036e-10
3.18128e-06
-5.208e-13
2.06817e-10
2.99276e-06
1.93791e-10
2.62624e-06
-1.75011e-14
-2.09143e-12
1.70347e-10
3.01075e-06
-1.10848e-12
1.74329e-10
2.84158e-06
1.61393e-10
2.51024e-06
-1.85069e-14
-2.96206e-12
1.21305e-10
2.78572e-06
-1.73221e-12
1.23762e-10
2.63531e-06
1.1337e-10
2.34002e-06
-1.92836e-14
-3.63379e-12
6.03973e-11
2.4969e-06
-2.16808e-12
6.13453e-11
2.36553e-06
5.56675e-11
2.10944e-06
-1.98873e-14
-3.91022e-12
2.02392e-06
-2.32952e-12
1.91603e-06
1.70866e-06
-1.92104e-14
3.63538e-12
1.37855e-10
3.03605e-06
5.01119e-12
1.34606e-10
2.74174e-06
1.30745e-10
2.17695e-06
-2.17149e-14
1.86849e-12
1.72531e-10
3.2336e-06
2.14283e-12
1.70472e-10
2.96038e-06
1.63471e-10
2.4383e-06
-1.91828e-14
9.08516e-13
1.98347e-10
3.33318e-06
1.08846e-12
1.98233e-10
3.08155e-06
1.89546e-10
2.60125e-06
-1.74607e-14
2.10713e-13
2.12763e-10
3.35007e-06
4.81893e-13
2.15145e-10
3.12007e-06
2.05155e-10
2.67969e-06
-1.63965e-14
-4.74414e-13
2.1399e-10
3.29635e-06
3.22775e-14
2.18279e-10
3.08757e-06
2.06821e-10
2.685e-06
-1.63285e-14
-1.2325e-12
2.00152e-10
3.1813e-06
-5.0177e-13
2.05009e-10
2.99278e-06
1.9217e-10
2.62625e-06
-1.70842e-14
-2.0523e-12
1.69364e-10
3.01079e-06
-1.08144e-12
1.73405e-10
2.84161e-06
1.6058e-10
2.51027e-06
-1.7988e-14
-2.9132e-12
1.21288e-10
2.78577e-06
-1.6994e-12
1.23775e-10
2.63535e-06
1.13419e-10
2.34006e-06
-1.87199e-14
-3.58405e-12
6.10252e-11
2.49697e-06
-2.13465e-12
6.19813e-11
2.36559e-06
5.62939e-11
2.1095e-06
-1.91997e-14
-3.87981e-12
2.02398e-06
-2.31054e-12
1.91609e-06
1.70872e-06
-1.84906e-14
3.47247e-12
1.34612e-10
3.036e-06
4.81898e-12
1.3147e-10
2.7417e-06
1.27801e-10
2.17692e-06
-2.16324e-14
1.75902e-12
1.6858e-10
3.23356e-06
2.01578e-12
1.66629e-10
2.96035e-06
1.59914e-10
2.43827e-06
-1.90866e-14
8.31602e-13
1.93972e-10
3.33316e-06
1.00869e-12
1.93963e-10
3.08153e-06
1.85638e-10
2.60122e-06
-1.74841e-14
1.4863e-13
2.08338e-10
3.35005e-06
4.29051e-13
2.10808e-10
3.12005e-06
2.01216e-10
2.67968e-06
-1.63075e-14
-5.2004e-13
2.09932e-10
3.29635e-06
-5.7486e-15
2.14296e-10
3.08756e-06
2.03216e-10
2.685e-06
-1.63058e-14
-1.2603e-12
1.96894e-10
3.18131e-06
-5.28068e-13
2.01811e-10
2.99279e-06
1.8929e-10
2.62627e-06
-1.7006e-14
-2.05843e-12
1.67267e-10
3.01082e-06
-1.10064e-12
1.71357e-10
2.84164e-06
1.58747e-10
2.5103e-06
-1.78911e-14
-2.90522e-12
1.20486e-10
2.78582e-06
-1.70912e-12
1.23009e-10
2.6354e-06
1.1275e-10
2.34011e-06
-1.85945e-14
-3.56751e-12
6.12452e-11
2.49703e-06
-2.14412e-12
6.22337e-11
2.36565e-06
5.65446e-11
2.10955e-06
-1.90118e-14
-3.88101e-12
2.02405e-06
-2.3271e-12
1.91615e-06
1.70877e-06
-1.83487e-14
3.13984e-12
1.27105e-10
3.03596e-06
4.43763e-12
1.24419e-10
2.74166e-06
1.20907e-10
2.17689e-06
-2.11709e-14
1.54998e-12
1.5939e-10
3.23353e-06
1.83125e-12
1.57853e-10
2.96031e-06
1.51672e-10
2.43824e-06
-1.87749e-14
7.02105e-13
1.83707e-10
3.33313e-06
8.9282e-13
1.84089e-10
3.0815e-06
1.76586e-10
2.6012e-06
-1.71468e-14
6.50306e-14
1.97774e-10
3.35004e-06
3.51502e-13
2.00612e-10
3.12004e-06
1.92003e-10
2.67966e-06
-1.60192e-14
-5.69629e-13
1.9993e-10
3.29635e-06
-6.32563e-14
2.04635e-10
3.08756e-06
1.94576e-10
2.68499e-06
-1.59167e-14
-1.27596e-12
1.88311e-10
3.18132e-06
-5.70961e-13
1.93542e-10
2.9928e-06
1.81961e-10
2.62628e-06
-1.65798e-14
-2.04594e-12
1.60848e-10
3.01085e-06
-1.12938e-12
1.65209e-10
2.84166e-06
1.5335e-10
2.51033e-06
-1.73808e-14
-2.86862e-12
1.16676e-10
2.78587e-06
-1.72193e-12
1.19404e-10
2.63545e-06
1.09624e-10
2.34015e-06
-1.80407e-14
-3.5207e-12
5.99516e-11
2.49709e-06
-2.14721e-12
6.10567e-11
2.3657e-06
5.55666e-11
2.1096e-06
-1.84262e-14
-3.83912e-12
2.02411e-06
-2.33517e-12
1.91621e-06
1.70883e-06
-1.77696e-14
2.2875e-12
1.13887e-10
3.03593e-06
3.57009e-12
1.11255e-10
2.74162e-06
1.06732e-10
2.17686e-06
-2.22193e-14
7.22759e-13
1.42328e-10
3.2335e-06
1.22618e-12
1.40434e-10
2.96028e-06
1.33903e-10
2.43822e-06
-1.98337e-14
-1.07641e-13
1.63801e-10
3.33311e-06
3.02808e-13
1.63575e-10
3.08148e-06
1.56463e-10
2.60118e-06
-1.85076e-14
-7.608e-13
1.76735e-10
3.35002e-06
-2.61231e-13
1.78981e-10
3.12002e-06
1.71411e-10
2.67965e-06
-1.72459e-14
-1.38787e-12
1.79916e-10
3.29635e-06
-7.03035e-13
1.84312e-10
3.08755e-06
1.75781e-10
2.68499e-06
-1.7206e-14
-2.04175e-12
1.71487e-10
3.18133e-06
-1.19933e-12
1.76827e-10
2.9928e-06
1.67048e-10
2.62629e-06
-1.75678e-14
-2.71934e-12
1.48782e-10
3.01087e-06
-1.70424e-12
1.53667e-10
2.84168e-06
1.43554e-10
2.51035e-06
-1.82362e-14
-3.43683e-12
1.09916e-10
2.78591e-06
-2.22689e-12
1.13399e-10
2.63548e-06
1.04966e-10
2.34018e-06
-1.8619e-14
-4.02004e-12
5.77887e-11
2.49715e-06
-2.61145e-12
5.95717e-11
2.36576e-06
5.48073e-11
2.10965e-06
-1.90512e-14
-4.33265e-12
2.02418e-06
-2.80576e-12
1.91627e-06
1.70888e-06
-1.85647e-14
1.68235e-12
6.77479e-11
2.77547e-12
6.83236e-11
6.33341e-11
-1.16173e-14
7.566e-13
8.37075e-11
1.64178e-12
8.43594e-11
7.89273e-11
-1.18562e-14
2.11307e-13
9.5093e-11
9.01538e-13
9.66604e-11
9.15987e-11
-1.21087e-14
-4.01769e-13
1.01431e-10
2.27879e-13
1.04524e-10
9.98128e-11
-1.30669e-14
-1.05549e-12
1.02433e-10
-4.22596e-13
1.06949e-10
1.02191e-10
-1.39184e-14
-1.75177e-12
9.73919e-11
-1.08297e-12
1.02585e-10
9.7451e-11
-1.51115e-14
-2.45968e-12
8.49182e-11
-1.67282e-12
8.97566e-11
8.45581e-11
-1.60202e-14
-3.13573e-12
6.3791e-11
-2.19762e-12
6.73973e-11
6.30076e-11
-1.67266e-14
-3.62847e-12
3.47965e-11
-2.51111e-12
3.66697e-11
3.41193e-11
-1.72105e-14
-3.80451e-12
-2.61e-12
-1.66274e-14
5.71173e-10
-6.86604e-09
1.96643e-06
4.57002e-10
-5.71131e-09
2.4671e-06
-5.62737e-09
2.72751e-06
5.27746e-10
-9.71468e-09
2.22577e-06
4.7131e-10
-8.28529e-09
2.69678e-06
-7.94711e-09
2.94398e-06
5.68123e-10
-1.29985e-08
2.40816e-06
5.05553e-10
-1.12173e-08
2.85064e-06
-1.05819e-08
3.08473e-06
6.23363e-10
-1.67149e-08
2.52752e-06
5.47742e-10
-1.4483e-08
2.94268e-06
-1.35043e-08
3.16389e-06
6.80846e-10
-2.08576e-08
2.59562e-06
5.94704e-10
-1.80797e-08
2.98469e-06
-1.67058e-08
3.19334e-06
7.47585e-10
-2.54114e-08
2.62229e-06
6.32757e-10
-2.1954e-08
2.98653e-06
-2.01524e-08
3.18299e-06
8.09343e-10
-3.04439e-08
2.61589e-06
6.78892e-10
-2.62029e-08
2.95658e-06
-2.39254e-08
3.14128e-06
8.35987e-10
-3.57346e-08
2.58308e-06
6.34088e-10
-3.05578e-08
2.90143e-06
-2.7885e-08
3.07483e-06
1.74734e-09
-4.07391e-08
2.52837e-06
1.37799e-09
-3.3832e-08
2.82595e-06
-3.02569e-08
2.98864e-06
-5.5377e-10
2.41573e-06
-6.03252e-10
2.69948e-06
2.85471e-06
7.87895e-10
-9.57813e-09
1.96897e-06
6.38531e-10
-8.46256e-09
2.47024e-06
-8.33677e-09
2.73096e-06
7.38975e-10
-1.32406e-08
2.2287e-06
6.39933e-10
-1.18514e-08
2.70027e-06
-1.14768e-08
2.94776e-06
7.63889e-10
-1.7214e-08
2.41137e-06
6.65438e-10
-1.54944e-08
2.85438e-06
-1.4832e-08
3.08875e-06
8.00024e-10
-2.14227e-08
2.53093e-06
6.95237e-10
-1.92982e-08
2.94659e-06
-1.83122e-08
3.16807e-06
8.29273e-10
-2.57798e-08
2.59915e-06
7.21785e-10
-2.31848e-08
2.98869e-06
-2.18383e-08
3.19759e-06
8.81171e-10
-3.02422e-08
2.62587e-06
7.37596e-10
-2.70556e-08
2.99055e-06
-2.53572e-08
3.18724e-06
9.28638e-10
-3.47084e-08
2.61943e-06
7.82929e-10
-3.08379e-08
2.9605e-06
-2.87267e-08
3.14543e-06
7.73234e-10
-3.90259e-08
2.58663e-06
6.035e-10
-3.46307e-08
2.90539e-06
-3.23198e-08
3.07902e-06
2.01812e-09
-4.11989e-08
2.52853e-06
1.61474e-09
-3.54785e-08
2.8272e-06
-3.24408e-08
2.99038e-06
-1.87605e-10
2.37472e-06
-2.42953e-10
2.66405e-06
2.82202e-06
9.64376e-10
-1.19916e-08
1.97214e-06
7.89457e-10
-1.0905e-08
2.4742e-06
-1.07101e-08
2.73533e-06
9.11966e-10
-1.65053e-08
2.2323e-06
7.79104e-10
-1.5124e-08
2.70462e-06
-1.46704e-08
2.9525e-06
9.26248e-10
-2.13323e-08
2.41527e-06
7.97e-10
-1.96041e-08
2.85899e-06
-1.88521e-08
3.09373e-06
9.50338e-10
-2.6374e-08
2.53502e-06
8.17332e-10
-2.42283e-08
2.95134e-06
-2.31429e-08
3.17318e-06
9.64959e-10
-3.1533e-08
2.60334e-06
8.35465e-10
-2.891e-08
2.9935e-06
-2.74484e-08
3.20273e-06
1.01538e-09
-3.67979e-08
2.63012e-06
8.48229e-10
-3.35608e-08
2.99536e-06
-3.17274e-08
3.19237e-06
1.10192e-09
-4.21133e-08
2.62365e-06
9.20323e-10
-3.80988e-08
2.96522e-06
-3.58075e-08
3.15043e-06
8.47882e-10
-4.71126e-08
2.59078e-06
6.76677e-10
-4.26543e-08
2.91012e-06
-4.01589e-08
3.08405e-06
2.17857e-09
-4.786e-08
2.5271e-06
1.75175e-09
-4.26805e-08
2.82765e-06
-3.97171e-08
2.99169e-06
1.78597e-10
2.32669e-06
4.58782e-11
2.62151e-06
2.78235e-06
1.07069e-09
-1.37887e-08
1.97582e-06
8.83837e-10
-1.2803e-08
2.4788e-06
-1.25587e-08
2.74041e-06
1.01441e-09
-1.8964e-08
2.23646e-06
8.60105e-10
-1.76871e-08
2.70966e-06
-1.71935e-08
2.958e-06
1.01498e-09
-2.4481e-08
2.41977e-06
8.6728e-10
-2.28663e-08
2.86432e-06
-2.20863e-08
3.09949e-06
1.02476e-09
-3.02315e-08
2.53975e-06
8.76928e-10
-2.82158e-08
2.95684e-06
-2.71165e-08
3.17908e-06
1.02728e-09
-3.61135e-08
2.6082e-06
8.87572e-10
-3.36459e-08
2.99907e-06
-3.21826e-08
3.20868e-06
1.06656e-09
-4.21104e-08
2.63505e-06
8.95441e-10
-3.9068e-08
3.00096e-06
-3.72406e-08
3.19832e-06
1.19117e-09
-4.81838e-08
2.62853e-06
9.91998e-10
-4.43594e-08
2.97071e-06
-4.20739e-08
3.15626e-06
9.03237e-10
-5.35541e-08
2.59525e-06
7.35058e-10
-4.94296e-08
2.91536e-06
-4.697e-08
3.08968e-06
2.16178e-09
-5.17845e-08
2.52316e-06
1.75122e-09
-4.76935e-08
2.82633e-06
-4.51396e-08
2.99161e-06
3.94099e-10
2.27451e-06
2.4093e-10
2.57397e-06
2.73745e-06
1.12645e-09
-1.50613e-08
1.97986e-06
9.37689e-10
-1.4226e-08
2.48388e-06
-1.39557e-08
2.74601e-06
1.06562e-09
-2.07011e-08
2.24104e-06
8.98928e-10
-1.9604e-08
2.71521e-06
-1.91089e-08
2.96405e-06
1.05328e-09
-2.67002e-08
2.42471e-06
8.93389e-10
-2.53008e-08
2.87017e-06
-2.45529e-08
3.10583e-06
1.0456e-09
-3.29372e-08
2.54494e-06
8.91119e-10
-3.11898e-08
2.96289e-06
-3.01592e-08
3.18558e-06
1.03877e-09
-3.93111e-08
2.61353e-06
8.93668e-10
-3.7172e-08
3.0052e-06
-3.58189e-08
3.21524e-06
1.05824e-09
-4.5784e-08
2.64047e-06
8.96277e-10
-4.31627e-08
3.00711e-06
-4.14761e-08
3.20488e-06
1.19985e-09
-5.23435e-08
2.63389e-06
1.00114e-09
-4.90165e-08
2.97677e-06
-4.69049e-08
3.16269e-06
9.32625e-10
-5.77806e-08
2.59975e-06
7.69659e-10
-5.43223e-08
2.92083e-06
-5.20854e-08
3.09563e-06
2.03138e-09
-5.30898e-08
2.51644e-06
1.65668e-09
-5.0313e-08
2.82269e-06
-4.83424e-08
2.98952e-06
5.12519e-10
2.2209e-06
3.55451e-10
2.52381e-06
2.68947e-06
1.14762e-09
-1.59143e-08
1.98416e-06
9.6188e-10
-1.52459e-08
2.48928e-06
-1.49675e-08
2.75199e-06
1.08182e-09
-2.18612e-08
2.2459e-06
9.08911e-10
-2.09744e-08
2.72111e-06
-2.05026e-08
2.97049e-06
1.05807e-09
-2.81781e-08
2.42997e-06
8.91108e-10
-2.70389e-08
2.8764e-06
-2.63563e-08
3.11258e-06
1.0356e-09
-3.47333e-08
2.55046e-06
8.77508e-10
-3.33108e-08
2.96932e-06
-3.23934e-08
3.19249e-06
1.01982e-09
-4.14265e-08
2.61921e-06
8.72257e-10
-3.96856e-08
3.01172e-06
-3.84993e-08
3.22221e-06
1.0216e-09
-4.81972e-08
2.64622e-06
8.69849e-10
-4.60778e-08
3.01365e-06
-4.46034e-08
3.21185e-06
1.15241e-09
-5.50244e-08
2.63956e-06
9.65776e-10
-5.23312e-08
2.98321e-06
-5.04899e-08
3.16954e-06
9.44936e-10
-6.02597e-08
2.60404e-06
7.88861e-10
-5.76246e-08
2.92627e-06
-5.57236e-08
3.10166e-06
1.84315e-09
-5.26182e-08
2.50696e-06
1.51013e-09
-5.11168e-08
2.81652e-06
-4.9777e-08
2.98508e-06
5.60255e-10
2.16773e-06
4.10852e-10
2.47284e-06
2.6401e-06
1.1459e-09
-1.64322e-08
1.98864e-06
9.652e-10
-1.59262e-08
2.4949e-06
-1.56531e-08
2.7582e-06
1.07488e-09
-2.25624e-08
2.25096e-06
8.99809e-10
-2.18854e-08
2.72724e-06
-2.14529e-08
2.97719e-06
1.04172e-09
-2.90681e-08
2.43544e-06
8.71261e-10
-2.81915e-08
2.88288e-06
-2.75927e-08
3.11959e-06
1.00677e-09
-3.5809e-08
2.55619e-06
8.47657e-10
-3.47153e-08
2.976e-06
-3.39323e-08
3.19968e-06
9.82315e-10
-4.26842e-08
2.6251e-06
8.34914e-10
-4.1348e-08
3.0185e-06
-4.03525e-08
3.22947e-06
9.71989e-10
-4.9615e-08
2.65217e-06
8.28808e-10
-4.79974e-08
3.02045e-06
-4.67658e-08
3.21909e-06
1.06957e-09
-5.65282e-08
2.64541e-06
9.00391e-10
-5.44968e-08
2.98988e-06
-5.29738e-08
3.17665e-06
9.46259e-10
-6.13366e-08
2.6079e-06
7.96399e-10
-5.95519e-08
2.93148e-06
-5.80449e-08
3.10752e-06
1.63564e-09
-5.09907e-08
2.49498e-06
1.34324e-09
-5.05832e-08
2.80784e-06
-4.98383e-08
2.97822e-06
5.53862e-10
2.11618e-06
4.23121e-10
2.42239e-06
2.59069e-06
1.12904e-09
-1.66872e-08
1.9932e-06
9.54446e-10
-1.63287e-08
2.50064e-06
-1.60695e-08
2.76455e-06
1.0543e-09
-2.2905e-08
2.25612e-06
8.79045e-10
-2.242e-08
2.73351e-06
-2.20351e-08
2.98404e-06
1.01393e-09
-2.94995e-08
2.44102e-06
8.41675e-10
-2.88637e-08
2.8895e-06
-2.83558e-08
3.12675e-06
9.68522e-10
-3.63234e-08
2.56205e-06
8.09735e-10
-3.5531e-08
2.98282e-06
-3.48876e-08
3.20702e-06
9.35687e-10
-4.32749e-08
2.63111e-06
7.89506e-10
-4.23102e-08
3.02542e-06
-4.15098e-08
3.23688e-06
9.16392e-10
-5.02609e-08
2.65824e-06
7.83836e-10
-4.91046e-08
3.02737e-06
-4.81139e-08
3.22648e-06
9.69174e-10
-5.71237e-08
2.6513e-06
8.19377e-10
-5.57214e-08
2.99664e-06
-5.45227e-08
3.18388e-06
9.3901e-10
-6.13307e-08
2.61117e-06
7.95281e-10
-6.03563e-08
2.93626e-06
-5.92528e-08
3.11305e-06
1.43088e-09
-4.8659e-08
2.48087e-06
1.17588e-09
-4.91374e-08
2.79688e-06
-4.8906e-08
2.96905e-06
5.14067e-10
2.06701e-06
4.06232e-10
2.37336e-06
2.54219e-06
1.10309e-09
-1.67453e-08
1.99781e-06
9.34829e-10
-1.65143e-08
2.50643e-06
-1.62738e-08
2.77096e-06
1.02613e-09
-2.29798e-08
2.26133e-06
8.51793e-10
-2.26612e-08
2.73983e-06
-2.23265e-08
2.99094e-06
9.80544e-10
-2.95893e-08
2.44665e-06
8.07451e-10
-2.91619e-08
2.89617e-06
-2.87441e-08
3.13397e-06
9.26964e-10
-3.64211e-08
2.56795e-06
7.68936e-10
-3.58886e-08
2.98971e-06
-3.53801e-08
3.21443e-06
8.80869e-10
-4.33668e-08
2.63718e-06
7.40633e-10
-4.27324e-08
3.03241e-06
-4.21147e-08
3.24436e-06
8.62137e-10
-5.03339e-08
2.66435e-06
7.3982e-10
-4.9584e-08
3.03435e-06
-4.88155e-08
3.23392e-06
8.63411e-10
-5.70466e-08
2.65715e-06
7.3291e-10
-5.62151e-08
3.0034e-06
-5.53228e-08
3.19112e-06
9.24082e-10
-6.0516e-08
2.61372e-06
7.87184e-10
-6.02874e-08
2.94047e-06
-5.95699e-08
3.11808e-06
1.2401e-09
-4.59253e-08
2.46504e-06
1.01924e-09
-4.71111e-08
2.78392e-06
-4.73017e-08
2.9578e-06
4.54264e-10
2.02063e-06
3.699e-10
2.32633e-06
2.49525e-06
1.07208e-09
-1.66588e-08
2.00242e-06
9.0978e-10
-1.65339e-08
2.51222e-06
-1.63149e-08
2.77736e-06
9.90908e-10
-2.28551e-08
2.26653e-06
8.21113e-10
-2.26811e-08
2.74615e-06
-2.23938e-08
2.99784e-06
9.42954e-10
-2.94237e-08
2.45227e-06
7.71394e-10
-2.91793e-08
2.90284e-06
-2.88431e-08
3.14119e-06
8.82816e-10
-3.62069e-08
2.57385e-06
7.2795e-10
-3.59041e-08
2.99659e-06
-3.55148e-08
3.22183e-06
8.26993e-10
-4.30915e-08
2.64324e-06
6.90598e-10
-4.27453e-08
3.03939e-06
-4.2293e-08
3.25183e-06
8.11794e-10
-4.99869e-08
2.67043e-06
6.9821e-10
-4.95877e-08
3.0413e-06
-4.90183e-08
3.24135e-06
7.58917e-10
-5.64766e-08
2.66288e-06
6.47386e-10
-5.6153e-08
3.01008e-06
-5.55403e-08
3.19828e-06
9.00805e-10
-5.90956e-08
2.61543e-06
7.72572e-10
-5.95533e-08
2.944e-06
-5.91944e-08
3.12251e-06
1.06641e-09
-4.29654e-08
2.44785e-06
8.7758e-10
-4.47347e-08
2.76929e-06
-4.5267e-08
2.94475e-06
3.81891e-10
1.97728e-06
3.20027e-10
2.28166e-06
2.45031e-06
1.03655e-09
-1.64639e-08
2.00699e-06
8.81307e-10
-1.64298e-08
2.51796e-06
-1.62323e-08
2.78372e-06
9.53336e-10
-2.25836e-08
2.2717e-06
7.88645e-10
-2.25338e-08
2.75242e-06
-2.22908e-08
3.00469e-06
9.01841e-10
-2.90691e-08
2.45786e-06
7.34584e-10
-2.89856e-08
2.90946e-06
-2.87221e-08
3.14836e-06
8.37719e-10
-3.57621e-08
2.57971e-06
6.8753e-10
-3.56622e-08
3.00342e-06
-3.53774e-08
3.22917e-06
7.7346e-10
-4.25438e-08
2.64924e-06
6.41813e-10
-4.24526e-08
3.04631e-06
-4.21455e-08
3.25924e-06
7.65739e-10
-4.93284e-08
2.67645e-06
6.58124e-10
-4.92342e-08
3.04819e-06
-4.8842e-08
3.2487e-06
6.59015e-10
-5.55406e-08
2.66843e-06
5.65649e-10
-5.56705e-08
3.01661e-06
-5.53107e-08
3.20532e-06
8.68512e-10
-5.72062e-08
2.61623e-06
7.51054e-10
-5.83116e-08
2.94675e-06
-5.82869e-08
3.12624e-06
9.0866e-10
-3.98653e-08
2.4296e-06
7.50481e-10
-4.21509e-08
2.75329e-06
-4.29678e-08
2.93018e-06
2.96946e-10
1.93712e-06
2.59494e-10
2.23955e-06
2.4076e-06
9.97325e-10
-1.61871e-08
2.0115e-06
8.50793e-10
-1.62336e-08
2.52363e-06
-1.60554e-08
2.78999e-06
9.14132e-10
-2.22009e-08
2.2768e-06
7.55086e-10
-2.22615e-08
2.7586e-06
-2.20581e-08
3.01145e-06
8.60358e-10
-2.85731e-08
2.46337e-06
6.97456e-10
-2.86316e-08
2.91599e-06
-2.84335e-08
3.15543e-06
7.92576e-10
-3.51446e-08
2.58549e-06
6.47553e-10
-3.52241e-08
3.01015e-06
-3.5033e-08
3.23642e-06
7.19017e-10
-4.17904e-08
2.65517e-06
5.93362e-10
-4.19277e-08
3.05314e-06
-4.17507e-08
3.26655e-06
7.19518e-10
-4.84303e-08
2.68237e-06
6.18025e-10
-4.86111e-08
3.05498e-06
-4.83788e-08
3.25595e-06
5.64223e-10
-5.432e-08
2.67376e-06
4.88344e-10
-5.48679e-08
3.02294e-06
-5.47394e-08
3.21217e-06
8.26207e-10
-5.49242e-08
2.61601e-06
7.22058e-10
-5.6674e-08
2.94866e-06
-5.69691e-08
3.12919e-06
7.62838e-10
-3.66466e-08
2.41056e-06
6.35082e-10
-3.94396e-08
2.73619e-06
-4.05099e-08
2.91436e-06
1.99673e-10
1.90027e-06
1.90115e-10
2.20012e-06
2.36728e-06
9.57031e-10
-1.58475e-08
2.01593e-06
8.18577e-10
-1.59666e-08
2.5292e-06
-1.58059e-08
2.79615e-06
8.74608e-10
-2.17336e-08
2.28181e-06
7.208e-10
-2.18922e-08
2.76468e-06
-2.17251e-08
3.01809e-06
8.17564e-10
-2.79675e-08
2.46878e-06
6.59618e-10
-2.81541e-08
2.92241e-06
-2.80157e-08
3.16238e-06
7.47743e-10
-3.43933e-08
2.59117e-06
6.07544e-10
-3.46339e-08
3.01677e-06
-3.4529e-08
3.24354e-06
6.62817e-10
-4.08756e-08
2.66099e-06
5.44728e-10
-4.12234e-08
3.05984e-06
-4.11657e-08
3.27373e-06
6.70847e-10
-4.73409e-08
2.68817e-06
5.76658e-10
-4.77799e-08
3.06163e-06
-4.76955e-08
3.26305e-06
4.73403e-10
-5.28653e-08
2.67881e-06
4.15022e-10
-5.38154e-08
3.02904e-06
-5.39023e-08
3.21879e-06
7.72927e-10
-5.22821e-08
2.61465e-06
6.85361e-10
-5.4713e-08
2.94965e-06
-5.53244e-08
3.1313e-06
6.23823e-10
-3.32942e-08
2.39094e-06
5.2778e-10
-3.66373e-08
2.71821e-06
-3.79504e-08
2.89751e-06
8.91771e-11
1.86689e-06
1.10615e-10
2.16346e-06
2.32944e-06
9.15976e-10
-1.54601e-08
2.02027e-06
7.85328e-10
-1.56434e-08
2.53465e-06
-1.54991e-08
2.80218e-06
8.33274e-10
-2.11993e-08
2.28672e-06
6.85522e-10
-2.14469e-08
2.77063e-06
-2.13135e-08
3.02459e-06
7.73289e-10
-2.72749e-08
2.47409e-06
6.21092e-10
-2.75795e-08
2.9287e-06
-2.74964e-08
3.16919e-06
7.0225e-10
-3.35342e-08
2.59672e-06
5.66937e-10
-3.39243e-08
3.02325e-06
-3.39e-08
3.25051e-06
6.04814e-10
-3.98301e-08
2.66668e-06
4.95552e-10
-4.03775e-08
3.06641e-06
-4.04316e-08
3.28075e-06
6.18657e-10
-4.60935e-08
2.69381e-06
5.33438e-10
-4.67845e-08
3.06812e-06
-4.68396e-08
3.26999e-06
3.85534e-10
-5.12076e-08
2.68354e-06
3.44742e-10
-5.25609e-08
3.03485e-06
-5.28537e-08
3.22515e-06
7.08642e-10
-4.92854e-08
2.61202e-06
6.41015e-10
-5.247e-08
2.94963e-06
-5.34069e-08
3.13249e-06
4.87219e-10
-2.97817e-08
2.37095e-06
4.24934e-10
-3.37516e-08
2.69955e-06
-3.53159e-08
2.87985e-06
-3.46042e-11
1.83714e-06
2.07075e-11
2.12965e-06
2.29414e-06
8.7366e-10
-1.50344e-08
2.02451e-06
7.51118e-10
-1.52765e-08
2.53997e-06
-1.51476e-08
2.80806e-06
7.91314e-10
-2.06125e-08
2.2915e-06
6.49798e-10
-2.09419e-08
2.77644e-06
-2.084e-08
3.03093e-06
7.27789e-10
-2.65134e-08
2.47926e-06
5.82128e-10
-2.69286e-08
2.93483e-06
-2.6897e-08
3.17583e-06
6.56535e-10
-3.25899e-08
2.60214e-06
5.26327e-10
-3.31205e-08
3.02958e-06
-3.31717e-08
3.25731e-06
5.46504e-10
-3.86819e-08
2.67223e-06
4.46425e-10
-3.94192e-08
3.07281e-06
-3.95783e-08
3.28761e-06
5.64096e-10
-4.47203e-08
2.69929e-06
4.88391e-10
-4.56566e-08
3.07443e-06
-4.58455e-08
3.27675e-06
3.01325e-10
-4.93738e-08
2.68789e-06
2.77427e-10
-5.1137e-08
3.04036e-06
-5.16314e-08
3.23121e-06
6.353e-10
-4.5937e-08
2.60795e-06
5.90162e-10
-4.9964e-08
2.9485e-06
-5.1248e-08
3.1327e-06
3.51325e-10
-2.61022e-08
2.35077e-06
3.24348e-10
-3.07749e-08
2.68039e-06
-3.26124e-08
2.86153e-06
-1.6826e-10
1.81121e-06
-7.8414e-11
2.09879e-06
2.26145e-06
8.32055e-10
-1.45838e-08
2.02863e-06
7.16795e-10
-1.48759e-08
2.54514e-06
-1.47622e-08
2.81379e-06
7.50156e-10
-1.99916e-08
2.29616e-06
6.14885e-10
-2.03914e-08
2.78209e-06
-2.03188e-08
3.0371e-06
6.83358e-10
-2.57074e-08
2.48429e-06
5.44059e-10
-2.62192e-08
2.9408e-06
-2.62352e-08
3.18229e-06
6.1274e-10
-3.15909e-08
2.60741e-06
4.87283e-10
-3.22444e-08
3.03573e-06
-3.23652e-08
3.26393e-06
4.90675e-10
-3.74679e-08
2.67761e-06
3.98996e-10
-3.83734e-08
3.07903e-06
-3.86303e-08
3.29427e-06
5.10282e-10
-4.32645e-08
2.70457e-06
4.43254e-10
-4.4424e-08
3.08055e-06
-4.47403e-08
3.2833e-06
2.23686e-10
-4.73991e-08
2.6918e-06
2.14508e-10
-4.957e-08
3.04551e-06
-5.02634e-08
3.23695e-06
5.56893e-10
-4.22622e-08
2.60226e-06
5.35299e-10
-4.72047e-08
2.94616e-06
-4.88643e-08
3.13183e-06
2.18017e-10
-2.22956e-08
2.33058e-06
2.26165e-10
-2.77012e-08
2.66088e-06
-2.98367e-08
2.84273e-06
-3.03447e-10
1.78922e-06
-1.82649e-10
2.07096e-06
2.23143e-06
7.92891e-10
-1.41231e-08
2.03263e-06
6.8419e-10
-1.44541e-08
2.55017e-06
-1.43535e-08
2.81934e-06
7.12328e-10
-1.93577e-08
2.30068e-06
5.82163e-10
-1.98114e-08
2.78758e-06
-1.97645e-08
3.04309e-06
6.43283e-10
-2.48863e-08
2.48918e-06
5.09057e-10
-2.54715e-08
2.94659e-06
-2.55292e-08
3.18856e-06
5.74563e-10
-3.05749e-08
2.61253e-06
4.51912e-10
-3.13198e-08
3.0417e-06
-3.15022e-08
3.27035e-06
4.41856e-10
-3.62356e-08
2.68283e-06
3.56222e-10
-3.72681e-08
3.08506e-06
-3.76119e-08
3.30074e-06
4.62154e-10
-4.17822e-08
2.70966e-06
4.01224e-10
-4.31179e-08
3.08646e-06
-4.35505e-08
3.28964e-06
1.5789e-10
-4.53295e-08
2.69519e-06
1.59258e-10
-4.7887e-08
3.05028e-06
-4.87746e-08
3.24233e-06
4.79139e-10
-3.83275e-08
2.59478e-06
4.80194e-10
-4.42056e-08
2.94247e-06
-4.62675e-08
3.12981e-06
9.30412e-11
-1.84654e-08
2.31063e-06
1.33244e-10
-2.45405e-08
2.64117e-06
-2.69874e-08
2.82359e-06
-4.26553e-10
1.77118e-06
-2.84251e-10
2.04628e-06
2.20416e-06
7.58555e-10
-1.36699e-08
2.03651e-06
6.54925e-10
-1.4024e-08
2.55504e-06
-1.39344e-08
2.82473e-06
6.80912e-10
-1.87367e-08
2.30507e-06
5.53577e-10
-1.92194e-08
2.7929e-06
-1.91941e-08
3.04891e-06
6.10302e-10
-2.40838e-08
2.49391e-06
4.79755e-10
-2.47089e-08
2.95221e-06
-2.47997e-08
3.19465e-06
5.46282e-10
-2.95864e-08
2.61748e-06
4.23502e-10
-3.03758e-08
3.04749e-06
-3.06068e-08
3.27658e-06
4.05612e-10
-3.5041e-08
2.68788e-06
3.21759e-10
-3.61367e-08
3.09091e-06
-3.65506e-08
3.307e-06
4.25259e-10
-4.034e-08
2.71453e-06
3.66337e-10
-4.17761e-08
3.09216e-06
-4.23062e-08
3.29577e-06
1.10659e-10
-4.32181e-08
2.69796e-06
1.16345e-10
-4.61203e-08
3.05462e-06
-4.71914e-08
3.24733e-06
4.08419e-10
-3.42516e-08
2.5854e-06
4.29344e-10
-4.09942e-08
2.93733e-06
-4.34729e-08
3.12652e-06
-1.47994e-11
-1.47765e-08
2.29117e-06
5.06779e-11
-2.13286e-08
2.62144e-06
-2.40752e-08
2.80424e-06
-5.20487e-10
1.75692e-06
-3.72369e-10
2.0248e-06
2.17971e-06
7.31538e-10
-1.32436e-08
2.04027e-06
6.30523e-10
-1.35999e-08
2.55977e-06
-1.35189e-08
2.82996e-06
6.58606e-10
-1.81562e-08
2.30932e-06
5.324e-10
-1.86368e-08
2.79806e-06
-1.86252e-08
3.05455e-06
5.89542e-10
-2.33391e-08
2.49851e-06
4.58407e-10
-2.39564e-08
2.95766e-06
-2.40692e-08
3.20055e-06
5.30409e-10
-2.86728e-08
2.62229e-06
4.04203e-10
-2.94437e-08
3.0531e-06
-2.97069e-08
3.28262e-06
3.86286e-10
-3.39427e-08
2.69277e-06
2.99027e-10
-3.5017e-08
3.09657e-06
-3.54781e-08
3.31307e-06
4.03546e-10
-3.90041e-08
2.71919e-06
3.42731e-10
-4.04428e-08
3.09765e-06
-4.10418e-08
3.30167e-06
8.78787e-11
-4.11144e-08
2.69998e-06
9.04972e-11
-4.43062e-08
3.05848e-06
-4.5543e-08
3.25193e-06
3.49756e-10
-3.01955e-08
2.57413e-06
3.86475e-10
-3.76196e-08
2.9306e-06
-4.05058e-08
3.12187e-06
-9.63205e-11
-1.14198e-08
2.27249e-06
-1.57641e-11
-1.81341e-08
2.60187e-06
-2.11295e-08
2.78485e-06
-5.69928e-10
1.74607e-06
-4.35282e-10
2.00654e-06
2.15815e-06
7.1269e-10
-1.28589e-08
2.04393e-06
6.12368e-10
-1.31973e-08
2.56436e-06
-1.31214e-08
2.83504e-06
6.47107e-10
-1.76372e-08
2.31345e-06
5.18605e-10
-1.80825e-08
2.80308e-06
-1.80781e-08
3.06002e-06
5.80746e-10
-2.26778e-08
2.50297e-06
4.46651e-10
-2.32411e-08
2.96295e-06
-2.33628e-08
3.20628e-06
5.29198e-10
-2.78688e-08
2.62695e-06
3.9594e-10
-2.8557e-08
3.05855e-06
-2.88324e-08
3.28849e-06
3.86937e-10
-3.29846e-08
2.69749e-06
2.90638e-10
-3.39483e-08
3.10205e-06
-3.44289e-08
3.31896e-06
3.96956e-10
-3.78206e-08
2.72363e-06
3.31982e-10
-3.91649e-08
3.10293e-06
-3.97971e-08
3.30737e-06
9.29007e-11
-3.90469e-08
2.70111e-06
8.54383e-11
-4.2482e-08
3.06181e-06
-4.38618e-08
3.25608e-06
3.05181e-10
-2.63308e-08
2.56111e-06
3.52371e-10
-3.41548e-08
2.92223e-06
-3.74083e-08
3.11577e-06
-1.44759e-10
-8.55867e-09
2.25486e-06
-6.02e-11
-1.50542e-08
2.58269e-06
-1.82034e-08
2.76558e-06
-5.66638e-10
1.73808e-06
-4.63427e-10
1.99138e-06
2.13948e-06
7.01776e-10
-1.25261e-08
2.04748e-06
6.003e-10
-1.28296e-08
2.56883e-06
-1.2756e-08
2.83997e-06
6.45056e-10
-1.71925e-08
2.31748e-06
5.12769e-10
-1.75766e-08
2.80796e-06
-1.75715e-08
3.06535e-06
5.83894e-10
-2.21173e-08
2.50731e-06
4.44664e-10
-2.25881e-08
2.96811e-06
-2.27043e-08
3.21186e-06
5.40075e-10
-2.71929e-08
2.63149e-06
3.9839e-10
-2.77482e-08
3.06385e-06
-2.8013e-08
3.2942e-06
4.06043e-10
-3.21877e-08
2.70208e-06
2.97057e-10
-3.29707e-08
3.10738e-06
-3.34378e-08
3.32468e-06
4.03772e-10
-3.68069e-08
2.72784e-06
3.32464e-10
-3.79865e-08
3.10801e-06
-3.86132e-08
3.31288e-06
1.23439e-10
-3.70169e-08
2.7012e-06
1.0214e-10
-4.06807e-08
3.06452e-06
-4.21806e-08
3.25975e-06
2.73349e-10
-2.28042e-08
2.54662e-06
3.28137e-10
-3.06983e-08
2.91219e-06
-3.4238e-08
3.10815e-06
-1.56184e-10
-6.28591e-09
2.2385e-06
-8.08899e-11
-1.22006e-08
2.56412e-06
-1.53703e-08
2.74663e-06
-5.1188e-10
1.73231e-06
-4.52854e-10
1.97912e-06
2.12366e-06
6.98899e-10
-1.22523e-08
2.05096e-06
5.94439e-10
-1.25074e-08
2.57319e-06
-1.2434e-08
2.84479e-06
6.50205e-10
-1.68288e-08
2.3214e-06
5.13697e-10
-1.71336e-08
2.81272e-06
-1.71209e-08
3.07055e-06
5.96774e-10
-2.16639e-08
2.51155e-06
4.51196e-10
-2.20157e-08
2.97313e-06
-2.21138e-08
3.2173e-06
5.58898e-10
-2.66499e-08
2.63591e-06
4.09387e-10
-2.70404e-08
3.06903e-06
-2.72743e-08
3.29977e-06
4.405e-10
-3.15557e-08
2.70655e-06
3.16577e-10
-3.21114e-08
3.11258e-06
-3.25354e-08
3.33026e-06
4.21765e-10
-3.5959e-08
2.73182e-06
3.41281e-10
-3.69343e-08
3.11292e-06
-3.75257e-08
3.31821e-06
1.75026e-10
-3.50183e-08
2.70008e-06
1.38268e-10
-3.89142e-08
3.06654e-06
-4.05251e-08
3.26288e-06
2.50428e-10
-1.97275e-08
2.53108e-06
3.10282e-10
-2.7345e-08
2.90056e-06
-3.10673e-08
3.099e-06
-1.43132e-10
-4.61319e-09
2.22353e-06
-8.14672e-11
-9.67053e-09
2.54638e-06
-1.27177e-08
2.7282e-06
-4.235e-10
1.72812e-06
-4.05306e-10
1.96943e-06
2.11054e-06
7.01966e-10
-1.20371e-08
2.05436e-06
5.93976e-10
-1.22401e-08
2.57746e-06
-1.21647e-08
2.84951e-06
6.59252e-10
-1.65428e-08
2.32525e-06
5.19618e-10
-1.67654e-08
2.81738e-06
-1.67387e-08
3.07564e-06
6.1671e-10
-2.13119e-08
2.5157e-06
4.64086e-10
-2.15373e-08
2.97806e-06
-2.16067e-08
3.22263e-06
5.81581e-10
-2.62293e-08
2.64025e-06
4.25723e-10
-2.64488e-08
3.07409e-06
-2.66357e-08
3.30522e-06
4.837e-10
-3.10704e-08
2.71091e-06
3.46067e-10
-3.139e-08
3.11766e-06
-3.1745e-08
3.33572e-06
4.39505e-10
-3.52365e-08
2.73555e-06
3.54237e-10
-3.60331e-08
3.11765e-06
-3.65613e-08
3.32338e-06
2.37567e-10
-3.30224e-08
2.69763e-06
1.89468e-10
-3.71972e-08
3.06775e-06
-3.89111e-08
3.26542e-06
2.29818e-10
-1.71337e-08
2.51496e-06
2.95637e-10
-2.42079e-08
2.88751e-06
-2.79739e-08
3.08836e-06
-1.06243e-10
-3.47294e-09
2.20997e-06
-6.58789e-11
-7.54406e-09
2.52968e-06
-1.03251e-08
2.71049e-06
-3.1438e-10
1.72496e-06
-3.33421e-10
1.96191e-06
2.09988e-06
7.09485e-10
-1.18786e-08
2.0577e-06
5.97563e-10
-1.20321e-08
2.58165e-06
-1.19555e-08
2.85415e-06
6.70376e-10
-1.633e-08
2.32903e-06
5.28736e-10
-1.64756e-08
2.82197e-06
-1.64336e-08
3.08065e-06
6.37994e-10
-2.10498e-08
2.51978e-06
4.80425e-10
-2.11581e-08
2.9829e-06
-2.11935e-08
3.22787e-06
6.03563e-10
-2.59135e-08
2.64451e-06
4.43507e-10
-2.59779e-08
3.07907e-06
-2.61104e-08
3.31058e-06
5.30128e-10
-3.07059e-08
2.71517e-06
3.81079e-10
-3.08102e-08
3.12264e-06
-3.1083e-08
3.34107e-06
4.51674e-10
-3.45943e-08
2.73899e-06
3.66221e-10
-3.52804e-08
3.1222e-06
-3.57376e-08
3.3284e-06
3.02262e-10
-3.10193e-08
2.69376e-06
2.4854e-10
-3.55177e-08
3.06804e-06
-3.73467e-08
3.26728e-06
2.08215e-10
-1.50158e-08
2.49875e-06
2.79579e-10
-2.1363e-08
2.87328e-06
-2.50404e-08
3.07634e-06
-5.69209e-11
-2.76061e-09
2.19777e-06
-3.85357e-11
-5.84971e-09
2.51414e-06
-8.25997e-09
2.69367e-06
-2.03688e-10
1.7224e-06
-2.47108e-10
1.9561e-06
2.09137e-06
7.19125e-10
-1.17737e-08
2.061e-06
6.04334e-10
-1.18868e-08
2.58579e-06
-1.18118e-08
2.85874e-06
6.82103e-10
-1.61838e-08
2.33276e-06
5.39405e-10
-1.62656e-08
2.82649e-06
-1.62111e-08
3.08559e-06
6.57201e-10
-2.0865e-08
2.52381e-06
4.97984e-10
-2.08781e-08
2.98767e-06
-2.08798e-08
3.23304e-06
6.20453e-10
-2.56828e-08
2.64871e-06
4.59765e-10
-2.56259e-08
3.08398e-06
-2.5704e-08
3.31587e-06
5.74849e-10
-3.04335e-08
2.71934e-06
4.17665e-10
-3.03676e-08
3.12754e-06
-3.05553e-08
3.34634e-06
4.57316e-10
-3.39855e-08
2.74208e-06
3.73874e-10
-3.46604e-08
3.12658e-06
-3.50573e-08
3.33328e-06
3.60813e-10
-2.9017e-08
2.68843e-06
3.08585e-10
-3.38591e-08
3.06729e-06
-3.5827e-08
3.26836e-06
1.83923e-10
-1.33281e-08
2.48288e-06
2.59623e-10
-1.88627e-08
2.85821e-06
-2.23361e-08
3.0631e-06
-4.43757e-12
-2.36108e-09
2.18681e-06
-5.25574e-12
-4.57493e-09
2.49986e-06
-6.55886e-09
2.67789e-06
-1.04945e-10
1.72014e-06
-1.59032e-10
1.95158e-06
2.08465e-06
7.29964e-10
-1.17209e-08
2.06426e-06
6.14015e-10
-1.18067e-08
2.58989e-06
-1.17385e-08
2.86328e-06
6.93853e-10
-1.60998e-08
2.33644e-06
5.50848e-10
-1.61355e-08
2.83096e-06
-1.60749e-08
3.09048e-06
6.74637e-10
-2.07506e-08
2.52778e-06
5.15398e-10
-2.06924e-08
2.99239e-06
-2.06672e-08
3.23815e-06
6.31162e-10
-2.55254e-08
2.65285e-06
4.72804e-10
-2.53834e-08
3.08883e-06
-2.54155e-08
3.32109e-06
6.14384e-10
-3.02327e-08
2.72344e-06
4.52624e-10
-3.00482e-08
3.13237e-06
-3.01598e-08
3.35154e-06
4.53745e-10
-3.33693e-08
2.74476e-06
3.75702e-10
-3.41487e-08
3.13076e-06
-3.45113e-08
3.33801e-06
4.07261e-10
-2.7041e-08
2.68169e-06
3.6345e-10
-3.22073e-08
3.06539e-06
-3.43398e-08
3.26855e-06
1.57884e-10
-1.20052e-08
2.46769e-06
2.35457e-10
-1.67286e-08
2.84265e-06
-1.99113e-08
3.04891e-06
4.45711e-11
-2.17094e-09
2.17693e-06
2.90775e-11
-3.67355e-09
2.48682e-06
-5.22549e-09
2.66323e-06
-2.54437e-11
1.718e-06
-7.9377e-11
1.94796e-06
2.07935e-06
7.43567e-10
-1.17229e-08
2.0675e-06
6.26973e-10
-1.1794e-08
2.59397e-06
-1.17407e-08
2.8678e-06
7.05254e-10
-1.6078e-08
2.34009e-06
5.63095e-10
-1.60854e-08
2.8354e-06
-1.60281e-08
3.09533e-06
6.89917e-10
-2.07028e-08
2.53172e-06
5.32105e-10
-2.05976e-08
2.99706e-06
-2.05559e-08
3.24321e-06
6.36582e-10
-2.54347e-08
2.65694e-06
4.82379e-10
-2.52416e-08
3.09363e-06
-2.52413e-08
3.32626e-06
6.466e-10
-3.00889e-08
2.72744e-06
4.8387e-10
-2.9838e-08
3.13712e-06
-2.98897e-08
3.35667e-06
4.44408e-10
-3.27177e-08
2.74695e-06
3.72398e-10
-3.37152e-08
3.13471e-06
-3.40818e-08
3.34257e-06
4.38062e-10
-2.51315e-08
2.67367e-06
4.08576e-10
-3.05559e-08
3.06226e-06
-3.28711e-08
3.26775e-06
1.32702e-10
-1.09786e-08
2.4534e-06
2.07458e-10
-1.49529e-08
2.82697e-06
-1.77958e-08
3.03404e-06
8.6076e-11
-2.11047e-09
2.16798e-06
6.10316e-11
-3.07805e-09
2.47497e-06
-4.23518e-09
2.64973e-06
3.31651e-11
1.71585e-06
-1.38969e-11
1.94493e-06
2.0751e-06
7.60982e-10
-1.17847e-08
2.07071e-06
6.4393e-10
-1.18531e-08
2.59803e-06
-1.18254e-08
2.87233e-06
7.17812e-10
-1.61228e-08
2.34371e-06
5.76929e-10
-1.61173e-08
2.8398e-06
-1.60755e-08
3.10015e-06
7.03634e-10
-2.07241e-08
2.53561e-06
5.4827e-10
-2.05921e-08
3.00169e-06
-2.05477e-08
3.24823e-06
6.38932e-10
-2.54118e-08
2.66099e-06
4.89322e-10
-2.51934e-08
3.09838e-06
-2.51779e-08
3.33137e-06
6.70625e-10
-2.99952e-08
2.73136e-06
5.10079e-10
-2.97245e-08
3.14182e-06
-2.97378e-08
3.36174e-06
4.32885e-10
-3.20149e-08
2.74854e-06
3.66414e-10
-3.33317e-08
3.13838e-06
-3.37477e-08
3.34695e-06
4.5206e-10
-2.33326e-08
2.66453e-06
4.409e-10
-2.8911e-08
3.05785e-06
-3.14126e-08
3.26585e-06
1.1162e-10
-1.01858e-08
2.44014e-06
1.78998e-10
-1.35082e-08
2.8115e-06
-1.59973e-08
3.01881e-06
1.18318e-10
-2.12476e-09
2.1598e-06
8.84739e-11
-2.71597e-09
2.4642e-06
-3.54244e-09
2.63736e-06
7.30777e-11
1.71366e-06
3.53764e-11
1.94225e-06
2.07159e-06
7.83701e-10
-1.19144e-08
2.07392e-06
6.66018e-10
-1.19914e-08
2.6021e-06
-1.20014e-08
2.87687e-06
7.33466e-10
-1.62433e-08
2.34731e-06
5.93684e-10
-1.62369e-08
2.84419e-06
-1.62244e-08
3.10497e-06
7.16874e-10
-2.0822e-08
2.53948e-06
5.64671e-10
-2.0679e-08
3.00628e-06
-2.0647e-08
3.25322e-06
6.40819e-10
-2.54636e-08
2.66499e-06
4.95513e-10
-2.52376e-08
3.10308e-06
-2.52242e-08
3.33645e-06
6.86191e-10
-2.99511e-08
2.73516e-06
5.30851e-10
-2.97012e-08
3.14643e-06
-2.96983e-08
3.36674e-06
4.22811e-10
-3.12576e-08
2.74942e-06
3.60573e-10
-3.29757e-08
3.14172e-06
-3.34883e-08
3.3511e-06
4.49868e-10
-2.16853e-08
2.65451e-06
4.5923e-10
-2.7293e-08
3.05216e-06
-2.9965e-08
3.26279e-06
9.73171e-11
-9.57518e-09
2.42793e-06
1.52889e-10
-1.23558e-08
2.79651e-06
-1.4506e-08
3.0035e-06
1.41093e-10
-2.17925e-09
2.15226e-06
1.10589e-10
-2.52184e-09
2.4544e-06
-3.09176e-09
2.62606e-06
9.82146e-11
1.71138e-06
6.96265e-11
1.93976e-06
2.06857e-06
8.13375e-10
-1.21232e-08
2.07712e-06
6.94534e-10
-1.22186e-08
2.60619e-06
-1.22801e-08
2.88147e-06
7.54277e-10
-1.64521e-08
2.35088e-06
6.14914e-10
-1.64539e-08
2.84856e-06
-1.64853e-08
3.10979e-06
7.30915e-10
-2.10091e-08
2.5433e-06
5.82326e-10
-2.08662e-08
3.01084e-06
-2.08622e-08
3.25818e-06
6.44755e-10
-2.56021e-08
2.66894e-06
5.03256e-10
-2.53792e-08
3.10774e-06
-2.53838e-08
3.34147e-06
6.93517e-10
-2.99612e-08
2.73882e-06
5.46239e-10
-2.9768e-08
3.15097e-06
-2.97704e-08
3.37168e-06
4.17114e-10
-3.04544e-08
2.7495e-06
3.5806e-10
-3.26324e-08
3.14464e-06
-3.32865e-08
3.35497e-06
4.335e-10
-2.02216e-08
2.64384e-06
4.63716e-10
-2.57331e-08
3.04523e-06
-2.85402e-08
3.25851e-06
9.13613e-11
-9.10774e-09
2.41673e-06
1.31923e-10
-1.14541e-08
2.78219e-06
-1.32993e-08
2.98839e-06
1.55266e-10
-2.25477e-09
2.14525e-06
1.27349e-10
-2.44295e-09
2.44542e-06
-2.82702e-09
2.61572e-06
1.12861e-10
1.70901e-06
9.16501e-11
1.93733e-06
2.06583e-06
8.5159e-10
-1.24242e-08
2.08034e-06
7.30821e-10
-1.25475e-08
2.61032e-06
-1.26746e-08
2.88614e-06
7.82131e-10
-1.67651e-08
2.35444e-06
6.42251e-10
-1.67819e-08
2.85294e-06
-1.68722e-08
3.11463e-06
7.46999e-10
-2.13017e-08
2.54709e-06
6.02436e-10
-2.11669e-08
3.01537e-06
-2.1206e-08
3.26311e-06
6.52683e-10
-2.58434e-08
2.67283e-06
5.14024e-10
-2.5629e-08
3.11234e-06
-2.56658e-08
3.34645e-06
6.93198e-10
-3.00332e-08
2.74232e-06
5.56755e-10
-2.99308e-08
3.15541e-06
-2.99589e-08
3.37653e-06
4.1802e-10
-2.9625e-08
2.74867e-06
3.614e-10
-3.22952e-08
3.14706e-06
-3.31311e-08
3.3585e-06
4.05711e-10
-1.89626e-08
2.63278e-06
4.55675e-10
-2.42683e-08
3.03716e-06
-2.71613e-08
3.25299e-06
9.39756e-11
-8.7563e-09
2.40643e-06
1.18115e-10
-1.07637e-08
2.76866e-06
-1.23483e-08
2.9737e-06
1.62296e-10
-2.34234e-09
2.13868e-06
1.39236e-10
-2.44067e-09
2.43712e-06
-2.69867e-09
2.6062e-06
1.20729e-10
1.70655e-06
1.04769e-10
1.93491e-06
2.06324e-06
8.99711e-10
-1.28325e-08
2.08357e-06
7.76007e-10
-1.29922e-08
2.61451e-06
-1.31995e-08
2.89092e-06
8.18731e-10
-1.72008e-08
2.35799e-06
6.77079e-10
-1.72371e-08
2.85732e-06
-1.74014e-08
3.11951e-06
7.66435e-10
-2.17197e-08
2.55084e-06
6.26057e-10
-2.15975e-08
3.01987e-06
-2.16949e-08
3.26803e-06
6.65061e-10
-2.62059e-08
2.67665e-06
5.29519e-10
-2.60034e-08
3.11688e-06
-2.60844e-08
3.35137e-06
6.86821e-10
-3.01774e-08
2.7456e-06
5.63166e-10
-3.02003e-08
3.15973e-06
-3.02733e-08
3.38128e-06
4.24353e-10
-2.87968e-08
2.74686e-06
3.72023e-10
-3.19667e-08
3.14888e-06
-3.30174e-08
3.36162e-06
3.70917e-10
-1.79187e-08
2.62153e-06
4.37278e-10
-2.29365e-08
3.02806e-06
-2.5859e-08
3.24627e-06
1.04314e-10
-8.50278e-09
2.39691e-06
1.12422e-10
-1.02514e-08
2.75597e-06
-1.16219e-08
2.95957e-06
1.64179e-10
-2.43876e-09
2.13245e-06
1.47015e-10
-2.48953e-09
2.42937e-06
-2.66726e-09
2.5974e-06
1.2467e-10
1.70399e-06
1.1205e-10
1.93243e-06
2.06069e-06
9.58361e-10
-1.33638e-08
2.08685e-06
8.30863e-10
-1.35672e-08
2.6188e-06
-1.38696e-08
2.89585e-06
8.64346e-10
-1.77784e-08
2.36154e-06
7.20358e-10
-1.78381e-08
2.86174e-06
-1.80912e-08
3.12445e-06
7.9027e-10
-2.22845e-08
2.55456e-06
6.54094e-10
-2.21779e-08
3.02435e-06
-2.23485e-08
3.27294e-06
6.82784e-10
-2.67107e-08
2.6804e-06
5.50968e-10
-2.65216e-08
3.12136e-06
-2.6658e-08
3.35623e-06
6.7494e-10
-3.04043e-08
2.74862e-06
5.66544e-10
-3.05912e-08
3.16391e-06
-3.07273e-08
3.38591e-06
4.36957e-10
-2.80054e-08
2.74403e-06
3.90543e-10
-3.16549e-08
3.14999e-06
-3.29464e-08
3.36423e-06
3.32417e-10
-1.70921e-08
2.61028e-06
4.11259e-10
-2.17718e-08
3.0181e-06
-2.46678e-08
3.23841e-06
1.20677e-10
-8.33635e-09
2.38803e-06
1.14749e-10
-9.891e-09
2.7441e-06
-1.10913e-08
2.94611e-06
1.6276e-10
-2.54373e-09
2.12649e-06
1.51566e-10
-2.57474e-09
2.42207e-06
-2.70416e-09
2.58916e-06
1.26831e-10
1.70131e-06
1.15901e-10
1.92987e-06
2.0581e-06
1.02706e-09
-1.40324e-08
2.09019e-06
8.96066e-10
-1.42882e-08
2.62321e-06
-1.46987e-08
2.90098e-06
9.20153e-10
-1.85178e-08
2.36511e-06
7.72854e-10
-1.86039e-08
2.8662e-06
-1.89599e-08
3.12949e-06
8.19222e-10
-2.30185e-08
2.55824e-06
6.87469e-10
-2.29296e-08
3.02881e-06
-2.31876e-08
3.27786e-06
7.066e-10
-2.73795e-08
2.68405e-06
5.79184e-10
-2.72048e-08
3.12576e-06
-2.74069e-08
3.36102e-06
6.60673e-10
-3.0727e-08
2.75131e-06
5.68453e-10
-3.11175e-08
3.16791e-06
-3.13364e-08
3.39041e-06
4.53628e-10
-2.72901e-08
2.74014e-06
4.15477e-10
-3.13732e-08
3.15028e-06
-3.29242e-08
3.36623e-06
2.94599e-10
-1.64798e-08
2.59918e-06
3.80788e-10
-2.07997e-08
3.00744e-06
-2.36219e-08
3.22948e-06
1.4116e-10
-8.25245e-09
2.37966e-06
1.24205e-10
-9.66166e-09
2.73297e-06
-1.07314e-08
2.93334e-06
1.58873e-10
-2.65883e-09
2.12074e-06
1.53859e-10
-2.6882e-09
2.4151e-06
-2.79075e-09
2.58137e-06
1.28118e-10
1.69853e-06
1.18202e-10
1.92719e-06
2.05542e-06
1.10644e-09
-1.48494e-08
2.09362e-06
9.71883e-10
-1.51708e-08
2.62778e-06
-1.56981e-08
2.90635e-06
9.86626e-10
-1.94362e-08
2.36871e-06
8.34733e-10
-1.95533e-08
2.87073e-06
-2.00248e-08
3.13465e-06
8.54555e-10
-2.39432e-08
2.56189e-06
7.26872e-10
-2.38735e-08
3.03325e-06
-2.42327e-08
3.28279e-06
7.3678e-10
-2.82321e-08
2.6876e-06
6.14404e-10
-2.80746e-08
3.13008e-06
-2.8353e-08
3.36576e-06
6.46459e-10
-3.11557e-08
2.75359e-06
5.70744e-10
-3.17929e-08
3.17171e-06
-3.21165e-08
3.39475e-06
4.72391e-10
-2.66889e-08
2.7352e-06
4.46087e-10
-3.11407e-08
3.14966e-06
-3.296e-08
3.36752e-06
2.61263e-10
-1.60733e-08
2.5883e-06
3.49217e-10
-2.00393e-08
2.99625e-06
-2.27508e-08
3.21962e-06
1.63723e-10
-8.24754e-09
2.37167e-06
1.39422e-10
-9.55026e-09
2.72251e-06
-1.05216e-08
2.92125e-06
1.55332e-10
-2.78617e-09
2.11512e-06
1.54928e-10
-2.82659e-09
2.40838e-06
-2.91578e-09
2.57392e-06
1.29211e-10
1.69561e-06
1.19944e-10
1.92437e-06
2.05263e-06
1.1971e-09
-1.58261e-08
2.09718e-06
1.05801e-09
-1.62242e-08
2.63256e-06
-1.68748e-08
2.91203e-06
1.06305e-09
-2.05498e-08
2.37237e-06
9.06099e-10
-2.07015e-08
2.87537e-06
-2.12996e-08
3.13998e-06
8.97361e-10
-2.5079e-08
2.56552e-06
7.72971e-10
-2.50276e-08
3.0377e-06
-2.55019e-08
3.28777e-06
7.72556e-10
-2.92859e-08
2.69104e-06
6.56744e-10
-2.91504e-08
3.13432e-06
-2.95159e-08
3.37043e-06
6.35499e-10
-3.16994e-08
2.75537e-06
5.76194e-10
-3.26287e-08
3.17524e-06
-3.308e-08
3.39889e-06
4.9128e-10
-2.6237e-08
2.72924e-06
4.80155e-10
-3.09781e-08
3.14802e-06
-3.30649e-08
3.36799e-06
2.35744e-10
-1.58625e-08
2.57769e-06
3.19861e-10
-1.94997e-08
2.98469e-06
-2.20772e-08
3.20896e-06
1.86851e-10
-8.32076e-09
2.36395e-06
1.58801e-10
-9.5464e-09
2.71258e-06
-1.04453e-08
2.90978e-06
1.53298e-10
-2.92784e-09
2.10958e-06
1.55766e-10
-2.98889e-09
2.40182e-06
-3.0733e-09
2.56671e-06
1.30613e-10
1.69255e-06
1.2178e-10
1.92139e-06
2.04968e-06
1.29913e-09
-1.69706e-08
2.1009e-06
1.15389e-09
-1.74514e-08
2.63759e-06
-1.82289e-08
2.91808e-06
1.1493e-09
-2.18694e-08
2.37612e-06
9.86306e-10
-2.20598e-08
2.88014e-06
-2.27922e-08
3.14553e-06
9.48503e-10
-2.64415e-08
2.56915e-06
8.26532e-10
-2.64065e-08
3.04217e-06
-2.70079e-08
3.29281e-06
8.12524e-10
-3.05523e-08
2.69433e-06
7.05674e-10
-3.04485e-08
3.13847e-06
-3.09111e-08
3.37504e-06
6.31426e-10
-3.23641e-08
2.75655e-06
5.86175e-10
-3.36295e-08
3.17847e-06
-3.42354e-08
3.4028e-06
5.08701e-10
-2.59627e-08
2.72233e-06
5.15726e-10
-3.0906e-08
3.14529e-06
-3.32506e-08
3.36752e-06
2.20564e-10
-1.58361e-08
2.56734e-06
2.95873e-10
-1.91807e-08
2.97289e-06
-2.1615e-08
3.19762e-06
2.09406e-10
-8.4714e-09
2.35637e-06
1.80945e-10
-9.64182e-09
2.70307e-06
-1.04892e-08
2.89884e-06
1.5376e-10
-3.08588e-09
2.10404e-06
1.57148e-10
-3.17448e-09
2.39535e-06
-3.26049e-09
2.55964e-06
1.3268e-10
1.68934e-06
1.24206e-10
1.91823e-06
2.04654e-06
1.41203e-09
-1.82848e-08
2.10482e-06
1.25798e-09
-1.88483e-08
2.64295e-06
-1.97525e-08
2.92457e-06
1.24503e-09
-2.34002e-08
2.37999e-06
1.0739e-09
-2.3631e-08
2.88509e-06
-2.4503e-08
3.15135e-06
1.00897e-09
-2.80387e-08
2.57278e-06
8.87901e-10
-2.80184e-08
3.04668e-06
-2.87568e-08
3.29795e-06
8.55926e-10
-3.20346e-08
2.69747e-06
7.60071e-10
-3.19772e-08
3.14252e-06
-3.25482e-08
3.37959e-06
6.36087e-10
-3.31492e-08
2.75702e-06
6.03723e-10
-3.47948e-08
3.18132e-06
-3.55826e-08
3.40643e-06
5.23688e-10
-2.58838e-08
2.71455e-06
5.50799e-10
-3.09428e-08
3.14141e-06
-3.3526e-08
3.36601e-06
2.17342e-10
-1.59801e-08
2.55722e-06
2.79728e-10
-1.90743e-08
2.96095e-06
-2.13679e-08
3.18574e-06
2.30838e-10
-8.69751e-09
2.34886e-06
2.04746e-10
-9.82899e-09
2.69385e-06
-1.06411e-08
2.88831e-06
1.57453e-10
-3.26181e-09
2.09845e-06
1.59815e-10
-3.38252e-09
2.3889e-06
-3.47531e-09
2.55263e-06
1.35665e-10
1.68594e-06
1.27428e-10
1.91485e-06
2.04319e-06
1.53387e-09
-1.97607e-08
2.109e-06
1.36791e-09
-2.04025e-08
2.64868e-06
-2.14266e-08
2.93157e-06
1.34911e-09
-2.51387e-08
2.38401e-06
1.16702e-09
-2.54084e-08
2.89028e-06
-2.64212e-08
3.15751e-06
1.07971e-09
-2.98691e-08
2.57643e-06
9.56633e-10
-2.98619e-08
3.05126e-06
-3.07446e-08
3.30323e-06
9.02189e-10
-3.37253e-08
2.70043e-06
8.189e-10
-3.37352e-08
3.14648e-06
-3.44266e-08
3.38409e-06
6.48976e-10
-3.40469e-08
2.7567e-06
6.3087e-10
-3.61153e-08
3.18372e-06
-3.71117e-08
3.40975e-06
5.36085e-10
-2.60054e-08
2.70597e-06
5.83876e-10
-3.11024e-08
3.13635e-06
-3.3896e-08
3.36338e-06
2.26688e-10
-1.62777e-08
2.54727e-06
2.73295e-10
-1.91654e-08
2.94897e-06
-2.1329e-08
3.17344e-06
2.51036e-10
-8.99461e-09
2.34132e-06
2.28103e-10
-1.0099e-08
2.68481e-06
-1.08896e-08
2.8781e-06
1.64744e-10
-3.45607e-09
2.09274e-06
1.64689e-10
-3.61113e-09
2.38241e-06
-3.71556e-09
2.54562e-06
1.39755e-10
1.68234e-06
1.3159e-10
1.91125e-06
2.03961e-06
1.66102e-09
-2.13778e-08
2.11347e-06
1.48022e-09
-2.20914e-08
2.65486e-06
-2.32204e-08
2.93915e-06
1.45918e-09
-2.7067e-08
2.38824e-06
1.26305e-09
-2.73744e-08
2.89576e-06
-2.85226e-08
3.16408e-06
1.16056e-09
-3.1917e-08
2.58012e-06
1.03206e-09
-3.19244e-08
3.05594e-06
-3.29544e-08
3.3087e-06
9.50381e-10
-3.56014e-08
2.70316e-06
8.80894e-10
-3.571e-08
3.15034e-06
-3.65332e-08
3.38855e-06
6.73652e-10
-3.5044e-08
2.75546e-06
6.68965e-10
-3.75669e-08
3.18558e-06
-3.88002e-08
3.41269e-06
5.46166e-10
-2.63201e-08
2.6967e-06
6.13748e-10
-3.13882e-08
3.1301e-06
-3.43593e-08
3.35955e-06
2.47867e-10
-1.67088e-08
2.53741e-06
2.77331e-10
-1.94302e-08
2.93698e-06
-2.14814e-08
3.16084e-06
2.70011e-10
-9.35536e-09
2.3337e-06
2.51334e-10
-1.04413e-08
2.67584e-06
-1.12204e-08
2.86809e-06
1.75533e-10
-3.66791e-09
2.08688e-06
1.71879e-10
-3.85719e-09
2.37583e-06
-3.97734e-09
2.53855e-06
1.44878e-10
1.67853e-06
1.36546e-10
1.9074e-06
2.03577e-06
1.7887e-09
-2.31027e-08
2.11829e-06
1.59043e-09
-2.38793e-08
2.66154e-06
-2.5089e-08
2.94736e-06
1.57215e-09
-2.91524e-08
2.39272e-06
1.3587e-09
-2.94975e-08
2.90159e-06
-3.07676e-08
3.17112e-06
1.25072e-09
-3.41506e-08
2.58386e-06
1.11291e-09
-3.4179e-08
3.06076e-06
-3.53531e-08
3.31439e-06
1.00026e-09
-3.76236e-08
2.70563e-06
9.4471e-10
-3.78736e-08
3.15409e-06
-3.88386e-08
3.39298e-06
7.11422e-10
-3.61166e-08
2.75325e-06
7.18314e-10
-3.91137e-08
3.18681e-06
-4.06111e-08
3.41518e-06
5.54857e-10
-2.68054e-08
2.68683e-06
6.39786e-10
-3.17937e-08
3.1227e-06
-3.49052e-08
3.35449e-06
2.79133e-10
-1.72479e-08
2.52757e-06
2.91741e-10
-1.98389e-08
2.92502e-06
-2.17977e-08
3.14803e-06
2.87856e-10
-9.76817e-09
2.32593e-06
2.73426e-10
-1.0842e-08
2.66686e-06
-1.16174e-08
2.85819e-06
1.89234e-10
-3.89461e-09
2.08082e-06
1.81328e-10
-4.11594e-09
2.36911e-06
-4.25525e-09
2.53137e-06
1.50785e-10
1.67448e-06
1.42107e-10
1.90329e-06
2.03166e-06
1.91116e-09
-2.4888e-08
2.12352e-06
1.69317e-09
-2.57164e-08
2.66877e-06
-2.69739e-08
2.95624e-06
1.68447e-09
-3.13459e-08
2.39749e-06
1.45003e-09
-3.17293e-08
2.90784e-06
-3.3099e-08
3.17869e-06
1.34881e-09
-3.65207e-08
2.58769e-06
1.19721e-09
-3.65814e-08
3.06576e-06
-3.78898e-08
3.32038e-06
1.05244e-09
-3.97363e-08
2.70779e-06
1.00898e-09
-4.01794e-08
3.15773e-06
-4.12951e-08
3.3974e-06
7.59734e-10
-3.72286e-08
2.74998e-06
7.76698e-10
-4.07073e-08
3.18732e-06
-4.24926e-08
3.41715e-06
5.63017e-10
-2.74241e-08
2.67646e-06
6.6182e-10
-3.22997e-08
3.11419e-06
-3.55136e-08
3.34817e-06
3.18025e-10
-1.78633e-08
2.51769e-06
3.15428e-10
-2.03552e-08
2.91307e-06
-2.22418e-08
3.13507e-06
3.04709e-10
-1.02168e-08
2.31798e-06
2.9388e-10
-1.12836e-08
2.6578e-06
-1.20608e-08
2.8483e-06
2.0471e-10
-4.13102e-09
2.07453e-06
1.92555e-10
-4.38121e-09
2.36222e-06
-4.54193e-09
2.52404e-06
1.57122e-10
1.6702e-06
1.47934e-10
1.89892e-06
2.02726e-06
2.02199e-09
-2.66725e-08
2.12919e-06
1.78243e-09
-2.75395e-08
2.67661e-06
-2.88048e-08
2.96583e-06
1.79209e-09
-3.35815e-08
2.40261e-06
1.53238e-09
-3.40044e-08
2.91456e-06
-3.54428e-08
3.18686e-06
1.45263e-09
-3.89592e-08
2.59161e-06
1.282e-09
-3.90692e-08
3.07099e-06
-4.04955e-08
3.32672e-06
1.10652e-09
-4.18655e-08
2.70959e-06
1.07203e-09
-4.25634e-08
3.16126e-06
-4.38372e-08
3.40181e-06
8.16177e-10
-3.83335e-08
2.74563e-06
8.42872e-10
-4.22883e-08
3.18702e-06
-4.43781e-08
3.41853e-06
5.73397e-10
-2.81286e-08
2.66568e-06
6.79823e-10
-3.28728e-08
3.10467e-06
-3.61527e-08
3.34063e-06
3.60348e-10
-1.85184e-08
2.50772e-06
3.46179e-10
-2.09373e-08
2.90115e-06
-2.27692e-08
3.12203e-06
3.20336e-10
-1.06814e-08
2.30982e-06
3.12047e-10
-1.17451e-08
2.64861e-06
-1.25275e-08
2.83837e-06
2.2028e-10
-4.36991e-09
2.06799e-06
2.04585e-10
-4.64537e-09
2.35514e-06
-4.82816e-09
2.51655e-06
1.63239e-10
1.66566e-06
1.53422e-10
1.89429e-06
2.02259e-06
2.11447e-09
-2.83835e-08
2.13535e-06
1.852e-09
-2.9275e-08
2.68506e-06
-3.05033e-08
2.97612e-06
1.89057e-09
-3.57779e-08
2.40811e-06
1.60068e-09
-3.62429e-08
2.92182e-06
-3.77103e-08
3.19567e-06
1.55962e-09
-4.13811e-08
2.59565e-06
1.36345e-09
-4.15631e-08
3.07651e-06
-4.30837e-08
3.33345e-06
1.16248e-09
-4.39234e-08
2.71097e-06
1.13226e-09
-4.49438e-08
3.16467e-06
-4.63819e-08
3.40624e-06
8.77085e-10
-3.93758e-08
2.7402e-06
9.13861e-10
-4.37871e-08
3.18583e-06
-4.61893e-08
3.41926e-06
5.84823e-10
-2.88587e-08
2.65458e-06
6.93811e-10
-3.34711e-08
3.09424e-06
-3.67809e-08
3.33191e-06
4.05219e-10
-1.91724e-08
2.49763e-06
3.81053e-10
-2.15389e-08
2.88924e-06
-2.33307e-08
3.10897e-06
3.33771e-10
-1.11385e-08
2.30146e-06
3.27126e-10
-1.22023e-08
2.63928e-06
-1.29914e-08
2.82836e-06
2.34512e-10
-4.60264e-09
2.06122e-06
2.16123e-10
-4.89912e-09
2.34785e-06
-5.10336e-09
2.50888e-06
1.67981e-10
1.66089e-06
1.57745e-10
1.8894e-06
2.01764e-06
2.18246e-09
-2.99417e-08
2.14199e-06
1.8963e-09
-3.08429e-08
2.69414e-06
-3.19878e-08
2.98708e-06
1.97568e-09
-3.78431e-08
2.41404e-06
1.65078e-09
-3.83517e-08
2.92966e-06
-3.98034e-08
3.20514e-06
1.66485e-09
-4.36874e-08
2.59983e-06
1.43712e-09
-4.397e-08
3.08236e-06
-4.55547e-08
3.34064e-06
1.22038e-09
-4.58135e-08
2.71188e-06
1.18861e-09
-4.72258e-08
3.16795e-06
-4.8832e-08
3.41071e-06
9.38396e-10
-4.02949e-08
2.73375e-06
9.85137e-10
-4.51278e-08
3.18368e-06
-4.78411e-08
3.41925e-06
5.97974e-10
-2.9553e-08
2.64324e-06
7.0363e-10
-3.40399e-08
3.08305e-06
-3.73495e-08
3.32212e-06
4.46038e-10
-1.97814e-08
2.48741e-06
4.16354e-10
-2.21128e-08
2.87735e-06
-2.38742e-08
3.09591e-06
3.43873e-10
-1.15625e-08
2.29289e-06
3.38017e-10
-1.263e-08
2.62981e-06
-1.34251e-08
2.81825e-06
2.45453e-10
-4.8187e-09
2.05423e-06
2.25464e-10
-5.13295e-09
2.34037e-06
-5.35632e-09
2.50103e-06
1.70185e-10
1.6559e-06
1.59772e-10
1.88427e-06
2.01244e-06
2.22064e-09
-3.12665e-08
2.14913e-06
1.91107e-09
-3.21649e-08
2.70381e-06
-3.31799e-08
2.99863e-06
2.04296e-09
-3.96792e-08
2.42041e-06
1.67963e-09
-4.02328e-08
2.93809e-06
-4.16211e-08
3.21526e-06
1.76333e-09
-4.57719e-08
2.60416e-06
1.49866e-09
-4.61869e-08
3.08858e-06
-4.78021e-08
3.34832e-06
1.27938e-09
-4.74366e-08
2.71226e-06
1.23905e-09
-4.93056e-08
3.17111e-06
-5.10833e-08
3.41523e-06
9.95157e-10
-4.10281e-08
2.72634e-06
1.05135e-09
-4.6234e-08
3.18056e-06
-4.92482e-08
3.41847e-06
6.11514e-10
-3.01481e-08
2.63175e-06
7.08844e-10
-3.45212e-08
3.07124e-06
-3.78069e-08
3.31139e-06
4.78987e-10
-2.03034e-08
2.47709e-06
4.48081e-10
-2.26112e-08
2.86547e-06
-2.43496e-08
3.0829e-06
3.48491e-10
-1.19286e-08
2.28417e-06
3.43388e-10
-1.30018e-08
2.6202e-06
-1.38019e-08
2.80804e-06
2.50577e-10
-5.00772e-09
2.04706e-06
2.30638e-10
-5.3366e-09
2.33273e-06
-5.57615e-09
2.49304e-06
1.68149e-10
1.65073e-06
1.58269e-10
1.87895e-06
2.00703e-06
2.22515e-09
-3.2283e-08
2.15673e-06
1.89299e-09
-3.317e-08
2.71402e-06
-3.40121e-08
3.01067e-06
2.08815e-09
-4.11902e-08
2.42723e-06
1.68418e-09
-4.1791e-08
2.94711e-06
-4.30677e-08
3.226e-06
1.84945e-09
-4.75281e-08
2.60865e-06
1.54348e-09
-4.81092e-08
3.0952e-06
-4.972e-08
3.35652e-06
1.33762e-09
-4.86992e-08
2.71209e-06
1.28077e-09
-5.10786e-08
3.17414e-06
-5.30314e-08
3.41982e-06
1.04204e-09
-4.15161e-08
2.71812e-06
1.10694e-09
-4.7035e-08
3.17645e-06
-5.03309e-08
3.41687e-06
6.22757e-10
-3.05855e-08
2.6202e-06
7.08318e-10
-3.48577e-08
3.05898e-06
-3.81021e-08
3.29987e-06
4.99626e-10
-2.07e-08
2.4667e-06
4.71867e-10
-2.29904e-08
2.85363e-06
-2.4711e-08
3.06998e-06
3.44649e-10
-1.22144e-08
2.27534e-06
3.41048e-10
-1.32931e-08
2.61051e-06
-1.40973e-08
2.79777e-06
2.46872e-10
-5.15999e-09
2.03976e-06
2.29288e-10
-5.50046e-09
2.32495e-06
-5.75321e-09
2.48492e-06
1.59733e-10
1.64541e-06
1.5178e-10
1.87346e-06
2.00143e-06
2.19372e-09
-3.29286e-08
2.16474e-06
1.84195e-09
-3.37987e-08
2.72469e-06
-3.44359e-08
3.02308e-06
2.10747e-09
-4.22895e-08
2.43448e-06
1.66258e-09
-4.29399e-08
2.9567e-06
-4.40632e-08
3.23729e-06
1.91733e-09
-4.88573e-08
2.6133e-06
1.5671e-09
-4.96375e-08
3.10225e-06
-5.12113e-08
3.36523e-06
1.39239e-09
-4.95204e-08
2.71136e-06
1.31165e-09
-5.24476e-08
3.17703e-06
-5.45783e-08
3.4245e-06
1.0732e-09
-4.1708e-08
2.70923e-06
1.14611e-09
-4.74717e-08
3.1714e-06
-5.10214e-08
3.41446e-06
6.27455e-10
-3.08162e-08
2.60868e-06
6.99899e-10
-3.49977e-08
3.04643e-06
-3.81899e-08
3.28774e-06
5.02973e-10
-2.09404e-08
2.45632e-06
4.82967e-10
-2.32138e-08
2.84186e-06
-2.49202e-08
3.05719e-06
3.28433e-10
-1.24019e-08
2.26647e-06
3.28254e-10
-1.34832e-08
2.60078e-06
-1.42914e-08
2.78747e-06
2.30582e-10
-5.26785e-09
2.0324e-06
2.18568e-10
-5.61616e-09
2.3171e-06
-5.8797e-09
2.47673e-06
1.41845e-10
1.64e-06
1.38392e-10
1.86784e-06
1.99568e-06
2.12539e-09
-3.31576e-08
2.17308e-06
1.76014e-09
-3.40093e-08
2.73568e-06
-3.4423e-08
3.03569e-06
2.09739e-09
-4.2906e-08
2.44213e-06
1.61378e-09
-4.36092e-08
2.96678e-06
-4.45488e-08
3.24903e-06
1.96025e-09
-4.96733e-08
2.61811e-06
1.56489e-09
-5.06852e-08
3.10972e-06
-5.21961e-08
3.37444e-06
1.43886e-09
-4.98353e-08
2.71009e-06
1.33014e-09
-5.33307e-08
3.17978e-06
-5.56396e-08
3.42927e-06
1.08267e-09
-4.15622e-08
2.69987e-06
1.163e-09
-4.75005e-08
3.16549e-06
-5.12688e-08
3.41125e-06
6.19851e-10
-3.08016e-08
2.59729e-06
6.80272e-10
-3.49003e-08
3.03377e-06
-3.80348e-08
3.27518e-06
4.834e-10
-2.10006e-08
2.44604e-06
4.76233e-10
-2.3255e-08
2.83023e-06
-2.49498e-08
3.04458e-06
2.94926e-10
-1.24777e-08
2.25765e-06
3.01764e-10
-1.35576e-08
2.59107e-06
-1.43699e-08
2.77719e-06
1.97091e-10
-5.32506e-09
2.02505e-06
1.9509e-10
-5.67833e-09
2.30922e-06
-5.95046e-09
2.46851e-06
1.11432e-10
1.63456e-06
1.15746e-10
1.86216e-06
1.98985e-06
2.02088e-09
-3.29448e-08
2.18166e-06
1.64901e-09
-3.37813e-08
2.74687e-06
-3.39655e-08
3.04835e-06
2.05518e-09
-4.29908e-08
2.45013e-06
1.53732e-09
-4.37522e-08
2.97727e-06
-4.44892e-08
3.26109e-06
1.97269e-09
-4.99128e-08
2.62306e-06
1.53289e-09
-5.11853e-08
3.11759e-06
-5.26147e-08
3.3841e-06
1.46966e-09
-4.96019e-08
2.7083e-06
1.33117e-09
-5.36639e-08
3.1824e-06
-5.61512e-08
3.43414e-06
1.06206e-09
-4.10505e-08
2.69026e-06
1.15174e-09
-4.70968e-08
3.15883e-06
-5.10421e-08
3.4073e-06
5.92525e-10
-3.05156e-08
2.58617e-06
6.44862e-10
-3.45387e-08
3.02116e-06
-3.76134e-08
3.2624e-06
4.34363e-10
-2.0865e-08
2.43595e-06
4.46319e-10
-2.30997e-08
2.81878e-06
-2.47836e-08
3.0322e-06
2.38186e-10
-1.24329e-08
2.24898e-06
2.57121e-10
-1.35097e-08
2.58147e-06
-1.43256e-08
2.76699e-06
1.41894e-10
-5.32754e-09
2.0178e-06
1.54938e-10
-5.68483e-09
2.30138e-06
-5.96353e-09
2.4603e-06
6.50043e-11
1.62917e-06
8.10232e-11
1.85646e-06
1.98397e-06
1.88184e-09
-3.22849e-08
2.19038e-06
1.51061e-09
-3.31156e-08
2.75811e-06
-3.30748e-08
3.06089e-06
1.97813e-09
-4.25164e-08
2.45838e-06
1.43291e-09
-4.33478e-08
2.98805e-06
-4.38751e-08
3.27332e-06
1.94753e-09
-4.95302e-08
2.62812e-06
1.46746e-09
-5.10962e-08
3.12582e-06
-5.24328e-08
3.39413e-06
1.47475e-09
-4.87942e-08
2.70609e-06
1.30945e-09
-5.34099e-08
3.18488e-06
-5.60707e-08
3.43908e-06
1.00844e-09
-4.01572e-08
2.68061e-06
1.10647e-09
-4.62523e-08
3.15158e-06
-5.03305e-08
3.40266e-06
5.36195e-10
-2.99431e-08
2.57542e-06
5.87719e-10
-3.38999e-08
3.00876e-06
-3.69151e-08
3.24957e-06
3.51552e-10
-2.0528e-08
2.42618e-06
3.87504e-10
-2.27422e-08
2.80758e-06
-2.4417e-08
3.02009e-06
1.51155e-10
-1.22649e-08
2.24057e-06
1.89198e-10
-1.33378e-08
2.57202e-06
-1.41582e-08
2.75692e-06
5.95248e-11
-5.27452e-09
2.01075e-06
9.36945e-11
-5.63518e-09
2.29365e-06
-5.91997e-09
2.45215e-06
-1.84747e-12
1.62389e-06
3.10004e-11
1.85079e-06
1.97808e-06
1.71093e-09
-3.11914e-08
2.19911e-06
1.34777e-09
-3.20306e-08
2.76924e-06
-3.17788e-08
3.07313e-06
1.86434e-09
-4.14785e-08
2.46681e-06
1.30093e-09
-4.23983e-08
2.99898e-06
-4.27203e-08
3.28556e-06
1.88151e-09
-4.85073e-08
2.63327e-06
1.36572e-09
-5.03959e-08
3.13433e-06
-5.16403e-08
3.40441e-06
1.44349e-09
-4.74113e-08
2.70355e-06
1.25848e-09
-5.25479e-08
3.18722e-06
-5.53773e-08
3.44408e-06
9.10987e-10
-3.88762e-08
2.67116e-06
1.02003e-09
-4.4974e-08
3.14389e-06
-4.91412e-08
3.39745e-06
4.42128e-10
-2.90799e-08
2.56518e-06
5.01862e-10
-3.29806e-08
2.9967e-06
-3.59406e-08
3.23687e-06
2.25908e-10
-1.9988e-08
2.41686e-06
2.9362e-10
-2.21866e-08
2.79672e-06
-2.38546e-08
3.0083e-06
2.77572e-11
-1.19749e-08
2.23253e-06
9.24503e-11
-1.30452e-08
2.56282e-06
-1.38726e-08
2.74703e-06
-5.52002e-11
-5.16698e-09
2.00399e-06
6.65593e-12
-5.53119e-09
2.28607e-06
-5.82299e-09
2.44411e-06
-9.31963e-11
1.61882e-06
-3.778e-11
1.8452e-06
1.97222e-06
1.5119e-09
-2.96934e-08
2.20773e-06
1.16387e-09
-3.05583e-08
2.78012e-06
-3.0119e-08
3.08491e-06
1.71083e-09
-3.98912e-08
2.4753e-06
1.14204e-09
-4.09283e-08
3.00992e-06
-4.10597e-08
3.29764e-06
1.7685e-09
-4.68403e-08
2.63845e-06
1.22587e-09
-4.90898e-08
3.14304e-06
-5.0251e-08
3.41483e-06
1.36925e-09
-4.54655e-08
2.70081e-06
1.17131e-09
-5.10783e-08
3.1894e-06
-5.40715e-08
3.44907e-06
7.63186e-10
-3.72103e-08
2.66215e-06
8.88925e-10
-4.32806e-08
3.13597e-06
-4.74932e-08
3.39176e-06
3.00939e-10
-2.7928e-08
2.55559e-06
3.79667e-10
-3.1787e-08
2.98513e-06
-3.4697e-08
3.22446e-06
5.27651e-11
-1.92507e-08
2.40813e-06
1.58925e-10
-2.144e-08
2.78627e-06
-2.31054e-08
2.99686e-06
-1.37672e-10
-1.15676e-08
2.22498e-06
-3.85469e-11
-1.26378e-08
2.55392e-06
-1.34756e-08
2.73736e-06
-2.06645e-10
-5.00724e-09
1.99764e-06
-1.105e-10
-5.37635e-09
2.27871e-06
-5.67656e-09
2.4362e-06
-2.1256e-10
1.61402e-06
-1.28866e-10
1.83974e-06
1.96641e-06
1.28562e-09
-2.78282e-08
2.21613e-06
9.6227e-10
-2.87441e-08
2.7906e-06
-2.81454e-08
3.09609e-06
1.52065e-09
-3.77863e-08
2.48374e-06
9.57255e-10
-3.89763e-08
3.02071e-06
-3.89432e-08
3.3094e-06
1.60679e-09
-4.4548e-08
2.64361e-06
1.04825e-09
-4.71989e-08
3.15182e-06
-4.82961e-08
3.42523e-06
1.239e-09
-4.2979e-08
2.698e-06
1.04045e-09
-4.90201e-08
3.19142e-06
-5.21699e-08
3.45399e-06
5.59301e-10
-3.51656e-08
2.65377e-06
7.06661e-10
-4.11948e-08
3.128e-06
-4.54166e-08
3.38571e-06
1.04917e-10
-2.6492e-08
2.54681e-06
2.14083e-10
-3.03269e-08
2.97415e-06
-3.31969e-08
3.21245e-06
-1.71748e-10
-1.83196e-08
2.40013e-06
-2.10424e-11
-2.05118e-08
2.7763e-06
-2.21815e-08
2.98583e-06
-3.48838e-10
-1.10445e-08
2.21805e-06
-2.08047e-10
-1.21236e-08
2.54539e-06
-1.29767e-08
2.72795e-06
-3.97509e-10
-4.79611e-09
1.99179e-06
-2.60968e-10
-5.17472e-09
2.27163e-06
-5.48594e-09
2.42845e-06
-3.62215e-10
1.60959e-06
-2.44844e-10
1.83445e-06
1.96068e-06
1.03891e-09
-2.56461e-08
2.2242e-06
7.47554e-10
-2.66391e-08
2.80055e-06
-2.59137e-08
3.10654e-06
1.29557e-09
-3.52111e-08
2.49201e-06
7.49775e-10
-3.65965e-08
3.03122e-06
-3.64299e-08
3.32067e-06
1.39501e-09
-4.16654e-08
2.64867e-06
8.32878e-10
-4.47622e-08
3.16055e-06
-4.58214e-08
3.43546e-06
1.04326e-09
-3.9984e-08
2.69527e-06
8.58712e-10
-4.64057e-08
3.19325e-06
-4.97026e-08
3.45873e-06
2.94968e-10
-3.27517e-08
2.64624e-06
4.6874e-10
-3.87407e-08
3.12016e-06
-4.29445e-08
3.37942e-06
-1.50752e-10
-2.47747e-08
2.53899e-06
-4.96438e-13
-2.86097e-08
2.96387e-06
-3.14529e-08
3.20096e-06
-4.48679e-10
-1.71933e-08
2.393e-06
-2.48762e-10
-1.94112e-08
2.7669e-06
-2.10952e-08
2.97522e-06
-6.06518e-10
-1.04039e-08
2.21187e-06
-4.18297e-10
-1.15084e-08
2.5373e-06
-1.23847e-08
2.71882e-06
-6.27954e-10
-4.5329e-09
1.98654e-06
-4.46344e-10
-4.92938e-09
2.26487e-06
-5.25595e-09
2.42087e-06
-5.42528e-10
1.6056e-06
-3.86995e-10
1.82937e-06
1.95504e-06
7.77507e-10
-2.32035e-08
2.23184e-06
5.24091e-10
-2.4298e-08
2.80985e-06
-2.3483e-08
3.11614e-06
1.03742e-09
-3.22225e-08
2.5e-06
5.21348e-10
-3.38477e-08
3.04128e-06
-3.35883e-08
3.33129e-06
1.13303e-09
-3.82414e-08
2.65355e-06
5.82019e-10
-4.18284e-08
3.16908e-06
-4.28856e-08
3.44534e-06
7.74707e-10
-3.65177e-08
2.69277e-06
6.21932e-10
-4.32767e-08
3.19485e-06
-4.67105e-08
3.46317e-06
-3.08819e-11
-2.99762e-08
2.63973e-06
1.74342e-10
-3.59441e-08
3.11262e-06
-4.0109e-08
3.37299e-06
-4.66685e-10
-2.27725e-08
2.53225e-06
-2.66749e-10
-2.66437e-08
2.95437e-06
-2.94757e-08
3.19006e-06
-7.75071e-10
-1.5865e-08
2.38687e-06
-5.23578e-10
-1.81417e-08
2.75815e-06
-1.98551e-08
2.96508e-06
-9.07414e-10
-9.63938e-09
2.20655e-06
-6.6846e-10
-1.07941e-08
2.52971e-06
-1.1705e-08
2.71e-06
-8.94614e-10
-4.21435e-09
1.98201e-06
-6.65386e-10
-4.64112e-09
2.25849e-06
-4.98945e-09
2.41349e-06
-7.51194e-10
1.60214e-06
-5.54582e-10
1.82453e-06
1.94949e-06
5.08796e-10
-2.05619e-08
2.23894e-06
2.97103e-10
-2.17806e-08
2.81841e-06
-2.09157e-08
3.1248e-06
7.50695e-10
-2.88878e-08
2.50758e-06
2.76472e-10
-3.07983e-08
3.05077e-06
-3.04907e-08
3.34114e-06
8.23403e-10
-3.43407e-08
2.65819e-06
2.9981e-10
-3.84573e-08
3.17726e-06
-3.95541e-08
3.4547e-06
4.31365e-10
-3.26265e-08
2.69063e-06
3.28136e-10
-3.96824e-08
3.19618e-06
-4.32422e-08
3.46719e-06
-4.14229e-10
-2.68449e-08
2.63436e-06
-1.74158e-10
-3.28304e-08
3.10553e-06
-3.69418e-08
3.36652e-06
-8.37895e-10
-2.04789e-08
2.52672e-06
-5.82924e-10
-2.44312e-08
2.94572e-06
-2.72727e-08
3.17981e-06
-1.14279e-09
-1.43225e-08
2.38185e-06
-8.40541e-10
-1.66997e-08
2.75012e-06
-1.84637e-08
2.95543e-06
-1.24311e-09
-8.73955e-09
2.20221e-06
-9.53555e-10
-9.97605e-09
2.5227e-06
-1.09379e-08
2.70152e-06
-1.18973e-09
-3.83453e-09
1.9783e-06
-9.13246e-10
-4.30753e-09
2.25254e-06
-4.68657e-09
2.40633e-06
-9.82519e-10
1.59928e-06
-7.44114e-10
1.81998e-06
1.94406e-06
2.44044e-10
-1.77936e-08
2.24544e-06
7.47302e-11
-1.91477e-08
2.82613e-06
-1.82734e-08
3.13245e-06
4.40837e-10
-2.52872e-08
2.51464e-06
2.05016e-11
-2.75208e-08
3.05957e-06
-2.72119e-08
3.3501e-06
4.71142e-10
-3.00456e-08
2.66248e-06
-7.09474e-12
-3.47164e-08
3.18493e-06
-3.58974e-08
3.46338e-06
1.89459e-11
-2.83678e-08
2.68893e-06
-2.01023e-11
-3.56768e-08
3.19718e-06
-3.93525e-08
3.47062e-06
-8.44524e-10
-2.33715e-08
2.63021e-06
-5.69507e-10
-2.94186e-08
3.099e-06
-3.34741e-08
3.36007e-06
-1.25162e-09
-1.78849e-08
2.52249e-06
-9.42102e-10
-2.19711e-08
2.93796e-06
-2.48464e-08
3.17024e-06
-1.53738e-09
-1.25485e-08
2.37805e-06
-1.1897e-09
-1.50763e-08
2.74287e-06
-1.69162e-08
2.94631e-06
-1.59927e-09
-7.68804e-09
2.19895e-06
-1.26389e-09
-9.04477e-09
2.51633e-06
-1.00775e-08
2.69342e-06
-1.50042e-09
-3.38443e-09
1.9755e-06
-1.18101e-09
-3.92332e-09
2.2471e-06
-4.34416e-09
2.39941e-06
-1.22666e-09
1.59713e-06
-9.48934e-10
1.81578e-06
1.93877e-06
-1.10077e-11
-1.49693e-08
2.25127e-06
-1.36734e-10
-1.6465e-08
2.83296e-06
-1.56211e-08
3.13906e-06
1.17882e-10
-2.15082e-08
2.52106e-06
-2.3834e-10
-2.40929e-08
3.06755e-06
-2.38296e-08
3.35807e-06
8.61724e-11
-2.54521e-08
2.66634e-06
-3.29409e-10
-3.068e-08
3.19194e-06
-3.19922e-08
3.47121e-06
-4.48487e-10
-2.38033e-08
2.68773e-06
-4.14378e-10
-3.13229e-08
3.19779e-06
-3.51059e-08
3.47332e-06
-1.30431e-09
-1.9576e-08
2.62729e-06
-9.98816e-10
-2.57267e-08
3.09309e-06
-2.97355e-08
3.3537e-06
-1.68781e-09
-1.49839e-08
2.51958e-06
-1.3313e-09
-1.92605e-08
2.93114e-06
-2.21947e-08
3.16137e-06
-1.93859e-09
-1.05246e-08
2.37553e-06
-1.55596e-09
-1.32574e-08
2.73649e-06
-1.52006e-08
2.93776e-06
-1.95635e-09
-6.46597e-09
2.19685e-06
-1.58511e-09
-7.98539e-09
2.51069e-06
-9.11177e-09
2.68575e-06
-1.80936e-09
-2.85272e-09
1.97369e-06
-1.45576e-09
-3.47998e-09
2.24224e-06
-3.95556e-09
2.3928e-06
-1.46997e-09
1.59574e-06
-1.15919e-09
1.81199e-06
1.93366e-06
-2.50096e-10
-1.21621e-08
2.25637e-06
-3.30827e-10
-1.3801e-08
2.83886e-06
-1.30245e-08
3.14462e-06
-2.05701e-10
-1.76475e-08
2.52676e-06
-4.91299e-10
-2.05952e-08
3.07463e-06
-2.04242e-08
3.36498e-06
-3.17729e-10
-2.06677e-08
2.66968e-06
-6.5591e-10
-2.64324e-08
3.19811e-06
-2.792e-08
3.47805e-06
-9.49069e-10
-1.90039e-08
2.68702e-06
-8.41082e-10
-2.66947e-08
3.19794e-06
-3.05743e-08
3.47514e-06
-1.77071e-09
-1.54886e-08
2.62555e-06
-1.44408e-09
-2.17806e-08
3.08785e-06
-2.57556e-08
3.34744e-06
-2.12165e-09
-1.17802e-08
2.518e-06
-1.73206e-09
-1.62967e-08
2.92526e-06
-1.93126e-08
3.15319e-06
-2.32263e-09
-8.2402e-09
2.37432e-06
-1.92008e-09
-1.12253e-08
2.73101e-06
-1.32988e-08
2.92982e-06
-2.29184e-09
-5.05735e-09
2.19596e-06
-1.89931e-09
-6.77835e-09
2.50585e-06
-8.02246e-09
2.67857e-06
-2.09674e-09
-2.22745e-09
1.97296e-06
-1.72167e-09
-2.96575e-09
2.23805e-06
-3.51044e-09
2.38657e-06
-1.69679e-09
1.59521e-06
-1.36263e-09
1.80869e-06
1.92878e-06
-4.63937e-10
-9.45268e-09
2.26072e-06
-4.98601e-10
-1.12277e-08
2.84381e-06
-1.0547e-08
3.14912e-06
-5.16281e-10
-1.38119e-08
2.53165e-06
-7.29303e-10
-1.71153e-08
3.08073e-06
-1.70761e-08
3.37078e-06
-7.24394e-10
-1.58125e-08
2.67241e-06
-9.75581e-10
-2.20691e-08
3.20332e-06
-2.37662e-08
3.48377e-06
-1.45598e-09
-1.40582e-08
2.68673e-06
-1.28249e-09
-2.1877e-08
3.19758e-06
-2.58368e-08
3.47592e-06
-2.21753e-09
-1.11602e-08
2.62487e-06
-1.8838e-09
-1.76167e-08
3.08326e-06
-2.15664e-08
3.34129e-06
-2.52574e-09
-8.29707e-09
2.51766e-06
-2.12235e-09
-1.30858e-08
2.92033e-06
-1.61956e-08
3.1457e-06
-2.66454e-09
-5.70071e-09
2.37439e-06
-2.26068e-09
-8.96446e-09
2.72649e-06
-1.11897e-08
2.92256e-06
-2.58255e-09
-3.45462e-09
2.1963e-06
-2.187e-09
-5.40242e-09
2.50189e-06
-6.78726e-09
2.67198e-06
-2.34235e-09
-1.49494e-09
1.97334e-06
-1.96168e-09
-2.36601e-09
2.23464e-06
-2.99508e-09
2.38081e-06
-1.89115e-09
1.59561e-06
-1.54598e-09
1.80598e-06
1.92424e-06
-6.43139e-10
-6.92087e-09
2.2643e-06
-6.34825e-10
-8.81011e-09
2.84782e-06
-8.25291e-09
3.15263e-06
-8.00999e-10
-1.01107e-08
2.53565e-06
-9.41701e-10
-1.37404e-08
3.0858e-06
-1.38677e-08
3.37545e-06
-1.11472e-09
-1.10151e-08
2.67444e-06
-1.27618e-09
-1.76881e-08
3.20743e-06
-1.96217e-08
3.48824e-06
-1.93853e-09
-9.0685e-09
2.68672e-06
-1.71726e-09
-1.69593e-08
3.19663e-06
-2.09819e-08
3.47557e-06
-2.61698e-09
-6.66298e-09
2.62508e-06
-2.29474e-09
-1.32799e-08
3.07926e-06
-1.72058e-08
3.33522e-06
-2.87256e-09
-4.57801e-09
2.51845e-06
-2.47888e-09
-9.64387e-09
2.9163e-06
-1.28437e-08
3.13886e-06
-2.94078e-09
-2.92513e-09
2.37568e-06
-2.5566e-09
-6.46851e-09
2.72293e-06
-8.85248e-09
2.91601e-06
-2.80755e-09
-1.65594e-09
2.19784e-06
-2.42937e-09
-3.83945e-09
2.49888e-06
-5.3818e-09
2.66608e-06
-2.52836e-09
-6.31995e-10
1.97485e-06
-2.15995e-09
-1.6622e-09
2.23209e-06
-2.39247e-09
2.37567e-06
-2.03954e-09
1.59702e-06
-1.6972e-09
1.80398e-06
1.92015e-06
-7.80441e-10
-4.6442e-09
2.26712e-06
-7.35882e-10
-6.60951e-09
2.85095e-06
-6.20054e-09
3.15521e-06
-1.0482e-09
-6.65303e-09
2.53872e-06
-1.12005e-09
-1.05574e-08
3.08982e-06
-1.088e-08
3.37901e-06
-1.46808e-09
-6.40488e-09
2.67567e-06
-1.54556e-09
-1.33909e-08
3.21034e-06
-1.55816e-08
3.4914e-06
-2.3653e-09
-4.14617e-09
2.68683e-06
-2.12279e-09
-1.20358e-08
3.19503e-06
-1.61091e-08
3.47397e-06
-2.94329e-09
-2.11106e-09
2.626e-06
-2.6559e-09
-8.8225e-09
3.07576e-06
-1.27279e-08
3.32918e-06
-3.13769e-09
-7.43776e-10
2.52022e-06
-2.78119e-09
-5.99398e-09
2.91312e-06
-9.27572e-09
3.13262e-06
-3.13031e-09
-1.99501e-11
2.37809e-06
-2.78989e-09
-3.74461e-09
2.72034e-06
-6.2813e-09
2.91022e-06
-2.94806e-09
2.53858e-10
2.20051e-06
-2.61012e-09
-2.07653e-09
2.49688e-06
-3.78875e-09
2.66098e-06
-2.63805e-09
3.02614e-10
1.97744e-06
-2.30252e-09
-8.24062e-10
2.2305e-06
-1.68337e-09
2.37126e-06
-2.12777e-09
1.59945e-06
-1.80521e-09
1.80283e-06
1.91666e-06
-8.7572e-10
-2.67927e-09
2.26923e-06
-8.00505e-10
-4.68598e-09
2.85324e-06
-4.4383e-09
3.15696e-06
-1.25157e-09
-3.52303e-09
2.54082e-06
-1.26066e-09
-7.65346e-09
3.0928e-06
-8.18835e-09
3.3815e-06
-1.77124e-09
-2.08551e-09
2.67601e-06
-1.7758e-09
-9.28826e-09
3.21198e-06
-1.17437e-08
3.49318e-06
-2.72047e-09
5.32105e-10
2.68694e-06
-2.48211e-09
-7.21536e-09
3.19272e-06
-1.13307e-08
3.47108e-06
-3.18216e-09
2.26386e-09
2.62745e-06
-2.95037e-09
-4.31461e-09
3.07262e-06
-8.21316e-09
3.32311e-06
-3.30377e-09
2.97329e-09
2.52282e-06
-3.01265e-09
-2.19746e-09
2.91071e-06
-5.53808e-09
3.12694e-06
-3.21685e-09
2.82108e-09
2.38146e-06
-2.94646e-09
-8.54257e-10
2.71872e-06
-3.49355e-09
2.90523e-06
-2.98848e-09
2.1272e-09
2.2042e-06
-2.71657e-09
-1.70394e-10
2.49592e-06
-1.99796e-09
2.65677e-06
-2.65603e-09
1.20503e-09
1.98102e-06
-2.37787e-09
1.10639e-10
2.22994e-06
-8.37031e-10
2.36772e-06
-2.13937e-09
1.6028e-06
-1.86037e-09
1.80266e-06
1.91397e-06
-9.35496e-10
-1.05234e-09
2.27066e-06
-8.33624e-10
-3.08281e-09
2.85481e-06
-3.0009e-09
3.158e-06
-1.41337e-09
-7.72109e-10
2.54197e-06
-1.36661e-09
-5.09886e-09
3.09477e-06
-5.85761e-09
3.38299e-06
-2.02872e-09
1.79013e-09
2.67548e-06
-1.96845e-09
-5.48193e-09
3.2123e-06
-8.20485e-09
3.49356e-06
-2.99805e-09
4.735e-09
2.687e-06
-2.78536e-09
-2.5982e-09
3.18962e-06
-6.76219e-09
3.46685e-06
-3.32374e-09
6.22707e-09
2.62929e-06
-3.1697e-09
9.44913e-11
3.06978e-06
-3.75427e-09
3.31693e-06
-3.36285e-09
6.37656e-09
2.52604e-06
-3.16298e-09
1.5566e-09
2.90905e-06
-1.72434e-09
3.12174e-06
-3.19835e-09
5.45093e-09
2.38559e-06
-3.01819e-09
2.02268e-09
2.71808e-06
-5.80205e-10
2.90107e-06
-2.93024e-09
3.87018e-09
2.20871e-06
-2.74198e-09
1.73038e-09
2.49602e-06
-7.95695e-11
2.65352e-06
-2.5845e-09
2.03552e-09
1.98544e-06
-2.38029e-09
1.03434e-09
2.23043e-06
1.06331e-10
2.36515e-06
-2.07499e-09
1.60691e-06
-1.85485e-09
1.80348e-06
1.91222e-06
-9.6807e-10
2.30676e-10
2.27151e-06
-8.42896e-10
-1.81416e-09
2.85573e-06
-1.89796e-09
3.15846e-06
-1.53925e-09
1.5417e-09
2.54221e-06
-1.44455e-09
-2.92742e-09
3.09579e-06
-3.92186e-09
3.38357e-06
-2.24399e-09
5.06863e-09
2.67421e-06
-2.12755e-09
-2.02738e-09
3.21128e-06
-5.03009e-09
3.49254e-06
-3.18474e-09
8.31329e-09
2.68695e-06
-3.02922e-09
1.64677e-09
3.18579e-06
-2.48246e-09
3.46127e-06
-3.36634e-09
9.65149e-09
2.63132e-06
-3.30461e-09
4.16436e-09
3.0672e-06
4.90204e-10
3.31066e-06
-3.32331e-09
9.35439e-09
2.52967e-06
-3.22666e-09
5.04698e-09
2.90807e-06
1.94704e-09
3.11706e-06
-3.09108e-09
7.77591e-09
2.39026e-06
-3.00715e-09
4.71327e-09
2.71833e-06
2.25136e-09
2.89776e-06
-2.79282e-09
5.41973e-09
2.21387e-06
-2.69271e-09
3.51282e-09
2.49712e-06
1.80154e-09
2.65128e-06
-2.44316e-09
2.77089e-09
1.99054e-06
-2.31694e-09
1.88829e-09
2.23193e-06
1.03153e-09
2.36361e-06
-1.95293e-09
1.61164e-06
-1.79663e-09
1.80521e-06
1.91145e-06
-9.78787e-10
1.17974e-09
2.27184e-06
-8.34804e-10
-8.63862e-10
2.85614e-06
-1.10794e-09
3.15846e-06
-1.63147e-09
3.38383e-09
2.54165e-06
-1.49733e-09
-1.13527e-09
3.09592e-06
-2.36882e-09
3.38334e-06
-2.40984e-09
7.70561e-09
2.67231e-06
-2.25586e-09
1.00986e-09
3.20898e-06
-2.2272e-09
3.49014e-06
-3.27519e-09
1.12099e-08
2.68672e-06
-3.20209e-09
5.3272e-09
3.1814e-06
1.38288e-09
3.45446e-06
-3.32711e-09
1.24569e-08
2.63341e-06
-3.35151e-09
7.7217e-09
3.06483e-06
4.30684e-09
3.30438e-06
-3.20471e-09
1.18179e-08
2.53351e-06
-3.20855e-09
8.14898e-09
2.90764e-06
5.26564e-09
3.11289e-06
-2.91765e-09
9.71823e-09
2.39528e-06
-2.92577e-09
7.12883e-09
2.71936e-06
4.83509e-09
2.89526e-06
-2.59797e-09
6.72168e-09
2.21946e-06
-2.58417e-09
5.1198e-09
2.49912e-06
3.53261e-09
2.65e-06
-2.2526e-09
3.38674e-09
1.99613e-06
-2.20434e-09
2.65324e-09
2.23435e-06
1.87682e-09
2.36306e-06
-1.79097e-09
1.61682e-06
-1.70185e-09
1.80777e-06
1.91163e-06
-9.71666e-10
1.82674e-09
2.27176e-06
-8.13348e-10
-1.96859e-10
2.85612e-06
-5.8605e-10
3.15811e-06
-1.69069e-09
4.77753e-09
2.5404e-06
-1.5267e-09
2.97019e-10
3.09527e-06
-1.1542e-09
3.38238e-06
-2.52376e-09
9.71669e-09
2.6699e-06
-2.35258e-09
3.55237e-09
3.20556e-06
2.07807e-10
3.48643e-06
-3.28042e-09
1.3418e-08
2.68631e-06
-3.29024e-09
8.36813e-09
3.1766e-06
4.69328e-09
3.44668e-06
-3.22076e-09
1.46094e-08
2.63544e-06
-3.32146e-09
1.07016e-08
3.0626e-06
7.58355e-09
3.29817e-06
-3.02657e-09
1.37192e-08
2.53743e-06
-3.11982e-09
1.07806e-08
2.90766e-06
8.15436e-09
3.1092e-06
-2.69534e-09
1.12269e-08
2.40047e-06
-2.78617e-09
9.1986e-09
2.72103e-06
7.10617e-09
2.89353e-06
-2.36377e-09
7.74251e-09
2.22531e-06
-2.42783e-09
6.49546e-09
2.50189e-06
5.06635e-09
2.64961e-06
-2.02986e-09
3.86616e-09
2.00204e-06
-2.0527e-09
3.30809e-09
2.23756e-06
2.62308e-09
2.36345e-06
-1.60345e-09
1.62229e-06
-1.57857e-09
1.81106e-06
1.91267e-06
-9.50541e-10
2.22232e-09
2.27134e-06
-7.82784e-10
2.31052e-10
2.85577e-06
-2.77937e-10
3.15751e-06
-1.72017e-09
5.77404e-09
2.53858e-06
-1.53429e-09
1.3977e-09
3.09391e-06
-2.20269e-10
3.38079e-06
-2.58789e-09
1.11549e-08
2.66712e-06
-2.41473e-09
5.59517e-09
3.20119e-06
2.26158e-09
3.48153e-06
-3.21589e-09
1.49784e-08
2.68571e-06
-3.29763e-09
1.07739e-08
3.1715e-06
7.42241e-09
3.43823e-06
-3.06255e-09
1.61269e-08
2.63736e-06
-3.22563e-09
1.30746e-08
3.06046e-06
1.03041e-08
3.29206e-06
-2.80573e-09
1.50578e-08
2.54131e-06
-2.97061e-09
1.28909e-08
2.90801e-06
1.05741e-08
3.10596e-06
-2.4426e-09
1.2292e-08
2.40569e-06
-2.59889e-09
1.08693e-08
2.72321e-06
9.01689e-09
2.89248e-06
-2.1062e-09
8.46891e-09
2.23125e-06
-2.23328e-09
7.60322e-09
2.50528e-06
6.36119e-09
2.65003e-06
-1.78914e-09
4.20357e-09
2.00809e-06
-1.87071e-09
3.83513e-09
2.24141e-06
3.24896e-09
2.36469e-06
-1.40221e-09
1.62789e-06
-1.43269e-09
1.81492e-06
1.91449e-06
-9.20709e-10
2.42654e-09
2.27065e-06
-7.47278e-10
4.69865e-10
2.85519e-06
-1.27262e-10
3.15674e-06
-1.72615e-09
6.44315e-09
2.5363e-06
-1.52324e-09
2.21533e-09
3.09197e-06
4.89718e-10
3.37865e-06
-2.60693e-09
1.21023e-08
2.66408e-06
-2.44307e-09
7.17991e-09
3.19606e-06
3.94978e-09
3.47563e-06
-3.09624e-09
1.5969e-08
2.68495e-06
-3.23591e-09
1.25835e-08
3.16624e-06
9.60118e-09
3.42934e-06
-2.86717e-09
1.70725e-08
2.63913e-06
-3.07649e-09
1.48523e-08
3.0584e-06
1.24676e-08
3.28612e-06
-2.55543e-09
1.58776e-08
2.54507e-06
-2.77431e-09
1.44752e-08
2.9086e-06
1.24963e-08
3.10316e-06
-2.17424e-09
1.29434e-08
2.4108e-06
-2.37799e-09
1.21125e-08
2.72577e-06
1.05407e-08
2.89206e-06
-1.84032e-09
8.90678e-09
2.23713e-06
-2.01253e-09
8.42838e-09
2.50914e-06
7.39319e-09
2.65117e-06
-1.54359e-09
4.40141e-09
2.01415e-06
-1.66921e-09
4.2231e-09
2.24574e-06
3.74361e-09
2.36667e-06
-1.19852e-09
1.6335e-06
-1.27246e-09
1.81922e-06
1.91696e-06
-8.86862e-10
2.49922e-09
2.26974e-06
-7.10466e-10
5.74148e-10
2.85443e-06
-8.09405e-11
3.15584e-06
-1.7142e-09
6.85809e-09
2.53367e-06
-1.49831e-09
2.81366e-09
3.08951e-06
1.03157e-09
3.37603e-06
-2.58656e-09
1.26509e-08
2.66088e-06
-2.44004e-09
8.36558e-09
3.19036e-06
5.31982e-09
3.4689e-06
-2.93465e-09
1.64848e-08
2.68406e-06
-3.11646e-09
1.38606e-08
3.16092e-06
1.1276e-08
3.42027e-06
-2.64624e-09
1.75311e-08
2.64074e-06
-2.88562e-09
1.6079e-08
3.05642e-06
1.40973e-08
3.28041e-06
-2.29219e-09
1.62524e-08
2.54864e-06
-2.54354e-09
1.55565e-08
2.90937e-06
1.39216e-08
3.10079e-06
-1.90293e-09
1.32311e-08
2.41572e-06
-2.13583e-09
1.29394e-08
2.72862e-06
1.16699e-08
2.89218e-06
-1.5775e-09
9.08475e-09
2.24285e-06
-1.77688e-09
8.97509e-09
2.5133e-06
8.15329e-09
2.65291e-06
-1.30366e-09
4.47087e-09
2.02006e-06
-1.4578e-09
4.47311e-09
2.2504e-06
4.10276e-09
2.36926e-06
-1.00149e-09
1.63897e-06
-1.10543e-09
1.82379e-06
1.91996e-06
-8.5018e-10
2.49228e-09
2.26866e-06
-6.74495e-10
5.97085e-10
2.85353e-06
-9.18841e-11
3.15486e-06
-1.68899e-09
7.08631e-09
2.53077e-06
-1.46274e-09
3.25463e-09
3.08663e-06
1.46276e-09
3.37302e-06
-2.53064e-09
1.28881e-08
2.65762e-06
-2.40779e-09
9.21961e-09
3.18427e-06
6.42025e-09
3.46153e-06
-2.74266e-09
1.6621e-08
2.68307e-06
-2.95135e-09
1.4686e-08
3.15566e-06
1.25052e-08
3.41123e-06
-2.41091e-09
1.75948e-08
2.64218e-06
-2.66382e-09
1.68226e-08
3.05454e-06
1.52371e-08
3.27502e-06
-2.02606e-09
1.62633e-08
2.55201e-06
-2.29069e-09
1.61781e-08
2.91028e-06
1.48861e-08
3.09885e-06
-1.63711e-09
1.32112e-08
2.42042e-06
-1.88171e-09
1.33927e-08
2.73165e-06
1.24198e-08
2.89276e-06
-1.32437e-09
9.04428e-09
2.24835e-06
-1.53519e-09
9.26507e-09
2.51764e-06
8.64761e-09
2.65515e-06
-1.07533e-09
4.43115e-09
2.02575e-06
-1.24375e-09
4.59549e-09
2.25524e-06
4.32864e-09
2.37234e-06
-8.16037e-10
1.64422e-06
-9.37184e-10
1.82851e-06
1.92335e-06
-8.15512e-10
2.45105e-09
2.26744e-06
-6.40171e-10
5.81563e-10
2.85254e-06
-1.19585e-10
3.15382e-06
-1.65237e-09
7.1871e-09
2.5277e-06
-1.42185e-09
3.59372e-09
3.08338e-06
1.83033e-09
3.36965e-06
-2.44231e-09
1.28935e-08
2.65436e-06
-2.34747e-09
9.80958e-09
3.17796e-06
7.29574e-09
3.45372e-06
-2.52959e-09
1.64678e-08
2.68203e-06
-2.75185e-09
1.51454e-08
3.15055e-06
1.3352e-08
3.40242e-06
-2.16719e-09
1.73509e-08
2.64347e-06
-2.42192e-09
1.71699e-08
3.05277e-06
1.5942e-08
3.27e-06
-1.76181e-09
1.59889e-08
2.55513e-06
-2.02783e-09
1.64086e-08
2.91131e-06
1.54407e-08
3.09732e-06
-1.38103e-09
1.29486e-08
2.42484e-06
-1.62417e-09
1.35245e-08
2.73478e-06
1.28258e-08
2.89375e-06
-1.08433e-09
8.83329e-09
2.25355e-06
-1.29478e-09
9.32931e-09
2.52204e-06
8.89823e-09
2.65778e-06
-8.61224e-10
4.3063e-09
2.03114e-06
-1.03285e-09
4.60481e-09
2.26013e-06
4.43172e-09
2.37577e-06
-6.43684e-10
1.64917e-06
-7.72124e-10
1.83324e-06
1.92701e-06
-7.8312e-10
2.40835e-09
2.2661e-06
-6.08206e-10
5.63374e-10
2.85145e-06
-1.33882e-10
3.15272e-06
-1.60644e-09
7.20831e-09
2.52451e-06
-1.37586e-09
3.87233e-09
3.07984e-06
2.17193e-09
3.36596e-06
-2.32618e-09
1.27369e-08
2.65117e-06
-2.26057e-09
1.01928e-08
3.17158e-06
7.98719e-09
3.44564e-06
-2.30429e-09
1.61084e-08
2.68097e-06
-2.52833e-09
1.53149e-08
3.14565e-06
1.3882e-08
3.394e-06
-1.9214e-09
1.68842e-08
2.64462e-06
-2.16799e-09
1.72006e-08
3.05113e-06
1.6278e-08
3.26544e-06
-1.50519e-09
1.55035e-08
2.55802e-06
-1.76271e-09
1.63277e-08
2.91244e-06
1.56429e-08
3.0962e-06
-1.13819e-09
1.25071e-08
2.42898e-06
-1.37022e-09
1.33963e-08
2.73794e-06
1.29337e-08
2.89509e-06
-8.60081e-10
8.49671e-09
2.25842e-06
-1.06126e-09
9.20785e-09
2.52643e-06
8.938e-09
2.66071e-06
-6.63171e-10
4.11936e-09
2.03618e-06
-8.29397e-10
4.52069e-09
2.26499e-06
4.42839e-09
2.37945e-06
-4.85465e-10
1.65377e-06
-6.13319e-10
1.83789e-06
1.93082e-06
-7.52419e-10
2.3865e-09
2.26465e-06
-5.78638e-10
5.68368e-10
2.85028e-06
-1.14161e-10
3.15156e-06
-1.55289e-09
7.18652e-09
2.52127e-06
-1.3258e-09
4.1211e-09
3.07606e-06
2.51105e-09
3.36201e-06
-2.18747e-09
1.24758e-08
2.64807e-06
-2.14983e-09
1.04194e-08
3.16524e-06
8.5262e-09
3.43748e-06
-2.07422e-09
1.56146e-08
2.67991e-06
-2.29054e-09
1.52629e-08
3.14103e-06
1.41543e-08
3.38608e-06
-1.67962e-09
1.62711e-08
2.64564e-06
-1.90995e-09
1.6982e-08
3.04964e-06
1.63172e-08
3.26137e-06
-1.26154e-09
1.48718e-08
2.56068e-06
-1.50174e-09
1.60094e-08
2.91365e-06
1.55587e-08
3.09545e-06
-9.11567e-10
1.19419e-08
2.43282e-06
-1.12529e-09
1.30695e-08
2.7411e-06
1.27982e-08
2.89673e-06
-6.53645e-10
8.07392e-09
2.26294e-06
-8.38797e-10
8.94336e-09
2.53074e-06
8.80623e-09
2.66387e-06
-4.82336e-10
3.89058e-09
2.04085e-06
-6.36483e-10
4.36493e-09
2.26972e-06
4.33858e-09
2.38328e-06
-3.42025e-10
1.65801e-06
-4.62858e-10
1.84238e-06
1.9347e-06
-7.22987e-10
2.3984e-09
2.26311e-06
-5.515e-10
6.13339e-10
2.84902e-06
-4.86024e-11
3.15033e-06
-1.4918e-09
7.14615e-09
2.51803e-06
-1.27228e-09
4.36133e-09
3.0721e-06
2.85938e-09
3.35783e-06
-2.0308e-09
1.21525e-08
2.6451e-06
-2.01909e-09
1.05335e-08
3.15906e-06
8.93721e-09
3.42938e-06
-1.84457e-09
1.50402e-08
2.67887e-06
-2.04714e-09
1.50534e-08
3.13671e-06
1.422e-08
3.37875e-06
-1.44494e-09
1.55699e-08
2.64656e-06
-1.65619e-09
1.6577e-08
3.04833e-06
1.61295e-08
3.2578e-06
-1.03336e-09
1.41516e-08
2.56314e-06
-1.25067e-09
1.55153e-08
2.91493e-06
1.52559e-08
3.09508e-06
-7.02501e-10
1.13031e-08
2.43637e-06
-8.93583e-10
1.25957e-08
2.74421e-06
1.24771e-08
2.89861e-06
-4.65534e-10
7.60102e-09
2.26711e-06
-6.30296e-10
8.57459e-09
2.53493e-06
8.54308e-09
2.66717e-06
-3.18555e-10
3.63862e-09
2.04513e-06
-4.5621e-10
4.15771e-09
2.27427e-06
4.18288e-09
2.38719e-06
-2.1271e-10
1.66186e-06
-3.22062e-10
1.84665e-06
1.93856e-06
-6.94011e-10
2.44858e-09
2.26148e-06
-5.26101e-10
7.06177e-10
2.84766e-06
6.80526e-11
3.14902e-06
-1.42311e-09
7.10163e-09
2.5148e-06
-1.21539e-09
4.60384e-09
3.06799e-06
3.22115e-09
3.35346e-06
-1.86085e-09
1.17965e-08
2.64227e-06
-1.87214e-09
1.05683e-08
3.1531e-06
9.24229e-09
3.42149e-06
-1.61939e-09
1.44244e-08
2.67787e-06
-1.8047e-09
1.47382e-08
3.13272e-06
1.41262e-08
3.37206e-06
-1.22006e-09
1.48251e-08
2.64738e-06
-1.41171e-09
1.60441e-08
3.04721e-06
1.57738e-08
3.25474e-06
-8.21768e-10
1.33903e-08
2.56539e-06
-1.01366e-09
1.48998e-08
2.91627e-06
1.47935e-08
3.09504e-06
-5.11479e-10
1.06319e-08
2.43964e-06
-6.77954e-10
1.20218e-08
2.74725e-06
1.20219e-08
2.90071e-06
-2.95565e-10
7.108e-09
2.27093e-06
-4.37704e-10
8.13633e-09
2.53896e-06
8.18548e-09
2.67057e-06
-1.7113e-10
3.37907e-09
2.04903e-06
-2.89844e-10
3.91726e-09
2.27861e-06
3.98049e-09
2.3911e-06
-9.63283e-11
1.66533e-06
-1.91567e-10
1.85066e-06
1.94235e-06
-6.64925e-10
2.53596e-09
2.25977e-06
-5.01503e-10
8.47416e-10
2.84619e-06
2.3527e-10
3.14761e-06
-1.34718e-09
7.06054e-09
2.51163e-06
-1.15451e-09
4.85043e-09
3.0638e-06
3.59484e-09
3.34895e-06
-1.68301e-09
1.14285e-08
2.63959e-06
-1.71265e-09
1.05455e-08
3.14744e-06
9.46144e-09
3.41391e-06
-1.4025e-09
1.37955e-08
2.67691e-06
-1.56809e-09
1.43554e-08
3.12908e-06
1.39143e-08
3.36604e-06
-1.00807e-09
1.40706e-08
2.64812e-06
-1.17969e-09
1.54312e-08
3.04631e-06
1.52984e-08
3.25218e-06
-6.28026e-10
1.26227e-08
2.56747e-06
-7.93553e-10
1.42106e-08
2.91766e-06
1.42209e-08
3.09533e-06
-3.39102e-10
9.95874e-09
2.44264e-06
-4.80297e-10
1.13891e-08
2.75022e-06
1.14766e-08
2.90297e-06
-1.43704e-10
6.61715e-09
2.27441e-06
-2.62324e-10
7.65902e-09
2.54281e-06
7.7656e-09
2.67402e-06
-3.96087e-11
3.1235e-09
2.05256e-06
-1.38178e-10
3.65949e-09
2.28271e-06
3.74819e-09
2.39498e-06
7.99891e-12
1.66845e-06
-7.16266e-11
1.8544e-06
1.94602e-06
-6.35773e-10
2.65639e-09
2.25798e-06
-4.77387e-10
1.0325e-09
2.84461e-06
4.47536e-10
3.1461e-06
-1.26529e-09
7.02687e-09
2.50853e-06
-1.08978e-09
5.09767e-09
3.05956e-06
3.97273e-09
3.34433e-06
-1.50353e-09
1.10641e-08
2.63706e-06
-1.54547e-09
1.04788e-08
3.1421e-06
9.60886e-09
3.40673e-06
-1.19802e-09
1.31756e-08
2.676e-06
-1.3422e-09
1.39297e-08
3.12577e-06
1.36187e-08
3.36069e-06
-8.12515e-10
1.33298e-08
2.64877e-06
-9.63353e-10
1.47751e-08
3.04561e-06
1.47446e-08
3.25009e-06
-4.53693e-10
1.18719e-08
2.56938e-06
-5.92938e-10
1.3486e-08
2.91908e-06
1.35802e-08
3.0959e-06
-1.8629e-10
9.30416e-09
2.4454e-06
-3.0232e-10
1.07313e-08
2.75309e-06
1.08781e-08
2.90537e-06
-1.0282e-11
6.14335e-09
2.27758e-06
-1.05394e-10
7.16767e-09
2.54647e-06
7.31056e-09
2.67748e-06
7.5941e-11
2.87941e-09
2.05575e-06
-2.10495e-12
3.39765e-09
2.28656e-06
3.50016e-09
2.39879e-06
1.00402e-10
1.67122e-06
3.72228e-11
1.85786e-06
1.94956e-06
-6.06934e-10
2.80386e-09
2.25612e-06
-4.54095e-10
1.25398e-09
2.84291e-06
6.9541e-10
3.14447e-06
-1.17933e-09
7.00192e-09
2.50552e-06
-1.02253e-09
5.34032e-09
3.05531e-06
4.34252e-09
3.33967e-06
-1.32818e-09
1.07142e-08
2.63468e-06
-1.37697e-09
1.03793e-08
3.13711e-06
9.69188e-09
3.4e-06
-1.00945e-09
1.2581e-08
2.67514e-06
-1.13166e-09
1.34749e-08
3.1228e-06
1.3268e-08
3.35598e-06
-6.36563e-10
1.26161e-08
2.64938e-06
-7.6578e-10
1.41028e-08
3.04511e-06
1.4147e-08
3.24844e-06
-3.00182e-10
1.1152e-08
2.57115e-06
-4.14034e-10
1.27549e-08
2.92055e-06
1.29058e-08
3.09672e-06
-5.3731e-11
8.68068e-09
2.44792e-06
-1.45482e-10
1.00741e-08
2.75586e-06
1.02568e-08
2.90787e-06
1.04459e-10
5.69554e-09
2.28046e-06
3.19944e-11
6.68153e-09
2.54993e-06
6.8426e-09
2.68093e-06
1.75373e-10
2.65103e-09
2.05862e-06
1.17422e-10
3.14178e-09
2.29015e-06
3.24821e-09
2.4025e-06
1.80649e-10
1.67369e-06
1.34096e-10
1.86105e-06
1.95294e-06
-5.78486e-10
2.97028e-09
2.2542e-06
-4.31792e-10
1.50281e-09
2.8411e-06
9.6871e-10
3.14273e-06
-1.0909e-09
6.98328e-09
2.5026e-06
-9.53748e-10
5.57228e-09
3.05111e-06
4.69309e-09
3.33499e-06
-1.16079e-09
1.03827e-08
2.63244e-06
-1.21251e-09
1.02556e-08
3.13248e-06
9.71757e-09
3.39376e-06
-8.38474e-10
1.20191e-08
2.67434e-06
-9.4098e-10
1.30044e-08
3.12015e-06
1.28824e-08
3.35187e-06
-4.81192e-10
1.19393e-08
2.64994e-06
-5.8896e-10
1.34331e-08
3.04479e-06
1.35304e-08
3.24721e-06
-1.67577e-10
1.04731e-08
2.57278e-06
-2.57821e-10
1.20371e-08
2.92203e-06
1.22232e-08
3.09777e-06
5.89356e-11
8.09691e-09
2.45024e-06
-1.0328e-11
9.43541e-09
2.75853e-06
9.63487e-09
2.91045e-06
2.01061e-10
5.27958e-09
2.28308e-06
1.49497e-10
6.21355e-09
2.5532e-06
6.37857e-09
2.68433e-06
2.59156e-10
2.44112e-09
2.06119e-06
2.20004e-10
2.89834e-09
2.29351e-06
3.00127e-09
2.4061e-06
2.48979e-10
1.67588e-06
2.1842e-10
1.86398e-06
1.95616e-06
-5.50348e-10
3.14666e-09
2.25223e-06
-4.10269e-10
1.76905e-09
2.83917e-06
1.25792e-09
3.14086e-06
-1.00126e-09
6.96621e-09
2.49978e-06
-8.84159e-10
5.78738e-09
3.04697e-06
5.01615e-09
3.33034e-06
-1.00413e-09
1.00686e-08
2.63035e-06
-1.05556e-09
1.01131e-08
3.1282e-06
9.6942e-09
3.38803e-06
-6.85425e-10
1.14913e-08
2.67361e-06
-7.70851e-10
1.25312e-08
3.11782e-06
1.24753e-08
3.34832e-06
-3.45878e-10
1.13055e-08
2.65047e-06
-4.3367e-10
1.27787e-08
3.04463e-06
1.29115e-08
3.24634e-06
-5.48654e-11
9.8415e-09
2.5743e-06
-1.24087e-10
1.13459e-08
2.92353e-06
1.15496e-08
3.09901e-06
1.52859e-10
7.55793e-09
2.45236e-06
1.0354e-10
8.82661e-09
2.7611e-06
9.02803e-09
2.91308e-06
2.80645e-10
4.89882e-09
2.28545e-06
2.47583e-10
5.77175e-09
2.55629e-06
5.93012e-09
2.68768e-06
3.28225e-10
2.25112e-09
2.06351e-06
3.05912e-10
2.6712e-09
2.29663e-06
2.76529e-09
2.40957e-06
3.06037e-10
1.67783e-06
2.90158e-10
1.86666e-06
1.95922e-06
-5.22677e-10
3.32468e-09
2.25021e-06
-3.89373e-10
2.04284e-09
2.83713e-06
1.55396e-09
3.13889e-06
-9.11926e-10
6.94608e-09
2.49708e-06
-8.14328e-10
5.97968e-09
3.04294e-06
5.30571e-09
3.32578e-06
-8.60246e-10
9.76981e-09
2.62839e-06
-9.08759e-10
9.955e-09
3.12428e-06
9.6293e-09
3.3828e-06
-5.50213e-10
1.09967e-08
2.67293e-06
-6.20841e-10
1.20639e-08
3.11578e-06
1.20562e-08
3.34528e-06
-2.29815e-10
1.07162e-08
2.65098e-06
-2.99652e-10
1.21485e-08
3.04462e-06
1.23017e-08
3.24579e-06
3.91723e-11
9.25886e-09
2.57571e-06
-1.18686e-11
1.06897e-08
2.92504e-06
1.08967e-08
3.10041e-06
2.29372e-10
7.0649e-09
2.45433e-06
1.97152e-10
8.25463e-09
2.76357e-06
8.44684e-09
2.91572e-06
3.44472e-10
4.55378e-09
2.28762e-06
3.2724e-10
5.36076e-09
2.5592e-06
5.50482e-09
2.69095e-06
3.83606e-10
2.08102e-09
2.0656e-06
3.75846e-10
2.46239e-09
2.29954e-06
2.54399e-09
2.41291e-06
3.52502e-10
1.67955e-06
3.49607e-10
1.86913e-06
1.96211e-06
-4.95633e-10
3.49722e-09
2.24816e-06
-3.69424e-10
2.31549e-09
2.835e-06
1.8481e-09
3.13681e-06
-8.24571e-10
6.91914e-09
2.49448e-06
-7.44472e-10
6.14431e-09
3.03903e-06
5.55778e-09
3.32132e-06
-7.30417e-10
9.48401e-09
2.62655e-06
-7.74148e-10
9.7833e-09
3.12068e-06
9.52928e-09
3.37805e-06
-4.32418e-10
1.05333e-08
2.67231e-06
-4.90291e-10
1.16075e-08
3.11402e-06
1.16329e-08
3.34268e-06
-1.31981e-10
1.01701e-08
2.65147e-06
-1.86108e-10
1.15477e-08
3.04473e-06
1.17092e-08
3.24553e-06
1.15902e-10
8.72385e-09
2.57704e-06
8.01959e-11
1.00732e-08
2.92655e-06
1.02728e-08
3.10192e-06
2.89912e-10
6.61638e-09
2.45614e-06
2.71934e-10
7.72284e-09
2.76593e-06
7.89804e-09
2.91837e-06
3.93871e-10
4.24309e-09
2.28959e-06
3.89771e-10
4.98248e-09
2.56195e-06
5.10727e-09
2.69413e-06
4.26364e-10
1.92987e-09
2.06748e-06
4.30779e-10
2.27241e-09
2.30224e-06
2.33949e-09
2.4161e-06
3.89041e-10
1.68109e-06
3.97268e-10
1.87139e-06
1.96485e-06
-4.70311e-10
3.65935e-09
2.2461e-06
-3.50392e-10
2.57865e-09
2.83279e-06
2.13306e-09
3.13463e-06
-7.40332e-10
6.88286e-09
2.492e-06
-6.75706e-10
6.27823e-09
3.03526e-06
5.76985e-09
3.31701e-06
-6.15264e-10
9.20898e-09
2.62484e-06
-6.5323e-10
9.59917e-09
3.1174e-06
9.39977e-09
3.37377e-06
-3.31291e-10
1.00985e-08
2.67175e-06
-3.78281e-10
1.11643e-08
3.1125e-06
1.12109e-08
3.34049e-06
-5.1072e-11
9.66426e-09
2.65196e-06
-9.18339e-11
1.09788e-08
3.04496e-06
1.11396e-08
3.24551e-06
1.76893e-10
8.2334e-09
2.57829e-06
1.53759e-10
9.49775e-09
2.92806e-06
9.6829e-09
3.10353e-06
3.36084e-10
6.2093e-09
2.45783e-06
3.29567e-10
7.23198e-09
2.76821e-06
7.38542e-09
2.921e-06
4.3031e-10
3.96405e-09
2.29141e-06
4.36699e-10
4.63693e-09
2.56454e-06
4.73986e-09
2.69721e-06
4.5769e-10
1.79591e-09
2.06919e-06
4.7188e-10
2.10093e-09
2.30477e-06
2.1527e-09
2.41916e-06
4.16445e-10
1.68247e-06
4.33788e-10
1.87348e-06
1.96744e-06
-4.4529e-10
3.80598e-09
2.24404e-06
-3.32691e-10
2.82734e-09
2.83052e-06
2.4025e-09
3.13237e-06
-6.61044e-10
6.8351e-09
2.48963e-06
-6.09708e-10
6.38114e-09
3.03166e-06
5.94024e-09
3.31286e-06
-5.14819e-10
8.94236e-09
2.62325e-06
-5.46861e-10
9.4038e-09
3.11441e-06
9.24583e-09
3.36992e-06
-2.45908e-10
9.68927e-09
2.67125e-06
-2.83681e-10
1.07355e-08
3.1112e-06
1.07948e-08
3.33866e-06
1.43957e-11
9.19505e-09
2.65243e-06
-1.52847e-11
1.04424e-08
3.04528e-06
1.05963e-08
3.24569e-06
2.23822e-10
7.78344e-09
2.57948e-06
2.1071e-10
8.96332e-09
2.92955e-06
9.12941e-09
3.10521e-06
3.69568e-10
5.83965e-09
2.4594e-06
3.71928e-10
6.78122e-09
2.77039e-06
6.91049e-09
2.92359e-06
4.55326e-10
3.71326e-09
2.29308e-06
4.69717e-10
4.32299e-09
2.56698e-06
4.40323e-09
2.70019e-06
4.78845e-10
1.67693e-09
2.07075e-06
5.00497e-10
1.94711e-09
2.30712e-06
1.98362e-09
2.42208e-06
4.35554e-10
1.68371e-06
4.5998e-10
1.8754e-06
1.96988e-06
-4.21411e-10
3.93503e-09
2.24198e-06
-3.16513e-10
3.05635e-09
2.82819e-06
2.65167e-09
3.13005e-06
-5.87477e-10
6.77551e-09
2.48738e-06
-5.47599e-10
6.45293e-09
3.02822e-06
6.06928e-09
3.3089e-06
-4.28443e-10
8.6829e-09
2.62177e-06
-4.55105e-10
9.19764e-09
3.11169e-06
9.07216e-09
3.36646e-06
-1.75054e-10
9.30283e-09
2.67081e-06
-2.05253e-10
1.03214e-08
3.11011e-06
1.03875e-08
3.33714e-06
6.61013e-11
8.75876e-09
2.65291e-06
4.5315e-11
9.93784e-09
3.04569e-06
1.00809e-08
3.24604e-06
2.58475e-10
7.36987e-09
2.58061e-06
2.53067e-10
8.46823e-09
2.93103e-06
8.61305e-09
3.10693e-06
3.9209e-10
5.50341e-09
2.46087e-06
4.01009e-10
6.36844e-09
2.77248e-06
6.47304e-09
2.92613e-06
4.70474e-10
3.48741e-09
2.29462e-06
4.90636e-10
4.03861e-09
2.56929e-06
4.0967e-09
2.70305e-06
4.91108e-10
1.57098e-09
2.07217e-06
5.18115e-10
1.80952e-09
2.30932e-06
1.83158e-09
2.42487e-06
4.4723e-10
1.68483e-06
4.76828e-10
1.87718e-06
1.97219e-06
-3.9876e-10
4.04503e-09
2.23994e-06
-3.01648e-10
3.26197e-09
2.82583e-06
2.8777e-09
3.12768e-06
-5.2035e-10
6.70424e-09
2.48524e-06
-4.89985e-10
6.49399e-09
3.02496e-06
6.15927e-09
3.30513e-06
-3.55214e-10
8.42985e-09
2.6204e-06
-3.7702e-10
8.98173e-09
3.10922e-06
8.8824e-09
3.36336e-06
-1.17354e-10
8.9365e-09
2.67042e-06
-1.41232e-10
9.9226e-09
3.10919e-06
9.99092e-09
3.33589e-06
1.05786e-10
8.35178e-09
2.65339e-06
9.20263e-11
9.46424e-09
3.04616e-06
9.59386e-09
3.24653e-06
2.82624e-10
6.98864e-09
2.58169e-06
2.82963e-10
8.0103e-09
2.93248e-06
8.13305e-09
3.10867e-06
4.05337e-10
5.19665e-09
2.46226e-06
4.18868e-10
5.99102e-09
2.77448e-06
6.07161e-09
2.92861e-06
4.77285e-10
3.28328e-09
2.29605e-06
5.0133e-10
3.78137e-09
2.57148e-06
3.81869e-09
2.70581e-06
4.95764e-10
1.47618e-09
2.07348e-06
5.26321e-10
1.6866e-09
2.31139e-06
1.69543e-09
2.42752e-06
4.52364e-10
1.68585e-06
4.85464e-10
1.87883e-06
1.97437e-06
-3.77338e-10
4.13525e-09
2.23794e-06
-2.87799e-10
3.442e-09
2.82345e-06
3.0791e-09
3.12528e-06
-4.59957e-10
6.62173e-09
2.48321e-06
-4.37125e-10
6.50568e-09
3.02187e-06
6.21361e-09
3.30156e-06
-2.93852e-10
8.18261e-09
2.61913e-06
-3.11153e-10
8.75775e-09
3.10699e-06
8.6797e-09
3.36058e-06
-7.11662e-11
8.58799e-09
2.67008e-06
-8.95551e-11
9.53918e-09
3.10843e-06
9.60615e-09
3.33487e-06
1.35257e-10
7.97097e-09
2.65387e-06
1.27024e-10
9.02003e-09
3.04669e-06
9.13445e-09
3.24713e-06
2.98013e-10
6.6362e-09
2.58272e-06
3.02531e-10
7.58688e-09
2.93391e-06
7.68774e-09
3.11042e-06
4.10952e-10
4.91586e-09
2.46357e-06
4.27524e-10
5.64593e-09
2.77641e-06
5.70398e-09
2.93102e-06
4.77255e-10
3.09804e-09
2.29739e-06
5.03641e-10
3.54866e-09
2.57355e-06
3.56707e-09
2.70845e-06
4.94105e-10
1.39088e-09
2.07469e-06
5.26715e-10
1.57672e-09
2.31333e-06
1.5738e-09
2.43004e-06
4.51914e-10
1.68679e-06
4.87103e-10
1.88037e-06
1.97643e-06
-3.5696e-10
4.20544e-09
2.23597e-06
-2.74736e-10
3.59588e-09
2.82108e-06
3.25527e-09
3.12286e-06
-4.06386e-10
6.52855e-09
2.4813e-06
-3.89129e-10
6.49052e-09
3.01896e-06
6.23604e-09
3.29819e-06
-2.42749e-10
7.9404e-09
2.61796e-06
-2.55995e-10
8.52787e-09
3.10496e-06
8.46705e-09
3.3581e-06
-3.46278e-11
8.25586e-09
2.6698e-06
-4.83344e-11
9.17081e-09
3.1078e-06
9.23396e-09
3.33406e-06
1.56331e-10
7.61399e-09
2.65435e-06
1.52343e-10
8.60306e-09
3.04726e-06
8.70172e-09
3.24782e-06
3.06342e-10
6.30963e-09
2.58372e-06
3.13739e-10
7.19486e-09
2.93531e-06
7.27503e-09
3.11216e-06
4.10499e-10
4.65812e-09
2.4648e-06
4.28842e-10
5.32994e-09
2.77825e-06
5.36759e-09
2.93336e-06
4.71809e-10
2.92931e-09
2.29865e-06
4.99284e-10
3.33773e-09
2.57551e-06
3.33949e-09
2.71097e-06
4.87394e-10
1.31375e-09
2.07582e-06
5.20823e-10
1.47823e-09
2.31515e-06
1.4652e-09
2.43243e-06
4.46878e-10
1.68766e-06
4.82965e-10
1.88182e-06
1.97838e-06
-3.3754e-10
4.25615e-09
2.23406e-06
-2.62295e-10
3.72391e-09
2.81872e-06
3.40641e-09
3.12044e-06
-3.58974e-10
6.42527e-09
2.47949e-06
-3.45957e-10
6.45178e-09
3.01622e-06
6.23044e-09
3.29502e-06
-2.0037e-10
7.70254e-09
2.61689e-06
-2.10101e-10
8.29432e-09
3.10313e-06
8.24733e-09
3.35587e-06
-6.03629e-12
7.939e-09
2.66957e-06
-1.58984e-11
8.81684e-09
3.10729e-06
8.87488e-09
3.33341e-06
1.7063e-10
7.27889e-09
2.65484e-06
1.69795e-10
8.211e-09
3.04786e-06
8.2945e-09
3.24857e-06
3.09082e-10
6.00653e-09
2.58468e-06
3.18343e-10
6.83106e-09
2.93668e-06
6.89262e-09
3.11388e-06
4.05311e-10
4.42105e-09
2.46598e-06
4.24491e-10
5.03971e-09
2.78003e-06
5.05971e-09
2.93561e-06
4.6215e-10
2.77485e-09
2.29983e-06
4.89814e-10
3.14617e-09
2.57738e-06
3.13357e-09
2.71339e-06
4.76729e-10
1.24352e-09
2.07687e-06
5.10052e-10
1.38974e-09
2.31687e-06
1.36817e-09
2.43471e-06
4.38153e-10
1.68846e-06
4.74221e-10
1.88317e-06
1.98022e-06
-3.18991e-10
4.28841e-09
2.23219e-06
-2.50369e-10
3.82715e-09
2.81639e-06
3.53326e-09
3.11803e-06
-3.17262e-10
6.313e-09
2.47778e-06
-3.07464e-10
6.39262e-09
3.01364e-06
6.20059e-09
3.29204e-06
-1.65325e-10
7.46881e-09
2.61589e-06
-1.72125e-10
8.05897e-09
3.10147e-06
8.02312e-09
3.35387e-06
1.6062e-11
7.63641e-09
2.66938e-06
9.24692e-12
8.47679e-09
3.10688e-06
8.5293e-09
3.33292e-06
1.79546e-10
6.96383e-09
2.65533e-06
1.80961e-10
7.84183e-09
3.0485e-06
7.91151e-09
3.24937e-06
3.07515e-10
5.72459e-09
2.58561e-06
3.17844e-10
6.49268e-09
2.93802e-06
6.53823e-09
3.11558e-06
3.96563e-10
4.20234e-09
2.46711e-06
4.15887e-10
4.77238e-09
2.78173e-06
4.77773e-09
2.93779e-06
4.49364e-10
2.6329e-09
2.30095e-06
4.7655e-10
2.9716e-09
2.57915e-06
2.94704e-09
2.7157e-06
4.63111e-10
1.17921e-09
2.07786e-06
4.95624e-10
1.3099e-09
2.3185e-06
1.28132e-09
2.43687e-06
4.26595e-10
1.68921e-06
4.61924e-10
1.88444e-06
1.98196e-06
-3.01269e-10
4.30354e-09
2.23039e-06
-2.38884e-10
3.90716e-09
2.8141e-06
3.63705e-09
3.11565e-06
-2.80757e-10
6.193e-09
2.47617e-06
-2.73401e-10
6.31614e-09
3.01123e-06
6.15012e-09
3.28925e-06
-1.36381e-10
7.23924e-09
2.61498e-06
-1.40832e-10
7.82348e-09
3.09997e-06
7.79672e-09
3.35209e-06
3.29139e-11
7.34708e-09
2.66924e-06
2.84191e-11
8.1504e-09
3.10656e-06
8.19745e-09
3.33254e-06
1.84286e-10
6.66691e-09
2.65583e-06
1.87196e-10
7.49401e-09
3.04915e-06
7.55143e-09
3.2502e-06
3.02766e-10
5.46144e-09
2.58651e-06
3.13503e-10
6.17759e-09
2.93932e-06
6.20963e-09
3.11723e-06
3.85306e-10
3.9996e-09
2.46818e-06
4.04203e-10
4.52581e-09
2.78336e-06
4.51918e-09
2.93989e-06
4.34446e-10
2.50207e-09
2.30201e-06
4.60594e-10
2.81178e-09
2.58084e-06
2.77777e-09
2.7179e-06
4.47455e-10
1.1201e-09
2.07879e-06
4.78588e-10
1.2374e-09
2.32005e-06
1.20343e-09
2.43892e-06
4.13021e-10
1.68992e-06
4.46995e-10
1.88565e-06
1.98361e-06
-2.84419e-10
4.30314e-09
2.22864e-06
-2.27993e-10
3.96586e-09
2.81186e-06
3.7192e-09
3.1133e-06
-2.48938e-10
6.06665e-09
2.47466e-06
-2.43412e-10
6.22529e-09
3.00896e-06
6.08233e-09
3.28665e-06
-1.12483e-10
7.01406e-09
2.61415e-06
-1.15096e-10
7.58931e-09
3.09861e-06
7.57001e-09
3.35048e-06
4.55595e-11
7.07021e-09
2.66914e-06
4.27827e-11
7.83746e-09
3.10631e-06
7.87934e-09
3.33228e-06
1.85879e-10
6.38652e-09
2.65632e-06
1.89651e-10
7.1662e-09
3.04982e-06
7.21289e-09
3.25105e-06
2.95729e-10
5.2151e-09
2.58739e-06
3.06371e-10
5.88385e-09
2.9406e-06
5.90464e-09
3.11885e-06
3.7236e-10
3.81096e-09
2.46921e-06
3.90417e-10
4.29793e-09
2.78493e-06
4.28174e-09
2.9419e-06
4.18163e-10
2.38096e-09
2.30302e-06
4.42885e-10
2.665e-09
2.58245e-06
2.62382e-09
2.72e-06
4.30476e-10
1.0655e-09
2.07968e-06
4.59842e-10
1.17126e-09
2.32151e-06
1.13335e-09
2.44087e-06
3.98075e-10
1.69058e-06
4.30252e-10
1.88679e-06
1.98518e-06
-2.68495e-10
4.28889e-09
2.22696e-06
-2.17504e-10
4.00513e-09
2.80968e-06
3.7815e-09
3.111e-06
-2.21299e-10
5.93534e-09
2.47323e-06
-2.17153e-10
6.12266e-09
3.00684e-06
6.0003e-09
3.28421e-06
-9.27459e-11
6.79361e-09
2.61338e-06
-9.39695e-11
7.35762e-09
3.09737e-06
7.34467e-09
3.34905e-06
5.48457e-11
6.8052e-09
2.66907e-06
5.33101e-11
7.53765e-09
3.10613e-06
7.5749e-09
3.3321e-06
1.85091e-10
6.12141e-09
2.65682e-06
1.8926e-10
6.85701e-09
3.05049e-06
6.89455e-09
3.25192e-06
2.87105e-10
4.98403e-09
2.58824e-06
2.97295e-10
5.60959e-09
2.94183e-06
5.62126e-09
3.12042e-06
3.58361e-10
3.63496e-09
2.4702e-06
3.75306e-10
4.08682e-09
2.78643e-06
4.06327e-09
2.94383e-06
4.01106e-10
2.26842e-09
2.30398e-06
4.24167e-10
2.52979e-09
2.58398e-06
2.48345e-09
2.722e-06
4.12746e-10
1.01483e-09
2.08052e-06
4.40112e-10
1.11068e-09
2.3229e-06
1.07008e-09
2.44272e-06
3.82282e-10
1.69121e-06
4.12376e-10
1.88787e-06
1.98666e-06
-2.53407e-10
4.26238e-09
2.22534e-06
-2.07329e-10
4.02706e-09
2.80756e-06
3.82579e-09
3.10876e-06
-1.9738e-10
5.80032e-09
2.47189e-06
-1.94244e-10
6.01064e-09
3.00485e-06
5.90678e-09
3.28194e-06
-7.64445e-11
6.5782e-09
2.61268e-06
-7.6641e-11
7.12944e-09
3.09625e-06
7.12201e-09
3.34775e-06
6.14631e-11
6.55149e-09
2.66904e-06
6.08029e-11
7.25062e-09
3.10601e-06
7.28395e-09
3.332e-06
1.82536e-10
5.87046e-09
2.65732e-06
1.86784e-10
6.56519e-09
3.05118e-06
6.59516e-09
3.2528e-06
2.77441e-10
4.76687e-09
2.58906e-06
2.86953e-10
5.35313e-09
2.94304e-06
5.35762e-09
3.12194e-06
3.43806e-10
3.47035e-09
2.47115e-06
3.59483e-10
3.8908e-09
2.78788e-06
3.86184e-09
2.94569e-06
3.83737e-10
2.16348e-09
2.30491e-06
4.05026e-10
2.40489e-09
2.58544e-06
2.35509e-09
2.72392e-06
3.94718e-10
9.67598e-10
2.08132e-06
4.19977e-10
1.05497e-09
2.32423e-06
1.01276e-09
2.44449e-06
3.66068e-10
1.69182e-06
3.93924e-10
1.88889e-06
1.98807e-06
-2.39072e-10
4.22547e-09
2.22379e-06
-1.97456e-10
4.0336e-09
2.80551e-06
3.85384e-09
3.10657e-06
-1.76629e-10
5.66292e-09
2.47063e-06
-1.74268e-10
5.89136e-09
3.00299e-06
5.80413e-09
3.27981e-06
-6.2929e-11
6.36826e-09
2.61204e-06
-6.24133e-11
6.90561e-09
3.09524e-06
6.90308e-09
3.34659e-06
6.60074e-11
6.30872e-09
2.66903e-06
6.5917e-11
6.97604e-09
3.10594e-06
7.00618e-09
3.33196e-06
1.78737e-10
5.63276e-09
2.65782e-06
1.82826e-10
6.28959e-09
3.05186e-06
6.31347e-09
3.25368e-06
2.67165e-10
4.56252e-09
2.58986e-06
2.75888e-10
5.11302e-09
2.9442e-06
5.11198e-09
3.12342e-06
3.29072e-10
3.31608e-09
2.47207e-06
3.43425e-10
3.70845e-09
2.78927e-06
3.67568e-09
2.94747e-06
3.66412e-10
2.06538e-09
2.30579e-06
3.85909e-10
2.2892e-09
2.58684e-06
2.23734e-09
2.72574e-06
3.76745e-10
9.23433e-10
2.08208e-06
3.99885e-10
1.00355e-09
2.32549e-06
9.60603e-10
2.44616e-06
3.49773e-10
1.69239e-06
3.75345e-10
1.88987e-06
1.9894e-06
-2.25868e-10
4.17906e-09
2.2223e-06
-1.88089e-10
4.02673e-09
2.80352e-06
3.86758e-09
3.10445e-06
-1.58788e-10
5.52376e-09
2.46944e-06
-1.56937e-10
5.76665e-09
3.00125e-06
5.69448e-09
3.27783e-06
-5.1788e-11
6.16377e-09
2.61145e-06
-5.07626e-11
6.68679e-09
3.09432e-06
6.68871e-09
3.34555e-06
6.88874e-11
6.07626e-09
2.66905e-06
6.91483e-11
6.71348e-09
3.10591e-06
6.74119e-09
3.33198e-06
1.74026e-10
5.40736e-09
2.65831e-06
1.77833e-10
6.02911e-09
3.05254e-06
6.0483e-09
3.25455e-06
2.56586e-10
4.3699e-09
2.59064e-06
2.6448e-10
4.88786e-09
2.94534e-06
4.88275e-09
3.12485e-06
3.14431e-10
3.1712e-09
2.47295e-06
3.27472e-10
3.53842e-09
2.79061e-06
3.50321e-09
2.94917e-06
3.49383e-10
1.9734e-09
2.30664e-06
3.67137e-10
2.18175e-09
2.58818e-06
2.12897e-09
2.72748e-06
3.59082e-10
8.81993e-10
2.08281e-06
3.80163e-10
9.5592e-10
2.3267e-06
9.12945e-10
2.44776e-06
3.33651e-10
1.69293e-06
3.56973e-10
1.8908e-06
1.99067e-06
-2.13474e-10
4.12512e-09
2.22087e-06
-1.79093e-10
4.00818e-09
2.80161e-06
3.8686e-09
3.1024e-06
-1.43313e-10
5.38413e-09
2.46833e-06
-1.41837e-10
5.6381e-09
2.99962e-06
5.57958e-09
3.27598e-06
-4.25221e-11
5.9652e-09
2.61091e-06
-4.11687e-11
6.47352e-09
3.09348e-06
6.47953e-09
3.34461e-06
7.05202e-11
5.85391e-09
2.66909e-06
7.09585e-11
6.46261e-09
3.10592e-06
6.48854e-09
3.33204e-06
1.68754e-10
5.19356e-09
2.6588e-06
1.72178e-10
5.78282e-09
3.05322e-06
5.7985e-09
3.25541e-06
2.45951e-10
4.18818e-09
2.5914e-06
2.53024e-10
4.67648e-09
2.94644e-06
4.66852e-09
3.12623e-06
3.00089e-10
3.03495e-09
2.47381e-06
3.11873e-10
3.37961e-09
2.79189e-06
3.34307e-09
2.95081e-06
3.32838e-10
1.88702e-09
2.30745e-06
3.4894e-10
2.08172e-09
2.58947e-06
2.02892e-09
2.72915e-06
3.41922e-10
8.43039e-10
2.08351e-06
3.61046e-10
9.11678e-10
2.32785e-06
8.6922e-10
2.44928e-06
3.17899e-10
1.69346e-06
3.39059e-10
1.8917e-06
1.99188e-06
-2.02019e-10
4.0647e-09
2.21951e-06
-1.70325e-10
3.97969e-09
2.79977e-06
3.85854e-09
3.10041e-06
-1.29922e-10
5.24466e-09
2.46728e-06
-1.28667e-10
5.5071e-09
2.99809e-06
5.46098e-09
3.27424e-06
-3.482e-11
5.77258e-09
2.61042e-06
-3.32526e-11
6.26619e-09
3.09272e-06
6.27601e-09
3.34376e-06
7.11804e-11
5.6412e-09
2.66915e-06
7.16837e-11
6.22302e-09
3.10597e-06
6.24775e-09
3.33214e-06
1.63122e-10
4.99066e-09
2.65929e-06
1.66123e-10
5.54983e-09
3.05389e-06
5.56301e-09
3.25626e-06
2.35427e-10
4.01656e-09
2.59214e-06
2.41716e-10
4.47778e-09
2.9475e-06
4.46801e-09
3.12757e-06
2.86178e-10
2.90665e-09
2.47463e-06
2.96788e-10
3.231e-09
2.79313e-06
3.19404e-09
2.95238e-06
3.16897e-10
1.80575e-09
2.30823e-06
3.31463e-10
1.98836e-09
2.59069e-06
1.93629e-09
2.73073e-06
3.25389e-10
8.06344e-10
2.08419e-06
3.4269e-10
8.70456e-10
2.32895e-06
8.28945e-10
2.45073e-06
3.02652e-10
1.69396e-06
3.21775e-10
1.89255e-06
1.99303e-06
-1.91239e-10
3.99899e-09
2.2182e-06
-1.62062e-10
3.94252e-09
2.798e-06
3.83889e-09
3.0985e-06
-1.18296e-10
5.10604e-09
2.46629e-06
-1.17179e-10
5.37461e-09
2.99666e-06
5.33993e-09
3.27263e-06
-2.83929e-11
5.58603e-09
2.60996e-06
-2.67141e-11
6.06495e-09
3.09203e-06
6.07844e-09
3.34299e-06
7.11038e-11
5.43777e-09
2.66922e-06
7.15819e-11
5.99419e-09
3.10604e-06
6.01826e-09
3.33227e-06
1.57306e-10
4.798e-09
2.65977e-06
1.59861e-10
5.32923e-09
3.05455e-06
5.3408e-09
3.2571e-06
2.25134e-10
3.85434e-09
2.59286e-06
2.30691e-10
4.29072e-09
2.94853e-06
4.28003e-09
3.12886e-06
2.72788e-10
2.78567e-09
2.47542e-06
2.8232e-10
3.09162e-09
2.79432e-06
3.05502e-09
2.95389e-06
3.01634e-10
1.72919e-09
2.30899e-06
3.14795e-10
1.90101e-09
2.59187e-06
1.85024e-09
2.73225e-06
3.0956e-10
7.71721e-10
2.08483e-06
3.25187e-10
8.31937e-10
2.33e-06
7.91695e-10
2.45211e-06
2.87998e-10
1.69444e-06
3.05233e-10
1.89336e-06
1.99413e-06
-1.81334e-10
3.92892e-09
2.21696e-06
-1.54175e-10
3.8983e-09
2.7963e-06
3.81093e-09
3.09665e-06
-1.08212e-10
4.96877e-09
2.46536e-06
-1.07084e-10
5.24177e-09
2.99531e-06
5.2175e-09
3.27111e-06
-2.30474e-11
5.40555e-09
2.60955e-06
-2.12809e-11
5.87008e-09
3.0914e-06
5.88702e-09
3.3423e-06
7.04521e-11
5.24324e-09
2.66931e-06
7.08815e-11
5.77576e-09
3.10613e-06
5.79957e-09
3.33243e-06
1.51406e-10
4.61502e-09
2.66025e-06
1.53539e-10
5.12026e-09
3.0552e-06
5.13095e-09
3.25792e-06
2.15137e-10
3.70093e-09
2.59355e-06
2.20043e-10
4.11439e-09
2.94954e-06
4.10353e-09
3.13011e-06
2.59952e-10
2.67155e-09
2.47619e-06
2.68531e-10
2.96065e-09
2.79546e-06
2.92506e-09
2.95534e-06
2.8707e-10
1.65705e-09
2.30971e-06
2.98986e-10
1.81904e-09
2.593e-06
1.7701e-09
2.73371e-06
2.94455e-10
7.3898e-10
2.08545e-06
3.08595e-10
7.9589e-10
2.33101e-06
7.57116e-10
2.45344e-06
2.73968e-10
1.69491e-06
2.89504e-10
1.89414e-06
1.99517e-06
-1.72217e-10
3.85541e-09
2.21576e-06
-1.4672e-10
3.8481e-09
2.79468e-06
3.77587e-09
3.09488e-06
-9.94286e-11
4.83329e-09
2.46448e-06
-9.81964e-11
5.10927e-09
2.99405e-06
5.09455e-09
3.2697e-06
-1.86068e-11
5.23113e-09
2.60917e-06
-1.67616e-11
5.68158e-09
3.09083e-06
5.70184e-09
3.34168e-06
6.93582e-11
5.05724e-09
2.66942e-06
6.97453e-11
5.56718e-09
3.10624e-06
5.59116e-09
3.33261e-06
1.455e-10
4.44118e-09
2.66072e-06
1.47268e-10
4.92209e-09
3.05584e-06
4.9326e-09
3.25872e-06
2.05477e-10
3.55576e-09
2.59423e-06
2.09832e-10
3.94788e-09
2.95051e-06
3.93757e-09
3.13131e-06
2.47683e-10
2.56386e-09
2.47694e-06
2.55457e-10
2.83726e-09
2.79657e-06
2.80334e-09
2.95673e-06
2.73203e-10
1.58909e-09
2.31041e-06
2.84059e-10
1.74189e-09
2.59409e-06
1.6952e-09
2.7351e-06
2.80074e-10
7.07981e-10
2.08606e-06
2.92937e-10
7.621e-10
2.33198e-06
7.24885e-10
2.4547e-06
2.60579e-10
1.69536e-06
2.74627e-10
1.89489e-06
1.99617e-06
-1.63833e-10
3.77925e-09
2.21462e-06
-1.39699e-10
3.79298e-09
2.79311e-06
3.73479e-09
3.09318e-06
-9.17562e-11
4.69998e-09
2.46365e-06
-9.0353e-11
4.97776e-09
2.99287e-06
4.9718e-09
3.26837e-06
-1.4922e-11
5.0627e-09
2.60882e-06
-1.3009e-11
5.49944e-09
3.0903e-06
5.52295e-09
3.34111e-06
6.79354e-11
4.87939e-09
2.66953e-06
6.82975e-11
5.36798e-09
3.10638e-06
5.39256e-09
3.33281e-06
1.39651e-10
4.27594e-09
2.66118e-06
1.41135e-10
4.73403e-09
3.05648e-06
4.74496e-09
3.25951e-06
1.96197e-10
3.41827e-09
2.59489e-06
2.00095e-10
3.79049e-09
2.95144e-06
3.7813e-09
3.13248e-06
2.36004e-10
2.46207e-09
2.47765e-06
2.43104e-10
2.72086e-09
2.79763e-06
2.68912e-09
2.95806e-06
2.6005e-10
1.52491e-09
2.31109e-06
2.70008e-10
1.66924e-09
2.59513e-06
1.62502e-09
2.73643e-06
2.66444e-10
6.78652e-10
2.08663e-06
2.78199e-10
7.30312e-10
2.3329e-06
6.94726e-10
2.45591e-06
2.47871e-10
1.69579e-06
2.60604e-10
1.89561e-06
1.99713e-06
-1.56127e-10
3.70111e-09
2.21353e-06
-1.33112e-10
3.73389e-09
2.79162e-06
3.68863e-09
3.09154e-06
-8.50263e-11
4.56909e-09
2.46287e-06
-8.34166e-11
4.8478e-09
2.99175e-06
4.8498e-09
3.26712e-06
-1.18615e-11
4.90014e-09
2.6085e-06
-9.90471e-12
5.32362e-09
3.08982e-06
5.35031e-09
3.3406e-06
6.62822e-11
4.70928e-09
2.66966e-06
6.66229e-11
5.17773e-09
3.10652e-06
5.20326e-09
3.33302e-06
1.33935e-10
4.1187e-09
2.66163e-06
1.35197e-10
4.55554e-09
3.0571e-06
4.56725e-09
3.26028e-06
1.87329e-10
3.28785e-09
2.59554e-06
1.90845e-10
3.64167e-09
2.95236e-06
3.63391e-09
3.1336e-06
2.24932e-10
2.36566e-09
2.47835e-06
2.31452e-10
2.61105e-09
2.79865e-06
2.58169e-09
2.95935e-06
2.47622e-10
1.46409e-09
2.31174e-06
2.56792e-10
1.60082e-09
2.59613e-06
1.5591e-09
2.73771e-06
2.53576e-10
6.50895e-10
2.08719e-06
2.64344e-10
7.00317e-10
2.33379e-06
6.66428e-10
2.45706e-06
2.35863e-10
1.6962e-06
2.47411e-10
1.8963e-06
1.99804e-06
-1.49044e-10
3.62159e-09
2.21249e-06
-1.2695e-10
3.67161e-09
2.79018e-06
3.63823e-09
3.08997e-06
-7.90983e-11
4.44086e-09
2.46213e-06
-7.72652e-11
4.71978e-09
2.9907e-06
4.72902e-09
3.26596e-06
-9.31928e-12
4.74332e-09
2.60821e-06
-7.34298e-12
5.15406e-09
3.08939e-06
5.18382e-09
3.34014e-06
6.44724e-11
4.54651e-09
2.66979e-06
6.47854e-11
4.99604e-09
3.10668e-06
5.02276e-09
3.33325e-06
1.28386e-10
3.96898e-09
2.66208e-06
1.29477e-10
4.38606e-09
3.05771e-06
4.39877e-09
3.26104e-06
1.7888e-10
3.164e-09
2.59616e-06
1.82074e-10
3.50085e-09
2.95324e-06
3.49465e-09
3.13469e-06
2.14455e-10
2.27422e-09
2.47903e-06
2.2047e-10
2.50738e-09
2.79964e-06
2.4804e-09
2.96058e-06
2.35898e-10
1.40639e-09
2.31237e-06
2.44367e-10
1.53628e-09
2.59709e-06
1.49707e-09
2.73894e-06
2.41447e-10
6.24582e-10
2.08773e-06
2.51331e-10
6.7197e-10
2.33465e-06
6.39808e-10
2.45817e-06
2.24531e-10
1.6966e-06
2.35016e-10
1.89696e-06
1.99892e-06
-1.42533e-10
3.54119e-09
2.2115e-06
-1.21198e-10
3.60685e-09
2.78881e-06
3.58433e-09
3.08847e-06
-7.3856e-11
4.31544e-09
2.46143e-06
-7.17912e-11
4.59403e-09
2.98971e-06
4.60983e-09
3.26486e-06
-7.21171e-12
4.59209e-09
2.60794e-06
-5.23397e-12
4.99065e-09
3.08899e-06
5.02332e-09
3.33972e-06
6.25589e-11
4.39074e-09
2.66993e-06
6.28394e-11
4.8225e-09
3.10685e-06
4.85055e-09
3.33349e-06
1.23021e-10
3.82633e-09
2.66252e-06
1.23984e-10
4.22502e-09
3.0583e-06
4.23887e-09
3.26177e-06
1.70843e-10
3.0463e-09
2.59677e-06
1.73769e-10
3.36748e-09
2.95409e-06
3.3629e-09
3.13574e-06
2.04548e-10
2.1874e-09
2.47968e-06
2.10126e-10
2.40939e-09
2.80059e-06
2.38474e-09
2.96177e-06
2.24842e-10
1.3516e-09
2.31298e-06
2.32692e-10
1.47531e-09
2.59802e-06
1.43856e-09
2.74012e-06
2.30017e-10
5.99609e-10
2.08825e-06
2.39117e-10
6.45147e-10
2.33547e-06
6.14695e-10
2.45924e-06
2.13845e-10
1.69698e-06
2.23382e-10
1.89759e-06
1.99976e-06
-1.36541e-10
3.46037e-09
2.21054e-06
-1.15835e-10
3.54018e-09
2.7875e-06
3.52761e-09
3.08702e-06
-6.9201e-11
4.19298e-09
2.46076e-06
-6.69006e-11
4.47079e-09
2.98878e-06
4.49253e-09
3.26383e-06
-5.46912e-12
4.44632e-09
2.60769e-06
-3.50258e-12
4.83326e-09
3.08862e-06
4.86865e-09
3.33934e-06
6.05824e-11
4.24163e-09
2.67007e-06
6.0827e-11
4.65672e-09
3.10702e-06
4.68618e-09
3.33373e-06
1.17856e-10
3.69034e-09
2.66296e-06
1.18723e-10
4.0719e-09
3.05889e-06
4.087e-09
3.26249e-06
1.63209e-10
2.93435e-09
2.59736e-06
1.6591e-10
3.24103e-09
2.95492e-06
3.2381e-09
3.13675e-06
1.95186e-10
2.10491e-09
2.48031e-06
2.00385e-10
2.31664e-09
2.80151e-06
2.29425e-09
2.96291e-06
2.1442e-10
1.29954e-09
2.31358e-06
2.21722e-10
1.41763e-09
2.59891e-06
1.38324e-09
2.74125e-06
2.19252e-10
5.75884e-10
2.08876e-06
2.27653e-10
6.1973e-10
2.33626e-06
5.90945e-10
2.46026e-06
2.03776e-10
1.69736e-06
2.12466e-10
1.8982e-06
2.00056e-06
-1.31019e-10
3.37951e-09
2.20963e-06
-1.10838e-10
3.47212e-09
2.78624e-06
3.46864e-09
3.08564e-06
-6.50476e-11
4.07356e-09
2.46013e-06
-6.25129e-11
4.35024e-09
2.9879e-06
4.37737e-09
3.26286e-06
-4.03068e-12
4.30585e-09
2.60746e-06
-2.08569e-12
4.68171e-09
3.08829e-06
4.71965e-09
3.339e-06
5.85776e-11
4.09886e-09
2.67022e-06
5.87841e-11
4.49829e-09
3.10721e-06
4.5292e-09
3.33398e-06
1.129e-10
3.56061e-09
2.66338e-06
1.13691e-10
3.92622e-09
3.05946e-06
3.94261e-09
3.26319e-06
1.55968e-10
2.82778e-09
2.59794e-06
1.58479e-10
3.12103e-09
2.95572e-06
3.11973e-09
3.13773e-06
1.86349e-10
2.02644e-09
2.48093e-06
1.91209e-10
2.22876e-09
2.8024e-06
2.20853e-09
2.96401e-06
2.04603e-10
1.25004e-09
2.31415e-06
2.11409e-10
1.36295e-09
2.59977e-06
1.33086e-09
2.74234e-06
2.09119e-10
5.53332e-10
2.08924e-06
2.1689e-10
5.95603e-10
2.33702e-06
5.68436e-10
2.46124e-06
1.94298e-10
1.69771e-06
2.02223e-10
1.89879e-06
2.00133e-06
-1.25918e-10
3.29895e-09
2.20876e-06
-1.06179e-10
3.4031e-09
2.78503e-06
3.40794e-09
3.08431e-06
-6.1324e-11
3.95726e-09
2.45954e-06
-5.85595e-11
4.2325e-09
2.98707e-06
4.26452e-09
3.26194e-06
-2.84523e-12
4.17049e-09
2.60725e-06
-9.28858e-13
4.53583e-09
3.08799e-06
4.57614e-09
3.33869e-06
5.65736e-11
3.96211e-09
2.67037e-06
5.67307e-11
4.34686e-09
3.1074e-06
4.37922e-09
3.33423e-06
1.08162e-10
3.43677e-09
2.6638e-06
1.08885e-10
3.78752e-09
3.06002e-06
3.80522e-09
3.26387e-06
1.49115e-10
2.72621e-09
2.5985e-06
1.5145e-10
3.00707e-09
2.9565e-06
3.00734e-09
3.13868e-06
1.78019e-10
1.95168e-09
2.48152e-06
1.82561e-10
2.14543e-09
2.80326e-06
2.1272e-09
2.96508e-06
1.95368e-10
1.20297e-09
2.3147e-06
2.01705e-10
1.31103e-09
2.6006e-06
1.28117e-09
2.74339e-06
1.9959e-10
5.31897e-10
2.08972e-06
2.06777e-10
5.72649e-10
2.33775e-06
5.47061e-10
2.46218e-06
1.85385e-10
1.69806e-06
1.92602e-10
1.89936e-06
2.00207e-06
-1.21194e-10
3.21895e-09
2.20792e-06
-1.01834e-10
3.33351e-09
2.78387e-06
3.34594e-09
3.08303e-06
-5.79715e-11
3.84411e-09
2.45897e-06
-5.49854e-11
4.11766e-09
2.98628e-06
4.15413e-09
3.26108e-06
-1.87133e-12
4.0401e-09
2.60706e-06
1.47133e-14
4.39543e-09
3.08771e-06
4.43792e-09
3.3384e-06
5.45934e-11
3.83108e-09
2.67052e-06
5.46823e-11
4.20207e-09
3.10759e-06
4.23584e-09
3.33449e-06
1.03645e-10
3.31848e-09
2.66421e-06
1.04297e-10
3.6554e-09
3.06056e-06
3.67436e-09
3.26454e-06
1.42634e-10
2.62935e-09
2.59905e-06
1.44802e-10
2.89877e-09
2.95726e-06
2.90049e-09
3.1396e-06
1.70166e-10
1.88042e-09
2.4821e-06
1.74407e-10
2.06634e-09
2.80408e-06
2.04994e-09
2.9661e-06
1.86676e-10
1.15817e-09
2.31523e-06
1.92573e-10
1.26167e-09
2.60139e-06
1.23396e-09
2.7444e-06
1.90621e-10
5.11501e-10
2.09017e-06
1.97271e-10
5.50791e-10
2.33845e-06
5.26726e-10
2.46308e-06
1.76999e-10
1.69839e-06
1.83563e-10
1.8999e-06
2.00278e-06
-1.16807e-10
3.13976e-09
2.20712e-06
-9.77861e-11
3.26368e-09
2.78277e-06
3.28301e-09
3.08181e-06
-5.4943e-11
3.73413e-09
2.45843e-06
-5.17522e-11
4.00578e-09
2.98553e-06
4.04628e-09
3.26026e-06
-1.07683e-12
3.91452e-09
2.60688e-06
7.82641e-13
4.26029e-09
3.08745e-06
4.30482e-09
3.33814e-06
5.26496e-11
3.70552e-09
2.67068e-06
5.26603e-11
4.06356e-09
3.10779e-06
4.09868e-09
3.33475e-06
9.93387e-11
3.20546e-09
2.66461e-06
9.99237e-11
3.52944e-09
3.0611e-06
3.54962e-09
3.26519e-06
1.36496e-10
2.53694e-09
2.59958e-06
1.38517e-10
2.79571e-09
2.95799e-06
2.7988e-09
3.14049e-06
1.62747e-10
1.81248e-09
2.48266e-06
1.66722e-10
1.99114e-09
2.80488e-06
1.97643e-09
2.96709e-06
1.78473e-10
1.11545e-09
2.31575e-06
1.83979e-10
1.21474e-09
2.60217e-06
1.18903e-09
2.74537e-06
1.82161e-10
4.92054e-10
2.09061e-06
1.88334e-10
5.2998e-10
2.33913e-06
5.07346e-10
2.46395e-06
1.69088e-10
1.69872e-06
1.7507e-10
1.90043e-06
2.00346e-06
-1.12723e-10
3.06159e-09
2.20636e-06
-9.40272e-11
3.1939e-09
2.7817e-06
3.21947e-09
3.08064e-06
-5.21955e-11
3.62734e-09
2.45791e-06
-4.88365e-11
3.89688e-09
2.98483e-06
3.94104e-09
3.25949e-06
-4.31735e-13
3.79358e-09
2.60671e-06
1.40194e-12
4.13021e-09
3.08721e-06
4.17665e-09
3.33791e-06
5.07479e-11
3.58518e-09
2.67084e-06
5.06989e-11
3.93101e-09
3.10798e-06
3.9674e-09
3.33501e-06
9.52322e-11
3.09743e-09
2.665e-06
9.57674e-11
3.40929e-09
3.06162e-06
3.43058e-09
3.26582e-06
1.30677e-10
2.44876e-09
2.6001e-06
1.32579e-10
2.69754e-09
2.9587e-06
2.7019e-09
3.14135e-06
1.55731e-10
1.74771e-09
2.48321e-06
1.59478e-10
1.91954e-09
2.80566e-06
1.90641e-09
2.96805e-06
1.70722e-10
1.07468e-09
2.31625e-06
1.75889e-10
1.1701e-09
2.60291e-06
1.14621e-09
2.74631e-06
1.74171e-10
4.73493e-10
2.09104e-06
1.79928e-10
5.10159e-10
2.33979e-06
4.88847e-10
2.46479e-06
1.61613e-10
1.69903e-06
1.67087e-10
1.90093e-06
2.00412e-06
-1.08908e-10
2.98461e-09
2.20562e-06
-9.05447e-11
3.12443e-09
2.78068e-06
3.15559e-09
3.07951e-06
-4.96904e-11
3.52371e-09
2.45742e-06
-4.62105e-11
3.79097e-09
2.98416e-06
3.83843e-09
3.25876e-06
9.06872e-14
3.67713e-09
2.60656e-06
1.8953e-12
4.00501e-09
3.087e-06
4.05321e-09
3.3377e-06
4.88933e-11
3.46982e-09
2.671e-06
4.88211e-11
3.80412e-09
3.10819e-06
3.84166e-09
3.33527e-06
9.13166e-11
2.99415e-09
2.66538e-06
9.18278e-11
3.29458e-09
3.06213e-06
3.31689e-09
3.26644e-06
1.2516e-10
2.36458e-09
2.6006e-06
1.26973e-10
2.60396e-09
2.95939e-06
2.60947e-09
3.14218e-06
1.49092e-10
1.68594e-09
2.48374e-06
1.52647e-10
1.85131e-09
2.80641e-06
1.83963e-09
2.96897e-06
1.63395e-10
1.03577e-09
2.31674e-06
1.68269e-10
1.12757e-09
2.60363e-06
1.10534e-09
2.74721e-06
1.66622e-10
4.55771e-10
2.09145e-06
1.72014e-10
4.91257e-10
2.34042e-06
4.71162e-10
2.46559e-06
1.54549e-10
1.69933e-06
1.59577e-10
1.90142e-06
2.00475e-06
-1.05335e-10
2.90896e-09
2.20491e-06
-8.73154e-11
3.05545e-09
2.77971e-06
3.09162e-09
3.07843e-06
-4.73968e-11
3.42323e-09
2.45696e-06
-4.38359e-11
3.68805e-09
2.98352e-06
3.73849e-09
3.25807e-06
5.11797e-13
3.56502e-09
2.60642e-06
2.28557e-12
3.88448e-09
3.0868e-06
3.93431e-09
3.3375e-06
4.70929e-11
3.3592e-09
2.67115e-06
4.70295e-11
3.68258e-09
3.10839e-06
3.72118e-09
3.33553e-06
8.75868e-11
2.89536e-09
2.66576e-06
8.80982e-11
3.18499e-09
3.06262e-06
3.20823e-09
3.26704e-06
1.1993e-10
2.28418e-09
2.60109e-06
1.2168e-10
2.51465e-09
2.96005e-06
2.52123e-09
3.14299e-06
1.42811e-10
1.62697e-09
2.48425e-06
1.46205e-10
1.78621e-09
2.80713e-06
1.77588e-09
2.96986e-06
1.56468e-10
9.98608e-10
2.31721e-06
1.61084e-10
1.087e-09
2.60432e-06
1.06631e-09
2.74808e-06
1.59488e-10
4.38844e-10
2.09185e-06
1.64557e-10
4.73209e-10
2.34103e-06
4.54238e-10
2.46637e-06
1.4787e-10
1.69962e-06
1.52506e-10
1.90189e-06
2.00536e-06
-1.01978e-10
2.83474e-09
2.20423e-06
-8.43142e-11
2.98713e-09
2.77877e-06
3.02779e-09
3.07739e-06
-4.52883e-11
3.32586e-09
2.45651e-06
-4.16767e-11
3.58809e-09
2.98292e-06
3.64121e-09
3.25742e-06
8.50067e-13
3.45707e-09
2.60628e-06
2.59244e-12
3.76845e-09
3.08662e-06
3.81979e-09
3.33733e-06
4.5355e-11
3.25311e-09
2.67131e-06
4.53206e-11
3.56612e-09
3.10859e-06
3.60568e-09
3.33579e-06
8.40388e-11
2.80083e-09
2.66613e-06
8.45682e-11
3.08023e-09
3.06311e-06
3.10433e-09
3.26763e-06
1.14975e-10
2.20735e-09
2.60157e-06
1.16682e-10
2.42936e-09
2.9607e-06
2.43693e-09
3.14378e-06
1.36867e-10
1.57066e-09
2.48475e-06
1.40124e-10
1.72404e-09
2.80784e-06
1.71497e-09
2.97072e-06
1.49916e-10
9.63106e-10
2.31767e-06
1.54307e-10
1.04826e-09
2.60499e-06
1.02898e-09
2.74892e-06
1.52743e-10
4.22668e-10
2.09224e-06
1.57517e-10
4.55962e-10
2.34161e-06
4.38024e-10
2.46712e-06
1.41553e-10
1.6999e-06
1.45843e-10
1.90234e-06
2.00594e-06
-9.8813e-11
2.76206e-09
2.20358e-06
-8.15174e-11
2.91961e-09
2.77786e-06
2.96428e-09
3.0764e-06
-4.33429e-11
3.23154e-09
2.45609e-06
-3.97027e-11
3.49105e-09
2.98234e-06
3.54658e-09
3.2568e-06
1.12027e-12
3.35315e-09
2.60616e-06
2.83243e-12
3.65673e-09
3.08645e-06
3.70944e-09
3.33717e-06
4.36988e-11
3.15131e-09
2.67147e-06
4.36935e-11
3.45447e-09
3.10879e-06
3.49492e-09
3.33605e-06
8.06653e-11
2.71032e-09
2.66649e-06
8.12281e-11
2.98001e-09
3.06358e-06
3.00489e-09
3.2682e-06
1.10279e-10
2.13388e-09
2.60203e-06
1.11961e-10
2.34784e-09
2.96133e-06
2.35633e-09
3.14454e-06
1.31242e-10
1.51686e-09
2.48523e-06
1.34383e-10
1.66462e-09
2.80852e-06
1.65673e-09
2.97156e-06
1.43717e-10
9.2917e-10
2.31811e-06
1.47908e-10
1.01123e-09
2.60564e-06
9.93258e-10
2.74973e-06
1.46363e-10
4.07204e-10
2.09261e-06
1.50874e-10
4.39463e-10
2.34218e-06
4.2248e-10
2.46784e-06
1.35575e-10
1.70017e-06
1.39559e-10
1.90277e-06
2.0065e-06
-9.58205e-11
2.69097e-09
2.20296e-06
-7.89032e-11
2.853e-09
2.777e-06
2.90126e-09
3.07544e-06
-4.1539e-11
3.14023e-09
2.45568e-06
-3.78894e-11
3.39691e-09
2.98179e-06
3.45458e-09
3.2562e-06
1.33779e-12
3.25309e-09
2.60605e-06
3.01777e-12
3.54916e-09
3.0863e-06
3.60311e-09
3.33702e-06
4.21108e-11
3.05362e-09
2.67163e-06
4.2151e-11
3.34739e-09
3.10899e-06
3.38864e-09
3.3363e-06
7.74634e-11
2.62362e-09
2.66684e-06
7.80658e-11
2.88408e-09
3.06405e-06
2.90968e-09
3.26875e-06
1.05833e-10
2.06359e-09
2.60249e-06
1.07498e-10
2.26987e-09
2.96195e-06
2.2792e-09
3.14528e-06
1.25919e-10
1.46541e-09
2.48571e-06
1.28958e-10
1.60779e-09
2.80917e-06
1.60099e-09
2.97236e-06
1.37851e-10
8.96719e-10
2.31854e-06
1.41863e-10
9.75813e-10
2.60627e-06
9.59041e-10
2.75051e-06
1.40327e-10
3.92413e-10
2.09298e-06
1.44598e-10
4.23663e-10
2.34273e-06
4.07565e-10
2.46854e-06
1.29916e-10
1.70043e-06
1.33625e-10
1.90319e-06
2.00704e-06
-9.29819e-11
2.62153e-09
2.20235e-06
-7.64513e-11
2.78741e-09
2.77616e-06
2.83886e-09
3.07451e-06
-3.98599e-11
3.05184e-09
2.45529e-06
-3.6215e-11
3.3056e-09
2.98127e-06
3.36516e-09
3.25564e-06
1.51488e-12
3.15674e-09
2.60594e-06
3.1615e-12
3.44559e-09
3.08616e-06
3.50063e-09
3.33689e-06
4.05932e-11
2.95984e-09
2.67178e-06
4.06848e-11
3.24464e-09
3.10919e-06
3.28663e-09
3.33656e-06
7.44269e-11
2.54055e-09
2.66718e-06
7.50721e-11
2.7922e-09
3.0645e-06
2.81847e-09
3.2693e-06
1.01624e-10
1.99631e-09
2.60293e-06
1.03279e-10
2.19525e-09
2.96254e-06
2.20536e-09
3.14599e-06
1.20881e-10
1.41619e-09
2.48617e-06
1.2383e-10
1.5534e-09
2.80981e-06
1.5476e-09
2.97315e-06
1.32299e-10
8.65672e-10
2.31896e-06
1.36149e-10
9.41904e-10
2.60688e-06
9.26241e-10
2.75127e-06
1.34613e-10
3.78262e-10
2.09333e-06
1.38668e-10
4.08524e-10
2.34326e-06
3.93244e-10
2.46921e-06
1.24556e-10
1.70069e-06
1.2802e-10
1.9036e-06
2.00756e-06
-9.0281e-11
2.55376e-09
2.20177e-06
-7.41441e-11
2.72292e-09
2.77536e-06
2.7772e-09
3.07362e-06
-3.82901e-11
2.96632e-09
2.45491e-06
-3.46622e-11
3.21708e-09
2.98077e-06
3.2783e-09
3.25511e-06
1.66333e-12
3.06395e-09
2.60584e-06
3.27229e-12
3.34583e-09
3.08603e-06
3.40185e-09
3.33677e-06
3.91523e-11
2.86976e-09
2.67194e-06
3.9288e-11
3.14603e-09
3.10939e-06
3.18867e-09
3.33681e-06
7.15485e-11
2.4609e-09
2.66752e-06
7.22404e-11
2.70417e-09
3.06494e-06
2.73103e-09
3.26983e-06
9.76374e-11
1.93187e-09
2.60336e-06
9.92894e-11
2.12379e-09
2.96312e-06
2.13461e-09
3.14669e-06
1.16112e-10
1.36908e-09
2.48661e-06
1.18981e-10
1.50131e-09
2.81043e-06
1.49644e-09
2.9739e-06
1.27042e-10
8.35952e-10
2.31937e-06
1.30745e-10
9.09416e-10
2.60747e-06
8.94777e-10
2.752e-06
1.29202e-10
3.64713e-10
2.09367e-06
1.3306e-10
3.94003e-10
2.34377e-06
3.79484e-10
2.46986e-06
1.19477e-10
1.70093e-06
1.2272e-10
1.90399e-06
2.00807e-06
-8.77068e-11
2.4877e-09
2.20121e-06
-7.19669e-11
2.65959e-09
2.77459e-06
2.71637e-09
3.07277e-06
-3.68202e-11
2.88361e-09
2.45455e-06
-3.32173e-11
3.13128e-09
2.9803e-06
3.19394e-09
3.25459e-06
1.78506e-12
2.97459e-09
2.60575e-06
3.35653e-12
3.24974e-09
3.08591e-06
3.3066e-09
3.33666e-06
3.77695e-11
2.78327e-09
2.67209e-06
3.79593e-11
3.05132e-09
3.10959e-06
3.09455e-09
3.33706e-06
6.88305e-11
2.38454e-09
2.66785e-06
6.95612e-11
2.61976e-09
3.06537e-06
2.64715e-09
3.27034e-06
9.38695e-11
1.87014e-09
2.60378e-06
9.55162e-11
2.05531e-09
2.96368e-06
2.06677e-09
3.14736e-06
1.116e-10
1.32398e-09
2.48705e-06
1.14395e-10
1.45139e-09
2.81103e-06
1.44737e-09
2.97464e-06
1.22067e-10
8.07502e-10
2.31976e-06
1.25632e-10
8.78268e-10
2.60804e-06
8.64573e-10
2.75271e-06
1.24079e-10
3.51746e-10
2.094e-06
1.27754e-10
3.80068e-10
2.34426e-06
3.66254e-10
2.47048e-06
1.14665e-10
1.70117e-06
1.17707e-10
1.90437e-06
2.00855e-06
-8.52453e-11
2.42334e-09
2.20067e-06
-6.99059e-11
2.59747e-09
2.77385e-06
2.65646e-09
3.07194e-06
-3.54363e-11
2.8036e-09
2.45421e-06
-3.1867e-11
3.04814e-09
2.97984e-06
3.11205e-09
3.25411e-06
1.89098e-12
2.88852e-09
2.60566e-06
3.4216e-12
3.15716e-09
3.08579e-06
3.21475e-09
3.33656e-06
3.64642e-11
2.70014e-09
2.67224e-06
3.6698e-11
2.96036e-09
3.10979e-06
3.00408e-09
3.33731e-06
6.62562e-11
2.31126e-09
2.66817e-06
6.7026e-11
2.5388e-09
3.06579e-06
2.56666e-09
3.27085e-06
9.0303e-11
1.81097e-09
2.60419e-06
9.19458e-11
1.98966e-09
2.96423e-06
2.00171e-09
3.14802e-06
1.07329e-10
1.28076e-09
2.48747e-06
1.10054e-10
1.40352e-09
2.81162e-06
1.40028e-09
2.97535e-06
1.17354e-10
7.80245e-10
2.32014e-06
1.20791e-10
8.48385e-10
2.60859e-06
8.35564e-10
2.7534e-06
1.19225e-10
3.39322e-10
2.09432e-06
1.2273e-10
3.66685e-10
2.34474e-06
3.53528e-10
2.47109e-06
1.10103e-10
1.7014e-06
1.12961e-10
1.90473e-06
2.00902e-06
-8.28873e-11
2.36071e-09
2.20015e-06
-6.795e-11
2.5366e-09
2.77313e-06
2.59753e-09
3.07115e-06
-3.41306e-11
2.72624e-09
2.45388e-06
-3.06012e-11
2.96759e-09
2.97941e-06
3.03256e-09
3.25364e-06
1.98464e-12
2.8056e-09
2.60558e-06
3.47252e-12
3.06796e-09
3.08569e-06
3.12615e-09
3.33647e-06
3.52289e-11
2.62024e-09
2.67239e-06
3.55014e-11
2.87296e-09
3.10998e-06
2.9171e-09
3.33755e-06
6.38223e-11
2.24092e-09
2.66849e-06
6.46277e-11
2.4611e-09
3.0662e-06
2.48938e-09
3.27134e-06
8.69295e-11
1.75421e-09
2.60459e-06
8.85671e-11
1.92667e-09
2.96476e-06
1.93925e-09
3.14866e-06
1.03285e-10
1.23934e-09
2.48788e-06
1.05944e-10
1.35758e-09
2.81218e-06
1.35507e-09
2.97604e-06
1.12889e-10
7.54124e-10
2.32051e-06
1.16207e-10
8.19697e-10
2.60912e-06
8.07688e-10
2.75406e-06
1.14625e-10
3.27418e-10
2.09463e-06
1.17973e-10
3.53823e-10
2.3452e-06
3.41283e-10
2.47167e-06
1.05777e-10
1.70162e-06
1.08463e-10
1.90508e-06
2.00947e-06
-8.06247e-11
2.29978e-09
2.19965e-06
-6.60898e-11
2.47702e-09
2.77244e-06
2.53962e-09
3.07038e-06
-3.28959e-11
2.65145e-09
2.45356e-06
-2.94109e-11
2.88956e-09
2.97899e-06
2.95541e-09
3.2532e-06
2.07057e-12
2.72571e-09
2.6055e-06
3.51357e-12
2.98199e-09
3.0856e-06
3.04068e-09
3.33639e-06
3.40633e-11
2.54341e-09
2.67254e-06
3.43668e-11
2.78893e-09
3.11018e-06
2.83343e-09
3.33779e-06
6.15234e-11
2.17338e-09
2.6688e-06
6.23583e-11
2.3865e-09
3.0666e-06
2.41515e-09
3.27182e-06
8.37395e-11
1.69976e-09
2.60498e-06
8.53682e-11
1.86623e-09
2.96528e-06
1.87928e-09
3.14928e-06
9.94578e-11
1.19961e-09
2.48828e-06
1.0205e-10
1.31348e-09
2.81273e-06
1.31164e-09
2.97671e-06
1.0866e-10
7.29083e-10
2.32088e-06
1.11862e-10
7.9214e-10
2.60964e-06
7.80886e-10
2.7547e-06
1.10266e-10
3.16009e-10
2.09494e-06
1.13464e-10
3.41454e-10
2.34565e-06
3.29495e-10
2.47224e-06
1.01675e-10
1.70183e-06
1.04197e-10
1.90542e-06
2.0099e-06
-7.8451e-11
2.24054e-09
2.19917e-06
-6.43182e-11
2.41874e-09
2.77177e-06
2.48279e-09
3.06964e-06
-3.1726e-11
2.57915e-09
2.45325e-06
-2.82887e-11
2.81397e-09
2.97859e-06
2.88056e-09
3.25277e-06
2.15254e-12
2.64872e-09
2.60543e-06
3.54891e-12
2.89911e-09
3.08551e-06
2.95821e-09
3.33631e-06
3.29676e-11
2.46952e-09
2.67269e-06
3.3292e-11
2.70814e-09
3.11037e-06
2.75292e-09
3.33803e-06
5.93543e-11
2.10848e-09
2.6691e-06
6.02103e-11
2.31485e-09
3.067e-06
2.3438e-09
3.27229e-06
8.0725e-11
1.64748e-09
2.60536e-06
8.23383e-11
1.8082e-09
2.96579e-06
1.82166e-09
3.14988e-06
9.58372e-11
1.16151e-09
2.48867e-06
9.83597e-11
1.27112e-09
2.81327e-06
1.2699e-09
2.97736e-06
1.04654e-10
7.05072e-10
2.32123e-06
1.07744e-10
7.65653e-10
2.61014e-06
7.55101e-10
2.75533e-06
1.06134e-10
3.05074e-10
2.09523e-06
1.09189e-10
3.29554e-10
2.34608e-06
3.18139e-10
2.47278e-06
9.77855e-11
1.70204e-06
1.00152e-10
1.90575e-06
2.01032e-06
-7.63605e-11
2.18298e-09
2.1987e-06
-6.26309e-11
2.36178e-09
2.77113e-06
2.42706e-09
3.06893e-06
-3.06153e-11
2.50925e-09
2.45295e-06
-2.72286e-11
2.74077e-09
2.97821e-06
2.80794e-09
3.25236e-06
2.2331e-12
2.57452e-09
2.60536e-06
3.58224e-12
2.81921e-09
3.08543e-06
2.87861e-09
3.33625e-06
3.19406e-11
2.39843e-09
2.67283e-06
3.22744e-11
2.63043e-09
3.11056e-06
2.67542e-09
3.33827e-06
5.73092e-11
2.04611e-09
2.66939e-06
5.81763e-11
2.24602e-09
3.06738e-06
2.2752e-09
3.27275e-06
7.78771e-11
1.59726e-09
2.60573e-06
7.94671e-11
1.75247e-09
2.96628e-06
1.76627e-09
3.15047e-06
9.24127e-11
1.12496e-09
2.48905e-06
9.48597e-11
1.2304e-09
2.81379e-06
1.22975e-09
2.97799e-06
1.0086e-10
6.82044e-10
2.32157e-06
1.03837e-10
7.40182e-10
2.61063e-06
7.30283e-10
2.75593e-06
1.02217e-10
2.9459e-10
2.09551e-06
1.05133e-10
3.18098e-10
2.3465e-06
3.07193e-10
2.47331e-06
9.40963e-11
1.70224e-06
9.63156e-11
1.90606e-06
2.01072e-06
-7.43473e-11
2.12707e-09
2.19825e-06
-6.10253e-11
2.30615e-09
2.7705e-06
2.37245e-09
3.06824e-06
-2.95581e-11
2.44169e-09
2.45267e-06
-2.62261e-11
2.66987e-09
2.97785e-06
2.73749e-09
3.25197e-06
2.31337e-12
2.50299e-09
2.6053e-06
3.61744e-12
2.74216e-09
3.08536e-06
2.80176e-09
3.33619e-06
3.09775e-11
2.33e-09
2.67297e-06
3.13129e-11
2.55567e-09
3.11074e-06
2.60077e-09
3.3385e-06
5.53802e-11
1.98614e-09
2.66968e-06
5.62533e-11
2.17986e-09
3.06775e-06
2.2092e-09
3.2732e-06
7.51851e-11
1.549e-09
2.60609e-06
7.67507e-11
1.69892e-09
2.96676e-06
1.713e-09
3.15105e-06
8.91708e-11
1.08986e-09
2.48942e-06
9.15398e-11
1.19126e-09
2.81429e-06
1.19113e-09
2.9786e-06
9.72627e-11
6.59945e-10
2.3219e-06
1.00129e-10
7.15683e-10
2.6111e-06
7.06383e-10
2.75652e-06
9.85023e-11
2.84535e-10
2.09579e-06
1.0129e-10
3.07067e-10
2.34691e-06
2.96641e-10
2.47382e-06
9.05953e-11
1.70243e-06
9.26736e-11
1.90637e-06
2.01111e-06
-7.24046e-11
2.07278e-09
2.19781e-06
-5.94978e-11
2.25185e-09
2.7699e-06
2.31899e-09
3.06757e-06
-2.85477e-11
2.37637e-09
2.45239e-06
-2.52771e-11
2.60121e-09
2.97749e-06
2.66915e-09
3.2516e-06
2.39586e-12
2.43401e-09
2.60524e-06
3.65718e-12
2.66785e-09
3.08529e-06
2.72754e-09
3.33613e-06
3.00523e-11
2.26413e-09
2.67311e-06
3.04057e-11
2.4837e-09
3.11093e-06
2.52885e-09
3.33873e-06
5.35617e-11
1.92847e-09
2.66996e-06
5.44403e-11
2.11624e-09
3.06812e-06
2.14569e-09
3.27363e-06
7.26389e-11
1.50263e-09
2.60644e-06
7.41793e-11
1.64744e-09
2.96723e-06
1.66175e-09
3.1516e-06
8.60985e-11
1.05614e-09
2.48978e-06
8.83911e-11
1.15361e-09
2.81479e-06
1.15395e-09
2.9792e-06
9.38503e-11
6.38727e-10
2.32222e-06
9.66058e-11
6.92114e-10
2.61156e-06
6.83355e-10
2.75708e-06
9.49761e-11
2.74886e-10
2.09606e-06
9.76471e-11
2.96443e-10
2.3473e-06
2.86464e-10
2.47432e-06
8.72701e-11
1.70262e-06
8.92154e-11
1.90666e-06
2.01149e-06
-7.05292e-11
2.02008e-09
2.19739e-06
-5.80414e-11
2.19887e-09
2.76932e-06
2.26666e-09
3.06693e-06
-2.75821e-11
2.31323e-09
2.45213e-06
-2.43768e-11
2.53472e-09
2.97715e-06
2.60286e-09
3.25124e-06
2.47835e-12
2.36749e-09
2.60518e-06
3.70216e-12
2.59618e-09
3.08523e-06
2.65585e-09
3.33608e-06
2.91813e-11
2.2007e-09
2.67325e-06
2.95519e-11
2.41442e-09
3.11111e-06
2.45953e-09
3.33895e-06
5.18437e-11
1.87299e-09
2.67024e-06
5.27256e-11
2.05504e-09
3.06848e-06
2.08453e-09
3.27406e-06
7.02273e-11
1.45804e-09
2.60679e-06
7.17429e-11
1.59791e-09
2.96768e-06
1.61241e-09
3.15215e-06
8.31837e-11
1.02374e-09
2.49013e-06
8.5405e-11
1.11741e-09
2.81526e-06
1.11815e-09
2.97978e-06
9.061e-11
6.18344e-10
2.32254e-06
9.32609e-11
6.69432e-10
2.61201e-06
6.61161e-10
2.75763e-06
9.16262e-11
2.65624e-10
2.09632e-06
9.41887e-11
2.8621e-10
2.34768e-06
2.76644e-10
2.4748e-06
8.41091e-11
1.7028e-06
8.59321e-11
1.90695e-06
2.01185e-06
-6.87178e-11
1.96893e-09
2.19698e-06
-5.66478e-11
2.14721e-09
2.76876e-06
2.2155e-09
3.0663e-06
-2.66593e-11
2.25218e-09
2.45187e-06
-2.35211e-11
2.47033e-09
2.97683e-06
2.53856e-09
3.25089e-06
2.56078e-12
2.30332e-09
2.60513e-06
3.7511e-12
2.52701e-09
3.08517e-06
2.58659e-09
3.33604e-06
2.83604e-11
2.1396e-09
2.67338e-06
2.87485e-11
2.34768e-09
3.11129e-06
2.39271e-09
3.33918e-06
5.02197e-11
1.81958e-09
2.67051e-06
5.10909e-11
1.99615e-09
3.06883e-06
2.02563e-09
3.27448e-06
6.79419e-11
1.41516e-09
2.60712e-06
6.94331e-11
1.55027e-09
2.96813e-06
1.56489e-09
3.15268e-06
8.04167e-11
9.92581e-10
2.49047e-06
8.25719e-11
1.08257e-09
2.81573e-06
1.08365e-09
2.98034e-06
8.75312e-11
5.98757e-10
2.32284e-06
9.00845e-11
6.47599e-10
2.61244e-06
6.39762e-10
2.75817e-06
8.8442e-11
2.56729e-10
2.09657e-06
9.09033e-11
2.76352e-10
2.34805e-06
2.67162e-10
2.47526e-06
8.11024e-11
1.70298e-06
8.28163e-11
1.90722e-06
2.0122e-06
-6.69675e-11
1.91931e-09
2.19658e-06
-5.53103e-11
2.09686e-09
2.76822e-06
2.16548e-09
3.0657e-06
-2.57769e-11
2.19316e-09
2.45162e-06
-2.27072e-11
2.40797e-09
2.97651e-06
2.47618e-09
3.25056e-06
2.64384e-12
2.2414e-09
2.60508e-06
3.80161e-12
2.46026e-09
3.08512e-06
2.51966e-09
3.336e-06
2.7588e-11
2.08072e-09
2.67352e-06
2.79822e-11
2.28339e-09
3.11146e-06
2.32826e-09
3.3394e-06
4.86831e-11
1.76817e-09
2.67077e-06
4.9544e-11
1.93946e-09
3.06917e-06
1.96886e-09
3.27489e-06
6.57749e-11
1.37389e-09
2.60745e-06
6.72417e-11
1.50442e-09
2.96856e-06
1.51911e-09
3.1532e-06
7.77889e-11
9.6261e-10
2.4908e-06
7.98871e-11
1.04904e-09
2.81618e-06
1.05041e-09
2.98089e-06
8.46048e-11
5.79927e-10
2.32314e-06
8.70663e-11
6.26576e-10
2.61286e-06
6.1912e-10
2.75869e-06
8.54139e-11
2.48187e-10
2.09682e-06
8.77804e-11
2.6686e-10
2.34841e-06
2.58e-10
2.47571e-06
7.82412e-11
1.70315e-06
7.98643e-11
1.90749e-06
2.01254e-06
-6.52757e-11
1.87116e-09
2.1962e-06
-5.40233e-11
2.0478e-09
2.76769e-06
2.11662e-09
3.06511e-06
-2.49329e-11
2.1361e-09
2.45138e-06
-2.19321e-11
2.34758e-09
2.97621e-06
2.41568e-09
3.25023e-06
2.72704e-12
2.18166e-09
2.60503e-06
3.8525e-12
2.39582e-09
3.08507e-06
2.45498e-09
3.33596e-06
2.68599e-11
2.02397e-09
2.67365e-06
2.72556e-11
2.22142e-09
3.11164e-06
2.26608e-09
3.33961e-06
4.72299e-11
1.71865e-09
2.67103e-06
4.80781e-11
1.88487e-09
3.06951e-06
1.91415e-09
3.27529e-06
6.37196e-11
1.33417e-09
2.60777e-06
6.51613e-11
1.46027e-09
2.96898e-06
1.47499e-09
3.1537e-06
7.52923e-11
9.33771e-10
2.49113e-06
7.7333e-11
1.01675e-09
2.81662e-06
1.01836e-09
2.98142e-06
8.18219e-11
5.61819e-10
2.32343e-06
8.42016e-11
6.06322e-10
2.61327e-06
5.99209e-10
2.75919e-06
8.2533e-11
2.39979e-10
2.09706e-06
8.48111e-11
2.57705e-10
2.34876e-06
2.49152e-10
2.47614e-06
7.55171e-11
1.70331e-06
7.70572e-11
1.90774e-06
2.01286e-06
-6.36397e-11
1.82447e-09
2.19583e-06
-5.27825e-11
2e-09
2.76718e-06
2.0689e-09
3.06454e-06
-2.41259e-11
2.08092e-09
2.45115e-06
-2.11939e-11
2.28908e-09
2.97592e-06
2.35699e-09
3.24992e-06
2.81008e-12
2.12398e-09
2.60498e-06
3.90277e-12
2.33358e-09
3.08502e-06
2.39245e-09
3.33593e-06
2.61735e-11
1.96925e-09
2.67378e-06
2.65687e-11
2.16168e-09
3.11181e-06
2.20609e-09
3.33983e-06
4.58544e-11
1.67093e-09
2.67128e-06
4.66893e-11
1.83227e-09
3.06984e-06
1.86141e-09
3.27568e-06
6.17687e-11
1.29592e-09
2.60809e-06
6.31794e-11
1.41775e-09
2.9694e-06
1.43246e-09
3.15419e-06
7.2919e-11
9.06009e-10
2.49145e-06
7.49003e-11
9.85661e-10
2.81705e-06
9.87451e-10
2.98194e-06
7.91744e-11
5.44397e-10
2.32371e-06
8.1484e-11
5.86802e-10
2.61366e-06
5.79995e-10
2.75968e-06
7.97907e-11
2.32091e-10
2.09729e-06
8.19873e-11
2.48877e-10
2.34909e-06
2.40606e-10
2.47656e-06
7.29222e-11
1.70347e-06
7.43873e-11
1.90799e-06
2.01318e-06
-6.20577e-11
1.77918e-09
2.19547e-06
-5.15844e-11
1.95345e-09
2.76669e-06
2.02232e-09
3.06399e-06
-2.33542e-11
2.02756e-09
2.45092e-06
-2.04903e-11
2.23242e-09
2.97564e-06
2.30005e-09
3.24963e-06
2.89405e-12
2.06831e-09
2.60494e-06
3.95226e-12
2.27348e-09
3.08498e-06
2.33199e-09
3.3359e-06
2.55252e-11
1.91648e-09
2.6739e-06
2.59169e-11
2.10407e-09
3.11198e-06
2.14819e-09
3.34004e-06
4.45517e-11
1.62495e-09
2.67153e-06
4.53707e-11
1.78158e-09
3.07016e-06
1.81054e-09
3.27606e-06
5.99163e-11
1.25908e-09
2.60839e-06
6.12943e-11
1.37678e-09
2.9698e-06
1.39145e-09
3.15467e-06
7.06618e-11
8.79276e-10
2.49175e-06
7.25868e-11
9.557e-10
2.81747e-06
9.57638e-10
2.98245e-06
7.66541e-11
5.27632e-10
2.32399e-06
7.8898e-11
5.67986e-10
2.61405e-06
5.61452e-10
2.76015e-06
7.7179e-11
2.24509e-10
2.09752e-06
7.93001e-11
2.40359e-10
2.34942e-06
2.32348e-10
2.47697e-06
7.0449e-11
1.70362e-06
7.18461e-11
1.90823e-06
2.01348e-06
-6.05273e-11
1.73525e-09
2.19512e-06
-5.04268e-11
1.90813e-09
2.76621e-06
1.97686e-09
3.06345e-06
-2.26146e-11
1.97595e-09
2.45071e-06
-1.98202e-11
2.17754e-09
2.97536e-06
2.24482e-09
3.24934e-06
2.97485e-12
2.01454e-09
2.6049e-06
3.99722e-12
2.21541e-09
3.08494e-06
2.27352e-09
3.33588e-06
2.49133e-11
1.86556e-09
2.67403e-06
2.5299e-11
2.04849e-09
3.11214e-06
2.09228e-09
3.34024e-06
4.33159e-11
1.58061e-09
2.67177e-06
4.41179e-11
1.73271e-09
3.07047e-06
1.76147e-09
3.27644e-06
5.8156e-11
1.22356e-09
2.60869e-06
5.95017e-11
1.33728e-09
2.97019e-06
1.35189e-09
3.15514e-06
6.85142e-11
8.53519e-10
2.49206e-06
7.03889e-11
9.26816e-10
2.81788e-06
9.28876e-10
2.98294e-06
7.42542e-11
5.1149e-10
2.32426e-06
7.64366e-11
5.49839e-10
2.61442e-06
5.43551e-10
2.76061e-06
7.46909e-11
2.17218e-10
2.09774e-06
7.67422e-11
2.32139e-10
2.34973e-06
2.24368e-10
2.47737e-06
6.80913e-11
1.70377e-06
6.94269e-11
1.90846e-06
2.01378e-06
-5.90475e-11
1.69266e-09
2.19478e-06
-4.93069e-11
1.86402e-09
2.76574e-06
1.93251e-09
3.06294e-06
-2.19081e-11
1.92604e-09
2.45049e-06
-1.91818e-11
2.12437e-09
2.9751e-06
2.19123e-09
3.24906e-06
3.05258e-12
1.96261e-09
2.60486e-06
4.03891e-12
2.1593e-09
3.08491e-06
2.21697e-09
3.33586e-06
2.43363e-11
1.81643e-09
2.67415e-06
2.47108e-11
1.99485e-09
3.11231e-06
2.03829e-09
3.34045e-06
4.21448e-11
1.53785e-09
2.672e-06
4.29264e-11
1.68558e-09
3.07078e-06
1.71412e-09
3.27681e-06
5.64832e-11
1.18933e-09
2.60898e-06
5.77959e-11
1.29921e-09
2.97058e-06
1.31373e-09
3.1556e-06
6.64698e-11
8.28701e-10
2.49235e-06
6.82965e-11
8.98968e-10
2.81828e-06
9.01122e-10
2.98343e-06
7.1968e-11
4.95946e-10
2.32452e-06
7.40921e-11
5.32335e-10
2.61479e-06
5.26266e-10
2.76106e-06
7.23196e-11
2.10206e-10
2.09795e-06
7.43058e-11
2.24204e-10
2.35004e-06
2.16654e-10
2.47775e-06
6.58427e-11
1.70392e-06
6.71224e-11
1.90868e-06
2.01406e-06
-5.76152e-11
1.65136e-09
2.19445e-06
-4.82227e-11
1.82108e-09
2.76529e-06
1.88925e-09
3.06243e-06
-2.12319e-11
1.87774e-09
2.45029e-06
-1.85735e-11
2.07285e-09
2.97485e-06
2.13923e-09
3.24879e-06
3.12925e-12
1.91244e-09
2.60482e-06
4.07717e-12
2.10507e-09
3.08487e-06
2.16225e-09
3.33584e-06
2.37888e-11
1.769e-09
2.67427e-06
2.415e-11
1.94308e-09
3.11247e-06
1.98614e-09
3.34065e-06
4.10323e-11
1.49659e-09
2.67224e-06
4.17922e-11
1.64012e-09
3.07108e-06
1.66841e-09
3.27717e-06
5.48914e-11
1.15632e-09
2.60927e-06
5.61718e-11
1.26248e-09
2.97095e-06
1.2769e-09
3.15605e-06
6.45223e-11
8.04771e-10
2.49264e-06
6.63035e-11
8.72108e-10
2.81867e-06
8.74332e-10
2.98389e-06
6.97887e-11
4.80967e-10
2.32477e-06
7.18583e-11
5.15447e-10
2.61514e-06
5.09572e-10
2.7615e-06
7.00586e-11
2.03459e-10
2.09816e-06
7.19845e-11
2.16544e-10
2.35034e-06
2.09197e-10
2.47813e-06
6.36972e-11
1.70406e-06
6.49266e-11
1.9089e-06
2.01434e-06
-5.62292e-11
1.61131e-09
2.19413e-06
-4.71724e-11
1.7793e-09
2.76485e-06
1.84706e-09
3.06194e-06
-2.05853e-11
1.83102e-09
2.45009e-06
-1.79943e-11
2.02293e-09
2.9746e-06
2.08877e-09
3.24853e-06
3.20294e-12
1.86396e-09
2.60478e-06
4.11119e-12
2.05265e-09
3.08484e-06
2.10929e-09
3.33582e-06
2.32693e-11
1.7232e-09
2.67438e-06
2.36142e-11
1.8931e-09
3.11263e-06
1.93574e-09
3.34084e-06
3.99748e-11
1.45678e-09
2.67246e-06
4.07113e-11
1.59626e-09
3.07138e-06
1.62429e-09
3.27752e-06
5.33759e-11
1.12447e-09
2.60955e-06
5.4624e-11
1.22706e-09
2.97132e-06
1.24136e-09
3.15648e-06
6.26662e-11
7.81692e-10
2.49292e-06
6.44036e-11
8.46197e-10
2.81905e-06
8.48468e-10
2.98435e-06
6.77104e-11
4.66531e-10
2.32502e-06
6.97287e-11
4.9915e-10
2.61549e-06
4.93447e-10
2.76192e-06
6.79017e-11
1.96963e-10
2.09836e-06
6.97717e-11
2.09146e-10
2.35062e-06
2.01987e-10
2.47849e-06
6.16494e-11
1.70419e-06
6.28331e-11
1.90911e-06
2.0146e-06
-5.4888e-11
1.57246e-09
2.19382e-06
-4.61546e-11
1.73865e-09
2.76443e-06
1.80593e-09
3.06147e-06
-1.99674e-11
1.78581e-09
2.4499e-06
-1.74427e-11
1.97456e-09
2.97436e-06
2.0398e-09
3.24828e-06
3.27297e-12
1.8171e-09
2.60475e-06
4.1408e-12
2.00195e-09
3.08481e-06
2.05804e-09
3.33581e-06
2.27753e-11
1.67897e-09
2.6745e-06
2.31019e-11
1.84482e-09
3.11279e-06
1.88703e-09
3.34104e-06
3.89685e-11
1.41833e-09
2.67268e-06
3.96808e-11
1.55392e-09
3.07167e-06
1.58167e-09
3.27786e-06
5.1932e-11
1.09373e-09
2.60982e-06
5.31486e-11
1.19287e-09
2.97168e-06
1.20704e-09
3.15691e-06
6.0896e-11
7.59424e-10
2.49319e-06
6.25922e-11
8.21192e-10
2.81942e-06
8.23494e-10
2.9848e-06
6.57277e-11
4.52609e-10
2.32526e-06
6.76981e-11
4.83419e-10
2.61582e-06
4.77868e-10
2.76234e-06
6.58436e-11
1.90709e-10
2.09855e-06
6.76624e-11
2.02e-10
2.3509e-06
1.95016e-10
2.47884e-06
5.96943e-11
1.70432e-06
6.08349e-11
1.90931e-06
2.01486e-06
-5.35896e-11
1.5348e-09
2.19351e-06
-4.51678e-11
1.6991e-09
2.76401e-06
1.76583e-09
3.061e-06
-1.93769e-11
1.74206e-09
2.44971e-06
-1.69176e-11
1.92767e-09
2.97413e-06
1.99228e-09
3.24804e-06
3.33906e-12
1.77179e-09
2.60471e-06
4.16571e-12
1.95293e-09
3.08479e-06
2.00842e-09
3.3358e-06
2.23046e-11
1.63623e-09
2.67461e-06
2.2611e-11
1.79819e-09
3.11294e-06
1.83995e-09
3.34123e-06
3.80101e-11
1.38121e-09
2.6729e-06
3.86969e-11
1.51305e-09
3.07196e-06
1.5405e-09
3.2782e-06
5.05554e-11
1.06405e-09
2.61008e-06
5.17409e-11
1.15988e-09
2.97203e-06
1.17389e-09
3.15733e-06
5.92073e-11
7.37931e-10
2.49346e-06
6.08639e-11
7.97059e-10
2.81978e-06
7.99375e-10
2.98523e-06
6.38354e-11
4.3918e-10
2.32549e-06
6.5759e-11
4.68232e-10
2.61615e-06
4.62815e-10
2.76274e-06
6.38792e-11
1.84682e-10
2.09874e-06
6.56487e-11
1.95097e-10
2.35117e-06
1.88272e-10
2.47918e-06
5.78276e-11
1.70445e-06
5.89293e-11
1.9095e-06
2.0151e-06
-5.23329e-11
1.49827e-09
2.19322e-06
-4.42107e-11
1.66062e-09
2.76361e-06
1.72675e-09
3.06055e-06
-1.8813e-11
1.6997e-09
2.44953e-06
-1.64179e-11
1.88223e-09
2.97391e-06
1.94616e-09
3.2478e-06
3.40061e-12
1.72799e-09
2.60468e-06
4.18573e-12
1.9055e-09
3.08476e-06
1.96037e-09
3.33579e-06
2.18549e-11
1.59494e-09
2.67472e-06
2.21396e-11
1.75313e-09
3.11309e-06
1.79442e-09
3.34142e-06
3.70959e-11
1.34535e-09
2.67311e-06
3.77563e-11
1.47358e-09
3.07223e-06
1.50072e-09
3.27853e-06
4.92419e-11
1.03538e-09
2.61034e-06
5.03965e-11
1.12802e-09
2.97238e-06
1.14188e-09
3.15774e-06
5.75951e-11
7.17176e-10
2.49372e-06
5.92139e-11
7.73762e-10
2.82013e-06
7.76075e-10
2.98566e-06
6.20286e-11
4.26218e-10
2.32572e-06
6.39084e-11
4.5357e-10
2.61647e-06
4.48267e-10
2.76313e-06
6.20036e-11
1.78874e-10
2.09893e-06
6.37273e-11
1.88431e-10
2.35144e-06
1.81749e-10
2.47951e-06
5.60446e-11
1.70457e-06
5.71118e-11
1.90969e-06
2.01534e-06
-5.11161e-11
1.46285e-09
2.19293e-06
-4.32824e-11
1.62319e-09
2.76322e-06
1.68867e-09
3.06011e-06
-1.82749e-11
1.6587e-09
2.44935e-06
-1.59432e-11
1.83817e-09
2.97369e-06
1.90138e-09
3.24757e-06
3.45722e-12
1.68562e-09
2.60465e-06
4.20006e-12
1.85961e-09
3.08474e-06
1.91383e-09
3.33578e-06
2.14246e-11
1.55502e-09
2.67483e-06
2.16854e-11
1.70958e-09
3.11324e-06
1.75038e-09
3.3416e-06
3.6223e-11
1.31069e-09
2.67332e-06
3.68554e-11
1.43546e-09
3.07251e-06
1.46228e-09
3.27886e-06
4.79878e-11
1.00769e-09
2.6106e-06
4.91109e-11
1.09727e-09
2.97272e-06
1.11095e-09
3.15814e-06
5.60552e-11
6.9713e-10
2.49397e-06
5.76371e-11
7.51271e-10
2.82048e-06
7.53563e-10
2.98607e-06
6.03027e-11
4.13702e-10
2.32594e-06
6.21406e-11
4.39411e-10
2.61678e-06
4.34205e-10
2.76351e-06
6.02122e-11
1.7327e-10
2.09911e-06
6.18929e-11
1.8199e-10
2.35169e-06
1.75437e-10
2.47983e-06
5.43415e-11
1.70469e-06
5.53772e-11
1.90987e-06
2.01557e-06
-4.99404e-11
1.42849e-09
2.19265e-06
-4.23829e-11
1.58677e-09
2.76284e-06
1.65156e-09
3.05969e-06
-1.77568e-11
1.619e-09
2.44918e-06
-1.54939e-11
1.79545e-09
2.97348e-06
1.85792e-09
3.24735e-06
3.5089e-12
1.64463e-09
2.60462e-06
4.20737e-12
1.8152e-09
3.08472e-06
1.86876e-09
3.33577e-06
2.10117e-11
1.51641e-09
2.67494e-06
2.12463e-11
1.66748e-09
3.11339e-06
1.70778e-09
3.34178e-06
3.53877e-11
1.27719e-09
2.67352e-06
3.59919e-11
1.39864e-09
3.07278e-06
1.42512e-09
3.27918e-06
4.67887e-11
9.80926e-10
2.61085e-06
4.78809e-11
1.06757e-09
2.97305e-06
1.08106e-09
3.15853e-06
5.45831e-11
6.77754e-10
2.49422e-06
5.61297e-11
7.29554e-10
2.82081e-06
7.31808e-10
2.98648e-06
5.8653e-11
4.0161e-10
2.32616e-06
6.04517e-11
4.25739e-10
2.61708e-06
4.20611e-10
2.76389e-06
5.85003e-11
1.67862e-10
2.09928e-06
6.01414e-11
1.75769e-10
2.35194e-06
1.69331e-10
2.48014e-06
5.27139e-11
1.7048e-06
5.37218e-11
1.91004e-06
2.0158e-06
-4.88079e-11
1.39518e-09
2.19238e-06
-4.15099e-11
1.55134e-09
2.76246e-06
1.6154e-09
3.05927e-06
-1.72423e-11
1.58054e-09
2.44901e-06
-1.50658e-11
1.75402e-09
2.97327e-06
1.81572e-09
3.24714e-06
3.56803e-12
1.60495e-09
2.60459e-06
4.20727e-12
1.77223e-09
3.0847e-06
1.82508e-09
3.33577e-06
2.06106e-11
1.47907e-09
2.67504e-06
2.08218e-11
1.62679e-09
3.11353e-06
1.66655e-09
3.34196e-06
3.45855e-11
1.2448e-09
2.67372e-06
3.51632e-11
1.36306e-09
3.07304e-06
1.38919e-09
3.27949e-06
4.56404e-11
9.55047e-10
2.61109e-06
4.67028e-11
1.03888e-09
2.97337e-06
1.05217e-09
3.15892e-06
5.31744e-11
6.59022e-10
2.49446e-06
5.46873e-11
7.08583e-10
2.82114e-06
7.10784e-10
2.98687e-06
5.70751e-11
3.89921e-10
2.32637e-06
5.88368e-11
4.12536e-10
2.61738e-06
4.07468e-10
2.76425e-06
5.68636e-11
1.62637e-10
2.09945e-06
5.84679e-11
1.69758e-10
2.35218e-06
1.63423e-10
2.48044e-06
5.11579e-11
1.70492e-06
5.21411e-11
1.91021e-06
2.01601e-06
-4.77205e-11
1.36288e-09
2.19212e-06
-4.06672e-11
1.51686e-09
2.7621e-06
1.58018e-09
3.05886e-06
-1.67471e-11
1.5433e-09
2.44884e-06
-1.46577e-11
1.71384e-09
2.97308e-06
1.77474e-09
3.24693e-06
3.62062e-12
1.56655e-09
2.60457e-06
4.19757e-12
1.73063e-09
3.08468e-06
1.78275e-09
3.33576e-06
2.02244e-11
1.44295e-09
2.67515e-06
2.04111e-11
1.58743e-09
3.11368e-06
1.62665e-09
3.34214e-06
3.38165e-11
1.21346e-09
2.67392e-06
3.43676e-11
1.32867e-09
3.0733e-06
1.35444e-09
3.27979e-06
4.45413e-11
9.30019e-10
2.61133e-06
4.55742e-11
1.01117e-09
2.97369e-06
1.02425e-09
3.15929e-06
5.18267e-11
6.40906e-10
2.4947e-06
5.33069e-11
6.88325e-10
2.82146e-06
6.90461e-10
2.98726e-06
5.55661e-11
3.78619e-10
2.32658e-06
5.72927e-11
3.99783e-10
2.61766e-06
3.94761e-10
2.7646e-06
5.5299e-11
1.57588e-10
2.09962e-06
5.68689e-11
1.63953e-10
2.35242e-06
1.57707e-10
2.48074e-06
4.9671e-11
1.70502e-06
5.0632e-11
1.91038e-06
2.01622e-06
-4.66718e-11
1.33155e-09
2.19186e-06
-3.98502e-11
1.48332e-09
2.76175e-06
1.54586e-09
3.05847e-06
-1.62705e-11
1.50723e-09
2.44868e-06
-1.42708e-11
1.67487e-09
2.97288e-06
1.73495e-09
3.24672e-06
3.66825e-12
1.52939e-09
2.60454e-06
4.18263e-12
1.69034e-09
3.08467e-06
1.74173e-09
3.33576e-06
1.98515e-11
1.408e-09
2.67525e-06
2.00123e-11
1.54936e-09
3.11382e-06
1.58803e-09
3.34231e-06
3.30783e-11
1.18316e-09
2.67411e-06
3.36021e-11
1.29543e-09
3.07355e-06
1.32083e-09
3.2801e-06
4.34882e-11
9.05813e-10
2.61157e-06
4.44914e-11
9.8439e-10
2.974e-06
9.97253e-10
3.15966e-06
5.05364e-11
6.23384e-10
2.49493e-06
5.19844e-11
6.68757e-10
2.82178e-06
6.70815e-10
2.98764e-06
5.41222e-11
3.67687e-10
2.32678e-06
5.58147e-11
3.87463e-10
2.61794e-06
3.82475e-10
2.76494e-06
5.3803e-11
1.52707e-10
2.09978e-06
5.534e-11
1.58342e-10
2.35265e-06
1.52176e-10
2.48102e-06
4.825e-11
1.70513e-06
4.91904e-11
1.91053e-06
2.01642e-06
-4.56354e-11
1.30112e-09
2.19161e-06
-3.90495e-11
1.45071e-09
2.76141e-06
1.51243e-09
3.05808e-06
-1.58304e-11
1.47227e-09
2.44853e-06
-1.39071e-11
1.63706e-09
2.97269e-06
1.6963e-09
3.24653e-06
3.70514e-12
1.4934e-09
2.60452e-06
4.16078e-12
1.65131e-09
3.08465e-06
1.70196e-09
3.33576e-06
1.94879e-11
1.37417e-09
2.67535e-06
1.96237e-11
1.51252e-09
3.11396e-06
1.55063e-09
3.34248e-06
3.23676e-11
1.15383e-09
2.6743e-06
3.28642e-11
1.26329e-09
3.0738e-06
1.28832e-09
3.28039e-06
4.24776e-11
8.82386e-10
2.61179e-06
4.34513e-11
9.58508e-10
2.9743e-06
9.71148e-10
3.16002e-06
4.92998e-11
6.06424e-10
2.49516e-06
5.07166e-11
6.49848e-10
2.82208e-06
6.51822e-10
2.98801e-06
5.27396e-11
3.57105e-10
2.32698e-06
5.43996e-11
3.75561e-10
2.61822e-06
3.70595e-10
2.76528e-06
5.23716e-11
1.47983e-10
2.09994e-06
5.38778e-11
1.52923e-10
2.35287e-06
1.46825e-10
2.4813e-06
4.68915e-11
1.70523e-06
4.78131e-11
1.91068e-06
2.01662e-06
-4.46341e-11
1.2716e-09
2.19136e-06
-3.82739e-11
1.41899e-09
2.76107e-06
1.47986e-09
3.05771e-06
-1.54099e-11
1.43839e-09
2.44838e-06
-1.3562e-11
1.60037e-09
2.97251e-06
1.65877e-09
3.24633e-06
3.73526e-12
1.45855e-09
2.60449e-06
4.13319e-12
1.61351e-09
3.08464e-06
1.6634e-09
3.33576e-06
1.91351e-11
1.34143e-09
2.67545e-06
1.92448e-11
1.47687e-09
3.11409e-06
1.51442e-09
3.34265e-06
3.16837e-11
1.12544e-09
2.67448e-06
3.21522e-11
1.23221e-09
3.07404e-06
1.25686e-09
3.28068e-06
4.15078e-11
8.59715e-10
2.61202e-06
4.24514e-11
9.33491e-10
2.9746e-06
9.45903e-10
3.16037e-06
4.81147e-11
5.9001e-10
2.49538e-06
4.95e-11
6.31577e-10
2.82238e-06
6.33458e-10
2.98837e-06
5.14157e-11
3.46863e-10
2.32717e-06
5.30435e-11
3.6406e-10
2.61848e-06
3.59107e-10
2.76561e-06
5.10023e-11
1.4341e-10
2.10009e-06
5.24781e-11
1.47685e-10
2.35308e-06
1.41648e-10
2.48157e-06
4.55931e-11
1.70533e-06
4.64964e-11
1.91083e-06
2.0168e-06
-4.3671e-11
1.24296e-09
2.19112e-06
-3.75236e-11
1.38812e-09
2.76075e-06
1.44814e-09
3.05734e-06
-1.50042e-11
1.40556e-09
2.44823e-06
-1.32339e-11
1.56477e-09
2.97233e-06
1.6223e-09
3.24615e-06
3.75997e-12
1.4248e-09
2.60447e-06
4.10058e-12
1.57688e-09
3.08463e-06
1.62601e-09
3.33576e-06
1.87925e-11
1.30973e-09
2.67554e-06
1.88752e-11
1.44236e-09
3.11423e-06
1.47934e-09
3.34282e-06
3.10251e-11
1.09797e-09
2.67466e-06
3.14647e-11
1.20214e-09
3.07428e-06
1.22641e-09
3.28096e-06
4.05764e-11
8.37768e-10
2.61224e-06
4.14895e-11
9.09303e-10
2.97489e-06
9.21485e-10
3.16072e-06
4.69781e-11
5.74117e-10
2.49559e-06
4.83321e-11
6.13916e-10
2.82268e-06
6.15701e-10
2.98873e-06
5.01474e-11
3.36944e-10
2.32736e-06
5.17436e-11
3.52946e-10
2.61874e-06
3.47998e-10
2.76593e-06
4.96917e-11
1.38982e-10
2.10024e-06
5.11382e-11
1.42625e-10
2.35329e-06
1.36639e-10
2.48183e-06
4.43521e-11
1.70542e-06
4.52378e-11
1.91097e-06
2.01699e-06
-4.27377e-11
1.21517e-09
2.19089e-06
-3.6796e-11
1.3581e-09
2.76043e-06
1.41724e-09
3.05698e-06
-1.46179e-11
1.37374e-09
2.44808e-06
-1.29225e-11
1.53021e-09
2.97216e-06
1.58687e-09
3.24596e-06
3.77744e-12
1.39211e-09
2.60445e-06
4.06315e-12
1.54137e-09
3.08462e-06
1.58974e-09
3.33576e-06
1.84583e-11
1.27904e-09
2.67564e-06
1.8514e-11
1.40894e-09
3.11436e-06
1.44536e-09
3.34298e-06
3.03897e-11
1.07137e-09
2.67484e-06
3.07995e-11
1.17305e-09
3.07452e-06
1.19694e-09
3.28124e-06
3.96809e-11
8.16521e-10
2.61245e-06
4.05628e-11
8.85914e-10
2.97518e-06
8.97865e-10
3.16106e-06
4.58873e-11
5.58728e-10
2.49581e-06
4.72095e-11
5.96845e-10
2.82297e-06
5.9853e-10
2.98907e-06
4.89314e-11
3.27336e-10
2.32754e-06
5.0496e-11
3.42205e-10
2.61899e-06
3.37256e-10
2.76624e-06
4.84368e-11
1.3469e-10
2.10038e-06
4.98541e-11
1.37734e-10
2.35349e-06
1.31795e-10
2.48209e-06
4.31655e-11
1.70551e-06
4.40335e-11
1.91111e-06
2.01716e-06
-4.18315e-11
1.18818e-09
2.19066e-06
-3.60894e-11
1.32889e-09
2.76012e-06
1.38713e-09
3.05663e-06
-1.42465e-11
1.34287e-09
2.44794e-06
-1.26268e-11
1.49667e-09
2.97199e-06
1.55244e-09
3.24579e-06
3.77405e-12
1.36044e-09
2.60442e-06
4.01994e-12
1.50694e-09
3.08461e-06
1.55455e-09
3.33576e-06
1.81335e-11
1.24931e-09
2.67573e-06
1.81605e-11
1.37657e-09
3.11449e-06
1.41243e-09
3.34314e-06
2.97773e-11
1.04561e-09
2.67501e-06
3.01555e-11
1.1449e-09
3.07475e-06
1.16841e-09
3.28152e-06
3.88195e-11
7.95945e-10
2.61266e-06
3.96694e-11
8.63291e-10
2.97546e-06
8.75013e-10
3.16139e-06
4.48397e-11
5.43821e-10
2.49601e-06
4.61302e-11
5.8034e-10
2.82325e-06
5.81922e-10
2.98941e-06
4.77651e-11
3.18027e-10
2.32772e-06
4.92985e-11
3.31823e-10
2.61924e-06
3.26868e-10
2.76654e-06
4.72346e-11
1.30531e-10
2.10052e-06
4.86233e-11
1.33008e-10
2.35369e-06
1.27108e-10
2.48234e-06
4.20308e-11
1.7056e-06
4.28812e-11
1.91124e-06
2.01733e-06
-4.09518e-11
1.16198e-09
2.19044e-06
-3.54027e-11
1.30047e-09
2.75981e-06
1.3578e-09
3.05629e-06
-1.38911e-11
1.31295e-09
2.44781e-06
-1.23457e-11
1.4641e-09
2.97182e-06
1.51898e-09
3.24561e-06
3.76216e-12
1.32975e-09
2.6044e-06
3.97197e-12
1.47356e-09
3.0846e-06
1.5204e-09
3.33576e-06
1.78159e-11
1.22052e-09
2.67582e-06
1.78141e-11
1.34522e-09
3.11462e-06
1.38051e-09
3.3433e-06
2.91871e-11
1.02066e-09
2.67518e-06
2.95314e-11
1.11766e-09
3.07498e-06
1.14078e-09
3.28179e-06
3.79895e-11
7.76016e-10
2.61287e-06
3.88073e-11
8.41411e-10
2.97573e-06
8.52902e-10
3.16172e-06
4.38326e-11
5.29379e-10
2.49622e-06
4.50911e-11
5.64384e-10
2.82352e-06
5.65861e-10
2.98974e-06
4.66455e-11
3.09004e-10
2.32789e-06
4.81477e-11
3.21788e-10
2.61948e-06
3.16821e-10
2.76684e-06
4.60824e-11
1.26496e-10
2.10066e-06
4.74424e-11
1.28439e-10
2.35388e-06
1.22575e-10
2.48258e-06
4.09452e-11
1.70569e-06
4.17775e-11
1.91137e-06
2.0175e-06
-4.00976e-11
1.13653e-09
2.19022e-06
-3.47348e-11
1.27283e-09
2.75952e-06
1.32924e-09
3.05596e-06
-1.35516e-11
1.28392e-09
2.44767e-06
-1.20783e-11
1.43248e-09
2.97166e-06
1.48646e-09
3.24544e-06
3.7451e-12
1.3e-09
2.60438e-06
3.91989e-12
1.44119e-09
3.08459e-06
1.48727e-09
3.33577e-06
1.75048e-11
1.19262e-09
2.67591e-06
1.74746e-11
1.31485e-09
3.11475e-06
1.34958e-09
3.34345e-06
2.86151e-11
9.96493e-10
2.67535e-06
2.89262e-11
1.09128e-09
3.0752e-06
1.11403e-09
3.28205e-06
3.71888e-11
7.56706e-10
2.61307e-06
3.7975e-11
8.20242e-10
2.976e-06
8.31505e-10
3.16204e-06
4.28633e-11
5.15382e-10
2.49641e-06
4.40905e-11
5.48952e-10
2.82379e-06
5.50325e-10
2.99007e-06
4.55699e-11
3.00256e-10
2.32806e-06
4.70415e-11
3.12087e-10
2.61972e-06
3.07106e-10
2.76713e-06
4.4977e-11
1.22583e-10
2.10079e-06
4.63091e-11
1.24025e-10
2.35407e-06
1.18191e-10
2.48281e-06
3.9906e-11
1.70577e-06
4.07204e-11
1.91149e-06
2.01765e-06
-3.9268e-11
1.11182e-09
2.19001e-06
-3.40848e-11
1.24592e-09
2.75923e-06
1.30141e-09
3.05563e-06
-1.32266e-11
1.25575e-09
2.44754e-06
-1.18239e-11
1.40177e-09
2.9715e-06
1.45484e-09
3.24528e-06
3.72318e-12
1.27116e-09
2.60436e-06
3.86351e-12
1.40979e-09
3.08458e-06
1.45511e-09
3.33577e-06
1.71998e-11
1.16559e-09
2.676e-06
1.7143e-11
1.28542e-09
3.11487e-06
1.31959e-09
3.34361e-06
2.80598e-11
9.73077e-10
2.67551e-06
2.83382e-11
1.06575e-09
3.07542e-06
1.08812e-09
3.28231e-06
3.64154e-11
7.37998e-10
2.61327e-06
3.71699e-11
7.99761e-10
2.97627e-06
8.10798e-10
3.16235e-06
4.19295e-11
5.01817e-10
2.49661e-06
4.31255e-11
5.3403e-10
2.82406e-06
5.35297e-10
2.99039e-06
4.45353e-11
2.91773e-10
2.32822e-06
4.59767e-11
3.02707e-10
2.61995e-06
2.9771e-10
2.76741e-06
4.39156e-11
1.18784e-10
2.10092e-06
4.52199e-11
1.19757e-10
2.35425e-06
1.1395e-10
2.48304e-06
3.89103e-11
1.70585e-06
3.97065e-11
1.91161e-06
2.01781e-06
-3.84618e-11
1.08782e-09
2.1898e-06
-3.3452e-11
1.21974e-09
2.75894e-06
1.27429e-09
3.05531e-06
-1.29152e-11
1.22843e-09
2.44741e-06
-1.15811e-11
1.37194e-09
2.97135e-06
1.42411e-09
3.24512e-06
3.69655e-12
1.24319e-09
2.60435e-06
3.80348e-12
1.37933e-09
3.08457e-06
1.42389e-09
3.33577e-06
1.69005e-11
1.13938e-09
2.67608e-06
1.68188e-11
1.25689e-09
3.11499e-06
1.29051e-09
3.34376e-06
2.75202e-11
9.50382e-10
2.67568e-06
2.77668e-11
1.04102e-09
3.07564e-06
1.06303e-09
3.28257e-06
3.56677e-11
7.19865e-10
2.61346e-06
3.63913e-11
7.79939e-10
2.97653e-06
7.90755e-10
3.16266e-06
4.1029e-11
4.88666e-10
2.4968e-06
4.21947e-11
5.19595e-10
2.82432e-06
5.20759e-10
2.9907e-06
4.35395e-11
2.83546e-10
2.32839e-06
4.49516e-11
2.93638e-10
2.62017e-06
2.88623e-10
2.76769e-06
4.28956e-11
1.15097e-10
2.10104e-06
4.41733e-11
1.15632e-10
2.35443e-06
1.0985e-10
2.48326e-06
3.79557e-11
1.70592e-06
3.87341e-11
1.91173e-06
2.01796e-06
-3.76773e-11
1.06449e-09
2.1896e-06
-3.28347e-11
1.19426e-09
2.75867e-06
1.24788e-09
3.055e-06
-1.26172e-11
1.2019e-09
2.44729e-06
-1.13495e-11
1.34295e-09
2.9712e-06
1.39423e-09
3.24496e-06
3.66572e-12
1.21607e-09
2.60433e-06
3.74075e-12
1.34977e-09
3.08456e-06
1.39357e-09
3.33578e-06
1.66069e-11
1.11398e-09
2.67617e-06
1.65004e-11
1.22924e-09
3.11511e-06
1.26231e-09
3.3439e-06
2.69959e-11
9.28387e-10
2.67583e-06
2.7211e-11
1.01707e-09
3.07585e-06
1.03871e-09
3.28282e-06
3.49444e-11
7.02292e-10
2.61366e-06
3.56373e-11
7.60757e-10
2.97678e-06
7.71353e-10
3.16297e-06
4.01601e-11
4.75917e-10
2.49698e-06
4.12958e-11
5.05633e-10
2.82457e-06
5.06695e-10
2.99101e-06
4.25805e-11
2.75566e-10
2.32854e-06
4.39636e-11
2.84868e-10
2.62039e-06
2.79834e-10
2.76796e-06
4.1915e-11
1.11517e-10
2.10117e-06
4.31662e-11
1.11642e-10
2.3546e-06
1.05884e-10
2.48348e-06
3.70401e-11
1.706e-06
3.78005e-11
1.91184e-06
2.0181e-06
-3.69109e-11
1.04182e-09
2.1894e-06
-3.22319e-11
1.16947e-09
2.7584e-06
1.22214e-09
3.05469e-06
-1.23477e-11
1.17617e-09
2.44717e-06
-1.11321e-11
1.31478e-09
2.97105e-06
1.36516e-09
3.2448e-06
3.63369e-12
1.18977e-09
2.60431e-06
3.67571e-12
1.32108e-09
3.08456e-06
1.36413e-09
3.33578e-06
1.63196e-11
1.08935e-09
2.67625e-06
1.61879e-11
1.20243e-09
3.11523e-06
1.23496e-09
3.34405e-06
2.64858e-11
9.07067e-10
2.67599e-06
2.66704e-11
9.93866e-10
3.07606e-06
1.01515e-09
3.28306e-06
3.4244e-11
6.85257e-10
2.61384e-06
3.49069e-11
7.42186e-10
2.97703e-06
7.52568e-10
3.16326e-06
3.93207e-11
4.63555e-10
2.49717e-06
4.04274e-11
4.92123e-10
2.82482e-06
4.93086e-10
2.99131e-06
4.16558e-11
2.67824e-10
2.3287e-06
4.3011e-11
2.76385e-10
2.62061e-06
2.71333e-10
2.76823e-06
4.09713e-11
1.08042e-10
2.10128e-06
4.21969e-11
1.07786e-10
2.35477e-06
1.02048e-10
2.48369e-06
3.61612e-11
1.70607e-06
3.69039e-11
1.91194e-06
2.01824e-06
-3.61634e-11
1.01978e-09
2.18921e-06
-3.16433e-11
1.14534e-09
2.75813e-06
1.19707e-09
3.0544e-06
-1.20915e-11
1.15118e-09
2.44705e-06
-1.09237e-11
1.28741e-09
2.97091e-06
1.3369e-09
3.24465e-06
3.59887e-12
1.16424e-09
2.60429e-06
3.6082e-12
1.29324e-09
3.08455e-06
1.33554e-09
3.33579e-06
1.60373e-11
1.06546e-09
2.67634e-06
1.58804e-11
1.17644e-09
3.11535e-06
1.20842e-09
3.34419e-06
2.59887e-11
8.86398e-10
2.67614e-06
2.61434e-11
9.71389e-10
3.07626e-06
9.92317e-10
3.28331e-06
3.35646e-11
6.68744e-10
2.61403e-06
3.41982e-11
7.24209e-10
2.97728e-06
7.34381e-10
3.16356e-06
3.85087e-11
4.51569e-10
2.49734e-06
3.95871e-11
4.79053e-10
2.82506e-06
4.79919e-10
2.9916e-06
4.07631e-11
2.60313e-10
2.32885e-06
4.20912e-11
2.6818e-10
2.62081e-06
2.63112e-10
2.76849e-06
4.00618e-11
1.04665e-10
2.1014e-06
4.12627e-11
1.04055e-10
2.35493e-06
9.83391e-11
2.4839e-06
3.53164e-11
1.70614e-06
3.60417e-11
1.91205e-06
2.01837e-06
-3.54346e-11
9.98359e-10
2.18902e-06
-3.10681e-11
1.12185e-09
2.75787e-06
1.17264e-09
3.0541e-06
-1.18444e-11
1.12691e-09
2.44693e-06
-1.07233e-11
1.2608e-09
2.97077e-06
1.3094e-09
3.24451e-06
3.56086e-12
1.13947e-09
2.60428e-06
3.5387e-12
1.2662e-09
3.08455e-06
1.30776e-09
3.33579e-06
1.57591e-11
1.04229e-09
2.67642e-06
1.55782e-11
1.15122e-09
3.11546e-06
1.18267e-09
3.34433e-06
2.55034e-11
8.66353e-10
2.67629e-06
2.56298e-11
9.49606e-10
3.07646e-06
9.70185e-10
3.28354e-06
3.29055e-11
6.52729e-10
2.61421e-06
3.35106e-11
7.068e-10
2.97752e-06
7.16768e-10
3.16384e-06
3.77223e-11
4.39941e-10
2.49752e-06
3.8774e-11
4.66402e-10
2.8253e-06
4.67178e-10
2.99189e-06
3.99003e-11
2.53024e-10
2.32899e-06
4.12029e-11
2.60242e-10
2.62102e-06
2.55159e-10
2.76874e-06
3.91844e-11
1.01386e-10
2.10151e-06
4.03621e-11
1.00449e-10
2.35509e-06
9.47523e-11
2.4841e-06
3.45034e-11
1.70621e-06
3.52124e-11
1.91215e-06
2.0185e-06
-3.47234e-11
9.77527e-10
2.18883e-06
-3.05056e-11
1.09898e-09
2.75762e-06
1.14883e-09
3.05382e-06
-1.16055e-11
1.10334e-09
2.44682e-06
-1.05303e-11
1.23493e-09
2.97063e-06
1.28266e-09
3.24436e-06
3.52021e-12
1.11543e-09
2.60426e-06
3.46746e-12
1.23995e-09
3.08454e-06
1.28077e-09
3.3358e-06
1.5485e-11
1.01981e-09
2.6765e-06
1.52808e-11
1.12676e-09
3.11558e-06
1.15768e-09
3.34447e-06
2.50294e-11
8.46915e-10
2.67644e-06
2.51286e-11
9.28498e-10
3.07666e-06
9.48731e-10
3.28378e-06
3.22653e-11
6.372e-10
2.61438e-06
3.28424e-11
6.89945e-10
2.97776e-06
6.99712e-10
3.16412e-06
3.69598e-11
4.28664e-10
2.49769e-06
3.79859e-11
4.54161e-10
2.82554e-06
4.54848e-10
2.99217e-06
3.90656e-11
2.45951e-10
2.32914e-06
4.03437e-11
2.52562e-10
2.62122e-06
2.47466e-10
2.76899e-06
3.83372e-11
9.8199e-11
2.10162e-06
3.94927e-11
9.69586e-11
2.35524e-06
9.12833e-11
2.4843e-06
3.37204e-11
1.70627e-06
3.44135e-11
1.91224e-06
2.01863e-06
-3.40292e-11
9.57268e-10
2.18865e-06
-2.99551e-11
1.0767e-09
2.75737e-06
1.12563e-09
3.05354e-06
-1.13746e-11
1.08043e-09
2.4467e-06
-1.0344e-11
1.20978e-09
2.9705e-06
1.25663e-09
3.24422e-06
3.47698e-12
1.09208e-09
2.60425e-06
3.39494e-12
1.21445e-09
3.08454e-06
1.25455e-09
3.3358e-06
1.52145e-11
9.98e-10
2.67658e-06
1.49885e-11
1.10303e-09
3.11569e-06
1.13343e-09
3.34461e-06
2.45658e-11
8.28058e-10
2.67659e-06
2.46396e-11
9.08035e-10
3.07686e-06
9.2793e-10
3.28401e-06
3.16419e-11
6.22138e-10
2.61456e-06
3.2193e-11
6.73617e-10
2.97799e-06
6.83191e-10
3.1644e-06
3.62196e-11
4.17724e-10
2.49786e-06
3.72221e-11
4.4231e-10
2.82577e-06
4.42914e-10
2.99245e-06
3.8257e-11
2.39085e-10
2.32928e-06
3.95126e-11
2.45131e-10
2.62142e-06
2.40025e-10
2.76923e-06
3.7518e-11
9.51037e-11
2.10173e-06
3.86532e-11
9.35834e-11
2.35539e-06
8.79287e-11
2.48449e-06
3.29653e-11
1.70633e-06
3.36439e-11
1.91234e-06
2.01875e-06
-3.3351e-11
9.37563e-10
2.18847e-06
-2.9416e-11
1.05501e-09
2.75713e-06
1.10302e-09
3.05326e-06
-1.11509e-11
1.05818e-09
2.4466e-06
-1.0164e-11
1.18531e-09
2.97037e-06
1.23131e-09
3.24408e-06
3.43154e-12
1.06942e-09
2.60423e-06
3.3213e-12
1.18968e-09
3.08453e-06
1.22906e-09
3.33581e-06
1.49476e-11
9.76832e-10
2.67665e-06
1.47007e-11
1.08e-09
3.1158e-06
1.10988e-09
3.34474e-06
2.41119e-11
8.09768e-10
2.67673e-06
2.41618e-11
8.88199e-10
3.07705e-06
9.07761e-10
3.28424e-06
3.10341e-11
6.07531e-10
2.61473e-06
3.1561e-11
6.57804e-10
2.97822e-06
6.67189e-10
3.16467e-06
3.55003e-11
4.07112e-10
2.49802e-06
3.64805e-11
4.3084e-10
2.82599e-06
4.31364e-10
2.99272e-06
3.74729e-11
2.32421e-10
2.32941e-06
3.87074e-11
2.37941e-10
2.62161e-06
2.32826e-10
2.76947e-06
3.67233e-11
9.20954e-11
2.10183e-06
3.78412e-11
9.03156e-11
2.35554e-06
8.46839e-11
2.48467e-06
3.22364e-11
1.70639e-06
3.29011e-11
1.91243e-06
2.01887e-06
-3.26885e-11
9.18391e-10
2.1883e-06
-2.88879e-11
1.03389e-09
2.75689e-06
1.08098e-09
3.05299e-06
-1.0934e-11
1.03654e-09
2.44649e-06
-9.9897e-12
1.16152e-09
2.97024e-06
1.20666e-09
3.24395e-06
3.38412e-12
1.0474e-09
2.60422e-06
3.24698e-12
1.16561e-09
3.08453e-06
1.20428e-09
3.33582e-06
1.46841e-11
9.56283e-10
2.67673e-06
1.44179e-11
1.05765e-09
3.11591e-06
1.08702e-09
3.34487e-06
2.36673e-11
7.9202e-10
2.67687e-06
2.36952e-11
8.68963e-10
3.07724e-06
8.88201e-10
3.28446e-06
3.04412e-11
5.9336e-10
2.6149e-06
3.09461e-11
6.4248e-10
2.97845e-06
6.51686e-10
3.16494e-06
3.48006e-11
3.96814e-10
2.49818e-06
3.57607e-11
4.19732e-10
2.82622e-06
4.20183e-10
2.99299e-06
3.67118e-11
2.25952e-10
2.32955e-06
3.79274e-11
2.3098e-10
2.6218e-06
2.25861e-10
2.7697e-06
3.59533e-11
8.91735e-11
2.10193e-06
3.7056e-11
8.71545e-11
2.35568e-06
8.15459e-11
2.48485e-06
3.15319e-11
1.70645e-06
3.21843e-11
1.91251e-06
2.01898e-06
-3.20406e-11
8.99736e-10
2.18813e-06
-2.83702e-11
1.01331e-09
2.75666e-06
1.0595e-09
3.05273e-06
-1.07233e-11
1.01551e-09
2.44638e-06
-9.82051e-12
1.13837e-09
2.97011e-06
1.18267e-09
3.24381e-06
3.33525e-12
1.02601e-09
2.6042e-06
3.17219e-12
1.14222e-09
3.08453e-06
1.1802e-09
3.33582e-06
1.44243e-11
9.36335e-10
2.67681e-06
1.41396e-11
1.03595e-09
3.11601e-06
1.06482e-09
3.345e-06
2.32315e-11
7.74799e-10
2.67701e-06
2.32389e-11
8.50311e-10
3.07742e-06
8.6923e-10
3.28468e-06
2.98624e-11
5.79614e-10
2.61506e-06
3.03467e-11
6.27635e-10
2.97867e-06
6.36667e-10
3.1652e-06
3.41194e-11
3.86826e-10
2.49834e-06
3.5061e-11
4.08977e-10
2.82643e-06
4.09361e-10
2.99325e-06
3.59724e-11
2.19673e-10
2.32968e-06
3.71706e-11
2.24243e-10
2.62198e-06
2.19123e-10
2.76993e-06
3.52066e-11
8.63332e-11
2.10203e-06
3.62954e-11
8.40934e-11
2.35582e-06
7.85103e-11
2.48503e-06
3.08503e-11
1.70651e-06
3.14916e-11
1.9126e-06
2.01909e-06
-3.14072e-11
8.81579e-10
2.18796e-06
-2.78624e-11
9.93267e-10
2.75643e-06
1.03856e-09
3.05247e-06
-1.05186e-11
9.95061e-10
2.44628e-06
-9.65609e-12
1.11585e-09
2.96999e-06
1.15931e-09
3.24368e-06
3.28486e-12
1.00522e-09
2.60419e-06
3.09717e-12
1.11949e-09
3.08452e-06
1.15677e-09
3.33583e-06
1.41677e-11
9.16965e-10
2.67688e-06
1.3866e-11
1.01488e-09
3.11612e-06
1.04326e-09
3.34513e-06
2.2804e-11
7.58086e-10
2.67714e-06
2.27926e-11
8.32216e-10
3.0776e-06
8.50826e-10
3.28489e-06
2.92967e-11
5.66277e-10
2.61523e-06
2.97627e-11
6.13245e-10
2.97889e-06
6.22113e-10
3.16546e-06
3.34555e-11
3.77133e-10
2.4985e-06
3.43808e-11
3.98559e-10
2.82665e-06
3.98883e-10
2.99351e-06
3.5253e-11
2.13578e-10
2.32981e-06
3.64362e-11
2.17719e-10
2.62216e-06
2.12603e-10
2.77015e-06
3.44817e-11
8.35742e-11
2.10213e-06
3.55587e-11
8.11313e-11
2.35596e-06
7.55742e-11
2.4852e-06
3.019e-11
1.70656e-06
3.0822e-11
1.91268e-06
2.0192e-06
-3.07876e-11
8.63906e-10
2.1878e-06
-2.73645e-11
9.73735e-10
2.75621e-06
1.01814e-09
3.05222e-06
-1.03195e-11
9.75172e-10
2.44618e-06
-9.49619e-12
1.09394e-09
2.96987e-06
1.13657e-09
3.24355e-06
3.23325e-12
9.85028e-10
2.60418e-06
3.02189e-12
1.09739e-09
3.08452e-06
1.13399e-09
3.33583e-06
1.39144e-11
8.98155e-10
2.67695e-06
1.35965e-11
9.94425e-10
3.11622e-06
1.02232e-09
3.34526e-06
2.23844e-11
7.41867e-10
2.67728e-06
2.23555e-11
8.14666e-10
3.07778e-06
8.32972e-10
3.2851e-06
2.87434e-11
5.53341e-10
2.61539e-06
2.91924e-11
5.993e-10
2.97911e-06
6.0801e-10
3.16572e-06
3.28079e-11
3.67732e-10
2.49865e-06
3.37183e-11
3.88469e-10
2.82686e-06
3.8874e-10
2.99376e-06
3.45527e-11
2.07663e-10
2.32993e-06
3.57223e-11
2.11402e-10
2.62233e-06
2.06294e-10
2.77037e-06
3.37775e-11
8.08912e-11
2.10222e-06
3.48437e-11
7.82623e-11
2.35609e-06
7.27337e-11
2.48537e-06
2.95489e-11
1.70661e-06
3.01735e-11
1.91275e-06
2.0193e-06
-3.01815e-11
8.46699e-10
2.18764e-06
-2.68759e-11
9.54702e-10
2.75599e-06
9.98235e-10
3.05197e-06
-1.01255e-11
9.55823e-10
2.44608e-06
-9.34037e-12
1.0726e-09
2.96975e-06
1.11443e-09
3.24343e-06
3.18085e-12
9.65395e-10
2.60416e-06
2.94667e-12
1.07591e-09
3.08452e-06
1.11184e-09
3.33584e-06
1.36648e-11
8.79882e-10
2.67702e-06
1.33314e-11
9.74554e-10
3.11632e-06
1.00197e-09
3.34538e-06
2.19727e-11
7.26119e-10
2.67741e-06
2.19274e-11
7.97637e-10
3.07796e-06
8.15648e-10
3.28531e-06
2.82023e-11
5.40788e-10
2.61554e-06
2.86355e-11
5.85777e-10
2.97932e-06
5.94341e-10
3.16597e-06
3.21764e-11
3.58608e-10
2.4988e-06
3.30731e-11
3.78692e-10
2.82706e-06
3.78917e-10
2.99401e-06
3.38707e-11
2.01921e-10
2.33006e-06
3.50285e-11
2.05283e-10
2.62251e-06
2.00189e-10
2.77058e-06
3.30932e-11
7.82855e-11
2.10231e-06
3.415e-11
7.5485e-11
2.35622e-06
6.99857e-11
2.48554e-06
2.89267e-11
1.70666e-06
2.95456e-11
1.91283e-06
2.0194e-06
-2.95881e-11
8.29944e-10
2.18748e-06
-2.63964e-11
9.36152e-10
2.75577e-06
9.78825e-10
3.05172e-06
-9.9361e-12
9.36999e-10
2.44598e-06
-9.18832e-12
1.05184e-09
2.96963e-06
1.09286e-09
3.24331e-06
3.12828e-12
9.46307e-10
2.60415e-06
2.87157e-12
1.05501e-09
3.08451e-06
1.09028e-09
3.33584e-06
1.34198e-11
8.6213e-10
2.67709e-06
1.30702e-11
9.55256e-10
3.11642e-06
9.82202e-10
3.3455e-06
2.1569e-11
7.10829e-10
2.67754e-06
2.15073e-11
7.8112e-10
3.07813e-06
7.98837e-10
3.28552e-06
2.76734e-11
5.28614e-10
2.6157e-06
2.80903e-11
5.72665e-10
2.97953e-06
5.81093e-10
3.16621e-06
3.15605e-11
3.49761e-10
2.49895e-06
3.24437e-11
3.69217e-10
2.82727e-06
3.69407e-10
2.99425e-06
3.32064e-11
1.9635e-10
2.33018e-06
3.43531e-11
1.99355e-10
2.62268e-06
1.94281e-10
2.77079e-06
3.24279e-11
7.57538e-11
2.1024e-06
3.34757e-11
7.27925e-11
2.35634e-06
6.73265e-11
2.4857e-06
2.83233e-11
1.70671e-06
2.89365e-11
1.9129e-06
2.0195e-06
-2.90072e-11
8.13626e-10
2.18733e-06
-2.59258e-11
9.18072e-10
2.75556e-06
9.59895e-10
3.05148e-06
-9.75153e-12
9.1868e-10
2.44589e-06
-9.03987e-12
1.03162e-09
2.96952e-06
1.07186e-09
3.24319e-06
3.07511e-12
9.27747e-10
2.60414e-06
2.79666e-12
1.03469e-09
3.08451e-06
1.06931e-09
3.33585e-06
1.31778e-11
8.4488e-10
2.67716e-06
1.2813e-11
9.36506e-10
3.11652e-06
9.62989e-10
3.34562e-06
2.11726e-11
6.95982e-10
2.67767e-06
2.10955e-11
7.65089e-10
3.07831e-06
7.8252e-10
3.28572e-06
2.71554e-11
5.16801e-10
2.61585e-06
2.75574e-11
5.59948e-10
2.97973e-06
5.6825e-10
3.16645e-06
3.09587e-11
3.41175e-10
2.49909e-06
3.18299e-11
3.60035e-10
2.82747e-06
3.60196e-10
2.99449e-06
3.25582e-11
1.90942e-10
2.33029e-06
3.36957e-11
1.93611e-10
2.62284e-06
1.88562e-10
2.771e-06
3.17798e-11
7.32949e-11
2.10248e-06
3.28205e-11
7.01851e-11
2.35647e-06
6.47536e-11
2.48585e-06
2.77369e-11
1.70675e-06
2.83456e-11
1.91297e-06
2.01959e-06
-2.84386e-11
7.97732e-10
2.18718e-06
-2.54645e-11
9.00447e-10
2.75535e-06
9.41433e-10
3.05125e-06
-9.57167e-12
9.00853e-10
2.44579e-06
-8.89516e-12
1.01193e-09
2.96941e-06
1.05139e-09
3.24307e-06
3.02106e-12
9.09699e-10
2.60413e-06
2.72179e-12
1.01492e-09
3.08451e-06
1.0489e-09
3.33585e-06
1.29382e-11
8.28122e-10
2.67723e-06
1.25604e-11
9.18286e-10
3.11662e-06
9.44314e-10
3.34574e-06
2.07823e-11
6.81571e-10
2.67779e-06
2.06917e-11
7.49528e-10
3.07848e-06
7.66682e-10
3.28592e-06
2.66468e-11
5.05336e-10
2.616e-06
2.70365e-11
5.47623e-10
2.97993e-06
5.55801e-10
3.16669e-06
3.0369e-11
3.32844e-10
2.49924e-06
3.12307e-11
3.51141e-10
2.82766e-06
3.51277e-10
2.99473e-06
3.19244e-11
1.85692e-10
2.33041e-06
3.30547e-11
1.88049e-10
2.623e-06
1.83028e-10
2.7712e-06
3.11471e-11
7.09033e-11
2.10257e-06
3.21825e-11
6.76585e-11
2.35659e-06
6.22637e-11
2.48601e-06
2.71653e-11
1.7068e-06
2.77713e-11
1.91304e-06
2.01968e-06
-2.78842e-11
7.82249e-10
2.18703e-06
-2.50117e-11
8.83259e-10
2.75515e-06
9.23426e-10
3.05102e-06
-9.39783e-12
8.83502e-10
2.4457e-06
-8.75039e-12
9.92741e-10
2.9693e-06
1.03145e-09
3.24295e-06
2.96826e-12
8.92145e-10
2.60412e-06
2.64495e-12
9.95684e-10
3.0845e-06
1.02904e-09
3.33586e-06
1.27018e-11
8.11836e-10
2.6773e-06
1.23114e-11
9.00572e-10
3.11671e-06
9.2616e-10
3.34585e-06
2.03979e-11
6.67577e-10
2.67792e-06
2.02958e-11
7.34416e-10
3.07864e-06
7.51305e-10
3.28611e-06
2.61474e-11
4.94204e-10
2.61615e-06
2.65274e-11
5.35669e-10
2.98013e-06
5.4373e-10
3.16693e-06
2.97912e-11
3.24755e-10
2.49937e-06
3.06459e-11
3.42521e-10
2.82785e-06
3.42639e-10
2.99496e-06
3.13047e-11
1.80593e-10
2.33052e-06
3.24302e-11
1.82661e-10
2.62316e-06
1.77672e-10
2.77139e-06
3.05294e-11
6.858e-11
2.10265e-06
3.15617e-11
6.52121e-11
2.3567e-06
5.98543e-11
2.48615e-06
2.66083e-11
1.70684e-06
2.72133e-11
1.9131e-06
2.01977e-06
-2.73416e-11
7.67162e-10
2.18688e-06
-2.45664e-11
8.665e-10
2.75495e-06
9.0586e-10
3.05079e-06
-9.22303e-12
8.66601e-10
2.44561e-06
-8.60881e-12
9.74058e-10
2.96919e-06
1.01202e-09
3.24283e-06
2.91069e-12
8.75067e-10
2.6041e-06
2.56895e-12
9.76963e-10
3.0845e-06
1.0097e-09
3.33586e-06
1.24692e-11
7.96006e-10
2.67737e-06
1.2065e-11
8.83359e-10
3.11681e-06
9.08509e-10
3.34596e-06
2.00197e-11
6.53987e-10
2.67804e-06
1.99071e-11
7.1975e-10
3.07881e-06
7.36376e-10
3.2863e-06
2.56576e-11
4.83401e-10
2.61629e-06
2.60288e-11
5.2408e-10
2.98033e-06
5.32027e-10
3.16716e-06
2.92254e-11
3.16908e-10
2.49951e-06
3.00743e-11
3.34171e-10
2.82804e-06
3.34272e-10
2.99519e-06
3.06987e-11
1.75644e-10
2.33063e-06
3.18206e-11
1.77442e-10
2.62332e-06
1.72487e-10
2.77159e-06
2.99261e-11
6.63212e-11
2.10273e-06
3.09565e-11
6.28408e-11
2.35682e-06
5.75218e-11
2.4863e-06
2.60651e-11
1.70688e-06
2.66702e-11
1.91317e-06
2.01985e-06
-2.6809e-11
7.52457e-10
2.18674e-06
-2.41305e-11
8.50164e-10
2.75476e-06
8.88722e-10
3.05057e-06
-9.04522e-12
8.50135e-10
2.44552e-06
-8.47448e-12
9.55877e-10
2.96908e-06
9.93083e-10
3.24272e-06
2.84733e-12
8.58446e-10
2.60409e-06
2.49669e-12
9.58754e-10
3.0845e-06
9.90871e-10
3.33587e-06
1.22389e-11
7.80613e-10
2.67743e-06
1.18244e-11
8.66632e-10
3.1169e-06
8.91346e-10
3.34608e-06
1.96475e-11
6.40782e-10
2.67816e-06
1.95263e-11
7.05514e-10
3.07897e-06
7.2188e-10
3.28649e-06
2.51773e-11
4.72916e-10
2.61643e-06
2.55408e-11
5.12838e-10
2.98052e-06
5.20679e-10
3.16738e-06
2.86712e-11
3.09292e-10
2.49965e-06
2.95159e-11
3.26078e-10
2.82823e-06
3.26168e-10
2.99541e-06
3.0106e-11
1.7084e-10
2.33074e-06
3.12259e-11
1.72385e-10
2.62347e-06
1.67467e-10
2.77178e-06
2.93369e-11
6.41276e-11
2.1028e-06
3.03669e-11
6.05443e-11
2.35693e-06
5.52639e-11
2.48644e-06
2.55355e-11
1.70692e-06
2.61417e-11
1.91322e-06
2.01993e-06
-2.62886e-11
7.38126e-10
2.1866e-06
-2.37018e-11
8.34227e-10
2.75456e-06
8.72003e-10
3.05035e-06
-8.87437e-12
8.34104e-10
2.44543e-06
-8.33869e-12
9.38146e-10
2.96898e-06
9.74626e-10
3.24261e-06
2.78749e-12
8.42275e-10
2.60408e-06
2.42205e-12
9.41023e-10
3.0845e-06
9.72539e-10
3.33587e-06
1.2012e-11
7.6565e-10
2.6775e-06
1.15864e-11
8.50367e-10
3.11699e-06
8.74656e-10
3.34619e-06
1.92817e-11
6.27959e-10
2.67828e-06
1.91517e-11
6.91692e-10
3.07913e-06
7.07803e-10
3.28668e-06
2.4707e-11
4.6274e-10
2.61657e-06
2.50621e-11
5.01936e-10
2.98071e-06
5.09674e-10
3.16761e-06
2.81283e-11
3.01903e-10
2.49978e-06
2.89694e-11
3.18234e-10
2.82841e-06
3.18317e-10
2.99563e-06
2.95261e-11
1.66177e-10
2.33085e-06
3.06448e-11
1.67487e-10
2.62362e-06
1.62607e-10
2.77196e-06
2.8761e-11
6.19946e-11
2.10288e-06
2.97913e-11
5.83179e-11
2.35703e-06
5.30766e-11
2.48658e-06
2.50186e-11
1.70695e-06
2.56263e-11
1.91328e-06
2.02001e-06
-2.57791e-11
7.24157e-10
2.18646e-06
-2.32807e-11
8.18682e-10
2.75438e-06
8.55688e-10
3.05014e-06
-8.70825e-12
8.18489e-10
2.44535e-06
-8.20598e-12
9.20868e-10
2.96888e-06
9.56633e-10
3.2425e-06
2.72746e-12
8.26537e-10
2.60407e-06
2.34851e-12
9.2376e-10
3.08449e-06
9.54687e-10
3.33588e-06
1.17875e-11
7.51103e-10
2.67756e-06
1.13525e-11
8.34549e-10
3.11708e-06
8.58422e-10
3.34629e-06
1.89215e-11
6.15504e-10
2.67839e-06
1.87846e-11
6.78265e-10
3.07928e-06
6.94131e-10
3.28686e-06
2.42442e-11
4.5286e-10
2.61671e-06
2.45939e-11
4.91361e-10
2.98089e-06
4.99001e-10
3.16783e-06
2.75956e-11
2.94729e-10
2.49991e-06
2.84353e-11
3.10634e-10
2.82859e-06
3.10712e-10
2.99585e-06
2.89581e-11
1.61648e-10
2.33095e-06
3.00776e-11
1.62742e-10
2.62377e-06
1.57901e-10
2.77215e-06
2.81975e-11
5.99223e-11
2.10295e-06
2.923e-11
5.6163e-11
2.35714e-06
5.09589e-11
2.48672e-06
2.45133e-11
1.70699e-06
2.51243e-11
1.91334e-06
2.02009e-06
-2.52786e-11
7.10537e-10
2.18632e-06
-2.28695e-11
8.0352e-10
2.75419e-06
8.39765e-10
3.04993e-06
-8.54789e-12
8.03278e-10
2.44526e-06
-8.0771e-12
9.04029e-10
2.96878e-06
9.39086e-10
3.24239e-06
2.66843e-12
8.11219e-10
2.60406e-06
2.2793e-12
9.06951e-10
3.08449e-06
9.37299e-10
3.33588e-06
1.15653e-11
7.36961e-10
2.67762e-06
1.11224e-11
8.19164e-10
3.11717e-06
8.4263e-10
3.3464e-06
1.85672e-11
6.03409e-10
2.67851e-06
1.84246e-11
6.65223e-10
3.07944e-06
6.80852e-10
3.28704e-06
2.37893e-11
4.4327e-10
2.61685e-06
2.41356e-11
4.81108e-10
2.98108e-06
4.8865e-10
3.16804e-06
2.70733e-11
2.87767e-10
2.50004e-06
2.7913e-11
3.03272e-10
2.82877e-06
3.03346e-10
2.99606e-06
2.84018e-11
1.57251e-10
2.33105e-06
2.95235e-11
1.58147e-10
2.62391e-06
1.53346e-10
2.77233e-06
2.76461e-11
5.79066e-11
2.10302e-06
2.86822e-11
5.40738e-11
2.35724e-06
4.89089e-11
2.48685e-06
2.40192e-11
1.70702e-06
2.4635e-11
1.91339e-06
2.02016e-06
-2.47884e-11
6.97259e-10
2.18619e-06
-2.24672e-11
7.8873e-10
2.75401e-06
8.24223e-10
3.04972e-06
-8.40083e-12
7.8847e-10
2.44518e-06
-7.95433e-12
8.87611e-10
2.96868e-06
9.21971e-10
3.24229e-06
2.61466e-12
7.96314e-10
2.60405e-06
2.21383e-12
8.9058e-10
3.08449e-06
9.20358e-10
3.33589e-06
1.13476e-11
7.23212e-10
2.67768e-06
1.08969e-11
8.04199e-10
3.11726e-06
8.27265e-10
3.3465e-06
1.82202e-11
5.91661e-10
2.67862e-06
1.80722e-11
6.52556e-10
3.07959e-06
6.67952e-10
3.28722e-06
2.33436e-11
4.33961e-10
2.61698e-06
2.36874e-11
4.7116e-10
2.98126e-06
4.78611e-10
3.16826e-06
2.65621e-11
2.81012e-10
2.50016e-06
2.74027e-11
2.96136e-10
2.82894e-06
2.9621e-10
2.99627e-06
2.78578e-11
1.52984e-10
2.33115e-06
2.89828e-11
1.53695e-10
2.62405e-06
1.48937e-10
2.7725e-06
2.71072e-11
5.59495e-11
2.10309e-06
2.81482e-11
5.20498e-11
2.35734e-06
4.69248e-11
2.48698e-06
2.35366e-11
1.70705e-06
2.41585e-11
1.91344e-06
2.02023e-06
-2.43075e-11
6.8431e-10
2.18606e-06
-2.20719e-11
7.743e-10
2.75383e-06
8.09054e-10
3.04952e-06
-8.25893e-12
7.74042e-10
2.4451e-06
-7.83518e-12
8.71607e-10
2.96858e-06
9.05278e-10
3.24218e-06
2.56253e-12
7.81802e-10
2.60404e-06
2.14987e-12
8.74639e-10
3.08449e-06
9.03853e-10
3.33589e-06
1.11334e-11
7.0984e-10
2.67775e-06
1.0675e-11
7.89646e-10
3.11734e-06
8.12314e-10
3.34661e-06
1.788e-11
5.80247e-10
2.67873e-06
1.77261e-11
6.40256e-10
3.07974e-06
6.55419e-10
3.28739e-06
2.29071e-11
4.24928e-10
2.61711e-06
2.32479e-11
4.61514e-10
2.98144e-06
4.68873e-10
3.16847e-06
2.60618e-11
2.7446e-10
2.50029e-06
2.69032e-11
2.89221e-10
2.82911e-06
2.89297e-10
2.99648e-06
2.73258e-11
1.48843e-10
2.33125e-06
2.8454e-11
1.49381e-10
2.62419e-06
1.44668e-10
2.77268e-06
2.65806e-11
5.40469e-11
2.10316e-06
2.76265e-11
5.0086e-11
2.35744e-06
4.50032e-11
2.48711e-06
2.30654e-11
1.70709e-06
2.36936e-11
1.91349e-06
2.0203e-06
-2.38364e-11
6.7168e-10
2.18593e-06
-2.16839e-11
7.6022e-10
2.75366e-06
7.94246e-10
3.04932e-06
-8.12026e-12
7.59979e-10
2.44502e-06
-7.71863e-12
8.56002e-10
2.96848e-06
8.88996e-10
3.24208e-06
2.51112e-12
7.67669e-10
2.60403e-06
2.08682e-12
8.59112e-10
3.08448e-06
8.8777e-10
3.33589e-06
1.09228e-11
6.9683e-10
2.67781e-06
1.04569e-11
7.75491e-10
3.11743e-06
7.97765e-10
3.34671e-06
1.75463e-11
5.69154e-10
2.67884e-06
1.73867e-11
6.2831e-10
3.07988e-06
6.43242e-10
3.28757e-06
2.24796e-11
4.16159e-10
2.61724e-06
2.28173e-11
4.52153e-10
2.98161e-06
4.59427e-10
3.16867e-06
2.5572e-11
2.68101e-10
2.50041e-06
2.64147e-11
2.82518e-10
2.82928e-06
2.82599e-10
2.99668e-06
2.68056e-11
1.44824e-10
2.33135e-06
2.79375e-11
1.45201e-10
2.62433e-06
1.40534e-10
2.77285e-06
2.60661e-11
5.21997e-11
2.10323e-06
2.71173e-11
4.81838e-11
2.35754e-06
4.31424e-11
2.48723e-06
2.26054e-11
1.70711e-06
2.32402e-11
1.91354e-06
2.02037e-06
-2.33753e-11
6.59361e-10
2.1858e-06
-2.13032e-11
7.46479e-10
2.75348e-06
7.79791e-10
3.04912e-06
-7.98446e-12
7.46272e-10
2.44494e-06
-7.60433e-12
8.40786e-10
2.96839e-06
8.73113e-10
3.24198e-06
2.4598e-12
7.53907e-10
2.60402e-06
2.02462e-12
8.43987e-10
3.08448e-06
8.72096e-10
3.3359e-06
1.07156e-11
6.84176e-10
2.67786e-06
1.02427e-11
7.6172e-10
3.11751e-06
7.83605e-10
3.3468e-06
1.72185e-11
5.58378e-10
2.67895e-06
1.70536e-11
6.16706e-10
3.08003e-06
6.31411e-10
3.28774e-06
2.20603e-11
4.07648e-10
2.61737e-06
2.23954e-11
4.43076e-10
2.98179e-06
4.50264e-10
3.16888e-06
2.50925e-11
2.61931e-10
2.50053e-06
2.59366e-11
2.76026e-10
2.82945e-06
2.76111e-10
2.99688e-06
2.62968e-11
1.40923e-10
2.33144e-06
2.74324e-11
1.41154e-10
2.62446e-06
1.36532e-10
2.77301e-06
2.55631e-11
5.04034e-11
2.10329e-06
2.66198e-11
4.63398e-11
2.35763e-06
4.13397e-11
2.48736e-06
2.2156e-11
1.70714e-06
2.27974e-11
1.91359e-06
2.02043e-06
-2.29253e-11
6.47345e-10
2.18568e-06
-2.09301e-11
7.33066e-10
2.75331e-06
7.65677e-10
3.04893e-06
-7.85048e-12
7.32909e-10
2.44486e-06
-7.49129e-12
8.25945e-10
2.96829e-06
8.57618e-10
3.24188e-06
2.40724e-12
7.40505e-10
2.60401e-06
1.96263e-12
8.29248e-10
3.08448e-06
8.5682e-10
3.3359e-06
1.05113e-11
6.71868e-10
2.67792e-06
1.00323e-11
7.48318e-10
3.11759e-06
7.69823e-10
3.3469e-06
1.68959e-11
5.47909e-10
2.67906e-06
1.6727e-11
6.0543e-10
3.08017e-06
6.19913e-10
3.2879e-06
2.16485e-11
3.99383e-10
2.6175e-06
2.19824e-11
4.34272e-10
2.98196e-06
4.41375e-10
3.16908e-06
2.46225e-11
2.55942e-10
2.50065e-06
2.54689e-11
2.69736e-10
2.82961e-06
2.69826e-10
2.99708e-06
2.57987e-11
1.37134e-10
2.33153e-06
2.69389e-11
1.37235e-10
2.62459e-06
1.32657e-10
2.77318e-06
2.5071e-11
4.8658e-11
2.10336e-06
2.61341e-11
4.45555e-11
2.35772e-06
3.95932e-11
2.48748e-06
2.17163e-11
1.70717e-06
2.23654e-11
1.91363e-06
2.02049e-06
-2.24857e-11
6.35621e-10
2.18556e-06
-2.05647e-11
7.19973e-10
2.75315e-06
7.51895e-10
3.04874e-06
-7.71531e-12
7.19876e-10
2.44479e-06
-7.37922e-12
8.11472e-10
2.9682e-06
8.425e-10
3.24178e-06
2.35241e-12
7.27448e-10
2.604e-06
1.90066e-12
8.14888e-10
3.08448e-06
8.41928e-10
3.3359e-06
1.03096e-11
6.59892e-10
2.67798e-06
9.82534e-12
7.35277e-10
3.11767e-06
7.56406e-10
3.347e-06
1.65784e-11
5.37738e-10
2.67916e-06
1.64063e-11
5.94476e-10
3.08031e-06
6.0874e-10
3.28807e-06
2.12442e-11
3.91361e-10
2.61762e-06
2.15776e-11
4.25737e-10
2.98213e-06
4.32752e-10
3.16927e-06
2.41621e-11
2.50131e-10
2.50077e-06
2.50108e-11
2.63646e-10
2.82977e-06
2.63737e-10
2.99727e-06
2.53113e-11
1.33457e-10
2.33163e-06
2.64561e-11
1.33442e-10
2.62472e-06
1.28905e-10
2.77334e-06
2.45896e-11
4.696e-11
2.10342e-06
2.56592e-11
4.28257e-11
2.35781e-06
3.79011e-11
2.48759e-06
2.12862e-11
1.7072e-06
2.19433e-11
1.91367e-06
2.02055e-06
-2.20539e-11
6.24179e-10
2.18544e-06
-2.02071e-11
7.07192e-10
2.75298e-06
7.38438e-10
3.04855e-06
-7.58306e-12
7.07165e-10
2.44471e-06
-7.26939e-12
7.97353e-10
2.96811e-06
8.27747e-10
3.24169e-06
2.2973e-12
7.14727e-10
2.60399e-06
1.83945e-12
8.00893e-10
3.08447e-06
8.27411e-10
3.3359e-06
1.0111e-11
6.48238e-10
2.67804e-06
9.62215e-12
7.22586e-10
3.11775e-06
7.43343e-10
3.34709e-06
1.62667e-11
5.27852e-10
2.67927e-06
1.60919e-11
5.83833e-10
3.08045e-06
5.97881e-10
3.28823e-06
2.0848e-11
3.83571e-10
2.61775e-06
2.11813e-11
4.17456e-10
2.98229e-06
4.24387e-10
3.16947e-06
2.37115e-11
2.44491e-10
2.50088e-06
2.45629e-11
2.57744e-10
2.82993e-06
2.57839e-10
2.99747e-06
2.48347e-11
1.29887e-10
2.33171e-06
2.59845e-11
1.29767e-10
2.62485e-06
1.25273e-10
2.7735e-06
2.41191e-11
4.53113e-11
2.10348e-06
2.51957e-11
4.11502e-11
2.3579e-06
3.62631e-11
2.48771e-06
2.08659e-11
1.70722e-06
2.15317e-11
1.91371e-06
2.02061e-06
-2.16218e-11
6.13009e-10
2.18532e-06
-1.98551e-11
6.94718e-10
2.75282e-06
7.25295e-10
3.04837e-06
-7.45546e-12
6.94767e-10
2.44464e-06
-7.16208e-12
7.83582e-10
2.96802e-06
8.13348e-10
3.24159e-06
2.24207e-12
7.0233e-10
2.60398e-06
1.77904e-12
7.87256e-10
3.08447e-06
8.13255e-10
3.3359e-06
9.91592e-12
6.36896e-10
2.67809e-06
9.42229e-12
7.10238e-10
3.11783e-06
7.30625e-10
3.34718e-06
1.59612e-11
5.18245e-10
2.67937e-06
1.57831e-11
5.73496e-10
3.08059e-06
5.87327e-10
3.28839e-06
2.04603e-11
3.76011e-10
2.61787e-06
2.07926e-11
4.09426e-10
2.98246e-06
4.16273e-10
3.16966e-06
2.32709e-11
2.39022e-10
2.501e-06
2.41243e-11
2.52027e-10
2.83009e-06
2.52126e-10
2.99765e-06
2.43693e-11
1.26425e-10
2.3318e-06
2.55231e-11
1.26208e-10
2.62497e-06
1.21758e-10
2.77365e-06
2.36598e-11
4.37088e-11
2.10354e-06
2.47426e-11
3.95242e-11
2.35799e-06
3.46766e-11
2.48782e-06
2.04557e-11
1.70724e-06
2.11295e-11
1.91375e-06
2.02067e-06
-2.11997e-11
6.02108e-10
2.1852e-06
-1.95102e-11
6.82537e-10
2.75266e-06
7.12461e-10
3.04819e-06
-7.33021e-12
6.82674e-10
2.44456e-06
-7.05687e-12
7.70145e-10
2.96794e-06
7.99295e-10
3.2415e-06
2.18741e-12
6.9025e-10
2.60397e-06
1.71873e-12
7.73964e-10
3.08447e-06
7.99452e-10
3.33591e-06
9.72451e-12
6.25856e-10
2.67815e-06
9.22587e-12
6.98219e-10
3.1179e-06
7.1824e-10
3.34727e-06
1.56618e-11
5.08905e-10
2.67947e-06
1.54802e-11
5.63454e-10
3.08072e-06
5.77067e-10
3.28854e-06
2.00811e-11
3.68674e-10
2.61799e-06
2.04118e-11
4.01635e-10
2.98262e-06
4.08399e-10
3.16985e-06
2.28402e-11
2.33716e-10
2.50111e-06
2.36952e-11
2.46486e-10
2.83024e-06
2.46591e-10
2.99784e-06
2.39147e-11
1.23065e-10
2.33189e-06
2.50722e-11
1.2276e-10
2.62509e-06
1.18355e-10
2.77381e-06
2.32116e-11
4.21536e-11
2.1036e-06
2.43001e-11
3.79489e-11
2.35807e-06
3.31402e-11
2.48793e-06
2.00555e-11
1.70726e-06
2.07371e-11
1.91379e-06
2.02072e-06
-2.07872e-11
5.91469e-10
2.18509e-06
-1.91733e-11
6.70643e-10
2.75251e-06
6.9992e-10
3.04801e-06
-7.20786e-12
6.70879e-10
2.44449e-06
-6.95293e-12
7.57032e-10
2.96785e-06
7.85575e-10
3.24141e-06
2.13318e-12
6.7848e-10
2.60396e-06
1.65962e-12
7.61005e-10
3.08446e-06
7.85988e-10
3.33591e-06
9.5362e-12
6.15114e-10
2.6782e-06
9.03289e-12
6.86521e-10
3.11798e-06
7.06176e-10
3.34736e-06
1.53679e-11
4.99832e-10
2.67957e-06
1.51827e-11
5.53697e-10
3.08086e-06
5.67094e-10
3.2887e-06
1.97094e-11
3.61555e-10
2.61811e-06
2.00383e-11
3.9408e-10
2.98278e-06
4.00761e-10
3.17004e-06
2.24187e-11
2.28572e-10
2.50122e-06
2.32747e-11
2.41121e-10
2.8304e-06
2.41231e-10
2.99802e-06
2.34703e-11
1.19807e-10
2.33197e-06
2.46308e-11
1.19422e-10
2.62521e-06
1.15061e-10
2.77396e-06
2.27737e-11
4.06414e-11
2.10365e-06
2.38674e-11
3.64208e-11
2.35815e-06
3.16516e-11
2.48803e-06
1.96646e-11
1.70729e-06
2.03534e-11
1.91382e-06
2.02077e-06
-2.03841e-11
5.81083e-10
2.18497e-06
-1.88424e-11
6.59024e-10
2.75235e-06
6.8767e-10
3.04784e-06
-7.08902e-12
6.59374e-10
2.44442e-06
-6.85166e-12
7.44232e-10
2.96776e-06
7.72179e-10
3.24131e-06
2.07886e-12
6.6701e-10
2.60395e-06
1.60144e-12
7.48368e-10
3.08446e-06
7.72855e-10
3.33591e-06
9.35051e-12
6.0466e-10
2.67825e-06
8.84347e-12
6.75128e-10
3.11805e-06
6.94426e-10
3.34745e-06
1.5079e-11
4.91016e-10
2.67967e-06
1.48911e-11
5.44211e-10
3.08099e-06
5.57396e-10
3.28885e-06
1.93445e-11
3.54645e-10
2.61822e-06
1.96725e-11
3.86752e-10
2.98293e-06
3.9335e-10
3.17022e-06
2.20059e-11
2.23581e-10
2.50133e-06
2.28633e-11
2.35924e-10
2.83055e-06
2.36038e-10
2.9982e-06
2.30356e-11
1.16644e-10
2.33206e-06
2.41993e-11
1.16191e-10
2.62533e-06
1.11872e-10
2.7741e-06
2.23455e-11
3.91732e-11
2.10371e-06
2.34446e-11
3.49418e-11
2.35823e-06
3.02095e-11
2.48814e-06
1.92825e-11
1.70731e-06
1.99789e-11
1.91386e-06
2.02082e-06
-1.99902e-11
5.70945e-10
2.18486e-06
-1.8518e-11
6.47674e-10
2.7522e-06
6.75702e-10
3.04767e-06
-6.9732e-12
6.4815e-10
2.44435e-06
-6.75237e-12
7.31736e-10
2.96768e-06
7.59097e-10
3.24122e-06
2.02482e-12
6.55832e-10
2.60394e-06
1.54427e-12
7.36044e-10
3.08445e-06
7.60042e-10
3.33591e-06
9.16771e-12
5.94489e-10
2.6783e-06
8.65746e-12
6.64033e-10
3.11812e-06
6.82979e-10
3.34753e-06
1.47952e-11
4.82453e-10
2.67977e-06
1.46049e-11
5.34993e-10
3.08112e-06
5.47968e-10
3.289e-06
1.89868e-11
3.4794e-10
2.61834e-06
1.93138e-11
3.79646e-10
2.98309e-06
3.86159e-10
3.1704e-06
2.16018e-11
2.18742e-10
2.50143e-06
2.24601e-11
2.30894e-10
2.83069e-06
2.31008e-10
2.99838e-06
2.26106e-11
1.13577e-10
2.33214e-06
2.37768e-11
1.13064e-10
2.62545e-06
1.08785e-10
2.77425e-06
2.1927e-11
3.77458e-11
2.10376e-06
2.3031e-11
3.35081e-11
2.35831e-06
2.88117e-11
2.48824e-06
1.89091e-11
1.70732e-06
1.96127e-11
1.91389e-06
2.02087e-06
-1.96052e-11
5.61046e-10
2.18475e-06
-1.82001e-11
6.36586e-10
2.75205e-06
6.64007e-10
3.0475e-06
-6.86031e-12
6.37198e-10
2.44428e-06
-6.65494e-12
7.19535e-10
2.9676e-06
7.46322e-10
3.24113e-06
1.97115e-12
6.44936e-10
2.60393e-06
1.48821e-12
7.24022e-10
3.08445e-06
7.4754e-10
3.33591e-06
8.98787e-12
5.84588e-10
2.67836e-06
8.47499e-12
6.53228e-10
3.1182e-06
6.71826e-10
3.34762e-06
1.45166e-11
4.74131e-10
2.67986e-06
1.43242e-11
5.26031e-10
3.08125e-06
5.388e-10
3.28915e-06
1.86361e-11
3.41433e-10
2.61845e-06
1.89624e-11
3.72753e-10
2.98324e-06
3.79182e-10
3.17058e-06
2.12062e-11
2.14048e-10
2.50154e-06
2.20653e-11
2.26021e-10
2.83084e-06
2.26136e-10
2.99855e-06
2.21949e-11
1.10602e-10
2.33222e-06
2.33637e-11
1.10037e-10
2.62556e-06
1.05797e-10
2.77439e-06
2.1518e-11
3.63602e-11
2.10381e-06
2.26268e-11
3.21203e-11
2.35839e-06
2.74572e-11
2.48834e-06
1.85442e-11
1.70734e-06
1.9255e-11
1.91392e-06
2.02092e-06
-1.92287e-11
5.51381e-10
2.18465e-06
-1.78884e-11
6.25754e-10
2.75191e-06
6.52579e-10
3.04733e-06
-6.75005e-12
6.26511e-10
2.44421e-06
-6.55939e-12
7.07623e-10
2.96751e-06
7.33845e-10
3.24105e-06
1.91819e-12
6.34314e-10
2.60392e-06
1.43303e-12
7.12297e-10
3.08445e-06
7.35341e-10
3.33591e-06
8.81114e-12
5.74949e-10
2.67841e-06
8.29567e-12
6.42706e-10
3.11827e-06
6.60959e-10
3.3477e-06
1.42433e-11
4.66045e-10
2.67996e-06
1.40486e-11
5.17323e-10
3.08137e-06
5.29885e-10
3.28929e-06
1.82923e-11
3.3512e-10
2.61857e-06
1.86174e-11
3.66069e-10
2.98339e-06
3.72412e-10
3.17076e-06
2.0819e-11
2.095e-10
2.50165e-06
2.16782e-11
2.21303e-10
2.83098e-06
2.21417e-10
2.99873e-06
2.17883e-11
1.07717e-10
2.3323e-06
2.29589e-11
1.07106e-10
2.62568e-06
1.02904e-10
2.77454e-06
2.11183e-11
3.50137e-11
2.10386e-06
2.22311e-11
3.07736e-11
2.35846e-06
2.61447e-11
2.48844e-06
1.81877e-11
1.70736e-06
1.8905e-11
1.91395e-06
2.02096e-06
-1.88603e-11
5.4194e-10
2.18454e-06
-1.75826e-11
6.15169e-10
2.75176e-06
6.4141e-10
3.04717e-06
-6.64241e-12
6.16078e-10
2.44414e-06
-6.46554e-12
6.9599e-10
2.96743e-06
7.21656e-10
3.24096e-06
1.86621e-12
6.23955e-10
2.60391e-06
1.37893e-12
7.00859e-10
3.08444e-06
7.23436e-10
3.33591e-06
8.63776e-12
5.65562e-10
2.67846e-06
8.11974e-12
6.32458e-10
3.11833e-06
6.50369e-10
3.34778e-06
1.39754e-11
4.58182e-10
2.68005e-06
1.37782e-11
5.08859e-10
3.08149e-06
5.21215e-10
3.28943e-06
1.79559e-11
3.28993e-10
2.61868e-06
1.82793e-11
3.59585e-10
2.98354e-06
3.65843e-10
3.17093e-06
2.044e-11
2.05089e-10
2.50175e-06
2.12991e-11
2.16733e-10
2.83113e-06
2.16847e-10
2.9989e-06
2.13909e-11
1.0492e-10
2.33238e-06
2.25628e-11
1.04268e-10
2.62579e-06
1.00105e-10
2.77468e-06
2.07278e-11
3.37074e-11
2.10391e-06
2.18442e-11
2.94686e-11
2.35854e-06
2.48738e-11
2.48854e-06
1.78397e-11
1.70737e-06
1.85631e-11
1.91398e-06
2.02101e-06
-1.85028e-11
5.32722e-10
2.18444e-06
-1.72825e-11
6.04825e-10
2.75162e-06
6.30493e-10
3.04701e-06
-6.53656e-12
6.05897e-10
2.44408e-06
-6.37304e-12
6.84628e-10
2.96735e-06
7.09749e-10
3.24087e-06
1.81597e-12
6.13854e-10
2.6039e-06
1.32584e-12
6.89701e-10
3.08444e-06
7.11815e-10
3.33591e-06
8.46816e-12
5.56423e-10
2.6785e-06
7.94698e-12
6.22478e-10
3.1184e-06
6.40048e-10
3.34786e-06
1.37132e-11
4.5054e-10
2.68014e-06
1.35126e-11
5.00635e-10
3.08162e-06
5.12782e-10
3.28958e-06
1.76269e-11
3.23051e-10
2.61879e-06
1.79473e-11
3.53297e-10
2.98369e-06
3.59469e-10
3.1711e-06
2.00692e-11
2.00817e-10
2.50185e-06
2.09272e-11
2.12307e-10
2.83127e-06
2.12422e-10
2.99907e-06
2.10024e-11
1.0221e-10
2.33246e-06
2.21745e-11
1.01521e-10
2.6259e-06
9.7397e-11
2.77481e-06
2.03464e-11
3.24387e-11
2.10396e-06
2.14653e-11
2.82018e-11
2.35861e-06
2.36425e-11
2.48863e-06
1.75e-11
1.70739e-06
1.82285e-11
1.91401e-06
2.02105e-06
-1.81619e-11
5.23723e-10
2.18433e-06
-1.6989e-11
5.94711e-10
2.75148e-06
6.19822e-10
3.04685e-06
-6.43174e-12
5.9596e-10
2.44401e-06
-6.28212e-12
6.73528e-10
2.96727e-06
6.98114e-10
3.24079e-06
1.76711e-12
6.04005e-10
2.60389e-06
1.27391e-12
6.78811e-10
3.08443e-06
7.0047e-10
3.33591e-06
8.30167e-12
5.47525e-10
2.67855e-06
7.77754e-12
6.12754e-10
3.11847e-06
6.29987e-10
3.34794e-06
1.34558e-11
4.43114e-10
2.68023e-06
1.3252e-11
4.92638e-10
3.08174e-06
5.04579e-10
3.28971e-06
1.73041e-11
3.17286e-10
2.6189e-06
1.76216e-11
3.47196e-10
2.98383e-06
3.53284e-10
3.17127e-06
1.97059e-11
1.96675e-10
2.50195e-06
2.05626e-11
2.08022e-10
2.8314e-06
2.08136e-10
2.99923e-06
2.06221e-11
9.95829e-11
2.33253e-06
2.17942e-11
9.88615e-11
2.62601e-06
9.47763e-11
2.77495e-06
1.99734e-11
3.12077e-11
2.10401e-06
2.10945e-11
2.69749e-11
2.35868e-06
2.24499e-11
2.48873e-06
1.71681e-11
1.7074e-06
1.79013e-11
1.91404e-06
2.02109e-06
-1.78286e-11
5.14932e-10
2.18423e-06
-1.67012e-11
5.84826e-10
2.75134e-06
6.0939e-10
3.04669e-06
-6.32986e-12
5.8626e-10
2.44395e-06
-6.1928e-12
6.62684e-10
2.9672e-06
6.86746e-10
3.24071e-06
1.71836e-12
5.94401e-10
2.60388e-06
1.22291e-12
6.68182e-10
3.08443e-06
6.89395e-10
3.33591e-06
8.1375e-12
5.38863e-10
2.6786e-06
7.61103e-12
6.03278e-10
3.11853e-06
6.20179e-10
3.34802e-06
1.32025e-11
4.359e-10
2.68032e-06
1.29957e-11
4.84864e-10
3.08186e-06
4.96601e-10
3.28985e-06
1.69869e-11
3.11695e-10
2.619e-06
1.73015e-11
3.41283e-10
2.98398e-06
3.47283e-10
3.17144e-06
1.93494e-11
1.92662e-10
2.50205e-06
2.02043e-11
2.03875e-10
2.83154e-06
2.03987e-10
2.99939e-06
2.02494e-11
9.70361e-11
2.33261e-06
2.14208e-11
9.62894e-11
2.62611e-06
9.22408e-11
2.77508e-06
1.96081e-11
3.00108e-11
2.10406e-06
2.07308e-11
2.57852e-11
2.35875e-06
2.12943e-11
2.48882e-06
1.68431e-11
1.70742e-06
1.75807e-11
1.91406e-06
2.02113e-06
-1.75034e-11
5.06344e-10
2.18413e-06
-1.64192e-11
5.75161e-10
2.75121e-06
5.99191e-10
3.04654e-06
-6.23103e-12
5.76789e-10
2.44388e-06
-6.10507e-12
6.52087e-10
2.96712e-06
6.75636e-10
3.24062e-06
1.6695e-12
5.85034e-10
2.60387e-06
1.17298e-12
6.57806e-10
3.08442e-06
6.7858e-10
3.3359e-06
7.97548e-12
5.30427e-10
2.67865e-06
7.44767e-12
5.94042e-10
3.1186e-06
6.10617e-10
3.34809e-06
1.29531e-11
4.2889e-10
2.68041e-06
1.27442e-11
4.77303e-10
3.08197e-06
4.88839e-10
3.28998e-06
1.66751e-11
3.06269e-10
2.61911e-06
1.69874e-11
3.35546e-10
2.98412e-06
3.4146e-10
3.1716e-06
1.89996e-11
1.88772e-10
2.50215e-06
1.98528e-11
1.99861e-10
2.83168e-06
1.99969e-10
2.99956e-06
1.9884e-11
9.45665e-11
2.33268e-06
2.10548e-11
9.38015e-11
2.62622e-06
8.97879e-11
2.77521e-06
1.92501e-11
2.88492e-11
2.10411e-06
2.03745e-11
2.46339e-11
2.35882e-06
2.0175e-11
2.48891e-06
1.65248e-11
1.70743e-06
1.7267e-11
1.91408e-06
2.02117e-06
-1.71859e-11
4.97953e-10
2.18403e-06
-1.61427e-11
5.65713e-10
2.75108e-06
5.89219e-10
3.04638e-06
-6.13518e-12
5.67541e-10
2.44382e-06
-6.01895e-12
6.41732e-10
2.96704e-06
6.64777e-10
3.24054e-06
1.6224e-12
5.75896e-10
2.60386e-06
1.12413e-12
6.47678e-10
3.08442e-06
6.6802e-10
3.3359e-06
7.81575e-12
5.22214e-10
2.67869e-06
7.28718e-12
5.85041e-10
3.11866e-06
6.01294e-10
3.34817e-06
1.27079e-11
4.22079e-10
2.6805e-06
1.24969e-11
4.69952e-10
3.08209e-06
4.81288e-10
3.29012e-06
1.63689e-11
3.01008e-10
2.61921e-06
1.66786e-11
3.29986e-10
2.98426e-06
3.35811e-10
3.17176e-06
1.86565e-11
1.85003e-10
2.50225e-06
1.95073e-11
1.95979e-10
2.83181e-06
1.9608e-10
2.99972e-06
1.9526e-11
9.21733e-11
2.33276e-06
2.06954e-11
9.13958e-11
2.62632e-06
8.74156e-11
2.77534e-06
1.88996e-11
2.77203e-11
2.10415e-06
2.0025e-11
2.35176e-11
2.35888e-06
1.90906e-11
2.489e-06
1.62132e-11
1.70744e-06
1.69594e-11
1.91411e-06
2.0212e-06
-1.6876e-11
4.89753e-10
2.18394e-06
-1.58719e-11
5.56476e-10
2.75094e-06
5.79469e-10
3.04624e-06
-6.04205e-12
5.58509e-10
2.44376e-06
-5.93446e-12
6.31613e-10
2.96697e-06
6.54164e-10
3.24046e-06
1.5756e-12
5.6698e-10
2.60385e-06
1.07627e-12
6.37789e-10
3.08441e-06
6.57706e-10
3.3359e-06
7.65848e-12
5.14213e-10
2.67874e-06
7.12962e-12
5.76269e-10
3.11872e-06
5.92203e-10
3.34824e-06
1.24669e-11
4.15457e-10
2.68058e-06
1.2254e-11
4.62804e-10
3.0822e-06
4.73942e-10
3.29025e-06
1.60685e-11
2.95903e-10
2.61932e-06
1.63752e-11
3.24594e-10
2.9844e-06
3.3033e-10
3.17192e-06
1.83202e-11
1.81351e-10
2.50234e-06
1.91682e-11
1.92222e-10
2.83194e-06
1.92316e-10
2.99987e-06
1.91753e-11
8.98537e-11
2.33283e-06
2.03429e-11
8.90694e-11
2.62642e-06
8.5121e-11
2.77547e-06
1.85564e-11
2.66249e-11
2.1042e-06
1.96823e-11
2.24376e-11
2.35895e-06
1.80401e-11
2.48909e-06
1.59081e-11
1.70745e-06
1.6658e-11
1.91413e-06
2.02124e-06
-1.65734e-11
4.81741e-10
2.18384e-06
-1.56066e-11
5.47445e-10
2.75081e-06
5.69935e-10
3.04609e-06
-5.95155e-12
5.49687e-10
2.44369e-06
-5.85161e-12
6.21725e-10
2.96689e-06
6.43789e-10
3.24038e-06
1.52909e-12
5.58281e-10
2.60384e-06
1.02929e-12
6.28136e-10
3.08441e-06
6.47633e-10
3.3359e-06
7.50379e-12
5.0642e-10
2.67878e-06
6.97458e-12
5.67721e-10
3.11879e-06
5.83338e-10
3.34831e-06
1.22303e-11
4.09022e-10
2.68067e-06
1.20151e-11
4.55857e-10
3.08231e-06
4.66795e-10
3.29038e-06
1.57738e-11
2.90953e-10
2.61942e-06
1.60768e-11
3.19368e-10
2.98453e-06
3.25012e-10
3.17208e-06
1.79907e-11
1.77815e-10
2.50244e-06
1.88347e-11
1.88589e-10
2.83207e-06
1.88673e-10
3.00003e-06
1.8832e-11
8.76073e-11
2.3329e-06
1.99964e-11
8.68206e-11
2.62652e-06
8.29025e-11
2.77559e-06
1.82206e-11
2.55605e-11
2.10424e-06
1.93458e-11
2.13903e-11
2.35901e-06
1.70223e-11
2.48917e-06
1.56097e-11
1.70746e-06
1.63623e-11
1.91415e-06
2.02127e-06
-1.6278e-11
4.73909e-10
2.18374e-06
-1.53474e-11
5.38616e-10
2.75069e-06
5.6061e-10
3.04594e-06
-5.86328e-12
5.41068e-10
2.44363e-06
-5.76792e-12
6.12059e-10
2.96682e-06
6.33648e-10
3.2403e-06
1.48303e-12
5.49791e-10
2.60383e-06
9.82764e-13
6.18711e-10
3.0844e-06
6.37794e-10
3.33589e-06
7.35184e-12
4.98826e-10
2.67882e-06
6.82209e-12
5.59389e-10
3.11884e-06
5.74692e-10
3.34838e-06
1.19981e-11
4.02765e-10
2.68075e-06
1.17802e-11
4.49104e-10
3.08242e-06
4.59842e-10
3.2905e-06
1.5485e-11
2.86151e-10
2.61952e-06
1.57836e-11
3.14301e-10
2.98467e-06
3.19854e-10
3.17224e-06
1.76681e-11
1.74389e-10
2.50253e-06
1.85073e-11
1.85073e-10
2.8322e-06
1.85148e-10
3.00018e-06
1.84962e-11
8.5431e-11
2.33297e-06
1.96565e-11
8.46458e-11
2.62662e-06
8.07584e-11
2.77572e-06
1.78923e-11
2.45284e-11
2.10428e-06
1.90159e-11
2.03764e-11
2.35908e-06
1.60373e-11
2.48925e-06
1.5318e-11
1.70747e-06
1.60725e-11
1.91417e-06
2.0213e-06
-1.59894e-11
4.66254e-10
2.18365e-06
-1.50935e-11
5.29983e-10
2.75056e-06
5.5149e-10
3.0458e-06
-5.77724e-12
5.32648e-10
2.44357e-06
-5.68596e-12
6.02613e-10
2.96675e-06
6.23733e-10
3.24023e-06
1.4376e-12
5.41504e-10
2.60382e-06
9.37045e-13
6.09509e-10
3.08439e-06
6.28183e-10
3.33589e-06
7.20283e-12
4.91427e-10
2.67887e-06
6.67216e-12
5.51271e-10
3.1189e-06
5.6626e-10
3.34845e-06
1.17708e-11
3.96682e-10
2.68084e-06
1.15493e-11
4.42541e-10
3.08253e-06
4.53077e-10
3.29063e-06
1.52024e-11
2.81497e-10
2.61962e-06
1.54954e-11
3.09391e-10
2.9848e-06
3.1485e-10
3.17239e-06
1.73525e-11
1.71074e-10
2.50262e-06
1.81854e-11
1.81675e-10
2.83233e-06
1.81739e-10
3.00033e-06
1.81681e-11
8.33245e-11
2.33304e-06
1.93225e-11
8.25438e-11
2.62672e-06
7.86872e-11
2.77584e-06
1.75717e-11
2.35261e-11
2.10432e-06
1.8692e-11
1.9393e-11
2.35914e-06
1.50843e-11
2.48934e-06
1.50333e-11
1.70748e-06
1.57881e-11
1.91419e-06
2.02133e-06
-1.57078e-11
4.58771e-10
2.18356e-06
-1.48449e-11
5.2154e-10
2.75044e-06
5.42571e-10
3.04566e-06
-5.69379e-12
5.24421e-10
2.44351e-06
-5.60563e-12
5.93379e-10
2.96667e-06
6.14038e-10
3.24015e-06
1.39241e-12
5.33416e-10
2.60381e-06
8.92237e-13
6.00522e-10
3.08439e-06
6.18794e-10
3.33589e-06
7.05633e-12
4.84217e-10
2.67891e-06
6.525e-12
5.43357e-10
3.11896e-06
5.58035e-10
3.34852e-06
1.15477e-11
3.9077e-10
2.68092e-06
1.13225e-11
4.36161e-10
3.08264e-06
4.46495e-10
3.29075e-06
1.49256e-11
2.76983e-10
2.61972e-06
1.52122e-11
3.04631e-10
2.98493e-06
3.09998e-10
3.17254e-06
1.70437e-11
1.67863e-10
2.50272e-06
1.78694e-11
1.78388e-10
2.83245e-06
1.78442e-10
3.00048e-06
1.78473e-11
8.12844e-11
2.33311e-06
1.89947e-11
8.05128e-11
2.62682e-06
7.66867e-11
2.77596e-06
1.72585e-11
2.25541e-11
2.10437e-06
1.83743e-11
1.84416e-11
2.3592e-06
1.41626e-11
2.48942e-06
1.47551e-11
1.70749e-06
1.55094e-11
1.91421e-06
2.02136e-06
-1.54333e-11
4.51458e-10
2.18347e-06
-1.46016e-11
5.13282e-10
2.75031e-06
5.33847e-10
3.04552e-06
-5.61312e-12
5.16385e-10
2.44345e-06
-5.527e-12
5.84351e-10
2.9666e-06
6.04559e-10
3.24007e-06
1.34713e-12
5.25525e-10
2.6038e-06
8.48149e-13
5.91745e-10
3.08438e-06
6.0962e-10
3.33588e-06
6.91193e-12
4.77197e-10
2.67895e-06
6.3803e-12
5.35642e-10
3.11902e-06
5.50012e-10
3.34858e-06
1.13285e-11
3.85027e-10
2.681e-06
1.10993e-11
4.29959e-10
3.08275e-06
4.40092e-10
3.29087e-06
1.4654e-11
2.7261e-10
2.61982e-06
1.49336e-11
3.00021e-10
2.98506e-06
3.05292e-10
3.17269e-06
1.67414e-11
1.64758e-10
2.50281e-06
1.75585e-11
1.75214e-10
2.83257e-06
1.75255e-10
3.00063e-06
1.75335e-11
7.93099e-11
2.33318e-06
1.86726e-11
7.85525e-11
2.62691e-06
7.47556e-11
2.77608e-06
1.69522e-11
2.16094e-11
2.10441e-06
1.80622e-11
1.75198e-11
2.35926e-06
1.32709e-11
2.4895e-06
1.44831e-11
1.70749e-06
1.52358e-11
1.91422e-06
2.02139e-06
-1.51659e-11
4.44309e-10
2.18338e-06
-1.43634e-11
5.05205e-10
2.75019e-06
5.25313e-10
3.04538e-06
-5.53531e-12
5.08533e-10
2.44339e-06
-5.44989e-12
5.75523e-10
2.96653e-06
5.95289e-10
3.24e-06
1.3017e-12
5.17823e-10
2.60379e-06
8.05011e-13
5.83171e-10
3.08437e-06
6.00656e-10
3.33588e-06
6.76956e-12
4.70358e-10
2.67899e-06
6.23838e-12
5.28118e-10
3.11907e-06
5.42186e-10
3.34865e-06
1.11131e-11
3.79447e-10
2.68108e-06
1.08803e-11
4.23927e-10
3.08285e-06
4.33862e-10
3.29099e-06
1.43877e-11
2.6837e-10
2.61991e-06
1.46599e-11
2.95554e-10
2.98519e-06
3.0073e-10
3.17284e-06
1.64454e-11
1.61751e-10
2.5029e-06
1.72533e-11
1.72148e-10
2.8327e-06
1.72174e-10
3.00078e-06
1.72268e-11
7.73981e-11
2.33324e-06
1.83564e-11
7.66605e-11
2.62701e-06
7.28919e-11
2.7762e-06
1.6653e-11
2.06936e-11
2.10445e-06
1.77562e-11
1.66292e-11
2.35932e-06
1.24092e-11
2.48958e-06
1.42174e-11
1.7075e-06
1.49676e-11
1.91424e-06
2.02142e-06
-1.49052e-11
4.37321e-10
2.18329e-06
-1.41301e-11
4.97303e-10
2.75008e-06
5.16965e-10
3.04525e-06
-5.46004e-12
5.00862e-10
2.44334e-06
-5.37424e-12
5.66891e-10
2.96646e-06
5.86223e-10
3.23992e-06
1.25638e-12
5.10307e-10
2.60378e-06
7.62749e-13
5.74795e-10
3.08437e-06
5.91897e-10
3.33587e-06
6.62946e-12
4.63697e-10
2.67903e-06
6.09904e-12
5.20782e-10
3.11913e-06
5.34552e-10
3.34871e-06
1.09017e-11
3.74027e-10
2.68116e-06
1.0665e-11
4.18064e-10
3.08295e-06
4.27802e-10
3.29111e-06
1.41269e-11
2.64263e-10
2.62001e-06
1.4391e-11
2.91229e-10
2.98531e-06
2.96308e-10
3.17299e-06
1.61561e-11
1.58844e-10
2.50299e-06
1.69533e-11
1.69188e-10
2.83282e-06
1.69199e-10
3.00092e-06
1.69272e-11
7.5549e-11
2.33331e-06
1.80459e-11
7.48359e-11
2.6271e-06
7.10948e-11
2.77631e-06
1.63609e-11
1.98041e-11
2.10449e-06
1.74558e-11
1.5767e-11
2.35938e-06
1.15763e-11
2.48965e-06
1.39579e-11
1.70751e-06
1.47044e-11
1.91425e-06
2.02144e-06
-1.46511e-11
4.30489e-10
2.1832e-06
-1.39017e-11
4.89573e-10
2.74996e-06
5.08799e-10
3.04512e-06
-5.38734e-12
4.93366e-10
2.44328e-06
-5.30005e-12
5.5845e-10
2.96639e-06
5.77357e-10
3.23985e-06
1.21116e-12
5.0297e-10
2.60377e-06
7.21428e-13
5.66611e-10
3.08436e-06
5.83338e-10
3.33587e-06
6.4916e-12
4.57208e-10
2.67907e-06
5.96242e-12
5.13629e-10
3.11918e-06
5.27104e-10
3.34877e-06
1.06943e-11
3.68762e-10
2.68123e-06
1.04537e-11
4.12363e-10
3.08306e-06
4.21907e-10
3.29122e-06
1.38714e-11
2.60283e-10
2.6201e-06
1.41269e-11
2.87039e-10
2.98544e-06
2.92023e-10
3.17313e-06
1.58731e-11
1.56032e-10
2.50308e-06
1.66589e-11
1.66331e-10
2.83294e-06
1.66327e-10
3.00106e-06
1.66346e-11
7.37601e-11
2.33338e-06
1.77414e-11
7.30762e-11
2.62719e-06
6.93626e-11
2.77643e-06
1.60757e-11
1.89422e-11
2.10452e-06
1.71613e-11
1.49343e-11
2.35943e-06
1.07721e-11
2.48973e-06
1.37045e-11
1.70751e-06
1.44466e-11
1.91427e-06
2.02147e-06
-1.44035e-11
4.2381e-10
2.18312e-06
-1.36781e-11
4.82011e-10
2.74984e-06
5.00809e-10
3.04498e-06
-5.31703e-12
4.8604e-10
2.44322e-06
-5.22732e-12
5.50195e-10
2.96633e-06
5.68684e-10
3.23978e-06
1.16616e-12
4.95808e-10
2.60375e-06
6.80884e-13
5.58617e-10
3.08435e-06
5.74973e-10
3.33586e-06
6.35602e-12
4.50887e-10
2.67911e-06
5.82824e-12
5.06656e-10
3.11923e-06
5.1984e-10
3.34883e-06
1.04909e-11
3.63647e-10
2.68131e-06
1.02461e-11
4.06824e-10
3.08316e-06
4.16173e-10
3.29134e-06
1.36213e-11
2.5643e-10
2.6202e-06
1.38674e-11
2.82986e-10
2.98556e-06
2.87872e-10
3.17327e-06
1.55965e-11
1.53316e-10
2.50316e-06
1.63696e-11
1.63576e-10
2.83306e-06
1.63555e-10
3.0012e-06
1.63488e-11
7.20315e-11
2.33344e-06
1.74423e-11
7.13806e-11
2.62728e-06
6.76942e-11
2.77654e-06
1.57974e-11
1.81054e-11
2.10456e-06
1.68723e-11
1.41283e-11
2.35949e-06
9.99566e-12
2.4898e-06
1.34573e-11
1.70751e-06
1.41935e-11
1.91428e-06
2.02149e-06
-1.41621e-11
4.17278e-10
2.18303e-06
-1.34592e-11
4.74613e-10
2.74973e-06
4.92992e-10
3.04486e-06
-5.24901e-12
4.7888e-10
2.44316e-06
-5.15598e-12
5.42121e-10
2.96626e-06
5.60201e-10
3.2397e-06
1.12142e-12
4.88815e-10
2.60374e-06
6.41259e-13
5.50806e-10
3.08434e-06
5.66798e-10
3.33586e-06
6.22274e-12
4.44727e-10
2.67915e-06
5.69671e-12
4.99856e-10
3.11929e-06
5.12752e-10
3.34889e-06
1.02914e-11
3.58677e-10
2.68139e-06
1.00424e-11
4.01439e-10
3.08325e-06
4.10596e-10
3.29145e-06
1.33764e-11
2.52697e-10
2.62029e-06
1.36129e-11
2.79061e-10
2.98569e-06
2.8385e-10
3.17341e-06
1.5326e-11
1.50689e-10
2.50325e-06
1.6086e-11
1.60918e-10
2.83317e-06
1.60881e-10
3.00134e-06
1.60698e-11
7.03604e-11
2.3335e-06
1.71493e-11
6.9747e-11
2.62737e-06
6.60881e-11
2.77665e-06
1.55259e-11
1.72954e-11
2.1046e-06
1.65892e-11
1.33509e-11
2.35954e-06
9.24674e-12
2.48988e-06
1.32163e-11
1.70752e-06
1.39457e-11
1.91429e-06
2.02152e-06
-1.39265e-11
4.10891e-10
2.18295e-06
-1.32448e-11
4.67375e-10
2.74962e-06
4.85344e-10
3.04473e-06
-5.18294e-12
4.71881e-10
2.44311e-06
-5.08601e-12
5.34226e-10
2.96619e-06
5.51904e-10
3.23963e-06
1.07712e-12
4.81988e-10
2.60373e-06
6.02402e-13
5.43176e-10
3.08433e-06
5.58808e-10
3.33585e-06
6.09188e-12
4.38725e-10
2.67918e-06
5.56757e-12
4.93228e-10
3.11934e-06
5.05837e-10
3.34895e-06
1.00959e-11
3.53849e-10
2.68146e-06
9.84234e-12
3.96209e-10
3.08335e-06
4.05173e-10
3.29156e-06
1.31367e-11
2.49084e-10
2.62038e-06
1.33628e-11
2.75265e-10
2.98581e-06
2.79957e-10
3.17355e-06
1.50617e-11
1.48154e-10
2.50333e-06
1.58075e-11
1.58357e-10
2.83329e-06
1.58304e-10
3.00148e-06
1.57975e-11
6.87472e-11
2.33357e-06
1.68617e-11
6.81747e-11
2.62746e-06
6.45433e-11
2.77677e-06
1.52612e-11
1.65098e-11
2.10464e-06
1.63116e-11
1.25992e-11
2.3596e-06
8.52439e-12
2.48995e-06
1.29814e-11
1.70752e-06
1.37027e-11
1.9143e-06
2.02154e-06
-1.36968e-11
4.04645e-10
2.18287e-06
-1.3035e-11
4.60292e-10
2.7495e-06
4.7786e-10
3.0446e-06
-5.11891e-12
4.65039e-10
2.44305e-06
-5.01741e-12
5.26503e-10
2.96613e-06
5.43786e-10
3.23956e-06
1.03317e-12
4.7532e-10
2.60372e-06
5.64395e-13
5.35721e-10
3.08432e-06
5.50998e-10
3.33584e-06
5.96329e-12
4.32875e-10
2.67922e-06
5.44098e-12
4.86765e-10
3.11939e-06
4.99091e-10
3.34901e-06
9.9041e-12
3.49158e-10
2.68154e-06
9.64612e-12
3.91127e-10
3.08345e-06
3.99899e-10
3.29167e-06
1.29019e-11
2.45585e-10
2.62047e-06
1.31176e-11
2.71592e-10
2.98593e-06
2.76188e-10
3.17369e-06
1.48031e-11
1.45705e-10
2.50342e-06
1.55346e-11
1.55888e-10
2.83341e-06
1.5582e-10
3.00161e-06
1.55315e-11
6.71896e-11
2.33363e-06
1.65802e-11
6.66611e-11
2.62755e-06
6.30585e-11
2.77687e-06
1.50029e-11
1.57498e-11
2.10467e-06
1.60399e-11
1.18742e-11
2.35965e-06
7.82876e-12
2.49002e-06
1.27523e-11
1.70753e-06
1.3465e-11
1.91432e-06
2.02156e-06
-1.34727e-11
3.98536e-10
2.18278e-06
-1.28297e-11
4.53363e-10
2.74939e-06
4.70536e-10
3.04448e-06
-5.05691e-12
4.58351e-10
2.443e-06
-4.95026e-12
5.1895e-10
2.96606e-06
5.35843e-10
3.23949e-06
9.89479e-13
4.6881e-10
2.60371e-06
5.27039e-13
5.28437e-10
3.08432e-06
5.43364e-10
3.33584e-06
5.83681e-12
4.27176e-10
2.67926e-06
5.31665e-12
4.80465e-10
3.11943e-06
4.9251e-10
3.34907e-06
9.71586e-12
3.44603e-10
2.68161e-06
9.4534e-12
3.86192e-10
3.08354e-06
3.9477e-10
3.29178e-06
1.26717e-11
2.42202e-10
2.62056e-06
1.28769e-11
2.68041e-10
2.98604e-06
2.7254e-10
3.17382e-06
1.45499e-11
1.43344e-10
2.5035e-06
1.52668e-11
1.53511e-10
2.83352e-06
1.53429e-10
3.00175e-06
1.52713e-11
6.56879e-11
2.33369e-06
1.63042e-11
6.52052e-11
2.62764e-06
6.16329e-11
2.77698e-06
1.47506e-11
1.50133e-11
2.10471e-06
1.57737e-11
1.11731e-11
2.35971e-06
7.15916e-12
2.49009e-06
1.25288e-11
1.70753e-06
1.32321e-11
1.91433e-06
2.02158e-06
-1.32546e-11
3.92562e-10
2.1827e-06
-1.26288e-11
4.46581e-10
2.74929e-06
4.63369e-10
3.04436e-06
-4.99718e-12
4.51813e-10
2.44294e-06
-4.88449e-12
5.11561e-10
2.96599e-06
5.28072e-10
3.23942e-06
9.45808e-13
4.62453e-10
2.6037e-06
4.90469e-13
5.21318e-10
3.08431e-06
5.359e-10
3.33583e-06
5.71212e-12
4.21622e-10
2.67929e-06
5.19479e-12
4.74321e-10
3.11948e-06
4.86088e-10
3.34912e-06
9.53079e-12
3.40178e-10
2.68168e-06
9.26447e-12
3.81395e-10
3.08363e-06
3.89784e-10
3.29188e-06
1.24458e-11
2.3893e-10
2.62065e-06
1.2641e-11
2.64604e-10
2.98616e-06
2.69011e-10
3.17396e-06
1.43015e-11
1.41067e-10
2.50359e-06
1.50046e-11
1.51221e-10
2.83363e-06
1.51128e-10
3.00188e-06
1.50166e-11
6.42399e-11
2.33375e-06
1.60341e-11
6.38053e-11
2.62773e-06
6.0265e-11
2.77709e-06
1.45039e-11
1.43016e-11
2.10474e-06
1.55136e-11
1.04975e-11
2.35976e-06
6.51544e-12
2.49016e-06
1.23106e-11
1.70753e-06
1.30046e-11
1.91434e-06
2.0216e-06
-1.30421e-11
3.8672e-10
2.18262e-06
-1.24323e-11
4.39944e-10
2.74918e-06
4.56355e-10
3.04423e-06
-4.9397e-12
4.45422e-10
2.44289e-06
-4.82011e-12
5.04331e-10
2.96593e-06
5.20469e-10
3.23935e-06
9.02077e-13
4.56246e-10
2.60369e-06
4.54612e-13
5.1436e-10
3.0843e-06
5.28604e-10
3.33582e-06
5.58906e-12
4.16214e-10
2.67933e-06
5.07526e-12
4.68329e-10
3.11953e-06
4.79822e-10
3.34917e-06
9.34859e-12
3.35886e-10
2.68175e-06
9.07908e-12
3.76734e-10
3.08373e-06
3.84936e-10
3.29199e-06
1.22237e-11
2.35768e-10
2.62074e-06
1.24095e-11
2.61284e-10
2.98627e-06
2.65597e-10
3.17409e-06
1.40578e-11
1.38874e-10
2.50367e-06
1.47475e-11
1.49019e-10
2.83374e-06
1.48914e-10
3.00201e-06
1.4767e-11
6.28456e-11
2.33382e-06
1.57696e-11
6.2461e-11
2.62781e-06
5.89538e-11
2.7772e-06
1.42625e-11
1.36126e-11
2.10478e-06
1.52589e-11
9.84514e-12
2.35981e-06
5.89665e-12
2.49023e-06
1.20972e-11
1.70753e-06
1.27819e-11
1.91435e-06
2.02162e-06
-1.28357e-11
3.81006e-10
2.18254e-06
-1.22403e-11
4.33447e-10
2.74907e-06
4.4949e-10
3.04412e-06
-4.88483e-12
4.39175e-10
2.44284e-06
-4.75714e-12
4.97256e-10
2.96587e-06
5.13028e-10
3.23928e-06
8.57975e-13
4.50187e-10
2.60367e-06
4.19526e-13
5.07556e-10
3.08429e-06
5.21469e-10
3.33581e-06
5.46727e-12
4.10946e-10
2.67936e-06
4.95821e-12
4.62482e-10
3.11957e-06
4.73707e-10
3.34923e-06
9.16891e-12
3.31721e-10
2.68182e-06
8.89751e-12
3.72202e-10
3.08382e-06
3.80222e-10
3.29209e-06
1.20051e-11
2.32713e-10
2.62082e-06
1.21829e-11
2.58072e-10
2.98639e-06
2.62296e-10
3.17422e-06
1.38183e-11
1.36762e-10
2.50375e-06
1.44959e-11
1.46901e-10
2.83385e-06
1.46786e-10
3.00214e-06
1.45222e-11
6.15029e-11
2.33388e-06
1.55109e-11
6.11704e-11
2.6279e-06
5.76977e-11
2.7773e-06
1.40259e-11
1.29474e-11
2.10481e-06
1.50101e-11
9.21748e-12
2.35986e-06
5.30257e-12
2.49029e-06
1.18883e-11
1.70753e-06
1.25646e-11
1.91435e-06
2.02164e-06
-1.26354e-11
3.75419e-10
2.18247e-06
-1.20527e-11
4.27089e-10
2.74897e-06
4.42771e-10
3.044e-06
-4.83265e-12
4.33069e-10
2.44278e-06
-4.69578e-12
4.90332e-10
2.9658e-06
5.05747e-10
3.23922e-06
8.13402e-13
4.44272e-10
2.60366e-06
3.84931e-13
5.00906e-10
3.08428e-06
5.14494e-10
3.3358e-06
5.34664e-12
4.05818e-10
2.67939e-06
4.84329e-12
4.56779e-10
3.11962e-06
4.67741e-10
3.34928e-06
8.99161e-12
3.27682e-10
2.68189e-06
8.71928e-12
3.67799e-10
3.08391e-06
3.75639e-10
3.29219e-06
1.17897e-11
2.29765e-10
2.62091e-06
1.19605e-11
2.5497e-10
2.9865e-06
2.59105e-10
3.17435e-06
1.35829e-11
1.34731e-10
2.50383e-06
1.42492e-11
1.44866e-10
2.83396e-06
1.44743e-10
3.00227e-06
1.42817e-11
6.02122e-11
2.33394e-06
1.52576e-11
5.99331e-11
2.62798e-06
5.64958e-11
2.7774e-06
1.37938e-11
1.23037e-11
2.10485e-06
1.47667e-11
8.61204e-12
2.35991e-06
4.73219e-12
2.49036e-06
1.16835e-11
1.70753e-06
1.2352e-11
1.91436e-06
2.02165e-06
-1.24412e-11
3.69954e-10
2.18239e-06
-1.18696e-11
4.20864e-10
2.74887e-06
4.36194e-10
3.04388e-06
-4.78323e-12
4.27099e-10
2.44273e-06
-4.63598e-12
4.83556e-10
2.96574e-06
4.9862e-10
3.23915e-06
7.68357e-13
4.38497e-10
2.60365e-06
3.50993e-13
4.94402e-10
3.08427e-06
5.07673e-10
3.3358e-06
5.22723e-12
4.00823e-10
2.67942e-06
4.73077e-12
4.51213e-10
3.11966e-06
4.61919e-10
3.34933e-06
8.81679e-12
3.23765e-10
2.68196e-06
8.54481e-12
3.63519e-10
3.08399e-06
3.71184e-10
3.29229e-06
1.15777e-11
2.26918e-10
2.621e-06
1.17429e-11
2.51971e-10
2.98661e-06
2.5602e-10
3.17447e-06
1.33515e-11
1.32778e-10
2.50391e-06
1.40081e-11
1.42911e-10
2.83407e-06
1.4278e-10
3.0024e-06
1.40457e-11
5.89716e-11
2.334e-06
1.50102e-11
5.87472e-11
2.62806e-06
5.53466e-11
2.77751e-06
1.35663e-11
1.16835e-11
2.10488e-06
1.45292e-11
8.03055e-12
2.35996e-06
4.18549e-12
2.49043e-06
1.1483e-11
1.70753e-06
1.21447e-11
1.91437e-06
2.02167e-06
-1.22529e-11
3.6461e-10
2.18231e-06
-1.16911e-11
4.1477e-10
2.74876e-06
4.29756e-10
3.04377e-06
-4.73635e-12
4.21264e-10
2.44268e-06
-4.5778e-12
4.76925e-10
2.96568e-06
4.91645e-10
3.23908e-06
7.23024e-13
4.32859e-10
2.60364e-06
3.1758e-13
4.88044e-10
3.08426e-06
5.01002e-10
3.33579e-06
5.10928e-12
3.9596e-10
2.67946e-06
4.62047e-12
4.45784e-10
3.1197e-06
4.56236e-10
3.34938e-06
8.64469e-12
3.19967e-10
2.68203e-06
8.37382e-12
3.59361e-10
3.08408e-06
3.66853e-10
3.29239e-06
1.13694e-11
2.24173e-10
2.62108e-06
1.15297e-11
2.49076e-10
2.98672e-06
2.5304e-10
3.1746e-06
1.31244e-11
1.30903e-10
2.50399e-06
1.37719e-11
1.41035e-10
2.83418e-06
1.40898e-10
3.00253e-06
1.38144e-11
5.77813e-11
2.33406e-06
1.47681e-11
5.76124e-11
2.62815e-06
5.42493e-11
2.77761e-06
1.33435e-11
1.10845e-11
2.10491e-06
1.42971e-11
7.4705e-12
2.36001e-06
3.66168e-12
2.49049e-06
1.12867e-11
1.70753e-06
1.19424e-11
1.91438e-06
2.02169e-06
-1.20706e-11
3.59383e-10
2.18224e-06
-1.15171e-11
4.08805e-10
2.74866e-06
4.23454e-10
3.04365e-06
-4.69221e-12
4.15559e-10
2.44263e-06
-4.52132e-12
4.70434e-10
2.96562e-06
4.84819e-10
3.23902e-06
6.77257e-13
4.27354e-10
2.60362e-06
2.84693e-13
4.81826e-10
3.08424e-06
4.94479e-10
3.33578e-06
4.99269e-12
3.91224e-10
2.67949e-06
4.51246e-12
4.40487e-10
3.11975e-06
4.50691e-10
3.34943e-06
8.47526e-12
3.16284e-10
2.68209e-06
8.20646e-12
3.5532e-10
3.08417e-06
3.62643e-10
3.29248e-06
1.11647e-11
2.21526e-10
2.62116e-06
1.13212e-11
2.4628e-10
2.98683e-06
2.50161e-10
3.17472e-06
1.29015e-11
1.29103e-10
2.50407e-06
1.35411e-11
1.39235e-10
2.83429e-06
1.39093e-10
3.00265e-06
1.35877e-11
5.66395e-11
2.33411e-06
1.45319e-11
5.65272e-11
2.62823e-06
5.32023e-11
2.77771e-06
1.31253e-11
1.0508e-11
2.10495e-06
1.40709e-11
6.93362e-12
2.36006e-06
3.16053e-12
2.49056e-06
1.10945e-11
1.70753e-06
1.17453e-11
1.91438e-06
2.0217e-06
-1.18941e-11
3.54272e-10
2.18216e-06
-1.13477e-11
4.02965e-10
2.74857e-06
4.17284e-10
3.04354e-06
-4.6507e-12
4.09983e-10
2.44258e-06
-4.46661e-12
4.64082e-10
2.96555e-06
4.78137e-10
3.23895e-06
6.31092e-13
4.2198e-10
2.60361e-06
2.52168e-13
4.75747e-10
3.08423e-06
4.88099e-10
3.33577e-06
4.87752e-12
3.86614e-10
2.67952e-06
4.4065e-12
4.35321e-10
3.11979e-06
4.45278e-10
3.34947e-06
8.30858e-12
3.12716e-10
2.68216e-06
8.04243e-12
3.51397e-10
3.08425e-06
3.58551e-10
3.29258e-06
1.09638e-11
2.18977e-10
2.62125e-06
1.11169e-11
2.43584e-10
2.98694e-06
2.47382e-10
3.17484e-06
1.26829e-11
1.27379e-10
2.50415e-06
1.33151e-11
1.37513e-10
2.83439e-06
1.37365e-10
3.00277e-06
1.33657e-11
5.55464e-11
2.33417e-06
1.43009e-11
5.54915e-11
2.62831e-06
5.2205e-11
2.77781e-06
1.29118e-11
9.95172e-12
2.10498e-06
1.38499e-11
6.4175e-12
2.36011e-06
2.68127e-12
2.49062e-06
1.09065e-11
1.70753e-06
1.15529e-11
1.91439e-06
2.02172e-06
-1.17235e-11
3.49273e-10
2.18209e-06
-1.11828e-11
3.97249e-10
2.74847e-06
4.11244e-10
3.04343e-06
-4.61182e-12
4.0453e-10
2.44253e-06
-4.41357e-12
4.57865e-10
2.96549e-06
4.71596e-10
3.23889e-06
5.846e-13
4.16731e-10
2.6036e-06
2.20185e-13
4.69803e-10
3.08422e-06
4.81858e-10
3.33576e-06
4.76386e-12
3.82123e-10
2.67955e-06
4.30288e-12
4.3028e-10
3.11983e-06
4.39995e-10
3.34952e-06
8.14477e-12
3.09257e-10
2.68222e-06
7.88207e-12
3.47586e-10
3.08433e-06
3.54574e-10
3.29267e-06
1.07666e-11
2.1652e-10
2.62133e-06
1.09173e-11
2.40982e-10
2.98705e-06
2.44698e-10
3.17496e-06
1.24688e-11
1.25726e-10
2.50423e-06
1.30945e-11
1.35863e-10
2.8345e-06
1.35711e-10
3.0029e-06
1.31484e-11
5.44999e-11
2.33423e-06
1.40755e-11
5.45037e-11
2.62839e-06
5.1256e-11
2.77791e-06
1.27031e-11
9.41739e-12
2.10501e-06
1.36346e-11
5.92416e-12
2.36015e-06
2.22384e-12
2.49068e-06
1.07229e-11
1.70753e-06
1.13657e-11
1.91439e-06
2.02173e-06
-1.15584e-11
3.44384e-10
2.18202e-06
-1.10223e-11
3.91653e-10
2.74837e-06
4.05332e-10
3.04332e-06
-4.57518e-12
3.992e-10
2.44248e-06
-4.36219e-12
4.51781e-10
2.96543e-06
4.65193e-10
3.23882e-06
5.38085e-13
4.11608e-10
2.60359e-06
1.88641e-13
4.63992e-10
3.08421e-06
4.75755e-10
3.33575e-06
4.652e-12
3.77752e-10
2.67958e-06
4.20134e-12
4.25365e-10
3.11987e-06
4.3484e-10
3.34957e-06
7.98407e-12
3.05906e-10
2.68229e-06
7.725e-12
3.43888e-10
3.08442e-06
3.50709e-10
3.29276e-06
1.05735e-11
2.14157e-10
2.62141e-06
1.07218e-11
2.38476e-10
2.98715e-06
2.4211e-10
3.17508e-06
1.22594e-11
1.24146e-10
2.50431e-06
1.28785e-11
1.34288e-10
2.8346e-06
1.3413e-10
3.00302e-06
1.29362e-11
5.35005e-11
2.33429e-06
1.38553e-11
5.35644e-11
2.62847e-06
5.03546e-11
2.778e-06
1.24994e-11
8.90289e-12
2.10504e-06
1.34244e-11
5.45149e-12
2.3602e-06
1.78731e-12
2.49074e-06
1.05438e-11
1.70753e-06
1.11832e-11
1.9144e-06
2.02174e-06
-1.13986e-11
3.39602e-10
2.18195e-06
-1.0866e-11
3.86175e-10
2.74827e-06
3.99543e-10
3.04322e-06
-4.54077e-12
3.93989e-10
2.44243e-06
-4.31232e-12
4.45826e-10
2.96537e-06
4.58925e-10
3.23876e-06
4.91589e-13
4.06604e-10
2.60357e-06
1.57718e-13
4.58309e-10
3.0842e-06
4.69785e-10
3.33574e-06
4.54192e-12
3.73495e-10
2.67961e-06
4.10213e-12
4.2057e-10
3.1199e-06
4.29808e-10
3.34961e-06
7.82648e-12
3.02659e-10
2.68235e-06
7.57152e-12
3.40297e-10
3.0845e-06
3.46953e-10
3.29285e-06
1.03844e-11
2.11883e-10
2.62149e-06
1.05308e-11
2.36062e-10
2.98726e-06
2.39613e-10
3.1752e-06
1.20546e-11
1.22634e-10
2.50439e-06
1.26677e-11
1.32783e-10
2.8347e-06
1.3262e-10
3.00314e-06
1.27289e-11
5.25461e-11
2.33435e-06
1.36405e-11
5.26719e-11
2.62855e-06
4.94997e-11
2.7781e-06
1.23007e-11
8.40941e-12
2.10508e-06
1.32198e-11
5.00114e-12
2.36025e-06
1.37187e-12
2.49081e-06
1.03691e-11
1.70753e-06
1.10057e-11
1.9144e-06
2.02175e-06
-1.12439e-11
3.34925e-10
2.18188e-06
-1.07138e-11
3.80812e-10
2.74818e-06
3.93876e-10
3.04311e-06
-4.50836e-12
3.88894e-10
2.44238e-06
-4.26393e-12
4.39998e-10
2.96531e-06
4.5279e-10
3.23869e-06
4.4527e-13
4.0172e-10
2.60356e-06
1.27317e-13
4.52754e-10
3.08418e-06
4.63946e-10
3.33573e-06
4.43371e-12
3.69352e-10
2.67963e-06
4.00499e-12
4.15895e-10
3.11994e-06
4.24897e-10
3.34965e-06
7.67196e-12
2.99516e-10
2.68241e-06
7.42122e-12
3.36814e-10
3.08458e-06
3.43304e-10
3.29294e-06
1.01992e-11
2.09698e-10
2.62157e-06
1.03438e-11
2.3374e-10
2.98736e-06
2.37207e-10
3.17532e-06
1.18542e-11
1.21193e-10
2.50446e-06
1.24614e-11
1.31351e-10
2.8348e-06
1.3118e-10
3.00325e-06
1.25264e-11
5.16373e-11
2.3344e-06
1.34305e-11
5.18263e-11
2.62863e-06
4.86911e-11
2.7782e-06
1.21069e-11
7.93488e-12
2.10511e-06
1.302e-11
4.57065e-12
2.36029e-06
9.77091e-13
2.49087e-06
1.01989e-11
1.70752e-06
1.08326e-11
1.91441e-06
2.02177e-06
-1.10942e-11
3.30351e-10
2.1818e-06
-1.05655e-11
3.75562e-10
2.74809e-06
3.88327e-10
3.043e-06
-4.4778e-12
3.83913e-10
2.44233e-06
-4.21678e-12
4.34293e-10
2.96526e-06
4.46783e-10
3.23863e-06
3.99236e-13
3.96949e-10
2.60355e-06
9.76709e-14
4.47322e-10
3.08417e-06
4.58235e-10
3.33571e-06
4.32739e-12
3.65318e-10
2.67966e-06
3.91016e-12
4.11335e-10
3.11998e-06
4.20103e-10
3.34969e-06
7.52051e-12
2.96471e-10
2.68247e-06
7.27437e-12
3.33434e-10
3.08465e-06
3.3976e-10
3.29303e-06
1.00179e-11
2.07598e-10
2.62165e-06
1.0161e-11
2.31505e-10
2.98746e-06
2.34888e-10
3.17543e-06
1.16582e-11
1.19818e-10
2.50454e-06
1.22598e-11
1.29987e-10
2.8349e-06
1.29809e-10
3.00337e-06
1.23286e-11
5.07721e-11
2.33446e-06
1.32257e-11
5.10263e-11
2.6287e-06
4.79279e-11
2.77829e-06
1.19178e-11
7.48099e-12
2.10514e-06
1.28254e-11
4.1619e-12
2.36034e-06
6.03285e-13
2.49093e-06
1.00331e-11
1.70752e-06
1.06644e-11
1.91441e-06
2.02178e-06
-1.09489e-11
3.25877e-10
2.18174e-06
-1.04207e-11
3.70422e-10
2.74799e-06
3.82894e-10
3.0429e-06
-4.44864e-12
3.79042e-10
2.44228e-06
-4.17069e-12
4.2871e-10
2.9652e-06
4.40903e-10
3.23857e-06
3.53795e-13
3.92292e-10
2.60353e-06
6.88061e-14
4.42012e-10
3.08416e-06
4.52648e-10
3.3357e-06
4.22314e-12
3.61392e-10
2.67969e-06
3.81748e-12
4.0689e-10
3.12001e-06
4.15425e-10
3.34974e-06
7.37214e-12
2.93526e-10
2.68253e-06
7.13062e-12
3.30158e-10
3.08473e-06
3.36318e-10
3.29312e-06
9.84033e-12
2.05585e-10
2.62173e-06
9.98197e-12
2.29358e-10
2.98756e-06
2.32657e-10
3.17555e-06
1.14664e-11
1.18511e-10
2.50461e-06
1.20624e-11
1.28692e-10
2.835e-06
1.28506e-10
3.00349e-06
1.21353e-11
4.99511e-11
2.33452e-06
1.30253e-11
5.02719e-11
2.62878e-06
4.72099e-11
2.77839e-06
1.17333e-11
7.04584e-12
2.10517e-06
1.26354e-11
3.77275e-12
2.36039e-06
2.49915e-13
2.49099e-06
9.8716e-12
1.70752e-06
1.05004e-11
1.91441e-06
2.02179e-06
-1.08079e-11
3.215e-10
2.18167e-06
-1.02793e-11
3.65389e-10
2.7479e-06
3.77575e-10
3.0428e-06
-4.42091e-12
3.7428e-10
2.44223e-06
-4.12545e-12
4.23244e-10
2.96514e-06
4.35146e-10
3.23851e-06
3.08853e-13
3.87744e-10
2.60352e-06
4.08871e-14
4.36818e-10
3.08415e-06
4.47182e-10
3.33569e-06
4.12075e-12
3.5757e-10
2.67971e-06
3.72711e-12
4.02554e-10
3.12005e-06
4.1086e-10
3.34978e-06
7.22653e-12
2.90676e-10
2.68259e-06
6.99014e-12
3.26979e-10
3.08481e-06
3.32975e-10
3.2932e-06
9.66617e-12
2.03654e-10
2.6218e-06
9.80686e-12
2.27295e-10
2.98766e-06
2.3051e-10
3.17566e-06
1.12784e-11
1.17268e-10
2.50469e-06
1.18694e-11
1.27464e-10
2.8351e-06
1.2727e-10
3.0036e-06
1.19461e-11
4.91724e-11
2.33457e-06
1.28296e-11
4.95622e-11
2.62886e-06
4.65362e-11
2.77848e-06
1.1553e-11
6.63062e-12
2.1052e-06
1.24502e-11
3.40519e-12
2.36043e-06
-8.16797e-14
2.49104e-06
9.71412e-12
1.70751e-06
1.03409e-11
1.91442e-06
2.0218e-06
-1.0671e-11
3.1722e-10
2.1816e-06
-1.01411e-11
3.60461e-10
2.74781e-06
3.72367e-10
3.0427e-06
-4.39443e-12
3.69624e-10
2.44218e-06
-4.081e-12
4.17894e-10
2.96508e-06
4.2951e-10
3.23845e-06
2.64374e-13
3.83305e-10
2.6035e-06
1.37956e-14
4.3174e-10
3.08413e-06
4.41837e-10
3.33568e-06
4.02001e-12
3.53853e-10
2.67974e-06
3.63873e-12
3.98326e-10
3.12008e-06
4.06404e-10
3.34981e-06
7.08335e-12
2.87921e-10
2.68265e-06
6.85241e-12
3.23899e-10
3.08488e-06
3.29729e-10
3.29328e-06
9.49493e-12
2.01806e-10
2.62188e-06
9.63503e-12
2.25318e-10
2.98776e-06
2.28446e-10
3.17577e-06
1.10937e-11
1.1609e-10
2.50476e-06
1.168e-11
1.26303e-10
2.8352e-06
1.26099e-10
3.00372e-06
1.17605e-11
4.84364e-11
2.33463e-06
1.26379e-11
4.88977e-11
2.62894e-06
4.59068e-11
2.77857e-06
1.13766e-11
6.23323e-12
2.10523e-06
1.2269e-11
3.05714e-12
2.36048e-06
-3.90327e-13
2.4911e-06
9.56025e-12
1.70751e-06
1.01853e-11
1.91442e-06
2.02181e-06
-1.0538e-11
3.13031e-10
2.18153e-06
-1.00057e-11
3.55635e-10
2.74772e-06
3.67267e-10
3.0426e-06
-4.36909e-12
3.65071e-10
2.44213e-06
-4.03703e-12
4.12655e-10
2.96502e-06
4.23991e-10
3.23839e-06
2.20388e-13
3.7897e-10
2.60349e-06
-1.21865e-14
4.26772e-10
3.08412e-06
4.36606e-10
3.33567e-06
3.92086e-12
3.50235e-10
2.67976e-06
3.55263e-12
3.94202e-10
3.12012e-06
4.02055e-10
3.34985e-06
6.94241e-12
2.85257e-10
2.68271e-06
6.71773e-12
3.20911e-10
3.08495e-06
3.26579e-10
3.29337e-06
9.32636e-12
2.00035e-10
2.62196e-06
9.46676e-12
2.2342e-10
2.98786e-06
2.26463e-10
3.17588e-06
1.0912e-11
1.14973e-10
2.50484e-06
1.14946e-11
1.25207e-10
2.8353e-06
1.24993e-10
3.00383e-06
1.15782e-11
4.77411e-11
2.33468e-06
1.24503e-11
4.8277e-11
2.62901e-06
4.53204e-11
2.77866e-06
1.12035e-11
5.85534e-12
2.10526e-06
1.20921e-11
2.73058e-12
2.36052e-06
-6.77809e-13
2.49116e-06
9.40974e-12
1.70751e-06
1.00339e-11
1.91442e-06
2.02182e-06
-1.04083e-11
3.08934e-10
2.18147e-06
-9.87296e-12
3.50909e-10
2.74764e-06
3.62273e-10
3.0425e-06
-4.34447e-12
3.60618e-10
2.44209e-06
-3.9934e-12
4.07526e-10
2.96497e-06
4.18588e-10
3.23833e-06
1.77166e-13
3.74738e-10
2.60348e-06
-3.70853e-14
4.21914e-10
3.0841e-06
4.31489e-10
3.33565e-06
3.82342e-12
3.46716e-10
2.67979e-06
3.46858e-12
3.9018e-10
3.12015e-06
3.97811e-10
3.34989e-06
6.80372e-12
2.82684e-10
2.68277e-06
6.58569e-12
3.18016e-10
3.08503e-06
3.23521e-10
3.29345e-06
9.16035e-12
1.98344e-10
2.62203e-06
9.30153e-12
2.21604e-10
2.98795e-06
2.2456e-10
3.17599e-06
1.07332e-11
1.13919e-10
2.50491e-06
1.13124e-11
1.24176e-10
2.8354e-06
1.23949e-10
3.00394e-06
1.1399e-11
4.70871e-11
2.33474e-06
1.22662e-11
4.77001e-11
2.62909e-06
4.47766e-11
2.77876e-06
1.10337e-11
5.49503e-12
2.10529e-06
1.19188e-11
2.42321e-12
2.36057e-06
-9.47532e-13
2.49122e-06
9.26238e-12
1.7075e-06
9.88579e-12
1.91442e-06
2.02183e-06
-1.02818e-11
3.04925e-10
2.1814e-06
-9.74265e-12
3.4628e-10
2.74755e-06
3.57382e-10
3.0424e-06
-4.32054e-12
3.56264e-10
2.44204e-06
-3.94995e-12
4.02503e-10
2.96491e-06
4.13296e-10
3.23827e-06
1.34675e-13
3.70605e-10
2.60346e-06
-6.07784e-14
4.17162e-10
3.08409e-06
4.26483e-10
3.33564e-06
3.72753e-12
3.4329e-10
2.67981e-06
3.38669e-12
3.86256e-10
3.12018e-06
3.93669e-10
3.34993e-06
6.66703e-12
2.80197e-10
2.68282e-06
6.45642e-12
3.15209e-10
3.0851e-06
3.20553e-10
3.29353e-06
8.9966e-12
1.96726e-10
2.6221e-06
9.13945e-12
2.19865e-10
2.98805e-06
2.22734e-10
3.1761e-06
1.05568e-11
1.12924e-10
2.50498e-06
1.11337e-11
1.23207e-10
2.83549e-06
1.22967e-10
3.00405e-06
1.12224e-11
4.64725e-11
2.33479e-06
1.20859e-11
4.71659e-11
2.62916e-06
4.42743e-11
2.77885e-06
1.08667e-11
5.1535e-12
2.10532e-06
1.17493e-11
2.1367e-12
2.36061e-06
-1.19941e-12
2.49128e-06
9.11777e-12
1.7075e-06
9.74126e-12
1.91442e-06
2.02183e-06
-1.01583e-11
3.01002e-10
2.18133e-06
-9.6144e-12
3.41746e-10
2.74746e-06
3.52592e-10
3.0423e-06
-4.29707e-12
3.52005e-10
2.44199e-06
-3.90655e-12
3.97584e-10
2.96485e-06
4.08115e-10
3.23821e-06
9.30534e-14
3.66569e-10
2.60345e-06
-8.34079e-14
4.12513e-10
3.08407e-06
4.21584e-10
3.33563e-06
3.63322e-12
3.39959e-10
2.67983e-06
3.3067e-12
3.82431e-10
3.12021e-06
3.89626e-10
3.34996e-06
6.53224e-12
2.77796e-10
2.68288e-06
6.32948e-12
3.12492e-10
3.08517e-06
3.17673e-10
3.29361e-06
8.83492e-12
1.95185e-10
2.62218e-06
8.98003e-12
2.18205e-10
2.98814e-06
2.20984e-10
3.1762e-06
1.03827e-11
1.11989e-10
2.50506e-06
1.09578e-11
1.22302e-10
2.83559e-06
1.22047e-10
3.00416e-06
1.10482e-11
4.58978e-11
2.33485e-06
1.19086e-11
4.66744e-11
2.62924e-06
4.38135e-11
2.77894e-06
1.07023e-11
4.82893e-12
2.10535e-06
1.1583e-11
1.869e-12
2.36065e-06
-1.43321e-12
2.49133e-06
8.97568e-12
1.7075e-06
9.59972e-12
1.91443e-06
2.02184e-06
-1.00375e-11
2.97163e-10
2.18127e-06
-9.48609e-12
3.37303e-10
2.74738e-06
3.47902e-10
3.04221e-06
-4.27368e-12
3.47837e-10
2.44195e-06
-3.86336e-12
3.92766e-10
2.9648e-06
4.0304e-10
3.23815e-06
5.23238e-14
3.62626e-10
2.60343e-06
-1.0494e-13
4.07964e-10
3.08406e-06
4.16791e-10
3.33561e-06
3.54042e-12
3.36715e-10
2.67986e-06
3.22874e-12
3.78698e-10
3.12024e-06
3.8568e-10
3.35e-06
6.39927e-12
2.75476e-10
2.68293e-06
6.20511e-12
3.09858e-10
3.08524e-06
3.1488e-10
3.29368e-06
8.67519e-12
1.93713e-10
2.62225e-06
8.8235e-12
2.16617e-10
2.98823e-06
2.19307e-10
3.17631e-06
1.02106e-11
1.1111e-10
2.50513e-06
1.07851e-11
1.21456e-10
2.83568e-06
1.21185e-10
3.00427e-06
1.08763e-11
4.53613e-11
2.3349e-06
1.17347e-11
4.62244e-11
2.62931e-06
4.33937e-11
2.77903e-06
1.05402e-11
4.5229e-12
2.10538e-06
1.14203e-11
1.62203e-12
2.3607e-06
-1.64792e-12
2.49139e-06
8.83596e-12
1.70749e-06
9.46158e-12
1.91443e-06
2.02185e-06
-9.91924e-12
2.93406e-10
2.18121e-06
-9.35959e-12
3.3295e-10
2.74729e-06
3.43309e-10
3.04211e-06
-4.24909e-12
3.4376e-10
2.4419e-06
-3.8197e-12
3.88048e-10
2.96474e-06
3.98071e-10
3.23809e-06
1.26326e-14
3.58774e-10
2.60342e-06
-1.25227e-13
4.03515e-10
3.08404e-06
4.12102e-10
3.3356e-06
3.44922e-12
3.3356e-10
2.67988e-06
3.15267e-12
3.75059e-10
3.12027e-06
3.81829e-10
3.35003e-06
6.26808e-12
2.73237e-10
2.68299e-06
6.08293e-12
3.07309e-10
3.08531e-06
3.12171e-10
3.29376e-06
8.51733e-12
1.92313e-10
2.62232e-06
8.66941e-12
2.15104e-10
2.98833e-06
2.17705e-10
3.17641e-06
1.00405e-11
1.10289e-10
2.5052e-06
1.06149e-11
1.20671e-10
2.83578e-06
1.20383e-10
3.00438e-06
1.07065e-11
4.48633e-11
2.33496e-06
1.15635e-11
4.58162e-11
2.62939e-06
4.30146e-11
2.77911e-06
1.03804e-11
4.23356e-12
2.10541e-06
1.12604e-11
1.39373e-12
2.36074e-06
-1.84417e-12
2.49145e-06
8.69851e-12
1.70749e-06
9.32626e-12
1.91443e-06
2.02186e-06
-9.80317e-12
2.89727e-10
2.18114e-06
-9.23477e-12
3.28686e-10
2.74721e-06
3.38809e-10
3.04202e-06
-4.22454e-12
3.3977e-10
2.44185e-06
-3.77576e-12
3.83426e-10
2.96469e-06
3.93204e-10
3.23803e-06
-2.59713e-14
3.55011e-10
2.6034e-06
-1.44196e-13
3.99161e-10
3.08403e-06
4.07512e-10
3.33558e-06
3.3595e-12
3.30488e-10
2.6799e-06
3.07858e-12
3.71509e-10
3.1203e-06
3.78071e-10
3.35006e-06
6.13849e-12
2.71074e-10
2.68304e-06
5.96312e-12
3.0484e-10
3.08537e-06
3.09543e-10
3.29383e-06
8.3611e-12
1.9098e-10
2.6224e-06
8.51792e-12
2.13662e-10
2.98842e-06
2.16173e-10
3.17651e-06
9.87201e-12
1.09522e-10
2.50527e-06
1.04476e-11
1.19944e-10
2.83587e-06
1.19639e-10
3.00449e-06
1.05384e-11
4.44022e-11
2.33501e-06
1.13954e-11
4.54484e-11
2.62946e-06
4.26755e-11
2.7792e-06
1.02225e-11
3.96212e-12
2.10544e-06
1.11037e-11
1.18572e-12
2.36078e-06
-2.02184e-12
2.4915e-06
8.56305e-12
1.70748e-06
9.19404e-12
1.91443e-06
2.02187e-06
-9.68857e-12
2.86126e-10
2.18108e-06
-9.11172e-12
3.24507e-10
2.74713e-06
3.34402e-10
3.04193e-06
-4.19992e-12
3.35866e-10
2.44181e-06
-3.73156e-12
3.78899e-10
2.96463e-06
3.88437e-10
3.23797e-06
-6.33816e-14
3.51334e-10
2.60339e-06
-1.62041e-13
3.94902e-10
3.08401e-06
4.03021e-10
3.33557e-06
3.27121e-12
3.27499e-10
2.67992e-06
3.00615e-12
3.68047e-10
3.12032e-06
3.74402e-10
3.35009e-06
6.01038e-12
2.68988e-10
2.68309e-06
5.84523e-12
3.02452e-10
3.08544e-06
3.06997e-10
3.29391e-06
8.20634e-12
1.89715e-10
2.62247e-06
8.36854e-12
2.12291e-10
2.98851e-06
2.14711e-10
3.17661e-06
9.70508e-12
1.0881e-10
2.50534e-06
1.02826e-11
1.19275e-10
2.83596e-06
1.18952e-10
3.00459e-06
1.0372e-11
4.39786e-11
2.33507e-06
1.12298e-11
4.51214e-11
2.62953e-06
4.23762e-11
2.77929e-06
1.00664e-11
3.70675e-12
2.10547e-06
1.09496e-11
9.9603e-13
2.36083e-06
-2.18098e-12
2.49156e-06
8.4294e-12
1.70748e-06
9.06435e-12
1.91443e-06
2.02187e-06
-9.57442e-12
2.826e-10
2.18102e-06
-8.99104e-12
3.20412e-10
2.74704e-06
3.30085e-10
3.04184e-06
-4.17512e-12
3.32045e-10
2.44176e-06
-3.68707e-12
3.74462e-10
2.96458e-06
3.83768e-10
3.23792e-06
-9.95481e-14
3.47741e-10
2.60337e-06
-1.78712e-13
3.90732e-10
3.084e-06
3.98625e-10
3.33555e-06
3.18431e-12
3.24589e-10
2.67994e-06
2.93549e-12
3.64669e-10
3.12035e-06
3.70822e-10
3.35012e-06
5.88369e-12
2.66974e-10
2.68314e-06
5.72942e-12
3.0014e-10
3.0855e-06
3.04528e-10
3.29398e-06
8.05296e-12
1.88514e-10
2.62254e-06
8.22146e-12
2.10987e-10
2.9886e-06
2.13316e-10
3.17671e-06
9.53953e-12
1.0815e-10
2.50541e-06
1.012e-11
1.18663e-10
2.83605e-06
1.18321e-10
3.0047e-06
1.02071e-11
4.35907e-11
2.33512e-06
1.10669e-11
4.48339e-11
2.62961e-06
4.21161e-11
2.77938e-06
9.91197e-12
3.46905e-12
2.1055e-06
1.07984e-11
8.26585e-13
2.36087e-06
-2.32092e-12
2.49161e-06
8.29747e-12
1.70747e-06
8.93751e-12
1.91443e-06
2.02188e-06
-9.46173e-12
2.79148e-10
2.18096e-06
-8.87152e-12
3.16398e-10
2.74696e-06
3.25855e-10
3.04175e-06
-4.14998e-12
3.28306e-10
2.44172e-06
-3.64207e-12
3.70115e-10
2.96452e-06
3.79193e-10
3.23786e-06
-1.3442e-13
3.4423e-10
2.60335e-06
-1.94214e-13
3.86652e-10
3.08398e-06
3.94322e-10
3.33554e-06
3.09883e-12
3.21758e-10
2.67996e-06
2.86641e-12
3.61375e-10
3.12037e-06
3.67327e-10
3.35015e-06
5.75841e-12
2.65033e-10
2.6832e-06
5.61539e-12
2.97904e-10
3.08557e-06
3.02135e-10
3.29405e-06
7.90097e-12
1.87377e-10
2.62261e-06
8.07634e-12
2.09752e-10
2.98868e-06
2.11989e-10
3.17681e-06
9.3754e-12
1.07544e-10
2.50549e-06
9.95958e-12
1.18107e-10
2.83615e-06
1.17745e-10
3.0048e-06
1.00437e-11
4.32391e-11
2.33518e-06
1.09062e-11
4.45862e-11
2.62968e-06
4.18951e-11
2.77947e-06
9.75917e-12
3.2474e-12
2.10554e-06
1.06496e-11
6.75484e-13
2.36091e-06
-2.442e-12
2.49167e-06
8.16724e-12
1.70747e-06
8.81305e-12
1.91443e-06
2.02189e-06
-9.35072e-12
2.75767e-10
2.1809e-06
-8.75314e-12
3.12464e-10
2.74688e-06
3.21711e-10
3.04166e-06
-4.12459e-12
3.24644e-10
2.44167e-06
-3.59659e-12
3.65855e-10
2.96447e-06
3.74712e-10
3.2378e-06
-1.68252e-13
3.40798e-10
2.60334e-06
-2.08524e-13
3.82658e-10
3.08396e-06
3.90111e-10
3.33552e-06
3.01455e-12
3.19001e-10
2.67998e-06
2.79897e-12
3.5816e-10
3.1204e-06
3.63915e-10
3.35018e-06
5.63435e-12
2.6316e-10
2.68325e-06
5.50329e-12
2.9574e-10
3.08563e-06
2.99817e-10
3.29412e-06
7.75015e-12
1.86301e-10
2.62268e-06
7.93337e-12
2.0858e-10
2.98877e-06
2.10727e-10
3.17691e-06
9.21244e-12
1.06987e-10
2.50556e-06
9.80149e-12
1.17604e-10
2.83624e-06
1.17223e-10
3.0049e-06
9.88163e-12
4.29224e-11
2.33523e-06
1.07481e-11
4.43768e-11
2.62975e-06
4.17126e-11
2.77955e-06
9.60778e-12
3.04303e-12
2.10557e-06
1.05035e-11
5.44009e-13
2.36096e-06
-2.54416e-12
2.49172e-06
8.03857e-12
1.70746e-06
8.69128e-12
1.91443e-06
2.02189e-06
-9.24139e-12
2.72455e-10
2.18084e-06
-8.63587e-12
3.08609e-10
2.7468e-06
3.17651e-10
3.04157e-06
-4.09898e-12
3.2106e-10
2.44163e-06
-3.55076e-12
3.61681e-10
2.96442e-06
3.70321e-10
3.23775e-06
-2.01192e-13
3.37444e-10
2.60332e-06
-2.21886e-13
3.78748e-10
3.08395e-06
3.85988e-10
3.33551e-06
2.93133e-12
3.16318e-10
2.68e-06
2.73282e-12
3.55025e-10
3.12042e-06
3.60586e-10
3.35021e-06
5.51134e-12
2.61356e-10
2.68329e-06
5.3927e-12
2.93649e-10
3.08569e-06
2.97572e-10
3.29419e-06
7.60038e-12
1.85287e-10
2.62274e-06
7.7921e-12
2.07473e-10
2.98886e-06
2.0953e-10
3.177e-06
9.05058e-12
1.06481e-10
2.50563e-06
9.64523e-12
1.17156e-10
2.83633e-06
1.16755e-10
3.00501e-06
9.72071e-12
4.26413e-11
2.33528e-06
1.0592e-11
4.42058e-11
2.62982e-06
4.15686e-11
2.77964e-06
9.45766e-12
2.85445e-12
2.1056e-06
1.03596e-11
4.30046e-13
2.361e-06
-2.62764e-12
2.49178e-06
7.91146e-12
1.70746e-06
8.57169e-12
1.91443e-06
2.0219e-06
-9.13402e-12
2.69211e-10
2.18078e-06
-8.52033e-12
3.04828e-10
2.74672e-06
3.13672e-10
3.04148e-06
-4.07326e-12
3.1755e-10
2.44159e-06
-3.50462e-12
3.57589e-10
2.96436e-06
3.66018e-10
3.23769e-06
-2.33353e-13
3.34164e-10
2.60331e-06
-2.34276e-13
3.7492e-10
3.08393e-06
3.81952e-10
3.33549e-06
2.84913e-12
3.13706e-10
2.68001e-06
2.6681e-12
3.51966e-10
3.12045e-06
3.57335e-10
3.35024e-06
5.38942e-12
2.59616e-10
2.68334e-06
5.28387e-12
2.91626e-10
3.08575e-06
2.95398e-10
3.29425e-06
7.4517e-12
1.84331e-10
2.62281e-06
7.65283e-12
2.06426e-10
2.98894e-06
2.08394e-10
3.1771e-06
8.88985e-12
1.06024e-10
2.50569e-06
9.49121e-12
1.1676e-10
2.83641e-06
1.1634e-10
3.00511e-06
9.56105e-12
4.23941e-11
2.33534e-06
1.04383e-11
4.40721e-11
2.62989e-06
4.14623e-11
2.77972e-06
9.3089e-12
2.68304e-12
2.10563e-06
1.02182e-11
3.3553e-13
2.36104e-06
-2.69197e-12
2.49183e-06
7.78575e-12
1.70745e-06
8.45465e-12
1.91443e-06
2.0219e-06
-9.03107e-12
2.66032e-10
2.18072e-06
-8.40257e-12
3.01125e-10
2.74665e-06
3.09773e-10
3.04139e-06
-4.0473e-12
3.14113e-10
2.44154e-06
-3.45785e-12
3.5358e-10
2.96431e-06
3.61802e-10
3.23763e-06
-2.64894e-13
3.30958e-10
2.60329e-06
-2.45474e-13
3.71174e-10
3.08391e-06
3.78001e-10
3.33547e-06
2.76794e-12
3.11163e-10
2.68003e-06
2.60472e-12
3.48982e-10
3.12047e-06
3.54162e-10
3.35027e-06
5.2686e-12
2.57941e-10
2.68339e-06
5.1766e-12
2.89672e-10
3.08581e-06
2.93292e-10
3.29432e-06
7.30419e-12
1.83433e-10
2.62288e-06
7.5153e-12
2.05442e-10
2.98903e-06
2.0732e-10
3.17719e-06
8.73038e-12
1.05616e-10
2.50576e-06
9.33904e-12
1.16416e-10
2.8365e-06
1.15976e-10
3.00521e-06
9.40273e-12
4.21816e-11
2.33539e-06
1.02867e-11
4.39762e-11
2.62997e-06
4.13937e-11
2.77981e-06
9.16159e-12
2.52734e-12
2.10566e-06
1.0079e-11
2.5889e-13
2.36108e-06
-2.73729e-12
2.49189e-06
7.66148e-12
1.70745e-06
8.33977e-12
1.91443e-06
2.02191e-06
-8.93062e-12
2.62918e-10
2.18066e-06
-8.2865e-12
2.97494e-10
2.74657e-06
3.05951e-10
3.04131e-06
-4.02126e-12
3.10746e-10
2.4415e-06
-3.41117e-12
3.49651e-10
2.96426e-06
3.5767e-10
3.23758e-06
-2.95969e-13
3.27822e-10
2.60327e-06
-2.5585e-13
3.67506e-10
3.08389e-06
3.74132e-10
3.33546e-06
2.68763e-12
3.08687e-10
2.68005e-06
2.54257e-12
3.46071e-10
3.12049e-06
3.51065e-10
3.35029e-06
5.14878e-12
2.56327e-10
2.68344e-06
5.07096e-12
2.87782e-10
3.08587e-06
2.91254e-10
3.29438e-06
7.15777e-12
1.82591e-10
2.62295e-06
7.37967e-12
2.04516e-10
2.98911e-06
2.06305e-10
3.17728e-06
8.57205e-12
1.05255e-10
2.50583e-06
9.18902e-12
1.16121e-10
2.83659e-06
1.15662e-10
3.00531e-06
9.24568e-12
4.20024e-11
2.33545e-06
1.01374e-11
4.39171e-11
2.63004e-06
4.13619e-11
2.77989e-06
9.01562e-12
2.38849e-12
2.10569e-06
9.94216e-12
2.01575e-13
2.36113e-06
-2.76347e-12
2.49194e-06
7.53858e-12
1.70744e-06
8.22731e-12
1.91443e-06
2.02191e-06
-8.83143e-12
2.59866e-10
2.1806e-06
-8.1717e-12
2.93935e-10
2.74649e-06
3.02205e-10
3.04122e-06
-3.99532e-12
3.07448e-10
2.44145e-06
-3.36455e-12
3.45799e-10
2.9642e-06
3.53621e-10
3.23752e-06
-3.26573e-13
3.24757e-10
2.60326e-06
-2.65625e-13
3.63914e-10
3.08388e-06
3.70343e-10
3.33544e-06
2.60821e-12
3.06278e-10
2.68006e-06
2.48142e-12
3.4323e-10
3.12051e-06
3.4804e-10
3.35032e-06
5.02998e-12
2.54775e-10
2.68349e-06
4.96669e-12
2.85958e-10
3.08593e-06
2.89281e-10
3.29445e-06
7.01249e-12
1.81805e-10
2.62301e-06
7.24566e-12
2.03649e-10
2.98919e-06
2.05349e-10
3.17737e-06
8.41495e-12
1.04941e-10
2.5059e-06
9.04075e-12
1.15878e-10
2.83668e-06
1.15399e-10
3.00541e-06
9.08993e-12
4.18574e-11
2.3355e-06
9.99002e-12
4.38946e-11
2.63011e-06
4.13665e-11
2.77998e-06
8.87104e-12
2.26514e-12
2.10572e-06
9.80739e-12
1.61877e-13
2.36117e-06
-2.7712e-12
2.49199e-06
7.41703e-12
1.70744e-06
8.11685e-12
1.91443e-06
2.02192e-06
-8.73361e-12
2.56875e-10
2.18054e-06
-8.05825e-12
2.90445e-10
2.74642e-06
2.98534e-10
3.04114e-06
-3.96954e-12
3.04218e-10
2.44141e-06
-3.31804e-12
3.42023e-10
2.96415e-06
3.49651e-10
3.23747e-06
-3.56696e-13
3.21758e-10
2.60324e-06
-2.74776e-13
3.60396e-10
3.08386e-06
3.66633e-10
3.33542e-06
2.5297e-12
3.03931e-10
2.68008e-06
2.42145e-12
3.40457e-10
3.12053e-06
3.45087e-10
3.35034e-06
4.91227e-12
2.53281e-10
2.68353e-06
4.86406e-12
2.84194e-10
3.08598e-06
2.87371e-10
3.29451e-06
6.86844e-12
1.81071e-10
2.62308e-06
7.1136e-12
2.02836e-10
2.98927e-06
2.04448e-10
3.17746e-06
8.25917e-12
1.04673e-10
2.50597e-06
8.8947e-12
1.15681e-10
2.83676e-06
1.15183e-10
3.00551e-06
8.93562e-12
4.17451e-11
2.33555e-06
9.845e-12
4.39078e-11
2.63018e-06
4.1407e-11
2.78006e-06
8.72797e-12
2.15877e-12
2.10575e-06
9.67508e-12
1.4133e-13
2.36121e-06
-2.76029e-12
2.49205e-06
7.29696e-12
1.70743e-06
8.00879e-12
1.91443e-06
2.02193e-06
-8.63786e-12
2.53946e-10
2.18049e-06
-7.94674e-12
2.87022e-10
2.74634e-06
2.94935e-10
3.04106e-06
-3.94371e-12
3.01055e-10
2.44137e-06
-3.27185e-12
3.38321e-10
2.9641e-06
3.45761e-10
3.23742e-06
-3.86174e-13
3.18827e-10
2.60322e-06
-2.83519e-13
3.56951e-10
3.08384e-06
3.63e-10
3.33541e-06
2.45225e-12
3.01648e-10
2.68009e-06
2.36244e-12
3.37752e-10
3.12055e-06
3.42204e-10
3.35036e-06
4.79582e-12
2.51845e-10
2.68358e-06
4.76284e-12
2.82492e-10
3.08604e-06
2.85523e-10
3.29457e-06
6.72581e-12
1.80392e-10
2.62314e-06
6.98327e-12
2.0208e-10
2.98935e-06
2.03603e-10
3.17755e-06
8.10492e-12
1.04451e-10
2.50604e-06
8.75054e-12
1.15534e-10
2.83685e-06
1.15015e-10
3.0056e-06
8.78291e-12
4.16665e-11
2.33561e-06
9.70202e-12
4.39569e-11
2.63025e-06
4.1483e-11
2.78014e-06
8.58655e-12
2.06818e-12
2.10578e-06
9.54489e-12
1.38404e-13
2.36126e-06
-2.73107e-12
2.4921e-06
7.17846e-12
1.70743e-06
7.90281e-12
1.91442e-06
2.02193e-06
-8.54486e-12
2.51075e-10
2.18043e-06
-7.83776e-12
2.83664e-10
2.74627e-06
2.91407e-10
3.04097e-06
-3.91839e-12
2.97956e-10
2.44132e-06
-3.22634e-12
3.3469e-10
2.96405e-06
3.41947e-10
3.23736e-06
-4.15288e-13
3.15959e-10
2.6032e-06
-2.91976e-13
3.53576e-10
3.08382e-06
3.59441e-10
3.33539e-06
2.3757e-12
2.99425e-10
2.68011e-06
2.30446e-12
3.3511e-10
3.12057e-06
3.39389e-10
3.35038e-06
4.68057e-12
2.50465e-10
2.68362e-06
4.66324e-12
2.80847e-10
3.08609e-06
2.83735e-10
3.29463e-06
6.58459e-12
1.79763e-10
2.62321e-06
6.85494e-12
2.01376e-10
2.98943e-06
2.02811e-10
3.17764e-06
7.95217e-12
1.04274e-10
2.5061e-06
8.60865e-12
1.15432e-10
2.83694e-06
1.14894e-10
3.0057e-06
8.6318e-12
4.16203e-11
2.33566e-06
9.56145e-12
4.40409e-11
2.63032e-06
4.15941e-11
2.78023e-06
8.44678e-12
1.99442e-12
2.10581e-06
9.41717e-12
1.54469e-13
2.3613e-06
-2.68331e-12
2.49215e-06
7.06155e-12
1.70742e-06
7.79923e-12
1.91442e-06
2.02194e-06
-8.45304e-12
2.48262e-10
2.18037e-06
-7.73165e-12
2.8037e-10
2.74619e-06
2.87948e-10
3.04089e-06
-3.89338e-12
2.94921e-10
2.44128e-06
-3.18156e-12
3.31129e-10
2.964e-06
3.38208e-10
3.23731e-06
-4.43794e-13
3.13155e-10
2.60319e-06
-3.00306e-13
3.50269e-10
3.0838e-06
3.55955e-10
3.33537e-06
2.3002e-12
2.97261e-10
2.68012e-06
2.24737e-12
3.32532e-10
3.12059e-06
3.36639e-10
3.35041e-06
4.56668e-12
2.49141e-10
2.68366e-06
4.5651e-12
2.7926e-10
3.08614e-06
2.82006e-10
3.29469e-06
6.44493e-12
1.79187e-10
2.62327e-06
6.72845e-12
2.00724e-10
2.98951e-06
2.02072e-10
3.17773e-06
7.80111e-12
1.04142e-10
2.50617e-06
8.46877e-12
1.15377e-10
2.83702e-06
1.14818e-10
3.0058e-06
8.48243e-12
4.16074e-11
2.33572e-06
9.42305e-12
4.41599e-11
2.63039e-06
4.17401e-11
2.78031e-06
8.30878e-12
1.93642e-12
2.10584e-06
9.29167e-12
1.88104e-13
2.36134e-06
-2.61627e-12
2.49221e-06
6.9463e-12
1.70742e-06
7.6978e-12
1.91442e-06
2.02194e-06
-8.36321e-12
2.45506e-10
2.18032e-06
-7.62754e-12
2.77139e-10
2.74612e-06
2.84557e-10
3.04081e-06
-3.8689e-12
2.91948e-10
2.44124e-06
-3.13747e-12
3.27636e-10
2.96395e-06
3.34543e-10
3.23726e-06
-4.71772e-13
3.10413e-10
2.60317e-06
-3.08419e-13
3.47029e-10
3.08378e-06
3.5254e-10
3.33535e-06
2.22574e-12
2.95155e-10
2.68013e-06
2.19133e-12
3.30014e-10
3.1206e-06
3.33954e-10
3.35043e-06
4.45421e-12
2.47869e-10
2.68371e-06
4.46868e-12
2.77727e-10
3.0862e-06
2.80334e-10
3.29475e-06
6.30691e-12
1.78658e-10
2.62333e-06
6.60411e-12
2.00122e-10
2.98959e-06
2.01384e-10
3.17781e-06
7.6518e-12
1.04052e-10
2.50624e-06
8.33133e-12
1.15366e-10
2.8371e-06
1.14788e-10
3.00589e-06
8.3349e-12
4.16266e-11
2.33577e-06
9.28721e-12
4.43132e-11
2.63046e-06
4.19206e-11
2.78039e-06
8.17263e-12
1.89557e-12
2.10587e-06
9.16877e-12
2.40732e-13
2.36138e-06
-2.52972e-12
2.49226e-06
6.83281e-12
1.70741e-06
7.59889e-12
1.91442e-06
2.02195e-06
-8.2755e-12
2.42807e-10
2.18026e-06
-7.52562e-12
2.7397e-10
2.74605e-06
2.81231e-10
3.04073e-06
-3.84484e-12
2.89036e-10
2.4412e-06
-3.09426e-12
3.2421e-10
2.96389e-06
3.30948e-10
3.2372e-06
-4.99132e-13
3.07731e-10
2.60315e-06
-3.16445e-13
3.43854e-10
3.08376e-06
3.49195e-10
3.33533e-06
2.15248e-12
2.93106e-10
2.68015e-06
2.13621e-12
3.27556e-10
3.12062e-06
3.31332e-10
3.35045e-06
4.34334e-12
2.4665e-10
2.68375e-06
4.37381e-12
2.76248e-10
3.08625e-06
2.78716e-10
3.29481e-06
6.17075e-12
1.7818e-10
2.62339e-06
6.48175e-12
1.99569e-10
2.98966e-06
2.00745e-10
3.1779e-06
7.50447e-12
1.04007e-10
2.5063e-06
8.19607e-12
1.154e-10
2.83719e-06
1.14802e-10
3.00599e-06
8.18941e-12
4.16787e-11
2.33582e-06
9.15368e-12
4.45006e-11
2.63053e-06
4.21352e-11
2.78047e-06
8.03853e-12
1.87079e-12
2.10591e-06
9.04824e-12
3.10992e-13
2.36143e-06
-2.42519e-12
2.49232e-06
6.72122e-12
1.70741e-06
7.50223e-12
1.91442e-06
2.02195e-06
-8.19011e-12
2.40162e-10
2.18021e-06
-7.42609e-12
2.7086e-10
2.74598e-06
2.77969e-10
3.04065e-06
-3.82135e-12
2.86184e-10
2.44115e-06
-3.05211e-12
3.20848e-10
2.96384e-06
3.27423e-10
3.23715e-06
-5.26e-13
3.05108e-10
2.60313e-06
-3.2442e-13
3.40741e-10
3.08374e-06
3.45917e-10
3.33531e-06
2.08037e-12
2.91111e-10
2.68016e-06
2.08208e-12
3.25155e-10
3.12064e-06
3.2877e-10
3.35047e-06
4.2341e-12
2.45481e-10
2.68379e-06
4.28068e-12
2.7482e-10
3.0863e-06
2.77153e-10
3.29486e-06
6.03649e-12
1.77748e-10
2.62346e-06
6.36159e-12
1.99063e-10
2.98974e-06
2.00155e-10
3.17798e-06
7.35915e-12
1.04003e-10
2.50637e-06
8.06329e-12
1.15475e-10
2.83727e-06
1.14858e-10
3.00608e-06
8.04599e-12
4.17627e-11
2.33588e-06
9.02278e-12
4.47216e-11
2.6306e-06
4.23833e-11
2.78055e-06
7.90649e-12
1.86313e-12
2.10594e-06
8.93037e-12
4.00146e-13
2.36147e-06
-2.30255e-12
2.49237e-06
6.61155e-12
1.7074e-06
7.40811e-12
1.91442e-06
2.02196e-06
-8.10713e-12
2.37571e-10
2.18015e-06
-7.32911e-12
2.6781e-10
2.74591e-06
2.7477e-10
3.04058e-06
-3.7985e-12
2.83391e-10
2.44111e-06
-3.01121e-12
3.1755e-10
2.96379e-06
3.23967e-10
3.2371e-06
-5.52435e-13
3.02542e-10
2.60311e-06
-3.32544e-13
3.37691e-10
3.08372e-06
3.42705e-10
3.33529e-06
2.00943e-12
2.8917e-10
2.68017e-06
2.02873e-12
3.2281e-10
3.12065e-06
3.26268e-10
3.35048e-06
4.12651e-12
2.44363e-10
2.68383e-06
4.18905e-12
2.73442e-10
3.08635e-06
2.75641e-10
3.29492e-06
5.90416e-12
1.77363e-10
2.62352e-06
6.24342e-12
1.98605e-10
2.98981e-06
1.99612e-10
3.17806e-06
7.2159e-12
1.04043e-10
2.50644e-06
7.9327e-12
1.15594e-10
2.83735e-06
1.14957e-10
3.00617e-06
7.9047e-12
4.18792e-11
2.33593e-06
8.89418e-12
4.49761e-11
2.63067e-06
4.26651e-11
2.78063e-06
7.77657e-12
1.87159e-12
2.10597e-06
8.81486e-12
5.0699e-13
2.36151e-06
-2.16004e-12
2.49242e-06
6.50385e-12
1.7074e-06
7.31629e-12
1.91442e-06
2.02196e-06
-8.02664e-12
2.35033e-10
2.1801e-06
-7.23476e-12
2.64817e-10
2.74584e-06
2.71632e-10
3.0405e-06
-3.77633e-12
2.80654e-10
2.44107e-06
-2.9716e-12
3.14314e-10
2.96374e-06
3.20577e-10
3.23705e-06
-5.78458e-13
3.00032e-10
2.60309e-06
-3.40763e-13
3.34699e-10
3.0837e-06
3.39558e-10
3.33528e-06
1.93971e-12
2.8728e-10
2.68018e-06
1.9763e-12
3.20518e-10
3.12066e-06
3.23823e-10
3.3505e-06
4.02067e-12
2.43291e-10
2.68387e-06
4.09916e-12
2.72112e-10
3.0864e-06
2.74181e-10
3.29497e-06
5.77389e-12
1.77023e-10
2.62358e-06
6.12747e-12
1.9819e-10
2.98989e-06
1.99115e-10
3.17814e-06
7.07484e-12
1.04123e-10
2.5065e-06
7.80463e-12
1.15754e-10
2.83743e-06
1.15098e-10
3.00626e-06
7.76565e-12
4.20272e-11
2.33599e-06
8.76823e-12
4.52634e-11
2.63074e-06
4.29798e-11
2.78072e-06
7.64888e-12
1.89744e-12
2.106e-06
8.70202e-12
6.32755e-13
2.36156e-06
-1.99796e-12
2.49248e-06
6.39824e-12
1.70739e-06
7.22709e-12
1.91442e-06
2.02197e-06
-7.94859e-12
2.32546e-10
2.18005e-06
-7.14308e-12
2.6188e-10
2.74577e-06
2.68553e-10
3.04042e-06
-3.7548e-12
2.77974e-10
2.44103e-06
-2.93336e-12
3.11138e-10
2.96369e-06
3.17252e-10
3.23699e-06
-6.03979e-13
2.97578e-10
2.60307e-06
-3.49208e-13
3.31766e-10
3.08368e-06
3.36473e-10
3.33526e-06
1.8713e-12
2.85441e-10
2.68019e-06
1.9246e-12
3.18279e-10
3.12068e-06
3.21435e-10
3.35052e-06
3.9167e-12
2.42267e-10
2.68391e-06
4.01077e-12
2.70829e-10
3.08644e-06
2.72769e-10
3.29502e-06
5.64581e-12
1.76728e-10
2.62364e-06
6.0135e-12
1.97819e-10
2.98996e-06
1.98662e-10
3.17822e-06
6.93612e-12
1.04244e-10
2.50657e-06
7.67874e-12
1.15954e-10
2.83752e-06
1.15279e-10
3.00635e-06
7.62898e-12
4.22073e-11
2.33604e-06
8.64457e-12
4.55834e-11
2.63081e-06
4.33272e-11
2.7808e-06
7.52356e-12
1.93974e-12
2.10603e-06
8.59154e-12
7.76267e-13
2.3616e-06
-1.81867e-12
2.49253e-06
6.2948e-12
1.70739e-06
7.14012e-12
1.91442e-06
2.02197e-06
-7.87309e-12
2.30111e-10
2.17999e-06
-7.05412e-12
2.58998e-10
2.7457e-06
2.65533e-10
3.04035e-06
-3.734e-12
2.75348e-10
2.44099e-06
-2.89654e-12
3.08022e-10
2.96364e-06
3.1399e-10
3.23694e-06
-6.29083e-13
2.95176e-10
2.60306e-06
-3.57896e-13
3.2889e-10
3.08366e-06
3.3345e-10
3.33524e-06
1.80414e-12
2.8365e-10
2.6802e-06
1.87366e-12
3.1609e-10
3.12069e-06
3.19101e-10
3.35054e-06
3.81455e-12
2.41288e-10
2.68395e-06
3.92394e-12
2.69591e-10
3.08649e-06
2.71406e-10
3.29508e-06
5.51989e-12
1.76476e-10
2.6237e-06
5.90157e-12
1.9749e-10
2.99003e-06
1.98253e-10
3.1783e-06
6.79967e-12
1.04405e-10
2.50663e-06
7.55517e-12
1.16194e-10
2.8376e-06
1.155e-10
3.00644e-06
7.49465e-12
4.24188e-11
2.3361e-06
8.52337e-12
4.59358e-11
2.63088e-06
4.3707e-11
2.78088e-06
7.40055e-12
1.99951e-12
2.10607e-06
8.48357e-12
9.389e-13
2.36165e-06
-1.61964e-12
2.49258e-06
6.19352e-12
1.70738e-06
7.05564e-12
1.91442e-06
2.02198e-06
-7.80013e-12
2.27724e-10
2.17994e-06
-6.96784e-12
2.5617e-10
2.74563e-06
2.6257e-10
3.04027e-06
-3.71396e-12
2.72776e-10
2.44095e-06
-2.86114e-12
3.04963e-10
2.96359e-06
3.10791e-10
3.23689e-06
-6.53766e-13
2.92826e-10
2.60304e-06
-3.66899e-13
3.26069e-10
3.08364e-06
3.30487e-10
3.33522e-06
1.73823e-12
2.81908e-10
2.68021e-06
1.82335e-12
3.13951e-10
3.1207e-06
3.16821e-10
3.35055e-06
3.71423e-12
2.40353e-10
2.68399e-06
3.83848e-12
2.68397e-10
3.08654e-06
2.70089e-10
3.29513e-06
5.39612e-12
1.76267e-10
2.62376e-06
5.79148e-12
1.97203e-10
2.9901e-06
1.97887e-10
3.17838e-06
6.66554e-12
1.04606e-10
2.5067e-06
7.43362e-12
1.16473e-10
2.83768e-06
1.15761e-10
3.00653e-06
7.36266e-12
4.26621e-11
2.33615e-06
8.4043e-12
4.63206e-11
2.63095e-06
4.41192e-11
2.78096e-06
7.27989e-12
2.07593e-12
2.1061e-06
8.37778e-12
1.11965e-12
2.36169e-06
-1.40057e-12
2.49264e-06
6.09443e-12
1.70738e-06
6.97336e-12
1.91442e-06
2.02198e-06
-7.72965e-12
2.25387e-10
2.17989e-06
-6.88413e-12
2.53395e-10
2.74556e-06
2.59664e-10
3.0402e-06
-3.69472e-12
2.70255e-10
2.4409e-06
-2.82708e-12
3.0196e-10
2.96354e-06
3.07652e-10
3.23684e-06
-6.78051e-13
2.90527e-10
2.60302e-06
-3.76117e-13
3.23302e-10
3.08361e-06
3.27582e-10
3.3352e-06
1.67354e-12
2.80212e-10
2.68022e-06
1.77379e-12
3.11859e-10
3.12071e-06
3.14593e-10
3.35057e-06
3.61573e-12
2.39461e-10
2.68402e-06
3.75455e-12
2.67244e-10
3.08658e-06
2.68817e-10
3.29518e-06
5.27452e-12
1.76098e-10
2.62381e-06
5.68338e-12
1.96954e-10
2.99017e-06
1.97561e-10
3.17846e-06
6.53371e-12
1.04845e-10
2.50676e-06
7.31431e-12
1.16789e-10
2.83776e-06
1.16059e-10
3.00662e-06
7.23304e-12
4.29364e-11
2.3362e-06
8.28756e-12
4.6737e-11
2.63102e-06
4.45631e-11
2.78104e-06
7.1616e-12
2.17024e-12
2.10613e-06
8.27439e-12
1.3196e-12
2.36173e-06
-1.16361e-12
2.49269e-06
5.99754e-12
1.70738e-06
6.89341e-12
1.91442e-06
2.02199e-06
-7.66125e-12
2.23096e-10
2.17984e-06
-6.80265e-12
2.50672e-10
2.74549e-06
2.56812e-10
3.04012e-06
-3.67639e-12
2.67785e-10
2.44086e-06
-2.79437e-12
2.99014e-10
2.96349e-06
3.04573e-10
3.23679e-06
-7.01941e-13
2.88278e-10
2.603e-06
-3.85618e-13
3.20588e-10
3.08359e-06
3.24735e-10
3.33517e-06
1.61006e-12
2.78562e-10
2.68023e-06
1.72481e-12
3.09814e-10
3.12072e-06
3.12415e-10
3.35058e-06
3.51906e-12
2.38611e-10
2.68406e-06
3.67192e-12
2.66134e-10
3.08662e-06
2.67589e-10
3.29522e-06
5.15508e-12
1.7597e-10
2.62387e-06
5.57701e-12
1.96745e-10
2.99024e-06
1.97276e-10
3.17853e-06
6.4042e-12
1.05123e-10
2.50683e-06
7.19689e-12
1.17144e-10
2.83783e-06
1.16397e-10
3.00671e-06
7.10578e-12
4.32424e-11
2.33626e-06
8.1728e-12
4.71851e-11
2.63108e-06
4.50392e-11
2.78112e-06
7.04567e-12
2.28159e-12
2.10617e-06
8.17303e-12
1.53759e-12
2.36178e-06
-9.06191e-13
2.49275e-06
5.90286e-12
1.70737e-06
6.81555e-12
1.91442e-06
2.02199e-06
-7.59405e-12
2.20852e-10
2.17979e-06
-6.7226e-12
2.48e-10
2.74543e-06
2.54013e-10
3.04005e-06
-3.65863e-12
2.65366e-10
2.44082e-06
-2.76266e-12
2.96121e-10
2.96345e-06
3.01551e-10
3.23674e-06
-7.25245e-13
2.86076e-10
2.60298e-06
-3.95173e-13
3.17924e-10
3.08357e-06
3.21943e-10
3.33515e-06
1.54786e-12
2.76955e-10
2.68023e-06
1.67658e-12
3.07814e-10
3.12073e-06
3.10286e-10
3.35059e-06
3.42426e-12
2.37801e-10
2.68409e-06
3.59075e-12
2.65062e-10
3.08667e-06
2.66404e-10
3.29527e-06
5.03782e-12
1.75881e-10
2.62393e-06
5.4725e-12
1.96573e-10
2.99031e-06
1.9703e-10
3.17861e-06
6.27699e-12
1.05439e-10
2.50689e-06
7.08154e-12
1.17534e-10
2.83791e-06
1.16771e-10
3.0068e-06
6.98086e-12
4.35795e-11
2.33631e-06
8.06019e-12
4.76644e-11
2.63115e-06
4.55471e-11
2.7812e-06
6.93208e-12
2.41116e-12
2.1062e-06
8.0739e-12
1.77489e-12
2.36182e-06
-6.27868e-13
2.4928e-06
5.81038e-12
1.70737e-06
6.73998e-12
1.91442e-06
2.022e-06
-7.52807e-12
2.18655e-10
2.17974e-06
-6.64427e-12
2.45377e-10
2.74536e-06
2.51267e-10
3.03998e-06
-3.64136e-12
2.62996e-10
2.44078e-06
-2.73197e-12
2.93282e-10
2.9634e-06
2.98587e-10
3.23669e-06
-7.48009e-13
2.83922e-10
2.60296e-06
-4.04894e-13
3.15312e-10
3.08355e-06
3.19206e-10
3.33513e-06
1.48689e-12
2.75391e-10
2.68024e-06
1.62894e-12
3.05858e-10
3.12074e-06
3.08206e-10
3.35061e-06
3.33125e-12
2.3703e-10
2.68413e-06
3.51078e-12
2.6403e-10
3.08671e-06
2.6526e-10
3.29532e-06
4.92266e-12
1.75831e-10
2.62398e-06
5.36958e-12
1.96439e-10
2.99038e-06
1.96822e-10
3.17868e-06
6.15201e-12
1.05793e-10
2.50696e-06
6.96789e-12
1.17961e-10
2.83799e-06
1.17181e-10
3.00688e-06
6.85818e-12
4.39481e-11
2.33637e-06
7.94933e-12
4.8175e-11
2.63122e-06
4.6086e-11
2.78127e-06
6.82071e-12
2.55817e-12
2.10624e-06
7.97656e-12
2.03051e-12
2.36187e-06
-3.32594e-13
2.49285e-06
5.72002e-12
1.70737e-06
6.66613e-12
1.91442e-06
2.02201e-06
-7.46423e-12
2.16501e-10
2.17969e-06
-6.56794e-12
2.42804e-10
2.7453e-06
2.48573e-10
3.03991e-06
-3.62485e-12
2.60673e-10
2.44074e-06
-2.70236e-12
2.90494e-10
2.96335e-06
2.95678e-10
3.23664e-06
-7.7041e-13
2.81814e-10
2.60294e-06
-4.1478e-13
3.12749e-10
3.08353e-06
3.16522e-10
3.33511e-06
1.42706e-12
2.73868e-10
2.68025e-06
1.58194e-12
3.03945e-10
3.12075e-06
3.06171e-10
3.35062e-06
3.23997e-12
2.36297e-10
2.68416e-06
3.43213e-12
2.63035e-10
3.08675e-06
2.64156e-10
3.29536e-06
4.80956e-12
1.75818e-10
2.62404e-06
5.26836e-12
1.96338e-10
2.99044e-06
1.9665e-10
3.17875e-06
6.02918e-12
1.06183e-10
2.50702e-06
6.85611e-12
1.18422e-10
2.83807e-06
1.17626e-10
3.00697e-06
6.73769e-12
4.43474e-11
2.33642e-06
7.84039e-12
4.87163e-11
2.63129e-06
4.66554e-11
2.78135e-06
6.71153e-12
2.72373e-12
2.10627e-06
7.88117e-12
2.30563e-12
2.36191e-06
-1.95518e-14
2.49291e-06
5.63176e-12
1.70736e-06
6.59419e-12
1.91443e-06
2.02201e-06
-7.40242e-12
2.14392e-10
2.17964e-06
-6.49362e-12
2.40277e-10
2.74523e-06
2.45929e-10
3.03983e-06
-3.60889e-12
2.58397e-10
2.4407e-06
-2.67374e-12
2.87757e-10
2.9633e-06
2.92824e-10
3.23659e-06
-7.92339e-13
2.79749e-10
2.60291e-06
-4.24826e-13
3.10233e-10
3.0835e-06
3.13889e-10
3.33509e-06
1.36847e-12
2.72386e-10
2.68025e-06
1.53554e-12
3.02074e-10
3.12076e-06
3.04182e-10
3.35063e-06
3.15049e-12
2.35601e-10
2.6842e-06
3.35468e-12
2.62076e-10
3.08679e-06
2.6309e-10
3.29541e-06
4.69856e-12
1.75841e-10
2.62409e-06
5.16871e-12
1.96273e-10
2.99051e-06
1.96513e-10
3.17883e-06
5.90857e-12
1.0661e-10
2.50708e-06
6.74596e-12
1.18919e-10
2.83814e-06
1.18106e-10
3.00706e-06
6.61941e-12
4.47778e-11
2.33648e-06
7.7331e-12
4.92882e-11
2.63136e-06
4.72554e-11
2.78143e-06
6.60454e-12
2.90714e-12
2.10631e-06
7.78747e-12
2.59921e-12
2.36196e-06
3.12518e-13
2.49296e-06
5.54559e-12
1.70736e-06
6.52396e-12
1.91443e-06
2.02202e-06
-7.34267e-12
2.12324e-10
2.17959e-06
-6.42123e-12
2.37797e-10
2.74517e-06
2.43335e-10
3.03976e-06
-3.59346e-12
2.56165e-10
2.44066e-06
-2.64605e-12
2.8507e-10
2.96325e-06
2.90023e-10
3.23654e-06
-8.13826e-13
2.77728e-10
2.60289e-06
-4.34944e-13
3.07764e-10
3.08348e-06
3.11308e-10
3.33507e-06
1.31107e-12
2.70941e-10
2.68026e-06
1.48985e-12
3.00243e-10
3.12077e-06
3.02236e-10
3.35064e-06
3.06275e-12
2.3494e-10
2.68423e-06
3.27857e-12
2.61152e-10
3.08683e-06
2.62061e-10
3.29545e-06
4.58962e-12
1.75899e-10
2.62415e-06
5.07074e-12
1.96241e-10
2.99057e-06
1.9641e-10
3.1789e-06
5.79008e-12
1.07071e-10
2.50715e-06
6.63762e-12
1.19449e-10
2.83822e-06
1.18619e-10
3.00714e-06
6.50327e-12
4.52386e-11
2.33653e-06
7.62763e-12
4.98903e-11
2.63143e-06
4.78856e-11
2.78151e-06
6.49967e-12
3.10935e-12
2.10634e-06
7.69561e-12
2.91231e-12
2.36201e-06
6.64247e-13
2.49302e-06
5.46145e-12
1.70736e-06
6.45559e-12
1.91443e-06
2.02203e-06
-7.28495e-12
2.10299e-10
2.17954e-06
-6.35076e-12
2.35363e-10
2.7451e-06
2.40789e-10
3.03969e-06
-3.57853e-12
2.53979e-10
2.44062e-06
-2.61928e-12
2.82432e-10
2.9632e-06
2.87275e-10
3.23649e-06
-8.34882e-13
2.7575e-10
2.60287e-06
-4.45215e-13
3.05342e-10
3.08346e-06
3.08775e-10
3.33505e-06
1.25484e-12
2.69535e-10
2.68026e-06
1.44472e-12
2.98453e-10
3.12077e-06
3.00333e-10
3.35065e-06
2.97668e-12
2.34313e-10
2.68426e-06
3.2036e-12
2.60263e-10
3.08687e-06
2.61069e-10
3.29549e-06
4.48264e-12
1.75992e-10
2.6242e-06
4.97422e-12
1.96243e-10
2.99064e-06
1.96341e-10
3.17897e-06
5.67366e-12
1.07568e-10
2.50721e-06
6.53078e-12
1.20013e-10
2.8383e-06
1.19166e-10
3.00722e-06
6.38917e-12
4.57304e-11
2.33659e-06
7.52365e-12
5.05228e-11
2.6315e-06
4.85461e-11
2.78159e-06
6.39681e-12
3.32974e-12
2.10638e-06
7.60527e-12
3.24433e-12
2.36205e-06
1.03572e-12
2.49307e-06
5.37923e-12
1.70736e-06
6.38876e-12
1.91443e-06
2.02203e-06
-7.22921e-12
2.08314e-10
2.17949e-06
-6.28209e-12
2.32973e-10
2.74504e-06
2.38291e-10
3.03962e-06
-3.56405e-12
2.51835e-10
2.44058e-06
-2.59335e-12
2.79841e-10
2.96316e-06
2.84577e-10
3.23644e-06
-8.55495e-13
2.73812e-10
2.60285e-06
-4.55511e-13
3.02964e-10
3.08343e-06
3.06291e-10
3.33502e-06
1.19977e-12
2.68164e-10
2.68027e-06
1.40032e-12
2.96701e-10
3.12078e-06
2.98471e-10
3.35066e-06
2.8923e-12
2.33719e-10
2.68429e-06
3.12996e-12
2.59407e-10
3.0869e-06
2.6011e-10
3.29554e-06
4.37762e-12
1.76117e-10
2.62426e-06
4.87936e-12
1.96275e-10
2.9907e-06
1.96303e-10
3.17904e-06
5.55926e-12
1.08098e-10
2.50727e-06
6.42569e-12
1.20609e-10
2.83837e-06
1.19744e-10
3.00731e-06
6.27709e-12
4.62525e-11
2.33665e-06
7.42141e-12
5.11854e-11
2.63156e-06
4.92364e-11
2.78167e-06
6.29596e-12
3.56946e-12
2.10641e-06
7.51668e-12
3.59646e-12
2.3621e-06
1.42722e-12
2.49313e-06
5.29894e-12
1.70735e-06
6.32369e-12
1.91443e-06
2.02204e-06
-7.17533e-12
2.06369e-10
2.17944e-06
-6.21516e-12
2.30627e-10
2.74497e-06
2.3584e-10
3.03956e-06
-3.54993e-12
2.49734e-10
2.44054e-06
-2.56824e-12
2.77297e-10
2.96311e-06
2.81929e-10
3.2364e-06
-8.75586e-13
2.71914e-10
2.60283e-06
-4.65868e-13
3.0063e-10
3.08341e-06
3.03854e-10
3.335e-06
1.14592e-12
2.6683e-10
2.68027e-06
1.35656e-12
2.94986e-10
3.12079e-06
2.9665e-10
3.35067e-06
2.80964e-12
2.33158e-10
2.68433e-06
3.05752e-12
2.58583e-10
3.08694e-06
2.59186e-10
3.29558e-06
4.27459e-12
1.76274e-10
2.62431e-06
4.78597e-12
1.96339e-10
2.99076e-06
1.96296e-10
3.1791e-06
5.44692e-12
1.08663e-10
2.50733e-06
6.32212e-12
1.21237e-10
2.83844e-06
1.20354e-10
3.00739e-06
6.16703e-12
4.68052e-11
2.3367e-06
7.32065e-12
5.18778e-11
2.63163e-06
4.99561e-11
2.78174e-06
6.19708e-12
3.82794e-12
2.10645e-06
7.42957e-12
3.96774e-12
2.36214e-06
1.83852e-12
2.49318e-06
5.22054e-12
1.70735e-06
6.26013e-12
1.91444e-06
2.02205e-06
-7.12329e-12
2.04464e-10
2.17939e-06
-6.14993e-12
2.28323e-10
2.74491e-06
2.33434e-10
3.03949e-06
-3.53617e-12
2.47674e-10
2.4405e-06
-2.54395e-12
2.74799e-10
2.96306e-06
2.7933e-10
3.23635e-06
-8.95224e-13
2.70056e-10
2.60281e-06
-4.76275e-13
2.98339e-10
3.08338e-06
3.01462e-10
3.33498e-06
1.09324e-12
2.65529e-10
2.68027e-06
1.31347e-12
2.93308e-10
3.12079e-06
2.94867e-10
3.35068e-06
2.72863e-12
2.32626e-10
2.68436e-06
2.98633e-12
2.5779e-10
3.08697e-06
2.58293e-10
3.29562e-06
4.17348e-12
1.76463e-10
2.62436e-06
4.69414e-12
1.96432e-10
2.99082e-06
1.96319e-10
3.17917e-06
5.33652e-12
1.0926e-10
2.50739e-06
6.22017e-12
1.21897e-10
2.83852e-06
1.20995e-10
3.00747e-06
6.05888e-12
4.73881e-11
2.33676e-06
7.22149e-12
5.26001e-11
2.6317e-06
5.07047e-11
2.78182e-06
6.10008e-12
4.10609e-12
2.10649e-06
7.34405e-12
4.35942e-12
2.36219e-06
2.26978e-12
2.49324e-06
5.14394e-12
1.70735e-06
6.19819e-12
1.91444e-06
2.02206e-06
-7.07298e-12
2.02597e-10
2.17934e-06
-6.08635e-12
2.26061e-10
2.74485e-06
2.31073e-10
3.03942e-06
-3.52272e-12
2.45656e-10
2.44046e-06
-2.52047e-12
2.72345e-10
2.96301e-06
2.76779e-10
3.2363e-06
-9.14396e-13
2.68235e-10
2.60279e-06
-4.86764e-13
2.96091e-10
3.08336e-06
2.99116e-10
3.33496e-06
1.04171e-12
2.64261e-10
2.68028e-06
1.27099e-12
2.91666e-10
3.1208e-06
2.93121e-10
3.35068e-06
2.64925e-12
2.32125e-10
2.68438e-06
2.91631e-12
2.57027e-10
3.08701e-06
2.57431e-10
3.29565e-06
4.07427e-12
1.76682e-10
2.62441e-06
4.60374e-12
1.96554e-10
2.99088e-06
1.9637e-10
3.17924e-06
5.22808e-12
1.0989e-10
2.50746e-06
6.11967e-12
1.22588e-10
2.83859e-06
1.21665e-10
3.00755e-06
5.95262e-12
4.80015e-11
2.33681e-06
7.1237e-12
5.33528e-11
2.63177e-06
5.14821e-11
2.7819e-06
6.00492e-12
4.40349e-12
2.10653e-06
7.25988e-12
4.77136e-12
2.36224e-06
2.72094e-12
2.4933e-06
5.0691e-12
1.70735e-06
6.13762e-12
1.91444e-06
2.02207e-06
-7.02436e-12
2.00768e-10
2.17929e-06
-6.02434e-12
2.2384e-10
2.74479e-06
2.28756e-10
3.03935e-06
-3.50955e-12
2.43676e-10
2.44042e-06
-2.49773e-12
2.69935e-10
2.96297e-06
2.74275e-10
3.23625e-06
-9.33088e-13
2.66451e-10
2.60277e-06
-4.97235e-13
2.93882e-10
3.08334e-06
2.96812e-10
3.33493e-06
9.91305e-13
2.63025e-10
2.68028e-06
1.22927e-12
2.90058e-10
3.1208e-06
2.91413e-10
3.35069e-06
2.5715e-12
2.31652e-10
2.68441e-06
2.84762e-12
2.56293e-10
3.08704e-06
2.56599e-10
3.29569e-06
3.97694e-12
1.7693e-10
2.62446e-06
4.51497e-12
1.96704e-10
2.99094e-06
1.96448e-10
3.1793e-06
5.12154e-12
1.10552e-10
2.50752e-06
6.02083e-12
1.23309e-10
2.83866e-06
1.22363e-10
3.00763e-06
5.84824e-12
4.86448e-11
2.33687e-06
7.02751e-12
5.41356e-11
2.63184e-06
5.22878e-11
2.78198e-06
5.91158e-12
4.72118e-12
2.10656e-06
7.17726e-12
5.20492e-12
2.36229e-06
3.19233e-12
2.49335e-06
4.996e-12
1.70735e-06
6.07863e-12
1.91445e-06
2.02208e-06
-6.97735e-12
1.98975e-10
2.17925e-06
-5.96386e-12
2.21658e-10
2.74473e-06
2.26481e-10
3.03929e-06
-3.49656e-12
2.41735e-10
2.44038e-06
-2.47572e-12
2.67568e-10
2.96292e-06
2.71816e-10
3.2362e-06
-9.5123e-13
2.64703e-10
2.60274e-06
-5.07717e-13
2.91714e-10
3.08331e-06
2.94551e-10
3.33491e-06
9.42071e-13
2.6182e-10
2.68028e-06
1.18822e-12
2.88484e-10
3.1208e-06
2.89739e-10
3.3507e-06
2.49539e-12
2.31206e-10
2.68444e-06
2.78015e-12
2.55588e-10
3.08707e-06
2.55797e-10
3.29573e-06
3.88148e-12
1.77206e-10
2.62451e-06
4.42768e-12
1.96882e-10
2.991e-06
1.96553e-10
3.17936e-06
5.01692e-12
1.11245e-10
2.50758e-06
5.92348e-12
1.24061e-10
2.83874e-06
1.2309e-10
3.00771e-06
5.74569e-12
4.93185e-11
2.33692e-06
6.93271e-12
5.49484e-11
2.6319e-06
5.31218e-11
2.78205e-06
5.82003e-12
5.05872e-12
2.1066e-06
7.09598e-12
5.65921e-12
2.36233e-06
3.68401e-12
2.49341e-06
4.92461e-12
1.70735e-06
6.02101e-12
1.91445e-06
2.02209e-06
-6.93195e-12
1.97218e-10
2.1792e-06
-5.90486e-12
2.19516e-10
2.74467e-06
2.24248e-10
3.03922e-06
-3.4838e-12
2.39832e-10
2.44034e-06
-2.45438e-12
2.65243e-10
2.96287e-06
2.69401e-10
3.23616e-06
-9.68831e-13
2.6299e-10
2.60272e-06
-5.18137e-13
2.89585e-10
3.08329e-06
2.92332e-10
3.33489e-06
8.94001e-13
2.60644e-10
2.68028e-06
1.14794e-12
2.86941e-10
3.1208e-06
2.881e-10
3.3507e-06
2.4209e-12
2.30787e-10
2.68447e-06
2.71404e-12
2.54909e-10
3.08711e-06
2.55021e-10
3.29576e-06
3.78788e-12
1.77509e-10
2.62456e-06
4.34204e-12
1.97085e-10
2.99106e-06
1.96683e-10
3.17943e-06
4.91416e-12
1.11968e-10
2.50764e-06
5.82779e-12
1.24841e-10
2.83881e-06
1.23845e-10
3.00779e-06
5.64495e-12
5.00218e-11
2.33698e-06
6.83948e-12
5.57904e-11
2.63197e-06
5.39837e-11
2.78213e-06
5.73021e-12
5.41699e-12
2.10664e-06
7.01622e-12
6.13489e-12
2.36238e-06
4.19629e-12
2.49347e-06
4.85488e-12
1.70735e-06
5.96492e-12
1.91446e-06
2.0221e-06
-6.88814e-12
1.95496e-10
2.17915e-06
-5.84731e-12
2.17412e-10
2.74461e-06
2.22057e-10
3.03915e-06
-3.47124e-12
2.37965e-10
2.4403e-06
-2.43371e-12
2.62958e-10
2.96283e-06
2.67031e-10
3.23611e-06
-9.85885e-13
2.61311e-10
2.6027e-06
-5.28533e-13
2.87493e-10
3.08326e-06
2.90153e-10
3.33486e-06
8.47091e-13
2.59497e-10
2.68028e-06
1.10836e-12
2.85431e-10
3.12081e-06
2.86495e-10
3.35071e-06
2.348e-12
2.30392e-10
2.6845e-06
2.64917e-12
2.54255e-10
3.08714e-06
2.54272e-10
3.2958e-06
3.69609e-12
1.77838e-10
2.62461e-06
4.25789e-12
1.97313e-10
2.99111e-06
1.96837e-10
3.17949e-06
4.81323e-12
1.12722e-10
2.5077e-06
5.73358e-12
1.2565e-10
2.83888e-06
1.24625e-10
3.00787e-06
5.54594e-12
5.07551e-11
2.33704e-06
6.74762e-12
5.66616e-11
2.63204e-06
5.48732e-11
2.78221e-06
5.64205e-12
5.79557e-12
2.10668e-06
6.93777e-12
6.63142e-12
2.36243e-06
4.72919e-12
2.49352e-06
4.78674e-12
1.70735e-06
5.91015e-12
1.91446e-06
2.02211e-06
-6.84589e-12
1.93809e-10
2.17911e-06
-5.79118e-12
2.15345e-10
2.74455e-06
2.19905e-10
3.03909e-06
-3.45888e-12
2.36134e-10
2.44027e-06
-2.41367e-12
2.60713e-10
2.96278e-06
2.64702e-10
3.23606e-06
-1.00242e-12
2.59665e-10
2.60268e-06
-5.38851e-13
2.85438e-10
3.08324e-06
2.88013e-10
3.33484e-06
8.01304e-13
2.58378e-10
2.68028e-06
1.06956e-12
2.8395e-10
3.12081e-06
2.84921e-10
3.35071e-06
2.27665e-12
2.30022e-10
2.68452e-06
2.58564e-12
2.53626e-10
3.08717e-06
2.53548e-10
3.29583e-06
3.60608e-12
1.78192e-10
2.62466e-06
4.17537e-12
1.97564e-10
2.99117e-06
1.97014e-10
3.17955e-06
4.71406e-12
1.13504e-10
2.50776e-06
5.64101e-12
1.26485e-10
2.83895e-06
1.25432e-10
3.00794e-06
5.44861e-12
5.15177e-11
2.33709e-06
6.65729e-12
5.75612e-11
2.63211e-06
5.57899e-11
2.78228e-06
5.55549e-12
6.19545e-12
2.10672e-06
6.86079e-12
7.14953e-12
2.36248e-06
5.2829e-12
2.49358e-06
4.72013e-12
1.70735e-06
5.85686e-12
1.91447e-06
2.02212e-06
-6.80509e-12
1.92155e-10
2.17906e-06
-5.73642e-12
2.13315e-10
2.74449e-06
2.17793e-10
3.03902e-06
-3.44658e-12
2.34339e-10
2.44023e-06
-2.39421e-12
2.58508e-10
2.96273e-06
2.62416e-10
3.23601e-06
-1.01833e-12
2.58051e-10
2.60265e-06
-5.49093e-13
2.83419e-10
3.08321e-06
2.85911e-10
3.33482e-06
7.56717e-13
2.57286e-10
2.68028e-06
1.03148e-12
2.82498e-10
3.12081e-06
2.83379e-10
3.35071e-06
2.20691e-12
2.29674e-10
2.68455e-06
2.52337e-12
2.5302e-10
3.0872e-06
2.52849e-10
3.29587e-06
3.51787e-12
1.78571e-10
2.62471e-06
4.09435e-12
1.97838e-10
2.99122e-06
1.97214e-10
3.17961e-06
4.61671e-12
1.14315e-10
2.50782e-06
5.54993e-12
1.27347e-10
2.83902e-06
1.26264e-10
3.00802e-06
5.35299e-12
5.231e-11
2.33715e-06
6.56834e-12
5.84887e-11
2.63218e-06
5.67337e-11
2.78236e-06
5.47055e-12
6.61625e-12
2.10676e-06
6.78512e-12
7.68817e-12
2.36253e-06
5.85744e-12
2.49364e-06
4.65506e-12
1.70736e-06
5.80488e-12
1.91448e-06
2.02213e-06
-6.76616e-12
1.90534e-10
2.17902e-06
-5.68331e-12
2.1132e-10
2.74443e-06
2.15719e-10
3.03896e-06
-3.43449e-12
2.32576e-10
2.44019e-06
-2.37542e-12
2.5634e-10
2.96269e-06
2.6017e-10
3.23597e-06
-1.03378e-12
2.56467e-10
2.60263e-06
-5.59293e-13
2.81435e-10
3.08319e-06
2.83847e-10
3.33479e-06
7.13224e-13
2.56218e-10
2.68028e-06
9.94141e-13
2.81075e-10
3.12081e-06
2.81866e-10
3.35072e-06
2.1387e-12
2.29348e-10
2.68457e-06
2.4624e-12
2.52436e-10
3.08722e-06
2.52173e-10
3.2959e-06
3.43141e-12
1.78971e-10
2.62475e-06
4.01492e-12
1.98132e-10
2.99128e-06
1.97435e-10
3.17967e-06
4.52109e-12
1.15153e-10
2.50788e-06
5.46046e-12
1.28233e-10
2.83909e-06
1.2712e-10
3.0081e-06
5.259e-12
5.31311e-11
2.33721e-06
6.48089e-12
5.94439e-11
2.63224e-06
5.77045e-11
2.78243e-06
5.38715e-12
7.0588e-12
2.1068e-06
6.71088e-12
8.24857e-12
2.36258e-06
6.45348e-12
2.4937e-06
4.59146e-12
1.70736e-06
5.75435e-12
1.91448e-06
2.02214e-06
-6.72884e-12
1.88945e-10
2.17897e-06
-5.63167e-12
2.09361e-10
2.74437e-06
2.13683e-10
3.0389e-06
-3.42247e-12
2.30848e-10
2.44015e-06
-2.35727e-12
2.5421e-10
2.96264e-06
2.57964e-10
3.23592e-06
-1.04871e-12
2.54914e-10
2.60261e-06
-5.69492e-13
2.79486e-10
3.08316e-06
2.81819e-10
3.33477e-06
6.70805e-13
2.55176e-10
2.68028e-06
9.5744e-13
2.79679e-10
3.12081e-06
2.80384e-10
3.35072e-06
2.07195e-12
2.29043e-10
2.6846e-06
2.40259e-12
2.51874e-10
3.08725e-06
2.5152e-10
3.29593e-06
3.34662e-12
1.79394e-10
2.6248e-06
3.93689e-12
1.98449e-10
2.99133e-06
1.97676e-10
3.17973e-06
4.42713e-12
1.16018e-10
2.50794e-06
5.37238e-12
1.29146e-10
2.83915e-06
1.28e-10
3.00817e-06
5.16656e-12
5.39816e-11
2.33726e-06
6.39472e-12
6.04275e-11
2.63231e-06
5.87026e-11
2.78251e-06
5.30521e-12
7.52279e-12
2.10684e-06
6.63787e-12
8.83073e-12
2.36263e-06
7.07145e-12
2.49375e-06
4.52925e-12
1.70736e-06
5.70505e-12
1.91449e-06
2.02216e-06
-6.69291e-12
1.87388e-10
2.17893e-06
-5.58132e-12
2.07435e-10
2.74431e-06
2.11683e-10
3.03883e-06
-3.41047e-12
2.29152e-10
2.44011e-06
-2.33966e-12
2.52116e-10
2.9626e-06
2.55796e-10
3.23587e-06
-1.06311e-12
2.5339e-10
2.60258e-06
-5.79583e-13
2.77569e-10
3.08313e-06
2.79826e-10
3.33474e-06
6.29459e-13
2.54157e-10
2.68028e-06
9.21489e-13
2.78309e-10
3.12081e-06
2.78928e-10
3.35072e-06
2.00665e-12
2.28757e-10
2.68462e-06
2.34406e-12
2.51332e-10
3.08728e-06
2.50888e-10
3.29596e-06
3.26346e-12
1.79838e-10
2.62485e-06
3.86041e-12
1.98783e-10
2.99138e-06
1.97937e-10
3.17978e-06
4.3348e-12
1.16909e-10
2.508e-06
5.28587e-12
1.30082e-10
2.83922e-06
1.28903e-10
3.00825e-06
5.07565e-12
5.48607e-11
2.33732e-06
6.31001e-12
6.14387e-11
2.63238e-06
5.97277e-11
2.78259e-06
5.22472e-12
8.00921e-12
2.10688e-06
6.56624e-12
9.43572e-12
2.36268e-06
7.71175e-12
2.49381e-06
4.46842e-12
1.70736e-06
5.65716e-12
1.9145e-06
2.02217e-06
-6.65824e-12
1.85861e-10
2.17888e-06
-5.53214e-12
2.05542e-10
2.74425e-06
2.09719e-10
3.03877e-06
-3.39845e-12
2.27487e-10
2.44007e-06
-2.32259e-12
2.50058e-10
2.96255e-06
2.53667e-10
3.23583e-06
-1.07692e-12
2.51894e-10
2.60256e-06
-5.89594e-13
2.75685e-10
3.08311e-06
2.77867e-10
3.33472e-06
5.89199e-13
2.5316e-10
2.68028e-06
8.86211e-13
2.76965e-10
3.1208e-06
2.775e-10
3.35072e-06
1.94279e-12
2.28489e-10
2.68464e-06
2.28669e-12
2.50809e-10
3.0873e-06
2.50276e-10
3.29599e-06
3.18194e-12
1.80301e-10
2.62489e-06
3.78532e-12
1.99137e-10
2.99143e-06
1.98216e-10
3.17984e-06
4.24409e-12
1.17826e-10
2.50805e-06
5.20074e-12
1.31041e-10
2.83929e-06
1.29829e-10
3.00832e-06
4.98624e-12
5.57686e-11
2.33738e-06
6.22656e-12
6.24772e-11
2.63245e-06
6.07791e-11
2.78266e-06
5.14563e-12
8.51771e-12
2.10693e-06
6.49581e-12
1.00627e-11
2.36273e-06
8.37422e-12
2.49387e-06
4.40893e-12
1.70737e-06
5.61047e-12
1.91451e-06
2.02218e-06
-6.6248e-12
1.84364e-10
2.17884e-06
-5.48414e-12
2.03681e-10
2.7442e-06
2.0779e-10
3.03871e-06
-3.38644e-12
2.25854e-10
2.44003e-06
-2.30605e-12
2.48034e-10
2.9625e-06
2.51574e-10
3.23578e-06
-1.09022e-12
2.50426e-10
2.60254e-06
-5.99531e-13
2.73831e-10
3.08308e-06
2.75942e-10
3.33469e-06
5.49937e-13
2.52186e-10
2.68028e-06
8.516e-13
2.75645e-10
3.1208e-06
2.76098e-10
3.35072e-06
1.88029e-12
2.28239e-10
2.68466e-06
2.23049e-12
2.50304e-10
3.08733e-06
2.49683e-10
3.29602e-06
3.10195e-12
1.80782e-10
2.62493e-06
3.71165e-12
1.99507e-10
2.99148e-06
1.98511e-10
3.17989e-06
4.15486e-12
1.18767e-10
2.50811e-06
5.11704e-12
1.32022e-10
2.83936e-06
1.30776e-10
3.00839e-06
4.8982e-12
5.67046e-11
2.33744e-06
6.14443e-12
6.35422e-11
2.63251e-06
6.18564e-11
2.78274e-06
5.0678e-12
9.04904e-12
2.10697e-06
6.42661e-12
1.07122e-11
2.36278e-06
9.05894e-12
2.49393e-06
4.35067e-12
1.70737e-06
5.56505e-12
1.91452e-06
2.0222e-06
-6.59252e-12
1.82897e-10
2.17879e-06
-5.43727e-12
2.01852e-10
2.74414e-06
2.05896e-10
3.03865e-06
-3.37441e-12
2.2425e-10
2.44e-06
-2.29005e-12
2.46043e-10
2.96246e-06
2.49517e-10
3.23574e-06
-1.103e-12
2.48984e-10
2.60251e-06
-6.09422e-13
2.72008e-10
3.08306e-06
2.74049e-10
3.33467e-06
5.11654e-13
2.51232e-10
2.68027e-06
8.1759e-13
2.74349e-10
3.1208e-06
2.74721e-10
3.35072e-06
1.81909e-12
2.28005e-10
2.68469e-06
2.17535e-12
2.49816e-10
3.08735e-06
2.49107e-10
3.29605e-06
3.02343e-12
1.81282e-10
2.62498e-06
3.63926e-12
1.99893e-10
2.99153e-06
1.98823e-10
3.17995e-06
4.0671e-12
1.19731e-10
2.50817e-06
5.03458e-12
1.33025e-10
2.83942e-06
1.31743e-10
3.00847e-06
4.81148e-12
5.76687e-11
2.33749e-06
6.06342e-12
6.46335e-11
2.63258e-06
6.29592e-11
2.78281e-06
4.99119e-12
9.60293e-12
2.10701e-06
6.35845e-12
1.13839e-11
2.36284e-06
9.7658e-12
2.49399e-06
4.29355e-12
1.70738e-06
5.52069e-12
1.91453e-06
2.02221e-06
-6.56135e-12
1.81458e-10
2.17875e-06
-5.39148e-12
2.00054e-10
2.74408e-06
2.04034e-10
3.03859e-06
-3.36233e-12
2.22675e-10
2.43996e-06
-2.27455e-12
2.44085e-10
2.96241e-06
2.47494e-10
3.23569e-06
-1.11527e-12
2.47568e-10
2.60249e-06
-6.192e-13
2.70215e-10
3.08303e-06
2.72186e-10
3.33464e-06
4.74324e-13
2.50297e-10
2.68027e-06
7.8426e-13
2.73074e-10
3.1208e-06
2.73367e-10
3.35072e-06
1.75918e-12
2.27786e-10
2.68471e-06
2.12135e-12
2.49343e-10
3.08738e-06
2.48548e-10
3.29607e-06
2.94636e-12
1.81796e-10
2.62502e-06
3.56824e-12
2.00294e-10
2.99158e-06
1.99149e-10
3.18e-06
3.98073e-12
1.20718e-10
2.50823e-06
4.9535e-12
1.34047e-10
2.83949e-06
1.32729e-10
3.00854e-06
4.72603e-12
5.86603e-11
2.33755e-06
5.98367e-12
6.57502e-11
2.63265e-06
6.40867e-11
2.78289e-06
4.91572e-12
1.01802e-11
2.10706e-06
6.29145e-12
1.20783e-11
2.36289e-06
1.0495e-11
2.49405e-06
4.23753e-12
1.70738e-06
5.4775e-12
1.91454e-06
2.02223e-06
-6.53119e-12
1.80047e-10
2.1787e-06
-5.34679e-12
1.98286e-10
2.74403e-06
2.02205e-10
3.03853e-06
-3.35014e-12
2.21129e-10
2.43992e-06
-2.25957e-12
2.4216e-10
2.96237e-06
2.45506e-10
3.23564e-06
-1.12697e-12
2.46177e-10
2.60247e-06
-6.28925e-13
2.6845e-10
3.083e-06
2.70354e-10
3.33462e-06
4.37977e-13
2.49381e-10
2.68027e-06
7.51498e-13
2.71821e-10
3.12079e-06
2.72036e-10
3.35072e-06
1.70056e-12
2.27581e-10
2.68473e-06
2.06833e-12
2.48886e-10
3.0874e-06
2.48005e-10
3.2961e-06
2.87073e-12
1.82327e-10
2.62506e-06
3.49839e-12
2.00709e-10
2.99163e-06
1.99489e-10
3.18005e-06
3.89577e-12
1.21727e-10
2.50828e-06
4.87355e-12
1.35088e-10
2.83955e-06
1.33734e-10
3.00861e-06
4.64183e-12
5.96792e-11
2.33761e-06
5.90493e-12
6.68918e-11
2.63271e-06
6.52387e-11
2.78296e-06
4.84137e-12
1.07806e-11
2.1071e-06
6.22539e-12
1.27944e-11
2.36294e-06
1.12466e-11
2.49411e-06
4.18255e-12
1.70739e-06
5.43528e-12
1.91455e-06
2.02225e-06
-6.502e-12
1.78663e-10
2.17866e-06
-5.3032e-12
1.96547e-10
2.74397e-06
2.00408e-10
3.03847e-06
-3.33781e-12
2.19611e-10
2.43988e-06
-2.24509e-12
2.40265e-10
2.96232e-06
2.43551e-10
3.2356e-06
-1.13812e-12
2.44809e-10
2.60244e-06
-6.38541e-13
2.66713e-10
3.08297e-06
2.68551e-10
3.33459e-06
4.02582e-13
2.48482e-10
2.68026e-06
7.19381e-13
2.70589e-10
3.12079e-06
2.70726e-10
3.35072e-06
1.64319e-12
2.27389e-10
2.68475e-06
2.01639e-12
2.48443e-10
3.08742e-06
2.47475e-10
3.29612e-06
2.7965e-12
1.8287e-10
2.62511e-06
3.4298e-12
2.01136e-10
2.99167e-06
1.99841e-10
3.1801e-06
3.81215e-12
1.22756e-10
2.50834e-06
4.79484e-12
1.36148e-10
2.83962e-06
1.34756e-10
3.00868e-06
4.55883e-12
6.07249e-11
2.33766e-06
5.82729e-12
6.80587e-11
2.63278e-06
6.64146e-11
2.78303e-06
4.76807e-12
1.14048e-11
2.10714e-06
6.16032e-12
1.35342e-11
2.36299e-06
1.20208e-11
2.49417e-06
4.12858e-12
1.7074e-06
5.39408e-12
1.91456e-06
2.02226e-06
-6.47375e-12
1.77306e-10
2.17862e-06
-5.26075e-12
1.94837e-10
2.74392e-06
1.98641e-10
3.03841e-06
-3.3253e-12
2.18119e-10
2.43985e-06
-2.23114e-12
2.38401e-10
2.96228e-06
2.41628e-10
3.23555e-06
-1.14872e-12
2.43464e-10
2.60242e-06
-6.48066e-13
2.65003e-10
3.08295e-06
2.66776e-10
3.33457e-06
3.68108e-13
2.47601e-10
2.68026e-06
6.87863e-13
2.69377e-10
3.12078e-06
2.69437e-10
3.35072e-06
1.587e-12
2.27209e-10
2.68476e-06
1.96542e-12
2.48013e-10
3.08744e-06
2.46959e-10
3.29615e-06
2.72358e-12
1.83427e-10
2.62515e-06
3.36234e-12
2.01575e-10
2.99172e-06
2.00203e-10
3.18015e-06
3.7298e-12
1.23806e-10
2.50839e-06
4.7172e-12
1.37226e-10
2.83968e-06
1.35794e-10
3.00875e-06
4.47694e-12
6.17973e-11
2.33772e-06
5.75057e-12
6.92502e-11
2.63285e-06
6.76139e-11
2.78311e-06
4.69575e-12
1.20524e-11
2.10719e-06
6.09606e-12
1.42969e-11
2.36305e-06
1.28176e-11
2.49423e-06
4.07553e-12
1.70741e-06
5.3537e-12
1.91458e-06
2.02228e-06
-6.44643e-12
1.75975e-10
2.17857e-06
-5.21958e-12
1.93155e-10
2.74386e-06
1.96905e-10
3.03835e-06
-3.3126e-12
2.16653e-10
2.43981e-06
-2.21778e-12
2.36566e-10
2.96224e-06
2.39736e-10
3.23551e-06
-1.15874e-12
2.42142e-10
2.60239e-06
-6.57461e-13
2.63318e-10
3.08292e-06
2.65029e-10
3.33454e-06
3.34552e-13
2.46735e-10
2.68025e-06
6.57001e-13
2.68183e-10
3.12078e-06
2.68167e-10
3.35072e-06
1.53199e-12
2.27039e-10
2.68478e-06
1.91549e-12
2.47594e-10
3.08746e-06
2.46454e-10
3.29617e-06
2.65195e-12
1.83995e-10
2.62519e-06
3.29606e-12
2.02024e-10
2.99177e-06
2.00575e-10
3.1802e-06
3.64866e-12
1.24873e-10
2.50845e-06
4.6407e-12
1.38319e-10
2.83974e-06
1.36847e-10
3.00881e-06
4.39612e-12
6.28955e-11
2.33778e-06
5.67483e-12
7.04653e-11
2.63291e-06
6.88359e-11
2.78318e-06
4.62434e-12
1.27244e-11
2.10723e-06
6.03268e-12
1.50826e-11
2.3631e-06
1.36371e-11
2.49429e-06
4.02332e-12
1.70741e-06
5.31422e-12
1.91459e-06
2.0223e-06
-6.41996e-12
1.74668e-10
2.17853e-06
-5.1798e-12
1.915e-10
2.74381e-06
1.95198e-10
3.03829e-06
-3.29959e-12
2.15213e-10
2.43977e-06
-2.20503e-12
2.3476e-10
2.96219e-06
2.37875e-10
3.23546e-06
-1.16809e-12
2.40842e-10
2.60237e-06
-6.667e-13
2.6166e-10
3.08289e-06
2.63307e-10
3.33451e-06
3.01987e-13
2.45884e-10
2.68025e-06
6.26819e-13
2.67008e-10
3.12077e-06
2.66915e-10
3.35071e-06
1.47819e-12
2.2688e-10
2.6848e-06
1.86657e-12
2.47187e-10
3.08748e-06
2.4596e-10
3.2962e-06
2.58163e-12
1.84573e-10
2.62523e-06
3.23088e-12
2.02484e-10
2.99181e-06
2.00955e-10
3.18025e-06
3.56879e-12
1.25959e-10
2.5085e-06
4.56519e-12
1.39429e-10
2.8398e-06
1.37913e-10
3.00888e-06
4.31637e-12
6.40195e-11
2.33784e-06
5.5999e-12
7.17048e-11
2.63298e-06
7.00799e-11
2.78325e-06
4.55385e-12
1.34204e-11
2.10728e-06
5.96998e-12
1.58921e-11
2.36316e-06
1.44792e-11
2.49435e-06
3.97198e-12
1.70742e-06
5.27545e-12
1.9146e-06
2.02232e-06
-6.39437e-12
1.73386e-10
2.17849e-06
-5.14157e-12
1.89871e-10
2.74375e-06
1.93519e-10
3.03823e-06
-3.28629e-12
2.13796e-10
2.43973e-06
-2.19295e-12
2.32982e-10
2.96215e-06
2.36043e-10
3.23542e-06
-1.17679e-12
2.39561e-10
2.60234e-06
-6.757e-13
2.60025e-10
3.08287e-06
2.61611e-10
3.33449e-06
2.70378e-13
2.45047e-10
2.68024e-06
5.9745e-13
2.65849e-10
3.12077e-06
2.6568e-10
3.35071e-06
1.42555e-12
2.26728e-10
2.68482e-06
1.81882e-12
2.46789e-10
3.0875e-06
2.45474e-10
3.29622e-06
2.51255e-12
1.8516e-10
2.62527e-06
3.16697e-12
2.02951e-10
2.99185e-06
2.01342e-10
3.1803e-06
3.49006e-12
1.27061e-10
2.50856e-06
4.49084e-12
1.40554e-10
2.83987e-06
1.38992e-10
3.00895e-06
4.2376e-12
6.51685e-11
2.33789e-06
5.52593e-12
7.29677e-11
2.63305e-06
7.13451e-11
2.78333e-06
4.48419e-12
1.41411e-11
2.10733e-06
5.90806e-12
1.67261e-11
2.36321e-06
1.5344e-11
2.49442e-06
3.92142e-12
1.70743e-06
5.23748e-12
1.91462e-06
2.02234e-06
-6.36967e-12
1.72129e-10
2.17845e-06
-5.10504e-12
1.88269e-10
2.7437e-06
1.91868e-10
3.03817e-06
-3.27266e-12
2.12404e-10
2.4397e-06
-2.18162e-12
2.31231e-10
2.9621e-06
2.3424e-10
3.23537e-06
-1.18482e-12
2.38301e-10
2.60232e-06
-6.84477e-13
2.58414e-10
3.08284e-06
2.59939e-10
3.33446e-06
2.39714e-13
2.44224e-10
2.68024e-06
5.68874e-13
2.64706e-10
3.12076e-06
2.6446e-10
3.3507e-06
1.37403e-12
2.26585e-10
2.68483e-06
1.77217e-12
2.46401e-10
3.08752e-06
2.44996e-10
3.29624e-06
2.44464e-12
1.85756e-10
2.6253e-06
3.10421e-12
2.03426e-10
2.99189e-06
2.01733e-10
3.18034e-06
3.41242e-12
1.28179e-10
2.50861e-06
4.4175e-12
1.41692e-10
2.83993e-06
1.40081e-10
3.00902e-06
4.15972e-12
6.63423e-11
2.33795e-06
5.45274e-12
7.42531e-11
2.63311e-06
7.26304e-11
2.7834e-06
4.41525e-12
1.48861e-11
2.10737e-06
5.84677e-12
1.75832e-11
2.36327e-06
1.6231e-11
2.49448e-06
3.87153e-12
1.70745e-06
5.20012e-12
1.91464e-06
2.02236e-06
-6.34582e-12
1.70894e-10
2.17841e-06
-5.0702e-12
1.86692e-10
2.74364e-06
1.90243e-10
3.03811e-06
-3.25867e-12
2.11035e-10
2.43966e-06
-2.17098e-12
2.29507e-10
2.96206e-06
2.32464e-10
3.23533e-06
-1.19214e-12
2.3706e-10
2.6023e-06
-6.92903e-13
2.56825e-10
3.08281e-06
2.58289e-10
3.33443e-06
2.10028e-13
2.43413e-10
2.68023e-06
5.41267e-13
2.63578e-10
3.12075e-06
2.63255e-10
3.3507e-06
1.32365e-12
2.26448e-10
2.68485e-06
1.72681e-12
2.4602e-10
3.08754e-06
2.44524e-10
3.29626e-06
2.37792e-12
1.86357e-10
2.62534e-06
3.04278e-12
2.03906e-10
2.99194e-06
2.02129e-10
3.18039e-06
3.33585e-12
1.29311e-10
2.50867e-06
4.34535e-12
1.42841e-10
2.83999e-06
1.4118e-10
3.00908e-06
4.08273e-12
6.75399e-11
2.33801e-06
5.38051e-12
7.55601e-11
2.63318e-06
7.39346e-11
2.78347e-06
4.347e-12
1.56561e-11
2.10742e-06
5.78622e-12
1.84643e-11
2.36332e-06
1.71398e-11
2.49454e-06
3.82239e-12
1.70746e-06
5.1635e-12
1.91465e-06
2.02238e-06
-6.32269e-12
1.69682e-10
2.17836e-06
-5.03692e-12
1.85139e-10
2.74359e-06
1.88644e-10
3.03806e-06
-3.24423e-12
2.09688e-10
2.43962e-06
-2.16098e-12
2.27807e-10
2.96201e-06
2.30716e-10
3.23529e-06
-1.1987e-12
2.35836e-10
2.60227e-06
-7.00958e-13
2.55257e-10
3.08278e-06
2.56662e-10
3.33441e-06
1.81361e-13
2.42613e-10
2.68022e-06
5.14631e-13
2.62464e-10
3.12075e-06
2.62064e-10
3.3507e-06
1.27442e-12
2.26316e-10
2.68486e-06
1.68272e-12
2.45645e-10
3.08755e-06
2.44058e-10
3.29628e-06
2.3124e-12
1.86965e-10
2.62538e-06
2.98264e-12
2.04391e-10
2.99198e-06
2.02526e-10
3.18043e-06
3.26036e-12
1.30457e-10
2.50872e-06
4.27431e-12
1.44001e-10
2.84005e-06
1.42287e-10
3.00914e-06
4.0066e-12
6.87607e-11
2.33807e-06
5.30916e-12
7.68875e-11
2.63324e-06
7.52571e-11
2.78355e-06
4.27939e-12
1.64507e-11
2.10747e-06
5.72636e-12
1.93681e-11
2.36338e-06
1.80703e-11
2.4946e-06
3.774e-12
1.70747e-06
5.12756e-12
1.91467e-06
2.02241e-06
-6.30022e-12
1.68492e-10
2.17832e-06
-5.00502e-12
1.83609e-10
2.74354e-06
1.87071e-10
3.038e-06
-3.22936e-12
2.08362e-10
2.43959e-06
-2.15155e-12
2.26132e-10
2.96197e-06
2.28993e-10
3.23524e-06
-1.20455e-12
2.3463e-10
2.60224e-06
-7.08643e-13
2.5371e-10
3.08275e-06
2.55056e-10
3.33438e-06
1.53645e-13
2.41822e-10
2.68022e-06
4.88956e-13
2.61363e-10
3.12074e-06
2.60885e-10
3.35069e-06
1.22629e-12
2.26187e-10
2.68488e-06
1.63991e-12
2.45275e-10
3.08757e-06
2.43596e-10
3.2963e-06
2.24801e-12
1.87575e-10
2.62541e-06
2.92381e-12
2.04878e-10
2.99202e-06
2.02924e-10
3.18048e-06
3.18589e-12
1.31614e-10
2.50877e-06
4.20444e-12
1.45171e-10
2.8401e-06
1.43401e-10
3.00921e-06
3.9313e-12
7.00037e-11
2.33813e-06
5.23872e-12
7.82344e-11
2.63331e-06
7.65981e-11
2.78362e-06
4.2124e-12
1.72702e-11
2.10752e-06
5.66726e-12
2.02951e-11
2.36343e-06
1.90239e-11
2.49467e-06
3.72619e-12
1.70748e-06
5.09238e-12
1.91469e-06
2.02243e-06
-6.27828e-12
1.67324e-10
2.17828e-06
-4.97419e-12
1.82103e-10
2.74349e-06
1.85522e-10
3.03794e-06
-3.21404e-12
2.07057e-10
2.43955e-06
-2.14258e-12
2.24481e-10
2.96193e-06
2.27295e-10
3.2352e-06
-1.20975e-12
2.3344e-10
2.60222e-06
-7.16007e-13
2.52182e-10
3.08273e-06
2.53471e-10
3.33435e-06
1.26812e-13
2.41041e-10
2.68021e-06
4.64133e-13
2.60273e-10
3.12073e-06
2.59719e-10
3.35068e-06
1.17918e-12
2.26062e-10
2.68489e-06
1.59822e-12
2.44908e-10
3.08758e-06
2.43136e-10
3.29632e-06
2.18466e-12
1.88188e-10
2.62545e-06
2.86609e-12
2.05366e-10
2.99206e-06
2.03323e-10
3.18052e-06
3.11239e-12
1.32781e-10
2.50883e-06
4.13551e-12
1.46348e-10
2.84016e-06
1.44521e-10
3.00927e-06
3.85675e-12
7.12681e-11
2.33818e-06
5.169e-12
7.96006e-11
2.63338e-06
7.79567e-11
2.78369e-06
4.14601e-12
1.8114e-11
2.10757e-06
5.60875e-12
2.12454e-11
2.36349e-06
2.00004e-11
2.49473e-06
3.67892e-12
1.7075e-06
5.05783e-12
1.91471e-06
2.02246e-06
-6.25677e-12
1.66175e-10
2.17824e-06
-4.9441e-12
1.80618e-10
2.74343e-06
1.83997e-10
3.03789e-06
-3.19824e-12
2.05771e-10
2.43951e-06
-2.13395e-12
2.22851e-10
2.96188e-06
2.25621e-10
3.23515e-06
-1.21432e-12
2.32265e-10
2.60219e-06
-7.23068e-13
2.50673e-10
3.0827e-06
2.51904e-10
3.33433e-06
1.00805e-13
2.40267e-10
2.6802e-06
4.40104e-13
2.59193e-10
3.12072e-06
2.58563e-10
3.35068e-06
1.13303e-12
2.25937e-10
2.68491e-06
1.5576e-12
2.44544e-10
3.0876e-06
2.42679e-10
3.29633e-06
2.12233e-12
1.888e-10
2.62549e-06
2.80948e-12
2.05854e-10
2.99209e-06
2.0372e-10
3.18056e-06
3.0398e-12
1.33956e-10
2.50888e-06
4.06755e-12
1.47531e-10
2.84022e-06
1.45645e-10
3.00933e-06
3.78291e-12
7.25527e-11
2.33824e-06
5.10001e-12
8.0984e-11
2.63344e-06
7.93314e-11
2.78376e-06
4.08014e-12
1.89826e-11
2.10762e-06
5.55084e-12
2.22183e-11
2.36355e-06
2.09992e-11
2.4948e-06
3.63212e-12
1.70751e-06
5.02392e-12
1.91473e-06
2.02248e-06
-6.23553e-12
1.65046e-10
2.1782e-06
-4.91447e-12
1.79154e-10
2.74338e-06
1.82495e-10
3.03783e-06
-3.18196e-12
2.04504e-10
2.43948e-06
-2.12563e-12
2.21244e-10
2.96184e-06
2.2397e-10
3.23511e-06
-1.21831e-12
2.31104e-10
2.60217e-06
-7.29959e-13
2.4918e-10
3.08267e-06
2.50357e-10
3.3343e-06
7.55597e-14
2.395e-10
2.68019e-06
4.16651e-13
2.58123e-10
3.12071e-06
2.57417e-10
3.35067e-06
1.08778e-12
2.25812e-10
2.68492e-06
1.5178e-12
2.44181e-10
3.08761e-06
2.42223e-10
3.29635e-06
2.06096e-12
1.89412e-10
2.62552e-06
2.7537e-12
2.0634e-10
2.99213e-06
2.04114e-10
3.1806e-06
2.96807e-12
1.35138e-10
2.50893e-06
4.00026e-12
1.48719e-10
2.84028e-06
1.46772e-10
3.00939e-06
3.70974e-12
7.38566e-11
2.3383e-06
5.03146e-12
8.23842e-11
2.63351e-06
8.07209e-11
2.78383e-06
4.01474e-12
1.98752e-11
2.10767e-06
5.49319e-12
2.32138e-11
2.36361e-06
2.20192e-11
2.49486e-06
3.58575e-12
1.70753e-06
4.99034e-12
1.91475e-06
2.02251e-06
-6.21445e-12
1.63935e-10
2.17816e-06
-4.88498e-12
1.77711e-10
2.74333e-06
1.81016e-10
3.03778e-06
-3.16518e-12
2.03254e-10
2.43944e-06
-2.11748e-12
2.19657e-10
2.9618e-06
2.22342e-10
3.23507e-06
-1.2218e-12
2.29955e-10
2.60214e-06
-7.36684e-13
2.47704e-10
3.08264e-06
2.48828e-10
3.33427e-06
5.09959e-14
2.38738e-10
2.68018e-06
3.93745e-13
2.5706e-10
3.1207e-06
2.5628e-10
3.35066e-06
1.04336e-12
2.25684e-10
2.68493e-06
1.4788e-12
2.43816e-10
3.08762e-06
2.41766e-10
3.29637e-06
2.00048e-12
1.9002e-10
2.62555e-06
2.69878e-12
2.06822e-10
2.99217e-06
2.04503e-10
3.18064e-06
2.89716e-12
1.36325e-10
2.50898e-06
3.93367e-12
1.49909e-10
2.84033e-06
1.479e-10
3.00946e-06
3.6372e-12
7.51784e-11
2.33836e-06
4.96339e-12
8.38001e-11
2.63357e-06
8.21236e-11
2.7839e-06
3.94975e-12
2.0792e-11
2.10772e-06
5.43582e-12
2.42326e-11
2.36366e-06
2.30599e-11
2.49492e-06
3.53974e-12
1.70755e-06
4.95711e-12
1.91477e-06
2.02254e-06
-6.19342e-12
1.62843e-10
2.17812e-06
-4.85548e-12
1.76287e-10
2.74328e-06
1.79559e-10
3.03772e-06
-3.1479e-12
2.02021e-10
2.43941e-06
-2.10951e-12
2.1809e-10
2.96176e-06
2.20736e-10
3.23502e-06
-1.22483e-12
2.28818e-10
2.60212e-06
-7.43362e-13
2.46243e-10
3.08261e-06
2.47315e-10
3.33424e-06
2.70435e-14
2.3798e-10
2.68017e-06
3.71199e-13
2.56004e-10
3.12069e-06
2.55152e-10
3.35066e-06
9.99701e-13
2.25553e-10
2.68494e-06
1.44041e-12
2.43449e-10
3.08763e-06
2.41308e-10
3.29638e-06
1.94084e-12
1.90624e-10
2.62559e-06
2.64449e-12
2.07298e-10
2.9922e-06
2.04887e-10
3.18068e-06
2.82701e-12
1.37516e-10
2.50903e-06
3.86759e-12
1.511e-10
2.84039e-06
1.49028e-10
3.00952e-06
3.56522e-12
7.65168e-11
2.33841e-06
4.89559e-12
8.52294e-11
2.63364e-06
8.35385e-11
2.78397e-06
3.8851e-12
2.17322e-11
2.10777e-06
5.37853e-12
2.52721e-11
2.36372e-06
2.4121e-11
2.49499e-06
3.49398e-12
1.70756e-06
4.92403e-12
1.9148e-06
2.02257e-06
-6.17235e-12
1.61767e-10
2.17808e-06
-4.82584e-12
1.74881e-10
2.74323e-06
1.78123e-10
3.03767e-06
-3.1301e-12
2.00803e-10
2.43937e-06
-2.10173e-12
2.16543e-10
2.96171e-06
2.19151e-10
3.23498e-06
-1.22744e-12
2.27692e-10
2.60209e-06
-7.5004e-13
2.44796e-10
3.08258e-06
2.45819e-10
3.33422e-06
3.65697e-15
2.37224e-10
2.68016e-06
3.48951e-13
2.54953e-10
3.12068e-06
2.54031e-10
3.35065e-06
9.56767e-13
2.25417e-10
2.68495e-06
1.40257e-12
2.43079e-10
3.08765e-06
2.40848e-10
3.2964e-06
1.88202e-12
1.91221e-10
2.62562e-06
2.59083e-12
2.07767e-10
2.99224e-06
2.05264e-10
3.18072e-06
2.75761e-12
1.38707e-10
2.50908e-06
3.802e-12
1.5229e-10
2.84044e-06
1.50154e-10
3.00957e-06
3.49381e-12
7.78705e-11
2.33847e-06
4.82806e-12
8.66717e-11
2.6337e-06
8.49643e-11
2.78404e-06
3.82079e-12
2.26959e-11
2.10782e-06
5.3213e-12
2.63337e-11
2.36378e-06
2.52022e-11
2.49505e-06
3.44852e-12
1.70758e-06
4.89106e-12
1.91482e-06
2.0226e-06
-6.15111e-12
1.60707e-10
2.17804e-06
-4.79595e-12
1.73494e-10
2.74318e-06
1.76707e-10
3.03761e-06
-3.11173e-12
1.996e-10
2.43933e-06
-2.09411e-12
2.15013e-10
2.96167e-06
2.17586e-10
3.23494e-06
-1.22964e-12
2.26576e-10
2.60207e-06
-7.56747e-13
2.43362e-10
3.08255e-06
2.44339e-10
3.33419e-06
-1.9192e-14
2.3647e-10
2.68015e-06
3.26943e-13
2.53906e-10
3.12067e-06
2.52916e-10
3.35064e-06
9.14526e-13
2.25275e-10
2.68496e-06
1.36519e-12
2.42704e-10
3.08766e-06
2.40385e-10
3.29641e-06
1.82398e-12
1.91809e-10
2.62565e-06
2.53769e-12
2.08228e-10
2.99227e-06
2.05632e-10
3.18076e-06
2.68896e-12
1.39899e-10
2.50913e-06
3.73679e-12
1.53478e-10
2.8405e-06
1.51276e-10
3.00963e-06
3.42296e-12
7.92383e-11
2.33853e-06
4.76066e-12
8.81261e-11
2.63376e-06
8.64e-11
2.78411e-06
3.75684e-12
2.36824e-11
2.10787e-06
5.26399e-12
2.74173e-11
2.36384e-06
2.63032e-11
2.49512e-06
3.40334e-12
1.7076e-06
4.85805e-12
1.91485e-06
2.02263e-06
-6.12965e-12
1.59663e-10
2.178e-06
-4.76578e-12
1.72124e-10
2.74313e-06
1.75311e-10
3.03756e-06
-3.09279e-12
1.98411e-10
2.4393e-06
-2.08671e-12
2.135e-10
2.96163e-06
2.1604e-10
3.23489e-06
-1.23145e-12
2.25468e-10
2.60204e-06
-7.63504e-13
2.4194e-10
3.08253e-06
2.42872e-10
3.33416e-06
-4.15424e-14
2.35716e-10
2.68014e-06
3.05164e-13
2.52862e-10
3.12066e-06
2.51806e-10
3.35063e-06
8.72947e-13
2.25124e-10
2.68497e-06
1.32833e-12
2.42322e-10
3.08767e-06
2.39916e-10
3.29642e-06
1.76672e-12
1.92386e-10
2.62568e-06
2.48514e-12
2.08677e-10
2.9923e-06
2.05989e-10
3.18079e-06
2.62102e-12
1.41087e-10
2.50918e-06
3.67207e-12
1.5466e-10
2.84055e-06
1.52392e-10
3.00969e-06
3.35265e-12
8.0618e-11
2.33858e-06
4.69352e-12
8.95889e-11
2.63383e-06
8.78437e-11
2.78418e-06
3.69316e-12
2.46912e-11
2.10792e-06
5.20674e-12
2.85201e-11
2.3639e-06
2.74233e-11
2.49518e-06
3.35835e-12
1.70763e-06
4.82515e-12
1.91488e-06
2.02266e-06
-6.10792e-12
1.58634e-10
2.17796e-06
-4.73538e-12
1.7077e-10
2.74308e-06
1.73935e-10
3.0375e-06
-3.07327e-12
1.97235e-10
2.43926e-06
-2.07966e-12
2.12003e-10
2.96159e-06
2.14513e-10
3.23485e-06
-1.23291e-12
2.24368e-10
2.60201e-06
-7.70434e-13
2.40529e-10
3.0825e-06
2.41418e-10
3.33413e-06
-6.34348e-14
2.34961e-10
2.68013e-06
2.83479e-13
2.51821e-10
3.12065e-06
2.50701e-10
3.35062e-06
8.31994e-13
2.24964e-10
2.68498e-06
1.2918e-12
2.41933e-10
3.08768e-06
2.3944e-10
3.29644e-06
1.7102e-12
1.92952e-10
2.62571e-06
2.43299e-12
2.09114e-10
2.99234e-06
2.06334e-10
3.18083e-06
2.55379e-12
1.42271e-10
2.50923e-06
3.60763e-12
1.55836e-10
2.8406e-06
1.53501e-10
3.00975e-06
3.28286e-12
8.20085e-11
2.33864e-06
4.62643e-12
9.10597e-11
2.63389e-06
8.92943e-11
2.78425e-06
3.62978e-12
2.57214e-11
2.10798e-06
5.14933e-12
2.9642e-11
2.36396e-06
2.8562e-11
2.49525e-06
3.31358e-12
1.70765e-06
4.7921e-12
1.9149e-06
2.02269e-06
-6.08585e-12
1.57618e-10
2.17792e-06
-4.70476e-12
1.69432e-10
2.74303e-06
1.72576e-10
3.03745e-06
-3.05313e-12
1.96071e-10
2.43923e-06
-2.07295e-12
2.10522e-10
2.96154e-06
2.13003e-10
3.23481e-06
-1.23401e-12
2.23274e-10
2.60199e-06
-7.77468e-13
2.39128e-10
3.08247e-06
2.39977e-10
3.33411e-06
-8.48849e-14
2.34204e-10
2.68012e-06
2.62011e-13
2.50779e-10
3.12064e-06
2.49597e-10
3.35061e-06
7.9165e-13
2.24793e-10
2.68499e-06
1.25576e-12
2.41534e-10
3.08769e-06
2.38957e-10
3.29645e-06
1.65442e-12
1.93503e-10
2.62574e-06
2.38142e-12
2.09536e-10
2.99237e-06
2.06666e-10
3.18086e-06
2.48728e-12
1.43447e-10
2.50927e-06
3.54367e-12
1.57004e-10
2.84065e-06
1.546e-10
3.0098e-06
3.21362e-12
8.34078e-11
2.3387e-06
4.55957e-12
9.25383e-11
2.63395e-06
9.07499e-11
2.78432e-06
3.56676e-12
2.67728e-11
2.10803e-06
5.09185e-12
3.07855e-11
2.36402e-06
2.97187e-11
2.49532e-06
3.26911e-12
1.70767e-06
4.75899e-12
1.91493e-06
2.02273e-06
-6.06335e-12
1.56615e-10
2.17789e-06
-4.67384e-12
1.68108e-10
2.74298e-06
1.71236e-10
3.0374e-06
-3.03236e-12
1.94918e-10
2.43919e-06
-2.06679e-12
2.09054e-10
2.9615e-06
2.11509e-10
3.23477e-06
-1.23475e-12
2.22185e-10
2.60196e-06
-7.84612e-13
2.37736e-10
3.08244e-06
2.38546e-10
3.33408e-06
-1.05891e-13
2.33442e-10
2.68011e-06
2.40708e-13
2.49737e-10
3.12062e-06
2.48495e-10
3.3506e-06
7.51914e-13
2.24608e-10
2.685e-06
1.22015e-12
2.41123e-10
3.08769e-06
2.38464e-10
3.29646e-06
1.59937e-12
1.94037e-10
2.62577e-06
2.33034e-12
2.09942e-10
2.9924e-06
2.06981e-10
3.1809e-06
2.42148e-12
1.44615e-10
2.50932e-06
3.48009e-12
1.58159e-10
2.8407e-06
1.55688e-10
3.00986e-06
3.14493e-12
8.48137e-11
2.33876e-06
4.49286e-12
9.40194e-11
2.63402e-06
9.22084e-11
2.78439e-06
3.50399e-12
2.78438e-11
2.10808e-06
5.03435e-12
3.19445e-11
2.36408e-06
3.0892e-11
2.49538e-06
3.22475e-12
1.7077e-06
4.72589e-12
1.91496e-06
2.02276e-06
-6.04041e-12
1.55625e-10
2.17785e-06
-4.64284e-12
1.66799e-10
2.74293e-06
1.69911e-10
3.03734e-06
-3.01094e-12
1.93775e-10
2.43916e-06
-2.06128e-12
2.07601e-10
2.96146e-06
2.1003e-10
3.23472e-06
-1.23512e-12
2.21101e-10
2.60194e-06
-7.91872e-13
2.36351e-10
3.08241e-06
2.37125e-10
3.33405e-06
-1.26445e-13
2.32676e-10
2.6801e-06
2.19534e-13
2.48692e-10
3.12061e-06
2.47393e-10
3.35059e-06
7.12814e-13
2.24409e-10
2.68501e-06
1.18495e-12
2.407e-10
3.0877e-06
2.3796e-10
3.29647e-06
1.5451e-12
1.94552e-10
2.6258e-06
2.27977e-12
2.10329e-10
2.99243e-06
2.07278e-10
3.18093e-06
2.35644e-12
1.4577e-10
2.50937e-06
3.41694e-12
1.59302e-10
2.84075e-06
1.56762e-10
3.00991e-06
3.07684e-12
8.62241e-11
2.33881e-06
4.42634e-12
9.55018e-11
2.63408e-06
9.36679e-11
2.78445e-06
3.44155e-12
2.8934e-11
2.10814e-06
4.97681e-12
3.31193e-11
2.36414e-06
3.20813e-11
2.49545e-06
3.18064e-12
1.70772e-06
4.69275e-12
1.915e-06
2.0228e-06
-6.01702e-12
1.54646e-10
2.17781e-06
-4.61206e-12
1.65503e-10
2.74288e-06
1.68602e-10
3.03729e-06
-2.98891e-12
1.92641e-10
2.43912e-06
-2.0562e-12
2.06159e-10
2.96142e-06
2.08565e-10
3.23468e-06
-1.23516e-12
2.2002e-10
2.60191e-06
-7.99266e-13
2.34972e-10
3.08238e-06
2.35713e-10
3.33402e-06
-1.46602e-13
2.31904e-10
2.68009e-06
1.98484e-13
2.47645e-10
3.1206e-06
2.46289e-10
3.35058e-06
6.7429e-13
2.24193e-10
2.68501e-06
1.15013e-12
2.40263e-10
3.08771e-06
2.37443e-10
3.29648e-06
1.49156e-12
1.95046e-10
2.62583e-06
2.22969e-12
2.10696e-10
2.99246e-06
2.07555e-10
3.18096e-06
2.29214e-12
1.46911e-10
2.50941e-06
3.35415e-12
1.60429e-10
2.8408e-06
1.57819e-10
3.00996e-06
3.00933e-12
8.76374e-11
2.33887e-06
4.35994e-12
9.69875e-11
2.63414e-06
9.51267e-11
2.78452e-06
3.37956e-12
3.00419e-11
2.10819e-06
4.91902e-12
3.43141e-11
2.3642e-06
3.32854e-11
2.49552e-06
3.13692e-12
1.70775e-06
4.65929e-12
1.91503e-06
2.02284e-06
-5.99308e-12
1.53678e-10
2.17777e-06
-4.58093e-12
1.64219e-10
2.74283e-06
1.67308e-10
3.03724e-06
-2.96626e-12
1.91515e-10
2.43909e-06
-2.05162e-12
2.04729e-10
2.96138e-06
2.07114e-10
3.23464e-06
-1.2349e-12
2.1894e-10
2.60188e-06
-8.06821e-13
2.33598e-10
3.08235e-06
2.34307e-10
3.334e-06
-1.66397e-13
2.31122e-10
2.68008e-06
1.77568e-13
2.46591e-10
3.12058e-06
2.45182e-10
3.35057e-06
6.3632e-13
2.23958e-10
2.68502e-06
1.11578e-12
2.39809e-10
3.08771e-06
2.36911e-10
3.29649e-06
1.43874e-12
1.95517e-10
2.62585e-06
2.18018e-12
2.11039e-10
2.99248e-06
2.0781e-10
3.18099e-06
2.22858e-12
1.48035e-10
2.50946e-06
3.2919e-12
1.61536e-10
2.84085e-06
1.58858e-10
3.01002e-06
2.94241e-12
8.90503e-11
2.33892e-06
4.29386e-12
9.84684e-11
2.6342e-06
9.65818e-11
2.78459e-06
3.31782e-12
3.11666e-11
2.10824e-06
4.86138e-12
3.55209e-11
2.36426e-06
3.45029e-11
2.49558e-06
3.0933e-12
1.70778e-06
4.626e-12
1.91506e-06
2.02288e-06
-5.9685e-12
1.52719e-10
2.17773e-06
-4.54945e-12
1.62947e-10
2.74278e-06
1.66027e-10
3.03719e-06
-2.94296e-12
1.90395e-10
2.43905e-06
-2.04772e-12
2.03308e-10
2.96134e-06
2.05674e-10
3.2346e-06
-1.23432e-12
2.17861e-10
2.60186e-06
-8.14735e-13
2.32228e-10
3.08232e-06
2.32908e-10
3.33397e-06
-1.85772e-13
2.30332e-10
2.68006e-06
1.56543e-13
2.45532e-10
3.12057e-06
2.44071e-10
3.35056e-06
5.98986e-13
2.23704e-10
2.68502e-06
1.08166e-12
2.39337e-10
3.08772e-06
2.36363e-10
3.2965e-06
1.38674e-12
1.95962e-10
2.62588e-06
2.13099e-12
2.11358e-10
2.99251e-06
2.08041e-10
3.18102e-06
2.16589e-12
1.49139e-10
2.5095e-06
3.22993e-12
1.62623e-10
2.8409e-06
1.59875e-10
3.01007e-06
2.87621e-12
9.04609e-11
2.33898e-06
4.22785e-12
9.99423e-11
2.63426e-06
9.80312e-11
2.78465e-06
3.25647e-12
3.23062e-11
2.1083e-06
4.80363e-12
3.67371e-11
2.36433e-06
3.57323e-11
2.49565e-06
3.04993e-12
1.70781e-06
4.59262e-12
1.9151e-06
2.02292e-06
-5.94317e-12
1.5177e-10
2.1777e-06
-4.51749e-12
1.61686e-10
2.74273e-06
1.6476e-10
3.03714e-06
-2.919e-12
1.89282e-10
2.43902e-06
-2.04463e-12
2.01897e-10
2.96129e-06
2.04246e-10
3.23456e-06
-1.23344e-12
2.16781e-10
2.60183e-06
-8.22993e-13
2.30861e-10
3.08229e-06
2.31514e-10
3.33394e-06
-2.04764e-13
2.2953e-10
2.68005e-06
1.35457e-13
2.44464e-10
3.12056e-06
2.42954e-10
3.35055e-06
5.6227e-13
2.23427e-10
2.68503e-06
1.04786e-12
2.38846e-10
3.08773e-06
2.35797e-10
3.29651e-06
1.33557e-12
1.96378e-10
2.6259e-06
2.08234e-12
2.1165e-10
2.99254e-06
2.08246e-10
3.18105e-06
2.10404e-12
1.50221e-10
2.50955e-06
3.1684e-12
1.63687e-10
2.84094e-06
1.60868e-10
3.01012e-06
2.81075e-12
9.18668e-11
2.33904e-06
4.16204e-12
1.01414e-10
2.63433e-06
9.9473e-11
2.78472e-06
3.19583e-12
3.34601e-11
2.10835e-06
4.74561e-12
3.79724e-11
2.36439e-06
3.69729e-11
2.49572e-06
3.00725e-12
1.70784e-06
4.55884e-12
1.91513e-06
2.02296e-06
-5.91712e-12
1.50828e-10
2.17766e-06
-4.48487e-12
1.60434e-10
2.74269e-06
1.63505e-10
3.03708e-06
-2.89454e-12
1.88173e-10
2.43898e-06
-2.0424e-12
2.00493e-10
2.96125e-06
2.02828e-10
3.23452e-06
-1.23244e-12
2.15699e-10
2.60181e-06
-8.31656e-13
2.29494e-10
3.08226e-06
2.30123e-10
3.33391e-06
-2.23563e-13
2.28715e-10
2.68004e-06
1.14217e-13
2.43386e-10
3.12054e-06
2.4183e-10
3.35054e-06
5.25988e-13
2.23125e-10
2.68504e-06
1.01429e-12
2.38332e-10
3.08773e-06
2.35211e-10
3.29651e-06
1.28505e-12
1.96764e-10
2.62593e-06
2.03408e-12
2.11911e-10
2.99256e-06
2.08422e-10
3.18108e-06
2.04295e-12
1.51277e-10
2.50959e-06
3.10726e-12
1.64724e-10
2.84099e-06
1.61835e-10
3.01017e-06
2.74592e-12
9.32649e-11
2.33909e-06
4.0964e-12
1.02877e-10
2.63439e-06
1.00904e-10
2.78479e-06
3.1356e-12
3.46259e-11
2.10841e-06
4.68747e-12
3.92186e-11
2.36445e-06
3.82226e-11
2.49579e-06
2.96488e-12
1.70787e-06
4.52487e-12
1.91517e-06
2.023e-06
-5.89024e-12
1.49893e-10
2.17762e-06
-4.45151e-12
1.59191e-10
2.74264e-06
1.6226e-10
3.03703e-06
-2.86954e-12
1.87067e-10
2.43895e-06
-2.04097e-12
1.99095e-10
2.96121e-06
2.01418e-10
3.23448e-06
-1.23128e-12
2.14613e-10
2.60178e-06
-8.4078e-13
2.28126e-10
3.08223e-06
2.28734e-10
3.33388e-06
-2.42129e-13
2.27886e-10
2.68003e-06
9.27378e-14
2.42296e-10
3.12053e-06
2.40697e-10
3.35053e-06
4.90209e-13
2.22796e-10
2.68504e-06
9.80913e-13
2.37793e-10
3.08773e-06
2.34604e-10
3.29652e-06
1.23527e-12
1.97116e-10
2.62595e-06
1.98618e-12
2.12139e-10
2.99259e-06
2.08567e-10
3.18111e-06
1.9827e-12
1.52303e-10
2.50963e-06
3.04655e-12
1.65729e-10
2.84104e-06
1.62773e-10
3.01022e-06
2.68182e-12
9.46517e-11
2.33915e-06
4.03102e-12
1.04321e-10
2.63445e-06
1.02321e-10
2.78485e-06
3.07568e-12
3.58019e-11
2.10847e-06
4.62951e-12
4.04667e-11
2.36451e-06
3.94794e-11
2.49585e-06
2.92263e-12
1.7079e-06
4.49112e-12
1.91521e-06
2.02305e-06
-5.86248e-12
1.48963e-10
2.17759e-06
-4.41745e-12
1.57955e-10
2.74259e-06
1.61026e-10
3.03698e-06
-2.84394e-12
1.85964e-10
2.43891e-06
-2.0402e-12
1.97702e-10
2.96117e-06
2.00016e-10
3.23443e-06
-1.22993e-12
2.13521e-10
2.60175e-06
-8.5033e-13
2.26756e-10
3.0822e-06
2.27346e-10
3.33385e-06
-2.60416e-13
2.2704e-10
2.68001e-06
7.10042e-14
2.41194e-10
3.12051e-06
2.39554e-10
3.35052e-06
4.54988e-13
2.22438e-10
2.68504e-06
9.4764e-13
2.3723e-10
3.08774e-06
2.33972e-10
3.29653e-06
1.18633e-12
1.97431e-10
2.62598e-06
1.93859e-12
2.12333e-10
2.99261e-06
2.08679e-10
3.18114e-06
1.92335e-12
1.53298e-10
2.50967e-06
2.98612e-12
1.66703e-10
2.84108e-06
1.63678e-10
3.01026e-06
2.61856e-12
9.60249e-11
2.3392e-06
3.96571e-12
1.05751e-10
2.63451e-06
1.03723e-10
2.78491e-06
3.01645e-12
3.69862e-11
2.10852e-06
4.57127e-12
4.17231e-11
2.36457e-06
4.07419e-11
2.49592e-06
2.88102e-12
1.70793e-06
4.457e-12
1.91525e-06
2.02309e-06
-5.8338e-12
1.48039e-10
2.17755e-06
-4.38275e-12
1.56727e-10
2.74255e-06
1.59802e-10
3.03693e-06
-2.8177e-12
1.84862e-10
2.43888e-06
-2.0397e-12
1.96314e-10
2.96113e-06
1.98619e-10
3.23439e-06
-1.22842e-12
2.12424e-10
2.60173e-06
-8.60011e-13
2.25383e-10
3.08217e-06
2.25956e-10
3.33383e-06
-2.78511e-13
2.26176e-10
2.68e-06
4.93011e-14
2.40076e-10
3.1205e-06
2.38397e-10
3.3505e-06
4.20216e-13
2.2205e-10
2.68505e-06
9.14705e-13
2.36637e-10
3.08774e-06
2.33315e-10
3.29653e-06
1.13809e-12
1.97707e-10
2.626e-06
1.89163e-12
2.12488e-10
2.99264e-06
2.08754e-10
3.18116e-06
1.8648e-12
1.54257e-10
2.50972e-06
2.92627e-12
1.67642e-10
2.84112e-06
1.64549e-10
3.01031e-06
2.55603e-12
9.73812e-11
2.33925e-06
3.90076e-12
1.07168e-10
2.63456e-06
1.05105e-10
2.78498e-06
2.95796e-12
3.81773e-11
2.10858e-06
4.51286e-12
4.29921e-11
2.36464e-06
4.20083e-11
2.49599e-06
2.84014e-12
1.70797e-06
4.42252e-12
1.91529e-06
2.02314e-06
-5.80418e-12
1.47119e-10
2.17751e-06
-4.34746e-12
1.55504e-10
2.7425e-06
1.58585e-10
3.03688e-06
-2.79087e-12
1.8376e-10
2.43885e-06
-2.03903e-12
1.94928e-10
2.96109e-06
1.97227e-10
3.23435e-06
-1.22684e-12
2.11318e-10
2.6017e-06
-8.69624e-13
2.24005e-10
3.08214e-06
2.24562e-10
3.3338e-06
-2.96553e-13
2.25292e-10
2.67998e-06
2.77158e-14
2.38941e-10
3.12048e-06
2.37225e-10
3.35049e-06
3.85718e-13
2.21628e-10
2.68505e-06
8.82063e-13
2.36013e-10
3.08774e-06
2.32629e-10
3.29654e-06
1.09039e-12
1.97941e-10
2.62602e-06
1.84505e-12
2.12602e-10
2.99266e-06
2.08791e-10
3.18119e-06
1.80696e-12
1.55178e-10
2.50976e-06
2.86692e-12
1.68539e-10
2.84117e-06
1.6538e-10
3.01036e-06
2.49411e-12
9.87167e-11
2.33931e-06
3.83618e-12
1.08556e-10
2.63462e-06
1.06464e-10
2.78504e-06
2.89963e-12
3.93718e-11
2.10863e-06
4.45475e-12
4.42543e-11
2.3647e-06
4.32756e-11
2.49606e-06
2.79945e-12
1.70801e-06
4.38828e-12
1.91534e-06
2.02318e-06
-5.77348e-12
1.46202e-10
2.17748e-06
-4.31174e-12
1.54285e-10
2.74245e-06
1.57375e-10
3.03683e-06
-2.76316e-12
1.82657e-10
2.43881e-06
-2.03788e-12
1.93545e-10
2.96105e-06
1.95836e-10
3.23431e-06
-1.22495e-12
2.10203e-10
2.60167e-06
-8.78978e-13
2.22621e-10
3.08212e-06
2.23162e-10
3.33377e-06
-3.14292e-13
2.24386e-10
2.67997e-06
6.38654e-15
2.37788e-10
3.12047e-06
2.36035e-10
3.35048e-06
3.51761e-13
2.2117e-10
2.68505e-06
8.49799e-13
2.35357e-10
3.08774e-06
2.31912e-10
3.29654e-06
1.04353e-12
1.9813e-10
2.62605e-06
1.79898e-12
2.12672e-10
2.99268e-06
2.08785e-10
3.18122e-06
1.75008e-12
1.56055e-10
2.5098e-06
2.80816e-12
1.69391e-10
2.84121e-06
1.66169e-10
3.0104e-06
2.43307e-12
1.00028e-10
2.33936e-06
3.77205e-12
1.09912e-10
2.63468e-06
1.07797e-10
2.7851e-06
2.84171e-12
4.05681e-11
2.10869e-06
4.39701e-12
4.55082e-11
2.36476e-06
4.45416e-11
2.49612e-06
2.75945e-12
1.70804e-06
4.35448e-12
1.91538e-06
2.02323e-06
-5.74156e-12
1.45287e-10
2.17744e-06
-4.2757e-12
1.53071e-10
2.74241e-06
1.56171e-10
3.03679e-06
-2.7345e-12
1.8155e-10
2.43878e-06
-2.03614e-12
1.92162e-10
2.96101e-06
1.94447e-10
3.23427e-06
-1.22265e-12
2.09077e-10
2.60165e-06
-8.87955e-13
2.2123e-10
3.08209e-06
2.21755e-10
3.33374e-06
-3.31655e-13
2.23456e-10
2.67996e-06
-1.46067e-14
2.36616e-10
3.12045e-06
2.34826e-10
3.35046e-06
3.18407e-13
2.20675e-10
2.68506e-06
8.17942e-13
2.34668e-10
3.08775e-06
2.31161e-10
3.29655e-06
9.97574e-13
1.98271e-10
2.62607e-06
1.75353e-12
2.12698e-10
2.9927e-06
2.08734e-10
3.18124e-06
1.69422e-12
1.56887e-10
2.50984e-06
2.74989e-12
1.70202e-10
2.84125e-06
1.66913e-10
3.01045e-06
2.37303e-12
1.01311e-10
2.33941e-06
3.70815e-12
1.11248e-10
2.63474e-06
1.09101e-10
2.78516e-06
2.78486e-12
4.17635e-11
2.10875e-06
4.3389e-12
4.6771e-11
2.36483e-06
4.58045e-11
2.49619e-06
2.72051e-12
1.70808e-06
4.32009e-12
1.91542e-06
2.02328e-06
-5.70844e-12
1.44373e-10
2.1774e-06
-4.23932e-12
1.5186e-10
2.74236e-06
1.54971e-10
3.03674e-06
-2.70491e-12
1.8044e-10
2.43875e-06
-2.03362e-12
1.90778e-10
2.96097e-06
1.93055e-10
3.23423e-06
-1.22007e-12
2.07938e-10
2.60162e-06
-8.96289e-13
2.1983e-10
3.08206e-06
2.20337e-10
3.33371e-06
-3.48809e-13
2.22501e-10
2.67994e-06
-3.49864e-14
2.35421e-10
3.12044e-06
2.33594e-10
3.35045e-06
2.85446e-13
2.20138e-10
2.68506e-06
7.86775e-13
2.33941e-10
3.08775e-06
2.30374e-10
3.29655e-06
9.52291e-13
1.98361e-10
2.62609e-06
1.70898e-12
2.12675e-10
2.99272e-06
2.08636e-10
3.18126e-06
1.63917e-12
1.5767e-10
2.50988e-06
2.69248e-12
1.70963e-10
2.84129e-06
1.67608e-10
3.01049e-06
2.31379e-12
1.02564e-10
2.33947e-06
3.6449e-12
1.12555e-10
2.6348e-06
1.10372e-10
2.78522e-06
2.72883e-12
4.29557e-11
2.1088e-06
4.2809e-12
4.80367e-11
2.36489e-06
4.70617e-11
2.49626e-06
2.68246e-12
1.70812e-06
4.28549e-12
1.91547e-06
2.02334e-06
-5.674e-12
1.43457e-10
2.17737e-06
-4.20256e-12
1.50649e-10
2.74232e-06
1.53773e-10
3.03669e-06
-2.67442e-12
1.79323e-10
2.43871e-06
-2.03019e-12
1.89391e-10
2.96093e-06
1.91661e-10
3.23419e-06
-1.21723e-12
2.06783e-10
2.60159e-06
-9.03961e-13
2.18417e-10
3.08203e-06
2.18906e-10
3.33369e-06
-3.65818e-13
2.21517e-10
2.67993e-06
-5.47768e-14
2.34201e-10
3.12042e-06
2.32338e-10
3.35044e-06
2.52826e-13
2.19558e-10
2.68506e-06
7.5618e-13
2.33172e-10
3.08775e-06
2.29548e-10
3.29656e-06
9.07635e-13
1.98396e-10
2.62611e-06
1.66501e-12
2.12596e-10
2.99274e-06
2.08487e-10
3.18129e-06
1.58499e-12
1.58398e-10
2.50991e-06
2.63582e-12
1.71665e-10
2.84133e-06
1.6825e-10
3.01053e-06
2.25534e-12
1.0378e-10
2.33952e-06
3.58231e-12
1.13814e-10
2.63485e-06
1.11606e-10
2.78528e-06
2.67308e-12
4.41403e-11
2.10886e-06
4.22359e-12
4.92776e-11
2.36495e-06
4.83093e-11
2.49633e-06
2.64451e-12
1.70817e-06
4.25153e-12
1.91552e-06
2.02339e-06
-5.63803e-12
1.42539e-10
2.17733e-06
-4.16541e-12
1.49439e-10
2.74227e-06
1.52578e-10
3.03664e-06
-2.64282e-12
1.78199e-10
2.43868e-06
-2.02596e-12
1.88e-10
2.96089e-06
1.90263e-10
3.23415e-06
-1.21392e-12
2.05612e-10
2.60157e-06
-9.11075e-13
2.16992e-10
3.082e-06
2.17462e-10
3.33366e-06
-3.82382e-13
2.20502e-10
2.67991e-06
-7.40656e-14
2.32954e-10
3.1204e-06
2.31055e-10
3.35042e-06
2.20909e-13
2.18931e-10
2.68506e-06
7.26133e-13
2.3236e-10
3.08775e-06
2.28679e-10
3.29656e-06
8.64007e-13
1.98372e-10
2.62613e-06
1.62169e-12
2.12462e-10
2.99276e-06
2.08283e-10
3.18131e-06
1.53205e-12
1.59068e-10
2.50995e-06
2.57991e-12
1.72309e-10
2.84137e-06
1.68835e-10
3.01058e-06
2.19808e-12
1.04956e-10
2.33957e-06
3.52034e-12
1.15027e-10
2.63491e-06
1.12798e-10
2.78534e-06
2.61807e-12
4.53154e-11
2.10892e-06
4.16683e-12
5.05001e-11
2.36501e-06
4.95448e-11
2.49639e-06
2.60714e-12
1.70821e-06
4.21819e-12
1.91557e-06
2.02344e-06
-5.60043e-12
1.41619e-10
2.1773e-06
-4.12797e-12
1.48228e-10
2.74223e-06
1.51383e-10
3.03659e-06
-2.61002e-12
1.77066e-10
2.43865e-06
-2.02108e-12
1.86603e-10
2.96086e-06
1.88858e-10
3.23411e-06
-1.2101e-12
2.04421e-10
2.60154e-06
-9.17823e-13
2.15553e-10
3.08197e-06
2.16002e-10
3.33363e-06
-3.98429e-13
2.19454e-10
2.6799e-06
-9.30052e-14
2.31681e-10
3.12039e-06
2.29743e-10
3.35041e-06
1.89753e-13
2.18256e-10
2.68506e-06
6.96534e-13
2.31508e-10
3.08775e-06
2.27768e-10
3.29656e-06
8.2148e-13
1.98289e-10
2.62615e-06
1.57904e-12
2.12274e-10
2.99278e-06
2.08022e-10
3.18133e-06
1.48036e-12
1.59678e-10
2.50999e-06
2.52449e-12
1.72899e-10
2.84141e-06
1.69361e-10
3.01062e-06
2.1421e-12
1.06089e-10
2.33962e-06
3.45859e-12
1.1621e-10
2.63496e-06
1.13946e-10
2.7854e-06
2.56445e-12
4.64776e-11
2.10898e-06
4.10941e-12
5.17279e-11
2.36508e-06
5.07661e-11
2.49646e-06
2.57136e-12
1.70825e-06
4.18409e-12
1.91562e-06
2.0235e-06
-5.56101e-12
1.40692e-10
2.17726e-06
-4.09002e-12
1.47015e-10
2.74218e-06
1.50186e-10
3.03655e-06
-2.57614e-12
1.75921e-10
2.43861e-06
-2.01541e-12
1.85199e-10
2.96082e-06
1.87445e-10
3.23407e-06
-1.20591e-12
2.03209e-10
2.60152e-06
-9.23974e-13
2.14097e-10
3.08194e-06
2.14523e-10
3.3336e-06
-4.14188e-13
2.1837e-10
2.67988e-06
-1.11237e-13
2.30376e-10
3.12037e-06
2.28399e-10
3.3504e-06
1.59116e-13
2.17528e-10
2.68506e-06
6.6779e-13
2.30606e-10
3.08775e-06
2.26809e-10
3.29656e-06
7.79778e-13
1.98139e-10
2.62617e-06
1.53751e-12
2.12022e-10
2.9928e-06
2.07702e-10
3.18135e-06
1.42966e-12
1.60221e-10
2.51003e-06
2.47016e-12
1.73425e-10
2.84145e-06
1.69824e-10
3.01066e-06
2.08716e-12
1.07174e-10
2.33967e-06
3.39771e-12
1.17352e-10
2.63502e-06
1.15047e-10
2.78546e-06
2.51199e-12
4.76247e-11
2.10903e-06
4.05164e-12
5.29525e-11
2.36514e-06
5.19699e-11
2.49653e-06
2.53694e-12
1.7083e-06
4.14972e-12
1.91567e-06
2.02355e-06
-5.51997e-12
1.39759e-10
2.17723e-06
-4.05156e-12
1.45796e-10
2.74214e-06
1.48986e-10
3.0365e-06
-2.5414e-12
1.74762e-10
2.43858e-06
-2.00902e-12
1.83783e-10
2.96078e-06
1.86021e-10
3.23403e-06
-1.20159e-12
2.01973e-10
2.60149e-06
-9.29621e-13
2.12618e-10
3.08191e-06
2.13023e-10
3.33357e-06
-4.29895e-13
2.17247e-10
2.67987e-06
-1.28923e-13
2.29034e-10
3.12035e-06
2.27021e-10
3.35038e-06
1.28754e-13
2.16745e-10
2.68506e-06
6.39688e-13
2.29649e-10
3.08775e-06
2.258e-10
3.29657e-06
7.38654e-13
1.97922e-10
2.62618e-06
1.49668e-12
2.11701e-10
2.99281e-06
2.07316e-10
3.18137e-06
1.37978e-12
1.60695e-10
2.51006e-06
2.41673e-12
1.73875e-10
2.84148e-06
1.70218e-10
3.0107e-06
2.03301e-12
1.08206e-10
2.33972e-06
3.33765e-12
1.18426e-10
2.63507e-06
1.16094e-10
2.78552e-06
2.45993e-12
4.87508e-11
2.10909e-06
3.99478e-12
5.41377e-11
2.3652e-06
5.31517e-11
2.49659e-06
2.50269e-12
1.70834e-06
4.11595e-12
1.91572e-06
2.02361e-06
-5.47729e-12
1.38817e-10
2.1772e-06
-4.01262e-12
1.44572e-10
2.74209e-06
1.47781e-10
3.03645e-06
-2.50571e-12
1.73588e-10
2.43855e-06
-2.00197e-12
1.82354e-10
2.96074e-06
1.84585e-10
3.234e-06
-1.19691e-12
2.0071e-10
2.60146e-06
-9.34853e-13
2.11116e-10
3.08188e-06
2.115e-10
3.33355e-06
-4.45276e-13
2.16082e-10
2.67985e-06
-1.46116e-13
2.27653e-10
3.12034e-06
2.25605e-10
3.35037e-06
9.8987e-14
2.15902e-10
2.68506e-06
6.12231e-13
2.28636e-10
3.08774e-06
2.24737e-10
3.29657e-06
6.98441e-13
1.9763e-10
2.6262e-06
1.4566e-12
2.11306e-10
2.99283e-06
2.06863e-10
3.18139e-06
1.33105e-12
1.61093e-10
2.5101e-06
2.36433e-12
1.74244e-10
2.84152e-06
1.70539e-10
3.01074e-06
1.97995e-12
1.0918e-10
2.33977e-06
3.2786e-12
1.19426e-10
2.63513e-06
1.17082e-10
2.78558e-06
2.40833e-12
4.98536e-11
2.10915e-06
3.93918e-12
5.52752e-11
2.36527e-06
5.43079e-11
2.49666e-06
2.46855e-12
1.70839e-06
4.08352e-12
1.91578e-06
2.02367e-06
-5.43265e-12
1.37865e-10
2.17716e-06
-3.97329e-12
1.4334e-10
2.74205e-06
1.4657e-10
3.03641e-06
-2.46888e-12
1.72396e-10
2.43852e-06
-1.99439e-12
1.80911e-10
2.9607e-06
1.83134e-10
3.23396e-06
-1.19156e-12
1.99418e-10
2.60144e-06
-9.4003e-13
2.09591e-10
3.08185e-06
2.0995e-10
3.33352e-06
-4.59974e-13
2.14873e-10
2.67984e-06
-1.63151e-13
2.26235e-10
3.12032e-06
2.24149e-10
3.35035e-06
7.01901e-14
2.14998e-10
2.68506e-06
5.85045e-13
2.27569e-10
3.08774e-06
2.23617e-10
3.29657e-06
6.59556e-13
1.97264e-10
2.62622e-06
1.41694e-12
2.10844e-10
2.99285e-06
2.06338e-10
3.18141e-06
1.28389e-12
1.61413e-10
2.51013e-06
2.31228e-12
1.74541e-10
2.84155e-06
1.70784e-10
3.01077e-06
1.92844e-12
1.10092e-10
2.33982e-06
3.2197e-12
1.20372e-10
2.63518e-06
1.18008e-10
2.78563e-06
2.35804e-12
5.09285e-11
2.1092e-06
3.88324e-12
5.63952e-11
2.36533e-06
5.54354e-11
2.49673e-06
2.43585e-12
1.70844e-06
4.05078e-12
1.91583e-06
2.02373e-06
-5.38601e-12
1.36898e-10
2.17713e-06
-3.93348e-12
1.42098e-10
2.74201e-06
1.45347e-10
3.03636e-06
-2.43092e-12
1.71181e-10
2.43849e-06
-1.98636e-12
1.7945e-10
2.96066e-06
1.81664e-10
3.23392e-06
-1.18574e-12
1.98092e-10
2.60141e-06
-9.44809e-13
2.08035e-10
3.08182e-06
2.08369e-10
3.33349e-06
-4.74126e-13
2.13614e-10
2.67982e-06
-1.79697e-13
2.24771e-10
3.1203e-06
2.22647e-10
3.35034e-06
4.22284e-14
2.14026e-10
2.68506e-06
5.58647e-13
2.26439e-10
3.08774e-06
2.22436e-10
3.29657e-06
6.21845e-13
1.96815e-10
2.62624e-06
1.37842e-12
2.10303e-10
2.99286e-06
2.05736e-10
3.18143e-06
1.23804e-12
1.61647e-10
2.51017e-06
2.26122e-12
1.7476e-10
2.84159e-06
1.70947e-10
3.01081e-06
1.87833e-12
1.10937e-10
2.33987e-06
3.16153e-12
1.21268e-10
2.63523e-06
1.18867e-10
2.78569e-06
2.30936e-12
5.1974e-11
2.10926e-06
3.82693e-12
5.75111e-11
2.36539e-06
5.65312e-11
2.49679e-06
2.40517e-12
1.70849e-06
4.01737e-12
1.91589e-06
2.02379e-06
-5.33707e-12
1.35909e-10
2.1771e-06
-3.89267e-12
1.40838e-10
2.74197e-06
1.44107e-10
3.03631e-06
-2.39156e-12
1.69936e-10
2.43845e-06
-1.97736e-12
1.77961e-10
2.96063e-06
1.80165e-10
3.23388e-06
-1.1795e-12
1.96723e-10
2.60139e-06
-9.4892e-13
2.06439e-10
3.08179e-06
2.06747e-10
3.33346e-06
-4.87885e-13
2.12297e-10
2.67981e-06
-1.956e-13
2.23251e-10
3.12029e-06
2.21089e-10
3.35032e-06
1.48973e-14
2.1298e-10
2.68506e-06
5.33022e-13
2.25236e-10
3.08774e-06
2.21182e-10
3.29657e-06
5.85067e-13
1.96278e-10
2.62625e-06
1.34077e-12
2.09674e-10
2.99288e-06
2.05049e-10
3.18144e-06
1.1934e-12
1.61792e-10
2.5102e-06
2.21104e-12
1.74886e-10
2.84162e-06
1.71021e-10
3.01085e-06
1.82949e-12
1.11709e-10
2.33992e-06
3.10399e-12
1.22091e-10
2.63528e-06
1.19652e-10
2.78574e-06
2.26202e-12
5.29823e-11
2.10932e-06
3.77081e-12
5.85929e-11
2.36545e-06
5.75892e-11
2.49686e-06
2.37582e-12
1.70854e-06
3.98335e-12
1.91594e-06
2.02385e-06
-5.28546e-12
1.34885e-10
2.17706e-06
-3.85007e-12
1.39543e-10
2.74192e-06
1.42831e-10
3.03627e-06
-2.34855e-12
1.6864e-10
2.43842e-06
-1.96653e-12
1.76425e-10
2.96059e-06
1.78617e-10
3.23384e-06
-1.17282e-12
1.95291e-10
2.60136e-06
-9.51485e-13
2.04779e-10
3.08177e-06
2.05062e-10
3.33344e-06
-5.01076e-13
2.109e-10
2.67979e-06
-2.10113e-13
2.2165e-10
3.12027e-06
2.19453e-10
3.35031e-06
-1.15925e-14
2.11836e-10
2.68506e-06
5.08895e-13
2.23932e-10
3.08773e-06
2.19836e-10
3.29657e-06
5.49406e-13
1.95632e-10
2.62627e-06
1.3048e-12
2.08929e-10
2.99289e-06
2.04256e-10
3.18146e-06
1.15038e-12
1.61827e-10
2.51023e-06
2.1628e-12
1.74893e-10
2.84166e-06
1.70986e-10
3.01088e-06
1.78191e-12
1.12393e-10
2.33997e-06
3.04827e-12
1.22806e-10
2.63533e-06
1.20348e-10
2.78579e-06
2.21564e-12
5.39469e-11
2.10937e-06
3.71652e-12
5.96056e-11
2.36551e-06
5.86005e-11
2.49693e-06
2.34689e-12
1.70859e-06
3.95081e-12
1.916e-06
2.02391e-06
-5.22773e-12
1.33781e-10
2.17703e-06
-3.80315e-12
1.38173e-10
2.74188e-06
1.41475e-10
3.03622e-06
-2.30235e-12
1.67249e-10
2.43839e-06
-1.95254e-12
1.74792e-10
2.96055e-06
1.76966e-10
3.23381e-06
-1.16418e-12
1.93746e-10
2.60134e-06
-9.5139e-13
2.03001e-10
3.08174e-06
2.03256e-10
3.33341e-06
-5.12545e-13
2.09374e-10
2.67978e-06
-2.22775e-13
2.19914e-10
3.12025e-06
2.1768e-10
3.35029e-06
-3.61548e-14
2.10552e-10
2.68506e-06
4.86305e-13
2.22479e-10
3.08773e-06
2.18339e-10
3.29657e-06
5.15856e-13
1.94839e-10
2.62628e-06
1.27017e-12
2.08027e-10
2.99291e-06
2.03307e-10
3.18148e-06
1.10969e-12
1.61722e-10
2.51026e-06
2.11597e-12
1.74742e-10
2.84169e-06
1.70802e-10
3.01092e-06
1.73651e-12
1.12965e-10
2.34002e-06
2.99376e-12
1.23378e-10
2.63538e-06
1.20924e-10
2.78585e-06
2.1709e-12
5.48498e-11
2.10943e-06
3.6639e-12
6.05206e-11
2.36558e-06
5.95473e-11
2.49699e-06
2.31847e-12
1.70864e-06
3.91947e-12
1.91606e-06
2.02398e-06
-5.15702e-12
1.32497e-10
2.177e-06
-3.74585e-12
1.36632e-10
2.74184e-06
1.39934e-10
3.03618e-06
-2.24835e-12
1.65645e-10
2.43836e-06
-1.93021e-12
1.72943e-10
2.96052e-06
1.75089e-10
3.23377e-06
-1.14916e-12
1.91964e-10
2.60131e-06
-9.44468e-13
2.00977e-10
3.08171e-06
2.01192e-10
3.33338e-06
-5.182e-13
2.07596e-10
2.67976e-06
-2.29523e-13
2.17912e-10
3.12023e-06
2.15634e-10
3.35028e-06
-5.4792e-14
2.09008e-10
2.68506e-06
4.69098e-13
2.20753e-10
3.08773e-06
2.16566e-10
3.29657e-06
4.88235e-13
1.93794e-10
2.6263e-06
1.24069e-12
2.06858e-10
2.99292e-06
2.02091e-10
3.18149e-06
1.07477e-12
1.61391e-10
2.51029e-06
2.0737e-12
1.74352e-10
2.84172e-06
1.70379e-10
3.01095e-06
1.69679e-12
1.13365e-10
2.34006e-06
2.9433e-12
1.23768e-10
2.63543e-06
1.21316e-10
2.7859e-06
2.13144e-12
5.5663e-11
2.10948e-06
3.61427e-12
6.134e-11
2.36564e-06
6.03953e-11
2.49705e-06
2.29423e-12
1.7087e-06
3.89136e-12
1.91612e-06
2.02404e-06
-5.05036e-12
1.30709e-10
2.17696e-06
-3.66016e-12
1.34593e-10
2.7418e-06
1.37849e-10
3.03614e-06
-2.17718e-12
1.63453e-10
2.43833e-06
-1.888e-12
1.70479e-10
2.96048e-06
1.72554e-10
3.23373e-06
-1.12133e-12
1.89545e-10
2.60129e-06
-9.25466e-13
1.98264e-10
3.08168e-06
1.98399e-10
3.33335e-06
-5.13253e-13
2.05165e-10
2.67975e-06
-2.26274e-13
2.15193e-10
3.12022e-06
2.12834e-10
3.35027e-06
-6.37027e-14
2.06833e-10
2.68506e-06
4.58695e-13
2.18329e-10
3.08772e-06
2.14061e-10
3.29657e-06
4.69624e-13
1.92174e-10
2.62631e-06
1.21595e-12
2.05053e-10
2.99293e-06
2.00208e-10
3.18151e-06
1.04829e-12
1.60578e-10
2.51032e-06
2.03461e-12
1.73431e-10
2.84175e-06
1.69398e-10
3.01098e-06
1.66474e-12
1.13413e-10
2.34011e-06
2.89449e-12
1.23786e-10
2.63548e-06
1.21302e-10
2.78595e-06
2.09891e-12
5.62884e-11
2.10954e-06
3.56467e-12
6.19811e-11
2.3657e-06
6.10271e-11
2.49712e-06
2.27599e-12
1.70875e-06
3.86118e-12
1.91618e-06
2.02411e-06
-4.85741e-12
1.27765e-10
2.17693e-06
-3.49703e-12
1.31456e-10
2.74176e-06
1.34605e-10
3.03609e-06
-2.04964e-12
1.59896e-10
2.4383e-06
-1.77835e-12
1.66635e-10
2.96044e-06
1.68602e-10
3.2337e-06
-1.04136e-12
1.85637e-10
2.60126e-06
-8.4845e-13
1.93993e-10
3.08165e-06
1.94023e-10
3.33333e-06
-4.60392e-13
2.01224e-10
2.67973e-06
-1.64297e-13
2.10856e-10
3.1202e-06
2.08407e-10
3.35025e-06
-2.55137e-14
2.03227e-10
2.68506e-06
5.04461e-13
2.14347e-10
3.08772e-06
2.10002e-10
3.29657e-06
4.96226e-13
1.89292e-10
2.62632e-06
1.24398e-12
2.01855e-10
2.99294e-06
1.9695e-10
3.18152e-06
1.06772e-12
1.58744e-10
2.51035e-06
2.04104e-12
1.71385e-10
2.84178e-06
1.673e-10
3.01102e-06
1.67478e-12
1.12744e-10
2.34015e-06
2.88688e-12
1.23023e-10
2.63553e-06
1.20501e-10
2.786e-06
2.10861e-12
5.65401e-11
2.10959e-06
3.54831e-12
6.22393e-11
2.36576e-06
6.12482e-11
2.49718e-06
2.29306e-12
1.7088e-06
3.86234e-12
1.91624e-06
2.02417e-06
-4.47488e-12
1.20871e-10
2.1769e-06
-3.16364e-12
1.24406e-10
2.74172e-06
1.27099e-10
3.03605e-06
-1.86386e-12
1.51655e-10
2.43827e-06
-1.56861e-12
1.57859e-10
2.96041e-06
1.59412e-10
3.23366e-06
-9.24931e-13
1.76585e-10
2.60124e-06
-7.18471e-13
1.84119e-10
3.08163e-06
1.83757e-10
3.3333e-06
-3.82462e-13
1.92013e-10
2.67972e-06
-8.02535e-14
2.00659e-10
3.12018e-06
1.97843e-10
3.35024e-06
3.23999e-14
1.94587e-10
2.68505e-06
5.54286e-13
2.04686e-10
3.08772e-06
2e-10
3.29657e-06
5.39462e-13
1.81965e-10
2.62634e-06
1.25976e-12
1.93588e-10
2.99295e-06
1.88367e-10
3.18153e-06
1.09707e-12
1.53348e-10
2.51038e-06
2.02871e-12
1.65239e-10
2.84181e-06
1.60881e-10
3.01104e-06
1.68829e-12
1.09619e-10
2.34019e-06
2.85038e-12
1.19419e-10
2.63557e-06
1.16688e-10
2.78605e-06
2.11241e-12
5.5561e-11
2.10964e-06
3.50169e-12
6.10618e-11
2.36581e-06
5.99504e-11
2.49724e-06
2.30163e-12
1.70886e-06
3.8202e-12
1.9163e-06
2.02423e-06
-3.608e-12
1.06693e-10
2.17688e-06
-2.31218e-12
1.1124e-10
2.74169e-06
1.13875e-10
3.03602e-06
-1.26048e-12
1.33882e-10
2.43824e-06
-7.42934e-13
1.40436e-10
2.96038e-06
1.42342e-10
3.23363e-06
-3.36851e-13
1.56459e-10
2.60122e-06
8.94413e-14
1.636e-10
3.0816e-06
1.63844e-10
3.33328e-06
2.27821e-13
1.71416e-10
2.6797e-06
7.43417e-13
1.79026e-10
3.12017e-06
1.76798e-10
3.35022e-06
6.70082e-13
1.7579e-10
2.68505e-06
1.37048e-12
1.84363e-10
3.08771e-06
1.79984e-10
3.29656e-06
1.16621e-12
1.67049e-10
2.62634e-06
2.02384e-12
1.76878e-10
2.99296e-06
1.71545e-10
3.18154e-06
1.67089e-12
1.43554e-10
2.5104e-06
2.70062e-12
1.537e-10
2.84183e-06
1.48821e-10
3.01107e-06
2.19231e-12
1.04963e-10
2.34023e-06
3.41746e-12
1.13417e-10
2.63561e-06
1.09934e-10
2.78609e-06
2.57609e-12
5.48039e-11
2.10969e-06
3.99988e-12
5.95772e-11
2.36587e-06
5.7792e-11
2.4973e-06
2.77103e-12
1.70891e-06
4.31266e-12
1.91636e-06
2.0243e-06
-2.7949e-12
6.33124e-11
-1.69437e-12
6.83229e-11
6.77486e-11
-1.66157e-12
7.89164e-11
-7.66518e-13
8.43681e-11
8.3724e-11
-9.23821e-13
9.15949e-11
-2.21923e-13
9.66794e-11
9.5126e-11
-2.52081e-13
9.98163e-11
3.91369e-13
1.04553e-10
1.01478e-10
3.96453e-13
1.02195e-10
1.04369e-12
1.06977e-10
1.02485e-10
1.05516e-12
9.7455e-11
1.73902e-12
1.02606e-10
9.74373e-11
1.64335e-12
8.45579e-11
2.44604e-12
8.97743e-11
8.49536e-11
2.16691e-12
6.30059e-11
3.12122e-12
6.74091e-11
6.38099e-11
2.47943e-12
3.4117e-11
3.61312e-12
3.6678e-11
3.47985e-11
2.57919e-12
3.7893e-12
)
;

boundaryField
{
    inlet
    {
        type            calculated;
        value           nonuniform List<scalar> 
69
(
-3.08642e-06
-3.08642e-06
-3.08642e-06
-3.08642e-06
-3.08642e-06
-3.08642e-06
-3.08642e-06
-3.08642e-06
-3.08642e-06
-2.72508e-06
-2.94119e-06
-3.08159e-06
-3.16042e-06
-3.18954e-06
-3.17891e-06
-3.13683e-06
-3.07023e-06
-2.98489e-06
-2.88557e-06
-2.46485e-06
-2.69415e-06
-2.84764e-06
-2.93934e-06
-2.98101e-06
-2.98254e-06
-2.9522e-06
-2.89687e-06
-2.82231e-06
-2.73326e-06
-1.96452e-06
-2.22345e-06
-2.40544e-06
-2.52443e-06
-2.59216e-06
-2.61848e-06
-2.61167e-06
-2.57863e-06
-2.52511e-06
-2.45592e-06
-1.96452e-06
-2.22345e-06
-2.40544e-06
-2.52443e-06
-2.59216e-06
-2.61848e-06
-2.61167e-06
-2.57863e-06
-2.52511e-06
-2.45592e-06
-2.46485e-06
-2.69415e-06
-2.84764e-06
-2.93934e-06
-2.98101e-06
-2.98254e-06
-2.9522e-06
-2.89687e-06
-2.82231e-06
-2.73326e-06
-2.72508e-06
-2.94119e-06
-3.08159e-06
-3.16042e-06
-3.18954e-06
-3.17891e-06
-3.13683e-06
-3.07023e-06
-2.98489e-06
-2.88557e-06
)
;
    }
    outlet
    {
        type            calculated;
        value           nonuniform List<scalar> 
69
(
3.51622e-06
3.50519e-06
3.47939e-06
3.50521e-06
3.49523e-06
3.47144e-06
3.47944e-06
3.47147e-06
3.452e-06
3.03591e-06
3.23348e-06
3.3331e-06
3.35002e-06
3.29635e-06
3.18134e-06
3.01089e-06
2.78594e-06
2.49718e-06
2.02421e-06
2.74161e-06
2.96027e-06
3.08146e-06
3.12001e-06
3.08755e-06
2.99281e-06
2.8417e-06
2.63551e-06
2.36579e-06
1.91631e-06
2.17685e-06
2.4382e-06
2.60116e-06
2.67964e-06
2.68498e-06
2.62629e-06
2.51036e-06
2.3402e-06
2.10968e-06
1.70891e-06
2.17686e-06
2.43823e-06
2.6012e-06
2.6797e-06
2.68504e-06
2.62635e-06
2.51041e-06
2.34025e-06
2.10972e-06
1.70894e-06
2.74167e-06
2.96036e-06
3.08159e-06
3.12016e-06
3.08771e-06
2.99296e-06
2.84184e-06
2.63563e-06
2.36589e-06
1.91639e-06
3.036e-06
3.23362e-06
3.33327e-06
3.35022e-06
3.29656e-06
3.18155e-06
3.01109e-06
2.78611e-06
2.49733e-06
2.02433e-06
)
;
    }
    pipe
    {
        type            calculated;
        value           uniform 0;
    }
    symY
    {
        type            symmetryPlane;
        value           uniform 0;
    }
    symX
    {
        type            symmetryPlane;
        value           uniform 0;
    }
}


// ************************************************************************* //
