/*--------------------------------*- C++ -*----------------------------------*\
| =========                 |                                                 |
| \\      /  F ield         | OpenFOAM: The Open Source CFD Toolbox           |
|  \\    /   O peration     | Version:  2412                                  |
|   \\  /    A nd           | Website:  www.openfoam.com                      |
|    \\/     M anipulation  |                                                 |
\*---------------------------------------------------------------------------*/
FoamFile
{
    version     2.0;
    format      ascii;
    arch        "LSB;label=32;scalar=64";
    class       volScalarField;
    location    "500";
    object      k;
}
// * * * * * * * * * * * * * * * * * * * * * * * * * * * * * * * * * * * * * //

dimensions      [0 2 -2 0 0 0 0];

internalField   nonuniform List<scalar> 
22770
(
0.0150033
0.0150037
0.0150047
0.0150037
0.0150042
0.0150054
0.0150047
0.0150054
0.0150068
0.0150173
0.015018
0.0150196
0.015018
0.0150188
0.0150205
0.0150196
0.0150205
0.0150225
0.015044
0.0150448
0.0150465
0.0150448
0.0150456
0.0150474
0.0150465
0.0150474
0.0150494
0.0150815
0.0150823
0.0150838
0.0150823
0.0150831
0.0150845
0.0150838
0.0150845
0.0150857
0.0151283
0.0151288
0.0151294
0.0151288
0.0151292
0.0151294
0.0151294
0.0151294
0.0151292
0.0151816
0.0151815
0.0151803
0.0151815
0.0151811
0.0151794
0.0151803
0.0151794
0.0151768
0.0152389
0.0152378
0.0152341
0.0152378
0.0152363
0.0152317
0.0152341
0.0152317
0.0152259
0.0152978
0.0152953
0.0152883
0.0152953
0.0152922
0.0152841
0.0152883
0.0152841
0.0152745
0.0153562
0.0153519
0.0153409
0.0153519
0.015347
0.0153347
0.0153409
0.0153347
0.015321
0.0154126
0.0154062
0.0153908
0.0154062
0.0153992
0.0153825
0.0153908
0.0153825
0.0153643
0.0154656
0.015457
0.015437
0.015457
0.0154478
0.0154264
0.015437
0.0154264
0.0154038
0.0155146
0.0155037
0.015479
0.0155037
0.0154922
0.0154662
0.015479
0.0154662
0.0154391
0.0155591
0.0155459
0.0155166
0.0155459
0.0155321
0.0155016
0.0155166
0.0155016
0.0154701
0.0155987
0.0155833
0.0155495
0.0155833
0.0155673
0.0155324
0.0155495
0.0155324
0.0154968
0.0156335
0.0156159
0.0155779
0.0156159
0.0155979
0.0155589
0.0155779
0.0155589
0.0155194
0.0156634
0.0156439
0.0156019
0.0156439
0.0156239
0.015581
0.0156019
0.015581
0.0155379
0.0156886
0.0156673
0.0156217
0.0156673
0.0156456
0.0155992
0.0156217
0.0155992
0.0155526
0.0157096
0.0156866
0.0156377
0.0156866
0.0156633
0.0156136
0.0156377
0.0156136
0.0155638
0.0157265
0.0157021
0.0156502
0.0157021
0.0156773
0.0156246
0.0156502
0.0156246
0.0155719
0.01574
0.0157142
0.0156595
0.0157142
0.015688
0.0156325
0.0156595
0.0156325
0.0155771
0.0157504
0.0157233
0.0156661
0.0157233
0.0156959
0.0156378
0.0156661
0.0156378
0.0155798
0.0157582
0.01573
0.0156703
0.01573
0.0157014
0.0156409
0.0156703
0.0156409
0.0155803
0.0157637
0.0157344
0.0156726
0.0157344
0.0157048
0.0156419
0.0156726
0.0156419
0.015579
0.0157674
0.0157371
0.0156731
0.0157371
0.0157064
0.0156413
0.0156731
0.0156413
0.0155761
0.0157694
0.0157382
0.015672
0.0157382
0.0157065
0.0156392
0.015672
0.0156392
0.0155717
0.0157701
0.0157379
0.0156697
0.0157379
0.0157052
0.0156359
0.0156697
0.0156359
0.0155661
0.0157695
0.0157365
0.0156663
0.0157365
0.0157029
0.0156314
0.0156663
0.0156314
0.0155594
0.015768
0.015734
0.0156618
0.015734
0.0156994
0.0156259
0.0156618
0.0156259
0.0155517
0.0157654
0.0157305
0.0156563
0.0157305
0.0156951
0.0156194
0.0156563
0.0156194
0.0155432
0.015762
0.0157262
0.01565
0.0157262
0.0156898
0.0156121
0.01565
0.0156121
0.0155338
0.0157577
0.0157211
0.0156429
0.0157211
0.0156838
0.015604
0.0156429
0.015604
0.0155236
0.0157527
0.0157152
0.015635
0.0157152
0.015677
0.0155951
0.015635
0.0155951
0.0155127
0.015747
0.0157086
0.0156263
0.0157086
0.0156695
0.0155855
0.0156263
0.0155855
0.0155012
0.0157407
0.0157013
0.015617
0.0157013
0.0156613
0.0155753
0.015617
0.0155753
0.0154892
0.0157338
0.0156935
0.0156071
0.0156935
0.0156525
0.0155645
0.0156071
0.0155645
0.0154766
0.0157265
0.0156851
0.0155966
0.0156851
0.0156432
0.0155531
0.0155966
0.0155531
0.0154635
0.0157187
0.0156763
0.0155857
0.0156763
0.0156334
0.0155413
0.0155857
0.0155413
0.01545
0.0157108
0.0156673
0.0155744
0.0156673
0.0156233
0.0155291
0.0155744
0.0155291
0.0154363
0.0157027
0.015658
0.0155628
0.015658
0.0156129
0.0155166
0.0155628
0.0155166
0.0154222
0.0156947
0.0156487
0.015551
0.0156487
0.0156024
0.0155039
0.015551
0.0155039
0.0154081
0.015687
0.0156396
0.0155393
0.0156396
0.015592
0.0154912
0.0155393
0.0154912
0.0153939
0.0156799
0.0156311
0.0155278
0.0156311
0.0155821
0.0154787
0.0155278
0.0154787
0.0153798
0.0156737
0.0156234
0.015517
0.0156234
0.0155728
0.0154666
0.015517
0.0154666
0.0153661
0.0156691
0.0156173
0.0155071
0.0156173
0.0155649
0.0154553
0.0155071
0.0154553
0.015353
0.0156666
0.0156134
0.0154989
0.0156134
0.0155589
0.0154455
0.0154989
0.0154455
0.015341
0.0156672
0.0156126
0.0154932
0.0156126
0.0155559
0.0154377
0.0154932
0.0154377
0.0153305
0.0156718
0.0156164
0.0154911
0.0156164
0.0155571
0.015433
0.0154911
0.015433
0.0153222
0.0156818
0.0156263
0.015494
0.0156263
0.0155642
0.0154327
0.015494
0.0154327
0.0153172
0.015699
0.0156444
0.0155039
0.0156444
0.0155793
0.0154385
0.0155039
0.0154385
0.0153167
0.0157253
0.0156732
0.0155231
0.0156732
0.0156049
0.0154527
0.0155231
0.0154527
0.0153225
0.015763
0.0157157
0.0155545
0.0157157
0.0156444
0.015478
0.0155545
0.015478
0.0153367
0.0158149
0.0157752
0.0156016
0.0157752
0.0157013
0.0155177
0.0156016
0.0155177
0.0153617
0.0158836
0.0158555
0.0156684
0.0158554
0.0157799
0.0155757
0.0156684
0.0155757
0.0154007
0.0159723
0.0159603
0.0157592
0.0159603
0.0158845
0.0156564
0.0157592
0.0156564
0.0154576
0.0160837
0.0160937
0.0158787
0.0160937
0.01602
0.0157648
0.0158787
0.0157648
0.0155367
0.0162207
0.0162592
0.0160318
0.0162592
0.0161907
0.015906
0.0160318
0.015906
0.0156432
0.0163854
0.0164598
0.0162229
0.0164598
0.0164008
0.0160852
0.0162229
0.0160852
0.0157823
0.0165794
0.0166975
0.016456
0.0166975
0.0166533
0.0163073
0.016456
0.0163073
0.0159598
0.0168034
0.0169731
0.0167341
0.0169731
0.0169502
0.0165764
0.0167341
0.0165764
0.0161811
0.0170569
0.017286
0.0170587
0.017286
0.0172916
0.0168956
0.0170587
0.0168956
0.0164513
0.0173385
0.0176338
0.0174297
0.0176338
0.0176758
0.0172662
0.0174297
0.0172662
0.0167748
0.0176455
0.0180126
0.0178451
0.0180126
0.0180991
0.0176878
0.0178451
0.0176878
0.0171546
0.017974
0.0184166
0.0183006
0.0184167
0.0185554
0.0181575
0.0183006
0.0181575
0.0175923
0.0183194
0.0188392
0.0187902
0.0188392
0.0190372
0.0186705
0.0187902
0.0186705
0.0180875
0.0186763
0.0192724
0.019306
0.0192725
0.0195354
0.0192197
0.019306
0.0192197
0.018638
0.0190389
0.0197081
0.0198387
0.0197082
0.0200399
0.0197959
0.0198388
0.0197959
0.0192393
0.0194014
0.0201381
0.0203784
0.0201382
0.0205406
0.0203886
0.0203786
0.0203886
0.0198856
0.0197583
0.0205546
0.0209148
0.0205548
0.0210276
0.0209871
0.020915
0.0209871
0.0205751
0.0201045
0.0209512
0.0214384
0.0209514
0.0214922
0.0215807
0.0214387
0.0215807
0.0212974
0.0204359
0.0213226
0.0219405
0.0213228
0.0219271
0.0221591
0.0219409
0.0221593
0.0220322
0.0207494
0.0216652
0.0224147
0.0216654
0.0223272
0.022714
0.0224152
0.0227142
0.0227781
0.021043
0.021977
0.0228561
0.0219773
0.0226896
0.0232416
0.0228567
0.0232419
0.0235325
0.0213156
0.0222577
0.0232619
0.0222581
0.023013
0.023733
0.0232626
0.0237334
0.0242907
0.0215672
0.0225086
0.0236311
0.022509
0.0232983
0.0241879
0.0236319
0.0241884
0.0250503
0.0217986
0.0227319
0.023965
0.0227323
0.0235485
0.0246082
0.023966
0.0246087
0.0258115
0.0220113
0.0229307
0.0242666
0.0229312
0.0237677
0.0249965
0.0242678
0.0249971
0.0265772
0.022207
0.023109
0.0245401
0.0231095
0.0239608
0.0253572
0.0245414
0.025358
0.0273526
0.0223878
0.0232704
0.0247906
0.023271
0.0241332
0.0256963
0.0247921
0.0256972
0.0281458
0.0225558
0.0234188
0.0250236
0.0234194
0.0242904
0.0260204
0.0250253
0.0260215
0.028967
0.0227128
0.0235576
0.0252451
0.0235582
0.0244374
0.0263372
0.025247
0.0263384
0.0298291
0.0228605
0.0236898
0.025461
0.0236905
0.0245789
0.0266544
0.0254631
0.0266559
0.0307474
0.0230006
0.0238179
0.0256769
0.0238186
0.0247189
0.0269803
0.0256792
0.026982
0.0317393
0.0231343
0.0239439
0.0258984
0.0239447
0.024861
0.0273233
0.0259009
0.0273251
0.0328248
0.0232629
0.0240698
0.0261309
0.0240706
0.025008
0.0276921
0.0261337
0.0276942
0.0340259
0.0233873
0.0241969
0.0263799
0.0241978
0.0251629
0.028096
0.0263829
0.0280984
0.0353661
0.0235086
0.0243269
0.026651
0.0243278
0.025328
0.0285445
0.0266544
0.0285472
0.0368714
0.0236278
0.0244611
0.0269501
0.024462
0.0255061
0.0290476
0.0269537
0.0290507
0.0385621
0.0237458
0.0246009
0.0272832
0.024602
0.0256996
0.0296159
0.0272873
0.0296193
0.0404571
0.0238636
0.024748
0.0276572
0.0247491
0.0259114
0.0302604
0.0276617
0.0302643
0.042574
0.0239821
0.024904
0.0280791
0.0249052
0.0261444
0.0309927
0.0280841
0.0309972
0.0449279
0.0241023
0.0250706
0.0285566
0.0250719
0.0264018
0.031825
0.0285622
0.03183
0.047531
0.0242252
0.0252496
0.029098
0.025251
0.026687
0.0327696
0.0291043
0.0327753
0.0503917
0.0243518
0.025443
0.029712
0.0254445
0.0270035
0.0338394
0.0297191
0.033846
0.0535143
0.024483
0.0256528
0.0304078
0.0256545
0.0273554
0.0350475
0.0304158
0.035055
0.0568985
0.02462
0.0258812
0.0311951
0.0258831
0.0277468
0.0364064
0.0312041
0.036415
0.0605391
0.0247636
0.0261304
0.0320837
0.0261325
0.0281821
0.0379284
0.032094
0.0379382
0.0644263
0.0249149
0.0264028
0.0330839
0.0264051
0.0286659
0.0396249
0.0330956
0.0396361
0.0685453
0.0250751
0.0267009
0.0342059
0.0267036
0.0292033
0.0415073
0.0342192
0.0415199
0.0728773
0.0252452
0.0270275
0.0354598
0.0270304
0.0297996
0.0435844
0.0354749
0.0435987
0.0773998
0.0254264
0.0273852
0.0368554
0.0273885
0.0304603
0.0458625
0.0368725
0.0458786
0.0820871
0.0256199
0.0277772
0.0384018
0.027781
0.031191
0.0483453
0.0384211
0.0483634
0.0869112
0.0258269
0.0282067
0.0401087
0.0282109
0.0319978
0.0510337
0.0401304
0.0510539
0.0918429
0.0260487
0.0286771
0.0419843
0.0286817
0.0328864
0.0539254
0.0420087
0.0539478
0.0968523
0.0262867
0.0291919
0.0440341
0.0291971
0.0338627
0.0570148
0.0440613
0.0570395
0.10191
0.0265423
0.0297548
0.0462615
0.0297606
0.0349326
0.0602931
0.0462917
0.0603202
0.106986
0.0268172
0.0303696
0.0486678
0.0303761
0.036103
0.0637478
0.0487013
0.0637773
0.112055
0.0271128
0.0310403
0.0512522
0.0310475
0.0373789
0.0673639
0.0512891
0.0673959
0.117091
0.0274311
0.0317711
0.0540108
0.0317791
0.0387649
0.0711244
0.0540512
0.0711588
0.122071
0.0277737
0.0325664
0.0569372
0.0325753
0.0402647
0.0750101
0.0569813
0.075047
0.126976
0.0281426
0.0334302
0.0600231
0.0334399
0.0418811
0.0790004
0.0600708
0.0790397
0.131788
0.02854
0.0343662
0.0632577
0.0343769
0.0436158
0.083074
0.0633091
0.0831156
0.136493
0.028968
0.035378
0.0666281
0.0353898
0.0454694
0.0872091
0.0666831
0.0872529
0.14108
0.0294288
0.0364691
0.0701196
0.036482
0.0474414
0.0913841
0.0701782
0.09143
0.145538
0.0299249
0.0376424
0.0737161
0.0376565
0.0495298
0.0955781
0.0737783
0.0956259
0.149862
0.0304587
0.0389006
0.0774003
0.0389159
0.0517312
0.0997713
0.077466
0.0998209
0.154046
0.0310325
0.0402457
0.0811543
0.0402623
0.0540411
0.103945
0.0812232
0.103996
0.158088
0.0316491
0.0416793
0.0849598
0.0416972
0.0564536
0.108083
0.0850318
0.108136
0.161986
0.032311
0.0432021
0.0887985
0.0432214
0.0589617
0.112169
0.0888736
0.112224
0.165739
0.0330208
0.0448144
0.0926527
0.0448351
0.0615574
0.116191
0.0927305
0.116247
0.169349
0.0337812
0.0465154
0.0965053
0.0465375
0.0642319
0.120138
0.0965857
0.120194
0.172818
0.0345948
0.0483037
0.10034
0.0483273
0.0669758
0.123998
0.100423
0.124056
0.176148
0.0354642
0.0501772
0.104143
0.0502021
0.0697791
0.127766
0.104228
0.127825
0.179341
0.0363917
0.0521327
0.107899
0.0521591
0.0726315
0.131435
0.107986
0.131494
0.182402
0.0373796
0.0541665
0.111598
0.0541943
0.0755229
0.135
0.111687
0.13506
0.185334
0.0384301
0.0562742
0.115228
0.0563034
0.078443
0.138457
0.115318
0.138518
0.188141
0.0395451
0.0584505
0.118781
0.0584811
0.0813818
0.141805
0.118873
0.141866
0.190828
0.040726
0.0606899
0.12225
0.0607217
0.0843297
0.145043
0.122342
0.145104
0.193397
0.0419743
0.0629861
0.125627
0.0630193
0.0872778
0.14817
0.125721
0.148232
0.195855
0.0432907
0.0653328
0.12891
0.0653671
0.0902173
0.151186
0.129005
0.151249
0.198204
0.0446759
0.067723
0.132095
0.0677584
0.0931406
0.154094
0.132191
0.154156
0.200449
0.0461298
0.0701499
0.135179
0.0701863
0.0960404
0.156894
0.135275
0.156957
0.202594
0.0476523
0.0726064
0.138162
0.0726439
0.0989101
0.159589
0.138259
0.159652
0.204643
0.0492423
0.0750858
0.141043
0.0751241
0.101744
0.162181
0.14114
0.162243
0.2066
0.0508987
0.077581
0.143822
0.0776202
0.104537
0.164672
0.14392
0.164735
0.20847
0.0526197
0.0800857
0.146502
0.0801256
0.107285
0.167066
0.1466
0.167129
0.210255
0.0544029
0.0825935
0.149084
0.082634
0.109984
0.169366
0.149182
0.169428
0.211959
0.0562458
0.0850984
0.151569
0.0851395
0.112631
0.171573
0.151667
0.171636
0.213586
0.0581452
0.087595
0.153961
0.0876365
0.115223
0.173693
0.154058
0.173755
0.21514
0.0600976
0.090078
0.156261
0.09012
0.117758
0.175727
0.156359
0.17579
0.216622
0.0620992
0.0925428
0.158473
0.0925851
0.120235
0.177679
0.158571
0.177742
0.218037
0.0641457
0.0949852
0.160601
0.0950277
0.122653
0.179552
0.160698
0.179614
0.219388
0.0662328
0.0974013
0.162646
0.0974441
0.12501
0.181349
0.162743
0.181411
0.220676
0.0683558
0.0997879
0.164612
0.0998307
0.127307
0.183073
0.164709
0.183135
0.221906
0.0705099
0.102142
0.166501
0.102185
0.129543
0.184727
0.166599
0.184788
0.223079
0.0726901
0.104461
0.168318
0.104504
0.131718
0.186313
0.168415
0.186374
0.224198
0.0748917
0.106743
0.170065
0.106786
0.133834
0.187835
0.170162
0.187896
0.225266
0.0771095
0.108986
0.171745
0.109028
0.13589
0.189295
0.171841
0.189356
0.226285
0.0793387
0.111188
0.17336
0.111231
0.137886
0.190695
0.173456
0.190756
0.227256
0.0815745
0.113349
0.174914
0.113391
0.139825
0.192039
0.17501
0.192099
0.228182
0.0838121
0.115467
0.176408
0.115509
0.141708
0.193328
0.176504
0.193388
0.229066
0.0860471
0.117542
0.177846
0.117584
0.143534
0.194564
0.177942
0.194624
0.229908
0.0882751
0.119573
0.17923
0.119615
0.145306
0.195751
0.179325
0.19581
0.230711
0.0904919
0.121559
0.180562
0.121601
0.147024
0.196889
0.180656
0.196949
0.231476
0.0926938
0.123502
0.181844
0.123543
0.148691
0.197982
0.181938
0.198041
0.232205
0.0948771
0.1254
0.183078
0.125441
0.150307
0.19903
0.183172
0.199089
0.2329
0.0970383
0.127254
0.184267
0.127295
0.151873
0.200037
0.18436
0.200095
0.233561
0.0991745
0.129063
0.185412
0.129104
0.153391
0.201002
0.185505
0.201061
0.234192
0.101283
0.130829
0.186514
0.130869
0.154862
0.201929
0.186607
0.201988
0.234792
0.103361
0.132551
0.187577
0.132591
0.156288
0.202819
0.187669
0.202877
0.235363
0.105406
0.13423
0.1886
0.134269
0.157669
0.203673
0.188692
0.203731
0.235907
0.107416
0.135865
0.189586
0.135905
0.159008
0.204493
0.189678
0.204551
0.236424
0.10939
0.137459
0.190537
0.137498
0.160304
0.20528
0.190628
0.205337
0.236916
0.111325
0.13901
0.191453
0.139049
0.16156
0.206035
0.191543
0.206092
0.237383
0.113222
0.14052
0.192335
0.140558
0.162776
0.20676
0.192426
0.206817
0.237827
0.115078
0.141989
0.193186
0.142027
0.163954
0.207456
0.193276
0.207513
0.238249
0.116892
0.143418
0.194006
0.143456
0.165094
0.208124
0.194095
0.208181
0.23865
0.118665
0.144807
0.194796
0.144844
0.166198
0.208765
0.194885
0.208821
0.23903
0.120395
0.146156
0.195557
0.146194
0.167267
0.20938
0.195646
0.209436
0.23939
0.122082
0.147468
0.19629
0.147504
0.168302
0.20997
0.196379
0.210026
0.239732
0.123727
0.148741
0.196997
0.148777
0.169303
0.210536
0.197085
0.210592
0.240055
0.125328
0.149977
0.197678
0.150013
0.170271
0.211079
0.197765
0.211134
0.240361
0.126886
0.151176
0.198333
0.151212
0.171208
0.211599
0.198421
0.211654
0.24065
0.128401
0.152339
0.198964
0.152375
0.172113
0.212098
0.199051
0.212153
0.240923
0.129874
0.153467
0.199572
0.153503
0.172989
0.212576
0.199659
0.212631
0.24118
0.131304
0.154561
0.200157
0.154596
0.173836
0.213034
0.200243
0.213088
0.241423
0.132692
0.15562
0.20072
0.155655
0.174654
0.213472
0.200805
0.213526
0.241651
0.13404
0.156646
0.201261
0.156681
0.175444
0.213891
0.201346
0.213946
0.241866
0.135346
0.157639
0.201781
0.157674
0.176207
0.214293
0.201866
0.214347
0.242067
0.136612
0.1586
0.202281
0.158635
0.176944
0.214676
0.202366
0.21473
0.242255
0.137839
0.15953
0.202761
0.159565
0.177655
0.215043
0.202846
0.215097
0.242431
0.139027
0.16043
0.203222
0.160464
0.178341
0.215393
0.203306
0.215447
0.242595
0.140177
0.161299
0.203664
0.161333
0.179002
0.215727
0.203749
0.21578
0.242747
0.14129
0.162139
0.204089
0.162173
0.17964
0.216045
0.204173
0.216099
0.242889
0.142366
0.162951
0.204495
0.162984
0.180254
0.216349
0.204579
0.216402
0.243019
0.143406
0.163734
0.204885
0.163767
0.180846
0.216637
0.204968
0.21669
0.24314
0.144411
0.16449
0.205258
0.164523
0.181416
0.216912
0.205341
0.216965
0.24325
0.145383
0.16522
0.205615
0.165252
0.181964
0.217172
0.205697
0.217225
0.24335
0.14632
0.165923
0.205955
0.165956
0.182492
0.21742
0.206038
0.217472
0.243441
0.147226
0.166601
0.206281
0.166633
0.182998
0.217654
0.206363
0.217707
0.243523
0.148099
0.167254
0.206591
0.167286
0.183486
0.217876
0.206673
0.217928
0.243596
0.148941
0.167883
0.206887
0.167915
0.183953
0.218085
0.206969
0.218137
0.243661
0.149754
0.168489
0.207169
0.168521
0.184402
0.218282
0.20725
0.218334
0.243717
0.150536
0.169071
0.207437
0.169103
0.184832
0.218468
0.207518
0.21852
0.243766
0.151291
0.169632
0.207691
0.169663
0.185245
0.218642
0.207772
0.218694
0.243806
0.152017
0.17017
0.207932
0.170201
0.18564
0.218806
0.208013
0.218857
0.243839
0.152716
0.170687
0.20816
0.170718
0.186018
0.218958
0.208241
0.21901
0.243865
0.153389
0.171184
0.208376
0.171215
0.186379
0.2191
0.208457
0.219152
0.243883
0.154036
0.17166
0.20858
0.171691
0.186725
0.219232
0.20866
0.219284
0.243895
0.154658
0.172117
0.208772
0.172148
0.187054
0.219355
0.208852
0.219406
0.2439
0.155256
0.172555
0.208953
0.172585
0.187369
0.219467
0.209033
0.219518
0.243898
0.155831
0.172974
0.209122
0.173004
0.187668
0.219571
0.209202
0.219622
0.243891
0.156382
0.173375
0.209281
0.173405
0.187953
0.219665
0.20936
0.219716
0.243877
0.156911
0.173759
0.209429
0.173789
0.188224
0.21975
0.209508
0.219801
0.243857
0.157419
0.174125
0.209566
0.174155
0.188481
0.219827
0.209645
0.219878
0.243831
0.157906
0.174475
0.209694
0.174505
0.188725
0.219895
0.209772
0.219946
0.2438
0.158372
0.174809
0.209811
0.174839
0.188956
0.219956
0.20989
0.220006
0.243763
0.158818
0.175127
0.209919
0.175157
0.189174
0.220008
0.209998
0.220058
0.243721
0.159246
0.17543
0.210018
0.17546
0.18938
0.220053
0.210096
0.220103
0.243674
0.159654
0.175718
0.210108
0.175748
0.189573
0.22009
0.210186
0.22014
0.243621
0.160045
0.175992
0.210189
0.176021
0.189756
0.22012
0.210267
0.22017
0.243564
0.160418
0.176251
0.210262
0.176281
0.189927
0.220142
0.210339
0.220192
0.243502
0.160774
0.176497
0.210326
0.176527
0.190087
0.220158
0.210403
0.220208
0.243436
0.161113
0.17673
0.210382
0.17676
0.190236
0.220167
0.210459
0.220217
0.243365
0.161437
0.17695
0.21043
0.176979
0.190375
0.22017
0.210507
0.220219
0.243289
0.161744
0.177158
0.210471
0.177187
0.190503
0.220166
0.210548
0.220215
0.24321
0.162037
0.177353
0.210504
0.177382
0.190622
0.220156
0.210581
0.220205
0.243126
0.162315
0.177537
0.21053
0.177566
0.190732
0.22014
0.210607
0.220189
0.243038
0.162579
0.177709
0.210549
0.177738
0.190832
0.220118
0.210626
0.220167
0.242947
0.162828
0.17787
0.210561
0.177899
0.190923
0.22009
0.210638
0.220139
0.242851
0.163065
0.17802
0.210567
0.178049
0.191005
0.220057
0.210643
0.220106
0.242752
0.163288
0.17816
0.210566
0.178189
0.191079
0.220018
0.210642
0.220068
0.24265
0.163499
0.17829
0.210559
0.178318
0.191144
0.219975
0.210635
0.220024
0.242543
0.163698
0.17841
0.210545
0.178438
0.191202
0.219926
0.210621
0.219975
0.242434
0.163885
0.17852
0.210526
0.178548
0.191251
0.219872
0.210602
0.219921
0.242321
0.16406
0.178621
0.210501
0.178649
0.191293
0.219814
0.210577
0.219863
0.242205
0.164224
0.178713
0.210471
0.178741
0.191328
0.219751
0.210546
0.219799
0.242087
0.164378
0.178796
0.210435
0.178824
0.191355
0.219683
0.21051
0.219732
0.241965
0.164521
0.178871
0.210393
0.178899
0.191376
0.219611
0.210469
0.21966
0.24184
0.164653
0.178937
0.210347
0.178965
0.19139
0.219535
0.210422
0.219583
0.241712
0.164776
0.178996
0.210296
0.179023
0.191397
0.219454
0.210371
0.219503
0.241582
0.164889
0.179046
0.21024
0.179074
0.191398
0.21937
0.210315
0.219418
0.241449
0.164993
0.179089
0.210179
0.179117
0.191393
0.219282
0.210254
0.21933
0.241313
0.165088
0.179125
0.210114
0.179153
0.191381
0.21919
0.210188
0.219238
0.241176
0.165175
0.179154
0.210044
0.179182
0.191364
0.219094
0.210119
0.219142
0.241035
0.165252
0.179176
0.20997
0.179203
0.191342
0.218995
0.210045
0.219043
0.240893
0.165322
0.179191
0.209892
0.179219
0.191314
0.218892
0.209967
0.21894
0.240748
0.165384
0.1792
0.20981
0.179227
0.19128
0.218786
0.209885
0.218834
0.240601
0.165437
0.179202
0.209724
0.17923
0.191242
0.218677
0.209799
0.218725
0.240452
0.165484
0.179198
0.209635
0.179226
0.191198
0.218565
0.209709
0.218613
0.2403
0.165523
0.179189
0.209542
0.179216
0.19115
0.21845
0.209616
0.218497
0.240147
0.165555
0.179174
0.209445
0.179201
0.191097
0.218331
0.209519
0.218379
0.239992
0.165581
0.179153
0.209345
0.17918
0.191039
0.21821
0.209418
0.218258
0.239835
0.165599
0.179127
0.209241
0.179154
0.190977
0.218087
0.209315
0.218134
0.239677
0.165612
0.179095
0.209134
0.179123
0.190911
0.21796
0.209208
0.218008
0.239517
0.165618
0.179059
0.209025
0.179086
0.190841
0.217831
0.209098
0.217879
0.239355
0.165618
0.179018
0.208912
0.179045
0.190766
0.2177
0.208985
0.217747
0.239191
0.165612
0.178972
0.208796
0.178999
0.190688
0.217566
0.208869
0.217613
0.239026
0.165601
0.178921
0.208678
0.178948
0.190606
0.217429
0.208751
0.217477
0.23886
0.165584
0.178866
0.208556
0.178893
0.190521
0.217291
0.208629
0.217338
0.238692
0.165562
0.178806
0.208432
0.178833
0.190431
0.21715
0.208506
0.217198
0.238522
0.165535
0.178743
0.208306
0.17877
0.190339
0.217008
0.208379
0.217055
0.238352
0.165503
0.178675
0.208177
0.178702
0.190243
0.216863
0.20825
0.21691
0.23818
0.165466
0.178604
0.208046
0.178631
0.190144
0.216716
0.208119
0.216763
0.238007
0.165424
0.178528
0.207913
0.178555
0.190042
0.216568
0.207985
0.216615
0.237833
0.165378
0.178449
0.207777
0.178476
0.189937
0.216417
0.20785
0.216464
0.237657
0.165328
0.178367
0.207639
0.178394
0.189829
0.216265
0.207712
0.216312
0.237481
0.165273
0.178281
0.207499
0.178308
0.189718
0.216111
0.207572
0.216158
0.237304
0.165214
0.178192
0.207357
0.178218
0.189604
0.215956
0.20743
0.216003
0.237125
0.165151
0.178099
0.207213
0.178126
0.189488
0.215799
0.207286
0.215846
0.236946
0.165084
0.178004
0.207068
0.17803
0.18937
0.215641
0.20714
0.215687
0.236766
0.165014
0.177905
0.20692
0.177931
0.189249
0.215481
0.206993
0.215527
0.236584
0.16494
0.177803
0.206771
0.17783
0.189125
0.215319
0.206843
0.215366
0.236402
0.164862
0.177699
0.20662
0.177725
0.188999
0.215157
0.206692
0.215203
0.23622
0.164781
0.177592
0.206468
0.177618
0.188871
0.214993
0.20654
0.215039
0.236036
0.164697
0.177482
0.206314
0.177508
0.188741
0.214827
0.206386
0.214874
0.235852
0.16461
0.17737
0.206158
0.177396
0.188609
0.214661
0.206231
0.214708
0.235667
0.16452
0.177255
0.206002
0.177281
0.188475
0.214494
0.206074
0.21454
0.235482
0.164426
0.177138
0.205843
0.177164
0.188339
0.214325
0.205915
0.214372
0.235296
0.16433
0.177018
0.205684
0.177045
0.188201
0.214155
0.205756
0.214202
0.235109
0.164231
0.176897
0.205523
0.176923
0.188062
0.213985
0.205595
0.214031
0.234922
0.164129
0.176773
0.205361
0.176799
0.18792
0.213813
0.205433
0.21386
0.234734
0.164025
0.176647
0.205198
0.176673
0.187777
0.213641
0.20527
0.213687
0.234546
0.163918
0.176519
0.205034
0.176546
0.187633
0.213467
0.205105
0.213514
0.234357
0.163809
0.17639
0.204868
0.176416
0.187487
0.213293
0.20494
0.213339
0.234168
0.163698
0.176258
0.204702
0.176284
0.187339
0.213118
0.204773
0.213164
0.233978
0.163584
0.176125
0.204535
0.176151
0.18719
0.212942
0.204606
0.212988
0.233788
0.163468
0.175989
0.204366
0.176015
0.18704
0.212765
0.204438
0.212812
0.233598
0.16335
0.175853
0.204197
0.175879
0.186888
0.212588
0.204268
0.212634
0.233407
0.16323
0.175714
0.204027
0.17574
0.186735
0.21241
0.204098
0.212456
0.233216
0.163108
0.175574
0.203856
0.1756
0.186581
0.212232
0.203927
0.212278
0.233025
0.162984
0.175433
0.203685
0.175459
0.186425
0.212053
0.203756
0.212099
0.232833
0.162858
0.17529
0.203512
0.175316
0.186269
0.211873
0.203583
0.211919
0.232641
0.16273
0.175145
0.203339
0.175171
0.186111
0.211693
0.20341
0.211739
0.232449
0.162601
0.175
0.203165
0.175026
0.185953
0.211512
0.203236
0.211558
0.232257
0.16247
0.174853
0.202991
0.174879
0.185793
0.211331
0.203062
0.211377
0.232064
0.162338
0.174705
0.202816
0.174731
0.185633
0.211149
0.202887
0.211195
0.231872
0.162204
0.174555
0.20264
0.174581
0.185471
0.210967
0.202711
0.211013
0.231679
0.162068
0.174405
0.202464
0.174431
0.185309
0.210784
0.202535
0.21083
0.231486
0.161931
0.174253
0.202287
0.174279
0.185146
0.210601
0.202358
0.210647
0.231293
0.161793
0.174101
0.20211
0.174127
0.184982
0.210418
0.202181
0.210464
0.2311
0.161654
0.173947
0.201932
0.173973
0.184817
0.210235
0.202003
0.210281
0.230907
0.161513
0.173793
0.201754
0.173818
0.184652
0.210051
0.201825
0.210097
0.230713
0.161371
0.173637
0.201576
0.173663
0.184486
0.209867
0.201647
0.209913
0.23052
0.161227
0.173481
0.201397
0.173506
0.184319
0.209682
0.201468
0.209728
0.230327
0.161083
0.173323
0.201218
0.173349
0.184152
0.209498
0.201288
0.209544
0.230133
0.160938
0.173165
0.201038
0.173191
0.183984
0.209313
0.201109
0.209359
0.22994
0.160791
0.173006
0.200858
0.173032
0.183815
0.209128
0.200929
0.209174
0.229746
0.160644
0.172847
0.200678
0.172873
0.183646
0.208943
0.200749
0.208988
0.229553
0.160495
0.172687
0.200498
0.172712
0.183476
0.208757
0.200568
0.208803
0.22936
0.160346
0.172526
0.200317
0.172551
0.183306
0.208572
0.200387
0.208617
0.229166
0.160196
0.172364
0.200136
0.17239
0.183136
0.208386
0.200206
0.208432
0.228973
0.160044
0.172202
0.199955
0.172227
0.182965
0.2082
0.200025
0.208246
0.22878
0.159893
0.172039
0.199774
0.172065
0.182793
0.208014
0.199844
0.20806
0.228587
0.15974
0.171876
0.199592
0.171901
0.182621
0.207828
0.199662
0.207874
0.228394
0.159586
0.171712
0.19941
0.171737
0.182449
0.207642
0.199481
0.207688
0.228201
0.159432
0.171547
0.199229
0.171573
0.182277
0.207456
0.199299
0.207502
0.228008
0.159278
0.171383
0.199047
0.171408
0.182104
0.20727
0.199117
0.207316
0.227815
0.159122
0.171217
0.198865
0.171243
0.181931
0.207084
0.198935
0.20713
0.227622
0.158966
0.171052
0.198683
0.171077
0.181758
0.206898
0.198753
0.206944
0.22743
0.158809
0.170885
0.1985
0.170911
0.181584
0.206712
0.198571
0.206758
0.227237
0.158652
0.170719
0.198318
0.170744
0.18141
0.206526
0.198388
0.206572
0.227045
0.158494
0.170552
0.198136
0.170578
0.181236
0.20634
0.198206
0.206386
0.226853
0.158336
0.170385
0.197954
0.17041
0.181062
0.206154
0.198024
0.2062
0.226661
0.158178
0.170217
0.197772
0.170243
0.180888
0.205968
0.197842
0.206014
0.22647
0.158018
0.17005
0.197589
0.170075
0.180713
0.205782
0.197659
0.205828
0.226278
0.157859
0.169882
0.197407
0.169907
0.180539
0.205597
0.197477
0.205642
0.226087
0.157699
0.169713
0.197225
0.169739
0.180364
0.205411
0.197295
0.205457
0.225896
0.157539
0.169545
0.197043
0.16957
0.180189
0.205226
0.197113
0.205271
0.225705
0.157378
0.169376
0.196861
0.169402
0.180014
0.20504
0.19693
0.205086
0.225514
0.157217
0.169207
0.196679
0.169233
0.179839
0.204855
0.196748
0.2049
0.225324
0.157056
0.169038
0.196497
0.169064
0.179664
0.20467
0.196566
0.204715
0.225134
0.156894
0.168869
0.196315
0.168895
0.179489
0.204485
0.196385
0.20453
0.224944
0.156732
0.1687
0.196133
0.168725
0.179314
0.2043
0.196203
0.204345
0.224754
0.15657
0.168531
0.195951
0.168556
0.179139
0.204115
0.196021
0.204161
0.224565
0.156408
0.168361
0.19577
0.168386
0.178964
0.203931
0.19584
0.203976
0.224376
0.156245
0.168192
0.195589
0.168217
0.178789
0.203747
0.195658
0.203792
0.224187
0.156082
0.168022
0.195407
0.168047
0.178614
0.203563
0.195477
0.203608
0.223998
0.15592
0.167852
0.195226
0.167878
0.178439
0.203379
0.195296
0.203424
0.22381
0.155757
0.167683
0.195046
0.167708
0.178264
0.203195
0.195115
0.203241
0.223622
0.155597
0.167517
0.19487
0.167542
0.178093
0.203017
0.194939
0.203062
0.223439
0.015006
0.0150066
0.0150085
0.0150075
0.0150084
0.0150104
0.0150093
0.0150102
0.0150123
0.0150116
0.0150125
0.0150145
0.0150149
0.0150156
0.0150168
0.0150232
0.0150232
0.0150229
0.0150434
0.0150409
0.0150358
0.015145
0.0151409
0.0151358
0.0158017
0.015943
0.0163926
0.0571155
0.0644913
0.0839264
0.0150213
0.0150221
0.0150244
0.0150233
0.0150243
0.0150264
0.0150253
0.0150262
0.0150279
0.015028
0.0150286
0.0150294
0.0150321
0.0150318
0.0150311
0.0150455
0.0150437
0.0150399
0.0150764
0.0150713
0.0150608
0.0152407
0.0152442
0.0152597
0.0176613
0.0183018
0.0201832
0.138358
0.160079
0.213942
0.0150481
0.0150487
0.0150504
0.0150494
0.0150499
0.0150509
0.0150501
0.0150501
0.01505
0.0150509
0.0150501
0.0150484
0.0150522
0.01505
0.0150457
0.015064
0.0150596
0.0150509
0.0150963
0.0150886
0.0150722
0.0153637
0.0153857
0.0154507
0.0217884
0.0235135
0.0281787
0.254194
0.292184
0.379311
0.0150844
0.0150844
0.0150848
0.0150839
0.0150835
0.0150826
0.0150816
0.0150802
0.0150775
0.0150783
0.0150755
0.0150702
0.0150735
0.0150688
0.0150598
0.015078
0.0150704
0.015055
0.0151085
0.0150971
0.0150711
0.0155452
0.0156004
0.01575
0.0290373
0.0323578
0.0406312
0.387847
0.437885
0.543574
0.0151278
0.0151268
0.0151253
0.0151243
0.0151222
0.0151188
0.0151172
0.0151138
0.0151077
0.0151074
0.0151022
0.0150925
0.015094
0.0150864
0.0150717
0.0150869
0.0150753
0.015051
0.0151127
0.0150952
0.0150526
0.0158065
0.0159104
0.0161738
0.039462
0.0445473
0.056293
0.519378
0.574032
0.680371
0.0151755
0.015173
0.0151687
0.0151674
0.0151634
0.0151567
0.0151542
0.0151483
0.0151383
0.015136
0.0151279
0.0151134
0.0151122
0.0151012
0.0150799
0.0150899
0.0150732
0.0150377
0.0151057
0.0150789
0.0150108
0.0161599
0.0163248
0.0167266
0.052374
0.0590272
0.0734474
0.633679
0.685832
0.779285
0.0152248
0.0152204
0.0152127
0.0152111
0.0152047
0.0151943
0.0151904
0.0151818
0.0151676
0.0151627
0.0151514
0.0151317
0.0151269
0.015112
0.0150832
0.0150862
0.0150632
0.0150136
0.0150838
0.0150436
0.0149411
0.016609
0.0168465
0.0174209
0.066747
0.0745781
0.090777
0.723265
0.768055
0.841583
0.0152736
0.0152669
0.0152555
0.0152533
0.0152443
0.0152301
0.0152245
0.0152129
0.0151944
0.0151863
0.0151717
0.0151465
0.0151373
0.0151181
0.0150809
0.0150746
0.0150442
0.0149775
0.0150438
0.0149864
0.0148426
0.0171576
0.017485
0.0182896
0.0816526
0.0902868
0.107693
0.787069
0.822163
0.874047
0.0153202
0.0153112
0.0152957
0.0152928
0.0152811
0.0152631
0.0152554
0.0152409
0.015218
0.0152063
0.0151881
0.0151573
0.0151429
0.0151188
0.0150724
0.0150544
0.0150152
0.0149286
0.014984
0.0149066
0.0147186
0.0178184
0.0182635
0.0193878
0.0964981
0.105715
0.124273
0.827891
0.8529
0.884655
0.0153635
0.0153521
0.0153326
0.0153288
0.0153144
0.0152925
0.0152827
0.0152651
0.0152378
0.0152222
0.0152005
0.0151638
0.0151431
0.0151139
0.0150574
0.0150251
0.0149759
0.0148668
0.0149047
0.0148062
0.0145766
0.0186165
0.019221
0.0207943
0.111068
0.120861
0.141073
0.850139
0.865842
0.880467
0.015403
0.0153891
0.0153655
0.0153609
0.0153439
0.0153181
0.015306
0.0152855
0.0152538
0.015234
0.0152086
0.0151659
0.015138
0.0151032
0.0150359
0.0149862
0.0149259
0.0147925
0.0148082
0.0146899
0.0144281
0.0195899
0.0204116
0.0226173
0.125463
0.136048
0.158955
0.858381
0.866105
0.866976
0.0154383
0.015422
0.0153945
0.0153889
0.0153693
0.0153398
0.0153253
0.0153018
0.0152658
0.0152417
0.0152125
0.0151636
0.0151275
0.0150867
0.015008
0.0149379
0.0148656
0.0147066
0.0146994
0.014565
0.0142891
0.0207888
0.021907
0.0250069
0.140005
0.15181
0.178982
0.856635
0.857863
0.848152
0.0154693
0.0154507
0.0154193
0.0154128
0.0153907
0.0153576
0.0153406
0.0153142
0.0152739
0.0152452
0.0152123
0.015157
0.0151116
0.0150646
0.014974
0.0148805
0.0147957
0.0146108
0.0145846
0.0144413
0.0141801
0.0222777
0.0238011
0.0281734
0.155165
0.168818
0.202346
0.84814
0.844268
0.826788
0.015496
0.0154751
0.0154401
0.0154326
0.0154082
0.0153715
0.015352
0.0153228
0.0152782
0.0152448
0.015208
0.0151462
0.0150906
0.0150372
0.0149341
0.0148146
0.014717
0.0145073
0.0144727
0.0143317
0.0141284
0.0241394
0.0262181
0.0324117
0.1715
0.187822
0.230277
0.83536
0.827631
0.804829
0.0155184
0.0154955
0.0154569
0.0154486
0.0154219
0.0153818
0.0153597
0.0153277
0.0152789
0.0152406
0.0151998
0.0151314
0.0150647
0.0150046
0.014889
0.014741
0.0146309
0.0143991
0.0143744
0.0142519
0.0141712
0.0264809
0.0293236
0.0381274
0.189617
0.209608
0.263869
0.820114
0.80961
0.78367
0.0155369
0.015512
0.0154701
0.0154609
0.0154319
0.0153885
0.0153639
0.0153291
0.0152762
0.0152327
0.015188
0.0151129
0.0150341
0.0149672
0.0148393
0.0146611
0.0145392
0.01429
0.0143032
0.0142226
0.0143603
0.0294408
0.0333371
0.0458561
0.210134
0.234928
0.30379
0.803726
0.791402
0.764372
0.0155515
0.0155247
0.0154797
0.0154697
0.0154386
0.015392
0.0153647
0.0153272
0.0152701
0.0152213
0.0151726
0.0150909
0.0149992
0.0149256
0.0147857
0.0145761
0.014444
0.0141853
0.014276
0.0142702
0.0147702
0.0331986
0.0385424
0.0562577
0.233631
0.264375
0.349916
0.787167
0.773893
0.747782
0.0155626
0.0155341
0.015486
0.0154752
0.015442
0.0153924
0.0153625
0.0153223
0.0152611
0.0152067
0.0151541
0.0150658
0.0149604
0.0148801
0.0147292
0.014488
0.014348
0.0140919
0.0143145
0.0144307
0.0155084
0.0379821
0.0452955
0.0700586
0.260576
0.298265
0.400968
0.771163
0.757771
0.73454
0.0155706
0.0155403
0.0154894
0.0154778
0.0154426
0.0153899
0.0153573
0.0153145
0.0152493
0.0151891
0.0151325
0.0150379
0.0149181
0.0148314
0.0146708
0.0143988
0.0142547
0.0140192
0.0144471
0.014753
0.0167277
0.0440724
0.0540186
0.0879271
0.291226
0.336459
0.454486
0.756281
0.74358
0.725014
0.0155757
0.0155438
0.0154901
0.0154777
0.0154406
0.015385
0.0153496
0.0153042
0.0152351
0.0151688
0.0151083
0.0150077
0.0148728
0.0147801
0.014612
0.0143115
0.0141686
0.0139801
0.0147116
0.0153042
0.0186366
0.0518
0.0651724
0.1103
0.325512
0.37821
0.507259
0.742972
0.731741
0.719194
0.0155783
0.0155448
0.0154885
0.0154753
0.0154362
0.0153778
0.0153396
0.0152915
0.0152187
0.015146
0.0150817
0.0149755
0.0148251
0.014727
0.0145545
0.0142293
0.0140957
0.013993
0.0151589
0.0161759
0.0215041
0.0615274
0.0792018
0.137211
0.362936
0.422136
0.556058
0.731594
0.722525
0.71666
0.0155786
0.0155437
0.0154848
0.0154707
0.0154298
0.0153686
0.0153275
0.0152769
0.0152004
0.0151211
0.015053
0.014942
0.0147755
0.0146731
0.0145002
0.0141566
0.0140435
0.0140835
0.0158571
0.01749
0.0256514
0.0736153
0.0964546
0.168185
0.402534
0.466379
0.598392
0.722393
0.716011
0.716668
0.0155771
0.0155407
0.0154794
0.0154644
0.0154215
0.0153577
0.0153135
0.0152604
0.0151806
0.0150942
0.0150226
0.0149077
0.0147249
0.0146192
0.0144521
0.0140992
0.0140219
0.0142872
0.0168955
0.0194026
0.0314288
0.0883716
0.117095
0.202259
0.442942
0.508895
0.632948
0.715486
0.71206
0.718316
0.015574
0.0155361
0.0154723
0.0154564
0.0154117
0.0153453
0.0152979
0.0152423
0.0151595
0.0150657
0.0149909
0.0148731
0.014674
0.0145668
0.0144134
0.0140644
0.0140446
0.0146528
0.0183883
0.0221041
0.0391788
0.105992
0.141028
0.238107
0.48258
0.547823
0.65962
0.710824
0.710315
0.720757
0.0155694
0.01553
0.015464
0.0154469
0.0154004
0.0153316
0.0152808
0.0152229
0.0151374
0.0150358
0.0149581
0.0148391
0.0146237
0.0145171
0.014389
0.0140617
0.0141297
0.015246
0.0204762
0.0258127
0.0491914
0.126501
0.167868
0.274254
0.51989
0.581801
0.679214
0.708204
0.710268
0.723324
0.0155635
0.0155228
0.0154544
0.0154362
0.0153879
0.0153168
0.0152624
0.0152023
0.0151147
0.0150049
0.0149248
0.0148064
0.0145752
0.0144721
0.0143848
0.0141037
0.0143012
0.0161538
0.0233238
0.0307617
0.0616579
0.149719
0.196959
0.309289
0.553574
0.610138
0.693025
0.707279
0.711352
0.725583
0.0155565
0.0155144
0.0154438
0.0154243
0.0153743
0.0153011
0.015243
0.0151808
0.0150916
0.0149733
0.0148913
0.0147759
0.0145298
0.0144346
0.0144081
0.0142067
0.0145909
0.0174866
0.0271135
0.0371822
0.0766323
0.175251
0.227442
0.342049
0.582769
0.632798
0.702454
0.707618
0.71304
0.727314
0.0155484
0.015505
0.0154323
0.0154114
0.0153598
0.0152847
0.0152225
0.0151585
0.0150683
0.0149412
0.0148581
0.0147487
0.0144891
0.0144072
0.0144694
0.0143917
0.0150402
0.0193786
0.032035
0.0452772
0.0940141
0.202516
0.258362
0.371727
0.60711
0.65027
0.708754
0.708775
0.714901
0.728454
0.0155394
0.0154947
0.0154199
0.0153976
0.0153443
0.0152677
0.0152013
0.0151356
0.0150453
0.0149091
0.0148257
0.014726
0.0144551
0.0143934
0.0145824
0.0146862
0.0157023
0.0219839
0.0382704
0.0551984
0.113546
0.2308
0.288772
0.397902
0.626691
0.663349
0.71292
0.710346
0.716636
0.729039
0.0155295
0.0154835
0.0154069
0.0153828
0.0153282
0.0152503
0.0151794
0.0151123
0.0150229
0.0148773
0.0147948
0.0147097
0.0144304
0.0143977
0.0147647
0.015125
0.0166439
0.0254687
0.0459778
0.067026
0.134835
0.259332
0.317835
0.420507
0.641961
0.672929
0.715675
0.712006
0.718067
0.729151
0.0155188
0.0154716
0.0153932
0.0153674
0.0153113
0.0152325
0.015157
0.0150888
0.0150013
0.0148463
0.014766
0.0147013
0.0144181
0.014426
0.0150399
0.0157522
0.0179463
0.0300002
0.0552751
0.0807535
0.15738
0.287358
0.344897
0.439746
0.653577
0.679865
0.717508
0.713532
0.719119
0.728883
0.0155074
0.015459
0.0153789
0.0153512
0.015294
0.0152146
0.0151342
0.0150653
0.0149809
0.0148166
0.0147397
0.0147036
0.0144217
0.0144859
0.0154377
0.0166219
0.0197047
0.0357326
0.0662254
0.0962814
0.180624
0.31421
0.369518
0.456004
0.662264
0.684883
0.718737
0.714791
0.719786
0.728326
0.0154952
0.0154457
0.0153642
0.0153344
0.0152761
0.0151967
0.0151112
0.015042
0.0149623
0.0147887
0.0147175
0.0147192
0.014446
0.0145869
0.0159964
0.0177996
0.0220256
0.0427929
0.078827
0.113419
0.204001
0.339357
0.391483
0.469745
0.668712
0.68855
0.719567
0.715728
0.720103
0.727553
0.0154824
0.0154319
0.0153491
0.0153171
0.0152579
0.0151789
0.0150882
0.0150192
0.0149458
0.0147633
0.0147002
0.0147522
0.0144968
0.0147412
0.0167643
0.0193615
0.0250232
0.0512668
0.0930084
0.131896
0.226981
0.362428
0.410774
0.481446
0.673514
0.691281
0.720134
0.716339
0.720124
0.726627
0.015469
0.0154175
0.0153337
0.0152994
0.0152395
0.0151613
0.0150653
0.014997
0.014932
0.0147409
0.0146889
0.0148077
0.0145817
0.0149641
0.0178001
0.0213929
0.0288127
0.0611884
0.108629
0.15138
0.249112
0.383223
0.42753
0.491539
0.67714
0.693363
0.720532
0.716653
0.719904
0.725596
0.0154551
0.0154027
0.015318
0.0152813
0.0152209
0.0151443
0.0150428
0.0149757
0.0149222
0.0147224
0.0146854
0.0148913
0.0147099
0.0152748
0.0191739
0.0239863
0.0335033
0.0725329
0.125487
0.171496
0.270044
0.401694
0.441999
0.500386
0.679938
0.694986
0.720831
0.716715
0.719496
0.724498
0.0154408
0.0153875
0.0153022
0.015263
0.0152023
0.0151278
0.0150207
0.0149557
0.014916
0.014709
0.0146914
0.0150124
0.014893
0.0156975
0.0209655
0.0272373
0.0391899
0.0852152
0.143327
0.19186
0.289546
0.417924
0.454485
0.508268
0.682153
0.696277
0.721082
0.716569
0.718944
0.723364
0.015426
0.015372
0.0152864
0.0152445
0.0151837
0.0151122
0.0149994
0.0149371
0.0149152
0.0147019
0.0147092
0.0151803
0.0151456
0.016262
0.0232625
0.0312393
0.0459465
0.099093
0.161857
0.212095
0.3075
0.432087
0.46531
0.515394
0.683949
0.697325
0.721324
0.716259
0.718283
0.722218
0.015411
0.0153563
0.0152705
0.0152259
0.0151653
0.0150975
0.014979
0.0149204
0.0149209
0.0147024
0.014742
0.0154077
0.0154856
0.0170046
0.0261565
0.0360782
0.0538224
0.113971
0.180767
0.231864
0.323889
0.444419
0.474781
0.521908
0.685436
0.698191
0.721579
0.715821
0.717542
0.721078
0.0153958
0.0153405
0.0152549
0.0152074
0.0151472
0.0150842
0.0149599
0.0149061
0.0149348
0.0147124
0.0147934
0.0157106
0.0159353
0.0179691
0.0297378
0.0418268
0.0628323
0.129617
0.199744
0.250879
0.338777
0.45518
0.483167
0.527913
0.686685
0.698925
0.721861
0.715284
0.716743
0.719957
0.0153805
0.0153247
0.0152394
0.0151891
0.0151296
0.0150725
0.0149423
0.0148951
0.0149588
0.014734
0.0148677
0.0161088
0.0165217
0.0192061
0.0340906
0.0485396
0.0729536
0.145781
0.218492
0.268923
0.352284
0.46463
0.490692
0.533478
0.68775
0.699563
0.722173
0.714672
0.715904
0.718863
0.0153654
0.015309
0.0152245
0.0151711
0.0151126
0.0150627
0.0149266
0.014887
0.0149952
0.0147699
0.0149716
0.0166271
0.0172773
0.020773
0.039287
0.0562482
0.0841263
0.162203
0.236747
0.285846
0.364561
0.473009
0.497531
0.538652
0.688668
0.700137
0.72251
0.714001
0.71504
0.717801
0.0153505
0.0152936
0.0152103
0.0151537
0.0150965
0.0150569
0.0149132
0.0148833
0.0150456
0.0148236
0.0151118
0.0172953
0.0182405
0.0227329
0.045382
0.064958
0.0962543
0.178635
0.254289
0.30157
0.375769
0.480527
0.503815
0.543475
0.689472
0.700669
0.722865
0.713286
0.714162
0.71677
0.0153363
0.0152788
0.0151969
0.015137
0.0150814
0.0150524
0.0149027
0.0148849
0.0151168
0.0148991
0.0152973
0.0181497
0.0194553
0.0251523
0.0524086
0.074646
0.10921
0.194853
0.270949
0.316081
0.386065
0.487353
0.509638
0.547982
0.690186
0.701174
0.723227
0.712538
0.713278
0.715769
0.0153232
0.0152648
0.0151846
0.0151214
0.0150678
0.0150515
0.0148958
0.0148928
0.0152124
0.0150018
0.0155391
0.019233
0.0209715
0.028099
0.0603748
0.085261
0.12284
0.210667
0.286613
0.329414
0.395587
0.49362
0.515064
0.5522
0.690832
0.701661
0.723583
0.711764
0.712392
0.714792
0.0153116
0.0152523
0.0151738
0.0151073
0.0150559
0.0150553
0.0148933
0.0149086
0.0153378
0.015138
0.015851
0.0205942
0.0228436
0.0316391
0.0692614
0.0967242
0.136974
0.225928
0.301222
0.341644
0.404454
0.499427
0.520138
0.556156
0.691424
0.702129
0.723922
0.710971
0.711508
0.713834
0.0153024
0.0152416
0.0151651
0.0150953
0.0150465
0.0150649
0.0148962
0.0149341
0.0155008
0.0153158
0.0162499
0.0222885
0.0251293
0.0358339
0.0790224
0.108932
0.151432
0.240531
0.314763
0.35287
0.412759
0.504844
0.524893
0.559874
0.691973
0.702577
0.724232
0.710161
0.710626
0.712886
0.0152966
0.0152338
0.0151592
0.015086
0.0150401
0.0150817
0.0149058
0.0149717
0.0157106
0.0155452
0.0167566
0.0243757
0.027888
0.0407362
0.0895863
0.121762
0.166035
0.254412
0.327266
0.363204
0.420576
0.509919
0.529351
0.563375
0.692481
0.702996
0.724501
0.709339
0.709742
0.711941
0.0152955
0.0152299
0.0151571
0.0150805
0.0150391
0.0151076
0.0149236
0.0150229
0.015979
0.0158384
0.017396
0.0269189
0.0311786
0.0463878
0.100859
0.135075
0.180612
0.267551
0.33879
0.372758
0.427958
0.514684
0.533533
0.566673
0.692948
0.703376
0.724716
0.708501
0.708852
0.710989
0.0153008
0.0152314
0.0151611
0.0150799
0.0150424
0.0151436
0.0149518
0.0150934
0.0163205
0.0162104
0.0181982
0.0299823
0.0350572
0.0528165
0.11273
0.148723
0.195009
0.279955
0.349417
0.381639
0.434948
0.519162
0.537454
0.569781
0.693368
0.703706
0.724868
0.707648
0.707951
0.710021
0.0153148
0.0152399
0.0151717
0.015086
0.0150517
0.0151936
0.014993
0.0151881
0.0167534
0.0166798
0.0191982
0.0336283
0.0395759
0.0600323
0.125076
0.162556
0.209093
0.291659
0.359238
0.389941
0.441577
0.523367
0.541131
0.572708
0.693733
0.703975
0.724943
0.706775
0.707032
0.709027
0.0153402
0.0152578
0.015189
0.0151005
0.0150699
0.0152632
0.0150503
0.0153117
0.0173
0.0172688
0.0204364
0.0379149
0.0447778
0.0680288
0.137766
0.176428
0.222758
0.302714
0.368349
0.397743
0.44787
0.527313
0.544578
0.57546
0.694034
0.704171
0.724931
0.705876
0.706087
0.707996
0.0153801
0.0152879
0.0152165
0.0151261
0.0150996
0.0153562
0.0151276
0.0154715
0.0179877
0.0180041
0.0219584
0.042893
0.0506957
0.0767817
0.150671
0.190202
0.235925
0.313181
0.376842
0.405109
0.453848
0.531011
0.547808
0.578041
0.694261
0.704284
0.724822
0.704947
0.705108
0.70692
0.0154385
0.0153336
0.0152578
0.0151656
0.0151437
0.0154778
0.0152304
0.0156764
0.018849
0.0189168
0.0238142
0.048603
0.05735
0.086249
0.163668
0.203757
0.248544
0.32312
0.384799
0.41209
0.459531
0.534473
0.550832
0.580453
0.694405
0.704306
0.724606
0.703982
0.704089
0.705788
0.0155197
0.0153983
0.015317
0.015223
0.0152055
0.0156355
0.0153646
0.0159376
0.0199225
0.0200432
0.0260578
0.0550729
0.0647471
0.0963752
0.176643
0.216989
0.260589
0.332593
0.392292
0.418723
0.464938
0.53771
0.553662
0.582699
0.694456
0.70423
0.724276
0.702973
0.703021
0.704593
0.0156285
0.0154865
0.0153985
0.0153027
0.0152894
0.0158384
0.0155378
0.0162684
0.0212531
0.0214239
0.0287453
0.0623161
0.0728782
0.107087
0.189498
0.229818
0.272058
0.341651
0.399382
0.425038
0.470086
0.540735
0.556306
0.584781
0.694411
0.70405
0.723828
0.701916
0.7019
0.703327
0.0157701
0.015603
0.0155072
0.0154094
0.0154006
0.0160979
0.0157591
0.0166855
0.0228915
0.0231043
0.0319335
0.0703306
0.0817192
0.118299
0.202157
0.242185
0.282967
0.350343
0.406115
0.431056
0.474992
0.543559
0.558773
0.586704
0.694265
0.703764
0.723259
0.700806
0.700719
0.701986
0.0159496
0.0157529
0.0156487
0.0155487
0.0155452
0.0164276
0.0160396
0.0172086
0.0248939
0.0251333
0.0356777
0.079098
0.0912306
0.129917
0.214563
0.254053
0.293346
0.358706
0.412529
0.436795
0.479674
0.546194
0.56107
0.588472
0.694019
0.703371
0.722572
0.69964
0.699476
0.700567
0.0161718
0.0159418
0.0158296
0.0157263
0.01573
0.016844
0.0163923
0.0178615
0.0273212
0.027563
0.0400298
0.0885844
0.101359
0.141841
0.226676
0.265407
0.303233
0.366773
0.418652
0.44227
0.484147
0.548654
0.563206
0.590094
0.693674
0.702876
0.721774
0.698416
0.698169
0.69907
0.0164411
0.0161754
0.0160562
0.0159485
0.0159629
0.0173667
0.0168327
0.018672
0.0302378
0.0304468
0.045036
0.0987409
0.112038
0.153972
0.238477
0.276251
0.312675
0.374568
0.424508
0.447498
0.488429
0.550951
0.565191
0.591581
0.693237
0.702283
0.720875
0.697133
0.696799
0.697498
0.0167609
0.0164589
0.0163352
0.0162218
0.0162529
0.0180191
0.017379
0.0196728
0.0337096
0.0338387
0.0507353
0.109506
0.123191
0.166213
0.249962
0.286604
0.321716
0.382114
0.430115
0.452495
0.492536
0.553099
0.567036
0.592947
0.692716
0.701604
0.719892
0.695793
0.695368
0.695858
0.0171333
0.0167964
0.0166744
0.0165525
0.0166095
0.0188286
0.0180522
0.0209012
0.037802
0.0377918
0.0571574
0.120807
0.134737
0.178478
0.26114
0.296499
0.330403
0.389432
0.435493
0.45728
0.496488
0.555114
0.568755
0.594209
0.692123
0.700851
0.718846
0.6944
0.693881
0.69416
0.0175589
0.0171922
0.0170817
0.016947
0.0170421
0.0198273
0.0188766
0.0223998
0.0425779
0.0423566
0.0643215
0.132565
0.146589
0.19069
0.27203
0.305978
0.338781
0.396542
0.440662
0.461873
0.500305
0.557013
0.570365
0.59539
0.691473
0.700043
0.717763
0.692958
0.692344
0.692416
0.0180365
0.0176499
0.0175651
0.0174114
0.0175606
0.0210523
0.0198802
0.0242161
0.048095
0.0475796
0.0722354
0.144696
0.158661
0.202789
0.282654
0.315087
0.346889
0.403465
0.445642
0.4663
0.504009
0.558815
0.571887
0.596514
0.690782
0.6992
0.716672
0.691474
0.690767
0.690645
0.0185629
0.0181704
0.018133
0.0179511
0.0181767
0.0225456
0.021095
0.0264022
0.0544029
0.0535047
0.080892
0.157118
0.170873
0.214729
0.293044
0.323879
0.354767
0.410225
0.450461
0.470588
0.507627
0.560543
0.573345
0.597612
0.690071
0.698346
0.71561
0.689954
0.689159
0.688868
0.0191329
0.0187462
0.0187943
0.0185717
0.0189097
0.0243548
0.0225569
0.0290146
0.0615404
0.0601682
0.0902731
0.169751
0.183153
0.22648
0.303231
0.332408
0.362452
0.416848
0.455146
0.474768
0.511186
0.562221
0.574768
0.598718
0.689362
0.69751
0.714617
0.688407
0.687535
0.687107
0.0197398
0.0193717
0.0195602
0.0192782
0.0197761
0.0265321
0.0243064
0.0321129
0.0695322
0.0675977
0.100349
0.182524
0.19544
0.23803
0.313249
0.340725
0.36998
0.423365
0.459732
0.478872
0.514721
0.563877
0.576186
0.599871
0.68868
0.696721
0.713736
0.686841
0.685906
0.68539
0.0203756
0.0200421
0.0204355
0.0200755
0.0207936
0.0291334
0.0263882
0.0357592
0.0783857
0.0758116
0.111078
0.195374
0.207688
0.24938
0.323129
0.348885
0.377385
0.429807
0.464256
0.482938
0.518267
0.565544
0.577633
0.601115
0.688049
0.696012
0.713016
0.685267
0.684289
0.683747
0.0210323
0.0207564
0.0214326
0.0209686
0.0219772
0.0322171
0.0288508
0.0400159
0.0880883
0.0848176
0.122409
0.208251
0.219867
0.260548
0.332898
0.356937
0.384704
0.436207
0.468758
0.487003
0.521865
0.567253
0.579147
0.602496
0.687497
0.695418
0.712509
0.683692
0.6827
0.682209
0.0217021
0.021511
0.0225728
0.0219633
0.0233458
0.0358418
0.0317468
0.0449439
0.0986049
0.094611
0.134282
0.221111
0.23196
0.271558
0.342581
0.364931
0.391973
0.442602
0.47328
0.491106
0.525559
0.569042
0.580766
0.604063
0.687056
0.694978
0.712268
0.682128
0.681157
0.680811
0.0223821
0.0222969
0.0238639
0.0230663
0.0249218
0.0400631
0.0351312
0.0505995
0.109876
0.105174
0.146632
0.233921
0.243969
0.282448
0.352197
0.372914
0.399228
0.449026
0.477865
0.495285
0.529391
0.570947
0.58253
0.605867
0.686757
0.694731
0.712346
0.680586
0.679678
0.679589
0.0230649
0.0231083
0.0253174
0.0242857
0.0267303
0.0449293
0.0390609
0.0570312
0.12182
0.116476
0.15939
0.246652
0.255905
0.293255
0.361758
0.380926
0.406502
0.455514
0.482554
0.499577
0.533406
0.573007
0.584479
0.607954
0.686633
0.694715
0.712795
0.679078
0.678284
0.678579
0.0237435
0.0239533
0.0269488
0.0256314
0.0287994
0.0504778
0.0435923
0.0642762
0.134329
0.128471
0.172482
0.259278
0.267788
0.304012
0.371276
0.389005
0.413829
0.46209
0.487388
0.504019
0.537638
0.575259
0.586652
0.610367
0.68672
0.694972
0.713662
0.677617
0.676997
0.677816
0.0244159
0.0248302
0.0287754
0.0271159
0.0311601
0.0567304
0.0487799
0.072356
0.147283
0.141099
0.185829
0.271779
0.279638
0.314749
0.380757
0.397182
0.421235
0.468774
0.492401
0.508641
0.542114
0.577739
0.589085
0.613139
0.687051
0.695541
0.714987
0.676222
0.675841
0.677337
0.0250821
0.0257398
0.0308158
0.0287547
0.0338457
0.0636893
0.0546734
0.0812782
0.160538
0.154281
0.199353
0.284132
0.291478
0.325483
0.390197
0.405479
0.428741
0.475573
0.497623
0.513468
0.546849
0.580478
0.591805
0.616292
0.687662
0.696457
0.716795
0.674911
0.674844
0.677172
0.0257444
0.0266873
0.0330898
0.0305672
0.0368919
0.0713343
0.0613149
0.0910201
0.173956
0.167926
0.212976
0.296308
0.30332
0.33622
0.399581
0.413908
0.436356
0.482479
0.50307
0.518514
0.551841
0.583502
0.594835
0.619829
0.688583
0.697749
0.719097
0.673707
0.674033
0.67735
0.0264075
0.0276804
0.035618
0.0325766
0.0403369
0.0796215
0.0687335
0.101534
0.187401
0.18193
0.226621
0.308271
0.315166
0.346955
0.408883
0.422467
0.444079
0.48947
0.508749
0.523781
0.557071
0.586824
0.598183
0.623733
0.689844
0.699435
0.721879
0.672638
0.673437
0.677892
0.0270783
0.0287301
0.0384214
0.0348104
0.0442165
0.0884889
0.0769476
0.112743
0.200742
0.196178
0.24021
0.319974
0.327002
0.357662
0.418061
0.431137
0.451894
0.496503
0.514649
0.529254
0.562498
0.590448
0.601837
0.627969
0.691461
0.701515
0.725089
0.671734
0.673086
0.678813
0.0277655
0.0298499
0.0415214
0.0373009
0.0485645
0.0978577
0.0859529
0.12455
0.213864
0.210552
0.253665
0.331361
0.338796
0.368302
0.427061
0.439882
0.459769
0.503515
0.52074
0.534905
0.568056
0.594358
0.605769
0.632455
0.69344
0.703966
0.728579
0.671028
0.673007
0.680116
0.0284801
0.0310565
0.044939
0.0400845
0.0534112
0.107637
0.0957247
0.136839
0.226665
0.22493
0.26691
0.342379
0.350498
0.378819
0.43582
0.448644
0.467654
0.510423
0.526975
0.540682
0.573651
0.598521
0.609925
0.63709
0.695759
0.706697
0.732245
0.670555
0.673224
0.681774
0.0292354
0.0323697
0.0486942
0.0432016
0.058782
0.117731
0.106216
0.149482
0.239093
0.239192
0.279866
0.352946
0.36204
0.38914
0.444229
0.457352
0.475482
0.517144
0.533284
0.546512
0.579202
0.602875
0.614224
0.641786
0.698338
0.709592
0.73603
0.670343
0.673747
0.683746
0.0300464
0.0338128
0.0528072
0.0466961
0.0646958
0.128075
0.117359
0.162344
0.251032
0.253224
0.292474
0.362959
0.373342
0.39918
0.452235
0.465922
0.483139
0.523614
0.539572
0.552305
0.584631
0.607329
0.618589
0.646458
0.70106
0.712606
0.73987
0.670411
0.674565
0.685984
0.0309307
0.0354122
0.0572939
0.0506139
0.0711654
0.138574
0.129066
0.175316
0.262373
0.266937
0.304635
0.37238
0.38431
0.408812
0.459786
0.474226
0.490546
0.529773
0.545739
0.557991
0.589864
0.611795
0.62295
0.651026
0.703869
0.715695
0.743698
0.670755
0.675661
0.688438
0.0319083
0.0371981
0.0621905
0.0550018
0.07819
0.14906
0.141252
0.188275
0.27308
0.280214
0.316222
0.381179
0.394807
0.417976
0.466838
0.482188
0.497634
0.535565
0.551706
0.563496
0.594834
0.616196
0.62724
0.655418
0.706717
0.718812
0.747447
0.671362
0.677011
0.691055
0.0330017
0.0392041
0.0674792
0.0599032
0.0857909
0.15942
0.153815
0.201011
0.283136
0.292905
0.327187
0.389339
0.404764
0.426614
0.47336
0.489736
0.504336
0.540945
0.5574
0.568751
0.599484
0.62046
0.631391
0.659569
0.709552
0.721901
0.751055
0.672211
0.678584
0.693778
0.0342364
0.0414635
0.0731302
0.0653611
0.0939246
0.169561
0.16657
0.213384
0.292536
0.304945
0.337498
0.396854
0.414118
0.43468
0.479337
0.496807
0.510598
0.545879
0.562758
0.573693
0.60377
0.624526
0.635342
0.663429
0.712325
0.724909
0.75447
0.673275
0.680342
0.696555
0.0356402
0.0440116
0.0791105
0.0714127
0.102517
0.179407
0.179335
0.225287
0.301286
0.316294
0.347134
0.403732
0.422826
0.442141
0.48476
0.503356
0.516374
0.550348
0.567732
0.578271
0.60766
0.62834
0.63904
0.666959
0.71499
0.727786
0.757651
0.674522
0.682245
0.699335
0.037242
0.0468831
0.0853794
0.0780547
0.111479
0.188899
0.191956
0.236641
0.309403
0.326924
0.356084
0.409988
0.430858
0.448974
0.489638
0.509349
0.521636
0.554346
0.572285
0.582446
0.611138
0.631863
0.642441
0.670139
0.717507
0.73049
0.760569
0.675915
0.684248
0.702074
0.0390713
0.0501009
0.0918904
0.0852669
0.120721
0.197996
0.204294
0.247397
0.316907
0.336824
0.364348
0.415649
0.438199
0.455178
0.493985
0.514768
0.526369
0.55788
0.576397
0.586192
0.614205
0.635072
0.645514
0.672957
0.719849
0.73299
0.763209
0.677417
0.686309
0.704731
0.0411575
0.0536831
0.098593
0.0930111
0.130147
0.206673
0.21623
0.257525
0.323824
0.345992
0.371937
0.420744
0.444846
0.460766
0.497828
0.519609
0.530577
0.560967
0.580062
0.5895
0.616871
0.637953
0.648239
0.675419
0.721997
0.735263
0.765564
0.678993
0.688386
0.707276
0.0435319
0.0576408
0.105435
0.101229
0.13966
0.214915
0.227668
0.267017
0.330184
0.354436
0.378869
0.425311
0.450813
0.465757
0.501197
0.523882
0.534273
0.563631
0.583283
0.592375
0.619154
0.640507
0.650613
0.677538
0.723947
0.737297
0.767639
0.680611
0.690443
0.709684
0.0462215
0.0619779
0.112364
0.109848
0.149166
0.222716
0.238535
0.275875
0.336018
0.362173
0.385172
0.429388
0.456125
0.470184
0.504127
0.52761
0.53748
0.565904
0.586076
0.594832
0.621083
0.642738
0.652648
0.679336
0.725697
0.739093
0.76945
0.682242
0.692448
0.711939
0.0492497
0.0666893
0.119328
0.118784
0.158578
0.230082
0.248784
0.284116
0.341361
0.369227
0.390879
0.433014
0.460817
0.47408
0.506658
0.530825
0.540227
0.567818
0.588463
0.596897
0.622688
0.64466
0.654362
0.680841
0.727255
0.740659
0.771015
0.683861
0.694377
0.714032
0.0526349
0.0717613
0.126282
0.127942
0.167817
0.237021
0.258388
0.29176
0.346247
0.375628
0.396025
0.436229
0.464931
0.477485
0.508826
0.533568
0.542551
0.56941
0.590475
0.598603
0.624003
0.646293
0.655784
0.682083
0.728632
0.742012
0.772359
0.68545
0.696213
0.715959
0.0563899
0.0771709
0.13318
0.137225
0.176815
0.243545
0.26734
0.298834
0.350709
0.381411
0.400651
0.439072
0.468515
0.48044
0.51067
0.535882
0.544489
0.570716
0.592145
0.599985
0.625061
0.647661
0.656944
0.683095
0.729842
0.743173
0.773509
0.686993
0.697943
0.717723
0.0605199
0.082887
0.139986
0.146531
0.185516
0.24967
0.275648
0.30537
0.35478
0.386615
0.404795
0.441579
0.471617
0.482986
0.512226
0.53781
0.546083
0.57177
0.593507
0.601083
0.625896
0.648791
0.657875
0.683909
0.730902
0.744166
0.774489
0.688479
0.699561
0.719328
0.0650221
0.0888711
0.146666
0.155767
0.193876
0.255414
0.283332
0.311397
0.358492
0.391281
0.408499
0.443783
0.474286
0.485165
0.513527
0.539397
0.547374
0.572605
0.594598
0.601936
0.626541
0.649713
0.658609
0.684554
0.731831
0.745012
0.775325
0.689903
0.701067
0.720784
0.0698847
0.0950767
0.153192
0.164844
0.201864
0.260794
0.29042
0.316948
0.361874
0.395453
0.411802
0.445718
0.476571
0.487016
0.514606
0.540685
0.5484
0.573251
0.595452
0.602579
0.627024
0.650453
0.659178
0.685059
0.732645
0.745737
0.776041
0.691259
0.702463
0.722101
0.0750868
0.101454
0.159544
0.173687
0.20946
0.265828
0.296947
0.322053
0.364953
0.399173
0.41474
0.44741
0.478515
0.488578
0.515489
0.541715
0.549198
0.573737
0.596105
0.603047
0.627372
0.65104
0.65961
0.685449
0.733363
0.746359
0.776656
0.692547
0.703752
0.723292
0.0805993
0.107952
0.165703
0.182232
0.216654
0.270535
0.302947
0.326743
0.367756
0.402486
0.41735
0.448887
0.480162
0.489886
0.516204
0.542524
0.549803
0.574087
0.596586
0.60337
0.62761
0.651499
0.659931
0.685746
0.734
0.7469
0.777189
0.693768
0.704941
0.724367
0.0863851
0.114518
0.171657
0.190431
0.223442
0.274932
0.308459
0.331047
0.370304
0.405433
0.419663
0.450172
0.48155
0.490973
0.516772
0.543143
0.550246
0.574323
0.596924
0.603575
0.627758
0.651851
0.660165
0.685969
0.73457
0.747376
0.777656
0.694924
0.70604
0.725339
0.0923989
0.121101
0.177395
0.198249
0.229829
0.279037
0.313519
0.334992
0.37262
0.408052
0.421709
0.451285
0.482713
0.49187
0.517215
0.543603
0.550556
0.574464
0.597144
0.603687
0.627834
0.652116
0.660331
0.686133
0.735085
0.747802
0.778068
0.696018
0.707055
0.72622
0.098591
0.127654
0.182913
0.205664
0.235824
0.282866
0.318163
0.338606
0.374723
0.410381
0.423518
0.452246
0.483684
0.492602
0.517549
0.54393
0.550756
0.574528
0.597267
0.603725
0.627853
0.652311
0.660446
0.686253
0.735555
0.748188
0.778437
0.697055
0.707995
0.727021
0.10491
0.134132
0.188208
0.212667
0.241442
0.286436
0.322424
0.341914
0.376631
0.412452
0.425114
0.453071
0.484489
0.493194
0.51779
0.544145
0.550868
0.574529
0.597313
0.603708
0.627829
0.652451
0.660525
0.686339
0.735988
0.748546
0.778772
0.698038
0.708868
0.727751
0.111305
0.140495
0.193277
0.219257
0.246697
0.289763
0.326334
0.34494
0.378359
0.414294
0.42652
0.453775
0.485153
0.493665
0.517951
0.54427
0.550907
0.574478
0.597297
0.603648
0.62777
0.652547
0.660577
0.686399
0.736391
0.748881
0.779078
0.69897
0.709682
0.72842
0.117725
0.146711
0.198123
0.225443
0.251608
0.29286
0.329922
0.347706
0.379924
0.415935
0.427758
0.454371
0.485697
0.494035
0.518045
0.544322
0.550888
0.574386
0.597233
0.603558
0.627685
0.65261
0.660611
0.68644
0.736769
0.7492
0.779363
0.699856
0.710444
0.729034
0.12412
0.15275
0.202747
0.231239
0.256193
0.295744
0.333216
0.350234
0.381339
0.417399
0.428846
0.454872
0.486141
0.494317
0.518082
0.544314
0.550825
0.574261
0.597133
0.603446
0.627582
0.652646
0.660635
0.686467
0.737127
0.749507
0.779629
0.700699
0.711159
0.729603
0.130448
0.158591
0.207154
0.236661
0.260471
0.298428
0.336242
0.352544
0.382617
0.418705
0.429801
0.455289
0.486498
0.494526
0.51807
0.544259
0.550726
0.57411
0.597004
0.60332
0.627466
0.652664
0.660653
0.686484
0.737466
0.749805
0.779881
0.701502
0.711834
0.730131
0.136667
0.164218
0.211348
0.24173
0.26446
0.300925
0.339023
0.354654
0.38377
0.419874
0.430638
0.45563
0.486784
0.494673
0.518018
0.544167
0.550599
0.573939
0.596856
0.603185
0.627339
0.652668
0.660668
0.686495
0.737791
0.750095
0.780121
0.702268
0.712472
0.730624
0.142744
0.169618
0.215335
0.246467
0.268179
0.303247
0.34158
0.356581
0.384808
0.42092
0.431371
0.455904
0.487009
0.494767
0.51793
0.544047
0.550452
0.573752
0.596694
0.603045
0.627207
0.652661
0.660683
0.686502
0.738101
0.75038
0.78035
0.702999
0.713078
0.731086
0.148649
0.174785
0.219121
0.250894
0.271644
0.305408
0.343934
0.358342
0.385742
0.421857
0.43201
0.45612
0.487183
0.494817
0.517814
0.543906
0.550289
0.573554
0.596523
0.602903
0.627071
0.652647
0.660699
0.686506
0.738399
0.750658
0.78057
0.703698
0.713655
0.731521
0.154362
0.179715
0.222713
0.255032
0.274874
0.307417
0.346102
0.35995
0.386581
0.4227
0.432566
0.456283
0.487315
0.49483
0.517673
0.543748
0.550114
0.573347
0.596346
0.602762
0.626933
0.652628
0.660718
0.686508
0.738686
0.750932
0.780782
0.704366
0.714206
0.731932
0.159863
0.184409
0.226119
0.2589
0.277883
0.309286
0.348102
0.361419
0.387334
0.423457
0.433049
0.4564
0.487411
0.494811
0.517512
0.54358
0.549931
0.573134
0.596167
0.602622
0.626794
0.652606
0.660739
0.686509
0.738962
0.7512
0.780987
0.705005
0.714732
0.732323
0.165143
0.188871
0.229346
0.262518
0.280686
0.311025
0.349948
0.36276
0.388008
0.424139
0.433467
0.456477
0.487477
0.494766
0.517334
0.543404
0.549742
0.572916
0.595988
0.602485
0.626656
0.652582
0.660762
0.686509
0.739229
0.751464
0.781185
0.705618
0.715237
0.732694
0.170193
0.193104
0.232402
0.265903
0.283299
0.312643
0.351653
0.363986
0.388611
0.424754
0.433826
0.456518
0.487518
0.494698
0.517142
0.543224
0.54955
0.572695
0.595811
0.602351
0.626519
0.652558
0.660788
0.68651
0.739485
0.751721
0.781377
0.706205
0.715721
0.733049
0.175011
0.197117
0.235295
0.26907
0.285733
0.314148
0.353231
0.365106
0.389149
0.425308
0.434134
0.456528
0.487539
0.494611
0.516938
0.543041
0.549355
0.572473
0.595637
0.602221
0.626382
0.652533
0.660816
0.686509
0.739733
0.751973
0.781563
0.706768
0.716187
0.733388
0.179597
0.200918
0.238032
0.272036
0.288002
0.31555
0.354691
0.366129
0.389628
0.425809
0.434395
0.456509
0.487542
0.494508
0.516725
0.542857
0.549158
0.57225
0.595467
0.602094
0.626247
0.65251
0.660845
0.686509
0.739972
0.752217
0.781743
0.707307
0.716634
0.733712
0.183955
0.204515
0.240622
0.274813
0.290116
0.316854
0.356045
0.367063
0.390054
0.426262
0.434615
0.456467
0.487529
0.494391
0.516504
0.542674
0.548962
0.572027
0.595302
0.601972
0.626114
0.652487
0.660875
0.686508
0.740203
0.752455
0.781918
0.707825
0.717065
0.734024
0.188091
0.207917
0.243072
0.277414
0.292087
0.318069
0.357299
0.367916
0.390432
0.426672
0.434797
0.456403
0.487505
0.494263
0.516277
0.542493
0.548766
0.571804
0.595141
0.601852
0.625982
0.652466
0.660905
0.686507
0.740426
0.752686
0.782087
0.708322
0.717479
0.734323
0.19201
0.211135
0.24539
0.279851
0.293926
0.319201
0.358463
0.368695
0.390765
0.427042
0.434946
0.45632
0.48747
0.494124
0.516046
0.542314
0.548571
0.571583
0.594986
0.601736
0.625851
0.652446
0.660935
0.686505
0.740641
0.752909
0.782251
0.7088
0.717878
0.734612
0.195723
0.214179
0.247583
0.282135
0.29564
0.320255
0.359544
0.369406
0.391059
0.427376
0.435065
0.456221
0.487425
0.493977
0.51581
0.542137
0.548376
0.571362
0.594836
0.601622
0.625723
0.652428
0.660964
0.686503
0.740849
0.753125
0.782409
0.709258
0.718262
0.734889
0.199237
0.217057
0.249657
0.284275
0.29724
0.321238
0.360547
0.370054
0.391316
0.427677
0.435157
0.456108
0.487373
0.493823
0.515572
0.541964
0.548183
0.571143
0.594691
0.601511
0.625596
0.652412
0.660993
0.6865
0.74105
0.753333
0.782562
0.709699
0.718632
0.735156
0.202563
0.219778
0.25162
0.286281
0.298733
0.322153
0.361478
0.370645
0.39154
0.427949
0.435224
0.455982
0.487313
0.493662
0.515331
0.541794
0.547991
0.570926
0.594551
0.601401
0.62547
0.652397
0.66102
0.686495
0.741244
0.753535
0.78271
0.710123
0.718989
0.735414
0.20571
0.222353
0.253477
0.288161
0.300127
0.323007
0.362342
0.371183
0.391734
0.428193
0.435269
0.455845
0.487247
0.493496
0.515089
0.541627
0.547801
0.57071
0.594416
0.601294
0.625346
0.652383
0.661045
0.68649
0.741432
0.753729
0.782853
0.71053
0.719332
0.735662
0.208688
0.224789
0.255235
0.289924
0.301428
0.323803
0.363145
0.371672
0.391901
0.428411
0.435294
0.455698
0.487176
0.493325
0.514846
0.541463
0.547612
0.570497
0.594286
0.601187
0.625223
0.652371
0.661068
0.686484
0.741613
0.753915
0.78299
0.710922
0.719663
0.735901
0.211506
0.227095
0.256899
0.291576
0.302643
0.324546
0.363889
0.372116
0.392042
0.428605
0.435301
0.455542
0.4871
0.493149
0.514602
0.541302
0.547423
0.570286
0.59416
0.601082
0.625102
0.65236
0.66109
0.686477
0.741789
0.754095
0.783122
0.7113
0.719983
0.736132
0.214173
0.229277
0.258474
0.293126
0.303779
0.325238
0.36458
0.372518
0.392161
0.428777
0.435291
0.455379
0.487019
0.49297
0.514359
0.541145
0.547236
0.570076
0.594038
0.600978
0.624982
0.65235
0.661109
0.686468
0.741958
0.754267
0.783249
0.711663
0.72029
0.736355
0.216698
0.231344
0.259966
0.294579
0.304839
0.325883
0.36522
0.372882
0.392258
0.428929
0.435265
0.45521
0.486933
0.492788
0.514115
0.54099
0.54705
0.569869
0.59392
0.600875
0.624863
0.652341
0.661126
0.686459
0.742121
0.754434
0.783371
0.712012
0.720587
0.73657
0.219088
0.233301
0.261379
0.295941
0.305831
0.326485
0.365812
0.37321
0.392335
0.429061
0.435226
0.455034
0.486843
0.492603
0.513872
0.540837
0.546865
0.569664
0.593806
0.600771
0.624745
0.652332
0.66114
0.686448
0.742279
0.754593
0.783489
0.712349
0.720872
0.736777
0.221352
0.235156
0.262718
0.297218
0.306757
0.327045
0.36636
0.373506
0.392395
0.429174
0.435173
0.454854
0.48675
0.492415
0.51363
0.540687
0.54668
0.569461
0.593695
0.600668
0.624629
0.652324
0.661153
0.686436
0.742431
0.754747
0.783602
0.712673
0.721148
0.736977
0.223497
0.236913
0.263985
0.298416
0.307623
0.327567
0.366866
0.37377
0.392438
0.42927
0.435109
0.454669
0.486652
0.492225
0.513389
0.540539
0.546497
0.56926
0.593587
0.600565
0.624513
0.652316
0.661163
0.686423
0.742578
0.754894
0.783711
0.712986
0.721413
0.73717
0.225528
0.238579
0.265187
0.299539
0.308432
0.328054
0.367333
0.374006
0.392466
0.42935
0.435034
0.45448
0.486551
0.492032
0.513148
0.540393
0.546314
0.569062
0.593482
0.600462
0.624399
0.652308
0.66117
0.686408
0.742719
0.755035
0.783815
0.713287
0.721669
0.737357
0.227453
0.240159
0.266325
0.300592
0.309188
0.328506
0.367762
0.374216
0.39248
0.429414
0.434948
0.454288
0.486445
0.491838
0.512909
0.540248
0.546132
0.568865
0.593379
0.600359
0.624285
0.652301
0.661175
0.686393
0.742855
0.755171
0.783915
0.713577
0.721916
0.737537
0.229278
0.241657
0.267403
0.301579
0.309894
0.328926
0.368157
0.3744
0.39248
0.429464
0.434854
0.454093
0.486337
0.491642
0.512671
0.540105
0.545951
0.56867
0.593278
0.600256
0.624173
0.652293
0.661177
0.686377
0.742986
0.755301
0.784011
0.713856
0.722154
0.73771
0.231007
0.243078
0.268424
0.302504
0.310554
0.329317
0.368519
0.374562
0.392468
0.429499
0.43475
0.453894
0.486224
0.491445
0.512434
0.539962
0.54577
0.568477
0.59318
0.600152
0.624061
0.652285
0.661177
0.686359
0.743113
0.755425
0.784103
0.714125
0.722383
0.737877
0.232647
0.244425
0.269391
0.303371
0.31117
0.329679
0.36885
0.374701
0.392445
0.429522
0.434638
0.453694
0.486108
0.491247
0.512198
0.539821
0.54559
0.568286
0.593083
0.600049
0.62395
0.652277
0.661175
0.686341
0.743235
0.755544
0.784192
0.714385
0.722604
0.738039
0.234201
0.245704
0.270308
0.304183
0.311745
0.330014
0.369152
0.374821
0.392411
0.429531
0.434519
0.453491
0.485989
0.491047
0.511964
0.53968
0.545411
0.568097
0.592987
0.599945
0.62384
0.652269
0.661171
0.686321
0.743353
0.755658
0.784277
0.714635
0.722817
0.738195
0.235675
0.246917
0.271176
0.304942
0.31228
0.330324
0.369425
0.374922
0.392367
0.429529
0.434393
0.453286
0.485866
0.490846
0.511731
0.539539
0.545232
0.56791
0.592893
0.599841
0.623731
0.65226
0.661164
0.6863
0.743466
0.755767
0.784358
0.714877
0.723023
0.738345
0.237073
0.248068
0.271997
0.305653
0.31278
0.330609
0.369673
0.375004
0.392313
0.429514
0.43426
0.453079
0.485739
0.490644
0.511499
0.539399
0.545054
0.567724
0.592799
0.599736
0.623622
0.652251
0.661155
0.686279
0.743575
0.755871
0.784436
0.715109
0.72322
0.73849
0.238398
0.24916
0.272775
0.306318
0.313245
0.330873
0.369896
0.37507
0.39225
0.429489
0.434122
0.452871
0.48561
0.490441
0.511268
0.539259
0.544877
0.56754
0.592707
0.599632
0.623514
0.652241
0.661144
0.686256
0.74368
0.755971
0.784511
0.715334
0.723411
0.73863
0.239655
0.250196
0.273511
0.306939
0.313677
0.331114
0.370095
0.37512
0.39218
0.429454
0.433977
0.452661
0.485477
0.490238
0.511039
0.539119
0.5447
0.567357
0.592615
0.599527
0.623407
0.65223
0.661131
0.686233
0.743781
0.756066
0.784582
0.71555
0.723595
0.738765
0.240847
0.251178
0.274207
0.307519
0.314078
0.331335
0.370272
0.375155
0.392101
0.429408
0.433827
0.45245
0.485341
0.490033
0.510811
0.53898
0.544524
0.567177
0.592523
0.599422
0.623301
0.652219
0.661117
0.686209
0.743879
0.756157
0.784651
0.715758
0.723772
0.738896
0.241977
0.252111
0.274866
0.308059
0.314451
0.331536
0.370428
0.375176
0.392014
0.429353
0.433672
0.452238
0.485202
0.489828
0.510585
0.53884
0.544348
0.566997
0.592433
0.599317
0.623195
0.652206
0.6611
0.686184
0.743972
0.756244
0.784717
0.715959
0.723942
0.739021
0.243049
0.252995
0.275488
0.308563
0.314795
0.331719
0.370563
0.375184
0.391921
0.429289
0.433512
0.452024
0.48506
0.489623
0.510359
0.538699
0.544172
0.566819
0.592342
0.599212
0.62309
0.652193
0.661082
0.686158
0.744063
0.756327
0.78478
0.716153
0.724107
0.739142
0.244065
0.253833
0.276076
0.309032
0.315114
0.331884
0.37068
0.375179
0.391821
0.429216
0.433348
0.45181
0.484915
0.489416
0.510135
0.538559
0.543998
0.566643
0.592252
0.599107
0.622985
0.652179
0.661063
0.686131
0.744149
0.756406
0.78484
0.71634
0.724265
0.739259
0.245028
0.254628
0.27663
0.309468
0.315407
0.332032
0.370779
0.375162
0.391714
0.429135
0.43318
0.451594
0.484768
0.48921
0.509912
0.538418
0.543823
0.566468
0.592161
0.599002
0.622881
0.652164
0.661042
0.686104
0.744233
0.756481
0.784897
0.716521
0.724418
0.739371
0.245942
0.255381
0.277154
0.309872
0.315677
0.332164
0.37086
0.375135
0.391601
0.429046
0.433007
0.451378
0.484617
0.489003
0.50969
0.538277
0.54365
0.566294
0.592071
0.598897
0.622777
0.652148
0.661019
0.686076
0.744313
0.756553
0.784952
0.716694
0.724565
0.73948
0.246808
0.256095
0.277647
0.310247
0.315925
0.332281
0.370926
0.375096
0.391483
0.428949
0.432831
0.451161
0.484464
0.488795
0.509469
0.538136
0.543476
0.566122
0.591981
0.598792
0.622674
0.652132
0.660996
0.686047
0.74439
0.756622
0.785005
0.716862
0.724707
0.739584
0.247629
0.256772
0.278112
0.310593
0.316151
0.332383
0.370975
0.375047
0.391358
0.428845
0.432651
0.450943
0.484309
0.488587
0.50925
0.537994
0.543304
0.565951
0.591891
0.598687
0.622571
0.652114
0.660971
0.686017
0.744464
0.756687
0.785055
0.717024
0.724843
0.739685
0.248407
0.257412
0.278549
0.310912
0.316357
0.332471
0.37101
0.374989
0.391229
0.428734
0.432468
0.450725
0.484151
0.488379
0.509031
0.537852
0.543132
0.565781
0.591801
0.598582
0.622469
0.652095
0.660944
0.685987
0.744535
0.75675
0.785103
0.717179
0.724975
0.739782
0.249145
0.258019
0.278961
0.311206
0.316544
0.332545
0.371031
0.374921
0.391095
0.428617
0.432282
0.450505
0.48399
0.488171
0.508814
0.537709
0.54296
0.565612
0.591711
0.598477
0.622368
0.652076
0.660917
0.685956
0.744604
0.75681
0.785149
0.71733
0.725101
0.739875
0.249844
0.258593
0.279347
0.311476
0.316712
0.332607
0.371039
0.374845
0.390955
0.428493
0.432093
0.450286
0.483828
0.487962
0.508597
0.537566
0.54279
0.565444
0.591621
0.598373
0.622267
0.652056
0.660889
0.685925
0.744669
0.756867
0.785192
0.717475
0.725223
0.739965
0.250506
0.259135
0.279709
0.311723
0.316863
0.332656
0.371034
0.374761
0.390812
0.428364
0.431902
0.450066
0.483663
0.487754
0.508382
0.537423
0.542619
0.565278
0.591531
0.598268
0.622166
0.652035
0.66086
0.685893
0.744732
0.756921
0.785234
0.717614
0.725341
0.740051
0.251133
0.259649
0.280049
0.311948
0.316998
0.332694
0.371017
0.374669
0.390664
0.428228
0.431707
0.449845
0.483496
0.487545
0.508167
0.537279
0.54245
0.565112
0.59144
0.598164
0.622066
0.652013
0.66083
0.68586
0.744793
0.756973
0.785273
0.717749
0.725454
0.740134
0.251727
0.260133
0.280367
0.312152
0.317116
0.33272
0.370989
0.374569
0.390511
0.428088
0.431511
0.449624
0.483327
0.487336
0.507954
0.537135
0.542281
0.564948
0.59135
0.59806
0.621966
0.65199
0.660799
0.685827
0.744851
0.757022
0.78531
0.717879
0.725563
0.740214
0.252289
0.260591
0.280663
0.312337
0.317219
0.332736
0.37095
0.374463
0.390355
0.427942
0.431312
0.449402
0.483156
0.487128
0.507741
0.53699
0.542112
0.564785
0.591259
0.597956
0.621867
0.651967
0.660767
0.685793
0.744907
0.757069
0.785346
0.718004
0.725668
0.740291
0.252822
0.261023
0.28094
0.312503
0.317308
0.332741
0.3709
0.37435
0.390195
0.427791
0.43111
0.44918
0.482984
0.486919
0.50753
0.536845
0.541945
0.564622
0.591168
0.597852
0.621768
0.651942
0.660734
0.685759
0.74496
0.757114
0.78538
0.718125
0.725769
0.740365
0.253325
0.261431
0.281198
0.312652
0.317383
0.332737
0.370841
0.37423
0.390032
0.427636
0.430907
0.448958
0.48281
0.48671
0.507319
0.5367
0.541778
0.564461
0.591077
0.597749
0.621669
0.651917
0.660701
0.685724
0.745012
0.757156
0.785412
0.718241
0.725866
0.740436
0.253801
0.261814
0.281437
0.312783
0.317445
0.332723
0.370773
0.374105
0.389865
0.427477
0.430702
0.448736
0.482634
0.486502
0.50711
0.536555
0.541611
0.5643
0.590986
0.597646
0.621571
0.651892
0.660668
0.685689
0.745061
0.757197
0.785442
0.718353
0.72596
0.740505
0.254252
0.262176
0.281659
0.312898
0.317494
0.3327
0.370696
0.373973
0.389694
0.427313
0.430496
0.448513
0.482457
0.486294
0.506901
0.536409
0.541446
0.564141
0.590895
0.597543
0.621473
0.651865
0.660633
0.685653
0.745108
0.757236
0.785471
0.718461
0.72605
0.74057
0.254677
0.262516
0.281865
0.312998
0.317532
0.332669
0.37061
0.373837
0.389521
0.427145
0.430287
0.448291
0.482279
0.486086
0.506694
0.536263
0.541281
0.563983
0.590804
0.59744
0.621376
0.651838
0.660598
0.685617
0.745153
0.757272
0.785498
0.718565
0.726137
0.740633
0.255079
0.262835
0.282054
0.313084
0.317558
0.332629
0.370516
0.373695
0.389345
0.426974
0.430078
0.448068
0.482099
0.485878
0.506487
0.536117
0.541116
0.563825
0.590713
0.597338
0.621279
0.651811
0.660563
0.685581
0.745197
0.757307
0.785524
0.718666
0.726221
0.740694
0.255459
0.263135
0.282227
0.313156
0.317573
0.332581
0.370415
0.373548
0.389166
0.426799
0.429866
0.447845
0.481918
0.485671
0.506281
0.53597
0.540953
0.563669
0.590622
0.597237
0.621182
0.651783
0.660527
0.685544
0.745239
0.757341
0.785548
0.718763
0.726301
0.740752
0.255816
0.263416
0.282386
0.313215
0.317578
0.332526
0.370307
0.373397
0.388984
0.426621
0.429654
0.447622
0.481736
0.485464
0.506076
0.535824
0.54079
0.563513
0.590531
0.597136
0.621086
0.651754
0.660491
0.685507
0.745278
0.757372
0.78557
0.718856
0.726379
0.740808
0.256154
0.263679
0.282531
0.313261
0.317574
0.332464
0.370192
0.373241
0.3888
0.42644
0.42944
0.447399
0.481553
0.485257
0.505872
0.535677
0.540628
0.563358
0.59044
0.597035
0.620991
0.651725
0.660454
0.685469
0.745317
0.757402
0.785592
0.718946
0.726453
0.740861
0.256471
0.263925
0.282663
0.313295
0.317559
0.332395
0.370071
0.373081
0.388614
0.426256
0.429226
0.447176
0.481369
0.485051
0.505669
0.53553
0.540467
0.563204
0.590349
0.596934
0.620895
0.651695
0.660418
0.685431
0.745353
0.757431
0.785612
0.719033
0.726525
0.740912
0.25677
0.264154
0.282782
0.313318
0.317536
0.332319
0.369943
0.372917
0.388425
0.426069
0.42901
0.446953
0.481184
0.484845
0.505467
0.535384
0.540307
0.563051
0.590258
0.596834
0.620801
0.651665
0.66038
0.685393
0.745389
0.757458
0.78563
0.719116
0.726594
0.740961
0.257051
0.264368
0.282888
0.31333
0.317504
0.332237
0.36981
0.37275
0.388234
0.42588
0.428794
0.446731
0.480998
0.48464
0.505266
0.535237
0.540147
0.562899
0.590167
0.596735
0.620706
0.651635
0.660343
0.685355
0.745422
0.757483
0.785648
0.719197
0.72666
0.741008
0.257315
0.264566
0.282982
0.313332
0.317464
0.332149
0.369672
0.372579
0.388041
0.425688
0.428577
0.446508
0.480812
0.484435
0.505065
0.53509
0.539988
0.562748
0.590076
0.596636
0.620612
0.651604
0.660305
0.685316
0.745454
0.757508
0.785664
0.719274
0.726724
0.741053
0.257562
0.26475
0.283065
0.313325
0.317417
0.332056
0.369528
0.372404
0.387847
0.425494
0.428359
0.446286
0.480624
0.484231
0.504866
0.534944
0.53983
0.562598
0.589985
0.596537
0.620518
0.651572
0.660267
0.685277
0.745485
0.757531
0.785679
0.719349
0.726786
0.741096
0.257794
0.264921
0.283137
0.313308
0.317362
0.331957
0.369379
0.372227
0.38765
0.425298
0.42814
0.446064
0.480437
0.484027
0.504668
0.534797
0.539673
0.562448
0.589894
0.596439
0.620425
0.65154
0.660229
0.685238
0.745515
0.757553
0.785693
0.719421
0.726845
0.741137
0.25801
0.265077
0.283199
0.313282
0.3173
0.331852
0.369226
0.372047
0.387453
0.4251
0.427921
0.445842
0.480249
0.483824
0.50447
0.534651
0.539517
0.5623
0.589803
0.596342
0.620333
0.651508
0.660191
0.685198
0.745543
0.757573
0.785705
0.719491
0.726902
0.741177
0.258212
0.265222
0.283251
0.313248
0.317231
0.331743
0.369069
0.371864
0.387253
0.4249
0.427702
0.445621
0.48006
0.483622
0.504274
0.534505
0.539362
0.562152
0.589713
0.596245
0.62024
0.651476
0.660152
0.685158
0.74557
0.757593
0.785717
0.719557
0.726956
0.741214
0.2584
0.265354
0.283293
0.313205
0.317155
0.331629
0.368907
0.371678
0.387052
0.424698
0.427482
0.4454
0.479872
0.48342
0.504079
0.534358
0.539207
0.562006
0.589622
0.596149
0.620149
0.651443
0.660114
0.685119
0.745596
0.757611
0.785728
0.719622
0.727009
0.74125
0.258575
0.265474
0.283326
0.313156
0.317074
0.331511
0.368741
0.37149
0.38685
0.424495
0.427262
0.445179
0.479682
0.483219
0.503884
0.534213
0.539053
0.56186
0.589532
0.596053
0.620057
0.65141
0.660075
0.685079
0.745621
0.757629
0.785738
0.719684
0.727059
0.741284
0.258737
0.265583
0.28335
0.313098
0.316986
0.331388
0.368572
0.371299
0.386647
0.424291
0.427042
0.444959
0.479493
0.483019
0.503691
0.534067
0.538901
0.561715
0.589442
0.595957
0.619966
0.651377
0.660037
0.685039
0.745645
0.757646
0.785747
0.719744
0.727108
0.741317
0.258886
0.265681
0.283366
0.313034
0.316894
0.331261
0.3684
0.371107
0.386442
0.424085
0.426821
0.444739
0.479303
0.482819
0.503498
0.533922
0.538749
0.561571
0.589352
0.595863
0.619876
0.651344
0.659998
0.684998
0.745667
0.757661
0.785755
0.719801
0.727155
0.741348
0.259024
0.265769
0.283374
0.312963
0.316795
0.331131
0.368224
0.370912
0.386237
0.423878
0.426601
0.44452
0.479114
0.482621
0.503307
0.533776
0.538598
0.561428
0.589263
0.595769
0.619786
0.65131
0.659959
0.684958
0.745689
0.757676
0.785762
0.719857
0.727199
0.741378
0.25915
0.265846
0.283374
0.312886
0.316692
0.330996
0.368045
0.370716
0.386031
0.42367
0.42638
0.444301
0.478924
0.482423
0.503117
0.533632
0.538448
0.561286
0.589173
0.595675
0.619697
0.651276
0.659921
0.684918
0.745709
0.75769
0.785768
0.71991
0.727242
0.741406
0.259265
0.265914
0.283366
0.312803
0.316584
0.330858
0.367863
0.370518
0.385823
0.42346
0.42616
0.444083
0.478734
0.482225
0.502927
0.533487
0.538299
0.561145
0.589084
0.595582
0.619608
0.651242
0.659882
0.684878
0.745729
0.757703
0.785774
0.719961
0.727284
0.741433
0.25937
0.265973
0.283352
0.312714
0.316471
0.330717
0.367678
0.370318
0.385615
0.42325
0.42594
0.443865
0.478544
0.482029
0.502739
0.533343
0.538151
0.561005
0.588995
0.59549
0.61952
0.651207
0.659843
0.684837
0.745747
0.757715
0.785778
0.720011
0.727323
0.741459
0.259464
0.266023
0.28333
0.312619
0.316354
0.330572
0.367491
0.370117
0.385407
0.423039
0.425719
0.443648
0.478355
0.481834
0.502552
0.533199
0.538003
0.560866
0.588906
0.595398
0.619432
0.651173
0.659805
0.684797
0.745765
0.757727
0.785783
0.720058
0.727362
0.741483
0.259549
0.266064
0.283302
0.31252
0.316232
0.330425
0.367301
0.369914
0.385198
0.422828
0.425499
0.443432
0.478165
0.481639
0.502366
0.533055
0.537857
0.560727
0.588818
0.595307
0.619345
0.651138
0.659766
0.684756
0.745782
0.757737
0.785786
0.720104
0.727398
0.741506
0.259624
0.266097
0.283267
0.312415
0.316107
0.330275
0.367109
0.36971
0.384988
0.422615
0.425279
0.443217
0.477975
0.481445
0.50218
0.532912
0.537712
0.56059
0.588729
0.595217
0.619258
0.651103
0.659728
0.684716
0.745798
0.757748
0.785789
0.720148
0.727433
0.741528
0.25969
0.266122
0.283227
0.312305
0.315978
0.330122
0.366915
0.369505
0.384778
0.422402
0.42506
0.443002
0.477786
0.481252
0.501996
0.53277
0.537567
0.560453
0.588641
0.595127
0.619172
0.651068
0.65969
0.684676
0.745813
0.757757
0.785791
0.72019
0.727467
0.741549
0.259746
0.266139
0.28318
0.312191
0.315845
0.329966
0.366719
0.369299
0.384567
0.422189
0.42484
0.442788
0.477597
0.48106
0.501814
0.532627
0.537424
0.560318
0.588553
0.595038
0.619087
0.651033
0.659652
0.684636
0.745828
0.757766
0.785793
0.720231
0.727499
0.741568
0.259795
0.266149
0.283128
0.312072
0.315708
0.329808
0.366521
0.369092
0.384356
0.421975
0.424622
0.442574
0.477408
0.480869
0.501632
0.532485
0.537281
0.560183
0.588466
0.594949
0.619002
0.650997
0.659614
0.684596
0.745841
0.757774
0.785794
0.72027
0.72753
0.741587
0.259835
0.266151
0.283071
0.311949
0.315569
0.329647
0.366322
0.368884
0.384145
0.42176
0.424403
0.442362
0.477219
0.480679
0.501451
0.532344
0.537139
0.56005
0.588378
0.594861
0.618918
0.650962
0.659576
0.684556
0.745854
0.757782
0.785794
0.720307
0.72756
0.741605
0.259867
0.266147
0.283008
0.311822
0.315425
0.329484
0.36612
0.368675
0.383933
0.421546
0.424185
0.44215
0.477031
0.48049
0.501271
0.532202
0.536999
0.559917
0.588291
0.594774
0.618834
0.650926
0.659538
0.684516
0.745866
0.757789
0.785794
0.720343
0.727588
0.741621
0.259891
0.266135
0.28294
0.311691
0.315279
0.329319
0.365917
0.368465
0.383722
0.421331
0.423967
0.441939
0.476843
0.480302
0.501093
0.532062
0.536859
0.559786
0.588204
0.594687
0.618751
0.65089
0.6595
0.684476
0.745877
0.757796
0.785794
0.720378
0.727615
0.741637
0.259907
0.266118
0.282867
0.311557
0.31513
0.329152
0.365713
0.368254
0.38351
0.421115
0.42375
0.441729
0.476655
0.480115
0.500915
0.531921
0.53672
0.559655
0.588118
0.594601
0.618668
0.650854
0.659463
0.684436
0.745888
0.757802
0.785793
0.720411
0.727641
0.741651
0.259917
0.266094
0.28279
0.311419
0.314979
0.328984
0.365507
0.368043
0.383298
0.4209
0.423533
0.44152
0.476467
0.479928
0.500739
0.531781
0.536582
0.559525
0.588031
0.594516
0.618586
0.650818
0.659426
0.684397
0.745898
0.757808
0.785792
0.720443
0.727666
0.741665
0.259919
0.266064
0.282708
0.311277
0.314824
0.328813
0.3653
0.367831
0.383086
0.420684
0.423317
0.441311
0.47628
0.479743
0.500564
0.531642
0.536445
0.559397
0.587945
0.594431
0.618505
0.650782
0.659388
0.684358
0.745907
0.757813
0.78579
0.720474
0.72769
0.741678
0.259914
0.266028
0.282622
0.311132
0.314667
0.32864
0.365091
0.367619
0.382874
0.420469
0.423101
0.441104
0.476093
0.479558
0.50039
0.531503
0.536309
0.559269
0.587859
0.594347
0.618424
0.650745
0.659351
0.684318
0.745916
0.757818
0.785788
0.720503
0.727712
0.74169
0.259903
0.265987
0.282531
0.310984
0.314508
0.328466
0.364882
0.367406
0.382662
0.420253
0.422886
0.440897
0.475907
0.479375
0.500217
0.531364
0.536174
0.559142
0.587773
0.594264
0.618344
0.650709
0.659315
0.684279
0.745924
0.757822
0.785785
0.720531
0.727734
0.741701
0.259885
0.26594
0.282437
0.310833
0.314346
0.328291
0.364671
0.367192
0.38245
0.420037
0.422672
0.440691
0.475721
0.479192
0.500045
0.531226
0.53604
0.559016
0.587688
0.594181
0.618265
0.650672
0.659278
0.684241
0.745931
0.757826
0.785783
0.720558
0.727755
0.741712
0.259861
0.265887
0.282338
0.310679
0.314182
0.328113
0.36446
0.366979
0.382238
0.419821
0.422458
0.440486
0.475535
0.47901
0.499874
0.531089
0.535906
0.558891
0.587603
0.594098
0.618186
0.650635
0.659242
0.684202
0.745938
0.75783
0.785779
0.720583
0.727774
0.741722
0.259831
0.26583
0.282236
0.310522
0.314015
0.327935
0.364247
0.366765
0.382027
0.419606
0.422244
0.440282
0.47535
0.47883
0.499704
0.530951
0.535774
0.558767
0.587518
0.594016
0.618108
0.650599
0.659205
0.684164
0.745944
0.757833
0.785776
0.720608
0.727793
0.741731
0.259795
0.265767
0.28213
0.310363
0.313847
0.327755
0.364034
0.36655
0.381815
0.41939
0.422031
0.440079
0.475166
0.47865
0.499535
0.530815
0.535642
0.558644
0.587433
0.593935
0.61803
0.650562
0.659169
0.684125
0.745949
0.757836
0.785772
0.720631
0.727811
0.741739
0.259753
0.2657
0.282021
0.310201
0.313677
0.327574
0.36382
0.366335
0.381604
0.419175
0.421819
0.439877
0.474981
0.478471
0.499367
0.530678
0.535511
0.558521
0.587349
0.593854
0.617953
0.650525
0.659133
0.684087
0.745954
0.757838
0.785768
0.720654
0.727828
0.741747
0.259706
0.265628
0.281908
0.310036
0.313504
0.327391
0.363605
0.366121
0.381392
0.418959
0.421608
0.439675
0.474798
0.478293
0.499201
0.530543
0.535381
0.5584
0.587265
0.593774
0.617876
0.650488
0.659097
0.684049
0.745959
0.757841
0.785764
0.720675
0.727844
0.741754
0.259654
0.265551
0.281792
0.30987
0.31333
0.327207
0.363389
0.365905
0.381181
0.418744
0.421397
0.439474
0.474614
0.478116
0.499035
0.530407
0.535252
0.558279
0.587181
0.593695
0.6178
0.650451
0.659061
0.684012
0.745962
0.757842
0.785759
0.720696
0.72786
0.74176
0.259596
0.26547
0.281673
0.3097
0.313154
0.327022
0.363173
0.36569
0.380971
0.418529
0.421186
0.439275
0.474432
0.477939
0.49887
0.530273
0.535124
0.558159
0.587098
0.593615
0.617725
0.650414
0.659026
0.683974
0.745966
0.757844
0.785754
0.720715
0.727874
0.741766
0.259533
0.265385
0.28155
0.309529
0.312977
0.326836
0.362956
0.365475
0.38076
0.418314
0.420976
0.439076
0.47425
0.477764
0.498706
0.530138
0.534996
0.558041
0.587014
0.593537
0.61765
0.650376
0.65899
0.683937
0.745969
0.757845
0.785749
0.720734
0.727888
0.741771
0.259465
0.265295
0.281425
0.309356
0.312798
0.326649
0.362739
0.365259
0.38055
0.4181
0.420767
0.438877
0.474068
0.477589
0.498544
0.530004
0.534869
0.557922
0.586931
0.593459
0.617575
0.650339
0.658955
0.6839
0.745971
0.757846
0.785744
0.720751
0.727901
0.741775
0.259393
0.265202
0.281297
0.30918
0.312617
0.326462
0.362521
0.365044
0.380339
0.417885
0.420559
0.43868
0.473887
0.477415
0.498382
0.529871
0.534743
0.557805
0.586849
0.593381
0.617501
0.650302
0.65892
0.683863
0.745973
0.757846
0.785738
0.720768
0.727913
0.741779
0.259316
0.265104
0.281165
0.309003
0.312435
0.326273
0.362303
0.364828
0.380129
0.417671
0.420351
0.438484
0.473706
0.477243
0.498221
0.529738
0.534618
0.557688
0.586766
0.593304
0.617428
0.650265
0.658885
0.683826
0.745975
0.757846
0.785732
0.720784
0.727925
0.741783
0.259234
0.265003
0.281032
0.308824
0.312251
0.326083
0.362084
0.364612
0.37992
0.417458
0.420144
0.438288
0.473526
0.47707
0.498061
0.529606
0.534493
0.557573
0.586684
0.593227
0.617355
0.650227
0.65885
0.683789
0.745976
0.757846
0.785726
0.720799
0.727935
0.741786
0.259148
0.264898
0.280895
0.308642
0.312066
0.325892
0.361865
0.364396
0.37971
0.417244
0.419937
0.438093
0.473346
0.476899
0.497902
0.529474
0.534369
0.557458
0.586602
0.593151
0.617282
0.65019
0.658815
0.683753
0.745977
0.757846
0.78572
0.720813
0.727946
0.741788
0.259058
0.264789
0.280756
0.30846
0.31188
0.3257
0.361646
0.364181
0.379501
0.417031
0.419731
0.437899
0.473167
0.476729
0.497743
0.529342
0.534246
0.557343
0.586521
0.593075
0.61721
0.650152
0.65878
0.683717
0.745977
0.757845
0.785714
0.720827
0.727955
0.74179
0.258964
0.264677
0.280615
0.308275
0.311692
0.325508
0.361427
0.363965
0.379292
0.416818
0.419526
0.437705
0.472989
0.476559
0.497586
0.529211
0.534123
0.55723
0.586439
0.593
0.617139
0.650115
0.658746
0.68368
0.745977
0.757844
0.785707
0.72084
0.727964
0.741791
0.258866
0.264562
0.280471
0.308089
0.311503
0.325315
0.361207
0.363749
0.379084
0.416606
0.419321
0.437513
0.472811
0.47639
0.49743
0.529081
0.534001
0.557117
0.586358
0.592925
0.617068
0.650078
0.658711
0.683644
0.745976
0.757843
0.7857
0.720852
0.727972
0.741792
0.258764
0.264443
0.280324
0.307902
0.311313
0.325121
0.360987
0.363533
0.378876
0.416394
0.419117
0.437321
0.472634
0.476222
0.497274
0.528951
0.53388
0.557004
0.586277
0.59285
0.616997
0.65004
0.658677
0.683608
0.745975
0.757841
0.785693
0.720863
0.72798
0.741793
0.258658
0.264321
0.280176
0.307713
0.311122
0.324927
0.360766
0.363318
0.378668
0.416183
0.418913
0.43713
0.472457
0.476054
0.497119
0.528822
0.533759
0.556893
0.586197
0.592776
0.616927
0.650003
0.658642
0.683573
0.745974
0.75784
0.785686
0.720874
0.727987
0.741793
0.258548
0.264197
0.280025
0.307522
0.31093
0.324731
0.360546
0.363102
0.37846
0.415972
0.41871
0.436939
0.472281
0.475888
0.496965
0.528693
0.533639
0.556782
0.586117
0.592702
0.616857
0.649965
0.658608
0.683537
0.745973
0.757837
0.785678
0.720884
0.727994
0.741793
0.258435
0.264069
0.279872
0.307331
0.310737
0.324535
0.360325
0.362886
0.378252
0.415761
0.418508
0.43675
0.472105
0.475722
0.496811
0.528564
0.533519
0.556671
0.586037
0.592629
0.616787
0.649928
0.658574
0.683501
0.745971
0.757835
0.78567
0.720893
0.728
0.741792
0.258319
0.263938
0.279717
0.307138
0.310543
0.324339
0.360105
0.362671
0.378045
0.415551
0.418306
0.436561
0.47193
0.475556
0.496659
0.528436
0.5334
0.556562
0.585957
0.592556
0.616718
0.649891
0.65854
0.683466
0.745968
0.757833
0.785663
0.720902
0.728005
0.741791
0.258199
0.263804
0.279561
0.306944
0.310347
0.324142
0.359884
0.362456
0.377838
0.415341
0.418105
0.436372
0.471755
0.475392
0.496507
0.528309
0.533282
0.556453
0.585878
0.592483
0.616649
0.649853
0.658506
0.683431
0.745966
0.75783
0.785655
0.72091
0.72801
0.741789
0.258076
0.263668
0.279402
0.306748
0.310151
0.323944
0.359663
0.362241
0.377632
0.415131
0.417905
0.436185
0.471582
0.475228
0.496355
0.528182
0.533164
0.556344
0.585799
0.592411
0.616581
0.649816
0.658472
0.683396
0.745963
0.757827
0.785646
0.720918
0.728015
0.741787
0.25795
0.263529
0.279241
0.306552
0.309954
0.323746
0.359442
0.362026
0.377425
0.414922
0.417705
0.435998
0.471408
0.475065
0.496205
0.528055
0.533047
0.556236
0.58572
0.592338
0.616513
0.649778
0.658438
0.683361
0.74596
0.757823
0.785638
0.720925
0.728019
0.741785
0.257821
0.263388
0.279079
0.306354
0.309756
0.323547
0.359221
0.361811
0.377219
0.414714
0.417505
0.435811
0.471235
0.474902
0.496055
0.527929
0.53293
0.556128
0.585641
0.592267
0.616445
0.649741
0.658404
0.683326
0.745957
0.75782
0.785629
0.720931
0.728022
0.741782
0.257689
0.263244
0.278915
0.306156
0.309558
0.323348
0.359
0.361596
0.377014
0.414506
0.417307
0.435625
0.471063
0.47474
0.495906
0.527804
0.532814
0.556021
0.585563
0.592195
0.616378
0.649704
0.658371
0.683291
0.745953
0.757816
0.785621
0.720937
0.728025
0.741779
0.257555
0.263098
0.278749
0.305956
0.309359
0.323148
0.35878
0.361381
0.376808
0.414299
0.417108
0.43544
0.470892
0.474579
0.495757
0.527678
0.532699
0.555915
0.585485
0.592124
0.616311
0.649666
0.658337
0.683256
0.745949
0.757812
0.785612
0.720942
0.728028
0.741776
0.257417
0.262949
0.278581
0.305756
0.309158
0.322948
0.358559
0.361167
0.376603
0.414092
0.416911
0.435256
0.470721
0.474418
0.495609
0.527554
0.532584
0.555809
0.585407
0.592053
0.616244
0.649629
0.658303
0.683221
0.745945
0.757808
0.785603
0.720947
0.72803
0.741772
0.257277
0.262798
0.278412
0.305554
0.308958
0.322748
0.358338
0.360953
0.376398
0.413885
0.416714
0.435072
0.47055
0.474258
0.495462
0.52743
0.532469
0.555704
0.58533
0.591983
0.616178
0.649592
0.65827
0.683187
0.74594
0.757804
0.785593
0.720952
0.728032
0.741768
0.257134
0.262645
0.278241
0.305352
0.308756
0.322547
0.358118
0.360739
0.376194
0.413679
0.416517
0.434889
0.47038
0.474099
0.495315
0.527306
0.532355
0.555599
0.585253
0.591912
0.616111
0.649555
0.658236
0.683152
0.745936
0.757799
0.785584
0.720955
0.728033
0.741763
0.256989
0.26249
0.278069
0.305149
0.308554
0.322346
0.357897
0.360525
0.37599
0.413473
0.416321
0.434706
0.470211
0.47394
0.495169
0.527182
0.532241
0.555494
0.585176
0.591842
0.616045
0.649518
0.658203
0.683118
0.745931
0.757794
0.785575
0.720959
0.728034
0.741759
0.256841
0.262333
0.277896
0.304945
0.308352
0.322144
0.357677
0.360312
0.375786
0.413268
0.416126
0.434524
0.470042
0.473782
0.495024
0.52706
0.532128
0.55539
0.585099
0.591772
0.61598
0.64948
0.658169
0.683083
0.745926
0.757789
0.785565
0.720962
0.728035
0.741754
0.256691
0.262174
0.277721
0.304741
0.308148
0.321942
0.357457
0.360098
0.375582
0.413064
0.415931
0.434342
0.469874
0.473624
0.494879
0.526937
0.532015
0.555286
0.585022
0.591703
0.615914
0.649443
0.658136
0.683049
0.74592
0.757784
0.785555
0.720964
0.728035
0.741749
0.256539
0.262013
0.277545
0.304536
0.307945
0.32174
0.357237
0.359885
0.375379
0.41286
0.415737
0.434161
0.469706
0.473467
0.494734
0.526815
0.531903
0.555183
0.584946
0.591634
0.615849
0.649406
0.658103
0.683015
0.745914
0.757779
0.785545
0.720967
0.728035
0.741743
0.256385
0.26185
0.277367
0.30433
0.30774
0.321537
0.357017
0.359672
0.375176
0.412656
0.415543
0.433981
0.469539
0.47331
0.494591
0.526694
0.531791
0.55508
0.58487
0.591565
0.615784
0.649369
0.658069
0.682981
0.745908
0.757773
0.785535
0.720968
0.728034
0.741737
0.256229
0.261685
0.277189
0.304123
0.307536
0.321335
0.356797
0.35946
0.374973
0.412453
0.41535
0.433801
0.469372
0.473154
0.494447
0.526572
0.531679
0.554978
0.584794
0.591496
0.61572
0.649332
0.658036
0.682946
0.745902
0.757767
0.785525
0.72097
0.728033
0.741731
0.25607
0.261519
0.277009
0.303916
0.30733
0.321131
0.356578
0.359247
0.374771
0.412251
0.415157
0.433621
0.469206
0.472999
0.494304
0.526452
0.531568
0.554876
0.584719
0.591427
0.615655
0.649295
0.658003
0.682912
0.745896
0.75776
0.785515
0.720971
0.728032
0.741725
0.25591
0.261351
0.276828
0.303709
0.307125
0.320928
0.356358
0.359035
0.374569
0.412049
0.414965
0.433442
0.469041
0.472844
0.494162
0.526331
0.531457
0.554774
0.584643
0.591359
0.615591
0.649258
0.657969
0.682878
0.745889
0.757754
0.785504
0.720971
0.72803
0.741718
0.255747
0.261181
0.276645
0.303501
0.306919
0.320725
0.356139
0.358823
0.374367
0.411847
0.414773
0.433264
0.468876
0.472689
0.49402
0.526211
0.531347
0.554673
0.584568
0.591291
0.615527
0.649221
0.657936
0.682845
0.745881
0.757747
0.785494
0.720971
0.728029
0.741712
0.255583
0.26101
0.276462
0.303292
0.306713
0.320521
0.35592
0.358612
0.374166
0.411646
0.414582
0.433086
0.468711
0.472535
0.493879
0.526092
0.531237
0.554572
0.584493
0.591223
0.615463
0.649184
0.657903
0.682811
0.745874
0.75774
0.785483
0.720971
0.728026
0.741705
0.255417
0.260838
0.276278
0.303083
0.306506
0.320317
0.355702
0.3584
0.373965
0.411446
0.414391
0.432909
0.468547
0.472382
0.493738
0.525973
0.531127
0.554472
0.584419
0.591155
0.6154
0.649147
0.657869
0.682777
0.745866
0.757732
0.785472
0.72097
0.728024
0.741697
0.25525
0.260664
0.276093
0.302874
0.306299
0.320113
0.355483
0.358189
0.373764
0.411246
0.414201
0.432732
0.468383
0.472229
0.493598
0.525854
0.531018
0.554371
0.584344
0.591087
0.615337
0.64911
0.657836
0.682743
0.745858
0.757725
0.785461
0.720969
0.728021
0.74169
0.255081
0.260488
0.275907
0.302664
0.306092
0.319909
0.355265
0.357979
0.373564
0.411046
0.414011
0.432556
0.46822
0.472076
0.493458
0.525735
0.530909
0.554272
0.58427
0.591019
0.615273
0.649073
0.657803
0.682709
0.74585
0.757717
0.78545
0.720968
0.728018
0.741682
0.25491
0.260311
0.27572
0.302454
0.305884
0.319705
0.355047
0.357768
0.373364
0.410847
0.413822
0.43238
0.468058
0.471924
0.493319
0.525617
0.5308
0.554172
0.584196
0.590952
0.61521
0.649036
0.657769
0.682676
0.745842
0.757709
0.785438
0.720966
0.728014
0.741674
0.254738
0.260134
0.275532
0.302243
0.305676
0.3195
0.35483
0.357558
0.373164
0.410648
0.413634
0.432204
0.467896
0.471773
0.49318
0.525499
0.530692
0.554073
0.584122
0.590885
0.615148
0.648998
0.657736
0.682642
0.745834
0.757701
0.785426
0.720964
0.72801
0.741666
0.254564
0.259954
0.275343
0.302032
0.305468
0.319296
0.354613
0.357348
0.372965
0.41045
0.413445
0.432029
0.467734
0.471622
0.493041
0.525382
0.530584
0.553974
0.584048
0.590818
0.615085
0.648961
0.657702
0.682608
0.745825
0.757693
0.785415
0.720962
0.728006
0.741658
0.254389
0.259774
0.275154
0.301821
0.30526
0.319091
0.354396
0.357139
0.372766
0.410253
0.413258
0.431855
0.467573
0.471471
0.492903
0.525265
0.530476
0.553875
0.583974
0.590751
0.615022
0.648924
0.657669
0.682575
0.745816
0.757685
0.785403
0.720959
0.728002
0.74165
0.254212
0.259593
0.274963
0.30161
0.305051
0.318886
0.354179
0.35693
0.372567
0.410056
0.41307
0.431681
0.467412
0.471321
0.492765
0.525148
0.530369
0.553777
0.583901
0.590684
0.61496
0.648887
0.657635
0.682541
0.745807
0.757676
0.785391
0.720956
0.727998
0.741641
0.254035
0.25941
0.274772
0.301398
0.304843
0.318682
0.353963
0.356721
0.372368
0.409859
0.412884
0.431507
0.467252
0.471171
0.492628
0.525032
0.530262
0.553679
0.583827
0.590618
0.614898
0.64885
0.657602
0.682507
0.745798
0.757668
0.785378
0.720953
0.727993
0.741632
0.253856
0.259226
0.274581
0.301186
0.304634
0.318477
0.353746
0.356512
0.37217
0.409663
0.412697
0.431334
0.467092
0.471022
0.492491
0.524915
0.530155
0.553581
0.583754
0.590551
0.614836
0.648812
0.657568
0.682474
0.745789
0.757659
0.785366
0.72095
0.727988
0.741623
0.253675
0.259042
0.274389
0.300974
0.304425
0.318272
0.353531
0.356304
0.371972
0.409467
0.412512
0.431161
0.466933
0.470873
0.492354
0.5248
0.530049
0.553484
0.583681
0.590485
0.614774
0.648775
0.657534
0.68244
0.74578
0.75765
0.785354
0.720946
0.727982
0.741614
0.253494
0.258856
0.274196
0.300762
0.304216
0.318067
0.353315
0.356096
0.371775
0.409272
0.412326
0.430989
0.466774
0.470724
0.492218
0.524684
0.529942
0.553386
0.583608
0.590419
0.614712
0.648738
0.657501
0.682406
0.74577
0.757641
0.785341
0.720942
0.727977
0.741604
0.253312
0.25867
0.274002
0.300549
0.304007
0.317862
0.3531
0.355888
0.371578
0.409078
0.412141
0.430817
0.466615
0.470576
0.492082
0.524569
0.529836
0.553289
0.583535
0.590352
0.61465
0.648701
0.657467
0.682373
0.74576
0.757631
0.785329
0.720938
0.727971
0.741595
0.253128
0.258483
0.273808
0.300337
0.303798
0.317658
0.352885
0.355681
0.371381
0.408883
0.411957
0.430645
0.466457
0.470428
0.491946
0.524454
0.52973
0.553193
0.583462
0.590286
0.614589
0.648663
0.657434
0.682339
0.74575
0.757622
0.785316
0.720933
0.727965
0.741585
0.252944
0.258295
0.273614
0.300124
0.303589
0.317453
0.352671
0.355474
0.371184
0.40869
0.411773
0.430474
0.4663
0.470281
0.491811
0.524339
0.529625
0.553096
0.58339
0.59022
0.614527
0.648626
0.6574
0.682305
0.74574
0.757613
0.785303
0.720928
0.727959
0.741575
0.252758
0.258106
0.273418
0.299912
0.303379
0.317248
0.352457
0.355268
0.370988
0.408497
0.411589
0.430304
0.466142
0.470134
0.491676
0.524225
0.52952
0.553
0.583317
0.590154
0.614466
0.648589
0.657366
0.682272
0.74573
0.757603
0.78529
0.720923
0.727953
0.741565
0.252572
0.257916
0.273223
0.299699
0.30317
0.317043
0.352243
0.355061
0.370792
0.408304
0.411406
0.430133
0.465985
0.469987
0.491542
0.52411
0.529415
0.552903
0.583245
0.590089
0.614405
0.648551
0.657332
0.682238
0.74572
0.757594
0.785277
0.720918
0.727946
0.741555
0.252385
0.257726
0.273027
0.299486
0.302961
0.316839
0.35203
0.354856
0.370597
0.408111
0.411223
0.429963
0.465829
0.469841
0.491407
0.523997
0.52931
0.552807
0.583173
0.590023
0.614343
0.648514
0.657299
0.682204
0.74571
0.757584
0.785265
0.720913
0.72794
0.741545
0.252197
0.257535
0.27283
0.299273
0.302752
0.316634
0.351817
0.35465
0.370402
0.407919
0.411041
0.429794
0.465673
0.469695
0.491273
0.523883
0.529205
0.552712
0.583101
0.589957
0.614282
0.648476
0.657265
0.682171
0.745699
0.757574
0.785252
0.720907
0.727933
0.741534
0.252008
0.257343
0.272634
0.29906
0.302542
0.31643
0.351604
0.354445
0.370207
0.407728
0.410859
0.429624
0.465517
0.469549
0.49114
0.523769
0.529101
0.552616
0.583028
0.589892
0.614221
0.648439
0.657231
0.682137
0.745688
0.757564
0.785239
0.720901
0.727926
0.741524
0.251818
0.257151
0.272436
0.298847
0.302333
0.316225
0.351392
0.35424
0.370012
0.407537
0.410678
0.429456
0.465362
0.469404
0.491006
0.523656
0.528996
0.552521
0.582956
0.589826
0.61416
0.648401
0.657197
0.682103
0.745678
0.757554
0.785225
0.720895
0.727918
0.741513
0.251628
0.256958
0.272239
0.298634
0.302124
0.316021
0.35118
0.354035
0.369818
0.407346
0.410497
0.429287
0.465207
0.469259
0.490873
0.523543
0.528892
0.552425
0.582885
0.589761
0.614099
0.648364
0.657163
0.68207
0.745667
0.757544
0.785212
0.720889
0.727911
0.741503
0.251437
0.256764
0.272041
0.298421
0.301915
0.315817
0.350968
0.353831
0.369624
0.407156
0.410316
0.429119
0.465052
0.469114
0.49074
0.52343
0.528788
0.55233
0.582813
0.589695
0.614038
0.648326
0.657129
0.682036
0.745656
0.757534
0.785199
0.720882
0.727903
0.741492
0.251245
0.25657
0.271843
0.298209
0.301706
0.315613
0.350757
0.353628
0.369431
0.406967
0.410136
0.428951
0.464898
0.46897
0.490607
0.523318
0.528685
0.552235
0.582741
0.58963
0.613977
0.648289
0.657095
0.682002
0.745645
0.757524
0.785186
0.720876
0.727896
0.741481
0.251053
0.256376
0.271644
0.297996
0.301497
0.315409
0.350546
0.353424
0.369237
0.406777
0.409956
0.428783
0.464744
0.468825
0.490475
0.523205
0.528581
0.55214
0.582669
0.589564
0.613917
0.648251
0.657061
0.681969
0.745634
0.757513
0.785173
0.720869
0.727888
0.74147
0.25086
0.256181
0.271446
0.297783
0.301288
0.315205
0.350336
0.353221
0.369044
0.406589
0.409777
0.428616
0.46459
0.468682
0.490343
0.523093
0.528478
0.552045
0.582597
0.589499
0.613856
0.648214
0.657027
0.681935
0.745623
0.757503
0.785159
0.720862
0.72788
0.741459
0.250666
0.255985
0.271247
0.297571
0.301079
0.315001
0.350125
0.353018
0.368852
0.4064
0.409597
0.428449
0.464437
0.468538
0.490211
0.522981
0.528374
0.551951
0.582526
0.589434
0.613795
0.648176
0.656993
0.681901
0.745612
0.757492
0.785146
0.720854
0.727871
0.741447
0.250473
0.25579
0.271047
0.297358
0.30087
0.314798
0.349916
0.352816
0.368659
0.406212
0.409419
0.428283
0.464284
0.468395
0.490079
0.522869
0.528271
0.551856
0.582454
0.589368
0.613734
0.648138
0.656959
0.681868
0.7456
0.757481
0.785133
0.720847
0.727863
0.741436
0.250278
0.255593
0.270848
0.297146
0.300662
0.314594
0.349706
0.352614
0.368467
0.406025
0.40924
0.428116
0.464131
0.468252
0.489947
0.522757
0.528168
0.551762
0.582383
0.589303
0.613674
0.648101
0.656925
0.681834
0.745589
0.757471
0.785119
0.72084
0.727855
0.741425
0.250083
0.255397
0.270649
0.296933
0.300453
0.314391
0.349498
0.352412
0.368275
0.405838
0.409062
0.42795
0.463979
0.468109
0.489816
0.522646
0.528065
0.551667
0.582311
0.589238
0.613613
0.648063
0.656891
0.6818
0.745577
0.75746
0.785106
0.720832
0.727846
0.741413
0.249888
0.2552
0.270449
0.296721
0.300245
0.314188
0.349289
0.352211
0.368084
0.405651
0.408885
0.427785
0.463827
0.467967
0.489685
0.522535
0.527963
0.551573
0.58224
0.589173
0.613552
0.648025
0.656856
0.681766
0.745565
0.757449
0.785092
0.720824
0.727837
0.741402
0.249692
0.255003
0.270249
0.296509
0.300037
0.313985
0.349081
0.35201
0.367893
0.405465
0.408708
0.427619
0.463675
0.467824
0.489554
0.522423
0.52786
0.551479
0.582168
0.589107
0.613492
0.647987
0.656822
0.681733
0.745553
0.757438
0.785079
0.720816
0.727828
0.74139
0.249496
0.254806
0.270049
0.296298
0.299829
0.313782
0.348873
0.351809
0.367702
0.405279
0.408531
0.427454
0.463524
0.467682
0.489423
0.522312
0.527757
0.551385
0.582097
0.589042
0.613431
0.647949
0.656788
0.681699
0.745542
0.757427
0.785065
0.720808
0.727819
0.741378
0.2493
0.254608
0.269849
0.296086
0.299621
0.313579
0.348666
0.351609
0.367511
0.405093
0.408354
0.427289
0.463372
0.467541
0.489292
0.522201
0.527655
0.551291
0.582025
0.588977
0.61337
0.647911
0.656753
0.681665
0.74553
0.757415
0.785051
0.720799
0.72781
0.741366
0.249103
0.25441
0.269649
0.295874
0.299414
0.313377
0.348459
0.351409
0.367321
0.404908
0.408178
0.427124
0.463222
0.467399
0.489162
0.522091
0.527553
0.551196
0.581954
0.588912
0.613309
0.647873
0.656719
0.681631
0.745517
0.757404
0.785038
0.720791
0.727801
0.741354
0.248906
0.254212
0.269448
0.295663
0.299206
0.313175
0.348252
0.35121
0.367131
0.404723
0.408002
0.42696
0.463071
0.467258
0.489031
0.52198
0.52745
0.551102
0.581883
0.588847
0.613249
0.647835
0.656684
0.681597
0.745505
0.757393
0.785024
0.720782
0.727791
0.741342
0.248708
0.254013
0.269248
0.295452
0.298999
0.312973
0.348046
0.351011
0.366941
0.404539
0.407826
0.426796
0.462921
0.467117
0.488901
0.521869
0.527348
0.551008
0.581811
0.588781
0.613188
0.647797
0.65665
0.681563
0.745493
0.757381
0.78501
0.720774
0.727782
0.74133
0.248511
0.253815
0.269047
0.295241
0.298792
0.312771
0.34784
0.350812
0.366752
0.404355
0.407651
0.426632
0.46277
0.466976
0.488771
0.521759
0.527246
0.550914
0.58174
0.588716
0.613127
0.647759
0.656615
0.681529
0.745481
0.757369
0.784996
0.720765
0.727772
0.741318
0.248313
0.253616
0.268847
0.295031
0.298585
0.312569
0.347635
0.350613
0.366563
0.404171
0.407476
0.426468
0.462621
0.466835
0.488641
0.521649
0.527144
0.55082
0.581668
0.588651
0.613066
0.647721
0.65658
0.681495
0.745468
0.757358
0.784982
0.720756
0.727762
0.741306
0.248115
0.253417
0.268647
0.29482
0.298379
0.312368
0.34743
0.350415
0.366374
0.403988
0.407302
0.426304
0.462471
0.466695
0.488511
0.521538
0.527042
0.550727
0.581597
0.588585
0.613005
0.647682
0.656546
0.681461
0.745455
0.757346
0.784968
0.720747
0.727753
0.741294
0.247917
0.253218
0.268446
0.29461
0.298173
0.312166
0.347225
0.350217
0.366185
0.403805
0.407127
0.426141
0.462321
0.466554
0.488381
0.521428
0.52694
0.550633
0.581526
0.58852
0.612944
0.647644
0.656511
0.681426
0.745443
0.757334
0.784954
0.720737
0.727743
0.741282
0.247718
0.253019
0.268246
0.2944
0.297966
0.311965
0.347021
0.35002
0.365997
0.403623
0.406953
0.425978
0.462172
0.466414
0.488251
0.521318
0.526838
0.550539
0.581454
0.588454
0.612883
0.647605
0.656476
0.681392
0.74543
0.757322
0.78494
0.720728
0.727733
0.741269
0.24752
0.25282
0.268045
0.29419
0.297761
0.311765
0.346817
0.349823
0.365809
0.40344
0.406779
0.425815
0.462023
0.466274
0.488122
0.521208
0.526736
0.550445
0.581383
0.588389
0.612822
0.647567
0.656441
0.681358
0.745417
0.75731
0.784926
0.720718
0.727722
0.741257
0.247321
0.252621
0.267845
0.293981
0.297555
0.311564
0.346614
0.349626
0.365621
0.403259
0.406606
0.425652
0.461875
0.466134
0.487992
0.521098
0.526634
0.550351
0.581311
0.588323
0.612761
0.647528
0.656405
0.681323
0.745404
0.757298
0.784912
0.720709
0.727712
0.741244
0.247122
0.252422
0.267644
0.293772
0.29735
0.311364
0.346411
0.34943
0.365433
0.403077
0.406433
0.42549
0.461726
0.465995
0.487863
0.520988
0.526532
0.550257
0.58124
0.588258
0.6127
0.647489
0.65637
0.681289
0.745391
0.757286
0.784898
0.720699
0.727702
0.741232
0.246924
0.252223
0.267444
0.293563
0.297144
0.311163
0.346208
0.349234
0.365246
0.402896
0.40626
0.425327
0.461578
0.465855
0.487733
0.520878
0.52643
0.550163
0.581168
0.588192
0.612638
0.647451
0.656335
0.681254
0.745378
0.757274
0.784883
0.720689
0.727691
0.741219
0.246725
0.252023
0.267243
0.293354
0.29694
0.310964
0.346006
0.349038
0.365059
0.402715
0.406087
0.425165
0.46143
0.465716
0.487604
0.520769
0.526328
0.550068
0.581096
0.588126
0.612577
0.647412
0.656299
0.68122
0.745365
0.757261
0.784869
0.720679
0.727681
0.741206
0.246526
0.251824
0.267043
0.293146
0.296735
0.310764
0.345804
0.348843
0.364872
0.402535
0.405915
0.425003
0.461282
0.465576
0.487475
0.520659
0.526227
0.549974
0.581024
0.58806
0.612516
0.647373
0.656264
0.681185
0.745351
0.757249
0.784855
0.720669
0.72767
0.741194
0.246327
0.251625
0.266843
0.292938
0.296531
0.310564
0.345603
0.348648
0.364686
0.402354
0.405743
0.424841
0.461134
0.465437
0.487345
0.520549
0.526125
0.54988
0.580953
0.587994
0.612454
0.647334
0.656228
0.68115
0.745338
0.757236
0.78484
0.720659
0.727659
0.741181
0.246128
0.251425
0.266643
0.29273
0.296327
0.310365
0.345401
0.348453
0.364499
0.402175
0.405571
0.42468
0.460986
0.465298
0.487216
0.520439
0.526023
0.549786
0.580881
0.587928
0.612392
0.647294
0.656192
0.681115
0.745324
0.757224
0.784826
0.720649
0.727649
0.741168
0.245929
0.251226
0.266443
0.292522
0.296123
0.310166
0.345201
0.348259
0.364313
0.401995
0.4054
0.424518
0.460839
0.465159
0.487087
0.52033
0.525921
0.549691
0.580809
0.587862
0.612331
0.647255
0.656156
0.68108
0.745311
0.757211
0.784811
0.720639
0.727638
0.741155
0.24573
0.251027
0.266243
0.292315
0.295919
0.309967
0.345
0.348065
0.364127
0.401816
0.405229
0.424357
0.460691
0.46502
0.486958
0.52022
0.525819
0.549597
0.580737
0.587796
0.612269
0.647216
0.65612
0.681045
0.745297
0.757198
0.784797
0.720628
0.727627
0.741142
0.245531
0.250828
0.266043
0.292108
0.295716
0.309769
0.3448
0.347871
0.363942
0.401637
0.405057
0.424196
0.460544
0.464882
0.486828
0.52011
0.525717
0.549503
0.580665
0.587729
0.612207
0.647176
0.656084
0.68101
0.745283
0.757185
0.784782
0.720618
0.727616
0.741129
0.245332
0.250629
0.265844
0.291902
0.295513
0.309571
0.344601
0.347678
0.363757
0.401458
0.404887
0.424035
0.460397
0.464743
0.486699
0.520001
0.525615
0.549408
0.580593
0.587663
0.612145
0.647136
0.656048
0.680975
0.745269
0.757172
0.784767
0.720607
0.727605
0.741116
0.245133
0.25043
0.265644
0.291696
0.29531
0.309373
0.344402
0.347485
0.363572
0.40128
0.404716
0.423874
0.460251
0.464604
0.48657
0.519891
0.525513
0.549313
0.58052
0.587596
0.612082
0.647097
0.656012
0.680939
0.745255
0.757159
0.784753
0.720596
0.727593
0.741103
0.244934
0.250231
0.265445
0.29149
0.295108
0.309175
0.344203
0.347292
0.363387
0.401102
0.404546
0.423713
0.460104
0.464466
0.486441
0.519781
0.525411
0.549219
0.580448
0.58753
0.61202
0.647057
0.655975
0.680904
0.745241
0.757146
0.784738
0.720585
0.727582
0.74109
0.244735
0.250032
0.265245
0.291284
0.294906
0.308977
0.344004
0.347099
0.363202
0.400924
0.404376
0.423552
0.459957
0.464328
0.486312
0.519672
0.525309
0.549124
0.580375
0.587463
0.611957
0.647017
0.655938
0.680868
0.745226
0.757133
0.784723
0.720575
0.727571
0.741077
0.244536
0.249833
0.265046
0.291079
0.294704
0.30878
0.343806
0.346907
0.363018
0.400747
0.404206
0.423392
0.459811
0.464189
0.486183
0.519562
0.525206
0.549029
0.580303
0.587396
0.611895
0.646976
0.655902
0.680832
0.745212
0.757119
0.784708
0.720564
0.727559
0.741064
0.244338
0.249634
0.264847
0.290874
0.294503
0.308583
0.343609
0.346716
0.362834
0.40057
0.404036
0.423231
0.459664
0.464051
0.486054
0.519452
0.525104
0.548934
0.58023
0.587329
0.611832
0.646936
0.655865
0.680797
0.745198
0.757106
0.784693
0.720552
0.727548
0.741051
0.244139
0.249436
0.264649
0.290669
0.294302
0.308386
0.343411
0.346524
0.36265
0.400393
0.403867
0.423071
0.459518
0.463913
0.485924
0.519342
0.525002
0.548838
0.580157
0.587261
0.611769
0.646896
0.655828
0.680761
0.745183
0.757092
0.784678
0.720541
0.727536
0.741038
0.243941
0.249238
0.26445
0.290465
0.294101
0.30819
0.343214
0.346333
0.362466
0.400216
0.403697
0.422911
0.459372
0.463775
0.485795
0.519233
0.524899
0.548743
0.580084
0.587194
0.611706
0.646855
0.65579
0.680724
0.745168
0.757078
0.784663
0.72053
0.727525
0.741024
0.243743
0.249039
0.264252
0.290261
0.2939
0.307994
0.343018
0.346142
0.362283
0.40004
0.403528
0.42275
0.459226
0.463636
0.485666
0.519123
0.524796
0.548648
0.580011
0.587126
0.611643
0.646814
0.655753
0.680688
0.745153
0.757065
0.784647
0.720519
0.727513
0.741011
0.243544
0.248841
0.264054
0.290057
0.2937
0.307798
0.342822
0.345952
0.362099
0.399863
0.403359
0.42259
0.45908
0.463498
0.485536
0.519013
0.524694
0.548552
0.579937
0.587058
0.611579
0.646773
0.655715
0.680652
0.745138
0.757051
0.784632
0.720507
0.727501
0.740998
0.243346
0.248644
0.263856
0.289854
0.2935
0.307602
0.342626
0.345762
0.361916
0.399688
0.403191
0.422431
0.458934
0.46336
0.485407
0.518903
0.524591
0.548456
0.579864
0.58699
0.611516
0.646732
0.655677
0.680615
0.745123
0.757037
0.784617
0.720496
0.727489
0.740984
0.243149
0.248446
0.263658
0.289651
0.2933
0.307406
0.34243
0.345572
0.361734
0.399512
0.403022
0.422271
0.458788
0.463222
0.485278
0.518793
0.524488
0.54836
0.57979
0.586922
0.611452
0.646691
0.655639
0.680578
0.745108
0.757022
0.784601
0.720484
0.727477
0.740971
0.242951
0.248248
0.26346
0.289449
0.293101
0.307211
0.342235
0.345382
0.361551
0.399337
0.402854
0.422111
0.458643
0.463084
0.485148
0.518682
0.524385
0.548264
0.579716
0.586854
0.611388
0.646649
0.655601
0.680542
0.745093
0.757008
0.784586
0.720473
0.727466
0.740957
0.242754
0.248051
0.263263
0.289246
0.292902
0.307016
0.34204
0.345193
0.361369
0.399161
0.402686
0.421951
0.458497
0.462946
0.485019
0.518572
0.524282
0.548168
0.579642
0.586785
0.611323
0.646608
0.655563
0.680505
0.745077
0.756994
0.78457
0.720461
0.727454
0.740944
0.242556
0.247854
0.263066
0.289045
0.292703
0.306822
0.341846
0.345004
0.361186
0.398986
0.402518
0.421792
0.458351
0.462808
0.484889
0.518462
0.524179
0.548071
0.579568
0.586717
0.611259
0.646566
0.655525
0.680467
0.745062
0.756979
0.784554
0.720449
0.727441
0.74093
0.242359
0.247657
0.262869
0.288843
0.292505
0.306627
0.341652
0.344815
0.361004
0.398812
0.40235
0.421632
0.458206
0.46267
0.484759
0.518351
0.524075
0.547975
0.579494
0.586648
0.611194
0.646524
0.655486
0.68043
0.745046
0.756965
0.784539
0.720438
0.727429
0.740917
0.242162
0.24746
0.262672
0.288642
0.292307
0.306433
0.341458
0.344627
0.360823
0.398637
0.402182
0.421473
0.45806
0.462532
0.48463
0.518241
0.523972
0.547878
0.579419
0.586579
0.61113
0.646481
0.655447
0.680392
0.74503
0.75695
0.784523
0.720426
0.727417
0.740903
0.241966
0.247264
0.262475
0.288441
0.292109
0.306239
0.341265
0.344438
0.360641
0.398463
0.402015
0.421313
0.457915
0.462394
0.4845
0.51813
0.523868
0.547781
0.579345
0.586509
0.611065
0.646439
0.655408
0.680355
0.745014
0.756935
0.784507
0.720414
0.727405
0.740889
0.241769
0.247068
0.262279
0.288241
0.291912
0.306046
0.341072
0.344251
0.36046
0.398289
0.401847
0.421154
0.45777
0.462256
0.48437
0.518019
0.523764
0.547684
0.57927
0.58644
0.610999
0.646396
0.655369
0.680317
0.744998
0.75692
0.784491
0.720402
0.727393
0.740876
0.241573
0.246872
0.262083
0.28804
0.291715
0.305852
0.340879
0.344063
0.360279
0.398115
0.40168
0.420995
0.457624
0.462118
0.48424
0.517908
0.52366
0.547586
0.579195
0.58637
0.610934
0.646354
0.655329
0.680279
0.744982
0.756905
0.784475
0.72039
0.72738
0.740862
0.241377
0.246676
0.261888
0.287841
0.291518
0.305659
0.340687
0.343876
0.360098
0.397942
0.401513
0.420835
0.457479
0.46198
0.484109
0.517797
0.523556
0.547489
0.579119
0.5863
0.610868
0.64631
0.655289
0.68024
0.744965
0.756889
0.784458
0.720377
0.727368
0.740848
0.241181
0.24648
0.261692
0.287641
0.291322
0.305467
0.340495
0.343689
0.359917
0.397768
0.401346
0.420676
0.457334
0.461842
0.483979
0.517686
0.523451
0.547391
0.579044
0.58623
0.610802
0.646267
0.655249
0.680202
0.744949
0.756874
0.784442
0.720365
0.727355
0.740834
0.240986
0.246285
0.261497
0.287442
0.291125
0.305274
0.340303
0.343502
0.359736
0.397595
0.401179
0.420517
0.457188
0.461703
0.483849
0.517575
0.523347
0.547293
0.578968
0.586159
0.610736
0.646224
0.655209
0.680163
0.744932
0.756859
0.784426
0.720353
0.727343
0.740821
0.240791
0.24609
0.261302
0.287244
0.29093
0.305082
0.340112
0.343316
0.359556
0.397422
0.401013
0.420358
0.457043
0.461565
0.483718
0.517463
0.523242
0.547195
0.578892
0.586088
0.610669
0.64618
0.655169
0.680125
0.744915
0.756843
0.784409
0.720341
0.72733
0.740807
0.240596
0.245895
0.261107
0.287046
0.290734
0.30489
0.339921
0.34313
0.359376
0.397249
0.400846
0.420199
0.456898
0.461427
0.483588
0.517352
0.523137
0.547096
0.578816
0.586017
0.610603
0.646136
0.655128
0.680085
0.744898
0.756827
0.784392
0.720328
0.727318
0.740793
0.240401
0.245701
0.260913
0.286848
0.290539
0.304698
0.33973
0.342944
0.359196
0.397076
0.40068
0.42004
0.456753
0.461289
0.483457
0.51724
0.523032
0.546998
0.578739
0.585946
0.610536
0.646092
0.655087
0.680046
0.744881
0.756811
0.784376
0.720316
0.727305
0.740779
0.240206
0.245507
0.260718
0.28665
0.290344
0.304507
0.33954
0.342758
0.359016
0.396904
0.400513
0.419881
0.456607
0.46115
0.483326
0.517128
0.522927
0.546899
0.578662
0.585874
0.610468
0.646048
0.655046
0.680007
0.744864
0.756795
0.784359
0.720303
0.727292
0.740765
0.240012
0.245313
0.260525
0.286453
0.29015
0.304316
0.33935
0.342573
0.358836
0.396732
0.400347
0.419722
0.456462
0.461012
0.483195
0.517016
0.522821
0.546799
0.578585
0.585803
0.610401
0.646003
0.655005
0.679967
0.744847
0.756779
0.784342
0.720291
0.727279
0.740751
0.239818
0.245119
0.260331
0.286256
0.289956
0.304125
0.33916
0.342388
0.358657
0.39656
0.400181
0.419563
0.456317
0.460873
0.483064
0.516904
0.522715
0.5467
0.578508
0.585731
0.610333
0.645958
0.654963
0.679927
0.744829
0.756762
0.784325
0.720278
0.727267
0.740737
0.239625
0.244926
0.260138
0.28606
0.289762
0.303934
0.338971
0.342203
0.358477
0.396388
0.400015
0.419404
0.456172
0.460735
0.482932
0.516791
0.522609
0.5466
0.578431
0.585658
0.610265
0.645913
0.654922
0.679887
0.744811
0.756746
0.784308
0.720265
0.727254
0.740723
0.239432
0.244733
0.259945
0.285864
0.289569
0.303744
0.338782
0.342018
0.358298
0.396216
0.39985
0.419245
0.456026
0.460596
0.482801
0.516679
0.522503
0.5465
0.578353
0.585585
0.610197
0.645867
0.654879
0.679846
0.744793
0.756729
0.78429
0.720253
0.727241
0.740709
0.239239
0.24454
0.259752
0.285668
0.289376
0.303554
0.338593
0.341834
0.358119
0.396045
0.399684
0.419086
0.455881
0.460457
0.482669
0.516566
0.522397
0.5464
0.578275
0.585512
0.610128
0.645822
0.654837
0.679806
0.744775
0.756712
0.784273
0.72024
0.727228
0.740695
0.239046
0.244348
0.259559
0.285473
0.289183
0.303364
0.338404
0.34165
0.35794
0.395873
0.399518
0.418927
0.455736
0.460319
0.482538
0.516453
0.52229
0.5463
0.578196
0.585439
0.610059
0.645776
0.654794
0.679765
0.744757
0.756695
0.784255
0.720227
0.727215
0.740681
0.238853
0.244155
0.259367
0.285278
0.288991
0.303175
0.338216
0.341466
0.357762
0.395702
0.399353
0.418768
0.45559
0.46018
0.482406
0.51634
0.522183
0.546199
0.578118
0.585366
0.609989
0.64573
0.654751
0.679724
0.744739
0.756678
0.784238
0.720214
0.727202
0.740667
0.238661
0.243964
0.259175
0.285083
0.288799
0.302986
0.338029
0.341283
0.357583
0.395531
0.399188
0.418609
0.455445
0.460041
0.482273
0.516226
0.522076
0.546098
0.578039
0.585292
0.60992
0.645683
0.654708
0.679682
0.74472
0.756661
0.78422
0.720201
0.727189
0.740653
0.23847
0.243772
0.258984
0.284889
0.288607
0.302797
0.337841
0.3411
0.357405
0.39536
0.399022
0.41845
0.4553
0.459902
0.482141
0.516113
0.521968
0.545996
0.57796
0.585217
0.60985
0.645636
0.654665
0.67964
0.744701
0.756643
0.784202
0.720188
0.727175
0.740639
0.238278
0.243581
0.258793
0.284695
0.288415
0.302608
0.337654
0.340917
0.357227
0.395189
0.398857
0.418291
0.455154
0.459762
0.482009
0.515999
0.521861
0.545895
0.57788
0.585143
0.60978
0.645589
0.654621
0.679599
0.744682
0.756626
0.784184
0.720175
0.727162
0.740624
0.238087
0.24339
0.258602
0.284502
0.288224
0.30242
0.337467
0.340734
0.357049
0.395019
0.398692
0.418132
0.455009
0.459623
0.481876
0.515885
0.521753
0.545793
0.5778
0.585068
0.609709
0.645542
0.654577
0.679556
0.744663
0.756608
0.784166
0.720162
0.727149
0.74061
0.237896
0.243199
0.258411
0.284309
0.288034
0.302232
0.337281
0.340552
0.356872
0.394849
0.398527
0.417974
0.454863
0.459484
0.481743
0.515771
0.521645
0.54569
0.57772
0.584993
0.609638
0.645494
0.654532
0.679514
0.744644
0.75659
0.784147
0.720149
0.727136
0.740596
0.237706
0.24301
0.258221
0.284117
0.287844
0.302045
0.337095
0.34037
0.356694
0.394679
0.398362
0.417815
0.454718
0.459344
0.48161
0.515656
0.521536
0.545587
0.57764
0.584917
0.609566
0.645446
0.654487
0.679471
0.744624
0.756571
0.784129
0.720135
0.727122
0.740582
0.237521
0.242825
0.258037
0.28393
0.28766
0.301863
0.336915
0.340194
0.356523
0.394514
0.398203
0.417661
0.454576
0.459209
0.48148
0.515544
0.521429
0.545486
0.57756
0.584842
0.609495
0.645398
0.654442
0.679427
0.744605
0.756553
0.78411
0.720123
0.727109
0.740568
0.0150085
0.0150066
0.015006
0.0150104
0.0150084
0.0150075
0.0150123
0.0150102
0.0150093
0.0150145
0.0150125
0.0150116
0.0150168
0.0150156
0.0150149
0.0150229
0.0150232
0.0150232
0.0150358
0.0150409
0.0150434
0.0151358
0.0151409
0.015145
0.0163926
0.015943
0.0158017
0.0839264
0.0644913
0.0571155
0.0150244
0.0150221
0.0150213
0.0150264
0.0150243
0.0150233
0.0150279
0.0150262
0.0150253
0.0150294
0.0150286
0.015028
0.0150311
0.0150318
0.0150321
0.0150399
0.0150437
0.0150455
0.0150608
0.0150713
0.0150764
0.0152597
0.0152442
0.0152407
0.0201832
0.0183018
0.0176613
0.213942
0.160079
0.138358
0.0150504
0.0150487
0.0150481
0.0150509
0.0150499
0.0150494
0.01505
0.0150501
0.0150501
0.0150484
0.0150501
0.0150509
0.0150457
0.01505
0.0150522
0.0150509
0.0150596
0.015064
0.0150722
0.0150886
0.0150963
0.0154507
0.0153857
0.0153637
0.0281787
0.0235135
0.0217884
0.379311
0.292184
0.254194
0.0150848
0.0150844
0.0150844
0.0150826
0.0150835
0.0150839
0.0150775
0.0150802
0.0150816
0.0150702
0.0150755
0.0150783
0.0150598
0.0150688
0.0150735
0.015055
0.0150704
0.015078
0.0150711
0.0150971
0.0151085
0.01575
0.0156004
0.0155452
0.0406312
0.0323578
0.0290373
0.543574
0.437885
0.387847
0.0151253
0.0151268
0.0151278
0.0151188
0.0151222
0.0151243
0.0151077
0.0151138
0.0151172
0.0150925
0.0151022
0.0151074
0.0150717
0.0150864
0.015094
0.015051
0.0150753
0.0150869
0.0150526
0.0150952
0.0151127
0.0161738
0.0159104
0.0158065
0.056293
0.0445473
0.039462
0.680371
0.574032
0.519378
0.0151687
0.015173
0.0151755
0.0151567
0.0151634
0.0151674
0.0151383
0.0151483
0.0151542
0.0151134
0.0151279
0.015136
0.0150799
0.0151012
0.0151122
0.0150377
0.0150732
0.0150899
0.0150108
0.0150789
0.0151057
0.0167266
0.0163248
0.0161599
0.0734474
0.0590272
0.052374
0.779285
0.685832
0.633679
0.0152127
0.0152204
0.0152248
0.0151943
0.0152047
0.0152111
0.0151676
0.0151818
0.0151904
0.0151317
0.0151514
0.0151627
0.0150832
0.015112
0.0151269
0.0150136
0.0150632
0.0150862
0.0149411
0.0150436
0.0150838
0.0174209
0.0168465
0.016609
0.090777
0.0745781
0.066747
0.841583
0.768055
0.723265
0.0152555
0.0152669
0.0152736
0.0152301
0.0152443
0.0152533
0.0151944
0.0152129
0.0152245
0.0151465
0.0151717
0.0151863
0.0150809
0.0151181
0.0151373
0.0149775
0.0150442
0.0150746
0.0148426
0.0149864
0.0150438
0.0182896
0.017485
0.0171576
0.107693
0.0902868
0.0816526
0.874047
0.822163
0.787069
0.0152957
0.0153112
0.0153202
0.0152631
0.0152811
0.0152928
0.015218
0.0152409
0.0152554
0.0151573
0.0151881
0.0152063
0.0150724
0.0151188
0.0151429
0.0149286
0.0150152
0.0150544
0.0147186
0.0149066
0.014984
0.0193878
0.0182635
0.0178184
0.124273
0.105715
0.0964981
0.884655
0.8529
0.827891
0.0153326
0.0153521
0.0153635
0.0152925
0.0153144
0.0153288
0.0152378
0.0152651
0.0152827
0.0151638
0.0152005
0.0152222
0.0150574
0.0151139
0.0151431
0.0148668
0.0149759
0.0150251
0.0145766
0.0148062
0.0149047
0.0207943
0.019221
0.0186165
0.141073
0.120861
0.111068
0.880467
0.865842
0.850139
0.0153655
0.0153891
0.015403
0.0153181
0.0153439
0.0153609
0.0152538
0.0152855
0.015306
0.0151659
0.0152086
0.015234
0.0150359
0.0151032
0.015138
0.0147925
0.0149259
0.0149862
0.0144281
0.0146899
0.0148082
0.0226173
0.0204116
0.0195899
0.158955
0.136048
0.125463
0.866976
0.866105
0.858381
0.0153945
0.015422
0.0154383
0.0153398
0.0153693
0.0153889
0.0152658
0.0153018
0.0153253
0.0151636
0.0152125
0.0152417
0.015008
0.0150867
0.0151275
0.0147066
0.0148656
0.0149379
0.0142891
0.014565
0.0146994
0.0250069
0.021907
0.0207888
0.178982
0.15181
0.140005
0.848152
0.857863
0.856635
0.0154193
0.0154507
0.0154693
0.0153576
0.0153907
0.0154128
0.0152739
0.0153142
0.0153406
0.015157
0.0152123
0.0152452
0.014974
0.0150646
0.0151116
0.0146108
0.0147957
0.0148805
0.0141801
0.0144413
0.0145846
0.0281734
0.0238011
0.0222777
0.202346
0.168818
0.155165
0.826788
0.844268
0.84814
0.0154401
0.0154751
0.015496
0.0153715
0.0154082
0.0154326
0.0152782
0.0153228
0.015352
0.0151462
0.015208
0.0152448
0.0149341
0.0150372
0.0150906
0.0145073
0.014717
0.0148146
0.0141284
0.0143317
0.0144727
0.0324117
0.0262181
0.0241394
0.230277
0.187822
0.1715
0.804829
0.827631
0.83536
0.0154569
0.0154955
0.0155184
0.0153818
0.0154219
0.0154486
0.0152789
0.0153277
0.0153597
0.0151314
0.0151998
0.0152406
0.014889
0.0150046
0.0150647
0.0143991
0.0146309
0.014741
0.0141712
0.0142519
0.0143744
0.0381274
0.0293236
0.0264809
0.263869
0.209608
0.189617
0.78367
0.80961
0.820114
0.0154701
0.015512
0.0155369
0.0153885
0.0154319
0.0154609
0.0152762
0.0153291
0.0153639
0.0151129
0.015188
0.0152327
0.0148393
0.0149672
0.0150341
0.01429
0.0145392
0.0146611
0.0143603
0.0142226
0.0143032
0.0458561
0.0333371
0.0294408
0.30379
0.234928
0.210134
0.764372
0.791402
0.803726
0.0154797
0.0155247
0.0155515
0.015392
0.0154386
0.0154697
0.0152701
0.0153272
0.0153647
0.0150909
0.0151726
0.0152213
0.0147857
0.0149256
0.0149992
0.0141853
0.014444
0.0145761
0.0147702
0.0142702
0.014276
0.0562577
0.0385424
0.0331986
0.349916
0.264375
0.233631
0.747782
0.773893
0.787167
0.015486
0.0155341
0.0155626
0.0153924
0.015442
0.0154752
0.0152611
0.0153223
0.0153625
0.0150658
0.0151541
0.0152067
0.0147292
0.0148801
0.0149604
0.0140919
0.014348
0.014488
0.0155084
0.0144307
0.0143145
0.0700586
0.0452955
0.0379821
0.400968
0.298265
0.260576
0.73454
0.757771
0.771163
0.0154894
0.0155403
0.0155706
0.0153899
0.0154426
0.0154778
0.0152493
0.0153145
0.0153573
0.0150379
0.0151325
0.0151891
0.0146708
0.0148314
0.0149181
0.0140192
0.0142547
0.0143988
0.0167277
0.014753
0.0144471
0.0879271
0.0540186
0.0440724
0.454486
0.336459
0.291226
0.725014
0.74358
0.756281
0.0154901
0.0155438
0.0155757
0.015385
0.0154406
0.0154777
0.0152351
0.0153042
0.0153496
0.0150077
0.0151083
0.0151688
0.014612
0.0147801
0.0148728
0.0139801
0.0141686
0.0143115
0.0186366
0.0153042
0.0147116
0.1103
0.0651724
0.0518
0.507259
0.37821
0.325512
0.719194
0.731741
0.742972
0.0154885
0.0155448
0.0155783
0.0153778
0.0154362
0.0154753
0.0152187
0.0152915
0.0153396
0.0149755
0.0150817
0.015146
0.0145545
0.014727
0.0148251
0.013993
0.0140957
0.0142293
0.0215041
0.0161759
0.0151589
0.137211
0.0792018
0.0615274
0.556058
0.422136
0.362936
0.71666
0.722525
0.731594
0.0154848
0.0155437
0.0155786
0.0153686
0.0154298
0.0154707
0.0152004
0.0152769
0.0153275
0.014942
0.015053
0.0151211
0.0145002
0.0146731
0.0147755
0.0140835
0.0140435
0.0141566
0.0256514
0.01749
0.0158571
0.168185
0.0964546
0.0736153
0.598392
0.466379
0.402534
0.716668
0.716011
0.722393
0.0154794
0.0155407
0.0155771
0.0153577
0.0154215
0.0154644
0.0151806
0.0152604
0.0153135
0.0149077
0.0150226
0.0150942
0.0144521
0.0146192
0.0147249
0.0142872
0.0140219
0.0140992
0.0314288
0.0194026
0.0168955
0.202259
0.117095
0.0883716
0.632948
0.508895
0.442942
0.718316
0.71206
0.715486
0.0154723
0.0155361
0.015574
0.0153453
0.0154117
0.0154564
0.0151595
0.0152423
0.0152979
0.0148731
0.0149909
0.0150657
0.0144134
0.0145668
0.014674
0.0146528
0.0140446
0.0140644
0.0391788
0.0221041
0.0183883
0.238107
0.141028
0.105992
0.65962
0.547823
0.48258
0.720757
0.710315
0.710824
0.015464
0.01553
0.0155694
0.0153316
0.0154004
0.0154469
0.0151374
0.0152229
0.0152808
0.0148391
0.0149581
0.0150358
0.014389
0.0145171
0.0146237
0.015246
0.0141297
0.0140617
0.0491914
0.0258127
0.0204762
0.274254
0.167868
0.126501
0.679214
0.581801
0.51989
0.723324
0.710268
0.708204
0.0154544
0.0155228
0.0155635
0.0153168
0.0153879
0.0154362
0.0151147
0.0152023
0.0152624
0.0148064
0.0149248
0.0150049
0.0143848
0.0144721
0.0145752
0.0161538
0.0143012
0.0141037
0.0616579
0.0307617
0.0233238
0.309289
0.196959
0.149719
0.693025
0.610138
0.553574
0.725583
0.711352
0.707279
0.0154438
0.0155144
0.0155565
0.0153011
0.0153743
0.0154243
0.0150916
0.0151808
0.015243
0.0147759
0.0148913
0.0149733
0.0144081
0.0144346
0.0145298
0.0174866
0.0145909
0.0142067
0.0766323
0.0371822
0.0271135
0.342049
0.227442
0.175251
0.702454
0.632798
0.582769
0.727314
0.71304
0.707618
0.0154323
0.015505
0.0155484
0.0152847
0.0153598
0.0154114
0.0150683
0.0151585
0.0152225
0.0147487
0.0148581
0.0149412
0.0144694
0.0144072
0.0144891
0.0193786
0.0150402
0.0143917
0.0940141
0.0452772
0.032035
0.371727
0.258362
0.202516
0.708754
0.65027
0.60711
0.728454
0.714901
0.708775
0.0154199
0.0154947
0.0155394
0.0152677
0.0153443
0.0153976
0.0150453
0.0151356
0.0152013
0.014726
0.0148257
0.0149091
0.0145824
0.0143934
0.0144551
0.0219839
0.0157023
0.0146862
0.113546
0.0551984
0.0382704
0.397902
0.288772
0.2308
0.71292
0.663349
0.626691
0.729039
0.716636
0.710346
0.0154069
0.0154835
0.0155295
0.0152503
0.0153282
0.0153828
0.0150229
0.0151123
0.0151794
0.0147097
0.0147948
0.0148773
0.0147647
0.0143977
0.0144304
0.0254687
0.0166439
0.015125
0.134835
0.067026
0.0459778
0.420507
0.317835
0.259332
0.715675
0.672929
0.641961
0.729151
0.718067
0.712006
0.0153932
0.0154716
0.0155188
0.0152325
0.0153113
0.0153674
0.0150013
0.0150888
0.015157
0.0147013
0.014766
0.0148463
0.0150399
0.014426
0.0144181
0.0300002
0.0179463
0.0157522
0.15738
0.0807535
0.0552751
0.439746
0.344897
0.287358
0.717508
0.679865
0.653577
0.728883
0.719119
0.713532
0.0153789
0.015459
0.0155074
0.0152146
0.015294
0.0153512
0.0149809
0.0150653
0.0151342
0.0147036
0.0147397
0.0148166
0.0154377
0.0144859
0.0144217
0.0357326
0.0197047
0.0166219
0.180624
0.0962814
0.0662254
0.456004
0.369518
0.31421
0.718737
0.684883
0.662264
0.728326
0.719786
0.714791
0.0153642
0.0154457
0.0154952
0.0151967
0.0152761
0.0153344
0.0149623
0.015042
0.0151112
0.0147192
0.0147175
0.0147887
0.0159964
0.0145869
0.014446
0.0427929
0.0220256
0.0177996
0.204001
0.113419
0.078827
0.469745
0.391483
0.339357
0.719567
0.68855
0.668712
0.727553
0.720103
0.715728
0.0153491
0.0154319
0.0154824
0.0151789
0.0152579
0.0153171
0.0149458
0.0150192
0.0150882
0.0147522
0.0147002
0.0147633
0.0167643
0.0147412
0.0144968
0.0512668
0.0250232
0.0193615
0.226981
0.131896
0.0930084
0.481446
0.410774
0.362428
0.720134
0.691281
0.673514
0.726627
0.720124
0.716339
0.0153337
0.0154175
0.015469
0.0151613
0.0152395
0.0152994
0.014932
0.014997
0.0150653
0.0148077
0.0146889
0.0147409
0.0178001
0.0149641
0.0145817
0.0611884
0.0288127
0.0213929
0.249112
0.15138
0.108629
0.491539
0.42753
0.383223
0.720532
0.693363
0.67714
0.725596
0.719904
0.716653
0.015318
0.0154027
0.0154551
0.0151443
0.0152209
0.0152813
0.0149222
0.0149757
0.0150428
0.0148913
0.0146854
0.0147224
0.0191739
0.0152748
0.0147099
0.0725329
0.0335033
0.0239863
0.270044
0.171496
0.125487
0.500386
0.441999
0.401694
0.720831
0.694986
0.679938
0.724498
0.719496
0.716715
0.0153022
0.0153875
0.0154408
0.0151278
0.0152023
0.015263
0.014916
0.0149557
0.0150207
0.0150124
0.0146914
0.014709
0.0209655
0.0156975
0.014893
0.0852152
0.0391899
0.0272373
0.289546
0.19186
0.143327
0.508268
0.454485
0.417924
0.721082
0.696277
0.682153
0.723364
0.718944
0.716569
0.0152864
0.015372
0.015426
0.0151122
0.0151837
0.0152445
0.0149152
0.0149371
0.0149994
0.0151803
0.0147092
0.0147019
0.0232625
0.016262
0.0151456
0.0990931
0.0459465
0.0312393
0.3075
0.212095
0.161857
0.515394
0.46531
0.432087
0.721324
0.697325
0.683949
0.722218
0.718283
0.716259
0.0152705
0.0153563
0.015411
0.0150975
0.0151653
0.0152259
0.0149209
0.0149204
0.014979
0.0154077
0.014742
0.0147024
0.0261565
0.0170046
0.0154856
0.113971
0.0538224
0.0360782
0.323889
0.231864
0.180767
0.521908
0.474781
0.444419
0.721579
0.698191
0.685436
0.721078
0.717542
0.715821
0.0152549
0.0153405
0.0153958
0.0150842
0.0151472
0.0152074
0.0149348
0.0149061
0.0149599
0.0157106
0.0147934
0.0147124
0.0297378
0.0179691
0.0159353
0.129617
0.0628323
0.0418268
0.338777
0.250879
0.199744
0.527913
0.483167
0.45518
0.721861
0.698925
0.686685
0.719957
0.716743
0.715284
0.0152394
0.0153247
0.0153805
0.0150725
0.0151296
0.0151891
0.0149588
0.0148951
0.0149423
0.0161088
0.0148677
0.014734
0.0340906
0.0192061
0.0165217
0.145781
0.0729536
0.0485396
0.352284
0.268923
0.218492
0.533478
0.490692
0.46463
0.722173
0.699563
0.68775
0.718863
0.715904
0.714672
0.0152245
0.015309
0.0153654
0.0150627
0.0151126
0.0151711
0.0149952
0.014887
0.0149266
0.0166271
0.0149716
0.0147699
0.039287
0.020773
0.0172773
0.162203
0.0841263
0.0562482
0.364561
0.285846
0.236747
0.538652
0.497531
0.473009
0.72251
0.700137
0.688668
0.717801
0.71504
0.714001
0.0152103
0.0152936
0.0153505
0.0150569
0.0150965
0.0151537
0.0150456
0.0148833
0.0149132
0.0172953
0.0151118
0.0148236
0.045382
0.0227329
0.0182405
0.178635
0.0962543
0.064958
0.375769
0.30157
0.254289
0.543475
0.503815
0.480527
0.722865
0.700669
0.689472
0.71677
0.714162
0.713286
0.0151969
0.0152788
0.0153363
0.0150524
0.0150814
0.015137
0.0151168
0.0148849
0.0149027
0.0181497
0.0152973
0.0148991
0.0524086
0.0251523
0.0194553
0.194853
0.10921
0.074646
0.386065
0.316081
0.270949
0.547982
0.509638
0.487353
0.723227
0.701174
0.690186
0.715769
0.713278
0.712538
0.0151846
0.0152648
0.0153232
0.0150515
0.0150678
0.0151214
0.0152124
0.0148928
0.0148958
0.019233
0.0155391
0.0150018
0.0603748
0.028099
0.0209715
0.210667
0.12284
0.085261
0.395587
0.329414
0.286613
0.5522
0.515064
0.49362
0.723583
0.701661
0.690832
0.714792
0.712392
0.711764
0.0151738
0.0152523
0.0153116
0.0150553
0.0150559
0.0151073
0.0153378
0.0149086
0.0148933
0.0205942
0.015851
0.015138
0.0692614
0.0316391
0.0228436
0.225928
0.136974
0.0967242
0.404454
0.341644
0.301222
0.556156
0.520138
0.499427
0.723922
0.702129
0.691424
0.713834
0.711508
0.710971
0.0151651
0.0152416
0.0153024
0.0150649
0.0150465
0.0150953
0.0155008
0.0149341
0.0148962
0.0222885
0.0162499
0.0153158
0.0790224
0.0358339
0.0251292
0.240531
0.151432
0.108932
0.412759
0.35287
0.314763
0.559874
0.524893
0.504844
0.724232
0.702577
0.691973
0.712886
0.710626
0.710161
0.0151592
0.0152338
0.0152966
0.0150817
0.0150401
0.015086
0.0157106
0.0149717
0.0149058
0.0243757
0.0167566
0.0155452
0.0895863
0.0407362
0.0278879
0.254412
0.166035
0.121762
0.420576
0.363204
0.327266
0.563375
0.529351
0.509919
0.724501
0.702996
0.692481
0.711941
0.709742
0.709339
0.0151571
0.0152299
0.0152955
0.0151076
0.0150391
0.0150805
0.015979
0.0150229
0.0149236
0.0269189
0.017396
0.0158384
0.100859
0.0463878
0.0311786
0.267551
0.180612
0.135075
0.427958
0.372758
0.33879
0.566673
0.533533
0.514684
0.724716
0.703376
0.692948
0.710989
0.708852
0.708501
0.0151611
0.0152314
0.0153008
0.0151436
0.0150424
0.0150799
0.0163205
0.0150934
0.0149518
0.0299823
0.0181982
0.0162104
0.11273
0.0528165
0.0350572
0.279955
0.195009
0.148723
0.434948
0.381639
0.349417
0.569781
0.537454
0.519162
0.724868
0.703706
0.693368
0.710021
0.707951
0.707648
0.0151717
0.0152399
0.0153148
0.0151936
0.0150517
0.015086
0.0167534
0.0151881
0.014993
0.0336283
0.0191982
0.0166798
0.125076
0.0600322
0.0395758
0.291659
0.209093
0.162556
0.441577
0.389941
0.359238
0.572708
0.541131
0.523367
0.724943
0.703975
0.693733
0.709027
0.707032
0.706775
0.015189
0.0152578
0.0153402
0.0152632
0.0150699
0.0151005
0.0173
0.0153117
0.0150503
0.0379149
0.0204364
0.0172688
0.137765
0.0680287
0.0447777
0.302714
0.222758
0.176428
0.44787
0.397743
0.368349
0.57546
0.544578
0.527313
0.724931
0.704171
0.694035
0.707996
0.706087
0.705876
0.0152165
0.0152879
0.0153801
0.0153562
0.0150996
0.0151261
0.0179876
0.0154715
0.0151276
0.0428929
0.0219584
0.018004
0.150671
0.0767815
0.0506955
0.313181
0.235925
0.190202
0.453848
0.405109
0.376841
0.578041
0.547808
0.531011
0.724822
0.704284
0.694261
0.70692
0.705108
0.704948
0.0152578
0.0153336
0.0154385
0.0154778
0.0151437
0.0151656
0.0188489
0.0156764
0.0152304
0.048603
0.0238142
0.0189168
0.163668
0.0862488
0.0573498
0.32312
0.248544
0.203756
0.459531
0.41209
0.384799
0.580453
0.550832
0.534473
0.724606
0.704306
0.694405
0.705788
0.704089
0.703982
0.015317
0.0153983
0.0155197
0.0156355
0.0152055
0.015223
0.0199225
0.0159375
0.0153646
0.0550729
0.0260577
0.0200431
0.176643
0.096375
0.0647468
0.332593
0.260589
0.216989
0.464938
0.418723
0.392292
0.582699
0.553662
0.53771
0.724276
0.70423
0.694457
0.704593
0.703021
0.702973
0.0153985
0.0154865
0.0156285
0.0158384
0.0152894
0.0153027
0.0212531
0.0162684
0.0155378
0.0623161
0.0287452
0.0214238
0.189498
0.107087
0.0728778
0.341651
0.272058
0.229818
0.470086
0.425038
0.399382
0.584781
0.556306
0.540735
0.723828
0.70405
0.694412
0.703327
0.7019
0.701916
0.0155072
0.015603
0.0157701
0.0160979
0.0154006
0.0154094
0.0228914
0.0166855
0.0157591
0.0703304
0.0319333
0.0231041
0.202157
0.118299
0.0817187
0.350343
0.282967
0.242184
0.474992
0.431056
0.406115
0.586704
0.558773
0.543559
0.723259
0.703764
0.694266
0.701986
0.700719
0.700807
0.0156487
0.0157529
0.0159497
0.0164276
0.0155452
0.0155487
0.0248938
0.0172086
0.0160396
0.0790978
0.0356774
0.0251331
0.214562
0.129916
0.0912299
0.358706
0.293345
0.254052
0.479674
0.436795
0.412529
0.588472
0.56107
0.546194
0.722572
0.703372
0.69402
0.700567
0.699476
0.699641
0.0158297
0.0159419
0.0161719
0.016844
0.01573
0.0157263
0.0273211
0.0178614
0.0163923
0.0885841
0.0400294
0.0275626
0.226675
0.14184
0.101358
0.366772
0.303233
0.265406
0.484147
0.44227
0.418652
0.590094
0.563206
0.548654
0.721774
0.702876
0.693675
0.69907
0.69817
0.698416
0.0160562
0.0161754
0.0164411
0.0173667
0.0159629
0.0159485
0.0302377
0.0186719
0.0168327
0.0987405
0.0450355
0.0304463
0.238477
0.153971
0.112037
0.374567
0.312674
0.27625
0.488429
0.447498
0.424507
0.591581
0.565191
0.550951
0.720876
0.702284
0.693238
0.697499
0.6968
0.697134
0.0163352
0.0164589
0.0167609
0.018019
0.0162529
0.0162218
0.0337093
0.0196726
0.0173789
0.109505
0.0507346
0.033838
0.249962
0.166212
0.12319
0.382114
0.321715
0.286603
0.492536
0.452495
0.430115
0.592947
0.567036
0.5531
0.719893
0.701605
0.692718
0.695859
0.695369
0.695794
0.0166744
0.0167964
0.0171333
0.0188285
0.0166095
0.0165525
0.0378016
0.020901
0.018052
0.120806
0.0571565
0.0377909
0.26114
0.178477
0.134735
0.389432
0.330403
0.296498
0.496488
0.45728
0.435493
0.59421
0.568755
0.555115
0.718847
0.700853
0.692125
0.69416
0.693882
0.694401
0.0170816
0.0171923
0.0175589
0.0198272
0.0170421
0.0169471
0.0425774
0.0223995
0.0188764
0.132564
0.0643203
0.0423553
0.272029
0.190688
0.146587
0.396541
0.33878
0.305977
0.500305
0.461873
0.440661
0.59539
0.570366
0.557014
0.717764
0.700045
0.691475
0.692417
0.692345
0.69296
0.0175651
0.0176499
0.0180365
0.0210521
0.0175606
0.0174114
0.0480943
0.0242157
0.0198799
0.144695
0.0722338
0.047578
0.282653
0.202787
0.158658
0.403464
0.346888
0.315086
0.504009
0.4663
0.445642
0.596515
0.571888
0.558817
0.716674
0.699202
0.690785
0.690646
0.690768
0.691476
0.0181329
0.0181705
0.0185629
0.0225454
0.0181766
0.0179512
0.0544021
0.0264016
0.0210945
0.157116
0.0808901
0.0535027
0.293042
0.214727
0.17087
0.410224
0.354766
0.323878
0.507627
0.470588
0.450461
0.597613
0.573347
0.560544
0.715612
0.698349
0.690075
0.688869
0.689162
0.689956
0.0187942
0.0187462
0.0191329
0.0243544
0.0189096
0.0185717
0.0615393
0.0290137
0.0225563
0.169749
0.0902708
0.0601656
0.30323
0.226478
0.18315
0.416847
0.362451
0.332406
0.511186
0.474768
0.455146
0.598719
0.57477
0.562223
0.714618
0.697513
0.689367
0.687108
0.687537
0.68841
0.0195601
0.0193717
0.0197397
0.0265315
0.0197759
0.0192782
0.0695307
0.0321118
0.0243056
0.182522
0.100346
0.0675945
0.313248
0.238027
0.195436
0.423364
0.369978
0.340723
0.514721
0.478872
0.459733
0.599872
0.576188
0.56388
0.713738
0.696725
0.688685
0.685392
0.685909
0.686845
0.0204354
0.020042
0.0203755
0.0291326
0.0207933
0.0200754
0.0783838
0.0357577
0.026387
0.195372
0.111074
0.0758078
0.323127
0.249377
0.207684
0.429806
0.377383
0.348883
0.518267
0.482939
0.464257
0.601116
0.577636
0.565547
0.713019
0.696017
0.688055
0.683749
0.684293
0.685271
0.0214323
0.0207563
0.0210321
0.0322161
0.0219768
0.0209685
0.0880859
0.040014
0.0288493
0.208248
0.122405
0.0848129
0.332896
0.260544
0.219862
0.436206
0.384703
0.356935
0.521865
0.487004
0.468759
0.602497
0.57915
0.567257
0.712512
0.695424
0.687505
0.682212
0.682705
0.683698
0.0225723
0.0215109
0.0217019
0.0358405
0.0233453
0.0219631
0.098602
0.0449414
0.0317448
0.221108
0.134278
0.0946054
0.342579
0.271555
0.231955
0.442601
0.391972
0.364929
0.525559
0.491107
0.473282
0.604065
0.58077
0.569047
0.712272
0.694985
0.687065
0.680814
0.681162
0.682135
0.0238633
0.0222967
0.0223818
0.0400612
0.0249211
0.0230659
0.109873
0.0505962
0.0351286
0.233918
0.146627
0.105168
0.352194
0.282444
0.243964
0.449025
0.399227
0.372912
0.529391
0.495286
0.477867
0.605868
0.582535
0.570953
0.71235
0.694739
0.686767
0.679592
0.679684
0.680594
0.0253166
0.023108
0.0230644
0.0449268
0.0267293
0.024285
0.121815
0.0570271
0.0390574
0.246648
0.159383
0.116468
0.361755
0.29325
0.255899
0.455512
0.406501
0.380924
0.533406
0.499579
0.482556
0.607956
0.584485
0.573014
0.7128
0.694725
0.686645
0.678583
0.678291
0.679087
0.0269477
0.0239528
0.0237428
0.0504746
0.028798
0.0256304
0.134324
0.0642711
0.0435878
0.259274
0.172474
0.128462
0.371273
0.304007
0.267781
0.462088
0.413827
0.389003
0.537637
0.504022
0.487391
0.610369
0.58666
0.575268
0.713668
0.694984
0.686734
0.677821
0.677006
0.677628
0.0287739
0.0248295
0.0244149
0.0567264
0.0311582
0.0271145
0.147277
0.0723496
0.0487741
0.271774
0.185821
0.141088
0.380753
0.314743
0.279631
0.468772
0.421234
0.39718
0.542114
0.508645
0.492405
0.613142
0.589093
0.577749
0.714993
0.695555
0.687068
0.677342
0.675852
0.676234
0.0308139
0.0257389
0.0250808
0.0636843
0.0338431
0.0287528
0.160532
0.0812702
0.0546661
0.284126
0.199344
0.154269
0.390192
0.325477
0.29147
0.47557
0.42874
0.405477
0.546849
0.513472
0.497628
0.616295
0.591815
0.580491
0.716802
0.696473
0.687681
0.677178
0.674856
0.674925
0.0330874
0.026686
0.0257429
0.0713283
0.0368884
0.0305645
0.173949
0.0910103
0.0613056
0.296302
0.212966
0.167913
0.399576
0.336214
0.303312
0.482476
0.436355
0.413907
0.551841
0.518519
0.503076
0.619832
0.594847
0.583516
0.719104
0.697768
0.688606
0.677357
0.674047
0.673724
0.0356151
0.0276788
0.0264056
0.0796143
0.0403322
0.032573
0.187392
0.101522
0.068722
0.308264
0.226609
0.181915
0.408877
0.346947
0.315157
0.489466
0.444078
0.422466
0.55707
0.523787
0.508756
0.623737
0.598196
0.586841
0.721887
0.699456
0.68987
0.6779
0.673454
0.672658
0.0384177
0.028728
0.0270759
0.0884806
0.0442103
0.0348057
0.200733
0.112729
0.0769334
0.319966
0.240196
0.196161
0.418055
0.357654
0.326993
0.496498
0.451892
0.431136
0.562497
0.529261
0.514657
0.627972
0.601852
0.590467
0.725098
0.70154
0.691491
0.678822
0.673105
0.671757
0.0415169
0.0298471
0.0277625
0.097848
0.0485565
0.0372947
0.213854
0.124533
0.0859357
0.331352
0.25365
0.210533
0.427053
0.368293
0.338786
0.503509
0.459767
0.439881
0.568055
0.534912
0.52075
0.632458
0.605786
0.59438
0.728588
0.703993
0.693473
0.680126
0.673029
0.671055
0.0449336
0.031053
0.0284766
0.107626
0.0534012
0.0400765
0.226654
0.13682
0.095704
0.342368
0.266892
0.224908
0.435811
0.378809
0.350486
0.510417
0.467652
0.448643
0.573648
0.54069
0.526987
0.637093
0.609944
0.598545
0.732254
0.706726
0.695796
0.681785
0.673249
0.670584
0.0486879
0.0323654
0.0292312
0.117718
0.0587696
0.0431916
0.23908
0.14946
0.106192
0.352934
0.279846
0.239168
0.444218
0.389127
0.362027
0.517136
0.475479
0.457351
0.579198
0.54652
0.533297
0.641788
0.614245
0.602901
0.736039
0.709623
0.698378
0.683758
0.673775
0.670377
0.0527998
0.0338075
0.0300414
0.128061
0.0646807
0.0466837
0.251018
0.162318
0.117331
0.362945
0.292452
0.253197
0.452222
0.399165
0.373328
0.523606
0.483135
0.465921
0.584626
0.552313
0.539586
0.646459
0.61861
0.607357
0.739879
0.712639
0.701102
0.685997
0.674596
0.670449
0.057286
0.0354059
0.0309248
0.138559
0.0711474
0.0505987
0.262356
0.175288
0.129033
0.372364
0.30461
0.266908
0.459772
0.408795
0.384293
0.529763
0.490541
0.474224
0.589859
0.557999
0.545753
0.651027
0.622973
0.611824
0.743707
0.715731
0.703914
0.688452
0.675696
0.670797
0.0621818
0.0371905
0.0319014
0.149043
0.0781688
0.0549836
0.273061
0.188243
0.141215
0.381161
0.316193
0.280181
0.466822
0.417957
0.394787
0.535554
0.497627
0.482185
0.594828
0.563504
0.55172
0.655418
0.627263
0.616227
0.747456
0.718849
0.706764
0.691069
0.677048
0.671407
0.0674693
0.0391951
0.0329937
0.159402
0.085767
0.0598814
0.283115
0.200974
0.153775
0.389319
0.327154
0.292867
0.473343
0.426592
0.404741
0.540932
0.504328
0.489731
0.599477
0.568759
0.557414
0.659569
0.631415
0.620493
0.751064
0.72194
0.709602
0.693793
0.678624
0.67226
0.073119
0.041453
0.0342272
0.169541
0.0938973
0.0653363
0.292512
0.213343
0.166524
0.396832
0.337461
0.304904
0.479318
0.434656
0.414093
0.545865
0.510588
0.496802
0.603761
0.573701
0.562773
0.663428
0.635367
0.62456
0.754479
0.72495
0.712377
0.696571
0.680385
0.673328
0.0790978
0.0439996
0.0356296
0.179384
0.102486
0.0713842
0.301261
0.225242
0.179283
0.403708
0.347094
0.316248
0.48474
0.442114
0.422798
0.550332
0.516363
0.503349
0.60765
0.578278
0.567746
0.666958
0.639065
0.628375
0.75766
0.727829
0.715043
0.699352
0.68229
0.674577
0.085365
0.0468693
0.0372297
0.188874
0.111443
0.0780219
0.309376
0.236592
0.191899
0.409963
0.356041
0.326875
0.489616
0.448945
0.430828
0.554329
0.521624
0.509341
0.611128
0.582453
0.572299
0.670137
0.642467
0.631898
0.760578
0.730534
0.717563
0.702091
0.684295
0.675973
0.0918743
0.050085
0.0390571
0.19797
0.120681
0.0852292
0.316878
0.247343
0.204232
0.415621
0.364302
0.336771
0.493962
0.455148
0.438167
0.557862
0.526356
0.514759
0.614194
0.586199
0.576411
0.672955
0.64554
0.635107
0.763218
0.733034
0.719905
0.704749
0.686358
0.677478
0.0985752
0.0536646
0.041141
0.206645
0.130101
0.0929681
0.323793
0.257468
0.216163
0.420715
0.371888
0.345936
0.497803
0.460733
0.444812
0.560948
0.530562
0.519599
0.616859
0.589506
0.580076
0.675417
0.648265
0.637989
0.765573
0.735308
0.722055
0.707294
0.688437
0.679056
0.105415
0.0576195
0.0435132
0.214885
0.13961
0.10118
0.330151
0.266956
0.227596
0.425281
0.378818
0.354378
0.50117
0.465723
0.450778
0.563611
0.534258
0.523871
0.619142
0.592381
0.583296
0.677535
0.65064
0.640542
0.767649
0.737343
0.724005
0.709703
0.690495
0.680676
0.112342
0.0619533
0.0462001
0.222685
0.149111
0.109793
0.335984
0.275812
0.23846
0.429356
0.385119
0.362113
0.504099
0.470148
0.456089
0.565882
0.537464
0.527598
0.62107
0.594838
0.586088
0.679333
0.652674
0.642773
0.769459
0.739139
0.725756
0.711958
0.692501
0.682308
0.119305
0.0666611
0.049225
0.230049
0.158519
0.118723
0.341326
0.284049
0.248706
0.43298
0.390824
0.369166
0.506628
0.474043
0.46078
0.567796
0.540211
0.530813
0.622674
0.596903
0.588475
0.680837
0.654389
0.644695
0.771025
0.740705
0.727314
0.714051
0.694431
0.683929
0.126256
0.0717291
0.0526066
0.236986
0.167753
0.127875
0.34621
0.291691
0.258307
0.436194
0.395969
0.375566
0.508795
0.477447
0.464894
0.569387
0.542534
0.533556
0.623988
0.598608
0.590486
0.682079
0.65581
0.646327
0.772369
0.742059
0.728691
0.715979
0.696267
0.685519
0.133153
0.0771346
0.0563575
0.243508
0.176747
0.137152
0.350671
0.298763
0.267257
0.439036
0.400593
0.381349
0.510638
0.480402
0.468477
0.570691
0.544473
0.535869
0.625046
0.599991
0.592155
0.683091
0.65697
0.647695
0.773519
0.74322
0.729901
0.717742
0.697998
0.687063
0.139957
0.0828463
0.060483
0.249632
0.185444
0.146454
0.354741
0.305297
0.275564
0.441541
0.404737
0.386552
0.512193
0.482948
0.471579
0.571744
0.546067
0.537796
0.62588
0.601089
0.593517
0.683904
0.657901
0.648825
0.774499
0.744212
0.730961
0.719348
0.699617
0.688549
0.146635
0.0888259
0.0649804
0.255375
0.193801
0.155685
0.358452
0.311323
0.283248
0.443745
0.40844
0.391218
0.513493
0.485126
0.474248
0.572578
0.547357
0.539383
0.626524
0.601942
0.594607
0.684549
0.658635
0.649745
0.775335
0.745058
0.731889
0.720804
0.701123
0.689973
0.15316
0.0950268
0.0698378
0.260754
0.201786
0.164758
0.361833
0.316873
0.290336
0.445678
0.411742
0.39539
0.514571
0.486977
0.476533
0.573224
0.548383
0.540671
0.627007
0.602585
0.595461
0.685054
0.659203
0.650485
0.776051
0.745782
0.732703
0.722121
0.702518
0.691329
0.159511
0.1014
0.0750346
0.265787
0.20938
0.173597
0.364911
0.321977
0.296862
0.44737
0.41468
0.399111
0.515454
0.488538
0.478478
0.573709
0.549182
0.541701
0.627355
0.603053
0.596113
0.685444
0.659635
0.651072
0.776666
0.746405
0.73342
0.723311
0.703807
0.692617
0.165668
0.107893
0.0805416
0.270493
0.216571
0.182139
0.367713
0.326666
0.302862
0.448846
0.417289
0.402424
0.516168
0.489847
0.480125
0.574059
0.549787
0.54251
0.627592
0.603375
0.596594
0.68574
0.659956
0.65153
0.777199
0.746946
0.734057
0.724387
0.704997
0.693838
0.171621
0.114455
0.0863219
0.27489
0.223357
0.190336
0.370261
0.330969
0.308374
0.45013
0.419602
0.405372
0.516736
0.490934
0.481513
0.574294
0.55023
0.543129
0.62774
0.603581
0.596932
0.685963
0.66019
0.651881
0.777665
0.747421
0.734626
0.725359
0.706095
0.694994
0.177358
0.121034
0.0923301
0.278994
0.229743
0.198152
0.372576
0.334914
0.313435
0.451243
0.421649
0.407992
0.517178
0.491831
0.482677
0.574436
0.55054
0.543589
0.627816
0.603692
0.597151
0.686127
0.660356
0.652146
0.778077
0.747847
0.735141
0.72624
0.707109
0.696088
0.182876
0.127583
0.0985168
0.282823
0.235737
0.205566
0.374679
0.338528
0.318079
0.452203
0.423457
0.410321
0.517511
0.492563
0.483648
0.574499
0.55074
0.543915
0.627835
0.603731
0.597274
0.686247
0.660471
0.65234
0.778445
0.748233
0.73561
0.72704
0.708049
0.697124
0.188169
0.134057
0.104831
0.286392
0.241354
0.212568
0.376586
0.341836
0.322341
0.453028
0.425053
0.412393
0.517752
0.493155
0.484453
0.574499
0.550852
0.544131
0.62781
0.603713
0.597319
0.686332
0.66055
0.65248
0.778779
0.748591
0.736043
0.72777
0.708922
0.698106
0.193238
0.140417
0.111221
0.289718
0.246608
0.219158
0.378314
0.344861
0.326251
0.453732
0.42646
0.414236
0.517913
0.493627
0.485117
0.574448
0.550891
0.544256
0.627751
0.603653
0.597303
0.686391
0.660602
0.652575
0.779086
0.748926
0.736445
0.728438
0.709736
0.699039
0.198083
0.146629
0.117636
0.292816
0.251518
0.225343
0.379879
0.347627
0.32984
0.454328
0.427698
0.415878
0.518007
0.493996
0.485662
0.574356
0.550872
0.544307
0.627666
0.603563
0.597239
0.686432
0.660636
0.652638
0.77937
0.749245
0.736823
0.729053
0.710497
0.699924
0.202707
0.152666
0.124028
0.2957
0.256103
0.231138
0.381294
0.350155
0.333135
0.454829
0.428786
0.417342
0.518044
0.494278
0.486105
0.574231
0.550809
0.544299
0.627563
0.603451
0.597138
0.686459
0.66066
0.652674
0.779636
0.749552
0.73718
0.729621
0.711213
0.700766
0.207114
0.158505
0.130352
0.298384
0.26038
0.236561
0.382572
0.352465
0.336162
0.455246
0.429741
0.418649
0.518033
0.494487
0.486463
0.57408
0.55071
0.544243
0.627446
0.603325
0.59701
0.686476
0.660678
0.652692
0.779887
0.74985
0.737519
0.730148
0.711887
0.701569
0.211307
0.16413
0.136568
0.30088
0.264369
0.24163
0.383725
0.354575
0.338943
0.455587
0.430578
0.419817
0.51798
0.494634
0.486749
0.573909
0.550583
0.544152
0.62732
0.60319
0.596861
0.686487
0.660693
0.652695
0.780126
0.75014
0.737843
0.730641
0.712525
0.702334
0.215294
0.169528
0.142642
0.303203
0.268087
0.246367
0.384763
0.356502
0.341501
0.455861
0.43131
0.420863
0.517893
0.494728
0.486974
0.573723
0.550436
0.544031
0.627187
0.60305
0.596698
0.686493
0.660708
0.652688
0.780355
0.750424
0.738154
0.731103
0.713131
0.703065
0.21908
0.174694
0.148545
0.305364
0.271553
0.250794
0.385697
0.358263
0.343855
0.456077
0.431949
0.421801
0.517776
0.494778
0.487148
0.573524
0.550272
0.54389
0.627051
0.602908
0.596527
0.686497
0.660724
0.652673
0.780575
0.750703
0.738452
0.731538
0.713707
0.703763
0.222673
0.179623
0.154255
0.307374
0.274782
0.254932
0.386537
0.35987
0.346024
0.456241
0.432505
0.422644
0.517636
0.49479
0.487279
0.573317
0.550097
0.543732
0.626913
0.602766
0.59635
0.686499
0.660743
0.652654
0.780787
0.750977
0.738738
0.731949
0.714258
0.704431
0.226079
0.184316
0.159755
0.309243
0.277791
0.2588
0.387289
0.361339
0.348023
0.456358
0.432988
0.423401
0.517475
0.494771
0.487375
0.573104
0.549914
0.543564
0.626774
0.602627
0.596171
0.6865
0.660764
0.652631
0.780992
0.751245
0.739014
0.732339
0.714784
0.70507
0.229306
0.188777
0.165033
0.310982
0.280594
0.262418
0.387964
0.36268
0.349869
0.456435
0.433405
0.424083
0.517297
0.494726
0.487441
0.572887
0.549725
0.543388
0.626636
0.602489
0.595992
0.6865
0.660788
0.652607
0.78119
0.751508
0.73928
0.73271
0.715289
0.705682
0.232362
0.19301
0.170082
0.3126
0.283206
0.265803
0.388567
0.363906
0.351575
0.456476
0.433764
0.424697
0.517105
0.494657
0.487482
0.572666
0.549532
0.543207
0.626499
0.602355
0.595815
0.6865
0.660813
0.652583
0.781381
0.751766
0.739536
0.733065
0.715773
0.706269
0.235255
0.197022
0.1749
0.314106
0.28564
0.26897
0.389105
0.365025
0.353153
0.456486
0.434071
0.425252
0.516902
0.49457
0.487502
0.572444
0.549336
0.543024
0.626362
0.602225
0.59564
0.6865
0.660841
0.652558
0.781567
0.752017
0.739784
0.733403
0.716238
0.706831
0.237993
0.200822
0.179485
0.315507
0.287908
0.271936
0.389585
0.366048
0.354613
0.456468
0.434332
0.425753
0.516689
0.494466
0.487505
0.572221
0.54914
0.54284
0.626227
0.602099
0.59547
0.686499
0.66087
0.652534
0.781747
0.752262
0.740023
0.733728
0.716685
0.707371
0.240584
0.204419
0.183842
0.316812
0.290023
0.274713
0.390011
0.366982
0.355966
0.456426
0.434551
0.426205
0.516468
0.494349
0.487493
0.571998
0.548943
0.542657
0.626094
0.601975
0.595304
0.686499
0.6609
0.652512
0.781922
0.752499
0.740253
0.734039
0.717115
0.707888
0.243034
0.207821
0.187977
0.318028
0.291994
0.277314
0.390389
0.367835
0.35722
0.456362
0.434733
0.426614
0.516241
0.49422
0.487468
0.571775
0.548747
0.542475
0.625962
0.601856
0.595143
0.686497
0.66093
0.65249
0.782091
0.75273
0.740476
0.734339
0.717529
0.708385
0.245352
0.211039
0.191896
0.319159
0.293832
0.279751
0.390723
0.368614
0.358384
0.45628
0.434882
0.426984
0.51601
0.494081
0.487432
0.571554
0.548551
0.542295
0.625831
0.601739
0.594988
0.686496
0.66096
0.65247
0.782255
0.752953
0.740691
0.734627
0.717928
0.708862
0.247545
0.214082
0.195608
0.320214
0.295547
0.282034
0.391017
0.369324
0.359464
0.456181
0.435
0.427318
0.515774
0.493934
0.487387
0.571333
0.548356
0.542119
0.625703
0.601625
0.594837
0.686493
0.660989
0.652452
0.782414
0.753168
0.740899
0.734904
0.718312
0.709321
0.24962
0.21696
0.199123
0.321197
0.297146
0.284174
0.391274
0.369972
0.360466
0.456068
0.435092
0.427619
0.515536
0.493779
0.487334
0.571114
0.548163
0.541945
0.625575
0.601514
0.594692
0.68649
0.661017
0.652435
0.782567
0.753377
0.741099
0.735171
0.718682
0.709761
0.251583
0.219682
0.202448
0.322113
0.298639
0.286179
0.391499
0.370562
0.361397
0.455942
0.435159
0.42789
0.515295
0.493618
0.487274
0.570897
0.547971
0.541774
0.62545
0.601404
0.594552
0.686486
0.661044
0.65242
0.782715
0.753578
0.741293
0.735429
0.719039
0.710185
0.25344
0.222256
0.205595
0.322967
0.300032
0.288059
0.391693
0.3711
0.362261
0.455805
0.435203
0.428133
0.515053
0.493451
0.487208
0.570682
0.54778
0.541607
0.625326
0.601296
0.594417
0.686481
0.661069
0.652407
0.782857
0.753772
0.741481
0.735677
0.719382
0.710592
0.255198
0.224692
0.208573
0.323764
0.301333
0.289821
0.39186
0.371588
0.363063
0.455658
0.435228
0.428351
0.514811
0.493279
0.487136
0.570469
0.54759
0.541443
0.625203
0.60119
0.594286
0.686475
0.661092
0.652394
0.782995
0.753958
0.741662
0.735916
0.719713
0.710984
0.256863
0.226998
0.211391
0.324506
0.302549
0.291474
0.392001
0.372032
0.363807
0.455503
0.435234
0.428544
0.514567
0.493104
0.48706
0.570257
0.547402
0.541282
0.625082
0.601085
0.59416
0.686467
0.661113
0.652383
0.783127
0.754137
0.741838
0.736147
0.720032
0.711361
0.258439
0.22918
0.214057
0.325198
0.303684
0.293023
0.39212
0.372434
0.364497
0.45534
0.435223
0.428716
0.514324
0.492924
0.486978
0.570048
0.547214
0.541124
0.624962
0.60098
0.594038
0.686459
0.661132
0.652373
0.783254
0.75431
0.742007
0.73637
0.720339
0.711724
0.259931
0.231247
0.216582
0.325844
0.304744
0.294475
0.392217
0.372798
0.365136
0.455171
0.435197
0.428867
0.51408
0.492741
0.486892
0.569841
0.547028
0.540969
0.624843
0.600876
0.59392
0.686449
0.661149
0.652364
0.783376
0.754476
0.74217
0.736585
0.720636
0.712073
0.261344
0.233204
0.218972
0.326446
0.305735
0.295837
0.392295
0.373126
0.365728
0.454995
0.435158
0.428998
0.513838
0.492556
0.486802
0.569636
0.546842
0.540816
0.624725
0.600773
0.593806
0.686438
0.661163
0.652355
0.783494
0.754636
0.742327
0.736792
0.720921
0.71241
0.262683
0.235059
0.221236
0.327007
0.306661
0.297114
0.392355
0.37342
0.366275
0.454815
0.435105
0.429111
0.513595
0.492367
0.486707
0.569433
0.546657
0.540666
0.624609
0.600669
0.593694
0.686426
0.661175
0.652346
0.783607
0.754789
0.742479
0.736992
0.721197
0.712734
0.263951
0.236816
0.22338
0.327529
0.307527
0.298311
0.392398
0.373685
0.366781
0.45463
0.43504
0.429206
0.513354
0.492177
0.486609
0.569232
0.546473
0.540518
0.624493
0.600566
0.593586
0.686413
0.661185
0.652338
0.783715
0.754936
0.742626
0.737185
0.721462
0.713046
0.265152
0.238483
0.225411
0.328015
0.308336
0.299434
0.392426
0.37392
0.367247
0.454442
0.434964
0.429285
0.513114
0.491984
0.486507
0.569034
0.54629
0.540371
0.624379
0.600463
0.593481
0.686399
0.661192
0.652331
0.783819
0.755077
0.742767
0.737371
0.721718
0.713347
0.26629
0.240062
0.227336
0.328468
0.309092
0.300486
0.39244
0.374129
0.367676
0.454249
0.434879
0.429349
0.512875
0.49179
0.486402
0.568837
0.546108
0.540226
0.624266
0.600359
0.593378
0.686384
0.661197
0.652323
0.783919
0.755213
0.742903
0.737551
0.721964
0.713637
0.267368
0.24156
0.22916
0.328888
0.309798
0.301473
0.39244
0.374314
0.36807
0.454054
0.434783
0.429398
0.512636
0.491594
0.486292
0.568642
0.545926
0.540082
0.624153
0.600256
0.593277
0.686367
0.661199
0.652315
0.784016
0.755343
0.743034
0.737725
0.722202
0.713916
0.26839
0.242981
0.23089
0.329279
0.310458
0.302397
0.392429
0.374475
0.368431
0.453856
0.43468
0.429433
0.5124
0.491396
0.486179
0.568449
0.545745
0.539939
0.624041
0.600152
0.593179
0.68635
0.661199
0.652308
0.784108
0.755467
0.74316
0.737892
0.722431
0.714185
0.269358
0.244329
0.232529
0.329641
0.311073
0.303264
0.392405
0.374614
0.368762
0.453655
0.434568
0.429454
0.512164
0.491197
0.486063
0.568258
0.545565
0.539797
0.62393
0.600048
0.593082
0.686331
0.661196
0.6523
0.784196
0.755586
0.743282
0.738053
0.722652
0.714445
0.270274
0.245607
0.234083
0.329976
0.311648
0.304075
0.392371
0.374734
0.369062
0.453453
0.434448
0.429463
0.51193
0.490997
0.485943
0.568069
0.545386
0.539656
0.62382
0.599944
0.592986
0.686312
0.661192
0.652291
0.784281
0.7557
0.7434
0.738209
0.722865
0.714695
0.271142
0.246821
0.235557
0.330286
0.312184
0.304834
0.392327
0.374834
0.369336
0.453248
0.434322
0.42946
0.511697
0.490796
0.485819
0.567882
0.545207
0.539515
0.623711
0.599839
0.592891
0.686291
0.661185
0.652282
0.784362
0.755808
0.743513
0.73836
0.72307
0.714936
0.271964
0.247971
0.236954
0.330572
0.312683
0.305544
0.392274
0.374916
0.369583
0.453041
0.434189
0.429445
0.511465
0.490594
0.485692
0.567696
0.545028
0.539375
0.623603
0.599735
0.592798
0.686269
0.661176
0.652273
0.78444
0.755912
0.743622
0.738505
0.723268
0.715168
0.272742
0.249063
0.238279
0.330836
0.313147
0.306208
0.392211
0.374982
0.369805
0.452833
0.43405
0.42942
0.511234
0.490391
0.485562
0.567512
0.54485
0.539234
0.623495
0.59963
0.592705
0.686247
0.661164
0.652263
0.784515
0.756012
0.743727
0.738645
0.723458
0.715393
0.273478
0.250099
0.239536
0.331077
0.31358
0.306829
0.392141
0.375032
0.370003
0.452623
0.433905
0.429384
0.511005
0.490187
0.485429
0.56733
0.544673
0.539094
0.623388
0.599525
0.592613
0.686224
0.661151
0.652252
0.784587
0.756107
0.743828
0.73878
0.723642
0.715609
0.274175
0.251082
0.240728
0.331298
0.313981
0.307408
0.392062
0.375066
0.370179
0.452412
0.433754
0.429337
0.510777
0.489982
0.485293
0.567149
0.544497
0.538954
0.623281
0.59942
0.592522
0.6862
0.661137
0.65224
0.784655
0.756197
0.743926
0.73891
0.723819
0.715817
0.274833
0.252014
0.241858
0.3315
0.314353
0.307949
0.391976
0.375087
0.370335
0.4522
0.433599
0.429282
0.510551
0.489777
0.485153
0.56697
0.54432
0.538814
0.623175
0.599315
0.592431
0.686174
0.66112
0.652228
0.784721
0.756284
0.744019
0.739035
0.723989
0.716018
0.275456
0.252899
0.242929
0.331683
0.314698
0.308452
0.391882
0.375095
0.37047
0.451987
0.433439
0.429217
0.510325
0.489571
0.485011
0.566792
0.544145
0.538673
0.62307
0.599209
0.59234
0.686149
0.661102
0.652215
0.784784
0.756366
0.744109
0.739156
0.724154
0.716212
0.276043
0.253737
0.243945
0.331848
0.315016
0.30892
0.391782
0.37509
0.370586
0.451772
0.433275
0.429143
0.510101
0.489364
0.484865
0.566616
0.54397
0.538533
0.622965
0.599104
0.592249
0.686122
0.661082
0.652201
0.784844
0.756445
0.744196
0.739273
0.724312
0.716399
0.276598
0.254532
0.244908
0.331996
0.315309
0.309356
0.391675
0.375073
0.370684
0.451557
0.433106
0.429061
0.509878
0.489157
0.484717
0.566441
0.543795
0.538392
0.622861
0.598999
0.592159
0.686095
0.661061
0.652186
0.784902
0.756521
0.744279
0.739385
0.724465
0.716579
0.277122
0.255286
0.245822
0.332128
0.315579
0.309759
0.391563
0.375044
0.370765
0.451341
0.432933
0.428972
0.509656
0.48895
0.484566
0.566267
0.543621
0.53825
0.622758
0.598894
0.592069
0.686066
0.661038
0.65217
0.784957
0.756593
0.74436
0.739494
0.724611
0.716752
0.277615
0.256
0.246688
0.332245
0.315827
0.310133
0.391444
0.375006
0.370829
0.451124
0.432757
0.428874
0.509436
0.488742
0.484413
0.566094
0.543448
0.538109
0.622655
0.598788
0.591979
0.686038
0.661014
0.652153
0.785009
0.756661
0.744437
0.739598
0.724753
0.71692
0.27808
0.256676
0.247509
0.332347
0.316053
0.310479
0.39132
0.374957
0.370879
0.450906
0.432577
0.42877
0.509216
0.488534
0.484257
0.565923
0.543275
0.537967
0.622552
0.598683
0.591888
0.686008
0.660989
0.652135
0.785059
0.756727
0.744511
0.739699
0.724889
0.717081
0.278518
0.257317
0.248287
0.332435
0.316259
0.310798
0.391191
0.374898
0.370913
0.450687
0.432394
0.428659
0.508998
0.488326
0.484098
0.565753
0.543103
0.537824
0.62245
0.598578
0.591798
0.685978
0.660963
0.652117
0.785107
0.756789
0.744582
0.739796
0.725021
0.717237
0.278929
0.257923
0.249025
0.33251
0.316445
0.311092
0.391057
0.37483
0.370934
0.450468
0.432207
0.428541
0.50878
0.488117
0.483938
0.565585
0.542931
0.537681
0.622348
0.598473
0.591708
0.685947
0.660935
0.652097
0.785153
0.756849
0.74465
0.739889
0.725147
0.717387
0.279316
0.258497
0.249723
0.332571
0.316614
0.311361
0.390918
0.374754
0.370941
0.450249
0.432018
0.428417
0.508564
0.487909
0.483775
0.565417
0.54276
0.537538
0.622247
0.598368
0.591617
0.685916
0.660907
0.652077
0.785196
0.756905
0.744716
0.739979
0.725269
0.717532
0.279678
0.25904
0.250385
0.332621
0.316764
0.311608
0.390774
0.37467
0.370935
0.450029
0.431826
0.428286
0.508349
0.4877
0.483609
0.565251
0.54259
0.537394
0.622147
0.598263
0.591527
0.685883
0.660877
0.652056
0.785238
0.756959
0.744779
0.740065
0.725387
0.717672
0.280018
0.259553
0.251013
0.332659
0.316899
0.311833
0.390626
0.374577
0.370918
0.449808
0.431632
0.428151
0.508134
0.487491
0.483442
0.565085
0.54242
0.53725
0.622046
0.598159
0.591436
0.685851
0.660847
0.652034
0.785277
0.757011
0.744839
0.740148
0.7255
0.717806
0.280336
0.260038
0.251607
0.332685
0.317017
0.312037
0.390474
0.374478
0.370889
0.449587
0.431435
0.42801
0.507921
0.487282
0.483273
0.564921
0.542251
0.537106
0.621947
0.598055
0.591346
0.685818
0.660816
0.652011
0.785315
0.75706
0.744897
0.740228
0.725608
0.717936
0.280632
0.260496
0.252169
0.332701
0.31712
0.312221
0.390318
0.374371
0.37085
0.449365
0.431235
0.427863
0.507708
0.487073
0.483102
0.564757
0.542083
0.536961
0.621847
0.59795
0.591255
0.685784
0.660784
0.651987
0.78535
0.757107
0.744953
0.740305
0.725713
0.718061
0.280909
0.260928
0.252701
0.332706
0.317209
0.312387
0.390158
0.374258
0.3708
0.449144
0.431034
0.427712
0.507497
0.486864
0.482929
0.564595
0.541915
0.536815
0.621748
0.597847
0.591164
0.68575
0.660752
0.651963
0.785384
0.757152
0.745006
0.740379
0.725814
0.718181
0.281167
0.261336
0.253205
0.332702
0.317284
0.312535
0.389994
0.374138
0.37074
0.448922
0.430831
0.427557
0.507286
0.486656
0.482754
0.564434
0.541747
0.53667
0.62165
0.597743
0.591073
0.685715
0.660718
0.651938
0.785416
0.757194
0.745057
0.74045
0.725912
0.718298
0.281407
0.26172
0.253681
0.332688
0.317346
0.312666
0.389827
0.374012
0.370671
0.448699
0.430626
0.427396
0.507077
0.486447
0.482578
0.564274
0.541581
0.536524
0.621552
0.59764
0.590982
0.68568
0.660684
0.651912
0.785446
0.757235
0.745107
0.740518
0.726005
0.71841
0.281629
0.262081
0.254131
0.332665
0.317395
0.312781
0.389657
0.373881
0.370593
0.448477
0.430419
0.427232
0.506868
0.486239
0.482401
0.564114
0.541415
0.536378
0.621454
0.597537
0.590891
0.685644
0.66065
0.651886
0.785475
0.757273
0.745154
0.740584
0.726095
0.718518
0.281834
0.262421
0.254557
0.332634
0.317432
0.312881
0.389484
0.373744
0.370507
0.448254
0.43021
0.427064
0.506661
0.486031
0.482222
0.563956
0.54125
0.536232
0.621357
0.597435
0.5908
0.685608
0.660615
0.651859
0.785502
0.75731
0.745199
0.740647
0.726182
0.718622
0.282023
0.262741
0.254959
0.332594
0.317459
0.312966
0.389308
0.373602
0.370413
0.448031
0.43
0.426893
0.506454
0.485823
0.482042
0.563798
0.541086
0.536085
0.62126
0.597332
0.590708
0.685572
0.66058
0.651831
0.785528
0.757345
0.745242
0.740707
0.726266
0.718722
0.282197
0.263041
0.255338
0.332547
0.317474
0.313038
0.389129
0.373455
0.370312
0.447809
0.429789
0.426717
0.506248
0.485615
0.481861
0.563642
0.540922
0.535939
0.621163
0.597231
0.590617
0.685535
0.660544
0.651803
0.785552
0.757378
0.745284
0.740765
0.726346
0.718819
0.282356
0.263322
0.255696
0.332492
0.317479
0.313096
0.388947
0.373303
0.370203
0.447586
0.429576
0.426539
0.506043
0.485408
0.481678
0.563486
0.540759
0.535792
0.621067
0.597129
0.590526
0.685498
0.660507
0.651774
0.785575
0.75741
0.745324
0.740821
0.726424
0.718912
0.282501
0.263585
0.256033
0.332429
0.317474
0.313142
0.388763
0.373147
0.370088
0.447363
0.429363
0.426357
0.505839
0.485201
0.481495
0.563331
0.540597
0.535645
0.620972
0.597028
0.590434
0.68546
0.660471
0.651745
0.785596
0.75744
0.745362
0.740874
0.726498
0.719002
0.282633
0.263831
0.256351
0.33236
0.31746
0.313176
0.388577
0.372987
0.369966
0.44714
0.429148
0.426173
0.505636
0.484995
0.48131
0.563178
0.540436
0.535498
0.620876
0.596928
0.590343
0.685422
0.660434
0.651715
0.785616
0.757468
0.745399
0.740926
0.72657
0.719089
0.282751
0.26406
0.25665
0.332285
0.317436
0.313199
0.388388
0.372823
0.369838
0.446917
0.428932
0.425986
0.505434
0.484789
0.481125
0.563025
0.540275
0.535351
0.620782
0.596828
0.590252
0.685384
0.660396
0.651685
0.785634
0.757495
0.745434
0.740975
0.726639
0.719172
0.282858
0.264274
0.256931
0.332203
0.317405
0.313211
0.388197
0.372656
0.369705
0.446695
0.428716
0.425796
0.505233
0.484584
0.480939
0.562873
0.540116
0.535204
0.620687
0.596728
0.590161
0.685346
0.660359
0.651654
0.785652
0.757521
0.745467
0.741022
0.726705
0.719253
0.282952
0.264473
0.257195
0.332115
0.317365
0.313213
0.388004
0.372485
0.369566
0.446472
0.428498
0.425604
0.505033
0.484379
0.480752
0.562722
0.539957
0.535058
0.620593
0.596629
0.59007
0.685307
0.660321
0.651623
0.785668
0.757545
0.7455
0.741066
0.726769
0.71933
0.283035
0.264657
0.257442
0.332021
0.317317
0.313205
0.38781
0.37231
0.369422
0.44625
0.42828
0.425409
0.504834
0.484174
0.480565
0.562571
0.539799
0.534911
0.6205
0.59653
0.589979
0.685268
0.660283
0.651592
0.785683
0.757568
0.74553
0.741109
0.72683
0.719405
0.283108
0.264827
0.257674
0.331922
0.317262
0.313188
0.387614
0.372133
0.369273
0.446028
0.428062
0.425213
0.504635
0.483971
0.480377
0.562422
0.539641
0.534764
0.620406
0.596432
0.589888
0.685229
0.660245
0.65156
0.785697
0.75759
0.74556
0.741151
0.726889
0.719477
0.283169
0.264984
0.25789
0.331818
0.3172
0.313162
0.387416
0.371952
0.369119
0.445806
0.427842
0.425014
0.504438
0.483767
0.480189
0.562274
0.539485
0.534617
0.620314
0.596335
0.589797
0.685189
0.660206
0.651528
0.78571
0.75761
0.745588
0.74119
0.726946
0.719546
0.283221
0.265128
0.258092
0.331709
0.317131
0.313127
0.387216
0.371769
0.368962
0.445585
0.427623
0.424814
0.504242
0.483565
0.48
0.562126
0.53933
0.534471
0.620222
0.596238
0.589706
0.685149
0.660168
0.651495
0.785721
0.75763
0.745615
0.741227
0.727001
0.719613
0.283264
0.265261
0.258281
0.331595
0.317055
0.313085
0.387016
0.371583
0.3688
0.445364
0.427403
0.424612
0.504046
0.483363
0.479811
0.561979
0.539175
0.534325
0.62013
0.596141
0.589616
0.68511
0.660129
0.651462
0.785732
0.757648
0.745641
0.741263
0.727053
0.719677
0.283297
0.265381
0.258455
0.331477
0.316974
0.313035
0.386813
0.371395
0.368634
0.445143
0.427183
0.424409
0.503852
0.483162
0.479621
0.561834
0.539021
0.534179
0.620039
0.596045
0.589525
0.68507
0.660091
0.651429
0.785742
0.757666
0.745666
0.741298
0.727104
0.719739
0.283321
0.26549
0.258617
0.331354
0.316886
0.312977
0.38661
0.371205
0.368464
0.444923
0.426963
0.424204
0.503658
0.482962
0.479432
0.561689
0.538868
0.534033
0.619948
0.59595
0.589435
0.68503
0.660052
0.651396
0.785751
0.757682
0.745689
0.74133
0.727152
0.719799
0.283337
0.265588
0.258767
0.331227
0.316793
0.312913
0.386406
0.371012
0.368291
0.444703
0.426742
0.423998
0.503466
0.482762
0.479242
0.561545
0.538716
0.533887
0.619857
0.595855
0.589345
0.68499
0.660013
0.651362
0.785759
0.757698
0.745712
0.741361
0.727199
0.719857
0.283345
0.265676
0.258905
0.331097
0.316695
0.312842
0.3862
0.370818
0.368115
0.444484
0.426521
0.42379
0.503275
0.482563
0.479052
0.561402
0.538565
0.533742
0.619768
0.595761
0.589255
0.684949
0.659975
0.651329
0.785766
0.757712
0.745733
0.741391
0.727243
0.719912
0.283345
0.265754
0.259031
0.330962
0.316592
0.312765
0.385994
0.370621
0.367936
0.444265
0.426301
0.423582
0.503084
0.482365
0.478862
0.56126
0.538415
0.533597
0.619678
0.595668
0.589166
0.684909
0.659936
0.651294
0.785772
0.757726
0.745754
0.741419
0.727286
0.719965
0.283337
0.265822
0.259146
0.330824
0.316484
0.312681
0.385787
0.370423
0.367754
0.444047
0.42608
0.423373
0.502895
0.482168
0.478672
0.561119
0.538266
0.533452
0.619589
0.595575
0.589077
0.684869
0.659897
0.65126
0.785778
0.757739
0.745773
0.741446
0.727328
0.720016
0.283323
0.265881
0.259251
0.330683
0.316371
0.312592
0.385579
0.370223
0.367569
0.44383
0.42586
0.423162
0.502707
0.481971
0.478482
0.560979
0.538118
0.533308
0.619501
0.595482
0.588987
0.684828
0.659859
0.651226
0.785783
0.757751
0.745792
0.741472
0.727367
0.720066
0.283301
0.26593
0.259345
0.330539
0.316254
0.312497
0.38537
0.370022
0.367381
0.443613
0.425639
0.422951
0.50252
0.481776
0.478292
0.560839
0.537971
0.533164
0.619413
0.59539
0.588898
0.684788
0.65982
0.651191
0.785787
0.757763
0.745809
0.741496
0.727405
0.720113
0.283273
0.265972
0.25943
0.330391
0.316132
0.312398
0.385161
0.369819
0.367192
0.443397
0.425419
0.422739
0.502333
0.481581
0.478102
0.560701
0.537824
0.53302
0.619326
0.595299
0.58881
0.684748
0.659782
0.651156
0.78579
0.757774
0.745826
0.741519
0.727442
0.720159
0.283238
0.266005
0.259505
0.330241
0.316007
0.312293
0.384951
0.369615
0.366999
0.443181
0.425199
0.422526
0.502148
0.481387
0.477912
0.560564
0.537679
0.532877
0.61924
0.595209
0.588721
0.684707
0.659743
0.651121
0.785793
0.757784
0.745842
0.741541
0.727477
0.720203
0.283198
0.26603
0.259571
0.330088
0.315877
0.312183
0.384741
0.36941
0.366805
0.442966
0.42498
0.422313
0.501964
0.481194
0.477723
0.560427
0.537534
0.532734
0.619154
0.595119
0.588633
0.684667
0.659705
0.651086
0.785795
0.757793
0.745857
0.741562
0.72751
0.720245
0.283151
0.266047
0.259628
0.329932
0.315745
0.312068
0.384531
0.369204
0.366609
0.442752
0.42476
0.422099
0.501782
0.481002
0.477533
0.560292
0.537391
0.532591
0.619068
0.59503
0.588545
0.684627
0.659667
0.651051
0.785797
0.757802
0.745872
0.741581
0.727543
0.720286
0.283099
0.266057
0.259676
0.329774
0.315608
0.31195
0.38432
0.368996
0.366411
0.442539
0.424541
0.421885
0.5016
0.480811
0.477344
0.560157
0.537248
0.532449
0.618983
0.594941
0.588457
0.684587
0.659628
0.651015
0.785798
0.75781
0.745885
0.7416
0.727573
0.720325
0.283042
0.266059
0.259716
0.329614
0.315468
0.311827
0.384108
0.368788
0.366211
0.442326
0.424323
0.421671
0.501419
0.480621
0.477155
0.560024
0.537106
0.532307
0.618899
0.594853
0.58837
0.684547
0.659591
0.65098
0.785798
0.757818
0.745898
0.741618
0.727603
0.720362
0.282979
0.266055
0.259748
0.329451
0.315325
0.3117
0.383897
0.368579
0.366009
0.442115
0.424104
0.421456
0.501239
0.480432
0.476966
0.559891
0.536966
0.532166
0.618815
0.594766
0.588283
0.684507
0.659553
0.650944
0.785798
0.757825
0.74591
0.741634
0.727631
0.720398
0.282911
0.266044
0.259772
0.329286
0.315179
0.311569
0.383685
0.368369
0.365806
0.441904
0.423887
0.42124
0.501061
0.480243
0.476778
0.55976
0.536826
0.532025
0.618732
0.594679
0.588196
0.684467
0.659515
0.650908
0.785798
0.757832
0.745921
0.74165
0.727658
0.720433
0.282839
0.266027
0.259789
0.329119
0.31503
0.311434
0.383474
0.368158
0.365601
0.441694
0.423669
0.421025
0.500883
0.480056
0.47659
0.559629
0.536687
0.531885
0.61865
0.594593
0.588109
0.684428
0.659478
0.650872
0.785797
0.757838
0.745932
0.741664
0.727684
0.720466
0.282761
0.266003
0.259798
0.32895
0.314878
0.311296
0.383262
0.367947
0.365395
0.441484
0.423452
0.420809
0.500707
0.479869
0.476402
0.559499
0.536549
0.531745
0.618568
0.594508
0.588022
0.684388
0.65944
0.650836
0.785796
0.757844
0.745942
0.741678
0.727709
0.720498
0.282679
0.265973
0.259801
0.32878
0.314724
0.311154
0.38305
0.367735
0.365188
0.441276
0.423236
0.420594
0.500532
0.479684
0.476215
0.559371
0.536412
0.531605
0.618487
0.594423
0.587936
0.684349
0.659403
0.650799
0.785794
0.757849
0.745951
0.741691
0.727733
0.720528
0.282593
0.265937
0.259796
0.328607
0.314567
0.311009
0.382838
0.367523
0.364979
0.441068
0.42302
0.420378
0.500358
0.479499
0.476028
0.559243
0.536276
0.531466
0.618406
0.594339
0.58785
0.68431
0.659366
0.650763
0.785792
0.757854
0.745959
0.741703
0.727756
0.720557
0.282503
0.265896
0.259785
0.328433
0.314407
0.310861
0.382626
0.36731
0.36477
0.440862
0.422805
0.420162
0.500185
0.479316
0.475842
0.559116
0.536141
0.531327
0.618326
0.594255
0.587764
0.684271
0.659329
0.650726
0.78579
0.757858
0.745967
0.741714
0.727777
0.720585
0.282408
0.265849
0.259767
0.328257
0.314246
0.31071
0.382414
0.367096
0.364559
0.440656
0.42259
0.419946
0.500013
0.479133
0.475655
0.55899
0.536006
0.531189
0.618246
0.594172
0.587679
0.684232
0.659292
0.65069
0.785787
0.757862
0.745974
0.741725
0.727798
0.720612
0.28231
0.265796
0.259743
0.32808
0.314081
0.310556
0.382202
0.366883
0.364347
0.440451
0.422376
0.41973
0.499842
0.478951
0.47547
0.558865
0.535873
0.531051
0.618168
0.59409
0.587594
0.684193
0.659256
0.650653
0.785784
0.757866
0.745981
0.741735
0.727818
0.720638
0.282208
0.265739
0.259713
0.327902
0.313915
0.310399
0.381991
0.366668
0.364135
0.440247
0.422163
0.419514
0.499672
0.47877
0.475284
0.558741
0.53574
0.530914
0.618089
0.594008
0.587509
0.684155
0.65922
0.650616
0.78578
0.757869
0.745987
0.741744
0.727836
0.720662
0.282102
0.265677
0.259678
0.327722
0.313747
0.310239
0.381779
0.366454
0.363921
0.440044
0.42195
0.419298
0.499503
0.478591
0.4751
0.558618
0.535608
0.530777
0.618012
0.593926
0.587424
0.684117
0.659183
0.650579
0.785776
0.757872
0.745993
0.741752
0.727854
0.720686
0.281993
0.265609
0.259636
0.327541
0.313577
0.310077
0.381568
0.366239
0.363707
0.439841
0.421738
0.419082
0.499336
0.478412
0.474915
0.558495
0.535477
0.530641
0.617934
0.593846
0.58734
0.684079
0.659147
0.650542
0.785772
0.757874
0.745998
0.74176
0.727871
0.720708
0.28188
0.265537
0.259589
0.327358
0.313404
0.309913
0.381357
0.366024
0.363492
0.43964
0.421526
0.418867
0.499169
0.478233
0.474731
0.558374
0.535347
0.530505
0.617858
0.593765
0.587256
0.684041
0.659111
0.650505
0.785768
0.757876
0.746002
0.741767
0.727887
0.720729
0.281764
0.265461
0.259536
0.327174
0.31323
0.309746
0.381146
0.365809
0.363276
0.439439
0.421315
0.418652
0.499003
0.478056
0.474548
0.558253
0.535218
0.530369
0.617782
0.593686
0.587172
0.684003
0.659076
0.650468
0.785763
0.757878
0.746006
0.741773
0.727902
0.72075
0.281644
0.26538
0.259479
0.32699
0.313054
0.309577
0.380935
0.365594
0.36306
0.439239
0.421105
0.418436
0.498839
0.47788
0.474365
0.558134
0.53509
0.530234
0.617706
0.593607
0.587088
0.683966
0.65904
0.650431
0.785759
0.757879
0.746009
0.741779
0.727917
0.720769
0.281522
0.265294
0.259416
0.326804
0.312877
0.309405
0.380724
0.365378
0.362843
0.43904
0.420895
0.418221
0.498675
0.477704
0.474183
0.558015
0.534962
0.5301
0.617631
0.593528
0.587005
0.683928
0.659004
0.650394
0.785753
0.75788
0.746012
0.741784
0.727931
0.720788
0.281397
0.265205
0.259349
0.326617
0.312698
0.309232
0.380514
0.365163
0.362626
0.438842
0.420686
0.418007
0.498512
0.47753
0.474001
0.557897
0.534835
0.529966
0.617557
0.59345
0.586922
0.683891
0.658969
0.650356
0.785748
0.757881
0.746014
0.741788
0.727944
0.720805
0.281268
0.265112
0.259276
0.326429
0.312517
0.309056
0.380304
0.364947
0.362408
0.438645
0.420477
0.417792
0.49835
0.477356
0.47382
0.557779
0.534709
0.529833
0.617483
0.593372
0.586839
0.683854
0.658934
0.650319
0.785742
0.757882
0.746016
0.741792
0.727956
0.720822
0.281137
0.265014
0.259199
0.32624
0.312335
0.308879
0.380094
0.364732
0.36219
0.438448
0.420269
0.417578
0.498189
0.477183
0.473639
0.557663
0.534583
0.5297
0.61741
0.593295
0.586756
0.683817
0.658899
0.650282
0.785737
0.757882
0.746018
0.741796
0.727967
0.720838
0.281004
0.264913
0.259118
0.32605
0.312151
0.3087
0.379884
0.364516
0.361971
0.438253
0.420062
0.417364
0.498029
0.477011
0.473459
0.557547
0.534459
0.529567
0.617337
0.593218
0.586674
0.683781
0.658864
0.650244
0.785731
0.757882
0.746019
0.741799
0.727978
0.720853
0.280867
0.264808
0.259032
0.325859
0.311966
0.308519
0.379675
0.3643
0.361752
0.438058
0.419855
0.417151
0.49787
0.47684
0.473279
0.557432
0.534335
0.529435
0.617264
0.593142
0.586592
0.683744
0.658829
0.650207
0.785724
0.757881
0.74602
0.741801
0.727988
0.720867
0.280728
0.2647
0.258942
0.325668
0.31178
0.308336
0.379466
0.364084
0.361532
0.437864
0.419649
0.416938
0.497712
0.476669
0.4731
0.557318
0.534211
0.529304
0.617192
0.593066
0.586511
0.683708
0.658794
0.650169
0.785718
0.75788
0.74602
0.741803
0.727998
0.720881
0.280587
0.264588
0.258848
0.325475
0.311592
0.308151
0.379257
0.363868
0.361313
0.43767
0.419444
0.416725
0.497555
0.476499
0.472921
0.557204
0.534089
0.529173
0.617121
0.592991
0.586429
0.683672
0.65876
0.650132
0.785711
0.757879
0.74602
0.741804
0.728007
0.720893
0.280443
0.264472
0.258749
0.325282
0.311404
0.307965
0.379048
0.363653
0.361093
0.437478
0.419239
0.416512
0.497398
0.47633
0.472743
0.557091
0.533967
0.529042
0.61705
0.592916
0.586348
0.683636
0.658725
0.650094
0.785704
0.757878
0.746019
0.741805
0.728015
0.720905
0.280297
0.264354
0.258647
0.325089
0.311214
0.307778
0.37884
0.363437
0.360872
0.437286
0.419035
0.4163
0.497242
0.476162
0.472566
0.556979
0.533845
0.528912
0.616979
0.592841
0.586267
0.6836
0.658691
0.650057
0.785697
0.757877
0.746018
0.741806
0.728023
0.720917
0.280148
0.264232
0.258542
0.324894
0.311023
0.307589
0.378632
0.363221
0.360652
0.437095
0.418831
0.416089
0.497087
0.475995
0.472389
0.556867
0.533725
0.528783
0.616909
0.592767
0.586187
0.683564
0.658656
0.65002
0.78569
0.757875
0.746017
0.741806
0.72803
0.720927
0.279997
0.264107
0.258432
0.324699
0.31083
0.307399
0.378424
0.363006
0.360432
0.436904
0.418629
0.415878
0.496933
0.475828
0.472213
0.556756
0.533604
0.528654
0.616839
0.592693
0.586106
0.683528
0.658622
0.649982
0.785682
0.757873
0.746016
0.741805
0.728036
0.720937
0.279845
0.26398
0.258319
0.324503
0.310637
0.307207
0.378217
0.36279
0.360211
0.436715
0.418426
0.415667
0.49678
0.475662
0.472037
0.556646
0.533485
0.528525
0.616769
0.59262
0.586026
0.683493
0.658588
0.649945
0.785675
0.75787
0.746014
0.741805
0.728042
0.720947
0.27969
0.263849
0.258203
0.324306
0.310443
0.307014
0.37801
0.362575
0.35999
0.436526
0.418224
0.415456
0.496627
0.475497
0.471862
0.556536
0.533366
0.528397
0.6167
0.592546
0.585947
0.683458
0.658554
0.649907
0.785667
0.757868
0.746011
0.741803
0.728048
0.720955
0.279533
0.263715
0.258084
0.324109
0.310248
0.30682
0.377803
0.362359
0.359769
0.436337
0.418023
0.415247
0.496475
0.475332
0.471688
0.556427
0.533248
0.52827
0.616631
0.592474
0.585867
0.683422
0.65852
0.64987
0.785659
0.757865
0.746009
0.741802
0.728053
0.720964
0.279374
0.263579
0.257961
0.323912
0.310052
0.306624
0.377596
0.362144
0.359549
0.43615
0.417823
0.415037
0.496324
0.475168
0.471514
0.556318
0.53313
0.528142
0.616563
0.592401
0.585788
0.683387
0.658486
0.649832
0.78565
0.757862
0.746006
0.7418
0.728057
0.720971
0.279214
0.26344
0.257835
0.323714
0.309855
0.306428
0.37739
0.361929
0.359328
0.435963
0.417623
0.414828
0.496173
0.475005
0.47134
0.55621
0.533013
0.528016
0.616495
0.592329
0.585709
0.683352
0.658452
0.649795
0.785642
0.757858
0.746003
0.741797
0.728061
0.720978
0.279051
0.263299
0.257706
0.323515
0.309657
0.30623
0.377184
0.361714
0.359107
0.435776
0.417423
0.41462
0.496024
0.474842
0.471167
0.556103
0.532896
0.52789
0.616427
0.592257
0.585631
0.683317
0.658418
0.649758
0.785633
0.757855
0.745999
0.741795
0.728065
0.720985
0.278887
0.263155
0.257574
0.323316
0.309458
0.306032
0.376978
0.3615
0.358886
0.435591
0.417225
0.414412
0.495874
0.47468
0.470995
0.555996
0.53278
0.527764
0.61636
0.592186
0.585552
0.683282
0.658384
0.64972
0.785625
0.757851
0.745996
0.741792
0.728068
0.72099
0.278721
0.263009
0.257439
0.323116
0.309259
0.305832
0.376773
0.361285
0.358665
0.435406
0.417026
0.414204
0.495726
0.474519
0.470823
0.555889
0.532664
0.527639
0.616293
0.592115
0.585474
0.683247
0.658351
0.649683
0.785616
0.757847
0.745992
0.741788
0.72807
0.720996
0.278554
0.26286
0.257302
0.322916
0.309059
0.305632
0.376568
0.361071
0.358444
0.435221
0.416829
0.413997
0.495578
0.474358
0.470652
0.555784
0.532549
0.527514
0.616226
0.592044
0.585397
0.683213
0.658317
0.649646
0.785607
0.757843
0.745988
0.741785
0.728073
0.721001
0.278385
0.26271
0.257162
0.322716
0.308858
0.30543
0.376363
0.360856
0.358224
0.435037
0.416632
0.41379
0.495431
0.474198
0.470482
0.555678
0.532434
0.52739
0.61616
0.591973
0.585319
0.683178
0.658283
0.649608
0.785598
0.757839
0.745983
0.74178
0.728074
0.721005
0.278214
0.262557
0.257019
0.322515
0.308657
0.305228
0.376159
0.360642
0.358003
0.434854
0.416435
0.413584
0.495284
0.474039
0.470312
0.555573
0.53232
0.527266
0.616093
0.591903
0.585242
0.683144
0.65825
0.649571
0.785588
0.757834
0.745978
0.741776
0.728076
0.721009
0.278042
0.262402
0.256874
0.322313
0.308455
0.305025
0.375954
0.360429
0.357782
0.434671
0.416239
0.413379
0.495138
0.47388
0.470142
0.555469
0.532206
0.527143
0.616028
0.591833
0.585165
0.683109
0.658216
0.649534
0.785579
0.757829
0.745973
0.741771
0.728076
0.721012
0.277868
0.262244
0.256727
0.322112
0.308252
0.304822
0.375751
0.360215
0.357562
0.434489
0.416044
0.413174
0.494993
0.473722
0.469973
0.555365
0.532093
0.52702
0.615962
0.591763
0.585088
0.683075
0.658183
0.649497
0.785569
0.757824
0.745968
0.741766
0.728077
0.721015
0.277694
0.262085
0.256577
0.32191
0.308049
0.304617
0.375547
0.360002
0.357342
0.434307
0.415849
0.412969
0.494848
0.473564
0.469805
0.555261
0.53198
0.526897
0.615896
0.591693
0.585012
0.683041
0.658149
0.64946
0.785559
0.757819
0.745963
0.741761
0.728077
0.721018
0.277517
0.261924
0.256425
0.321708
0.307845
0.304412
0.375344
0.359789
0.357122
0.434126
0.415655
0.412765
0.494703
0.473407
0.469637
0.555158
0.531868
0.526775
0.615831
0.591624
0.584935
0.683006
0.658116
0.649423
0.785549
0.757813
0.745957
0.741756
0.728077
0.72102
0.27734
0.261762
0.25627
0.321505
0.307641
0.304206
0.375141
0.359576
0.356902
0.433946
0.415461
0.412561
0.494559
0.47325
0.46947
0.555055
0.531756
0.526654
0.615767
0.591555
0.584859
0.682972
0.658083
0.649385
0.785539
0.757808
0.745951
0.74175
0.728076
0.721022
0.277161
0.261597
0.256114
0.321302
0.307437
0.304
0.374938
0.359363
0.356682
0.433766
0.415268
0.412358
0.494416
0.473094
0.469303
0.554953
0.531644
0.526533
0.615702
0.591486
0.584784
0.682938
0.658049
0.649348
0.785529
0.757802
0.745945
0.741744
0.728076
0.721023
0.276981
0.261431
0.255956
0.321099
0.307231
0.303793
0.374736
0.359151
0.356463
0.433587
0.415075
0.412156
0.494273
0.472939
0.469137
0.554851
0.531533
0.526412
0.615637
0.591418
0.584708
0.682904
0.658016
0.649311
0.785519
0.757795
0.745938
0.741738
0.728074
0.721024
0.2768
0.261263
0.255795
0.320896
0.307026
0.303585
0.374534
0.358939
0.356243
0.433408
0.414883
0.411953
0.494131
0.472784
0.468972
0.554749
0.531422
0.526291
0.615573
0.591349
0.584633
0.68287
0.657983
0.649274
0.785509
0.757788
0.745931
0.741731
0.728073
0.721024
0.276618
0.261093
0.255633
0.320693
0.30682
0.303377
0.374332
0.358727
0.356024
0.433229
0.414691
0.411752
0.493989
0.472629
0.468807
0.554648
0.531312
0.526171
0.615509
0.591281
0.584557
0.682836
0.657949
0.649237
0.785498
0.757782
0.745924
0.741724
0.728071
0.721024
0.276435
0.260922
0.255469
0.320489
0.306614
0.303169
0.374131
0.358515
0.355805
0.433052
0.4145
0.411551
0.493848
0.472475
0.468642
0.554547
0.531202
0.526052
0.615446
0.591213
0.584483
0.682802
0.657916
0.6492
0.785487
0.757774
0.745916
0.741717
0.728068
0.721024
0.276251
0.26075
0.255303
0.320285
0.306407
0.30296
0.37393
0.358304
0.355587
0.432874
0.414309
0.41135
0.493707
0.472322
0.468478
0.554446
0.531092
0.525933
0.615382
0.591145
0.584408
0.682769
0.657883
0.649163
0.785476
0.757767
0.745909
0.74171
0.728066
0.721024
0.276066
0.260576
0.255136
0.320081
0.3062
0.30275
0.373729
0.358093
0.355368
0.432697
0.414119
0.41115
0.493567
0.472169
0.468314
0.554346
0.530983
0.525814
0.615319
0.591077
0.584333
0.682735
0.657849
0.649126
0.785465
0.75776
0.745901
0.741703
0.728063
0.721023
0.27588
0.260401
0.254967
0.319877
0.305993
0.30254
0.373529
0.357882
0.35515
0.432521
0.413929
0.410951
0.493427
0.472016
0.468151
0.554246
0.530874
0.525695
0.615256
0.59101
0.584259
0.682701
0.657816
0.649089
0.785454
0.757752
0.745893
0.741695
0.72806
0.721021
0.275693
0.260224
0.254796
0.319673
0.305785
0.30233
0.373329
0.357672
0.354932
0.432345
0.41374
0.410752
0.493288
0.471864
0.467989
0.554147
0.530765
0.525577
0.615193
0.590942
0.584185
0.682667
0.657782
0.649052
0.785442
0.757744
0.745885
0.741687
0.728056
0.721019
0.275505
0.260046
0.254624
0.319468
0.305577
0.30212
0.373129
0.357462
0.354715
0.43217
0.413552
0.410553
0.493149
0.471713
0.467827
0.554048
0.530657
0.525459
0.61513
0.590875
0.584111
0.682634
0.657749
0.649014
0.78543
0.757736
0.745876
0.741679
0.728052
0.721017
0.275316
0.259867
0.25445
0.319264
0.305369
0.301909
0.37293
0.357252
0.354497
0.431995
0.413363
0.410355
0.49301
0.471562
0.467665
0.553949
0.530549
0.525342
0.615067
0.590808
0.584037
0.6826
0.657715
0.648977
0.785419
0.757728
0.745868
0.741671
0.728048
0.721015
0.275127
0.259687
0.254275
0.319059
0.305161
0.301698
0.372731
0.357043
0.35428
0.43182
0.413176
0.410157
0.492872
0.471411
0.467504
0.55385
0.530441
0.525225
0.615005
0.590741
0.583963
0.682566
0.657682
0.64894
0.785407
0.757719
0.745859
0.741662
0.728044
0.721012
0.274936
0.259505
0.254099
0.318854
0.304953
0.301486
0.372532
0.356833
0.354064
0.431646
0.412988
0.40996
0.492734
0.471261
0.467343
0.553752
0.530334
0.525108
0.614942
0.590675
0.58389
0.682533
0.657648
0.648903
0.785395
0.757711
0.74585
0.741653
0.72804
0.72101
0.274745
0.259323
0.253921
0.31865
0.304744
0.301275
0.372333
0.356625
0.353847
0.431473
0.412802
0.409764
0.492597
0.471111
0.467183
0.553654
0.530227
0.524991
0.61488
0.590608
0.583816
0.682499
0.657615
0.648866
0.785382
0.757702
0.745841
0.741645
0.728035
0.721006
0.274554
0.259139
0.253742
0.318445
0.304536
0.301063
0.372135
0.356416
0.353631
0.431299
0.412615
0.409568
0.49246
0.470962
0.467023
0.553556
0.53012
0.524875
0.614818
0.590541
0.583743
0.682465
0.657581
0.648828
0.78537
0.757693
0.745831
0.741636
0.72803
0.721003
0.274362
0.258955
0.253562
0.31824
0.304327
0.300851
0.371938
0.356208
0.353415
0.431127
0.41243
0.409372
0.492323
0.470813
0.466863
0.553459
0.530014
0.524759
0.614756
0.590475
0.58367
0.682432
0.657548
0.648791
0.785358
0.757684
0.745822
0.741626
0.728024
0.720999
0.274169
0.258769
0.253381
0.318035
0.304118
0.300639
0.37174
0.356
0.3532
0.430954
0.412244
0.409177
0.492187
0.470664
0.466705
0.553361
0.529907
0.524644
0.614694
0.590409
0.583597
0.682398
0.657514
0.648754
0.785345
0.757675
0.745812
0.741617
0.728019
0.720995
0.273975
0.258583
0.253198
0.317831
0.303909
0.300426
0.371543
0.355792
0.352985
0.430783
0.412059
0.408982
0.492051
0.470516
0.466546
0.553264
0.529801
0.524528
0.614633
0.590342
0.583524
0.682364
0.65748
0.648716
0.785333
0.757666
0.745802
0.741607
0.728013
0.720991
0.273781
0.258396
0.253015
0.317626
0.3037
0.300214
0.371346
0.355585
0.35277
0.430611
0.411875
0.408788
0.491915
0.470368
0.466388
0.553167
0.529696
0.524413
0.614571
0.590276
0.583451
0.682331
0.657447
0.648679
0.78532
0.757657
0.745793
0.741598
0.728007
0.720986
0.273587
0.258208
0.252831
0.317421
0.30349
0.300001
0.37115
0.355378
0.352556
0.43044
0.411691
0.408594
0.49178
0.470221
0.46623
0.553071
0.52959
0.524299
0.61451
0.59021
0.583379
0.682297
0.657413
0.648642
0.785307
0.757647
0.745782
0.741588
0.728001
0.720981
0.273392
0.258019
0.252645
0.317216
0.303281
0.299788
0.370953
0.355172
0.352341
0.430269
0.411507
0.408401
0.491645
0.470074
0.466073
0.552975
0.529485
0.524184
0.614448
0.590145
0.583306
0.682263
0.657379
0.648604
0.785295
0.757638
0.745772
0.741578
0.727995
0.720976
0.273196
0.257829
0.252459
0.317012
0.303072
0.299576
0.370758
0.354965
0.352128
0.430099
0.411324
0.408208
0.491511
0.469927
0.465916
0.552878
0.52938
0.52407
0.614387
0.590079
0.583234
0.68223
0.657345
0.648567
0.785282
0.757628
0.745762
0.741568
0.727988
0.720971
0.273
0.257639
0.252272
0.316807
0.302863
0.299363
0.370562
0.35476
0.351914
0.429929
0.411142
0.408016
0.491376
0.469781
0.465759
0.552782
0.529275
0.523956
0.614326
0.590013
0.583162
0.682196
0.657312
0.64853
0.785269
0.757618
0.745752
0.741557
0.727981
0.720966
0.272804
0.257448
0.252084
0.316603
0.302653
0.29915
0.370367
0.354554
0.351701
0.429759
0.410959
0.407824
0.491242
0.469635
0.465603
0.552687
0.52917
0.523842
0.614265
0.589947
0.583089
0.682162
0.657278
0.648492
0.785256
0.757608
0.745741
0.741547
0.727975
0.72096
0.272607
0.257256
0.251895
0.316398
0.302444
0.298937
0.370172
0.354349
0.351489
0.42959
0.410777
0.407632
0.491109
0.469489
0.465448
0.552591
0.529066
0.523729
0.614204
0.589882
0.583017
0.682129
0.657244
0.648455
0.785243
0.757599
0.745731
0.741537
0.727967
0.720954
0.27241
0.257064
0.251705
0.316194
0.302235
0.298724
0.369978
0.354144
0.351276
0.429421
0.410596
0.407441
0.490975
0.469344
0.465292
0.552496
0.528961
0.523616
0.614143
0.589816
0.582945
0.682095
0.65721
0.648417
0.78523
0.757588
0.74572
0.741526
0.72796
0.720948
0.272212
0.256871
0.251515
0.315989
0.302026
0.298511
0.369783
0.35394
0.351064
0.429253
0.410415
0.407251
0.490842
0.469199
0.465137
0.5524
0.528857
0.523503
0.614082
0.589751
0.582873
0.682062
0.657176
0.64838
0.785217
0.757578
0.745709
0.741515
0.727953
0.720942
0.272014
0.256678
0.251324
0.315785
0.301817
0.298298
0.369589
0.353736
0.350853
0.429085
0.410234
0.407061
0.490709
0.469054
0.464983
0.552305
0.528753
0.52339
0.614021
0.589685
0.582801
0.682028
0.657142
0.648342
0.785203
0.757568
0.745698
0.741504
0.727945
0.720935
0.271816
0.256484
0.251133
0.315581
0.301608
0.298086
0.369396
0.353532
0.350642
0.428917
0.410054
0.406871
0.490577
0.46891
0.464828
0.55221
0.52865
0.523277
0.61396
0.58962
0.582729
0.681994
0.657108
0.648305
0.78519
0.757558
0.745687
0.741493
0.727937
0.720929
0.271618
0.256289
0.25094
0.315377
0.301399
0.297873
0.369203
0.353328
0.350431
0.428749
0.409874
0.406682
0.490444
0.468765
0.464674
0.552115
0.528546
0.523165
0.613899
0.589554
0.582658
0.681961
0.657074
0.648267
0.785177
0.757547
0.745676
0.741482
0.72793
0.720922
0.271419
0.256095
0.250747
0.315173
0.30119
0.29766
0.36901
0.353125
0.35022
0.428582
0.409695
0.406493
0.490312
0.468622
0.464521
0.55202
0.528443
0.523053
0.613838
0.589489
0.582586
0.681927
0.65704
0.648229
0.785164
0.757537
0.745665
0.741471
0.727921
0.720915
0.27122
0.255899
0.250554
0.31497
0.300981
0.297448
0.368817
0.352923
0.35001
0.428415
0.409516
0.406304
0.49018
0.468478
0.464367
0.551926
0.528339
0.522941
0.613777
0.589424
0.582514
0.681893
0.657006
0.648192
0.78515
0.757526
0.745654
0.74146
0.727913
0.720907
0.271021
0.255703
0.25036
0.314766
0.300772
0.297235
0.368625
0.35272
0.3498
0.428248
0.409337
0.406117
0.490048
0.468335
0.464214
0.551831
0.528236
0.522829
0.613717
0.589359
0.582443
0.681859
0.656972
0.648154
0.785137
0.757516
0.745642
0.741449
0.727905
0.7209
0.270821
0.255507
0.250166
0.314563
0.300564
0.297023
0.368432
0.352518
0.349591
0.428082
0.409159
0.405929
0.489917
0.468192
0.464062
0.551737
0.528133
0.522717
0.613656
0.589293
0.582371
0.681826
0.656938
0.648116
0.785123
0.757505
0.745631
0.741437
0.727896
0.720892
0.270622
0.255311
0.249971
0.314359
0.300356
0.296811
0.368241
0.352317
0.349382
0.427916
0.408981
0.405742
0.489785
0.468049
0.463909
0.551642
0.52803
0.522605
0.613595
0.589228
0.5823
0.681792
0.656904
0.648079
0.78511
0.757494
0.745619
0.741426
0.727888
0.720885
0.270422
0.255114
0.249776
0.314156
0.300147
0.296599
0.368049
0.352115
0.349174
0.42775
0.408803
0.405555
0.489654
0.467907
0.463757
0.551548
0.527928
0.522494
0.613535
0.589163
0.582228
0.681758
0.656869
0.648041
0.785096
0.757483
0.745607
0.741414
0.727879
0.720877
0.270222
0.254917
0.24958
0.313953
0.299939
0.296387
0.367858
0.351914
0.348966
0.427585
0.408626
0.405369
0.489523
0.467765
0.463606
0.551454
0.527825
0.522383
0.613474
0.589098
0.582157
0.681724
0.656835
0.648003
0.785083
0.757472
0.745595
0.741403
0.72787
0.720869
0.270022
0.25472
0.249384
0.31375
0.299731
0.296175
0.367667
0.351714
0.348758
0.42742
0.408449
0.405183
0.489392
0.467623
0.463454
0.55136
0.527723
0.522272
0.613413
0.589032
0.582085
0.68169
0.656801
0.647965
0.785069
0.757461
0.745584
0.741391
0.727861
0.720861
0.269822
0.254522
0.249188
0.313548
0.299524
0.295963
0.367477
0.351514
0.348551
0.427255
0.408272
0.404997
0.489262
0.467481
0.463303
0.551266
0.52762
0.522161
0.613353
0.588967
0.582014
0.681657
0.656766
0.647927
0.785055
0.75745
0.745572
0.741379
0.727852
0.720852
0.269622
0.254324
0.248991
0.313345
0.299316
0.295752
0.367286
0.351314
0.348344
0.42709
0.408096
0.404812
0.489131
0.467339
0.463152
0.551172
0.527518
0.52205
0.613292
0.588902
0.581943
0.681623
0.656732
0.647889
0.785042
0.757438
0.745559
0.741367
0.727843
0.720844
0.269422
0.254126
0.248794
0.313143
0.299109
0.295541
0.367096
0.351114
0.348137
0.426926
0.40792
0.404628
0.489001
0.467198
0.463001
0.551078
0.527416
0.521939
0.613231
0.588837
0.581871
0.681589
0.656697
0.647851
0.785028
0.757427
0.745547
0.741355
0.727833
0.720835
0.269221
0.253928
0.248596
0.312941
0.298902
0.29533
0.366907
0.350915
0.347931
0.426761
0.407745
0.404443
0.488871
0.467057
0.462851
0.550984
0.527313
0.521829
0.61317
0.588771
0.5818
0.681555
0.656663
0.647813
0.785014
0.757415
0.745535
0.741343
0.727824
0.720827
0.269021
0.253729
0.248399
0.312739
0.298695
0.295119
0.366717
0.350716
0.347725
0.426598
0.40757
0.404259
0.48874
0.466916
0.462701
0.55089
0.527211
0.521718
0.613109
0.588706
0.581729
0.681521
0.656628
0.647775
0.785
0.757404
0.745522
0.741331
0.727814
0.720818
0.26882
0.253531
0.248201
0.312538
0.298488
0.294908
0.366528
0.350518
0.34752
0.426434
0.407395
0.404076
0.48861
0.466775
0.462551
0.550796
0.527109
0.521608
0.613049
0.588641
0.581657
0.681487
0.656593
0.647736
0.784986
0.757392
0.74551
0.741319
0.727804
0.720809
0.26862
0.253332
0.248003
0.312336
0.298281
0.294698
0.366339
0.35032
0.347315
0.42627
0.40722
0.403892
0.48848
0.466635
0.462401
0.550702
0.527007
0.521498
0.612988
0.588575
0.581586
0.681452
0.656558
0.647698
0.784972
0.75738
0.745497
0.741307
0.727794
0.7208
0.268419
0.253133
0.247805
0.312135
0.298075
0.294488
0.36615
0.350122
0.34711
0.426107
0.407046
0.403709
0.488351
0.466495
0.462252
0.550608
0.526905
0.521388
0.612927
0.58851
0.581514
0.681418
0.656524
0.64766
0.784958
0.757368
0.745485
0.741294
0.727784
0.72079
0.268219
0.252934
0.247607
0.311934
0.297869
0.294278
0.365962
0.349925
0.346906
0.425944
0.406872
0.403527
0.488221
0.466355
0.462103
0.550514
0.526803
0.521278
0.612866
0.588445
0.581443
0.681384
0.656489
0.647621
0.784944
0.757357
0.745472
0.741282
0.727774
0.720781
0.268018
0.252735
0.247408
0.311733
0.297663
0.294068
0.365774
0.349728
0.346702
0.425781
0.406698
0.403345
0.488091
0.466215
0.461954
0.55042
0.526701
0.521168
0.612805
0.588379
0.581371
0.68135
0.656454
0.647583
0.78493
0.757345
0.745459
0.741269
0.727764
0.720771
0.267818
0.252536
0.24721
0.311533
0.297458
0.293859
0.365586
0.349531
0.346499
0.425618
0.406525
0.403163
0.487962
0.466075
0.461805
0.550326
0.526599
0.521058
0.612744
0.588314
0.5813
0.681315
0.656418
0.647544
0.784916
0.757332
0.745446
0.741257
0.727754
0.720762
0.267618
0.252336
0.247011
0.311332
0.297252
0.293649
0.365399
0.349335
0.346296
0.425456
0.406352
0.402982
0.487832
0.465935
0.461657
0.550232
0.526498
0.520948
0.612682
0.588248
0.581228
0.681281
0.656383
0.647505
0.784902
0.75732
0.745433
0.741244
0.727744
0.720752
0.267417
0.252137
0.246812
0.311132
0.297047
0.293441
0.365211
0.349139
0.346093
0.425293
0.406179
0.4028
0.487703
0.465796
0.461508
0.550138
0.526396
0.520838
0.612621
0.588182
0.581157
0.681246
0.656348
0.647466
0.784888
0.757308
0.74542
0.741232
0.727733
0.720742
0.267217
0.251938
0.246613
0.310932
0.296842
0.293232
0.365024
0.348943
0.345891
0.425131
0.406006
0.40262
0.487573
0.465656
0.46136
0.550044
0.526294
0.520728
0.61256
0.588116
0.581085
0.681212
0.656312
0.647428
0.784873
0.757296
0.745407
0.741219
0.727723
0.720732
0.267017
0.251739
0.246414
0.310733
0.296638
0.293024
0.364838
0.348748
0.345689
0.424969
0.405834
0.402439
0.487444
0.465517
0.461212
0.54995
0.526192
0.520619
0.612498
0.588051
0.581013
0.681177
0.656277
0.647389
0.784859
0.757283
0.745393
0.741206
0.727712
0.720722
0.266817
0.251539
0.246215
0.310533
0.296434
0.292816
0.364651
0.348553
0.345488
0.424807
0.405662
0.402259
0.487315
0.465378
0.461065
0.549855
0.52609
0.520509
0.612437
0.587985
0.580942
0.681142
0.656241
0.647349
0.784845
0.757271
0.74538
0.741194
0.727701
0.720712
0.266616
0.25134
0.246016
0.310334
0.29623
0.292608
0.364465
0.348358
0.345287
0.424646
0.40549
0.402079
0.487186
0.465239
0.460917
0.549761
0.525988
0.520399
0.612375
0.587919
0.58087
0.681107
0.656205
0.64731
0.78483
0.757258
0.745366
0.741181
0.72769
0.720702
0.266416
0.251141
0.245817
0.310135
0.296026
0.2924
0.364279
0.348164
0.345086
0.424484
0.405319
0.4019
0.487056
0.4651
0.460769
0.549667
0.525887
0.52029
0.612313
0.587852
0.580798
0.681072
0.656169
0.647271
0.784816
0.757245
0.745353
0.741168
0.72768
0.720691
0.266217
0.250942
0.245618
0.309936
0.295822
0.292193
0.364093
0.34797
0.344886
0.424323
0.405148
0.40172
0.486927
0.464961
0.460622
0.549572
0.525785
0.52018
0.612251
0.587786
0.580726
0.681037
0.656133
0.647231
0.784801
0.757232
0.745339
0.741155
0.727669
0.720681
0.266017
0.250743
0.245419
0.309738
0.295619
0.291986
0.363908
0.347776
0.344686
0.424162
0.404977
0.401542
0.486798
0.464822
0.460475
0.549478
0.525683
0.52007
0.612189
0.58772
0.580654
0.681002
0.656097
0.647192
0.784786
0.757219
0.745325
0.741142
0.727658
0.720671
0.265817
0.250543
0.245221
0.309539
0.295416
0.29178
0.363722
0.347583
0.344486
0.424001
0.404806
0.401363
0.486669
0.464684
0.460328
0.549383
0.525581
0.519961
0.612127
0.587653
0.580581
0.680967
0.656061
0.647152
0.784772
0.757206
0.745311
0.741129
0.727646
0.72066
0.265618
0.250345
0.245022
0.309341
0.295214
0.291574
0.363537
0.34739
0.344287
0.42384
0.404635
0.401185
0.48654
0.464545
0.460181
0.549289
0.525479
0.519851
0.612065
0.587587
0.580509
0.680931
0.656025
0.647112
0.784757
0.757193
0.745297
0.741116
0.727635
0.720649
0.265418
0.250146
0.244823
0.309144
0.295011
0.291368
0.363352
0.347197
0.344088
0.423679
0.404465
0.401007
0.486411
0.464407
0.460035
0.549194
0.525377
0.519741
0.612003
0.58752
0.580437
0.680896
0.655988
0.647073
0.784742
0.75718
0.745283
0.741103
0.727624
0.720638
0.265219
0.249947
0.244624
0.308946
0.294809
0.291162
0.363168
0.347005
0.34389
0.423518
0.404295
0.400829
0.486282
0.464268
0.459888
0.549099
0.525274
0.519632
0.61194
0.587453
0.580364
0.68086
0.655951
0.647033
0.784727
0.757167
0.745268
0.74109
0.727613
0.720627
0.26502
0.249748
0.244425
0.308749
0.294607
0.290957
0.362983
0.346813
0.343692
0.423358
0.404125
0.400652
0.486152
0.46413
0.459742
0.549004
0.525172
0.519522
0.611878
0.587386
0.580292
0.680824
0.655915
0.646992
0.784712
0.757153
0.745254
0.741077
0.727601
0.720616
0.264821
0.24955
0.244227
0.308552
0.294406
0.290752
0.362799
0.346621
0.343494
0.423197
0.403955
0.400474
0.486023
0.463992
0.459595
0.548909
0.52507
0.519412
0.611815
0.587319
0.580219
0.680789
0.655878
0.646952
0.784697
0.75714
0.745239
0.741063
0.72759
0.720605
0.264622
0.249351
0.244028
0.308355
0.294205
0.290548
0.362615
0.34643
0.343297
0.423037
0.403786
0.400297
0.485894
0.463854
0.459449
0.548814
0.524968
0.519302
0.611752
0.587252
0.580146
0.680753
0.655841
0.646911
0.784682
0.757126
0.745225
0.74105
0.727578
0.720594
0.264424
0.249153
0.24383
0.308159
0.294004
0.290343
0.362432
0.346239
0.3431
0.422877
0.403617
0.400121
0.485765
0.463716
0.459303
0.548718
0.524865
0.519193
0.611689
0.587184
0.580073
0.680716
0.655803
0.646871
0.784667
0.757113
0.74521
0.741037
0.727566
0.720583
0.264225
0.248955
0.243632
0.307962
0.293804
0.290139
0.362248
0.346048
0.342903
0.422717
0.403448
0.399944
0.485636
0.463577
0.459157
0.548623
0.524762
0.519083
0.611625
0.587117
0.58
0.68068
0.655766
0.64683
0.784652
0.757099
0.745195
0.741024
0.727555
0.720572
0.264027
0.248757
0.243434
0.307766
0.293603
0.289936
0.362065
0.345857
0.342707
0.422557
0.403279
0.399768
0.485506
0.463439
0.459011
0.548527
0.52466
0.518973
0.611562
0.587049
0.579926
0.680644
0.655728
0.646789
0.784636
0.757085
0.74518
0.74101
0.727543
0.72056
0.263829
0.248559
0.243236
0.307571
0.293403
0.289733
0.361882
0.345667
0.342511
0.422397
0.40311
0.399592
0.485377
0.463301
0.458865
0.548432
0.524557
0.518863
0.611498
0.586981
0.579853
0.680607
0.655691
0.646748
0.784621
0.757071
0.745165
0.740997
0.727531
0.720549
0.263631
0.248361
0.243038
0.307375
0.293204
0.28953
0.361699
0.345477
0.342316
0.422237
0.402942
0.399417
0.485247
0.463163
0.458719
0.548336
0.524454
0.518753
0.611434
0.586913
0.579779
0.68057
0.655653
0.646707
0.784605
0.757057
0.74515
0.740983
0.727519
0.720537
0.263434
0.248164
0.242841
0.30718
0.293005
0.289327
0.361517
0.345288
0.342121
0.422077
0.402773
0.399242
0.485118
0.463025
0.458574
0.54824
0.524351
0.518642
0.61137
0.586845
0.579706
0.680534
0.655615
0.646665
0.78459
0.757042
0.745135
0.74097
0.727507
0.720526
0.263236
0.247967
0.242643
0.306985
0.292806
0.289125
0.361334
0.345098
0.341926
0.421918
0.402605
0.399066
0.484988
0.462887
0.458428
0.548143
0.524248
0.518532
0.611306
0.586776
0.579632
0.680497
0.655576
0.646624
0.784574
0.757028
0.745119
0.740956
0.727495
0.720514
0.263039
0.24777
0.242446
0.306791
0.292607
0.288923
0.361152
0.344909
0.341732
0.421758
0.402437
0.398891
0.484859
0.462749
0.458283
0.548047
0.524145
0.518422
0.611242
0.586707
0.579557
0.680459
0.655538
0.646582
0.784559
0.757013
0.745104
0.740943
0.727483
0.720502
0.262842
0.247573
0.242249
0.306596
0.292409
0.288722
0.36097
0.344721
0.341538
0.421598
0.402269
0.398717
0.484729
0.462611
0.458137
0.54795
0.524041
0.518311
0.611177
0.586639
0.579483
0.680422
0.655499
0.64654
0.784543
0.756999
0.745088
0.740929
0.727471
0.720491
0.262646
0.247376
0.242052
0.306402
0.292211
0.288521
0.360788
0.344532
0.341344
0.421439
0.402102
0.398542
0.484599
0.462473
0.457992
0.547854
0.523938
0.518201
0.611112
0.586569
0.579409
0.680384
0.65546
0.646497
0.784527
0.756984
0.745072
0.740916
0.727459
0.720479
0.262449
0.24718
0.241855
0.306208
0.292013
0.28832
0.360607
0.344344
0.341151
0.42128
0.401934
0.398368
0.48447
0.462335
0.457846
0.547757
0.523834
0.51809
0.611047
0.5865
0.579334
0.680347
0.655421
0.646455
0.784511
0.756969
0.745056
0.740902
0.727447
0.720467
0.262253
0.246983
0.241659
0.306015
0.291816
0.288119
0.360426
0.344156
0.340958
0.42112
0.401767
0.398194
0.48434
0.462197
0.457701
0.547659
0.52373
0.517979
0.610982
0.586431
0.579259
0.680309
0.655382
0.646412
0.784495
0.756954
0.74504
0.740888
0.727434
0.720455
0.262057
0.246787
0.241463
0.305821
0.291618
0.287919
0.360244
0.343969
0.340765
0.420961
0.4016
0.39802
0.48421
0.462059
0.457555
0.547562
0.523626
0.517869
0.610917
0.586361
0.579184
0.680271
0.655342
0.64637
0.784479
0.756939
0.745024
0.740875
0.727422
0.720443
0.261861
0.246592
0.241267
0.305628
0.291422
0.28772
0.360063
0.343782
0.340573
0.420802
0.401433
0.397847
0.484079
0.461921
0.45741
0.547465
0.523522
0.517758
0.610851
0.586291
0.579109
0.680233
0.655303
0.646327
0.784463
0.756924
0.745007
0.740861
0.72741
0.72043
0.261666
0.246396
0.241071
0.305436
0.291225
0.28752
0.359883
0.343595
0.340381
0.420642
0.401266
0.397673
0.483949
0.461783
0.457265
0.547367
0.523418
0.517646
0.610785
0.586221
0.579033
0.680194
0.655263
0.646283
0.784446
0.756908
0.744991
0.740847
0.727397
0.720418
0.261471
0.246201
0.240876
0.305243
0.291029
0.287321
0.359702
0.343408
0.340189
0.420483
0.401099
0.3975
0.483819
0.461645
0.45712
0.547269
0.523313
0.517535
0.610719
0.58615
0.578957
0.680155
0.655223
0.64624
0.78443
0.756893
0.744974
0.740833
0.727385
0.720406
0.261276
0.246006
0.240681
0.305051
0.290834
0.287123
0.359522
0.343222
0.339998
0.420324
0.400933
0.397327
0.483688
0.461507
0.456974
0.54717
0.523208
0.517424
0.610652
0.586079
0.578881
0.680117
0.655182
0.646196
0.784413
0.756877
0.744957
0.740819
0.727372
0.720394
0.261081
0.245811
0.240486
0.304859
0.290638
0.286924
0.359341
0.343036
0.339807
0.420165
0.400766
0.397154
0.483558
0.461369
0.456829
0.547072
0.523103
0.517312
0.610586
0.586008
0.578805
0.680078
0.655142
0.646152
0.784397
0.756861
0.74494
0.740806
0.727359
0.720381
0.260886
0.245617
0.240291
0.304667
0.290443
0.286727
0.359161
0.34285
0.339616
0.420006
0.4006
0.396982
0.483427
0.46123
0.456684
0.546973
0.522998
0.5172
0.610519
0.585937
0.578729
0.680038
0.655101
0.646108
0.78438
0.756845
0.744923
0.740792
0.727347
0.720369
0.260692
0.245423
0.240096
0.304476
0.290248
0.286529
0.358982
0.342664
0.339426
0.419847
0.400433
0.396809
0.483296
0.461092
0.456539
0.546874
0.522893
0.517088
0.610451
0.585865
0.578652
0.679999
0.65506
0.646064
0.784363
0.756829
0.744906
0.740778
0.727334
0.720356
0.260498
0.245229
0.239902
0.304285
0.290054
0.286332
0.358802
0.342479
0.339236
0.419688
0.400267
0.396637
0.483165
0.460954
0.456394
0.546775
0.522788
0.516976
0.610384
0.585794
0.578575
0.679959
0.655018
0.646019
0.784346
0.756813
0.744889
0.740764
0.727321
0.720344
0.260305
0.245035
0.239708
0.304094
0.28986
0.286135
0.358623
0.342294
0.339046
0.419529
0.400101
0.396465
0.483034
0.460815
0.456248
0.546676
0.522682
0.516864
0.610316
0.585722
0.578498
0.679919
0.654977
0.645974
0.784329
0.756797
0.744871
0.74075
0.727308
0.720331
0.260112
0.244842
0.239515
0.303903
0.289666
0.285939
0.358443
0.342109
0.338857
0.41937
0.399936
0.396293
0.482902
0.460677
0.456103
0.546576
0.522576
0.516752
0.610248
0.585649
0.57842
0.679879
0.654935
0.645929
0.784312
0.75678
0.744853
0.740736
0.727296
0.720318
0.259918
0.244649
0.239322
0.303713
0.289473
0.285743
0.358264
0.341925
0.338668
0.419211
0.39977
0.396122
0.482771
0.460538
0.455958
0.546476
0.52247
0.516639
0.610179
0.585577
0.578342
0.679838
0.654893
0.645884
0.784295
0.756763
0.744835
0.740722
0.727283
0.720306
0.259726
0.244456
0.239129
0.303523
0.28928
0.285547
0.358085
0.34174
0.338479
0.419052
0.399604
0.39595
0.482639
0.460399
0.455813
0.546376
0.522363
0.516526
0.610111
0.585504
0.578264
0.679798
0.65485
0.645838
0.784277
0.756747
0.744817
0.740708
0.72727
0.720293
0.259533
0.244263
0.238936
0.303333
0.289087
0.285352
0.357906
0.341556
0.338291
0.418893
0.399439
0.395779
0.482508
0.46026
0.455667
0.546275
0.522257
0.516413
0.610042
0.58543
0.578186
0.679757
0.654808
0.645792
0.78426
0.75673
0.744799
0.740694
0.727257
0.72028
0.259341
0.244071
0.238744
0.303144
0.288895
0.285157
0.357728
0.341373
0.338103
0.418735
0.399273
0.395608
0.482376
0.460122
0.455522
0.546174
0.52215
0.5163
0.609972
0.585357
0.578107
0.679716
0.654765
0.645746
0.784242
0.756712
0.744781
0.74068
0.727244
0.720267
0.259149
0.24388
0.238552
0.302955
0.288703
0.284963
0.357549
0.341189
0.337915
0.418576
0.399108
0.395437
0.482244
0.459983
0.455377
0.546073
0.522043
0.516187
0.609903
0.585283
0.578028
0.679674
0.654722
0.645699
0.784224
0.756695
0.744762
0.740666
0.72723
0.720254
0.258958
0.243688
0.23836
0.302766
0.288511
0.284768
0.357371
0.341006
0.337728
0.418417
0.398943
0.395266
0.482111
0.459844
0.455231
0.545972
0.521935
0.516073
0.609833
0.585209
0.577949
0.679633
0.654678
0.645653
0.784206
0.756677
0.744743
0.740651
0.727217
0.720241
0.258767
0.243497
0.238169
0.302577
0.28832
0.284575
0.357193
0.340823
0.33754
0.418258
0.398777
0.395095
0.481979
0.459704
0.455086
0.54587
0.521828
0.51596
0.609763
0.585134
0.57787
0.679591
0.654634
0.645606
0.784188
0.75666
0.744724
0.740637
0.727204
0.720228
0.258576
0.243306
0.237978
0.302389
0.288129
0.284381
0.357015
0.340641
0.337354
0.418099
0.398612
0.394924
0.481846
0.459565
0.45494
0.545768
0.52172
0.515846
0.609692
0.585059
0.57779
0.679548
0.65459
0.645558
0.78417
0.756642
0.744705
0.740623
0.727191
0.720215
0.258385
0.243116
0.237787
0.302201
0.287938
0.284189
0.356838
0.340458
0.337167
0.41794
0.398447
0.394754
0.481713
0.459426
0.454795
0.545666
0.521612
0.515731
0.609621
0.584984
0.57771
0.679506
0.654546
0.64551
0.784151
0.756624
0.744686
0.740609
0.727177
0.720202
0.258195
0.242926
0.237597
0.302014
0.287748
0.283996
0.35666
0.340277
0.336982
0.417781
0.398283
0.394584
0.48158
0.459287
0.454649
0.545563
0.521503
0.515617
0.609549
0.584908
0.577629
0.679463
0.654501
0.645462
0.784133
0.756605
0.744666
0.740594
0.727164
0.720188
0.258011
0.242741
0.237412
0.301832
0.287564
0.28381
0.356489
0.3401
0.336801
0.417628
0.398123
0.394419
0.481451
0.459151
0.454508
0.545462
0.521396
0.515504
0.609478
0.584833
0.577549
0.679419
0.654455
0.645414
0.784114
0.756587
0.744647
0.74058
0.727151
0.720175
)
;

boundaryField
{
    inlet
    {
        type            fixedValue;
        value           uniform 0.015;
    }
    outlet
    {
        type            zeroGradient;
    }
    pipe
    {
        type            kqRWallFunction;
        value           nonuniform List<scalar> 
1980
(
0.0571155
0.138358
0.254194
0.387847
0.519378
0.633679
0.723265
0.787069
0.827891
0.850139
0.858381
0.856635
0.84814
0.83536
0.820114
0.803726
0.787167
0.771163
0.756281
0.742972
0.731594
0.722393
0.715486
0.710824
0.708204
0.707279
0.707618
0.708775
0.710346
0.712006
0.713532
0.714791
0.715728
0.716339
0.716653
0.716715
0.716569
0.716259
0.715821
0.715284
0.714672
0.714001
0.713286
0.712538
0.711764
0.710971
0.710161
0.709339
0.708501
0.707648
0.706775
0.705876
0.704947
0.703982
0.702973
0.701916
0.700806
0.69964
0.698416
0.697133
0.695793
0.6944
0.692958
0.691474
0.689954
0.688407
0.686841
0.685267
0.683692
0.682128
0.680586
0.679078
0.677617
0.676222
0.674911
0.673707
0.672638
0.671734
0.671028
0.670555
0.670343
0.670411
0.670755
0.671362
0.672211
0.673275
0.674522
0.675915
0.677417
0.678993
0.680611
0.682242
0.683861
0.68545
0.686993
0.688479
0.689903
0.691259
0.692547
0.693768
0.694924
0.696018
0.697055
0.698038
0.69897
0.699856
0.700699
0.701502
0.702268
0.702999
0.703698
0.704366
0.705005
0.705618
0.706205
0.706768
0.707307
0.707825
0.708322
0.7088
0.709258
0.709699
0.710123
0.71053
0.710922
0.7113
0.711663
0.712012
0.712349
0.712673
0.712986
0.713287
0.713577
0.713856
0.714125
0.714385
0.714635
0.714877
0.715109
0.715334
0.71555
0.715758
0.715959
0.716153
0.71634
0.716521
0.716694
0.716862
0.717024
0.717179
0.71733
0.717475
0.717614
0.717749
0.717879
0.718004
0.718125
0.718241
0.718353
0.718461
0.718565
0.718666
0.718763
0.718856
0.718946
0.719033
0.719116
0.719197
0.719274
0.719349
0.719421
0.719491
0.719557
0.719622
0.719684
0.719744
0.719801
0.719857
0.71991
0.719961
0.720011
0.720058
0.720104
0.720148
0.72019
0.720231
0.72027
0.720307
0.720343
0.720378
0.720411
0.720443
0.720474
0.720503
0.720531
0.720558
0.720583
0.720608
0.720631
0.720654
0.720675
0.720696
0.720715
0.720734
0.720751
0.720768
0.720784
0.720799
0.720813
0.720827
0.72084
0.720852
0.720863
0.720874
0.720884
0.720893
0.720902
0.72091
0.720918
0.720925
0.720931
0.720937
0.720942
0.720947
0.720952
0.720955
0.720959
0.720962
0.720964
0.720967
0.720968
0.72097
0.720971
0.720971
0.720971
0.720971
0.72097
0.720969
0.720968
0.720966
0.720964
0.720962
0.720959
0.720956
0.720953
0.72095
0.720946
0.720942
0.720938
0.720933
0.720928
0.720923
0.720918
0.720913
0.720907
0.720901
0.720895
0.720889
0.720882
0.720876
0.720869
0.720862
0.720854
0.720847
0.72084
0.720832
0.720824
0.720816
0.720808
0.720799
0.720791
0.720782
0.720774
0.720765
0.720756
0.720747
0.720737
0.720728
0.720718
0.720709
0.720699
0.720689
0.720679
0.720669
0.720659
0.720649
0.720639
0.720628
0.720618
0.720607
0.720596
0.720585
0.720575
0.720564
0.720552
0.720541
0.72053
0.720519
0.720507
0.720496
0.720484
0.720473
0.720461
0.720449
0.720438
0.720426
0.720414
0.720402
0.72039
0.720377
0.720365
0.720353
0.720341
0.720328
0.720316
0.720303
0.720291
0.720278
0.720265
0.720253
0.72024
0.720227
0.720214
0.720201
0.720188
0.720175
0.720162
0.720149
0.720135
0.720123
0.0644913
0.160079
0.292184
0.437885
0.574032
0.685832
0.768055
0.822163
0.8529
0.865842
0.866105
0.857863
0.844268
0.827631
0.80961
0.791402
0.773893
0.757771
0.74358
0.731741
0.722525
0.716011
0.71206
0.710315
0.710268
0.711352
0.71304
0.714901
0.716636
0.718067
0.719119
0.719786
0.720103
0.720124
0.719904
0.719496
0.718944
0.718283
0.717542
0.716743
0.715904
0.71504
0.714162
0.713278
0.712392
0.711508
0.710626
0.709742
0.708852
0.707951
0.707032
0.706087
0.705108
0.704089
0.703021
0.7019
0.700719
0.699476
0.698169
0.696799
0.695368
0.693881
0.692344
0.690767
0.689159
0.687535
0.685906
0.684289
0.6827
0.681157
0.679678
0.678284
0.676997
0.675841
0.674844
0.674033
0.673437
0.673086
0.673007
0.673224
0.673747
0.674565
0.675661
0.677011
0.678584
0.680342
0.682245
0.684248
0.686309
0.688386
0.690443
0.692448
0.694377
0.696213
0.697943
0.699561
0.701067
0.702463
0.703752
0.704941
0.70604
0.707055
0.707995
0.708868
0.709682
0.710444
0.711159
0.711834
0.712472
0.713078
0.713655
0.714206
0.714732
0.715237
0.715721
0.716187
0.716634
0.717065
0.717479
0.717878
0.718262
0.718632
0.718989
0.719332
0.719663
0.719983
0.72029
0.720587
0.720872
0.721148
0.721413
0.721669
0.721916
0.722154
0.722383
0.722604
0.722817
0.723023
0.72322
0.723411
0.723595
0.723772
0.723942
0.724107
0.724265
0.724418
0.724565
0.724707
0.724843
0.724975
0.725101
0.725223
0.725341
0.725454
0.725563
0.725668
0.725769
0.725866
0.72596
0.72605
0.726137
0.726221
0.726301
0.726379
0.726453
0.726525
0.726594
0.72666
0.726724
0.726786
0.726845
0.726902
0.726956
0.727009
0.727059
0.727108
0.727155
0.727199
0.727242
0.727284
0.727323
0.727362
0.727398
0.727433
0.727467
0.727499
0.72753
0.72756
0.727588
0.727615
0.727641
0.727666
0.72769
0.727712
0.727734
0.727755
0.727774
0.727793
0.727811
0.727828
0.727844
0.72786
0.727874
0.727888
0.727901
0.727913
0.727925
0.727935
0.727946
0.727955
0.727964
0.727972
0.72798
0.727987
0.727994
0.728
0.728005
0.72801
0.728015
0.728019
0.728022
0.728025
0.728028
0.72803
0.728032
0.728033
0.728034
0.728035
0.728035
0.728035
0.728034
0.728033
0.728032
0.72803
0.728029
0.728026
0.728024
0.728021
0.728018
0.728014
0.72801
0.728006
0.728002
0.727998
0.727993
0.727988
0.727982
0.727977
0.727971
0.727965
0.727959
0.727953
0.727946
0.72794
0.727933
0.727926
0.727918
0.727911
0.727903
0.727896
0.727888
0.72788
0.727871
0.727863
0.727855
0.727846
0.727837
0.727828
0.727819
0.72781
0.727801
0.727791
0.727782
0.727772
0.727762
0.727753
0.727743
0.727733
0.727722
0.727712
0.727702
0.727691
0.727681
0.72767
0.727659
0.727649
0.727638
0.727627
0.727616
0.727605
0.727593
0.727582
0.727571
0.727559
0.727548
0.727536
0.727525
0.727513
0.727501
0.727489
0.727477
0.727466
0.727454
0.727441
0.727429
0.727417
0.727405
0.727393
0.72738
0.727368
0.727355
0.727343
0.72733
0.727318
0.727305
0.727292
0.727279
0.727267
0.727254
0.727241
0.727228
0.727215
0.727202
0.727189
0.727175
0.727162
0.727149
0.727136
0.727122
0.727109
0.0839264
0.213942
0.379311
0.543574
0.680371
0.779285
0.841583
0.874047
0.884655
0.880467
0.866976
0.848152
0.826788
0.804829
0.78367
0.764372
0.747782
0.73454
0.725014
0.719194
0.71666
0.716668
0.718316
0.720757
0.723324
0.725583
0.727314
0.728454
0.729039
0.729151
0.728883
0.728326
0.727553
0.726627
0.725596
0.724498
0.723364
0.722218
0.721078
0.719957
0.718863
0.717801
0.71677
0.715769
0.714792
0.713834
0.712886
0.711941
0.710989
0.710021
0.709027
0.707996
0.70692
0.705788
0.704593
0.703327
0.701986
0.700567
0.69907
0.697498
0.695858
0.69416
0.692416
0.690645
0.688868
0.687107
0.68539
0.683747
0.682209
0.680811
0.679589
0.678579
0.677816
0.677337
0.677172
0.67735
0.677892
0.678813
0.680116
0.681774
0.683746
0.685984
0.688438
0.691055
0.693778
0.696555
0.699335
0.702074
0.704731
0.707276
0.709684
0.711939
0.714032
0.715959
0.717723
0.719328
0.720784
0.722101
0.723292
0.724367
0.725339
0.72622
0.727021
0.727751
0.72842
0.729034
0.729603
0.730131
0.730624
0.731086
0.731521
0.731932
0.732323
0.732694
0.733049
0.733388
0.733712
0.734024
0.734323
0.734612
0.734889
0.735156
0.735414
0.735662
0.735901
0.736132
0.736355
0.73657
0.736777
0.736977
0.73717
0.737357
0.737537
0.73771
0.737877
0.738039
0.738195
0.738345
0.73849
0.73863
0.738765
0.738896
0.739021
0.739142
0.739259
0.739371
0.73948
0.739584
0.739685
0.739782
0.739875
0.739965
0.740051
0.740134
0.740214
0.740291
0.740365
0.740436
0.740505
0.74057
0.740633
0.740694
0.740752
0.740808
0.740861
0.740912
0.740961
0.741008
0.741053
0.741096
0.741137
0.741177
0.741214
0.74125
0.741284
0.741317
0.741348
0.741378
0.741406
0.741433
0.741459
0.741483
0.741506
0.741528
0.741549
0.741568
0.741587
0.741605
0.741621
0.741637
0.741651
0.741665
0.741678
0.74169
0.741701
0.741712
0.741722
0.741731
0.741739
0.741747
0.741754
0.74176
0.741766
0.741771
0.741775
0.741779
0.741783
0.741786
0.741788
0.74179
0.741791
0.741792
0.741793
0.741793
0.741793
0.741792
0.741791
0.741789
0.741787
0.741785
0.741782
0.741779
0.741776
0.741772
0.741768
0.741763
0.741759
0.741754
0.741749
0.741743
0.741737
0.741731
0.741725
0.741718
0.741712
0.741705
0.741697
0.74169
0.741682
0.741674
0.741666
0.741658
0.74165
0.741641
0.741632
0.741623
0.741614
0.741604
0.741595
0.741585
0.741575
0.741565
0.741555
0.741545
0.741534
0.741524
0.741513
0.741503
0.741492
0.741481
0.74147
0.741459
0.741447
0.741436
0.741425
0.741413
0.741402
0.74139
0.741378
0.741366
0.741354
0.741342
0.74133
0.741318
0.741306
0.741294
0.741282
0.741269
0.741257
0.741244
0.741232
0.741219
0.741206
0.741194
0.741181
0.741168
0.741155
0.741142
0.741129
0.741116
0.741103
0.74109
0.741077
0.741064
0.741051
0.741038
0.741024
0.741011
0.740998
0.740984
0.740971
0.740957
0.740944
0.74093
0.740917
0.740903
0.740889
0.740876
0.740862
0.740848
0.740834
0.740821
0.740807
0.740793
0.740779
0.740765
0.740751
0.740737
0.740723
0.740709
0.740695
0.740681
0.740667
0.740653
0.740639
0.740624
0.74061
0.740596
0.740582
0.740568
0.0839264
0.213942
0.379311
0.543574
0.680371
0.779285
0.841583
0.874047
0.884655
0.880467
0.866976
0.848152
0.826788
0.804829
0.78367
0.764372
0.747782
0.73454
0.725014
0.719194
0.71666
0.716668
0.718316
0.720757
0.723324
0.725583
0.727314
0.728454
0.729039
0.729151
0.728883
0.728326
0.727553
0.726627
0.725596
0.724498
0.723364
0.722218
0.721078
0.719957
0.718863
0.717801
0.71677
0.715769
0.714792
0.713834
0.712886
0.711941
0.710989
0.710021
0.709027
0.707996
0.70692
0.705788
0.704593
0.703327
0.701986
0.700567
0.69907
0.697499
0.695859
0.69416
0.692417
0.690646
0.688869
0.687108
0.685392
0.683749
0.682212
0.680814
0.679592
0.678583
0.677821
0.677342
0.677178
0.677357
0.6779
0.678822
0.680126
0.681785
0.683758
0.685997
0.688452
0.691069
0.693793
0.696571
0.699352
0.702091
0.704749
0.707294
0.709703
0.711958
0.714051
0.715979
0.717742
0.719348
0.720804
0.722121
0.723311
0.724387
0.725359
0.72624
0.72704
0.72777
0.728438
0.729053
0.729621
0.730148
0.730641
0.731103
0.731538
0.731949
0.732339
0.73271
0.733065
0.733403
0.733728
0.734039
0.734339
0.734627
0.734904
0.735171
0.735429
0.735677
0.735916
0.736147
0.73637
0.736585
0.736792
0.736992
0.737185
0.737371
0.737551
0.737725
0.737892
0.738053
0.738209
0.73836
0.738505
0.738645
0.73878
0.73891
0.739035
0.739156
0.739273
0.739385
0.739494
0.739598
0.739699
0.739796
0.739889
0.739979
0.740065
0.740148
0.740228
0.740305
0.740379
0.74045
0.740518
0.740584
0.740647
0.740707
0.740765
0.740821
0.740874
0.740926
0.740975
0.741022
0.741066
0.741109
0.741151
0.74119
0.741227
0.741263
0.741298
0.74133
0.741361
0.741391
0.741419
0.741446
0.741472
0.741496
0.741519
0.741541
0.741562
0.741581
0.7416
0.741618
0.741634
0.74165
0.741664
0.741678
0.741691
0.741703
0.741714
0.741725
0.741735
0.741744
0.741752
0.74176
0.741767
0.741773
0.741779
0.741784
0.741788
0.741792
0.741796
0.741799
0.741801
0.741803
0.741804
0.741805
0.741806
0.741806
0.741805
0.741805
0.741803
0.741802
0.7418
0.741797
0.741795
0.741792
0.741788
0.741785
0.74178
0.741776
0.741771
0.741766
0.741761
0.741756
0.74175
0.741744
0.741738
0.741731
0.741724
0.741717
0.74171
0.741703
0.741695
0.741687
0.741679
0.741671
0.741662
0.741653
0.741645
0.741636
0.741626
0.741617
0.741607
0.741598
0.741588
0.741578
0.741568
0.741557
0.741547
0.741537
0.741526
0.741515
0.741504
0.741493
0.741482
0.741471
0.74146
0.741449
0.741437
0.741426
0.741414
0.741403
0.741391
0.741379
0.741367
0.741355
0.741343
0.741331
0.741319
0.741307
0.741294
0.741282
0.741269
0.741257
0.741244
0.741232
0.741219
0.741206
0.741194
0.741181
0.741168
0.741155
0.741142
0.741129
0.741116
0.741103
0.74109
0.741077
0.741063
0.74105
0.741037
0.741024
0.74101
0.740997
0.740983
0.74097
0.740956
0.740943
0.740929
0.740916
0.740902
0.740888
0.740875
0.740861
0.740847
0.740833
0.740819
0.740806
0.740792
0.740778
0.740764
0.74075
0.740736
0.740722
0.740708
0.740694
0.74068
0.740666
0.740651
0.740637
0.740623
0.740609
0.740594
0.74058
0.0644913
0.160079
0.292184
0.437885
0.574032
0.685832
0.768055
0.822163
0.8529
0.865842
0.866105
0.857863
0.844268
0.827631
0.80961
0.791402
0.773893
0.757771
0.74358
0.731741
0.722525
0.716011
0.71206
0.710315
0.710268
0.711352
0.71304
0.714901
0.716636
0.718067
0.719119
0.719786
0.720103
0.720124
0.719904
0.719496
0.718944
0.718283
0.717542
0.716743
0.715904
0.71504
0.714162
0.713278
0.712392
0.711508
0.710626
0.709742
0.708852
0.707951
0.707032
0.706087
0.705108
0.704089
0.703021
0.7019
0.700719
0.699476
0.69817
0.6968
0.695369
0.693882
0.692345
0.690768
0.689162
0.687537
0.685909
0.684293
0.682705
0.681162
0.679684
0.678291
0.677006
0.675852
0.674856
0.674047
0.673454
0.673105
0.673029
0.673249
0.673775
0.674596
0.675696
0.677048
0.678624
0.680385
0.68229
0.684295
0.686358
0.688437
0.690495
0.692501
0.694431
0.696267
0.697998
0.699617
0.701123
0.702518
0.703807
0.704997
0.706095
0.707109
0.708049
0.708922
0.709736
0.710497
0.711213
0.711887
0.712525
0.713131
0.713707
0.714258
0.714784
0.715289
0.715773
0.716238
0.716685
0.717115
0.717529
0.717928
0.718312
0.718682
0.719039
0.719382
0.719713
0.720032
0.720339
0.720636
0.720921
0.721197
0.721462
0.721718
0.721964
0.722202
0.722431
0.722652
0.722865
0.72307
0.723268
0.723458
0.723642
0.723819
0.723989
0.724154
0.724312
0.724465
0.724611
0.724753
0.724889
0.725021
0.725147
0.725269
0.725387
0.7255
0.725608
0.725713
0.725814
0.725912
0.726005
0.726095
0.726182
0.726266
0.726346
0.726424
0.726498
0.72657
0.726639
0.726705
0.726769
0.72683
0.726889
0.726946
0.727001
0.727053
0.727104
0.727152
0.727199
0.727243
0.727286
0.727328
0.727367
0.727405
0.727442
0.727477
0.72751
0.727543
0.727573
0.727603
0.727631
0.727658
0.727684
0.727709
0.727733
0.727756
0.727777
0.727798
0.727818
0.727836
0.727854
0.727871
0.727887
0.727902
0.727917
0.727931
0.727944
0.727956
0.727967
0.727978
0.727988
0.727998
0.728007
0.728015
0.728023
0.72803
0.728036
0.728042
0.728048
0.728053
0.728057
0.728061
0.728065
0.728068
0.72807
0.728073
0.728074
0.728076
0.728076
0.728077
0.728077
0.728077
0.728076
0.728076
0.728074
0.728073
0.728071
0.728068
0.728066
0.728063
0.72806
0.728056
0.728052
0.728048
0.728044
0.72804
0.728035
0.72803
0.728024
0.728019
0.728013
0.728007
0.728001
0.727995
0.727988
0.727981
0.727975
0.727967
0.72796
0.727953
0.727945
0.727937
0.72793
0.727921
0.727913
0.727905
0.727896
0.727888
0.727879
0.72787
0.727861
0.727852
0.727843
0.727833
0.727824
0.727814
0.727804
0.727794
0.727784
0.727774
0.727764
0.727754
0.727744
0.727733
0.727723
0.727712
0.727701
0.72769
0.72768
0.727669
0.727658
0.727646
0.727635
0.727624
0.727613
0.727601
0.72759
0.727578
0.727566
0.727555
0.727543
0.727531
0.727519
0.727507
0.727495
0.727483
0.727471
0.727459
0.727447
0.727434
0.727422
0.72741
0.727397
0.727385
0.727372
0.727359
0.727347
0.727334
0.727321
0.727308
0.727296
0.727283
0.72727
0.727257
0.727244
0.72723
0.727217
0.727204
0.727191
0.727177
0.727164
0.727151
0.0571155
0.138358
0.254194
0.387847
0.519378
0.633679
0.723265
0.787069
0.827891
0.850139
0.858381
0.856635
0.84814
0.83536
0.820114
0.803726
0.787167
0.771163
0.756281
0.742972
0.731594
0.722393
0.715486
0.710824
0.708204
0.707279
0.707618
0.708775
0.710346
0.712006
0.713532
0.714791
0.715728
0.716339
0.716653
0.716715
0.716569
0.716259
0.715821
0.715284
0.714672
0.714001
0.713286
0.712538
0.711764
0.710971
0.710161
0.709339
0.708501
0.707648
0.706775
0.705876
0.704948
0.703982
0.702973
0.701916
0.700807
0.699641
0.698416
0.697134
0.695794
0.694401
0.69296
0.691476
0.689956
0.68841
0.686845
0.685271
0.683698
0.682135
0.680594
0.679087
0.677628
0.676234
0.674925
0.673724
0.672658
0.671757
0.671055
0.670584
0.670377
0.670449
0.670797
0.671407
0.67226
0.673328
0.674577
0.675973
0.677478
0.679056
0.680676
0.682308
0.683929
0.685519
0.687063
0.688549
0.689973
0.691329
0.692617
0.693838
0.694994
0.696088
0.697124
0.698106
0.699039
0.699924
0.700766
0.701569
0.702334
0.703065
0.703763
0.704431
0.70507
0.705682
0.706269
0.706831
0.707371
0.707888
0.708385
0.708862
0.709321
0.709761
0.710185
0.710592
0.710984
0.711361
0.711724
0.712073
0.71241
0.712734
0.713046
0.713347
0.713637
0.713916
0.714185
0.714445
0.714695
0.714936
0.715168
0.715393
0.715609
0.715817
0.716018
0.716212
0.716399
0.716579
0.716752
0.71692
0.717081
0.717237
0.717387
0.717532
0.717672
0.717806
0.717936
0.718061
0.718181
0.718298
0.71841
0.718518
0.718622
0.718722
0.718819
0.718912
0.719002
0.719089
0.719172
0.719253
0.71933
0.719405
0.719477
0.719546
0.719613
0.719677
0.719739
0.719799
0.719857
0.719912
0.719965
0.720016
0.720066
0.720113
0.720159
0.720203
0.720245
0.720286
0.720325
0.720362
0.720398
0.720433
0.720466
0.720498
0.720528
0.720557
0.720585
0.720612
0.720638
0.720662
0.720686
0.720708
0.720729
0.72075
0.720769
0.720788
0.720805
0.720822
0.720838
0.720853
0.720867
0.720881
0.720893
0.720905
0.720917
0.720927
0.720937
0.720947
0.720955
0.720964
0.720971
0.720978
0.720985
0.72099
0.720996
0.721001
0.721005
0.721009
0.721012
0.721015
0.721018
0.72102
0.721022
0.721023
0.721024
0.721024
0.721024
0.721024
0.721024
0.721023
0.721021
0.721019
0.721017
0.721015
0.721012
0.72101
0.721006
0.721003
0.720999
0.720995
0.720991
0.720986
0.720981
0.720976
0.720971
0.720966
0.72096
0.720954
0.720948
0.720942
0.720935
0.720929
0.720922
0.720915
0.720907
0.7209
0.720892
0.720885
0.720877
0.720869
0.720861
0.720852
0.720844
0.720835
0.720827
0.720818
0.720809
0.7208
0.72079
0.720781
0.720771
0.720762
0.720752
0.720742
0.720732
0.720722
0.720712
0.720702
0.720691
0.720681
0.720671
0.72066
0.720649
0.720638
0.720627
0.720616
0.720605
0.720594
0.720583
0.720572
0.72056
0.720549
0.720537
0.720526
0.720514
0.720502
0.720491
0.720479
0.720467
0.720455
0.720443
0.72043
0.720418
0.720406
0.720394
0.720381
0.720369
0.720356
0.720344
0.720331
0.720318
0.720306
0.720293
0.72028
0.720267
0.720254
0.720241
0.720228
0.720215
0.720202
0.720188
0.720175
)
;
    }
    symY
    {
        type            symmetryPlane;
    }
    symX
    {
        type            symmetryPlane;
    }
}


// ************************************************************************* //
