/*--------------------------------*- C++ -*----------------------------------*\
| =========                 |                                                 |
| \\      /  F ield         | OpenFOAM: The Open Source CFD Toolbox           |
|  \\    /   O peration     | Version:  2412                                  |
|   \\  /    A nd           | Website:  www.openfoam.com                      |
|    \\/     M anipulation  |                                                 |
\*---------------------------------------------------------------------------*/
FoamFile
{
    version     2.0;
    format      ascii;
    arch        "LSB;label=32;scalar=64";
    class       volScalarField;
    location    "500";
    object      nut;
}
// * * * * * * * * * * * * * * * * * * * * * * * * * * * * * * * * * * * * * //

dimensions      [0 2 -1 0 0 0 0];

internalField   nonuniform List<scalar> 
22770
(
0.000676922
0.000676691
0.000675958
0.000676691
0.00067651
0.00067546
0.000675958
0.00067546
0.000673801
0.000677356
0.000677071
0.000676104
0.000677071
0.0006768
0.000675398
0.000676104
0.000675398
0.000673024
0.000678004
0.000677551
0.000675947
0.000677551
0.000677022
0.000674724
0.000675947
0.000674724
0.000670742
0.000678711
0.000677891
0.000675039
0.000677891
0.000676842
0.000672882
0.000675039
0.000672882
0.000666238
0.000679272
0.000677806
0.000672944
0.000677806
0.000675895
0.000669396
0.000672944
0.000669396
0.000659091
0.00067943
0.000676984
0.000669305
0.000676984
0.000673838
0.000663953
0.000669305
0.000663953
0.000649224
0.000678922
0.000675146
0.000663912
0.000675146
0.000670407
0.000656447
0.000663912
0.000656447
0.000636853
0.000677508
0.000672079
0.000656706
0.000672079
0.000665453
0.000646949
0.000656706
0.000646949
0.000622378
0.000674999
0.000667654
0.000647765
0.000667654
0.000658935
0.000635671
0.000647765
0.000635671
0.000606284
0.000671272
0.000661831
0.000637267
0.000661831
0.000650913
0.000622901
0.000637267
0.000622901
0.000589057
0.000666273
0.000654648
0.000625447
0.000654648
0.000641522
0.000608959
0.000625447
0.000608959
0.00057114
0.000660013
0.000646203
0.000612567
0.000646203
0.000630939
0.000594163
0.000612567
0.000594163
0.00055291
0.00065256
0.000636637
0.000598886
0.000636637
0.000619368
0.000578801
0.000598886
0.000578801
0.000534666
0.000644022
0.000626115
0.000584647
0.000626115
0.000607017
0.000563126
0.000584647
0.000563126
0.000516641
0.000634533
0.00061481
0.000570066
0.00061481
0.000594084
0.000547349
0.000570066
0.000547349
0.000499007
0.000624242
0.000602896
0.000555328
0.000602896
0.000580754
0.000531642
0.000555328
0.000531642
0.000481886
0.000613303
0.000590537
0.000540586
0.000590537
0.000567188
0.000516139
0.000540586
0.000516139
0.000465357
0.000601864
0.000577881
0.000525967
0.000577881
0.000553528
0.000500944
0.000525967
0.000500944
0.000449471
0.000590067
0.000565061
0.000511569
0.000565061
0.00053989
0.000486132
0.000511569
0.000486132
0.000434251
0.000578038
0.000552191
0.000497468
0.000552191
0.000526373
0.000471757
0.000497468
0.000471757
0.000419705
0.000565889
0.000539366
0.000483722
0.000539366
0.000513053
0.000457854
0.000483722
0.000457854
0.000405824
0.000553714
0.000526665
0.00047037
0.000526665
0.00049999
0.000444444
0.00047037
0.000444444
0.000392592
0.000541594
0.000514152
0.000457437
0.000514152
0.00048723
0.000431535
0.000457437
0.000431535
0.000379984
0.000529595
0.000501873
0.000444938
0.000501873
0.000474804
0.000419126
0.000444938
0.000419126
0.00036797
0.000517767
0.000489867
0.000432879
0.000489867
0.000462734
0.000407208
0.000432879
0.000407208
0.00035652
0.000506153
0.000478159
0.000421258
0.000478159
0.000451032
0.00039577
0.000421258
0.00039577
0.0003456
0.000494782
0.000466766
0.000410068
0.000466766
0.000439704
0.000384794
0.000410068
0.000384794
0.000335176
0.000483677
0.000455699
0.000399299
0.000455699
0.000428749
0.000374261
0.000399299
0.000374261
0.000325214
0.000472852
0.000444964
0.000388937
0.000444964
0.000418164
0.00036415
0.000388937
0.00036415
0.000315682
0.000462318
0.00043456
0.000378967
0.00043456
0.00040794
0.000354439
0.000378967
0.000354439
0.000306549
0.000452079
0.000424484
0.00036937
0.000424484
0.000398068
0.000345108
0.00036937
0.000345108
0.000297785
0.000442136
0.000414732
0.000360131
0.000414732
0.000388536
0.000336132
0.000360131
0.000336132
0.000289361
0.000432489
0.000405295
0.000351231
0.000405295
0.000379331
0.000327492
0.000351231
0.000327492
0.000281251
0.000423133
0.000396164
0.000342651
0.000396164
0.00037044
0.000319167
0.000342651
0.000319167
0.000273431
0.000414062
0.00038733
0.000334374
0.00038733
0.000361849
0.000311136
0.000334374
0.000311136
0.000265879
0.000405272
0.000378781
0.000326384
0.000378781
0.000353544
0.000303381
0.000326384
0.000303381
0.000258574
0.000396753
0.000370507
0.000318662
0.000370507
0.000345512
0.000295883
0.000318662
0.000295883
0.000251496
0.000388498
0.000362497
0.000311194
0.000362497
0.000337738
0.000288627
0.000311194
0.000288627
0.000244629
0.000380499
0.00035474
0.000303964
0.00035474
0.00033021
0.000281595
0.000303964
0.000281595
0.000237958
0.000372747
0.000347225
0.000296958
0.000347225
0.000322916
0.000274774
0.000296958
0.000274774
0.000231467
0.000365235
0.000339943
0.000290164
0.000339943
0.000315845
0.000268151
0.000290164
0.000268151
0.000225144
0.000357955
0.000332884
0.000283568
0.000332884
0.000308985
0.000261712
0.000283568
0.000261712
0.000218977
0.000350901
0.000326041
0.000277162
0.000326041
0.00030233
0.000255449
0.000277162
0.000255449
0.000212956
0.000344068
0.000319407
0.000270936
0.000319407
0.00029587
0.000249351
0.000270936
0.000249351
0.000207072
0.000337452
0.00031298
0.000264883
0.00031298
0.000289602
0.000243411
0.000264883
0.000243411
0.000201317
0.000331051
0.000306755
0.000258998
0.000306755
0.000283522
0.000237624
0.000258998
0.000237624
0.000195684
0.000324867
0.000300734
0.00025328
0.000300734
0.000277629
0.000231987
0.00025328
0.000231987
0.000190167
0.000318901
0.000294921
0.000247728
0.000294921
0.000271927
0.000226499
0.000247728
0.000226499
0.000184764
0.00031316
0.00028932
0.000242346
0.00028932
0.000266421
0.000221162
0.000242345
0.000221162
0.000179472
0.000307651
0.000283942
0.000237139
0.000283942
0.000261121
0.000215981
0.000237139
0.000215981
0.000174294
0.000302384
0.000278798
0.000232118
0.000278798
0.000256037
0.000210964
0.000232118
0.000210964
0.000169232
0.00029737
0.0002739
0.000227293
0.0002739
0.000251183
0.00020612
0.000227293
0.00020612
0.000164284
0.000292621
0.000269262
0.000222677
0.000269261
0.000246574
0.000201461
0.000222677
0.000201461
0.000159457
0.000288146
0.000264894
0.000218282
0.000264894
0.000242223
0.000196999
0.000218282
0.000196999
0.000154757
0.000283952
0.000260806
0.00021412
0.000260806
0.00023814
0.000192746
0.000214119
0.000192746
0.000150194
0.000280041
0.000257
0.000210195
0.000257
0.000234332
0.00018871
0.000210195
0.000188709
0.000145774
0.00027641
0.00025347
0.000206511
0.000253469
0.000230794
0.000184894
0.000206511
0.000184894
0.000141503
0.000273045
0.0002502
0.00020306
0.0002502
0.000227515
0.000181297
0.000203059
0.000181296
0.000137384
0.000269924
0.000247166
0.000199823
0.000247165
0.00022447
0.000177906
0.000199822
0.000177905
0.000133414
0.000267019
0.00024433
0.000196774
0.00024433
0.000221623
0.0001747
0.000196773
0.000174699
0.000129586
0.000264288
0.000241647
0.000193875
0.000241647
0.000218929
0.000171649
0.000193874
0.000171648
0.000125885
0.000261687
0.000239064
0.000191078
0.000239063
0.00021633
0.00016871
0.000191076
0.000168708
0.000122292
0.000259165
0.000236522
0.00018833
0.000236521
0.000213766
0.000165835
0.000188328
0.000165834
0.000118781
0.00025667
0.000233963
0.000185575
0.000233962
0.000211173
0.000162973
0.000185574
0.000162972
0.000115327
0.000254151
0.00023133
0.000182759
0.000231329
0.000208491
0.000160072
0.000182757
0.00016007
0.000111901
0.000251562
0.000228574
0.000179829
0.000228573
0.000205664
0.000157077
0.000179827
0.000157075
0.000108476
0.000248861
0.000225654
0.000176743
0.000225653
0.000202649
0.000153942
0.000176741
0.00015394
0.00010503
0.000246019
0.00022254
0.00017347
0.000222538
0.000199411
0.000150636
0.000173467
0.000150634
0.000101603
0.000243013
0.000219215
0.000169989
0.000219213
0.000195934
0.000147141
0.000169986
0.000147138
9.81534e-05
0.000239831
0.000215674
0.000166296
0.000215672
0.000192214
0.000143445
0.000166292
0.000143442
9.45782e-05
0.000236471
0.000211924
0.000162402
0.000211922
0.000188258
0.000139556
0.000162397
0.000139553
9.09522e-05
0.000232941
0.000207982
0.000158325
0.00020798
0.000184094
0.000135525
0.000158319
0.000135521
8.73238e-05
0.000229253
0.000203875
0.00015409
0.000203872
0.000179747
0.000131322
0.000154084
0.000131318
8.37126e-05
0.000225429
0.00019963
0.000149729
0.000199627
0.000175253
0.000127002
0.000149723
0.000126997
8.01454e-05
0.000221491
0.000195282
0.00014528
0.000195278
0.000170653
0.000122616
0.000145273
0.000122611
7.66515e-05
0.000217464
0.000190864
0.00014078
0.000190859
0.000165988
0.000118204
0.000140771
0.000118199
7.32597e-05
0.000213371
0.000186407
0.000136263
0.000186402
0.000161297
0.000113802
0.000136254
0.000113796
6.99973e-05
0.000209238
0.000181939
0.000131761
0.000181934
0.000156613
0.000109441
0.000131751
0.000109435
6.6888e-05
0.000205082
0.000177485
0.0001273
0.000177479
0.000151964
0.000105149
0.000127289
0.000105142
6.39515e-05
0.000200923
0.00017306
0.000122901
0.000173054
0.000147369
0.000100949
0.000122889
0.000100941
6.12039e-05
0.000196774
0.000168679
0.000118579
0.000168672
0.000142843
9.68559e-05
0.000118566
9.68481e-05
5.8658e-05
0.000192647
0.000164349
0.000114343
0.000164341
0.000138395
9.28828e-05
0.000114329
9.28745e-05
5.63251e-05
0.000188548
0.000160075
0.000110199
0.000160066
0.000134027
8.90386e-05
0.000110183
8.903e-05
5.42142e-05
0.000184486
0.000155857
0.000106148
0.000155848
0.00012974
8.53269e-05
0.000106131
8.53176e-05
5.23305e-05
0.000180463
0.000151695
0.000102192
0.000151686
0.000125531
8.17525e-05
0.000102175
8.17428e-05
5.06775e-05
0.000176482
0.000147588
9.83333e-05
0.000147578
0.000121397
7.83232e-05
9.83155e-05
7.83132e-05
4.92558e-05
0.000172546
0.000143532
9.45727e-05
0.000143521
0.000117336
7.50482e-05
9.45546e-05
7.50382e-05
4.80844e-05
0.000168654
0.000139525
9.09148e-05
0.000139514
0.000113345
7.19396e-05
9.08964e-05
7.19299e-05
4.71762e-05
0.000164808
0.000135565
8.73666e-05
0.000135553
0.000109426
6.90131e-05
8.73481e-05
6.90038e-05
4.65382e-05
0.000161006
0.000131651
8.39387e-05
0.000131639
0.000105584
6.62866e-05
8.39204e-05
6.62779e-05
4.61721e-05
0.000157249
0.000127782
8.06437e-05
0.000127769
0.000101824
6.37781e-05
8.06259e-05
6.377e-05
4.6075e-05
0.000153536
0.00012396
7.74974e-05
0.000123947
9.81561e-05
6.15045e-05
7.74803e-05
6.14972e-05
4.62401e-05
0.000149867
0.000120189
7.45175e-05
0.000120175
9.45912e-05
5.94804e-05
7.45012e-05
5.94739e-05
4.66574e-05
0.000146241
0.000116471
7.17224e-05
0.000116457
9.11421e-05
5.77173e-05
7.17071e-05
5.77117e-05
4.73144e-05
0.000142659
0.000112813
6.91301e-05
0.000112799
8.78227e-05
5.62234e-05
6.9116e-05
5.62188e-05
4.81966e-05
0.000139123
0.000109224
6.67574e-05
0.00010921
8.4647e-05
5.50032e-05
6.67446e-05
5.49996e-05
4.92879e-05
0.000135633
0.000105711
6.46185e-05
0.000105697
8.16291e-05
5.40575e-05
6.46072e-05
5.4055e-05
5.05711e-05
0.000132192
0.000102286
6.27252e-05
0.000102271
7.87814e-05
5.33818e-05
6.27155e-05
5.33807e-05
5.20284e-05
0.000128803
9.89578e-05
6.10859e-05
9.89429e-05
7.61158e-05
5.29714e-05
6.10779e-05
5.29716e-05
5.36414e-05
0.000125469
9.57388e-05
5.9706e-05
9.57239e-05
7.36425e-05
5.28193e-05
5.96998e-05
5.28208e-05
5.53917e-05
0.000122195
9.26404e-05
5.85875e-05
9.26255e-05
7.13706e-05
5.29162e-05
5.85834e-05
5.29189e-05
5.72613e-05
0.000118985
8.96734e-05
5.77267e-05
8.96586e-05
6.93073e-05
5.32507e-05
5.77247e-05
5.32547e-05
5.92325e-05
0.000115845
8.68481e-05
5.71195e-05
8.68335e-05
6.74579e-05
5.38101e-05
5.71196e-05
5.38154e-05
6.12884e-05
0.000112779
8.41745e-05
5.67617e-05
8.41602e-05
6.58259e-05
5.45801e-05
5.6764e-05
5.45867e-05
6.3413e-05
0.000109794
8.16619e-05
5.66469e-05
8.16481e-05
6.44129e-05
5.55456e-05
5.66514e-05
5.55535e-05
6.55916e-05
0.000106895
7.93185e-05
5.67662e-05
7.93051e-05
6.32155e-05
5.66905e-05
5.6773e-05
5.66996e-05
6.78104e-05
0.000104089
7.71511e-05
5.71091e-05
7.71383e-05
6.22329e-05
5.79983e-05
5.71182e-05
5.80086e-05
7.00574e-05
0.00010138
7.51641e-05
5.76635e-05
7.51521e-05
6.14631e-05
5.94523e-05
5.76749e-05
5.94638e-05
7.23213e-05
9.87748e-05
7.33603e-05
5.84162e-05
7.33491e-05
6.09025e-05
6.10359e-05
5.84298e-05
6.10485e-05
7.45926e-05
9.62782e-05
7.17437e-05
5.93528e-05
7.17334e-05
6.0546e-05
6.27327e-05
5.93686e-05
6.27464e-05
7.68628e-05
9.38953e-05
7.03164e-05
6.04586e-05
7.03071e-05
6.03872e-05
6.45268e-05
6.04766e-05
6.45415e-05
7.91246e-05
9.16304e-05
6.90797e-05
6.17185e-05
6.90714e-05
6.04188e-05
6.64031e-05
6.17385e-05
6.64188e-05
8.13718e-05
8.94885e-05
6.80329e-05
6.31169e-05
6.80257e-05
6.06324e-05
6.83471e-05
6.31389e-05
6.83637e-05
8.35992e-05
8.74742e-05
6.71742e-05
6.46385e-05
6.71682e-05
6.1019e-05
7.03454e-05
6.46624e-05
7.03628e-05
8.58022e-05
8.55914e-05
6.65009e-05
6.62681e-05
6.64961e-05
6.1569e-05
7.23856e-05
6.62938e-05
7.24038e-05
8.79772e-05
8.38439e-05
6.6009e-05
6.7991e-05
6.60054e-05
6.22723e-05
7.44564e-05
6.80183e-05
7.44752e-05
9.0121e-05
8.22346e-05
6.56939e-05
6.97927e-05
6.56916e-05
6.31183e-05
7.65476e-05
6.98216e-05
7.6567e-05
9.22313e-05
8.07661e-05
6.555e-05
7.16597e-05
6.5549e-05
6.40965e-05
7.86501e-05
7.16901e-05
7.867e-05
9.43058e-05
7.94404e-05
6.55713e-05
7.35793e-05
6.55715e-05
6.51961e-05
8.07558e-05
7.36109e-05
8.07763e-05
9.63428e-05
7.82588e-05
6.5751e-05
7.55393e-05
6.57525e-05
6.64062e-05
8.28578e-05
7.55721e-05
8.28788e-05
9.83411e-05
7.72223e-05
6.6082e-05
7.7529e-05
6.60847e-05
6.77164e-05
8.49501e-05
7.75628e-05
8.49714e-05
0.000100299
7.63314e-05
6.65567e-05
7.95382e-05
6.65606e-05
6.91161e-05
8.70274e-05
7.9573e-05
8.7049e-05
0.000102217
7.55858e-05
6.71673e-05
8.1558e-05
6.71723e-05
7.05953e-05
8.90853e-05
8.15937e-05
8.91073e-05
0.000104094
7.49851e-05
6.79056e-05
8.35805e-05
6.79117e-05
7.21442e-05
9.11201e-05
8.36169e-05
9.11423e-05
0.000105928
7.45282e-05
6.87633e-05
8.55987e-05
6.87705e-05
7.37536e-05
9.31288e-05
8.56357e-05
9.31512e-05
0.000107721
7.42135e-05
6.97321e-05
8.76066e-05
6.97403e-05
7.54146e-05
9.51087e-05
8.76442e-05
9.51314e-05
0.000109471
7.40391e-05
7.08036e-05
8.95991e-05
7.08128e-05
7.71192e-05
9.70579e-05
8.96372e-05
9.70807e-05
0.00011118
7.40025e-05
7.19695e-05
9.1572e-05
7.19795e-05
7.88594e-05
9.89745e-05
9.16105e-05
9.89975e-05
0.000112847
7.4101e-05
7.32214e-05
9.35217e-05
7.32322e-05
8.06283e-05
0.000100857
9.35605e-05
0.00010088
0.000114471
7.43314e-05
7.45512e-05
9.54453e-05
7.45628e-05
8.24193e-05
0.000102706
9.54844e-05
0.000102729
0.000116055
7.46899e-05
7.59511e-05
9.73406e-05
7.59634e-05
8.42264e-05
0.000104518
9.73799e-05
0.000104541
0.000117598
7.51725e-05
7.74135e-05
9.92059e-05
7.74264e-05
8.60441e-05
0.000106294
9.92454e-05
0.000106318
0.0001191
7.5775e-05
7.89311e-05
0.00010104
7.89445e-05
8.78676e-05
0.000108034
0.00010108
0.000108058
0.000120562
7.64925e-05
8.04969e-05
0.000102842
8.05107e-05
8.96924e-05
0.000109738
0.000102881
0.000109761
0.000121985
7.73201e-05
8.21043e-05
0.000104611
8.21185e-05
9.15145e-05
0.000111404
0.00010465
0.000111428
0.000123369
7.82524e-05
8.37471e-05
0.000106346
8.37617e-05
9.33305e-05
0.000113035
0.000106386
0.000113058
0.000124715
7.9284e-05
8.54195e-05
0.000108049
8.54344e-05
9.51372e-05
0.000114628
0.000108089
0.000114651
0.000126023
8.0409e-05
8.71163e-05
0.000109718
8.71314e-05
9.69319e-05
0.000116186
0.000109758
0.000116209
0.000127295
8.16214e-05
8.88323e-05
0.000111354
8.88476e-05
9.87122e-05
0.000117707
0.000111394
0.00011773
0.000128532
8.29153e-05
9.05631e-05
0.000112958
9.05785e-05
0.000100476
0.000119194
0.000112997
0.000119217
0.000129733
8.42845e-05
9.23045e-05
0.000114528
9.232e-05
0.000102222
0.000120645
0.000114568
0.000120668
0.000130899
8.57226e-05
9.40527e-05
0.000116067
9.40682e-05
0.000103947
0.000122062
0.000116106
0.000122085
0.000132032
8.72235e-05
9.58042e-05
0.000117574
9.58198e-05
0.000105652
0.000123445
0.000117613
0.000123467
0.000133132
8.87808e-05
9.75559e-05
0.00011905
9.75715e-05
0.000107334
0.000124794
0.000119089
0.000124817
0.000134201
9.03886e-05
9.9305e-05
0.000120495
9.93205e-05
0.000108993
0.000126111
0.000120534
0.000126134
0.000135238
9.20407e-05
0.000101049
0.000121909
0.000101064
0.000110628
0.000127396
0.000121948
0.000127418
0.000136244
9.37312e-05
0.000102786
0.000123294
0.000102801
0.000112239
0.000128649
0.000123333
0.000128671
0.000137221
9.54544e-05
0.000104513
0.00012465
0.000104528
0.000113825
0.000129871
0.000124688
0.000129893
0.000138169
9.72047e-05
0.000106228
0.000125977
0.000106243
0.000115385
0.000131063
0.000126015
0.000131085
0.000139089
9.89768e-05
0.000107931
0.000127276
0.000107946
0.00011692
0.000132225
0.000127314
0.000132247
0.000139981
0.000100766
0.000109619
0.000128547
0.000109634
0.000118428
0.000133359
0.000128585
0.000133381
0.000140847
0.000102567
0.000111291
0.000129791
0.000111305
0.000119911
0.000134463
0.000129828
0.000134485
0.000141687
0.000104375
0.000112946
0.000131007
0.00011296
0.000121368
0.000135541
0.000131045
0.000135563
0.000142501
0.000106186
0.000114582
0.000132198
0.000114596
0.000122799
0.000136591
0.000132235
0.000136613
0.000143291
0.000107997
0.000116199
0.000133363
0.000116213
0.000124204
0.000137615
0.0001334
0.000137636
0.000144058
0.000109803
0.000117796
0.000134502
0.00011781
0.000125583
0.000138612
0.000134539
0.000138634
0.000144801
0.000111602
0.000119371
0.000135616
0.000119385
0.000126936
0.000139585
0.000135653
0.000139606
0.000145522
0.000113389
0.000120925
0.000136706
0.000120938
0.000128264
0.000140533
0.000136742
0.000140554
0.000146221
0.000115162
0.000122455
0.000137772
0.000122469
0.000129566
0.000141457
0.000137808
0.000141478
0.000146899
0.000116919
0.000123963
0.000138814
0.000123976
0.000130842
0.000142358
0.00013885
0.000142379
0.000147557
0.000118658
0.000125446
0.000139832
0.000125459
0.000132093
0.000143235
0.000139868
0.000143256
0.000148194
0.000120375
0.000126905
0.000140828
0.000126918
0.00013332
0.00014409
0.000140863
0.000144111
0.000148812
0.00012207
0.000128339
0.000141801
0.000128352
0.000134521
0.000144923
0.000141836
0.000144944
0.000149412
0.00012374
0.000129748
0.000142752
0.00012976
0.000135697
0.000145735
0.000142787
0.000145756
0.000149993
0.000125385
0.000131131
0.000143681
0.000131143
0.000136849
0.000146526
0.000143715
0.000146547
0.000150556
0.000127003
0.000132488
0.000144588
0.0001325
0.000137977
0.000147296
0.000144622
0.000147317
0.000151102
0.000128592
0.000133819
0.000145474
0.000133831
0.00013908
0.000148047
0.000145508
0.000148067
0.000151631
0.000130153
0.000135124
0.000146339
0.000135135
0.000140159
0.000148778
0.000146373
0.000148798
0.000152145
0.000131684
0.000136402
0.000147184
0.000136413
0.000141215
0.00014949
0.000147218
0.00014951
0.000152642
0.000133185
0.000137653
0.000148009
0.000137664
0.000142247
0.000150183
0.000148042
0.000150203
0.000153124
0.000134655
0.000138878
0.000148813
0.000138889
0.000143255
0.000150858
0.000148846
0.000150878
0.000153591
0.000136094
0.000140076
0.000149598
0.000140087
0.000144241
0.000151515
0.000149631
0.000151534
0.000154043
0.000137501
0.000141247
0.000150363
0.000141258
0.000145203
0.000152154
0.000150396
0.000152174
0.000154482
0.000138878
0.000142392
0.000151109
0.000142403
0.000146143
0.000152776
0.000151142
0.000152796
0.000154907
0.000140222
0.00014351
0.000151837
0.000143521
0.00014706
0.000153381
0.000151869
0.000153401
0.000155318
0.000141535
0.000144602
0.000152546
0.000144613
0.000147955
0.00015397
0.000152578
0.000153989
0.000155716
0.000142816
0.000145668
0.000153237
0.000145678
0.000148827
0.000154543
0.000153269
0.000154562
0.000156102
0.000144067
0.000146707
0.00015391
0.000146718
0.000149679
0.000155099
0.000153941
0.000155118
0.000156475
0.000145286
0.000147721
0.000154565
0.000147731
0.000150508
0.00015564
0.000154596
0.00015566
0.000156836
0.000146474
0.00014871
0.000155202
0.00014872
0.000151317
0.000156166
0.000155234
0.000156185
0.000157186
0.000147631
0.000149673
0.000155823
0.000149683
0.000152104
0.000156677
0.000155854
0.000156696
0.000157524
0.000148759
0.000150611
0.000156426
0.00015062
0.000152871
0.000157173
0.000156457
0.000157192
0.00015785
0.000149856
0.000151524
0.000157013
0.000151534
0.000153617
0.000157655
0.000157044
0.000157674
0.000158166
0.000150924
0.000152413
0.000157584
0.000152423
0.000154343
0.000158123
0.000157615
0.000158142
0.000158472
0.000151963
0.000153278
0.000158139
0.000153287
0.00015505
0.000158577
0.000158169
0.000158596
0.000158766
0.000152973
0.000154119
0.000158677
0.000154128
0.000155737
0.000159017
0.000158708
0.000159036
0.000159051
0.000153955
0.000154937
0.000159201
0.000154946
0.000156405
0.000159444
0.000159231
0.000159463
0.000159326
0.000154909
0.000155732
0.000159709
0.000155741
0.000157054
0.000159858
0.000159739
0.000159876
0.000159591
0.000155836
0.000156504
0.000160202
0.000156513
0.000157684
0.000160259
0.000160231
0.000160277
0.000159847
0.000156736
0.000157254
0.00016068
0.000157264
0.000158296
0.000160648
0.000160709
0.000160666
0.000160094
0.00015761
0.000157983
0.000161143
0.000157992
0.00015889
0.000161024
0.000161173
0.000161042
0.000160331
0.000158458
0.00015869
0.000161593
0.000158699
0.000159467
0.000161388
0.000161622
0.000161406
0.00016056
0.000159282
0.000159376
0.000162029
0.000159385
0.000160026
0.00016174
0.000162058
0.000161758
0.00016078
0.00016008
0.000160041
0.00016245
0.00016005
0.000160568
0.000162081
0.000162479
0.000162099
0.000160992
0.000160854
0.000160686
0.000162859
0.000160695
0.000161094
0.00016241
0.000162888
0.000162428
0.000161195
0.000161605
0.000161312
0.000163254
0.00016132
0.000161603
0.000162728
0.000163283
0.000162746
0.00016139
0.000162332
0.000161918
0.000163636
0.000161926
0.000162096
0.000163035
0.000163665
0.000163053
0.000161578
0.000163037
0.000162505
0.000164006
0.000162513
0.000162574
0.000163332
0.000164034
0.000163349
0.000161758
0.000163719
0.000163073
0.000164363
0.000163082
0.000163036
0.000163618
0.000164392
0.000163635
0.00016193
0.00016438
0.000163623
0.000164708
0.000163632
0.000163483
0.000163893
0.000164737
0.000163911
0.000162095
0.00016502
0.000164156
0.000165041
0.000164164
0.000163916
0.000164159
0.00016507
0.000164176
0.000162253
0.000165639
0.000164671
0.000165363
0.000164679
0.000164333
0.000164415
0.000165391
0.000164432
0.000162404
0.000166237
0.000165169
0.000165673
0.000165177
0.000164737
0.000164661
0.000165701
0.000164678
0.000162547
0.000166817
0.00016565
0.000165972
0.000165658
0.000165127
0.000164897
0.000166
0.000164915
0.000162685
0.000167376
0.000166115
0.00016626
0.000166124
0.000165504
0.000165125
0.000166287
0.000165142
0.000162815
0.000167918
0.000166565
0.000166537
0.000166573
0.000165867
0.000165343
0.000166564
0.00016536
0.000162939
0.00016844
0.000166998
0.000166804
0.000167006
0.000166217
0.000165553
0.000166831
0.00016557
0.000163057
0.000168945
0.000167417
0.00016706
0.000167425
0.000166555
0.000165754
0.000167087
0.000165771
0.000163169
0.000169433
0.000167821
0.000167306
0.000167829
0.00016688
0.000165946
0.000167334
0.000165963
0.000163274
0.000169903
0.00016821
0.000167543
0.000168218
0.000167193
0.00016613
0.00016757
0.000166147
0.000163374
0.000170357
0.000168585
0.00016777
0.000168593
0.000167494
0.000166306
0.000167797
0.000166323
0.000163468
0.000170795
0.000168947
0.000167988
0.000168954
0.000167784
0.000166474
0.000168015
0.000166491
0.000163557
0.000171217
0.000169295
0.000168196
0.000169302
0.000168063
0.000166635
0.000168223
0.000166652
0.00016364
0.000171623
0.00016963
0.000168396
0.000169637
0.00016833
0.000166788
0.000168423
0.000166804
0.000163717
0.000172015
0.000169952
0.000168587
0.00016996
0.000168587
0.000166933
0.000168614
0.00016695
0.00016379
0.000172392
0.000170262
0.000168769
0.000170269
0.000168833
0.000167071
0.000168796
0.000167088
0.000163857
0.000172755
0.000170559
0.000168943
0.000170567
0.00016907
0.000167202
0.00016897
0.000167219
0.00016392
0.000173104
0.000170845
0.000169109
0.000170853
0.000169296
0.000167327
0.000169136
0.000167343
0.000163977
0.00017344
0.000171119
0.000169267
0.000171127
0.000169512
0.000167444
0.000169294
0.000167461
0.00016403
0.000173762
0.000171382
0.000169417
0.00017139
0.000169719
0.000167556
0.000169444
0.000167572
0.000164078
0.000174072
0.000171634
0.00016956
0.000171642
0.000169917
0.00016766
0.000169586
0.000167677
0.000164121
0.000174369
0.000171875
0.000169695
0.000171883
0.000170106
0.000167759
0.000169721
0.000167775
0.000164161
0.000174654
0.000172106
0.000169823
0.000172114
0.000170285
0.000167851
0.000169849
0.000167867
0.000164196
0.000174927
0.000172327
0.000169944
0.000172334
0.000170457
0.000167937
0.00016997
0.000167954
0.000164226
0.000175189
0.000172538
0.000170059
0.000172545
0.00017062
0.000168018
0.000170085
0.000168034
0.000164253
0.00017544
0.000172739
0.000170166
0.000172747
0.000170774
0.000168093
0.000170192
0.000168109
0.000164275
0.000175679
0.000172931
0.000170267
0.000172938
0.000170921
0.000168162
0.000170293
0.000168179
0.000164294
0.000175908
0.000173114
0.000170362
0.000173121
0.00017106
0.000168227
0.000170388
0.000168243
0.000164309
0.000176127
0.000173288
0.000170451
0.000173295
0.000171192
0.000168285
0.000170476
0.000168302
0.00016432
0.000176336
0.000173453
0.000170533
0.00017346
0.000171316
0.000168339
0.000170559
0.000168355
0.000164328
0.000176535
0.00017361
0.00017061
0.000173617
0.000171433
0.000168388
0.000170635
0.000168404
0.000164332
0.000176724
0.000173758
0.000170681
0.000173765
0.000171543
0.000168432
0.000170706
0.000168448
0.000164333
0.000176905
0.000173899
0.000170746
0.000173906
0.000171647
0.000168471
0.000170772
0.000168487
0.00016433
0.000177076
0.000174032
0.000170806
0.000174039
0.000171744
0.000168506
0.000170831
0.000168522
0.000164324
0.000177238
0.000174157
0.000170861
0.000174164
0.000171834
0.000168536
0.000170886
0.000168552
0.000164315
0.000177392
0.000174275
0.00017091
0.000174282
0.000171918
0.000168562
0.000170935
0.000168578
0.000164303
0.000177538
0.000174386
0.000170955
0.000174393
0.000171996
0.000168583
0.00017098
0.000168599
0.000164288
0.000177675
0.000174489
0.000170994
0.000174496
0.000172068
0.0001686
0.000171019
0.000168616
0.000164269
0.000177805
0.000174586
0.000171029
0.000174593
0.000172134
0.000168614
0.000171054
0.00016863
0.000164249
0.000177927
0.000174677
0.000171059
0.000174684
0.000172195
0.000168623
0.000171084
0.000168639
0.000164225
0.000178042
0.000174761
0.000171085
0.000174768
0.00017225
0.000168629
0.00017111
0.000168645
0.000164199
0.000178149
0.000174838
0.000171106
0.000174845
0.000172299
0.000168631
0.000171132
0.000168647
0.00016417
0.00017825
0.00017491
0.000171123
0.000174917
0.000172344
0.000168629
0.000171149
0.000168645
0.000164138
0.000178344
0.000174976
0.000171136
0.000174983
0.000172384
0.000168624
0.000171161
0.00016864
0.000164104
0.000178431
0.000175036
0.000171145
0.000175043
0.000172418
0.000168615
0.00017117
0.000168631
0.000164068
0.000178511
0.00017509
0.00017115
0.000175097
0.000172448
0.000168603
0.000171175
0.000168619
0.000164029
0.000178586
0.000175139
0.000171151
0.000175146
0.000172473
0.000168588
0.000171176
0.000168604
0.000163988
0.000178654
0.000175183
0.000171149
0.00017519
0.000172494
0.000168569
0.000171174
0.000168585
0.000163945
0.000178716
0.000175221
0.000171143
0.000175228
0.000172511
0.000168548
0.000171168
0.000168564
0.000163899
0.000178773
0.000175255
0.000171133
0.000175262
0.000172523
0.000168524
0.000171158
0.000168539
0.000163852
0.000178823
0.000175283
0.00017112
0.00017529
0.000172531
0.000168496
0.000171145
0.000168512
0.000163803
0.000178869
0.000175307
0.000171104
0.000175314
0.000172535
0.000168466
0.000171128
0.000168482
0.000163751
0.000178909
0.000175327
0.000171084
0.000175334
0.000172535
0.000168433
0.000171109
0.000168449
0.000163698
0.000178944
0.000175342
0.000171061
0.000175348
0.000172531
0.000168398
0.000171086
0.000168414
0.000163643
0.000178974
0.000175352
0.000171036
0.000175359
0.000172523
0.00016836
0.00017106
0.000168376
0.000163586
0.000178999
0.000175359
0.000171007
0.000175365
0.000172512
0.000168319
0.000171032
0.000168335
0.000163527
0.00017902
0.000175361
0.000170975
0.000175368
0.000172498
0.000168276
0.000171
0.000168292
0.000163467
0.000179036
0.000175359
0.000170941
0.000175366
0.00017248
0.000168231
0.000170965
0.000168247
0.000163405
0.000179047
0.000175354
0.000170904
0.00017536
0.000172458
0.000168183
0.000170928
0.000168199
0.000163341
0.000179054
0.000175344
0.000170864
0.000175351
0.000172434
0.000168134
0.000170889
0.000168149
0.000163276
0.000179057
0.000175331
0.000170822
0.000175338
0.000172406
0.000168082
0.000170846
0.000168097
0.000163209
0.000179056
0.000175315
0.000170777
0.000175321
0.000172376
0.000168027
0.000170801
0.000168043
0.000163141
0.000179051
0.000175295
0.00017073
0.000175301
0.000172342
0.000167971
0.000170754
0.000167987
0.000163072
0.000179041
0.000175271
0.00017068
0.000175278
0.000172306
0.000167913
0.000170705
0.000167929
0.000163001
0.000179029
0.000175245
0.000170628
0.000175251
0.000172266
0.000167853
0.000170653
0.000167869
0.000162929
0.000179012
0.000175215
0.000170574
0.000175222
0.000172225
0.000167791
0.000170599
0.000167807
0.000162856
0.000178992
0.000175182
0.000170518
0.000175189
0.00017218
0.000167728
0.000170543
0.000167743
0.000162781
0.000178969
0.000175146
0.00017046
0.000175153
0.000172133
0.000167662
0.000170485
0.000167678
0.000162705
0.000178942
0.000175108
0.0001704
0.000175114
0.000172084
0.000167595
0.000170424
0.000167611
0.000162628
0.000178912
0.000175066
0.000170338
0.000175073
0.000172032
0.000167526
0.000170362
0.000167542
0.00016255
0.000178879
0.000175022
0.000170274
0.000175029
0.000171978
0.000167456
0.000170298
0.000167472
0.000162471
0.000178843
0.000174975
0.000170208
0.000174982
0.000171921
0.000167384
0.000170232
0.0001674
0.00016239
0.000178804
0.000174926
0.00017014
0.000174933
0.000171863
0.000167311
0.000170165
0.000167326
0.000162309
0.000178762
0.000174874
0.000170071
0.000174881
0.000171802
0.000167236
0.000170095
0.000167252
0.000162227
0.000178717
0.00017482
0.00017
0.000174826
0.000171739
0.00016716
0.000170024
0.000167175
0.000162144
0.000178669
0.000174763
0.000169927
0.00017477
0.000171674
0.000167082
0.000169952
0.000167098
0.00016206
0.000178619
0.000174704
0.000169853
0.000174711
0.000171608
0.000167004
0.000169877
0.000167019
0.000161975
0.000178566
0.000174643
0.000169777
0.00017465
0.000171539
0.000166923
0.000169802
0.000166939
0.000161889
0.000178511
0.00017458
0.0001697
0.000174586
0.000171469
0.000166842
0.000169724
0.000166858
0.000161802
0.000178454
0.000174515
0.000169621
0.000174521
0.000171397
0.00016676
0.000169646
0.000166775
0.000161715
0.000178394
0.000174447
0.000169541
0.000174454
0.000171323
0.000166676
0.000169566
0.000166691
0.000161627
0.000178332
0.000174378
0.00016946
0.000174385
0.000171247
0.000166591
0.000169484
0.000166607
0.000161538
0.000178267
0.000174307
0.000169377
0.000174313
0.00017117
0.000166505
0.000169402
0.000166521
0.000161448
0.000178201
0.000174234
0.000169293
0.00017424
0.000171092
0.000166418
0.000169318
0.000166434
0.000161358
0.000178132
0.000174159
0.000169208
0.000174166
0.000171012
0.00016633
0.000169233
0.000166346
0.000161267
0.000178061
0.000174082
0.000169122
0.000174089
0.00017093
0.000166242
0.000169146
0.000166257
0.000161175
0.000177989
0.000174004
0.000169035
0.000174011
0.000170847
0.000166152
0.000169059
0.000166167
0.000161083
0.000177915
0.000173925
0.000168946
0.000173931
0.000170763
0.000166061
0.000168971
0.000166077
0.00016099
0.000177838
0.000173843
0.000168857
0.00017385
0.000170677
0.000165969
0.000168881
0.000165985
0.000160897
0.00017776
0.00017376
0.000168766
0.000173767
0.00017059
0.000165877
0.000168791
0.000165893
0.000160803
0.000177681
0.000173676
0.000168675
0.000173683
0.000170502
0.000165784
0.000168699
0.000165799
0.000160709
0.000177599
0.00017359
0.000168582
0.000173597
0.000170413
0.00016569
0.000168606
0.000165705
0.000160614
0.000177516
0.000173503
0.000168489
0.00017351
0.000170322
0.000165595
0.000168513
0.000165611
0.000160519
0.000177432
0.000173415
0.000168395
0.000173421
0.000170231
0.0001655
0.000168419
0.000165515
0.000160423
0.000177346
0.000173325
0.000168299
0.000173332
0.000170138
0.000165404
0.000168324
0.000165419
0.000160327
0.000177258
0.000173234
0.000168203
0.000173241
0.000170045
0.000165307
0.000168228
0.000165322
0.00016023
0.000177169
0.000173142
0.000168107
0.000173148
0.00016995
0.000165209
0.000168131
0.000165225
0.000160133
0.000177079
0.000173048
0.000168009
0.000173055
0.000169854
0.000165111
0.000168033
0.000165127
0.000160035
0.000176987
0.000172954
0.000167911
0.00017296
0.000169758
0.000165012
0.000167935
0.000165028
0.000159938
0.000176894
0.000172858
0.000167812
0.000172865
0.00016966
0.000164913
0.000167836
0.000164929
0.000159839
0.0001768
0.000172762
0.000167712
0.000172768
0.000169562
0.000164813
0.000167737
0.000164829
0.000159741
0.000176705
0.000172664
0.000167612
0.000172671
0.000169462
0.000164713
0.000167636
0.000164729
0.000159642
0.000176608
0.000172565
0.000167511
0.000172572
0.000169362
0.000164612
0.000167535
0.000164628
0.000159543
0.000176511
0.000172466
0.00016741
0.000172472
0.000169262
0.000164511
0.000167434
0.000164526
0.000159444
0.000176412
0.000172365
0.000167307
0.000172372
0.00016916
0.000164409
0.000167332
0.000164425
0.000159344
0.000176312
0.000172264
0.000167205
0.000172271
0.000169058
0.000164307
0.000167229
0.000164322
0.000159244
0.000176211
0.000172162
0.000167102
0.000172168
0.000168955
0.000164204
0.000167126
0.00016422
0.000159144
0.00017611
0.000172059
0.000166998
0.000172065
0.000168851
0.000164101
0.000167022
0.000164117
0.000159044
0.000176007
0.000171955
0.000166894
0.000171961
0.000168747
0.000163998
0.000166918
0.000164013
0.000158943
0.000175903
0.00017185
0.000166789
0.000171857
0.000168642
0.000163894
0.000166813
0.00016391
0.000158843
0.000175799
0.000171745
0.000166684
0.000171752
0.000168536
0.00016379
0.000166708
0.000163805
0.000158742
0.000175694
0.000171639
0.000166578
0.000171646
0.00016843
0.000163685
0.000166603
0.000163701
0.000158641
0.000175587
0.000171532
0.000166472
0.000171539
0.000168324
0.000163581
0.000166497
0.000163596
0.00015854
0.000175481
0.000171425
0.000166366
0.000171432
0.000168217
0.000163476
0.00016639
0.000163491
0.000158438
0.000175373
0.000171317
0.000166259
0.000171324
0.000168109
0.00016337
0.000166284
0.000163386
0.000158337
0.000175264
0.000171208
0.000166152
0.000171215
0.000168001
0.000163265
0.000166177
0.00016328
0.000158235
0.000175155
0.000171099
0.000166045
0.000171106
0.000167892
0.000163159
0.000166069
0.000163174
0.000158133
0.000175046
0.00017099
0.000165937
0.000170996
0.000167783
0.000163053
0.000165962
0.000163068
0.000158032
0.000174935
0.000170879
0.000165829
0.000170886
0.000167674
0.000162946
0.000165854
0.000162962
0.00015793
0.000174824
0.000170769
0.000165721
0.000170775
0.000167564
0.00016284
0.000165745
0.000162855
0.000157828
0.000174712
0.000170657
0.000165612
0.000170664
0.000167454
0.000162733
0.000165637
0.000162749
0.000157726
0.0001746
0.000170546
0.000165503
0.000170552
0.000167343
0.000162626
0.000165528
0.000162642
0.000157624
0.000174488
0.000170434
0.000165394
0.00017044
0.000167232
0.000162519
0.000165419
0.000162535
0.000157521
0.000174374
0.000170321
0.000165285
0.000170328
0.000167121
0.000162412
0.00016531
0.000162427
0.000157419
0.000174261
0.000170208
0.000165176
0.000170215
0.00016701
0.000162305
0.0001652
0.00016232
0.000157317
0.000174146
0.000170095
0.000165066
0.000170101
0.000166898
0.000162197
0.00016509
0.000162213
0.000157215
0.000174032
0.000169981
0.000164956
0.000169988
0.000166786
0.00016209
0.000164981
0.000162105
0.000157112
0.000173916
0.000169867
0.000164846
0.000169874
0.000166673
0.000161982
0.000164871
0.000161997
0.00015701
0.000173801
0.000169753
0.000164736
0.00016976
0.000166561
0.000161874
0.000164761
0.00016189
0.000156908
0.000173689
0.000169642
0.000164629
0.000169649
0.000166452
0.00016177
0.000164654
0.000161785
0.000156809
0.000673895
0.000672682
0.000669144
0.000669174
0.000666604
0.000659614
0.00065839
0.000653278
0.000640177
0.000634843
0.000625305
0.000602178
0.000585563
0.000569031
0.000531102
0.000487798
0.00046212
0.000406746
0.00031399
0.000282446
0.000220432
9.8952e-05
8.01855e-05
4.97324e-05
6.67812e-06
4.92562e-06
2.6353e-06
1.00184e-06
1.01943e-06
1.08583e-06
0.000673162
0.000671351
0.000666175
0.000666096
0.000662108
0.00065167
0.000649183
0.000641058
0.000621081
0.000611361
0.000596273
0.000561414
0.000533677
0.000509011
0.00045583
0.000393421
0.000360552
0.000295583
0.000195381
0.000166458
0.000116435
3.96669e-05
3.01028e-05
1.67194e-05
2.47128e-06
1.92165e-06
1.28029e-06
2.76911e-06
2.89222e-06
3.16052e-06
0.000670973
0.0006679
0.000659621
0.000659298
0.000652777
0.000636878
0.000632293
0.000619766
0.000591008
0.00057558
0.000554278
0.000508288
0.000470101
0.000439478
0.000377949
0.000306023
0.000272267
0.000210569
0.000121596
9.95175e-05
6.4635e-05
1.81728e-05
1.33631e-05
7.19037e-06
1.70634e-06
1.49885e-06
1.27383e-06
5.33879e-06
5.52291e-06
5.82329e-06
0.00066658
0.000661528
0.000648861
0.000648071
0.000638158
0.000615746
0.000608391
0.00059101
0.000553768
0.000532391
0.000505873
0.000452128
0.000406046
0.00037264
0.000309447
0.000235362
0.000204349
0.000151075
7.73061e-05
6.1474e-05
3.80772e-05
9.47328e-06
6.96933e-06
3.91179e-06
1.74695e-06
1.67139e-06
1.6161e-06
8.18621e-06
8.30457e-06
8.35717e-06
0.000659514
0.000651894
0.000634035
0.000632514
0.000618813
0.000589864
0.000579357
0.000557498
0.000513424
0.000486595
0.00045654
0.000398807
0.00034757
0.000313957
0.000253401
0.00018142
0.000154545
0.000110567
5.07814e-05
3.96622e-05
2.401e-05
5.69686e-06
4.31185e-06
2.64326e-06
2.09766e-06
2.09323e-06
2.12852e-06
1.08224e-05
1.07558e-05
1.03625e-05
0.000649651
0.000639112
0.000615803
0.000613307
0.000595875
0.000561114
0.000547363
0.000521883
0.000473071
0.00044165
0.000409726
0.000351042
0.000296943
0.000264762
0.000208997
0.000141244
0.000118647
8.30219e-05
3.47067e-05
2.68864e-05
1.62265e-05
3.94465e-06
3.11548e-06
2.10086e-06
2.61945e-06
2.65648e-06
2.73451e-06
1.29802e-05
1.26623e-05
1.17531e-05
0.000637178
0.000623622
0.000595079
0.000591418
0.000570641
0.00053117
0.000514315
0.000486221
0.000434641
0.000399598
0.000367145
0.000309584
0.000254366
0.000224473
0.000174235
0.000111573
9.28266e-05
6.40719e-05
2.47657e-05
1.91795e-05
1.16996e-05
3.0803e-06
2.54051e-06
1.85969e-06
3.24419e-06
3.30176e-06
3.39047e-06
1.45904e-05
1.40066e-05
1.26043e-05
0.000622487
0.000606032
0.000572789
0.000567852
0.00054429
0.0005013
0.000481637
0.000451882
0.000399133
0.00036141
0.00032938
0.000274185
0.000219097
0.000191817
0.000147047
8.96349e-05
7.4125e-05
5.07877e-05
1.84522e-05
1.43639e-05
8.92438e-06
2.63581e-06
2.25733e-06
1.76501e-06
3.92916e-06
3.99359e-06
4.07927e-06
1.56966e-05
1.48658e-05
1.30404e-05
0.000606074
0.000586989
0.000549745
0.000543501
0.000517766
0.000472363
0.000450273
0.000419657
0.000366927
0.000327362
0.000296364
0.000244176
0.000190074
0.00016541
0.000125664
7.32934e-05
6.0407e-05
4.12611e-05
1.43156e-05
1.12365e-05
7.13182e-06
2.40869e-06
2.12814e-06
1.75616e-06
4.65057e-06
4.71681e-06
4.80637e-06
1.63875e-05
1.53453e-05
1.31819e-05
0.000588452
0.000567086
0.000526592
0.000519075
0.000491753
0.00044488
0.000420774
0.000389921
0.00033803
0.000297332
0.000267716
0.000218774
0.000166211
0.000143999
0.000108693
6.0977e-05
5.01802e-05
3.42598e-05
1.15129e-05
9.12366e-06
5.91603e-06
2.30689e-06
2.09232e-06
1.80961e-06
5.40109e-06
5.47337e-06
5.59503e-06
1.67586e-05
1.55454e-05
1.31261e-05
0.000570089
0.000546826
0.000503804
0.000495099
0.000466708
0.000419123
0.000393406
0.000362772
0.000312253
0.000270996
0.000242927
0.00019723
0.000146537
0.000126538
9.50728e-05
5.15602e-05
4.24169e-05
2.89852e-05
9.54857e-06
7.64091e-06
5.05506e-06
2.28718e-06
2.12299e-06
1.91926e-06
6.18663e-06
6.27855e-06
6.48245e-06
1.68952e-05
1.55494e-05
1.29459e-05
0.000551389
0.000526605
0.000481711
0.000471932
0.000442905
0.000395195
0.00036824
0.000338145
0.000289317
0.000247952
0.000221474
0.000178882
0.00013023
0.000112188
8.40073e-05
4.42454e-05
3.64114e-05
2.49135e-05
8.12622e-06
6.56324e-06
4.42329e-06
2.32961e-06
2.20984e-06
2.08951e-06
7.02325e-06
7.15774e-06
7.51718e-06
1.68663e-05
1.54221e-05
1.26929e-05
0.000532674
0.000506719
0.000460523
0.000449802
0.000420487
0.000373091
0.000345229
0.000315885
0.000268913
0.000227785
0.000202869
0.000163171
0.000116624
0.000100289
7.4903e-05
3.84692e-05
3.16767e-05
2.16949e-05
7.0651e-06
5.75569e-06
3.94748e-06
2.42659e-06
2.35214e-06
2.33351e-06
7.93453e-06
8.14401e-06
8.75655e-06
1.67254e-05
1.52113e-05
1.24038e-05
0.000514194
0.000487378
0.000440362
0.000428832
0.000399503
0.00035274
0.000324256
0.000295792
0.000250739
0.000210104
0.000186678
0.000149632
0.000105184
9.03299e-05
6.7315e-05
3.38321e-05
2.78734e-05
1.90917e-05
6.25252e-06
5.13529e-06
3.58443e-06
2.57816e-06
2.55604e-06
2.6738e-06
8.94959e-06
9.27611e-06
1.02617e-05
1.65125e-05
1.49516e-05
1.21044e-05
0.000496131
0.000468724
0.000421283
0.000409077
0.000379943
0.000334033
0.000305169
0.000277657
0.000234514
0.000194559
0.000172527
0.000137885
9.54861e-05
8.19112e-05
6.09066e-05
3.00481e-05
2.4762e-05
1.69385e-05
5.61684e-06
4.65013e-06
3.30931e-06
2.79011e-06
2.83398e-06
3.14384e-06
1.01013e-05
1.05959e-05
1.20876e-05
1.62568e-05
1.46682e-05
1.18137e-05
0.000478615
0.000450844
0.000403297
0.00039054
0.000361756
0.000316847
0.000287803
0.000261272
0.000219983
0.000180841
0.000160098
0.000127616
8.71939e-05
7.4723e-05
5.54192e-05
2.69102e-05
2.21704e-05
1.51176e-05
5.11181e-06
4.26758e-06
3.10976e-06
3.0734e-06
3.205e-06
3.78931e-06
1.1424e-05
1.21441e-05
1.42661e-05
1.598e-05
1.43797e-05
1.15466e-05
0.000461731
0.000433784
0.000386385
0.00037319
0.000344868
0.000301048
0.000271993
0.000246441
0.000206919
0.000168686
0.000149122
0.000118568
8.00413e-05
6.85214e-05
5.06511e-05
2.42668e-05
1.99734e-05
1.35447e-05
4.70747e-06
3.9677e-06
2.98302e-06
3.44431e-06
3.69521e-06
4.66711e-06
1.29503e-05
1.39517e-05
1.67881e-05
1.56983e-05
1.41003e-05
1.13155e-05
0.00044553
0.000417561
0.000370504
0.000356977
0.000329194
0.000286508
0.000257579
0.000232984
0.000195121
0.000157865
0.000139373
0.000110522
7.38151e-05
6.31124e-05
4.64416e-05
2.20048e-05
1.80779e-05
1.21588e-05
4.38483e-06
3.73959e-06
2.93493e-06
3.92482e-06
4.33811e-06
5.83932e-06
1.4706e-05
1.60338e-05
1.95852e-05
1.54239e-05
1.3841e-05
1.11301e-05
0.000430039
0.000402169
0.000355602
0.000341838
0.000314642
0.000273099
0.000244413
0.000220738
0.000184412
0.000148184
0.00013066
0.000103298
6.83435e-05
5.83402e-05
4.26617e-05
2.00388e-05
1.64144e-05
1.09179e-05
4.1328e-06
3.57943e-06
2.97968e-06
4.54258e-06
5.1735e-06
7.36095e-06
1.67037e-05
1.83799e-05
2.25313e-05
1.51669e-05
1.36114e-05
1.09962e-05
0.000415263
0.000387588
0.000341618
0.000327702
0.000301121
0.0002607
0.000232358
0.000209556
0.000174634
0.000139474
0.000122818
9.6741e-05
6.34862e-05
5.40778e-05
3.92069e-05
1.83039e-05
1.49315e-05
9.79579e-06
3.94646e-06
3.48951e-06
3.13975e-06
5.33014e-06
6.24406e-06
9.26451e-06
1.89363e-05
2.09446e-05
2.54674e-05
1.49356e-05
1.34187e-05
1.09142e-05
0.000401194
0.000373788
0.000328484
0.000314496
0.00028854
0.000249202
0.000221288
0.000199305
0.000165648
0.000131593
0.000115707
9.07193e-05
5.91278e-05
5.02208e-05
3.59951e-05
1.67503e-05
1.35908e-05
8.78176e-06
3.82617e-06
3.47793e-06
3.44533e-06
6.32247e-06
7.58951e-06
1.15466e-05
2.13715e-05
2.36488e-05
2.82368e-05
1.47367e-05
1.32681e-05
1.08784e-05
0.000387814
0.000360729
0.000316137
0.000302148
0.000276814
0.0002385
0.000211091
0.000189868
0.000157333
0.000124416
0.000109208
8.51218e-05
5.51725e-05
4.66831e-05
3.29645e-05
1.53406e-05
1.23661e-05
7.87778e-06
3.77711e-06
3.55829e-06
3.93285e-06
7.55322e-06
9.23862e-06
1.4163e-05
2.39502e-05
2.63895e-05
3.07193e-05
1.45751e-05
1.31613e-05
1.08785e-05
0.000375096
0.000348372
0.000304511
0.000290586
0.000265859
0.000228501
0.000201663
0.000181138
0.00014958
0.000117833
0.000103216
7.98559e-05
5.15402e-05
4.33938e-05
3.00741e-05
1.4048e-05
1.12415e-05
7.09573e-06
3.80903e-06
3.74945e-06
4.64194e-06
9.0495e-06
1.12016e-05
1.70329e-05
2.65918e-05
2.90559e-05
3.28499e-05
1.44533e-05
1.30963e-05
1.09018e-05
0.00036301
0.00033667
0.000293542
0.000279743
0.0002556
0.000219118
0.000192912
0.000173022
0.000142297
0.000111753
9.76406e-05
7.48462e-05
4.81645e-05
4.02962e-05
2.73035e-05
1.28551e-05
1.02116e-05
6.45226e-06
3.936e-06
4.07482e-06
5.61049e-06
1.08262e-05
1.3465e-05
2.0052e-05
2.92056e-05
3.1548e-05
3.46188e-05
1.43709e-05
1.30676e-05
1.09362e-05
0.000351521
0.00032558
0.000283171
0.000269552
0.000245966
0.000210274
0.000184755
0.000165436
0.000135404
0.000106091
9.24059e-05
7.00347e-05
4.49904e-05
3.73459e-05
2.46527e-05
1.17526e-05
9.27941e-06
5.96455e-06
4.17592e-06
4.5612e-06
6.86848e-06
1.28817e-05
1.59909e-05
2.31081e-05
3.17031e-05
3.37924e-05
3.60574e-05
1.43245e-05
1.30668e-05
1.09724e-05
0.000340596
0.000315058
0.000273343
0.000259955
0.000236891
0.000201901
0.000177117
0.000158305
0.000128831
0.000100779
8.74461e-05
6.538e-05
4.19745e-05
3.4514e-05
2.21362e-05
1.07391e-05
8.45442e-06
5.64732e-06
4.54989e-06
5.23691e-06
8.43204e-06
1.51954e-05
1.872e-05
2.60968e-05
3.4011e-05
3.57508e-05
3.72194e-05
1.43081e-05
1.30847e-05
1.10042e-05
0.000330197
0.00030506
0.000264003
0.000250894
0.000228315
0.000193936
0.000169932
0.000151564
0.000122523
9.57542e-05
8.27073e-05
6.08562e-05
3.9084e-05
3.17858e-05
1.97784e-05
9.81978e-06
7.74954e-06
5.51211e-06
5.0811e-06
6.12951e-06
1.02992e-05
1.77289e-05
2.15781e-05
2.89336e-05
3.60801e-05
3.7418e-05
3.81632e-05
1.43141e-05
1.31124e-05
1.10286e-05
0.00032029
0.000295545
0.000255105
0.000242316
0.000220185
0.000186325
0.000163139
0.000145156
0.000116433
9.09647e-05
7.81456e-05
5.64521e-05
3.62967e-05
2.91559e-05
1.76099e-05
9.00413e-06
7.17842e-06
5.56861e-06
5.79316e-06
7.2617e-06
1.24497e-05
2.04281e-05
2.44848e-05
3.15606e-05
3.7888e-05
3.88168e-05
3.89403e-05
1.43346e-05
1.3143e-05
1.10446e-05
0.00031084
0.000286474
0.000246603
0.000234175
0.00021245
0.000179021
0.000156687
0.00013903
0.000110526
8.63669e-05
7.37275e-05
5.21684e-05
3.36013e-05
2.66309e-05
1.56582e-05
8.30384e-06
6.75326e-06
5.82657e-06
6.70803e-06
8.64797e-06
1.48473e-05
2.32291e-05
2.7362e-05
3.39482e-05
3.94368e-05
3.99838e-05
3.95924e-05
1.43624e-05
1.31715e-05
1.10528e-05
0.000301813
0.00027781
0.000238458
0.000226425
0.000205067
0.000171985
0.000150527
0.000133143
0.000104775
8.19256e-05
6.94292e-05
4.80167e-05
3.0997e-05
2.42257e-05
1.3943e-05
7.73073e-06
6.48394e-06
6.29693e-06
7.84358e-06
1.02929e-05
1.74417e-05
2.60638e-05
3.01417e-05
3.60919e-05
4.07482e-05
4.09606e-05
4.01498e-05
1.43918e-05
1.3195e-05
1.10544e-05
0.000293179
0.000269518
0.000230632
0.000219026
0.000197994
0.00016518
0.000144619
0.000127461
9.91627e-05
7.76135e-05
6.52362e-05
4.40115e-05
2.84906e-05
2.19611e-05
1.24766e-05
7.29517e-06
6.37829e-06
6.99152e-06
9.21151e-06
1.219e-05
2.01736e-05
2.88666e-05
3.2771e-05
3.8006e-05
4.18547e-05
4.17866e-05
4.06336e-05
1.44188e-05
1.32123e-05
1.10507e-05
0.000284906
0.000261567
0.000223094
0.000211941
0.000191197
0.000158579
0.000138928
0.000121952
9.3677e-05
7.34109e-05
6.11403e-05
4.01772e-05
2.60951e-05
1.98595e-05
1.12624e-05
7.00547e-06
6.44311e-06
7.92137e-06
1.08157e-05
1.43212e-05
2.298e-05
3.15798e-05
3.5215e-05
3.97166e-05
4.27924e-05
4.24954e-05
4.10585e-05
1.4441e-05
1.32232e-05
1.10428e-05
0.000276966
0.000253926
0.000215814
0.000205137
0.000184644
0.000152158
0.000133422
0.000116593
8.83128e-05
6.9305e-05
5.7146e-05
3.65344e-05
2.3828e-05
1.79406e-05
1.0298e-05
6.86816e-06
6.68531e-06
9.09436e-06
1.26513e-05
1.66581e-05
2.57988e-05
3.4158e-05
3.74569e-05
4.12546e-05
4.35955e-05
4.31128e-05
4.14354e-05
1.44576e-05
1.32284e-05
1.10319e-05
0.000269333
0.000246567
0.000208767
0.000198584
0.000178307
0.000145898
0.000128077
0.000111366
8.30701e-05
6.52898e-05
5.32575e-05
3.31088e-05
2.17079e-05
1.62197e-05
9.57694e-06
6.88879e-06
7.1126e-06
1.05129e-05
1.47046e-05
1.91634e-05
2.85744e-05
3.65698e-05
3.94955e-05
4.26507e-05
4.42931e-05
4.36577e-05
4.1773e-05
1.44684e-05
1.32288e-05
1.10189e-05
0.000261981
0.000239468
0.000201931
0.000192254
0.000172162
0.000139783
0.00012287
0.000106257
7.79532e-05
6.13637e-05
4.94842e-05
2.99225e-05
1.97519e-05
1.47071e-05
9.09128e-06
7.07285e-06
7.73342e-06
1.21724e-05
1.69536e-05
2.17932e-05
3.1261e-05
3.87983e-05
4.13417e-05
4.39318e-05
4.49078e-05
4.41436e-05
4.20786e-05
1.44739e-05
1.32252e-05
1.10044e-05
0.000254887
0.000232603
0.000195285
0.000186124
0.000166189
0.000133803
0.000117785
0.000101255
7.29752e-05
5.75304e-05
4.58396e-05
2.69918e-05
1.79743e-05
1.34076e-05
8.83287e-06
7.42664e-06
8.55595e-06
1.40601e-05
1.93686e-05
2.45003e-05
3.38254e-05
4.08398e-05
4.30143e-05
4.51193e-05
4.54564e-05
4.458e-05
4.23586e-05
1.4475e-05
1.32185e-05
1.09889e-05
0.000248031
0.000225954
0.000188814
0.000180173
0.00016037
0.000127947
0.000112809
9.63535e-05
6.81333e-05
5.37981e-05
4.23372e-05
2.43348e-05
1.63849e-05
1.23219e-05
8.79509e-06
7.95729e-06
9.5869e-06
1.61556e-05
2.19139e-05
2.72367e-05
3.62473e-05
4.2701e-05
4.45362e-05
4.6229e-05
4.59506e-05
4.49743e-05
4.26184e-05
1.44724e-05
1.32094e-05
1.0973e-05
0.000241391
0.000219501
0.000182502
0.000174381
0.000154689
0.000122211
0.000107931
9.15491e-05
6.34465e-05
5.01766e-05
3.8992e-05
2.19563e-05
1.49899e-05
1.14478e-05
8.97352e-06
8.67213e-06
1.08304e-05
1.8431e-05
2.45499e-05
2.99573e-05
3.85184e-05
4.43965e-05
4.59308e-05
4.7272e-05
4.63987e-05
4.53324e-05
4.28622e-05
1.4467e-05
1.31986e-05
1.09568e-05
0.000234951
0.000213227
0.000176337
0.000168732
0.000149134
0.000116589
0.000103143
8.68405e-05
5.89263e-05
4.66755e-05
3.58206e-05
1.98586e-05
1.37915e-05
1.0781e-05
9.36605e-06
9.57785e-06
1.22879e-05
2.08512e-05
2.72352e-05
3.26226e-05
4.06406e-05
4.5945e-05
4.72198e-05
4.82554e-05
4.68069e-05
4.56598e-05
4.30933e-05
1.44592e-05
1.31864e-05
1.09408e-05
0.000228694
0.000207118
0.000170307
0.000163211
0.000143694
0.000111078
9.84411e-05
8.22287e-05
5.45846e-05
4.33069e-05
3.28378e-05
1.80388e-05
1.27894e-05
1.03167e-05
9.97243e-06
1.06798e-05
1.39554e-05
2.33777e-05
2.99292e-05
3.52008e-05
4.26229e-05
4.7367e-05
4.84215e-05
4.91845e-05
4.71802e-05
4.59611e-05
4.33138e-05
1.44498e-05
1.31733e-05
1.0925e-05
0.000222604
0.000201161
0.000164403
0.000157807
0.00013836
0.000105678
9.38209e-05
7.77214e-05
5.0433e-05
4.00834e-05
3.00544e-05
1.64907e-05
1.19813e-05
1.00499e-05
1.07933e-05
1.1981e-05
1.58228e-05
2.59711e-05
3.25945e-05
3.76686e-05
4.4479e-05
4.86825e-05
4.95502e-05
5.00628e-05
4.75227e-05
4.62409e-05
4.35251e-05
1.4439e-05
1.31596e-05
1.09096e-05
0.000216669
0.000195342
0.000158615
0.000152507
0.000133123
0.000100386
8.92811e-05
7.33112e-05
4.64826e-05
3.70175e-05
2.74854e-05
1.52057e-05
1.13638e-05
9.97688e-06
1.18289e-05
1.34806e-05
1.78743e-05
2.85926e-05
3.51985e-05
4.00117e-05
4.62241e-05
4.99091e-05
5.06166e-05
5.08938e-05
4.78387e-05
4.65027e-05
4.3728e-05
1.44272e-05
1.31454e-05
1.08946e-05
0.000210876
0.000189652
0.000152939
0.000147302
0.000127978
9.52215e-05
8.48215e-05
6.90099e-05
4.2736e-05
3.41212e-05
2.5136e-05
1.41738e-05
1.09331e-05
1.0095e-05
1.3078e-05
1.51742e-05
2.00882e-05
3.12073e-05
3.77153e-05
4.22242e-05
4.78737e-05
5.10617e-05
5.16281e-05
5.16808e-05
4.81319e-05
4.67498e-05
4.39229e-05
1.44146e-05
1.31311e-05
1.08801e-05
0.000205215
0.000184081
0.000147364
0.000142183
0.000122918
9.01436e-05
8.04426e-05
6.48237e-05
3.92211e-05
3.14051e-05
2.30111e-05
1.33854e-05
1.06858e-05
1.04034e-05
1.45364e-05
1.70525e-05
2.24384e-05
3.37851e-05
4.01262e-05
4.43071e-05
4.94412e-05
5.21517e-05
5.25896e-05
5.2427e-05
4.84057e-05
4.69844e-05
4.41098e-05
1.44014e-05
1.31166e-05
1.0866e-05
0.000199677
0.000178622
0.000141883
0.000137144
0.000117939
8.51732e-05
7.61492e-05
6.07562e-05
3.59383e-05
2.88789e-05
2.11129e-05
1.28312e-05
1.06192e-05
1.09025e-05
1.61963e-05
1.91015e-05
2.48958e-05
3.63019e-05
4.24198e-05
4.62669e-05
5.09378e-05
5.31873e-05
5.35045e-05
5.31358e-05
4.86632e-05
4.72082e-05
4.42889e-05
1.43878e-05
1.31021e-05
1.08523e-05
0.000194254
0.000173266
0.00013649
0.000132179
0.000113036
8.03151e-05
7.19439e-05
5.68147e-05
3.28947e-05
2.65499e-05
1.94413e-05
1.25032e-05
1.07318e-05
1.15939e-05
1.80457e-05
2.13031e-05
2.74295e-05
3.87402e-05
4.45914e-05
4.81135e-05
5.2372e-05
5.41742e-05
5.43752e-05
5.38106e-05
4.89068e-05
4.74223e-05
4.44601e-05
1.43739e-05
1.30876e-05
1.08389e-05
0.00018894
0.000168008
0.000131181
0.000127281
0.000108206
7.55712e-05
6.78303e-05
5.30067e-05
3.00976e-05
2.44237e-05
1.79944e-05
1.23949e-05
1.10237e-05
1.24793e-05
2.00681e-05
2.3635e-05
3.00082e-05
4.10897e-05
4.66422e-05
4.98589e-05
5.37501e-05
5.51161e-05
5.52038e-05
5.44543e-05
4.91384e-05
4.76271e-05
4.46235e-05
1.43597e-05
1.30732e-05
1.08256e-05
0.000183733
0.000162845
0.000125951
0.000122449
0.000103446
7.09448e-05
6.38137e-05
4.93401e-05
2.75524e-05
2.2504e-05
1.67692e-05
1.25017e-05
1.14959e-05
1.356e-05
2.22432e-05
2.60721e-05
3.26019e-05
4.33457e-05
4.85777e-05
5.15155e-05
5.50761e-05
5.60155e-05
5.59924e-05
5.50696e-05
4.93592e-05
4.7823e-05
4.47791e-05
1.43453e-05
1.30588e-05
1.08124e-05
0.000178629
0.000157775
0.000120796
0.000117678
9.87711e-05
6.64406e-05
5.99003e-05
4.58163e-05
2.52629e-05
2.07928e-05
1.57621e-05
1.28209e-05
1.21504e-05
1.4836e-05
2.45475e-05
2.85873e-05
3.51835e-05
4.5509e-05
5.04069e-05
5.30949e-05
5.6353e-05
5.68741e-05
5.67433e-05
5.56587e-05
4.95701e-05
4.801e-05
4.4927e-05
1.43306e-05
1.30444e-05
1.07991e-05
0.00017363
0.000152796
0.000115733
0.000112968
9.41517e-05
6.20559e-05
5.60976e-05
4.24582e-05
2.32307e-05
1.92911e-05
1.49693e-05
1.33511e-05
1.299e-05
1.63051e-05
2.69549e-05
3.1153e-05
3.77295e-05
4.7584e-05
5.21405e-05
5.46072e-05
5.75831e-05
5.76933e-05
5.74586e-05
5.62236e-05
4.97713e-05
4.8188e-05
4.50671e-05
1.43157e-05
1.30297e-05
1.07856e-05
0.000168738
0.000147906
0.00011074
0.000108318
8.95899e-05
5.78083e-05
5.24148e-05
3.92761e-05
2.14564e-05
1.79986e-05
1.43872e-05
1.40921e-05
1.40177e-05
1.79612e-05
2.94388e-05
3.37421e-05
4.02213e-05
4.95776e-05
5.37895e-05
5.60609e-05
5.87682e-05
5.84747e-05
5.8141e-05
5.67656e-05
4.99629e-05
4.83568e-05
4.51994e-05
1.43005e-05
1.30148e-05
1.07717e-05
0.000163957
0.000143107
0.000105791
0.000103728
8.51011e-05
5.37219e-05
4.88625e-05
3.62771e-05
1.99393e-05
1.69147e-05
1.40126e-05
1.50437e-05
1.52352e-05
1.9796e-05
3.19727e-05
3.63293e-05
4.26452e-05
5.1498e-05
5.5365e-05
5.74625e-05
5.99103e-05
5.92199e-05
5.87928e-05
5.7286e-05
5.0145e-05
4.85164e-05
4.53239e-05
1.42848e-05
1.29995e-05
1.07574e-05
0.000159292
0.000138404
0.000100903
9.92029e-05
8.06896e-05
4.98017e-05
4.54526e-05
3.3474e-05
1.86777e-05
1.60382e-05
1.38433e-05
1.62056e-05
1.66424e-05
2.17976e-05
3.45317e-05
3.88923e-05
4.49924e-05
5.33538e-05
5.68767e-05
5.88166e-05
6.10114e-05
5.99308e-05
5.94163e-05
5.77858e-05
5.03174e-05
4.86669e-05
4.54405e-05
1.42686e-05
1.29836e-05
1.07424e-05
0.000154751
0.000133802
9.60908e-05
9.47442e-05
7.63613e-05
4.60604e-05
4.22011e-05
3.08798e-05
1.76691e-05
1.53675e-05
1.38778e-05
1.75757e-05
1.82367e-05
2.39512e-05
3.70938e-05
4.14124e-05
4.72589e-05
5.51526e-05
5.83327e-05
6.01267e-05
6.20742e-05
6.06098e-05
6.00137e-05
5.82661e-05
5.04801e-05
4.88082e-05
4.55492e-05
1.42518e-05
1.29672e-05
1.07267e-05
0.000150342
0.000129299
9.13617e-05
9.03659e-05
7.21214e-05
4.25187e-05
3.91228e-05
2.85068e-05
1.69107e-05
1.49012e-05
1.41162e-05
1.91501e-05
2.00124e-05
2.62407e-05
3.96394e-05
4.38752e-05
4.94445e-05
5.69015e-05
5.97398e-05
6.13951e-05
6.3101e-05
6.1259e-05
6.0587e-05
5.87278e-05
5.06331e-05
4.89407e-05
4.565e-05
1.42343e-05
1.29499e-05
1.07101e-05
0.000146071
0.0001249
8.67247e-05
8.60767e-05
6.79821e-05
3.91983e-05
3.62344e-05
2.63658e-05
1.63997e-05
1.46381e-05
1.45594e-05
2.09217e-05
2.19613e-05
2.86455e-05
4.21541e-05
4.62704e-05
5.15522e-05
5.86059e-05
6.11029e-05
6.26236e-05
6.40949e-05
6.18808e-05
6.11379e-05
5.9172e-05
5.07766e-05
4.90644e-05
4.57431e-05
1.42159e-05
1.29318e-05
1.06926e-05
0.000141944
0.000120611
8.2188e-05
8.18876e-05
6.39588e-05
3.61212e-05
3.35526e-05
2.4466e-05
1.61336e-05
1.45777e-05
1.52093e-05
2.28808e-05
2.40721e-05
3.11436e-05
4.46284e-05
4.8592e-05
5.35871e-05
6.02706e-05
6.24257e-05
6.38139e-05
6.50586e-05
6.24775e-05
6.1668e-05
5.95998e-05
5.09109e-05
4.91798e-05
4.58289e-05
1.41966e-05
1.29127e-05
1.06739e-05
0.000137964
0.000116436
7.77636e-05
7.78117e-05
6.00693e-05
3.33079e-05
3.10927e-05
2.28143e-05
1.61106e-05
1.472e-05
1.60682e-05
2.50145e-05
2.63305e-05
3.37122e-05
4.70568e-05
5.0838e-05
5.55559e-05
6.18991e-05
6.37109e-05
6.49676e-05
6.59949e-05
6.30513e-05
6.21788e-05
6.00124e-05
5.10366e-05
4.92873e-05
4.59077e-05
1.41764e-05
1.28926e-05
1.06542e-05
0.000134123
0.00011238
7.34667e-05
7.38632e-05
5.63339e-05
3.07762e-05
2.88684e-05
2.14154e-05
1.63298e-05
1.50661e-05
1.71384e-05
2.7307e-05
2.87194e-05
3.63291e-05
4.94376e-05
5.30098e-05
5.74663e-05
6.34941e-05
6.49604e-05
6.60866e-05
6.69068e-05
6.36044e-05
6.26717e-05
6.04114e-05
5.11543e-05
4.93876e-05
4.59803e-05
1.41551e-05
1.28714e-05
1.06334e-05
0.000130417
0.000108451
6.93084e-05
7.00567e-05
5.27753e-05
2.85398e-05
2.68905e-05
2.02714e-05
1.67916e-05
1.56181e-05
1.84213e-05
2.97402e-05
3.12198e-05
3.89734e-05
5.17718e-05
5.51114e-05
5.9326e-05
6.50579e-05
6.6176e-05
6.71732e-05
6.77968e-05
6.41388e-05
6.31483e-05
6.07983e-05
5.12647e-05
4.94813e-05
4.60474e-05
1.41327e-05
1.28492e-05
1.06115e-05
0.000126833
0.000104651
6.53031e-05
6.64076e-05
4.94162e-05
2.66079e-05
2.51662e-05
1.93823e-05
1.74973e-05
1.63787e-05
1.99172e-05
3.22943e-05
3.38116e-05
4.16269e-05
5.4063e-05
5.71491e-05
6.11423e-05
6.65928e-05
6.73596e-05
6.82303e-05
6.86677e-05
6.46565e-05
6.36101e-05
6.11748e-05
5.13689e-05
4.95693e-05
4.61102e-05
1.41093e-05
1.2826e-05
1.05886e-05
0.000123354
0.000100974
6.1472e-05
6.29306e-05
4.62781e-05
2.49848e-05
2.36996e-05
1.87469e-05
1.84486e-05
1.73512e-05
2.16241e-05
3.49488e-05
3.64742e-05
4.4274e-05
5.63163e-05
5.91303e-05
6.29219e-05
6.81013e-05
6.85133e-05
6.92608e-05
6.95222e-05
6.51596e-05
6.40591e-05
6.15428e-05
5.14679e-05
4.96527e-05
4.61698e-05
1.4085e-05
1.28018e-05
1.05648e-05
0.000119959
9.74256e-05
5.78357e-05
5.96394e-05
4.33736e-05
2.36708e-05
2.24913e-05
1.83629e-05
1.96473e-05
1.85385e-05
2.35379e-05
3.76831e-05
3.91875e-05
4.69032e-05
5.85374e-05
6.10633e-05
6.46707e-05
6.95863e-05
6.96397e-05
7.02684e-05
7.03631e-05
6.565e-05
6.44972e-05
6.19044e-05
5.15629e-05
4.97327e-05
4.62277e-05
1.40597e-05
1.27767e-05
1.05403e-05
0.000116626
9.40092e-05
5.44137e-05
5.65452e-05
4.07133e-05
2.26629e-05
2.15397e-05
1.82282e-05
2.10946e-05
1.99435e-05
2.56517e-05
4.04778e-05
4.19331e-05
4.95071e-05
6.07319e-05
6.29566e-05
6.63938e-05
7.10511e-05
7.0742e-05
7.12568e-05
7.11934e-05
6.61301e-05
6.49267e-05
6.22619e-05
5.16552e-05
4.98106e-05
4.62856e-05
1.40337e-05
1.27509e-05
1.05153e-05
0.000113331
9.07153e-05
5.12224e-05
5.36568e-05
3.83085e-05
2.19558e-05
2.08411e-05
1.83411e-05
2.27897e-05
2.15691e-05
2.79543e-05
4.33156e-05
4.46945e-05
5.2081e-05
6.29062e-05
6.48184e-05
6.80958e-05
7.24997e-05
7.18239e-05
7.22299e-05
7.20162e-05
6.66022e-05
6.53501e-05
6.26178e-05
5.17462e-05
4.9888e-05
4.63452e-05
1.40069e-05
1.27246e-05
1.04902e-05
0.000110047
8.74686e-05
4.8279e-05
5.098e-05
3.61894e-05
2.15436e-05
2.03913e-05
1.87017e-05
2.47292e-05
2.34159e-05
3.04326e-05
4.61816e-05
4.74585e-05
5.46237e-05
6.50663e-05
6.66567e-05
6.97811e-05
7.39363e-05
7.28898e-05
7.31921e-05
7.28349e-05
6.70691e-05
6.57702e-05
6.29747e-05
5.18374e-05
4.99666e-05
4.64085e-05
1.39797e-05
1.26979e-05
1.04652e-05
0.000106755
8.42433e-05
4.56025e-05
4.85175e-05
3.4358e-05
2.14208e-05
2.01863e-05
1.93113e-05
2.69065e-05
2.54817e-05
3.30716e-05
4.90642e-05
5.02153e-05
5.7137e-05
6.72179e-05
6.84788e-05
7.14536e-05
7.5366e-05
7.39444e-05
7.41478e-05
7.36534e-05
6.75336e-05
6.61898e-05
6.33358e-05
5.19306e-05
5.00481e-05
4.64778e-05
1.3952e-05
1.26711e-05
1.04408e-05
0.000103437
8.10362e-05
4.31788e-05
4.62691e-05
3.28109e-05
2.15823e-05
2.02231e-05
2.01723e-05
2.93112e-05
2.77618e-05
3.58545e-05
5.19553e-05
5.29585e-05
5.96253e-05
6.93658e-05
7.02915e-05
7.31174e-05
7.67936e-05
7.49931e-05
7.51014e-05
7.44755e-05
6.79991e-05
6.66124e-05
6.37041e-05
5.20275e-05
5.01346e-05
4.65555e-05
1.39241e-05
1.26443e-05
1.04172e-05
0.000100087
7.78817e-05
4.10213e-05
4.42325e-05
3.15303e-05
2.20243e-05
2.04998e-05
2.12883e-05
3.19283e-05
3.02474e-05
3.87645e-05
5.48495e-05
5.56858e-05
6.20949e-05
7.1514e-05
7.21012e-05
7.47773e-05
7.82241e-05
7.60415e-05
7.60577e-05
7.53058e-05
6.84689e-05
6.70412e-05
6.40832e-05
5.21302e-05
5.02284e-05
4.6644e-05
1.38962e-05
1.2618e-05
1.03951e-05
9.67082e-05
7.47922e-05
3.91617e-05
4.24039e-05
3.05053e-05
2.27444e-05
2.10165e-05
2.26628e-05
3.47389e-05
3.29278e-05
4.17833e-05
5.77445e-05
5.83982e-05
6.45535e-05
7.36663e-05
7.39139e-05
7.64381e-05
7.96625e-05
7.70951e-05
7.70213e-05
7.61485e-05
6.8947e-05
6.74799e-05
6.44767e-05
5.22407e-05
5.03316e-05
4.6746e-05
1.38683e-05
1.25923e-05
1.03748e-05
9.33416e-05
7.1745e-05
3.75738e-05
4.07794e-05
2.97289e-05
2.37402e-05
2.17751e-05
2.42985e-05
3.77202e-05
3.57898e-05
4.48927e-05
6.06395e-05
6.10996e-05
6.70096e-05
7.5825e-05
7.57353e-05
7.81051e-05
8.11135e-05
7.81599e-05
7.79971e-05
7.70082e-05
6.94373e-05
6.79324e-05
6.4888e-05
5.23614e-05
5.04468e-05
4.68641e-05
1.38408e-05
1.25675e-05
1.03569e-05
8.99813e-05
6.87468e-05
3.62436e-05
3.93544e-05
2.91945e-05
2.50084e-05
2.27787e-05
2.61964e-05
4.08459e-05
3.88174e-05
4.80759e-05
6.35343e-05
6.37964e-05
6.9472e-05
7.79914e-05
7.75709e-05
7.97836e-05
8.25811e-05
7.92416e-05
7.89897e-05
7.7889e-05
6.99439e-05
6.84022e-05
6.5321e-05
5.24947e-05
5.05763e-05
4.70009e-05
1.38137e-05
1.25441e-05
1.03418e-05
8.66228e-05
6.58687e-05
3.51664e-05
3.81245e-05
2.88977e-05
2.65438e-05
2.40311e-05
2.83543e-05
4.40879e-05
4.1993e-05
5.1317e-05
6.64291e-05
6.6496e-05
7.19482e-05
8.01674e-05
7.94259e-05
8.1479e-05
8.40687e-05
8.03458e-05
8.00038e-05
7.87946e-05
7.04712e-05
6.8893e-05
6.57785e-05
5.26433e-05
5.07228e-05
4.71588e-05
1.37875e-05
1.25223e-05
1.03302e-05
8.3288e-05
6.31118e-05
3.43369e-05
3.70861e-05
2.88349e-05
2.8338e-05
2.55364e-05
3.07663e-05
4.7417e-05
4.52966e-05
5.46012e-05
6.93243e-05
6.9206e-05
7.44433e-05
8.23541e-05
8.1305e-05
8.3196e-05
8.55786e-05
8.14776e-05
8.10433e-05
7.97276e-05
7.1023e-05
6.94084e-05
6.62633e-05
5.28096e-05
5.08887e-05
4.73396e-05
1.37623e-05
1.25026e-05
1.03224e-05
7.99996e-05
6.04824e-05
3.375e-05
3.62374e-05
2.90041e-05
3.03786e-05
2.72975e-05
3.34226e-05
5.08028e-05
4.87068e-05
5.79159e-05
7.22192e-05
7.19335e-05
7.69608e-05
8.45517e-05
8.32122e-05
8.49384e-05
8.71116e-05
8.26413e-05
8.21119e-05
8.06895e-05
7.16032e-05
6.99513e-05
6.67767e-05
5.2996e-05
5.10763e-05
4.75444e-05
1.37384e-05
1.24854e-05
1.03191e-05
7.67797e-05
5.7995e-05
3.34007e-05
3.55775e-05
2.94047e-05
3.26487e-05
2.93155e-05
3.6307e-05
5.42189e-05
5.22013e-05
6.12502e-05
7.5111e-05
7.46838e-05
7.95018e-05
8.67588e-05
8.51505e-05
8.67088e-05
8.86669e-05
8.38403e-05
8.32119e-05
8.16801e-05
7.22149e-05
7.05238e-05
6.73189e-05
5.3205e-05
5.12873e-05
4.77736e-05
1.37164e-05
1.24712e-05
1.03205e-05
7.36482e-05
5.56609e-05
3.32851e-05
3.51083e-05
3.00367e-05
3.51263e-05
3.15887e-05
3.93981e-05
5.76417e-05
5.57582e-05
6.45945e-05
7.79947e-05
7.74597e-05
8.20652e-05
8.89719e-05
8.71211e-05
8.8508e-05
9.02416e-05
8.50765e-05
8.43443e-05
8.26971e-05
7.28602e-05
7.1127e-05
6.78886e-05
5.34385e-05
5.15225e-05
4.80261e-05
1.36966e-05
1.24604e-05
1.0327e-05
7.06238e-05
5.34917e-05
3.33987e-05
3.48339e-05
3.0902e-05
3.77865e-05
3.41146e-05
4.2667e-05
6.1051e-05
5.93559e-05
6.794e-05
8.08634e-05
8.02608e-05
8.46471e-05
9.11857e-05
8.91234e-05
9.03346e-05
9.18304e-05
8.63499e-05
8.55084e-05
8.37362e-05
7.35401e-05
7.17604e-05
6.84825e-05
5.36975e-05
5.17819e-05
4.82989e-05
1.36797e-05
1.24535e-05
1.03389e-05
6.77235e-05
5.15004e-05
3.37373e-05
3.47604e-05
3.2002e-05
4.06014e-05
3.68824e-05
4.60841e-05
6.44298e-05
6.29745e-05
7.12782e-05
8.37077e-05
8.30834e-05
8.72412e-05
9.33917e-05
9.11541e-05
9.21852e-05
9.34234e-05
8.76584e-05
8.67014e-05
8.47858e-05
7.42536e-05
7.24219e-05
6.90885e-05
5.39822e-05
5.20639e-05
4.85778e-05
1.36661e-05
1.2451e-05
1.03562e-05
6.49618e-05
4.96987e-05
3.42966e-05
3.48951e-05
3.33376e-05
4.35421e-05
3.98765e-05
4.96182e-05
6.77641e-05
6.65955e-05
7.46005e-05
8.65156e-05
8.59202e-05
8.98383e-05
9.55719e-05
9.32071e-05
9.40528e-05
9.49982e-05
8.89972e-05
8.79175e-05
8.58276e-05
7.49979e-05
7.31056e-05
6.96937e-05
5.42911e-05
5.23599e-05
4.88558e-05
1.36565e-05
1.24534e-05
1.03787e-05
6.2351e-05
4.80969e-05
3.50725e-05
3.52465e-05
3.49081e-05
4.65797e-05
4.30759e-05
5.3237e-05
7.10452e-05
7.02024e-05
7.78974e-05
8.92662e-05
8.87609e-05
9.24255e-05
9.77071e-05
9.52734e-05
9.59214e-05
9.65439e-05
9.03578e-05
8.91376e-05
8.68527e-05
7.57656e-05
7.37938e-05
7.02911e-05
5.46159e-05
5.26572e-05
4.91301e-05
1.36514e-05
1.24609e-05
1.04058e-05
5.99019e-05
4.67051e-05
3.60603e-05
3.58239e-05
3.6711e-05
4.96898e-05
4.64552e-05
5.69093e-05
7.42527e-05
7.37793e-05
8.11595e-05
9.19415e-05
9.15906e-05
9.49807e-05
9.97876e-05
9.73342e-05
9.777e-05
9.80506e-05
9.17185e-05
9.03501e-05
8.78519e-05
7.65375e-05
7.44806e-05
7.08734e-05
5.49423e-05
5.29534e-05
4.93973e-05
1.36514e-05
1.24733e-05
1.04368e-05
5.76252e-05
4.55326e-05
3.72529e-05
3.6637e-05
3.87413e-05
5.28441e-05
4.99851e-05
6.0608e-05
7.73697e-05
7.73113e-05
8.43689e-05
9.45336e-05
9.43855e-05
9.7485e-05
0.000101802
9.93683e-05
9.95868e-05
9.95081e-05
9.30658e-05
9.15452e-05
8.88162e-05
7.73052e-05
7.51588e-05
7.14338e-05
5.52665e-05
5.32452e-05
4.96536e-05
1.36563e-05
1.24904e-05
1.0471e-05
5.55314e-05
4.45885e-05
3.8639e-05
3.76945e-05
4.09899e-05
5.60044e-05
5.36348e-05
6.43054e-05
8.03928e-05
8.07816e-05
8.75035e-05
9.70352e-05
9.71232e-05
9.99297e-05
0.00010374
0.000101363
0.00010136
0.000100907
9.43884e-05
9.27124e-05
8.97371e-05
7.80599e-05
7.58206e-05
7.19657e-05
5.55843e-05
5.35288e-05
4.98955e-05
1.36661e-05
1.25119e-05
1.05077e-05
5.36324e-05
4.38801e-05
4.02124e-05
3.90032e-05
4.34449e-05
5.91474e-05
5.73709e-05
6.79601e-05
8.33196e-05
8.41698e-05
9.05538e-05
9.94407e-05
9.97905e-05
0.000102304
0.000105595
0.000103306
0.000103079
0.000102238
9.56752e-05
9.38416e-05
9.06072e-05
7.87928e-05
7.64586e-05
7.24634e-05
5.58913e-05
5.38004e-05
5.01197e-05
1.36803e-05
1.25371e-05
1.0546e-05
5.19401e-05
4.34166e-05
4.1962e-05
4.05648e-05
4.60889e-05
6.22546e-05
6.11485e-05
7.15493e-05
8.61487e-05
8.74697e-05
9.35138e-05
0.000101746
0.000102376
0.000104598
0.000107361
0.000105186
0.000104733
0.000103496
9.69159e-05
9.49229e-05
9.14205e-05
7.94958e-05
7.70653e-05
7.29224e-05
5.61832e-05
5.40561e-05
5.03238e-05
1.36984e-05
1.25656e-05
1.05852e-05
5.04671e-05
4.32035e-05
4.38736e-05
4.23785e-05
4.88977e-05
6.53117e-05
6.49301e-05
7.50522e-05
8.88789e-05
9.06763e-05
9.63772e-05
0.00010395
0.000104872
0.000106802
0.000109033
0.000106992
0.000106312
0.000104676
9.81011e-05
9.5948e-05
9.21726e-05
8.01617e-05
7.76346e-05
7.33395e-05
5.64563e-05
5.42925e-05
5.05061e-05
1.372e-05
1.25966e-05
1.06246e-05
4.92285e-05
4.3246e-05
4.59305e-05
4.44413e-05
5.18428e-05
6.83085e-05
6.86853e-05
7.84562e-05
9.15097e-05
9.37857e-05
9.91382e-05
0.00010605
0.000107272
0.000108908
0.000110611
0.000108717
0.000107808
0.000105775
9.92233e-05
9.69098e-05
9.2861e-05
8.07847e-05
7.81611e-05
7.37129e-05
5.67075e-05
5.4507e-05
5.06658e-05
1.37444e-05
1.26295e-05
1.06635e-05
4.82404e-05
4.35534e-05
4.81142e-05
4.67426e-05
5.48958e-05
7.1238e-05
7.23865e-05
8.1755e-05
9.40413e-05
9.67941e-05
0.000101793
0.000108047
0.00010957
0.000110912
0.000112093
0.000110353
0.000109218
0.000106792
0.000100277
9.7803e-05
9.3485e-05
8.13607e-05
7.86409e-05
7.40421e-05
5.69347e-05
5.46978e-05
5.08028e-05
1.37708e-05
1.26635e-05
1.07014e-05
4.75175e-05
4.41289e-05
5.04055e-05
4.92652e-05
5.80274e-05
7.40957e-05
7.60115e-05
8.49455e-05
9.64744e-05
9.96981e-05
0.000104338
0.000109944
0.000111761
0.000112813
0.000113481
0.000111897
0.000110536
0.000107728
0.000101257
9.86247e-05
9.40454e-05
8.1887e-05
7.90717e-05
7.43282e-05
5.71368e-05
5.4864e-05
5.09179e-05
1.37988e-05
1.26979e-05
1.07377e-05
4.70688e-05
4.49702e-05
5.27848e-05
5.19855e-05
6.12091e-05
7.68792e-05
7.95436e-05
8.80267e-05
9.88102e-05
0.000102495
0.000106772
0.000111742
0.000113845
0.000114609
0.000114776
0.000113345
0.000111764
0.000108585
0.000102162
9.93738e-05
9.45443e-05
8.23623e-05
7.94529e-05
7.4573e-05
5.73139e-05
5.50057e-05
5.10124e-05
1.38276e-05
1.27321e-05
1.07722e-05
4.69043e-05
4.60699e-05
5.52333e-05
5.48756e-05
6.4414e-05
7.95874e-05
8.29712e-05
9.09995e-05
0.000101051
0.000105182
0.000109096
0.000113444
0.00011582
0.000116302
0.000115982
0.000114697
0.000112901
0.000109365
0.000102991
0.000100051
9.49847e-05
8.27863e-05
7.97854e-05
7.47793e-05
5.74663e-05
5.51236e-05
5.1088e-05
1.38567e-05
1.27655e-05
1.08045e-05
4.70301e-05
4.74163e-05
5.77331e-05
5.79047e-05
6.76175e-05
8.22201e-05
8.62873e-05
9.38654e-05
0.000103198
0.000107758
0.000111311
0.000115053
0.000117687
0.000117893
0.000117103
0.000115954
0.000113951
0.000110073
0.000103745
0.000100658
9.53707e-05
8.31604e-05
8.00714e-05
7.49504e-05
5.75955e-05
5.52194e-05
5.11469e-05
1.38857e-05
1.27977e-05
1.08346e-05
4.74469e-05
4.89938e-05
6.02678e-05
6.104e-05
7.07985e-05
8.47779e-05
8.94887e-05
9.66266e-05
0.000105256
0.000110224
0.00011342
0.000116575
0.000119448
0.000119387
0.000118142
0.000117119
0.000114915
0.000110713
0.000104426
0.000101199
9.57063e-05
8.34863e-05
8.0314e-05
7.509e-05
5.77028e-05
5.52951e-05
5.11913e-05
1.39143e-05
1.28284e-05
1.08623e-05
4.81512e-05
5.07834e-05
6.28228e-05
6.42483e-05
7.39389e-05
8.72615e-05
9.2575e-05
9.92856e-05
0.000107226
0.000112578
0.000115425
0.000118012
0.000121108
0.000120785
0.000119106
0.000118195
0.000115798
0.00011129
0.000105038
0.000101678
9.59963e-05
8.37672e-05
8.05169e-05
7.52017e-05
5.77903e-05
5.53531e-05
5.12233e-05
1.39421e-05
1.28574e-05
1.08877e-05
4.91344e-05
5.27638e-05
6.53854e-05
6.74978e-05
7.70244e-05
8.96719e-05
9.5548e-05
0.000101845
0.000109113
0.000114824
0.00011733
0.000119368
0.000122669
0.000122093
0.000119998
0.000119186
0.000116604
0.000111809
0.000105584
0.000102099
9.62453e-05
8.40062e-05
8.0684e-05
7.52892e-05
5.78601e-05
5.53958e-05
5.12452e-05
1.39688e-05
1.28846e-05
1.09108e-05
5.0384e-05
5.49117e-05
6.79446e-05
7.07587e-05
8.00441e-05
9.20102e-05
9.84107e-05
0.000104306
0.000110918
0.000116965
0.000119139
0.000120648
0.000124136
0.000123315
0.000120823
0.000120096
0.00011734
0.000112275
0.000106069
0.000102468
9.64577e-05
8.42072e-05
8.08194e-05
7.5356e-05
5.79143e-05
5.54257e-05
5.12589e-05
1.39945e-05
1.29099e-05
1.09318e-05
5.18836e-05
5.72021e-05
7.04912e-05
7.4005e-05
8.29898e-05
9.42775e-05
0.000101167
0.000106673
0.000112647
0.000119003
0.000120857
0.000121856
0.000125514
0.000124456
0.000121587
0.000120932
0.000118009
0.000112693
0.000106498
0.000102789
9.66378e-05
8.43739e-05
8.09272e-05
7.54055e-05
5.79551e-05
5.5445e-05
5.12661e-05
1.4019e-05
1.29334e-05
1.09508e-05
5.36134e-05
5.961e-05
7.30175e-05
7.72144e-05
8.58564e-05
9.64749e-05
0.00010382
0.000108946
0.000114301
0.000120943
0.000122487
0.000122996
0.000126806
0.000125521
0.000122292
0.000121698
0.000118618
0.000113067
0.000106876
0.000103068
9.67899e-05
8.45104e-05
8.10111e-05
7.54404e-05
5.79847e-05
5.54558e-05
5.12683e-05
1.40422e-05
1.2955e-05
1.09679e-05
5.55511e-05
6.21106e-05
7.55174e-05
8.0369e-05
8.86406e-05
9.86038e-05
0.000106374
0.00011113
0.000115884
0.000122789
0.000124034
0.000124072
0.000128019
0.000126514
0.000122945
0.0001224
0.00011917
0.000113402
0.000107207
0.000103308
9.69174e-05
8.46204e-05
8.1075e-05
7.54634e-05
5.80049e-05
5.546e-05
5.12668e-05
1.40643e-05
1.2975e-05
1.09834e-05
5.76719e-05
6.46804e-05
7.79856e-05
8.34553e-05
9.13411e-05
0.000100665
0.000108833
0.000113225
0.000117399
0.000124546
0.000125501
0.000125087
0.000129156
0.000127441
0.000123548
0.000123042
0.000119671
0.000113701
0.000107497
0.000103515
9.70237e-05
8.47073e-05
8.11219e-05
7.54767e-05
5.80174e-05
5.54592e-05
5.12625e-05
1.40851e-05
1.29935e-05
1.09974e-05
5.99495e-05
6.72971e-05
8.0418e-05
8.64638e-05
9.39576e-05
0.000102661
0.0001112
0.000115236
0.000118849
0.000126219
0.000126893
0.000126044
0.000130223
0.000128305
0.000124106
0.000123629
0.000120126
0.000113969
0.00010775
0.000103693
9.71117e-05
8.47745e-05
8.11548e-05
7.54821e-05
5.80237e-05
5.54548e-05
5.12563e-05
1.41049e-05
1.30105e-05
1.10101e-05
6.23567e-05
6.99405e-05
8.28113e-05
8.93884e-05
9.64908e-05
0.000104592
0.000113477
0.000117163
0.000120236
0.000127812
0.000128213
0.000126947
0.000131224
0.000129112
0.000124622
0.000124165
0.000120539
0.000114208
0.000107969
0.000103845
9.71838e-05
8.48248e-05
8.11764e-05
7.54814e-05
5.80252e-05
5.54478e-05
5.12489e-05
1.41235e-05
1.30263e-05
1.10216e-05
6.4867e-05
7.25927e-05
8.51625e-05
9.2226e-05
9.89423e-05
0.000106461
0.000115668
0.000119011
0.000121562
0.000129329
0.000129465
0.0001278
0.000132163
0.000129864
0.000125099
0.000124656
0.000120914
0.000114421
0.000108159
0.000103975
9.72424e-05
8.48609e-05
8.11887e-05
7.54757e-05
5.80227e-05
5.54391e-05
5.12407e-05
1.41412e-05
1.30409e-05
1.10321e-05
6.7455e-05
7.52377e-05
8.74693e-05
9.49757e-05
0.000101314
0.000108268
0.000117776
0.000120782
0.000122831
0.000130773
0.000130652
0.000128604
0.000133044
0.000130566
0.000125541
0.000125104
0.000121254
0.000114612
0.000108323
0.000104086
9.72894e-05
8.48851e-05
8.11935e-05
7.54662e-05
5.80174e-05
5.54293e-05
5.12322e-05
1.4158e-05
1.30546e-05
1.10417e-05
7.00966e-05
7.78625e-05
8.973e-05
9.76383e-05
0.000103607
0.000110015
0.000119802
0.000122479
0.000124044
0.00013215
0.000131778
0.000129362
0.000133871
0.000131221
0.000125949
0.000125514
0.000121563
0.000114782
0.000108465
0.00010418
9.73264e-05
8.48993e-05
8.11926e-05
7.54538e-05
5.80098e-05
5.54191e-05
5.12235e-05
1.4174e-05
1.30673e-05
1.10506e-05
7.27696e-05
8.0456e-05
9.19429e-05
0.000100216
0.000105824
0.000111704
0.00012175
0.000124105
0.000125204
0.000133461
0.000132845
0.000130078
0.000134648
0.000131833
0.000126326
0.000125889
0.000121843
0.000114933
0.000108586
0.000104259
9.73548e-05
8.49053e-05
8.1187e-05
7.54391e-05
5.80006e-05
5.54088e-05
5.1215e-05
1.41891e-05
1.30793e-05
1.10587e-05
7.54543e-05
8.30095e-05
9.41068e-05
0.00010271
0.000107966
0.000113337
0.000123622
0.000125661
0.000126314
0.00013471
0.000133858
0.000130753
0.000135377
0.000132404
0.000126675
0.000126233
0.000122098
0.000115068
0.00010869
0.000104326
9.7376e-05
8.49045e-05
8.11778e-05
7.54229e-05
5.79902e-05
5.53986e-05
5.12067e-05
1.42035e-05
1.30905e-05
1.10662e-05
7.81333e-05
8.55162e-05
9.62208e-05
0.000105125
0.000110037
0.000114915
0.000125421
0.000127153
0.000127375
0.000135901
0.000134817
0.00013139
0.000136063
0.000132937
0.000126998
0.000126547
0.00012233
0.000115187
0.000108779
0.000104381
9.73908e-05
8.48982e-05
8.11659e-05
7.54054e-05
5.7979e-05
5.53887e-05
5.11987e-05
1.42173e-05
1.31011e-05
1.10733e-05
8.07918e-05
8.79711e-05
9.82841e-05
0.000107463
0.000112037
0.00011644
0.00012715
0.000128581
0.000128389
0.000137035
0.000135727
0.000131991
0.000136707
0.000133435
0.000127297
0.000126835
0.00012254
0.000115293
0.000108855
0.000104428
9.74002e-05
8.48875e-05
8.11518e-05
7.5387e-05
5.79672e-05
5.53792e-05
5.1191e-05
1.42304e-05
1.31112e-05
1.10799e-05
8.34179e-05
9.03707e-05
0.000100296
0.000109725
0.000113968
0.000117914
0.00012881
0.000129948
0.000129359
0.000138116
0.000136589
0.000132558
0.000137313
0.000133899
0.000127572
0.000127099
0.00012273
0.000115387
0.000108918
0.000104466
9.74048e-05
8.48733e-05
8.11363e-05
7.53681e-05
5.79552e-05
5.53703e-05
5.11836e-05
1.42429e-05
1.31208e-05
1.10861e-05
8.60019e-05
9.27126e-05
0.000102257
0.000111916
0.000115833
0.000119337
0.000130406
0.000131257
0.000130287
0.000139146
0.000137407
0.000133092
0.000137882
0.000134333
0.000127827
0.000127342
0.000122903
0.00011547
0.000108972
0.000104496
9.74055e-05
8.48562e-05
8.11195e-05
7.53487e-05
5.7943e-05
5.53618e-05
5.11766e-05
1.42549e-05
1.313e-05
1.10919e-05
8.85362e-05
9.49957e-05
0.000104167
0.000114036
0.000117633
0.000120712
0.000131939
0.000132511
0.000131173
0.000140127
0.000138181
0.000133597
0.000138418
0.000134737
0.000128063
0.000127564
0.00012306
0.000115543
0.000109017
0.00010452
9.74025e-05
8.4837e-05
8.11019e-05
7.53291e-05
5.79309e-05
5.53538e-05
5.11699e-05
1.42664e-05
1.31387e-05
1.10975e-05
9.10156e-05
9.72194e-05
0.000106025
0.000116088
0.000119371
0.00012204
0.000133411
0.00013371
0.000132021
0.000141062
0.000138915
0.000134072
0.000138922
0.000135115
0.00012828
0.000127768
0.000123202
0.000115606
0.000109055
0.000104539
9.73965e-05
8.48161e-05
8.10837e-05
7.53093e-05
5.79188e-05
5.53463e-05
5.11636e-05
1.42773e-05
1.31471e-05
1.11028e-05
9.34364e-05
9.93839e-05
0.000107833
0.000118073
0.000121047
0.000123322
0.000134826
0.000134859
0.000132831
0.000141953
0.000139611
0.000134521
0.000139396
0.000135467
0.00012848
0.000127956
0.000123331
0.000115661
0.000109085
0.000104553
9.73878e-05
8.4794e-05
8.1065e-05
7.52895e-05
5.7907e-05
5.53392e-05
5.11575e-05
1.42879e-05
1.31552e-05
1.11078e-05
9.57962e-05
0.00010149
0.000109591
0.000119992
0.000122664
0.000124559
0.000136184
0.000135958
0.000133606
0.000142801
0.00014027
0.000134944
0.000139843
0.000135796
0.000128665
0.000128129
0.000123447
0.000115709
0.00010911
0.000104562
9.73767e-05
8.4771e-05
8.10461e-05
7.52696e-05
5.78954e-05
5.53326e-05
5.11516e-05
1.42979e-05
1.31629e-05
1.11126e-05
9.80941e-05
0.000103538
0.000111299
0.000121848
0.000124223
0.000125754
0.000137489
0.00013701
0.000134347
0.00014361
0.000140894
0.000135342
0.000140263
0.000136102
0.000128835
0.000128288
0.000123552
0.000115749
0.00010913
0.000104568
9.73636e-05
8.47475e-05
8.10269e-05
7.52499e-05
5.7884e-05
5.53262e-05
5.11461e-05
1.43076e-05
1.31703e-05
1.11172e-05
0.00010033
0.000105529
0.000112958
0.000123642
0.000125727
0.000126907
0.000138742
0.000138016
0.000135055
0.000144379
0.000141485
0.000135718
0.000140659
0.000136388
0.000128991
0.000128434
0.000123646
0.000115783
0.000109146
0.00010457
9.73486e-05
8.47237e-05
8.10077e-05
7.52301e-05
5.7873e-05
5.53201e-05
5.11407e-05
1.43169e-05
1.31774e-05
1.11216e-05
0.000102504
0.000107465
0.00011457
0.000125374
0.000127177
0.000128019
0.000139944
0.000138979
0.000135732
0.000145113
0.000142044
0.000136073
0.000141031
0.000136654
0.000129135
0.000128569
0.00012373
0.000115812
0.000109157
0.000104569
9.73319e-05
8.46997e-05
8.09884e-05
7.52105e-05
5.78623e-05
5.53143e-05
5.11355e-05
1.43258e-05
1.31843e-05
1.11259e-05
0.000104617
0.000109346
0.000116134
0.000127046
0.000128574
0.000129093
0.000141098
0.0001399
0.000136379
0.000145811
0.000142574
0.000136407
0.000141382
0.000136902
0.000129267
0.000128693
0.000123806
0.000115835
0.000109166
0.000104566
9.73139e-05
8.46758e-05
8.09692e-05
7.5191e-05
5.7852e-05
5.53087e-05
5.11304e-05
1.43343e-05
1.31909e-05
1.113e-05
0.000106672
0.000111175
0.000117653
0.000128661
0.000129922
0.000130128
0.000142205
0.00014078
0.000136998
0.000146476
0.000143075
0.000136722
0.000141712
0.000137132
0.000129388
0.000128807
0.000123874
0.000115853
0.000109171
0.00010456
9.72946e-05
8.46519e-05
8.095e-05
7.51716e-05
5.7842e-05
5.53032e-05
5.11255e-05
1.43425e-05
1.31973e-05
1.11339e-05
0.000108668
0.000112952
0.000119126
0.000130218
0.00013122
0.000131126
0.000143267
0.000141623
0.000137589
0.000147108
0.00014355
0.000137019
0.000142023
0.000137347
0.000129499
0.000128911
0.000123934
0.000115867
0.000109174
0.000104552
9.72742e-05
8.46283e-05
8.09308e-05
7.51523e-05
5.78324e-05
5.5298e-05
5.11207e-05
1.43504e-05
1.32034e-05
1.11377e-05
0.000110607
0.000114679
0.000120556
0.000131721
0.000132472
0.000132089
0.000144285
0.000142428
0.000138154
0.000147711
0.000143999
0.000137299
0.000142316
0.000137547
0.000129601
0.000129008
0.000123988
0.000115877
0.000109174
0.000104542
9.72529e-05
8.46051e-05
8.09117e-05
7.51332e-05
5.78231e-05
5.52928e-05
5.11161e-05
1.4358e-05
1.32093e-05
1.11413e-05
0.000112492
0.000116356
0.000121942
0.000133169
0.000133678
0.000133017
0.000145261
0.000143198
0.000138694
0.000148284
0.000144424
0.000137562
0.000142591
0.000137732
0.000129693
0.000129097
0.000124034
0.000115884
0.000109173
0.00010453
9.72307e-05
8.45821e-05
8.08927e-05
7.51143e-05
5.78141e-05
5.52878e-05
5.11115e-05
1.43652e-05
1.3215e-05
1.11449e-05
0.000114324
0.000117986
0.000123286
0.000134566
0.00013484
0.000133912
0.000146196
0.000143934
0.00013921
0.000148829
0.000144825
0.00013781
0.00014285
0.000137904
0.000129778
0.000129178
0.000124075
0.000115887
0.00010917
0.000104517
9.72078e-05
8.45596e-05
8.08738e-05
7.50955e-05
5.78055e-05
5.52829e-05
5.11069e-05
1.43722e-05
1.32205e-05
1.11482e-05
0.000116103
0.000119569
0.000124589
0.000135911
0.00013596
0.000134774
0.000147092
0.000144637
0.000139703
0.000149347
0.000145205
0.000138044
0.000143094
0.000138064
0.000129855
0.000129253
0.000124111
0.000115886
0.000109165
0.000104502
9.71843e-05
8.45374e-05
8.08549e-05
7.50769e-05
5.77972e-05
5.5278e-05
5.11025e-05
1.4379e-05
1.32258e-05
1.11515e-05
0.000117832
0.000121106
0.000125852
0.000137208
0.000137039
0.000135605
0.00014795
0.00014531
0.000140174
0.000149839
0.000145564
0.000138264
0.000143324
0.000138212
0.000129924
0.000129321
0.000124141
0.000115884
0.000109159
0.000104487
9.71602e-05
8.45157e-05
8.08362e-05
7.50585e-05
5.77892e-05
5.52733e-05
5.10981e-05
1.43855e-05
1.32309e-05
1.11547e-05
0.000119512
0.000122599
0.000127075
0.000138458
0.000138078
0.000136405
0.000148772
0.000145952
0.000140624
0.000150308
0.000145903
0.000138471
0.000143539
0.000138349
0.000129987
0.000129384
0.000124167
0.000115878
0.000109151
0.00010447
9.71357e-05
8.44944e-05
8.08176e-05
7.50402e-05
5.77815e-05
5.52686e-05
5.10938e-05
1.43917e-05
1.32358e-05
1.11577e-05
0.000121144
0.000124048
0.000128261
0.000139662
0.00013908
0.000137176
0.000149558
0.000146566
0.000141053
0.000150752
0.000146223
0.000138665
0.000143741
0.000138476
0.000130044
0.000129441
0.000124189
0.00011587
0.000109142
0.000104452
9.71108e-05
8.44735e-05
8.0799e-05
7.50222e-05
5.7774e-05
5.52639e-05
5.10895e-05
1.43977e-05
1.32405e-05
1.11607e-05
0.000122729
0.000125455
0.000129409
0.000140821
0.000140044
0.000137919
0.000150311
0.000147152
0.000141463
0.000151174
0.000146526
0.000138848
0.000143931
0.000138593
0.000130095
0.000129493
0.000124206
0.00011586
0.000109133
0.000104433
9.70856e-05
8.4453e-05
8.07806e-05
7.50043e-05
5.77668e-05
5.52593e-05
5.10853e-05
1.44035e-05
1.32451e-05
1.11635e-05
0.000124268
0.000126821
0.000130521
0.000141938
0.000140973
0.000138634
0.00015103
0.000147712
0.000141855
0.000151575
0.000146812
0.00013902
0.000144109
0.000138701
0.00013014
0.00012954
0.000124219
0.000115848
0.000109122
0.000104413
9.70601e-05
8.44329e-05
8.07623e-05
7.49866e-05
5.77598e-05
5.52547e-05
5.10811e-05
1.44091e-05
1.32495e-05
1.11662e-05
0.000125762
0.000128145
0.000131598
0.000143013
0.000141868
0.000139323
0.000151719
0.000148247
0.000142229
0.000151956
0.000147081
0.000139182
0.000144276
0.0001388
0.00013018
0.000129582
0.00012423
0.000115835
0.00010911
0.000104392
9.70343e-05
8.44132e-05
8.0744e-05
7.49691e-05
5.77531e-05
5.52502e-05
5.1077e-05
1.44144e-05
1.32537e-05
1.11689e-05
0.000127213
0.000129431
0.00013264
0.000144048
0.00014273
0.000139986
0.000152377
0.000148757
0.000142585
0.000152316
0.000147336
0.000139333
0.000144433
0.000138892
0.000130216
0.00012962
0.000124236
0.000115819
0.000109098
0.000104371
9.70084e-05
8.43938e-05
8.07259e-05
7.49518e-05
5.77465e-05
5.52457e-05
5.10729e-05
1.44196e-05
1.32578e-05
1.11714e-05
0.00012862
0.000130678
0.000133648
0.000145045
0.000143559
0.000140624
0.000153006
0.000149245
0.000142926
0.000152658
0.000147575
0.000139475
0.000144579
0.000138975
0.000130247
0.000129654
0.00012424
0.000115802
0.000109085
0.000104349
9.69824e-05
8.43749e-05
8.07078e-05
7.49347e-05
5.77402e-05
5.52413e-05
5.10689e-05
1.44246e-05
1.32617e-05
1.11739e-05
0.000129986
0.000131887
0.000134624
0.000146004
0.000144358
0.000141237
0.000153607
0.00014971
0.00014325
0.000152982
0.000147801
0.000139609
0.000144715
0.000139052
0.000130274
0.000129685
0.000124241
0.000115784
0.000109071
0.000104326
9.69562e-05
8.43562e-05
8.06899e-05
7.49178e-05
5.7734e-05
5.52368e-05
5.10649e-05
1.44294e-05
1.32655e-05
1.11762e-05
0.000131311
0.000133059
0.000135568
0.000146927
0.000145127
0.000141828
0.000154182
0.000150155
0.00014356
0.000153289
0.000148014
0.000139733
0.000144843
0.000139121
0.000130296
0.000129711
0.00012424
0.000115765
0.000109056
0.000104303
9.693e-05
8.43379e-05
8.0672e-05
7.49011e-05
5.7728e-05
5.52324e-05
5.10609e-05
1.4434e-05
1.32692e-05
1.11785e-05
0.000132597
0.000134195
0.00013648
0.000147816
0.000145867
0.000142396
0.000154731
0.000150578
0.000143855
0.000153579
0.000148214
0.00013985
0.000144961
0.000139185
0.000130316
0.000129734
0.000124235
0.000115744
0.000109041
0.000104279
9.69037e-05
8.43199e-05
8.06542e-05
7.48846e-05
5.77221e-05
5.52279e-05
5.1057e-05
1.44385e-05
1.32727e-05
1.11807e-05
0.000133843
0.000135297
0.000137363
0.000148671
0.00014658
0.000142942
0.000155254
0.000150983
0.000144136
0.000153854
0.000148402
0.000139958
0.000145072
0.000139242
0.000130331
0.000129754
0.000124229
0.000115722
0.000109025
0.000104255
9.68773e-05
8.43021e-05
8.06365e-05
7.48683e-05
5.77164e-05
5.52235e-05
5.10532e-05
1.44428e-05
1.32761e-05
1.11829e-05
0.000135051
0.000136364
0.000138216
0.000149493
0.000147265
0.000143467
0.000155755
0.000151368
0.000144404
0.000154114
0.000148579
0.00014006
0.000145174
0.000139293
0.000130343
0.000129771
0.000124221
0.000115699
0.000109009
0.000104231
9.6851e-05
8.42846e-05
8.0619e-05
7.48521e-05
5.77109e-05
5.52191e-05
5.10493e-05
1.4447e-05
1.32794e-05
1.11849e-05
0.000136223
0.000137398
0.00013904
0.000150285
0.000147925
0.000143972
0.000156232
0.000151736
0.000144659
0.000154359
0.000148746
0.000140154
0.000145269
0.000139339
0.000130353
0.000129784
0.00012421
0.000115675
0.000108992
0.000104206
9.68246e-05
8.42673e-05
8.06015e-05
7.48362e-05
5.77055e-05
5.52148e-05
5.10455e-05
1.4451e-05
1.32825e-05
1.11869e-05
0.000137359
0.0001384
0.000139837
0.000151046
0.000148559
0.000144457
0.000156687
0.000152086
0.000144901
0.00015459
0.000148902
0.000140242
0.000145357
0.00013938
0.000130359
0.000129795
0.000124198
0.000115651
0.000108974
0.000104181
9.67983e-05
8.42503e-05
8.05841e-05
7.48204e-05
5.77002e-05
5.52104e-05
5.10418e-05
1.44548e-05
1.32855e-05
1.11888e-05
0.000138459
0.000139371
0.000140607
0.000151778
0.000149169
0.000144923
0.000157122
0.00015242
0.000145132
0.000154809
0.000149048
0.000140323
0.000145437
0.000139417
0.000130362
0.000129803
0.000124184
0.000115625
0.000108956
0.000104155
9.67721e-05
8.42334e-05
8.05669e-05
7.48048e-05
5.7695e-05
5.5206e-05
5.10381e-05
1.44585e-05
1.32885e-05
1.11907e-05
0.000139526
0.00014031
0.00014135
0.000152481
0.000149756
0.00014537
0.000157536
0.000152739
0.000145352
0.000155015
0.000149185
0.000140399
0.000145512
0.000139448
0.000130363
0.000129809
0.000124168
0.000115599
0.000108938
0.00010413
9.67458e-05
8.42168e-05
8.05498e-05
7.47894e-05
5.76899e-05
5.52017e-05
5.10344e-05
1.44621e-05
1.32913e-05
1.11924e-05
0.00014056
0.00014122
0.000142069
0.000153158
0.00015032
0.0001458
0.000157931
0.000153041
0.00014556
0.000155209
0.000149312
0.000140468
0.00014558
0.000139476
0.000130362
0.000129812
0.00012415
0.000115573
0.000108919
0.000104104
9.67196e-05
8.42003e-05
8.05327e-05
7.47741e-05
5.76849e-05
5.51974e-05
5.10307e-05
1.44656e-05
1.3294e-05
1.11941e-05
0.000141561
0.000142101
0.000142762
0.000153808
0.000150862
0.000146212
0.000158307
0.00015333
0.000145758
0.000155391
0.000149432
0.000140532
0.000145642
0.000139499
0.000130358
0.000129813
0.000124132
0.000115545
0.000108899
0.000104078
9.66935e-05
8.4184e-05
8.05158e-05
7.4759e-05
5.768e-05
5.51931e-05
5.10271e-05
1.44689e-05
1.32966e-05
1.11958e-05
0.000142532
0.000142954
0.000143431
0.000154434
0.000151384
0.000146608
0.000158665
0.000153604
0.000145946
0.000155562
0.000149543
0.000140591
0.000145698
0.000139518
0.000130352
0.000129812
0.000124112
0.000115517
0.000108879
0.000104051
9.66675e-05
8.41678e-05
8.0499e-05
7.47441e-05
5.76752e-05
5.51888e-05
5.10236e-05
1.44721e-05
1.32991e-05
1.11974e-05
0.000143472
0.000143779
0.000144077
0.000155034
0.000151885
0.000146987
0.000159007
0.000153865
0.000146124
0.000155723
0.000149647
0.000140645
0.000145749
0.000139534
0.000130343
0.000129808
0.00012409
0.000115489
0.000108859
0.000104025
9.66415e-05
8.41518e-05
8.04824e-05
7.47294e-05
5.76705e-05
5.51846e-05
5.102e-05
1.44752e-05
1.33016e-05
1.11989e-05
0.000144383
0.000144578
0.000144701
0.000155612
0.000152366
0.000147351
0.000159331
0.000154113
0.000146293
0.000155874
0.000149743
0.000140693
0.000145795
0.000139546
0.000130333
0.000129803
0.000124068
0.00011546
0.000108838
0.000103998
9.66157e-05
8.41359e-05
8.04658e-05
7.47148e-05
5.76658e-05
5.51803e-05
5.10165e-05
1.44782e-05
1.33039e-05
1.12004e-05
0.000145266
0.000145351
0.000145303
0.000156167
0.000152828
0.0001477
0.00015964
0.000154348
0.000146452
0.000156015
0.000149832
0.000140738
0.000145836
0.000139555
0.000130321
0.000129795
0.000124044
0.00011543
0.000108817
0.000103972
9.65899e-05
8.41201e-05
8.04494e-05
7.47004e-05
5.76613e-05
5.51761e-05
5.1013e-05
1.44811e-05
1.33062e-05
1.12018e-05
0.000146121
0.000146099
0.000145883
0.0001567
0.000153272
0.000148035
0.000159934
0.000154572
0.000146603
0.000156147
0.000149914
0.000140777
0.000145872
0.00013956
0.000130307
0.000129786
0.000124019
0.0001154
0.000108796
0.000103945
9.65642e-05
8.41045e-05
8.04331e-05
7.46861e-05
5.76567e-05
5.51719e-05
5.10096e-05
1.44838e-05
1.33083e-05
1.12032e-05
0.000146949
0.000146822
0.000146443
0.000157212
0.000153698
0.000148355
0.000160214
0.000154784
0.000146746
0.000156271
0.00014999
0.000140813
0.000145904
0.000139563
0.000130291
0.000129775
0.000123994
0.00011537
0.000108774
0.000103918
9.65386e-05
8.40889e-05
8.04169e-05
7.46719e-05
5.76523e-05
5.51678e-05
5.10062e-05
1.44865e-05
1.33104e-05
1.12045e-05
0.000147752
0.000147523
0.000146983
0.000157703
0.000154107
0.000148662
0.000160479
0.000154985
0.000146881
0.000156385
0.00015006
0.000140844
0.000145932
0.000139563
0.000130274
0.000129762
0.000123967
0.000115339
0.000108752
0.000103891
9.65131e-05
8.40735e-05
8.04009e-05
7.4658e-05
5.76479e-05
5.51637e-05
5.10028e-05
1.44891e-05
1.33124e-05
1.12058e-05
0.00014853
0.0001482
0.000147504
0.000158175
0.0001545
0.000148956
0.000160731
0.000155176
0.000147008
0.000156492
0.000150124
0.000140872
0.000145955
0.00013956
0.000130255
0.000129748
0.000123939
0.000115308
0.000108729
0.000103864
9.64877e-05
8.40582e-05
8.03849e-05
7.46441e-05
5.76436e-05
5.51596e-05
5.09994e-05
1.44916e-05
1.33144e-05
1.1207e-05
0.000149284
0.000148855
0.000148006
0.000158629
0.000154876
0.000149237
0.00016097
0.000155357
0.000147128
0.000156591
0.000150182
0.000140896
0.000145974
0.000139555
0.000130235
0.000129732
0.000123911
0.000115277
0.000108707
0.000103837
9.64624e-05
8.4043e-05
8.03691e-05
7.46304e-05
5.76393e-05
5.51555e-05
5.09961e-05
1.4494e-05
1.33163e-05
1.12082e-05
0.000150014
0.000149489
0.00014849
0.000159064
0.000155238
0.000149506
0.000161197
0.000155527
0.00014724
0.000156683
0.000150235
0.000140916
0.00014599
0.000139547
0.000130213
0.000129715
0.000123882
0.000115245
0.000108684
0.00010381
9.64372e-05
8.40278e-05
8.03534e-05
7.46168e-05
5.76351e-05
5.51515e-05
5.09928e-05
1.44963e-05
1.33181e-05
1.12093e-05
0.000150721
0.000150102
0.000148957
0.000159482
0.000155584
0.000149763
0.000161412
0.000155689
0.000147345
0.000156768
0.000150283
0.000140933
0.000146002
0.000139537
0.00013019
0.000129697
0.000123852
0.000115213
0.00010866
0.000103783
9.64121e-05
8.40128e-05
8.03379e-05
7.46034e-05
5.76309e-05
5.51475e-05
5.09895e-05
1.44985e-05
1.33198e-05
1.12104e-05
0.000151407
0.000150695
0.000149406
0.000159883
0.000155917
0.000150009
0.000161615
0.000155841
0.000147444
0.000156846
0.000150326
0.000140947
0.000146011
0.000139524
0.000130166
0.000129677
0.000123822
0.000115181
0.000108637
0.000103756
9.63871e-05
8.39979e-05
8.03224e-05
7.45901e-05
5.76268e-05
5.51435e-05
5.09863e-05
1.45007e-05
1.33215e-05
1.12115e-05
0.000152071
0.000151268
0.000149839
0.000160268
0.000156235
0.000150243
0.000161808
0.000155985
0.000147537
0.000156917
0.000150364
0.000140957
0.000146017
0.00013951
0.000130141
0.000129656
0.000123791
0.000115149
0.000108613
0.000103729
9.63623e-05
8.3983e-05
8.03071e-05
7.45769e-05
5.76227e-05
5.51396e-05
5.0983e-05
1.45028e-05
1.33231e-05
1.12125e-05
0.000152715
0.000151822
0.000150257
0.000160638
0.00015654
0.000150468
0.00016199
0.000156121
0.000147623
0.000156983
0.000150397
0.000140965
0.00014602
0.000139493
0.000130114
0.000129633
0.000123759
0.000115116
0.000108589
0.000103701
9.63375e-05
8.39682e-05
8.02919e-05
7.45639e-05
5.76187e-05
5.51357e-05
5.09799e-05
1.45047e-05
1.33246e-05
1.12134e-05
0.000153339
0.000152359
0.000150659
0.000160992
0.000156833
0.000150681
0.000162162
0.000156248
0.000147704
0.000157042
0.000150427
0.000140969
0.000146019
0.000139475
0.000130087
0.00012961
0.000123727
0.000115084
0.000108565
0.000103674
9.63129e-05
8.39536e-05
8.02769e-05
7.4551e-05
5.76147e-05
5.51318e-05
5.09767e-05
1.45067e-05
1.33261e-05
1.12144e-05
0.000153944
0.000152877
0.000151046
0.000161332
0.000157113
0.000150885
0.000162325
0.000156368
0.000147779
0.000157096
0.000150452
0.000140971
0.000146016
0.000139455
0.000130058
0.000129586
0.000123694
0.000115051
0.000108541
0.000103647
9.62884e-05
8.3939e-05
8.0262e-05
7.45382e-05
5.76108e-05
5.5128e-05
5.09735e-05
1.45085e-05
1.33275e-05
1.12153e-05
0.000154529
0.000153378
0.000151419
0.000161658
0.000157381
0.00015108
0.000162478
0.00015648
0.000147848
0.000157144
0.000150473
0.00014097
0.00014601
0.000139433
0.000130028
0.00012956
0.000123661
0.000115017
0.000108516
0.00010362
9.6264e-05
8.39245e-05
8.02472e-05
7.45255e-05
5.76069e-05
5.51242e-05
5.09704e-05
1.45103e-05
1.33289e-05
1.12161e-05
0.000155097
0.000153863
0.000151778
0.000161971
0.000157637
0.000151265
0.000162623
0.000156586
0.000147912
0.000157188
0.00015049
0.000140967
0.000146002
0.000139409
0.000129998
0.000129534
0.000123627
0.000114984
0.000108492
0.000103593
9.62397e-05
8.391e-05
8.02325e-05
7.45129e-05
5.76031e-05
5.51204e-05
5.09673e-05
1.4512e-05
1.33303e-05
1.1217e-05
0.000155647
0.000154332
0.000152123
0.000162271
0.000157883
0.000151441
0.000162759
0.000156684
0.000147971
0.000157226
0.000150504
0.000140961
0.000145991
0.000139384
0.000129966
0.000129507
0.000123593
0.000114951
0.000108467
0.000103566
9.62155e-05
8.38957e-05
8.02179e-05
7.45005e-05
5.75993e-05
5.51167e-05
5.09643e-05
1.45137e-05
1.33315e-05
1.12177e-05
0.00015618
0.000154785
0.000152456
0.000162558
0.000158118
0.000151609
0.000162887
0.000156776
0.000148025
0.00015726
0.000150515
0.000140953
0.000145978
0.000139358
0.000129934
0.000129479
0.000123559
0.000114917
0.000108442
0.000103539
9.61914e-05
8.38814e-05
8.02035e-05
7.44881e-05
5.75955e-05
5.5113e-05
5.09612e-05
1.45153e-05
1.33328e-05
1.12185e-05
0.000156697
0.000155222
0.000152776
0.000162834
0.000158342
0.000151769
0.000163007
0.000156862
0.000148074
0.000157289
0.000150522
0.000140942
0.000145963
0.00013933
0.000129901
0.00012945
0.000123524
0.000114884
0.000108417
0.000103513
9.61675e-05
8.38672e-05
8.01892e-05
7.44759e-05
5.75918e-05
5.51094e-05
5.09582e-05
1.45168e-05
1.3334e-05
1.12192e-05
0.000157197
0.000155646
0.000153084
0.000163098
0.000158557
0.00015192
0.00016312
0.000156942
0.000148119
0.000157314
0.000150526
0.00014093
0.000145945
0.000139301
0.000129867
0.00012942
0.000123489
0.00011485
0.000108392
0.000103486
9.61437e-05
8.38531e-05
8.0175e-05
7.44638e-05
5.75881e-05
5.51058e-05
5.09552e-05
1.45183e-05
1.33351e-05
1.12199e-05
0.000157682
0.000156055
0.00015338
0.000163351
0.000158761
0.000152064
0.000163225
0.000157016
0.00014816
0.000157334
0.000150527
0.000140915
0.000145926
0.00013927
0.000129832
0.00012939
0.000123453
0.000114816
0.000108366
0.000103459
9.612e-05
8.38391e-05
8.01609e-05
7.44518e-05
5.75844e-05
5.51022e-05
5.09522e-05
1.45198e-05
1.33362e-05
1.12206e-05
0.000158152
0.00015645
0.000153665
0.000163593
0.000158957
0.000152201
0.000163324
0.000157084
0.000148196
0.000157351
0.000150525
0.000140899
0.000145905
0.000139239
0.000129797
0.000129359
0.000123418
0.000114782
0.000108341
0.000103432
9.60964e-05
8.38252e-05
8.0147e-05
7.44399e-05
5.75808e-05
5.50986e-05
5.09492e-05
1.45211e-05
1.33372e-05
1.12212e-05
0.000158607
0.000156832
0.000153938
0.000163825
0.000159144
0.00015233
0.000163416
0.000157147
0.000148229
0.000157364
0.00015052
0.000140881
0.000145882
0.000139206
0.000129761
0.000129327
0.000123382
0.000114748
0.000108316
0.000103406
9.60729e-05
8.38113e-05
8.01332e-05
7.44281e-05
5.75773e-05
5.50951e-05
5.09463e-05
1.45225e-05
1.33383e-05
1.12218e-05
0.000159047
0.000157201
0.000154201
0.000164046
0.000159322
0.000152452
0.000163501
0.000157205
0.000148257
0.000157374
0.000150512
0.00014086
0.000145857
0.000139172
0.000129725
0.000129295
0.000123345
0.000114714
0.00010829
0.00010338
9.60496e-05
8.37975e-05
8.01195e-05
7.44164e-05
5.75737e-05
5.50916e-05
5.09434e-05
1.45238e-05
1.33392e-05
1.12224e-05
0.000159474
0.000157557
0.000154454
0.000164258
0.000159492
0.000152568
0.000163581
0.000157258
0.000148282
0.00015738
0.000150502
0.000140839
0.00014583
0.000139137
0.000129688
0.000129262
0.000123309
0.00011468
0.000108265
0.000103353
9.60264e-05
8.37838e-05
8.01059e-05
7.44048e-05
5.75702e-05
5.50882e-05
5.09405e-05
1.4525e-05
1.33402e-05
1.1223e-05
0.000159888
0.000157901
0.000154697
0.000164461
0.000159653
0.000152677
0.000163654
0.000157306
0.000148304
0.000157382
0.00015049
0.000140815
0.000145802
0.000139101
0.00012965
0.000129229
0.000123272
0.000114646
0.000108239
0.000103327
9.60033e-05
8.37702e-05
8.00924e-05
7.43933e-05
5.75668e-05
5.50848e-05
5.09376e-05
1.45262e-05
1.33411e-05
1.12235e-05
0.000160288
0.000158234
0.00015493
0.000164655
0.000159807
0.00015278
0.000163722
0.000157349
0.000148321
0.000157382
0.000150475
0.00014079
0.000145773
0.000139065
0.000129612
0.000129195
0.000123235
0.000114612
0.000108213
0.000103301
9.59804e-05
8.37567e-05
8.00791e-05
7.43819e-05
5.75633e-05
5.50814e-05
5.09348e-05
1.45273e-05
1.3342e-05
1.1224e-05
0.000160675
0.000158555
0.000155154
0.00016484
0.000159953
0.000152877
0.000163785
0.000157389
0.000148336
0.000157378
0.000150459
0.000140764
0.000145742
0.000139027
0.000129573
0.00012916
0.000123199
0.000114578
0.000108188
0.000103275
9.59576e-05
8.37432e-05
8.00659e-05
7.43706e-05
5.75599e-05
5.50781e-05
5.09319e-05
1.45284e-05
1.33428e-05
1.12245e-05
0.00016105
0.000158864
0.000155369
0.000165017
0.000160093
0.000152968
0.000163842
0.000157424
0.000148347
0.000157372
0.00015044
0.000140736
0.00014571
0.000138989
0.000129534
0.000129126
0.000123161
0.000114544
0.000108162
0.000103249
9.59349e-05
8.37298e-05
8.00528e-05
7.43595e-05
5.75566e-05
5.50748e-05
5.09291e-05
1.45295e-05
1.33436e-05
1.1225e-05
0.000161413
0.000159163
0.000155575
0.000165186
0.000160225
0.000153054
0.000163894
0.000157455
0.000148356
0.000157363
0.000150418
0.000140706
0.000145677
0.000138949
0.000129495
0.00012909
0.000123124
0.00011451
0.000108136
0.000103223
9.59123e-05
8.37165e-05
8.00398e-05
7.43484e-05
5.75532e-05
5.50715e-05
5.09263e-05
1.45305e-05
1.33444e-05
1.12254e-05
0.000161764
0.000159452
0.000155772
0.000165347
0.00016035
0.000153134
0.000163942
0.000157482
0.000148361
0.000157351
0.000150396
0.000140676
0.000145642
0.00013891
0.000129455
0.000129055
0.000123087
0.000114476
0.00010811
0.000103197
9.58899e-05
8.37033e-05
8.00269e-05
7.43374e-05
5.75499e-05
5.50683e-05
5.09236e-05
1.45315e-05
1.33451e-05
1.12258e-05
0.000162103
0.00015973
0.000155961
0.0001655
0.000160469
0.00015321
0.000163984
0.000157505
0.000148364
0.000157337
0.000150371
0.000140644
0.000145606
0.000138869
0.000129415
0.000129019
0.00012305
0.000114442
0.000108085
0.000103172
9.58676e-05
8.36902e-05
8.00142e-05
7.43265e-05
5.75467e-05
5.50651e-05
5.09208e-05
1.45325e-05
1.33458e-05
1.12263e-05
0.000162431
0.000159998
0.000156143
0.000165646
0.000160582
0.00015328
0.000164023
0.000157524
0.000148364
0.00015732
0.000150344
0.000140611
0.000145569
0.000138828
0.000129375
0.000128983
0.000123012
0.000114408
0.000108059
0.000103146
9.58455e-05
8.36771e-05
8.00016e-05
7.43157e-05
5.75434e-05
5.50619e-05
5.09181e-05
1.45334e-05
1.33465e-05
1.12266e-05
0.000162748
0.000160256
0.000156316
0.000165785
0.000160688
0.000153345
0.000164057
0.000157541
0.000148361
0.000157301
0.000150316
0.000140577
0.000145532
0.000138786
0.000129334
0.000128946
0.000122975
0.000114374
0.000108033
0.000103121
9.58235e-05
8.36641e-05
7.99891e-05
7.4305e-05
5.75402e-05
5.50588e-05
5.09154e-05
1.45343e-05
1.33472e-05
1.1227e-05
0.000163055
0.000160505
0.000156482
0.000165917
0.000160788
0.000153405
0.000164087
0.000157553
0.000148356
0.00015728
0.000150286
0.000140541
0.000145493
0.000138744
0.000129293
0.000128909
0.000122937
0.00011434
0.000108007
0.000103096
9.58016e-05
8.36512e-05
7.99767e-05
7.42944e-05
5.7537e-05
5.50557e-05
5.09128e-05
1.45351e-05
1.33478e-05
1.12273e-05
0.000163351
0.000160745
0.000156641
0.000166043
0.000160883
0.000153461
0.000164113
0.000157563
0.000148348
0.000157257
0.000150255
0.000140505
0.000145453
0.000138701
0.000129251
0.000128872
0.000122899
0.000114306
0.000107982
0.000103071
9.57799e-05
8.36383e-05
7.99644e-05
7.42839e-05
5.75339e-05
5.50527e-05
5.09101e-05
1.45359e-05
1.33484e-05
1.12277e-05
0.000163637
0.000160975
0.000156792
0.000166162
0.000160972
0.000153513
0.000164135
0.000157569
0.000148338
0.000157232
0.000150222
0.000140468
0.000145412
0.000138657
0.00012921
0.000128835
0.000122862
0.000114273
0.000107956
0.000103046
9.57583e-05
8.36256e-05
7.99522e-05
7.42735e-05
5.75307e-05
5.50497e-05
5.09075e-05
1.45367e-05
1.3349e-05
1.1228e-05
0.000163913
0.000161197
0.000156937
0.000166274
0.000161056
0.00015356
0.000164154
0.000157573
0.000148326
0.000157205
0.000150188
0.00014043
0.000145371
0.000138613
0.000129168
0.000128797
0.000122824
0.000114239
0.00010793
0.000103021
9.57368e-05
8.36129e-05
7.99402e-05
7.42632e-05
5.75276e-05
5.50467e-05
5.09049e-05
1.45375e-05
1.33495e-05
1.12283e-05
0.000164179
0.000161411
0.000157075
0.000166381
0.000161135
0.000153604
0.000164169
0.000157573
0.000148312
0.000157176
0.000150152
0.000140391
0.000145329
0.000138569
0.000129126
0.000128759
0.000122786
0.000114206
0.000107905
0.000102996
9.57155e-05
8.36003e-05
7.99282e-05
7.4253e-05
5.75246e-05
5.50437e-05
5.09023e-05
1.45382e-05
1.33501e-05
1.12286e-05
0.000164436
0.000161616
0.000157206
0.000166482
0.000161208
0.000153643
0.000164181
0.000157571
0.000148296
0.000157145
0.000150115
0.000140351
0.000145286
0.000138524
0.000129084
0.000128721
0.000122749
0.000114172
0.000107879
0.000102972
9.56943e-05
8.35877e-05
7.99164e-05
7.42429e-05
5.75215e-05
5.50408e-05
5.08998e-05
1.45389e-05
1.33506e-05
1.12288e-05
0.000164683
0.000161813
0.000157332
0.000166577
0.000161277
0.000153678
0.000164189
0.000157567
0.000148278
0.000157113
0.000150077
0.00014031
0.000145242
0.000138479
0.000129042
0.000128683
0.000122711
0.000114139
0.000107854
0.000102947
9.56733e-05
8.35752e-05
7.99047e-05
7.42329e-05
5.75185e-05
5.50379e-05
5.08972e-05
1.45395e-05
1.33511e-05
1.12291e-05
0.000164921
0.000162002
0.000157451
0.000166666
0.000161341
0.00015371
0.000164194
0.000157559
0.000148257
0.000157079
0.000150038
0.000140269
0.000145197
0.000138434
0.000128999
0.000128645
0.000122674
0.000114106
0.000107828
0.000102923
9.56524e-05
8.35628e-05
7.9893e-05
7.4223e-05
5.75155e-05
5.50351e-05
5.08947e-05
1.45402e-05
1.33515e-05
1.12293e-05
0.000165151
0.000162184
0.000157564
0.00016675
0.0001614
0.000153738
0.000164196
0.000157549
0.000148235
0.000157043
0.000149998
0.000140227
0.000145152
0.000138388
0.000128956
0.000128606
0.000122636
0.000114072
0.000107803
0.000102899
9.56317e-05
8.35505e-05
7.98815e-05
7.42131e-05
5.75125e-05
5.50323e-05
5.08922e-05
1.45408e-05
1.3352e-05
1.12295e-05
0.000165372
0.000162358
0.000157671
0.000166829
0.000161455
0.000153763
0.000164195
0.000157537
0.000148212
0.000157006
0.000149956
0.000140184
0.000145107
0.000138342
0.000128914
0.000128568
0.000122598
0.000114039
0.000107777
0.000102875
9.56111e-05
8.35382e-05
7.98701e-05
7.42034e-05
5.75095e-05
5.50295e-05
5.08898e-05
1.45414e-05
1.33524e-05
1.12297e-05
0.000165584
0.000162525
0.000157773
0.000166903
0.000161506
0.000153785
0.000164192
0.000157522
0.000148186
0.000156967
0.000149914
0.00014014
0.000145061
0.000138295
0.000128871
0.000128529
0.000122561
0.000114006
0.000107752
0.000102851
9.55906e-05
8.3526e-05
7.98588e-05
7.41938e-05
5.75066e-05
5.50268e-05
5.08874e-05
1.4542e-05
1.33528e-05
1.12299e-05
0.000165788
0.000162684
0.000157869
0.000166972
0.000161552
0.000153803
0.000164185
0.000157506
0.000148159
0.000156927
0.00014987
0.000140096
0.000145014
0.000138249
0.000128828
0.00012849
0.000122524
0.000113974
0.000107727
0.000102827
9.55703e-05
8.35139e-05
7.98477e-05
7.41842e-05
5.75036e-05
5.5024e-05
5.08849e-05
1.45425e-05
1.33532e-05
1.12301e-05
0.000165984
0.000162837
0.000157959
0.000167036
0.000161594
0.000153818
0.000164176
0.000157487
0.00014813
0.000156886
0.000149826
0.000140051
0.000144967
0.000138202
0.000128785
0.000128451
0.000122486
0.000113941
0.000107701
0.000102803
9.55501e-05
8.35018e-05
7.98366e-05
7.41747e-05
5.75007e-05
5.50214e-05
5.08826e-05
1.4543e-05
1.33536e-05
1.12303e-05
0.000166173
0.000162983
0.000158045
0.000167095
0.000161633
0.000153829
0.000164164
0.000157466
0.0001481
0.000156844
0.000149781
0.000140006
0.000144919
0.000138155
0.000128742
0.000128412
0.000122449
0.000113908
0.000107676
0.00010278
9.55301e-05
8.34898e-05
7.98256e-05
7.41654e-05
5.74978e-05
5.50187e-05
5.08802e-05
1.45435e-05
1.33539e-05
1.12305e-05
0.000166353
0.000163122
0.000158125
0.00016715
0.000161667
0.000153838
0.00016415
0.000157443
0.000148069
0.0001568
0.000149735
0.00013996
0.000144871
0.000138107
0.000128698
0.000128373
0.000122412
0.000113876
0.000107651
0.000102757
9.55102e-05
8.34779e-05
7.98147e-05
7.41561e-05
5.74949e-05
5.50161e-05
5.08779e-05
1.4544e-05
1.33543e-05
1.12306e-05
0.000166526
0.000163254
0.000158201
0.000167201
0.000161698
0.000153844
0.000164134
0.000157418
0.000148035
0.000156755
0.000149688
0.000139914
0.000144822
0.00013806
0.000128655
0.000128333
0.000122375
0.000113844
0.000107626
0.000102733
9.54905e-05
8.3466e-05
7.98039e-05
7.41469e-05
5.74921e-05
5.50135e-05
5.08756e-05
1.45445e-05
1.33546e-05
1.12308e-05
0.000166691
0.000163381
0.000158272
0.000167247
0.000161725
0.000153847
0.000164115
0.000157391
0.000148001
0.00015671
0.00014964
0.000139867
0.000144774
0.000138012
0.000128612
0.000128294
0.000122337
0.000113811
0.000107601
0.00010271
9.54709e-05
8.34542e-05
7.97932e-05
7.41378e-05
5.74893e-05
5.50109e-05
5.08733e-05
1.45449e-05
1.33549e-05
1.12309e-05
0.00016685
0.000163501
0.000158338
0.000167289
0.000161748
0.000153848
0.000164094
0.000157362
0.000147965
0.000156663
0.000149592
0.00013982
0.000144724
0.000137964
0.000128569
0.000128255
0.0001223
0.000113779
0.000107576
0.000102687
9.54514e-05
8.34425e-05
7.97826e-05
7.41288e-05
5.74864e-05
5.50084e-05
5.0871e-05
1.45453e-05
1.33552e-05
1.1231e-05
0.000167001
0.000163615
0.000158399
0.000167327
0.000161768
0.000153846
0.00016407
0.000157332
0.000147928
0.000156615
0.000149543
0.000139772
0.000144674
0.000137916
0.000128525
0.000128216
0.000122264
0.000113747
0.000107551
0.000102665
9.5432e-05
8.34308e-05
7.97721e-05
7.41198e-05
5.74836e-05
5.50059e-05
5.08688e-05
1.45457e-05
1.33555e-05
1.12311e-05
0.000167145
0.000163723
0.000158456
0.000167361
0.000161785
0.000153841
0.000164045
0.0001573
0.00014789
0.000156566
0.000149493
0.000139724
0.000144624
0.000137868
0.000128482
0.000128176
0.000122227
0.000113715
0.000107526
0.000102642
9.54128e-05
8.34192e-05
7.97616e-05
7.4111e-05
5.74808e-05
5.50034e-05
5.08666e-05
1.45461e-05
1.33558e-05
1.12312e-05
0.000167283
0.000163826
0.000158509
0.000167391
0.000161798
0.000153834
0.000164018
0.000157266
0.000147851
0.000156516
0.000149442
0.000139675
0.000144574
0.000137819
0.000128439
0.000128137
0.00012219
0.000113684
0.000107502
0.000102619
9.53937e-05
8.34077e-05
7.97513e-05
7.41022e-05
5.74781e-05
5.50009e-05
5.08644e-05
1.45465e-05
1.3356e-05
1.12313e-05
0.000167414
0.000163922
0.000158557
0.000167418
0.000161809
0.000153824
0.000163988
0.000157231
0.00014781
0.000156465
0.000149391
0.000139627
0.000144524
0.000137771
0.000128395
0.000128097
0.000122153
0.000113652
0.000107477
0.000102597
9.53748e-05
8.33962e-05
7.9741e-05
7.40935e-05
5.74753e-05
5.49985e-05
5.08622e-05
1.45468e-05
1.33563e-05
1.12314e-05
0.000167538
0.000164014
0.000158601
0.00016744
0.000161816
0.000153812
0.000163957
0.000157194
0.000147768
0.000156414
0.000149339
0.000139577
0.000144473
0.000137722
0.000128352
0.000128058
0.000122117
0.000113621
0.000107452
0.000102575
9.5356e-05
8.33848e-05
7.97308e-05
7.40848e-05
5.74726e-05
5.49961e-05
5.086e-05
1.45472e-05
1.33565e-05
1.12315e-05
0.000167656
0.0001641
0.000158642
0.00016746
0.00016182
0.000153798
0.000163924
0.000157156
0.000147726
0.000156361
0.000149287
0.000139528
0.000144421
0.000137674
0.000128308
0.000128019
0.00012208
0.000113589
0.000107428
0.000102553
9.53372e-05
8.33734e-05
7.97207e-05
7.40763e-05
5.74699e-05
5.49937e-05
5.08579e-05
1.45475e-05
1.33567e-05
1.12315e-05
0.000167769
0.00016418
0.000158678
0.000167475
0.000161821
0.000153781
0.000163889
0.000157116
0.000147682
0.000156308
0.000149234
0.000139478
0.00014437
0.000137625
0.000128265
0.000127979
0.000122044
0.000113558
0.000107404
0.000102531
9.53187e-05
8.33621e-05
7.97107e-05
7.40678e-05
5.74671e-05
5.49913e-05
5.08558e-05
1.45478e-05
1.33569e-05
1.12316e-05
0.000167875
0.000164256
0.00015871
0.000167488
0.00016182
0.000153762
0.000163852
0.000157075
0.000147637
0.000156254
0.000149181
0.000139427
0.000144318
0.000137576
0.000128222
0.00012794
0.000122008
0.000113527
0.000107379
0.000102509
9.53002e-05
8.33509e-05
7.97008e-05
7.40594e-05
5.74645e-05
5.4989e-05
5.08537e-05
1.45481e-05
1.33571e-05
1.12317e-05
0.000167975
0.000164326
0.000158739
0.000167497
0.000161815
0.000153742
0.000163814
0.000157033
0.000147591
0.0001562
0.000149127
0.000139377
0.000144267
0.000137527
0.000128178
0.0001279
0.000121971
0.000113496
0.000107355
0.000102487
9.52819e-05
8.33397e-05
7.96909e-05
7.40511e-05
5.74618e-05
5.49867e-05
5.08516e-05
1.45484e-05
1.33573e-05
1.12317e-05
0.000168069
0.000164392
0.000158764
0.000167503
0.000161808
0.000153719
0.000163774
0.000156989
0.000147544
0.000156144
0.000149073
0.000139326
0.000144215
0.000137478
0.000128135
0.000127861
0.000121935
0.000113465
0.000107331
0.000102465
9.52636e-05
8.33286e-05
7.96811e-05
7.40428e-05
5.74591e-05
5.49844e-05
5.08495e-05
1.45486e-05
1.33575e-05
1.12317e-05
0.000168158
0.000164453
0.000158785
0.000167506
0.000161799
0.000153694
0.000163733
0.000156944
0.000147497
0.000156089
0.000149018
0.000139275
0.000144162
0.000137429
0.000128092
0.000127822
0.000121899
0.000113434
0.000107307
0.000102443
9.52455e-05
8.33175e-05
7.96714e-05
7.40346e-05
5.74565e-05
5.49821e-05
5.08475e-05
1.45489e-05
1.33576e-05
1.12318e-05
0.000168242
0.000164509
0.000158803
0.000167505
0.000161786
0.000153667
0.00016369
0.000156898
0.000147448
0.000156032
0.000148962
0.000139223
0.00014411
0.00013738
0.000128048
0.000127782
0.000121863
0.000113404
0.000107283
0.000102422
9.52275e-05
8.33065e-05
7.96618e-05
7.40264e-05
5.74538e-05
5.49798e-05
5.08455e-05
1.45491e-05
1.33578e-05
1.12318e-05
0.00016832
0.000164561
0.000158818
0.000167502
0.000161772
0.000153638
0.000163646
0.00015685
0.000147399
0.000155975
0.000148907
0.000139171
0.000144058
0.00013733
0.000128005
0.000127743
0.000121828
0.000113373
0.000107259
0.000102401
9.52096e-05
8.32956e-05
7.96522e-05
7.40183e-05
5.74512e-05
5.49776e-05
5.08435e-05
1.45493e-05
1.33579e-05
1.12318e-05
0.000168393
0.000164608
0.000158829
0.000167496
0.000161755
0.000153608
0.0001636
0.000156802
0.000147349
0.000155917
0.00014885
0.000139119
0.000144005
0.000137281
0.000127962
0.000127704
0.000121792
0.000113343
0.000107235
0.000102379
9.51918e-05
8.32847e-05
7.96427e-05
7.40103e-05
5.74486e-05
5.49754e-05
5.08415e-05
1.45495e-05
1.33581e-05
1.12318e-05
0.00016846
0.000164651
0.000158837
0.000167488
0.000161735
0.000153575
0.000163553
0.000156752
0.000147298
0.000155859
0.000148794
0.000139067
0.000143952
0.000137232
0.000127919
0.000127665
0.000121756
0.000113313
0.000107211
0.000102358
9.51741e-05
8.32739e-05
7.96332e-05
7.40024e-05
5.7446e-05
5.49732e-05
5.08395e-05
1.45497e-05
1.33582e-05
1.12318e-05
0.000168523
0.00016469
0.000158842
0.000167476
0.000161713
0.000153541
0.000163504
0.000156701
0.000147246
0.0001558
0.000148737
0.000139015
0.000143899
0.000137182
0.000127875
0.000127626
0.000121721
0.000113282
0.000107188
0.000102337
9.51565e-05
8.32631e-05
7.96239e-05
7.39945e-05
5.74435e-05
5.4971e-05
5.08375e-05
1.45499e-05
1.33583e-05
1.12318e-05
0.000168581
0.000164724
0.000158844
0.000167462
0.000161689
0.000153506
0.000163454
0.000156649
0.000147193
0.000155741
0.00014868
0.000138962
0.000143846
0.000137133
0.000127832
0.000127587
0.000121685
0.000113252
0.000107164
0.000102316
9.5139e-05
8.32524e-05
7.96145e-05
7.39866e-05
5.74409e-05
5.49688e-05
5.08356e-05
1.45501e-05
1.33584e-05
1.12318e-05
0.000168634
0.000164755
0.000158843
0.000167445
0.000161663
0.000153468
0.000163403
0.000156597
0.00014714
0.000155681
0.000148622
0.000138909
0.000143793
0.000137084
0.000127789
0.000127548
0.00012165
0.000113222
0.000107141
0.000102295
9.51216e-05
8.32418e-05
7.96053e-05
7.39788e-05
5.74384e-05
5.49666e-05
5.08336e-05
1.45502e-05
1.33585e-05
1.12318e-05
0.000168683
0.000164781
0.000158839
0.000167426
0.000161635
0.000153429
0.000163351
0.000156543
0.000147086
0.00015562
0.000148564
0.000138856
0.00014374
0.000137034
0.000127746
0.000127509
0.000121615
0.000113192
0.000107117
0.000102275
9.51042e-05
8.32312e-05
7.95961e-05
7.39711e-05
5.74358e-05
5.49645e-05
5.08317e-05
1.45504e-05
1.33586e-05
1.12318e-05
0.000168727
0.000164804
0.000158832
0.000167404
0.000161605
0.000153389
0.000163298
0.000156488
0.000147031
0.00015556
0.000148506
0.000138803
0.000143687
0.000136985
0.000127703
0.00012747
0.000121579
0.000113163
0.000107094
0.000102254
9.5087e-05
8.32207e-05
7.95869e-05
7.39634e-05
5.74333e-05
5.49624e-05
5.08298e-05
1.45505e-05
1.33586e-05
1.12318e-05
0.000168766
0.000164823
0.000158822
0.00016738
0.000161572
0.000153346
0.000163243
0.000156432
0.000146976
0.000155499
0.000148447
0.000138749
0.000143633
0.000136936
0.00012766
0.000127431
0.000121544
0.000113133
0.000107071
0.000102233
9.50699e-05
8.32102e-05
7.95778e-05
7.39558e-05
5.74308e-05
5.49603e-05
5.08279e-05
1.45506e-05
1.33587e-05
1.12317e-05
0.000168802
0.000164838
0.00015881
0.000167354
0.000161538
0.000153303
0.000163187
0.000156376
0.00014692
0.000155437
0.000148388
0.000138696
0.00014358
0.000136886
0.000127617
0.000127392
0.000121509
0.000113103
0.000107048
0.000102213
9.50528e-05
8.31998e-05
7.95688e-05
7.39482e-05
5.74283e-05
5.49581e-05
5.0826e-05
1.45508e-05
1.33588e-05
1.12317e-05
0.000168833
0.00016485
0.000158795
0.000167325
0.000161502
0.000153258
0.000163131
0.000156318
0.000146863
0.000155375
0.000148329
0.000138642
0.000143527
0.000136837
0.000127574
0.000127354
0.000121475
0.000113074
0.000107025
0.000102193
9.50359e-05
8.31894e-05
7.95598e-05
7.39406e-05
5.74258e-05
5.49561e-05
5.08242e-05
1.45509e-05
1.33588e-05
1.12316e-05
0.00016886
0.000164858
0.000158777
0.000167295
0.000161464
0.000153211
0.000163073
0.00015626
0.000146806
0.000155313
0.00014827
0.000138588
0.000143473
0.000136787
0.000127531
0.000127315
0.00012144
0.000113045
0.000107002
0.000102172
9.5019e-05
8.31791e-05
7.95509e-05
7.39331e-05
5.74234e-05
5.4954e-05
5.08223e-05
1.4551e-05
1.33589e-05
1.12316e-05
0.000168883
0.000164863
0.000158757
0.000167262
0.000161424
0.000153164
0.000163014
0.000156201
0.000146748
0.00015525
0.00014821
0.000138534
0.00014342
0.000136738
0.000127488
0.000127277
0.000121405
0.000113015
0.000106979
0.000102152
9.50022e-05
8.31688e-05
7.9542e-05
7.39257e-05
5.74209e-05
5.49519e-05
5.08205e-05
1.45511e-05
1.33589e-05
1.12316e-05
0.000168902
0.000164865
0.000158734
0.000167227
0.000161382
0.000153115
0.000162955
0.000156141
0.00014669
0.000155187
0.00014815
0.000138479
0.000143366
0.000136689
0.000127445
0.000127238
0.000121371
0.000112986
0.000106956
0.000102132
9.49855e-05
8.31586e-05
7.95332e-05
7.39183e-05
5.74185e-05
5.49499e-05
5.08186e-05
1.45511e-05
1.33589e-05
1.12315e-05
0.000168917
0.000164863
0.000158709
0.00016719
0.000161339
0.000153064
0.000162894
0.000156081
0.000146631
0.000155124
0.00014809
0.000138425
0.000143312
0.000136639
0.000127403
0.0001272
0.000121336
0.000112957
0.000106933
0.000102112
9.49688e-05
8.31484e-05
7.95244e-05
7.39109e-05
5.7416e-05
5.49478e-05
5.08168e-05
1.45512e-05
1.3359e-05
1.12314e-05
0.000168929
0.000164859
0.000158682
0.000167151
0.000161294
0.000153013
0.000162833
0.00015602
0.000146572
0.00015506
0.00014803
0.000138371
0.000143259
0.00013659
0.00012736
0.000127162
0.000121302
0.000112928
0.000106911
0.000102092
9.49523e-05
8.31383e-05
7.95157e-05
7.39036e-05
5.74136e-05
5.49458e-05
5.0815e-05
1.45513e-05
1.3359e-05
1.12314e-05
0.000168937
0.000164851
0.000158653
0.00016711
0.000161247
0.00015296
0.00016277
0.000155958
0.000146512
0.000154996
0.000147969
0.000138316
0.000143205
0.00013654
0.000127317
0.000127123
0.000121267
0.000112899
0.000106888
0.000102072
9.49358e-05
8.31283e-05
7.9507e-05
7.38963e-05
5.74112e-05
5.49438e-05
5.08132e-05
1.45513e-05
1.3359e-05
1.12313e-05
0.000168942
0.00016484
0.000158621
0.000167067
0.000161199
0.000152906
0.000162707
0.000155895
0.000146451
0.000154932
0.000147908
0.000138261
0.000143152
0.000136491
0.000127274
0.000127085
0.000121233
0.00011287
0.000106866
0.000102053
9.49193e-05
8.31182e-05
7.94983e-05
7.38891e-05
5.74088e-05
5.49418e-05
5.08114e-05
1.45514e-05
1.3359e-05
1.12312e-05
0.000168943
0.000164827
0.000158587
0.000167023
0.00016115
0.000152851
0.000162643
0.000155832
0.00014639
0.000154868
0.000147847
0.000138206
0.000143098
0.000136442
0.000127232
0.000127047
0.000121199
0.000112842
0.000106844
0.000102033
9.4903e-05
8.31083e-05
7.94897e-05
7.38819e-05
5.74064e-05
5.49398e-05
5.08096e-05
1.45514e-05
1.3359e-05
1.12312e-05
0.000168941
0.00016481
0.000158551
0.000166976
0.000161099
0.000152795
0.000162578
0.000155768
0.000146329
0.000154803
0.000147786
0.000138151
0.000143044
0.000136393
0.000127189
0.000127009
0.000121165
0.000112813
0.000106821
0.000102013
9.48867e-05
8.30983e-05
7.94812e-05
7.38747e-05
5.74041e-05
5.49378e-05
5.08078e-05
1.45515e-05
1.3359e-05
1.12311e-05
0.000168935
0.000164791
0.000158513
0.000166928
0.000161046
0.000152737
0.000162513
0.000155703
0.000146267
0.000154738
0.000147725
0.000138096
0.000142991
0.000136343
0.000127147
0.000126972
0.000121131
0.000112784
0.000106799
0.000101994
9.48705e-05
8.30885e-05
7.94726e-05
7.38676e-05
5.74017e-05
5.49358e-05
5.0806e-05
1.45515e-05
1.3359e-05
1.1231e-05
0.000168927
0.000164769
0.000158474
0.000166879
0.000160992
0.000152679
0.000162447
0.000155638
0.000146205
0.000154673
0.000147664
0.000138041
0.000142937
0.000136294
0.000127104
0.000126934
0.000121097
0.000112756
0.000106777
0.000101974
9.48544e-05
8.30786e-05
7.94642e-05
7.38605e-05
5.73993e-05
5.49337e-05
5.08043e-05
1.45515e-05
1.3359e-05
1.12309e-05
0.000168915
0.000164745
0.000158432
0.000166828
0.000160937
0.00015262
0.00016238
0.000155572
0.000146142
0.000154608
0.000147602
0.000137986
0.000142883
0.000136245
0.000127062
0.000126896
0.000121063
0.000112728
0.000106755
0.000101955
9.48383e-05
8.30688e-05
7.94557e-05
7.38534e-05
5.73969e-05
5.49317e-05
5.08025e-05
1.45515e-05
1.3359e-05
1.12308e-05
0.0001689
0.000164718
0.000158388
0.000166775
0.000160881
0.00015256
0.000162312
0.000155506
0.000146079
0.000154542
0.00014754
0.00013793
0.00014283
0.000136196
0.00012702
0.000126859
0.00012103
0.000112699
0.000106733
0.000101935
9.48222e-05
8.30591e-05
7.94473e-05
7.38464e-05
5.73945e-05
5.49297e-05
5.08008e-05
1.45515e-05
1.33589e-05
1.12307e-05
0.000168883
0.000164688
0.000158343
0.000166721
0.000160823
0.000152498
0.000162244
0.000155439
0.000146016
0.000154476
0.000147478
0.000137875
0.000142776
0.000136147
0.000126977
0.000126821
0.000120996
0.000112671
0.000106711
0.000101916
9.48063e-05
8.30493e-05
7.94389e-05
7.38394e-05
5.73921e-05
5.49277e-05
5.0799e-05
1.45515e-05
1.33589e-05
1.12307e-05
0.000168862
0.000164657
0.000158296
0.000166665
0.000160764
0.000152436
0.000162175
0.000155372
0.000145952
0.00015441
0.000147416
0.000137819
0.000142723
0.000136098
0.000126935
0.000126784
0.000120963
0.000112643
0.000106689
0.000101897
9.47904e-05
8.30397e-05
7.94306e-05
7.38324e-05
5.73898e-05
5.49257e-05
5.07973e-05
1.45515e-05
1.33589e-05
1.12306e-05
0.000168839
0.000164622
0.000158247
0.000166608
0.000160703
0.000152373
0.000162106
0.000155304
0.000145888
0.000154344
0.000147354
0.000137764
0.000142669
0.000136049
0.000126893
0.000126746
0.000120929
0.000112615
0.000106668
0.000101878
9.47746e-05
8.303e-05
7.94222e-05
7.38255e-05
5.73874e-05
5.49237e-05
5.07955e-05
1.45515e-05
1.33588e-05
1.12305e-05
0.000168813
0.000164586
0.000158196
0.000166549
0.000160642
0.000152309
0.000162035
0.000155235
0.000145824
0.000154278
0.000147292
0.000137708
0.000142616
0.000136
0.000126851
0.000126709
0.000120896
0.000112587
0.000106646
0.000101859
9.47588e-05
8.30204e-05
7.9414e-05
7.38186e-05
5.73851e-05
5.49217e-05
5.07938e-05
1.45515e-05
1.33588e-05
1.12303e-05
0.000168785
0.000164547
0.000158144
0.000166489
0.00016058
0.000152244
0.000161965
0.000155167
0.000145759
0.000154211
0.00014723
0.000137653
0.000142562
0.000135951
0.000126809
0.000126672
0.000120862
0.000112559
0.000106624
0.00010184
9.4743e-05
8.30108e-05
7.94057e-05
7.38117e-05
5.73827e-05
5.49198e-05
5.0792e-05
1.45515e-05
1.33587e-05
1.12302e-05
0.000168754
0.000164507
0.00015809
0.000166428
0.000160516
0.000152179
0.000161894
0.000155098
0.000145694
0.000154145
0.000147167
0.000137597
0.000142509
0.000135902
0.000126766
0.000126635
0.000120829
0.000112531
0.000106603
0.000101821
9.47274e-05
8.30013e-05
7.93975e-05
7.38048e-05
5.73804e-05
5.49178e-05
5.07903e-05
1.45514e-05
1.33587e-05
1.12301e-05
0.000168721
0.000164464
0.000158035
0.000166366
0.000160451
0.000152113
0.000161822
0.000155028
0.000145628
0.000154078
0.000147105
0.000137541
0.000142455
0.000135853
0.000126724
0.000126598
0.000120796
0.000112503
0.000106581
0.000101802
9.47118e-05
8.29918e-05
7.93892e-05
7.3798e-05
5.7378e-05
5.49158e-05
5.07885e-05
1.45514e-05
1.33586e-05
1.123e-05
0.000168685
0.000164419
0.000157978
0.000166302
0.000160386
0.000152045
0.00016175
0.000154958
0.000145563
0.000154011
0.000147042
0.000137485
0.000142402
0.000135804
0.000126683
0.000126561
0.000120763
0.000112475
0.00010656
0.000101783
9.46962e-05
8.29823e-05
7.9381e-05
7.37912e-05
5.73757e-05
5.49139e-05
5.07868e-05
1.45514e-05
1.33585e-05
1.12299e-05
0.000168647
0.000164372
0.00015792
0.000166237
0.000160319
0.000151978
0.000161677
0.000154887
0.000145497
0.000153944
0.000146979
0.000137429
0.000142348
0.000135756
0.000126641
0.000126524
0.00012073
0.000112448
0.000106538
0.000101764
9.46807e-05
8.29728e-05
7.93729e-05
7.37844e-05
5.73734e-05
5.49119e-05
5.07851e-05
1.45513e-05
1.33585e-05
1.12298e-05
0.000168606
0.000164324
0.000157861
0.000166171
0.000160252
0.000151909
0.000161604
0.000154817
0.00014543
0.000153877
0.000146917
0.000137374
0.000142295
0.000135707
0.000126599
0.000126487
0.000120697
0.00011242
0.000106517
0.000101746
9.46652e-05
8.29634e-05
7.93647e-05
7.37777e-05
5.73711e-05
5.491e-05
5.07833e-05
1.45513e-05
1.33584e-05
1.12297e-05
0.000168563
0.000164273
0.0001578
0.000166104
0.000160183
0.00015184
0.00016153
0.000154746
0.000145364
0.00015381
0.000146854
0.000137318
0.000142242
0.000135658
0.000126557
0.00012645
0.000120664
0.000112393
0.000106496
0.000101727
9.46498e-05
8.2954e-05
7.93566e-05
7.37709e-05
5.73688e-05
5.4908e-05
5.07816e-05
1.45512e-05
1.33583e-05
1.12295e-05
0.000168519
0.000164221
0.000157738
0.000166036
0.000160114
0.00015177
0.000161456
0.000154674
0.000145297
0.000153743
0.000146791
0.000137262
0.000142189
0.00013561
0.000126515
0.000126414
0.000120632
0.000112365
0.000106475
0.000101709
9.46344e-05
8.29446e-05
7.93485e-05
7.37642e-05
5.73665e-05
5.49061e-05
5.07799e-05
1.45511e-05
1.33582e-05
1.12294e-05
0.000168472
0.000164166
0.000157674
0.000165967
0.000160043
0.0001517
0.000161382
0.000154602
0.00014523
0.000153676
0.000146728
0.000137206
0.000142136
0.000135561
0.000126474
0.000126377
0.000120599
0.000112338
0.000106454
0.00010169
9.4619e-05
8.29352e-05
7.93405e-05
7.37575e-05
5.73642e-05
5.49042e-05
5.07782e-05
1.45511e-05
1.33581e-05
1.12293e-05
0.000168423
0.000164111
0.00015761
0.000165897
0.000159972
0.000151628
0.000161307
0.00015453
0.000145163
0.000153608
0.000146665
0.00013715
0.000142083
0.000135513
0.000126432
0.000126341
0.000120566
0.00011231
0.000106433
0.000101671
9.46037e-05
8.29259e-05
7.93324e-05
7.37508e-05
5.73619e-05
5.49022e-05
5.07765e-05
1.4551e-05
1.3358e-05
1.12291e-05
0.000168372
0.000164053
0.000157544
0.000165826
0.0001599
0.000151557
0.000161231
0.000154458
0.000145096
0.000153541
0.000146602
0.000137094
0.00014203
0.000135464
0.00012639
0.000126304
0.000120534
0.000112283
0.000106412
0.000101653
9.45885e-05
8.29166e-05
7.93244e-05
7.37441e-05
5.73597e-05
5.49003e-05
5.07748e-05
1.45509e-05
1.33579e-05
1.1229e-05
0.000168319
0.000163994
0.000157477
0.000165753
0.000159828
0.000151484
0.000161156
0.000154385
0.000145028
0.000153473
0.000146539
0.000137038
0.000141977
0.000135416
0.000126349
0.000126268
0.000120501
0.000112256
0.000106391
0.000101635
9.45733e-05
8.29074e-05
7.93164e-05
7.37374e-05
5.73574e-05
5.48984e-05
5.07731e-05
1.45508e-05
1.33579e-05
1.12289e-05
0.000168265
0.000163934
0.000157409
0.00016568
0.000159754
0.000151412
0.00016108
0.000154312
0.00014496
0.000153406
0.000146476
0.000136982
0.000141924
0.000135368
0.000126308
0.000126232
0.000120469
0.000112229
0.00010637
0.000101616
9.45581e-05
8.28981e-05
7.93085e-05
7.37308e-05
5.73551e-05
5.48965e-05
5.07714e-05
1.45508e-05
1.33578e-05
1.12287e-05
0.000168208
0.000163871
0.00015734
0.000165607
0.00015968
0.000151338
0.000161004
0.000154239
0.000144892
0.000153338
0.000146412
0.000136926
0.000141871
0.00013532
0.000126266
0.000126196
0.000120437
0.000112202
0.000106349
0.000101598
9.45429e-05
8.28889e-05
7.93005e-05
7.37242e-05
5.73529e-05
5.48946e-05
5.07697e-05
1.45507e-05
1.33576e-05
1.12286e-05
0.00016815
0.000163808
0.000157269
0.000165532
0.000159605
0.000151264
0.000160927
0.000154165
0.000144824
0.00015327
0.000146349
0.00013687
0.000141818
0.000135271
0.000126225
0.00012616
0.000120404
0.000112175
0.000106328
0.00010158
9.45278e-05
8.28798e-05
7.92926e-05
7.37176e-05
5.73506e-05
5.48927e-05
5.0768e-05
1.45506e-05
1.33575e-05
1.12285e-05
0.00016809
0.000163743
0.000157198
0.000165456
0.000159529
0.00015119
0.00016085
0.000154091
0.000144756
0.000153202
0.000146286
0.000136814
0.000141765
0.000135223
0.000126184
0.000126124
0.000120372
0.000112148
0.000106308
0.000101561
9.45127e-05
8.28706e-05
7.92847e-05
7.3711e-05
5.73484e-05
5.48908e-05
5.07664e-05
1.45505e-05
1.33574e-05
1.12283e-05
0.000168029
0.000163677
0.000157126
0.00016538
0.000159453
0.000151115
0.000160773
0.000154017
0.000144687
0.000153135
0.000146223
0.000136758
0.000141713
0.000135175
0.000126142
0.000126088
0.00012034
0.000112121
0.000106287
0.000101543
9.44977e-05
8.28615e-05
7.92768e-05
7.37044e-05
5.73461e-05
5.48889e-05
5.07647e-05
1.45504e-05
1.33573e-05
1.12282e-05
0.000167966
0.000163609
0.000157053
0.000165303
0.000159376
0.00015104
0.000160695
0.000153943
0.000144619
0.000153067
0.00014616
0.000136702
0.00014166
0.000135127
0.000126101
0.000126052
0.000120308
0.000112094
0.000106266
0.000101525
9.44827e-05
8.28524e-05
7.9269e-05
7.36979e-05
5.73439e-05
5.4887e-05
5.0763e-05
1.45503e-05
1.33572e-05
1.1228e-05
0.000167901
0.00016354
0.000156979
0.000165225
0.000159299
0.000150964
0.000160618
0.000153869
0.00014455
0.000152999
0.000146097
0.000136646
0.000141607
0.000135079
0.00012606
0.000126016
0.000120276
0.000112067
0.000106246
0.000101507
9.44677e-05
8.28433e-05
7.92611e-05
7.36913e-05
5.73417e-05
5.48851e-05
5.07613e-05
1.45502e-05
1.33571e-05
1.12279e-05
0.000167835
0.00016347
0.000156904
0.000165146
0.000159221
0.000150888
0.00016054
0.000153794
0.000144481
0.000152931
0.000146033
0.00013659
0.000141555
0.000135032
0.000126019
0.00012598
0.000120244
0.00011204
0.000106225
0.000101489
9.44527e-05
8.28342e-05
7.92533e-05
7.36848e-05
5.73395e-05
5.48832e-05
5.07597e-05
1.45501e-05
1.3357e-05
1.12277e-05
0.000167768
0.000163398
0.000156828
0.000165067
0.000159142
0.000150811
0.000160461
0.000153719
0.000144412
0.000152863
0.00014597
0.000136534
0.000141502
0.000134984
0.000125978
0.000125945
0.000120212
0.000112013
0.000106205
0.000101471
9.44378e-05
8.28252e-05
7.92455e-05
7.36783e-05
5.73372e-05
5.48814e-05
5.0758e-05
1.45499e-05
1.33568e-05
1.12276e-05
0.000167699
0.000163326
0.000156751
0.000164987
0.000159063
0.000150734
0.000160383
0.000153644
0.000144343
0.000152795
0.000145907
0.000136478
0.00014145
0.000134936
0.000125937
0.000125909
0.00012018
0.000111987
0.000106184
0.000101453
9.44228e-05
8.28162e-05
7.92377e-05
7.36718e-05
5.7335e-05
5.48795e-05
5.07564e-05
1.45498e-05
1.33567e-05
1.12274e-05
0.000167628
0.000163252
0.000156674
0.000164906
0.000158983
0.000150657
0.000160304
0.000153569
0.000144274
0.000152728
0.000145844
0.000136422
0.000141398
0.000134888
0.000125896
0.000125873
0.000120149
0.00011196
0.000106164
0.000101435
9.4408e-05
8.28072e-05
7.92299e-05
7.36653e-05
5.73328e-05
5.48776e-05
5.07547e-05
1.45497e-05
1.33566e-05
1.12273e-05
0.000167557
0.000163177
0.000156595
0.000164825
0.000158903
0.000150579
0.000160225
0.000153494
0.000144205
0.00015266
0.000145781
0.000136366
0.000141346
0.000134841
0.000125855
0.000125838
0.000120117
0.000111933
0.000106143
0.000101417
9.43931e-05
8.27982e-05
7.92221e-05
7.36589e-05
5.73306e-05
5.48757e-05
5.07531e-05
1.45496e-05
1.33565e-05
1.12271e-05
0.000167484
0.000163101
0.000156517
0.000164743
0.000158823
0.000150501
0.000160146
0.000153419
0.000144135
0.000152592
0.000145717
0.00013631
0.000141293
0.000134793
0.000125814
0.000125803
0.000120085
0.000111907
0.000106123
0.000101399
9.43783e-05
8.27892e-05
7.92144e-05
7.36524e-05
5.73284e-05
5.48739e-05
5.07514e-05
1.45495e-05
1.33563e-05
1.1227e-05
0.00016741
0.000163024
0.000156437
0.000164661
0.000158741
0.000150423
0.000160067
0.000153343
0.000144066
0.000152524
0.000145654
0.000136254
0.000141241
0.000134746
0.000125773
0.000125767
0.000120054
0.00011188
0.000106103
0.000101381
9.43635e-05
8.27803e-05
7.92066e-05
7.36459e-05
5.73262e-05
5.4872e-05
5.07498e-05
1.45493e-05
1.33562e-05
1.12268e-05
0.000167335
0.000162947
0.000156356
0.000164578
0.00015866
0.000150344
0.000159988
0.000153267
0.000143996
0.000152456
0.000145591
0.000136198
0.000141189
0.000134698
0.000125733
0.000125732
0.000120022
0.000111854
0.000106082
0.000101363
9.43487e-05
8.27714e-05
7.91989e-05
7.36395e-05
5.7324e-05
5.48701e-05
5.07481e-05
1.45492e-05
1.3356e-05
1.12266e-05
0.000167258
0.000162868
0.000156275
0.000164494
0.000158578
0.000150265
0.000159908
0.000153192
0.000143926
0.000152388
0.000145528
0.000136142
0.000141137
0.000134651
0.000125692
0.000125697
0.000119991
0.000111827
0.000106062
0.000101346
9.43339e-05
8.27624e-05
7.91912e-05
7.3633e-05
5.73218e-05
5.48683e-05
5.07465e-05
1.45491e-05
1.33559e-05
1.12265e-05
0.000167181
0.000162788
0.000156194
0.000164411
0.000158495
0.000150186
0.000159828
0.000153116
0.000143857
0.00015232
0.000145465
0.000136086
0.000141085
0.000134604
0.000125651
0.000125662
0.000119959
0.000111801
0.000106042
0.000101328
9.43192e-05
8.27535e-05
7.91834e-05
7.36266e-05
5.73196e-05
5.48664e-05
5.07448e-05
1.45489e-05
1.33558e-05
1.12263e-05
0.000167102
0.000162707
0.000156111
0.000164326
0.000158413
0.000150107
0.000159749
0.00015304
0.000143787
0.000152253
0.000145402
0.00013603
0.000141034
0.000134557
0.000125611
0.000125627
0.000119928
0.000111775
0.000106022
0.00010131
9.43045e-05
8.27446e-05
7.91757e-05
7.36202e-05
5.73174e-05
5.48645e-05
5.07432e-05
1.45488e-05
1.33556e-05
1.12262e-05
0.000167022
0.000162626
0.000156028
0.000164241
0.000158329
0.000150027
0.000159669
0.000152964
0.000143717
0.000152185
0.000145339
0.000135975
0.000140982
0.000134509
0.00012557
0.000125592
0.000119896
0.000111748
0.000106002
0.000101292
9.42897e-05
8.27358e-05
7.9168e-05
7.36138e-05
5.73152e-05
5.48627e-05
5.07416e-05
1.45486e-05
1.33555e-05
1.1226e-05
0.000166942
0.000162544
0.000155945
0.000164156
0.000158246
0.000149947
0.000159588
0.000152887
0.000143647
0.000152117
0.000145276
0.000135919
0.00014093
0.000134462
0.00012553
0.000125557
0.000119865
0.000111722
0.000105982
0.000101275
9.42751e-05
8.27269e-05
7.91604e-05
7.36074e-05
5.7313e-05
5.48608e-05
5.07399e-05
1.45485e-05
1.33553e-05
1.12258e-05
0.00016686
0.00016246
0.000155861
0.00016407
0.000158162
0.000149866
0.000159508
0.000152811
0.000143577
0.000152049
0.000145213
0.000135863
0.000140879
0.000134415
0.000125489
0.000125522
0.000119834
0.000111696
0.000105962
0.000101257
9.42604e-05
8.2718e-05
7.91527e-05
7.36009e-05
5.73108e-05
5.4859e-05
5.07383e-05
1.45484e-05
1.33552e-05
1.12257e-05
0.000166777
0.000162377
0.000155776
0.000163984
0.000158078
0.000149786
0.000159428
0.000152735
0.000143507
0.000151982
0.00014515
0.000135807
0.000140827
0.000134368
0.000125449
0.000125487
0.000119803
0.000111669
0.000105942
0.000101239
9.42457e-05
8.27092e-05
7.9145e-05
7.35945e-05
5.73087e-05
5.48571e-05
5.07367e-05
1.45482e-05
1.3355e-05
1.12255e-05
0.000166694
0.000162292
0.000155691
0.000163897
0.000157993
0.000149705
0.000159347
0.000152658
0.000143437
0.000151914
0.000145087
0.000135752
0.000140776
0.000134321
0.000125408
0.000125452
0.000119772
0.000111643
0.000105922
0.000101222
9.42311e-05
8.27004e-05
7.91374e-05
7.35881e-05
5.73065e-05
5.48552e-05
5.0735e-05
1.4548e-05
1.33549e-05
1.12253e-05
0.000166609
0.000162207
0.000155606
0.00016381
0.000157908
0.000149624
0.000159267
0.000152582
0.000143367
0.000151846
0.000145024
0.000135696
0.000140724
0.000134274
0.000125368
0.000125418
0.00011974
0.000111617
0.000105902
0.000101204
9.42165e-05
8.26916e-05
7.91297e-05
7.35817e-05
5.73043e-05
5.48534e-05
5.07334e-05
1.45479e-05
1.33547e-05
1.12252e-05
0.000166524
0.00016212
0.00015552
0.000163723
0.000157823
0.000149543
0.000159186
0.000152505
0.000143297
0.000151779
0.000144961
0.00013564
0.000140673
0.000134228
0.000125328
0.000125383
0.000119709
0.000111591
0.000105882
0.000101187
9.42018e-05
8.26827e-05
7.9122e-05
7.35754e-05
5.73021e-05
5.48515e-05
5.07318e-05
1.45477e-05
1.33546e-05
1.1225e-05
0.000166438
0.000162034
0.000155433
0.000163635
0.000157738
0.000149462
0.000159106
0.000152429
0.000143227
0.000151711
0.000144899
0.000135585
0.000140622
0.000134181
0.000125288
0.000125348
0.000119678
0.000111564
0.000105862
0.000101169
9.41872e-05
8.26739e-05
7.91144e-05
7.3569e-05
5.72999e-05
5.48496e-05
5.07301e-05
1.45476e-05
1.33544e-05
1.12248e-05
0.000166351
0.000161946
0.000155346
0.000163548
0.000157652
0.00014938
0.000159025
0.000152352
0.000143157
0.000151644
0.000144836
0.000135529
0.000140571
0.000134134
0.000125247
0.000125314
0.000119647
0.000111538
0.000105842
0.000101152
9.41726e-05
8.26651e-05
7.91068e-05
7.35626e-05
5.72977e-05
5.48478e-05
5.07285e-05
1.45474e-05
1.33542e-05
1.12247e-05
0.000166264
0.000161858
0.000155259
0.000163459
0.000157566
0.000149299
0.000158944
0.000152275
0.000143086
0.000151576
0.000144773
0.000135474
0.00014052
0.000134088
0.000125207
0.000125279
0.000119616
0.000111512
0.000105823
0.000101134
9.4158e-05
8.26564e-05
7.90991e-05
7.35562e-05
5.72955e-05
5.48459e-05
5.07268e-05
1.45473e-05
1.33541e-05
1.12245e-05
0.000166175
0.00016177
0.000155171
0.000163371
0.00015748
0.000149217
0.000158863
0.000152199
0.000143016
0.000151509
0.000144711
0.000135418
0.000140468
0.000134041
0.000125167
0.000125245
0.000119586
0.000111486
0.000105803
0.000101117
9.41434e-05
8.26476e-05
7.90915e-05
7.35498e-05
5.72933e-05
5.48441e-05
5.07252e-05
1.45471e-05
1.33539e-05
1.12243e-05
0.000166086
0.000161681
0.000155083
0.000163282
0.000157394
0.000149135
0.000158783
0.000152122
0.000142946
0.000151442
0.000144648
0.000135363
0.000140418
0.000133995
0.000125127
0.00012521
0.000119555
0.00011146
0.000105783
0.000101099
9.41288e-05
8.26388e-05
7.90838e-05
7.35434e-05
5.72912e-05
5.48422e-05
5.07236e-05
1.45469e-05
1.33537e-05
1.12241e-05
0.000165997
0.000161591
0.000154994
0.000163193
0.000157307
0.000149053
0.000158702
0.000152045
0.000142876
0.000151375
0.000144585
0.000135308
0.000140367
0.000133948
0.000125087
0.000125176
0.000119524
0.000111434
0.000105763
0.000101082
9.41143e-05
8.263e-05
7.90762e-05
7.3537e-05
5.7289e-05
5.48403e-05
5.07219e-05
1.45467e-05
1.33536e-05
1.1224e-05
0.000165906
0.000161501
0.000154906
0.000163103
0.000157221
0.000148971
0.000158621
0.000151969
0.000142806
0.000151307
0.000144523
0.000135252
0.000140316
0.000133902
0.000125047
0.000125142
0.000119493
0.000111408
0.000105743
0.000101064
9.40997e-05
8.26212e-05
7.90685e-05
7.35306e-05
5.72868e-05
5.48384e-05
5.07203e-05
1.45466e-05
1.33534e-05
1.12238e-05
0.000165815
0.00016141
0.000154816
0.000163014
0.000157134
0.000148889
0.00015854
0.000151892
0.000142736
0.00015124
0.000144461
0.000135197
0.000140265
0.000133855
0.000125007
0.000125107
0.000119462
0.000111382
0.000105724
0.000101047
9.40851e-05
8.26125e-05
7.90609e-05
7.35242e-05
5.72846e-05
5.48366e-05
5.07186e-05
1.45464e-05
1.33532e-05
1.12236e-05
0.000165724
0.000161319
0.000154727
0.000162924
0.000157047
0.000148806
0.000158459
0.000151815
0.000142665
0.000151173
0.000144398
0.000135142
0.000140214
0.000133809
0.000124967
0.000125073
0.000119432
0.000111356
0.000105704
0.000101029
9.40705e-05
8.26037e-05
7.90533e-05
7.35178e-05
5.72824e-05
5.48347e-05
5.0717e-05
1.45462e-05
1.33531e-05
1.12234e-05
0.000165632
0.000161227
0.000154637
0.000162834
0.00015696
0.000148724
0.000158378
0.000151738
0.000142595
0.000151106
0.000144336
0.000135086
0.000140164
0.000133763
0.000124927
0.000125039
0.000119401
0.00011133
0.000105684
0.000101012
9.4056e-05
8.25949e-05
7.90456e-05
7.35114e-05
5.72802e-05
5.48328e-05
5.07153e-05
1.45461e-05
1.33529e-05
1.12233e-05
0.000165539
0.000161135
0.000154547
0.000162744
0.000156872
0.000148641
0.000158297
0.000151661
0.000142525
0.000151039
0.000144274
0.000135031
0.000140113
0.000133717
0.000124887
0.000125005
0.00011937
0.000111304
0.000105665
0.000100994
9.40414e-05
8.25862e-05
7.9038e-05
7.35049e-05
5.7278e-05
5.48309e-05
5.07137e-05
1.45459e-05
1.33527e-05
1.12231e-05
0.000165446
0.000161043
0.000154457
0.000162653
0.000156785
0.000148559
0.000158216
0.000151585
0.000142455
0.000150972
0.000144212
0.000134976
0.000140063
0.000133671
0.000124847
0.000124971
0.00011934
0.000111278
0.000105645
0.000100977
9.40268e-05
8.25774e-05
7.90303e-05
7.34985e-05
5.72758e-05
5.4829e-05
5.0712e-05
1.45457e-05
1.33525e-05
1.12229e-05
0.000165352
0.00016095
0.000154366
0.000162563
0.000156697
0.000148476
0.000158135
0.000151508
0.000142385
0.000150906
0.00014415
0.000134921
0.000140012
0.000133625
0.000124808
0.000124937
0.000119309
0.000111252
0.000105625
0.00010096
9.40123e-05
8.25686e-05
7.90226e-05
7.34921e-05
5.72736e-05
5.48271e-05
5.07104e-05
1.45455e-05
1.33524e-05
1.12227e-05
0.000165258
0.000160856
0.000154275
0.000162472
0.000156609
0.000148393
0.000158054
0.000151431
0.000142315
0.000150839
0.000144087
0.000134866
0.000139962
0.000133579
0.000124768
0.000124903
0.000119278
0.000111226
0.000105606
0.000100942
9.39977e-05
8.25598e-05
7.9015e-05
7.34857e-05
5.72714e-05
5.48252e-05
5.07087e-05
1.45453e-05
1.33522e-05
1.12226e-05
0.000165163
0.000160762
0.000154184
0.000162381
0.000156521
0.00014831
0.000157973
0.000151355
0.000142245
0.000150772
0.000144026
0.000134811
0.000139912
0.000133533
0.000124728
0.000124869
0.000119248
0.0001112
0.000105586
0.000100925
9.39831e-05
8.25511e-05
7.90073e-05
7.34792e-05
5.72691e-05
5.48233e-05
5.07071e-05
1.45451e-05
1.3352e-05
1.12224e-05
0.000165068
0.000160668
0.000154093
0.00016229
0.000156433
0.000148227
0.000157892
0.000151278
0.000142175
0.000150706
0.000143964
0.000134756
0.000139862
0.000133487
0.000124688
0.000124835
0.000119217
0.000111174
0.000105567
0.000100907
9.39685e-05
8.25423e-05
7.89996e-05
7.34728e-05
5.72669e-05
5.48214e-05
5.07054e-05
1.4545e-05
1.33518e-05
1.12222e-05
0.000164972
0.000160574
0.000154002
0.000162199
0.000156345
0.000148144
0.000157811
0.000151201
0.000142105
0.000150639
0.000143902
0.000134701
0.000139812
0.000133441
0.000124649
0.000124801
0.000119187
0.000111148
0.000105547
0.00010089
9.39539e-05
8.25335e-05
7.8992e-05
7.34663e-05
5.72647e-05
5.48195e-05
5.07037e-05
1.45448e-05
1.33516e-05
1.1222e-05
0.000164876
0.000160479
0.00015391
0.000162107
0.000156257
0.000148061
0.00015773
0.000151125
0.000142035
0.000150573
0.00014384
0.000134646
0.000139762
0.000133395
0.000124609
0.000124767
0.000119156
0.000111122
0.000105527
0.000100873
9.39393e-05
8.25247e-05
7.89843e-05
7.34598e-05
5.72625e-05
5.48176e-05
5.0702e-05
1.45446e-05
1.33515e-05
1.12218e-05
0.00016478
0.000160384
0.000153818
0.000162016
0.000156169
0.000147978
0.000157649
0.000151048
0.000141965
0.000150506
0.000143778
0.000134592
0.000139712
0.00013335
0.000124569
0.000124733
0.000119126
0.000111097
0.000105508
0.000100855
9.39247e-05
8.25159e-05
7.89766e-05
7.34534e-05
5.72602e-05
5.48157e-05
5.07004e-05
1.45444e-05
1.33513e-05
1.12216e-05
0.000164683
0.000160289
0.000153726
0.000161924
0.00015608
0.000147895
0.000157569
0.000150972
0.000141895
0.00015044
0.000143717
0.000134537
0.000139662
0.000133304
0.00012453
0.0001247
0.000119096
0.000111071
0.000105488
0.000100838
9.39101e-05
8.25071e-05
7.89688e-05
7.34469e-05
5.7258e-05
5.48137e-05
5.06987e-05
1.45442e-05
1.33511e-05
1.12215e-05
0.000164586
0.000160193
0.000153634
0.000161833
0.000155992
0.000147812
0.000157488
0.000150895
0.000141825
0.000150374
0.000143655
0.000134482
0.000139612
0.000133258
0.00012449
0.000124666
0.000119065
0.000111045
0.000105469
0.00010082
9.38955e-05
8.24983e-05
7.89611e-05
7.34404e-05
5.72557e-05
5.48118e-05
5.0697e-05
1.4544e-05
1.33509e-05
1.12213e-05
0.000164489
0.000160097
0.000153541
0.000161741
0.000155904
0.000147729
0.000157407
0.000150819
0.000141755
0.000150308
0.000143594
0.000134428
0.000139562
0.000133213
0.000124451
0.000124632
0.000119035
0.000111019
0.000105449
0.000100803
9.38809e-05
8.24895e-05
7.89534e-05
7.34339e-05
5.72535e-05
5.48099e-05
5.06953e-05
1.45438e-05
1.33507e-05
1.12211e-05
0.000164391
0.000160001
0.000153449
0.000161649
0.000155815
0.000147646
0.000157327
0.000150742
0.000141686
0.000150242
0.000143532
0.000134373
0.000139512
0.000133167
0.000124411
0.000124598
0.000119004
0.000110993
0.00010543
0.000100786
9.38662e-05
8.24806e-05
7.89456e-05
7.34273e-05
5.72512e-05
5.48079e-05
5.06936e-05
1.45436e-05
1.33505e-05
1.12209e-05
0.000164293
0.000159905
0.000153356
0.000161558
0.000155727
0.000147563
0.000157246
0.000150666
0.000141616
0.000150176
0.000143471
0.000134318
0.000139463
0.000133122
0.000124372
0.000124565
0.000118974
0.000110967
0.00010541
0.000100768
9.38516e-05
8.24718e-05
7.89379e-05
7.34208e-05
5.7249e-05
5.4806e-05
5.06919e-05
1.45434e-05
1.33503e-05
1.12207e-05
0.000164194
0.000159808
0.000153264
0.000161466
0.000155638
0.00014748
0.000157165
0.00015059
0.000141546
0.00015011
0.000143409
0.000134264
0.000139413
0.000133076
0.000124332
0.000124531
0.000118944
0.000110941
0.00010539
0.000100751
9.38369e-05
8.24629e-05
7.89301e-05
7.34143e-05
5.72467e-05
5.4804e-05
5.06902e-05
1.45432e-05
1.33501e-05
1.12205e-05
0.000164096
0.000159712
0.000153171
0.000161374
0.00015555
0.000147397
0.000157085
0.000150514
0.000141477
0.000150044
0.000143348
0.00013421
0.000139363
0.000133031
0.000124293
0.000124498
0.000118913
0.000110916
0.000105371
0.000100733
9.38222e-05
8.24541e-05
7.89223e-05
7.34077e-05
5.72444e-05
5.4802e-05
5.06885e-05
1.4543e-05
1.33499e-05
1.12204e-05
0.000163997
0.000159615
0.000153078
0.000161282
0.000155461
0.000147314
0.000157004
0.000150437
0.000141407
0.000149979
0.000143287
0.000134155
0.000139314
0.000132986
0.000124253
0.000124464
0.000118883
0.00011089
0.000105351
0.000100716
9.38075e-05
8.24452e-05
7.89145e-05
7.34011e-05
5.72421e-05
5.48001e-05
5.06867e-05
1.45428e-05
1.33498e-05
1.12202e-05
0.000163897
0.000159517
0.000152985
0.00016119
0.000155372
0.000147231
0.000156924
0.000150361
0.000141338
0.000149913
0.000143226
0.000134101
0.000139265
0.00013294
0.000124214
0.00012443
0.000118853
0.000110864
0.000105332
0.000100698
9.37928e-05
8.24363e-05
7.89067e-05
7.33945e-05
5.72398e-05
5.47981e-05
5.0685e-05
1.45426e-05
1.33496e-05
1.122e-05
0.000163798
0.00015942
0.000152892
0.000161098
0.000155284
0.000147148
0.000156844
0.000150285
0.000141268
0.000149848
0.000143165
0.000134047
0.000139215
0.000132895
0.000124175
0.000124397
0.000118823
0.000110838
0.000105312
0.000100681
9.37781e-05
8.24274e-05
7.88989e-05
7.33879e-05
5.72375e-05
5.47961e-05
5.06833e-05
1.45424e-05
1.33494e-05
1.12198e-05
0.000163698
0.000159323
0.000152798
0.000161006
0.000155195
0.000147065
0.000156763
0.000150209
0.000141199
0.000149782
0.000143104
0.000133992
0.000139166
0.00013285
0.000124135
0.000124363
0.000118792
0.000110812
0.000105293
0.000100664
9.37633e-05
8.24185e-05
7.8891e-05
7.33813e-05
5.72352e-05
5.47941e-05
5.06815e-05
1.45422e-05
1.33492e-05
1.12196e-05
0.000163599
0.000159225
0.000152705
0.000160913
0.000155107
0.000146982
0.000156683
0.000150134
0.00014113
0.000149717
0.000143043
0.000133938
0.000139117
0.000132805
0.000124096
0.00012433
0.000118762
0.000110786
0.000105273
0.000100646
9.37486e-05
8.24095e-05
7.88832e-05
7.33747e-05
5.72329e-05
5.47921e-05
5.06798e-05
1.4542e-05
1.3349e-05
1.12194e-05
0.000163499
0.000159127
0.000152612
0.000160821
0.000155018
0.000146899
0.000156603
0.000150058
0.00014106
0.000149652
0.000142982
0.000133884
0.000139068
0.000132759
0.000124057
0.000124297
0.000118732
0.00011076
0.000105253
0.000100629
9.37338e-05
8.24006e-05
7.88753e-05
7.3368e-05
5.72305e-05
5.479e-05
5.0678e-05
1.45418e-05
1.33488e-05
1.12192e-05
0.000163398
0.000159029
0.000152519
0.000160729
0.000154929
0.000146816
0.000156523
0.000149982
0.000140991
0.000149586
0.000142922
0.00013383
0.000139018
0.000132714
0.000124017
0.000124263
0.000118702
0.000110734
0.000105234
0.000100611
9.3719e-05
8.23916e-05
7.88674e-05
7.33613e-05
5.72282e-05
5.4788e-05
5.06762e-05
1.45416e-05
1.33486e-05
1.1219e-05
0.000163298
0.000158931
0.000152425
0.000160637
0.000154841
0.000146733
0.000156443
0.000149906
0.000140922
0.000149521
0.000142861
0.000133776
0.000138969
0.000132669
0.000123978
0.00012423
0.000118671
0.000110709
0.000105214
0.000100594
9.37042e-05
8.23826e-05
7.88595e-05
7.33546e-05
5.72258e-05
5.4786e-05
5.06745e-05
1.45414e-05
1.33484e-05
1.12188e-05
0.000163197
0.000158833
0.000152332
0.000160545
0.000154752
0.00014665
0.000156363
0.000149831
0.000140853
0.000149456
0.000142801
0.000133722
0.00013892
0.000132624
0.000123939
0.000124196
0.000118641
0.000110683
0.000105195
0.000100576
9.36893e-05
8.23736e-05
7.88515e-05
7.33479e-05
5.72235e-05
5.47839e-05
5.06727e-05
1.45412e-05
1.33482e-05
1.12187e-05
0.000163097
0.000158735
0.000152238
0.000160453
0.000154664
0.000146568
0.000156284
0.000149755
0.000140784
0.000149392
0.00014274
0.000133668
0.000138871
0.000132579
0.0001239
0.000124163
0.000118611
0.000110657
0.000105175
0.000100558
9.36745e-05
8.23646e-05
7.88436e-05
7.33412e-05
5.72211e-05
5.47819e-05
5.06709e-05
1.45409e-05
1.3348e-05
1.12185e-05
0.000162996
0.000158637
0.000152145
0.000160361
0.000154575
0.000146485
0.000156204
0.00014968
0.000140715
0.000149327
0.00014268
0.000133614
0.000138823
0.000132535
0.00012386
0.00012413
0.000118581
0.000110631
0.000105155
0.000100541
9.36596e-05
8.23556e-05
7.88356e-05
7.33344e-05
5.72187e-05
5.47798e-05
5.06691e-05
1.45407e-05
1.33478e-05
1.12183e-05
0.000162895
0.000158538
0.000152052
0.000160269
0.000154487
0.000146402
0.000156125
0.000149605
0.000140647
0.000149262
0.000142619
0.00013356
0.000138774
0.00013249
0.000123821
0.000124096
0.00011855
0.000110605
0.000105136
0.000100523
9.36447e-05
8.23465e-05
7.88276e-05
7.33277e-05
5.72163e-05
5.47777e-05
5.06673e-05
1.45405e-05
1.33476e-05
1.12181e-05
0.000162794
0.00015844
0.000151958
0.000160177
0.000154399
0.00014632
0.000156045
0.000149529
0.000140578
0.000149197
0.000142559
0.000133507
0.000138725
0.000132445
0.000123782
0.000124063
0.00011852
0.000110579
0.000105116
0.000100506
9.36298e-05
8.23375e-05
7.88196e-05
7.33209e-05
5.72139e-05
5.47756e-05
5.06655e-05
1.45403e-05
1.33474e-05
1.12179e-05
0.000162693
0.000158342
0.000151865
0.000160085
0.00015431
0.000146237
0.000155966
0.000149454
0.000140509
0.000149133
0.000142499
0.000133453
0.000138676
0.0001324
0.000123743
0.00012403
0.00011849
0.000110553
0.000105096
0.000100488
9.36148e-05
8.23284e-05
7.88115e-05
7.3314e-05
5.72115e-05
5.47735e-05
5.06637e-05
1.45401e-05
1.33472e-05
1.12177e-05
0.000162592
0.000158243
0.000151771
0.000159993
0.000154222
0.000146155
0.000155887
0.000149379
0.000140441
0.000149069
0.000142439
0.000133399
0.000138628
0.000132355
0.000123704
0.000123996
0.00011846
0.000110527
0.000105077
0.00010047
9.35998e-05
8.23192e-05
7.88035e-05
7.33072e-05
5.72091e-05
5.47714e-05
5.06618e-05
1.45399e-05
1.3347e-05
1.12175e-05
0.00016249
0.000158145
0.000151678
0.000159901
0.000154134
0.000146072
0.000155807
0.000149304
0.000140372
0.000149004
0.000142379
0.000133346
0.000138579
0.000132311
0.000123665
0.000123963
0.00011843
0.000110501
0.000105057
0.000100453
9.35848e-05
8.23101e-05
7.87954e-05
7.33003e-05
5.72066e-05
5.47693e-05
5.066e-05
1.45396e-05
1.33467e-05
1.12173e-05
0.000162389
0.000158046
0.000151584
0.00015981
0.000154046
0.00014599
0.000155728
0.00014923
0.000140304
0.00014894
0.000142319
0.000133292
0.00013853
0.000132266
0.000123626
0.00012393
0.000118399
0.000110475
0.000105037
0.000100435
9.35698e-05
8.23009e-05
7.87872e-05
7.32935e-05
5.72042e-05
5.47671e-05
5.06581e-05
1.45394e-05
1.33465e-05
1.12171e-05
0.000162287
0.000157947
0.000151491
0.000159718
0.000153958
0.000145908
0.000155649
0.000149155
0.000140236
0.000148876
0.000142259
0.000133239
0.000138482
0.000132221
0.000123587
0.000123896
0.000118369
0.000110449
0.000105017
0.000100417
9.35547e-05
8.22917e-05
7.87791e-05
7.32865e-05
5.72017e-05
5.4765e-05
5.06563e-05
1.45392e-05
1.33463e-05
1.12169e-05
0.000162186
0.000157849
0.000151398
0.000159626
0.00015387
0.000145826
0.000155571
0.00014908
0.000140167
0.000148812
0.000142199
0.000133185
0.000138433
0.000132177
0.000123548
0.000123863
0.000118339
0.000110423
0.000104998
0.0001004
9.35396e-05
8.22825e-05
7.87709e-05
7.32796e-05
5.71992e-05
5.47628e-05
5.06544e-05
1.4539e-05
1.33461e-05
1.12167e-05
0.000162084
0.00015775
0.000151305
0.000159535
0.000153782
0.000145744
0.000155492
0.000149006
0.000140099
0.000148748
0.000142139
0.000133132
0.000138385
0.000132132
0.000123509
0.00012383
0.000118309
0.000110397
0.000104978
0.000100382
9.35245e-05
8.22733e-05
7.87627e-05
7.32726e-05
5.71967e-05
5.47606e-05
5.06525e-05
1.45388e-05
1.33459e-05
1.12165e-05
0.000161983
0.000157652
0.000151211
0.000159443
0.000153694
0.000145662
0.000155413
0.000148931
0.000140031
0.000148684
0.00014208
0.000133079
0.000138337
0.000132088
0.00012347
0.000123797
0.000118278
0.000110371
0.000104958
0.000100364
9.35094e-05
8.2264e-05
7.87545e-05
7.32657e-05
5.71942e-05
5.47584e-05
5.06506e-05
1.45385e-05
1.33457e-05
1.12163e-05
0.000161881
0.000157553
0.000151118
0.000159352
0.000153607
0.00014558
0.000155335
0.000148857
0.000139963
0.00014862
0.00014202
0.000133025
0.000138288
0.000132043
0.000123431
0.000123763
0.000118248
0.000110345
0.000104938
0.000100346
9.34942e-05
8.22547e-05
7.87462e-05
7.32586e-05
5.71917e-05
5.47562e-05
5.06487e-05
1.45383e-05
1.33455e-05
1.12161e-05
0.00016178
0.000157454
0.000151025
0.000159261
0.000153519
0.000145498
0.000155256
0.000148783
0.000139895
0.000148557
0.000141961
0.000132972
0.00013824
0.000131999
0.000123392
0.00012373
0.000118218
0.000110319
0.000104918
0.000100328
9.3479e-05
8.22454e-05
7.8738e-05
7.32516e-05
5.71891e-05
5.4754e-05
5.06468e-05
1.45381e-05
1.33453e-05
1.1216e-05
0.000161678
0.000157356
0.000150932
0.00015917
0.000153432
0.000145417
0.000155178
0.000148709
0.000139828
0.000148493
0.000141902
0.000132919
0.000138192
0.000131954
0.000123353
0.000123697
0.000118188
0.000110293
0.000104899
0.00010031
9.34637e-05
8.2236e-05
7.87296e-05
7.32445e-05
5.71866e-05
5.47518e-05
5.06448e-05
1.45379e-05
1.33451e-05
1.12158e-05
0.000161576
0.000157257
0.000150839
0.000159078
0.000153344
0.000145335
0.0001551
0.000148635
0.00013976
0.00014843
0.000141842
0.000132866
0.000138144
0.00013191
0.000123314
0.000123664
0.000118158
0.000110267
0.000104879
0.000100292
9.34484e-05
8.22266e-05
7.87213e-05
7.32374e-05
5.7184e-05
5.47495e-05
5.06429e-05
1.45376e-05
1.33449e-05
1.12156e-05
0.000161475
0.000157159
0.000150746
0.000158988
0.000153257
0.000145254
0.000155022
0.000148561
0.000139693
0.000148366
0.000141783
0.000132813
0.000138096
0.000131866
0.000123275
0.000123631
0.000118127
0.000110241
0.000104859
0.000100275
9.34331e-05
8.22172e-05
7.87129e-05
7.32303e-05
5.71814e-05
5.47472e-05
5.06409e-05
1.45374e-05
1.33446e-05
1.12154e-05
0.000161374
0.000157061
0.000150654
0.000158897
0.00015317
0.000145173
0.000154944
0.000148487
0.000139625
0.000148303
0.000141724
0.00013276
0.000138048
0.000131821
0.000123236
0.000123597
0.000118097
0.000110214
0.000104839
0.000100257
9.34178e-05
8.22078e-05
7.87045e-05
7.32232e-05
5.71788e-05
5.4745e-05
5.0639e-05
1.45372e-05
1.33444e-05
1.12152e-05
0.000161275
0.000156965
0.000150564
0.000158809
0.000153086
0.000145094
0.000154869
0.000148416
0.00013956
0.000148242
0.000141667
0.000132709
0.000138001
0.000131778
0.000123198
0.000123565
0.000118068
0.000110189
0.00010482
0.000100239
9.34029e-05
8.21987e-05
7.86964e-05
7.32163e-05
5.71765e-05
5.47429e-05
5.06372e-05
1.4537e-05
1.33442e-05
1.1215e-05
0.000669144
0.000672682
0.000673895
0.000659614
0.000666604
0.000669174
0.000640177
0.000653278
0.00065839
0.000602178
0.000625305
0.000634843
0.000531102
0.000569031
0.000585563
0.000406746
0.00046212
0.000487798
0.000220432
0.000282446
0.00031399
4.97324e-05
8.01855e-05
9.8952e-05
2.6353e-06
4.92562e-06
6.67812e-06
1.08583e-06
1.01943e-06
1.00184e-06
0.000666175
0.000671351
0.000673162
0.00065167
0.000662108
0.000666096
0.000621081
0.000641058
0.000649183
0.000561414
0.000596273
0.000611361
0.00045583
0.000509011
0.000533677
0.000295583
0.000360552
0.000393421
0.000116435
0.000166458
0.000195381
1.67194e-05
3.01028e-05
3.96669e-05
1.28029e-06
1.92165e-06
2.47128e-06
3.16052e-06
2.89222e-06
2.76911e-06
0.000659621
0.0006679
0.000670973
0.000636878
0.000652777
0.000659298
0.000591008
0.000619766
0.000632293
0.000508288
0.000554278
0.00057558
0.000377949
0.000439478
0.000470101
0.000210569
0.000272267
0.000306023
6.4635e-05
9.95175e-05
0.000121596
7.19037e-06
1.33631e-05
1.81728e-05
1.27383e-06
1.49885e-06
1.70634e-06
5.82329e-06
5.52291e-06
5.33879e-06
0.000648861
0.000661528
0.00066658
0.000615746
0.000638158
0.000648071
0.000553768
0.00059101
0.000608391
0.000452128
0.000505873
0.000532391
0.000309447
0.00037264
0.000406046
0.000151075
0.000204349
0.000235362
3.80772e-05
6.1474e-05
7.73061e-05
3.91179e-06
6.96933e-06
9.47328e-06
1.6161e-06
1.67139e-06
1.74695e-06
8.35717e-06
8.30457e-06
8.18621e-06
0.000634035
0.000651894
0.000659514
0.000589864
0.000618813
0.000632514
0.000513424
0.000557498
0.000579357
0.000398807
0.00045654
0.000486595
0.000253401
0.000313957
0.00034757
0.000110567
0.000154545
0.00018142
2.401e-05
3.96622e-05
5.07814e-05
2.64326e-06
4.31185e-06
5.69686e-06
2.12852e-06
2.09323e-06
2.09766e-06
1.03625e-05
1.07558e-05
1.08224e-05
0.000615803
0.000639112
0.000649651
0.000561114
0.000595875
0.000613307
0.000473071
0.000521883
0.000547363
0.000351042
0.000409726
0.00044165
0.000208997
0.000264762
0.000296943
8.30219e-05
0.000118647
0.000141244
1.62265e-05
2.68864e-05
3.47067e-05
2.10086e-06
3.11548e-06
3.94465e-06
2.73451e-06
2.65648e-06
2.61945e-06
1.17531e-05
1.26623e-05
1.29802e-05
0.000595079
0.000623622
0.000637178
0.00053117
0.000570641
0.000591418
0.000434641
0.000486221
0.000514315
0.000309584
0.000367145
0.000399598
0.000174235
0.000224473
0.000254366
6.40719e-05
9.28266e-05
0.000111573
1.16996e-05
1.91795e-05
2.47657e-05
1.85969e-06
2.54051e-06
3.0803e-06
3.39047e-06
3.30176e-06
3.24419e-06
1.26043e-05
1.40066e-05
1.45904e-05
0.000572789
0.000606032
0.000622487
0.0005013
0.00054429
0.000567852
0.000399133
0.000451882
0.000481637
0.000274185
0.00032938
0.00036141
0.000147047
0.000191817
0.000219097
5.07877e-05
7.4125e-05
8.96349e-05
8.92438e-06
1.43639e-05
1.84522e-05
1.76501e-06
2.25733e-06
2.63581e-06
4.07927e-06
3.99359e-06
3.92916e-06
1.30404e-05
1.48658e-05
1.56966e-05
0.000549745
0.000586989
0.000606074
0.000472363
0.000517766
0.000543501
0.000366927
0.000419657
0.000450273
0.000244176
0.000296364
0.000327362
0.000125664
0.00016541
0.000190074
4.12611e-05
6.0407e-05
7.32934e-05
7.13182e-06
1.12365e-05
1.43156e-05
1.75616e-06
2.12814e-06
2.40869e-06
4.80637e-06
4.71681e-06
4.65057e-06
1.31819e-05
1.53453e-05
1.63875e-05
0.000526592
0.000567086
0.000588452
0.00044488
0.000491753
0.000519075
0.00033803
0.000389921
0.000420774
0.000218774
0.000267716
0.000297332
0.000108693
0.000143999
0.000166211
3.42598e-05
5.01802e-05
6.0977e-05
5.91603e-06
9.12366e-06
1.15129e-05
1.80961e-06
2.09232e-06
2.30689e-06
5.59503e-06
5.47337e-06
5.40109e-06
1.31261e-05
1.55454e-05
1.67586e-05
0.000503804
0.000546826
0.000570089
0.000419123
0.000466708
0.000495099
0.000312253
0.000362772
0.000393406
0.00019723
0.000242927
0.000270996
9.50728e-05
0.000126538
0.000146537
2.89852e-05
4.24169e-05
5.15602e-05
5.05506e-06
7.64091e-06
9.54857e-06
1.91926e-06
2.12299e-06
2.28718e-06
6.48245e-06
6.27855e-06
6.18663e-06
1.29459e-05
1.55494e-05
1.68952e-05
0.000481711
0.000526605
0.000551389
0.000395195
0.000442905
0.000471932
0.000289317
0.000338145
0.00036824
0.000178882
0.000221474
0.000247952
8.40073e-05
0.000112188
0.00013023
2.49135e-05
3.64114e-05
4.42454e-05
4.42329e-06
6.56324e-06
8.12622e-06
2.08951e-06
2.20984e-06
2.32961e-06
7.51718e-06
7.15774e-06
7.02325e-06
1.26929e-05
1.54221e-05
1.68663e-05
0.000460523
0.000506719
0.000532674
0.000373091
0.000420487
0.000449802
0.000268913
0.000315885
0.000345229
0.000163171
0.000202869
0.000227785
7.4903e-05
0.000100289
0.000116624
2.16949e-05
3.16767e-05
3.84692e-05
3.94748e-06
5.75569e-06
7.0651e-06
2.33351e-06
2.35214e-06
2.42659e-06
8.75655e-06
8.14401e-06
7.93453e-06
1.24038e-05
1.52113e-05
1.67254e-05
0.000440362
0.000487378
0.000514194
0.00035274
0.000399503
0.000428832
0.000250739
0.000295792
0.000324256
0.000149632
0.000186678
0.000210104
6.7315e-05
9.03299e-05
0.000105184
1.90917e-05
2.78734e-05
3.38321e-05
3.58443e-06
5.13529e-06
6.25252e-06
2.6738e-06
2.55604e-06
2.57816e-06
1.02617e-05
9.27611e-06
8.94959e-06
1.21044e-05
1.49516e-05
1.65125e-05
0.000421283
0.000468724
0.000496131
0.000334033
0.000379943
0.000409077
0.000234514
0.000277657
0.000305169
0.000137885
0.000172527
0.000194559
6.09066e-05
8.19112e-05
9.54861e-05
1.69385e-05
2.4762e-05
3.00481e-05
3.30931e-06
4.65013e-06
5.61684e-06
3.14384e-06
2.83398e-06
2.79011e-06
1.20876e-05
1.05959e-05
1.01013e-05
1.18137e-05
1.46682e-05
1.62568e-05
0.000403297
0.000450844
0.000478615
0.000316847
0.000361756
0.00039054
0.000219983
0.000261272
0.000287803
0.000127616
0.000160098
0.000180841
5.54192e-05
7.4723e-05
8.71939e-05
1.51176e-05
2.21704e-05
2.69102e-05
3.10976e-06
4.26758e-06
5.11181e-06
3.78931e-06
3.205e-06
3.0734e-06
1.42661e-05
1.21441e-05
1.1424e-05
1.15466e-05
1.43797e-05
1.598e-05
0.000386385
0.000433784
0.000461731
0.000301048
0.000344868
0.00037319
0.000206919
0.000246441
0.000271993
0.000118568
0.000149122
0.000168686
5.06511e-05
6.85214e-05
8.00413e-05
1.35447e-05
1.99734e-05
2.42668e-05
2.98302e-06
3.9677e-06
4.70747e-06
4.66711e-06
3.69521e-06
3.44431e-06
1.67881e-05
1.39517e-05
1.29503e-05
1.13155e-05
1.41003e-05
1.56983e-05
0.000370504
0.000417561
0.00044553
0.000286508
0.000329194
0.000356977
0.000195121
0.000232984
0.000257579
0.000110522
0.000139373
0.000157865
4.64416e-05
6.31124e-05
7.38151e-05
1.21588e-05
1.80779e-05
2.20048e-05
2.93493e-06
3.73959e-06
4.38483e-06
5.83932e-06
4.33811e-06
3.92482e-06
1.95852e-05
1.60338e-05
1.4706e-05
1.11301e-05
1.3841e-05
1.54239e-05
0.000355602
0.000402169
0.000430039
0.000273099
0.000314642
0.000341838
0.000184412
0.000220738
0.000244413
0.000103298
0.00013066
0.000148184
4.26617e-05
5.83402e-05
6.83435e-05
1.09179e-05
1.64144e-05
2.00388e-05
2.97968e-06
3.57943e-06
4.1328e-06
7.36095e-06
5.1735e-06
4.54258e-06
2.25313e-05
1.83799e-05
1.67037e-05
1.09962e-05
1.36114e-05
1.51669e-05
0.000341618
0.000387588
0.000415263
0.0002607
0.000301121
0.000327702
0.000174634
0.000209556
0.000232358
9.6741e-05
0.000122818
0.000139474
3.92069e-05
5.40778e-05
6.34862e-05
9.79579e-06
1.49315e-05
1.83039e-05
3.13975e-06
3.48951e-06
3.94646e-06
9.26451e-06
6.24406e-06
5.33014e-06
2.54674e-05
2.09446e-05
1.89363e-05
1.09142e-05
1.34187e-05
1.49356e-05
0.000328484
0.000373788
0.000401194
0.000249202
0.00028854
0.000314496
0.000165648
0.000199305
0.000221288
9.07193e-05
0.000115707
0.000131593
3.59951e-05
5.02208e-05
5.91278e-05
8.78176e-06
1.35908e-05
1.67503e-05
3.44533e-06
3.47793e-06
3.82617e-06
1.15466e-05
7.58951e-06
6.32247e-06
2.82368e-05
2.36488e-05
2.13715e-05
1.08784e-05
1.32681e-05
1.47367e-05
0.000316137
0.000360729
0.000387814
0.0002385
0.000276814
0.000302148
0.000157333
0.000189868
0.000211091
8.51218e-05
0.000109208
0.000124416
3.29645e-05
4.66831e-05
5.51725e-05
7.87778e-06
1.23661e-05
1.53406e-05
3.93285e-06
3.55829e-06
3.77711e-06
1.4163e-05
9.23862e-06
7.55322e-06
3.07193e-05
2.63895e-05
2.39502e-05
1.08785e-05
1.31613e-05
1.45751e-05
0.000304511
0.000348372
0.000375096
0.000228501
0.000265859
0.000290586
0.00014958
0.000181138
0.000201663
7.98559e-05
0.000103216
0.000117833
3.00741e-05
4.33938e-05
5.15402e-05
7.09573e-06
1.12415e-05
1.4048e-05
4.64194e-06
3.74945e-06
3.80903e-06
1.70329e-05
1.12016e-05
9.0495e-06
3.28499e-05
2.90559e-05
2.65918e-05
1.09018e-05
1.30963e-05
1.44533e-05
0.000293542
0.00033667
0.00036301
0.000219118
0.0002556
0.000279743
0.000142297
0.000173022
0.000192912
7.48462e-05
9.76406e-05
0.000111753
2.73035e-05
4.02962e-05
4.81645e-05
6.45226e-06
1.02116e-05
1.28551e-05
5.61049e-06
4.07482e-06
3.936e-06
2.0052e-05
1.3465e-05
1.08262e-05
3.46188e-05
3.1548e-05
2.92056e-05
1.09362e-05
1.30676e-05
1.43709e-05
0.000283171
0.00032558
0.000351521
0.000210274
0.000245966
0.000269552
0.000135404
0.000165436
0.000184755
7.00347e-05
9.24059e-05
0.000106091
2.46527e-05
3.73459e-05
4.49904e-05
5.96455e-06
9.27941e-06
1.17526e-05
6.86848e-06
4.5612e-06
4.17592e-06
2.31081e-05
1.59909e-05
1.28817e-05
3.60574e-05
3.37924e-05
3.17031e-05
1.09724e-05
1.30668e-05
1.43245e-05
0.000273343
0.000315058
0.000340596
0.000201901
0.000236891
0.000259955
0.000128831
0.000158305
0.000177117
6.538e-05
8.74461e-05
0.000100779
2.21362e-05
3.4514e-05
4.19745e-05
5.64732e-06
8.45442e-06
1.07391e-05
8.43204e-06
5.23691e-06
4.54989e-06
2.60968e-05
1.872e-05
1.51954e-05
3.72194e-05
3.57508e-05
3.4011e-05
1.10042e-05
1.30847e-05
1.43081e-05
0.000264003
0.00030506
0.000330197
0.000193936
0.000228315
0.000250894
0.000122523
0.000151564
0.000169932
6.08562e-05
8.27073e-05
9.57542e-05
1.97784e-05
3.17858e-05
3.9084e-05
5.51211e-06
7.74954e-06
9.81978e-06
1.02992e-05
6.12951e-06
5.0811e-06
2.89336e-05
2.15781e-05
1.77289e-05
3.81632e-05
3.7418e-05
3.60801e-05
1.10286e-05
1.31124e-05
1.43141e-05
0.000255105
0.000295545
0.00032029
0.000186325
0.000220185
0.000242316
0.000116433
0.000145156
0.000163139
5.64521e-05
7.81456e-05
9.09647e-05
1.76099e-05
2.91559e-05
3.62967e-05
5.56861e-06
7.17842e-06
9.00413e-06
1.24497e-05
7.2617e-06
5.79316e-06
3.15606e-05
2.44848e-05
2.04281e-05
3.89403e-05
3.88168e-05
3.7888e-05
1.10446e-05
1.3143e-05
1.43346e-05
0.000246603
0.000286474
0.00031084
0.000179021
0.00021245
0.000234175
0.000110526
0.00013903
0.000156687
5.21684e-05
7.37275e-05
8.63669e-05
1.56582e-05
2.66309e-05
3.36013e-05
5.82657e-06
6.75326e-06
8.30384e-06
1.48473e-05
8.64797e-06
6.70803e-06
3.39482e-05
2.7362e-05
2.32291e-05
3.95924e-05
3.99838e-05
3.94368e-05
1.10528e-05
1.31715e-05
1.43624e-05
0.000238458
0.00027781
0.000301813
0.000171985
0.000205067
0.000226425
0.000104775
0.000133143
0.000150527
4.80167e-05
6.94292e-05
8.19256e-05
1.3943e-05
2.42257e-05
3.0997e-05
6.29693e-06
6.48394e-06
7.73073e-06
1.74417e-05
1.02929e-05
7.84358e-06
3.60919e-05
3.01417e-05
2.60638e-05
4.01498e-05
4.09606e-05
4.07482e-05
1.10544e-05
1.3195e-05
1.43918e-05
0.000230632
0.000269518
0.000293179
0.00016518
0.000197994
0.000219026
9.91627e-05
0.000127461
0.000144619
4.40115e-05
6.52362e-05
7.76135e-05
1.24766e-05
2.19611e-05
2.84906e-05
6.99152e-06
6.37829e-06
7.29517e-06
2.01736e-05
1.219e-05
9.21151e-06
3.8006e-05
3.2771e-05
2.88666e-05
4.06336e-05
4.17866e-05
4.18547e-05
1.10507e-05
1.32123e-05
1.44188e-05
0.000223094
0.000261567
0.000284906
0.000158579
0.000191197
0.000211941
9.3677e-05
0.000121952
0.000138928
4.01772e-05
6.11403e-05
7.34109e-05
1.12624e-05
1.98595e-05
2.60951e-05
7.92137e-06
6.44311e-06
7.00547e-06
2.298e-05
1.43212e-05
1.08157e-05
3.97166e-05
3.5215e-05
3.15798e-05
4.10585e-05
4.24954e-05
4.27924e-05
1.10428e-05
1.32232e-05
1.4441e-05
0.000215814
0.000253926
0.000276966
0.000152158
0.000184644
0.000205137
8.83128e-05
0.000116593
0.000133422
3.65344e-05
5.7146e-05
6.9305e-05
1.0298e-05
1.79406e-05
2.3828e-05
9.09436e-06
6.68531e-06
6.86816e-06
2.57988e-05
1.66581e-05
1.26513e-05
4.12546e-05
3.74569e-05
3.4158e-05
4.14354e-05
4.31128e-05
4.35955e-05
1.10319e-05
1.32284e-05
1.44576e-05
0.000208767
0.000246567
0.000269333
0.000145898
0.000178307
0.000198584
8.30701e-05
0.000111366
0.000128077
3.31088e-05
5.32575e-05
6.52898e-05
9.57694e-06
1.62197e-05
2.17079e-05
1.05129e-05
7.1126e-06
6.88879e-06
2.85744e-05
1.91634e-05
1.47046e-05
4.26507e-05
3.94955e-05
3.65698e-05
4.1773e-05
4.36577e-05
4.42931e-05
1.10189e-05
1.32288e-05
1.44684e-05
0.000201931
0.000239468
0.000261981
0.000139783
0.000172162
0.000192254
7.79532e-05
0.000106257
0.00012287
2.99225e-05
4.94842e-05
6.13637e-05
9.09128e-06
1.47071e-05
1.97519e-05
1.21724e-05
7.73342e-06
7.07285e-06
3.1261e-05
2.17932e-05
1.69536e-05
4.39318e-05
4.13417e-05
3.87983e-05
4.20786e-05
4.41436e-05
4.49078e-05
1.10044e-05
1.32252e-05
1.44739e-05
0.000195285
0.000232603
0.000254887
0.000133803
0.000166189
0.000186124
7.29752e-05
0.000101255
0.000117785
2.69918e-05
4.58396e-05
5.75304e-05
8.83287e-06
1.34076e-05
1.79743e-05
1.40601e-05
8.55595e-06
7.42664e-06
3.38254e-05
2.45003e-05
1.93686e-05
4.51193e-05
4.30143e-05
4.08398e-05
4.23586e-05
4.458e-05
4.54564e-05
1.09889e-05
1.32185e-05
1.4475e-05
0.000188814
0.000225954
0.000248031
0.000127947
0.00016037
0.000180173
6.81333e-05
9.63535e-05
0.000112809
2.43348e-05
4.23372e-05
5.37981e-05
8.79509e-06
1.23219e-05
1.63849e-05
1.61556e-05
9.5869e-06
7.95729e-06
3.62473e-05
2.72367e-05
2.19139e-05
4.6229e-05
4.45362e-05
4.2701e-05
4.26184e-05
4.49743e-05
4.59506e-05
1.0973e-05
1.32094e-05
1.44724e-05
0.000182502
0.000219501
0.000241391
0.000122211
0.000154689
0.000174381
6.34465e-05
9.15491e-05
0.000107931
2.19563e-05
3.8992e-05
5.01766e-05
8.97352e-06
1.14478e-05
1.49899e-05
1.8431e-05
1.08304e-05
8.67213e-06
3.85184e-05
2.99573e-05
2.45499e-05
4.7272e-05
4.59308e-05
4.43965e-05
4.28622e-05
4.53324e-05
4.63987e-05
1.09568e-05
1.31986e-05
1.4467e-05
0.000176337
0.000213227
0.000234951
0.000116589
0.000149134
0.000168732
5.89263e-05
8.68405e-05
0.000103143
1.98586e-05
3.58206e-05
4.66755e-05
9.36605e-06
1.0781e-05
1.37915e-05
2.08512e-05
1.22879e-05
9.57785e-06
4.06406e-05
3.26226e-05
2.72352e-05
4.82554e-05
4.72198e-05
4.5945e-05
4.30933e-05
4.56598e-05
4.68069e-05
1.09408e-05
1.31864e-05
1.44592e-05
0.000170307
0.000207118
0.000228694
0.000111078
0.000143694
0.000163211
5.45846e-05
8.22287e-05
9.84411e-05
1.80388e-05
3.28378e-05
4.33069e-05
9.97243e-06
1.03167e-05
1.27894e-05
2.33777e-05
1.39554e-05
1.06798e-05
4.26229e-05
3.52008e-05
2.99292e-05
4.91845e-05
4.84215e-05
4.7367e-05
4.33138e-05
4.59611e-05
4.71802e-05
1.0925e-05
1.31733e-05
1.44498e-05
0.000164403
0.000201161
0.000222604
0.000105678
0.00013836
0.000157807
5.0433e-05
7.77214e-05
9.38209e-05
1.64907e-05
3.00544e-05
4.00834e-05
1.07933e-05
1.00499e-05
1.19813e-05
2.59711e-05
1.58228e-05
1.1981e-05
4.4479e-05
3.76686e-05
3.25945e-05
5.00628e-05
4.95502e-05
4.86825e-05
4.35251e-05
4.62409e-05
4.75227e-05
1.09096e-05
1.31596e-05
1.4439e-05
0.000158615
0.000195342
0.000216669
0.000100386
0.000133123
0.000152507
4.64826e-05
7.33112e-05
8.92811e-05
1.52057e-05
2.74854e-05
3.70175e-05
1.18289e-05
9.97688e-06
1.13638e-05
2.85926e-05
1.78743e-05
1.34806e-05
4.62241e-05
4.00117e-05
3.51985e-05
5.08938e-05
5.06166e-05
4.99091e-05
4.3728e-05
4.65027e-05
4.78387e-05
1.08946e-05
1.31454e-05
1.44272e-05
0.000152939
0.000189652
0.000210876
9.52215e-05
0.000127978
0.000147302
4.2736e-05
6.90099e-05
8.48215e-05
1.41738e-05
2.5136e-05
3.41212e-05
1.3078e-05
1.0095e-05
1.09331e-05
3.12073e-05
2.00882e-05
1.51742e-05
4.78737e-05
4.22242e-05
3.77153e-05
5.16808e-05
5.16281e-05
5.10617e-05
4.39229e-05
4.67498e-05
4.81319e-05
1.08801e-05
1.31311e-05
1.44146e-05
0.000147364
0.000184081
0.000205215
9.01436e-05
0.000122918
0.000142183
3.92211e-05
6.48237e-05
8.04426e-05
1.33854e-05
2.30111e-05
3.14051e-05
1.45364e-05
1.04034e-05
1.06858e-05
3.37851e-05
2.24384e-05
1.70525e-05
4.94412e-05
4.43071e-05
4.01262e-05
5.2427e-05
5.25896e-05
5.21517e-05
4.41098e-05
4.69844e-05
4.84057e-05
1.0866e-05
1.31166e-05
1.44014e-05
0.000141883
0.000178622
0.000199677
8.51732e-05
0.000117939
0.000137144
3.59383e-05
6.07562e-05
7.61493e-05
1.28312e-05
2.11129e-05
2.88789e-05
1.61963e-05
1.09025e-05
1.06192e-05
3.63019e-05
2.48958e-05
1.91015e-05
5.09378e-05
4.62669e-05
4.24198e-05
5.31358e-05
5.35045e-05
5.31873e-05
4.42889e-05
4.72082e-05
4.86632e-05
1.08523e-05
1.31021e-05
1.43878e-05
0.00013649
0.000173266
0.000194254
8.03151e-05
0.000113036
0.000132179
3.28947e-05
5.68147e-05
7.19439e-05
1.25032e-05
1.94413e-05
2.65499e-05
1.80457e-05
1.15939e-05
1.07318e-05
3.87402e-05
2.74295e-05
2.13031e-05
5.2372e-05
4.81135e-05
4.45914e-05
5.38106e-05
5.43752e-05
5.41742e-05
4.44601e-05
4.74223e-05
4.89068e-05
1.08389e-05
1.30876e-05
1.43739e-05
0.000131181
0.000168008
0.00018894
7.55712e-05
0.000108206
0.000127281
3.00976e-05
5.30067e-05
6.78303e-05
1.23949e-05
1.79944e-05
2.44237e-05
2.00681e-05
1.24793e-05
1.10237e-05
4.10897e-05
3.00082e-05
2.3635e-05
5.37501e-05
4.98589e-05
4.66422e-05
5.44543e-05
5.52038e-05
5.51161e-05
4.46235e-05
4.76271e-05
4.91384e-05
1.08256e-05
1.30732e-05
1.43597e-05
0.000125951
0.000162845
0.000183733
7.09448e-05
0.000103446
0.000122449
2.75524e-05
4.93401e-05
6.38137e-05
1.25017e-05
1.67692e-05
2.2504e-05
2.22432e-05
1.356e-05
1.14959e-05
4.33457e-05
3.26019e-05
2.60721e-05
5.50761e-05
5.15155e-05
4.85777e-05
5.50696e-05
5.59924e-05
5.60155e-05
4.47791e-05
4.7823e-05
4.93592e-05
1.08124e-05
1.30588e-05
1.43453e-05
0.000120796
0.000157775
0.00017863
6.64406e-05
9.87712e-05
0.000117678
2.52629e-05
4.58163e-05
5.99003e-05
1.28209e-05
1.57621e-05
2.07929e-05
2.45475e-05
1.4836e-05
1.21504e-05
4.5509e-05
3.51835e-05
2.85873e-05
5.6353e-05
5.30949e-05
5.04069e-05
5.56587e-05
5.67433e-05
5.68741e-05
4.4927e-05
4.801e-05
4.95701e-05
1.07991e-05
1.30444e-05
1.43306e-05
0.000115733
0.000152796
0.000173631
6.20559e-05
9.41518e-05
0.000112968
2.32307e-05
4.24582e-05
5.60977e-05
1.33511e-05
1.49693e-05
1.92911e-05
2.69549e-05
1.63051e-05
1.299e-05
4.7584e-05
3.77295e-05
3.1153e-05
5.75831e-05
5.46072e-05
5.21405e-05
5.62236e-05
5.74586e-05
5.76933e-05
4.50671e-05
4.8188e-05
4.97713e-05
1.07856e-05
1.30297e-05
1.43157e-05
0.00011074
0.000147906
0.000168738
5.78083e-05
8.959e-05
0.000108318
2.14564e-05
3.92762e-05
5.24149e-05
1.40921e-05
1.43872e-05
1.79987e-05
2.94388e-05
1.79612e-05
1.40177e-05
4.95776e-05
4.02213e-05
3.3742e-05
5.87682e-05
5.60609e-05
5.37895e-05
5.67656e-05
5.8141e-05
5.84747e-05
4.51994e-05
4.83568e-05
4.99629e-05
1.07717e-05
1.30148e-05
1.43005e-05
0.000105791
0.000143108
0.000163957
5.37219e-05
8.51012e-05
0.000103728
1.99393e-05
3.62771e-05
4.88627e-05
1.50437e-05
1.40127e-05
1.69148e-05
3.19727e-05
1.9796e-05
1.52352e-05
5.1498e-05
4.26452e-05
3.63293e-05
5.99103e-05
5.74625e-05
5.5365e-05
5.7286e-05
5.87928e-05
5.92199e-05
4.53239e-05
4.85164e-05
5.0145e-05
1.07574e-05
1.29995e-05
1.42848e-05
0.000100903
0.000138405
0.000159293
4.98017e-05
8.06898e-05
9.92032e-05
1.86777e-05
3.34741e-05
4.54527e-05
1.62056e-05
1.38433e-05
1.60382e-05
3.45317e-05
2.17976e-05
1.66424e-05
5.33538e-05
4.49924e-05
3.88923e-05
6.10114e-05
5.88166e-05
5.68767e-05
5.77859e-05
5.94163e-05
5.99309e-05
4.54405e-05
4.86669e-05
5.03174e-05
1.07424e-05
1.29836e-05
1.42686e-05
9.60908e-05
0.000133802
0.000154752
4.60605e-05
7.63615e-05
9.47446e-05
1.76691e-05
3.08799e-05
4.22013e-05
1.75757e-05
1.38778e-05
1.53675e-05
3.70938e-05
2.39512e-05
1.82367e-05
5.51526e-05
4.72589e-05
4.14124e-05
6.20742e-05
6.01267e-05
5.83327e-05
5.82661e-05
6.00137e-05
6.06098e-05
4.55492e-05
4.88082e-05
5.04801e-05
1.07267e-05
1.29672e-05
1.42518e-05
9.13618e-05
0.0001293
0.000150343
4.25187e-05
7.21216e-05
9.03663e-05
1.69107e-05
2.85069e-05
3.91231e-05
1.91501e-05
1.41162e-05
1.49013e-05
3.96394e-05
2.62406e-05
2.00123e-05
5.69015e-05
4.94445e-05
4.38752e-05
6.3101e-05
6.13951e-05
5.97398e-05
5.87278e-05
6.0587e-05
6.1259e-05
4.565e-05
4.89407e-05
5.06331e-05
1.07101e-05
1.29499e-05
1.42343e-05
8.67248e-05
0.000124901
0.000146072
3.91984e-05
6.79825e-05
8.60773e-05
1.63997e-05
2.63659e-05
3.62347e-05
2.09217e-05
1.45594e-05
1.46382e-05
4.21541e-05
2.86455e-05
2.19613e-05
5.86059e-05
5.15522e-05
4.62703e-05
6.40949e-05
6.26236e-05
6.11029e-05
5.9172e-05
6.11379e-05
6.18808e-05
4.57431e-05
4.90644e-05
5.07766e-05
1.06926e-05
1.29318e-05
1.42159e-05
8.21882e-05
0.000120611
0.000141945
3.61213e-05
6.39592e-05
8.18884e-05
1.61336e-05
2.44661e-05
3.35529e-05
2.28808e-05
1.52093e-05
1.45777e-05
4.46284e-05
3.11436e-05
2.40721e-05
6.02706e-05
5.35871e-05
4.85919e-05
6.50586e-05
6.38139e-05
6.24257e-05
5.95998e-05
6.1668e-05
6.24775e-05
4.58289e-05
4.91798e-05
5.09109e-05
1.06739e-05
1.29127e-05
1.41967e-05
7.77638e-05
0.000116436
0.000137965
3.3308e-05
6.00698e-05
7.78126e-05
1.61106e-05
2.28145e-05
3.10932e-05
2.50145e-05
1.60682e-05
1.472e-05
4.70568e-05
3.37122e-05
2.63304e-05
6.18991e-05
5.55559e-05
5.08379e-05
6.59949e-05
6.49676e-05
6.37109e-05
6.00124e-05
6.21788e-05
6.30513e-05
4.59077e-05
4.92874e-05
5.10366e-05
1.06542e-05
1.28926e-05
1.41764e-05
7.3467e-05
0.000112381
0.000134125
3.07763e-05
5.63346e-05
7.38644e-05
1.63298e-05
2.14156e-05
2.8869e-05
2.7307e-05
1.71383e-05
1.50661e-05
4.94375e-05
3.6329e-05
2.87192e-05
6.34941e-05
5.74662e-05
5.30097e-05
6.69068e-05
6.60866e-05
6.49604e-05
6.04114e-05
6.26717e-05
6.36045e-05
4.59803e-05
4.93876e-05
5.11543e-05
1.06334e-05
1.28714e-05
1.41551e-05
6.93088e-05
0.000108452
0.000130418
2.854e-05
5.27761e-05
7.00581e-05
1.67916e-05
2.02716e-05
2.6891e-05
2.97402e-05
1.84213e-05
1.56181e-05
5.17717e-05
3.89733e-05
3.12196e-05
6.50579e-05
5.93259e-05
5.51113e-05
6.77968e-05
6.71732e-05
6.6176e-05
6.07983e-05
6.31483e-05
6.41389e-05
4.60474e-05
4.94814e-05
5.12648e-05
1.06115e-05
1.28492e-05
1.41327e-05
6.53037e-05
0.000104653
0.000126835
2.66081e-05
4.94171e-05
6.64092e-05
1.74972e-05
1.93825e-05
2.51668e-05
3.22942e-05
1.99171e-05
1.63786e-05
5.40629e-05
4.16267e-05
3.38114e-05
6.65928e-05
6.11423e-05
5.7149e-05
6.86677e-05
6.82303e-05
6.73596e-05
6.11748e-05
6.36102e-05
6.46566e-05
4.61102e-05
4.95694e-05
5.1369e-05
1.05886e-05
1.2826e-05
1.41094e-05
6.14727e-05
0.000100976
0.000123356
2.4985e-05
4.62791e-05
6.29326e-05
1.84485e-05
1.87471e-05
2.37002e-05
3.49487e-05
2.1624e-05
1.7351e-05
5.63162e-05
4.42738e-05
3.64739e-05
6.81013e-05
6.29219e-05
5.91302e-05
6.95222e-05
6.92608e-05
6.85133e-05
6.15428e-05
6.40592e-05
6.51597e-05
4.61698e-05
4.96528e-05
5.1468e-05
1.05648e-05
1.28018e-05
1.4085e-05
5.78365e-05
9.74276e-05
0.000119962
2.36711e-05
4.33748e-05
5.96417e-05
1.96473e-05
1.83631e-05
2.2492e-05
3.7683e-05
2.35377e-05
1.85384e-05
5.85373e-05
4.6903e-05
3.91872e-05
6.95862e-05
6.46706e-05
6.10632e-05
7.03631e-05
7.02684e-05
6.96397e-05
6.19044e-05
6.44973e-05
6.56501e-05
4.62278e-05
4.97328e-05
5.1563e-05
1.05403e-05
1.27767e-05
1.40598e-05
5.44146e-05
9.40115e-05
0.000116629
2.26631e-05
4.07146e-05
5.65478e-05
2.10945e-05
1.82283e-05
2.15404e-05
4.04777e-05
2.56514e-05
1.99432e-05
6.07318e-05
4.95068e-05
4.19327e-05
7.10511e-05
6.63937e-05
6.29564e-05
7.11934e-05
7.12568e-05
7.0742e-05
6.2262e-05
6.49268e-05
6.61302e-05
4.62856e-05
4.98107e-05
5.16553e-05
1.05154e-05
1.2751e-05
1.40337e-05
5.12235e-05
9.0718e-05
0.000113334
2.1956e-05
3.831e-05
5.36598e-05
2.27895e-05
1.83413e-05
2.08418e-05
4.33154e-05
2.79539e-05
2.15688e-05
6.2906e-05
5.20807e-05
4.46941e-05
7.24997e-05
6.80957e-05
6.48183e-05
7.20162e-05
7.22299e-05
7.18239e-05
6.26178e-05
6.53502e-05
6.66024e-05
4.63452e-05
4.98881e-05
5.17463e-05
1.04902e-05
1.27246e-05
1.4007e-05
4.82802e-05
8.74718e-05
0.000110052
2.15439e-05
3.6191e-05
5.09833e-05
2.4729e-05
1.87018e-05
2.0392e-05
4.61814e-05
3.04321e-05
2.34154e-05
6.50662e-05
5.46234e-05
4.74581e-05
7.39363e-05
6.9781e-05
6.66565e-05
7.28349e-05
7.31921e-05
7.28898e-05
6.29748e-05
6.57703e-05
6.70693e-05
4.64086e-05
4.99667e-05
5.18376e-05
1.04653e-05
1.26979e-05
1.39797e-05
4.56039e-05
8.42468e-05
0.000106759
2.1421e-05
3.43597e-05
4.85211e-05
2.69063e-05
1.93112e-05
2.0187e-05
4.9064e-05
3.30711e-05
2.54811e-05
6.72177e-05
5.71366e-05
5.02147e-05
7.53659e-05
7.14534e-05
6.84786e-05
7.36534e-05
7.41478e-05
7.39445e-05
6.33358e-05
6.619e-05
6.75338e-05
4.64779e-05
5.00483e-05
5.19309e-05
1.04408e-05
1.26711e-05
1.39521e-05
4.31804e-05
8.10402e-05
0.000103442
2.15825e-05
3.28127e-05
4.62731e-05
2.93108e-05
2.01722e-05
2.02237e-05
5.1955e-05
3.58539e-05
2.77611e-05
6.93656e-05
5.96249e-05
5.29579e-05
7.67935e-05
7.31172e-05
7.02913e-05
7.44755e-05
7.51015e-05
7.49932e-05
6.37042e-05
6.66125e-05
6.79993e-05
4.65556e-05
5.01349e-05
5.20278e-05
1.04173e-05
1.26444e-05
1.39242e-05
4.10229e-05
7.78861e-05
0.000100092
2.20244e-05
3.15321e-05
4.42368e-05
3.19279e-05
2.12881e-05
2.05003e-05
5.48492e-05
3.87638e-05
3.02465e-05
7.15138e-05
6.20944e-05
5.56851e-05
7.8224e-05
7.47771e-05
7.21009e-05
7.53058e-05
7.60578e-05
7.60415e-05
6.40833e-05
6.70414e-05
6.84692e-05
4.66441e-05
5.02287e-05
5.21305e-05
1.03951e-05
1.2618e-05
1.38962e-05
3.91634e-05
7.47969e-05
9.67146e-05
2.27444e-05
3.05072e-05
4.24084e-05
3.47384e-05
2.26624e-05
2.1017e-05
5.77441e-05
4.17825e-05
3.29267e-05
7.3666e-05
6.4553e-05
5.83975e-05
7.96624e-05
7.6438e-05
7.39136e-05
7.61485e-05
7.70214e-05
7.70952e-05
6.44767e-05
6.74802e-05
6.89474e-05
4.67461e-05
5.03319e-05
5.22411e-05
1.03748e-05
1.25924e-05
1.38684e-05
3.75756e-05
7.17501e-05
9.33486e-05
2.37402e-05
2.97308e-05
4.07842e-05
3.77195e-05
2.4298e-05
2.17754e-05
6.0639e-05
4.48918e-05
3.57885e-05
7.58247e-05
6.7009e-05
6.10988e-05
8.11133e-05
7.8105e-05
7.57351e-05
7.70082e-05
7.79972e-05
7.81601e-05
6.48881e-05
6.79327e-05
6.94377e-05
4.68643e-05
5.04472e-05
5.23619e-05
1.03569e-05
1.25676e-05
1.38409e-05
3.62455e-05
6.87522e-05
8.99889e-05
2.50082e-05
2.91964e-05
3.93594e-05
4.08452e-05
2.61957e-05
2.27788e-05
6.35338e-05
4.80748e-05
3.8816e-05
7.79911e-05
6.94714e-05
6.37956e-05
8.25809e-05
7.97835e-05
7.75707e-05
7.7889e-05
7.89899e-05
7.92419e-05
6.53211e-05
6.84026e-05
6.99444e-05
4.70011e-05
5.05768e-05
5.24953e-05
1.03419e-05
1.25442e-05
1.38139e-05
3.51683e-05
6.58743e-05
8.6631e-05
2.65434e-05
2.88994e-05
3.81295e-05
4.40871e-05
2.83534e-05
2.4031e-05
6.64285e-05
5.13157e-05
4.19914e-05
8.0167e-05
7.19475e-05
6.6495e-05
8.40685e-05
8.14788e-05
7.94256e-05
7.87946e-05
8.0004e-05
8.03461e-05
6.57787e-05
6.88935e-05
7.04718e-05
4.7159e-05
5.07234e-05
5.2644e-05
1.03302e-05
1.25225e-05
1.37877e-05
3.43389e-05
6.31178e-05
8.32968e-05
2.83374e-05
2.88365e-05
3.70912e-05
4.7416e-05
3.07651e-05
2.55359e-05
6.93236e-05
5.45998e-05
4.52947e-05
8.23537e-05
7.44425e-05
6.9205e-05
8.55784e-05
8.31958e-05
8.13047e-05
7.97276e-05
8.10436e-05
8.1478e-05
6.62634e-05
6.9409e-05
7.10237e-05
4.73398e-05
5.08894e-05
5.28104e-05
1.03225e-05
1.25028e-05
1.37625e-05
3.37519e-05
6.04886e-05
8.0009e-05
3.03779e-05
2.90056e-05
3.62424e-05
5.08017e-05
3.34211e-05
2.72966e-05
7.22184e-05
5.79143e-05
4.87046e-05
8.45512e-05
7.69599e-05
7.19324e-05
8.71113e-05
8.49382e-05
8.3212e-05
8.06895e-05
8.21123e-05
8.26417e-05
6.67768e-05
6.99519e-05
7.16041e-05
4.75447e-05
5.10771e-05
5.2997e-05
1.03191e-05
1.24856e-05
1.37387e-05
3.34026e-05
5.80014e-05
7.67896e-05
3.26477e-05
2.9406e-05
3.55824e-05
5.42177e-05
3.63051e-05
2.93142e-05
7.51101e-05
6.12484e-05
5.21989e-05
8.67582e-05
7.95009e-05
7.46826e-05
8.86666e-05
8.67087e-05
8.51502e-05
8.168e-05
8.32123e-05
8.38408e-05
6.7319e-05
7.05245e-05
7.22159e-05
4.77739e-05
5.12882e-05
5.32061e-05
1.03206e-05
1.24714e-05
1.37167e-05
3.32867e-05
5.56677e-05
7.36587e-05
3.51251e-05
3.00377e-05
3.5113e-05
5.76404e-05
3.93959e-05
3.15869e-05
7.79938e-05
6.45924e-05
5.57555e-05
8.89713e-05
8.20641e-05
7.74584e-05
9.02413e-05
8.85078e-05
8.71209e-05
8.26969e-05
8.43448e-05
8.50771e-05
6.78887e-05
7.11278e-05
7.28614e-05
4.80264e-05
5.15235e-05
5.34397e-05
1.03271e-05
1.24606e-05
1.3697e-05
3.34001e-05
5.34988e-05
7.06349e-05
3.7785e-05
3.09026e-05
3.48384e-05
6.10496e-05
4.26642e-05
3.41121e-05
8.08623e-05
6.79377e-05
5.93529e-05
9.1185e-05
8.46459e-05
8.02593e-05
9.183e-05
9.03344e-05
8.91232e-05
8.3736e-05
8.55089e-05
8.63506e-05
6.84826e-05
7.17614e-05
7.35414e-05
4.82992e-05
5.1783e-05
5.3699e-05
1.0339e-05
1.24538e-05
1.368e-05
3.37385e-05
5.15078e-05
6.7735e-05
4.05997e-05
3.20021e-05
3.47644e-05
6.44282e-05
4.60809e-05
3.68793e-05
8.37065e-05
7.12756e-05
6.29711e-05
9.33908e-05
8.72398e-05
8.30817e-05
9.34228e-05
9.21849e-05
9.11539e-05
8.47855e-05
8.6702e-05
8.76592e-05
6.90885e-05
7.2423e-05
7.4255e-05
4.8578e-05
5.20651e-05
5.39839e-05
1.03564e-05
1.24514e-05
1.36665e-05
3.42975e-05
4.97061e-05
6.49736e-05
4.35402e-05
3.33372e-05
3.48984e-05
6.77623e-05
4.96144e-05
3.98726e-05
8.65142e-05
7.45976e-05
6.65917e-05
9.55708e-05
8.98367e-05
8.59183e-05
9.49975e-05
9.40524e-05
9.32069e-05
8.58271e-05
8.7918e-05
8.89981e-05
6.96936e-05
7.31067e-05
7.49995e-05
4.8856e-05
5.23611e-05
5.42929e-05
1.03789e-05
1.24538e-05
1.3657e-05
3.50731e-05
4.81042e-05
6.23629e-05
4.65776e-05
3.4907e-05
3.52491e-05
7.10433e-05
5.32326e-05
4.30712e-05
8.92645e-05
7.78941e-05
7.01982e-05
9.77057e-05
9.24236e-05
8.87587e-05
9.6543e-05
9.59207e-05
9.5273e-05
8.68521e-05
8.9138e-05
9.03587e-05
7.02908e-05
7.37948e-05
7.57673e-05
4.91302e-05
5.26585e-05
5.46177e-05
1.0406e-05
1.24613e-05
1.3652e-05
3.60606e-05
4.6712e-05
5.99138e-05
4.96875e-05
3.67091e-05
3.58256e-05
7.42504e-05
5.69043e-05
4.64496e-05
9.19395e-05
8.11557e-05
7.37746e-05
9.9786e-05
9.49783e-05
9.15881e-05
9.80494e-05
9.77691e-05
9.73336e-05
8.78512e-05
9.03503e-05
9.17192e-05
7.08731e-05
7.44816e-05
7.65391e-05
4.93973e-05
5.29547e-05
5.49441e-05
1.0437e-05
1.24738e-05
1.36521e-05
3.72527e-05
4.55391e-05
5.76369e-05
5.28415e-05
3.87386e-05
3.66376e-05
7.7367e-05
6.06025e-05
4.99786e-05
9.45313e-05
8.43644e-05
7.73061e-05
0.0001018
9.74822e-05
9.43824e-05
9.95067e-05
9.95855e-05
9.93673e-05
8.88153e-05
9.15452e-05
9.30664e-05
7.14333e-05
7.51596e-05
7.73067e-05
4.96536e-05
5.32465e-05
5.52683e-05
1.04712e-05
1.2491e-05
1.36571e-05
3.86384e-05
4.45944e-05
5.55427e-05
5.60014e-05
4.09863e-05
3.76941e-05
8.03897e-05
6.42991e-05
5.36274e-05
9.70326e-05
8.74983e-05
8.07754e-05
0.000103738
9.99263e-05
9.71194e-05
0.000100905
0.000101359
0.000101362
8.9736e-05
9.27122e-05
9.43888e-05
7.19651e-05
7.58214e-05
7.80613e-05
4.98954e-05
5.35301e-05
5.55861e-05
1.05079e-05
1.25125e-05
1.36669e-05
4.02114e-05
4.38851e-05
5.36431e-05
5.9144e-05
4.34403e-05
3.90014e-05
8.33162e-05
6.79528e-05
5.73625e-05
9.94378e-05
9.05479e-05
8.41627e-05
0.000105593
0.0001023
9.97861e-05
0.000102237
0.000103077
0.000103304
9.06059e-05
9.38411e-05
9.56754e-05
7.24627e-05
7.64592e-05
7.87941e-05
5.01196e-05
5.38017e-05
5.58931e-05
1.05462e-05
1.25378e-05
1.36811e-05
4.19605e-05
4.34206e-05
5.19499e-05
6.22508e-05
4.60832e-05
4.05614e-05
8.61449e-05
7.1541e-05
6.11389e-05
0.000101743
9.35071e-05
8.74617e-05
0.000107358
0.000104593
0.000102371
0.000103494
0.00010473
0.000105184
9.1419e-05
9.49221e-05
9.69157e-05
7.29216e-05
7.70658e-05
7.9497e-05
5.03237e-05
5.40573e-05
5.61851e-05
1.05854e-05
1.25663e-05
1.36994e-05
4.38716e-05
4.3206e-05
5.04757e-05
6.53075e-05
4.88907e-05
4.23736e-05
8.88747e-05
7.50429e-05
6.49192e-05
0.000103946
9.63698e-05
9.06674e-05
0.000109031
0.000106797
0.000104866
0.000104674
0.000106309
0.000106989
9.21709e-05
9.59469e-05
9.81006e-05
7.33385e-05
7.76349e-05
8.01628e-05
5.05059e-05
5.42937e-05
5.64581e-05
1.06248e-05
1.25974e-05
1.3721e-05
4.5928e-05
4.32471e-05
4.92358e-05
6.8304e-05
5.18345e-05
4.44347e-05
9.15052e-05
7.8446e-05
6.86731e-05
0.000106046
9.91301e-05
9.37759e-05
0.000110608
0.000108902
0.000107266
0.000105772
0.000107805
0.000108714
9.28592e-05
9.69084e-05
9.92225e-05
7.37118e-05
7.81612e-05
8.07856e-05
5.06656e-05
5.45081e-05
5.67093e-05
1.06637e-05
1.26303e-05
1.37454e-05
4.81113e-05
4.35531e-05
4.82462e-05
7.12331e-05
5.48861e-05
4.67342e-05
9.40365e-05
8.1744e-05
7.23731e-05
0.000108043
0.000101784
9.67835e-05
0.00011209
0.000110906
0.000109563
0.000106789
0.000109214
0.00011035
9.3483e-05
9.78013e-05
0.000100276
7.40409e-05
7.86409e-05
8.13614e-05
5.08026e-05
5.46989e-05
5.69364e-05
1.07016e-05
1.26643e-05
1.37719e-05
5.04021e-05
4.41271e-05
4.75216e-05
7.40905e-05
5.80164e-05
4.9255e-05
9.64693e-05
8.49335e-05
7.5997e-05
0.000109939
0.000104328
9.96867e-05
0.000113477
0.000112806
0.000111754
0.000107725
0.000110532
0.000111893
9.40432e-05
9.86227e-05
0.000101256
7.43269e-05
7.90715e-05
8.18875e-05
5.09176e-05
5.48651e-05
5.71385e-05
1.0738e-05
1.26987e-05
1.37999e-05
5.2781e-05
4.49669e-05
4.70707e-05
7.68736e-05
6.11969e-05
5.19734e-05
9.88048e-05
8.8014e-05
7.95281e-05
0.000111737
0.000106762
0.000102483
0.000114772
0.000114602
0.000113837
0.000108581
0.000111759
0.000113341
9.45419e-05
9.93715e-05
0.00010216
7.45716e-05
7.94526e-05
8.23625e-05
5.10121e-05
5.50067e-05
5.73154e-05
1.07724e-05
1.27329e-05
1.38287e-05
5.5229e-05
4.60651e-05
4.69042e-05
7.95815e-05
6.44005e-05
5.48616e-05
0.000101045
9.09859e-05
8.29547e-05
0.000113439
0.000109085
0.000105169
0.000115977
0.000116294
0.000115811
0.000109361
0.000112896
0.000114692
9.49822e-05
0.000100048
0.000102989
7.47778e-05
7.97849e-05
8.27863e-05
5.10877e-05
5.51245e-05
5.74678e-05
1.08048e-05
1.27663e-05
1.38579e-05
5.77284e-05
4.741e-05
4.70278e-05
8.22139e-05
6.76028e-05
5.78888e-05
0.000103192
9.38511e-05
8.627e-05
0.000115048
0.0001113
0.000107745
0.000117098
0.000117885
0.000117678
0.000110069
0.000113945
0.000115949
9.53679e-05
0.000100656
0.000103742
7.49489e-05
8.00708e-05
8.31601e-05
5.11466e-05
5.52203e-05
5.75968e-05
1.08348e-05
1.27986e-05
1.3887e-05
6.02627e-05
4.89858e-05
4.74425e-05
8.47714e-05
7.07826e-05
6.10223e-05
0.00010525
9.66116e-05
8.94705e-05
0.000116569
0.000113408
0.000110209
0.000118137
0.000119378
0.000119439
0.000110709
0.000114909
0.000117113
9.57034e-05
0.000101196
0.000104423
7.50883e-05
8.03133e-05
8.34859e-05
5.11909e-05
5.52959e-05
5.7704e-05
1.08625e-05
1.28293e-05
1.39155e-05
6.28173e-05
5.07738e-05
4.81445e-05
8.72547e-05
7.3922e-05
6.4229e-05
0.00010722
9.92698e-05
9.25561e-05
0.000118006
0.000115412
0.000112564
0.000119101
0.000120776
0.000121098
0.000111286
0.000115791
0.000118188
9.59933e-05
0.000101675
0.000105034
7.51999e-05
8.05161e-05
8.37665e-05
5.1223e-05
5.53538e-05
5.77914e-05
1.08879e-05
1.28583e-05
1.39433e-05
6.53795e-05
5.27526e-05
4.91255e-05
8.96649e-05
7.70065e-05
6.74769e-05
0.000109106
0.000101828
9.55284e-05
0.000119362
0.000117317
0.000114809
0.000119993
0.000122083
0.000122658
0.000111805
0.000116598
0.000119179
9.62421e-05
0.000102096
0.00010558
7.52874e-05
8.06831e-05
8.40053e-05
5.12448e-05
5.53965e-05
5.78611e-05
1.09111e-05
1.28855e-05
1.39701e-05
6.79384e-05
5.48989e-05
5.03728e-05
9.2003e-05
8.00252e-05
7.07365e-05
0.000110911
0.000104289
9.83905e-05
0.000120642
0.000119126
0.000116949
0.000120818
0.000123305
0.000124125
0.000112271
0.000117333
0.000120089
9.64543e-05
0.000102465
0.000106065
7.53541e-05
8.08184e-05
8.42061e-05
5.12585e-05
5.54263e-05
5.79153e-05
1.0932e-05
1.29108e-05
1.39958e-05
7.04847e-05
5.71876e-05
5.187e-05
9.427e-05
8.29702e-05
7.39815e-05
0.00011264
0.000106655
0.000101146
0.00012185
0.000120843
0.000118987
0.000121581
0.000124446
0.000125502
0.000112688
0.000118002
0.000120925
9.66344e-05
0.000102786
0.000106494
7.54035e-05
8.0926e-05
8.43727e-05
5.12657e-05
5.54456e-05
5.79561e-05
1.0951e-05
1.29343e-05
1.40202e-05
7.30108e-05
5.95939e-05
5.35975e-05
9.64673e-05
8.5836e-05
7.71898e-05
0.000114294
0.000108928
0.000103799
0.00012299
0.000122473
0.000120927
0.000122287
0.00012551
0.000126795
0.000113062
0.00011861
0.000121691
9.67863e-05
0.000103064
0.000106872
7.54384e-05
8.10099e-05
8.45091e-05
5.12678e-05
5.54564e-05
5.79856e-05
1.09682e-05
1.29559e-05
1.40435e-05
7.55105e-05
6.2093e-05
5.55328e-05
9.85961e-05
8.86195e-05
8.03434e-05
0.000115877
0.000111111
0.000106353
0.000124065
0.000124019
0.000122773
0.000122939
0.000126503
0.000128007
0.000113397
0.000119162
0.000122392
9.69137e-05
0.000103304
0.000107203
7.54613e-05
8.10737e-05
8.46189e-05
5.12663e-05
5.54606e-05
5.80057e-05
1.09837e-05
1.29759e-05
1.40655e-05
7.79785e-05
6.46613e-05
5.76514e-05
0.000100658
9.13193e-05
8.34288e-05
0.000117392
0.000113206
0.000108811
0.00012508
0.000125486
0.000124529
0.000123542
0.000127429
0.000129144
0.000113696
0.000119663
0.000123034
9.70199e-05
0.000103511
0.000107492
7.54746e-05
8.11206e-05
8.47057e-05
5.12619e-05
5.54598e-05
5.80182e-05
1.09977e-05
1.29944e-05
1.40864e-05
8.04107e-05
6.72767e-05
5.99267e-05
0.000102653
9.39351e-05
8.64365e-05
0.000118841
0.000115216
0.000111177
0.000126037
0.000126877
0.000126202
0.0001241
0.000128293
0.000130211
0.000113963
0.000120118
0.000123621
9.71078e-05
0.000103689
0.000107745
7.548e-05
8.11535e-05
8.47728e-05
5.12557e-05
5.54554e-05
5.80244e-05
1.10104e-05
1.30114e-05
1.41061e-05
8.28038e-05
6.99189e-05
6.23318e-05
0.000104584
9.64679e-05
8.93604e-05
0.000120228
0.000117143
0.000113454
0.00012694
0.000128197
0.000127794
0.000124616
0.0001291
0.000131211
0.000114202
0.000120531
0.000124157
9.71799e-05
0.000103841
0.000107964
7.54791e-05
8.1175e-05
8.48231e-05
5.12483e-05
5.54483e-05
5.80258e-05
1.10219e-05
1.30272e-05
1.41248e-05
8.51549e-05
7.25698e-05
6.48402e-05
0.000106453
9.89188e-05
9.21974e-05
0.000121554
0.000118991
0.000115645
0.000127792
0.000129448
0.000129311
0.000125093
0.000129852
0.00013215
0.000114416
0.000120905
0.000124647
9.72384e-05
0.000103971
0.000108154
7.54734e-05
8.11872e-05
8.48591e-05
5.12401e-05
5.54396e-05
5.80234e-05
1.10324e-05
1.30418e-05
1.41425e-05
8.74617e-05
7.52139e-05
6.74264e-05
0.00010826
0.00010129
9.49466e-05
0.000122823
0.000120762
0.000117752
0.000128596
0.000130635
0.000130755
0.000125534
0.000130554
0.000133031
0.000114606
0.000121245
0.000125095
9.72853e-05
0.000104082
0.000108318
7.54638e-05
8.11921e-05
8.48832e-05
5.12315e-05
5.54299e-05
5.8018e-05
1.1042e-05
1.30554e-05
1.41592e-05
8.97223e-05
7.78378e-05
7.00663e-05
0.000110007
0.000103582
9.76087e-05
0.000124036
0.000122458
0.000119778
0.000129355
0.000131761
0.000132131
0.000125942
0.000131209
0.000133858
0.000114776
0.000121554
0.000125505
9.73222e-05
0.000104175
0.00010846
7.54514e-05
8.11911e-05
8.48974e-05
5.12229e-05
5.54197e-05
5.80104e-05
1.10508e-05
1.30682e-05
1.41752e-05
9.19352e-05
8.04304e-05
7.27378e-05
0.000111696
0.000105799
0.000100186
0.000125196
0.000124083
0.000121725
0.00013007
0.000132828
0.000133442
0.000126319
0.00013182
0.000134634
0.000114927
0.000121835
0.00012588
9.73506e-05
0.000104254
0.000108581
7.54367e-05
8.11855e-05
8.49033e-05
5.12143e-05
5.54094e-05
5.80011e-05
1.10589e-05
1.30801e-05
1.41903e-05
9.40991e-05
8.29832e-05
7.54211e-05
0.000113329
0.000107941
0.00010268
0.000126306
0.00012564
0.000123597
0.000130745
0.00013384
0.000134691
0.000126668
0.000132391
0.000135364
0.000115062
0.000122089
0.000126223
9.73717e-05
0.000104321
0.000108685
7.54204e-05
8.11763e-05
8.49025e-05
5.1206e-05
5.53992e-05
5.79907e-05
1.10665e-05
1.30914e-05
1.42047e-05
9.62131e-05
8.54892e-05
7.80989e-05
0.000114907
0.000110011
0.000105094
0.000127367
0.00012713
0.000125396
0.000131382
0.000134799
0.000135882
0.000126991
0.000132924
0.000136049
0.000115181
0.000122321
0.000126537
9.73865e-05
0.000104377
0.000108774
7.54029e-05
8.11644e-05
8.48962e-05
5.11979e-05
5.53893e-05
5.79795e-05
1.10735e-05
1.3102e-05
1.42185e-05
9.82764e-05
8.79435e-05
8.07564e-05
0.000116432
0.00011201
0.000107431
0.000128381
0.000128558
0.000127124
0.000131983
0.000135709
0.000137016
0.00012729
0.000133421
0.000136693
0.000115288
0.000122531
0.000126825
9.73959e-05
0.000104423
0.000108849
7.53846e-05
8.11504e-05
8.48854e-05
5.11902e-05
5.53799e-05
5.79677e-05
1.10801e-05
1.31121e-05
1.42316e-05
0.000100289
9.03426e-05
8.33816e-05
0.000117906
0.000113942
0.000109693
0.000129351
0.000129925
0.000128785
0.00013255
0.000136571
0.000138096
0.000127565
0.000133885
0.000137298
0.000115381
0.000122721
0.000127089
9.74006e-05
0.000104461
0.000108913
7.53656e-05
8.11348e-05
8.48711e-05
5.11829e-05
5.53709e-05
5.79557e-05
1.10863e-05
1.31217e-05
1.42441e-05
0.00010225
9.26841e-05
8.59646e-05
0.000119329
0.000115806
0.000111883
0.000130278
0.000131234
0.00013038
0.000133084
0.000137388
0.000139126
0.00012782
0.000134319
0.000137868
0.000115464
0.000122894
0.000127332
9.74012e-05
0.000104491
0.000108967
7.53462e-05
8.1118e-05
8.4854e-05
5.11759e-05
5.53624e-05
5.79435e-05
1.10922e-05
1.31308e-05
1.42561e-05
0.000104159
9.49667e-05
8.84983e-05
0.000120704
0.000117606
0.000114003
0.000131165
0.000132487
0.000131912
0.000133589
0.000138162
0.000140107
0.000128055
0.000134723
0.000138403
0.000115537
0.000123051
0.000127554
9.73983e-05
0.000104515
0.000109011
7.53266e-05
8.11004e-05
8.48347e-05
5.11692e-05
5.53545e-05
5.79314e-05
1.10977e-05
1.31396e-05
1.42675e-05
0.000106018
9.71901e-05
9.0977e-05
0.000122032
0.000119343
0.000116054
0.000132013
0.000133687
0.000133384
0.000134064
0.000138896
0.000141041
0.000128273
0.000135101
0.000138907
0.0001156
0.000123193
0.000127758
9.73923e-05
0.000104534
0.000109049
7.53069e-05
8.10822e-05
8.48138e-05
5.11628e-05
5.5347e-05
5.79193e-05
1.1103e-05
1.3148e-05
1.42785e-05
0.000107826
9.93542e-05
9.33971e-05
0.000123314
0.000121019
0.000118038
0.000132823
0.000134835
0.000134798
0.000134513
0.000139591
0.000141932
0.000128473
0.000135453
0.000139381
0.000115655
0.000123321
0.000127946
9.73836e-05
0.000104548
0.000109079
7.5287e-05
8.10635e-05
8.47917e-05
5.11567e-05
5.53399e-05
5.79074e-05
1.1108e-05
1.3156e-05
1.4289e-05
0.000109583
0.00010146
9.57564e-05
0.000124551
0.000122635
0.000119958
0.000133598
0.000135934
0.000136157
0.000134936
0.00014025
0.00014278
0.000128657
0.000135781
0.000139827
0.000115703
0.000123437
0.000128119
9.73725e-05
0.000104557
0.000109104
7.52672e-05
8.10445e-05
8.47688e-05
5.11509e-05
5.53332e-05
5.78958e-05
1.11128e-05
1.31637e-05
1.42991e-05
0.000111292
0.000103507
9.80538e-05
0.000125746
0.000124195
0.000121813
0.000134339
0.000136985
0.000137461
0.000135335
0.000140874
0.000143588
0.000128828
0.000136087
0.000140248
0.000115743
0.000123542
0.000128277
9.73594e-05
0.000104562
0.000109124
7.52474e-05
8.10254e-05
8.47452e-05
5.11453e-05
5.53268e-05
5.78845e-05
1.11174e-05
1.31711e-05
1.43087e-05
0.000112951
0.000105498
0.000100289
0.000126899
0.000125698
0.000123606
0.000135047
0.000137991
0.000138713
0.000135711
0.000141464
0.000144358
0.000128984
0.000136373
0.000140643
0.000115777
0.000123636
0.000128423
9.73444e-05
0.000104565
0.00010914
7.52277e-05
8.10061e-05
8.47214e-05
5.114e-05
5.53207e-05
5.78735e-05
1.11219e-05
1.31783e-05
1.4318e-05
0.000114562
0.000107434
0.000102463
0.000128011
0.000127148
0.000125338
0.000135724
0.000138954
0.000139915
0.000136065
0.000142024
0.000145091
0.000129128
0.000136638
0.000141015
0.000115806
0.00012372
0.000128558
9.73277e-05
0.000104564
0.000109151
7.52081e-05
8.09869e-05
8.46974e-05
5.11348e-05
5.53149e-05
5.78628e-05
1.11261e-05
1.31851e-05
1.43269e-05
0.000116127
0.000109315
0.000104576
0.000129085
0.000128545
0.00012701
0.000136371
0.000139874
0.000141068
0.000136399
0.000142553
0.000145788
0.00012926
0.000136886
0.000141366
0.000115829
0.000123796
0.000128682
9.73097e-05
0.00010456
0.000109159
7.51886e-05
8.09676e-05
8.46734e-05
5.11297e-05
5.53093e-05
5.78524e-05
1.11302e-05
1.31917e-05
1.43354e-05
0.000117645
0.000111144
0.000106629
0.00013012
0.000129892
0.000128624
0.00013699
0.000140755
0.000142175
0.000136714
0.000143054
0.000146453
0.000129381
0.000137117
0.000141696
0.000115848
0.000123864
0.000128796
9.72904e-05
0.000104554
0.000109165
7.51692e-05
8.09484e-05
8.46495e-05
5.11248e-05
5.53039e-05
5.78424e-05
1.11341e-05
1.31981e-05
1.43436e-05
0.000119119
0.000112921
0.000108625
0.000131118
0.00013119
0.000130181
0.000137581
0.000141597
0.000143237
0.000137011
0.000143529
0.000147085
0.000129492
0.000137331
0.000142007
0.000115862
0.000123924
0.0001289
9.727e-05
0.000104546
0.000109167
7.51499e-05
8.09292e-05
8.46259e-05
5.11201e-05
5.52986e-05
5.78328e-05
1.11379e-05
1.32042e-05
1.43515e-05
0.000120548
0.000114647
0.000110564
0.000132081
0.000132442
0.000131683
0.000138146
0.000142402
0.000144254
0.000137291
0.000143977
0.000147687
0.000129594
0.000137531
0.000142299
0.000115872
0.000123977
0.000128997
9.72487e-05
0.000104536
0.000109168
7.51308e-05
8.09101e-05
8.46026e-05
5.11154e-05
5.52934e-05
5.78235e-05
1.11415e-05
1.32101e-05
1.4359e-05
0.000121934
0.000116324
0.000112449
0.000133009
0.000133648
0.000133131
0.000138686
0.000143171
0.00014523
0.000137554
0.000144402
0.00014826
0.000129686
0.000137716
0.000142574
0.000115878
0.000124024
0.000129085
9.72265e-05
0.000104525
0.000109166
7.51119e-05
8.0891e-05
8.45797e-05
5.11108e-05
5.52884e-05
5.78145e-05
1.11451e-05
1.32158e-05
1.43663e-05
0.000123278
0.000117954
0.00011428
0.000133904
0.000134809
0.000134527
0.000139202
0.000143907
0.000146165
0.000137802
0.000144803
0.000148805
0.000129771
0.000137888
0.000142833
0.000115881
0.000124065
0.000129167
9.72036e-05
0.000104511
0.000109163
7.50931e-05
8.08721e-05
8.45571e-05
5.11063e-05
5.52835e-05
5.78059e-05
1.11485e-05
1.32213e-05
1.43733e-05
0.000124581
0.000119537
0.000116059
0.000134766
0.000135929
0.000135872
0.000139695
0.00014461
0.000147061
0.000138036
0.000145183
0.000149323
0.000129848
0.000138048
0.000143077
0.000115881
0.0001241
0.000129241
9.71801e-05
0.000104497
0.000109158
7.50745e-05
8.08532e-05
8.45349e-05
5.11018e-05
5.52786e-05
5.77976e-05
1.11517e-05
1.32266e-05
1.43801e-05
0.000125844
0.000121074
0.000117788
0.000135597
0.000137008
0.000137169
0.000140166
0.000145282
0.000147918
0.000138256
0.000145542
0.000149815
0.000129917
0.000138196
0.000143306
0.000115878
0.00012413
0.000129309
9.71561e-05
0.000104481
0.000109152
7.50561e-05
8.08345e-05
8.45132e-05
5.10974e-05
5.52738e-05
5.77896e-05
1.11549e-05
1.32317e-05
1.43865e-05
0.000127068
0.000122566
0.000119467
0.000136397
0.000138047
0.000138418
0.000140616
0.000145925
0.000148739
0.000138463
0.000145881
0.000150283
0.00012998
0.000138333
0.000143521
0.000115872
0.000124156
0.000129372
9.71316e-05
0.000104464
0.000109144
7.50379e-05
8.08158e-05
8.44918e-05
5.10931e-05
5.52691e-05
5.77819e-05
1.11579e-05
1.32366e-05
1.43928e-05
0.000128254
0.000124016
0.000121099
0.000137169
0.000139048
0.000139621
0.000141045
0.000146538
0.000149525
0.000138658
0.000146201
0.000150727
0.000130037
0.000138459
0.000143723
0.000115865
0.000124177
0.000129429
9.71067e-05
0.000104446
0.000109136
7.50198e-05
8.07973e-05
8.44709e-05
5.10888e-05
5.52645e-05
5.77744e-05
1.11609e-05
1.32413e-05
1.43988e-05
0.000129402
0.000125422
0.000122683
0.000137911
0.000140012
0.00014078
0.000141455
0.000147124
0.000150277
0.000138841
0.000146503
0.000151149
0.000130088
0.000138576
0.000143913
0.000115855
0.000124195
0.000129481
9.70815e-05
0.000104427
0.000109126
7.50019e-05
8.07788e-05
8.44504e-05
5.10846e-05
5.52599e-05
5.77672e-05
1.11637e-05
1.32459e-05
1.44046e-05
0.000130514
0.000126788
0.000124222
0.000138626
0.000140941
0.000141896
0.000141847
0.000147684
0.000150997
0.000139013
0.000146789
0.00015155
0.000130133
0.000138684
0.000144091
0.000115843
0.000124208
0.000129528
9.7056e-05
0.000104407
0.000109115
7.49843e-05
8.07604e-05
8.44303e-05
5.10805e-05
5.52553e-05
5.77602e-05
1.11664e-05
1.32503e-05
1.44101e-05
0.00013159
0.000128112
0.000125716
0.000139315
0.000141836
0.000142971
0.000142221
0.000148218
0.000151685
0.000139174
0.000147058
0.00015193
0.000130173
0.000138783
0.000144258
0.000115829
0.000124218
0.00012957
9.70302e-05
0.000104386
0.000109103
7.49668e-05
8.07422e-05
8.44106e-05
5.10763e-05
5.52508e-05
5.77534e-05
1.11691e-05
1.32545e-05
1.44155e-05
0.000132632
0.000129398
0.000127166
0.000139978
0.000142697
0.000144006
0.000142577
0.000148729
0.000152343
0.000139326
0.000147312
0.00015229
0.000130209
0.000138874
0.000144414
0.000115814
0.000124225
0.000129608
9.70043e-05
0.000104365
0.000109091
7.49495e-05
8.0724e-05
8.43912e-05
5.10723e-05
5.52463e-05
5.77469e-05
1.11716e-05
1.32586e-05
1.44207e-05
0.000133641
0.000130644
0.000128574
0.000140616
0.000143527
0.000145002
0.000142918
0.000149216
0.000152972
0.000139468
0.000147552
0.000152632
0.00013024
0.000138958
0.00014456
0.000115797
0.000124228
0.000129642
9.69783e-05
0.000104342
0.000109078
7.49324e-05
8.07059e-05
8.43722e-05
5.10682e-05
5.52418e-05
5.77405e-05
1.11741e-05
1.32625e-05
1.44257e-05
0.000134616
0.000131853
0.000129939
0.00014123
0.000144325
0.000145961
0.000143242
0.000149682
0.000153572
0.000139601
0.000147777
0.000152955
0.000130267
0.000139034
0.000144696
0.000115778
0.000124229
0.000129672
9.69521e-05
0.00010432
0.000109064
7.49155e-05
8.06879e-05
8.43536e-05
5.10642e-05
5.52373e-05
5.77343e-05
1.11764e-05
1.32663e-05
1.44305e-05
0.00013556
0.000133026
0.000131264
0.00014182
0.000145094
0.000146884
0.000143552
0.000150126
0.000154147
0.000139725
0.00014799
0.000153262
0.000130289
0.000139103
0.000144823
0.000115759
0.000124228
0.000129698
9.69259e-05
0.000104297
0.000109049
7.48988e-05
8.067e-05
8.43352e-05
5.10603e-05
5.52329e-05
5.77283e-05
1.11787e-05
1.32699e-05
1.44351e-05
0.000136473
0.000134162
0.000132549
0.000142388
0.000145834
0.000147773
0.000143847
0.000150549
0.000154695
0.000139842
0.00014819
0.000153552
0.000130309
0.000139166
0.000144942
0.000115738
0.000124223
0.000129721
9.68996e-05
0.000104273
0.000109034
7.48823e-05
8.06522e-05
8.43172e-05
5.10564e-05
5.52284e-05
5.77225e-05
1.11809e-05
1.32735e-05
1.44395e-05
0.000137355
0.000135263
0.000133795
0.000142934
0.000146546
0.000148627
0.000144128
0.000150953
0.000155218
0.000139951
0.000148378
0.000153826
0.000130324
0.000139224
0.000145052
0.000115716
0.000124217
0.000129741
9.68733e-05
0.000104249
0.000109018
7.48659e-05
8.06345e-05
8.42994e-05
5.10525e-05
5.5224e-05
5.77168e-05
1.11831e-05
1.32769e-05
1.44438e-05
0.000138209
0.000136331
0.000135004
0.000143459
0.000147232
0.00014945
0.000144396
0.000151339
0.000155718
0.000140052
0.000148555
0.000154086
0.000130336
0.000139275
0.000145154
0.000115694
0.000124208
0.000129758
9.68469e-05
0.000104224
0.000109001
7.48498e-05
8.06169e-05
8.42819e-05
5.10487e-05
5.52196e-05
5.77112e-05
1.11851e-05
1.32801e-05
1.4448e-05
0.000139033
0.000137365
0.000136175
0.000143964
0.000147891
0.000150241
0.000144651
0.000151706
0.000156195
0.000140146
0.000148721
0.000154331
0.000130346
0.000139321
0.000145249
0.00011567
0.000124198
0.000129771
9.68206e-05
0.000104199
0.000108984
7.48339e-05
8.05994e-05
8.42646e-05
5.10449e-05
5.52152e-05
5.77058e-05
1.11871e-05
1.32833e-05
1.4452e-05
0.00013983
0.000138367
0.00013731
0.000144449
0.000148525
0.000151001
0.000144893
0.000152057
0.00015665
0.000140234
0.000148877
0.000154562
0.000130352
0.000139362
0.000145336
0.000115645
0.000124185
0.000129782
9.67943e-05
0.000104174
0.000108967
7.48181e-05
8.0582e-05
8.42475e-05
5.10411e-05
5.52108e-05
5.77005e-05
1.1189e-05
1.32863e-05
1.44558e-05
0.0001406
0.000139337
0.000138411
0.000144915
0.000149136
0.000151733
0.000145124
0.00015239
0.000157085
0.000140316
0.000149023
0.00015478
0.000130355
0.000139398
0.000145417
0.00011562
0.000124171
0.00012979
9.6768e-05
0.000104149
0.000108949
7.48025e-05
8.05647e-05
8.42307e-05
5.10374e-05
5.52065e-05
5.76953e-05
1.11908e-05
1.32892e-05
1.44596e-05
0.000141343
0.000140276
0.000139477
0.000145362
0.000149722
0.000152436
0.000145343
0.000152708
0.000157499
0.000140391
0.00014916
0.000154986
0.000130356
0.000139429
0.000145491
0.000115594
0.000124155
0.000129795
9.67418e-05
0.000104123
0.00010893
7.47871e-05
8.05476e-05
8.4214e-05
5.10337e-05
5.52021e-05
5.76902e-05
1.11926e-05
1.32921e-05
1.44631e-05
0.000142061
0.000141186
0.000140511
0.000145792
0.000150286
0.000153113
0.000145552
0.000153011
0.000157893
0.00014046
0.000149287
0.000155179
0.000130355
0.000139457
0.000145559
0.000115567
0.000124138
0.000129798
9.67156e-05
0.000104097
0.000108911
7.47718e-05
8.05305e-05
8.41975e-05
5.10301e-05
5.51978e-05
5.76852e-05
1.11943e-05
1.32948e-05
1.44666e-05
0.000142755
0.000142067
0.000141512
0.000146204
0.000150828
0.000153763
0.00014575
0.000153299
0.000158269
0.000140524
0.000149407
0.000155361
0.000130351
0.00013948
0.00014562
0.00011554
0.000124119
0.000129799
9.66895e-05
0.000104071
0.000108892
7.47567e-05
8.05136e-05
8.41812e-05
5.10265e-05
5.51935e-05
5.76803e-05
1.1196e-05
1.32974e-05
1.44699e-05
0.000143424
0.00014292
0.000142483
0.0001466
0.00015135
0.000154388
0.000145938
0.000153573
0.000158627
0.000140583
0.000149518
0.000155532
0.000130345
0.000139499
0.000145677
0.000115512
0.000124099
0.000129798
9.66635e-05
0.000104045
0.000108872
7.47418e-05
8.04968e-05
8.4165e-05
5.10229e-05
5.51892e-05
5.76755e-05
1.11976e-05
1.32999e-05
1.44731e-05
0.00014407
0.000143745
0.000143423
0.00014698
0.00015185
0.000154989
0.000146116
0.000153834
0.000158968
0.000140637
0.000149621
0.000155693
0.000130336
0.000139514
0.000145728
0.000115483
0.000124077
0.000129794
9.66375e-05
0.000104018
0.000108851
7.47271e-05
8.04801e-05
8.41489e-05
5.10194e-05
5.51849e-05
5.76708e-05
1.11991e-05
1.33023e-05
1.44762e-05
0.000144694
0.000144544
0.000144334
0.000147344
0.000152331
0.000155566
0.000146285
0.000154082
0.000159293
0.000140686
0.000149717
0.000155844
0.000130326
0.000139527
0.000145773
0.000115454
0.000124055
0.000129788
9.66116e-05
0.000103992
0.00010883
7.47125e-05
8.04635e-05
8.4133e-05
5.10159e-05
5.51807e-05
5.76661e-05
1.12006e-05
1.33047e-05
1.44792e-05
0.000145296
0.000145317
0.000145217
0.000147693
0.000152794
0.00015612
0.000146444
0.000154317
0.000159601
0.00014073
0.000149806
0.000155985
0.000130314
0.000139535
0.000145814
0.000115425
0.000124031
0.000129781
9.65858e-05
0.000103965
0.000108809
7.46981e-05
8.04471e-05
8.41173e-05
5.10124e-05
5.51765e-05
5.76616e-05
1.1202e-05
1.33069e-05
1.44821e-05
0.000145876
0.000146065
0.000146072
0.000148027
0.000153237
0.000156653
0.000146595
0.000154541
0.000159895
0.00014077
0.000149888
0.000156117
0.0001303
0.000139541
0.00014585
0.000115395
0.000124006
0.000129771
9.65602e-05
0.000103938
0.000108788
7.46838e-05
8.04308e-05
8.41016e-05
5.10089e-05
5.51723e-05
5.76571e-05
1.12034e-05
1.33091e-05
1.44849e-05
0.000146436
0.000146788
0.0001469
0.000148348
0.000153663
0.000157165
0.000146738
0.000154753
0.000160174
0.000140805
0.000149964
0.00015624
0.000130284
0.000139543
0.000145882
0.000115364
0.000123981
0.00012976
9.65346e-05
0.000103911
0.000108766
7.46697e-05
8.04146e-05
8.40861e-05
5.10055e-05
5.51681e-05
5.76526e-05
1.12047e-05
1.33112e-05
1.44875e-05
0.000146976
0.000147489
0.000147703
0.000148654
0.000154073
0.000157656
0.000146873
0.000154954
0.000160439
0.000140837
0.000150034
0.000156354
0.000130267
0.000139543
0.000145909
0.000115334
0.000123954
0.000129748
9.65091e-05
0.000103884
0.000108744
7.46557e-05
8.03985e-05
8.40706e-05
5.10021e-05
5.5164e-05
5.76482e-05
1.1206e-05
1.33132e-05
1.44901e-05
0.000147497
0.000148166
0.000148481
0.000148948
0.000154465
0.000158128
0.000147
0.000155145
0.000160691
0.000140864
0.000150098
0.000156461
0.000130248
0.00013954
0.000145932
0.000115303
0.000123926
0.000129733
9.64837e-05
0.000103857
0.000108721
7.46418e-05
8.03826e-05
8.40553e-05
5.09988e-05
5.51599e-05
5.76439e-05
1.12072e-05
1.33151e-05
1.44926e-05
0.000147999
0.000148821
0.000149235
0.000149229
0.000154842
0.000158582
0.000147119
0.000155325
0.00016093
0.000140888
0.000150156
0.00015656
0.000130228
0.000139535
0.000145952
0.000115271
0.000123898
0.000129717
9.64584e-05
0.00010383
0.000108699
7.46281e-05
8.03667e-05
8.404e-05
5.09954e-05
5.51558e-05
5.76396e-05
1.12084e-05
1.3317e-05
1.4495e-05
0.000148483
0.000149455
0.000149965
0.000149498
0.000155203
0.000159017
0.000147232
0.000155496
0.000161156
0.000140908
0.000150209
0.000156651
0.000130206
0.000139527
0.000145967
0.00011524
0.000123869
0.0001297
9.64332e-05
0.000103803
0.000108676
7.46146e-05
8.0351e-05
8.40249e-05
5.09921e-05
5.51518e-05
5.76354e-05
1.12095e-05
1.33188e-05
1.44973e-05
0.000148949
0.000150068
0.000150672
0.000149755
0.000155549
0.000159434
0.000147337
0.000155657
0.000161371
0.000140925
0.000150256
0.000156736
0.000130184
0.000139517
0.000145979
0.000115208
0.000123839
0.000129681
9.64081e-05
0.000103776
0.000108652
7.46012e-05
8.03355e-05
8.40098e-05
5.09889e-05
5.51478e-05
5.76312e-05
1.12106e-05
1.33205e-05
1.44995e-05
0.000149399
0.000150661
0.000151358
0.000150001
0.000155882
0.000159835
0.000147436
0.000155809
0.000161574
0.000140939
0.000150299
0.000156813
0.000130159
0.000139504
0.000145988
0.000115176
0.000123809
0.000129662
9.63831e-05
0.000103749
0.000108629
7.45879e-05
8.032e-05
8.39949e-05
5.09856e-05
5.51438e-05
5.76271e-05
1.12117e-05
1.33222e-05
1.45017e-05
0.000149832
0.000151234
0.000152022
0.000150236
0.0001562
0.00016022
0.000147529
0.000155953
0.000161767
0.000140949
0.000150337
0.000156885
0.000130134
0.00013949
0.000145993
0.000115143
0.000123777
0.00012964
9.63583e-05
0.000103721
0.000108605
7.45747e-05
8.03047e-05
8.398e-05
5.09824e-05
5.51399e-05
5.7623e-05
1.12127e-05
1.33238e-05
1.45038e-05
0.00015025
0.000151789
0.000152666
0.00015046
0.000156505
0.00016059
0.000147615
0.000156088
0.000161949
0.000140957
0.000150371
0.00015695
0.000130107
0.000139473
0.000145996
0.000115111
0.000123746
0.000129618
9.63335e-05
0.000103694
0.000108581
7.45617e-05
8.02895e-05
8.39652e-05
5.09792e-05
5.5136e-05
5.7619e-05
1.12136e-05
1.33254e-05
1.45057e-05
0.000150652
0.000152325
0.00015329
0.000150674
0.000156798
0.000160944
0.000147696
0.000156216
0.000162121
0.000140961
0.0001504
0.000157009
0.00013008
0.000139455
0.000145995
0.000115078
0.000123713
0.000129595
9.63089e-05
0.000103667
0.000108557
7.45487e-05
8.02744e-05
8.39505e-05
5.09761e-05
5.51321e-05
5.7615e-05
1.12146e-05
1.33268e-05
1.45077e-05
0.000151039
0.000152843
0.000153895
0.000150878
0.000157078
0.000161284
0.00014777
0.000156335
0.000162283
0.000140963
0.000150425
0.000157063
0.000130051
0.000139435
0.000145992
0.000115045
0.000123681
0.00012957
9.62844e-05
0.00010364
0.000108532
7.45359e-05
8.02595e-05
8.39359e-05
5.09729e-05
5.51283e-05
5.76111e-05
1.12155e-05
1.33283e-05
1.45095e-05
0.000151412
0.000153345
0.00015448
0.000151072
0.000157346
0.00016161
0.00014784
0.000156448
0.000162436
0.000140962
0.000150446
0.000157111
0.000130021
0.000139413
0.000145986
0.000115012
0.000123647
0.000129545
9.626e-05
0.000103613
0.000108508
7.45233e-05
8.02447e-05
8.39214e-05
5.09698e-05
5.51245e-05
5.76072e-05
1.12163e-05
1.33297e-05
1.45113e-05
0.000151771
0.000153829
0.000155048
0.000151257
0.000157602
0.000161923
0.000147904
0.000156553
0.000162581
0.000140959
0.000150463
0.000157154
0.000129991
0.000139389
0.000145978
0.000114979
0.000123614
0.000129518
9.62357e-05
0.000103586
0.000108483
7.45107e-05
8.023e-05
8.3907e-05
5.09667e-05
5.51207e-05
5.76033e-05
1.12171e-05
1.3331e-05
1.4513e-05
0.000152116
0.000154298
0.000155598
0.000151434
0.000157847
0.000162222
0.000147963
0.000156652
0.000162717
0.000140953
0.000150477
0.000157192
0.000129959
0.000139364
0.000145967
0.000114945
0.00012358
0.000129491
9.62115e-05
0.000103559
0.000108458
7.44982e-05
8.02154e-05
8.38926e-05
5.09636e-05
5.5117e-05
5.75995e-05
1.12179e-05
1.33323e-05
1.45147e-05
0.000152449
0.000154751
0.000156131
0.000151601
0.000158082
0.00016251
0.000148017
0.000156744
0.000162845
0.000140945
0.000150487
0.000157226
0.000129927
0.000139337
0.000145953
0.000114912
0.000123545
0.000129463
9.61875e-05
0.000103532
0.000108433
7.44859e-05
8.0201e-05
8.38783e-05
5.09606e-05
5.51133e-05
5.75958e-05
1.12187e-05
1.33335e-05
1.45163e-05
0.000152769
0.000155189
0.000156648
0.000151761
0.000158307
0.000162785
0.000148066
0.000156829
0.000162964
0.000140935
0.000150494
0.000157255
0.000129894
0.000139309
0.000145938
0.000114878
0.00012351
0.000129434
9.61635e-05
0.000103505
0.000108408
7.44737e-05
8.01867e-05
8.38641e-05
5.09576e-05
5.51096e-05
5.7592e-05
1.12194e-05
1.33347e-05
1.45178e-05
0.000153077
0.000155612
0.000157148
0.000151913
0.000158521
0.000163049
0.000148111
0.000156909
0.000163077
0.000140922
0.000150498
0.00015728
0.00012986
0.00013928
0.000145921
0.000114844
0.000123475
0.000129404
9.61397e-05
0.000103479
0.000108383
7.44616e-05
8.01725e-05
8.385e-05
5.09546e-05
5.5106e-05
5.75883e-05
1.12201e-05
1.33358e-05
1.45193e-05
0.000153373
0.000156021
0.000157633
0.000152056
0.000158726
0.000163302
0.000148152
0.000156983
0.000163182
0.000140908
0.000150499
0.0001573
0.000129825
0.00013925
0.000145901
0.000114811
0.00012344
0.000129374
9.6116e-05
0.000103452
0.000108358
7.44496e-05
8.01584e-05
8.3836e-05
5.09516e-05
5.51024e-05
5.75847e-05
1.12208e-05
1.33369e-05
1.45208e-05
0.000153657
0.000156416
0.000158103
0.000152193
0.000158922
0.000163544
0.000148188
0.000157051
0.000163281
0.000140891
0.000150497
0.000157317
0.00012979
0.000139218
0.00014588
0.000114777
0.000123404
0.000129343
9.60925e-05
0.000103425
0.000108332
7.44377e-05
8.01444e-05
8.3822e-05
5.09486e-05
5.50989e-05
5.75811e-05
1.12214e-05
1.3338e-05
1.45221e-05
0.000153931
0.000156798
0.000158558
0.000152322
0.000159108
0.000163775
0.000148221
0.000157114
0.000163372
0.000140873
0.000150492
0.00015733
0.000129754
0.000139185
0.000145857
0.000114743
0.000123368
0.000129311
9.6069e-05
0.000103399
0.000108307
7.44259e-05
8.01306e-05
8.38081e-05
5.09457e-05
5.50953e-05
5.75775e-05
1.1222e-05
1.3339e-05
1.45235e-05
0.000154194
0.000157167
0.000158999
0.000152444
0.000159286
0.000163997
0.000148249
0.000157172
0.000163458
0.000140853
0.000150485
0.000157339
0.000129718
0.000139151
0.000145832
0.000114709
0.000123332
0.000129279
9.60457e-05
0.000103372
0.000108281
7.44142e-05
8.01169e-05
8.37944e-05
5.09428e-05
5.50919e-05
5.7574e-05
1.12226e-05
1.334e-05
1.45247e-05
0.000154447
0.000157524
0.000159426
0.00015256
0.000159456
0.000164209
0.000148274
0.000157225
0.000163537
0.000140831
0.000150475
0.000157345
0.000129681
0.000139116
0.000145805
0.000114675
0.000123295
0.000129246
9.60225e-05
0.000103346
0.000108256
7.44026e-05
8.01033e-05
8.37806e-05
5.09399e-05
5.50884e-05
5.75705e-05
1.12232e-05
1.33409e-05
1.4526e-05
0.00015469
0.000157868
0.000159839
0.000152669
0.000159618
0.000164412
0.000148296
0.000157273
0.000163611
0.000140807
0.000150462
0.000157347
0.000129643
0.00013908
0.000145777
0.000114641
0.000123258
0.000129212
9.59994e-05
0.00010332
0.00010823
7.43911e-05
8.00899e-05
8.3767e-05
5.0937e-05
5.5085e-05
5.7567e-05
1.12237e-05
1.33418e-05
1.45272e-05
0.000154923
0.000158201
0.000160239
0.000152772
0.000159771
0.000164606
0.000148313
0.000157316
0.000163678
0.000140782
0.000150448
0.000157347
0.000129605
0.000139044
0.000145748
0.000114607
0.000123222
0.000129178
9.59765e-05
0.000103293
0.000108204
7.43797e-05
8.00765e-05
8.37535e-05
5.09342e-05
5.50816e-05
5.75636e-05
1.12242e-05
1.33427e-05
1.45283e-05
0.000155147
0.000158521
0.000160627
0.000152869
0.000159918
0.000164791
0.000148328
0.000157355
0.000163741
0.000140756
0.000150431
0.000157343
0.000129567
0.000139006
0.000145717
0.000114573
0.000123185
0.000129144
9.59537e-05
0.000103267
0.000108179
7.43684e-05
8.00633e-05
8.374e-05
5.09313e-05
5.50783e-05
5.75602e-05
1.12247e-05
1.33435e-05
1.45294e-05
0.000155362
0.000158831
0.000161002
0.000152961
0.000160057
0.000164968
0.000148339
0.00015739
0.000163798
0.000140728
0.000150412
0.000157337
0.000129528
0.000138968
0.000145684
0.000114538
0.000123148
0.000129109
9.5931e-05
0.000103241
0.000108153
7.43573e-05
8.00502e-05
8.37266e-05
5.09285e-05
5.5075e-05
5.75568e-05
1.12252e-05
1.33443e-05
1.45305e-05
0.000155568
0.00015913
0.000161365
0.000153046
0.000160189
0.000165136
0.000148348
0.000157421
0.00016385
0.000140698
0.00015039
0.000157328
0.000129488
0.000138928
0.000145651
0.000114504
0.00012311
0.000129074
9.59084e-05
0.000103216
0.000108127
7.43462e-05
8.00372e-05
8.37133e-05
5.09257e-05
5.50717e-05
5.75535e-05
1.12256e-05
1.33451e-05
1.45315e-05
0.000155765
0.000159418
0.000161716
0.000153127
0.000160314
0.000165297
0.000148353
0.000157448
0.000163898
0.000140668
0.000150367
0.000157316
0.000129448
0.000138888
0.000145616
0.00011447
0.000123073
0.000129038
9.5886e-05
0.00010319
0.000108101
7.43352e-05
8.00243e-05
8.37e-05
5.0923e-05
5.50685e-05
5.75502e-05
1.1226e-05
1.33458e-05
1.45325e-05
0.000155954
0.000159697
0.000162055
0.000153202
0.000160433
0.000165451
0.000148356
0.000157471
0.00016394
0.000140636
0.000150343
0.000157302
0.000129408
0.000138848
0.00014558
0.000114436
0.000123036
0.000129002
9.58637e-05
0.000103164
0.000108076
7.43243e-05
8.00116e-05
8.36869e-05
5.09202e-05
5.50653e-05
5.75469e-05
1.12264e-05
1.33465e-05
1.45334e-05
0.000156136
0.000159965
0.000162383
0.000153272
0.000160546
0.000165597
0.000148356
0.000157491
0.000163979
0.000140603
0.000150316
0.000157285
0.000129368
0.000138807
0.000145543
0.000114403
0.000122998
0.000128966
9.58416e-05
0.000103139
0.00010805
7.43135e-05
7.99989e-05
8.36738e-05
5.09175e-05
5.50621e-05
5.75436e-05
1.12268e-05
1.33472e-05
1.45343e-05
0.000156309
0.000160223
0.000162701
0.000153337
0.000160652
0.000165735
0.000148353
0.000157507
0.000164013
0.000140569
0.000150288
0.000157266
0.000129327
0.000138765
0.000145505
0.000114369
0.000122961
0.000128929
9.58196e-05
0.000103113
0.000108024
7.43028e-05
7.99864e-05
8.36608e-05
5.09148e-05
5.5059e-05
5.75404e-05
1.12272e-05
1.33479e-05
1.45352e-05
0.000156475
0.000160472
0.000163007
0.000153398
0.000160753
0.000165867
0.000148348
0.00015752
0.000164043
0.000140534
0.000150258
0.000157245
0.000129286
0.000138722
0.000145467
0.000114335
0.000122923
0.000128892
9.57977e-05
0.000103088
0.000107998
7.42922e-05
7.9974e-05
8.36479e-05
5.09122e-05
5.50559e-05
5.75372e-05
1.12275e-05
1.33485e-05
1.45361e-05
0.000156634
0.000160712
0.000163303
0.000153454
0.000160847
0.000165993
0.00014834
0.000157529
0.000164069
0.000140497
0.000150226
0.000157221
0.000129245
0.000138679
0.000145427
0.000114301
0.000122885
0.000128855
9.5776e-05
0.000103063
0.000107973
7.42817e-05
7.99617e-05
8.3635e-05
5.09095e-05
5.50529e-05
5.75341e-05
1.12279e-05
1.33491e-05
1.45369e-05
0.000156785
0.000160943
0.000163589
0.000153505
0.000160936
0.000166112
0.00014833
0.000157536
0.000164091
0.00014046
0.000150194
0.000157196
0.000129203
0.000138636
0.000145386
0.000114267
0.000122848
0.000128818
9.57544e-05
0.000103038
0.000107947
7.42714e-05
7.99496e-05
8.36222e-05
5.09069e-05
5.50499e-05
5.75309e-05
1.12282e-05
1.33497e-05
1.45377e-05
0.00015693
0.000161165
0.000163865
0.000153553
0.00016102
0.000166224
0.000148318
0.000157539
0.000164109
0.000140422
0.000150159
0.000157169
0.000129161
0.000138592
0.000145344
0.000114234
0.00012281
0.00012878
9.57329e-05
0.000103013
0.000107921
7.42611e-05
7.99375e-05
8.36095e-05
5.09043e-05
5.50469e-05
5.75278e-05
1.12285e-05
1.33502e-05
1.45384e-05
0.000157068
0.000161378
0.000164131
0.000153596
0.000161099
0.000166331
0.000148304
0.00015754
0.000164124
0.000140383
0.000150124
0.00015714
0.000129119
0.000138548
0.000145302
0.0001142
0.000122772
0.000128742
9.57116e-05
0.000102989
0.000107896
7.42508e-05
7.99256e-05
8.35969e-05
5.09017e-05
5.50439e-05
5.75247e-05
1.12287e-05
1.33508e-05
1.45391e-05
0.000157199
0.000161583
0.000164388
0.000153635
0.000161172
0.000166432
0.000148288
0.000157538
0.000164136
0.000140343
0.000150087
0.000157109
0.000129077
0.000138503
0.000145259
0.000114167
0.000122735
0.000128704
9.56904e-05
0.000102964
0.00010787
7.42407e-05
7.99137e-05
8.35843e-05
5.08992e-05
5.5041e-05
5.75217e-05
1.1229e-05
1.33513e-05
1.45398e-05
0.000157325
0.00016178
0.000164636
0.000153671
0.000161241
0.000166527
0.000148269
0.000157533
0.000164144
0.000140302
0.000150049
0.000157076
0.000129035
0.000138458
0.000145215
0.000114133
0.000122697
0.000128666
9.56694e-05
0.00010294
0.000107844
7.42307e-05
7.9902e-05
8.35719e-05
5.08966e-05
5.50381e-05
5.75186e-05
1.12293e-05
1.33518e-05
1.45405e-05
0.000157444
0.00016197
0.000164874
0.000153703
0.000161305
0.000166616
0.000148249
0.000157525
0.000164149
0.000140261
0.000150009
0.000157042
0.000128992
0.000138412
0.000145171
0.0001141
0.000122659
0.000128627
9.56485e-05
0.000102915
0.000107819
7.42208e-05
7.98904e-05
8.35594e-05
5.08941e-05
5.50353e-05
5.75156e-05
1.12295e-05
1.33522e-05
1.45412e-05
0.000157557
0.000162151
0.000165104
0.000153731
0.000161364
0.0001667
0.000148227
0.000157515
0.000164151
0.000140219
0.000149969
0.000157006
0.00012895
0.000138366
0.000145126
0.000114067
0.000122622
0.000128589
9.56278e-05
0.000102891
0.000107793
7.4211e-05
7.98789e-05
8.35471e-05
5.08916e-05
5.50325e-05
5.75126e-05
1.12297e-05
1.33527e-05
1.45418e-05
0.000157664
0.000162325
0.000165325
0.000153756
0.000161419
0.000166779
0.000148204
0.000157503
0.00016415
0.000140176
0.000149928
0.000156969
0.000128907
0.00013832
0.00014508
0.000114034
0.000122584
0.00012855
9.56072e-05
0.000102867
0.000107768
7.42012e-05
7.98675e-05
8.35348e-05
5.08892e-05
5.50297e-05
5.75097e-05
1.12299e-05
1.33531e-05
1.45424e-05
0.000157766
0.000162492
0.000165537
0.000153777
0.00016147
0.000166853
0.000148178
0.000157489
0.000164146
0.000140132
0.000149885
0.000156931
0.000128864
0.000138274
0.000145034
0.000114001
0.000122547
0.000128511
9.55868e-05
0.000102843
0.000107743
7.41916e-05
7.98562e-05
8.35226e-05
5.08868e-05
5.50269e-05
5.75067e-05
1.12301e-05
1.33535e-05
1.45429e-05
0.000157862
0.000162652
0.000165741
0.000153795
0.000161516
0.000166922
0.000148151
0.000157472
0.00016414
0.000140088
0.000149842
0.000156891
0.000128821
0.000138227
0.000144987
0.000113968
0.000122509
0.000128472
9.55665e-05
0.000102819
0.000107717
7.41821e-05
7.9845e-05
8.35105e-05
5.08844e-05
5.50242e-05
5.75038e-05
1.12303e-05
1.33539e-05
1.45435e-05
0.000157953
0.000162804
0.000165937
0.00015381
0.000161558
0.000166986
0.000148122
0.000157453
0.000164131
0.000140044
0.000149797
0.000156849
0.000128778
0.00013818
0.00014494
0.000113935
0.000122472
0.000128433
9.55463e-05
0.000102796
0.000107692
7.41726e-05
7.98339e-05
8.34984e-05
5.0882e-05
5.50215e-05
5.75009e-05
1.12305e-05
1.33543e-05
1.4544e-05
0.000158038
0.00016295
0.000166126
0.000153822
0.000161597
0.000167045
0.000148092
0.000157432
0.000164119
0.000139998
0.000149752
0.000156807
0.000128735
0.000138133
0.000144892
0.000113903
0.000122435
0.000128394
9.55263e-05
0.000102772
0.000107667
7.41632e-05
7.98229e-05
8.34864e-05
5.08796e-05
5.50189e-05
5.7498e-05
1.12306e-05
1.33547e-05
1.45445e-05
0.000158119
0.000163089
0.000166306
0.000153831
0.000161631
0.0001671
0.00014806
0.000157409
0.000164105
0.000139952
0.000149706
0.000156763
0.000128692
0.000138086
0.000144844
0.00011387
0.000122397
0.000128355
9.55064e-05
0.000102749
0.000107642
7.41539e-05
7.9812e-05
8.34745e-05
5.08773e-05
5.50163e-05
5.74951e-05
1.12308e-05
1.3355e-05
1.4545e-05
0.000158194
0.000163222
0.000166479
0.000153837
0.000161662
0.000167151
0.000148027
0.000157384
0.000164088
0.000139906
0.000149659
0.000156718
0.000128648
0.000138038
0.000144795
0.000113838
0.00012236
0.000128316
9.54866e-05
0.000102726
0.000107616
7.41448e-05
7.98012e-05
8.34626e-05
5.0875e-05
5.50137e-05
5.74922e-05
1.12309e-05
1.33553e-05
1.45454e-05
0.000158265
0.000163348
0.000166645
0.00015384
0.000161689
0.000167197
0.000147993
0.000157357
0.000164069
0.000139859
0.000149611
0.000156673
0.000128605
0.00013799
0.000144746
0.000113806
0.000122323
0.000128277
9.5467e-05
0.000102703
0.000107591
7.41356e-05
7.97905e-05
8.34508e-05
5.08727e-05
5.50111e-05
5.74894e-05
1.12311e-05
1.33556e-05
1.45459e-05
0.000158331
0.000163469
0.000166803
0.00015384
0.000161712
0.000167239
0.000147957
0.000157328
0.000164048
0.000139812
0.000149563
0.000156626
0.000128562
0.000137942
0.000144697
0.000113774
0.000122286
0.000128237
9.54475e-05
0.00010268
0.000107567
7.41266e-05
7.97799e-05
8.3439e-05
5.08704e-05
5.50086e-05
5.74866e-05
1.12312e-05
1.33559e-05
1.45463e-05
0.000158392
0.000163583
0.000166954
0.000153838
0.000161732
0.000167277
0.00014792
0.000157298
0.000164025
0.000139764
0.000149514
0.000156578
0.000128519
0.000137894
0.000144647
0.000113742
0.000122249
0.000128198
9.54282e-05
0.000102657
0.000107542
7.41177e-05
7.97694e-05
8.34273e-05
5.08682e-05
5.50061e-05
5.74838e-05
1.12313e-05
1.33562e-05
1.45467e-05
0.000158449
0.000163691
0.000167099
0.000153833
0.000161749
0.000167311
0.000147882
0.000157266
0.000163999
0.000139716
0.000149464
0.000156529
0.000128475
0.000137846
0.000144597
0.00011371
0.000122212
0.000128158
9.5409e-05
0.000102634
0.000107517
7.41088e-05
7.97589e-05
8.34157e-05
5.0866e-05
5.50036e-05
5.7481e-05
1.12314e-05
1.33565e-05
1.45471e-05
0.000158502
0.000163793
0.000167236
0.000153826
0.000161762
0.000167341
0.000147843
0.000157232
0.000163972
0.000139668
0.000149413
0.000156479
0.000128432
0.000137798
0.000144547
0.000113678
0.000122176
0.000128119
9.53899e-05
0.000102612
0.000107492
7.41e-05
7.97486e-05
8.34042e-05
5.08638e-05
5.50011e-05
5.74782e-05
1.12315e-05
1.33567e-05
1.45474e-05
0.00015855
0.00016389
0.000167367
0.000153816
0.000161773
0.000167367
0.000147802
0.000157197
0.000163942
0.000139619
0.000149362
0.000156428
0.000128388
0.000137749
0.000144496
0.000113647
0.000122139
0.00012808
9.5371e-05
0.000102589
0.000107467
7.40913e-05
7.97383e-05
8.33927e-05
5.08616e-05
5.49987e-05
5.74755e-05
1.12316e-05
1.3357e-05
1.45478e-05
0.000158595
0.000163982
0.000167492
0.000153804
0.00016178
0.00016739
0.00014776
0.00015716
0.000163911
0.000139569
0.00014931
0.000156376
0.000128345
0.0001377
0.000144445
0.000113615
0.000122102
0.00012804
9.53521e-05
0.000102567
0.000107443
7.40827e-05
7.97281e-05
8.33813e-05
5.08594e-05
5.49963e-05
5.74727e-05
1.12317e-05
1.33572e-05
1.45481e-05
0.000158635
0.000164067
0.00016761
0.00015379
0.000161784
0.000167409
0.000147717
0.000157122
0.000163878
0.00013952
0.000149258
0.000156324
0.000128302
0.000137652
0.000144394
0.000113584
0.000122066
0.000128001
9.53334e-05
0.000102545
0.000107418
7.40742e-05
7.9718e-05
8.33699e-05
5.08573e-05
5.49939e-05
5.747e-05
1.12317e-05
1.33574e-05
1.45484e-05
0.000158671
0.000164148
0.000167722
0.000153774
0.000161785
0.000167425
0.000147674
0.000157082
0.000163843
0.00013947
0.000149205
0.000156271
0.000128258
0.000137603
0.000144343
0.000113553
0.00012203
0.000127961
9.53148e-05
0.000102523
0.000107394
7.40657e-05
7.9708e-05
8.33586e-05
5.08552e-05
5.49915e-05
5.74673e-05
1.12318e-05
1.33576e-05
1.45487e-05
0.000158703
0.000164224
0.000167829
0.000153755
0.000161784
0.000167438
0.000147629
0.000157041
0.000163806
0.000139419
0.000149152
0.000156217
0.000128215
0.000137554
0.000144291
0.000113522
0.000121993
0.000127922
9.52964e-05
0.000102501
0.00010737
7.40573e-05
7.96981e-05
8.33474e-05
5.08531e-05
5.49892e-05
5.74646e-05
1.12318e-05
1.33578e-05
1.4549e-05
0.000158732
0.000164294
0.000167929
0.000153734
0.00016178
0.000167447
0.000147583
0.000156998
0.000163768
0.000139369
0.000149098
0.000156162
0.000128172
0.000137505
0.000144239
0.000113491
0.000121957
0.000127883
9.5278e-05
0.000102479
0.000107345
7.40489e-05
7.96882e-05
8.33362e-05
5.0851e-05
5.49868e-05
5.74619e-05
1.12319e-05
1.3358e-05
1.45493e-05
0.000158757
0.00016436
0.000168023
0.000153711
0.000161772
0.000167453
0.000147536
0.000156955
0.000163728
0.000139318
0.000149043
0.000156107
0.000128128
0.000137456
0.000144187
0.00011346
0.000121921
0.000127843
9.52598e-05
0.000102457
0.000107321
7.40407e-05
7.96784e-05
8.33251e-05
5.08489e-05
5.49845e-05
5.74593e-05
1.12319e-05
1.33582e-05
1.45496e-05
0.000158779
0.000164421
0.000168112
0.000153686
0.000161763
0.000167455
0.000147489
0.00015691
0.000163687
0.000139267
0.000148989
0.000156051
0.000128085
0.000137407
0.000144135
0.000113429
0.000121885
0.000127804
9.52417e-05
0.000102436
0.000107297
7.40324e-05
7.96687e-05
8.3314e-05
5.08469e-05
5.49823e-05
5.74566e-05
1.12319e-05
1.33583e-05
1.45498e-05
0.000158797
0.000164477
0.000168196
0.000153659
0.000161751
0.000167455
0.00014744
0.000156863
0.000163644
0.000139215
0.000148933
0.000155994
0.000128042
0.000137358
0.000144083
0.000113398
0.000121849
0.000127765
9.52237e-05
0.000102414
0.000107273
7.40243e-05
7.9659e-05
8.3303e-05
5.08449e-05
5.498e-05
5.7454e-05
1.1232e-05
1.33585e-05
1.455e-05
0.000158811
0.000164529
0.000168274
0.000153631
0.000161736
0.000167452
0.000147391
0.000156816
0.000163599
0.000139164
0.000148878
0.000155937
0.000127998
0.000137308
0.00014403
0.000113368
0.000121813
0.000127725
9.52058e-05
0.000102393
0.000107249
7.40162e-05
7.96495e-05
8.32921e-05
5.08429e-05
5.49778e-05
5.74514e-05
1.1232e-05
1.33586e-05
1.45503e-05
0.000158822
0.000164576
0.000168347
0.0001536
0.000161719
0.000167446
0.000147341
0.000156767
0.000163554
0.000139112
0.000148821
0.000155879
0.000127955
0.000137259
0.000143977
0.000113337
0.000121777
0.000127686
9.5188e-05
0.000102372
0.000107225
7.40082e-05
7.96399e-05
8.32812e-05
5.08409e-05
5.49755e-05
5.74487e-05
1.1232e-05
1.33587e-05
1.45505e-05
0.00015883
0.000164619
0.000168415
0.000153568
0.000161699
0.000167437
0.00014729
0.000156718
0.000163506
0.000139059
0.000148765
0.000155821
0.000127912
0.00013721
0.000143925
0.000113307
0.000121742
0.000127647
9.51703e-05
0.000102351
0.000107202
7.40002e-05
7.96305e-05
8.32704e-05
5.08389e-05
5.49733e-05
5.74462e-05
1.1232e-05
1.33589e-05
1.45507e-05
0.000158835
0.000164658
0.000168477
0.000153534
0.000161678
0.000167426
0.000147238
0.000156667
0.000163458
0.000139007
0.000148708
0.000155762
0.000127869
0.000137161
0.000143872
0.000113277
0.000121706
0.000127608
9.51527e-05
0.00010233
0.000107178
7.39923e-05
7.96211e-05
8.32596e-05
5.08369e-05
5.49711e-05
5.74436e-05
1.1232e-05
1.3359e-05
1.45508e-05
0.000158837
0.000164692
0.000168535
0.000153498
0.000161654
0.000167412
0.000147185
0.000156615
0.000163408
0.000138954
0.000148651
0.000155703
0.000127825
0.000137111
0.000143819
0.000113247
0.000121671
0.000127569
9.51352e-05
0.000102309
0.000107155
7.39845e-05
7.96118e-05
8.32489e-05
5.0835e-05
5.4969e-05
5.7441e-05
1.1232e-05
1.33591e-05
1.4551e-05
0.000158836
0.000164723
0.000168589
0.000153461
0.000161627
0.000167395
0.000147132
0.000156562
0.000163357
0.000138901
0.000148593
0.000155643
0.000127782
0.000137062
0.000143765
0.000113217
0.000121635
0.00012753
9.51178e-05
0.000102288
0.000107131
7.39767e-05
7.96025e-05
8.32383e-05
5.08331e-05
5.49668e-05
5.74385e-05
1.1232e-05
1.33592e-05
1.45512e-05
0.000158832
0.000164749
0.000168637
0.000153422
0.000161599
0.000167376
0.000147078
0.000156508
0.000163305
0.000138848
0.000148535
0.000155583
0.000127739
0.000137012
0.000143712
0.000113187
0.0001216
0.000127491
9.51004e-05
0.000102267
0.000107108
7.3969e-05
7.95933e-05
8.32277e-05
5.08311e-05
5.49647e-05
5.74359e-05
1.1232e-05
1.33593e-05
1.45513e-05
0.000158825
0.000164772
0.000168681
0.000153381
0.000161569
0.000167354
0.000147023
0.000156454
0.000163251
0.000138795
0.000148477
0.000155522
0.000127696
0.000136963
0.000143659
0.000113157
0.000121565
0.000127452
9.50832e-05
0.000102246
0.000107084
7.39613e-05
7.95842e-05
8.32171e-05
5.08292e-05
5.49625e-05
5.74334e-05
1.12319e-05
1.33593e-05
1.45515e-05
0.000158815
0.000164791
0.000168721
0.000153339
0.000161536
0.00016733
0.000146968
0.000156398
0.000163197
0.000138741
0.000148418
0.000155461
0.000127653
0.000136914
0.000143606
0.000113128
0.00012153
0.000127413
9.50661e-05
0.000102226
0.000107061
7.39537e-05
7.95751e-05
8.32066e-05
5.08273e-05
5.49604e-05
5.74309e-05
1.12319e-05
1.33594e-05
1.45516e-05
0.000158803
0.000164807
0.000168756
0.000153295
0.000161502
0.000167304
0.000146912
0.000156342
0.000163141
0.000138688
0.000148359
0.000155399
0.00012761
0.000136864
0.000143552
0.000113098
0.000121495
0.000127374
9.5049e-05
0.000102205
0.000107038
7.39461e-05
7.95661e-05
8.31962e-05
5.08255e-05
5.49583e-05
5.74284e-05
1.12319e-05
1.33595e-05
1.45517e-05
0.000158788
0.000164818
0.000168787
0.00015325
0.000161466
0.000167275
0.000146855
0.000156284
0.000163084
0.000138634
0.0001483
0.000155337
0.000127567
0.000136815
0.000143499
0.000113069
0.00012146
0.000127336
9.50321e-05
0.000102185
0.000107015
7.39385e-05
7.95571e-05
8.31858e-05
5.08236e-05
5.49562e-05
5.74259e-05
1.12318e-05
1.33595e-05
1.45518e-05
0.00015877
0.000164827
0.000168814
0.000153204
0.000161428
0.000167244
0.000146798
0.000156226
0.000163027
0.00013858
0.000148241
0.000155275
0.000127524
0.000136765
0.000143445
0.000113039
0.000121425
0.000127297
9.50152e-05
0.000102165
0.000106992
7.3931e-05
7.95481e-05
8.31755e-05
5.08217e-05
5.49541e-05
5.74235e-05
1.12318e-05
1.33596e-05
1.45519e-05
0.00015875
0.000164832
0.000168838
0.000153156
0.000161388
0.000167211
0.00014674
0.000156167
0.000162968
0.000138526
0.000148181
0.000155212
0.000127481
0.000136716
0.000143392
0.00011301
0.000121391
0.000127259
9.49984e-05
0.000102144
0.000106969
7.39236e-05
7.95393e-05
8.31653e-05
5.08199e-05
5.49521e-05
5.7421e-05
1.12317e-05
1.33596e-05
1.4552e-05
0.000158728
0.000164834
0.000168857
0.000153107
0.000161346
0.000167176
0.000146682
0.000156107
0.000162908
0.000138472
0.000148121
0.000155149
0.000127439
0.000136667
0.000143338
0.000112981
0.000121356
0.00012722
9.49817e-05
0.000102124
0.000106946
7.39162e-05
7.95304e-05
8.3155e-05
5.0818e-05
5.495e-05
5.74186e-05
1.12317e-05
1.33596e-05
1.45521e-05
0.000158703
0.000164832
0.000168872
0.000153057
0.000161303
0.00016714
0.000146623
0.000156046
0.000162848
0.000138417
0.000148061
0.000155086
0.000127396
0.000136617
0.000143284
0.000112952
0.000121322
0.000127182
9.49651e-05
0.000102104
0.000106924
7.39088e-05
7.95216e-05
8.31449e-05
5.08162e-05
5.4948e-05
5.74162e-05
1.12316e-05
1.33597e-05
1.45522e-05
0.000158675
0.000164827
0.000168884
0.000153005
0.000161258
0.000167101
0.000146564
0.000155985
0.000162786
0.000138363
0.000148001
0.000155022
0.000127353
0.000136568
0.000143231
0.000112923
0.000121287
0.000127144
9.49485e-05
0.000102084
0.000106901
7.39015e-05
7.95129e-05
8.31348e-05
5.08144e-05
5.4946e-05
5.74137e-05
1.12316e-05
1.33597e-05
1.45522e-05
0.000158646
0.00016482
0.000168892
0.000152952
0.000161212
0.00016706
0.000146504
0.000155923
0.000162724
0.000138308
0.00014794
0.000154958
0.00012731
0.000136518
0.000143177
0.000112894
0.000121253
0.000127105
9.4932e-05
0.000102065
0.000106879
7.38942e-05
7.95042e-05
8.31247e-05
5.08126e-05
5.49439e-05
5.74113e-05
1.12315e-05
1.33597e-05
1.45523e-05
0.000158614
0.000164809
0.000168897
0.000152898
0.000161164
0.000167017
0.000146443
0.00015586
0.000162661
0.000138253
0.000147879
0.000154894
0.000127268
0.000136469
0.000143124
0.000112865
0.000121219
0.000127067
9.49156e-05
0.000102045
0.000106856
7.3887e-05
7.94956e-05
8.31147e-05
5.08108e-05
5.49419e-05
5.74089e-05
1.12314e-05
1.33597e-05
1.45523e-05
0.000158581
0.000164795
0.000168898
0.000152843
0.000161114
0.000166973
0.000146382
0.000155797
0.000162597
0.000138198
0.000147818
0.00015483
0.000127225
0.00013642
0.00014307
0.000112836
0.000121185
0.000127029
9.48992e-05
0.000102025
0.000106834
7.38798e-05
7.9487e-05
8.31047e-05
5.0809e-05
5.49399e-05
5.74066e-05
1.12313e-05
1.33597e-05
1.45524e-05
0.000158545
0.000164779
0.000168896
0.000152787
0.000161063
0.000166926
0.000146321
0.000155733
0.000162532
0.000138143
0.000147757
0.000154765
0.000127183
0.000136371
0.000143016
0.000112808
0.000121151
0.000126991
9.4883e-05
0.000102006
0.000106812
7.38726e-05
7.94784e-05
8.30948e-05
5.08072e-05
5.49379e-05
5.74042e-05
1.12313e-05
1.33597e-05
1.45524e-05
0.000158507
0.00016476
0.00016889
0.00015273
0.00016101
0.000166878
0.000146259
0.000155669
0.000162467
0.000138088
0.000147696
0.0001547
0.00012714
0.000136321
0.000142963
0.000112779
0.000121117
0.000126953
9.48667e-05
0.000101986
0.000106789
7.38655e-05
7.94699e-05
8.30849e-05
5.08055e-05
5.49359e-05
5.74018e-05
1.12312e-05
1.33597e-05
1.45524e-05
0.000158467
0.000164738
0.000168882
0.000152672
0.000160957
0.000166829
0.000146197
0.000155603
0.0001624
0.000138033
0.000147634
0.000154635
0.000127098
0.000136272
0.000142909
0.000112751
0.000121083
0.000126916
9.48506e-05
0.000101967
0.000106767
7.38584e-05
7.94614e-05
8.3075e-05
5.08037e-05
5.49339e-05
5.73994e-05
1.12311e-05
1.33597e-05
1.45525e-05
0.000158425
0.000164714
0.00016887
0.000152612
0.000160901
0.000166778
0.000146134
0.000155538
0.000162333
0.000137978
0.000147573
0.000154569
0.000127055
0.000136223
0.000142855
0.000112722
0.000121049
0.000126878
9.48345e-05
0.000101947
0.000106745
7.38513e-05
7.9453e-05
8.30652e-05
5.08019e-05
5.49319e-05
5.7397e-05
1.1231e-05
1.33596e-05
1.45525e-05
0.000158382
0.000164687
0.000168855
0.000152552
0.000160845
0.000166725
0.000146071
0.000155471
0.000162266
0.000137923
0.000147511
0.000154504
0.000127013
0.000136174
0.000142802
0.000112694
0.000121015
0.00012684
9.48185e-05
0.000101928
0.000106723
7.38443e-05
7.94445e-05
8.30555e-05
5.08002e-05
5.49299e-05
5.73946e-05
1.12309e-05
1.33596e-05
1.45525e-05
0.000158336
0.000164657
0.000168838
0.000152491
0.000160787
0.000166671
0.000146008
0.000155405
0.000162197
0.000137867
0.000147449
0.000154438
0.00012697
0.000136125
0.000142748
0.000112666
0.000120982
0.000126803
9.48025e-05
0.000101909
0.000106701
7.38373e-05
7.94362e-05
8.30458e-05
5.07985e-05
5.49279e-05
5.73923e-05
1.12308e-05
1.33596e-05
1.45525e-05
0.000158289
0.000164625
0.000168818
0.000152429
0.000160728
0.000166615
0.000145944
0.000155337
0.000162129
0.000137812
0.000147387
0.000154372
0.000126928
0.000136076
0.000142695
0.000112638
0.000120948
0.000126765
9.47866e-05
0.000101889
0.000106679
7.38303e-05
7.94278e-05
8.30361e-05
5.07967e-05
5.49259e-05
5.73899e-05
1.12307e-05
1.33595e-05
1.45525e-05
0.00015824
0.000164591
0.000168794
0.000152366
0.000160668
0.000166558
0.00014588
0.000155269
0.000162059
0.000137756
0.000147325
0.000154306
0.000126886
0.000136027
0.000142641
0.000112609
0.000120915
0.000126728
9.47708e-05
0.00010187
0.000106658
7.38234e-05
7.94195e-05
8.30264e-05
5.0795e-05
5.49239e-05
5.73875e-05
1.12306e-05
1.33595e-05
1.45524e-05
0.00015819
0.000164555
0.000168769
0.000152302
0.000160606
0.000166499
0.000145816
0.000155201
0.000161989
0.000137701
0.000147263
0.00015424
0.000126844
0.000135978
0.000142587
0.000112581
0.000120881
0.000126691
9.4755e-05
0.000101851
0.000106636
7.38165e-05
7.94112e-05
8.30168e-05
5.07932e-05
5.49219e-05
5.73852e-05
1.12305e-05
1.33595e-05
1.45524e-05
0.000158137
0.000164516
0.00016874
0.000152237
0.000160544
0.000166439
0.000145751
0.000155132
0.000161918
0.000137645
0.0001472
0.000154173
0.000126802
0.000135929
0.000142534
0.000112553
0.000120848
0.000126654
9.47393e-05
0.000101832
0.000106614
7.38096e-05
7.94029e-05
8.30072e-05
5.07915e-05
5.49199e-05
5.73828e-05
1.12304e-05
1.33594e-05
1.45524e-05
0.000158084
0.000164476
0.000168709
0.000152171
0.00016048
0.000166378
0.000145686
0.000155063
0.000161847
0.000137589
0.000147138
0.000154107
0.00012676
0.00013588
0.000142481
0.000112526
0.000120815
0.000126616
9.47236e-05
0.000101813
0.000106593
7.38028e-05
7.93947e-05
8.29977e-05
5.07897e-05
5.49179e-05
5.73805e-05
1.12303e-05
1.33593e-05
1.45524e-05
0.000158028
0.000164433
0.000168676
0.000152105
0.000160416
0.000166316
0.00014562
0.000154994
0.000161775
0.000137533
0.000147075
0.00015404
0.000126718
0.000135831
0.000142427
0.000112498
0.000120782
0.000126579
9.4708e-05
0.000101794
0.000106571
7.37959e-05
7.93865e-05
8.29882e-05
5.0788e-05
5.4916e-05
5.73781e-05
1.12302e-05
1.33593e-05
1.45523e-05
0.000157972
0.000164388
0.00016864
0.000152038
0.00016035
0.000166252
0.000145555
0.000154924
0.000161703
0.000137478
0.000147013
0.000153973
0.000126676
0.000135782
0.000142374
0.00011247
0.000120749
0.000126542
9.46924e-05
0.000101776
0.00010655
7.37891e-05
7.93783e-05
8.29787e-05
5.07862e-05
5.4914e-05
5.73758e-05
1.12301e-05
1.33592e-05
1.45523e-05
0.000157914
0.000164341
0.000168602
0.00015197
0.000160284
0.000166187
0.000145489
0.000154853
0.00016163
0.000137422
0.00014695
0.000153906
0.000126634
0.000135734
0.00014232
0.000112442
0.000120716
0.000126506
9.46769e-05
0.000101757
0.000106529
7.37824e-05
7.93701e-05
8.29692e-05
5.07845e-05
5.49121e-05
5.73735e-05
1.123e-05
1.33591e-05
1.45522e-05
0.000157854
0.000164293
0.000168561
0.000151902
0.000160216
0.000166121
0.000145422
0.000154782
0.000161557
0.000137366
0.000146887
0.000153839
0.000126592
0.000135685
0.000142267
0.000112415
0.000120683
0.000126469
9.46615e-05
0.000101738
0.000106507
7.37756e-05
7.9362e-05
8.29598e-05
5.07828e-05
5.49101e-05
5.73712e-05
1.12298e-05
1.33591e-05
1.45522e-05
0.000157793
0.000164242
0.000168519
0.000151832
0.000160147
0.000166054
0.000145356
0.000154711
0.000161484
0.00013731
0.000146825
0.000153772
0.00012655
0.000135636
0.000142214
0.000112387
0.00012065
0.000126432
9.4646e-05
0.000101719
0.000106486
7.37688e-05
7.93539e-05
8.29504e-05
5.07811e-05
5.49082e-05
5.73689e-05
1.12297e-05
1.3359e-05
1.45521e-05
0.000157731
0.00016419
0.000168474
0.000151763
0.000160078
0.000165986
0.000145289
0.00015464
0.00016141
0.000137254
0.000146762
0.000153705
0.000126509
0.000135588
0.000142161
0.00011236
0.000120617
0.000126396
9.46306e-05
0.000101701
0.000106465
7.37621e-05
7.93458e-05
8.2941e-05
5.07793e-05
5.49062e-05
5.73666e-05
1.12296e-05
1.33589e-05
1.45521e-05
0.000157668
0.000164135
0.000168427
0.000151692
0.000160008
0.000165917
0.000145222
0.000154568
0.000161335
0.000137198
0.000146699
0.000153637
0.000126467
0.000135539
0.000142108
0.000112332
0.000120585
0.000126359
9.46153e-05
0.000101682
0.000106444
7.37554e-05
7.93377e-05
8.29317e-05
5.07776e-05
5.49043e-05
5.73643e-05
1.12295e-05
1.33588e-05
1.4552e-05
0.000157603
0.00016408
0.000168378
0.000151621
0.000159937
0.000165847
0.000145155
0.000154496
0.00016126
0.000137142
0.000146636
0.00015357
0.000126425
0.000135491
0.000142054
0.000112305
0.000120552
0.000126323
9.46e-05
0.000101664
0.000106423
7.37487e-05
7.93297e-05
8.29223e-05
5.07759e-05
5.49024e-05
5.7362e-05
1.12293e-05
1.33587e-05
1.45519e-05
0.000157537
0.000164022
0.000168328
0.000151549
0.000159865
0.000165776
0.000145088
0.000154423
0.000161185
0.000137086
0.000146573
0.000153503
0.000126384
0.000135443
0.000142001
0.000112278
0.000120519
0.000126286
9.45848e-05
0.000101645
0.000106402
7.3742e-05
7.93217e-05
8.2913e-05
5.07742e-05
5.49004e-05
5.73598e-05
1.12292e-05
1.33586e-05
1.45519e-05
0.00015747
0.000163963
0.000168275
0.000151477
0.000159792
0.000165703
0.00014502
0.000154351
0.000161109
0.00013703
0.00014651
0.000153435
0.000126342
0.000135394
0.000141948
0.000112251
0.000120487
0.00012625
9.45695e-05
0.000101627
0.000106381
7.37354e-05
7.93137e-05
8.29038e-05
5.07725e-05
5.48985e-05
5.73575e-05
1.12291e-05
1.33585e-05
1.45518e-05
0.000157402
0.000163903
0.00016822
0.000151404
0.000159719
0.00016563
0.000144952
0.000154278
0.000161033
0.000136974
0.000146447
0.000153367
0.000126301
0.000135346
0.000141896
0.000112224
0.000120455
0.000126214
9.45544e-05
0.000101609
0.00010636
7.37287e-05
7.93057e-05
8.28945e-05
5.07708e-05
5.48966e-05
5.73552e-05
1.12289e-05
1.33584e-05
1.45517e-05
0.000157333
0.00016384
0.000168164
0.000151331
0.000159644
0.000165557
0.000144884
0.000154204
0.000160957
0.000136918
0.000146383
0.0001533
0.000126259
0.000135298
0.000141843
0.000112196
0.000120422
0.000126177
9.45392e-05
0.00010159
0.000106339
7.37221e-05
7.92978e-05
8.28853e-05
5.07691e-05
5.48947e-05
5.7353e-05
1.12288e-05
1.33583e-05
1.45516e-05
0.000157263
0.000163777
0.000168106
0.000151257
0.000159569
0.000165482
0.000144816
0.000154131
0.00016088
0.000136862
0.00014632
0.000153232
0.000126218
0.00013525
0.00014179
0.000112169
0.00012039
0.000126141
9.45241e-05
0.000101572
0.000106318
7.37155e-05
7.92899e-05
8.28762e-05
5.07675e-05
5.48928e-05
5.73507e-05
1.12286e-05
1.33582e-05
1.45515e-05
0.000157192
0.000163712
0.000168046
0.000151183
0.000159494
0.000165406
0.000144748
0.000154057
0.000160804
0.000136806
0.000146257
0.000153164
0.000126177
0.000135202
0.000141737
0.000112142
0.000120358
0.000126105
9.4509e-05
0.000101554
0.000106298
7.37089e-05
7.9282e-05
8.2867e-05
5.07658e-05
5.48909e-05
5.73485e-05
1.12285e-05
1.33581e-05
1.45514e-05
0.000157119
0.000163646
0.000167984
0.000151108
0.000159418
0.00016533
0.000144679
0.000153983
0.000160726
0.00013675
0.000146194
0.000153097
0.000126136
0.000135153
0.000141684
0.000112115
0.000120326
0.000126069
9.4494e-05
0.000101536
0.000106277
7.37024e-05
7.92741e-05
8.28579e-05
5.07641e-05
5.4889e-05
5.73462e-05
1.12284e-05
1.3358e-05
1.45513e-05
0.000157046
0.000163578
0.000167921
0.000151032
0.000159341
0.000165253
0.000144611
0.000153909
0.000160649
0.000136694
0.000146131
0.000153029
0.000126094
0.000135106
0.000141632
0.000112089
0.000120294
0.000126034
9.44789e-05
0.000101517
0.000106256
7.36958e-05
7.92662e-05
8.28488e-05
5.07624e-05
5.48871e-05
5.7344e-05
1.12282e-05
1.33579e-05
1.45512e-05
0.000156972
0.000163509
0.000167857
0.000150957
0.000159263
0.000165175
0.000144542
0.000153834
0.000160571
0.000136638
0.000146067
0.000152961
0.000126053
0.000135058
0.000141579
0.000112062
0.000120262
0.000125998
9.4464e-05
0.000101499
0.000106236
7.36893e-05
7.92584e-05
8.28397e-05
5.07608e-05
5.48853e-05
5.73418e-05
1.12281e-05
1.33578e-05
1.45511e-05
0.000156897
0.000163439
0.000167791
0.00015088
0.000159185
0.000165096
0.000144473
0.00015376
0.000160493
0.000136582
0.000146004
0.000152893
0.000126012
0.00013501
0.000141527
0.000112035
0.00012023
0.000125962
9.4449e-05
0.000101481
0.000106215
7.36828e-05
7.92505e-05
8.28307e-05
5.07591e-05
5.48834e-05
5.73395e-05
1.12279e-05
1.33576e-05
1.4551e-05
0.000156821
0.000163367
0.000167723
0.000150804
0.000159107
0.000165017
0.000144404
0.000153685
0.000160415
0.000136526
0.000145941
0.000152825
0.000125971
0.000134962
0.000141474
0.000112008
0.000120198
0.000125926
9.44341e-05
0.000101463
0.000106195
7.36763e-05
7.92427e-05
8.28216e-05
5.07575e-05
5.48815e-05
5.73373e-05
1.12278e-05
1.33575e-05
1.45509e-05
0.000156745
0.000163295
0.000167654
0.000150727
0.000159028
0.000164937
0.000144335
0.00015361
0.000160336
0.00013647
0.000145878
0.000152757
0.00012593
0.000134914
0.000141422
0.000111981
0.000120166
0.000125891
9.44191e-05
0.000101445
0.000106174
7.36698e-05
7.92349e-05
8.28126e-05
5.07558e-05
5.48796e-05
5.73351e-05
1.12276e-05
1.33574e-05
1.45508e-05
0.000156667
0.000163221
0.000167584
0.00015065
0.000158948
0.000164856
0.000144266
0.000153535
0.000160258
0.000136414
0.000145815
0.000152689
0.000125889
0.000134867
0.00014137
0.000111955
0.000120134
0.000125855
9.44043e-05
0.000101427
0.000106154
7.36633e-05
7.92271e-05
8.28036e-05
5.07542e-05
5.48777e-05
5.73329e-05
1.12275e-05
1.33573e-05
1.45506e-05
0.000156589
0.000163146
0.000167513
0.000150572
0.000158868
0.000164775
0.000144197
0.00015346
0.000160179
0.000136358
0.000145751
0.000152621
0.000125848
0.000134819
0.000141317
0.000111928
0.000120103
0.00012582
9.43894e-05
0.000101409
0.000106134
7.36568e-05
7.92194e-05
8.27946e-05
5.07525e-05
5.48759e-05
5.73307e-05
1.12273e-05
1.33571e-05
1.45505e-05
0.00015651
0.000163071
0.00016744
0.000150494
0.000158787
0.000164693
0.000144127
0.000153384
0.0001601
0.000136302
0.000145688
0.000152554
0.000125808
0.000134771
0.000141265
0.000111902
0.000120071
0.000125784
9.43746e-05
0.000101391
0.000106113
7.36503e-05
7.92116e-05
8.27856e-05
5.07509e-05
5.4874e-05
5.73285e-05
1.12271e-05
1.3357e-05
1.45504e-05
0.00015643
0.000162994
0.000167366
0.000150416
0.000158706
0.000164611
0.000144058
0.000153309
0.000160021
0.000136246
0.000145625
0.000152486
0.000125767
0.000134724
0.000141213
0.000111875
0.000120039
0.000125749
9.43598e-05
0.000101374
0.000106093
7.36439e-05
7.92039e-05
8.27767e-05
5.07492e-05
5.48721e-05
5.73263e-05
1.1227e-05
1.33569e-05
1.45503e-05
0.00015635
0.000162916
0.00016729
0.000150337
0.000158624
0.000164528
0.000143988
0.000153233
0.000159941
0.00013619
0.000145562
0.000152418
0.000125726
0.000134677
0.000141161
0.000111849
0.000120008
0.000125714
9.4345e-05
0.000101356
0.000106073
7.36374e-05
7.91961e-05
8.27678e-05
5.07476e-05
5.48703e-05
5.73241e-05
1.12268e-05
1.33567e-05
1.45501e-05
0.000156269
0.000162837
0.000167214
0.000150258
0.000158542
0.000164445
0.000143918
0.000153157
0.000159862
0.000136134
0.000145499
0.00015235
0.000125685
0.000134629
0.000141109
0.000111822
0.000119976
0.000125679
9.43302e-05
0.000101338
0.000106053
7.3631e-05
7.91884e-05
8.27588e-05
5.07459e-05
5.48684e-05
5.73219e-05
1.12267e-05
1.33566e-05
1.455e-05
0.000156187
0.000162757
0.000167136
0.000150179
0.00015846
0.000164361
0.000143849
0.000153081
0.000159782
0.000136078
0.000145436
0.000152282
0.000125645
0.000134582
0.000141057
0.000111796
0.000119945
0.000125644
9.43155e-05
0.00010132
0.000106032
7.36246e-05
7.91807e-05
8.27499e-05
5.07443e-05
5.48665e-05
5.73197e-05
1.12265e-05
1.33564e-05
1.45499e-05
0.000156105
0.000162677
0.000167058
0.000150099
0.000158377
0.000164276
0.000143779
0.000153005
0.000159702
0.000136023
0.000145373
0.000152214
0.000125604
0.000134535
0.000141006
0.000111769
0.000119914
0.000125609
9.43008e-05
0.000101302
0.000106012
7.36181e-05
7.9173e-05
8.27411e-05
5.07426e-05
5.48647e-05
5.73175e-05
1.12263e-05
1.33563e-05
1.45497e-05
0.000156022
0.000162595
0.000166978
0.000150019
0.000158294
0.000164191
0.000143709
0.000152929
0.000159622
0.000135967
0.00014531
0.000152147
0.000125564
0.000134488
0.000140954
0.000111743
0.000119882
0.000125574
9.42861e-05
0.000101285
0.000105992
7.36117e-05
7.91653e-05
8.27322e-05
5.0741e-05
5.48628e-05
5.73153e-05
1.12262e-05
1.33562e-05
1.45496e-05
0.000155938
0.000162513
0.000166897
0.000149939
0.00015821
0.000164106
0.000143639
0.000152853
0.000159542
0.000135911
0.000145247
0.000152079
0.000125523
0.000134441
0.000140902
0.000111717
0.000119851
0.000125539
9.42714e-05
0.000101267
0.000105972
7.36053e-05
7.91576e-05
8.27233e-05
5.07394e-05
5.48609e-05
5.73131e-05
1.1226e-05
1.3356e-05
1.45494e-05
0.000155854
0.00016243
0.000166816
0.000149859
0.000158127
0.00016402
0.000143569
0.000152777
0.000159462
0.000135855
0.000145184
0.000152011
0.000125483
0.000134394
0.000140851
0.00011169
0.00011982
0.000125504
9.42567e-05
0.000101249
0.000105952
7.35989e-05
7.915e-05
8.27145e-05
5.07377e-05
5.48591e-05
5.73109e-05
1.12258e-05
1.33559e-05
1.45493e-05
0.00015577
0.000162346
0.000166733
0.000149779
0.000158042
0.000163934
0.000143499
0.0001527
0.000159381
0.0001358
0.000145121
0.000151944
0.000125442
0.000134347
0.000140799
0.000111664
0.000119789
0.000125469
9.42421e-05
0.000101232
0.000105932
7.35925e-05
7.91423e-05
8.27056e-05
5.07361e-05
5.48572e-05
5.73087e-05
1.12257e-05
1.33557e-05
1.45491e-05
0.000155685
0.000162261
0.00016665
0.000149698
0.000157958
0.000163848
0.000143429
0.000152624
0.000159301
0.000135744
0.000145058
0.000151876
0.000125402
0.0001343
0.000140748
0.000111638
0.000119757
0.000125434
9.42274e-05
0.000101214
0.000105912
7.35861e-05
7.91346e-05
8.26968e-05
5.07345e-05
5.48554e-05
5.73066e-05
1.12255e-05
1.33555e-05
1.4549e-05
0.000155599
0.000162176
0.000166565
0.000149617
0.000157873
0.000163761
0.000143359
0.000152548
0.000159221
0.000135688
0.000144995
0.000151808
0.000125361
0.000134253
0.000140696
0.000111612
0.000119726
0.000125399
9.42128e-05
0.000101197
0.000105892
7.35797e-05
7.9127e-05
8.2688e-05
5.07328e-05
5.48535e-05
5.73044e-05
1.12253e-05
1.33554e-05
1.45488e-05
0.000155513
0.00016209
0.00016648
0.000149536
0.000157788
0.000163673
0.000143289
0.000152471
0.00015914
0.000135633
0.000144932
0.000151741
0.000125321
0.000134206
0.000140645
0.000111585
0.000119695
0.000125365
9.41982e-05
0.000101179
0.000105872
7.35733e-05
7.91193e-05
8.26792e-05
5.07312e-05
5.48516e-05
5.73022e-05
1.12252e-05
1.33552e-05
1.45487e-05
0.000155427
0.000162003
0.000166394
0.000149454
0.000157703
0.000163586
0.000143219
0.000152395
0.000159059
0.000135577
0.00014487
0.000151673
0.000125281
0.000134159
0.000140594
0.000111559
0.000119664
0.00012533
9.41836e-05
0.000101162
0.000105852
7.35669e-05
7.91117e-05
8.26704e-05
5.07296e-05
5.48498e-05
5.73e-05
1.1225e-05
1.33551e-05
1.45485e-05
0.00015534
0.000161916
0.000166307
0.000149373
0.000157617
0.000163498
0.000143149
0.000152318
0.000158979
0.000135522
0.000144807
0.000151606
0.000125241
0.000134113
0.000140543
0.000111533
0.000119633
0.000125296
9.4169e-05
0.000101144
0.000105833
7.35605e-05
7.9104e-05
8.26616e-05
5.07279e-05
5.48479e-05
5.72978e-05
1.12248e-05
1.33549e-05
1.45483e-05
0.000155252
0.000161828
0.00016622
0.000149291
0.000157531
0.000163409
0.000143078
0.000152241
0.000158898
0.000135466
0.000144744
0.000151538
0.000125201
0.000134066
0.000140492
0.000111507
0.000119602
0.000125261
9.41544e-05
0.000101127
0.000105813
7.35541e-05
7.90964e-05
8.26528e-05
5.07263e-05
5.48461e-05
5.72956e-05
1.12247e-05
1.33548e-05
1.45482e-05
0.000155165
0.000161739
0.000166131
0.00014921
0.000157445
0.000163321
0.000143008
0.000152165
0.000158817
0.000135411
0.000144682
0.000151471
0.00012516
0.000134019
0.000140441
0.000111481
0.000119571
0.000125227
9.41398e-05
0.000101109
0.000105793
7.35477e-05
7.90888e-05
8.2644e-05
5.07246e-05
5.48442e-05
5.72934e-05
1.12245e-05
1.33546e-05
1.4548e-05
0.000155076
0.00016165
0.000166042
0.000149128
0.000157359
0.000163232
0.000142938
0.000152088
0.000158736
0.000135355
0.000144619
0.000151404
0.00012512
0.000133973
0.00014039
0.000111455
0.000119541
0.000125192
9.41252e-05
0.000101092
0.000105773
7.35413e-05
7.90811e-05
8.26352e-05
5.0723e-05
5.48423e-05
5.72913e-05
1.12243e-05
1.33544e-05
1.45478e-05
0.000154988
0.00016156
0.000165953
0.000149046
0.000157272
0.000163143
0.000142868
0.000152011
0.000158655
0.0001353
0.000144557
0.000151337
0.00012508
0.000133927
0.000140339
0.000111429
0.00011951
0.000125158
9.41106e-05
0.000101074
0.000105754
7.35349e-05
7.90735e-05
8.26265e-05
5.07214e-05
5.48404e-05
5.72891e-05
1.12241e-05
1.33543e-05
1.45477e-05
0.000154899
0.00016147
0.000165862
0.000148964
0.000157185
0.000163054
0.000142798
0.000151934
0.000158574
0.000135245
0.000144494
0.000151269
0.00012504
0.00013388
0.000140288
0.000111403
0.000119479
0.000125124
9.4096e-05
0.000101057
0.000105734
7.35285e-05
7.90658e-05
8.26177e-05
5.07197e-05
5.48386e-05
5.72869e-05
1.1224e-05
1.33541e-05
1.45475e-05
0.00015481
0.000161379
0.000165771
0.000148881
0.000157098
0.000162964
0.000142728
0.000151858
0.000158493
0.000135189
0.000144432
0.000151202
0.000125
0.000133834
0.000140237
0.000111377
0.000119448
0.000125089
9.40815e-05
0.000101039
0.000105714
7.35221e-05
7.90582e-05
8.26089e-05
5.07181e-05
5.48367e-05
5.72847e-05
1.12238e-05
1.33539e-05
1.45473e-05
0.00015472
0.000161288
0.00016568
0.000148799
0.000157011
0.000162874
0.000142657
0.000151781
0.000158412
0.000135134
0.000144369
0.000151135
0.00012496
0.000133788
0.000140187
0.000111351
0.000119417
0.000125055
9.40669e-05
0.000101022
0.000105694
7.35157e-05
7.90506e-05
8.26002e-05
5.07164e-05
5.48348e-05
5.72825e-05
1.12236e-05
1.33537e-05
1.45472e-05
0.000154631
0.000161196
0.000165588
0.000148716
0.000156924
0.000162784
0.000142587
0.000151704
0.000158332
0.000135079
0.000144307
0.000151068
0.00012492
0.000133741
0.000140136
0.000111325
0.000119387
0.000125021
9.40523e-05
0.000101004
0.000105675
7.35093e-05
7.90429e-05
8.25914e-05
5.07148e-05
5.48329e-05
5.72803e-05
1.12234e-05
1.33536e-05
1.4547e-05
0.000154541
0.000161104
0.000165495
0.000148634
0.000156837
0.000162694
0.000142517
0.000151627
0.000158251
0.000135024
0.000144245
0.000151001
0.000124881
0.000133695
0.000140085
0.000111299
0.000119356
0.000124987
9.40378e-05
0.000100987
0.000105655
7.35029e-05
7.90353e-05
8.25826e-05
5.07131e-05
5.48311e-05
5.72781e-05
1.12233e-05
1.33534e-05
1.45468e-05
0.00015445
0.000161012
0.000165402
0.000148551
0.000156749
0.000162603
0.000142447
0.000151551
0.00015817
0.000134969
0.000144183
0.000150934
0.000124841
0.000133649
0.000140035
0.000111273
0.000119326
0.000124953
9.40232e-05
0.000100969
0.000105635
7.34965e-05
7.90276e-05
8.25739e-05
5.07115e-05
5.48292e-05
5.72759e-05
1.12231e-05
1.33532e-05
1.45466e-05
0.00015436
0.000160919
0.000165308
0.000148468
0.000156662
0.000162513
0.000142377
0.000151474
0.000158089
0.000134913
0.000144121
0.000150868
0.000124801
0.000133603
0.000139985
0.000111247
0.000119295
0.000124919
9.40086e-05
0.000100952
0.000105616
7.34901e-05
7.902e-05
8.25651e-05
5.07098e-05
5.48273e-05
5.72737e-05
1.12229e-05
1.3353e-05
1.45464e-05
0.000154269
0.000160826
0.000165214
0.000148386
0.000156574
0.000162422
0.000142307
0.000151397
0.000158008
0.000134858
0.000144059
0.000150801
0.000124761
0.000133557
0.000139934
0.000111221
0.000119264
0.000124885
9.3994e-05
0.000100935
0.000105596
7.34836e-05
7.90123e-05
8.25563e-05
5.07082e-05
5.48254e-05
5.72715e-05
1.12227e-05
1.33529e-05
1.45463e-05
0.000154178
0.000160732
0.000165119
0.000148303
0.000156486
0.000162331
0.000142237
0.000151321
0.000157927
0.000134803
0.000143997
0.000150734
0.000124721
0.000133511
0.000139884
0.000111195
0.000119234
0.000124851
9.39795e-05
0.000100917
0.000105577
7.34772e-05
7.90046e-05
8.25475e-05
5.07065e-05
5.48235e-05
5.72692e-05
1.12225e-05
1.33527e-05
1.45461e-05
0.000154086
0.000160638
0.000165024
0.00014822
0.000156398
0.00016224
0.000142167
0.000151244
0.000157846
0.000134749
0.000143935
0.000150668
0.000124682
0.000133465
0.000139834
0.000111169
0.000119203
0.000124817
9.39649e-05
0.0001009
0.000105557
7.34707e-05
7.8997e-05
8.25388e-05
5.07048e-05
5.48216e-05
5.7267e-05
1.12224e-05
1.33525e-05
1.45459e-05
0.000153995
0.000160543
0.000164928
0.000148137
0.00015631
0.000162149
0.000142097
0.000151167
0.000157765
0.000134694
0.000143873
0.000150601
0.000124642
0.00013342
0.000139784
0.000111143
0.000119173
0.000124783
9.39503e-05
0.000100883
0.000105537
7.34643e-05
7.89893e-05
8.253e-05
5.07032e-05
5.48197e-05
5.72648e-05
1.12222e-05
1.33523e-05
1.45457e-05
0.000153903
0.000160449
0.000164832
0.000148054
0.000156222
0.000162058
0.000142027
0.000151091
0.000157684
0.000134639
0.000143811
0.000150535
0.000124602
0.000133374
0.000139734
0.000111117
0.000119142
0.000124749
9.39357e-05
0.000100865
0.000105518
7.34578e-05
7.89816e-05
8.25212e-05
5.07015e-05
5.48177e-05
5.72626e-05
1.1222e-05
1.33521e-05
1.45455e-05
0.000153811
0.000160354
0.000164736
0.000147971
0.000156133
0.000161966
0.000141957
0.000151014
0.000157603
0.000134584
0.00014375
0.000150469
0.000124563
0.000133328
0.000139684
0.000111091
0.000119112
0.000124715
9.39211e-05
0.000100848
0.000105498
7.34513e-05
7.89739e-05
8.25124e-05
5.06998e-05
5.48158e-05
5.72603e-05
1.12218e-05
1.33519e-05
1.45453e-05
0.000153719
0.000160258
0.000164639
0.000147888
0.000156045
0.000161875
0.000141887
0.000150938
0.000157522
0.000134529
0.000143688
0.000150402
0.000124523
0.000133282
0.000139634
0.000111066
0.000119082
0.000124682
9.39065e-05
0.00010083
0.000105479
7.34449e-05
7.89662e-05
8.25036e-05
5.06981e-05
5.48139e-05
5.72581e-05
1.12216e-05
1.33518e-05
1.45451e-05
0.000153627
0.000160163
0.000164542
0.000147805
0.000155957
0.000161783
0.000141817
0.000150861
0.000157442
0.000134475
0.000143626
0.000150336
0.000124484
0.000133237
0.000139584
0.00011104
0.000119051
0.000124648
9.38919e-05
0.000100813
0.000105459
7.34384e-05
7.89585e-05
8.24948e-05
5.06964e-05
5.4812e-05
5.72558e-05
1.12215e-05
1.33516e-05
1.45449e-05
0.000153535
0.000160067
0.000164445
0.000147722
0.000155868
0.000161691
0.000141747
0.000150785
0.000157361
0.00013442
0.000143565
0.00015027
0.000124444
0.000133191
0.000139534
0.000111014
0.000119021
0.000124614
9.38772e-05
0.000100796
0.00010544
7.34318e-05
7.89507e-05
8.2486e-05
5.06947e-05
5.481e-05
5.72536e-05
1.12213e-05
1.33514e-05
1.45447e-05
0.000153442
0.000159971
0.000164347
0.000147639
0.00015578
0.0001616
0.000141678
0.000150708
0.00015728
0.000134365
0.000143503
0.000150204
0.000124404
0.000133146
0.000139484
0.000110988
0.00011899
0.000124581
9.38626e-05
0.000100778
0.00010542
7.34253e-05
7.8943e-05
8.24771e-05
5.0693e-05
5.48081e-05
5.72513e-05
1.12211e-05
1.33512e-05
1.45445e-05
0.00015335
0.000159874
0.000164249
0.000147556
0.000155691
0.000161508
0.000141608
0.000150632
0.0001572
0.000134311
0.000143442
0.000150138
0.000124365
0.0001331
0.000139435
0.000110962
0.00011896
0.000124547
9.38479e-05
0.000100761
0.0001054
7.34188e-05
7.89352e-05
8.24683e-05
5.06913e-05
5.48061e-05
5.72491e-05
1.12209e-05
1.3351e-05
1.45443e-05
0.000153257
0.000159778
0.00016415
0.000147473
0.000155603
0.000161416
0.000141538
0.000150556
0.000157119
0.000134256
0.000143381
0.000150072
0.000124326
0.000133055
0.000139385
0.000110936
0.00011893
0.000124513
9.38333e-05
0.000100743
0.000105381
7.34122e-05
7.89275e-05
8.24594e-05
5.06896e-05
5.48042e-05
5.72468e-05
1.12207e-05
1.33508e-05
1.45441e-05
0.000153164
0.000159681
0.000164052
0.000147389
0.000155514
0.000161324
0.000141469
0.00015048
0.000157039
0.000134202
0.00014332
0.000150007
0.000124286
0.000133009
0.000139336
0.00011091
0.000118899
0.00012448
9.38186e-05
0.000100726
0.000105361
7.34057e-05
7.89197e-05
8.24506e-05
5.06879e-05
5.48022e-05
5.72445e-05
1.12205e-05
1.33506e-05
1.45439e-05
0.000153071
0.000159584
0.000163953
0.000147306
0.000155426
0.000161232
0.000141399
0.000150403
0.000156958
0.000134148
0.000143258
0.000149941
0.000124247
0.000132964
0.000139286
0.000110884
0.000118869
0.000124446
9.38039e-05
0.000100708
0.000105342
7.33991e-05
7.89119e-05
8.24417e-05
5.06862e-05
5.48002e-05
5.72422e-05
1.12203e-05
1.33504e-05
1.45437e-05
0.000152978
0.000159487
0.000163853
0.000147223
0.000155337
0.00016114
0.00014133
0.000150327
0.000156878
0.000134093
0.000143197
0.000149875
0.000124207
0.000132919
0.000139237
0.000110859
0.000118839
0.000124413
9.37892e-05
0.000100691
0.000105322
7.33925e-05
7.89041e-05
8.24328e-05
5.06845e-05
5.47982e-05
5.72399e-05
1.12202e-05
1.33502e-05
1.45435e-05
0.000152885
0.000159389
0.000163754
0.00014714
0.000155248
0.000161048
0.00014126
0.000150251
0.000156797
0.000134039
0.000143136
0.00014981
0.000124168
0.000132874
0.000139187
0.000110833
0.000118809
0.000124379
9.37745e-05
0.000100674
0.000105303
7.33859e-05
7.88963e-05
8.24239e-05
5.06827e-05
5.47962e-05
5.72376e-05
1.122e-05
1.335e-05
1.45433e-05
0.000152792
0.000159292
0.000163654
0.000147057
0.00015516
0.000160956
0.000141191
0.000150175
0.000156717
0.000133985
0.000143075
0.000149744
0.000124129
0.000132828
0.000139138
0.000110807
0.000118778
0.000124346
9.37597e-05
0.000100656
0.000105283
7.33793e-05
7.88884e-05
8.2415e-05
5.0681e-05
5.47942e-05
5.72353e-05
1.12198e-05
1.33498e-05
1.45431e-05
0.000152699
0.000159194
0.000163555
0.000146974
0.000155071
0.000160864
0.000141122
0.0001501
0.000156637
0.000133931
0.000143015
0.000149679
0.000124089
0.000132783
0.000139089
0.000110781
0.000118748
0.000124312
9.3745e-05
0.000100639
0.000105263
7.33726e-05
7.88806e-05
8.24061e-05
5.06792e-05
5.47922e-05
5.7233e-05
1.12196e-05
1.33497e-05
1.45429e-05
0.000152605
0.000159097
0.000163454
0.000146891
0.000154983
0.000160772
0.000141052
0.000150024
0.000156557
0.000133876
0.000142954
0.000149614
0.00012405
0.000132738
0.00013904
0.000110755
0.000118718
0.000124279
9.37302e-05
0.000100621
0.000105244
7.3366e-05
7.88727e-05
8.23971e-05
5.06775e-05
5.47902e-05
5.72307e-05
1.12194e-05
1.33495e-05
1.45427e-05
0.000152512
0.000158999
0.000163354
0.000146808
0.000154894
0.00016068
0.000140983
0.000149948
0.000156477
0.000133822
0.000142893
0.000149549
0.000124011
0.000132693
0.000138991
0.000110729
0.000118688
0.000124245
9.37154e-05
0.000100604
0.000105224
7.33593e-05
7.88648e-05
8.23882e-05
5.06757e-05
5.47882e-05
5.72283e-05
1.12192e-05
1.33493e-05
1.45425e-05
0.000152419
0.000158901
0.000163254
0.000146726
0.000154806
0.000160587
0.000140914
0.000149872
0.000156397
0.000133768
0.000142832
0.000149484
0.000123972
0.000132648
0.000138942
0.000110703
0.000118657
0.000124212
9.37006e-05
0.000100586
0.000105205
7.33526e-05
7.88569e-05
8.23792e-05
5.06739e-05
5.47861e-05
5.7226e-05
1.1219e-05
1.33491e-05
1.45423e-05
0.000152325
0.000158803
0.000163153
0.000146643
0.000154717
0.000160495
0.000140845
0.000149797
0.000156317
0.000133714
0.000142772
0.000149419
0.000123932
0.000132603
0.000138893
0.000110677
0.000118627
0.000124179
9.36858e-05
0.000100569
0.000105185
7.33459e-05
7.88489e-05
8.23702e-05
5.06721e-05
5.47841e-05
5.72236e-05
1.12188e-05
1.33489e-05
1.45421e-05
0.000152232
0.000158704
0.000163053
0.00014656
0.000154629
0.000160403
0.000140776
0.000149721
0.000156238
0.00013366
0.000142711
0.000149354
0.000123893
0.000132558
0.000138844
0.000110652
0.000118597
0.000124145
9.36709e-05
0.000100551
0.000105165
7.33392e-05
7.8841e-05
8.23612e-05
5.06704e-05
5.4782e-05
5.72212e-05
1.12186e-05
1.33487e-05
1.45419e-05
0.000152138
0.000158606
0.000162952
0.000146477
0.00015454
0.000160311
0.000140707
0.000149646
0.000156158
0.000133607
0.000142651
0.000149289
0.000123854
0.000132513
0.000138795
0.000110626
0.000118567
0.000124112
9.3656e-05
0.000100534
0.000105146
7.33324e-05
7.8833e-05
8.23521e-05
5.06686e-05
5.47799e-05
5.72188e-05
1.12184e-05
1.33485e-05
1.45417e-05
0.000152045
0.000158508
0.000162851
0.000146395
0.000154452
0.000160219
0.000140639
0.000149571
0.000156078
0.000133553
0.000142591
0.000149224
0.000123815
0.000132468
0.000138746
0.0001106
0.000118537
0.000124078
9.36411e-05
0.000100516
0.000105126
7.33257e-05
7.8825e-05
8.23431e-05
5.06668e-05
5.47779e-05
5.72164e-05
1.12183e-05
1.33482e-05
1.45414e-05
0.000151951
0.000158409
0.00016275
0.000146312
0.000154363
0.000160127
0.00014057
0.000149496
0.000155999
0.000133499
0.000142531
0.00014916
0.000123776
0.000132424
0.000138697
0.000110574
0.000118506
0.000124045
9.36262e-05
0.000100498
0.000105107
7.33189e-05
7.8817e-05
8.2334e-05
5.06649e-05
5.47758e-05
5.7214e-05
1.12181e-05
1.3348e-05
1.45412e-05
0.000151858
0.000158311
0.000162649
0.00014623
0.000154275
0.000160035
0.000140501
0.00014942
0.00015592
0.000133445
0.00014247
0.000149095
0.000123736
0.000132379
0.000138649
0.000110548
0.000118476
0.000124012
9.36112e-05
0.000100481
0.000105087
7.33121e-05
7.88089e-05
8.23249e-05
5.06631e-05
5.47737e-05
5.72116e-05
1.12179e-05
1.33478e-05
1.4541e-05
0.000151765
0.000158212
0.000162547
0.000146147
0.000154187
0.000159944
0.000140433
0.000149345
0.00015584
0.000133392
0.00014241
0.000149031
0.000123697
0.000132334
0.0001386
0.000110522
0.000118446
0.000123979
9.35962e-05
0.000100463
0.000105067
7.33052e-05
7.88009e-05
8.23158e-05
5.06613e-05
5.47716e-05
5.72092e-05
1.12177e-05
1.33476e-05
1.45408e-05
0.000151671
0.000158114
0.000162446
0.000146065
0.000154099
0.000159852
0.000140364
0.000149271
0.000155761
0.000133338
0.00014235
0.000148967
0.000123658
0.000132289
0.000138551
0.000110496
0.000118416
0.000123945
9.35812e-05
0.000100445
0.000105048
7.32984e-05
7.87928e-05
8.23067e-05
5.06594e-05
5.47694e-05
5.72068e-05
1.12175e-05
1.33474e-05
1.45406e-05
0.000151578
0.000158015
0.000162345
0.000145983
0.000154011
0.00015976
0.000140296
0.000149196
0.000155682
0.000133285
0.00014229
0.000148902
0.000123619
0.000132245
0.000138503
0.00011047
0.000118386
0.000123912
9.35662e-05
0.000100428
0.000105028
7.32915e-05
7.87847e-05
8.22975e-05
5.06576e-05
5.47673e-05
5.72043e-05
1.12173e-05
1.33472e-05
1.45404e-05
0.000151485
0.000157917
0.000162243
0.000145901
0.000153923
0.000159668
0.000140228
0.000149121
0.000155603
0.000133231
0.00014223
0.000148838
0.00012358
0.0001322
0.000138454
0.000110444
0.000118355
0.000123879
9.35511e-05
0.00010041
0.000105008
7.32846e-05
7.87765e-05
8.22883e-05
5.06557e-05
5.47651e-05
5.72018e-05
1.12171e-05
1.3347e-05
1.45401e-05
0.000151391
0.000157818
0.000162142
0.000145818
0.000153835
0.000159577
0.000140159
0.000149046
0.000155524
0.000133178
0.000142171
0.000148774
0.000123541
0.000132156
0.000138406
0.000110418
0.000118325
0.000123845
9.35361e-05
0.000100392
0.000104988
7.32776e-05
7.87683e-05
8.22791e-05
5.06538e-05
5.4763e-05
5.71993e-05
1.12169e-05
1.33468e-05
1.45399e-05
0.000151298
0.000157719
0.00016204
0.000145736
0.000153747
0.000159485
0.000140091
0.000148972
0.000155446
0.000133124
0.000142111
0.00014871
0.000123502
0.000132111
0.000138358
0.000110392
0.000118295
0.000123812
9.35209e-05
0.000100374
0.000104969
7.32707e-05
7.87601e-05
8.22698e-05
5.06519e-05
5.47608e-05
5.71968e-05
1.12167e-05
1.33466e-05
1.45397e-05
0.000151205
0.000157621
0.000161939
0.000145655
0.000153659
0.000159394
0.000140023
0.000148897
0.000155367
0.000133071
0.000142051
0.000148646
0.000123463
0.000132066
0.000138309
0.000110366
0.000118265
0.000123779
9.35058e-05
0.000100357
0.000104949
7.32637e-05
7.87519e-05
8.22606e-05
5.065e-05
5.47586e-05
5.71943e-05
1.12165e-05
1.33464e-05
1.45395e-05
0.000151112
0.000157522
0.000161837
0.000145573
0.000153572
0.000159302
0.000139955
0.000148823
0.000155289
0.000133018
0.000141992
0.000148583
0.000123424
0.000132022
0.000138261
0.00011034
0.000118235
0.000123746
9.34906e-05
0.000100339
0.000104929
7.32567e-05
7.87437e-05
8.22513e-05
5.06481e-05
5.47564e-05
5.71918e-05
1.12163e-05
1.33462e-05
1.45392e-05
0.000151019
0.000157424
0.000161736
0.000145491
0.000153484
0.000159211
0.000139888
0.000148749
0.00015521
0.000132965
0.000141932
0.000148519
0.000123385
0.000131978
0.000138213
0.000110314
0.000118204
0.000123713
9.34754e-05
0.000100321
0.000104909
7.32496e-05
7.87354e-05
8.2242e-05
5.06462e-05
5.47542e-05
5.71893e-05
1.12161e-05
1.3346e-05
1.4539e-05
0.000150926
0.000157325
0.000161634
0.000145409
0.000153396
0.00015912
0.00013982
0.000148675
0.000155132
0.000132911
0.000141873
0.000148455
0.000123346
0.000131933
0.000138165
0.000110288
0.000118174
0.000123679
9.34602e-05
0.000100303
0.000104889
7.32426e-05
7.87271e-05
8.22326e-05
5.06443e-05
5.47519e-05
5.71867e-05
1.12159e-05
1.33458e-05
1.45388e-05
0.000150833
0.000157227
0.000161532
0.000145328
0.000153309
0.000159029
0.000139752
0.000148601
0.000155054
0.000132858
0.000141814
0.000148392
0.000123307
0.000131889
0.000138116
0.000110262
0.000118144
0.000123646
9.34449e-05
0.000100285
0.000104869
7.32355e-05
7.87187e-05
8.22232e-05
5.06423e-05
5.47497e-05
5.71842e-05
1.12157e-05
1.33455e-05
1.45386e-05
0.00015074
0.000157128
0.000161431
0.000145247
0.000153222
0.000158938
0.000139685
0.000148527
0.000154976
0.000132805
0.000141755
0.000148329
0.000123268
0.000131845
0.000138068
0.000110235
0.000118114
0.000123613
9.34296e-05
0.000100267
0.000104849
7.32283e-05
7.87104e-05
8.22138e-05
5.06404e-05
5.47474e-05
5.71816e-05
1.12155e-05
1.33453e-05
1.45383e-05
0.000150647
0.00015703
0.000161329
0.000145165
0.000153135
0.000158847
0.000139617
0.000148453
0.000154898
0.000132752
0.000141696
0.000148265
0.000123229
0.0001318
0.00013802
0.000110209
0.000118083
0.00012358
9.34142e-05
0.000100249
0.000104829
7.32212e-05
7.8702e-05
8.22044e-05
5.06384e-05
5.47451e-05
5.7179e-05
1.12153e-05
1.33451e-05
1.45381e-05
0.000150557
0.000156935
0.000161231
0.000145087
0.000153051
0.000158759
0.000139552
0.000148382
0.000154823
0.000132701
0.000141638
0.000148204
0.000123192
0.000131757
0.000137974
0.000110184
0.000118054
0.000123548
9.33993e-05
0.000100232
0.00010481
7.32143e-05
7.86939e-05
8.21953e-05
5.06366e-05
5.47431e-05
5.71766e-05
1.12151e-05
1.33449e-05
1.45379e-05
)
;

boundaryField
{
    inlet
    {
        type            calculated;
        value           nonuniform List<scalar> 
69
(
0.000676733
0.000676502
0.000675798
0.000676502
0.000676328
0.000675334
0.000675798
0.000675334
0.000673826
0.000673924
0.000669852
0.000661165
0.000643832
0.000611481
0.000555202
0.000464844
0.000333895
0.000171589
2.77778e-05
0.000672857
0.000667711
0.0006572
0.000637072
0.000600951
0.000540451
0.00044683
0.000315954
0.000159356
2.52516e-05
0.000669769
0.00066191
0.000647106
0.000620855
0.000577095
0.000508836
0.000410269
0.000281467
0.000137148
2.09007e-05
0.000669769
0.00066191
0.000647106
0.000620855
0.000577095
0.000508836
0.000410269
0.000281467
0.000137148
2.09007e-05
0.000672857
0.000667711
0.0006572
0.000637072
0.000600951
0.000540451
0.00044683
0.000315954
0.000159356
2.52516e-05
0.000673924
0.000669852
0.000661165
0.000643832
0.000611481
0.000555202
0.000464844
0.000333895
0.000171589
2.77778e-05
)
;
    }
    outlet
    {
        type            calculated;
        value           nonuniform List<scalar> 
69
(
0.000173689
0.000169649
0.000164654
0.000169642
0.000166452
0.000161785
0.000164629
0.00016177
0.000156809
0.000161275
0.000158809
0.000154869
0.000148242
0.000138001
0.000123565
0.00010482
8.21987e-05
5.71765e-05
1.4537e-05
0.000156965
0.000153086
0.000148416
0.000141667
0.000131778
0.000118068
0.000100239
7.86964e-05
5.47429e-05
1.33442e-05
0.000150564
0.000145094
0.00013956
0.000132709
0.000123198
0.000110189
9.34029e-05
7.32163e-05
5.06372e-05
1.1215e-05
0.000150557
0.000145087
0.000139552
0.000132701
0.000123192
0.000110184
9.33993e-05
7.32143e-05
5.06366e-05
1.12151e-05
0.000156935
0.000153051
0.000148382
0.000141638
0.000131757
0.000118054
0.000100232
7.86939e-05
5.47431e-05
1.33449e-05
0.000161231
0.000158759
0.000154823
0.000148204
0.000137974
0.000123548
0.00010481
8.21953e-05
5.71766e-05
1.45379e-05
)
;
    }
    pipe
    {
        type            nutkWallFunction;
        blending        stepwise;
        value           nonuniform List<scalar> 
1980
(
2.10226e-07
7.29589e-07
1.21959e-06
1.64395e-06
1.98602e-06
2.24511e-06
2.43017e-06
2.55418e-06
2.63057e-06
2.67131e-06
2.68625e-06
2.68309e-06
2.66767e-06
2.64431e-06
2.61618e-06
2.58561e-06
2.55437e-06
2.52381e-06
2.49508e-06
2.46911e-06
2.4467e-06
2.42843e-06
2.41463e-06
2.40528e-06
2.4e-06
2.39814e-06
2.39882e-06
2.40115e-06
2.40431e-06
2.40765e-06
2.41071e-06
2.41324e-06
2.41512e-06
2.41634e-06
2.41697e-06
2.41709e-06
2.4168e-06
2.41618e-06
2.4153e-06
2.41423e-06
2.413e-06
2.41165e-06
2.41022e-06
2.40872e-06
2.40716e-06
2.40557e-06
2.40394e-06
2.40229e-06
2.4006e-06
2.39888e-06
2.39712e-06
2.39531e-06
2.39343e-06
2.39148e-06
2.38944e-06
2.3873e-06
2.38505e-06
2.38269e-06
2.3802e-06
2.37759e-06
2.37487e-06
2.37203e-06
2.36909e-06
2.36606e-06
2.36296e-06
2.35979e-06
2.35658e-06
2.35335e-06
2.35012e-06
2.3469e-06
2.34373e-06
2.34062e-06
2.3376e-06
2.33472e-06
2.332e-06
2.32951e-06
2.32729e-06
2.32542e-06
2.32395e-06
2.32297e-06
2.32253e-06
2.32267e-06
2.32339e-06
2.32465e-06
2.32641e-06
2.32862e-06
2.3312e-06
2.33408e-06
2.33719e-06
2.34044e-06
2.34378e-06
2.34714e-06
2.35047e-06
2.35373e-06
2.35689e-06
2.35994e-06
2.36285e-06
2.36562e-06
2.36825e-06
2.37074e-06
2.3731e-06
2.37533e-06
2.37744e-06
2.37943e-06
2.38133e-06
2.38312e-06
2.38483e-06
2.38646e-06
2.38801e-06
2.38949e-06
2.3909e-06
2.39226e-06
2.39355e-06
2.39478e-06
2.39597e-06
2.3971e-06
2.39819e-06
2.39924e-06
2.40024e-06
2.4012e-06
2.40212e-06
2.40301e-06
2.40386e-06
2.40468e-06
2.40547e-06
2.40623e-06
2.40696e-06
2.40766e-06
2.40834e-06
2.40899e-06
2.40962e-06
2.41022e-06
2.4108e-06
2.41136e-06
2.4119e-06
2.41242e-06
2.41293e-06
2.41341e-06
2.41388e-06
2.41433e-06
2.41476e-06
2.41518e-06
2.41558e-06
2.41597e-06
2.41634e-06
2.4167e-06
2.41705e-06
2.41739e-06
2.41771e-06
2.41802e-06
2.41832e-06
2.41861e-06
2.41889e-06
2.41916e-06
2.41942e-06
2.41967e-06
2.41991e-06
2.42014e-06
2.42037e-06
2.42058e-06
2.42079e-06
2.42099e-06
2.42119e-06
2.42137e-06
2.42155e-06
2.42173e-06
2.42189e-06
2.42205e-06
2.42221e-06
2.42236e-06
2.4225e-06
2.42264e-06
2.42277e-06
2.4229e-06
2.42303e-06
2.42315e-06
2.42326e-06
2.42337e-06
2.42348e-06
2.42358e-06
2.42368e-06
2.42377e-06
2.42387e-06
2.42395e-06
2.42404e-06
2.42412e-06
2.4242e-06
2.42427e-06
2.42434e-06
2.42441e-06
2.42448e-06
2.42454e-06
2.4246e-06
2.42466e-06
2.42472e-06
2.42477e-06
2.42482e-06
2.42487e-06
2.42492e-06
2.42496e-06
2.42501e-06
2.42505e-06
2.42508e-06
2.42512e-06
2.42516e-06
2.42519e-06
2.42522e-06
2.42525e-06
2.42528e-06
2.42531e-06
2.42533e-06
2.42536e-06
2.42538e-06
2.4254e-06
2.42542e-06
2.42544e-06
2.42546e-06
2.42547e-06
2.42549e-06
2.4255e-06
2.42552e-06
2.42553e-06
2.42554e-06
2.42555e-06
2.42556e-06
2.42556e-06
2.42557e-06
2.42558e-06
2.42558e-06
2.42559e-06
2.42559e-06
2.42559e-06
2.42559e-06
2.4256e-06
2.4256e-06
2.4256e-06
2.42559e-06
2.42559e-06
2.42559e-06
2.42559e-06
2.42558e-06
2.42558e-06
2.42557e-06
2.42557e-06
2.42556e-06
2.42555e-06
2.42555e-06
2.42554e-06
2.42553e-06
2.42552e-06
2.42551e-06
2.4255e-06
2.42549e-06
2.42548e-06
2.42547e-06
2.42546e-06
2.42544e-06
2.42543e-06
2.42542e-06
2.42541e-06
2.42539e-06
2.42538e-06
2.42536e-06
2.42535e-06
2.42533e-06
2.42532e-06
2.4253e-06
2.42529e-06
2.42527e-06
2.42525e-06
2.42524e-06
2.42522e-06
2.4252e-06
2.42518e-06
2.42517e-06
2.42515e-06
2.42513e-06
2.42511e-06
2.42509e-06
2.42507e-06
2.42505e-06
2.42503e-06
2.42501e-06
2.42499e-06
2.42497e-06
2.42495e-06
2.42493e-06
2.42491e-06
2.42489e-06
2.42487e-06
2.42485e-06
2.42483e-06
2.4248e-06
2.42478e-06
2.42476e-06
2.42474e-06
2.42472e-06
2.42469e-06
2.42467e-06
2.42465e-06
2.42462e-06
2.4246e-06
2.42458e-06
2.42455e-06
2.42453e-06
2.42451e-06
2.42448e-06
2.42446e-06
2.42444e-06
2.42441e-06
2.42439e-06
2.42436e-06
2.42434e-06
2.42431e-06
2.42429e-06
2.42426e-06
2.42424e-06
2.42421e-06
2.42419e-06
2.42416e-06
2.42414e-06
2.42411e-06
2.42409e-06
2.42406e-06
2.42403e-06
2.42401e-06
2.42398e-06
2.42395e-06
2.42393e-06
2.4239e-06
2.17391e-07
7.57422e-07
1.24965e-06
1.66012e-06
1.97777e-06
2.20783e-06
2.36375e-06
2.46126e-06
2.51504e-06
2.53736e-06
2.53781e-06
2.52362e-06
2.50005e-06
2.47091e-06
2.43896e-06
2.40628e-06
2.37445e-06
2.34478e-06
2.31837e-06
2.29611e-06
2.27865e-06
2.26623e-06
2.25866e-06
2.25531e-06
2.25522e-06
2.2573e-06
2.26054e-06
2.2641e-06
2.26742e-06
2.27015e-06
2.27216e-06
2.27343e-06
2.27404e-06
2.27408e-06
2.27366e-06
2.27288e-06
2.27183e-06
2.27056e-06
2.26915e-06
2.26762e-06
2.26602e-06
2.26437e-06
2.26269e-06
2.26099e-06
2.2593e-06
2.2576e-06
2.25591e-06
2.25421e-06
2.2525e-06
2.25077e-06
2.249e-06
2.24718e-06
2.24529e-06
2.24333e-06
2.24126e-06
2.2391e-06
2.23681e-06
2.23441e-06
2.23187e-06
2.22922e-06
2.22644e-06
2.22354e-06
2.22055e-06
2.21748e-06
2.21434e-06
2.21116e-06
2.20797e-06
2.20481e-06
2.20169e-06
2.19865e-06
2.19574e-06
2.193e-06
2.19046e-06
2.18818e-06
2.18621e-06
2.1846e-06
2.18343e-06
2.18273e-06
2.18257e-06
2.183e-06
2.18404e-06
2.18566e-06
2.18782e-06
2.19049e-06
2.19359e-06
2.19705e-06
2.20079e-06
2.20472e-06
2.20876e-06
2.21283e-06
2.21684e-06
2.22075e-06
2.22451e-06
2.22808e-06
2.23143e-06
2.23457e-06
2.23749e-06
2.24019e-06
2.24267e-06
2.24497e-06
2.24709e-06
2.24904e-06
2.25085e-06
2.25253e-06
2.2541e-06
2.25556e-06
2.25693e-06
2.25823e-06
2.25945e-06
2.26061e-06
2.26172e-06
2.26277e-06
2.26378e-06
2.26475e-06
2.26567e-06
2.26656e-06
2.26742e-06
2.26824e-06
2.26903e-06
2.26979e-06
2.27052e-06
2.27123e-06
2.27191e-06
2.27257e-06
2.2732e-06
2.27381e-06
2.27439e-06
2.27496e-06
2.2755e-06
2.27603e-06
2.27653e-06
2.27702e-06
2.27749e-06
2.27794e-06
2.27838e-06
2.2788e-06
2.2792e-06
2.27959e-06
2.27997e-06
2.28033e-06
2.28068e-06
2.28102e-06
2.28134e-06
2.28165e-06
2.28195e-06
2.28224e-06
2.28252e-06
2.28279e-06
2.28305e-06
2.2833e-06
2.28354e-06
2.28377e-06
2.284e-06
2.28421e-06
2.28442e-06
2.28462e-06
2.28481e-06
2.28499e-06
2.28517e-06
2.28534e-06
2.28551e-06
2.28567e-06
2.28582e-06
2.28596e-06
2.28611e-06
2.28624e-06
2.28637e-06
2.2865e-06
2.28662e-06
2.28674e-06
2.28685e-06
2.28696e-06
2.28706e-06
2.28716e-06
2.28726e-06
2.28735e-06
2.28744e-06
2.28752e-06
2.2876e-06
2.28768e-06
2.28776e-06
2.28783e-06
2.2879e-06
2.28796e-06
2.28803e-06
2.28809e-06
2.28815e-06
2.2882e-06
2.28826e-06
2.28831e-06
2.28836e-06
2.2884e-06
2.28845e-06
2.28849e-06
2.28853e-06
2.28857e-06
2.28861e-06
2.28865e-06
2.28868e-06
2.28871e-06
2.28874e-06
2.28877e-06
2.2888e-06
2.28882e-06
2.28885e-06
2.28887e-06
2.28889e-06
2.28892e-06
2.28893e-06
2.28895e-06
2.28897e-06
2.28899e-06
2.289e-06
2.28901e-06
2.28903e-06
2.28904e-06
2.28905e-06
2.28906e-06
2.28907e-06
2.28907e-06
2.28908e-06
2.28909e-06
2.28909e-06
2.28909e-06
2.2891e-06
2.2891e-06
2.2891e-06
2.2891e-06
2.2891e-06
2.2891e-06
2.2891e-06
2.2891e-06
2.2891e-06
2.2891e-06
2.28909e-06
2.28909e-06
2.28908e-06
2.28908e-06
2.28907e-06
2.28906e-06
2.28906e-06
2.28905e-06
2.28904e-06
2.28903e-06
2.28902e-06
2.28901e-06
2.289e-06
2.28899e-06
2.28898e-06
2.28897e-06
2.28896e-06
2.28895e-06
2.28894e-06
2.28892e-06
2.28891e-06
2.2889e-06
2.28888e-06
2.28887e-06
2.28885e-06
2.28884e-06
2.28882e-06
2.28881e-06
2.28879e-06
2.28878e-06
2.28876e-06
2.28875e-06
2.28873e-06
2.28871e-06
2.28869e-06
2.28868e-06
2.28866e-06
2.28864e-06
2.28862e-06
2.28861e-06
2.28859e-06
2.28857e-06
2.28855e-06
2.28853e-06
2.28851e-06
2.28849e-06
2.28847e-06
2.28845e-06
2.28843e-06
2.28841e-06
2.28839e-06
2.28837e-06
2.28835e-06
2.28833e-06
2.28831e-06
2.28829e-06
2.28827e-06
2.28825e-06
2.28822e-06
2.2882e-06
2.28818e-06
2.28816e-06
2.28814e-06
2.28811e-06
2.28809e-06
2.28807e-06
2.28805e-06
2.28802e-06
2.288e-06
2.28798e-06
2.28796e-06
2.28793e-06
2.28791e-06
2.28789e-06
2.28786e-06
2.28784e-06
2.28782e-06
2.28779e-06
2.28777e-06
2.28774e-06
2.28772e-06
2.2877e-06
2.28767e-06
2.28765e-06
2.28762e-06
2.2876e-06
2.28757e-06
2.28755e-06
2.28753e-06
2.2875e-06
2.28748e-06
2.28745e-06
2.28743e-06
2.2874e-06
2.28737e-06
2.28735e-06
2.43789e-07
8.1598e-07
1.29775e-06
1.66728e-06
1.92871e-06
2.0996e-06
2.20099e-06
2.25214e-06
2.26863e-06
2.26213e-06
2.2411e-06
2.21143e-06
2.17731e-06
2.14171e-06
2.10688e-06
2.07466e-06
2.04658e-06
2.02392e-06
2.00747e-06
1.99736e-06
1.99295e-06
1.99296e-06
1.99583e-06
2.00008e-06
2.00454e-06
2.00846e-06
2.01145e-06
2.01342e-06
2.01444e-06
2.01463e-06
2.01417e-06
2.0132e-06
2.01187e-06
2.01026e-06
2.00848e-06
2.00658e-06
2.00461e-06
2.00262e-06
2.00064e-06
1.99869e-06
1.99679e-06
1.99493e-06
1.99314e-06
1.99139e-06
1.98968e-06
1.98801e-06
1.98635e-06
1.9847e-06
1.98303e-06
1.98134e-06
1.97959e-06
1.97778e-06
1.97589e-06
1.9739e-06
1.97179e-06
1.96956e-06
1.9672e-06
1.96469e-06
1.96205e-06
1.95926e-06
1.95636e-06
1.95334e-06
1.95024e-06
1.94709e-06
1.94392e-06
1.94078e-06
1.93771e-06
1.93477e-06
1.93201e-06
1.9295e-06
1.92731e-06
1.92549e-06
1.92412e-06
1.92325e-06
1.92296e-06
1.92328e-06
1.92425e-06
1.92591e-06
1.92825e-06
1.93123e-06
1.93477e-06
1.93877e-06
1.94316e-06
1.94782e-06
1.95266e-06
1.95759e-06
1.96252e-06
1.96735e-06
1.97204e-06
1.97652e-06
1.98074e-06
1.9847e-06
1.98836e-06
1.99172e-06
1.9948e-06
1.9976e-06
2.00013e-06
2.00242e-06
2.00448e-06
2.00635e-06
2.00803e-06
2.00956e-06
2.01095e-06
2.01221e-06
2.01336e-06
2.01443e-06
2.01541e-06
2.01632e-06
2.01717e-06
2.01797e-06
2.01872e-06
2.01943e-06
2.0201e-06
2.02074e-06
2.02135e-06
2.02193e-06
2.02249e-06
2.02303e-06
2.02355e-06
2.02404e-06
2.02452e-06
2.02498e-06
2.02542e-06
2.02585e-06
2.02626e-06
2.02665e-06
2.02704e-06
2.02741e-06
2.02776e-06
2.02811e-06
2.02844e-06
2.02876e-06
2.02907e-06
2.02936e-06
2.02965e-06
2.02993e-06
2.0302e-06
2.03045e-06
2.0307e-06
2.03094e-06
2.03117e-06
2.0314e-06
2.03161e-06
2.03182e-06
2.03202e-06
2.03221e-06
2.0324e-06
2.03258e-06
2.03275e-06
2.03292e-06
2.03308e-06
2.03323e-06
2.03338e-06
2.03352e-06
2.03366e-06
2.03379e-06
2.03392e-06
2.03404e-06
2.03415e-06
2.03427e-06
2.03437e-06
2.03448e-06
2.03458e-06
2.03467e-06
2.03476e-06
2.03485e-06
2.03494e-06
2.03502e-06
2.03509e-06
2.03517e-06
2.03524e-06
2.0353e-06
2.03537e-06
2.03543e-06
2.03549e-06
2.03555e-06
2.0356e-06
2.03565e-06
2.0357e-06
2.03574e-06
2.03579e-06
2.03583e-06
2.03587e-06
2.03591e-06
2.03594e-06
2.03598e-06
2.03601e-06
2.03604e-06
2.03607e-06
2.03609e-06
2.03612e-06
2.03614e-06
2.03616e-06
2.03618e-06
2.0362e-06
2.03622e-06
2.03624e-06
2.03625e-06
2.03627e-06
2.03628e-06
2.03629e-06
2.0363e-06
2.03631e-06
2.03632e-06
2.03633e-06
2.03634e-06
2.03634e-06
2.03635e-06
2.03635e-06
2.03635e-06
2.03636e-06
2.03636e-06
2.03636e-06
2.03636e-06
2.03636e-06
2.03636e-06
2.03636e-06
2.03635e-06
2.03635e-06
2.03635e-06
2.03634e-06
2.03634e-06
2.03633e-06
2.03632e-06
2.03632e-06
2.03631e-06
2.0363e-06
2.03629e-06
2.03628e-06
2.03627e-06
2.03626e-06
2.03625e-06
2.03624e-06
2.03623e-06
2.03622e-06
2.03621e-06
2.0362e-06
2.03618e-06
2.03617e-06
2.03616e-06
2.03614e-06
2.03613e-06
2.03611e-06
2.0361e-06
2.03608e-06
2.03607e-06
2.03605e-06
2.03604e-06
2.03602e-06
2.036e-06
2.03599e-06
2.03597e-06
2.03595e-06
2.03593e-06
2.03592e-06
2.0359e-06
2.03588e-06
2.03586e-06
2.03584e-06
2.03583e-06
2.03581e-06
2.03579e-06
2.03577e-06
2.03575e-06
2.03573e-06
2.03571e-06
2.03569e-06
2.03567e-06
2.03565e-06
2.03563e-06
2.03561e-06
2.03559e-06
2.03557e-06
2.03555e-06
2.03553e-06
2.03551e-06
2.03548e-06
2.03546e-06
2.03544e-06
2.03542e-06
2.0354e-06
2.03538e-06
2.03536e-06
2.03533e-06
2.03531e-06
2.03529e-06
2.03527e-06
2.03525e-06
2.03522e-06
2.0352e-06
2.03518e-06
2.03516e-06
2.03513e-06
2.03511e-06
2.03509e-06
2.03507e-06
2.03504e-06
2.03502e-06
2.035e-06
2.03498e-06
2.03495e-06
2.03493e-06
2.03491e-06
2.03488e-06
2.03486e-06
2.03484e-06
2.03481e-06
2.03479e-06
2.03477e-06
2.03474e-06
2.03472e-06
2.0347e-06
2.03467e-06
2.03465e-06
2.03462e-06
2.0346e-06
2.03458e-06
2.03455e-06
2.03453e-06
2.0345e-06
2.03448e-06
2.03446e-06
2.03443e-06
2.03441e-06
2.03438e-06
2.03436e-06
2.03434e-06
2.03431e-06
2.03429e-06
2.03426e-06
2.43789e-07
8.1598e-07
1.29775e-06
1.66728e-06
1.92871e-06
2.0996e-06
2.20099e-06
2.25214e-06
2.26863e-06
2.26213e-06
2.2411e-06
2.21143e-06
2.17731e-06
2.14171e-06
2.10688e-06
2.07466e-06
2.04658e-06
2.02392e-06
2.00747e-06
1.99736e-06
1.99295e-06
1.99296e-06
1.99583e-06
2.00008e-06
2.00454e-06
2.00846e-06
2.01145e-06
2.01342e-06
2.01444e-06
2.01463e-06
2.01417e-06
2.0132e-06
2.01187e-06
2.01026e-06
2.00848e-06
2.00658e-06
2.00461e-06
2.00262e-06
2.00064e-06
1.99869e-06
1.99679e-06
1.99493e-06
1.99314e-06
1.99139e-06
1.98968e-06
1.98801e-06
1.98635e-06
1.9847e-06
1.98303e-06
1.98134e-06
1.97959e-06
1.97778e-06
1.97589e-06
1.9739e-06
1.97179e-06
1.96956e-06
1.9672e-06
1.96469e-06
1.96205e-06
1.95926e-06
1.95636e-06
1.95334e-06
1.95025e-06
1.94709e-06
1.94392e-06
1.94078e-06
1.93771e-06
1.93477e-06
1.93202e-06
1.92951e-06
1.92731e-06
1.9255e-06
1.92413e-06
1.92326e-06
1.92297e-06
1.92329e-06
1.92427e-06
1.92593e-06
1.92827e-06
1.93125e-06
1.93479e-06
1.9388e-06
1.94318e-06
1.94785e-06
1.95269e-06
1.95762e-06
1.96255e-06
1.96738e-06
1.97207e-06
1.97655e-06
1.98078e-06
1.98473e-06
1.98839e-06
1.99176e-06
1.99483e-06
1.99763e-06
2.00016e-06
2.00245e-06
2.00452e-06
2.00638e-06
2.00807e-06
2.00959e-06
2.01098e-06
2.01224e-06
2.0134e-06
2.01446e-06
2.01544e-06
2.01635e-06
2.0172e-06
2.018e-06
2.01875e-06
2.01946e-06
2.02013e-06
2.02077e-06
2.02138e-06
2.02196e-06
2.02252e-06
2.02306e-06
2.02357e-06
2.02407e-06
2.02454e-06
2.025e-06
2.02545e-06
2.02587e-06
2.02628e-06
2.02668e-06
2.02706e-06
2.02743e-06
2.02779e-06
2.02813e-06
2.02846e-06
2.02878e-06
2.02909e-06
2.02939e-06
2.02968e-06
2.02995e-06
2.03022e-06
2.03048e-06
2.03073e-06
2.03097e-06
2.0312e-06
2.03142e-06
2.03164e-06
2.03184e-06
2.03204e-06
2.03224e-06
2.03242e-06
2.0326e-06
2.03277e-06
2.03294e-06
2.0331e-06
2.03325e-06
2.0334e-06
2.03354e-06
2.03368e-06
2.03381e-06
2.03394e-06
2.03406e-06
2.03418e-06
2.03429e-06
2.0344e-06
2.0345e-06
2.0346e-06
2.0347e-06
2.03479e-06
2.03488e-06
2.03496e-06
2.03504e-06
2.03512e-06
2.03519e-06
2.03526e-06
2.03533e-06
2.03539e-06
2.03545e-06
2.03551e-06
2.03557e-06
2.03562e-06
2.03567e-06
2.03572e-06
2.03577e-06
2.03581e-06
2.03585e-06
2.03589e-06
2.03593e-06
2.03596e-06
2.036e-06
2.03603e-06
2.03606e-06
2.03609e-06
2.03611e-06
2.03614e-06
2.03616e-06
2.03619e-06
2.03621e-06
2.03623e-06
2.03624e-06
2.03626e-06
2.03628e-06
2.03629e-06
2.0363e-06
2.03631e-06
2.03633e-06
2.03633e-06
2.03634e-06
2.03635e-06
2.03636e-06
2.03636e-06
2.03637e-06
2.03637e-06
2.03638e-06
2.03638e-06
2.03638e-06
2.03638e-06
2.03638e-06
2.03638e-06
2.03638e-06
2.03638e-06
2.03637e-06
2.03637e-06
2.03637e-06
2.03636e-06
2.03636e-06
2.03635e-06
2.03634e-06
2.03634e-06
2.03633e-06
2.03632e-06
2.03631e-06
2.03631e-06
2.0363e-06
2.03629e-06
2.03628e-06
2.03626e-06
2.03625e-06
2.03624e-06
2.03623e-06
2.03622e-06
2.0362e-06
2.03619e-06
2.03618e-06
2.03616e-06
2.03615e-06
2.03614e-06
2.03612e-06
2.03611e-06
2.03609e-06
2.03607e-06
2.03606e-06
2.03604e-06
2.03603e-06
2.03601e-06
2.03599e-06
2.03597e-06
2.03596e-06
2.03594e-06
2.03592e-06
2.0359e-06
2.03588e-06
2.03587e-06
2.03585e-06
2.03583e-06
2.03581e-06
2.03579e-06
2.03577e-06
2.03575e-06
2.03573e-06
2.03571e-06
2.03569e-06
2.03567e-06
2.03565e-06
2.03563e-06
2.03561e-06
2.03559e-06
2.03557e-06
2.03555e-06
2.03553e-06
2.03551e-06
2.03548e-06
2.03546e-06
2.03544e-06
2.03542e-06
2.0354e-06
2.03538e-06
2.03536e-06
2.03533e-06
2.03531e-06
2.03529e-06
2.03527e-06
2.03525e-06
2.03522e-06
2.0352e-06
2.03518e-06
2.03516e-06
2.03513e-06
2.03511e-06
2.03509e-06
2.03507e-06
2.03504e-06
2.03502e-06
2.035e-06
2.03497e-06
2.03495e-06
2.03493e-06
2.0349e-06
2.03488e-06
2.03486e-06
2.03483e-06
2.03481e-06
2.03479e-06
2.03476e-06
2.03474e-06
2.03472e-06
2.03469e-06
2.03467e-06
2.03465e-06
2.03462e-06
2.0346e-06
2.03457e-06
2.03455e-06
2.03453e-06
2.0345e-06
2.03448e-06
2.03445e-06
2.03443e-06
2.03441e-06
2.03438e-06
2.03436e-06
2.03433e-06
2.03431e-06
2.03428e-06
2.17391e-07
7.57422e-07
1.24965e-06
1.66012e-06
1.97777e-06
2.20783e-06
2.36375e-06
2.46126e-06
2.51504e-06
2.53736e-06
2.53781e-06
2.52362e-06
2.50005e-06
2.47091e-06
2.43896e-06
2.40628e-06
2.37445e-06
2.34478e-06
2.31837e-06
2.29611e-06
2.27865e-06
2.26623e-06
2.25866e-06
2.25531e-06
2.25522e-06
2.2573e-06
2.26054e-06
2.2641e-06
2.26742e-06
2.27015e-06
2.27216e-06
2.27343e-06
2.27404e-06
2.27408e-06
2.27366e-06
2.27288e-06
2.27183e-06
2.27056e-06
2.26915e-06
2.26762e-06
2.26602e-06
2.26437e-06
2.26269e-06
2.26099e-06
2.2593e-06
2.2576e-06
2.25591e-06
2.25421e-06
2.2525e-06
2.25077e-06
2.249e-06
2.24718e-06
2.24529e-06
2.24333e-06
2.24126e-06
2.2391e-06
2.23681e-06
2.23441e-06
2.23187e-06
2.22922e-06
2.22644e-06
2.22355e-06
2.22055e-06
2.21748e-06
2.21434e-06
2.21117e-06
2.20798e-06
2.20481e-06
2.2017e-06
2.19866e-06
2.19576e-06
2.19301e-06
2.19048e-06
2.1882e-06
2.18623e-06
2.18463e-06
2.18346e-06
2.18277e-06
2.18262e-06
2.18305e-06
2.18409e-06
2.18572e-06
2.18789e-06
2.19056e-06
2.19367e-06
2.19714e-06
2.20088e-06
2.20482e-06
2.20886e-06
2.21293e-06
2.21695e-06
2.22086e-06
2.22461e-06
2.22818e-06
2.23154e-06
2.23468e-06
2.23759e-06
2.24029e-06
2.24278e-06
2.24508e-06
2.24719e-06
2.24915e-06
2.25096e-06
2.25264e-06
2.2542e-06
2.25566e-06
2.25704e-06
2.25833e-06
2.25955e-06
2.26071e-06
2.26182e-06
2.26287e-06
2.26388e-06
2.26484e-06
2.26577e-06
2.26666e-06
2.26751e-06
2.26834e-06
2.26913e-06
2.26989e-06
2.27062e-06
2.27133e-06
2.27201e-06
2.27266e-06
2.27329e-06
2.2739e-06
2.27449e-06
2.27505e-06
2.27559e-06
2.27612e-06
2.27662e-06
2.27711e-06
2.27758e-06
2.27803e-06
2.27847e-06
2.27889e-06
2.27929e-06
2.27968e-06
2.28006e-06
2.28042e-06
2.28077e-06
2.28111e-06
2.28143e-06
2.28174e-06
2.28204e-06
2.28233e-06
2.28261e-06
2.28288e-06
2.28314e-06
2.28339e-06
2.28363e-06
2.28386e-06
2.28408e-06
2.2843e-06
2.2845e-06
2.2847e-06
2.28489e-06
2.28508e-06
2.28526e-06
2.28543e-06
2.28559e-06
2.28575e-06
2.2859e-06
2.28605e-06
2.28619e-06
2.28633e-06
2.28646e-06
2.28658e-06
2.2867e-06
2.28682e-06
2.28693e-06
2.28704e-06
2.28714e-06
2.28724e-06
2.28734e-06
2.28743e-06
2.28752e-06
2.2876e-06
2.28769e-06
2.28776e-06
2.28784e-06
2.28791e-06
2.28798e-06
2.28805e-06
2.28811e-06
2.28817e-06
2.28823e-06
2.28829e-06
2.28834e-06
2.28839e-06
2.28844e-06
2.28849e-06
2.28853e-06
2.28857e-06
2.28862e-06
2.28865e-06
2.28869e-06
2.28873e-06
2.28876e-06
2.28879e-06
2.28882e-06
2.28885e-06
2.28888e-06
2.28891e-06
2.28893e-06
2.28895e-06
2.28898e-06
2.289e-06
2.28902e-06
2.28903e-06
2.28905e-06
2.28907e-06
2.28908e-06
2.28909e-06
2.28911e-06
2.28912e-06
2.28913e-06
2.28914e-06
2.28915e-06
2.28915e-06
2.28916e-06
2.28917e-06
2.28917e-06
2.28917e-06
2.28918e-06
2.28918e-06
2.28918e-06
2.28918e-06
2.28918e-06
2.28918e-06
2.28918e-06
2.28918e-06
2.28918e-06
2.28918e-06
2.28917e-06
2.28917e-06
2.28916e-06
2.28916e-06
2.28915e-06
2.28914e-06
2.28914e-06
2.28913e-06
2.28912e-06
2.28911e-06
2.2891e-06
2.28909e-06
2.28908e-06
2.28907e-06
2.28906e-06
2.28905e-06
2.28904e-06
2.28903e-06
2.28902e-06
2.289e-06
2.28899e-06
2.28898e-06
2.28896e-06
2.28895e-06
2.28893e-06
2.28892e-06
2.2889e-06
2.28889e-06
2.28887e-06
2.28886e-06
2.28884e-06
2.28882e-06
2.28881e-06
2.28879e-06
2.28877e-06
2.28876e-06
2.28874e-06
2.28872e-06
2.2887e-06
2.28869e-06
2.28867e-06
2.28865e-06
2.28863e-06
2.28861e-06
2.28859e-06
2.28857e-06
2.28855e-06
2.28853e-06
2.28851e-06
2.28849e-06
2.28847e-06
2.28845e-06
2.28843e-06
2.28841e-06
2.28839e-06
2.28837e-06
2.28835e-06
2.28833e-06
2.2883e-06
2.28828e-06
2.28826e-06
2.28824e-06
2.28822e-06
2.28819e-06
2.28817e-06
2.28815e-06
2.28813e-06
2.2881e-06
2.28808e-06
2.28806e-06
2.28804e-06
2.28801e-06
2.28799e-06
2.28797e-06
2.28794e-06
2.28792e-06
2.2879e-06
2.28787e-06
2.28785e-06
2.28782e-06
2.2878e-06
2.28778e-06
2.28775e-06
2.28773e-06
2.2877e-06
2.28768e-06
2.28765e-06
2.28763e-06
2.2876e-06
2.28758e-06
2.28755e-06
2.28753e-06
2.2875e-06
2.28748e-06
2.28745e-06
2.28743e-06
2.10226e-07
7.29589e-07
1.21959e-06
1.64395e-06
1.98602e-06
2.24511e-06
2.43017e-06
2.55418e-06
2.63057e-06
2.67131e-06
2.68625e-06
2.68309e-06
2.66767e-06
2.64431e-06
2.61618e-06
2.58561e-06
2.55437e-06
2.52381e-06
2.49508e-06
2.46911e-06
2.4467e-06
2.42843e-06
2.41463e-06
2.40528e-06
2.4e-06
2.39814e-06
2.39882e-06
2.40115e-06
2.40431e-06
2.40765e-06
2.41071e-06
2.41324e-06
2.41512e-06
2.41634e-06
2.41697e-06
2.41709e-06
2.4168e-06
2.41618e-06
2.4153e-06
2.41423e-06
2.413e-06
2.41165e-06
2.41022e-06
2.40872e-06
2.40716e-06
2.40557e-06
2.40394e-06
2.40229e-06
2.4006e-06
2.39888e-06
2.39712e-06
2.39531e-06
2.39343e-06
2.39148e-06
2.38944e-06
2.3873e-06
2.38505e-06
2.38269e-06
2.3802e-06
2.3776e-06
2.37487e-06
2.37203e-06
2.3691e-06
2.36607e-06
2.36296e-06
2.3598e-06
2.35659e-06
2.35336e-06
2.35013e-06
2.34692e-06
2.34374e-06
2.34064e-06
2.33762e-06
2.33474e-06
2.33203e-06
2.32955e-06
2.32733e-06
2.32547e-06
2.32401e-06
2.32303e-06
2.3226e-06
2.32275e-06
2.32347e-06
2.32474e-06
2.32651e-06
2.32872e-06
2.33131e-06
2.3342e-06
2.33731e-06
2.34057e-06
2.34391e-06
2.34727e-06
2.35061e-06
2.35387e-06
2.35704e-06
2.36008e-06
2.363e-06
2.36577e-06
2.3684e-06
2.37089e-06
2.37324e-06
2.37547e-06
2.37758e-06
2.37957e-06
2.38146e-06
2.38326e-06
2.38497e-06
2.3866e-06
2.38815e-06
2.38962e-06
2.39104e-06
2.39239e-06
2.39368e-06
2.39491e-06
2.3961e-06
2.39723e-06
2.39832e-06
2.39936e-06
2.40037e-06
2.40133e-06
2.40225e-06
2.40314e-06
2.40399e-06
2.40481e-06
2.4056e-06
2.40635e-06
2.40708e-06
2.40779e-06
2.40846e-06
2.40911e-06
2.40974e-06
2.41034e-06
2.41092e-06
2.41148e-06
2.41202e-06
2.41254e-06
2.41305e-06
2.41353e-06
2.41399e-06
2.41444e-06
2.41488e-06
2.41529e-06
2.4157e-06
2.41608e-06
2.41646e-06
2.41682e-06
2.41717e-06
2.4175e-06
2.41783e-06
2.41814e-06
2.41844e-06
2.41873e-06
2.41901e-06
2.41927e-06
2.41953e-06
2.41978e-06
2.42003e-06
2.42026e-06
2.42048e-06
2.4207e-06
2.42091e-06
2.42111e-06
2.4213e-06
2.42149e-06
2.42167e-06
2.42184e-06
2.422e-06
2.42217e-06
2.42232e-06
2.42247e-06
2.42261e-06
2.42275e-06
2.42289e-06
2.42301e-06
2.42314e-06
2.42326e-06
2.42337e-06
2.42348e-06
2.42359e-06
2.42369e-06
2.42379e-06
2.42388e-06
2.42398e-06
2.42406e-06
2.42415e-06
2.42423e-06
2.42431e-06
2.42438e-06
2.42445e-06
2.42452e-06
2.42459e-06
2.42465e-06
2.42471e-06
2.42477e-06
2.42483e-06
2.42488e-06
2.42493e-06
2.42498e-06
2.42503e-06
2.42507e-06
2.42511e-06
2.42515e-06
2.42519e-06
2.42523e-06
2.42526e-06
2.4253e-06
2.42533e-06
2.42536e-06
2.42539e-06
2.42542e-06
2.42544e-06
2.42546e-06
2.42549e-06
2.42551e-06
2.42553e-06
2.42555e-06
2.42556e-06
2.42558e-06
2.4256e-06
2.42561e-06
2.42562e-06
2.42563e-06
2.42564e-06
2.42565e-06
2.42566e-06
2.42567e-06
2.42568e-06
2.42568e-06
2.42569e-06
2.42569e-06
2.4257e-06
2.4257e-06
2.4257e-06
2.4257e-06
2.4257e-06
2.4257e-06
2.4257e-06
2.4257e-06
2.4257e-06
2.42569e-06
2.42569e-06
2.42568e-06
2.42568e-06
2.42567e-06
2.42567e-06
2.42566e-06
2.42565e-06
2.42564e-06
2.42563e-06
2.42563e-06
2.42562e-06
2.42561e-06
2.4256e-06
2.42558e-06
2.42557e-06
2.42556e-06
2.42555e-06
2.42554e-06
2.42552e-06
2.42551e-06
2.4255e-06
2.42548e-06
2.42547e-06
2.42545e-06
2.42544e-06
2.42542e-06
2.42541e-06
2.42539e-06
2.42538e-06
2.42536e-06
2.42534e-06
2.42532e-06
2.42531e-06
2.42529e-06
2.42527e-06
2.42525e-06
2.42523e-06
2.42522e-06
2.4252e-06
2.42518e-06
2.42516e-06
2.42514e-06
2.42512e-06
2.4251e-06
2.42508e-06
2.42506e-06
2.42504e-06
2.42502e-06
2.425e-06
2.42497e-06
2.42495e-06
2.42493e-06
2.42491e-06
2.42489e-06
2.42487e-06
2.42484e-06
2.42482e-06
2.4248e-06
2.42478e-06
2.42475e-06
2.42473e-06
2.42471e-06
2.42468e-06
2.42466e-06
2.42464e-06
2.42461e-06
2.42459e-06
2.42457e-06
2.42454e-06
2.42452e-06
2.42449e-06
2.42447e-06
2.42444e-06
2.42442e-06
2.42439e-06
2.42437e-06
2.42434e-06
2.42432e-06
2.42429e-06
2.42427e-06
2.42424e-06
2.42422e-06
2.42419e-06
2.42416e-06
2.42414e-06
2.42411e-06
2.42409e-06
2.42406e-06
2.42403e-06
2.42401e-06
)
;
    }
    symY
    {
        type            symmetryPlane;
    }
    symX
    {
        type            symmetryPlane;
    }
}


// ************************************************************************* //
