/*--------------------------------*- C++ -*----------------------------------*\
| =========                 |                                                 |
| \\      /  F ield         | OpenFOAM: The Open Source CFD Toolbox           |
|  \\    /   O peration     | Version:  2412                                  |
|   \\  /    A nd           | Website:  www.openfoam.com                      |
|    \\/     M anipulation  |                                                 |
\*---------------------------------------------------------------------------*/
FoamFile
{
    version     2.0;
    format      ascii;
    arch        "LSB;label=32;scalar=64";
    class       volVectorField;
    location    "500";
    object      U;
}
// * * * * * * * * * * * * * * * * * * * * * * * * * * * * * * * * * * * * * //

dimensions      [0 1 -1 0 0 0 0];

internalField   nonuniform List<vector> 
22770
(
(-0.000642048 -0.000642048 10.003)
(-0.00199707 -0.000642724 10.0031)
(-0.00330887 -0.000693441 10.0033)
(-0.000642724 -0.00199707 10.0031)
(-0.00204565 -0.00204565 10.0032)
(-0.003318 -0.00239069 10.0034)
(-0.000693441 -0.00330887 10.0033)
(-0.00239069 -0.003318 10.0034)
(-0.00399287 -0.00399287 10.0037)
(-0.000996772 -0.000996772 10.0128)
(-0.00308047 -0.000994328 10.013)
(-0.00504557 -0.00105145 10.0135)
(-0.000994328 -0.00308047 10.013)
(-0.00313172 -0.00313172 10.0133)
(-0.00505422 -0.0034926 10.0138)
(-0.00105145 -0.00504557 10.0135)
(-0.0034926 -0.00505422 10.0138)
(-0.0057057 -0.0057057 10.0144)
(-0.00129893 -0.00129893 10.0272)
(-0.00397747 -0.00130066 10.0275)
(-0.00650707 -0.00136295 10.0281)
(-0.00130066 -0.00397747 10.0275)
(-0.00403983 -0.00403982 10.0278)
(-0.00654011 -0.00439957 10.0284)
(-0.00136295 -0.00650707 10.0281)
(-0.00439957 -0.00654011 10.0284)
(-0.00715593 -0.00715593 10.0291)
(-0.00152533 -0.00152533 10.0445)
(-0.00464593 -0.00153122 10.0448)
(-0.00761995 -0.00159325 10.0455)
(-0.00153122 -0.00464593 10.0448)
(-0.00471463 -0.00471463 10.0452)
(-0.00767352 -0.00504892 10.0458)
(-0.00159325 -0.00761994 10.0455)
(-0.00504892 -0.00767352 10.0458)
(-0.00821537 -0.00821537 10.0466)
(-0.00169663 -0.00169663 10.0642)
(-0.00514044 -0.00170534 10.0645)
(-0.00845076 -0.00176232 10.0652)
(-0.00170534 -0.00514044 10.0645)
(-0.00520926 -0.00520926 10.0649)
(-0.00851585 -0.0055016 10.0656)
(-0.00176232 -0.00845076 10.0652)
(-0.0055016 -0.00851585 10.0656)
(-0.00896102 -0.00896102 10.0664)
(-0.00181907 -0.00181907 10.0855)
(-0.00548821 -0.00182927 10.0859)
(-0.00904539 -0.00187898 10.0866)
(-0.00182927 -0.00548821 10.0859)
(-0.00555307 -0.00555307 10.0862)
(-0.00911515 -0.00579776 10.087)
(-0.00187898 -0.00904539 10.0866)
(-0.00579776 -0.00911515 10.087)
(-0.00945951 -0.00945951 10.0878)
(-0.00190104 -0.00190104 10.108)
(-0.00571504 -0.00191163 10.1083)
(-0.00944195 -0.00195315 10.1091)
(-0.00191163 -0.00571504 10.1083)
(-0.00577325 -0.00577325 10.1087)
(-0.00951105 -0.00597013 10.1094)
(-0.00195315 -0.00944195 10.1091)
(-0.00597013 -0.00951105 10.1094)
(-0.00975827 -0.00975827 10.1102)
(-0.0019496 -0.0019496 10.1312)
(-0.00584384 -0.00195976 10.1315)
(-0.00967665 -0.00199324 10.1322)
(-0.00195976 -0.00584384 10.1315)
(-0.00589401 -0.00589401 10.1319)
(-0.00974131 -0.0060468 10.1326)
(-0.00199324 -0.00967665 10.1322)
(-0.0060468 -0.00974131 10.1326)
(-0.00990165 -0.00990165 10.1334)
(-0.00197195 -0.00197195 10.1547)
(-0.00589665 -0.00198115 10.1551)
(-0.00978464 -0.00200732 10.1558)
(-0.00198115 -0.00589665 10.1551)
(-0.0059384 -0.0059384 10.1554)
(-0.00984263 -0.00605259 10.1561)
(-0.00200732 -0.00978464 10.1558)
(-0.00605259 -0.00984263 10.1561)
(-0.00992869 -0.00992869 10.1568)
(-0.00197415 -0.00197415 10.1784)
(-0.0058919 -0.00198207 10.1787)
(-0.0097957 -0.00200186 10.1794)
(-0.00198207 -0.0058919 10.1787)
(-0.00592536 -0.00592536 10.1791)
(-0.00984572 -0.00600701 10.1797)
(-0.00200186 -0.0097957 10.1794)
(-0.00600701 -0.00984572 10.1797)
(-0.00987027 -0.00987027 10.1804)
(-0.00196109 -0.00196109 10.2019)
(-0.0058441 -0.00196758 10.2023)
(-0.00973346 -0.0019819 10.2028)
(-0.00196758 -0.0058441 10.2023)
(-0.00586974 -0.00586974 10.2026)
(-0.0097748 -0.00592395 10.2032)
(-0.0019819 -0.00973346 10.2028)
(-0.00592395 -0.0097748 10.2032)
(-0.00974942 -0.00974942 10.2038)
(-0.00193653 -0.00193653 10.2252)
(-0.00576408 -0.00194153 10.2255)
(-0.00961574 -0.00195122 10.2261)
(-0.00194153 -0.00576408 10.2255)
(-0.00578252 -0.00578252 10.2258)
(-0.00964815 -0.00581305 10.2264)
(-0.00195122 -0.00961574 10.2261)
(-0.00581305 -0.00964815 10.2264)
(-0.00958157 -0.00958157 10.227)
(-0.0019033 -0.0019033 10.2482)
(-0.00565951 -0.00190705 10.2484)
(-0.00945517 -0.00191272 10.2489)
(-0.00190705 -0.00565951 10.2484)
(-0.00567162 -0.00567162 10.2487)
(-0.00948008 -0.00568081 10.2492)
(-0.00191272 -0.00945517 10.2489)
(-0.00568081 -0.00948008 10.2492)
(-0.00937536 -0.00937536 10.2498)
(-0.00186341 -0.00186341 10.2706)
(-0.00553612 -0.0018661 10.2709)
(-0.00926138 -0.00186817 10.2714)
(-0.0018661 -0.00553612 10.2709)
(-0.00554258 -0.00554258 10.2711)
(-0.00927971 -0.00553239 10.2716)
(-0.00186817 -0.00926138 10.2714)
(-0.00553239 -0.00927971 10.2716)
(-0.00914217 -0.00914217 10.2722)
(-0.00181838 -0.00181838 10.2926)
(-0.0053985 -0.00182015 10.2928)
(-0.00904182 -0.00181897 10.2933)
(-0.00182015 -0.0053985 10.2928)
(-0.00539986 -0.00539986 10.2931)
(-0.00905415 -0.00537203 10.2935)
(-0.00181897 -0.00904182 10.2933)
(-0.00537203 -0.00905415 10.2935)
(-0.00888729 -0.00888729 10.294)
(-0.00176965 -0.00176965 10.314)
(-0.00525105 -0.00177059 10.3142)
(-0.00880346 -0.00176656 10.3146)
(-0.00177059 -0.00525105 10.3142)
(-0.0052479 -0.0052479 10.3144)
(-0.00881009 -0.00520453 10.3148)
(-0.00176656 -0.00880346 10.3146)
(-0.00520453 -0.00881009 10.3148)
(-0.00861859 -0.00861859 10.3153)
(-0.00171878 -0.00171878 10.3348)
(-0.00509833 -0.00171907 10.335)
(-0.00855386 -0.0017127 10.3353)
(-0.00171907 -0.00509833 10.335)
(-0.00509144 -0.00509144 10.3352)
(-0.00855583 -0.00503538 10.3356)
(-0.0017127 -0.00855386 10.3353)
(-0.00503538 -0.00855583 10.3356)
(-0.00834527 -0.00834527 10.336)
(-0.00166748 -0.00166748 10.3549)
(-0.00494548 -0.00166733 10.3551)
(-0.00830136 -0.00165924 10.3555)
(-0.00166733 -0.00494548 10.3551)
(-0.00493576 -0.00493576 10.3553)
(-0.00829984 -0.00487106 10.3557)
(-0.00165924 -0.00830136 10.3555)
(-0.00487106 -0.00829984 10.3557)
(-0.00807783 -0.00807783 10.3561)
(-0.00161749 -0.00161749 10.3745)
(-0.00479807 -0.00161709 10.3746)
(-0.00805447 -0.00160825 10.375)
(-0.00161709 -0.00479807 10.3746)
(-0.00478678 -0.00478678 10.3748)
(-0.00805048 -0.0047186 10.3752)
(-0.00160825 -0.00805447 10.375)
(-0.0047186 -0.00805048 10.3752)
(-0.00782696 -0.00782696 10.3756)
(-0.00157043 -0.00157043 10.3934)
(-0.00466094 -0.00156999 10.3936)
(-0.00782166 -0.00156132 10.3939)
(-0.00156999 -0.00466094 10.3936)
(-0.00464929 -0.00464929 10.3938)
(-0.00781675 -0.00458311 10.3941)
(-0.00156132 -0.00782166 10.3939)
(-0.00458311 -0.00781675 10.3941)
(-0.00760102 -0.00760102 10.3945)
(-0.00152762 -0.00152762 10.4119)
(-0.00453801 -0.00152735 10.412)
(-0.00760965 -0.00151968 10.4123)
(-0.00152735 -0.00453801 10.412)
(-0.00452716 -0.00452716 10.4122)
(-0.00760509 -0.00446795 10.4125)
(-0.00151968 -0.00760965 10.4123)
(-0.00446795 -0.00760508 10.4125)
(-0.00740506 -0.00740506 10.4129)
(-0.00148997 -0.00148997 10.4299)
(-0.00443161 -0.00149006 10.43)
(-0.00742315 -0.00148408 10.4303)
(-0.00149006 -0.00443161 10.43)
(-0.00442257 -0.00442257 10.4302)
(-0.00742021 -0.00437376 10.4305)
(-0.00148408 -0.00742315 10.4303)
(-0.00437376 -0.00742021 10.4305)
(-0.00724252 -0.00724252 10.4308)
(-0.00145793 -0.00145793 10.4474)
(-0.00434236 -0.00145862 10.4476)
(-0.0072643 -0.00145472 10.4478)
(-0.00145862 -0.00434236 10.4476)
(-0.00433592 -0.00433592 10.4477)
(-0.00726447 -0.00429881 10.448)
(-0.00145472 -0.0072643 10.4478)
(-0.00429881 -0.00726446 10.448)
(-0.00711166 -0.00711166 10.4483)
(-0.00143143 -0.00143143 10.4647)
(-0.00426952 -0.00143288 10.4648)
(-0.00713276 -0.00143112 10.465)
(-0.00143288 -0.00426952 10.4648)
(-0.00426604 -0.00426604 10.4649)
(-0.00713712 -0.00424072 10.4652)
(-0.00143112 -0.00713276 10.465)
(-0.00424072 -0.00713712 10.4652)
(-0.00700706 -0.00700706 10.4655)
(-0.00140997 -0.00140997 10.4816)
(-0.00421128 -0.00141221 10.4818)
(-0.00702647 -0.00141232 10.482)
(-0.00141221 -0.00421128 10.4818)
(-0.00421064 -0.00421063 10.4819)
(-0.00703513 -0.00419582 10.4822)
(-0.00141232 -0.00702647 10.482)
(-0.00419582 -0.00703513 10.4822)
(-0.00692556 -0.00692556 10.4824)
(-0.00139286 -0.00139286 10.4984)
(-0.00416519 -0.0013958 10.4985)
(-0.00694208 -0.00139742 10.4988)
(-0.0013958 -0.00416519 10.4985)
(-0.00416701 -0.00416701 10.4987)
(-0.00695448 -0.00416058 10.4989)
(-0.00139742 -0.00694208 10.4988)
(-0.00416058 -0.00695448 10.4989)
(-0.0068623 -0.0068623 10.4992)
(-0.00137935 -0.00137935 10.515)
(-0.00412861 -0.00138285 10.5151)
(-0.00687564 -0.00138557 10.5153)
(-0.00138285 -0.0041286 10.5151)
(-0.00413235 -0.00413235 10.5152)
(-0.00689116 -0.00413195 10.5155)
(-0.00138557 -0.00687564 10.5153)
(-0.00413195 -0.00689116 10.5155)
(-0.00681223 -0.00681223 10.5157)
(-0.00136872 -0.00136872 10.5314)
(-0.00409908 -0.00137259 10.5316)
(-0.00682326 -0.001376 10.5318)
(-0.00137259 -0.00409908 10.5316)
(-0.0041041 -0.0041041 10.5317)
(-0.00684099 -0.00410769 10.5319)
(-0.001376 -0.00682326 10.5318)
(-0.00410769 -0.00684099 10.5319)
(-0.00677152 -0.00677151 10.5322)
(-0.00136037 -0.00136037 10.5478)
(-0.00407463 -0.00136436 10.5479)
(-0.00678154 -0.00136807 10.5481)
(-0.00136436 -0.00407463 10.5479)
(-0.00408021 -0.00408021 10.548)
(-0.0068004 -0.00408628 10.5483)
(-0.00136807 -0.00678154 10.5481)
(-0.00408628 -0.00680039 10.5483)
(-0.00673731 -0.00673731 10.5485)
(-0.00135388 -0.00135388 10.5641)
(-0.00405393 -0.00135772 10.5642)
(-0.00674781 -0.00136147 10.5644)
(-0.00135772 -0.00405392 10.5642)
(-0.00405937 -0.00405936 10.5643)
(-0.00676671 -0.00406689 10.5645)
(-0.00136147 -0.00674781 10.5644)
(-0.00406689 -0.0067667 10.5645)
(-0.00670756 -0.00670755 10.5648)
(-0.00134901 -0.00134901 10.5802)
(-0.00403628 -0.00135241 10.5804)
(-0.00672035 -0.00135599 10.5806)
(-0.00135241 -0.00403628 10.5804)
(-0.00404089 -0.00404089 10.5805)
(-0.0067381 -0.00404921 10.5807)
(-0.00135599 -0.00672035 10.5806)
(-0.00404921 -0.0067381 10.5807)
(-0.00668096 -0.00668096 10.5809)
(-0.00134574 -0.00134574 10.5964)
(-0.00402168 -0.00134834 10.5965)
(-0.00669837 -0.00135162 10.5967)
(-0.00134834 -0.00402168 10.5965)
(-0.00402473 -0.00402473 10.5966)
(-0.00671371 -0.00403346 10.5968)
(-0.00135163 -0.00669837 10.5967)
(-0.00403346 -0.00671371 10.5968)
(-0.006657 -0.006657 10.597)
(-0.00134423 -0.00134423 10.6124)
(-0.00401074 -0.00134564 10.6125)
(-0.00668199 -0.00134847 10.6127)
(-0.00134564 -0.00401074 10.6125)
(-0.00401139 -0.00401139 10.6126)
(-0.0066935 -0.0040202 10.6128)
(-0.00134847 -0.00668198 10.6127)
(-0.0040202 -0.00669349 10.6128)
(-0.00663578 -0.00663578 10.613)
(-0.00134482 -0.00134482 10.6285)
(-0.00400459 -0.00134456 10.6286)
(-0.00667209 -0.00134676 10.6287)
(-0.00134457 -0.00400458 10.6286)
(-0.00400184 -0.00400184 10.6286)
(-0.00667819 -0.00401031 10.6288)
(-0.00134676 -0.00667209 10.6287)
(-0.00401032 -0.00667818 10.6288)
(-0.00661802 -0.00661802 10.629)
(-0.001348 -0.001348 10.6446)
(-0.00400482 -0.00134556 10.6446)
(-0.0066703 -0.00134685 10.6447)
(-0.00134556 -0.00400482 10.6446)
(-0.00399749 -0.00399749 10.6446)
(-0.0066692 -0.00400491 10.6447)
(-0.00134685 -0.0066703 10.6447)
(-0.00400492 -0.00666919 10.6447)
(-0.00660499 -0.00660499 10.6449)
(-0.0013544 -0.0013544 10.6606)
(-0.00401346 -0.00134916 10.6605)
(-0.0066789 -0.00134915 10.6606)
(-0.00134916 -0.00401346 10.6605)
(-0.00400007 -0.00400007 10.6605)
(-0.00666852 -0.00400538 10.6606)
(-0.00134915 -0.0066789 10.6606)
(-0.00400539 -0.00666851 10.6606)
(-0.00659861 -0.0065986 10.6607)
(-0.0013648 -0.0013648 10.6768)
(-0.00403283 -0.00135608 10.6766)
(-0.00670075 -0.00135424 10.6765)
(-0.00135608 -0.00403283 10.6766)
(-0.00401163 -0.00401163 10.6764)
(-0.00667874 -0.00401334 10.6764)
(-0.00135424 -0.00670075 10.6765)
(-0.00401335 -0.00667874 10.6764)
(-0.00660132 -0.00660131 10.6765)
(-0.00138009 -0.00138009 10.693)
(-0.00406555 -0.00136713 10.6926)
(-0.00673928 -0.00136277 10.6924)
(-0.00136713 -0.00406555 10.6926)
(-0.00403449 -0.00403449 10.6924)
(-0.006703 -0.00403059 10.6923)
(-0.00136277 -0.00673928 10.6924)
(-0.0040306 -0.006703 10.6923)
(-0.00661611 -0.00661609 10.6922)
(-0.00140128 -0.00140129 10.7095)
(-0.00411444 -0.00138328 10.7088)
(-0.00679837 -0.00137559 10.7083)
(-0.00138328 -0.00411445 10.7088)
(-0.00407122 -0.00407121 10.7084)
(-0.00674497 -0.00405924 10.7081)
(-0.0013756 -0.00679838 10.7083)
(-0.00405925 -0.00674497 10.7081)
(-0.0066465 -0.00664648 10.7079)
(-0.00142948 -0.00142949 10.7261)
(-0.00418251 -0.00140557 10.7252)
(-0.00688244 -0.00139363 10.7243)
(-0.00140557 -0.00418252 10.7252)
(-0.00412455 -0.00412455 10.7245)
(-0.00680876 -0.0041016 10.7239)
(-0.00139363 -0.00688246 10.7243)
(-0.00410162 -0.00680876 10.7239)
(-0.00669645 -0.00669643 10.7236)
(-0.00146584 -0.00146585 10.7432)
(-0.00427285 -0.00143512 10.7418)
(-0.00699626 -0.00141787 10.7405)
(-0.00143511 -0.00427287 10.7418)
(-0.00419736 -0.00419736 10.7408)
(-0.00689885 -0.00416015 10.7399)
(-0.00141787 -0.00699629 10.7405)
(-0.00416017 -0.00689886 10.7399)
(-0.00677028 -0.00677026 10.7393)
(-0.00151154 -0.00151155 10.7606)
(-0.00438858 -0.00147303 10.7586)
(-0.00714494 -0.00144935 10.7568)
(-0.00147302 -0.00438861 10.7586)
(-0.00429253 -0.00429254 10.7572)
(-0.00701995 -0.00423759 10.7559)
(-0.00144936 -0.00714498 10.7568)
(-0.00423761 -0.00701996 10.7559)
(-0.00687273 -0.0068727 10.7551)
(-0.00156771 -0.00156774 10.7786)
(-0.00453269 -0.00152044 10.7759)
(-0.00733366 -0.00148916 10.7734)
(-0.00152043 -0.00453274 10.7759)
(-0.00441294 -0.00441296 10.774)
(-0.00717697 -0.00433664 10.7721)
(-0.00148917 -0.00733373 10.7734)
(-0.00433666 -0.00717699 10.7721)
(-0.00700845 -0.00700842 10.7709)
(-0.00163545 -0.00163548 10.7972)
(-0.00470796 -0.00157845 10.7937)
(-0.00756753 -0.00153838 10.7903)
(-0.00157843 -0.00470804 10.7937)
(-0.00456133 -0.00456136 10.7911)
(-0.00737483 -0.00446007 10.7886)
(-0.00153838 -0.00756763 10.7903)
(-0.00446009 -0.00737487 10.7886)
(-0.00718201 -0.00718198 10.7868)
(-0.0017157 -0.00171574 10.8167)
(-0.00491673 -0.00164811 10.8121)
(-0.0078513 -0.0015982 10.8076)
(-0.00164809 -0.00491683 10.8121)
(-0.00474028 -0.00474033 10.8087)
(-0.0076185 -0.00461021 10.8053)
(-0.0015982 -0.00785144 10.8076)
(-0.00461023 -0.00761856 10.8053)
(-0.00739706 -0.00739703 10.8029)
(-0.0018091 -0.00180917 10.837)
(-0.0051608 -0.00173025 10.8313)
(-0.00818919 -0.00166969 10.8254)
(-0.00173022 -0.00516094 10.8313)
(-0.00495206 -0.00495214 10.8269)
(-0.00791221 -0.00478854 10.8224)
(-0.00166969 -0.00818938 10.8254)
(-0.00478855 -0.00791231 10.8224)
(-0.00765672 -0.0076567 10.8193)
(-0.0019159 -0.00191598 10.8585)
(-0.00544138 -0.0018252 10.8513)
(-0.00858452 -0.00175331 10.8439)
(-0.00182515 -0.00544157 10.8513)
(-0.00519817 -0.00519827 10.8458)
(-0.00825934 -0.00499782 10.84)
(-0.00175331 -0.00858477 10.8439)
(-0.00499783 -0.00825948 10.84)
(-0.00796523 -0.00796521 10.836)
(-0.00203585 -0.00203596 10.8812)
(-0.00575871 -0.00193293 10.8724)
(-0.00903923 -0.00184924 10.8631)
(-0.00193287 -0.00575897 10.8724)
(-0.00547936 -0.0054795 10.8654)
(-0.00866225 -0.00524082 10.8582)
(-0.00184923 -0.00903957 10.8631)
(-0.00524082 -0.00866245 10.8582)
(-0.00832654 -0.00832653 10.8531)
(-0.00216821 -0.00216836 10.9053)
(-0.00611184 -0.00205301 10.8946)
(-0.00955366 -0.00195735 10.8831)
(-0.00205292 -0.00611218 10.8946)
(-0.00579549 -0.00579569 10.8861)
(-0.00912208 -0.00551904 10.8771)
(-0.00195733 -0.00955411 10.8831)
(-0.00551902 -0.00912235 10.8771)
(-0.00874303 -0.00874305 10.8707)
(-0.00231168 -0.00231187 10.9309)
(-0.00649834 -0.00218453 10.9181)
(-0.0101261 -0.00207717 10.9042)
(-0.00218442 -0.00649878 10.9181)
(-0.00614532 -0.00614558 10.9078)
(-0.00963825 -0.00583276 10.8968)
(-0.00207714 -0.0101266 10.9042)
(-0.00583271 -0.00963861 10.8968)
(-0.00921551 -0.00921556 10.8888)
(-0.00246428 -0.00246452 10.9582)
(-0.00691409 -0.00232605 10.943)
(-0.0107522 -0.00220776 10.9263)
(-0.0023259 -0.00691466 10.943)
(-0.00652617 -0.00652652 10.9307)
(-0.0102083 -0.00618054 10.9174)
(-0.00220771 -0.010753 10.9263)
(-0.00618045 -0.0102088 10.9174)
(-0.00974241 -0.0097425 10.9077)
(-0.00262334 -0.00262364 10.9872)
(-0.00735312 -0.0024755 10.9695)
(-0.0114251 -0.00234765 10.9497)
(-0.0024753 -0.00735385 10.9695)
(-0.0069338 -0.00693427 10.955)
(-0.0108273 -0.00655932 10.939)
(-0.00234758 -0.0114261 10.9497)
(-0.00655918 -0.010828 10.939)
(-0.0103201 -0.0103202 10.9274)
(-0.0027855 -0.00278587 11.0181)
(-0.00780751 -0.00263016 10.9976)
(-0.0121346 -0.00249473 10.9745)
(-0.00262991 -0.00780842 10.9976)
(-0.00736217 -0.00736276 10.9807)
(-0.0114879 -0.00696413 10.9619)
(-0.00249464 -0.0121359 10.9745)
(-0.00696393 -0.0114887 10.9619)
(-0.0109424 -0.0109426 10.948)
(-0.00294669 -0.00294715 11.0508)
(-0.00826738 -0.00278664 11.0275)
(-0.0128675 -0.00264618 11.0008)
(-0.00278633 -0.00826852 11.0275)
(-0.0078033 -0.00780406 11.008)
(-0.0121795 -0.0073881 10.986)
(-0.00264605 -0.0128691 11.0008)
(-0.00738781 -0.0121806 10.986)
(-0.0116007 -0.011601 10.9696)
(-0.00310228 -0.00310285 11.0855)
(-0.00872107 -0.00294087 11.0591)
(-0.0136075 -0.00279842 11.0286)
(-0.00294048 -0.00872246 11.0591)
(-0.00824731 -0.00824825 11.0369)
(-0.0128886 -0.00782209 11.0115)
(-0.00279825 -0.0136093 11.0286)
(-0.00782169 -0.0128899 11.0115)
(-0.0122832 -0.0122837 10.9924)
(-0.00324723 -0.00324791 11.1219)
(-0.00915542 -0.0030883 11.0925)
(-0.0143352 -0.00294726 11.0581)
(-0.00308783 -0.00915711 11.0925)
(-0.00868255 -0.00868372 11.0675)
(-0.0135987 -0.00825493 11.0385)
(-0.00294703 -0.0143375 11.0581)
(-0.0082544 -0.0136003 11.0385)
(-0.0129755 -0.0129761 11.0165)
(-0.00337631 -0.00337713 11.1599)
(-0.00955622 -0.00322405 11.1276)
(-0.0150293 -0.00308805 11.0891)
(-0.00322347 -0.00955827 11.1276)
(-0.009096 -0.00909744 11.0998)
(-0.0142908 -0.00867375 11.0671)
(-0.00308776 -0.015032 11.0891)
(-0.00867307 -0.0142928 11.0671)
(-0.01366 -0.0136609 11.0419)
(-0.00348438 -0.00348534 11.1995)
(-0.00990884 -0.00334312 11.1644)
(-0.0156667 -0.00321592 11.1218)
(-0.00334242 -0.00991128 11.1644)
(-0.00947375 -0.0094755 11.1337)
(-0.0149438 -0.00906457 11.0972)
(-0.00321556 -0.01567 11.1218)
(-0.0090637 -0.0149462 11.0972)
(-0.0143172 -0.0143184 11.0687)
(-0.00356665 -0.00356778 11.2404)
(-0.0101989 -0.00344072 11.2026)
(-0.0162239 -0.00332604 11.1561)
(-0.00343989 -0.0102018 11.2026)
(-0.0098017 -0.0098038 11.1692)
(-0.0155357 -0.00941282 11.1289)
(-0.00332559 -0.0162279 11.1561)
(-0.00941171 -0.0155386 11.1289)
(-0.0149258 -0.0149272 11.0969)
(-0.00361897 -0.00362029 11.2822)
(-0.0104134 -0.00351245 11.242)
(-0.0166783 -0.00341367 11.1918)
(-0.00351147 -0.0104168 11.242)
(-0.0100661 -0.0100686 11.2062)
(-0.0160444 -0.00970394 11.1621)
(-0.00341311 -0.0166829 11.1918)
(-0.00970257 -0.0160478 11.1621)
(-0.0154633 -0.015465 11.1267)
(-0.00363807 -0.00363959 11.3247)
(-0.0105409 -0.00355447 11.2824)
(-0.0170095 -0.00347447 11.2288)
(-0.00355332 -0.0105449 11.2824)
(-0.0102545 -0.0102575 11.2443)
(-0.0164486 -0.00992423 11.1966)
(-0.0034738 -0.0170149 11.2287)
(-0.00992254 -0.0164527 11.1966)
(-0.0159076 -0.0159098 11.1578)
(-0.00362169 -0.00362343 11.3674)
(-0.0105729 -0.00356377 11.3235)
(-0.0172008 -0.00350469 11.2667)
(-0.00356244 -0.0105774 11.3235)
(-0.0103562 -0.0103596 11.2834)
(-0.0167292 -0.0100618 11.2324)
(-0.00350388 -0.0172071 11.2667)
(-0.0100598 -0.016734 11.2324)
(-0.0162385 -0.0162412 11.1902)
(-0.00356881 -0.00357078 11.4099)
(-0.0105036 -0.00353864 11.3649)
(-0.0172391 -0.00350173 11.3055)
(-0.0035371 -0.0105087 11.3649)
(-0.0103633 -0.0103672 11.3232)
(-0.016871 -0.0101072 11.2693)
(-0.00350076 -0.0172463 11.3055)
(-0.0101048 -0.0168766 11.2693)
(-0.0164377 -0.016441 11.2239)
(-0.00347961 -0.00348183 11.4519)
(-0.0103305 -0.00347848 11.4062)
(-0.0171159 -0.00346423 11.3447)
(-0.00347673 -0.0103364 11.4062)
(-0.0102709 -0.0102754 11.3633)
(-0.0168631 -0.0100546 11.3068)
(-0.00346309 -0.0171241 11.3447)
(-0.0100517 -0.0168695 11.3068)
(-0.0164915 -0.0164954 11.2586)
(-0.00335543 -0.0033579 11.4928)
(-0.0100546 -0.00338375 11.447)
(-0.0168283 -0.00339182 11.384)
(-0.00338178 -0.0100611 11.447)
(-0.0100773 -0.0100824 11.4035)
(-0.0166987 -0.009901 11.3449)
(-0.0033905 -0.0168375 11.384)
(-0.00989762 -0.016706 11.3449)
(-0.0163887 -0.0163933 11.294)
(-0.00319868 -0.00320141 11.5324)
(-0.00967979 -0.00325598 11.487)
(-0.0163787 -0.00328519 11.4231)
(-0.00325377 -0.00968706 11.4869)
(-0.00978377 -0.00978959 11.4432)
(-0.0163765 -0.00964658 11.3831)
(-0.00328367 -0.0163891 11.4231)
(-0.00964266 -0.0163848 11.3831)
(-0.0161249 -0.0161303 11.33)
(-0.0030127 -0.00301569 11.5701)
(-0.00921297 -0.00309758 11.5256)
(-0.0157744 -0.00314598 11.4615)
(-0.00309513 -0.00922099 11.5256)
(-0.0093946 -0.0094011 11.4822)
(-0.0158995 -0.00929424 11.4211)
(-0.00314425 -0.0157859 11.4615)
(-0.00928975 -0.0159088 11.4211)
(-0.0156996 -0.0157058 11.3663)
(-0.00280152 -0.00280477 11.6058)
(-0.00866347 -0.00291172 11.5627)
(-0.0150267 -0.00297683 11.499)
(-0.00290902 -0.00867225 11.5627)
(-0.00891681 -0.00892403 11.52)
(-0.015275 -0.00884982 11.4586)
(-0.00297488 -0.0150394 11.499)
(-0.0088447 -0.0152855 11.4586)
(-0.0151165 -0.0151237 11.4025)
(-0.00256974 -0.00257324 11.639)
(-0.0080429 -0.00270201 11.5978)
(-0.014151 -0.00278082 11.5351)
(-0.00269906 -0.00805244 11.5978)
(-0.00835974 -0.00836769 11.5564)
(-0.0145139 -0.00832142 11.4952)
(-0.00277864 -0.0141649 11.5351)
(-0.00831563 -0.0145254 11.4952)
(-0.0143848 -0.014393 11.4382)
(-0.00232258 -0.00232632 11.6695)
(-0.00736422 -0.0024732 11.6306)
(-0.0131654 -0.00256208 11.5696)
(-0.00247 -0.00737451 11.6306)
(-0.00773451 -0.00774321 11.5909)
(-0.0136311 -0.00771938 11.5306)
(-0.00255967 -0.0131805 11.5696)
(-0.00771289 -0.0136439 11.5305)
(-0.0135177 -0.0135269 11.4732)
(-0.00206558 -0.00206956 11.6972)
(-0.00664201 -0.00223026 11.661)
(-0.0120908 -0.00232538 11.6021)
(-0.00222682 -0.00665303 11.6609)
(-0.00705429 -0.00706374 11.6234)
(-0.0126451 -0.00705508 11.5643)
(-0.00232273 -0.0121071 11.602)
(-0.00704787 -0.0126591 11.5643)
(-0.0125309 -0.0125413 11.5072)
(-0.00180448 -0.00180867 11.7218)
(-0.00589183 -0.00197836 11.6886)
(-0.01095 -0.00207602 11.6323)
(-0.00197469 -0.00590354 11.6886)
(-0.00633366 -0.00634386 11.6534)
(-0.0115754 -0.00634211 11.5963)
(-0.00207314 -0.0109675 11.6323)
(-0.00633415 -0.0115906 11.5963)
(-0.0114456 -0.0114571 11.5397)
(-0.00154516 -0.00154954 11.7434)
(-0.00512995 -0.00172315 11.7133)
(-0.0097676 -0.00181975 11.6601)
(-0.00171926 -0.0051423 11.7133)
(-0.00558826 -0.00559917 11.6809)
(-0.0104445 -0.00559449 11.6261)
(-0.00181665 -0.00978622 11.6601)
(-0.00558577 -0.0104608 11.6261)
(-0.0102855 -0.0102982 11.5706)
(-0.00129333 -0.00129786 11.7619)
(-0.00437324 -0.00147019 11.7352)
(-0.00856925 -0.00156194 11.6853)
(-0.0014661 -0.00438617 11.7352)
(-0.00483424 -0.00484585 11.7057)
(-0.00927687 -0.00482736 11.6536)
(-0.00155861 -0.00858891 11.6853)
(-0.00481789 -0.00929441 11.6536)
(-0.00907796 -0.00909188 11.5995)
(-0.00105456 -0.00105923 11.7775)
(-0.00363882 -0.00122515 11.7541)
(-0.0073808 -0.00130872 11.7078)
(-0.00122089 -0.00365225 11.7541)
(-0.00408905 -0.0041013 11.7278)
(-0.00809722 -0.00406082 11.6786)
(-0.00130519 -0.0074014 11.7078)
(-0.0040506 -0.00811586 11.6786)
(-0.00784652 -0.00786163 11.6262)
(-0.0008341 -0.00083885 11.7901)
(-0.00294301 -0.000993508 11.7701)
(-0.00622895 -0.00106602 11.7275)
(-0.0009891 -0.00295683 11.7701)
(-0.0033696 -0.0033824 11.7469)
(-0.00693217 -0.00330936 11.701)
(-0.00106231 -0.00625033 11.7275)
(-0.00329844 -0.0069518 11.7009)
(-0.00662457 -0.00664083 11.6505)
(-0.000636608 -0.000641399 11.8002)
(-0.00230131 -0.000780523 11.7834)
(-0.00513908 -0.000839949 11.7445)
(-0.000776011 -0.00231539 11.7834)
(-0.00269283 -0.00270608 11.7634)
(-0.00580841 -0.00259011 11.7207)
(-0.00083607 -0.00516104 11.7445)
(-0.00257854 -0.00582888 11.7206)
(-0.00544378 -0.00546113 11.6722)
(-0.000465889 -0.00047067 11.8079)
(-0.00172769 -0.000590676 11.794)
(-0.00413534 -0.00063586 11.7588)
(-0.000586104 -0.00174189 11.794)
(-0.00207456 -0.00208813 11.7771)
(-0.00475144 -0.00192046 11.7377)
(-0.000631843 -0.00415766 11.7587)
(-0.00190832 -0.00477256 11.7377)
(-0.00433461 -0.00435294 11.6914)
(-0.000324706 -0.000329423 11.8134)
(-0.00123365 -0.000427654 11.8024)
(-0.00323928 -0.000458158 11.7705)
(-0.000423072 -0.00124781 11.8024)
(-0.00152851 -0.00154227 11.7883)
(-0.0037853 -0.00131558 11.7521)
(-0.000454043 -0.00326172 11.7704)
(-0.00130299 -0.00380684 11.7521)
(-0.00332657 -0.00334573 11.7078)
(-0.000214538 -0.000219131 11.8173)
(-0.000827284 -0.000294017 11.8086)
(-0.00246801 -0.00030999 11.7799)
(-0.000289484 -0.000841244 11.8086)
(-0.0010653 -0.00107909 11.7972)
(-0.0029309 -0.000788611 11.764)
(-0.000305826 -0.00249028 11.7798)
(-0.000775688 -0.00295261 11.764)
(-0.00244118 -0.00246094 11.7216)
(-0.000135419 -0.000139834 11.8198)
(-0.000512087 -0.00019091 11.8132)
(-0.00183236 -0.000193402 11.7871)
(-0.000186483 -0.000525687 11.8132)
(-0.000691461 -0.000705112 11.804)
(-0.00220349 -0.000348099 11.7736)
(-0.000189242 -0.00185417 11.7871)
(-0.000334993 -0.00222511 11.7736)
(-0.00168901 -0.00170909 11.7328)
(-8.566e-05 -8.98629e-05 11.8213)
(-0.000286119 -0.000117663 11.8163)
(-0.00133711 -0.000108512 11.7926)
(-0.000113381 -0.000299226 11.8163)
(-0.000407929 -0.000421311 11.8092)
(-0.00161117 9.269e-06 11.7811)
(-0.000104403 -0.00135822 11.7925)
(2.24233e-05 -0.00163249 11.7811)
(-0.00107909 -0.00109926 11.7415)
(-6.17061e-05 -6.56801e-05 11.8221)
(-0.000143081 -7.16903e-05 11.8185)
(-0.000977591 -5.25532e-05 11.7965)
(-6.7576e-05 -0.000155587 11.8185)
(-0.000210414 -0.000223406 11.813)
(-0.00115363 0.000289915 11.7868)
(-4.85244e-05 -0.000997869 11.7965)
(0.000302984 -0.00117451 11.7868)
(-0.000612109 -0.000632223 11.748)
(-5.89334e-05 -6.26684e-05 11.8226)
(-7.36403e-05 -4.95909e-05 11.8199)
(-0.00073969 -2.13943e-05 11.7993)
(-4.56603e-05 -8.54822e-05 11.8199)
(-9.1415e-05 -0.000103948 11.8157)
(-0.000821685 0.00049687 11.791)
(-1.74835e-05 -0.000759073 11.7992)
(0.000509754 -0.000842018 11.791)
(-0.000273892 -0.000293885 11.7523)
(-7.25902e-05 -7.60766e-05 11.823)
(-6.5697e-05 -4.76229e-05 11.8209)
(-0.00060596 -9.64976e-06 11.8011)
(-4.38924e-05 -7.68569e-05 11.8209)
(-3.94276e-05 -5.1481e-05 11.8176)
(-0.000603901 0.000637112 11.7939)
(-5.89707e-06 -0.000624374 11.801)
(0.000649755 -0.000623521 11.7939)
(-4.85809e-05 -6.83316e-05 11.7548)
(-9.82683e-05 -0.000101501 11.8236)
(-0.000105053 -6.20378e-05 11.8217)
(-0.000558494 -1.2394e-05 11.8022)
(-5.85188e-05 -0.000115539 11.8217)
(-4.05272e-05 -5.20779e-05 11.8191)
(-0.000486447 0.000720531 11.7958)
(-8.80452e-06 -0.000575868 11.8022)
(0.000732906 -0.000505236 11.7957)
(8.00043e-05 6.06369e-05 11.7555)
(-0.000131949 -0.000134929 11.8244)
(-0.000177274 -8.90117e-05 11.8225)
(-0.000577989 -2.64176e-05 11.8029)
(-8.57103e-05 -0.0001871 11.8225)
(-8.13949e-05 -9.24249e-05 11.8202)
(-0.000451835 0.000757216 11.7969)
(-2.29881e-05 -0.000594297 11.8029)
(0.000769306 -0.000469793 11.7968)
(0.000132512 0.000113632 11.7549)
(-0.000169952 -0.000172677 11.8255)
(-0.000268944 -0.000124114 11.8235)
(-0.000646082 -4.7708e-05 11.8034)
(-0.000121039 -0.000278112 11.8235)
(-0.00014822 -0.000158713 11.8213)
(-0.000479333 0.000757905 11.7973)
(-4.44506e-05 -0.000661287 11.8033)
(0.000769679 -0.000496488 11.7973)
(0.000128411 0.000110132 11.7529)
(-0.000209295 -0.000211766 11.8271)
(-0.00036818 -0.000163608 11.8247)
(-0.000745442 -7.32984e-05 11.8036)
(-0.000160764 -0.000376696 11.8247)
(-0.000228776 -0.000238713 11.8224)
(-0.00054918 0.000732704 11.7974)
(-7.02178e-05 -0.000759504 11.8035)
(0.00074413 -0.00056551 11.7973)
(8.69312e-05 6.93565e-05 11.7499)
(-0.000247613 -0.000249846 11.8291)
(-0.000465136 -0.000204304 11.8263)
(-0.000860917 -0.000100652 11.8038)
(-0.000201681 -0.000473017 11.8262)
(-0.00031245 -0.000321834 11.8236)
(-0.000643701 0.000690983 11.797)
(-9.7749e-05 -0.000873874 11.8037)
(0.000702035 -0.00065919 11.797)
(2.6165e-05 9.36351e-06 11.746)
(-0.000283184 -0.000285206 11.8315)
(-0.000552131 -0.000243824 11.8281)
(-0.000979696 -0.000127629 11.804)
(-0.000241402 -0.000559395 11.8281)
(-0.00039044 -0.000399278 11.8249)
(-0.000748796 0.000640922 11.7964)
(-0.000124899 -0.000991652 11.8039)
(0.000651572 -0.000763434 11.7963)
(-3.88749e-05 -5.48499e-05 11.7413)
(-0.000314743 -0.000316572 11.8342)
(-0.000623843 -0.000280126 11.8302)
(-0.00109112 -0.000152542 11.8041)
(-0.00027789 -0.000630509 11.8302)
(-0.000456281 -0.000464598 11.8265)
(-0.000850599 0.000589201 11.7955)
(-0.000149998 -0.00110215 11.804)
(0.000599419 -0.000864428 11.7955)
(-9.53307e-05 -0.000110394 11.7359)
(-0.000341474 -0.000343126 11.8372)
(-0.000677173 -0.000311663 11.8326)
(-0.00118738 -0.000174324 11.8042)
(-0.0003096 -0.000683261 11.8325)
(-0.00050594 -0.000513744 11.8282)
(-0.000938784 0.000540837 11.7944)
(-0.000171968 -0.00119751 11.8041)
(0.00055059 -0.00095178 11.7943)
(-0.000133988 -0.000148104 11.7299)
(-0.000362875 -0.000364363 11.8404)
(-0.000710852 -0.000337284 11.8351)
(-0.00126279 -0.00019225 11.8043)
(-0.000335386 -0.000716388 11.8351)
(-0.000537354 -0.000544657 11.83)
(-0.00100524 0.00049947 11.793)
(-0.000190084 -0.00127207 11.8042)
(0.000508734 -0.00101739 11.7929)
(-0.000149172 -0.000162309 11.7232)
(-0.000378675 -0.000380011 11.8438)
(-0.000725139 -0.000356297 11.8378)
(-0.00131339 -0.000205977 11.8042)
(-0.000354555 -0.000730154 11.8378)
(-0.000550291 -0.000557112 11.8318)
(-0.00104467 0.000467596 11.7914)
(-0.000204002 -0.00132185 11.8041)
(0.000476353 -0.00105599 11.7913)
(-0.000136794 -0.000148923 11.7161)
(-0.000388726 -0.000389922 11.8472)
(-0.000721507 -0.000368273 11.8406)
(-0.00133661 -0.000215318 11.8039)
(-0.00036668 -0.000726036 11.8405)
(-0.000545973 -0.000552319 11.8337)
(-0.00105368 0.000446645 11.7893)
(-0.00021352 -0.00134428 11.8038)
(0.00045488 -0.0010642 11.7892)
(-9.47601e-05 -0.000105857 11.7085)
(-0.000392956 -0.000394023 11.8506)
(-0.000702293 -0.000373006 11.8433)
(-0.00133106 -0.000220082 11.8034)
(-0.000371553 -0.000706376 11.8433)
(-0.000526625 -0.000532518 11.8355)
(-0.00103037 0.000437312 11.7869)
(-0.000218452 -0.00133798 11.8032)
(0.000445024 -0.00104009 11.7868)
(-2.25076e-05 -3.25712e-05 11.7005)
(-0.00039137 -0.000392313 11.8539)
(-0.000670256 -0.000370573 11.8459)
(-0.00129657 -0.000219803 11.8025)
(-0.000369258 -0.000673948 11.8459)
(-0.000494757 -0.000500241 11.8372)
(-0.000974926 0.000439826 11.7841)
(-0.000218345 -0.00130277 11.8024)
(0.00044703 -0.000983817 11.784)
(7.88083e-05 6.97466e-05 11.6921)
(-0.000384018 -0.000384845 11.8571)
(-0.0006283 -0.000361338 11.8485)
(-0.00123375 -0.000213798 11.8013)
(-0.000360158 -0.000631648 11.8484)
(-0.000452918 -0.000458028 11.8387)
(-0.000889225 0.000453907 11.7807)
(-0.000212511 -0.00123927 11.8011)
(0.000460621 -0.00089728 11.7806)
(0.000206427 0.000198332 11.6833)
(-0.000370991 -0.000371706 11.8602)
(-0.000579359 -0.000345984 11.8508)
(-0.00114328 -0.000201483 11.7996)
(-0.000344936 -0.000582404 11.8507)
(-0.000403871 -0.000408631 11.84)
(-0.000776073 0.000479011 11.7769)
(-0.000200361 -0.00114815 11.7994)
(0.000485251 -0.000783303 11.7768)
(0.000357012 0.000349846 11.6742)
(-0.000352561 -0.00035317 11.863)
(-0.000526099 -0.000325209 11.8529)
(-0.00102659 -0.00018234 11.7975)
(-0.000324289 -0.000528884 11.8528)
(-0.000350012 -0.000354444 11.8409)
(-0.000638555 0.000514487 11.7725)
(-0.000181366 -0.00103084 11.7973)
(0.000520277 -0.000644985 11.7723)
(0.000526646 0.000520361 11.6648)
(-0.000329321 -0.000329832 11.8656)
(-0.000470305 -0.000299744 11.8547)
(-0.000886986 -0.000156611 11.7948)
(-0.000298947 -0.000472874 11.8546)
(-0.000293145 -0.000297272 11.8415)
(-0.000480102 0.000558957 11.7675)
(-0.000155763 -0.000890632 11.7946)
(0.000564329 -0.000485769 11.7674)
(0.000710666 0.000705205 11.6552)
(-0.000302044 -0.000302465 11.8679)
(-0.000413066 -0.000270535 11.8562)
(-0.000728392 -0.000125204 11.7916)
(-0.000269852 -0.000415457 11.8561)
(-0.000234605 -0.00023845 11.8417)
(-0.000304754 0.000610527 11.762)
(-0.000124461 -0.000731477 11.7914)
(0.000615512 -0.000309703 11.7619)
(0.000903863 0.000899169 11.6454)
(-0.000271573 -0.000271916 11.87)
(-0.000355223 -0.000238683 11.8574)
(-0.000554142 -8.89945e-05 11.7878)
(-0.000238102 -0.000357459 11.8573)
(-0.000175174 -0.000178751 11.8415)
(-0.000116472 0.000667657 11.756)
(-8.83344e-05 -0.000556711 11.7876)
(0.000672279 -0.000120743 11.7559)
(0.00110126 0.00109726 11.6355)
(-0.000238695 -0.000238972 11.8718)
(-0.0002973 -0.000205132 11.8582)
(-0.000367794 -4.87555e-05 11.7834)
(-0.000204642 -0.0002994 11.8581)
(-0.000115124 -0.000118448 11.8408)
(8.06903e-05 0.000730001 11.7495)
(-4.81613e-05 -0.000369895 11.7832)
(0.00073428 7.70413e-05 11.7493)
(0.00129728 0.00129389 11.6255)
(-0.000204151 -0.000204374 11.8733)
(-0.000239802 -0.000170448 11.8586)
(-0.000172546 -5.18705e-06 11.7786)
(-0.000170033 -0.000241777 11.8586)
(-5.46025e-05 -5.76759e-05 11.8397)
(0.000282852 0.000793126 11.7425)
(-4.63397e-06 -0.000174228 11.7784)
(0.000797078 0.000279753 11.7424)
(0.00149102 0.00148822 11.6155)
(-0.000168646 -0.000168829 11.8745)
(-0.000182686 -0.000134985 11.8587)
(2.81686e-05 4.0435e-05 11.7732)
(-0.00013463 -0.000184547 11.8587)
(6.20345e-06 3.34991e-06 11.8381)
(0.000486717 0.000857265 11.7352)
(4.0949e-05 2.68593e-05 11.773)
(0.000860909 0.000484129 11.735)
(0.00167778 0.00167545 11.6055)
(-0.000132846 -0.000133 11.8754)
(-0.00012579 -9.94159e-05 11.8584)
(0.000230866 8.72563e-05 11.7674)
(-9.91049e-05 -0.000127539 11.8584)
(6.76284e-05 6.49847e-05 11.836)
(0.000688591 0.000921596 11.7274)
(8.77424e-05 0.000229881 11.7671)
(0.000924945 0.000686444 11.7272)
(0.00185368 0.00185178 11.5955)
(-9.735e-05 -9.74858e-05 11.8761)
(-6.90126e-05 -6.44355e-05 11.8577)
(0.00043244 0.000134281 11.7611)
(-6.41556e-05 -7.06512e-05 11.8577)
(0.000129751 0.000127305 11.8334)
(0.00088589 0.000984819 11.7194)
(0.000134745 0.000431732 11.7609)
(0.000987884 0.000884121 11.7192)
(0.00201671 0.00201518 11.5857)
(-6.27151e-05 -6.28413e-05 11.8764)
(-1.20468e-05 -3.04778e-05 11.8567)
(0.000630222 0.000180537 11.7545)
(-3.02174e-05 -1.35765e-05 11.8566)
(0.000192829 0.000190568 11.8303)
(0.00107633 0.00104586 11.7111)
(0.000180983 0.000629746 11.7542)
(0.00104865 0.00107488 11.7109)
(0.00216517 0.00216394 11.5759)
(-2.94537e-05 -2.95775e-05 11.8765)
(4.54402e-05 2.18935e-06 11.8552)
(0.000821977 0.00022511 11.7475)
(2.44003e-06 4.40186e-05 11.8552)
(0.000257125 0.000255037 11.8268)
(0.00125804 0.0011038 11.7027)
(0.000225542 0.000821689 11.7473)
(0.00110634 0.00125685 11.7025)
(0.0022979 0.00229695 11.5664)
(2.02319e-06 1.89581e-06 11.8763)
(0.000103712 3.34081e-05 11.8534)
(0.00100584 0.000267215 11.7403)
(3.36571e-05 0.000102399 11.8533)
(0.000322785 0.00032086 11.8229)
(0.00142952 0.00115792 11.6941)
(0.000267633 0.0010057 11.74)
(0.00116021 0.00142854 11.6939)
(0.00241433 0.0024136 11.557)
(3.14565e-05 3.13208e-05 11.8759)
(0.000162971 6.31115e-05 11.8512)
(0.00118031 0.000306223 11.7328)
(6.33654e-05 0.000161766 11.8512)
(0.000389802 0.00038803 11.8186)
(0.00158962 0.00120766 11.6854)
(0.000306627 0.00118029 11.7325)
(0.00120972 0.00158882 11.6852)
(0.00251432 0.00251378 11.5478)
(5.87166e-05 5.85689e-05 11.8751)
(0.000223314 9.13038e-05 11.8487)
(0.00134425 0.000341674 11.7252)
(9.15677e-05 0.000222218 11.8486)
(0.000458005 0.000456378 11.8139)
(0.00173753 0.00125264 11.6767)
(0.000342064 0.00134432 11.7249)
(0.00125448 0.00173687 11.6765)
(0.00259814 0.00259776 11.5389)
(8.37785e-05 8.36167e-05 11.8741)
(0.000284721 0.00011804 11.8458)
(0.00149682 0.000373275 11.7174)
(0.000118317 0.000283734 11.8458)
(0.000527071 0.000525581 11.8089)
(0.00187271 0.00129261 11.6681)
(0.000373649 0.00149695 11.7171)
(0.00129424 0.00187216 11.6678)
(0.00266639 0.00266615 11.5302)
(0.000106707 0.00010653 11.8729)
(0.000347059 0.000143407 11.8427)
(0.00163749 0.000400883 11.7095)
(0.000143699 0.000346178 11.8426)
(0.000596542 0.000595181 11.8035)
(0.00199488 0.00132746 11.6594)
(0.000401242 0.00163767 11.7092)
(0.00132889 0.00199442 11.6592)
(0.00271991 0.00271978 11.5218)
(0.000127639 0.000127446 11.8714)
(0.000410093 0.000167507 11.8392)
(0.00176599 0.000424499 11.7016)
(0.000167815 0.000409313 11.8391)
(0.000665865 0.000664626 11.7979)
(0.00210399 0.0013572 11.6509)
(0.000424841 0.00176619 11.7013)
(0.00135845 0.00210359 11.6507)
(0.00275969 0.00275965 11.5137)
(0.000146768 0.00014656 11.8696)
(0.000473503 0.000190451 11.8354)
(0.00188225 0.000444242 11.6937)
(0.000190773 0.000472821 11.8353)
(0.000734427 0.000733302 11.792)
(0.00220017 0.00138193 11.6426)
(0.000444564 0.00188245 11.6934)
(0.00138299 0.00219982 11.6423)
(0.00278682 0.00278686 11.5058)
(0.000164322 0.000164102 11.8676)
(0.00053691 0.000212337 11.8313)
(0.00198637 0.000460321 11.6859)
(0.000212671 0.000536322 11.8312)
(0.000801583 0.000800565 11.7859)
(0.00228373 0.00140181 11.6343)
(0.000460621 0.00198657 11.6855)
(0.00140271 0.00228341 11.6341)
(0.00280247 0.00280257 11.4983)
(0.000180549 0.000180319 11.8654)
(0.000599894 0.000233245 11.827)
(0.00207862 0.000473009 11.6781)
(0.000233587 0.000599393 11.8269)
(0.000866694 0.000865777 11.7797)
(0.00235508 0.00141708 11.6263)
(0.000473284 0.00207881 11.6778)
(0.00141784 0.00235479 11.626)
(0.0028078 0.00280796 11.491)
(0.000195697 0.000195461 11.8629)
(0.000662014 0.000253234 11.8224)
(0.00215938 0.00048262 11.6704)
(0.000253581 0.000661593 11.8223)
(0.000929155 0.000928332 11.7733)
(0.00241476 0.00142802 11.6184)
(0.000482869 0.00215954 11.6701)
(0.00142864 0.00241448 11.6182)
(0.00280396 0.00280417 11.484)
(0.000210003 0.000209764 11.8602)
(0.000722826 0.000272337 11.8176)
(0.0022291 0.000489488 11.6628)
(0.000272684 0.000722479 11.8175)
(0.000988413 0.000987679 11.7668)
(0.00246336 0.00143492 11.6107)
(0.000489711 0.00222924 11.6625)
(0.00143541 0.00246309 11.6105)
(0.00279205 0.0027923 11.4772)
(0.000223681 0.000223441 11.8573)
(0.000781897 0.000290564 11.8126)
(0.00228832 0.000493951 11.6554)
(0.000290906 0.000781616 11.8125)
(0.00104399 0.00104334 11.7602)
(0.00250153 0.0014381 11.6032)
(0.000494147 0.00228842 11.6551)
(0.00143847 0.00250127 11.603)
(0.00277308 0.00277337 11.4707)
(0.000236911 0.000236675 11.8542)
(0.000838822 0.000307905 11.8075)
(0.00233759 0.000496337 11.6481)
(0.000308239 0.000838599 11.8074)
(0.00109549 0.00109492 11.7535)
(0.00252998 0.00143786 11.596)
(0.000496507 0.00233766 11.6478)
(0.00143813 0.00252973 11.5958)
(0.00274802 0.00274834 11.4645)
(0.000249837 0.000249608 11.8508)
(0.000893225 0.000324335 11.8022)
(0.00237752 0.000496957 11.641)
(0.000324657 0.000893055 11.8021)
(0.0011426 0.00114211 11.7469)
(0.00254943 0.00143453 11.589)
(0.000497101 0.00237756 11.6407)
(0.00143471 0.00254918 11.5888)
(0.00271774 0.00271808 11.4586)
(0.000262564 0.000262344 11.8473)
(0.000944777 0.000339818 11.7967)
(0.0024087 0.000496095 11.6341)
(0.000340124 0.000944654 11.7966)
(0.00118512 0.00118469 11.7402)
(0.00256058 0.0014284 11.5822)
(0.000496213 0.0024087 11.6338)
(0.0014285 0.00256034 11.582)
(0.00268303 0.00268339 11.4528)
(0.000275155 0.000274947 11.8436)
(0.000993194 0.000354311 11.7912)
(0.00243175 0.000494005 11.6274)
(0.000354599 0.000993111 11.7911)
(0.00122291 0.00122255 11.7335)
(0.00256416 0.00141977 11.5756)
(0.000494098 0.00243171 11.627)
(0.00141979 0.00256392 11.5754)
(0.00264459 0.00264497 11.4474)
(0.000287636 0.000287443 11.8397)
(0.00103824 0.000367772 11.7856)
(0.00244726 0.000490906 11.6208)
(0.000368039 0.00103819 11.7855)
(0.00125593 0.00125562 11.7269)
(0.00256086 0.0014089 11.5692)
(0.000490977 0.0024472 11.6205)
(0.00140886 0.00256063 11.569)
(0.00260305 0.00260345 11.4421)
(0.000299999 0.000299821 11.8357)
(0.00107974 0.000380156 11.7799)
(0.00245584 0.000486985 11.6144)
(0.000380401 0.00107972 11.7798)
(0.00128419 0.00128394 11.7204)
(0.00255137 0.00139604 11.5631)
(0.000487034 0.00245574 11.6141)
(0.00139594 0.00255114 11.5628)
(0.00255896 0.00255937 11.4371)
(0.000312205 0.000312043 11.8315)
(0.00111755 0.000391427 11.7741)
(0.00245807 0.000482397 11.6082)
(0.000391648 0.00111756 11.774)
(0.00130779 0.00130759 11.7139)
(0.00253632 0.00138141 11.5571)
(0.000482426 0.00245793 11.6079)
(0.00138126 0.0025361 11.5569)
(0.00251281 0.00251323 11.4322)
(0.000324191 0.000324046 11.8271)
(0.0011516 0.000401555 11.7684)
(0.0024545 0.00047727 11.6023)
(0.000401752 0.00115162 11.7682)
(0.00132686 0.00132671 11.7075)
(0.00251632 0.00136522 11.5514)
(0.00047728 0.00245433 11.6019)
(0.00136503 0.0025161 11.5512)
(0.00246503 0.00246546 11.4276)
(0.000335877 0.000335749 11.8227)
(0.00118183 0.000410521 11.7626)
(0.00244566 0.000471708 11.5964)
(0.000410694 0.00118186 11.7624)
(0.00134158 0.00134147 11.7012)
(0.00249195 0.00134767 11.5458)
(0.0004717 0.00244547 11.5961)
(0.00134744 0.00249174 11.5456)
(0.002416 0.00241643 11.4232)
(0.00034717 0.00034706 11.8181)
(0.00120824 0.000418317 11.7568)
(0.00243208 0.000465795 11.5908)
(0.000418465 0.0012083 11.7567)
(0.00135218 0.00135211 11.695)
(0.00246375 0.00132894 11.5405)
(0.000465771 0.00243187 11.5905)
(0.00132868 0.00246355 11.5403)
(0.00236605 0.00236648 11.4189)
(0.000357973 0.00035788 11.8134)
(0.00123089 0.000424946 11.751)
(0.00241422 0.000459599 11.5854)
(0.00042507 0.00123095 11.7509)
(0.00135889 0.00135885 11.6889)
(0.00243223 0.00130919 11.5353)
(0.00045956 0.00241399 11.5851)
(0.0013089 0.00243203 11.5351)
(0.00231548 0.00231591 11.4148)
(0.000368187 0.000368112 11.8086)
(0.00124983 0.000430422 11.7453)
(0.00239256 0.000453169 11.5801)
(0.000430522 0.0012499 11.7451)
(0.00136197 0.00136197 11.6829)
(0.00239784 0.00128856 11.5304)
(0.000453116 0.0023923 11.5798)
(0.00128825 0.00239765 11.5302)
(0.00226452 0.00226495 11.4109)
(0.000377719 0.00037766 11.8037)
(0.00126516 0.000434768 11.7395)
(0.00236751 0.000446546 11.575)
(0.000434846 0.00126524 11.7394)
(0.0013617 0.00136173 11.6771)
(0.00236101 0.00126719 11.5256)
(0.000446481 0.00236724 11.5747)
(0.00126686 0.00236083 11.5254)
(0.0022134 0.00221383 11.4072)
(0.000386484 0.000386441 11.7987)
(0.00127702 0.000438018 11.7339)
(0.00233948 0.00043976 11.5701)
(0.000438075 0.0012771 11.7338)
(0.00135835 0.00135841 11.6714)
(0.00232214 0.0012452 11.5209)
(0.000439683 0.0023392 11.5698)
(0.00124485 0.00232197 11.5207)
(0.00216229 0.00216272 11.4036)
(0.000394406 0.000394378 11.7937)
(0.00128554 0.000440213 11.7283)
(0.00230885 0.000432836 11.5653)
(0.00044025 0.00128563 11.7282)
(0.00135219 0.00135227 11.6658)
(0.00228157 0.0012227 11.5165)
(0.000432748 0.00230856 11.565)
(0.00122233 0.00228141 11.5163)
(0.00211136 0.00211179 11.4001)
(0.000401425 0.00040141 11.7887)
(0.00129089 0.0004414 11.7228)
(0.00227597 0.000425791 11.5607)
(0.000441418 0.00129098 11.7226)
(0.00134349 0.00134359 11.6603)
(0.00223964 0.00119978 11.5122)
(0.000425695 0.00227567 11.5604)
(0.0011994 0.00223948 11.512)
(0.00206076 0.00206118 11.3968)
(0.000407495 0.000407492 11.7836)
(0.00129323 0.000441632 11.7173)
(0.00224116 0.000418643 11.5562)
(0.000441633 0.00129333 11.7172)
(0.0013325 0.00133262 11.655)
(0.00219662 0.00117654 11.508)
(0.000418539 0.00224085 11.5559)
(0.00117616 0.00219647 11.5078)
(0.00201059 0.002011 11.3936)
(0.000412582 0.00041259 11.7785)
(0.00129276 0.000440966 11.7119)
(0.00220472 0.000411406 11.5519)
(0.000440953 0.00129286 11.7118)
(0.00131948 0.00131962 11.6498)
(0.00215279 0.00115306 11.504)
(0.000411294 0.0022044 11.5516)
(0.00115267 0.00215265 11.5038)
(0.00196096 0.00196137 11.3905)
(0.000416672 0.000416691 11.7733)
(0.00128967 0.000439463 11.7066)
(0.00216691 0.000404092 11.5477)
(0.000439436 0.00128976 11.7065)
(0.00130466 0.00130481 11.6447)
(0.00210838 0.00112943 11.5001)
(0.000403974 0.00216659 11.5474)
(0.00112904 0.00210824 11.4999)
(0.00191196 0.00191236 11.3876)
(0.000419763 0.00041979 11.7682)
(0.00128414 0.000437185 11.7014)
(0.002128 0.000396713 11.5436)
(0.000437145 0.00128423 11.7013)
(0.00128826 0.00128843 11.6398)
(0.00206359 0.00110571 11.4964)
(0.00039659 0.00212768 11.5433)
(0.00110531 0.00206346 11.4962)
(0.00186366 0.00186406 11.3847)
(0.000421865 0.0004219 11.7631)
(0.00127637 0.000434193 11.6963)
(0.0020882 0.000389282 11.5397)
(0.000434142 0.00127647 11.6962)
(0.0012705 0.00127068 11.635)
(0.00201861 0.00108196 11.4928)
(0.000389154 0.00208788 11.5394)
(0.00108156 0.00201849 11.4926)
(0.00181612 0.00181652 11.382)
(0.000423003 0.000423045 11.758)
(0.00126656 0.000430551 11.6913)
(0.00204772 0.00038181 11.5359)
(0.000430491 0.00126665 11.6912)
(0.00125156 0.00125175 11.6303)
(0.00197361 0.00105825 11.4893)
(0.000381678 0.00204741 11.5356)
(0.00105785 0.0019735 11.4891)
(0.00176941 0.0017698 11.3794)
(0.000423211 0.000423259 11.753)
(0.00125489 0.00042632 11.6864)
(0.00200676 0.00037431 11.5322)
(0.000426251 0.00125499 11.6863)
(0.00123163 0.00123182 11.6257)
(0.00192873 0.00103463 11.4859)
(0.000374175 0.00200645 11.5319)
(0.00103423 0.00192862 11.4857)
(0.00172356 0.00172395 11.3768)
(0.000422531 0.000422584 11.748)
(0.00124155 0.000421561 11.6816)
(0.00196548 0.000366794 11.5287)
(0.000421485 0.00124165 11.6815)
(0.00121087 0.00121106 11.6213)
(0.0018841 0.00101114 11.4826)
(0.000366656 0.00196517 11.5284)
(0.00101074 0.001884 11.4825)
(0.00167861 0.00167899 11.3744)
(0.000421014 0.000421071 11.743)
(0.00122673 0.000416331 11.6769)
(0.00192404 0.000359275 11.5252)
(0.000416249 0.00122682 11.6768)
(0.00118942 0.00118962 11.6169)
(0.00183982 0.000987838 11.4795)
(0.000359135 0.00192373 11.5249)
(0.00098744 0.00183973 11.4793)
(0.00163458 0.00163496 11.372)
(0.000418714 0.000418775 11.7381)
(0.00121058 0.000410686 11.6723)
(0.00188256 0.000351765 11.5219)
(0.000410599 0.00121068 11.6722)
(0.00116743 0.00116763 11.6127)
(0.001796 0.000964757 11.4764)
(0.000351624 0.00188225 11.5216)
(0.000964361 0.00179591 11.4763)
(0.0015915 0.00159187 11.3697)
(0.000415692 0.000415755 11.7332)
(0.00119329 0.00040468 11.6678)
(0.00184116 0.000344277 11.5186)
(0.000404589 0.00119338 11.6677)
(0.00114502 0.00114523 11.6087)
(0.00175271 0.000941933 11.4735)
(0.000344134 0.00184086 11.5183)
(0.000941541 0.00175263 11.4733)
(0.00154939 0.00154975 11.3675)
(0.000412007 0.000412073 11.7284)
(0.001175 0.000398363 11.6634)
(0.00179997 0.000336823 11.5155)
(0.000398268 0.00117509 11.6632)
(0.0011223 0.00112251 11.6047)
(0.00171002 0.000919398 11.4706)
(0.00033668 0.00179967 11.5152)
(0.000919009 0.00170994 11.4704)
(0.00150825 0.00150861 11.3654)
(0.000407725 0.000407792 11.7237)
(0.00115586 0.000391784 11.659)
(0.00175906 0.000329418 11.5124)
(0.000391686 0.00115595 11.6589)
(0.00109937 0.00109958 11.6008)
(0.001668 0.00089717 11.4679)
(0.000329276 0.00175878 11.5121)
(0.000896785 0.00166793 11.4677)
(0.00146812 0.00146847 11.3634)
(0.000402908 0.000402976 11.719)
(0.001136 0.000384986 11.6548)
(0.00171853 0.000322075 11.5094)
(0.000384887 0.00113609 11.6547)
(0.00107632 0.00107654 11.597)
(0.0016267 0.000875274 11.4652)
(0.000321932 0.00171825 11.5092)
(0.000874893 0.00162663 11.465)
(0.001429 0.00142934 11.3614)
(0.000397616 0.000397685 11.7144)
(0.00111555 0.000378011 11.6507)
(0.00167845 0.000314801 11.5066)
(0.00037791 0.00111565 11.6506)
(0.00105324 0.00105345 11.5934)
(0.00158614 0.000853733 11.4626)
(0.00031466 0.00167817 11.5063)
(0.000853357 0.00158608 11.4624)
(0.00139086 0.0013912 11.3595)
(0.00039191 0.000391979 11.7099)
(0.00109464 0.000370895 11.6467)
(0.00163887 0.000307607 11.5038)
(0.000370793 0.00109473 11.6466)
(0.00103019 0.0010304 11.5898)
(0.00154637 0.000832574 11.4601)
(0.000307467 0.0016386 11.5035)
(0.000832204 0.00154632 11.4599)
(0.00135371 0.00135404 11.3576)
(0.000385843 0.000385912 11.7055)
(0.00107337 0.000363669 11.6428)
(0.00159985 0.000300497 11.5011)
(0.000363567 0.00107346 11.6427)
(0.00100723 0.00100744 11.5863)
(0.00150741 0.000811826 11.4576)
(0.000300357 0.00159958 11.5008)
(0.000811461 0.00150736 11.4575)
(0.00131749 0.00131782 11.3559)
(0.000379468 0.000379537 11.7012)
(0.00105185 0.000356365 11.6389)
(0.00156142 0.000293474 11.4984)
(0.000356263 0.00105193 11.6388)
(0.000984432 0.00098464 11.583)
(0.00146926 0.000791503 11.4553)
(0.000293336 0.00156117 11.4982)
(0.000791144 0.00146921 11.4551)
(0.00128219 0.00128251 11.3541)
(0.000372835 0.000372904 11.6969)
(0.00103015 0.00034901 11.6352)
(0.00152364 0.000286549 11.4959)
(0.000348908 0.00103024 11.6351)
(0.000961829 0.000962035 11.5797)
(0.00143196 0.000771614 11.453)
(0.000286411 0.00152339 11.4956)
(0.000771261 0.00143191 11.4528)
(0.00124783 0.00124814 11.3525)
(0.000365993 0.000366061 11.6927)
(0.00100838 0.000341631 11.6316)
(0.00148653 0.000279728 11.4934)
(0.00034153 0.00100846 11.6315)
(0.000939466 0.000939669 11.5765)
(0.00139549 0.000752158 11.4508)
(0.000279592 0.00148629 11.4931)
(0.000751811 0.00139545 11.4506)
(0.00121439 0.0012147 11.3508)
(0.000358988 0.000359055 11.6886)
(0.000986579 0.000334254 11.628)
(0.00145012 0.000273022 11.491)
(0.000334155 0.000986661 11.6279)
(0.00091738 0.00091758 11.5734)
(0.00135989 0.000733128 11.4486)
(0.000272888 0.00144988 11.4907)
(0.000732787 0.00135985 11.4484)
(0.00118189 0.00118219 11.3493)
(0.00035186 0.000351926 11.6846)
(0.00096483 0.000326902 11.6245)
(0.00141443 0.000266438 11.4886)
(0.000326803 0.00096491 11.6244)
(0.000895601 0.000895798 11.5704)
(0.00132514 0.000714523 11.4465)
(0.000266307 0.0014142 11.4884)
(0.000714189 0.0013251 11.4463)
(0.00115032 0.00115062 11.3478)
(0.000344647 0.000344712 11.6807)
(0.000943185 0.000319592 11.6212)
(0.00137947 0.000259981 11.4864)
(0.000319495 0.000943264 11.6211)
(0.000874155 0.000874348 11.5674)
(0.00129124 0.000696346 11.4445)
(0.000259852 0.00137925 11.4861)
(0.000696019 0.00129121 11.4443)
(0.00111965 0.00111994 11.3463)
(0.000337381 0.000337444 11.6769)
(0.000921696 0.000312339 11.6179)
(0.00134527 0.000253653 11.4841)
(0.000312244 0.000921773 11.6178)
(0.000853063 0.000853253 11.5645)
(0.00125819 0.0006786 11.4425)
(0.000253526 0.00134505 11.4839)
(0.000678279 0.00125816 11.4423)
(0.00108985 0.00109014 11.3449)
(0.000330091 0.000330153 11.6731)
(0.000900407 0.000305159 11.6146)
(0.00131181 0.000247456 11.482)
(0.000305066 0.000900482 11.6145)
(0.000832344 0.000832531 11.5618)
(0.00122598 0.000661285 11.4406)
(0.000247332 0.0013116 11.4817)
(0.000660971 0.00122595 11.4404)
(0.00106091 0.00106119 11.3435)
(0.000322803 0.000322864 11.6695)
(0.000879358 0.000298063 11.6115)
(0.0012791 0.000241392 11.4799)
(0.000297972 0.000879431 11.6114)
(0.000812012 0.000812195 11.559)
(0.0011946 0.000644399 11.4387)
(0.00024127 0.0012789 11.4796)
(0.000644091 0.00119457 11.4386)
(0.0010328 0.00103307 11.3421)
(0.000315541 0.000315599 11.6659)
(0.000858581 0.000291062 11.6084)
(0.00124716 0.000235462 11.4778)
(0.000290973 0.000858653 11.6083)
(0.000792078 0.000792257 11.5564)
(0.00116403 0.000627938 11.4369)
(0.000235342 0.00124696 11.4776)
(0.000627637 0.00116401 11.4368)
(0.0010055 0.00100577 11.3408)
(0.000308323 0.00030838 11.6624)
(0.000838106 0.000284164 11.6055)
(0.00121597 0.000229665 11.4759)
(0.000284077 0.000838176 11.6054)
(0.000772551 0.000772726 11.5538)
(0.00113427 0.000611898 11.4352)
(0.000229548 0.00121577 11.4756)
(0.000611603 0.00113425 11.435)
(0.000978997 0.000979252 11.3396)
(0.000301168 0.000301224 11.659)
(0.000817956 0.000277378 11.6026)
(0.00118552 0.000224003 11.4739)
(0.000277292 0.000818025 11.6025)
(0.000753437 0.000753608 11.5513)
(0.0011053 0.000596273 11.4335)
(0.000223888 0.00118534 11.4737)
(0.000595985 0.00110528 11.4333)
(0.00095326 0.000953509 11.3383)
(0.000294091 0.000294145 11.6557)
(0.000798152 0.000270708 11.5997)
(0.00115582 0.000218474 11.472)
(0.000270625 0.000798219 11.5996)
(0.000734739 0.000734907 11.5489)
(0.0010771 0.000581057 11.4318)
(0.000218361 0.00115564 11.4718)
(0.000580774 0.00107708 11.4316)
(0.000928272 0.000928515 11.3371)
(0.000287105 0.000287157 11.6525)
(0.000778708 0.000264161 11.597)
(0.00112686 0.000213078 11.4702)
(0.00026408 0.000778774 11.5969)
(0.00071646 0.000716624 11.5465)
(0.00104966 0.000566241 11.4302)
(0.000212968 0.00112668 11.47)
(0.000565965 0.00104964 11.43)
(0.000904011 0.000904249 11.336)
(0.00028022 0.000280271 11.6493)
(0.000759639 0.000257741 11.5943)
(0.00109863 0.000207813 11.4684)
(0.000257662 0.000759703 11.5942)
(0.000698601 0.000698761 11.5442)
(0.00102296 0.00055182 11.4286)
(0.000207706 0.00109845 11.4682)
(0.00055155 0.00102294 11.4284)
(0.000880457 0.00088069 11.3349)
(0.000273446 0.000273496 11.6462)
(0.000740954 0.000251451 11.5916)
(0.00107111 0.00020268 11.4667)
(0.000251373 0.000741017 11.5915)
(0.00068116 0.000681317 11.5419)
(0.000996993 0.000537784 11.4271)
(0.000202574 0.00107094 11.4664)
(0.000537519 0.000996974 11.4269)
(0.000857588 0.000857815 11.3338)
(0.00026679 0.000266839 11.6432)
(0.000722661 0.000245293 11.5891)
(0.00104429 0.000197674 11.465)
(0.000245217 0.000722723 11.589)
(0.000664135 0.000664288 11.5397)
(0.000971728 0.000524125 11.4256)
(0.000197571 0.00104413 11.4647)
(0.000523866 0.000971711 11.4254)
(0.000835383 0.000835606 11.3327)
(0.000260259 0.000260306 11.6402)
(0.000704764 0.000239268 11.5866)
(0.00101817 0.000192796 11.4633)
(0.000239194 0.000704825 11.5865)
(0.000647523 0.000647673 11.5376)
(0.000947155 0.000510835 11.4241)
(0.000192695 0.00101801 11.4631)
(0.000510581 0.000947139 11.424)
(0.000813824 0.000814042 11.3317)
(0.000253857 0.000253903 11.6374)
(0.000687268 0.000233377 11.5841)
(0.000992722 0.000188041 11.4617)
(0.000233306 0.000687328 11.5841)
(0.000631319 0.000631466 11.5355)
(0.000923253 0.000497904 11.4227)
(0.000187942 0.000992572 11.4615)
(0.000497655 0.00092324 11.4226)
(0.00079289 0.000793104 11.3307)
(0.000247587 0.000247632 11.6346)
(0.000670172 0.000227622 11.5818)
(0.000967944 0.000183409 11.4602)
(0.000227551 0.000670231 11.5817)
(0.000615518 0.000615662 11.5335)
(0.000900007 0.000485323 11.4213)
(0.000183313 0.000967799 11.4599)
(0.00048508 0.000899995 11.4212)
(0.000772563 0.000772773 11.3297)
(0.000241453 0.000241496 11.6319)
(0.000653477 0.000222001 11.5795)
(0.000943816 0.000178897 11.4586)
(0.000221932 0.000653536 11.5794)
(0.000600115 0.000600257 11.5315)
(0.000877398 0.000473083 11.42)
(0.000178803 0.000943676 11.4584)
(0.000472844 0.000877388 11.4198)
(0.000752822 0.000753029 11.3288)
(0.000235455 0.000235498 11.6292)
(0.000637181 0.000216514 11.5772)
(0.000920326 0.000174504 11.4571)
(0.000216447 0.000637239 11.5771)
(0.000585104 0.000585243 11.5296)
(0.000855411 0.000461175 11.4187)
(0.000174412 0.000920191 11.4569)
(0.000460941 0.000855403 11.4185)
(0.000733648 0.000733852 11.3278)
(0.000229596 0.000229638 11.6266)
(0.000621281 0.00021116 11.575)
(0.000897457 0.000170225 11.4557)
(0.000211095 0.000621338 11.5749)
(0.000570478 0.000570614 11.5277)
(0.000834027 0.00044959 11.4174)
(0.000170135 0.000897327 11.4554)
(0.000449361 0.00083402 11.4173)
(0.000715025 0.000715225 11.3269)
(0.000223875 0.000223916 11.6241)
(0.000605773 0.000205938 11.5729)
(0.000875197 0.000166059 11.4543)
(0.000205875 0.00060583 11.5728)
(0.000556229 0.000556363 11.5258)
(0.000813229 0.000438322 11.4162)
(0.00016597 0.000875072 11.454)
(0.000438097 0.000813225 11.416)
(0.000696934 0.00069713 11.3261)
(0.000218293 0.000218332 11.6216)
(0.000590654 0.000200846 11.5708)
(0.00085353 0.000162001 11.4529)
(0.000200784 0.00059071 11.5707)
(0.00054235 0.000542481 11.524)
(0.000793002 0.00042736 11.415)
(0.000161915 0.00085341 11.4526)
(0.000427139 0.000792999 11.4148)
(0.000679358 0.000679552 11.3252)
(0.000212847 0.000212886 11.6192)
(0.000575917 0.000195883 11.5687)
(0.000832441 0.000158051 11.4515)
(0.000195822 0.000575973 11.5686)
(0.000528833 0.000528962 11.5223)
(0.000773329 0.000416697 11.4138)
(0.000157966 0.000832326 11.4513)
(0.00041648 0.000773328 11.4137)
(0.000662281 0.000662472 11.3244)
(0.000207537 0.000207575 11.6169)
(0.000561556 0.000191045 11.5667)
(0.000811916 0.000154205 11.4502)
(0.000190985 0.000561612 11.5666)
(0.00051567 0.000515797 11.5206)
(0.000754193 0.000406324 11.4127)
(0.000154122 0.000811806 11.45)
(0.000406112 0.000754194 11.4125)
(0.000645687 0.000645875 11.3236)
(0.000202362 0.000202399 11.6146)
(0.000547566 0.000186331 11.5648)
(0.00079194 0.00015046 11.4489)
(0.000186273 0.000547621 11.5647)
(0.000502854 0.000502979 11.5189)
(0.00073558 0.000396233 11.4115)
(0.000150379 0.000791835 11.4487)
(0.000396025 0.000735582 11.4114)
(0.00062956 0.000629745 11.3228)
(0.00019732 0.000197356 11.6124)
(0.000533938 0.00018174 11.5629)
(0.000772499 0.000146815 11.4477)
(0.000181683 0.000533993 11.5628)
(0.000490376 0.000490499 11.5173)
(0.000717474 0.000386417 11.4104)
(0.000146735 0.000772398 11.4475)
(0.000386211 0.000717478 11.4103)
(0.000613885 0.000614067 11.322)
(0.000192408 0.000192444 11.6102)
(0.000520667 0.000177267 11.561)
(0.000753579 0.000143265 11.4465)
(0.000177211 0.000520722 11.561)
(0.000478229 0.00047835 11.5157)
(0.00069986 0.000376866 11.4094)
(0.000143187 0.000753482 11.4462)
(0.000376664 0.000699866 11.4092)
(0.000598648 0.000598828 11.3213)
(0.000187625 0.00018766 11.6081)
(0.000507745 0.000172911 11.5592)
(0.000735165 0.000139809 11.4453)
(0.000172857 0.000507799 11.5592)
(0.000466404 0.000466523 11.5142)
(0.000682724 0.000367573 11.4083)
(0.000139733 0.000735073 11.445)
(0.000367376 0.000682733 11.4082)
(0.000583834 0.000584011 11.3206)
(0.000182967 0.000183002 11.606)
(0.000495163 0.00016867 11.5575)
(0.000717244 0.000136445 11.4441)
(0.000168617 0.000495218 11.5574)
(0.000454893 0.00045501 11.5127)
(0.000666053 0.000358532 11.4073)
(0.00013637 0.000717156 11.4439)
(0.000358338 0.000666063 11.4072)
(0.00056943 0.000569605 11.3198)
(0.000178433 0.000178467 11.604)
(0.000482915 0.00016454 11.5558)
(0.000699802 0.00013317 11.443)
(0.000164488 0.000482969 11.5557)
(0.000443689 0.000443804 11.5112)
(0.000649832 0.000349734 11.4064)
(0.000133096 0.000699718 11.4427)
(0.000349543 0.000649844 11.4062)
(0.000555423 0.000555596 11.3192)
(0.000174021 0.000174054 11.602)
(0.000470993 0.00016052 11.5541)
(0.000682826 0.00012998 11.4419)
(0.000160469 0.000471047 11.554)
(0.000432783 0.000432897 11.5098)
(0.000634048 0.000341172 11.4054)
(0.000129908 0.000682746 11.4416)
(0.000340985 0.000634062 11.4052)
(0.000541801 0.000541972 11.3185)
(0.000169726 0.000169758 11.6001)
(0.000459388 0.000156606 11.5525)
(0.000666304 0.000126875 11.4408)
(0.000156556 0.000459442 11.5524)
(0.000422169 0.00042228 11.5084)
(0.000618689 0.000332841 11.4044)
(0.000126805 0.000666228 11.4406)
(0.000332657 0.000618704 11.4043)
(0.000528551 0.00052872 11.3178)
(0.000165547 0.000165578 11.5983)
(0.000448094 0.000152796 11.5509)
(0.000650223 0.000123852 11.4397)
(0.000152747 0.000448147 11.5508)
(0.000411837 0.000411946 11.507)
(0.000603742 0.000324732 11.4035)
(0.000123783 0.00065015 11.4395)
(0.000324551 0.000603758 11.4034)
(0.000515662 0.000515828 11.3172)
(0.00016148 0.000161511 11.5964)
(0.000437101 0.000149087 11.5493)
(0.00063457 0.000120908 11.4387)
(0.000149039 0.000437153 11.5492)
(0.00040178 0.000401888 11.5057)
(0.000589193 0.000316839 11.4026)
(0.000120841 0.000634501 11.4385)
(0.000316662 0.00058921 11.4025)
(0.000503123 0.000503286 11.3166)
(0.000157524 0.000157554 11.5947)
(0.000426403 0.000145476 11.5478)
(0.000619335 0.000118041 11.4377)
(0.00014543 0.000426454 11.5477)
(0.000391991 0.000392097 11.5044)
(0.000575032 0.000309156 11.4018)
(0.000117975 0.000619268 11.4375)
(0.000308982 0.000575051 11.4016)
(0.000490922 0.000491083 11.316)
(0.000153675 0.000153704 11.5929)
(0.000415991 0.000141962 11.5463)
(0.000604503 0.00011525 11.4367)
(0.000141916 0.000416042 11.5463)
(0.000382463 0.000382567 11.5031)
(0.000561249 0.000301677 11.4009)
(0.000115185 0.000604439 11.4365)
(0.000301507 0.000561269 11.4008)
(0.000479049 0.000479208 11.3154)
(0.00014993 0.000149958 11.5912)
(0.000405858 0.000138541 11.5449)
(0.000590065 0.000112531 11.4357)
(0.000138497 0.000405908 11.5448)
(0.000373189 0.000373291 11.5019)
(0.000547833 0.000294396 11.4001)
(0.000112468 0.000590004 11.4355)
(0.000294229 0.000547853 11.3999)
(0.000467495 0.000467651 11.3148)
(0.000146286 0.000146314 11.5896)
(0.000395996 0.000135212 11.5435)
(0.000576008 0.000109884 11.4348)
(0.000135168 0.000396046 11.5434)
(0.000364161 0.000364261 11.5007)
(0.000534771 0.000287307 11.3993)
(0.000109822 0.000575949 11.4346)
(0.000287143 0.000534791 11.3991)
(0.000456249 0.000456402 11.3142)
(0.000142741 0.000142769 11.588)
(0.000386399 0.000131971 11.5421)
(0.000562322 0.000107306 11.4339)
(0.000131928 0.000386447 11.542)
(0.000355374 0.000355472 11.4995)
(0.000522052 0.000280403 11.3985)
(0.000107246 0.000562265 11.4337)
(0.000280243 0.000522072 11.3983)
(0.000445303 0.000445453 11.3137)
(0.000139293 0.000139319 11.5864)
(0.000377059 0.000128817 11.5408)
(0.000548995 0.000104796 11.433)
(0.000128776 0.000377106 11.5407)
(0.000346821 0.000346916 11.4984)
(0.000509668 0.00027368 11.3977)
(0.000104737 0.00054894 11.4328)
(0.000273524 0.000509689 11.3976)
(0.000434648 0.000434795 11.3131)
(0.000135938 0.000135964 11.5849)
(0.000367968 0.000125748 11.5394)
(0.000536018 0.000102351 11.4321)
(0.000125708 0.000368014 11.5394)
(0.000338493 0.000338586 11.4973)
(0.000497612 0.000267132 11.3969)
(0.000102294 0.000535965 11.4319)
(0.00026698 0.000497632 11.3968)
(0.000424275 0.000424419 11.3126)
(0.000132673 0.000132698 11.5834)
(0.00035912 0.000122759 11.5382)
(0.000523382 9.99683e-05 11.4313)
(0.00012272 0.000359165 11.5381)
(0.000330386 0.000330476 11.4962)
(0.000485873 0.000260755 11.3962)
(9.99126e-05 0.00052333 11.431)
(0.000260606 0.000485893 11.3961)
(0.000414173 0.000414313 11.3121)
(0.000129496 0.00012952 11.5819)
(0.000350509 0.000119849 11.5369)
(0.000511075 9.76472e-05 11.4304)
(0.000119811 0.000350552 11.5368)
(0.000322494 0.000322582 11.4951)
(0.000474439 0.000254545 11.3955)
(9.75928e-05 0.000511024 11.4302)
(0.000254399 0.000474459 11.3953)
(0.000404332 0.00040447 11.3116)
(0.000126404 0.000126428 11.5805)
(0.000342128 0.000117015 11.5357)
(0.000499088 9.53846e-05 11.4296)
(0.000116979 0.00034217 11.5356)
(0.000314809 0.000314895 11.494)
(0.000463297 0.000248498 11.3948)
(9.53314e-05 0.000499038 11.4294)
(0.000248356 0.000463316 11.3946)
(0.000394748 0.000394882 11.3111)
(0.000123395 0.000123418 11.5791)
(0.00033397 0.000114256 11.5345)
(0.000487413 9.31797e-05 11.4288)
(0.00011422 0.000334011 11.5344)
(0.000307328 0.000307411 11.493)
(0.000452445 0.000242609 11.3941)
(9.3128e-05 0.000487364 11.4286)
(0.000242471 0.000452464 11.394)
(0.000385409 0.00038554 11.3107)
(0.000120467 0.000120489 11.5777)
(0.000326029 0.00011157 11.5333)
(0.000476039 9.10312e-05 11.428)
(0.000111535 0.000326068 11.5333)
(0.000300042 0.000300123 11.492)
(0.000441874 0.000236874 11.3934)
(9.09809e-05 0.000475991 11.4278)
(0.000236739 0.000441892 11.3933)
(0.000376308 0.000376436 11.3102)
(0.000117618 0.000117639 11.5764)
(0.000318298 0.000108954 11.5322)
(0.00046496 8.89377e-05 11.4273)
(0.000108921 0.000318336 11.5321)
(0.000292948 0.000293027 11.4911)
(0.000431576 0.000231289 11.3928)
(8.88889e-05 0.000464913 11.4271)
(0.000231157 0.000431593 11.3926)
(0.000367442 0.000367567 11.3097)
(0.000114845 0.000114865 11.5751)
(0.000310772 0.000106407 11.5311)
(0.000454167 8.68979e-05 11.4265)
(0.000106375 0.000310808 11.531)
(0.000286039 0.000286115 11.4901)
(0.000421541 0.000225847 11.3921)
(8.68506e-05 0.00045412 11.4263)
(0.000225719 0.000421558 11.392)
(0.000358804 0.000358926 11.3093)
(0.000112146 0.000112166 11.5739)
(0.000303443 0.000103928 11.53)
(0.000443651 8.49103e-05 11.4258)
(0.000103896 0.000303479 11.5299)
(0.00027931 0.000279384 11.4892)
(0.000411764 0.000220543 11.3915)
(8.48644e-05 0.000443605 11.4256)
(0.000220419 0.00041178 11.3914)
(0.000350388 0.000350506 11.3089)
(0.000109519 0.000109538 11.5726)
(0.000296307 0.000101513 11.529)
(0.000433405 8.29735e-05 11.4251)
(0.000101482 0.000296342 11.5289)
(0.000272755 0.000272828 11.4883)
(0.000402237 0.000215375 11.3909)
(8.29288e-05 0.00043336 11.4249)
(0.000215253 0.000402253 11.3908)
(0.000342188 0.000342303 11.3084)
(0.000106962 0.000106981 11.5714)
(0.000289359 9.91616e-05 11.5279)
(0.000423421 8.10861e-05 11.4244)
(9.91319e-05 0.000289392 11.5278)
(0.000266371 0.000266442 11.4874)
(0.000392954 0.000210337 11.3903)
(8.10423e-05 0.000423377 11.4242)
(0.000210218 0.000392969 11.3902)
(0.000334198 0.000334311 11.308)
(0.000104473 0.000104491 11.5702)
(0.000282591 9.68715e-05 11.5269)
(0.000413692 7.92464e-05 11.4237)
(9.68425e-05 0.000282624 11.5268)
(0.000260151 0.00026022 11.4865)
(0.000383906 0.000205427 11.3897)
(7.92036e-05 0.000413649 11.4235)
(0.00020531 0.000383921 11.3896)
(0.00032641 0.000326521 11.3076)
(0.00010205 0.000102067 11.5691)
(0.000276001 9.4641e-05 11.5259)
(0.000404211 7.7453e-05 11.4231)
(9.46127e-05 0.000276033 11.5259)
(0.000254092 0.00025416 11.4857)
(0.000375088 0.00020064 11.3891)
(7.7411e-05 0.000404169 11.4229)
(0.000200527 0.000375102 11.389)
(0.00031882 0.000318928 11.3072)
(9.96902e-05 9.97074e-05 11.568)
(0.000269582 9.24683e-05 11.525)
(0.00039497 7.57043e-05 11.4224)
(9.24406e-05 0.000269613 11.5249)
(0.00024819 0.000248255 11.4848)
(0.000366492 0.000195974 11.3886)
(7.56632e-05 0.00039493 11.4222)
(0.000195863 0.000366507 11.3884)
(0.00031142 0.000311526 11.3069)
(9.73926e-05 9.74094e-05 11.5669)
(0.00026333 9.03519e-05 11.524)
(0.000385962 7.39999e-05 11.4218)
(9.03249e-05 0.000263361 11.5239)
(0.000242438 0.000242503 11.484)
(0.000358114 0.000191427 11.388)
(7.39598e-05 0.000385923 11.4216)
(0.000191318 0.000358128 11.3879)
(0.000304206 0.00030431 11.3065)
(9.51553e-05 9.51718e-05 11.5658)
(0.00025724 8.829e-05 11.5231)
(0.000377182 7.23381e-05 11.4212)
(8.82636e-05 0.00025727 11.523)
(0.000236835 0.000236898 11.4832)
(0.000349946 0.000186993 11.3875)
(7.22988e-05 0.000377145 11.421)
(0.000186886 0.000349961 11.3874)
(0.000297173 0.000297275 11.3061)
(9.29765e-05 9.29926e-05 11.5647)
(0.000251307 8.62811e-05 11.5222)
(0.000368624 7.07177e-05 11.4206)
(8.62552e-05 0.000251337 11.5221)
(0.000231374 0.000231436 11.4825)
(0.000341983 0.000182671 11.387)
(7.06794e-05 0.000368588 11.4204)
(0.000182566 0.000341998 11.3868)
(0.000290315 0.000290416 11.3058)
(9.08545e-05 9.08703e-05 11.5637)
(0.000245528 8.43236e-05 11.5213)
(0.000360281 6.91378e-05 11.42)
(8.42984e-05 0.000245558 11.5212)
(0.000226053 0.000226114 11.4817)
(0.000334219 0.000178457 11.3865)
(6.91003e-05 0.000360246 11.4198)
(0.000178354 0.000334234 11.3863)
(0.000283629 0.000283728 11.3054)
(8.87876e-05 8.88031e-05 11.5627)
(0.000239897 8.24161e-05 11.5205)
(0.000352147 6.75975e-05 11.4194)
(8.23914e-05 0.000239926 11.5204)
(0.000220867 0.000220927 11.481)
(0.000326649 0.000174348 11.386)
(6.75608e-05 0.000352114 11.4192)
(0.000174248 0.000326664 11.3858)
(0.000277108 0.000277206 11.3051)
(8.67741e-05 8.67894e-05 11.5617)
(0.000234411 8.05571e-05 11.5196)
(0.000344216 6.60955e-05 11.4188)
(8.05328e-05 0.00023444 11.5195)
(0.000215814 0.000215873 11.4803)
(0.000319267 0.000170341 11.3855)
(6.60596e-05 0.000344185 11.4186)
(0.000170242 0.000319283 11.3854)
(0.000270749 0.000270845 11.3048)
(8.48126e-05 8.48276e-05 11.5608)
(0.000229065 7.87451e-05 11.5188)
(0.000336484 6.46306e-05 11.4183)
(7.87213e-05 0.000229094 11.5187)
(0.000210888 0.000210946 11.4796)
(0.000312069 0.000166433 11.385)
(6.45954e-05 0.000336454 11.4181)
(0.000166336 0.000312085 11.3849)
(0.000264548 0.000264643 11.3044)
(8.29017e-05 8.29165e-05 11.5599)
(0.000223856 7.69791e-05 11.518)
(0.000328944 6.32016e-05 11.4177)
(7.69557e-05 0.000223885 11.5179)
(0.000206087 0.000206145 11.4789)
(0.000305047 0.000162623 11.3846)
(6.31671e-05 0.000328916 11.4175)
(0.000162528 0.000305064 11.3844)
(0.000258504 0.000258598 11.3041)
(8.104e-05 8.10546e-05 11.5589)
(0.000218779 7.52583e-05 11.5172)
(0.000321592 6.18078e-05 11.4172)
(7.52353e-05 0.000218808 11.5171)
(0.000201407 0.000201464 11.4782)
(0.000298198 0.00015891 11.3841)
(6.1774e-05 0.000321565 11.417)
(0.000158816 0.000298216 11.384)
(0.000252611 0.000252703 11.3038)
(7.92262e-05 7.92406e-05 11.5581)
(0.000213832 7.35815e-05 11.5165)
(0.000314421 6.04486e-05 11.4167)
(7.35589e-05 0.00021386 11.5164)
(0.000196845 0.0001969 11.4775)
(0.000291521 0.000155288 11.3837)
(6.04155e-05 0.000314396 11.4165)
(0.000155196 0.000291539 11.3835)
(0.000246859 0.000246949 11.3035)
(7.74588e-05 7.7473e-05 11.5572)
(0.000209009 7.19474e-05 11.5157)
(0.000307428 5.91229e-05 11.4162)
(7.19252e-05 0.000209038 11.5156)
(0.000192397 0.000192452 11.4769)
(0.000285009 0.000151756 11.3832)
(5.90905e-05 0.000307404 11.416)
(0.000151665 0.000285028 11.3831)
(0.000241245 0.000241334 11.3032)
(7.57365e-05 7.57506e-05 11.5563)
(0.000204309 7.03544e-05 11.515)
(0.000300608 5.78297e-05 11.4157)
(7.03326e-05 0.000204337 11.5149)
(0.00018806 0.000188115 11.4763)
(0.000278658 0.00014831 11.3828)
(5.7798e-05 0.000300585 11.4155)
(0.000148222 0.000278678 11.3827)
(0.000235768 0.000235856 11.3029)
(7.4058e-05 7.4072e-05 11.5555)
(0.000199727 6.88015e-05 11.5143)
(0.000293955 5.65683e-05 11.4152)
(6.878e-05 0.000199755 11.5142)
(0.000183832 0.000183886 11.4757)
(0.000272463 0.00014495 11.3824)
(5.65371e-05 0.000293934 11.415)
(0.000144863 0.000272483 11.3823)
(0.000230425 0.000230512 11.3027)
(7.2422e-05 7.24359e-05 11.5547)
(0.00019526 6.72876e-05 11.5136)
(0.000287466 5.53376e-05 11.4147)
(6.72663e-05 0.000195289 11.5135)
(0.00017971 0.000179763 11.4751)
(0.00026642 0.000141672 11.382)
(5.5307e-05 0.000287447 11.4145)
(0.000141587 0.00026644 11.3819)
(0.000225213 0.000225298 11.3024)
(7.08274e-05 7.08412e-05 11.5539)
(0.000190906 6.58114e-05 11.5129)
(0.000281136 5.4137e-05 11.4143)
(6.57904e-05 0.000190934 11.5128)
(0.00017569 0.000175743 11.4745)
(0.000260524 0.000138475 11.3816)
(5.4107e-05 0.000281118 11.4141)
(0.000138391 0.000260545 11.3815)
(0.000220127 0.000220212 11.3021)
(6.9273e-05 6.92866e-05 11.5531)
(0.000186661 6.4372e-05 11.5122)
(0.000274961 5.29657e-05 11.4138)
(6.43513e-05 0.000186689 11.5121)
(0.00017177 0.000171822 11.4739)
(0.000254773 0.000135356 11.3812)
(5.29362e-05 0.000274945 11.4136)
(0.000135273 0.000254794 11.3811)
(0.000215166 0.000215249 11.3019)
(6.77576e-05 6.77712e-05 11.5524)
(0.000182521 6.29683e-05 11.5115)
(0.000268937 5.18229e-05 11.4134)
(6.29479e-05 0.00018255 11.5115)
(0.000167948 0.000167999 11.4733)
(0.000249161 0.000132314 11.3808)
(5.17939e-05 0.000268922 11.4132)
(0.000132232 0.000249183 11.3807)
(0.000210326 0.000210407 11.3016)
(6.62802e-05 6.62937e-05 11.5516)
(0.000178486 6.15993e-05 11.5109)
(0.00026306 5.07078e-05 11.4129)
(6.15792e-05 0.000178514 11.5108)
(0.00016422 0.000164271 11.4728)
(0.000243686 0.000129346 11.3805)
(5.06794e-05 0.000263047 11.4127)
(0.000129265 0.000243708 11.3803)
(0.000205604 0.000205685 11.3014)
(6.48398e-05 6.48532e-05 11.5509)
(0.00017455 6.02642e-05 11.5103)
(0.000257327 4.96198e-05 11.4125)
(6.02444e-05 0.000174579 11.5102)
(0.000160585 0.000160635 11.4722)
(0.000238343 0.000126451 11.3801)
(4.9592e-05 0.000257314 11.4123)
(0.000126372 0.000238366 11.38)
(0.000200997 0.000201077 11.3011)
(6.34355e-05 6.34488e-05 11.5502)
(0.000170713 5.89621e-05 11.5097)
(0.000251733 4.85582e-05 11.4121)
(5.89425e-05 0.000170742 11.5096)
(0.000157039 0.000157089 11.4717)
(0.000233131 0.000123626 11.3798)
(4.85309e-05 0.000251722 11.4119)
(0.000123548 0.000233154 11.3796)
(0.000196503 0.000196581 11.3009)
(6.20661e-05 6.20793e-05 11.5495)
(0.000166971 5.76922e-05 11.5091)
(0.000246274 4.75223e-05 11.4117)
(5.76729e-05 0.000167 11.509)
(0.000153581 0.000153631 11.4712)
(0.000228045 0.000120871 11.3794)
(4.74956e-05 0.000246265 11.4115)
(0.000120795 0.000228069 11.3793)
(0.000192117 0.000192194 11.3006)
(6.07308e-05 6.0744e-05 11.5488)
(0.000163322 5.64536e-05 11.5085)
(0.000240949 4.65116e-05 11.4113)
(5.64346e-05 0.000163351 11.5084)
(0.000150208 0.000150258 11.4707)
(0.000223082 0.000118183 11.3791)
(4.64854e-05 0.000240941 11.4111)
(0.000118108 0.000223106 11.3789)
(0.000187838 0.000187914 11.3004)
(5.94287e-05 5.94418e-05 11.5481)
(0.000159763 5.52456e-05 11.5079)
(0.000235752 4.55254e-05 11.4109)
(5.52268e-05 0.000159792 11.5078)
(0.000146919 0.000146968 11.4702)
(0.000218239 0.000115561 11.3787)
(4.54997e-05 0.000235745 11.4107)
(0.000115487 0.000218264 11.3786)
(0.000183663 0.000183738 11.3002)
(5.81589e-05 5.8172e-05 11.5475)
(0.000156292 5.40673e-05 11.5073)
(0.000230682 4.45631e-05 11.4105)
(5.40487e-05 0.000156321 11.5073)
(0.00014371 0.000143759 11.4697)
(0.000213514 0.000113003 11.3784)
(4.45378e-05 0.000230676 11.4103)
(0.000112931 0.000213539 11.3783)
(0.000179589 0.000179662 11.3)
(5.69205e-05 5.69335e-05 11.5468)
(0.000152907 5.2918e-05 11.5068)
(0.000225734 4.3624e-05 11.4102)
(5.28996e-05 0.000152936 11.5067)
(0.00014058 0.000140628 11.4693)
(0.000208903 0.000110508 11.3781)
(4.35991e-05 0.000225729 11.41)
(0.000110436 0.000208929 11.378)
(0.000175614 0.000175686 11.2998)
(5.57126e-05 5.57257e-05 11.5462)
(0.000149605 5.17968e-05 11.5063)
(0.000220905 4.27076e-05 11.4098)
(5.17786e-05 0.000149634 11.5062)
(0.000137527 0.000137575 11.4688)
(0.000204404 0.000108074 11.3778)
(4.2683e-05 0.000220902 11.4096)
(0.000108003 0.000204429 11.3777)
(0.000171734 0.000171806 11.2996)
(5.45345e-05 5.45474e-05 11.5456)
(0.000146384 5.0703e-05 11.5057)
(0.000216194 4.18131e-05 11.4094)
(5.0685e-05 0.000146413 11.5057)
(0.000134549 0.000134596 11.4684)
(0.000200013 0.000105699 11.3775)
(4.17889e-05 0.000216191 11.4092)
(0.00010563 0.000200038 11.3774)
(0.000167949 0.000168019 11.2994)
(5.33853e-05 5.33981e-05 11.545)
(0.000143242 4.96358e-05 11.5052)
(0.000211595 4.09401e-05 11.4091)
(4.96181e-05 0.000143271 11.5052)
(0.000131644 0.00013169 11.4679)
(0.000195728 0.000103382 11.3772)
(4.09163e-05 0.000211593 11.4089)
(0.000103314 0.000195753 11.3771)
(0.000164256 0.000164324 11.2992)
(5.22642e-05 5.22768e-05 11.5444)
(0.000140177 4.85945e-05 11.5047)
(0.000207107 4.00879e-05 11.4088)
(4.85771e-05 0.000140205 11.5046)
(0.000128809 0.000128854 11.4675)
(0.000191545 0.000101121 11.3769)
(4.00647e-05 0.000207106 11.4086)
(0.000101054 0.000191571 11.3768)
(0.000160651 0.000160718 11.299)
(5.11705e-05 5.11828e-05 11.5438)
(0.000137186 4.75784e-05 11.5042)
(0.000202727 3.92559e-05 11.4084)
(4.75614e-05 0.000137215 11.5042)
(0.000126043 0.000126087 11.4671)
(0.000187463 9.8914e-05 11.3766)
(3.92334e-05 0.000202726 11.4082)
(9.88491e-05 0.000187489 11.3765)
(0.000157133 0.000157198 11.2988)
(5.01035e-05 5.01154e-05 11.5433)
(0.000134269 4.65868e-05 11.5037)
(0.000198451 3.84437e-05 11.4081)
(4.65702e-05 0.000134296 11.5037)
(0.000123344 0.000123387 11.4667)
(0.000183479 9.67606e-05 11.3764)
(3.84219e-05 0.00019845 11.4079)
(9.66973e-05 0.000183504 11.3762)
(0.000153699 0.000153763 11.2986)
(4.90623e-05 4.90737e-05 11.5427)
(0.000131421 4.56189e-05 11.5033)
(0.000194278 3.76505e-05 11.4078)
(4.5603e-05 0.000131448 11.5032)
(0.00012071 0.000120753 11.4663)
(0.00017959 9.46588e-05 11.3761)
(3.76297e-05 0.000194276 11.4076)
(9.45972e-05 0.000179614 11.3759)
(0.000150348 0.00015041 11.2984)
(4.80462e-05 4.80571e-05 11.5422)
(0.000128643 4.46743e-05 11.5028)
(0.000190203 3.68761e-05 11.4075)
(4.46589e-05 0.000128669 11.5027)
(0.000118139 0.000118181 11.4659)
(0.000175793 9.26072e-05 11.3758)
(3.68562e-05 0.000190202 11.4073)
(9.25474e-05 0.000175817 11.3757)
(0.000147077 0.000147137 11.2982)
(4.70546e-05 4.70651e-05 11.5417)
(0.000125932 4.37522e-05 11.5024)
(0.000186226 3.61198e-05 11.4072)
(4.37374e-05 0.000125957 11.5023)
(0.000115631 0.000115671 11.4655)
(0.000172086 9.06045e-05 11.3756)
(3.61008e-05 0.000186224 11.407)
(9.05464e-05 0.00017211 11.3754)
(0.000143883 0.000143941 11.2981)
(4.60868e-05 4.60967e-05 11.5412)
(0.000123285 4.28521e-05 11.5019)
(0.000182343 3.53811e-05 11.4069)
(4.28379e-05 0.00012331 11.5018)
(0.000113182 0.000113222 11.4651)
(0.000168468 8.86493e-05 11.3753)
(3.53631e-05 0.00018234 11.4067)
(8.85931e-05 0.000168491 11.3752)
(0.000140766 0.000140822 11.2979)
(4.51421e-05 4.51515e-05 11.5407)
(0.000120703 4.19736e-05 11.5015)
(0.000178552 3.46596e-05 11.4066)
(4.196e-05 0.000120726 11.5014)
(0.000110791 0.00011083 11.4647)
(0.000164935 8.67404e-05 11.3751)
(3.46424e-05 0.000178549 11.4064)
(8.66859e-05 0.000164957 11.3749)
(0.000137722 0.000137776 11.2977)
(4.422e-05 4.42289e-05 11.5402)
(0.000118181 4.11164e-05 11.5011)
(0.000174849 3.39552e-05 11.4063)
(4.11033e-05 0.000118204 11.501)
(0.000108458 0.000108495 11.4644)
(0.000161486 8.48768e-05 11.3748)
(3.39387e-05 0.000174845 11.4061)
(8.48241e-05 0.000161508 11.3747)
(0.000134751 0.000134803 11.2976)
(4.33199e-05 4.33285e-05 11.5397)
(0.00011572 4.028e-05 11.5006)
(0.000171233 3.32673e-05 11.406)
(4.02674e-05 0.000115741 11.5006)
(0.00010618 0.000106216 11.464)
(0.000158119 8.30574e-05 11.3746)
(3.32513e-05 0.000171229 11.4058)
(8.30063e-05 0.00015814 11.3744)
(0.00013185 0.000131901 11.2974)
(4.24413e-05 4.24495e-05 11.5392)
(0.000113316 3.94642e-05 11.5002)
(0.000167702 3.25948e-05 11.4057)
(3.94521e-05 0.000113337 11.5002)
(0.000103955 0.000103989 11.4637)
(0.000154832 8.1281e-05 11.3743)
(3.25793e-05 0.000167698 11.4055)
(8.12315e-05 0.000154852 11.3742)
(0.000129019 0.000129068 11.2973)
(4.15836e-05 4.15914e-05 11.5387)
(0.00011097 3.86679e-05 11.4998)
(0.000164255 3.19366e-05 11.4055)
(3.86562e-05 0.000110989 11.4998)
(0.00010178 0.000101814 11.4633)
(0.000151626 7.95464e-05 11.3741)
(3.19215e-05 0.00016425 11.4053)
(7.94985e-05 0.000151645 11.374)
(0.000126257 0.000126304 11.2971)
(4.07459e-05 4.07533e-05 11.5383)
(0.000108678 3.78901e-05 11.4995)
(0.000160888 3.12931e-05 11.4052)
(3.78788e-05 0.000108696 11.4994)
(9.96564e-05 9.96884e-05 11.463)
(0.000148496 7.78523e-05 11.3739)
(3.12785e-05 0.000160883 11.405)
(7.78059e-05 0.000148513 11.3738)
(0.00012356 0.000123606 11.297)
(3.99274e-05 3.99344e-05 11.5378)
(0.000106441 3.71292e-05 11.4991)
(0.000157601 3.06646e-05 11.4049)
(3.71185e-05 0.000106458 11.499)
(9.75832e-05 9.76139e-05 11.4627)
(0.000145439 7.61973e-05 11.3737)
(3.06505e-05 0.000157595 11.4047)
(7.61524e-05 0.000145455 11.3736)
(0.000120926 0.00012097 11.2968)
(3.91277e-05 3.91342e-05 11.5374)
(0.000104257 3.63848e-05 11.4987)
(0.000154388 3.00524e-05 11.4047)
(3.63746e-05 0.000104273 11.4986)
(9.55616e-05 9.55911e-05 11.4623)
(0.000142448 7.45802e-05 11.3735)
(3.00389e-05 0.000154381 11.4045)
(7.45368e-05 0.000142463 11.3733)
(0.000118348 0.000118391 11.2967)
(3.83464e-05 3.83525e-05 11.537)
(0.000102124 3.56571e-05 11.4983)
(0.000151248 2.94557e-05 11.4044)
(3.56473e-05 0.00010214 11.4983)
(9.35894e-05 9.36177e-05 11.462)
(0.000139523 7.30003e-05 11.3733)
(2.94428e-05 0.000151241 11.4042)
(7.29583e-05 0.000139537 11.3731)
(0.000115826 0.000115868 11.2966)
(3.75833e-05 3.7589e-05 11.5366)
(0.000100041 3.49459e-05 11.498)
(0.000148181 2.8873e-05 11.4042)
(3.49366e-05 0.000100056 11.4979)
(9.16636e-05 9.16906e-05 11.4617)
(0.000136665 7.14572e-05 11.3731)
(2.88605e-05 0.000148173 11.404)
(7.14166e-05 0.000136677 11.3729)
(0.000113363 0.000113402 11.2964)
(3.68379e-05 3.68433e-05 11.5361)
(9.80067e-05 3.42517e-05 11.4976)
(0.000145184 2.83031e-05 11.404)
(3.42428e-05 9.80201e-05 11.4975)
(8.9782e-05 8.98078e-05 11.4614)
(0.000133872 6.995e-05 11.3729)
(2.82911e-05 0.000145176 11.4038)
(6.99109e-05 0.000133884 11.3727)
(0.000110957 0.000110995 11.2963)
(3.61099e-05 3.61149e-05 11.5357)
(9.60191e-05 3.35737e-05 11.4973)
(0.000142258 2.7745e-05 11.4037)
(3.35652e-05 9.60316e-05 11.4972)
(8.79422e-05 8.79669e-05 11.4611)
(0.000131148 6.8478e-05 11.3727)
(2.77334e-05 0.00014225 11.4035)
(6.84402e-05 0.000131159 11.3725)
(0.00010861 0.000108647 11.2962)
(3.53987e-05 3.54034e-05 11.5354)
(9.40773e-05 3.29115e-05 11.4969)
(0.0001394 2.71991e-05 11.4035)
(3.29035e-05 9.40891e-05 11.4969)
(8.61444e-05 8.61681e-05 11.4608)
(0.000128487 6.70403e-05 11.3725)
(2.7188e-05 0.000139391 11.4033)
(6.70036e-05 0.000128498 11.3723)
(0.000106318 0.000106354 11.2961)
(3.47039e-05 3.47084e-05 11.535)
(9.21804e-05 3.22648e-05 11.4966)
(0.000136608 2.66656e-05 11.4033)
(3.22571e-05 9.21915e-05 11.4965)
(8.43879e-05 8.44108e-05 11.4606)
(0.000125888 6.56361e-05 11.3723)
(2.66549e-05 0.000136599 11.4031)
(6.56006e-05 0.000125898 11.3722)
(0.000104081 0.000104116 11.2959)
(3.40252e-05 3.40294e-05 11.5346)
(9.03272e-05 3.16329e-05 11.4963)
(0.000133879 2.61442e-05 11.403)
(3.16255e-05 9.0338e-05 11.4962)
(8.26719e-05 8.26942e-05 11.4603)
(0.000123349 6.42646e-05 11.3721)
(2.6134e-05 0.00013387 11.4028)
(6.42301e-05 0.000123359 11.372)
(0.000101895 0.000101929 11.2958)
(3.3362e-05 3.33661e-05 11.5342)
(8.85168e-05 3.10156e-05 11.496)
(0.000131214 2.56347e-05 11.4028)
(3.10085e-05 8.85272e-05 11.4959)
(8.09954e-05 8.10173e-05 11.46)
(0.000120868 6.29251e-05 11.3719)
(2.5625e-05 0.000131205 11.4026)
(6.28915e-05 0.000120878 11.3718)
(9.9761e-05 9.97939e-05 11.2957)
(3.2714e-05 3.2718e-05 11.5339)
(8.67482e-05 3.04125e-05 11.4957)
(0.000128609 2.51369e-05 11.4026)
(3.04055e-05 8.67584e-05 11.4956)
(7.93577e-05 7.93792e-05 11.4598)
(0.000118444 6.1617e-05 11.3717)
(2.51276e-05 0.000128601 11.4024)
(6.15842e-05 0.000118454 11.3716)
(9.76764e-05 9.77086e-05 11.2956)
(3.20809e-05 3.20848e-05 11.5335)
(8.50203e-05 2.98232e-05 11.4953)
(0.000126065 2.46505e-05 11.4024)
(2.98164e-05 8.50304e-05 11.4953)
(7.77578e-05 7.7779e-05 11.4595)
(0.000116077 6.03395e-05 11.3716)
(2.46415e-05 0.000126056 11.4022)
(6.03074e-05 0.000116087 11.3714)
(9.56407e-05 9.56722e-05 11.2955)
(3.14623e-05 3.14663e-05 11.5332)
(8.3332e-05 2.92475e-05 11.495)
(0.000123578 2.41754e-05 11.4022)
(2.92408e-05 8.33423e-05 11.495)
(7.61949e-05 7.62159e-05 11.4592)
(0.000113763 5.9092e-05 11.3714)
(2.41666e-05 0.000123571 11.402)
(5.90604e-05 0.000113774 11.3713)
(9.36525e-05 9.36836e-05 11.2954)
(3.0858e-05 3.0862e-05 11.5328)
(8.16826e-05 2.8685e-05 11.4948)
(0.000121149 2.37113e-05 11.402)
(2.86783e-05 8.16932e-05 11.4947)
(7.4668e-05 7.4689e-05 11.459)
(0.000111504 5.78737e-05 11.3712)
(2.37027e-05 0.000121142 11.4018)
(5.78426e-05 0.000111515 11.3711)
(9.17113e-05 9.1742e-05 11.2953)
(3.02677e-05 3.02719e-05 11.5325)
(8.0071e-05 2.81356e-05 11.4945)
(0.000118775 2.32582e-05 11.4018)
(2.81288e-05 8.00819e-05 11.4944)
(7.31764e-05 7.31975e-05 11.4588)
(0.000109296 5.66839e-05 11.3711)
(2.32497e-05 0.000118769 11.4016)
(5.66531e-05 0.000109307 11.371)
(8.98159e-05 8.98463e-05 11.2952)
(2.96912e-05 2.96955e-05 11.5321)
(7.84962e-05 2.7599e-05 11.4942)
(0.000116456 2.28163e-05 11.4016)
(2.75922e-05 7.85076e-05 11.4941)
(7.17195e-05 7.17406e-05 11.4585)
(0.000107139 5.55215e-05 11.3709)
(2.28077e-05 0.000116451 11.4014)
(5.54909e-05 0.000107151 11.3708)
(8.79655e-05 8.79958e-05 11.2951)
(2.91281e-05 2.91328e-05 11.5318)
(7.69571e-05 2.70751e-05 11.4939)
(0.00011419 2.23855e-05 11.4014)
(2.70681e-05 7.69692e-05 11.4938)
(7.02964e-05 7.03178e-05 11.4583)
(0.000105033 5.43841e-05 11.3708)
(2.23768e-05 0.000114186 11.4012)
(5.43536e-05 0.000105045 11.3706)
(8.61608e-05 8.61912e-05 11.295)
(2.85782e-05 2.85831e-05 11.5315)
(7.54531e-05 2.65635e-05 11.4936)
(0.000111977 2.1965e-05 11.4013)
(2.65564e-05 7.54658e-05 11.4936)
(6.8906e-05 6.89277e-05 11.458)
(0.000102975 5.32698e-05 11.3706)
(2.19561e-05 0.000111974 11.4011)
(5.32394e-05 0.000102988 11.3705)
(8.44033e-05 8.44336e-05 11.2949)
(2.80408e-05 2.80461e-05 11.5312)
(7.39836e-05 2.60638e-05 11.4934)
(0.000109814 2.15544e-05 11.4011)
(2.60565e-05 7.39969e-05 11.4933)
(6.75479e-05 6.75699e-05 11.4578)
(0.000100966 5.21806e-05 11.3705)
(2.15455e-05 0.000109813 11.4009)
(5.21502e-05 0.000100979 11.3703)
(8.26887e-05 8.2719e-05 11.2948)
(2.75159e-05 2.75214e-05 11.5309)
(7.25479e-05 2.55757e-05 11.4931)
(0.000107701 2.11535e-05 11.4009)
(2.55681e-05 7.2562e-05 11.493)
(6.62213e-05 6.62437e-05 11.4576)
(9.90025e-05 5.1117e-05 11.3703)
(2.11445e-05 0.000107701 11.4007)
(5.10866e-05 9.90167e-05 11.3702)
(8.1015e-05 8.10453e-05 11.2947)
(2.70029e-05 2.70087e-05 11.5306)
(7.11453e-05 2.50988e-05 11.4929)
(0.000105637 2.0762e-05 11.4007)
(2.5091e-05 7.11601e-05 11.4928)
(6.49256e-05 6.49484e-05 11.4574)
(9.70849e-05 5.00785e-05 11.3702)
(2.07528e-05 0.000105638 11.4005)
(5.0048e-05 9.70999e-05 11.37)
(7.93808e-05 7.94112e-05 11.2946)
(2.65017e-05 2.65077e-05 11.5303)
(6.97751e-05 2.46328e-05 11.4926)
(0.00010362 2.03795e-05 11.4006)
(2.46249e-05 6.97905e-05 11.4925)
(6.36601e-05 6.36832e-05 11.4572)
(9.52117e-05 4.90647e-05 11.37)
(2.03703e-05 0.000103622 11.4004)
(4.90342e-05 9.52274e-05 11.3699)
(7.77852e-05 7.78156e-05 11.2945)
(2.60118e-05 2.60181e-05 11.53)
(6.84366e-05 2.41775e-05 11.4924)
(0.000101649 2.00058e-05 11.4004)
(2.41694e-05 6.84527e-05 11.4923)
(6.2424e-05 6.24476e-05 11.457)
(9.3382e-05 4.80751e-05 11.3699)
(1.99965e-05 0.000101653 11.4002)
(4.80446e-05 9.33984e-05 11.3698)
(7.62273e-05 7.62576e-05 11.2944)
(2.55329e-05 2.55395e-05 11.5297)
(6.71291e-05 2.37326e-05 11.4921)
(9.97238e-05 1.96406e-05 11.4002)
(2.37243e-05 6.71459e-05 11.4921)
(6.12169e-05 6.12408e-05 11.4568)
(9.15948e-05 4.71093e-05 11.3698)
(1.96312e-05 9.97283e-05 11.4)
(4.70788e-05 9.16118e-05 11.3696)
(7.4706e-05 7.47363e-05 11.2943)
(2.50646e-05 2.50715e-05 11.5295)
(6.5852e-05 2.32977e-05 11.4919)
(9.78423e-05 1.92834e-05 11.4001)
(2.32893e-05 6.58695e-05 11.4918)
(6.00379e-05 6.00622e-05 11.4566)
(8.9849e-05 4.61669e-05 11.3696)
(1.9274e-05 9.7848e-05 11.3999)
(4.61364e-05 8.98667e-05 11.3695)
(7.32202e-05 7.32505e-05 11.2942)
(2.46066e-05 2.46136e-05 11.5292)
(6.46049e-05 2.28726e-05 11.4917)
(9.60041e-05 1.89335e-05 11.3999)
(2.2864e-05 6.4623e-05 11.4916)
(5.88864e-05 5.8911e-05 11.4564)
(8.81439e-05 4.52484e-05 11.3695)
(1.89241e-05 9.60107e-05 11.3997)
(4.52178e-05 8.81622e-05 11.3694)
(7.17688e-05 7.1799e-05 11.2942)
(2.41585e-05 2.41657e-05 11.5289)
(6.33874e-05 2.24566e-05 11.4914)
(9.42076e-05 1.85905e-05 11.3998)
(2.24479e-05 6.34061e-05 11.4914)
(5.77616e-05 5.77866e-05 11.4562)
(8.64784e-05 4.43558e-05 11.3694)
(1.8581e-05 9.42152e-05 11.3996)
(4.43252e-05 8.64973e-05 11.3693)
(7.03486e-05 7.03786e-05 11.2941)
(2.37203e-05 2.37276e-05 11.5287)
(6.21988e-05 2.20497e-05 11.4912)
(9.24517e-05 1.82548e-05 11.3996)
(2.20409e-05 6.22179e-05 11.4911)
(5.66635e-05 5.66889e-05 11.456)
(8.48509e-05 4.34907e-05 11.3693)
(1.82453e-05 9.24602e-05 11.3994)
(4.34602e-05 8.48703e-05 11.3691)
(6.8955e-05 6.89847e-05 11.294)
(2.32918e-05 2.32993e-05 11.5284)
(6.1038e-05 2.1652e-05 11.491)
(9.07361e-05 1.79264e-05 11.3995)
(2.16431e-05 6.10576e-05 11.4909)
(5.55913e-05 5.56169e-05 11.4558)
(8.32611e-05 4.26488e-05 11.3691)
(1.7917e-05 9.07454e-05 11.3993)
(4.26184e-05 8.32811e-05 11.369)
(6.7592e-05 6.76216e-05 11.2939)
(2.2873e-05 2.28807e-05 11.5282)
(5.99042e-05 2.12633e-05 11.4908)
(8.906e-05 1.76055e-05 11.3993)
(2.12544e-05 5.99241e-05 11.4907)
(5.45441e-05 5.45699e-05 11.4556)
(8.17085e-05 4.18278e-05 11.369)
(1.75961e-05 8.907e-05 11.3991)
(4.17975e-05 8.17288e-05 11.3689)
(6.62612e-05 6.62905e-05 11.2939)
(2.24638e-05 2.24715e-05 11.5279)
(5.87967e-05 2.08835e-05 11.4906)
(8.74225e-05 1.72919e-05 11.3992)
(2.08745e-05 5.88169e-05 11.4905)
(5.35215e-05 5.35475e-05 11.4554)
(8.01922e-05 4.10268e-05 11.3689)
(1.72826e-05 8.74332e-05 11.399)
(4.09967e-05 8.02129e-05 11.3688)
(6.49621e-05 6.49912e-05 11.2938)
(2.20639e-05 2.20716e-05 11.5277)
(5.77149e-05 2.05124e-05 11.4904)
(8.58231e-05 1.69856e-05 11.399)
(2.05034e-05 5.77353e-05 11.4903)
(5.25229e-05 5.2549e-05 11.4553)
(7.87115e-05 4.02452e-05 11.3688)
(1.69765e-05 8.58343e-05 11.3988)
(4.02154e-05 7.87326e-05 11.3687)
(6.36945e-05 6.37233e-05 11.2937)
(2.16731e-05 2.16809e-05 11.5274)
(5.66582e-05 2.01498e-05 11.4902)
(8.42607e-05 1.66865e-05 11.3989)
(2.01408e-05 5.66788e-05 11.4901)
(5.15478e-05 5.15739e-05 11.4551)
(7.72656e-05 3.94826e-05 11.3687)
(1.66775e-05 8.42724e-05 11.3987)
(3.9453e-05 7.7287e-05 11.3685)
(6.24575e-05 6.2486e-05 11.2936)
(2.12912e-05 2.12991e-05 11.5272)
(5.5626e-05 1.97955e-05 11.49)
(8.27345e-05 1.63944e-05 11.3988)
(1.97866e-05 5.56467e-05 11.4899)
(5.05955e-05 5.06216e-05 11.4549)
(7.58537e-05 3.87386e-05 11.3686)
(1.63855e-05 8.27466e-05 11.3986)
(3.87092e-05 7.58754e-05 11.3684)
(6.12504e-05 6.12786e-05 11.2936)
(2.09181e-05 2.0926e-05 11.527)
(5.46177e-05 1.94495e-05 11.4898)
(8.12439e-05 1.61091e-05 11.3986)
(1.94406e-05 5.46386e-05 11.4897)
(4.96657e-05 4.96918e-05 11.4548)
(7.44752e-05 3.80127e-05 11.3685)
(1.61003e-05 8.12563e-05 11.3984)
(3.79836e-05 7.44971e-05 11.3683)
(6.00729e-05 6.01007e-05 11.2935)
(2.05536e-05 2.05615e-05 11.5267)
(5.36328e-05 1.91114e-05 11.4896)
(7.97879e-05 1.58306e-05 11.3985)
(1.91025e-05 5.36538e-05 11.4895)
(4.87578e-05 4.87838e-05 11.4546)
(7.31293e-05 3.73045e-05 11.3683)
(1.58219e-05 7.98006e-05 11.3983)
(3.72757e-05 7.31512e-05 11.3682)
(5.8924e-05 5.89515e-05 11.2934)
(2.01975e-05 2.02053e-05 11.5265)
(5.26708e-05 1.87812e-05 11.4894)
(7.83657e-05 1.55587e-05 11.3984)
(1.87723e-05 5.26917e-05 11.4893)
(4.78712e-05 4.78972e-05 11.4544)
(7.18151e-05 3.66135e-05 11.3682)
(1.55501e-05 7.83788e-05 11.3982)
(3.6585e-05 7.18372e-05 11.3681)
(5.78034e-05 5.78305e-05 11.2934)
(1.98496e-05 1.98575e-05 11.5263)
(5.1731e-05 1.84586e-05 11.4892)
(7.69768e-05 1.52936e-05 11.3983)
(1.84498e-05 5.17519e-05 11.4891)
(4.70056e-05 4.70315e-05 11.4543)
(7.05323e-05 3.59393e-05 11.3681)
(1.52851e-05 7.69901e-05 11.3981)
(3.59111e-05 7.05543e-05 11.368)
(5.67104e-05 5.67372e-05 11.2933)
(1.951e-05 1.95179e-05 11.5261)
(5.08127e-05 1.81438e-05 11.489)
(7.56205e-05 1.50353e-05 11.3981)
(1.8135e-05 5.08337e-05 11.4889)
(4.61606e-05 4.61863e-05 11.4541)
(6.92798e-05 3.52804e-05 11.368)
(1.50268e-05 7.5634e-05 11.3979)
(3.52525e-05 6.93019e-05 11.3679)
(5.56454e-05 5.5672e-05 11.2932)
(1.91783e-05 1.91862e-05 11.5259)
(4.99155e-05 1.78364e-05 11.4888)
(7.42962e-05 1.47834e-05 11.398)
(1.78277e-05 4.99364e-05 11.4888)
(4.53354e-05 4.53608e-05 11.454)
(6.80576e-05 3.46349e-05 11.3679)
(1.4775e-05 7.43099e-05 11.3978)
(3.46073e-05 6.80795e-05 11.3678)
(5.46099e-05 5.46362e-05 11.2932)
(1.88543e-05 1.88622e-05 11.5257)
(4.90391e-05 1.75363e-05 11.4887)
(7.3003e-05 1.45377e-05 11.3979)
(1.75275e-05 4.906e-05 11.4886)
(4.45297e-05 4.4555e-05 11.4538)
(6.68646e-05 3.40045e-05 11.3678)
(1.45293e-05 7.30168e-05 11.3977)
(3.39772e-05 6.68864e-05 11.3677)
(5.36011e-05 5.36271e-05 11.2931)
(1.85378e-05 1.85457e-05 11.5255)
(4.81831e-05 1.72432e-05 11.4885)
(7.17402e-05 1.4298e-05 11.3978)
(1.72345e-05 4.82039e-05 11.4884)
(4.37432e-05 4.37683e-05 11.4537)
(6.57001e-05 3.33894e-05 11.3677)
(1.42896e-05 7.17541e-05 11.3976)
(3.33625e-05 6.57217e-05 11.3676)
(5.26177e-05 5.26433e-05 11.2931)
(1.82286e-05 1.82364e-05 11.5253)
(4.73471e-05 1.69569e-05 11.4883)
(7.05069e-05 1.4064e-05 11.3977)
(1.69482e-05 4.73677e-05 11.4882)
(4.29755e-05 4.30002e-05 11.4536)
(6.45634e-05 3.27895e-05 11.3677)
(1.40557e-05 7.05209e-05 11.3975)
(3.27629e-05 6.45849e-05 11.3675)
(5.16587e-05 5.1684e-05 11.293)
(1.79264e-05 1.79343e-05 11.5251)
(4.65306e-05 1.66772e-05 11.4881)
(6.93026e-05 1.38357e-05 11.3976)
(1.66686e-05 4.65511e-05 11.4881)
(4.2226e-05 4.22505e-05 11.4534)
(6.34541e-05 3.22045e-05 11.3676)
(1.38275e-05 6.93166e-05 11.3974)
(3.21783e-05 6.34753e-05 11.3674)
(5.07238e-05 5.07486e-05 11.2929)
(1.76313e-05 1.76391e-05 11.5249)
(4.57333e-05 1.64041e-05 11.488)
(6.81267e-05 1.36129e-05 11.3974)
(1.63956e-05 4.57536e-05 11.4879)
(4.14945e-05 4.15187e-05 11.4533)
(6.23714e-05 3.16343e-05 11.3675)
(1.36046e-05 6.81407e-05 11.3972)
(3.16084e-05 6.23923e-05 11.3673)
(4.98122e-05 4.98367e-05 11.2929)
(1.73429e-05 1.73506e-05 11.5247)
(4.49546e-05 1.61374e-05 11.4878)
(6.69783e-05 1.33954e-05 11.3973)
(1.61289e-05 4.49748e-05 11.4878)
(4.07805e-05 4.08044e-05 11.4531)
(6.13147e-05 3.10783e-05 11.3674)
(1.33872e-05 6.69923e-05 11.3971)
(3.10528e-05 6.13354e-05 11.3673)
(4.89235e-05 4.89475e-05 11.2928)
(1.70611e-05 1.70688e-05 11.5245)
(4.41942e-05 1.58769e-05 11.4877)
(6.5857e-05 1.31831e-05 11.3972)
(1.58685e-05 4.42143e-05 11.4876)
(4.00837e-05 4.01073e-05 11.453)
(6.02836e-05 3.05364e-05 11.3673)
(1.3175e-05 6.5871e-05 11.397)
(3.05113e-05 6.03039e-05 11.3672)
(4.80573e-05 4.80808e-05 11.2928)
(1.67858e-05 1.67935e-05 11.5243)
(4.34517e-05 1.56225e-05 11.4875)
(6.47622e-05 1.2976e-05 11.3971)
(1.56142e-05 4.34716e-05 11.4874)
(3.94036e-05 3.94269e-05 11.4529)
(5.92773e-05 3.00082e-05 11.3672)
(1.29679e-05 6.47761e-05 11.3969)
(2.99834e-05 5.92974e-05 11.3671)
(4.72128e-05 4.72359e-05 11.2927)
(1.65169e-05 1.65245e-05 11.5241)
(4.27266e-05 1.5374e-05 11.4874)
(6.36931e-05 1.27739e-05 11.397)
(1.53658e-05 4.27463e-05 11.4873)
(3.87398e-05 3.87628e-05 11.4527)
(5.82954e-05 2.94935e-05 11.3671)
(1.27659e-05 6.3707e-05 11.3968)
(2.9469e-05 5.83151e-05 11.367)
(4.63898e-05 4.64124e-05 11.2927)
(1.62541e-05 1.62617e-05 11.524)
(4.20186e-05 1.51314e-05 11.4872)
(6.26494e-05 1.25766e-05 11.3969)
(1.51232e-05 4.20381e-05 11.4871)
(3.80922e-05 3.81149e-05 11.4526)
(5.73373e-05 2.89918e-05 11.367)
(1.25687e-05 6.26632e-05 11.3967)
(2.89678e-05 5.73568e-05 11.3669)
(4.55877e-05 4.56098e-05 11.2926)
(1.59975e-05 1.60049e-05 11.5238)
(4.13273e-05 1.48944e-05 11.4871)
(6.16304e-05 1.23842e-05 11.3968)
(1.48864e-05 4.13465e-05 11.487)
(3.74601e-05 3.74825e-05 11.4525)
(5.64025e-05 2.85029e-05 11.367)
(1.23764e-05 6.1644e-05 11.3966)
(2.84792e-05 5.64217e-05 11.3668)
(4.48059e-05 4.48277e-05 11.2926)
(1.57467e-05 1.5754e-05 11.5236)
(4.06523e-05 1.4663e-05 11.4869)
(6.06355e-05 1.21964e-05 11.3967)
(1.46551e-05 4.06713e-05 11.4868)
(3.68433e-05 3.68653e-05 11.4524)
(5.54904e-05 2.80265e-05 11.3669)
(1.21887e-05 6.0649e-05 11.3965)
(2.80032e-05 5.55092e-05 11.3668)
(4.40441e-05 4.40653e-05 11.2925)
(1.55017e-05 1.55089e-05 11.5235)
(3.99932e-05 1.4437e-05 11.4868)
(5.96643e-05 1.20131e-05 11.3966)
(1.44292e-05 4.00119e-05 11.4867)
(3.62415e-05 3.62631e-05 11.4523)
(5.46006e-05 2.75622e-05 11.3668)
(1.20055e-05 5.96775e-05 11.3964)
(2.75393e-05 5.4619e-05 11.3667)
(4.33017e-05 4.33225e-05 11.2925)
(1.52623e-05 1.52694e-05 11.5233)
(3.93497e-05 1.42163e-05 11.4866)
(5.87161e-05 1.18342e-05 11.3965)
(1.42086e-05 3.9368e-05 11.4866)
(3.56541e-05 3.56754e-05 11.4521)
(5.37324e-05 2.71097e-05 11.3667)
(1.18268e-05 5.87291e-05 11.3963)
(2.70873e-05 5.37505e-05 11.3666)
(4.25783e-05 4.25987e-05 11.2924)
(1.50284e-05 1.50353e-05 11.5231)
(3.87213e-05 1.40007e-05 11.4865)
(5.77904e-05 1.16595e-05 11.3964)
(1.39931e-05 3.87393e-05 11.4864)
(3.50809e-05 3.51019e-05 11.452)
(5.28853e-05 2.66687e-05 11.3666)
(1.16523e-05 5.78032e-05 11.3962)
(2.66467e-05 5.29032e-05 11.3665)
(4.18734e-05 4.18933e-05 11.2924)
(1.47998e-05 1.48067e-05 11.523)
(3.81077e-05 1.37901e-05 11.4864)
(5.68868e-05 1.14891e-05 11.3963)
(1.37827e-05 3.81254e-05 11.4863)
(3.45216e-05 3.45422e-05 11.4519)
(5.20589e-05 2.6239e-05 11.3666)
(1.1482e-05 5.68994e-05 11.3961)
(2.62174e-05 5.20765e-05 11.3664)
(4.11865e-05 4.1206e-05 11.2923)
(1.45765e-05 1.45832e-05 11.5228)
(3.75086e-05 1.35843e-05 11.4862)
(5.60048e-05 1.13226e-05 11.3962)
(1.35771e-05 3.75259e-05 11.4862)
(3.39757e-05 3.39959e-05 11.4518)
(5.12527e-05 2.58201e-05 11.3665)
(1.13158e-05 5.6017e-05 11.396)
(2.57989e-05 5.127e-05 11.3664)
(4.05172e-05 4.05363e-05 11.2923)
(1.43583e-05 1.43648e-05 11.5226)
(3.69236e-05 1.33833e-05 11.4861)
(5.51438e-05 1.11601e-05 11.3961)
(1.33763e-05 3.69405e-05 11.486)
(3.34429e-05 3.34628e-05 11.4517)
(5.04662e-05 2.54119e-05 11.3664)
(1.11535e-05 5.51558e-05 11.396)
(2.53911e-05 5.04832e-05 11.3663)
(3.9865e-05 3.98837e-05 11.2922)
(1.4145e-05 1.41514e-05 11.5225)
(3.63524e-05 1.31869e-05 11.486)
(5.43035e-05 1.10015e-05 11.3961)
(1.31801e-05 3.6369e-05 11.4859)
(3.2923e-05 3.29425e-05 11.4516)
(4.9699e-05 2.50139e-05 11.3664)
(1.0995e-05 5.43151e-05 11.3959)
(2.49936e-05 4.97156e-05 11.3662)
(3.92297e-05 3.9248e-05 11.2922)
(1.39366e-05 1.39428e-05 11.5223)
(3.57946e-05 1.29951e-05 11.4858)
(5.34832e-05 1.08465e-05 11.396)
(1.29884e-05 3.58108e-05 11.4858)
(3.24155e-05 3.24346e-05 11.4515)
(4.89504e-05 2.46261e-05 11.3663)
(1.08402e-05 5.34946e-05 11.3958)
(2.46062e-05 4.89668e-05 11.3662)
(3.86105e-05 3.86285e-05 11.2922)
(1.37329e-05 1.37389e-05 11.5222)
(3.525e-05 1.28076e-05 11.4857)
(5.26826e-05 1.06952e-05 11.3959)
(1.28011e-05 3.52658e-05 11.4856)
(3.19202e-05 3.19389e-05 11.4514)
(4.82203e-05 2.4248e-05 11.3662)
(1.06891e-05 5.26936e-05 11.3957)
(2.42285e-05 4.82363e-05 11.3661)
(3.80073e-05 3.80249e-05 11.2921)
(1.35339e-05 1.35397e-05 11.522)
(3.47182e-05 1.26244e-05 11.4856)
(5.19013e-05 1.05474e-05 11.3958)
(1.2618e-05 3.47336e-05 11.4855)
(3.14368e-05 3.14551e-05 11.4513)
(4.7508e-05 2.38794e-05 11.3661)
(1.05414e-05 5.1912e-05 11.3956)
(2.38604e-05 4.75238e-05 11.366)
(3.74197e-05 3.74369e-05 11.2921)
(1.33393e-05 1.33449e-05 11.5219)
(3.41989e-05 1.24453e-05 11.4855)
(5.11387e-05 1.0403e-05 11.3957)
(1.24392e-05 3.42138e-05 11.4854)
(3.0965e-05 3.09828e-05 11.4512)
(4.68132e-05 2.35202e-05 11.3661)
(1.03972e-05 5.1149e-05 11.3955)
(2.35015e-05 4.68286e-05 11.3659)
(3.68472e-05 3.68641e-05 11.292)
(1.31492e-05 1.31546e-05 11.5218)
(3.36918e-05 1.22704e-05 11.4853)
(5.03945e-05 1.0262e-05 11.3956)
(1.22644e-05 3.37063e-05 11.4853)
(3.05044e-05 3.05219e-05 11.4511)
(4.61354e-05 2.317e-05 11.366)
(1.02564e-05 5.04045e-05 11.3954)
(2.31517e-05 4.61506e-05 11.3659)
(3.62893e-05 3.63059e-05 11.292)
(1.29633e-05 1.29685e-05 11.5216)
(3.31967e-05 1.20994e-05 11.4852)
(4.96682e-05 1.01242e-05 11.3956)
(1.20936e-05 3.32107e-05 11.4851)
(3.00549e-05 3.00719e-05 11.451)
(4.54743e-05 2.28285e-05 11.3659)
(1.01188e-05 4.96777e-05 11.3954)
(2.28107e-05 4.54891e-05 11.3658)
(3.5746e-05 3.57622e-05 11.2919)
(1.27815e-05 1.27866e-05 11.5215)
(3.27131e-05 1.19322e-05 11.4851)
(4.89593e-05 9.98959e-06 11.3955)
(1.19266e-05 3.27267e-05 11.485)
(2.9616e-05 2.96326e-05 11.4509)
(4.48294e-05 2.24957e-05 11.3659)
(9.98435e-06 4.89685e-05 11.3953)
(2.24783e-05 4.48439e-05 11.3657)
(3.52166e-05 3.52325e-05 11.2919)
(1.26038e-05 1.26086e-05 11.5213)
(3.22407e-05 1.17687e-05 11.485)
(4.82671e-05 9.85798e-06 11.3954)
(1.17633e-05 3.22538e-05 11.4849)
(2.91874e-05 2.92035e-05 11.4508)
(4.42e-05 2.2171e-05 11.3658)
(9.85291e-06 4.82759e-05 11.3952)
(2.2154e-05 4.4214e-05 11.3657)
(3.47006e-05 3.47162e-05 11.2919)
(1.24299e-05 1.24345e-05 11.5212)
(3.17787e-05 1.16087e-05 11.4849)
(4.75907e-05 9.72923e-06 11.3953)
(1.16034e-05 3.17914e-05 11.4848)
(2.87684e-05 2.87842e-05 11.4507)
(4.35852e-05 2.18539e-05 11.3657)
(9.72432e-06 4.75993e-05 11.3951)
(2.18373e-05 4.3599e-05 11.3656)
(3.4197e-05 3.42124e-05 11.2918)
(1.2259e-05 1.22635e-05 11.5211)
(3.13254e-05 1.14516e-05 11.4848)
(4.69277e-05 9.60276e-06 11.3952)
(1.14465e-05 3.13377e-05 11.4847)
(2.83575e-05 2.83728e-05 11.4506)
(4.29828e-05 2.15428e-05 11.3657)
(9.59799e-06 4.69359e-05 11.395)
(2.15266e-05 4.29962e-05 11.3656)
(3.37036e-05 3.37186e-05 11.2918)
(1.20899e-05 1.20943e-05 11.521)
(3.08769e-05 1.12962e-05 11.4846)
(4.62718e-05 9.47741e-06 11.3952)
(1.12912e-05 3.08889e-05 11.4846)
(2.79507e-05 2.79658e-05 11.4505)
(4.23869e-05 2.12342e-05 11.3656)
(9.47279e-06 4.62798e-05 11.395)
(2.12182e-05 4.24003e-05 11.3655)
(3.32144e-05 3.32293e-05 11.2917)
(1.1918e-05 1.19221e-05 11.5208)
(3.04204e-05 1.11378e-05 11.4845)
(4.56057e-05 9.34897e-06 11.3951)
(1.11331e-05 3.04321e-05 11.4845)
(2.7536e-05 2.75507e-05 11.4504)
(4.17809e-05 2.09161e-05 11.3656)
(9.34448e-06 4.56132e-05 11.3949)
(2.09005e-05 4.17939e-05 11.3654)
(3.27121e-05 3.27266e-05 11.2917)
(1.17296e-05 1.17337e-05 11.5207)
(2.99183e-05 1.09646e-05 11.4844)
(4.4874e-05 9.20742e-06 11.395)
(1.09599e-05 2.99297e-05 11.4844)
(2.70793e-05 2.70938e-05 11.4503)
(4.11151e-05 2.05591e-05 11.3655)
(9.20304e-06 4.48816e-05 11.3948)
(2.05437e-05 4.11282e-05 11.3654)
(3.21504e-05 3.21649e-05 11.2917)
(1.14807e-05 1.14846e-05 11.5206)
(2.92489e-05 1.07319e-05 11.4843)
(4.39047e-05 9.00774e-06 11.3949)
(1.07273e-05 2.92602e-05 11.4843)
(2.64583e-05 2.64726e-05 11.4502)
(4.02185e-05 2.00349e-05 11.3654)
(9.00341e-06 4.39123e-05 11.3947)
(2.00197e-05 4.02315e-05 11.3653)
(3.13393e-05 3.13538e-05 11.2916)
(1.10088e-05 1.10127e-05 11.5205)
(2.7974e-05 1.0299e-05 11.4842)
(4.20724e-05 8.64519e-06 11.3949)
(1.02945e-05 2.79851e-05 11.4842)
(2.52944e-05 2.53084e-05 11.4501)
(3.85508e-05 1.90628e-05 11.3654)
(8.64097e-06 4.20799e-05 11.3947)
(1.90478e-05 3.85638e-05 11.3653)
(2.98483e-05 2.98628e-05 11.2916)
(9.95676e-06 9.96133e-06 11.5203)
(2.50373e-05 9.24153e-06 11.4841)
(3.7684e-05 7.59131e-06 11.3948)
(9.23635e-06 2.50506e-05 11.4841)
(2.23536e-05 2.23699e-05 11.45)
(3.41766e-05 1.6099e-05 11.3653)
(7.58644e-06 3.76955e-05 11.3946)
(1.60818e-05 3.41936e-05 11.3652)
(2.52316e-05 2.52499e-05 11.2916)
(5.60391e-06 5.60512e-06 11.5202)
(1.32683e-05 5.28923e-06 11.484)
(2.05461e-05 4.39465e-06 11.3947)
(5.28741e-06 1.3273e-05 11.484)
(1.17614e-05 1.17689e-05 11.45)
(1.87567e-05 7.51118e-06 11.3653)
(4.3929e-06 2.05482e-05 11.3945)
(7.50248e-06 1.87645e-05 11.3652)
(1.19721e-05 1.19833e-05 11.2915)
(-0.000697647 -0.00449769 10.0036)
(-0.00262313 -0.004306 10.0037)
(-0.00391528 -0.00525588 10.0041)
(-0.000875398 -0.0056856 10.004)
(-0.00316221 -0.00559537 10.0041)
(-0.00468027 -0.00645484 10.0046)
(-0.00107003 -0.00687198 10.0044)
(-0.00374815 -0.00677194 10.0046)
(-0.00557418 -0.00750246 10.0051)
(-0.0012779 -0.00801833 10.0049)
(-0.00436479 -0.00793338 10.0052)
(-0.00654098 -0.00858316 10.0058)
(-0.00152218 -0.00940586 10.0056)
(-0.005076 -0.00928467 10.0059)
(-0.00764286 -0.00981157 10.0066)
(-0.00167339 -0.0100208 10.0063)
(-0.00555208 -0.00997582 10.0067)
(-0.00846282 -0.01056 10.0075)
(-0.00221038 -0.0137337 10.0072)
(-0.00710779 -0.0134194 10.0077)
(-0.0108394 -0.0135463 10.0085)
(-0.00123187 -0.00532425 10.0073)
(-0.00434958 -0.00582834 10.0078)
(-0.0068673 -0.00751525 10.0087)
(-0.00655128 -0.0422337 10.007)
(-0.0194882 -0.0389506 10.0074)
(-0.0287146 -0.0343707 10.0078)
(0.00561057 0.0412509 9.93621)
(0.0146784 0.0350841 9.92683)
(0.0192281 0.0240409 9.90391)
(-0.00107788 -0.00675654 10.0142)
(-0.00376877 -0.0065879 10.0145)
(-0.00589104 -0.00741716 10.0152)
(-0.00129209 -0.00833148 10.0149)
(-0.0044324 -0.0081852 10.0153)
(-0.00682052 -0.00878817 10.0162)
(-0.00151347 -0.00981423 10.0158)
(-0.00511892 -0.0095898 10.0162)
(-0.00780231 -0.00997773 10.0172)
(-0.00172015 -0.0110453 10.0168)
(-0.00575796 -0.0108003 10.0173)
(-0.00874466 -0.0110532 10.0184)
(-0.00197766 -0.0126737 10.0179)
(-0.00652602 -0.0123225 10.0185)
(-0.00985058 -0.0123567 10.0197)
(-0.0020153 -0.0125036 10.019)
(-0.00670534 -0.0122334 10.0197)
(-0.0101581 -0.012378 10.0211)
(-0.00273978 -0.0178949 10.0205)
(-0.00886205 -0.0172084 10.0212)
(-0.0134055 -0.0166472 10.0228)
(-0.00115163 -0.00554723 10.0215)
(-0.00433947 -0.00594585 10.0224)
(-0.00677159 -0.00744862 10.0242)
(-0.00615938 -0.0369602 10.0164)
(-0.0184448 -0.0335308 10.0164)
(-0.0259796 -0.0290679 10.0155)
(0.00224055 0.0143168 9.84506)
(0.0047038 0.0104461 9.82104)
(0.00384419 0.00378619 9.76372)
(-0.00142377 -0.00870924 10.0289)
(-0.00474352 -0.00857966 10.0292)
(-0.00751718 -0.0093186 10.03)
(-0.00167808 -0.0106778 10.0297)
(-0.00553548 -0.0105162 10.0301)
(-0.00865508 -0.0109375 10.031)
(-0.00193647 -0.0125227 10.0306)
(-0.00635085 -0.0122334 10.0311)
(-0.00980453 -0.0123777 10.032)
(-0.00216258 -0.0139911 10.0316)
(-0.00707533 -0.0136481 10.0321)
(-0.0108473 -0.0136151 10.0332)
(-0.0024546 -0.0159997 10.0326)
(-0.0079804 -0.0155084 10.0331)
(-0.0121202 -0.0151973 10.0343)
(-0.00247387 -0.0157375 10.0336)
(-0.00814573 -0.0152989 10.0342)
(-0.0123514 -0.0150932 10.0356)
(-0.00326936 -0.0215863 10.0347)
(-0.0105787 -0.0206826 10.0354)
(-0.0159526 -0.0197039 10.0371)
(-0.00186153 -0.0114084 10.0362)
(-0.00666013 -0.0115843 10.037)
(-0.0105056 -0.0125851 10.0386)
(-0.00581285 -0.0327719 10.0214)
(-0.0175167 -0.0294587 10.0194)
(-0.02394 -0.0254972 10.0128)
(-4.5149e-05 -0.00270001 9.71663)
(-0.00203493 -0.00502342 9.67477)
(-0.00606755 -0.00864524 9.5774)
(-0.00168547 -0.0102214 10.0463)
(-0.00544339 -0.0101296 10.0467)
(-0.0087154 -0.0107332 10.0476)
(-0.00197029 -0.0125169 10.0472)
(-0.00632534 -0.012342 10.0476)
(-0.0100159 -0.0125437 10.0486)
(-0.00225495 -0.0146737 10.0482)
(-0.00723378 -0.0143282 10.0486)
(-0.0113008 -0.0142001 10.0496)
(-0.00249862 -0.0164057 10.0491)
(-0.00803384 -0.0159675 10.0496)
(-0.0124407 -0.0156113 10.0508)
(-0.00280912 -0.0186915 10.0501)
(-0.00903029 -0.0180743 10.0507)
(-0.0138262 -0.0173978 10.0519)
(-0.0028579 -0.0187809 10.0511)
(-0.00932057 -0.0181691 10.0518)
(-0.0141999 -0.0175444 10.0533)
(-0.00359496 -0.0240124 10.0521)
(-0.0116243 -0.0229048 10.0528)
(-0.0174666 -0.0215132 10.0546)
(-0.00261156 -0.0177073 10.0537)
(-0.00903388 -0.0175403 10.0544)
(-0.0142452 -0.0177302 10.0555)
(-0.00542836 -0.029633 10.024)
(-0.0164685 -0.0265287 10.0184)
(-0.0221829 -0.0230601 10.0026)
(-0.00156137 -0.0138174 9.5679)
(-0.0063741 -0.0147295 9.5074)
(-0.0118438 -0.0156487 9.37002)
(-0.00187915 -0.0113606 10.0661)
(-0.00592617 -0.0112969 10.0665)
(-0.00955631 -0.0117407 10.0674)
(-0.00218492 -0.0139122 10.067)
(-0.00686198 -0.0137188 10.0675)
(-0.0109688 -0.0136803 10.0684)
(-0.00248453 -0.016302 10.068)
(-0.00782326 -0.0159004 10.0684)
(-0.0123423 -0.0154863 10.0695)
(-0.00274085 -0.018276 10.0689)
(-0.00867702 -0.0177396 10.0694)
(-0.0135528 -0.0170382 10.0706)
(-0.00304956 -0.0206803 10.0699)
(-0.00969698 -0.0199392 10.0705)
(-0.0149552 -0.0188862 10.0718)
(-0.00314868 -0.0213442 10.071)
(-0.0101717 -0.0205585 10.0717)
(-0.0155746 -0.0194753 10.0732)
(-0.00374771 -0.0253994 10.0718)
(-0.0120971 -0.024127 10.0726)
(-0.0181398 -0.0223684 10.0744)
(-0.00323907 -0.0230578 10.0729)
(-0.0109503 -0.022465 10.0731)
(-0.0171224 -0.0216809 10.0733)
(-0.00503541 -0.027397 10.0209)
(-0.0154016 -0.0245946 10.01)
(-0.0207568 -0.0215697 9.98177)
(-0.00247597 -0.0203851 9.4054)
(-0.0088233 -0.0200326 9.32689)
(-0.0145253 -0.0187102 9.15251)
(-0.00201457 -0.0121829 10.0875)
(-0.00623839 -0.0121382 10.0879)
(-0.0101148 -0.0124221 10.0888)
(-0.0023346 -0.0149283 10.0884)
(-0.00720317 -0.0147127 10.0888)
(-0.0115999 -0.0144414 10.0897)
(-0.00264182 -0.0174807 10.0893)
(-0.0081885 -0.0170269 10.0898)
(-0.0130252 -0.0163415 10.0908)
(-0.00290916 -0.0196722 10.0903)
(-0.00908124 -0.0190434 10.0908)
(-0.0142893 -0.0180119 10.0919)
(-0.00320307 -0.0220743 10.0912)
(-0.0100765 -0.0212216 10.0918)
(-0.015644 -0.0198224 10.0931)
(-0.00336383 -0.0234099 10.0924)
(-0.0107618 -0.0224569 10.0931)
(-0.0165512 -0.020923 10.0947)
(-0.00379017 -0.0261471 10.0931)
(-0.0122077 -0.0247684 10.0939)
(-0.0183334 -0.0227348 10.0957)
(-0.00372104 -0.0271725 10.0926)
(-0.0123533 -0.0261151 10.0922)
(-0.0190804 -0.0243476 10.0905)
(-0.00468127 -0.0260243 10.0101)
(-0.01445 -0.0235413 9.99269)
(-0.0196992 -0.0208362 9.94949)
(-0.00293618 -0.0235357 9.23538)
(-0.00988671 -0.0221606 9.14047)
(-0.0151451 -0.0192084 8.93359)
(-0.00210246 -0.0127371 10.11)
(-0.00641584 -0.0127038 10.1103)
(-0.0104489 -0.0128404 10.1112)
(-0.00243127 -0.0156225 10.1108)
(-0.00739226 -0.0153824 10.1113)
(-0.0119779 -0.0149032 10.1122)
(-0.00274084 -0.0182772 10.1117)
(-0.0083812 -0.0177763 10.1122)
(-0.0134277 -0.0168534 10.1132)
(-0.00301803 -0.0206566 10.1127)
(-0.00930167 -0.0199448 10.1132)
(-0.0147323 -0.0186209 10.1143)
(-0.00328931 -0.0229755 10.1136)
(-0.0102411 -0.0220295 10.1142)
(-0.0160017 -0.0203368 10.1155)
(-0.00351395 -0.0249704 10.1149)
(-0.0111327 -0.0238591 10.1155)
(-0.0171808 -0.0219095 10.1171)
(-0.00376353 -0.026506 10.1155)
(-0.012097 -0.0250759 10.1162)
(-0.0182616 -0.0228554 10.1179)
(-0.0040564 -0.0300275 10.1121)
(-0.0132659 -0.0285188 10.1108)
(-0.0202187 -0.0258761 10.1065)
(-0.00437596 -0.0252859 9.99114)
(-0.0136325 -0.0230803 9.96625)
(-0.0189033 -0.0205482 9.90664)
(-0.00307046 -0.0242887 9.06323)
(-0.0100034 -0.0221846 8.95394)
(-0.014525 -0.0182196 8.71943)
(-0.00215199 -0.0130707 10.1331)
(-0.00649045 -0.013043 10.1335)
(-0.0106109 -0.0130513 10.1343)
(-0.00248566 -0.0160498 10.134)
(-0.00746646 -0.0157851 10.1344)
(-0.0121621 -0.0151296 10.1352)
(-0.00279392 -0.0187575 10.1348)
(-0.00844465 -0.0182157 10.1353)
(-0.0136166 -0.0170966 10.1362)
(-0.00307959 -0.0212901 10.1358)
(-0.00938313 -0.0205064 10.1362)
(-0.0149495 -0.0189377 10.1373)
(-0.00332473 -0.0234832 10.1367)
(-0.0102502 -0.0224637 10.1373)
(-0.0161196 -0.0205398 10.1386)
(-0.00360791 -0.0260463 10.138)
(-0.0113224 -0.0247902 10.1386)
(-0.0175171 -0.022479 10.1402)
(-0.00369751 -0.0266351 10.1384)
(-0.0118648 -0.0251965 10.139)
(-0.0180524 -0.0228512 10.1404)
(-0.00426183 -0.0317672 10.1308)
(-0.013764 -0.0298634 10.1281)
(-0.0207073 -0.0265116 10.1205)
(-0.00411664 -0.024933 9.96413)
(-0.0129308 -0.0229376 9.93122)
(-0.0182517 -0.0204437 9.85461)
(-0.00299001 -0.0235048 8.89289)
(-0.00953019 -0.0209558 8.77131)
(-0.0132471 -0.01649 8.51384)
(-0.00217215 -0.0132311 10.1566)
(-0.00648957 -0.013205 10.1569)
(-0.0106449 -0.013106 10.1577)
(-0.00250775 -0.0162659 10.1574)
(-0.00745702 -0.0159782 10.1578)
(-0.0122026 -0.0151796 10.1586)
(-0.00281238 -0.0189896 10.1582)
(-0.0084153 -0.018414 10.1587)
(-0.0136486 -0.0171403 10.1596)
(-0.00310495 -0.0216391 10.1591)
(-0.00936297 -0.0207949 10.1596)
(-0.0149986 -0.0190311 10.1607)
(-0.00332374 -0.0236969 10.1601)
(-0.0101539 -0.0226241 10.1607)
(-0.0160725 -0.0205256 10.162)
(-0.0036557 -0.0266943 10.1613)
(-0.0113677 -0.0253131 10.162)
(-0.0176163 -0.0226995 10.1635)
(-0.00361331 -0.0266363 10.1615)
(-0.0115765 -0.0252154 10.162)
(-0.0177788 -0.0227815 10.163)
(-0.00436192 -0.0326121 10.1481)
(-0.0139383 -0.0303902 10.1438)
(-0.0207184 -0.0265044 10.1319)
(-0.0038949 -0.024762 9.9297)
(-0.0123138 -0.0229073 9.88857)
(-0.0176526 -0.0203473 9.79496)
(-0.00278031 -0.0218375 8.72709)
(-0.00872469 -0.0190806 8.59519)
(-0.0116808 -0.014484 8.319)
(-0.00217002 -0.0132585 10.1801)
(-0.00643423 -0.0132306 10.1805)
(-0.0105859 -0.0130459 10.1812)
(-0.00250483 -0.0163187 10.1809)
(-0.00738824 -0.0160106 10.1813)
(-0.0121391 -0.0150985 10.1821)
(-0.00280493 -0.0190326 10.1817)
(-0.00832096 -0.0184322 10.1821)
(-0.013566 -0.0170361 10.183)
(-0.00310281 -0.0217624 10.1826)
(-0.00926938 -0.0208722 10.1831)
(-0.0149203 -0.0189511 10.1841)
(-0.00329841 -0.0236985 10.1836)
(-0.00998768 -0.0225927 10.1841)
(-0.0159105 -0.0203625 10.1854)
(-0.00366654 -0.0269827 10.1848)
(-0.0112972 -0.0254987 10.1854)
(-0.0175275 -0.0226444 10.1868)
(-0.00352372 -0.0265636 10.1846)
(-0.0112672 -0.0251718 10.1849)
(-0.0174739 -0.022668 10.1852)
(-0.00438112 -0.0327839 10.1636)
(-0.01387 -0.030324 10.1572)
(-0.020392 -0.0260594 10.1402)
(-0.00370033 -0.0246261 9.88876)
(-0.0117466 -0.0228525 9.83942)
(-0.0170396 -0.0201545 9.72923)
(-0.00250092 -0.0197383 8.56761)
(-0.00775453 -0.0169518 8.4272)
(-0.0100357 -0.0124605 8.13615)
(-0.00215114 -0.0131856 10.2036)
(-0.00633995 -0.0131546 10.2039)
(-0.0104591 -0.0128998 10.2046)
(-0.00248353 -0.0162466 10.2043)
(-0.00727584 -0.015922 10.2047)
(-0.0119977 -0.0149198 10.2054)
(-0.00277814 -0.018934 10.2051)
(-0.00817991 -0.0183161 10.2055)
(-0.0133995 -0.0168247 10.2064)
(-0.00307934 -0.0217089 10.206)
(-0.0091206 -0.0207853 10.2064)
(-0.014745 -0.0187387 10.2074)
(-0.00325583 -0.02355 10.2069)
(-0.00977475 -0.0224279 10.2075)
(-0.015669 -0.0200972 10.2087)
(-0.00364705 -0.0269801 10.208)
(-0.0111342 -0.0254175 10.2086)
(-0.0172911 -0.0223775 10.21)
(-0.00343428 -0.0264402 10.2073)
(-0.0109518 -0.0250795 10.2073)
(-0.0171498 -0.0225137 10.2069)
(-0.00433944 -0.0324724 10.1769)
(-0.0136237 -0.0298463 10.1681)
(-0.0198302 -0.0253246 10.1452)
(-0.00352191 -0.0244297 9.84227)
(-0.0111973 -0.0226903 9.7849)
(-0.0163682 -0.019809 9.65876)
(-0.00218883 -0.0174945 8.41556)
(-0.00671867 -0.0148005 8.26831)
(-0.00841636 -0.0105432 7.966)
(-0.00211967 -0.0130371 10.2268)
(-0.00621674 -0.0130029 10.2271)
(-0.0102812 -0.0126894 10.2277)
(-0.00244856 -0.0160788 10.2275)
(-0.00713055 -0.0157427 10.2278)
(-0.0117964 -0.014667 10.2285)
(-0.00273728 -0.0187294 10.2282)
(-0.00800366 -0.0181008 10.2286)
(-0.0131688 -0.0165347 10.2294)
(-0.00303935 -0.0215167 10.2291)
(-0.00892809 -0.0205696 10.2295)
(-0.0144934 -0.0184251 10.2305)
(-0.00320097 -0.023295 10.23)
(-0.00952868 -0.0221678 10.2306)
(-0.01537 -0.0197606 10.2317)
(-0.00360251 -0.0267492 10.231)
(-0.0108964 -0.0251301 10.2316)
(-0.016938 -0.0219493 10.2328)
(-0.00334637 -0.0262735 10.2294)
(-0.0106336 -0.0249407 10.2291)
(-0.0168061 -0.0223144 10.2278)
(-0.00425229 -0.0318256 10.1879)
(-0.0132468 -0.0290912 10.1762)
(-0.0190993 -0.024396 10.1464)
(-0.00334965 -0.0241163 9.79115)
(-0.0106381 -0.0223769 9.72602)
(-0.0156055 -0.0192808 9.58468)
(-0.00186502 -0.0152738 8.2716)
(-0.0056675 -0.0127485 8.11905)
(-0.00686105 -0.00877535 7.80908)
(-0.00208 -0.0128307 10.2496)
(-0.0060701 -0.0127953 10.2499)
(-0.0100608 -0.0124304 10.2505)
(-0.00240389 -0.0158366 10.2503)
(-0.00695808 -0.0154928 10.2506)
(-0.0115459 -0.0143582 10.2513)
(-0.00268623 -0.0184445 10.251)
(-0.00779878 -0.0178107 10.2514)
(-0.0128867 -0.016188 10.2522)
(-0.00298656 -0.0212147 10.2518)
(-0.0086993 -0.0202523 10.2523)
(-0.0141796 -0.0180339 10.2532)
(-0.00313727 -0.0229621 10.2528)
(-0.00925675 -0.0218373 10.2533)
(-0.0150256 -0.019371 10.2544)
(-0.0035375 -0.0263418 10.2536)
(-0.0105967 -0.0246857 10.2541)
(-0.0164904 -0.0213984 10.2552)
(-0.00325963 -0.0260621 10.2509)
(-0.0103098 -0.0247535 10.2502)
(-0.0164383 -0.0220665 10.2477)
(-0.00413136 -0.0309495 10.1962)
(-0.0127718 -0.0281506 10.1813)
(-0.0182388 -0.0233309 10.1435)
(-0.00317564 -0.0236544 9.73624)
(-0.0100466 -0.021892 9.66368)
(-0.0147252 -0.0185536 9.50795)
(-0.00154062 -0.0131613 8.13611)
(-0.00462161 -0.0108485 7.97979)
(-0.0053725 -0.0071582 7.66594)
(-0.00203382 -0.0125793 10.272)
(-0.00590716 -0.0125426 10.2723)
(-0.00980955 -0.0121318 10.2729)
(-0.00235125 -0.0155355 10.2726)
(-0.0067646 -0.0151872 10.273)
(-0.0112576 -0.0140045 10.2736)
(-0.00262707 -0.0180979 10.2733)
(-0.00757302 -0.0174628 10.2737)
(-0.0125644 -0.0157935 10.2745)
(-0.0029232 -0.0208251 10.2741)
(-0.00844001 -0.0198543 10.2746)
(-0.0138122 -0.0175754 10.2755)
(-0.00306661 -0.0225701 10.2751)
(-0.00896397 -0.0214528 10.2756)
(-0.0146449 -0.0189411 10.2766)
(-0.00345558 -0.0257989 10.2758)
(-0.0102462 -0.024122 10.2762)
(-0.0159652 -0.0207521 10.277)
(-0.00317267 -0.0258027 10.2716)
(-0.00997666 -0.0245156 10.2704)
(-0.016043 -0.0217687 10.2664)
(-0.00398484 -0.0299161 10.2016)
(-0.012221 -0.0270824 10.1831)
(-0.0172714 -0.0221605 10.1359)
(-0.00299345 -0.0230282 9.67828)
(-0.00940549 -0.0212268 9.59861)
(-0.0137072 -0.0176161 9.42935)
(-0.00121989 -0.0111913 8.00933)
(-0.00358626 -0.00911186 7.85081)
(-0.00394203 -0.0056757 7.53722)
(-0.00198243 -0.0122932 10.2938)
(-0.00573148 -0.0122557 10.2941)
(-0.00953503 -0.0118052 10.2947)
(-0.00229228 -0.0151883 10.2945)
(-0.00655588 -0.0148374 10.2948)
(-0.0109413 -0.0136164 10.2954)
(-0.0025615 -0.0177038 10.2952)
(-0.00733153 -0.0170704 10.2955)
(-0.0122127 -0.0153653 10.2963)
(-0.00285118 -0.0203654 10.2959)
(-0.00815824 -0.0193915 10.2964)
(-0.0134052 -0.017066 10.2972)
(-0.0029905 -0.0221309 10.2968)
(-0.00865656 -0.0210251 10.2973)
(-0.0142372 -0.0184784 10.2983)
(-0.00336019 -0.0251519 10.2973)
(-0.00985717 -0.0234664 10.2977)
(-0.0153809 -0.020033 10.2983)
(-0.00308457 -0.0254931 10.2915)
(-0.00963429 -0.0242257 10.2896)
(-0.015623 -0.0214231 10.2839)
(-0.00381888 -0.0287712 10.2039)
(-0.0116121 -0.0259196 10.1812)
(-0.0162158 -0.020903 10.1231)
(-0.00279858 -0.0222307 9.61787)
(-0.00870581 -0.0203755 9.53147)
(-0.0125424 -0.0164612 9.34961)
(-0.000904316 -0.00936844 7.89147)
(-0.00256585 -0.00752689 7.73241)
(-0.00257135 -0.00431354 7.42369)
(-0.00192718 -0.0119819 10.3152)
(-0.00554884 -0.0119439 10.3154)
(-0.00924654 -0.0114599 10.316)
(-0.00222914 -0.0148059 10.3157)
(-0.00633845 -0.0144547 10.3161)
(-0.0106071 -0.0132054 10.3167)
(-0.00249162 -0.0172738 10.3164)
(-0.0070818 -0.016644 10.3168)
(-0.0118438 -0.0149154 10.3175)
(-0.00277292 -0.0198502 10.3172)
(-0.00786296 -0.0188772 10.3176)
(-0.0129731 -0.0165208 10.3184)
(-0.00291092 -0.0216542 10.318)
(-0.00834304 -0.0205628 10.3185)
(-0.0138167 -0.0179956 10.3194)
(-0.00325519 -0.0244257 10.3183)
(-0.00944405 -0.0227404 10.3185)
(-0.0147608 -0.019266 10.3189)
(-0.00299574 -0.0251339 10.3103)
(-0.00928935 -0.0238847 10.3077)
(-0.0151895 -0.0210369 10.2998)
(-0.0036388 -0.0275427 10.2029)
(-0.0109623 -0.0246803 10.1753)
(-0.0150952 -0.0195773 10.1043)
(-0.00258917 -0.0212591 9.55558)
(-0.00794928 -0.0193339 9.46282)
(-0.0112377 -0.0150909 9.26946)
(-0.000595921 -0.00768298 7.78275)
(-0.00157488 -0.00607329 7.62496)
(-0.00128656 -0.00307214 7.32602)
(-0.00187042 -0.0116544 10.3359)
(-0.00536543 -0.0116153 10.3361)
(-0.00895363 -0.0111066 10.3367)
(-0.00216358 -0.0143993 10.3364)
(-0.00612001 -0.0140488 10.3367)
(-0.0102685 -0.0127861 10.3373)
(-0.00241987 -0.01682 10.3371)
(-0.00683416 -0.0161956 10.3374)
(-0.0114738 -0.0144604 10.3381)
(-0.00269138 -0.0192947 10.3378)
(-0.00756664 -0.018326 10.3382)
(-0.0125351 -0.0159585 10.339)
(-0.0028308 -0.0211504 10.3386)
(-0.00803644 -0.020076 10.3391)
(-0.0134028 -0.0175087 10.3399)
(-0.00314519 -0.023642 10.3385)
(-0.0090251 -0.0219631 10.3387)
(-0.0141354 -0.018481 10.3387)
(-0.00290856 -0.0247304 10.3281)
(-0.00895626 -0.0234972 10.3245)
(-0.0147603 -0.0206189 10.3138)
(-0.00345007 -0.0262489 10.1983)
(-0.0102909 -0.0233771 10.165)
(-0.0139418 -0.0182094 10.0789)
(-0.00236642 -0.0201148 9.49189)
(-0.00714968 -0.0181003 9.3932)
(-0.00982183 -0.0135233 9.18973)
(-0.000299809 -0.00612275 7.6834)
(-0.000644443 -0.0047328 7.52883)
(-0.000142964 -0.00197232 7.24459)
(-0.00181414 -0.0113211 10.356)
(-0.00518868 -0.0112797 10.3562)
(-0.00866835 -0.0107589 10.3567)
(-0.00209785 -0.0139814 10.3565)
(-0.00591045 -0.0136331 10.3568)
(-0.00994041 -0.012374 10.3573)
(-0.00234958 -0.0163559 10.3571)
(-0.00660008 -0.0157404 10.3575)
(-0.0111203 -0.0140204 10.3581)
(-0.00261049 -0.0187152 10.3578)
(-0.00728387 -0.0177524 10.3582)
(-0.0121147 -0.0154046 10.3589)
(-0.00275369 -0.0206325 10.3586)
(-0.00775269 -0.0195758 10.359)
(-0.0130181 -0.017035 10.3597)
(-0.00303549 -0.0228228 10.3581)
(-0.00862134 -0.0211565 10.3581)
(-0.0135406 -0.0177152 10.3577)
(-0.00282713 -0.0242924 10.3446)
(-0.00865536 -0.0230704 10.34)
(-0.0143562 -0.0201763 10.3257)
(-0.00325845 -0.0249048 10.1897)
(-0.00961895 -0.0220237 10.1498)
(-0.0127962 -0.016835 10.0463)
(-0.0021345 -0.0188038 9.42728)
(-0.00633157 -0.0166795 9.32317)
(-0.00834847 -0.0118023 9.1114)
(-2.50358e-05 -0.00468114 7.59372)
(0.000178162 -0.00349671 7.44434)
(0.000783477 -0.00105044 7.17912)
(-0.00176022 -0.0109937 10.3755)
(-0.00502717 -0.0109507 10.3757)
(-0.00840403 -0.0104316 10.3762)
(-0.00203595 -0.0135655 10.376)
(-0.00572019 -0.0132194 10.3763)
(-0.00963724 -0.0119856 10.3768)
(-0.00228291 -0.0158959 10.3766)
(-0.00639107 -0.0152878 10.3769)
(-0.0107991 -0.0136045 10.3775)
(-0.00253344 -0.0181298 10.3772)
(-0.00702785 -0.0171775 10.3776)
(-0.0117314 -0.0148802 10.3783)
(-0.00268344 -0.0201161 10.3779)
(-0.00750761 -0.0190778 10.3783)
(-0.0126844 -0.0165947 10.3788)
(-0.00293097 -0.0219913 10.377)
(-0.00825181 -0.020346 10.3769)
(-0.0130121 -0.0170097 10.3759)
(-0.00275626 -0.0238333 10.3599)
(-0.00840746 -0.0226145 10.3539)
(-0.0139932 -0.019712 10.335)
(-0.00306919 -0.0235267 10.1769)
(-0.00896596 -0.02064 10.1294)
(-0.0116993 -0.0154931 10.0062)
(-0.00189957 -0.0173395 9.36224)
(-0.00552501 -0.015089 9.25336)
(-0.00689143 -0.0100007 9.03558)
(0.000216008 -0.00336244 7.51394)
(0.000839225 -0.00237282 7.37166)
(0.00142301 -0.00034222 7.12848)
(-0.00171081 -0.0106829 10.3944)
(-0.0048859 -0.0106369 10.3946)
(-0.0081693 -0.0101355 10.395)
(-0.00197867 -0.013166 10.3949)
(-0.00555639 -0.012823 10.3951)
(-0.00937155 -0.0116344 10.3956)
(-0.00222315 -0.0154558 10.3954)
(-0.00621589 -0.0148578 10.3957)
(-0.0105242 -0.0132347 10.3963)
(-0.00246356 -0.0175581 10.3961)
(-0.00681066 -0.0166198 10.3964)
(-0.0114058 -0.0144117 10.397)
(-0.00262371 -0.0196181 10.3966)
(-0.00731433 -0.0185969 10.3969)
(-0.012415 -0.0161966 10.3974)
(-0.00283598 -0.0211736 10.3953)
(-0.00793206 -0.0195611 10.3949)
(-0.0125781 -0.0164013 10.3932)
(-0.0027008 -0.023368 10.3739)
(-0.00822882 -0.0221395 10.3661)
(-0.0136762 -0.0192199 10.3412)
(-0.0028868 -0.0221345 10.1594)
(-0.00834719 -0.0192521 10.1034)
(-0.0106809 -0.0142147 9.95886)
(-0.00166902 -0.0157451 9.29732)
(-0.00475972 -0.0133645 9.18449)
(-0.00553158 -0.00821309 8.96342)
(0.000409293 -0.00218333 7.44423)
(0.00129312 -0.00138575 7.31064)
(0.00174198 0.000136891 7.09074)
(-0.00166702 -0.0103985 10.4128)
(-0.0047681 -0.0103501 10.413)
(-0.00797003 -0.00987892 10.4134)
(-0.00192835 -0.0127955 10.4132)
(-0.00542293 -0.0124582 10.4135)
(-0.00914959 -0.0113323 10.4139)
(-0.00217233 -0.0150497 10.4138)
(-0.00607906 -0.0144633 10.4141)
(-0.0103008 -0.0129172 10.4145)
(-0.00240321 -0.0170187 10.4143)
(-0.0066371 -0.0161006 10.4147)
(-0.0111441 -0.0140121 10.4152)
(-0.00257732 -0.0191544 10.4148)
(-0.00717809 -0.01815 10.4151)
(-0.0122099 -0.0158431 10.4153)
(-0.00275405 -0.0203966 10.4129)
(-0.00766861 -0.0188357 10.4123)
(-0.0122499 -0.015917 10.4098)
(-0.00266472 -0.0229109 10.3864)
(-0.0081231 -0.0216546 10.3764)
(-0.0133931 -0.0186896 10.3437)
(-0.00271438 -0.0207512 10.1371)
(-0.00776906 -0.0178927 10.0716)
(-0.00974975 -0.0130162 9.90515)
(-0.00145071 -0.0140549 9.23312)
(-0.00405798 -0.0115647 9.11737)
(-0.00433655 -0.00654222 8.89593)
(0.00054191 -0.00117029 7.38453)
(0.00152071 -0.000570342 7.26073)
(0.00176349 0.000399718 7.06337)
(-0.00162979 -0.0101471 10.4307)
(-0.00467502 -0.0100967 10.4309)
(-0.0078077 -0.00966262 10.4313)
(-0.00188587 -0.0124636 10.4311)
(-0.00531898 -0.0121347 10.4314)
(-0.00897127 -0.0110821 10.4318)
(-0.00213117 -0.014688 10.4316)
(-0.00597981 -0.0141141 10.4319)
(-0.0101282 -0.0126551 10.4323)
(-0.0023531 -0.0165277 10.4321)
(-0.0065062 -0.0156366 10.4325)
(-0.010946 -0.0136891 10.4329)
(-0.00254498 -0.0187373 10.4325)
(-0.00709673 -0.0177472 10.4327)
(-0.0120619 -0.0155302 10.4327)
(-0.00268592 -0.0196857 10.4299)
(-0.00746043 -0.0181979 10.429)
(-0.0120269 -0.0155706 10.4254)
(-0.00264833 -0.0224704 10.3972)
(-0.00808167 -0.0211595 10.3845)
(-0.0131268 -0.0181127 10.3418)
(-0.00255134 -0.0193997 10.1098)
(-0.00723025 -0.0165843 10.034)
(-0.00890535 -0.0119021 9.84646)
(-0.00124887 -0.0123163 9.17031)
(-0.00343518 -0.0097587 9.05283)
(-0.00335899 -0.00507822 8.83378)
(0.000609368 -0.000353714 7.33452)
(0.00153157 4.61482e-05 7.2209)
(0.00155245 0.000490851 7.04368)
(-0.00159969 -0.00993211 10.4482)
(-0.00460405 -0.00988104 10.4484)
(-0.00767832 -0.0094852 10.4488)
(-0.00185153 -0.0121761 10.4486)
(-0.00524063 -0.0118593 10.4488)
(-0.00883064 -0.010881 10.4492)
(-0.00210018 -0.0143769 10.4491)
(-0.0059122 -0.0138172 10.4494)
(-0.00999614 -0.0124427 10.4497)
(-0.00231361 -0.0160969 10.4496)
(-0.00641099 -0.0152411 10.4498)
(-0.0108013 -0.0134429 10.4502)
(-0.00252665 -0.0183736 10.4497)
(-0.00705997 -0.017394 10.4499)
(-0.0119532 -0.0152503 10.4497)
(-0.00263148 -0.0190628 10.4464)
(-0.00730066 -0.0176744 10.4451)
(-0.0118906 -0.0153564 10.4401)
(-0.00265098 -0.0220477 10.4063)
(-0.00808531 -0.020658 10.39)
(-0.012846 -0.0174796 10.3351)
(-0.00239797 -0.0180989 10.0775)
(-0.00672452 -0.015353 9.99123)
(-0.0081254 -0.0108616 9.78456)
(-0.00106989 -0.0105833 9.10958)
(-0.00289852 -0.0080341 8.99164)
(-0.00260953 -0.00388112 8.7773)
(0.000609824 0.000246596 7.29354)
(0.00136746 0.000448327 7.18979)
(0.00121049 0.000464766 7.0292)
(-0.00157624 -0.00975397 10.4654)
(-0.00455022 -0.00970352 10.4656)
(-0.00757604 -0.00934507 10.4659)
(-0.00182439 -0.0119353 10.4658)
(-0.0051832 -0.0116323 10.466)
(-0.00872195 -0.0107253 10.4664)
(-0.00207774 -0.014118 10.4662)
(-0.0058685 -0.0135722 10.4665)
(-0.00989417 -0.01227 10.4668)
(-0.00228305 -0.0157337 10.4666)
(-0.00634317 -0.0149203 10.4669)
(-0.0106983 -0.013266 10.4672)
(-0.00251976 -0.0180646 10.4666)
(-0.00705381 -0.0170878 10.4667)
(-0.0118671 -0.0149941 10.4663)
(-0.00258799 -0.0185448 10.4624)
(-0.00717949 -0.0172769 10.4607)
(-0.011819 -0.0152547 10.4538)
(-0.00266726 -0.0216388 10.4134)
(-0.00810686 -0.0201426 10.3926)
(-0.0125272 -0.0167894 10.323)
(-0.00225041 -0.016864 10.0404)
(-0.00624123 -0.0142035 9.94387)
(-0.00739505 -0.00988417 9.72139)
(-0.00091378 -0.00891886 9.05157)
(-0.00244838 -0.0064657 8.93441)
(-0.00207999 -0.00297345 8.72638)
(0.000555439 0.000624922 7.26061)
(0.00108797 0.000650046 7.1658)
(0.000829325 0.000379339 7.01791)
(-0.00155799 -0.00961022 10.4823)
(-0.00451 -0.00956065 10.4825)
(-0.007496 -0.00923441 10.4828)
(-0.00180297 -0.0117399 10.4827)
(-0.00514072 -0.0114514 10.4829)
(-0.00863776 -0.010607 10.4832)
(-0.00206157 -0.0139083 10.4831)
(-0.00584095 -0.013374 10.4833)
(-0.00981325 -0.0121281 10.4837)
(-0.00225914 -0.0154401 10.4835)
(-0.00629485 -0.0146741 10.4837)
(-0.010625 -0.0131455 10.4839)
(-0.00252088 -0.017805 10.4833)
(-0.007064 -0.0168225 10.4833)
(-0.0117887 -0.0147537 10.4825)
(-0.00255272 -0.01814 10.4779)
(-0.00708817 -0.017006 10.4756)
(-0.0117873 -0.0152351 10.4663)
(-0.00269031 -0.021232 10.4181)
(-0.00811849 -0.0196038 10.3919)
(-0.0121537 -0.0160485 10.3053)
(-0.00210542 -0.0157001 9.99908)
(-0.00577217 -0.013131 9.89299)
(-0.00670502 -0.00896312 9.65879)
(-0.000780409 -0.00738164 8.99686)
(-0.00208278 -0.00511323 8.88155)
(-0.00174097 -0.00234256 8.68065)
(0.000462546 0.000797842 7.23455)
(0.000755396 0.000687807 7.14728)
(0.00048 0.000280427 7.00835)
(-0.00154357 -0.00949613 10.4991)
(-0.00447934 -0.0094475 10.4992)
(-0.00743249 -0.00914583 10.4995)
(-0.00178605 -0.0115856 10.4994)
(-0.00510802 -0.011312 10.4996)
(-0.0085704 -0.0105168 10.4999)
(-0.00204984 -0.0137406 10.4998)
(-0.00582164 -0.0132142 10.5)
(-0.00974439 -0.0120087 10.5003)
(-0.00223986 -0.0152128 10.5001)
(-0.00625894 -0.0144953 10.5003)
(-0.0105713 -0.0130687 10.5004)
(-0.00252626 -0.0175846 10.4997)
(-0.00707708 -0.0165871 10.4996)
(-0.0117093 -0.014528 10.4985)
(-0.00252295 -0.0178481 10.493)
(-0.00702061 -0.0168491 10.49)
(-0.0117743 -0.0152617 10.4775)
(-0.00271237 -0.0208118 10.4203)
(-0.00809645 -0.0190334 10.3876)
(-0.0117181 -0.0152677 10.2822)
(-0.00196053 -0.0146037 9.95422)
(-0.00531355 -0.0121239 9.83982)
(-0.00605537 -0.00809813 9.5983)
(-0.000669005 -0.00602076 8.94584)
(-0.00179759 -0.00401209 8.83319)
(-0.00155234 -0.00194914 8.63957)
(0.000349662 0.00080187 7.21405)
(0.000423103 0.000612708 7.13272)
(0.000202819 0.000197454 6.99955)
(-0.00153208 -0.00940574 10.5156)
(-0.00445424 -0.00935767 10.5158)
(-0.00737993 -0.00907406 10.5161)
(-0.00177227 -0.0114661 10.516)
(-0.00508125 -0.0112062 10.5162)
(-0.00851462 -0.0104476 10.5164)
(-0.00204069 -0.0136059 10.5163)
(-0.00580482 -0.0130836 10.5165)
(-0.00968162 -0.0119052 10.5168)
(-0.00222369 -0.0150449 10.5165)
(-0.00623104 -0.0143733 10.5167)
(-0.0105293 -0.0130213 10.5167)
(-0.00253253 -0.0173908 10.5159)
(-0.00708301 -0.0163719 10.5157)
(-0.0116251 -0.0143192 10.5141)
(-0.00249733 -0.0176602 10.5077)
(-0.00697339 -0.0167846 10.5037)
(-0.0117618 -0.0152984 10.4869)
(-0.0027262 -0.0203621 10.4194)
(-0.00802324 -0.0184254 10.3792)
(-0.0112219 -0.014461 10.2539)
(-0.00181509 -0.013566 9.90672)
(-0.00486653 -0.0111683 9.78568)
(-0.00545373 -0.0072954 9.54106)
(-0.000578728 -0.00487041 8.89874)
(-0.00158612 -0.00317008 8.78924)
(-0.00147152 -0.00173984 8.60252)
(0.000233759 0.000686286 7.19785)
(0.000128824 0.000479255 7.12086)
(9.50983e-06 0.000143415 6.99096)
(-0.00152252 -0.00933311 10.5321)
(-0.00443199 -0.00928506 10.5322)
(-0.00733455 -0.00901407 10.5325)
(-0.00176069 -0.0113746 10.5324)
(-0.00505778 -0.0111259 10.5326)
(-0.00846645 -0.0103925 10.5328)
(-0.00203238 -0.0134947 10.5327)
(-0.00578649 -0.0129726 10.5329)
(-0.00962178 -0.011813 10.5331)
(-0.00220952 -0.0149274 10.5329)
(-0.00620877 -0.0142956 10.533)
(-0.0104939 -0.0129902 10.5329)
(-0.00253665 -0.0172119 10.5319)
(-0.0070749 -0.0161687 10.5316)
(-0.0115363 -0.0141322 10.5295)
(-0.00247524 -0.0175615 10.5219)
(-0.00694477 -0.0167849 10.5166)
(-0.0117355 -0.0153115 10.4943)
(-0.00272544 -0.0198696 10.4153)
(-0.00788853 -0.0177772 10.3665)
(-0.0106735 -0.0136426 10.221)
(-0.00166968 -0.0125765 9.85758)
(-0.00443619 -0.0102543 9.7318)
(-0.0049111 -0.00656406 9.48775)
(-0.000508093 -0.00394609 8.8556)
(-0.00143902 -0.00257175 8.74944)
(-0.00145921 -0.00165829 8.5689)
(0.00012816 0.000504024 7.18477)
(-0.000106534 0.000334265 7.11072)
(-0.000108262 0.000118644 6.98229)
(-0.0015141 -0.00927286 10.5484)
(-0.00441082 -0.0092239 10.5486)
(-0.0072938 -0.00896208 10.5488)
(-0.00175038 -0.0113047 10.5487)
(-0.00503635 -0.0110647 10.5489)
(-0.00842361 -0.0103464 10.5491)
(-0.00202409 -0.0133986 10.549)
(-0.00576457 -0.012875 10.5492)
(-0.00956312 -0.0117301 10.5493)
(-0.00219704 -0.01485 10.5491)
(-0.00619113 -0.0142487 10.5492)
(-0.0104612 -0.0129634 10.549)
(-0.00253658 -0.0170383 10.5478)
(-0.00704927 -0.0159739 10.5473)
(-0.0114451 -0.0139728 10.5445)
(-0.00245723 -0.0175325 10.5354)
(-0.00693362 -0.0168205 10.5285)
(-0.0116845 -0.0152741 10.4993)
(-0.00270586 -0.0193256 10.4077)
(-0.00768937 -0.0170913 10.3497)
(-0.0100849 -0.012825 10.1844)
(-0.00152676 -0.0116265 9.80787)
(-0.00403042 -0.00937841 9.67929)
(-0.00443697 -0.00591321 9.43869)
(-0.000455783 -0.00324506 8.81629)
(-0.00134487 -0.00218445 8.71339)
(-0.00148215 -0.00165354 8.53819)
(4.03928e-05 0.000303194 7.17386)
(-0.000277077 0.000210188 7.10159)
(-0.00016833 0.000115533 6.97343)
(-0.00150643 -0.00922089 10.5647)
(-0.00438991 -0.00917063 10.5648)
(-0.00725605 -0.00891556 10.5651)
(-0.00174129 -0.0112505 10.565)
(-0.00501618 -0.0110158 10.5651)
(-0.00838404 -0.0103048 10.5653)
(-0.00201489 -0.0133109 10.5652)
(-0.00573802 -0.012785 10.5654)
(-0.00950562 -0.0116554 10.5655)
(-0.00218622 -0.0148027 10.5652)
(-0.00617809 -0.0142211 10.5653)
(-0.0104285 -0.0129316 10.5649)
(-0.002531 -0.0168641 10.5636)
(-0.00700545 -0.0157876 10.5628)
(-0.0113545 -0.0138457 10.5591)
(-0.00244418 -0.0175514 10.5483)
(-0.00693793 -0.0168632 10.5393)
(-0.0116005 -0.0151672 10.5015)
(-0.00266509 -0.0187269 10.3964)
(-0.00742876 -0.0163735 10.3286)
(-0.00946999 -0.0120185 10.145)
(-0.00138957 -0.0107119 9.75856)
(-0.00365746 -0.00854422 9.629)
(-0.00403666 -0.00534909 9.39385)
(-0.000419859 -0.00274898 8.78054)
(-0.00129101 -0.0019661 8.68066)
(-0.00151502 -0.00168468 8.50997)
(-2.67436e-05 0.000120777 7.16436)
(-0.000387321 0.000123778 7.09303)
(-0.000190857 0.000123282 6.96436)
(-0.00149926 -0.00917455 10.5808)
(-0.00436903 -0.00912279 10.581)
(-0.00722055 -0.00887311 10.5812)
(-0.0017333 -0.0112077 10.5811)
(-0.00499721 -0.0109749 10.5813)
(-0.0083467 -0.0102649 10.5815)
(-0.00200466 -0.0132273 10.5813)
(-0.00570706 -0.0127006 10.5815)
(-0.00944952 -0.0115891 10.5815)
(-0.0021777 -0.0147761 10.5812)
(-0.00616971 -0.0142026 10.5813)
(-0.0103937 -0.0128883 10.5807)
(-0.00251955 -0.0166882 10.5792)
(-0.00694494 -0.0156133 10.5782)
(-0.0112662 -0.0137528 10.5733)
(-0.0024371 -0.017596 10.5604)
(-0.00695394 -0.0168885 10.5488)
(-0.0114768 -0.0149804 10.5007)
(-0.00260285 -0.0180757 10.3814)
(-0.00711398 -0.0156314 10.3038)
(-0.00884311 -0.0112316 10.1039)
(-0.00126164 -0.00983384 9.71051)
(-0.00332386 -0.00776012 9.58153)
(-0.00370981 -0.00487377 9.35301)
(-0.000397829 -0.00242838 8.74802)
(-0.00126444 -0.00187173 8.65082)
(-0.00154049 -0.00172264 8.48388)
(-7.40419e-05 -2.02901e-05 7.15574)
(-0.000447432 7.83475e-05 7.08475)
(-0.000193267 0.000131297 6.95511)
(-0.00149256 -0.00913262 10.5969)
(-0.00434852 -0.00907939 10.5971)
(-0.00718726 -0.0088343 10.5973)
(-0.00172654 -0.0111731 10.5972)
(-0.00497972 -0.0109389 10.5973)
(-0.00831112 -0.0102249 10.5975)
(-0.00199338 -0.0131464 10.5974)
(-0.00567249 -0.0126213 10.5975)
(-0.00939571 -0.0115317 10.5975)
(-0.00217165 -0.0147625 10.5972)
(-0.00616556 -0.0141848 10.5972)
(-0.0103559 -0.01283 10.5964)
(-0.00250217 -0.0165128 10.5946)
(-0.00687096 -0.0154559 10.5933)
(-0.0111818 -0.0136925 10.5869)
(-0.00243617 -0.0176455 10.5714)
(-0.00697606 -0.0168764 10.5566)
(-0.0113097 -0.0147112 10.4966)
(-0.0025202 -0.0173784 10.3627)
(-0.00675567 -0.0148739 10.2755)
(-0.00821843 -0.0104708 10.062)
(-0.00114592 -0.00899839 9.66441)
(-0.00303389 -0.00703741 9.53723)
(-0.00345075 -0.0044836 9.31579)
(-0.000386549 -0.00224762 8.71836)
(-0.00125344 -0.00185915 8.62345)
(-0.00154863 -0.00174891 8.45966)
(-0.000104237 -0.000110711 7.14763)
(-0.000469849 6.76863e-05 7.07658)
(-0.00018841 0.000131797 6.94572)
(-0.00148646 -0.00909532 10.613)
(-0.0043291 -0.00904061 10.6131)
(-0.00715673 -0.0087995 10.6133)
(-0.00172114 -0.011145 10.6132)
(-0.0049641 -0.0109059 10.6133)
(-0.00827739 -0.0101844 10.6135)
(-0.00198128 -0.0130687 10.6133)
(-0.00563569 -0.0125481 10.6135)
(-0.00934531 -0.0114839 10.6134)
(-0.00216818 -0.0147552 10.6131)
(-0.00616487 -0.0141619 10.613)
(-0.0103149 -0.0127567 10.6119)
(-0.00247937 -0.0163431 10.6099)
(-0.0067881 -0.0153212 10.6082)
(-0.0111011 -0.0136591 10.5998)
(-0.00244084 -0.0176811 10.5813)
(-0.00699688 -0.0168126 10.5625)
(-0.0110971 -0.0143644 10.4891)
(-0.00241945 -0.0166439 10.3407)
(-0.00636595 -0.0141089 10.2444)
(-0.00760961 -0.0097424 10.0203)
(-0.00104437 -0.00821469 9.62075)
(-0.0027885 -0.00638643 9.49623)
(-0.00325011 -0.00417088 9.28179)
(-0.000382545 -0.00216962 8.6912)
(-0.00124825 -0.00189186 8.59821)
(-0.00153582 -0.00175423 8.43708)
(-0.000120835 -0.000152231 7.1398)
(-0.000466723 8.03504e-05 7.06846)
(-0.00018414 0.000120677 6.93626)
(-0.00148128 -0.00906404 10.6289)
(-0.00431192 -0.00900769 10.6291)
(-0.00712997 -0.00876964 10.6292)
(-0.00171732 -0.0111226 10.6292)
(-0.00495092 -0.0108754 10.6293)
(-0.00824603 -0.010144 10.6294)
(-0.00196885 -0.0129962 10.6292)
(-0.00559864 -0.0124833 10.6293)
(-0.00929939 -0.0114458 10.6292)
(-0.00216745 -0.0147492 10.6288)
(-0.00616665 -0.0141302 10.6287)
(-0.0102705 -0.0126708 10.6273)
(-0.00245215 -0.016186 10.625)
(-0.00670159 -0.015213 10.6227)
(-0.0110237 -0.0136446 10.6119)
(-0.00244966 -0.0176873 10.5898)
(-0.00700814 -0.0166884 10.5663)
(-0.0108392 -0.0139495 10.478)
(-0.00230378 -0.0158829 10.3156)
(-0.00595782 -0.0133437 10.2112)
(-0.00702905 -0.00905195 9.97947)
(-0.000957878 -0.00749301 9.57982)
(-0.0025858 -0.00581503 9.45848)
(-0.00309623 -0.00392433 9.25058)
(-0.000382478 -0.00215959 8.6662)
(-0.00124163 -0.00194105 8.57481)
(-0.00150298 -0.00173602 8.41597)
(-0.000127334 -0.000154101 7.13212)
(-0.000448445 0.000103776 7.06035)
(-0.000184278 9.71987e-05 6.92678)
(-0.00147751 -0.00904119 10.6448)
(-0.0042984 -0.00898262 10.6449)
(-0.0071084 -0.00874609 10.6451)
(-0.00171533 -0.0111064 10.645)
(-0.00494079 -0.010848 10.6451)
(-0.00821798 -0.0101053 10.6452)
(-0.00195671 -0.0129323 10.6451)
(-0.00556364 -0.0124297 10.6451)
(-0.00925897 -0.0114167 10.6449)
(-0.00216938 -0.0147408 10.6445)
(-0.00616929 -0.0140887 10.6442)
(-0.0102237 -0.0125778 10.6425)
(-0.00242204 -0.0160486 10.6398)
(-0.00661709 -0.0151336 10.6369)
(-0.010948 -0.0136387 10.623)
(-0.00246056 -0.0176522 10.5967)
(-0.00700157 -0.0165003 10.5677)
(-0.0105382 -0.0134796 10.4636)
(-0.00217717 -0.0151058 10.2879)
(-0.00554415 -0.0125854 10.1765)
(-0.00648712 -0.00840473 9.94008)
(-0.000886448 -0.00684255 9.54175)
(-0.00242174 -0.0053275 9.42379)
(-0.00297641 -0.00373077 9.22178)
(-0.000383805 -0.00218734 8.64306)
(-0.00122901 -0.00198645 8.55302)
(-0.00145338 -0.00169633 8.39618)
(-0.000127196 -0.000129135 7.12453)
(-0.000423034 0.000126718 7.05224)
(-0.000189294 6.28988e-05 6.91733)
(-0.00147567 -0.00903 10.6607)
(-0.00429021 -0.00896773 10.6608)
(-0.007094 -0.00873078 10.6609)
(-0.00171527 -0.0110976 10.6608)
(-0.0049346 -0.0108252 10.6609)
(-0.008195 -0.0100706 10.6609)
(-0.00194562 -0.0128813 10.6608)
(-0.00553307 -0.0123896 10.6608)
(-0.00922546 -0.0113965 10.6605)
(-0.00217329 -0.0147283 10.6601)
(-0.00617102 -0.0140374 10.6597)
(-0.0101765 -0.0124851 10.6575)
(-0.0023905 -0.0159369 10.6544)
(-0.00654017 -0.0150829 10.6507)
(-0.0108727 -0.0136301 10.6329)
(-0.00247062 -0.0175674 10.6018)
(-0.00696987 -0.0162497 10.5665)
(-0.0101983 -0.0129688 10.446)
(-0.00204365 -0.0143229 10.2581)
(-0.00513709 -0.0118401 10.141)
(-0.00599251 -0.00780557 9.90253)
(-0.000828947 -0.00627006 9.50652)
(-0.00229073 -0.00492315 9.39192)
(-0.00287954 -0.00357699 9.19505)
(-0.000384359 -0.00222891 8.62154)
(-0.00120833 -0.00201496 8.53264)
(-0.00139245 -0.00163968 8.37759)
(-0.000122938 -9.09001e-05 7.11699)
(-0.000396366 0.00014106 7.04415)
(-0.000198459 2.13296e-05 6.90795)
(-0.00147651 -0.00903424 10.6765)
(-0.00428937 -0.008966 10.6765)
(-0.00708906 -0.00872594 10.6766)
(-0.00171748 -0.0110986 10.6765)
(-0.00493345 -0.0108092 10.6766)
(-0.00817918 -0.0100436 10.6766)
(-0.00193649 -0.0128474 10.6765)
(-0.00550974 -0.0123657 10.6765)
(-0.00920063 -0.011385 10.676)
(-0.00217882 -0.0147114 10.6755)
(-0.0061709 -0.0139794 10.675)
(-0.0101313 -0.0124008 10.6722)
(-0.00235971 -0.0158558 10.6687)
(-0.00647608 -0.0150588 10.6639)
(-0.0107956 -0.013608 10.6414)
(-0.00247711 -0.0174285 10.6048)
(-0.00690759 -0.0159415 10.5626)
(-0.00982538 -0.0124317 10.4256)
(-0.00190769 -0.0135438 10.2268)
(-0.00474758 -0.0111146 10.1054)
(-0.0055508 -0.00725831 9.86702)
(-0.000783955 -0.0057788 9.474)
(-0.00218661 -0.00459738 9.36258)
(-0.00279588 -0.00345087 9.17012)
(-0.000383153 -0.00226677 8.60142)
(-0.00117948 -0.0020201 8.51351)
(-0.00132555 -0.00157193 8.36007)
(-0.000116926 -5.14169e-05 7.10948)
(-0.000372213 0.000142075 7.03607)
(-0.000209737 -2.35068e-05 6.89871)
(-0.00148084 -0.00905827 10.6923)
(-0.00429804 -0.00898076 10.6922)
(-0.00709623 -0.00873417 10.6922)
(-0.00172233 -0.0111126 10.6922)
(-0.00493862 -0.0108035 10.6922)
(-0.00817309 -0.0100283 10.6921)
(-0.00193029 -0.0128349 10.692)
(-0.00549625 -0.0123599 10.692)
(-0.00918628 -0.0113823 10.6914)
(-0.0021854 -0.0146914 10.6909)
(-0.00616835 -0.0139194 10.6902)
(-0.0100909 -0.0123331 10.6867)
(-0.00233174 -0.0158086 10.6826)
(-0.00642895 -0.0150571 10.6766)
(-0.010715 -0.0135634 10.6482)
(-0.00247713 -0.0172349 10.6055)
(-0.00681146 -0.0155835 10.5559)
(-0.00942701 -0.0118819 10.4028)
(-0.0017734 -0.0127781 10.1946)
(-0.0043846 -0.0104152 10.0702)
(-0.00516527 -0.00676592 9.83364)
(-0.000749332 -0.00536863 9.444)
(-0.00210311 -0.00434187 9.33545)
(-0.00271854 -0.00334226 9.14673)
(-0.000379503 -0.00228969 8.58253)
(-0.00114365 -0.00200049 8.49551)
(-0.0012579 -0.00149877 8.34352)
(-0.000110535 -1.9791e-05 7.10201)
(-0.000352601 0.000128267 7.02802)
(-0.000221407 -6.76246e-05 6.88963)
(-0.00148968 -0.00910666 10.708)
(-0.00431865 -0.00901581 10.7079)
(-0.0071185 -0.00875859 10.7078)
(-0.00173051 -0.0111435 10.7078)
(-0.00495198 -0.0108125 10.7078)
(-0.00817968 -0.0100293 10.7076)
(-0.00192836 -0.0128482 10.7075)
(-0.00549546 -0.0123744 10.7074)
(-0.00918433 -0.0113891 10.7066)
(-0.00219286 -0.0146721 10.7061)
(-0.00616372 -0.0138638 10.7052)
(-0.0100578 -0.0122893 10.7009)
(-0.00230885 -0.0157964 10.696)
(-0.00640169 -0.0150727 10.6885)
(-0.010629 -0.01349 10.6531)
(-0.0024685 -0.0169891 10.6039)
(-0.00668084 -0.0151851 10.5464)
(-0.0090116 -0.0113315 10.3782)
(-0.00164475 -0.0120341 10.1619)
(-0.0040552 -0.00974912 10.0359)
(-0.00483628 -0.0063301 9.80234)
(-0.000723162 -0.00503578 9.41627)
(-0.00203471 -0.00414613 9.31026)
(-0.00264291 -0.0032437 9.12471)
(-0.00037359 -0.00229189 8.56475)
(-0.00110285 -0.00195815 8.47852)
(-0.00119371 -0.00142556 8.32783)
(-0.000104959 -1.71598e-06 7.09456)
(-0.000338345 0.000100785 7.02002)
(-0.000231911 -0.000107951 6.88074)
(-0.00150408 -0.00918442 10.7238)
(-0.00435377 -0.0090752 10.7236)
(-0.00715921 -0.00880284 10.7234)
(-0.00174276 -0.0111963 10.7234)
(-0.00497567 -0.0108411 10.7233)
(-0.00820234 -0.0100517 10.723)
(-0.00193199 -0.0128916 10.7229)
(-0.00551006 -0.0124115 10.7228)
(-0.00919705 -0.0114071 10.7218)
(-0.00220115 -0.0146587 10.7212)
(-0.00615837 -0.0138205 10.72)
(-0.0100347 -0.0122756 10.7146)
(-0.00229313 -0.0158187 10.709)
(-0.00639582 -0.0151003 10.6995)
(-0.010536 -0.0133847 10.656)
(-0.00244975 -0.0166964 10.5998)
(-0.00651764 -0.0147571 10.5342)
(-0.00858845 -0.0107916 10.3521)
(-0.00152523 -0.0113203 10.1293)
(-0.00376418 -0.00912337 10.0027)
(-0.00456183 -0.00595115 9.77302)
(-0.000703626 -0.00477356 9.39056)
(-0.00197692 -0.00399872 9.28673)
(-0.00256673 -0.00315037 9.1039)
(-0.000366038 -0.0022719 8.54794)
(-0.00105952 -0.00189759 8.46245)
(-0.00113605 -0.00135668 8.3129)
(-0.000101042 3.12248e-07 7.08715)
(-0.000329391 6.25381e-05 7.01208)
(-0.000240189 -0.000142429 6.87207)
(-0.00152511 -0.00929686 10.7396)
(-0.00440597 -0.00916341 10.7392)
(-0.00722191 -0.008871 10.7389)
(-0.00175993 -0.0112768 10.7389)
(-0.00501215 -0.0108954 10.7388)
(-0.00824472 -0.0101004 10.7383)
(-0.00194243 -0.0129695 10.7383)
(-0.00554241 -0.0124739 10.738)
(-0.00922689 -0.0114392 10.7367)
(-0.00221046 -0.0146583 10.7361)
(-0.00615455 -0.0137982 10.7347)
(-0.0100243 -0.0122964 10.728)
(-0.00228631 -0.0158739 10.7213)
(-0.0064112 -0.0151345 10.7095)
(-0.010435 -0.0132478 10.6567)
(-0.00242017 -0.0163645 10.5932)
(-0.00632601 -0.01431 10.5194)
(-0.0081673 -0.0102715 10.3252)
(-0.00141757 -0.0106451 10.0971)
(-0.00351393 -0.00854475 9.97096)
(-0.00433806 -0.00562801 9.7455)
(-0.000688894 -0.00457337 9.36661)
(-0.00192624 -0.00388845 9.26464)
(-0.00248972 -0.0030598 9.08415)
(-0.000357494 -0.00223137 8.53201)
(-0.00101608 -0.00182486 8.44719)
(-0.00108685 -0.00129532 8.29865)
(-9.91018e-05 -1.35828e-05 7.07977)
(-0.000324952 1.72787e-05 7.00422)
(-0.000245732 -0.000170026 6.86361)
(-0.00155375 -0.00944953 10.7554)
(-0.00447795 -0.00928496 10.7549)
(-0.00731069 -0.00896775 10.7543)
(-0.00178289 -0.0113919 10.7545)
(-0.00506428 -0.010981 10.7542)
(-0.00831128 -0.0101814 10.7536)
(-0.00196051 -0.013086 10.7535)
(-0.00559531 -0.0125643 10.7532)
(-0.00927737 -0.0114895 10.7516)
(-0.00222074 -0.0146792 10.7508)
(-0.00615611 -0.0138052 10.7491)
(-0.0100307 -0.0123546 10.7407)
(-0.00228922 -0.0159593 10.733)
(-0.00644669 -0.0151706 10.7183)
(-0.010327 -0.0130829 10.655)
(-0.00237937 -0.0160028 10.5841)
(-0.00611309 -0.0138543 10.5024)
(-0.00775922 -0.00977851 10.2977)
(-0.00132353 -0.0100162 10.0658)
(-0.00330595 -0.00802058 9.94073)
(-0.00416004 -0.00535677 9.71959)
(-0.000677418 -0.0044256 9.34419)
(-0.0018812 -0.0038054 9.24379)
(-0.00241345 -0.0029706 9.06534)
(-0.000348624 -0.00217443 8.51686)
(-0.000975403 -0.00174634 8.43266)
(-0.00104743 -0.00124278 8.28499)
(-9.91147e-05 -4.13703e-05 7.07241)
(-0.000324604 -3.09056e-05 6.99643)
(-0.000249082 -0.000190074 6.85536)
(-0.00159104 -0.00964805 10.7714)
(-0.00457223 -0.00944493 10.7707)
(-0.00742948 -0.0090982 10.7698)
(-0.0018127 -0.0115488 10.77)
(-0.00513522 -0.011105 10.7696)
(-0.00840613 -0.0102994 10.7687)
(-0.00198738 -0.0132457 10.7687)
(-0.00567039 -0.012686 10.7682)
(-0.0093517 -0.0115641 10.7663)
(-0.00223285 -0.0147311 10.7654)
(-0.0061673 -0.0138505 10.7632)
(-0.0100564 -0.0124511 10.7529)
(-0.00230266 -0.0160716 10.7437)
(-0.00649952 -0.0152057 10.7258)
(-0.0102122 -0.0128965 10.6508)
(-0.00232842 -0.0156215 10.5725)
(-0.00588658 -0.0133995 10.4833)
(-0.00737381 -0.00931982 10.2702)
(-0.00124438 -0.009441 10.0355)
(-0.00313906 -0.00755625 9.91204)
(-0.00402205 -0.0051343 9.6951)
(-0.00066824 -0.00432051 9.32307)
(-0.00184069 -0.003741 9.224)
(-0.00234012 -0.00288395 9.04737)
(-0.00034021 -0.00210649 8.50241)
(-0.000939441 -0.00166799 8.41876)
(-0.00101802 -0.00120016 8.27184)
(-0.000101001 -7.97661e-05 7.06509)
(-0.000327342 -7.84485e-05 6.98873)
(-0.000250589 -0.000203167 6.8473)
(-0.00163802 -0.00989794 10.7875)
(-0.00469125 -0.00964847 10.7865)
(-0.00758226 -0.00926794 10.7853)
(-0.00185051 -0.0117552 10.7856)
(-0.00522845 -0.0112742 10.7849)
(-0.00853387 -0.0104596 10.7839)
(-0.00202405 -0.0134527 10.7838)
(-0.00576921 -0.012843 10.7832)
(-0.00945377 -0.0116702 10.7808)
(-0.00224798 -0.0148239 10.7798)
(-0.00619334 -0.0139421 10.7771)
(-0.0101044 -0.0125856 10.7643)
(-0.00232668 -0.0162081 10.7535)
(-0.00656635 -0.0152386 10.7317)
(-0.0100919 -0.0126966 10.6443)
(-0.00226912 -0.0152312 10.5587)
(-0.00565553 -0.0129548 10.4625)
(-0.00702017 -0.00890151 10.2429)
(-0.00118058 -0.00892608 10.0063)
(-0.00301107 -0.00715572 9.88487)
(-0.00391858 -0.00495652 9.67183)
(-0.000660763 -0.00424906 9.30306)
(-0.00180483 -0.00368885 9.20512)
(-0.00227256 -0.00280165 9.03013)
(-0.00033292 -0.00203357 8.48857)
(-0.000909975 -0.00159508 8.4054)
(-0.000998384 -0.00116747 8.25912)
(-0.000104523 -0.000125001 7.05779)
(-0.000332469 -0.00012246 6.98111)
(-0.000251015 -0.000210195 6.83941)
(-0.00169588 -0.0102046 10.8039)
(-0.00483708 -0.00990148 10.8025)
(-0.00777204 -0.00948248 10.8009)
(-0.00189763 -0.0120187 10.8012)
(-0.0053474 -0.0114952 10.8004)
(-0.00869863 -0.0106669 10.7989)
(-0.00207148 -0.0137113 10.7989)
(-0.00589304 -0.0130398 10.798)
(-0.00958732 -0.0118165 10.7951)
(-0.00226763 -0.0149676 10.794)
(-0.00623986 -0.0140869 10.7906)
(-0.0101775 -0.012757 10.7748)
(-0.00236102 -0.0163663 10.7622)
(-0.00664347 -0.0152696 10.7359)
(-0.00996857 -0.012493 10.6353)
(-0.00220385 -0.014843 10.5427)
(-0.00542911 -0.012528 10.4402)
(-0.00670641 -0.00852904 10.216)
(-0.00113187 -0.00847684 9.97844)
(-0.00291901 -0.00682144 9.8591)
(-0.0038447 -0.00481922 9.64959)
(-0.000654728 -0.00420344 9.28397)
(-0.00177441 -0.00364474 9.18701)
(-0.00221369 -0.00272605 9.0135)
(-0.00032728 -0.00196161 8.47524)
(-0.000888381 -0.00153179 8.39251)
(-0.00098807 -0.00114422 8.24676)
(-0.000109342 -0.000173374 7.05051)
(-0.000339484 -0.000160915 6.97357)
(-0.000251278 -0.000212303 6.83165)
(-0.00176531 -0.0105731 10.8206)
(-0.00501224 -0.0102114 10.8187)
(-0.00800106 -0.00974557 10.8166)
(-0.00195487 -0.012347 10.817)
(-0.00549627 -0.0117753 10.8158)
(-0.00890465 -0.0109249 10.814)
(-0.00212992 -0.0140262 10.814)
(-0.00604334 -0.0132821 10.8128)
(-0.00975667 -0.0120109 10.8093)
(-0.00229324 -0.0151719 10.808)
(-0.0063127 -0.0142908 10.8038)
(-0.0102787 -0.0129626 10.7843)
(-0.00240433 -0.0165439 10.7696)
(-0.00672734 -0.0153014 10.7382)
(-0.00984535 -0.012295 10.624)
(-0.00213549 -0.0144668 10.5248)
(-0.00521668 -0.012127 10.4169)
(-0.00643908 -0.00820675 10.1897)
(-0.0010975 -0.00809744 9.9518)
(-0.00285947 -0.00655406 9.8346)
(-0.00379621 -0.00471824 9.62821)
(-0.000650192 -0.00417734 9.26567)
(-0.00175071 -0.00360638 9.16957)
(-0.00216632 -0.00265978 8.99739)
(-0.000323727 -0.001896 8.46236)
(-0.000875679 -0.00148111 8.37999)
(-0.00098651 -0.0011296 8.23468)
(-0.000115139 -0.000221654 7.04324)
(-0.000348151 -0.000192633 6.96608)
(-0.000252322 -0.000210728 6.82399)
(-0.00184656 -0.0110078 10.8376)
(-0.00521878 -0.0105826 10.8351)
(-0.00827418 -0.0100629 10.8324)
(-0.00202322 -0.0127472 10.8329)
(-0.00567917 -0.0121209 10.8313)
(-0.00915603 -0.0112363 10.8291)
(-0.00219954 -0.0144019 10.829)
(-0.00622173 -0.0135757 10.8275)
(-0.00996609 -0.0122611 10.8232)
(-0.00232669 -0.0154454 10.8216)
(-0.00641781 -0.0145582 10.8165)
(-0.01041 -0.0131993 10.7926)
(-0.00245521 -0.0167399 10.7755)
(-0.00681501 -0.0153376 10.7385)
(-0.00972619 -0.0121117 10.6106)
(-0.00206726 -0.0141121 10.5053)
(-0.00502691 -0.011759 10.3929)
(-0.00622282 -0.00793785 10.1641)
(-0.00107642 -0.00779054 9.92636)
(-0.00282892 -0.00635244 9.81121)
(-0.00376973 -0.00464984 9.60753)
(-0.000647458 -0.00416613 9.24801)
(-0.00173512 -0.00357287 9.15267)
(-0.00213296 -0.00260559 8.98169)
(-0.00032261 -0.00184124 8.44982)
(-0.000872497 -0.00144484 8.36776)
(-0.000993119 -0.00112279 8.2228)
(-0.000121645 -0.000267302 7.03598)
(-0.000358441 -0.000217218 6.95863)
(-0.000255005 -0.000206706 6.81637)
(-0.00193978 -0.0115117 10.8551)
(-0.0054581 -0.0110168 10.8519)
(-0.00859677 -0.010441 10.8485)
(-0.00210387 -0.0132251 10.8491)
(-0.00589856 -0.0125364 10.847)
(-0.00945735 -0.0116054 10.8443)
(-0.00228079 -0.0148422 10.844)
(-0.00642933 -0.0139269 10.8421)
(-0.0102187 -0.0125746 10.8369)
(-0.00237027 -0.0157951 10.835)
(-0.00656006 -0.0148912 10.8287)
(-0.010573 -0.0134646 10.7995)
(-0.0025121 -0.0169535 10.7799)
(-0.00690402 -0.015382 10.7367)
(-0.0096158 -0.011952 10.5952)
(-0.00200258 -0.0137873 10.4843)
(-0.00486719 -0.0114299 10.3683)
(-0.00606075 -0.00772521 10.1391)
(-0.00106737 -0.00755681 9.90201)
(-0.00282411 -0.00621374 9.78877)
(-0.00376307 -0.00461096 9.58741)
(-0.000647103 -0.0041667 9.23087)
(-0.00172921 -0.00354481 9.13621)
(-0.00211544 -0.00256575 8.96629)
(-0.000324297 -0.00180088 8.43756)
(-0.000879192 -0.00142359 8.35573)
(-0.00100737 -0.00112296 8.21105)
(-0.000128767 -0.000308555 7.02869)
(-0.000370615 -0.000234876 6.95119)
(-0.000260052 -0.000201367 6.80876)
(-0.00204483 -0.0120864 10.8731)
(-0.00573098 -0.0115166 10.869)
(-0.00897239 -0.0108845 10.8649)
(-0.00219758 -0.0137851 10.8655)
(-0.00615621 -0.0130247 10.8628)
(-0.00981218 -0.0120356 10.8595)
(-0.0023736 -0.0153512 10.8591)
(-0.00666672 -0.014341 10.8567)
(-0.0105175 -0.0129576 10.8503)
(-0.00242573 -0.0162261 10.8481)
(-0.00674298 -0.0152898 10.8403)
(-0.0107687 -0.0137562 10.8048)
(-0.00257291 -0.0171845 10.7824)
(-0.00699272 -0.015439 10.7327)
(-0.00951939 -0.0118233 10.578)
(-0.00194441 -0.0134998 10.4622)
(-0.00474328 -0.0111453 10.3435)
(-0.00595424 -0.00757046 10.1147)
(-0.00106871 -0.00739523 9.87863)
(-0.00284197 -0.00613372 9.76709)
(-0.00377496 -0.00459897 9.5677)
(-0.000649456 -0.00417729 9.21414)
(-0.0017343 -0.00352377 9.1201)
(-0.00211504 -0.00254194 8.95108)
(-0.000328806 -0.00177717 8.42548)
(-0.000895735 -0.00141725 8.34384)
(-0.00102892 -0.0011294 8.19935)
(-0.000136232 -0.000344437 7.02136)
(-0.000384902 -0.000246364 6.94371)
(-0.000268104 -0.000195626 6.8011)
(-0.00216121 -0.012732 10.8918)
(-0.00603767 -0.0120831 10.8867)
(-0.00940326 -0.0113964 10.8816)
(-0.00230471 -0.0144296 10.8822)
(-0.00645357 -0.0135873 10.8789)
(-0.0102235 -0.0125295 10.8748)
(-0.00247754 -0.0159317 10.8742)
(-0.00693458 -0.0148217 10.8712)
(-0.0108651 -0.0134148 10.8634)
(-0.00249432 -0.0167412 10.8607)
(-0.00696918 -0.0157517 10.8512)
(-0.0109977 -0.014071 10.8085)
(-0.00263551 -0.0174329 10.7831)
(-0.00708089 -0.0155134 10.7265)
(-0.00944226 -0.0117304 10.5593)
(-0.00189536 -0.0132554 10.4391)
(-0.00465945 -0.0109097 10.3186)
(-0.00590279 -0.00747332 10.0909)
(-0.00107877 -0.00730301 9.85608)
(-0.00287997 -0.00610715 9.74602)
(-0.00380469 -0.00461134 9.54828)
(-0.000654785 -0.00419718 9.19773)
(-0.00175147 -0.00351178 9.10424)
(-0.00213243 -0.00253512 8.93597)
(-0.000336045 -0.00177122 8.41352)
(-0.000921892 -0.001425 8.33201)
(-0.00105752 -0.0011414 8.18762)
(-0.000143821 -0.000374683 7.01395)
(-0.000401647 -0.000252708 6.93617)
(-0.000279672 -0.000190145 6.79334)
(-0.00228812 -0.0134461 10.9112)
(-0.00637717 -0.0127166 10.905)
(-0.00988924 -0.011977 10.8988)
(-0.0024253 -0.0151584 10.8994)
(-0.0067906 -0.0142243 10.8952)
(-0.0106916 -0.0130869 10.8903)
(-0.00259199 -0.0165855 10.8894)
(-0.00723272 -0.0153736 10.8856)
(-0.0112625 -0.0139484 10.8761)
(-0.00257745 -0.0173394 10.873)
(-0.00723908 -0.0162732 10.8613)
(-0.0112589 -0.0144075 10.8102)
(-0.00269821 -0.017698 10.7818)
(-0.00716867 -0.0156079 10.718)
(-0.0093892 -0.011677 10.5392)
(-0.00185771 -0.0130586 10.4154)
(-0.00461773 -0.0107267 10.2937)
(-0.00590386 -0.00743251 10.0674)
(-0.00109616 -0.00727548 9.8342)
(-0.00293564 -0.00612775 9.7254)
(-0.00385164 -0.00464627 9.52903)
(-0.000663433 -0.00422644 9.18154)
(-0.00178115 -0.00351068 9.08854)
(-0.00216734 -0.00254588 8.92084)
(-0.000345952 -0.00178312 8.40159)
(-0.000956951 -0.00144538 8.32017)
(-0.0010927 -0.00115868 8.17578)
(-0.000151497 -0.000399523 7.00644)
(-0.000421017 -0.000255158 6.92852)
(-0.000294798 -0.000185613 6.78542)
(-0.00242436 -0.014224 10.9315)
(-0.00674739 -0.0134152 10.9239)
(-0.0104282 -0.0126243 10.9165)
(-0.0025589 -0.0159682 10.9171)
(-0.00716608 -0.014934 10.9119)
(-0.0112155 -0.013707 10.906)
(-0.00271621 -0.0173124 10.9047)
(-0.00756117 -0.0159988 10.9001)
(-0.0117082 -0.0145545 10.8884)
(-0.00267615 -0.0180165 10.8847)
(-0.00755029 -0.0168483 10.8704)
(-0.0115484 -0.0147623 10.8099)
(-0.00275956 -0.0179787 10.7783)
(-0.00725651 -0.0157236 10.7073)
(-0.00936449 -0.0116659 10.518)
(-0.0018331 -0.0129122 10.3912)
(-0.00461785 -0.010598 10.2689)
(-0.00595316 -0.00744554 10.0443)
(-0.00111954 -0.00730634 9.81284)
(-0.00300649 -0.00618854 9.70509)
(-0.0039152 -0.00470243 9.50984)
(-0.000675551 -0.00426536 9.16549)
(-0.00182306 -0.0035221 9.0729)
(-0.00221873 -0.00257433 8.90561)
(-0.000358341 -0.00181193 8.38963)
(-0.000999759 -0.00147665 8.30824)
(-0.00113382 -0.00118123 8.16376)
(-0.00015923 -0.000419586 6.9988)
(-0.000442884 -0.000255042 6.92071)
(-0.000313182 -0.000182713 6.7773)
(-0.00256823 -0.0150576 10.9528)
(-0.00714479 -0.0141741 10.9437)
(-0.0110159 -0.0133333 10.9348)
(-0.00270444 -0.0168522 10.9354)
(-0.00757713 -0.0157116 10.929)
(-0.0117921 -0.0143865 10.9219)
(-0.00284919 -0.0181099 10.9202)
(-0.00791919 -0.0166966 10.9145)
(-0.0122001 -0.0152276 10.9002)
(-0.00279047 -0.0187649 10.8958)
(-0.00789887 -0.017469 10.8785)
(-0.0118611 -0.0151309 10.8075)
(-0.00281856 -0.0182725 10.7726)
(-0.00734546 -0.0158603 10.6945)
(-0.00937051 -0.0116968 10.4958)
(-0.00182247 -0.0128171 10.3667)
(-0.00465751 -0.0105237 10.2443)
(-0.00604484 -0.00750819 10.0213)
(-0.00114774 -0.00738786 9.79186)
(-0.00309005 -0.00628228 9.68497)
(-0.00399416 -0.00477817 9.4906)
(-0.000691169 -0.00431426 9.14949)
(-0.00187628 -0.00354715 9.05724)
(-0.00228463 -0.00261984 8.89019)
(-0.000372993 -0.00185589 8.37757)
(-0.00104883 -0.00151694 8.29618)
(-0.00117988 -0.0012091 8.1515)
(-0.000167086 -0.000435735 6.99098)
(-0.000466882 -0.000253689 6.91271)
(-0.000334101 -0.000182053 6.76893)
(-0.0027174 -0.0159354 10.9752)
(-0.00756432 -0.0149851 10.9644)
(-0.0116458 -0.014096 10.9538)
(-0.00286011 -0.0177997 10.9543)
(-0.00801911 -0.0165492 10.9466)
(-0.0124161 -0.0151203 10.9381)
(-0.0029895 -0.0189721 10.9359)
(-0.00830536 -0.0174627 10.9289)
(-0.0127341 -0.0159576 10.9115)
(-0.00291961 -0.019573 10.9062)
(-0.00827845 -0.0181236 10.8853)
(-0.0121917 -0.0155084 10.8028)
(-0.00287399 -0.0185758 10.7648)
(-0.00743697 -0.016015 10.6797)
(-0.00940931 -0.0117668 10.4728)
(-0.00182564 -0.0127722 10.342)
(-0.00473327 -0.0105026 10.2199)
(-0.00617195 -0.00761331 9.99844)
(-0.00117953 -0.00751126 9.77113)
(-0.00318412 -0.00640191 9.66492)
(-0.00408685 -0.00487065 9.47123)
(-0.000709945 -0.00437321 9.13348)
(-0.00193956 -0.00358629 9.04149)
(-0.00236263 -0.0026806 8.87449)
(-0.000389438 -0.00191268 8.36537)
(-0.00110266 -0.00156434 8.28392)
(-0.00122983 -0.00124192 8.13892)
(-0.000174967 -0.000448974 6.98295)
(-0.000492651 -0.00025223 6.90449)
(-0.000356933 -0.000183844 6.76025)
(-0.00286883 -0.0168426 10.9989)
(-0.00799881 -0.0158362 10.9861)
(-0.0123082 -0.0149003 10.9736)
(-0.00302304 -0.0187959 10.974)
(-0.00848475 -0.0174353 10.9648)
(-0.0130796 -0.0158996 10.9546)
(-0.00313487 -0.0198906 10.9518)
(-0.00871673 -0.0182902 10.9433)
(-0.0133037 -0.0167299 10.922)
(-0.0030616 -0.0204252 10.9158)
(-0.00867994 -0.0187997 10.8907)
(-0.0125318 -0.015888 10.7959)
(-0.00292494 -0.0188824 10.7548)
(-0.00753138 -0.0161832 10.663)
(-0.00947993 -0.0118712 10.4492)
(-0.00184164 -0.012774 10.3172)
(-0.00483902 -0.0105308 10.1957)
(-0.00632607 -0.00775342 9.97548)
(-0.00121361 -0.00766655 9.75054)
(-0.00328543 -0.00653978 9.64486)
(-0.00419083 -0.00497761 9.45165)
(-0.000731232 -0.00444158 9.1174)
(-0.0020104 -0.00363905 9.02559)
(-0.00244944 -0.00275469 8.85846)
(-0.000407004 -0.00197937 8.35297)
(-0.00115897 -0.00161703 8.27142)
(-0.0012821 -0.00127961 8.12599)
(-0.000182654 -0.000460261 6.9747)
(-0.000519092 -0.000251776 6.896)
(-0.000380489 -0.000188513 6.75123)
(-0.0030189 -0.0177604 11.0238)
(-0.00843919 -0.0167116 11.0089)
(-0.0129908 -0.0157308 10.9943)
(-0.00318953 -0.0198222 10.9946)
(-0.0089646 -0.0183553 10.9836)
(-0.0137716 -0.0167129 10.9715)
(-0.00328298 -0.0208528 10.9679)
(-0.00914837 -0.0191664 10.9576)
(-0.0138993 -0.0175257 10.9317)
(-0.00321291 -0.0213023 10.9245)
(-0.00909168 -0.0194815 10.8945)
(-0.0128724 -0.0162611 10.7867)
(-0.00297047 -0.019184 10.7427)
(-0.0076282 -0.0163583 10.6446)
(-0.00957936 -0.0120035 10.4251)
(-0.00186855 -0.0128169 10.2924)
(-0.00496714 -0.0106021 10.1715)
(-0.00649812 -0.00791984 9.95238)
(-0.00124853 -0.00784314 9.73)
(-0.00339022 -0.0066885 9.62473)
(-0.00430274 -0.005096 9.43179)
(-0.000754037 -0.00451803 9.10118)
(-0.00208558 -0.00370428 9.00946)
(-0.00254115 -0.0028396 8.84206)
(-0.000424792 -0.00205277 8.34035)
(-0.00121507 -0.00167332 8.25864)
(-0.00133474 -0.001322 8.11265)
(-0.000189756 -0.000470465 6.96618)
(-0.00054473 -0.000253327 6.88722)
(-0.000403383 -0.000196415 6.74184)
(-0.00316352 -0.0186666 11.05)
(-0.00887457 -0.017592 11.0329)
(-0.0136783 -0.016568 11.016)
(-0.00335523 -0.0208554 11.0161)
(-0.00944701 -0.019291 11.0031)
(-0.0144783 -0.0175451 10.9887)
(-0.00343107 -0.0218416 10.9843)
(-0.00959356 -0.0200747 10.9719)
(-0.0145084 -0.0183227 10.9404)
(-0.00336929 -0.022181 10.9321)
(-0.00950034 -0.0201512 10.8967)
(-0.0132026 -0.0166173 10.7753)
(-0.00300992 -0.0194704 10.7286)
(-0.00772571 -0.016532 10.6248)
(-0.00970183 -0.0121549 10.4005)
(-0.00190389 -0.0128929 10.2677)
(-0.00510857 -0.0107083 10.1475)
(-0.00667801 -0.00810301 9.92908)
(-0.00128287 -0.00803013 9.70944)
(-0.00349389 -0.00684068 9.60445)
(-0.00441809 -0.00522246 9.41162)
(-0.000777208 -0.00460047 9.0848)
(-0.00216099 -0.00377986 8.99309)
(-0.00263313 -0.00293263 8.82524)
(-0.00044184 -0.00212952 8.32747)
(-0.00126776 -0.00173164 8.24556)
(-0.00138529 -0.00136899 8.09889)
(-0.000195853 -0.00048027 6.95739)
(-0.000567623 -0.000257755 6.87814)
(-0.000423851 -0.000208048 6.73206)
(-0.00329818 -0.0195356 11.0777)
(-0.00929258 -0.0184544 11.0582)
(-0.0143531 -0.0173897 11.0387)
(-0.00351542 -0.0218689 11.0385)
(-0.00991904 -0.0202209 11.0234)
(-0.0151836 -0.0183776 11.0063)
(-0.00357633 -0.0228361 11.001)
(-0.0100438 -0.0209942 10.9861)
(-0.0151157 -0.0190957 10.948)
(-0.00352579 -0.0230365 10.9386)
(-0.00989128 -0.0207889 10.8971)
(-0.0135105 -0.0169448 10.7619)
(-0.00304229 -0.0197302 10.7127)
(-0.00782033 -0.0166937 10.6036)
(-0.00983944 -0.0123155 10.3756)
(-0.0019443 -0.012992 10.243)
(-0.00525342 -0.0108393 10.1235)
(-0.00685538 -0.0082926 9.90555)
(-0.00131491 -0.00821662 9.68881)
(-0.00359123 -0.00698961 9.58402)
(-0.00453123 -0.00535274 9.39111)
(-0.000799237 -0.00468598 9.06822)
(-0.0022318 -0.0038631 8.97644)
(-0.00272033 -0.00303081 8.80801)
(-0.000456962 -0.00220628 8.31432)
(-0.00131346 -0.0017907 8.23217)
(-0.00143085 -0.00142029 8.08471)
(-0.000200326 -0.000490165 6.94832)
(-0.000585417 -0.000265814 6.86875)
(-0.000439955 -0.000223902 6.72189)
(-0.00341856 -0.0203396 11.1068)
(-0.00967986 -0.0192732 11.0847)
(-0.0149952 -0.0181712 11.0625)
(-0.00366517 -0.0228331 11.062)
(-0.0103663 -0.0211209 11.0446)
(-0.0158683 -0.0191884 11.0243)
(-0.00371581 -0.0238116 11.0179)
(-0.0104885 -0.0219 11.0002)
(-0.0157033 -0.0198177 10.9544)
(-0.00367692 -0.023841 10.9438)
(-0.0102493 -0.021374 10.8956)
(-0.0137834 -0.0172307 10.7465)
(-0.00306701 -0.0199504 10.695)
(-0.00790702 -0.0168323 10.5813)
(-0.00998157 -0.0124743 10.3504)
(-0.00198628 -0.0131029 10.2185)
(-0.00539096 -0.0109828 10.0994)
(-0.00701935 -0.00847839 9.88179)
(-0.00134299 -0.00839229 9.6681)
(-0.00367611 -0.00712877 9.56341)
(-0.00463547 -0.00548252 9.37028)
(-0.000818522 -0.00477107 9.05143)
(-0.00229239 -0.00395067 8.95951)
(-0.00279716 -0.00313137 8.79039)
(-0.000468932 -0.00227988 8.3009)
(-0.00134803 -0.00184948 8.21846)
(-0.00146796 -0.00147574 8.07013)
(-0.00020253 -0.000500409 6.93895)
(-0.000595297 -0.000278212 6.85904)
(-0.000449368 -0.000244675 6.71133)
(-0.00352026 -0.0210503 11.1373)
(-0.0100221 -0.0200213 11.1126)
(-0.0155832 -0.0188863 11.0874)
(-0.003799 -0.0237167 11.0865)
(-0.0107734 -0.0219651 11.0665)
(-0.0165119 -0.019953 11.0427)
(-0.00384644 -0.0247403 11.0351)
(-0.0109146 -0.0227642 11.0141)
(-0.0162507 -0.0204611 10.9594)
(-0.00381662 -0.0245668 10.9476)
(-0.0105587 -0.021885 10.8921)
(-0.0140083 -0.0174617 10.7294)
(-0.00308304 -0.0201177 10.6759)
(-0.00797882 -0.0169365 10.5582)
(-0.0101156 -0.0126197 10.325)
(-0.00202589 -0.013213 10.194)
(-0.00550995 -0.0111264 10.0754)
(-0.00715889 -0.00865072 9.85782)
(-0.00136519 -0.00854746 9.64729)
(-0.00374158 -0.00725243 9.54263)
(-0.00472326 -0.00560759 9.34917)
(-0.000833234 -0.00485181 9.03444)
(-0.00233636 -0.00403912 8.94231)
(-0.00285756 -0.00323188 8.77242)
(-0.000476379 -0.00234742 8.28722)
(-0.00136676 -0.00190732 8.20445)
(-0.00149262 -0.0015354 8.05518)
(-0.000201678 -0.000511036 6.92931)
(-0.000593907 -0.000295668 6.84903)
(-0.000449459 -0.000271327 6.70042)
(-0.00359871 -0.0216398 11.1691)
(-0.0103048 -0.0206713 11.1418)
(-0.0160953 -0.0195081 11.1134)
(-0.00391151 -0.0244889 11.1121)
(-0.0111242 -0.0227268 11.0894)
(-0.0170921 -0.0206446 11.0613)
(-0.00396452 -0.0255923 11.0526)
(-0.0113068 -0.0235568 11.0277)
(-0.0167358 -0.0209996 10.963)
(-0.00393848 -0.0251861 10.9499)
(-0.010804 -0.0223016 10.8868)
(-0.0141719 -0.0176247 10.7108)
(-0.00308889 -0.0202189 10.6555)
(-0.0080269 -0.0169954 10.5345)
(-0.0102273 -0.0127399 10.2995)
(-0.0020588 -0.0133091 10.1697)
(-0.00559871 -0.0112575 10.0515)
(-0.00726312 -0.00880088 9.83371)
(-0.0013792 -0.00867339 9.6264)
(-0.00377989 -0.00735604 9.52172)
(-0.00478642 -0.00572405 9.32783)
(-0.000841182 -0.00492395 9.01726)
(-0.0023566 -0.00412533 8.92488)
(-0.00289523 -0.00333043 8.75417)
(-0.000477645 -0.00240637 8.2733)
(-0.00136431 -0.00196411 8.19017)
(-0.00150043 -0.00159959 8.03992)
(-0.000196695 -0.000521922 6.9194)
(-0.000577256 -0.00031903 6.83873)
(-0.000437309 -0.000305084 6.68919)
(-0.00364931 -0.0220827 11.2022)
(-0.0105139 -0.0211964 11.1723)
(-0.0165108 -0.0200114 11.1405)
(-0.00399725 -0.0251197 11.1387)
(-0.0114039 -0.023379 11.1131)
(-0.0175874 -0.0212358 11.0802)
(-0.00406586 -0.0263372 11.0703)
(-0.0116487 -0.0242469 11.041)
(-0.0171369 -0.0214084 10.9651)
(-0.00403583 -0.0256731 10.9507)
(-0.0109714 -0.0226049 10.8795)
(-0.0142619 -0.0177067 10.6911)
(-0.00308255 -0.020242 10.6341)
(-0.00804154 -0.0170001 10.5103)
(-0.0103012 -0.0128227 10.274)
(-0.0020806 -0.0133782 10.1456)
(-0.00564581 -0.0113646 10.0275)
(-0.00732127 -0.00892094 9.80957)
(-0.00138246 -0.00876289 9.60546)
(-0.00378278 -0.00743613 9.50072)
(-0.00481644 -0.00582834 9.30637)
(-0.000839987 -0.00498344 8.99992)
(-0.00234555 -0.00420669 8.90726)
(-0.00290366 -0.00342556 8.73573)
(-0.000470909 -0.00245476 8.25916)
(-0.00133489 -0.00202029 8.17566)
(-0.0014866 -0.00166878 8.02445)
(-0.000186335 -0.000532854 6.90924)
(-0.000540961 -0.000349327 6.82818)
(-0.000409754 -0.000347301 6.67772)
(-0.00366947 -0.022357 11.2362)
(-0.0106372 -0.0215728 11.2038)
(-0.0168095 -0.020373 11.1686)
(-0.00405201 -0.0255831 11.1662)
(-0.0115982 -0.0238968 11.1376)
(-0.0179754 -0.0216994 11.0993)
(-0.00414685 -0.0269454 11.0881)
(-0.0119228 -0.0248067 11.0539)
(-0.01743 -0.0216651 10.9656)
(-0.0041034 -0.0260052 10.9499)
(-0.011047 -0.0227791 10.8705)
(-0.0142644 -0.0176977 10.6705)
(-0.00306195 -0.0201763 10.612)
(-0.00801079 -0.0169416 10.4858)
(-0.0103221 -0.0128595 10.2487)
(-0.00208716 -0.0134082 10.1216)
(-0.00563962 -0.0114369 10.0037)
(-0.00732304 -0.00900555 9.78553)
(-0.00137238 -0.0088105 9.58452)
(-0.00374124 -0.0074904 9.47971)
(-0.00480445 -0.00591808 9.28493)
(-0.000827177 -0.0050266 8.98245)
(-0.00229501 -0.00428122 8.88952)
(-0.0028762 -0.00351692 8.71723)
(-0.00045426 -0.00249119 8.24483)
(-0.00127199 -0.00207674 8.16097)
(-0.00144603 -0.00174416 8.00885)
(-0.000169246 -0.000543549 6.89885)
(-0.000479963 -0.000387756 6.81742)
(-0.000363272 -0.000399881 6.66609)
(-0.00365782 -0.0224455 11.2711)
(-0.0106656 -0.0217798 11.2364)
(-0.0169741 -0.0205731 11.1976)
(-0.00407197 -0.0258576 11.1946)
(-0.0116951 -0.0242565 11.1628)
(-0.0182362 -0.0220094 11.1185)
(-0.00420356 -0.0273897 11.106)
(-0.0121115 -0.0252084 11.0663)
(-0.0175941 -0.0217534 10.9646)
(-0.00413526 -0.0261636 10.9476)
(-0.0110198 -0.0228107 10.8598)
(-0.014169 -0.0175882 10.6494)
(-0.00302423 -0.0200138 10.5893)
(-0.00792332 -0.0168149 10.4614)
(-0.0102744 -0.0128402 10.2237)
(-0.00207419 -0.0133885 10.0979)
(-0.0055697 -0.0114665 9.97999)
(-0.00725886 -0.00904939 9.76174)
(-0.00134602 -0.00881266 9.56362)
(-0.00364665 -0.00751841 9.45875)
(-0.00474178 -0.00599049 9.26365)
(-0.000800047 -0.00505045 8.96489)
(-0.00219703 -0.00434821 8.87172)
(-0.00280642 -0.00360401 8.6988)
(-0.000425593 -0.00251492 8.23036)
(-0.00116919 -0.00213517 8.14618)
(-0.00137356 -0.00182662 7.99328)
(-0.000143892 -0.00055374 6.88827)
(-0.000389139 -0.000435758 6.8065)
(-0.000294392 -0.000464623 6.65438)
(-0.00361298 -0.0223363 11.3066)
(-0.0105912 -0.0218026 11.2698)
(-0.0169911 -0.0206009 11.2275)
(-0.00405418 -0.0259272 11.2237)
(-0.0116866 -0.0244389 11.1887)
(-0.0183537 -0.0221447 11.1376)
(-0.00423213 -0.027646 11.1239)
(-0.0121982 -0.0254296 11.0781)
(-0.0176092 -0.0216587 10.9622)
(-0.00412685 -0.0261348 10.9438)
(-0.0108809 -0.0226902 10.8478)
(-0.0139652 -0.0173707 10.6281)
(-0.00296636 -0.0197492 10.5665)
(-0.00776723 -0.0166157 10.4372)
(-0.0101436 -0.0127566 10.1992)
(-0.00203769 -0.0133107 10.0745)
(-0.00542621 -0.0114472 9.95658)
(-0.00711998 -0.00904859 9.73841)
(-0.00130039 -0.00876762 9.54283)
(-0.00349042 -0.00752071 9.43795)
(-0.00462019 -0.00604335 9.24272)
(-0.000755827 -0.00505284 8.9473)
(-0.00204371 -0.00440749 8.85395)
(-0.00268835 -0.00368684 8.68064)
(-0.000382667 -0.00252587 8.21578)
(-0.00101986 -0.00219731 8.13133)
(-0.00126438 -0.00191729 7.97786)
(-0.000108549 -0.000563228 6.87753)
(-0.000263135 -0.000494799 6.79545)
(-0.000199801 -0.000543435 6.64273)
(-0.00353484 -0.0220239 11.3424)
(-0.0104097 -0.0216328 11.3038)
(-0.0168498 -0.0204427 11.2579)
(-0.00399783 -0.0257811 11.2534)
(-0.0115638 -0.0244296 11.215)
(-0.0183097 -0.0220868 11.1565)
(-0.00422858 -0.0276938 11.1416)
(-0.0121663 -0.0254512 11.0892)
(-0.0174584 -0.021376 10.9586)
(-0.00407482 -0.0259094 10.9386)
(-0.0106227 -0.0224128 10.8346)
(-0.0136429 -0.0170411 10.607)
(-0.0028851 -0.0193798 10.5436)
(-0.00753027 -0.0163413 10.4133)
(-0.00991664 -0.0126034 10.1754)
(-0.001974 -0.0131681 10.0514)
(-0.00519987 -0.0113747 9.93355)
(-0.00689877 -0.00900124 9.71575)
(-0.00123245 -0.00867495 9.5222)
(-0.00326413 -0.00749812 9.41739)
(-0.00443276 -0.00607575 9.22236)
(-0.000691689 -0.00503212 8.92972)
(-0.00182747 -0.00445901 8.8363)
(-0.00251727 -0.00376619 8.66291)
(-0.000323121 -0.00252422 8.20112)
(-0.000817675 -0.0022648 8.11651)
(-0.00111466 -0.00201754 7.96276)
(-6.13224e-05 -0.000571799 6.86664)
(-9.68235e-05 -0.000566283 6.78434)
(-7.67811e-05 -0.00063812 6.63126)
(-0.00342371 -0.0215092 11.3782)
(-0.010119 -0.0212675 11.3381)
(-0.0165441 -0.0200958 11.2887)
(-0.00390237 -0.0254154 11.2834)
(-0.011323 -0.0242202 11.2418)
(-0.0180914 -0.0218211 11.1752)
(-0.00418946 -0.0275197 11.159)
(-0.0120006 -0.0252602 11.0995)
(-0.0171262 -0.0209023 10.954)
(-0.00397548 -0.0254836 10.932)
(-0.0102387 -0.0219764 10.8205)
(-0.0131943 -0.0165977 10.5864)
(-0.00277658 -0.0189042 10.521)
(-0.00720122 -0.0159917 10.3899)
(-0.00958173 -0.0123756 10.1526)
(-0.00187973 -0.0129554 10.0287)
(-0.00488256 -0.0112466 9.91101)
(-0.00658886 -0.00890605 9.694)
(-0.0011392 -0.00853479 9.50178)
(-0.00296034 -0.00745138 9.39719)
(-0.00417409 -0.00608689 9.20279)
(-0.000604935 -0.00498679 8.91219)
(-0.001542 -0.00450302 8.81886)
(-0.00228971 -0.0038424 8.64584)
(-0.000244729 -0.00251027 8.18642)
(-0.00055742 -0.00233924 8.10179)
(-0.000921457 -0.00212795 7.94817)
(-3.92938e-07 -0.000579228 6.85562)
(0.000114118 -0.000651524 6.77323)
(7.67016e-05 -0.000749905 6.62012)
(-0.00328073 -0.0207984 11.4137)
(-0.00972059 -0.0207101 11.3724)
(-0.0160724 -0.0195608 11.3196)
(-0.00376872 -0.0248322 11.3135)
(-0.0109626 -0.0238079 11.2686)
(-0.0176888 -0.021339 11.1933)
(-0.0041119 -0.0271144 11.176)
(-0.0116886 -0.0248512 11.1089)
(-0.0166005 -0.0202397 10.9486)
(-0.00382749 -0.0248575 10.9243)
(-0.00972502 -0.0213823 10.8058)
(-0.0126121 -0.0160407 10.5668)
(-0.00263762 -0.0183236 10.4987)
(-0.00677027 -0.0155665 10.3673)
(-0.0091296 -0.0120698 10.131)
(-0.00175243 -0.0126689 10.0065)
(-0.00446818 -0.0110608 9.88909)
(-0.00618565 -0.0087619 9.67343)
(-0.00101829 -0.00834788 9.48164)
(-0.00257369 -0.00738062 9.37746)
(-0.00384056 -0.00607509 9.18426)
(-0.000493618 -0.00491586 8.89475)
(-0.00118333 -0.00453964 8.80172)
(-0.00200354 -0.00391435 8.62964)
(-0.000145939 -0.00248457 8.1717)
(-0.000235831 -0.00242159 8.08725)
(-0.000683134 -0.00224786 7.93427)
(7.54917e-05 -0.000585311 6.84451)
(0.000372461 -0.00075133 6.76218)
(0.00026166 -0.000879175 6.60945)
(-0.00310684 -0.019904 11.4486)
(-0.00921963 -0.0199689 11.4064)
(-0.0154396 -0.0188429 11.3504)
(-0.00359807 -0.0240394 11.3434)
(-0.0104839 -0.0231946 11.2953)
(-0.0170971 -0.0206378 11.2108)
(-0.0039921 -0.0264747 11.1924)
(-0.0112222 -0.0242242 11.1173)
(-0.015876 -0.0193935 10.9428)
(-0.00363002 -0.0240354 10.9156)
(-0.0090811 -0.0206366 10.7908)
(-0.0118913 -0.015369 10.5484)
(-0.00246504 -0.0176402 10.477)
(-0.00623036 -0.0150658 10.3455)
(-0.00855408 -0.0116817 10.1109)
(-0.00159024 -0.0123057 9.98475)
(-0.00395368 -0.0108159 9.86792)
(-0.00568674 -0.00856594 9.65431)
(-0.000868083 -0.0081149 9.46182)
(-0.00210191 -0.00728548 9.35831)
(-0.00343047 -0.00603623 9.16703)
(-0.000356547 -0.00481848 8.87745)
(-0.000750359 -0.00456812 8.785)
(-0.00165846 -0.00397872 8.61455)
(-2.58811e-05 -0.00244755 8.15698)
(0.000147802 -0.00251162 8.07298)
(-0.000399919 -0.00237487 7.92127)
(0.000167075 -0.000589813 6.83332)
(0.000678898 -0.000865692 6.75125)
(0.000477513 -0.00102498 6.59942)
(-0.00290558 -0.0188427 11.4825)
(-0.0086235 -0.0190572 11.4398)
(-0.0146519 -0.0179523 11.3808)
(-0.00339341 -0.0230506 11.3729)
(-0.00989085 -0.0223863 11.3217)
(-0.0163146 -0.0197215 11.2275)
(-0.00382775 -0.0256041 11.208)
(-0.0105965 -0.023385 11.1247)
(-0.0149512 -0.0183718 10.9367)
(-0.00338349 -0.023025 10.9061)
(-0.008308 -0.019746 10.7757)
(-0.0110294 -0.0145834 10.5315)
(-0.00225634 -0.0168564 10.456)
(-0.0055776 -0.0144894 10.3247)
(-0.00785215 -0.0112074 10.0926)
(-0.00139257 -0.0118633 9.96362)
(-0.00333901 -0.0105107 9.84763)
(-0.00509162 -0.00831355 9.63692)
(-0.000688038 -0.00783606 9.44238)
(-0.00154582 -0.0071634 9.33986)
(-0.00294452 -0.00596449 9.15136)
(-0.00019366 -0.00469342 8.86031)
(-0.000245199 -0.00458589 8.76879)
(-0.00125644 -0.00403028 8.60078)
(0.000115303 -0.00239912 8.14231)
(0.000591265 -0.00260737 8.05907)
(-7.41795e-05 -0.00250482 7.90936)
(0.00027428 -0.000592347 6.82207)
(0.00103179 -0.000993564 6.74051)
(0.000722061 -0.00118507 6.5902)
(-0.00268056 -0.0176354 11.5151)
(-0.00794086 -0.0179931 11.4724)
(-0.0137185 -0.016904 11.4104)
(-0.00315798 -0.0218831 11.4017)
(-0.00918896 -0.0213931 11.3474)
(-0.0153444 -0.0186022 11.2433)
(-0.00361683 -0.0245112 11.2225)
(-0.00981119 -0.0223438 11.1311)
(-0.0138308 -0.0171863 10.9308)
(-0.00308907 -0.0218365 10.8959)
(-0.00741005 -0.0187186 10.761)
(-0.0100282 -0.0136856 10.5164)
(-0.00200985 -0.0159738 10.4358)
(-0.00481298 -0.0138359 10.3051)
(-0.00702575 -0.0106417 10.0764)
(-0.00115992 -0.0113395 9.94313)
(-0.0026289 -0.0101426 9.82833)
(-0.00440312 -0.00799711 9.62151)
(-0.000478835 -0.00751043 9.42335)
(-0.000910854 -0.00700912 9.32224)
(-0.00238691 -0.00585117 9.13748)
(-6.10838e-06 -0.00453872 8.8434)
(0.000325424 -0.00458798 8.75322)
(-0.000802751 -0.00406072 8.58859)
(0.00027636 -0.00233852 8.12771)
(0.00108803 -0.00270464 8.04561)
(0.0002886 -0.00263071 7.89875)
(0.000396144 -0.000592332 6.81077)
(0.00142594 -0.00113233 6.73004)
(0.000990443 -0.00135503 6.58196)
(-0.00243519 -0.0163065 11.5461)
(-0.00718498 -0.016797 11.5037)
(-0.0126558 -0.0157159 11.439)
(-0.00289513 -0.0205586 11.4294)
(-0.00838738 -0.0202291 11.3721)
(-0.0141966 -0.0172963 11.2579)
(-0.00335786 -0.0232095 11.2357)
(-0.0088723 -0.0211128 11.1362)
(-0.012529 -0.0158512 10.9254)
(-0.0027484 -0.0204816 10.8852)
(-0.00639713 -0.0175621 10.7466)
(-0.00889611 -0.0126767 10.5033)
(-0.00172499 -0.0149941 10.4164)
(-0.00394368 -0.0131016 10.2866)
(-0.00608341 -0.00997793 10.0624)
(-0.000893591 -0.0107324 9.92333)
(-0.00183405 -0.00970645 9.81015)
(-0.00362934 -0.00760563 9.60833)
(-0.000242319 -0.00713557 9.40481)
(-0.000208689 -0.00681532 9.30558)
(-0.00176567 -0.00568298 9.12564)
(0.000203714 -0.00435146 8.82676)
(0.000948979 -0.00456696 8.7384)
(-0.00030627 -0.00405755 8.57819)
(0.000454889 -0.0022641 8.11323)
(0.00162614 -0.00279687 8.03271)
(0.000679355 -0.00274185 7.88966)
(0.000530848 -0.000588986 6.79948)
(0.00185146 -0.0012774 6.71993)
(0.00127428 -0.00152741 6.57489)
(-0.00217403 -0.0148838 11.5753)
(-0.00637116 -0.0154928 11.5334)
(-0.0114832 -0.01441 11.4662)
(-0.00260932 -0.0191015 11.4558)
(-0.00749777 -0.0189131 11.3956)
(-0.012886 -0.0158248 11.2712)
(-0.00305141 -0.0217167 11.2474)
(-0.0077915 -0.0197078 11.1401)
(-0.0110661 -0.0143849 10.9205)
(-0.00236518 -0.0189738 10.8741)
(-0.00528384 -0.0162839 10.7329)
(-0.00764733 -0.011559 10.4924)
(-0.00140311 -0.0139186 10.3978)
(-0.00298263 -0.0122805 10.2695)
(-0.00503843 -0.00920978 10.0508)
(-0.000596747 -0.0100389 9.90427)
(-0.000970232 -0.00919453 9.7932)
(-0.00278225 -0.00712736 9.59756)
(1.78091e-05 -0.0067073 9.38683)
(0.000544053 -0.00657153 9.29)
(-0.00109222 -0.00544525 9.11604)
(0.000431636 -0.00412753 8.81047)
(0.00160821 -0.0045126 8.72447)
(0.000221312 -0.00400634 8.56979)
(0.000646878 -0.00217319 8.09894)
(0.00218917 -0.00287496 8.02051)
(0.00108635 -0.00282543 7.88229)
(0.00067526 -0.000581234 6.78824)
(0.00229448 -0.00142238 6.71029)
(0.00156274 -0.00169275 6.56916)
(-0.00190207 -0.0133973 11.6024)
(-0.00551687 -0.0141071 11.5614)
(-0.0102238 -0.0130119 11.4917)
(-0.00230573 -0.0175392 11.4805)
(-0.00653477 -0.0174672 11.4175)
(-0.0114334 -0.014214 11.2832)
(-0.00269958 -0.0200541 11.2572)
(-0.00658747 -0.018148 11.1427)
(-0.00946918 -0.0128059 10.9165)
(-0.00194504 -0.0173285 10.8626)
(-0.00408993 -0.0148925 10.7199)
(-0.00630002 -0.010335 10.4838)
(-0.0010479 -0.0127486 10.3802)
(-0.00194829 -0.0113658 10.2537)
(-0.00390818 -0.00833154 10.0418)
(-0.000274749 -0.00925568 9.88602)
(-5.75922e-05 -0.00859759 9.77759)
(-0.0018765 -0.00655094 9.58933)
(0.000295867 -0.00621954 9.36948)
(0.00132694 -0.0062643 9.27565)
(-0.000380631 -0.00512379 9.10884)
(0.000671679 -0.00386139 8.79464)
(0.0022823 -0.00441216 8.71157)
(0.000766303 -0.00389226 8.56357)
(0.00084667 -0.00206193 8.08494)
(0.00275726 -0.00292754 8.00914)
(0.00149609 -0.00286781 7.87682)
(0.000824798 -0.000567564 6.77714)
(0.00273793 -0.00155941 6.70124)
(0.00184349 -0.00184046 6.56495)
(-0.00162467 -0.0118786 11.6271)
(-0.00463968 -0.0126683 11.5873)
(-0.00890236 -0.0115446 11.5153)
(-0.00198963 -0.0159009 11.5031)
(-0.00551493 -0.015915 11.4374)
(-0.009867 -0.0124993 11.2937)
(-0.00230602 -0.0182481 11.2651)
(-0.00528568 -0.0164541 11.144)
(-0.00777315 -0.0111351 10.9134)
(-0.00149463 -0.0155631 10.8509)
(-0.0028397 -0.013398 10.7078)
(-0.00487762 -0.00900865 10.4774)
(-0.000664757 -0.0114842 10.3634)
(-0.000864535 -0.0103516 10.2393)
(-0.00271477 -0.00733961 10.0353)
(6.55504e-05 -0.00837859 9.86863)
(0.000879751 -0.00790632 9.76343)
(-0.000929815 -0.00586626 9.58371)
(0.000584777 -0.00566472 9.35288)
(0.00211633 -0.00587927 9.26265)
(0.000352928 -0.00470538 9.10415)
(0.000916629 -0.00354634 8.77938)
(0.00294781 -0.00425162 8.69988)
(0.00131377 -0.00370083 8.55968)
(0.00104747 -0.00192538 8.07137)
(0.00330822 -0.00294191 7.99878)
(0.00189427 -0.00285506 7.87342)
(0.000973862 -0.000546068 6.76628)
(0.00316254 -0.00167958 6.69293)
(0.00210346 -0.00195923 6.56241)
(-0.0013478 -0.0103616 11.6494)
(-0.00376218 -0.0112064 11.6109)
(-0.00754977 -0.0100415 11.5366)
(-0.00166704 -0.0142173 11.5235)
(-0.00445926 -0.0142832 11.4552)
(-0.00822079 -0.0107145 11.3026)
(-0.00187675 -0.0163292 11.2707)
(-0.00391871 -0.0146489 11.1439)
(-0.00601876 -0.0093935 10.9111)
(-0.00102219 -0.0136979 10.839)
(-0.00156177 -0.0118109 10.6965)
(-0.00340866 -0.00758628 10.473)
(-0.000261112 -0.0101267 10.3475)
(0.000240268 -0.00923306 10.2263)
(-0.00148396 -0.00623344 10.0312)
(0.000415877 -0.00740413 9.85218)
(0.00181476 -0.00711222 9.7508)
(3.7853e-05 -0.00506604 9.58068)
(0.000876276 -0.00503457 9.33714)
(0.00288685 -0.00540226 9.25115)
(0.00109139 -0.00417925 9.10202)
(0.00115837 -0.00317495 8.76486)
(0.00358047 -0.00401646 8.68955)
(0.00184863 -0.00341953 8.55822)
(0.00124171 -0.00175778 8.05839)
(0.00381912 -0.00290468 7.98961)
(0.00226718 -0.00277394 7.87224)
(0.0011161 -0.000514527 6.75583)
(0.00354823 -0.00177337 6.68554)
(0.00233027 -0.00203759 6.56171)
(-0.00107829 -0.00888015 11.6691)
(-0.00290778 -0.00975185 11.632)
(-0.00619846 -0.00853611 11.5554)
(-0.00134431 -0.0125207 11.5413)
(-0.00339188 -0.012601 11.4704)
(-0.00653451 -0.00889595 11.3097)
(-0.00142046 -0.0143296 11.2738)
(-0.00252433 -0.0127591 11.1423)
(-0.00424975 -0.00760525 10.9096)
(-0.000538959 -0.0117549 10.8268)
(-0.00028842 -0.0101435 10.6861)
(-0.00192478 -0.00607998 10.4705)
(0.000153214 -0.00868 10.3323)
(0.00133538 -0.00800793 10.2148)
(-0.000243579 -0.00501834 10.0295)
(0.000766436 -0.00633064 9.83671)
(0.00271936 -0.00620982 9.73976)
(0.00100568 -0.00414864 9.58016)
(0.00116102 -0.00432168 9.3224)
(0.00361373 -0.00482103 9.24125)
(0.00181802 -0.00354013 9.10244)
(0.00138825 -0.00274 8.75128)
(0.00415763 -0.00369268 8.68076)
(0.00235645 -0.00304105 8.55924)
(0.00142145 -0.00155305 8.04621)
(0.00426894 -0.00280233 7.98182)
(0.0026042 -0.00261266 7.87338)
(0.00124473 -0.000470482 6.74596)
(0.00387679 -0.00183118 6.67925)
(0.00251565 -0.00206376 6.563)
(-0.000821878 -0.0074678 11.6861)
(-0.00209912 -0.00833567 11.6505)
(-0.0048827 -0.0070619 11.5715)
(-0.00102745 -0.0108436 11.5563)
(-0.00233846 -0.0109002 11.4829)
(-0.00485238 -0.00708254 11.3151)
(-0.000947448 -0.0122831 11.2743)
(-0.00114345 -0.0108142 11.1393)
(-0.00251261 -0.00579889 10.9086)
(-5.74317e-05 -0.0097594 10.8144)
(0.000946594 -0.00840979 10.6765)
(-0.000461505 -0.00450897 10.4696)
(0.000567921 -0.00715201 10.3179)
(0.00238974 -0.00667719 10.2046)
(0.00097628 -0.00370575 10.0299)
(0.0011078 -0.00515908 9.8223)
(0.0035669 -0.00519694 9.73033)
(0.00195229 -0.00311805 9.58198)
(0.00143071 -0.00352018 9.30882)
(0.00427468 -0.0041273 9.23305)
(0.00251713 -0.00278759 9.10534)
(0.00159876 -0.00223474 8.73884)
(0.00465975 -0.0032707 8.67367)
(0.00282583 -0.00256141 8.56272)
(0.00157989 -0.00130444 8.03509)
(0.00464128 -0.00262316 7.97565)
(0.00289808 -0.00236349 7.87687)
(0.001354 -0.000410796 6.73692)
(0.00413527 -0.001844 6.67429)
(0.00265477 -0.0020302 6.56642)
(-0.000584167 -0.00615678 11.7004)
(-0.0013579 -0.00698856 11.6663)
(-0.00363618 -0.00565381 11.5847)
(-0.000722394 -0.00921835 11.5684)
(-0.00132536 -0.00921411 11.4924)
(-0.00322006 -0.00531593 11.3184)
(-0.000470028 -0.0102266 11.2721)
(0.000182305 -0.00884486 11.1349)
(-0.000852412 -0.00400506 10.9078)
(0.000410387 -0.00773952 10.8016)
(0.00211204 -0.00662722 10.6674)
(0.000947867 -0.00289433 10.4698)
(0.000972458 -0.00555553 10.3042)
(0.00337614 -0.00524865 10.1957)
(0.00214533 -0.00231884 10.032)
(0.0014316 -0.00389697 9.80897)
(0.00433565 -0.00407535 9.72252)
(0.00284708 -0.00200308 9.5859)
(0.0016792 -0.00262954 9.29654)
(0.00485 -0.00331765 9.22659)
(0.00315813 -0.00194874 9.11058)
(0.00178467 -0.00165718 8.72778)
(0.00506841 -0.00274435 8.66842)
(0.00323061 -0.00199925 8.56859)
(0.00171357 -0.00100683 8.0253)
(0.0049213 -0.00235322 7.97127)
(0.00312349 -0.00204031 7.88268)
(0.00144247 -0.000331741 6.72898)
(0.00430932 -0.00179876 6.67093)
(0.00272743 -0.00193927 6.57217)
(-0.000370428 -0.00497612 11.7121)
(-0.000700385 -0.00574173 11.6794)
(-0.00248596 -0.00434542 11.5949)
(-0.000435125 -0.00767524 11.5773)
(-0.000376513 -0.00757834 11.4988)
(-0.00167521 -0.00362868 11.3197)
(-2.58485e-06 -0.00819796 11.2671)
(0.00141945 -0.00688916 11.1289)
(0.000701156 -0.00224752 10.9068)
(0.000852032 -0.00572671 10.7885)
(0.00318565 -0.00482578 10.6589)
(0.00227348 -0.00127833 10.4709)
(0.00135465 -0.00391129 10.291)
(0.00427309 -0.00373926 10.1881)
(0.00322411 -0.00091734 10.0356)
(0.00173023 -0.00256098 9.79676)
(0.00500736 -0.00285412 9.7163)
(0.00364796 -0.000861527 9.59175)
(0.00190127 -0.00165526 9.28569)
(0.00531972 -0.0024027 9.22194)
(0.00370334 -0.00106959 9.11801)
(0.00194097 -0.0010083 8.7183)
(0.00536258 -0.00212427 8.66512)
(0.00354123 -0.00138596 8.57671)
(0.00181835 -0.000653147 8.0171)
(0.005087 -0.00200003 7.96883)
(0.00325523 -0.0016634 7.89072)
(0.00150505 -0.000226108 6.72246)
(0.00437589 -0.00169522 6.66951)
(0.00271508 -0.00179456 6.58002)
(-0.000184705 -0.00394904 11.7213)
(-0.000134664 -0.00462021 11.6898)
(-0.00144838 -0.00315825 11.6021)
(-0.000169337 -0.00624388 11.583)
(0.000493287 -0.0060289 11.5021)
(-0.000241831 -0.00203792 11.3188)
(0.000441848 -0.00624036 11.2592)
(0.00255111 -0.00498695 11.1214)
(0.00212473 -0.000570173 10.9053)
(0.0012613 -0.0037582 10.7748)
(0.00415425 -0.0030315 10.6505)
(0.0034721 0.000265656 10.4726)
(0.00170911 -0.00224572 10.2782)
(0.00506149 -0.00217927 10.1814)
(0.00416981 0.000434689 10.0405)
(0.001999 -0.00117713 9.78567)
(0.00556073 -0.00157602 9.71163)
(0.00432446 0.000259158 9.59926)
(0.00209026 -0.00062213 9.27637)
(0.00566391 -0.00142905 9.2192)
(0.00413703 -0.000184585 9.12729)
(0.00206077 -0.0003105 8.7106)
(0.00552788 -0.00144976 8.6639)
(0.00375356 -0.000745679 8.58679)
(0.00188714 -0.00025929 8.01071)
(0.00512615 -0.00159641 7.9685)
(0.00329719 -0.00124685 7.90074)
(0.00153402 -0.000101567 6.71776)
(0.00432659 -0.00154941 6.67014)
(0.00262528 -0.00160185 6.5897)
(-2.77113e-05 -0.00309013 11.7282)
(0.000336171 -0.00363979 11.6975)
(-0.000532915 -0.00209726 11.6062)
(7.27733e-05 -0.00495123 11.5854)
(0.00128134 -0.00459581 11.5022)
(0.00106136 -0.000574133 11.3156)
(0.000856705 -0.00439038 11.2486)
(0.00356519 -0.00316099 11.1123)
(0.00338032 0.00096002 10.9034)
(0.00163804 -0.00186215 10.7606)
(0.00499887 -0.00127927 10.6422)
(0.00450276 0.00168511 10.4748)
(0.00202657 -0.000599775 10.2659)
(0.00571364 -0.000636131 10.1758)
(0.0049603 0.0016987 10.0463)
(0.00222711 0.000194584 9.77572)
(0.00597786 -0.000307904 9.70863)
(0.00486947 0.00132471 9.60804)
(0.00223734 0.000410055 9.26871)
(0.00587775 -0.000451197 9.2184)
(0.004462 0.000673489 9.13807)
(0.00213983 0.000388102 8.70487)
(0.00557166 -0.000759316 8.66476)
(0.0038774 -0.000106828 8.59852)
(0.00191857 0.000137627 8.00632)
(0.00505302 -0.00116792 7.97027)
(0.00326454 -0.000812006 7.91245)
(0.001532 2.2193e-05 6.71506)
(0.00418025 -0.00137447 6.67273)
(0.00247547 -0.00137486 6.60093)
(0.000101016 -0.00240384 11.7329)
(0.000712617 -0.00281212 11.7027)
(0.000254871 -0.00116687 11.6072)
(0.00028857 -0.00381172 11.5846)
(0.00198807 -0.0032848 11.4991)
(0.00221261 0.00072192 11.3104)
(0.00124304 -0.00265877 11.2353)
(0.00444217 -0.00144059 11.1016)
(0.0044332 0.00230359 10.9011)
(0.00196693 -7.27976e-05 10.7457)
(0.00568787 0.000359353 10.6341)
(0.00535116 0.00295248 10.4771)
(0.00228911 0.000954997 10.254)
(0.00621098 0.000819838 10.1713)
(0.00559274 0.00283991 10.0528)
(0.00240209 0.00148619 9.76703)
(0.0062583 0.000901741 9.70719)
(0.00528713 0.00229928 9.61776)
(0.00233756 0.00138776 9.26279)
(0.00597418 0.000498437 9.21942)
(0.00468655 0.00147156 9.15)
(0.00217874 0.00105265 8.70111)
(0.00551401 -7.67946e-05 8.66759)
(0.00392501 0.000502259 8.61157)
(0.00191657 0.000516935 8.00398)
(0.00489156 -0.000730711 7.97405)
(0.00317322 -0.000381161 7.92555)
(0.0015054 0.000137549 6.71432)
(0.00396159 -0.00118024 6.67718)
(0.00228336 -0.00112905 6.61343)
(0.000201734 -0.00188577 11.7355)
(0.00100005 -0.00213793 11.7055)
(0.000913138 -0.000374665 11.6055)
(0.000479817 -0.0028156 11.5807)
(0.00261037 -0.0020948 11.4929)
(0.00319352 0.00182922 11.3035)
(0.00159138 -0.00106345 11.2194)
(0.00515794 0.000127443 11.0896)
(0.00527292 0.0034495 10.8982)
(0.00223111 0.00154773 10.7304)
(0.00620836 0.00182349 10.6262)
(0.00602004 0.00404256 10.4795)
(0.00248943 0.0023639 10.2428)
(0.00655885 0.00215152 10.1676)
(0.00607169 0.00383047 10.0597)
(0.00252185 0.00266256 9.75959)
(0.00641346 0.00201947 9.70711)
(0.00558383 0.00315458 9.6281)
(0.00239162 0.00228633 9.25853)
(0.00596852 0.00139163 9.2221)
(0.00481921 0.00218317 9.16276)
(0.0021796 0.00166665 8.69928)
(0.00537285 0.000575066 8.67225)
(0.00390771 0.00105802 8.6256)
(0.0018842 0.000870242 8.00365)
(0.00466185 -0.000300563 7.97971)
(0.00303757 2.60785e-05 7.93973)
(0.00145732 0.00024355 6.71543)
(0.00369021 -0.000975979 6.68334)
(0.00206508 -0.000879006 6.62692)
(0.000274007 -0.00152378 11.7364)
(0.00120798 -0.00160304 11.7061)
(0.00144682 0.000277371 11.6013)
(0.000653954 -0.0019408 11.5737)
(0.00314509 -0.00103678 11.4839)
(0.00399445 0.00274504 11.2954)
(0.00188033 0.000366061 11.2012)
(0.00569839 0.00150821 11.0767)
(0.00591093 0.00439386 10.8949)
(0.00242974 0.00295168 10.715)
(0.00657226 0.00309381 10.6184)
(0.00651746 0.00494314 10.4818)
(0.00262817 0.00360935 10.2322)
(0.00676824 0.00333326 10.1647)
(0.00640523 0.00465519 10.0667)
(0.00258797 0.00370166 9.75332)
(0.00645575 0.003018 9.70821)
(0.00576759 0.00387352 9.6388)
(0.00240154 0.0030867 9.25586)
(0.0058743 0.00220227 9.22623)
(0.00486893 0.0027907 9.17605)
(0.0021449 0.00221529 8.69926)
(0.00516383 0.00117522 8.67852)
(0.00383598 0.00154346 8.6403)
(0.00182442 0.00118929 8.0052)
(0.00438122 0.000107174 7.98705)
(0.00287 0.000394358 7.95466)
(0.00139059 0.000338783 6.7183)
(0.00338344 -0.000770835 6.69104)
(0.00183444 -0.000637106 6.6411)
(0.000319133 -0.00129448 11.7357)
(0.00134986 -0.00118603 11.7046)
(0.00186808 0.000798578 11.5949)
(0.000814863 -0.00117588 11.5637)
(0.00358978 -0.000117788 11.4723)
(0.00461852 0.00348038 11.2861)
(0.00210051 0.00161341 11.1815)
(0.00607179 0.00268364 11.0631)
(0.0063678 0.00514027 10.8909)
(0.00256581 0.00413139 10.6995)
(0.00679522 0.00416819 10.6107)
(0.00685648 0.00565395 10.4838)
(0.00270689 0.00467974 10.2223)
(0.00685184 0.00434748 10.1624)
(0.00660577 0.00530926 10.0737)
(0.00260293 0.00458747 9.74818)
(0.00639866 0.00387963 9.71029)
(0.00584874 0.00444815 9.64963)
(0.00237001 0.00377371 9.25464)
(0.00570482 0.00291135 9.23159)
(0.00484533 0.00328436 9.18958)
(0.00207758 0.00268687 8.70089)
(0.00490116 0.00170736 8.68618)
(0.00371968 0.00194804 8.65536)
(0.00174026 0.00146696 8.00848)
(0.00406477 0.000479656 7.99583)
(0.00268115 0.000712944 7.97004)
(0.00130798 0.000421588 6.72274)
(0.00305646 -0.000572819 6.70005)
(0.00160289 -0.000413126 6.65569)
(0.000340073 -0.00116543 11.7336)
(0.00144072 -0.000864568 11.7012)
(0.00219281 0.00120518 11.5868)
(0.000959287 -0.00051378 11.551)
(0.00394372 0.000669939 11.4586)
(0.00507901 0.00405141 11.276)
(0.00225458 0.00267331 11.1607)
(0.00629754 0.00365472 11.0491)
(0.0066645 0.00570171 10.8866)
(0.00264385 0.00509876 10.6841)
(0.00689193 0.00504894 10.6031)
(0.00705267 0.00618404 10.4856)
(0.00272921 0.00556971 10.213)
(0.00682339 0.00518562 10.1606)
(0.00668747 0.00579705 10.0805)
(0.00257053 0.00531393 9.74411)
(0.0062548 0.00459439 9.71316)
(0.00583877 0.00487978 9.66039)
(0.00230002 0.00433841 9.25474)
(0.00547199 0.00350763 9.23796)
(0.00475835 0.00366243 9.20313)
(0.00198075 0.00307341 8.704)
(0.00459692 0.00216189 8.69495)
(0.00356746 0.00226807 8.67053)
(0.0016345 0.00169825 8.01328)
(0.00372415 0.000807598 8.00577)
(0.00247963 0.000976746 7.98559)
(0.00121186 0.000490621 6.72856)
(0.0027209 -0.000387755 6.71012)
(0.00137862 -0.000213336 6.67042)
(0.000343626 -0.00110795 11.7302)
(0.0014946 -0.000621965 11.6961)
(0.00243474 0.00151608 11.5771)
(0.00108363 5.95132e-05 11.5361)
(0.00421049 0.00133455 11.4434)
(0.00539549 0.0044772 11.2653)
(0.00234705 0.00355587 11.1392)
(0.0063958 0.0044347 11.0348)
(0.00682376 0.00609763 10.8819)
(0.00266805 0.00587066 10.669)
(0.00687716 0.00574531 10.5957)
(0.00712447 0.00654934 10.487)
(0.00269959 0.00628281 10.2044)
(0.00669699 0.00584854 10.1592)
(0.00666643 0.00613038 10.0871)
(0.00249487 0.00588466 9.74104)
(0.00603587 0.00516001 9.71666)
(0.00575059 0.00517677 9.67093)
(0.00219419 0.00477944 9.25601)
(0.00518606 0.00398751 9.24511)
(0.00461842 0.00392947 9.2165)
(0.00185674 0.00337172 8.70838)
(0.00426072 0.00253564 8.70458)
(0.00338754 0.0025055 8.68558)
(0.00150857 0.00188054 8.01936)
(0.00336763 0.00108628 8.01661)
(0.00227269 0.00118532 8.00103)
(0.00110269 0.000545232 6.73553)
(0.00238404 -0.000218749 6.72098)
(0.0011674 -4.09124e-05 6.68502)
(0.000335839 -0.00109359 11.7255)
(0.00152457 -0.000437589 11.6894)
(0.00260905 0.00175185 11.5664)
(0.00118613 0.000562027 11.5191)
(0.00439632 0.00189039 11.4269)
(0.00558887 0.00478049 11.2543)
(0.00238386 0.00427742 11.1175)
(0.00638628 0.00504139 11.0205)
(0.0068686 0.00635134 10.8769)
(0.00264367 0.00646651 10.6542)
(0.00676654 0.0062718 10.5885)
(0.0070918 0.00677074 10.4882)
(0.00262408 0.00682916 10.1965)
(0.00648766 0.00634431 10.1582)
(0.00656008 0.00632692 10.0934)
(0.00238112 0.00630895 9.73892)
(0.00575416 0.00558115 9.72062)
(0.0055984 0.00535314 9.68115)
(0.00205671 0.00510251 9.25834)
(0.00485693 0.00435174 9.25281)
(0.00443669 0.00409554 9.22951)
(0.00170815 0.00358514 8.71383)
(0.00390073 0.00282825 8.71482)
(0.00318833 0.00266631 8.70027)
(0.00136356 0.00201381 8.0265)
(0.00300212 0.00131509 8.02807)
(0.00206652 0.00134089 8.01617)
(0.00097967 0.000585495 6.74342)
(0.00205067 -6.6855e-05 6.73235)
(0.000973624 0.000102866 6.6993)
(0.000322177 -0.00109645 11.7198)
(0.00154306 -0.000291032 11.6814)
(0.00273137 0.00193169 11.5547)
(0.00126623 0.00101056 11.5006)
(0.00450941 0.00235444 11.4096)
(0.00568029 0.00498395 11.2431)
(0.00237286 0.00485542 11.0958)
(0.00628919 0.00549617 11.0063)
(0.0068213 0.00648731 10.8718)
(0.00257799 0.00690651 10.64)
(0.00657745 0.00664789 10.5815)
(0.00697457 0.00687161 10.4892)
(0.00251106 0.00722195 10.1894)
(0.00621229 0.00668798 10.1575)
(0.00638565 0.00640774 10.0994)
(0.00223686 0.00659773 9.73768)
(0.00542429 0.00587006 9.72492)
(0.00539615 0.00542669 9.69096)
(0.00189512 0.00531626 9.2616)
(0.00449642 0.00460664 9.26085)
(0.00422348 0.00417473 9.24206)
(0.0015407 0.00372109 8.72016)
(0.00352581 0.00304204 8.72545)
(0.00297702 0.00275977 8.71446)
(0.00120357 0.00210055 8.03447)
(0.00263501 0.00149553 8.03988)
(0.00186528 0.0014483 8.0308)
(0.000844826 0.000612172 6.75198)
(0.00172567 6.7397e-05 6.74397)
(0.0007994 0.000218883 6.71306)
(0.000306104 -0.00109498 11.7131)
(0.00156034 -0.00016118 11.6722)
(0.00281699 0.0020727 11.5425)
(0.00132592 0.00141818 11.4809)
(0.00455958 0.00274569 11.3918)
(0.00568891 0.00510974 11.2318)
(0.00232338 0.0053076 11.0745)
(0.00612395 0.00582068 10.9924)
(0.00670214 0.00652942 10.8667)
(0.00247976 0.00721114 10.6264)
(0.00632769 0.00689573 10.5748)
(0.0067914 0.00687597 10.49)
(0.00237015 0.00747645 10.183)
(0.00588822 0.00689922 10.1571)
(0.00615915 0.00639508 10.105)
(0.00207116 0.00676353 9.73726)
(0.0050616 0.00604404 9.72946)
(0.00515653 0.00541678 9.70032)
(0.00171859 0.00543036 9.26567)
(0.00411741 0.00476417 9.26908)
(0.00398777 0.00418291 9.25405)
(0.00136251 0.00378796 8.7272)
(0.00314563 0.00318327 8.73623)
(0.00275906 0.00279727 8.72803)
(0.00103557 0.00214521 8.04308)
(0.00227372 0.00163029 8.0518)
(0.00167118 0.00151465 8.0448)
(0.000703602 0.000626535 6.76102)
(0.00141419 0.0001836 6.75562)
(0.000644295 0.000310122 6.72618)
(0.00029176 -0.00107347 11.7055)
(0.00158328 -3.5871e-05 11.6619)
(0.00287676 0.00218826 11.5299)
(0.00136524 0.001794 11.4604)
(0.00455604 0.00307682 11.3739)
(0.00563413 0.00517492 11.2208)
(0.00224426 0.00565135 11.0539)
(0.00590873 0.00603931 10.9789)
(0.00652977 0.00649946 10.8616)
(0.00235719 0.00740138 10.6136)
(0.00603373 0.00703789 10.5684)
(0.00655954 0.00680584 10.4906)
(0.00221008 0.00761027 10.1775)
(0.00553129 0.00699989 10.1569)
(0.00589538 0.00631002 10.1103)
(0.00189239 0.00682235 9.73761)
(0.00467965 0.00612152 9.73414)
(0.00489135 0.00534221 9.70919)
(0.00153467 0.00545711 9.2704)
(0.00373105 0.00483879 9.27737)
(0.00373809 0.00413565 9.26542)
(0.00118057 0.00379461 8.73478)
(0.0027688 0.00326167 8.747)
(0.00253925 0.00279038 8.7409)
(0.00086582 0.00215319 8.05212)
(0.00192429 0.00172411 8.06364)
(0.00148574 0.00154765 8.05806)
(0.000561291 0.000630079 6.77033)
(0.00112007 0.00028239 6.7671)
(0.000506907 0.000380353 6.73855)
(0.000282193 -0.00101961 11.6969)
(0.00161588 9.71327e-05 11.6508)
(0.00291925 0.00228999 11.5171)
(0.00138571 0.00214515 11.4395)
(0.00450759 0.0033609 11.356)
(0.00553203 0.00519635 11.2099)
(0.00214404 0.00590286 11.0341)
(0.00565885 0.0061734 10.966)
(0.00631988 0.00641725 10.8565)
(0.00221809 0.00749698 10.6017)
(0.00571013 0.00709526 10.5624)
(0.00629412 0.00668145 10.4912)
(0.00203879 0.00764151 10.1728)
(0.00515559 0.00701162 10.157)
(0.00560744 0.00617198 10.1153)
(0.00170833 0.00679222 9.73866)
(0.00429009 0.00611991 9.73891)
(0.00461075 0.00522 9.71755)
(0.00134969 0.00541156 9.27565)
(0.00334621 0.00484429 9.28563)
(0.00348186 0.00404707 9.27614)
(0.00100046 0.00375091 8.74276)
(0.00240218 0.00328774 8.75762)
(0.00232187 0.00275001 8.75301)
(0.00069927 0.00213055 8.06143)
(0.00159118 0.00178265 8.07523)
(0.00131014 0.00155475 8.07052)
(0.000422147 0.000624489 6.77975)
(0.000845695 0.000365172 6.77826)
(0.000385484 0.000433455 6.75012)
(0.000279777 -0.000925771 11.6875)
(0.00165896 0.00024571 11.639)
(0.0029498 0.00238657 11.5043)
(0.00138881 0.00247609 11.4184)
(0.00442213 0.00360729 11.3384)
(0.00539649 0.00518801 11.1994)
(0.00202996 0.00607746 11.0154)
(0.00538692 0.00624196 10.9536)
(0.0060858 0.00629961 10.8517)
(0.00206897 0.00751648 10.5907)
(0.00536917 0.00708658 10.5569)
(0.00600828 0.0065201 10.4916)
(0.00186269 0.00758867 10.1689)
(0.00477279 0.00695446 10.1573)
(0.00530671 0.00599772 10.12)
(0.00152503 0.00669113 9.74035)
(0.00390245 0.00605586 9.74372)
(0.00432388 0.00506528 9.72541)
(0.0011684 0.00530907 9.28133)
(0.00297007 0.00479422 9.2938)
(0.00322592 0.00392977 9.2862)
(0.000826186 0.00366728 8.751)
(0.00205098 0.00327183 8.76799)
(0.0021107 0.00268562 8.76434)
(0.000539284 0.00208364 8.07087)
(0.00127743 0.00181199 8.08646)
(0.00114551 0.00154251 8.08216)
(0.000288932 0.000611663 6.78913)
(0.000592178 0.000433779 6.78897)
(0.000278475 0.000472851 6.76086)
(0.000285384 -0.000788344 11.6773)
(0.00171156 0.000413814 11.6265)
(0.00297268 0.00248343 11.4916)
(0.0013761 0.00278936 11.3975)
(0.00430717 0.00382302 11.3213)
(0.00523937 0.00516012 11.1893)
(0.00190778 0.00618969 10.9977)
(0.00510306 0.00626099 10.9419)
(0.0058386 0.00615985 10.847)
(0.00191495 0.00747713 10.5808)
(0.00502081 0.00702752 10.5518)
(0.00571311 0.00633559 10.4919)
(0.00168656 0.0074707 10.1658)
(0.00439189 0.00684516 10.1578)
(0.00500289 0.00580081 10.1244)
(0.00134626 0.00653632 9.7426)
(0.00352397 0.00594435 9.74855)
(0.00403861 0.00489008 9.73278)
(0.000993775 0.00516347 9.28734)
(0.0026083 0.00470203 9.30182)
(0.002976 0.00379392 9.2956)
(0.000660184 0.00355333 8.7594)
(0.00171904 0.00322412 8.77803)
(0.00190902 0.00260508 8.7749)
(0.000387772 0.00201831 8.08032)
(0.000984971 0.00181843 8.09724)
(0.000992806 0.00151646 8.09296)
(0.000162914 0.000593432 6.79838)
(0.000359526 0.000490405 6.79917)
(0.000184589 0.000501399 6.77076)
(0.000299108 -0.000607521 11.6663)
(0.00177098 0.000602625 11.6136)
(0.00299022 0.00258386 11.479)
(0.00134964 0.0030855 11.3771)
(0.00416965 0.00401288 11.3048)
(0.00507006 0.00512044 11.1796)
(0.00178232 0.00625242 10.9813)
(0.00481537 0.00624367 10.931)
(0.00558693 0.00600844 10.8425)
(0.00176036 0.00739355 10.5718)
(0.00467328 0.0069312 10.5473)
(0.00541736 0.00613876 10.4922)
(0.00151444 0.0073049 10.1634)
(0.00402013 0.00669789 10.1586)
(0.00470349 0.00559204 10.1285)
(0.00117494 0.00634313 9.74533)
(0.0031604 0.0057985 9.7534)
(0.0037611 0.00470397 9.73968)
(0.000828275 0.00498692 9.2936)
(0.00226555 0.00457984 9.30964)
(0.00273641 0.00364775 9.30437)
(0.000504453 0.00341777 8.76785)
(0.0014093 0.00315358 8.78768)
(0.00171913 0.00251483 8.7847)
(0.000246292 0.00193973 8.08969)
(0.000715185 0.0018077 8.10751)
(0.000852493 0.00148122 8.10294)
(4.50751e-05 0.000571405 6.8074)
(0.000147403 0.000537149 6.80879)
(0.00010243 0.000521586 6.77985)
(0.000320557 -0.00038673 11.6547)
(0.00183366 0.000811485 11.6003)
(0.00300336 0.0026893 11.4667)
(0.00131224 0.0033633 11.3572)
(0.00401609 0.00418013 11.289)
(0.00489558 0.00507464 11.1703)
(0.00165781 0.00627624 10.9661)
(0.00453044 0.0062007 10.9207)
(0.0053372 0.0058535 10.8382)
(0.0016092 0.00727704 10.5639)
(0.00433364 0.00680873 10.5431)
(0.00512752 0.00593788 10.4925)
(0.00135019 0.00710555 10.1618)
(0.00366373 0.00652474 10.1595)
(0.00441393 0.00537981 10.1324)
(0.00101397 0.00612436 9.7485)
(0.0028166 0.00562931 9.75823)
(0.00349566 0.00451446 9.74613)
(0.000674469 0.00478998 9.30005)
(0.00194568 0.00443758 9.31724)
(0.00251003 0.00349774 9.31254)
(0.000361107 0.00326847 8.7763)
(0.00112407 0.00306725 8.79692)
(0.0015424 0.00241998 8.79378)
(0.000116595 0.00185263 8.09889)
(0.000469182 0.0017843 8.11726)
(0.000724559 0.0014406 8.11214)
(-6.32082e-05 0.00054698 6.81614)
(-4.4335e-05 0.000575578 6.81782)
(3.04967e-05 0.00053561 6.78816)
(0.000348384 -0.000131881 11.6425)
(0.00189581 0.00103714 11.5869)
(0.00301291 0.00279992 11.4547)
(0.00126676 0.00362068 11.3382)
(0.00385284 0.00432707 11.274)
(0.00472165 0.00502635 11.1614)
(0.00153754 0.00626963 10.9521)
(0.00425371 0.0061408 10.9112)
(0.00509416 0.00570032 10.8342)
(0.00146482 0.00713618 10.5569)
(0.00400785 0.00666935 10.5395)
(0.00484826 0.00573873 10.4928)
(0.00119708 0.0068842 10.1609)
(0.00332777 0.00633562 10.1607)
(0.00413792 0.00517014 10.136)
(0.000865797 0.00589064 9.75203)
(0.0024964 0.00544549 9.76303)
(0.00324517 0.00432691 9.75216)
(0.000534481 0.00458163 9.30662)
(0.00165158 0.00428306 9.32458)
(0.00229871 0.00334865 9.32013)
(0.000231871 0.00311214 8.78467)
(0.000864995 0.00297061 8.80573)
(0.00137962 0.00232433 8.80217)
(1.67957e-07 0.00176108 8.10789)
(0.000247747 0.00175168 8.12646)
(0.000608774 0.00139745 8.1206)
(-0.000160567 0.000521316 6.82456)
(-0.000215723 0.000606787 6.82626)
(-3.25352e-05 0.00054522 6.79573)
(0.0003805 0.000149701 11.6299)
(0.00195368 0.00127493 11.5734)
(0.00301941 0.00291446 11.443)
(0.00121596 0.0038554 11.3201)
(0.0036853 0.00445527 11.2598)
(0.00455235 0.00497775 11.153)
(0.00142372 0.00623954 10.9393)
(0.003989 0.00607023 10.9025)
(0.00486115 0.00555237 10.8304)
(0.00132959 0.00697792 10.5509)
(0.00370017 0.00651983 10.5363)
(0.00458289 0.00554516 10.4931)
(0.00105708 0.00665017 10.1606)
(0.00301565 0.00613818 10.1621)
(0.00387803 0.00496709 10.1394)
(0.000731884 0.00565035 9.75589)
(0.00220225 0.00525393 9.7678)
(0.0030115 0.00414497 9.75781)
(0.000409459 0.00436908 9.31327)
(0.0013849 0.00412233 9.33168)
(0.00210359 0.00320371 9.32719)
(0.00011761 0.00295404 8.79294)
(0.000632904 0.00286798 8.81411)
(0.00123121 0.00223047 8.80993)
(-0.00010222 0.00166834 8.11664)
(5.1111e-05 0.0017126 8.13512)
(0.000504837 0.00135372 8.12836)
(-0.000246195 0.000495309 6.83264)
(-0.000367007 0.00063165 6.83413)
(-8.76762e-05 0.000551655 6.80263)
(0.000414012 0.000450454 11.6169)
(0.00200356 0.00151986 11.5598)
(0.00302329 0.00303107 11.4316)
(0.00116213 0.00406528 11.3029)
(0.00351774 0.00456559 11.2464)
(0.00439051 0.00492981 11.1449)
(0.00131742 0.00619173 10.9277)
(0.00373867 0.00599312 10.8944)
(0.00464046 0.00541152 10.8268)
(0.00120472 0.00680809 10.5458)
(0.00341311 0.00636466 10.5336)
(0.00433354 0.00535935 10.4933)
(0.000930748 0.00641077 10.1608)
(0.00272911 0.0059381 10.1636)
(0.00363594 0.004773 10.1426)
(0.000612571 0.00540956 9.76)
(0.00193538 0.00506009 9.77252)
(0.00279576 0.00397082 9.7631)
(0.000299558 0.00415773 9.31995)
(0.00114621 0.00396013 9.33852)
(0.00192527 0.0030649 9.33377)
(1.83393e-05 0.00279806 8.80106)
(0.000427795 0.00276283 8.82208)
(0.00109724 0.00213999 8.81709)
(-0.00019056 0.00157682 8.12512)
(-0.00012106 0.00166931 8.14327)
(0.000412399 0.00131061 8.13549)
(-0.000319983 0.000469627 6.84037)
(-0.000498756 0.000650919 6.84144)
(-0.000135636 0.000555688 6.80892)
(0.000446714 0.000762902 11.6036)
(0.00204284 0.0017668 11.5465)
(0.00302453 0.00314756 11.4205)
(0.00110725 0.004249 11.2868)
(0.00335348 0.00465817 11.2338)
(0.00423774 0.00488269 11.1373)
(0.00121922 0.00613074 10.9172)
(0.00350406 0.00591185 10.887)
(0.0044333 0.00527845 10.8234)
(0.0010908 0.00663144 10.5415)
(0.00314794 0.00620666 10.5313)
(0.0041013 0.00518234 10.4936)
(0.000817921 0.00617155 10.1615)
(0.00246868 0.00573925 10.1653)
(0.0034124 0.00458904 10.1457)
(0.000507586 0.00517259 9.76433)
(0.00169597 0.004868 9.7772)
(0.00259826 0.00380562 9.76807)
(0.000204371 0.00395148 9.32663)
(0.000935228 0.00379984 9.34511)
(0.00176376 0.00293332 9.33989)
(-6.64169e-05 0.0026469 8.809)
(0.000249042 0.00265766 8.82964)
(0.000977444 0.00205377 8.82371)
(-0.000265291 0.00148823 8.13331)
(-0.000269528 0.00162351 8.15092)
(0.000331001 0.00126877 8.14203)
(-0.000382248 0.000444731 6.84776)
(-0.000611748 0.000665214 6.84825)
(-0.000176957 0.000557773 6.81464)
(0.000477922 0.00107887 11.5903)
(0.0020709 0.00201045 11.5333)
(0.0030229 0.00326146 11.4098)
(0.00105323 0.00440655 11.2718)
(0.00319513 0.00473287 11.222)
(0.00409466 0.00483604 11.1301)
(0.0011295 0.00605988 10.9078)
(0.00328601 0.00582759 10.8803)
(0.00424001 0.00515301 10.8203)
(0.000988091 0.00645157 10.5379)
(0.00290517 0.00604761 10.5294)
(0.00388633 0.00501437 10.494)
(0.000718251 0.00593649 10.1627)
(0.00223413 0.0055441 10.1672)
(0.00320732 0.00441551 10.1486)
(0.00041641 0.00494256 9.76883)
(0.00148349 0.00468025 9.78181)
(0.00241867 0.00364976 9.77275)
(0.000123252 0.00375303 9.33327)
(0.000751043 0.00364366 9.35146)
(0.00161856 0.00280935 9.3456)
(-0.000137351 0.0025024 8.81675)
(9.55711e-05 0.00255417 8.83682)
(0.000871224 0.00197217 8.82985)
(-0.000327043 0.00140368 8.14121)
(-0.000395334 0.00157636 8.15812)
(0.000260034 0.00122851 8.14806)
(-0.000433455 0.000420901 6.8548)
(-0.000706834 0.000675017 6.85459)
(-0.000212126 0.000558171 6.81986)
(0.000506899 0.00139049 11.5769)
(0.00208772 0.00224591 11.5204)
(0.00301836 0.00337019 11.3995)
(0.00100148 0.00453825 11.2577)
(0.00304456 0.00479004 11.211)
(0.00396138 0.00478929 11.1232)
(0.00104836 0.00598136 10.8993)
(0.00308478 0.00574092 10.8742)
(0.00406035 0.0050345 10.8174)
(0.000896532 0.00627093 10.535)
(0.00268466 0.00588874 10.5279)
(0.00368821 0.00485513 10.4943)
(0.000631174 0.00570821 10.1642)
(0.00202466 0.00535415 10.1692)
(0.00302005 0.0042522 10.1514)
(0.000338302 0.00472152 9.77345)
(0.0012968 0.00449839 9.78637)
(0.00225617 0.00350314 9.77716)
(5.53451e-05 0.00356409 9.33985)
(0.000592257 0.00349294 9.35757)
(0.00148879 0.00269296 9.35095)
(-0.000195342 0.00236569 8.8243)
(-3.40739e-05 0.00245342 8.84364)
(0.000777722 0.0018952 8.83554)
(-0.00037661 0.00132387 8.14882)
(-0.00049979 0.00152863 8.16488)
(0.000198776 0.00118989 8.15361)
(-0.000474198 0.000398293 6.86151)
(-0.000784981 0.000680706 6.86049)
(-0.000241607 0.000557027 6.82464)
(0.000532509 0.00169152 11.5637)
(0.0020935 0.0024693 11.5078)
(0.00301116 0.00347146 11.3895)
(0.000952832 0.00464443 11.2447)
(0.00290297 0.0048305 11.2007)
(0.00383763 0.0047417 11.1167)
(0.000975485 0.00589654 10.8918)
(0.00290014 0.00565209 10.8687)
(0.00389374 0.00492183 10.8146)
(0.000815679 0.00609107 10.5328)
(0.0024857 0.00573093 10.5267)
(0.00350609 0.004704 10.4947)
(0.000555892 0.00548826 10.1661)
(0.00183895 0.00517021 10.1714)
(0.0028495 0.00409844 10.1541)
(0.000272306 0.00451066 9.77817)
(0.00113428 0.00432324 9.79086)
(0.00210966 0.00336531 9.78134)
(-4.09338e-07 0.0033856 9.34633)
(0.000457075 0.00334835 9.36347)
(0.00137333 0.00258378 9.35596)
(-0.000241452 0.00223735 8.83162)
(-0.000141671 0.00235597 8.85013)
(0.000695941 0.00182262 8.84083)
(-0.000414957 0.00124915 8.15613)
(-0.000584458 0.00148079 8.17126)
(0.000146445 0.00115281 8.15874)
(-0.000505228 0.000377003 6.86791)
(-0.000847307 0.000682578 6.86601)
(-0.00026583 0.000554402 6.82903)
(0.000554032 0.00197677 11.5506)
(0.00208877 0.00267742 11.4956)
(0.00300122 0.00356237 11.3799)
(0.000907784 0.00472597 11.2327)
(0.00277093 0.00485514 11.1911)
(0.00372284 0.00469292 11.1105)
(0.000910381 0.00580637 10.885)
(0.00273144 0.00556105 10.8637)
(0.00373932 0.00481385 10.8121)
(0.000744843 0.00591303 10.5311)
(0.00230715 0.00557469 10.5259)
(0.00333888 0.00456018 10.4951)
(0.000491401 0.00527744 10.1682)
(0.00167532 0.00499257 10.1737)
(0.00269445 0.00395345 10.1566)
(0.000217297 0.00431052 9.78293)
(0.000993997 0.00415519 9.79528)
(0.00197784 0.00323559 9.7853)
(-4.52156e-05 0.00321788 9.35271)
(0.000343436 0.00321017 9.36915)
(0.00127096 0.00248126 9.36068)
(-0.00027688 0.00211754 8.83872)
(-0.00022921 0.0022621 8.8563)
(0.000624809 0.00175407 8.84578)
(-0.000443175 0.00117964 8.16316)
(-0.000651077 0.00143312 8.17727)
(0.000102226 0.00111712 8.1635)
(-0.000527402 0.000357069 6.87401)
(-0.000895055 0.000680921 6.87118)
(-0.000285221 0.000550331 6.83307)
(0.000571065 0.00224292 11.5379)
(0.00207621 0.00286768 11.4838)
(0.00299015 0.00364359 11.3706)
(0.000866647 0.0047843 11.2216)
(0.00264875 0.0048651 11.1822)
(0.003616 0.00464054 11.1047)
(0.000852459 0.00571155 10.8791)
(0.00257797 0.00546746 10.8593)
(0.00359624 0.00470921 10.8098)
(0.0006832 0.0057375 10.5298)
(0.00214767 0.00542029 10.5253)
(0.0031853 0.0044225 10.4956)
(0.000436629 0.00507597 10.1706)
(0.00153192 0.00482117 10.176)
(0.00255348 0.00381612 10.1591)
(0.000172089 0.00412114 9.78772)
(0.000873891 0.00399419 9.79963)
(0.00185931 0.00311311 9.78907)
(-8.03235e-05 0.00306084 9.35896)
(0.000249194 0.00307834 9.37462)
(0.00118036 0.00238467 9.36512)
(-0.000302863 0.00200608 8.8456)
(-0.000298744 0.00217187 8.86218)
(0.000563225 0.00168907 8.8504)
(-0.000462396 0.00111521 8.16991)
(-0.000701429 0.00138577 8.18296)
(6.53007e-05 0.00108253 8.16793)
(-0.000541612 0.00033845 6.87982)
(-0.000929482 0.000676008 6.87603)
(-0.00030018 0.000544811 6.83681)
(0.000584065 0.00248696 11.5255)
(0.00205651 0.00303885 11.4725)
(0.00297688 0.00371277 11.3617)
(0.000829384 0.00482104 11.2113)
(0.00253599 0.00486088 11.1738)
(0.00351621 0.00458509 11.0992)
(0.000801083 0.00561252 10.8738)
(0.00243856 0.00537119 10.8552)
(0.00346331 0.00460714 10.8076)
(0.000629821 0.00556491 10.529)
(0.00200553 0.00526786 10.5249)
(0.00304401 0.00429032 10.4961)
(0.000390454 0.00488372 10.1731)
(0.00140667 0.00465582 10.1784)
(0.00242516 0.00368569 10.1615)
(0.000135468 0.00394225 9.7925)
(0.000771715 0.00384006 9.8039)
(0.00175268 0.00299723 9.79267)
(-0.000106994 0.00291405 9.36507)
(0.000172071 0.00295268 9.37991)
(0.00110021 0.00229346 9.36933)
(-0.000320648 0.0019026 8.85224)
(-0.000352435 0.00208522 8.86779)
(0.000510078 0.00162727 8.85474)
(-0.000473777 0.00105561 8.17639)
(-0.000737413 0.0013389 8.18834)
(3.4823e-05 0.00104892 8.17206)
(-0.000548792 0.000321078 6.88537)
(-0.000951983 0.000668167 6.8806)
(-0.000311168 0.000537924 6.84028)
(0.000592951 0.00270705 11.5135)
(0.00203104 0.00318968 11.4616)
(0.00296161 0.00376879 11.3531)
(0.000795714 0.00483813 11.2019)
(0.00243223 0.004844 11.1661)
(0.00342269 0.00452623 11.094)
(0.000755505 0.00550966 10.8691)
(0.00231201 0.00527217 10.8516)
(0.00333947 0.00450659 10.8056)
(0.000583712 0.00539557 10.5286)
(0.00187904 0.00511761 10.5248)
(0.00291375 0.00416285 10.4967)
(0.000351759 0.00470028 10.1758)
(0.00129757 0.00449633 10.1809)
(0.0023081 0.00356131 10.1639)
(0.000106264 0.00377329 9.79726)
(0.000685368 0.00369264 9.80808)
(0.00165659 0.00288722 9.79612)
(-0.000126399 0.00277692 9.37103)
(0.000109925 0.00283294 9.385)
(0.00102925 0.00220702 9.37332)
(-0.000331408 0.00180667 8.85866)
(-0.000392359 0.002002 8.87315)
(0.000464305 0.00156827 8.85884)
(-0.000478425 0.00100056 8.18261)
(-0.000760868 0.00129256 8.19345)
(9.98631e-06 0.0010161 8.17594)
(-0.000549854 0.000304875 6.89067)
(-0.000963927 0.000657713 6.88492)
(-0.000318623 0.000529743 6.84352)
(0.000598173 0.00290243 11.5019)
(0.00200143 0.00332003 11.4512)
(0.00294438 0.00381166 11.3449)
(0.000765367 0.00483764 11.1931)
(0.00233687 0.00481558 11.159)
(0.00333449 0.00446349 11.089)
(0.000715053 0.00540333 10.865)
(0.00219714 0.00517032 10.8484)
(0.00322367 0.00440679 10.8038)
(0.000543943 0.00522969 10.5285)
(0.00176651 0.00496964 10.5249)
(0.00279328 0.00403944 10.4973)
(0.000319499 0.00452516 10.1786)
(0.00120265 0.0043424 10.1835)
(0.00220097 0.00344223 10.1662)
(8.33739e-05 0.00361366 9.80196)
(0.000612792 0.00355164 9.81218)
(0.00156973 0.00278244 9.79943)
(-0.000139652 0.00264878 9.37683)
(6.06821e-05 0.00271879 9.38992)
(0.000966254 0.00212483 9.37711)
(-0.000336261 0.00171776 8.86485)
(-0.000420509 0.00192205 8.87828)
(0.000424903 0.00151175 8.8627)
(-0.000477403 0.00094969 8.18857)
(-0.00077358 0.00124683 8.1983)
(-9.98407e-06 0.000983966 8.17959)
(-0.000545701 0.000289752 6.89573)
(-0.000966696 0.000644984 6.889)
(-0.000322986 0.000520382 6.84655)
(0.000600212 0.00307298 11.4908)
(0.00196905 0.00343011 11.4412)
(0.00292514 0.00384139 11.337)
(0.00073795 0.00482168 11.1851)
(0.00224915 0.00477681 11.1523)
(0.00325074 0.00439671 11.0844)
(0.000679055 0.00529395 10.8614)
(0.00209274 0.00506572 10.8455)
(0.00311495 0.00430721 10.8022)
(0.000509588 0.00506749 10.5286)
(0.00166625 0.00482406 10.5252)
(0.00268145 0.00391951 10.4979)
(0.000292668 0.00435792 10.1814)
(0.00112001 0.00419371 10.186)
(0.00210255 0.0033278 10.1684)
(6.57205e-05 0.00346286 9.8066)
(0.000551968 0.00341664 9.8162)
(0.00149097 0.00268234 9.80261)
(-0.000147899 0.00252894 9.38246)
(2.23272e-05 0.00260994 9.39468)
(0.000910168 0.00204638 9.38073)
(-0.000336339 0.00163522 8.87081)
(-0.00043877 0.00184531 8.88319)
(0.000390986 0.00145745 8.86637)
(-0.000471791 0.000902607 8.19429)
(-0.000777275 0.00120187 8.20292)
(-2.57803e-05 0.000952427 8.18303)
(-0.000537285 0.000275621 6.90056)
(-0.000961693 0.000630357 6.89289)
(-0.00032466 0.000509961 6.84941)
(0.000599556 0.00321915 11.4802)
(0.00193504 0.00352054 11.4317)
(0.00290383 0.00385826 11.3295)
(0.000713042 0.00479225 11.1777)
(0.00216827 0.00472885 11.1461)
(0.00317072 0.0043259 11.08)
(0.000646876 0.00518199 10.8583)
(0.00199763 0.00495855 10.843)
(0.00301248 0.00420747 10.8007)
(0.000479785 0.00490917 10.529)
(0.00157668 0.00468095 10.5256)
(0.00257727 0.00380265 10.4986)
(0.000270331 0.00419812 10.1844)
(0.00104791 0.00404995 10.1886)
(0.00201181 0.0032175 10.1706)
(5.2329e-05 0.00332037 9.81117)
(0.000501067 0.00328727 9.82012)
(0.00141929 0.00258641 9.80568)
(-0.000152172 0.00241677 9.38792)
(-6.95342e-06 0.00250604 9.39927)
(0.000860087 0.00197128 9.38419)
(-0.000332668 0.00155847 8.87656)
(-0.000448856 0.00177172 8.88789)
(0.000361765 0.00140509 8.86985)
(-0.000462587 0.000858963 8.19978)
(-0.00077355 0.00115779 8.20734)
(-3.80136e-05 0.000921404 8.18629)
(-0.000525515 0.00026241 6.90519)
(-0.000950237 0.000614193 6.89658)
(-0.000323998 0.000498586 6.85211)
(0.000596696 0.00334185 11.4701)
(0.0019003 0.00359226 11.4226)
(0.0028804 0.00386279 11.3223)
(0.000690252 0.00475126 11.1709)
(0.00209349 0.00467282 11.1403)
(0.0030938 0.00425126 11.0759)
(0.00061797 0.00506788 10.8555)
(0.00191078 0.00484911 10.8407)
(0.00291552 0.00410742 10.7993)
(0.000453799 0.00475484 10.5295)
(0.00149641 0.0045404 10.5262)
(0.00247987 0.00368857 10.4994)
(0.000251695 0.00404529 10.1873)
(0.000984839 0.00391092 10.1912)
(0.00192778 0.00311084 10.1727)
(4.23831e-05 0.00318562 9.81564)
(0.000458518 0.00316324 9.82396)
(0.00135372 0.00249421 9.80864)
(-0.000153313 0.00231162 9.39321)
(-2.87381e-05 0.00240683 9.4037)
(0.000815174 0.00189921 9.3875)
(-0.000326094 0.00148697 8.88209)
(-0.000452283 0.00170114 8.8924)
(0.000336549 0.00135453 8.87317)
(-0.000450628 0.000818443 8.20504)
(-0.000763828 0.00111465 8.21155)
(-4.72377e-05 0.000890877 8.18939)
(-0.000511156 0.000250047 6.90961)
(-0.000933518 0.000596822 6.9001)
(-0.000321348 0.0004864 6.85466)
(0.000592085 0.00344232 11.4604)
(0.00186554 0.00364647 11.414)
(0.00285478 0.00385568 11.3154)
(0.000669226 0.00470045 11.1646)
(0.00202411 0.00460983 11.135)
(0.00301945 0.00417305 11.072)
(0.000591859 0.0049521 10.8531)
(0.00183121 0.00473781 10.8387)
(0.00282343 0.004007 10.7981)
(0.000431002 0.0046046 10.5303)
(0.00142419 0.00440254 10.5269)
(0.00238846 0.00357704 10.5002)
(0.000236086 0.003899 10.1903)
(0.000929443 0.00377644 10.1937)
(0.00184968 0.00300758 10.1748)
(3.51889e-05 0.00305805 9.82001)
(0.000422954 0.00304428 9.8277)
(0.00129353 0.00240548 9.81151)
(-0.000152031 0.0022129 9.39833)
(-4.43939e-05 0.00231204 9.40799)
(0.000774687 0.0018299 9.39068)
(-0.000317339 0.00142025 8.88741)
(-0.000450376 0.00163346 8.89673)
(0.000314717 0.00130562 8.87634)
(-0.000436635 0.000780748 8.21008)
(-0.000749358 0.00107256 8.21558)
(-5.39512e-05 0.000860839 8.19234)
(-0.000494879 0.000238462 6.91384)
(-0.000912606 0.000578555 6.90347)
(-0.000317033 0.000473542 6.85709)
(0.000586122 0.00352204 11.4513)
(0.00183122 0.00368452 11.4058)
(0.00282692 0.0038378 11.3088)
(0.000649659 0.0046414 11.1588)
(0.00195946 0.00454089 11.13)
(0.00294723 0.00409163 11.0684)
(0.000568127 0.00483511 10.851)
(0.00175806 0.00462507 10.837)
(0.00273563 0.00390628 10.797)
(0.000410859 0.00445851 10.5311)
(0.00135892 0.0042675 10.5277)
(0.00230236 0.00346793 10.501)
(0.000222935 0.00375889 10.1932)
(0.00088055 0.00364636 10.1963)
(0.00177679 0.00290746 10.1769)
(3.01574e-05 0.00293717 9.82428)
(0.000393178 0.00293018 9.83134)
(0.00123801 0.00231997 9.81428)
(-0.000148928 0.00212006 9.40329)
(-5.51088e-05 0.00222142 9.41213)
(0.000738007 0.00176314 9.39373)
(-0.000307017 0.00135789 8.89253)
(-0.000444286 0.00156857 8.90089)
(0.000295747 0.00125828 8.87937)
(-0.000421227 0.00074561 8.21492)
(-0.000731235 0.00103157 8.21944)
(-5.85833e-05 0.000831309 8.19515)
(-0.000477267 0.000227592 6.91789)
(-0.00088846 0.000559675 6.90669)
(-0.000311346 0.000460152 6.8594)
(0.000579145 0.00358264 11.4426)
(0.00179764 0.0037078 11.398)
(0.0027968 0.0038101 11.3026)
(0.000631285 0.00457549 11.1534)
(0.00189896 0.00446689 11.1254)
(0.00287681 0.00400743 11.065)
(0.000546418 0.00471739 10.8491)
(0.00169054 0.00451135 10.8354)
(0.00265167 0.00380543 10.7961)
(0.00039291 0.00431661 10.5321)
(0.00129963 0.00413537 10.5285)
(0.00222103 0.00336121 10.5018)
(0.000211759 0.0036246 10.1961)
(0.000837162 0.0035205 10.1989)
(0.00170856 0.00281034 10.1789)
(2.67849e-05 0.0028225 9.82844)
(0.000368177 0.00282062 9.8349)
(0.00118667 0.00223752 9.81697)
(-0.00014452 0.00203262 9.40807)
(-6.18856e-05 0.00213465 9.41613)
(0.000704721 0.00169884 9.39668)
(-0.000295673 0.00129948 8.89744)
(-0.000434949 0.00150632 8.90489)
(0.000279288 0.00121239 8.88228)
(-0.000404946 0.000712791 8.21955)
(-0.00071033 0.000991792 8.22314)
(-6.14677e-05 0.000802217 8.19784)
(-0.000458846 0.00021739 6.92177)
(-0.000861864 0.000540421 6.90977)
(-0.000304478 0.000446297 6.86161)
(0.000571424 0.00362583 11.4344)
(0.00176494 0.00371773 11.3906)
(0.00276442 0.00377359 11.2966)
(0.000613884 0.00450397 11.1484)
(0.00184208 0.00438868 11.1211)
(0.00280793 0.00392091 11.0618)
(0.00052642 0.00459939 10.8475)
(0.00162798 0.0043971 10.8341)
(0.00257119 0.00370467 10.7952)
(0.000376765 0.00417891 10.5332)
(0.00124551 0.00400624 10.5295)
(0.00214399 0.00325684 10.5027)
(0.000202151 0.00349585 10.1991)
(0.00079842 0.00339875 10.2014)
(0.00164449 0.0027161 10.1809)
(2.46563e-05 0.00271362 9.83249)
(0.000347094 0.00271542 9.83835)
(0.001139 0.00215795 9.81958)
(-0.000139224 0.00195013 9.41269)
(-6.55695e-05 0.00205151 9.41999)
(0.000674385 0.00163688 9.39951)
(-0.000283735 0.00124468 8.90217)
(-0.000423185 0.00144661 8.90873)
(0.000264966 0.00116792 8.88507)
(-0.000388232 0.00068208 8.224)
(-0.000687433 0.000953283 8.2267)
(-6.29167e-05 0.000773597 8.20042)
(-0.000440048 0.00020781 6.92549)
(-0.000833547 0.000521002 6.91273)
(-0.000296649 0.000432112 6.86372)
(0.000563183 0.00365333 11.4266)
(0.00173316 0.00371575 11.3836)
(0.00272982 0.00372929 11.291)
(0.000597286 0.00442792 11.1438)
(0.00178833 0.00430704 11.1171)
(0.00274034 0.00383251 11.0588)
(0.000507887 0.00448157 10.8462)
(0.00156974 0.00428279 10.8329)
(0.00249379 0.00360422 10.7945)
(0.000362126 0.00404542 10.5343)
(0.00119582 0.00388024 10.5305)
(0.00207076 0.00315482 10.5036)
(0.000193807 0.00337236 10.2019)
(0.000763579 0.00328108 10.2039)
(0.00158406 0.00262464 10.1829)
(2.34693e-05 0.00261016 9.83643)
(0.000329191 0.00261448 9.84172)
(0.00109447 0.00208114 9.82211)
(-0.000133332 0.00187221 9.41714)
(-6.68676e-05 0.00197198 9.42372)
(0.000646458 0.0015771 9.40225)
(-0.000271486 0.00119318 8.90672)
(-0.00040973 0.0013894 8.91243)
(0.000252327 0.0011249 8.88776)
(-0.000371386 0.000653277 8.22827)
(-0.000663292 0.000916033 8.23011)
(-6.32538e-05 0.000745628 8.20289)
(-0.000421171 0.0001988 6.92905)
(-0.000804197 0.000501617 6.91557)
(-0.000288165 0.000417808 6.86575)
(0.000554601 0.00366681 11.4192)
(0.00170224 0.00370321 11.3769)
(0.00269302 0.00367822 11.2856)
(0.000581372 0.00434825 11.1396)
(0.00173732 0.00422265 11.1134)
(0.00267387 0.0037427 11.056)
(0.000490628 0.00436431 10.845)
(0.00151529 0.00416889 10.8319)
(0.00241915 0.00350433 10.7939)
(0.000348762 0.00391609 10.5355)
(0.00114995 0.00375749 10.5315)
(0.00200092 0.00305518 10.5045)
(0.000186495 0.00325388 10.2048)
(0.000732025 0.00316742 10.2063)
(0.00152684 0.00253589 10.1848)
(2.29974e-05 0.00251174 9.84025)
(0.000313866 0.00251765 9.84499)
(0.00105268 0.00200699 9.82456)
(-0.000127065 0.00179849 9.42144)
(-6.63503e-05 0.00189594 9.42732)
(0.000620562 0.00151942 9.40489)
(-0.000259144 0.00114468 8.91109)
(-0.000395146 0.00133464 8.91598)
(0.000241047 0.0010833 8.89035)
(-0.000354634 0.000626206 8.23237)
(-0.000638466 0.000880061 8.23339)
(-6.27404e-05 0.000718391 8.20527)
(-0.000402438 0.000190312 6.93247)
(-0.00077433 0.000482439 6.9183)
(-0.000279253 0.000403513 6.8677)
(0.000545814 0.0036679 11.4122)
(0.00167209 0.00368141 11.3706)
(0.00265414 0.00362137 11.2805)
(0.000566047 0.00426576 11.1357)
(0.0016887 0.00413614 11.1099)
(0.00260839 0.00365193 11.0534)
(0.00047448 0.00424799 10.844)
(0.00146419 0.00405578 10.831)
(0.00234703 0.00340528 10.7933)
(0.00033648 0.00379087 10.5368)
(0.0011074 0.00363805 10.5326)
(0.00193416 0.00295796 10.5055)
(0.000180026 0.00314017 10.2075)
(0.000703259 0.0030577 10.2087)
(0.00147251 0.00244984 10.1867)
(2.30574e-05 0.00241802 9.84396)
(0.000300638 0.00242479 9.84817)
(0.0010133 0.00193542 9.82695)
(-0.000120597 0.00172862 9.42559)
(-6.44685e-05 0.00182322 9.4308)
(0.000596423 0.00146379 9.40744)
(-0.000246878 0.0010989 8.91529)
(-0.000379854 0.00128225 8.91941)
(0.00023089 0.00104314 8.89284)
(-0.000338144 0.000600702 8.2363)
(-0.000613364 0.000845388 8.23654)
(-6.15844e-05 0.000691925 8.20755)
(-0.000384014 0.000182307 6.93574)
(-0.000744343 0.000463592 6.92093)
(-0.000270085 0.000389325 6.86957)
(0.000536919 0.0036581 11.4056)
(0.00164258 0.00365152 11.3646)
(0.00261331 0.00355965 11.2756)
(0.00055124 0.00418113 11.132)
(0.00164216 0.00404805 11.1067)
(0.00254385 0.00356062 11.0509)
(0.000459306 0.00413293 10.8431)
(0.00141603 0.00394383 10.8303)
(0.00227724 0.00330732 10.7929)
(0.000325126 0.00366966 10.5381)
(0.00106772 0.00352195 10.5337)
(0.00187022 0.00286321 10.5065)
(0.000174248 0.00303098 10.2103)
(0.000676874 0.00295186 10.2111)
(0.00142079 0.00236644 10.1886)
(2.35146e-05 0.00232867 9.84755)
(0.000289127 0.00233575 9.85126)
(0.000976073 0.00186638 9.82927)
(-0.000114049 0.00166229 9.42959)
(-6.15697e-05 0.00175371 9.43416)
(0.000573807 0.00141018 9.40991)
(-0.0002348 0.00105556 8.91933)
(-0.00036416 0.00123218 8.9227)
(0.000221654 0.00100438 8.89524)
(-0.000322008 0.0005766 8.24007)
(-0.000588286 0.000812033 8.23957)
(-5.99734e-05 0.000666268 8.20975)
(-0.00036599 0.000174758 6.93889)
(-0.000714538 0.000445149 6.92346)
(-0.000260814 0.000375339 6.87136)
(0.000527982 0.00363883 11.3993)
(0.00161358 0.00361465 11.3589)
(0.00257067 0.00349396 11.271)
(0.000536898 0.00409494 11.1286)
(0.00159746 0.00395883 11.1037)
(0.00248019 0.00346918 11.0486)
(0.000444989 0.0040194 10.8424)
(0.00137048 0.00383332 10.8296)
(0.00220962 0.0032107 10.7925)
(0.000314562 0.0035524 10.5394)
(0.00103056 0.00340921 10.5349)
(0.00180886 0.00277095 10.5074)
(0.000169038 0.00292611 10.2129)
(0.000652523 0.00284981 10.2135)
(0.00137145 0.00228568 10.1904)
(2.42548e-05 0.00224341 9.85103)
(0.000279013 0.00225041 9.85425)
(0.000940767 0.00179981 9.83152)
(-0.000107519 0.00159922 9.43344)
(-5.79501e-05 0.00168726 9.43741)
(0.000552517 0.00135853 9.41229)
(-0.000223006 0.00101445 8.92322)
(-0.000348341 0.00118434 8.92588)
(0.000213176 0.000967019 8.89756)
(-0.000306319 0.000553781 8.24369)
(-0.000563494 0.000779991 8.24249)
(-5.80516e-05 0.000641443 8.21187)
(-0.000348467 0.000167641 6.94191)
(-0.000685183 0.000427176 6.92589)
(-0.000251554 0.000361627 6.8731)
(0.000519047 0.00361138 11.3933)
(0.00158495 0.00357177 11.3534)
(0.0025264 0.00342507 11.2666)
(0.000522976 0.00400772 11.1255)
(0.00155438 0.00386891 11.1009)
(0.0024174 0.00337797 11.0465)
(0.000431423 0.00390766 10.8418)
(0.00132723 0.0037245 10.8291)
(0.00214403 0.00311562 10.7922)
(0.000304673 0.00343902 10.5407)
(0.000995596 0.00329983 10.536)
(0.00174989 0.00268121 10.5084)
(0.000164283 0.00282538 10.2155)
(0.000629877 0.00275141 10.2157)
(0.00132428 0.00220752 10.1922)
(2.51605e-05 0.00216201 9.85441)
(0.000269987 0.00216854 9.85716)
(0.0009072 0.00173562 9.83371)
(-0.000101114 0.00153923 9.43716)
(-5.3882e-05 0.0016237 9.44055)
(0.000532404 0.0013088 9.4146)
(-0.000211606 0.000975459 8.92696)
(-0.000332655 0.00113861 8.92894)
(0.00020534 0.000931022 8.8998)
(-0.000291209 0.00053217 8.24717)
(-0.000539233 0.000749243 8.2453)
(-5.59085e-05 0.000617448 8.21392)
(-0.000331593 0.000160923 6.94481)
(-0.000656517 0.000409757 6.92823)
(-0.000242369 0.00034823 6.87477)
(0.000510136 0.00357694 11.3877)
(0.00155657 0.00352377 11.3483)
(0.00248069 0.00335371 11.2624)
(0.000509436 0.00391988 11.1225)
(0.00151274 0.00377865 11.0983)
(0.00235548 0.0032873 11.0444)
(0.000418513 0.00379795 10.8413)
(0.00128601 0.00361756 10.8287)
(0.00208037 0.00302228 10.7919)
(0.000295347 0.00332943 10.542)
(0.000962535 0.00319374 10.5372)
(0.00169316 0.00259402 10.5094)
(0.000159869 0.00272865 10.2181)
(0.000608686 0.00265658 10.218)
(0.00127914 0.00213192 10.1939)
(2.61443e-05 0.00208427 9.85768)
(0.000261829 0.00209002 9.85999)
(0.000875223 0.00167377 9.83584)
(-9.49145e-05 0.00148214 9.44075)
(-4.95757e-05 0.00156286 9.44358)
(0.000513353 0.00126092 9.41684)
(-0.000200673 0.000938469 8.93055)
(-0.000317289 0.00109485 8.93189)
(0.000198059 0.000896357 8.90196)
(-0.00027676 0.000511686 8.25052)
(-0.000515674 0.000719757 8.24801)
(-5.36095e-05 0.000594275 8.21589)
(-0.000315458 0.000154561 6.9476)
(-0.0006287 0.000392948 6.93048)
(-0.000233306 0.000335177 6.87637)
(0.000501263 0.00353656 11.3823)
(0.00152834 0.00347145 11.3434)
(0.00243373 0.00328052 11.2584)
(0.000496253 0.00383181 11.1198)
(0.00147237 0.00368834 11.0959)
(0.00229446 0.00319746 11.0426)
(0.00040618 0.00369044 10.8409)
(0.00124661 0.00351267 10.8283)
(0.00201855 0.00293082 10.7917)
(0.000286504 0.00322355 10.5434)
(0.000931151 0.0030909 10.5384)
(0.00163853 0.00250937 10.5104)
(0.000155719 0.00263572 10.2206)
(0.000588738 0.0025652 10.2202)
(0.00123588 0.00205886 10.1956)
(2.71404e-05 0.00200994 9.86084)
(0.000254362 0.00201471 9.86272)
(0.000844717 0.00161418 9.83791)
(-8.89685e-05 0.00142773 9.4442)
(-4.51668e-05 0.00150462 9.44651)
(0.000495265 0.00121485 9.419)
(-0.000190241 0.000903323 8.93401)
(-0.000302352 0.00105297 8.93474)
(0.00019126 0.000862994 8.90405)
(-0.000263002 0.000492239 8.25373)
(-0.00049291 0.000691503 8.25062)
(-5.12123e-05 0.000571918 8.21779)
(-0.000300092 0.000148519 6.95028)
(-0.000601821 0.000376779 6.93266)
(-0.000224407 0.000322491 6.87793)
(0.000492436 0.00349117 11.3772)
(0.00150017 0.00341552 11.3387)
(0.00238573 0.00320607 11.2547)
(0.000483412 0.00374381 11.1173)
(0.00143318 0.00359827 11.0936)
(0.00223436 0.00310872 11.0408)
(0.000394371 0.00358524 10.8406)
(0.00120884 0.00340996 10.828)
(0.00195851 0.00284139 10.7916)
(0.000278085 0.00312127 10.5447)
(0.000901268 0.00299126 10.5395)
(0.00158588 0.00242728 10.5114)
(0.000151787 0.00254643 10.223)
(0.000569876 0.00247715 10.2223)
(0.00119439 0.00198828 10.1973)
(2.81164e-05 0.00193882 9.8639)
(0.00024746 0.00194247 9.86538)
(0.000815568 0.0015568 9.83992)
(-8.32918e-05 0.0013758 9.44754)
(-4.07469e-05 0.00144886 9.44934)
(0.000478051 0.00117054 9.4211)
(-0.000180308 0.000869875 8.93734)
(-0.000287907 0.00101289 8.93748)
(0.000184875 0.000830902 8.90607)
(-0.000249925 0.000473751 8.25682)
(-0.000470992 0.000664434 8.25314)
(-4.87698e-05 0.000550369 8.21963)
(-0.000285482 0.000142769 6.95285)
(-0.000575927 0.000361253 6.93475)
(-0.000215712 0.000310193 6.87942)
(0.000483661 0.0034416 11.3724)
(0.00147202 0.00335661 11.3343)
(0.0023369 0.00313085 11.2511)
(0.000470908 0.00365612 11.1149)
(0.00139506 0.00350868 11.0915)
(0.00217523 0.00302127 11.0391)
(0.000383044 0.00348243 10.8404)
(0.00117257 0.00330954 10.8278)
(0.00190019 0.0027541 10.7915)
(0.000270058 0.00302244 10.546)
(0.000872748 0.00289477 10.5407)
(0.00153512 0.00234773 10.5124)
(0.000148055 0.00246059 10.2254)
(0.000551987 0.00239234 10.2244)
(0.00115455 0.00192015 10.1989)
(2.90687e-05 0.00187071 9.86686)
(0.000241036 0.00187316 9.86796)
(0.00078767 0.00150156 9.84188)
(-7.78715e-05 0.00132618 9.45075)
(-3.63655e-05 0.00139549 9.45208)
(0.000461624 0.00112793 9.42313)
(-0.000170837 0.000837992 8.94054)
(-0.00027398 0.000974529 8.94013)
(0.000178833 0.00080005 8.90802)
(-0.000237483 0.000456171 8.25979)
(-0.000449944 0.00063848 8.25557)
(-4.63337e-05 0.000529623 8.2214)
(-0.00027158 0.000137294 6.95533)
(-0.000551028 0.000346353 6.93677)
(-0.000207262 0.000298302 6.88087)
(0.00047494 0.00338857 11.3678)
(0.00144384 0.0032953 11.3301)
(0.00228742 0.0030553 11.2477)
(0.000458737 0.00356895 11.1127)
(0.00135796 0.00341981 11.0895)
(0.00211708 0.0029353 11.0376)
(0.00037217 0.00338207 10.8402)
(0.00113767 0.0032115 10.8277)
(0.00184353 0.00266902 10.7915)
(0.000262395 0.00292693 10.5474)
(0.000845475 0.00280139 10.5419)
(0.00148613 0.00227071 10.5134)
(0.000144512 0.00237803 10.2277)
(0.000534972 0.00231065 10.2264)
(0.00111625 0.00185441 10.2005)
(2.99993e-05 0.00180542 9.86973)
(0.000235011 0.00180665 9.87045)
(0.000760922 0.00144841 9.84378)
(-7.26929e-05 0.00127868 9.45386)
(-3.20669e-05 0.00134438 9.45472)
(0.000445905 0.00108698 9.42509)
(-0.000161797 0.000807555 8.94363)
(-0.000260587 0.000937796 8.94269)
(0.000173075 0.000770411 8.9099)
(-0.000225635 0.000439444 8.26265)
(-0.000429774 0.00061358 8.25791)
(-4.39475e-05 0.000509671 8.22311)
(-0.000258341 0.000132075 6.95772)
(-0.000527128 0.000332061 6.93872)
(-0.000199091 0.000286833 6.88226)
(0.000466271 0.0033327 11.3634)
(0.00141561 0.00323207 11.3261)
(0.00223747 0.00297977 11.2445)
(0.00044689 0.0034825 11.1106)
(0.0013218 0.00333184 11.0876)
(0.00205994 0.00285095 11.0361)
(0.000361711 0.0032842 10.8401)
(0.00110402 0.00311589 10.8276)
(0.00178846 0.00258622 10.7914)
(0.000255062 0.00283463 10.5487)
(0.000819329 0.00271104 10.5431)
(0.00143882 0.00219617 10.5143)
(0.000141138 0.00229862 10.2299)
(0.000518725 0.00223198 10.2284)
(0.00107939 0.00179101 10.2021)
(3.08921e-05 0.00174283 9.87251)
(0.000229295 0.00174279 9.87288)
(0.000735236 0.00139726 9.84562)
(-6.77665e-05 0.00123323 9.45685)
(-2.79231e-05 0.00129542 9.45727)
(0.000430829 0.00104763 9.427)
(-0.000153197 0.000778471 8.9466)
(-0.000247771 0.000902618 8.94516)
(0.000167561 0.000741945 8.91172)
(-0.000214378 0.000423489 8.2654)
(-0.000410494 0.000589718 8.26017)
(-4.1638e-05 0.000490501 8.22476)
(-0.000245761 0.000127087 6.96001)
(-0.000504247 0.00031838 6.94059)
(-0.000191218 0.000275794 6.88361)
(0.000457646 0.00327456 11.3593)
(0.00138731 0.00316736 11.3223)
(0.00218724 0.00290457 11.2414)
(0.000435353 0.00339694 11.1087)
(0.00128651 0.00324493 11.0859)
(0.00200385 0.00276833 11.0348)
(0.00035163 0.00318886 10.84)
(0.00107153 0.00302274 10.8275)
(0.00173495 0.00250571 10.7915)
(0.000248017 0.00274544 10.55)
(0.000794195 0.00262366 10.5442)
(0.00139311 0.00212409 10.5153)
(0.000137897 0.00222223 10.2321)
(0.000503142 0.0021562 10.2303)
(0.00104388 0.00172988 10.2037)
(3.17167e-05 0.00168283 9.87519)
(0.000223797 0.00168143 9.87522)
(0.000710543 0.00134806 9.84742)
(-6.31163e-05 0.00118971 9.45974)
(-2.40026e-05 0.00124846 9.45975)
(0.000416351 0.00100982 9.42884)
(-0.000145061 0.000750653 8.94946)
(-0.000235567 0.000868928 8.94754)
(0.000162268 0.000714609 8.91349)
(-0.000203723 0.000408231 8.26804)
(-0.000392112 0.000566882 8.26235)
(-3.94177e-05 0.000472089 8.22636)
(-0.00023385 0.000122314 6.96222)
(-0.000482401 0.000305307 6.9424)
(-0.000183646 0.000265181 6.88491)
(0.000449057 0.00321464 11.3553)
(0.00135895 0.00310157 11.3186)
(0.00213687 0.00282995 11.2385)
(0.000424109 0.0033124 11.1069)
(0.00125205 0.00315921 11.0842)
(0.00194882 0.00268753 11.0335)
(0.000341884 0.00309606 10.84)
(0.00104007 0.00293206 10.8275)
(0.00168294 0.0024275 10.7915)
(0.000241217 0.00265927 10.5512)
(0.000769965 0.00253915 10.5454)
(0.00134893 0.00205439 10.5163)
(0.000134747 0.00214876 10.2342)
(0.000488121 0.00208317 10.2322)
(0.00100966 0.00167096 10.2051)
(3.24316e-05 0.0016253 9.87779)
(0.000218433 0.00162244 9.8775)
(0.000686795 0.00130072 9.84916)
(-5.87762e-05 0.00114804 9.46253)
(-2.03538e-05 0.00120341 9.46213)
(0.000402442 0.000973486 9.43063)
(-0.00013741 0.000723997 8.95221)
(-0.00022399 0.000836681 8.94985)
(0.000157183 0.000688359 8.91519)
(-0.000193679 0.000393604 8.27059)
(-0.000374626 0.000545054 8.26445)
(-3.72894e-05 0.000454411 8.22791)
(-0.000222613 0.000117742 6.96435)
(-0.000461591 0.000292832 6.94415)
(-0.000176367 0.000254984 6.88617)
(0.000440497 0.00315335 11.3515)
(0.00133054 0.00303502 11.3151)
(0.00208652 0.00275612 11.2357)
(0.000413143 0.00322901 11.1052)
(0.00121837 0.00307479 11.0827)
(0.00189489 0.0026086 11.0323)
(0.000332442 0.00300582 10.84)
(0.00100959 0.00284383 10.8275)
(0.00163241 0.0023516 10.7916)
(0.000234627 0.00257603 10.5525)
(0.000746557 0.00245741 10.5465)
(0.00130621 0.00198704 10.5172)
(0.000131658 0.0020781 10.2363)
(0.000473591 0.00201278 10.2341)
(0.000976676 0.00161417 10.2066)
(3.30131e-05 0.00157012 9.88031)
(0.000213157 0.00156569 9.8797)
(0.000663951 0.00125519 9.85086)
(-5.47568e-05 0.00110808 9.46522)
(-1.69928e-05 0.00116018 9.46444)
(0.000389077 0.000938571 9.43236)
(-0.000130241 0.000698416 8.95487)
(-0.000213031 0.000805818 8.95207)
(0.000152295 0.000663151 8.91684)
(-0.000184229 0.000379561 8.27305)
(-0.000358012 0.000524196 8.26648)
(-3.52527e-05 0.000437437 8.2294)
(-0.000212034 0.000113363 6.9664)
(-0.000441794 0.000280934 6.94583)
(-0.000169372 0.000245188 6.88738)
(0.000431965 0.00309105 11.3479)
(0.00130211 0.00296802 11.3118)
(0.00203633 0.00268328 11.233)
(0.000402448 0.00314687 11.1036)
(0.00118545 0.00299178 11.0813)
(0.00184208 0.0025316 11.0312)
(0.000323285 0.00291809 10.84)
(0.000980017 0.00275803 10.8276)
(0.00158332 0.00227798 10.7917)
(0.000228233 0.00249561 10.5537)
(0.000723922 0.00237836 10.5476)
(0.00126492 0.00192197 10.5182)
(0.000128626 0.00201009 10.2383)
(0.000459523 0.00194492 10.2358)
(0.000944875 0.00155945 10.208)
(3.34736e-05 0.00151714 9.88274)
(0.000207966 0.00151111 9.88184)
(0.000641966 0.00121139 9.8525)
(-5.1027e-05 0.00106974 9.46782)
(-1.3905e-05 0.00111869 9.46668)
(0.00037622 0.000905021 9.43404)
(-0.000123514 0.000673864 8.95743)
(-0.000202666 0.000776247 8.95422)
(0.000147584 0.000638942 8.91844)
(-0.000175332 0.000366081 8.27542)
(-0.000342233 0.000504242 8.26844)
(-3.33105e-05 0.000421137 8.23084)
(-0.000202064 0.000109169 6.96837)
(-0.000422958 0.000269576 6.94746)
(-0.000162652 0.000235778 6.88855)
(0.000423463 0.00302805 11.3445)
(0.00127371 0.00290082 11.3087)
(0.00198644 0.00261156 11.2305)
(0.000392018 0.00306604 11.1021)
(0.00115329 0.00291026 11.0799)
(0.00179042 0.00245657 11.0302)
(0.000314403 0.00283283 10.8401)
(0.00095133 0.00267467 10.8277)
(0.00153566 0.00220664 10.7918)
(0.000222031 0.00241787 10.555)
(0.000702028 0.00230195 10.5487)
(0.001225 0.00185914 10.5191)
(0.000125658 0.0019446 10.2403)
(0.000445905 0.00187952 10.2376)
(0.000914204 0.00150673 10.2094)
(3.384e-05 0.00146622 9.8851)
(0.000202872 0.00145861 9.88391)
(0.00062079 0.00116926 9.85411)
(-4.75428e-05 0.00103293 9.47033)
(-1.1068e-05 0.00107884 9.46883)
(0.000363835 0.000872781 9.43567)
(-0.00011718 0.000650304 8.9599)
(-0.000192865 0.000747873 8.95629)
(0.000143032 0.000615692 8.91999)
(-0.000166934 0.000353145 8.2777)
(-0.000327244 0.000485126 8.27033)
(-3.14693e-05 0.000405487 8.23224)
(-0.000192648 0.00010515 6.97027)
(-0.000405025 0.000258723 6.94902)
(-0.000156206 0.000226744 6.88968)
(0.000414994 0.00296461 11.3412)
(0.00124536 0.00283365 11.3056)
(0.00193696 0.00254107 11.2281)
(0.000381848 0.00298658 11.1007)
(0.00112186 0.0028303 11.0787)
(0.00173992 0.00238352 11.0292)
(0.000305786 0.00274999 10.8402)
(0.000923489 0.0025937 10.8278)
(0.00148939 0.00213754 10.792)
(0.000216016 0.00234271 10.5562)
(0.000680843 0.00222808 10.5498)
(0.0011864 0.00179848 10.52)
(0.000122759 0.00188147 10.2422)
(0.000432721 0.00181651 10.2393)
(0.000884608 0.00145596 10.2108)
(3.41342e-05 0.00141723 9.88738)
(0.000197878 0.00140811 9.88592)
(0.000600373 0.00112874 9.85566)
(-4.42689e-05 0.000997559 9.47275)
(-8.46541e-06 0.00104054 9.47092)
(0.000351883 0.000841804 9.43725)
(-0.000111197 0.000627689 8.96228)
(-0.000183602 0.000720621 8.9583)
(0.000138616 0.000593366 8.92148)
(-0.000158988 0.000340726 8.27989)
(-0.000313006 0.000466797 8.27215)
(-2.97374e-05 0.000390467 8.23359)
(-0.00018373 0.000101296 6.9721)
(-0.000387946 0.000248348 6.95053)
(-0.000150036 0.000218079 6.89077)
(0.000406559 0.00290095 11.3381)
(0.00121711 0.00276673 11.3028)
(0.00188799 0.00247192 11.2258)
(0.000371931 0.00290855 11.0994)
(0.00109116 0.00275198 11.0775)
(0.0016906 0.00231247 11.0282)
(0.000297421 0.00266953 10.8404)
(0.000896459 0.00251511 10.8279)
(0.00144447 0.00207064 10.7922)
(0.00021018 0.00227002 10.5573)
(0.000660329 0.0021567 10.5509)
(0.00114907 0.00173992 10.5209)
(0.000119928 0.00182059 10.244)
(0.000419944 0.0017558 10.2409)
(0.000856033 0.00140705 10.2121)
(3.43653e-05 0.00137006 9.8896)
(0.000192975 0.00135954 9.88787)
(0.000580669 0.00108977 9.85717)
(-4.1187e-05 0.000963557 9.4751)
(-6.0911e-06 0.00100372 9.47294)
(0.000340334 0.000812041 9.43878)
(-0.000105536 0.000605966 8.96457)
(-0.000174853 0.000694437 8.96024)
(0.00013432 0.000571931 8.92293)
(-0.00015146 0.000328793 8.28201)
(-0.000299481 0.000449218 8.27392)
(-2.81213e-05 0.000376056 8.23489)
(-0.000175271 9.75949e-05 6.97387)
(-0.000371678 0.000238429 6.95199)
(-0.000144144 0.000209777 6.89183)
(0.000398163 0.00283729 11.3351)
(0.00118901 0.00270022 11.3)
(0.00183961 0.00240416 11.2236)
(0.000362258 0.00283199 11.0981)
(0.00106117 0.00267533 11.0763)
(0.00164245 0.00224338 11.0274)
(0.000289298 0.00259138 10.8405)
(0.000870205 0.00243886 10.828)
(0.00140088 0.00200588 10.7923)
(0.000204513 0.00219973 10.5585)
(0.000640451 0.00208773 10.5519)
(0.00111295 0.0016834 10.5218)
(0.000117159 0.00176188 10.2458)
(0.000407547 0.0016973 10.2425)
(0.000828429 0.00135994 10.2134)
(3.45358e-05 0.00132462 9.89174)
(0.000188148 0.0013128 9.88975)
(0.000561638 0.00105228 9.85864)
(-3.82871e-05 0.000930847 9.47736)
(-3.94224e-06 0.000968315 9.47489)
(0.000329162 0.000783445 9.44026)
(-0.000100181 0.000585081 8.96679)
(-0.000166599 0.000669277 8.96211)
(0.000130129 0.000551355 8.92433)
(-0.000144323 0.000317314 8.28405)
(-0.000286642 0.000432358 8.27562)
(-2.66253e-05 0.000362237 8.23615)
(-0.000167238 9.40351e-05 6.97557)
(-0.000356188 0.000228947 6.9534)
(-0.000138528 0.000201831 6.89285)
(0.000389809 0.0027738 11.3322)
(0.00116109 0.00263429 11.2974)
(0.00179191 0.00233785 11.2215)
(0.000352822 0.00275694 11.097)
(0.00103187 0.00260041 11.0753)
(0.00159548 0.00217626 11.0265)
(0.000281403 0.0025155 10.8407)
(0.000844693 0.0023649 10.8282)
(0.00135856 0.00194323 10.7925)
(0.000199005 0.00213173 10.5596)
(0.000621175 0.00202109 10.5529)
(0.001078 0.00162885 10.5227)
(0.000114447 0.00170523 10.2476)
(0.000395503 0.00164093 10.2441)
(0.000801753 0.00131455 10.2147)
(3.46457e-05 0.00128084 9.89381)
(0.000183386 0.00126783 9.89158)
(0.000543246 0.00101622 9.86007)
(-3.55626e-05 0.000899361 9.47955)
(-2.01511e-06 0.000934268 9.47678)
(0.000318343 0.000755967 9.4417)
(-9.51139e-05 0.000564982 8.96893)
(-0.000158821 0.000645099 8.96392)
(0.000126033 0.000531603 8.92568)
(-0.000137553 0.00030626 8.28602)
(-0.000274457 0.000416188 8.27726)
(-2.52501e-05 0.000348987 8.23737)
(-0.000159607 9.06081e-05 6.97721)
(-0.000341444 0.000219885 6.95476)
(-0.000133186 0.00019423 6.89383)
(0.000381502 0.00271062 11.3295)
(0.00113339 0.00256906 11.2949)
(0.00174494 0.00227302 11.2195)
(0.000343612 0.00268343 11.0959)
(0.00100327 0.00252722 11.0743)
(0.00154969 0.00211109 11.0258)
(0.000273725 0.00244184 10.8409)
(0.000819898 0.00229319 10.8284)
(0.0013175 0.00188262 10.7927)
(0.000193647 0.00206597 10.5607)
(0.000602469 0.00195671 10.554)
(0.00104417 0.00157621 10.5235)
(0.000111785 0.00165056 10.2492)
(0.000383789 0.00158661 10.2456)
(0.000775965 0.00127084 10.2159)
(3.46945e-05 0.00123863 9.89582)
(0.000178678 0.00122455 9.89336)
(0.000525465 0.000981532 9.86145)
(-3.30079e-05 0.000869035 9.48167)
(-3.03837e-07 0.000901521 9.47861)
(0.000307862 0.000729561 9.4431)
(-9.03223e-05 0.000545627 8.97099)
(-0.000151497 0.000621865 8.96567)
(0.000122026 0.000512642 8.927)
(-0.000131132 0.000295608 8.28792)
(-0.000262898 0.000400679 8.27885)
(-2.39939e-05 0.000336286 8.23855)
(-0.000152354 8.73071e-05 6.9788)
(-0.000327414 0.000211224 6.95607)
(-0.000128109 0.000186962 6.89478)
(0.000373248 0.0026479 11.3268)
(0.00110595 0.00250465 11.2924)
(0.00169876 0.0022097 11.2176)
(0.000334624 0.00261149 11.0948)
(0.000975335 0.0024558 11.0734)
(0.00150507 0.00204782 11.025)
(0.000266254 0.00237035 10.8411)
(0.000795796 0.00222367 10.8286)
(0.00127767 0.00182399 10.7929)
(0.00018843 0.00200235 10.5618)
(0.000584311 0.0018945 10.5549)
(0.00101144 0.0015254 10.5244)
(0.000109168 0.00159779 10.2509)
(0.000372388 0.00153425 10.2471)
(0.000751032 0.00122872 10.2171)
(3.46823e-05 0.00119794 9.89777)
(0.000174019 0.00118288 9.89508)
(0.000508269 0.000948153 9.8628)
(-3.06171e-05 0.000839815 9.48371)
(1.19962e-06 0.000870019 9.48038)
(0.000297704 0.000704181 9.44445)
(-8.57932e-05 0.000526976 8.97298)
(-0.000144606 0.000599534 8.96736)
(0.000118103 0.000494438 8.92827)
(-0.000125042 0.000285338 8.28976)
(-0.000251937 0.000385802 8.28038)
(-2.28523e-05 0.00032411 8.23969)
(-0.00014546 8.41263e-05 6.98032)
(-0.000314067 0.000202947 6.95733)
(-0.000123286 0.000180015 6.8957)
(0.000365053 0.00258574 11.3243)
(0.00107881 0.00244115 11.2901)
(0.00165342 0.00214791 11.2158)
(0.000325848 0.00254114 11.0939)
(0.000948074 0.00238615 11.0725)
(0.00146162 0.00198643 11.0244)
(0.000258981 0.00230097 10.8413)
(0.000772365 0.00215631 10.8288)
(0.00123903 0.00176729 10.7932)
(0.000183346 0.00194081 10.5629)
(0.000566676 0.00183441 10.5559)
(0.000979755 0.00147638 10.5252)
(0.000106592 0.00154685 10.2525)
(0.000361285 0.00148377 10.2485)
(0.000726922 0.00118814 10.2183)
(3.46099e-05 0.00115868 9.89965)
(0.000169404 0.00114276 9.89674)
(0.000491635 0.000916031 9.86411)
(-2.83846e-05 0.000811646 9.48569)
(2.50474e-06 0.000839708 9.48209)
(0.000287855 0.000679783 9.44576)
(-8.15142e-05 0.000508995 8.97491)
(-0.000138129 0.00057807 8.969)
(0.000114259 0.000476957 8.9295)
(-0.000119266 0.000275432 8.29152)
(-0.000241545 0.000371529 8.28186)
(-2.18197e-05 0.000312436 8.24079)
(-0.000138907 8.10606e-05 6.98179)
(-0.00030137 0.000195036 6.95855)
(-0.000118707 0.000173375 6.89659)
(0.000356925 0.00252424 11.3219)
(0.00105201 0.00237865 11.2879)
(0.00160897 0.00208765 11.2141)
(0.000317279 0.00247238 11.093)
(0.000921476 0.00231827 11.0716)
(0.00141932 0.00192689 11.0237)
(0.000251899 0.00223365 10.8416)
(0.000749587 0.00209104 10.829)
(0.00120155 0.00171247 10.7934)
(0.00017839 0.00188127 10.5639)
(0.000549547 0.00177636 10.5569)
(0.000949091 0.00142906 10.526)
(0.000104055 0.00149766 10.2541)
(0.000350467 0.0014351 10.2499)
(0.000703605 0.00114904 10.2194)
(3.44787e-05 0.00112081 9.90148)
(0.000164833 0.00110412 9.89836)
(0.000475542 0.000885114 9.86538)
(-2.6304e-05 0.00078448 9.48761)
(3.62158e-06 0.000810539 9.48375)
(0.000278307 0.000656324 9.44703)
(-7.74737e-05 0.000491652 8.97676)
(-0.000132044 0.000557434 8.97058)
(0.000110495 0.000460167 8.93069)
(-0.000113789 0.000265874 8.29323)
(-0.000231695 0.000357833 8.28329)
(-2.08905e-05 0.000301241 8.24185)
(-0.000132678 7.81053e-05 6.98321)
(-0.000289292 0.000187473 6.95973)
(-0.000114359 0.000167029 6.89745)
(0.00034887 0.0024635 11.3196)
(0.00102557 0.00231723 11.2858)
(0.00156543 0.00202892 11.2124)
(0.000308913 0.00240523 11.0921)
(0.000895533 0.00225216 11.0708)
(0.00137817 0.00186916 11.0231)
(0.000245001 0.00216835 10.8418)
(0.000727445 0.00202782 10.8293)
(0.00116521 0.00165944 10.7936)
(0.000173558 0.00182366 10.565)
(0.000532901 0.00172028 10.5578)
(0.000919413 0.00138341 10.5268)
(0.000101554 0.00145016 10.2556)
(0.000339925 0.00138817 10.2513)
(0.000681061 0.00111136 10.2205)
(3.42916e-05 0.00108426 9.90325)
(0.000160304 0.0010669 9.89993)
(0.000459967 0.000855347 9.86662)
(-2.43679e-05 0.000758274 9.48946)
(4.56051e-06 0.000782462 9.48536)
(0.000269047 0.000633767 9.44826)
(-7.36591e-05 0.000474919 8.97856)
(-0.000126331 0.000537591 8.97211)
(0.000106807 0.000444038 8.93184)
(-0.000108594 0.00025665 8.29488)
(-0.00022236 0.000344688 8.28467)
(-2.00587e-05 0.000290505 8.24288)
(-0.000126756 7.52559e-05 6.98458)
(-0.000277805 0.000180243 6.96087)
(-0.000110231 0.000160962 6.89827)
(0.000340895 0.00240358 11.3174)
(0.000999523 0.00225693 11.2837)
(0.00152282 0.00197172 11.2108)
(0.000300744 0.00233968 11.0913)
(0.000870239 0.00218782 11.0701)
(0.00133816 0.00181319 11.0225)
(0.00023828 0.00210499 10.8421)
(0.00070592 0.00196659 10.8295)
(0.00112997 0.00160818 10.7938)
(0.000168844 0.00176793 10.566)
(0.000516726 0.0016661 10.5587)
(0.000890694 0.00133937 10.5276)
(9.90885e-05 0.00140427 10.257)
(0.000329652 0.00134291 10.2526)
(0.000659263 0.00107507 10.2216)
(3.40513e-05 0.00104897 9.90497)
(0.000155821 0.00103105 9.90145)
(0.000444895 0.000826684 9.86782)
(-2.25692e-05 0.000732984 9.49125)
(5.33378e-06 0.000755434 9.48691)
(0.000260065 0.000612065 9.44946)
(-7.0059e-05 0.000458768 8.98029)
(-0.000120968 0.000518508 8.97358)
(0.000103196 0.000428542 8.93295)
(-0.000103669 0.000247746 8.29647)
(-0.000213513 0.000332069 8.28601)
(-1.93183e-05 0.000280205 8.24388)
(-0.000121126 7.25083e-05 6.9859)
(-0.000266878 0.000173328 6.96196)
(-0.000106311 0.000155162 6.89907)
(0.000333007 0.00234456 11.3152)
(0.000973899 0.0021978 11.2818)
(0.00148118 0.00191603 11.2092)
(0.000292767 0.00227573 11.0905)
(0.000845588 0.00212523 11.0694)
(0.00129927 0.00175895 11.022)
(0.000231731 0.00204354 10.8423)
(0.000685 0.0019073 10.8297)
(0.00109583 0.00155863 10.7941)
(0.000164243 0.00171401 10.5669)
(0.000501018 0.00161376 10.5596)
(0.000862895 0.00129683 10.5284)
(9.66563e-05 0.00135994 10.2585)
(0.000319631 0.00129926 10.2539)
(0.000638164 0.00104006 10.2227)
(3.37599e-05 0.0010149 9.90663)
(0.000151383 0.000996501 9.90293)
(0.000430315 0.000799094 9.86898)
(-2.09018e-05 0.000708573 9.49298)
(5.94981e-06 0.000729411 9.48842)
(0.00025135 0.000591185 9.45061)
(-6.66631e-05 0.000443176 8.98197)
(-0.000115939 0.000500153 8.97501)
(9.96596e-05 0.00041365 8.93403)
(-9.89985e-05 0.000239148 8.298)
(-0.000205131 0.000319955 8.2873)
(-1.8664e-05 0.000270324 8.24484)
(-0.000115773 6.98583e-05 6.98717)
(-0.000256485 0.000166717 6.96302)
(-0.000102591 0.000149617 6.89984)
(0.000325214 0.00228648 11.3132)
(0.00094872 0.00213989 11.2799)
(0.00144051 0.00186186 11.2078)
(0.000284979 0.00221339 11.0897)
(0.000821574 0.00206436 11.0687)
(0.00126148 0.0017064 11.0214)
(0.000225349 0.00198394 10.8426)
(0.000664675 0.00184988 10.83)
(0.00106274 0.00151073 10.7943)
(0.000159751 0.00166183 10.5679)
(0.00048576 0.0015632 10.5605)
(0.000835987 0.00125575 10.5291)
(9.4256e-05 0.0013171 10.2599)
(0.000309858 0.00125716 10.2552)
(0.000617741 0.00100629 10.2237)
(3.34194e-05 0.000981996 9.90825)
(0.000146989 0.000963211 9.90437)
(0.000416206 0.000772528 9.87012)
(-1.93602e-05 0.000685004 9.49466)
(6.41881e-06 0.000704353 9.48988)
(0.000242898 0.000571097 9.45174)
(-6.34622e-05 0.000428119 8.98359)
(-0.000111226 0.000482497 8.9764)
(9.61982e-05 0.000399339 8.93508)
(-9.45724e-05 0.000230845 8.29948)
(-0.000197191 0.000308324 8.28854)
(-1.80886e-05 0.000260843 8.24577)
(-0.000110686 6.73023e-05 6.9884)
(-0.000246602 0.000160395 6.96404)
(-9.90605e-05 0.000144316 6.90059)
(0.00031752 0.0022294 11.3112)
(0.000924003 0.00208322 11.2781)
(0.00140082 0.00180916 11.2064)
(0.000277376 0.00215263 11.089)
(0.000798186 0.00200521 11.0681)
(0.00122479 0.00165549 11.021)
(0.000219128 0.00192615 10.8428)
(0.000644925 0.0017943 10.8302)
(0.00103068 0.00146442 10.7946)
(0.000155365 0.00161134 10.5688)
(0.000470932 0.00151436 10.5614)
(0.000809954 0.00121612 10.5298)
(9.18875e-05 0.0012757 10.2612)
(0.000300336 0.00121654 10.2564)
(0.000597997 0.000973745 10.2247)
(3.3033e-05 0.000950217 9.90981)
(0.000142647 0.000931126 9.90576)
(0.000402548 0.000746927 9.87122)
(-1.79377e-05 0.000662244 9.49628)
(6.75449e-06 0.000680219 9.49129)
(0.000234701 0.00055176 9.45283)
(-6.04464e-05 0.000413576 8.98515)
(-0.000106809 0.000465509 8.97773)
(9.28116e-05 0.000385577 8.93609)
(-9.03781e-05 0.000222825 8.30091)
(-0.000189668 0.000297154 8.28975)
(-1.75856e-05 0.000251742 8.24667)
(-0.00010585 6.48365e-05 6.98958)
(-0.0002372 0.000154348 6.96502)
(-9.57065e-05 0.000139244 6.90131)
(0.000309933 0.00217336 11.3093)
(0.000899766 0.00202781 11.2763)
(0.00136212 0.00175794 11.205)
(0.000269955 0.00209345 11.0884)
(0.000775419 0.00194775 11.0674)
(0.00118916 0.00160619 11.0205)
(0.000213067 0.00187012 10.8431)
(0.00062574 0.0017405 10.8305)
(0.000999622 0.00141965 10.7948)
(0.000151082 0.00156249 10.5698)
(0.000456527 0.00146717 10.5622)
(0.000784766 0.00117786 10.5305)
(8.95508e-05 0.0012357 10.2625)
(0.000291057 0.00117736 10.2576)
(0.0005789 0.000942362 10.2257)
(3.26037e-05 0.000919518 9.91133)
(0.000138357 0.0009002 9.90711)
(0.000389329 0.000722259 9.87229)
(-1.66281e-05 0.000640261 9.49785)
(6.96618e-06 0.000656973 9.49266)
(0.000226752 0.000533145 9.45388)
(-5.76064e-05 0.000399528 8.98666)
(-0.00010267 0.000449163 8.97903)
(8.94998e-05 0.000372342 8.93707)
(-8.64045e-05 0.000215077 8.30229)
(-0.000182539 0.000286426 8.29091)
(-1.71492e-05 0.000243003 8.24754)
(-0.000101255 6.24576e-05 6.99073)
(-0.000228256 0.000148564 6.96597)
(-9.252e-05 0.000134391 6.902)
(0.00030246 0.00211838 11.3075)
(0.000876023 0.00197369 11.2747)
(0.00132441 0.00170816 11.2037)
(0.000262713 0.00203582 11.0877)
(0.000753264 0.00189194 11.0669)
(0.00115458 0.00155844 11.02)
(0.00020716 0.00181579 10.8434)
(0.000607107 0.00168843 10.8307)
(0.000969536 0.00137637 10.795)
(0.0001469 0.00151522 10.5706)
(0.000442534 0.00142159 10.563)
(0.000760395 0.00114093 10.5312)
(8.72459e-05 0.00119703 10.2638)
(0.000282014 0.00113956 10.2588)
(0.000560428 0.000912093 10.2266)
(3.21347e-05 0.000889859 9.91281)
(0.000134121 0.000870386 9.90842)
(0.000376535 0.000698486 9.87332)
(-1.54254e-05 0.000619027 9.49937)
(7.06369e-06 0.00063458 9.49399)
(0.000219043 0.00051522 9.45491)
(-5.49333e-05 0.000385955 8.98812)
(-9.87933e-05 0.000433432 8.98028)
(8.62632e-05 0.000359611 8.93802)
(-8.26406e-05 0.000207592 8.30362)
(-0.000175783 0.000276121 8.29203)
(-1.67737e-05 0.000234611 8.24838)
(-9.68893e-05 6.01624e-05 6.99183)
(-0.000219747 0.000143032 6.96689)
(-8.94914e-05 0.000129747 6.90267)
(0.000295105 0.0020645 11.3057)
(0.000852786 0.00192085 11.2731)
(0.00128768 0.00165979 11.2024)
(0.000255649 0.00197974 11.0871)
(0.000731713 0.00183777 11.0663)
(0.00112103 0.00151221 11.0196)
(0.000201406 0.00176312 10.8437)
(0.000589015 0.00163803 10.831)
(0.000940396 0.00133453 10.7953)
(0.000142817 0.00146948 10.5715)
(0.000428944 0.00137755 10.5638)
(0.000736815 0.00110527 10.5319)
(8.49735e-05 0.00115965 10.2651)
(0.000273204 0.00110308 10.2599)
(0.000542558 0.000882895 10.2275)
(3.16291e-05 0.000861201 9.91424)
(0.000129943 0.000841641 9.9097)
(0.000364152 0.000675572 9.87433)
(-1.43234e-05 0.000598511 9.50085)
(7.05657e-06 0.000613005 9.49527)
(0.000211568 0.000497957 9.4559)
(-5.24183e-05 0.00037284 8.98954)
(-9.51636e-05 0.000418292 8.98149)
(8.31012e-05 0.000347363 8.93893)
(-7.9076e-05 0.00020036 8.30491)
(-0.000169381 0.000266223 8.29312)
(-1.64538e-05 0.000226549 8.24919)
(-9.27412e-05 5.79478e-05 6.99289)
(-0.00021165 0.000137739 6.96777)
(-8.66119e-05 0.000125301 6.90331)
(0.000287873 0.00201174 11.304)
(0.000830063 0.00186931 11.2715)
(0.00125193 0.00161283 11.2012)
(0.00024876 0.00192519 11.0866)
(0.000710758 0.0017852 11.0658)
(0.00108848 0.00146745 11.0192)
(0.000195801 0.00171207 10.8439)
(0.000571449 0.00158925 10.8313)
(0.000912178 0.00129409 10.7955)
(0.00013883 0.00142523 10.5724)
(0.000415749 0.00133501 10.5646)
(0.000714002 0.00107084 10.5326)
(8.27351e-05 0.00112352 10.2663)
(0.000264622 0.00106789 10.261)
(0.000525272 0.000854727 10.2284)
(3.10906e-05 0.000833509 9.91562)
(0.000125824 0.000813922 9.91093)
(0.000352168 0.000653483 9.87531)
(-1.3316e-05 0.000578689 9.50227)
(6.95426e-06 0.000592216 9.49652)
(0.00020432 0.000481328 9.45686)
(-5.00526e-05 0.000360166 8.9909)
(-9.17651e-05 0.000403718 8.98266)
(8.0014e-05 0.000335577 8.93982)
(-7.57004e-05 0.000193371 8.30615)
(-0.000163314 0.000256712 8.29417)
(-1.61848e-05 0.000218804 8.24997)
(-8.88001e-05 5.58109e-05 6.99392)
(-0.000203944 0.000132675 6.96863)
(-8.38733e-05 0.000121043 6.90393)
(0.00028077 0.00196011 11.3024)
(0.00080786 0.00181907 11.27)
(0.00121715 0.00156723 11.2001)
(0.000242045 0.00187213 11.086)
(0.000690387 0.00173419 11.0653)
(0.00105691 0.00142412 11.0188)
(0.000190342 0.00166259 10.8442)
(0.000554401 0.00154206 10.8315)
(0.000884856 0.00125499 10.7958)
(0.000134941 0.00138241 10.5732)
(0.000402937 0.00129391 10.5654)
(0.000691931 0.00103759 10.5333)
(8.053e-05 0.00108859 10.2674)
(0.000256266 0.00103392 10.2621)
(0.000508551 0.000827549 10.2293)
(3.05229e-05 0.000806747 9.91697)
(0.000121768 0.000787193 9.91213)
(0.000340569 0.000632187 9.87626)
(-1.23976e-05 0.000559535 9.50366)
(6.76465e-06 0.000572181 9.49773)
(0.000197294 0.000465308 9.45779)
(-4.78287e-05 0.000347918 8.99222)
(-8.8584e-05 0.000389688 8.9838)
(7.70011e-05 0.000324234 8.94068)
(-7.25046e-05 0.000186618 8.30735)
(-0.000157562 0.000247573 8.29518)
(-1.59618e-05 0.00021136 8.25073)
(-8.50565e-05 5.37488e-05 6.9949)
(-0.00019661 0.000127829 6.96945)
(-8.12672e-05 0.000116964 6.90453)
(0.000273802 0.00190963 11.3008)
(0.000786196 0.0017701 11.2686)
(0.00118334 0.00152293 11.199)
(0.000235503 0.00182055 11.0855)
(0.000670582 0.00168472 11.0648)
(0.00102629 0.00138216 11.0185)
(0.00018503 0.00161464 10.8445)
(0.000537857 0.00149639 10.8318)
(0.000858404 0.00121721 10.796)
(0.000131148 0.00134097 10.574)
(0.000390494 0.00125419 10.5662)
(0.000670573 0.00100548 10.5339)
(7.83575e-05 0.00105482 10.2686)
(0.000248125 0.00100113 10.2631)
(0.000492377 0.000801324 10.2302)
(2.99277e-05 0.000780882 9.91828)
(0.000117778 0.000761417 9.9133)
(0.000329345 0.000611652 9.87719)
(-1.1563e-05 0.000541024 9.505)
(6.49696e-06 0.000552872 9.4989)
(0.000190483 0.000449871 9.4587)
(-4.57388e-05 0.000336079 8.9935)
(-8.56062e-05 0.00037618 8.9849)
(7.40627e-05 0.000313314 8.94151)
(-6.94793e-05 0.000180091 8.30851)
(-0.000152109 0.000238791 8.29616)
(-1.57801e-05 0.000204204 8.25146)
(-8.15008e-05 5.17592e-05 6.99586)
(-0.000189627 0.000123192 6.97024)
(-7.87861e-05 0.000113056 6.90511)
(0.000266972 0.0018603 11.2993)
(0.000765065 0.0017224 11.2672)
(0.00115047 0.00147993 11.1979)
(0.000229131 0.00177041 11.085)
(0.000651336 0.00163674 11.0644)
(0.000996597 0.00134154 11.0181)
(0.000179859 0.00156817 10.8448)
(0.000521801 0.00145221 10.832)
(0.0008328 0.0011807 10.7963)
(0.000127449 0.00130087 10.5748)
(0.000378421 0.00121582 10.5669)
(0.000649914 0.000974475 10.5345)
(7.62219e-05 0.00102218 10.2697)
(0.000240201 0.00096948 10.2641)
(0.000476728 0.000776013 10.231)
(2.93097e-05 0.000755883 9.91955)
(0.000113854 0.000736552 9.91444)
(0.000318483 0.00059185 9.87809)
(-1.08059e-05 0.000523135 9.5063)
(6.15924e-06 0.00053426 9.50004)
(0.000183882 0.000434995 9.45957)
(-4.37747e-05 0.000324637 8.99474)
(-8.28186e-05 0.000363173 8.98596)
(7.11981e-05 0.000302801 8.94232)
(-6.66152e-05 0.000173784 8.30963)
(-0.000146936 0.000230351 8.29711)
(-1.56356e-05 0.000197324 8.25217)
(-7.81234e-05 4.98394e-05 6.99678)
(-0.000182978 0.000118753 6.97101)
(-7.64227e-05 0.00010931 6.90567)
(0.000260281 0.00181212 11.2978)
(0.00074446 0.00167598 11.2658)
(0.00111854 0.00143821 11.1969)
(0.000222928 0.0017217 11.0846)
(0.000632641 0.00159022 11.064)
(0.000967811 0.00130223 11.0178)
(0.000174828 0.00152315 10.845)
(0.000506225 0.00140946 10.8323)
(0.000808019 0.00114543 10.7965)
(0.000123842 0.00126208 10.5756)
(0.000366708 0.00117875 10.5676)
(0.000629939 0.000944544 10.5351)
(7.41235e-05 0.000990608 10.2708)
(0.000232495 0.000938928 10.2651)
(0.000461591 0.000751578 10.2318)
(2.86722e-05 0.000731719 9.92078)
(0.00011 0.000712564 9.91554)
(0.00030797 0.000572744 9.87896)
(-1.01206e-05 0.000505845 9.50755)
(5.76054e-06 0.000516317 9.50114)
(0.000177484 0.000420653 9.46042)
(-4.1929e-05 0.000313578 8.99594)
(-8.02077e-05 0.000350647 8.98699)
(6.84064e-05 0.000292674 8.94309)
(-6.39034e-05 0.000167689 8.31071)
(-0.000142028 0.000222236 8.29802)
(-1.55245e-05 0.000190707 8.25285)
(-7.49147e-05 4.79868e-05 6.99767)
(-0.000176644 0.000114502 6.97175)
(-7.41696e-05 0.000105718 6.9062)
(0.000253731 0.0017651 11.2964)
(0.000724382 0.0016308 11.2646)
(0.00108752 0.00139775 11.1959)
(0.000216889 0.00167438 11.0841)
(0.000614495 0.00154513 11.0636)
(0.000939927 0.00126421 11.0175)
(0.000169935 0.00147953 10.8453)
(0.00049113 0.0013681 10.8326)
(0.000784023 0.00111128 10.7967)
(0.000120326 0.00122454 10.5764)
(0.000355334 0.00114293 10.5683)
(0.00061059 0.000915601 10.5357)
(7.20622e-05 0.000960085 10.2719)
(0.000224995 0.000909433 10.2661)
(0.000446955 0.000728009 10.2326)
(2.80174e-05 0.000708362 9.92198)
(0.000106215 0.000689422 9.91661)
(0.000297795 0.000554317 9.87981)
(-9.50279e-06 0.000489133 9.50877)
(5.30468e-06 0.000499019 9.5022)
(0.000171285 0.000406831 9.46125)
(-4.01953e-05 0.000302887 8.99709)
(-7.77644e-05 0.000338582 8.98798)
(6.56871e-05 0.000282923 8.94385)
(-6.13364e-05 0.000161799 8.31176)
(-0.000137373 0.000214435 8.29891)
(-1.54441e-05 0.000184343 8.25351)
(-7.1867e-05 4.61993e-05 6.99852)
(-0.000170611 0.000110433 6.97246)
(-7.20225e-05 0.000102273 6.90672)
(0.000247321 0.00171924 11.295)
(0.000704814 0.00158688 11.2633)
(0.0010574 0.00135854 11.1949)
(0.000211011 0.00162843 11.0837)
(0.000596896 0.00150144 11.0632)
(0.000912923 0.00122743 11.0172)
(0.000165176 0.00143726 10.8456)
(0.000476494 0.00132808 10.8328)
(0.000760794 0.00107826 10.797)
(0.0001169 0.00118822 10.5772)
(0.000344305 0.00110832 10.569)
(0.000591881 0.000887648 10.5363)
(7.00386e-05 0.000930571 10.2729)
(0.000217703 0.000880957 10.267)
(0.000432795 0.000705247 10.2333)
(2.73481e-05 0.000685783 9.92315)
(0.000102505 0.000667094 9.91765)
(0.000287952 0.000536535 9.88063)
(-8.94767e-06 0.00047298 9.50996)
(4.80215e-06 0.00048234 9.50324)
(0.00016528 0.000393501 9.46205)
(-3.85669e-05 0.000292554 8.99821)
(-7.54745e-05 0.000326961 8.98895)
(6.30411e-05 0.000273527 8.94458)
(-5.89061e-05 0.000156107 8.31277)
(-0.000132951 0.000206934 8.29976)
(-1.53893e-05 0.000178219 8.25415)
(-6.89719e-05 4.44748e-05 6.99935)
(-0.00016486 0.000106536 6.97315)
(-6.99727e-05 9.89675e-05 6.90722)
(0.00024105 0.00167452 11.2937)
(0.000685741 0.00154419 11.2621)
(0.00102816 0.00132058 11.194)
(0.00020529 0.00158383 11.0833)
(0.000579841 0.0014591 11.0628)
(0.000886786 0.00119186 11.0169)
(0.000160549 0.00139632 10.8459)
(0.000462305 0.00128938 10.8331)
(0.000738308 0.00104631 10.7972)
(0.000113562 0.00115308 10.5779)
(0.000333615 0.00107488 10.5697)
(0.000573793 0.000860646 10.5369)
(6.80531e-05 0.000902032 10.2739)
(0.000210618 0.000853462 10.2679)
(0.000419098 0.000683257 10.2341)
(2.66668e-05 0.000663957 9.92428)
(9.88733e-05 0.000645549 9.91866)
(0.000278429 0.000519372 9.88144)
(-8.45084e-06 0.000457366 9.51111)
(4.25997e-06 0.000466256 9.50424)
(0.000159463 0.000380642 9.46282)
(-3.70379e-05 0.000282566 8.9993)
(-7.33268e-05 0.000315766 8.98988)
(6.04676e-05 0.000264471 8.94528)
(-5.66055e-05 0.000150606 8.31374)
(-0.000128751 0.00019972 8.30058)
(-1.53567e-05 0.000172323 8.25476)
(-6.6222e-05 4.28109e-05 7.00014)
(-0.000159376 0.000102802 6.97381)
(-6.80144e-05 9.57934e-05 6.9077)
(0.00023492 0.00163094 11.2924)
(0.000667177 0.00150271 11.2609)
(0.000999774 0.00128378 11.1931)
(0.000199722 0.00154054 11.0829)
(0.000563305 0.00141808 11.0625)
(0.000861479 0.00115745 11.0167)
(0.000156048 0.00135666 10.8462)
(0.000448556 0.00125194 10.8333)
(0.000716546 0.00101541 10.7974)
(0.000110309 0.00111907 10.5786)
(0.000323254 0.00104256 10.5704)
(0.0005563 0.000834555 10.5374)
(6.61052e-05 0.000874433 10.2749)
(0.000203734 0.000826914 10.2688)
(0.00040585 0.000662017 10.2348)
(2.59752e-05 0.000642858 9.92538)
(9.53202e-05 0.000624758 9.91964)
(0.000269218 0.000502804 9.88221)
(-8.00851e-06 0.000442274 9.51222)
(3.68428e-06 0.000450745 9.50522)
(0.000153831 0.000368235 9.46358)
(-3.56026e-05 0.000272911 9.00035)
(-7.13111e-05 0.00030498 8.99078)
(5.79674e-05 0.00025574 8.94596)
(-5.44279e-05 0.000145291 8.31469)
(-0.000124758 0.000192781 8.30138)
(-1.53425e-05 0.000166646 8.25536)
(-6.36104e-05 4.12061e-05 7.00091)
(-0.000154144 9.92232e-05 6.97445)
(-6.61411e-05 9.27438e-05 6.90816)
(0.000228932 0.00158849 11.2912)
(0.000649122 0.0014624 11.2598)
(0.00097224 0.00124812 11.1922)
(0.000194303 0.00149852 11.0826)
(0.000547277 0.00137833 11.0621)
(0.000836978 0.00112415 11.0164)
(0.000151672 0.00131824 10.8464)
(0.000435238 0.00121572 10.8336)
(0.00069549 0.00098552 10.7976)
(0.000107141 0.00108618 10.5793)
(0.000313215 0.00101134 10.571)
(0.000539382 0.000809337 10.538)
(6.41958e-05 0.000847746 10.2758)
(0.00019705 0.000801278 10.2697)
(0.000393037 0.000641497 10.2355)
(2.52761e-05 0.00062246 9.92645)
(9.18472e-05 0.000604693 9.9206)
(0.000260307 0.000486808 9.88297)
(-7.61629e-06 0.000427685 9.5133)
(3.08052e-06 0.000435785 9.50616)
(0.000148378 0.000356263 9.46431)
(-3.42553e-05 0.00026358 9.00136)
(-6.94182e-05 0.000294586 8.99166)
(5.55387e-05 0.000247322 8.94662)
(-5.23665e-05 0.000140155 8.3156)
(-0.00012096 0.000186106 8.30215)
(-1.53444e-05 0.000161177 8.25593)
(-6.113e-05 3.96582e-05 7.00165)
(-0.000149151 9.5793e-05 6.97507)
(-6.43481e-05 8.9813e-05 6.90861)
(0.00022309 0.00154715 11.29)
(0.000631573 0.00142323 11.2587)
(0.000945529 0.00121354 11.1914)
(0.000189035 0.00145774 11.0822)
(0.000531731 0.00133982 11.0618)
(0.000813243 0.00109192 11.0162)
(0.00014742 0.00128103 10.8467)
(0.000422336 0.00118068 10.8339)
(0.000675116 0.000956623 10.7979)
(0.000104058 0.00105434 10.58)
(0.000303485 0.000981155 10.5716)
(0.000523017 0.000784964 10.5385)
(6.23267e-05 0.000821935 10.2768)
(0.00019056 0.000776517 10.2706)
(0.000380646 0.000621676 10.2362)
(2.45727e-05 0.000602739 9.92749)
(8.84538e-05 0.000585325 9.92153)
(0.000251688 0.000471365 9.88371)
(-7.26932e-06 0.000413582 9.51434)
(2.45299e-06 0.000421354 9.50708)
(0.000143099 0.000344711 9.46501)
(-3.29897e-05 0.000254559 9.00235)
(-6.76397e-05 0.000284569 8.9925)
(5.31803e-05 0.000239205 8.94726)
(-5.04139e-05 0.000135192 8.31648)
(-0.000117347 0.000179683 8.3029)
(-1.53603e-05 0.000155908 8.25648)
(-5.8773e-05 3.81649e-05 7.00237)
(-0.000144384 9.25041e-05 6.97566)
(-6.2631e-05 8.69957e-05 6.90904)
(0.000217394 0.00150691 11.2888)
(0.000614527 0.00138518 11.2577)
(0.00091962 0.00117999 11.1906)
(0.000183918 0.00141817 11.0819)
(0.000516651 0.00130251 11.0615)
(0.000790243 0.00106071 11.0159)
(0.000143291 0.00124498 10.847)
(0.000409835 0.00114679 10.8341)
(0.000655401 0.000928691 10.7981)
(0.000101059 0.00102353 10.5807)
(0.000294054 0.000951985 10.5723)
(0.000507184 0.000761411 10.539)
(6.04988e-05 0.000796973 10.2777)
(0.000184257 0.0007526 10.2714)
(0.00036866 0.000602533 10.2369)
(2.38675e-05 0.000583672 9.9285)
(8.51392e-05 0.000566627 9.92244)
(0.000243349 0.000456455 9.88442)
(-6.96358e-06 0.000399949 9.51536)
(1.80533e-06 0.000407431 9.50797)
(0.000137988 0.000333564 9.4657)
(-3.18002e-05 0.000245839 9.0033)
(-6.59684e-05 0.000274914 8.99332)
(5.08903e-05 0.000231377 8.94788)
(-4.85637e-05 0.000130396 8.31733)
(-0.000113907 0.000173501 8.30362)
(-1.53891e-05 0.000150833 8.25702)
(-5.65326e-05 3.67243e-05 7.00306)
(-0.000139832 8.93501e-05 6.97624)
(-6.09865e-05 8.42873e-05 6.90945)
(0.000211844 0.00146774 11.2877)
(0.000597965 0.00134823 11.2567)
(0.000894491 0.00114748 11.1898)
(0.000178949 0.00137978 11.0816)
(0.00050203 0.00126637 11.0612)
(0.000767963 0.00103052 11.0157)
(0.000139283 0.00121006 10.8473)
(0.000397726 0.00111399 10.8344)
(0.000636322 0.000901682 10.7983)
(9.81439e-05 0.000993722 10.5813)
(0.000284915 0.000923786 10.5729)
(0.000491866 0.000738646 10.5395)
(5.87125e-05 0.000772831 10.2786)
(0.00017814 0.000729494 10.2722)
(0.000357066 0.000584039 10.2375)
(2.31626e-05 0.000565237 9.92949)
(8.19044e-05 0.000548575 9.92332)
(0.000235281 0.000442057 9.88511)
(-6.69541e-06 0.000386769 9.51635)
(1.14218e-06 0.000393997 9.50884)
(0.00013304 0.000322806 9.46636)
(-3.06819e-05 0.000237411 9.00422)
(-6.43962e-05 0.000265606 8.99411)
(4.86676e-05 0.000223828 8.94848)
(-4.68099e-05 0.000125762 8.31815)
(-0.00011063 0.000167551 8.30431)
(-1.54287e-05 0.000145943 8.25753)
(-5.44023e-05 3.53345e-05 7.00372)
(-0.000135481 8.63245e-05 6.97679)
(-5.94104e-05 8.16826e-05 6.90985)
(0.000206436 0.00142964 11.2866)
(0.000581877 0.00131236 11.2557)
(0.000870121 0.00111597 11.189)
(0.000174125 0.00134254 11.0813)
(0.000487857 0.00123136 11.0609)
(0.000746383 0.0010013 11.0155)
(0.000135393 0.00117624 10.8475)
(0.000385997 0.00108225 10.8346)
(0.000617857 0.000875562 10.7985)
(9.53104e-05 0.000964872 10.582)
(0.000276061 0.000896526 10.5735)
(0.000477047 0.000716642 10.54)
(5.69679e-05 0.00074948 10.2794)
(0.000172203 0.000707171 10.273)
(0.000345851 0.00056617 10.2382)
(2.24599e-05 0.000547411 9.93045)
(7.87492e-05 0.000531143 9.92417)
(0.000227476 0.000428153 9.88579)
(-6.4614e-06 0.000374027 9.51731)
(4.67081e-07 0.000381033 9.50967)
(0.000128251 0.000312421 9.46701)
(-2.963e-05 0.000229263 9.00511)
(-6.29164e-05 0.000256632 8.99488)
(4.65103e-05 0.000216547 8.94905)
(-4.51467e-05 0.000121284 8.31895)
(-0.000107508 0.000161823 8.30499)
(-1.54779e-05 0.000141231 8.25803)
(-5.23762e-05 3.39935e-05 7.00437)
(-0.000131323 8.34213e-05 6.97732)
(-5.78995e-05 7.91774e-05 6.91023)
(0.000201169 0.00139257 11.2856)
(0.000566251 0.00127753 11.2547)
(0.000846489 0.00108543 11.1883)
(0.000169441 0.00130641 11.081)
(0.000474121 0.00119745 11.0607)
(0.000725483 0.000973022 11.0153)
(0.000131619 0.00114349 10.8478)
(0.000374637 0.00105155 10.8348)
(0.000599986 0.000850299 10.7987)
(9.25575e-05 0.000936952 10.5826)
(0.000267483 0.000870169 10.574)
(0.00046271 0.000695371 10.5405)
(5.52651e-05 0.000726893 10.2803)
(0.000166444 0.0006856 10.2737)
(0.000335002 0.000548904 10.2388)
(2.17611e-05 0.000530174 9.93138)
(7.56741e-05 0.000514309 9.925)
(0.000219925 0.000414723 9.88645)
(-6.25825e-06 0.000361709 9.51824)
(-2.15936e-07 0.00036852 9.51049)
(0.000123614 0.000302396 9.46763)
(-2.86398e-05 0.000221387 9.00598)
(-6.15216e-05 0.000247979 8.99563)
(4.44178e-05 0.000209521 8.94961)
(-4.35686e-05 0.000116957 8.31972)
(-0.00010453 0.000156307 8.30564)
(-1.55347e-05 0.000136688 8.25851)
(-5.04481e-05 3.26998e-05 7.00499)
(-0.000127345 8.06345e-05 6.97784)
(-5.64495e-05 7.67664e-05 6.91059)
(0.000196042 0.00135653 11.2846)
(0.000551076 0.00124372 11.2538)
(0.000823573 0.00105584 11.1876)
(0.000164896 0.00127136 11.0807)
(0.000460809 0.0011646 11.0604)
(0.000705241 0.00094566 11.0151)
(0.000127957 0.00111175 10.8481)
(0.000363636 0.00102183 10.8351)
(0.000582688 0.000825862 10.799)
(8.98834e-05 0.000909931 10.5832)
(0.000259174 0.000844684 10.5746)
(0.000448839 0.000674806 10.541)
(5.3604e-05 0.000705044 10.2811)
(0.000160857 0.000664755 10.2745)
(0.000324507 0.000532217 10.2394)
(2.10677e-05 0.000513506 9.93229)
(7.26785e-05 0.00049805 9.92582)
(0.00021262 0.00040175 9.88708)
(-6.08318e-06 0.000349799 9.51914)
(-9.04009e-07 0.000356443 9.51128)
(0.000119127 0.000292717 9.46824)
(-2.77075e-05 0.000213774 9.00682)
(-6.02061e-05 0.000239633 8.99635)
(4.23882e-05 0.000202742 8.95015)
(-4.20707e-05 0.000112775 8.32046)
(-0.000101689 0.000150995 8.30626)
(-1.55982e-05 0.000132308 8.25897)
(-4.86129e-05 3.14516e-05 7.00558)
(-0.000123539 7.7959e-05 6.97833)
(-5.50577e-05 7.44461e-05 6.91095)
(0.000191052 0.00132148 11.2836)
(0.000536343 0.0012109 11.2529)
(0.000801353 0.00102717 11.1869)
(0.000160485 0.00123737 11.0804)
(0.000447909 0.00113278 11.0602)
(0.000685635 0.000919178 11.0149)
(0.000124404 0.00108102 10.8483)
(0.000352981 0.000993074 10.8353)
(0.000565946 0.000802223 10.7992)
(8.72867e-05 0.000883779 10.5839)
(0.000251126 0.000820039 10.5752)
(0.000435418 0.000654922 10.5414)
(5.19847e-05 0.000683908 10.2819)
(0.000155439 0.000644609 10.2752)
(0.000314353 0.000516089 10.24)
(2.03811e-05 0.000497387 9.93317)
(6.97623e-05 0.000482345 9.9266)
(0.000205552 0.000389217 9.8877)
(-5.93328e-06 0.000338285 9.52002)
(-1.59376e-06 0.000344783 9.51205)
(0.000114784 0.00028337 9.46883)
(-2.68287e-05 0.000206414 9.00763)
(-5.89636e-05 0.000231582 8.99705)
(4.04206e-05 0.0001962 8.95068)
(-4.06479e-05 0.000108734 8.32118)
(-9.89752e-05 0.000145877 8.30687)
(-1.56668e-05 0.000128085 8.25942)
(-4.68651e-05 3.02472e-05 7.00616)
(-0.000119895 7.5389e-05 6.97881)
(-5.37207e-05 7.22118e-05 6.91129)
(0.000186195 0.00128741 11.2826)
(0.00052204 0.00117905 11.252)
(0.000779807 0.000999377 11.1862)
(0.000156204 0.0012044 11.0802)
(0.000435409 0.00110196 11.06)
(0.000666646 0.000893547 11.0147)
(0.000120959 0.00105124 10.8486)
(0.000342664 0.000965241 10.8356)
(0.000549739 0.000779352 10.7994)
(8.47657e-05 0.000858466 10.5844)
(0.000243333 0.000796205 10.5757)
(0.000422431 0.000635694 10.5419)
(5.04069e-05 0.000663461 10.2827)
(0.000150186 0.000625136 10.2759)
(0.000304529 0.000500498 10.2406)
(1.97026e-05 0.000481799 9.93403)
(6.69247e-05 0.000467173 9.92737)
(0.000198714 0.000377106 9.88831)
(-5.80603e-06 0.000327152 9.52087)
(-2.2831e-06 0.000333526 9.51279)
(0.00011058 0.000274343 9.4694)
(-2.59999e-05 0.0001993 9.00841)
(-5.77892e-05 0.000223816 8.99772)
(3.85127e-05 0.000189886 8.95118)
(-3.92959e-05 0.00010483 8.32187)
(-9.63826e-05 0.000140947 8.30746)
(-1.57401e-05 0.000124012 8.25985)
(-4.52e-05 2.9085e-05 7.00671)
(-0.000116405 7.292e-05 6.97927)
(-5.2436e-05 7.00605e-05 6.91161)
(0.000181471 0.00125428 11.2817)
(0.000508155 0.00114813 11.2512)
(0.000758916 0.000972446 11.1856)
(0.000152051 0.00117242 11.08)
(0.000423298 0.00107209 11.0597)
(0.000648252 0.000868736 11.0146)
(0.000117617 0.0010224 10.8488)
(0.000332673 0.000938299 10.8358)
(0.000534049 0.000757223 10.7996)
(8.23189e-05 0.000833963 10.585)
(0.000235785 0.000773151 10.5763)
(0.000409864 0.000617097 10.5423)
(4.88703e-05 0.000643678 10.2835)
(0.000145095 0.000606311 10.2766)
(0.000295024 0.000485424 10.2411)
(1.90334e-05 0.000466722 9.93487)
(6.41654e-05 0.000452514 9.92812)
(0.000192098 0.000365403 9.88889)
(-5.69896e-06 0.000316387 9.52169)
(-2.96914e-06 0.000322656 9.51352)
(0.000106511 0.000265622 9.46995)
(-2.52175e-05 0.000192422 9.00918)
(-5.66772e-05 0.000216323 8.99838)
(3.66641e-05 0.00018379 8.95167)
(-3.801e-05 0.000101057 8.32254)
(-9.39032e-05 0.000136196 8.30802)
(-1.58162e-05 0.000120083 8.26026)
(-4.36127e-05 2.79635e-05 7.00725)
(-0.00011306 7.0547e-05 6.97971)
(-5.12003e-05 6.79876e-05 6.91193)
(0.000176876 0.00122209 11.2808)
(0.000494679 0.00111813 11.2504)
(0.000738658 0.000946346 11.185)
(0.000148023 0.0011414 11.0797)
(0.000411562 0.00104315 11.0595)
(0.000630434 0.000844717 11.0144)
(0.000114377 0.000994449 10.8491)
(0.000322998 0.00091222 10.836)
(0.00051886 0.000735808 10.7998)
(7.9945e-05 0.000810242 10.5856)
(0.000228477 0.00075085 10.5768)
(0.000397701 0.00059911 10.5428)
(4.73747e-05 0.000624537 10.2842)
(0.000140159 0.000588109 10.2773)
(0.000285827 0.000470849 10.2417)
(1.83744e-05 0.000452139 9.93569)
(6.14834e-05 0.000438349 9.92885)
(0.000185697 0.000354091 9.88946)
(-5.60991e-06 0.000305978 9.5225)
(-3.64998e-06 0.000312157 9.51422)
(0.000102574 0.000257198 9.47049)
(-2.44783e-05 0.000185773 9.00991)
(-5.56235e-05 0.000209091 8.99901)
(3.48726e-05 0.000177904 8.95214)
(-3.67864e-05 9.74105e-05 8.32319)
(-9.15307e-05 0.000131616 8.30857)
(-1.58948e-05 0.000116291 8.26067)
(-4.20987e-05 2.68813e-05 7.00777)
(-0.000109852 6.82656e-05 6.98014)
(-5.00115e-05 6.59903e-05 6.91223)
(0.000172407 0.0011908 11.2799)
(0.000481597 0.00108901 11.2496)
(0.000719015 0.000921048 11.1844)
(0.000144113 0.00111131 11.0795)
(0.00040019 0.00101511 11.0593)
(0.000613174 0.000821463 11.0143)
(0.000111233 0.000967373 10.8493)
(0.00031363 0.000886977 10.8363)
(0.000504156 0.000715083 10.8)
(7.76423e-05 0.000787277 10.5862)
(0.000221401 0.000729281 10.5773)
(0.000385929 0.000581711 10.5432)
(4.59202e-05 0.000606014 10.285)
(0.000135377 0.000570508 10.278)
(0.000276927 0.000456755 10.2422)
(1.77267e-05 0.000438033 9.93648)
(5.88774e-05 0.000424657 9.92956)
(0.000179502 0.000343156 9.89002)
(-5.53668e-06 0.000295912 9.52328)
(-4.32362e-06 0.000302016 9.5149)
(9.87636e-05 0.000249058 9.47101)
(-2.37789e-05 0.000179344 9.01063)
(-5.46231e-05 0.000202111 8.99963)
(3.31374e-05 0.00017222 8.9526)
(-3.5621e-05 9.38866e-05 8.32382)
(-8.92585e-05 0.0001272 8.3091)
(-1.59749e-05 0.000112632 8.26105)
(-4.06537e-05 2.58369e-05 7.00827)
(-0.000106774 6.6071e-05 6.98055)
(-4.88669e-05 6.40647e-05 6.91252)
(0.000168062 0.0011604 11.279)
(0.000468902 0.00106075 11.2488)
(0.000699964 0.000896527 11.1838)
(0.000140322 0.00108212 11.0793)
(0.000389171 0.000987949 11.0591)
(0.000596449 0.000798945 11.0141)
(0.000108188 0.000941134 10.8496)
(0.000304556 0.000862525 10.8365)
(0.000489913 0.000695023 10.8002)
(7.54067e-05 0.00076504 10.5867)
(0.000214548 0.000708399 10.5778)
(0.000374536 0.000564874 10.5436)
(4.45053e-05 0.00058809 10.2857)
(0.000130744 0.000553491 10.2786)
(0.000268313 0.000443121 10.2427)
(1.70908e-05 0.000424387 9.93726)
(5.63474e-05 0.000411425 9.93025)
(0.000173508 0.000332585 9.89056)
(-5.4774e-06 0.000286178 9.52404)
(-4.98819e-06 0.000292221 9.51556)
(9.50756e-05 0.000241192 9.47151)
(-2.31166e-05 0.000173129 9.01132)
(-5.36722e-05 0.000195374 9.00022)
(3.14561e-05 0.00016673 8.95304)
(-3.45101e-05 9.04809e-05 8.32442)
(-8.7081e-05 0.000122943 8.30961)
(-1.60563e-05 0.000109101 8.26142)
(-3.92737e-05 2.48291e-05 7.00875)
(-0.00010382 6.39595e-05 6.98095)
(-4.77648e-05 6.22085e-05 6.91279)
(0.000163838 0.00113085 11.2782)
(0.000456579 0.00103332 11.2481)
(0.000681486 0.000872756 11.1833)
(0.000136645 0.00105381 11.0791)
(0.000378494 0.000961623 11.059)
(0.000580241 0.000777134 11.014)
(0.000105237 0.000915707 10.8498)
(0.000295767 0.000838851 10.8367)
(0.000476117 0.000675605 10.8004)
(7.32405e-05 0.000743507 10.5873)
(0.000207912 0.000688193 10.5783)
(0.000363505 0.000548587 10.544)
(4.3131e-05 0.000570741 10.2864)
(0.000126254 0.000537028 10.2793)
(0.000259975 0.000429935 10.2432)
(1.6468e-05 0.000411186 9.93801)
(5.38904e-05 0.000398632 9.93092)
(0.000167708 0.000322364 9.89108)
(-5.43019e-06 0.000276765 9.52478)
(-5.64327e-06 0.000282755 9.51621)
(9.15065e-05 0.000233589 9.472)
(-2.24888e-05 0.00016712 9.012)
(-5.27677e-05 0.000188868 9.0008)
(2.98281e-05 0.000161427 8.95347)
(-3.34504e-05 8.71892e-05 8.32501)
(-8.49929e-05 0.000118837 8.31011)
(-1.61379e-05 0.000105691 8.26178)
(-3.7955e-05 2.38565e-05 7.00921)
(-0.000100982 6.19273e-05 6.98133)
(-4.67026e-05 6.04183e-05 6.91306)
(0.000159732 0.00110213 11.2774)
(0.000444618 0.0010067 11.2474)
(0.000663564 0.00084971 11.1827)
(0.000133078 0.00102634 11.0789)
(0.000368146 0.000936108 11.0588)
(0.000564533 0.000756007 11.0138)
(0.000102376 0.000891064 10.8501)
(0.000287254 0.000815924 10.837)
(0.000462754 0.000656804 10.8006)
(7.11401e-05 0.000722653 10.5878)
(0.000201486 0.000668635 10.5788)
(0.000352826 0.000532826 10.5444)
(4.17957e-05 0.00055395 10.2871)
(0.000121904 0.000521102 10.2799)
(0.000251905 0.000417178 10.2437)
(1.58581e-05 0.000398414 9.93875)
(5.15059e-05 0.000386262 9.93158)
(0.000162094 0.000312479 9.89159)
(-5.39399e-06 0.00026766 9.5255)
(-6.28724e-06 0.000273607 9.51684)
(8.80523e-05 0.00022624 9.47247)
(-2.18933e-05 0.00016131 9.01265)
(-5.19061e-05 0.000182585 9.00136)
(2.82517e-05 0.000156303 8.95389)
(-3.24393e-05 8.40076e-05 8.32558)
(-8.29894e-05 0.000114875 8.31058)
(-1.62193e-05 0.000102399 8.26213)
(-3.66944e-05 2.29176e-05 7.00966)
(-9.82557e-05 5.99708e-05 6.9817)
(-4.56788e-05 5.86915e-05 6.91331)
(0.000155741 0.00107423 11.2766)
(0.000433009 0.000980853 11.2467)
(0.00064618 0.000827364 11.1822)
(0.000129618 0.000999687 11.0787)
(0.000358117 0.000911374 11.0586)
(0.00054931 0.000735542 11.0137)
(9.96033e-05 0.000867178 10.8503)
(0.000279009 0.000793716 10.8372)
(0.00044981 0.000638598 10.8007)
(6.91034e-05 0.000702456 10.5883)
(0.000195265 0.000649702 10.5793)
(0.000342486 0.00051757 10.5448)
(4.04986e-05 0.000537695 10.2877)
(0.000117692 0.000505693 10.2805)
(0.000244093 0.000404833 10.2442)
(1.52615e-05 0.000386055 9.93947)
(4.91933e-05 0.0003743 9.93222)
(0.000156661 0.000302918 9.89209)
(-5.3674e-06 0.000258854 9.52619)
(-6.9182e-06 0.000264766 9.51744)
(8.47102e-05 0.000219134 9.47293)
(-2.13277e-05 0.000155691 9.01328)
(-5.10833e-05 0.000176517 9.0019)
(2.67263e-05 0.00015135 8.95428)
(-3.14737e-05 8.09325e-05 8.32613)
(-8.10648e-05 0.000111053 8.31104)
(-1.62991e-05 9.92192e-05 8.26246)
(-3.54887e-05 2.20113e-05 7.01009)
(-9.56338e-05 5.80864e-05 6.98206)
(-4.46905e-05 5.70246e-05 6.91356)
(0.000151861 0.00104711 11.2759)
(0.00042174 0.000955763 11.246)
(0.000629315 0.000805694 11.1817)
(0.000126259 0.000973827 11.0786)
(0.000348396 0.000887396 11.0585)
(0.000534555 0.000715714 11.0136)
(9.69144e-05 0.000844024 10.8506)
(0.000271023 0.000772203 10.8374)
(0.00043727 0.000620966 10.8009)
(6.71284e-05 0.000682892 10.5888)
(0.00018924 0.000631373 10.5797)
(0.000332473 0.000502799 10.5452)
(3.92389e-05 0.000521958 10.2884)
(0.000113612 0.000490783 10.2811)
(0.000236529 0.000392886 10.2447)
(1.46784e-05 0.000374096 9.94017)
(4.69511e-05 0.000362731 9.93284)
(0.000151403 0.000293668 9.89257)
(-5.34911e-06 0.000250335 9.52687)
(-7.53536e-06 0.00025622 9.51804)
(8.14757e-05 0.000212262 9.47338)
(-2.079e-05 0.000150258 9.0139)
(-5.02966e-05 0.000170656 9.00242)
(2.52498e-05 0.000146563 8.95467)
(-3.05508e-05 7.79594e-05 8.32666)
(-7.92148e-05 0.000107364 8.31149)
(-1.63777e-05 9.61468e-05 8.26278)
(-3.43346e-05 2.11355e-05 7.0105)
(-9.31112e-05 5.62713e-05 6.9824)
(-4.37367e-05 5.54155e-05 6.91379)
(0.000148089 0.00102076 11.2751)
(0.000410802 0.000931404 11.2453)
(0.000612954 0.000784677 11.1812)
(0.000123001 0.000948734 11.0784)
(0.000338972 0.000864145 11.0583)
(0.000520252 0.000696501 11.0135)
(9.43073e-05 0.000821576 10.8508)
(0.000263289 0.000751357 10.8376)
(0.000425122 0.000603885 10.8011)
(6.52136e-05 0.000663939 10.5893)
(0.000183407 0.000613625 10.5802)
(0.000322776 0.000488497 10.5456)
(3.80158e-05 0.000506721 10.289)
(0.000109662 0.000476353 10.2816)
(0.000229207 0.000381321 10.2451)
(1.41092e-05 0.000362522 9.94085)
(4.47782e-05 0.000351541 9.93345)
(0.000146313 0.000284717 9.89304)
(-5.338e-06 0.000242094 9.52753)
(-8.13761e-06 0.000247958 9.51861)
(7.83463e-05 0.000205615 9.47382)
(-2.02781e-05 0.000145004 9.01449)
(-4.95428e-05 0.000164992 9.00293)
(2.38217e-05 0.000141935 8.95504)
(-2.96681e-05 7.50854e-05 8.32717)
(-7.74348e-05 0.000103802 8.31192)
(-1.64536e-05 9.31771e-05 8.26309)
(-3.32294e-05 2.02898e-05 7.0109)
(-9.06822e-05 5.45219e-05 6.98273)
(-4.28144e-05 5.38609e-05 6.91402)
(0.000144423 0.000995154 11.2744)
(0.000400184 0.000907756 11.2447)
(0.000597076 0.000764287 11.1807)
(0.000119843 0.00092438 11.0782)
(0.000329833 0.000841598 11.0582)
(0.000506378 0.000677882 11.0134)
(9.17802e-05 0.00079981 10.8511)
(0.000255794 0.000731152 10.8379)
(0.000413349 0.000587341 10.8013)
(6.33577e-05 0.000645575 10.5898)
(0.000177758 0.000596436 10.5806)
(0.000313383 0.000474648 10.5459)
(3.68288e-05 0.000491966 10.2896)
(0.000105836 0.000462384 10.2822)
(0.000222117 0.000370126 10.2456)
(1.35539e-05 0.00035132 9.94152)
(4.26721e-05 0.000340714 9.93404)
(0.000141387 0.000276055 9.8935)
(-5.33326e-06 0.000234121 9.52818)
(-8.72524e-06 0.000239968 9.51917)
(7.53179e-05 0.000199184 9.47424)
(-1.97906e-05 0.000139923 9.01507)
(-4.88205e-05 0.000159518 9.00342)
(2.24401e-05 0.000137459 8.95541)
(-2.88236e-05 7.23072e-05 8.32767)
(-7.57219e-05 0.000100363 8.31234)
(-1.65272e-05 9.03067e-05 8.26339)
(-3.21709e-05 1.94732e-05 7.01129)
(-8.83432e-05 5.28353e-05 6.98304)
(-4.19229e-05 5.23591e-05 6.91423)
(0.00014086 0.000970267 11.2737)
(0.000389874 0.000884795 11.2441)
(0.000581665 0.000744502 11.1802)
(0.00011678 0.000900741 11.0781)
(0.000320969 0.00081973 11.058)
(0.000492922 0.000659835 11.0133)
(8.93303e-05 0.000778703 10.8513)
(0.000248532 0.000711566 10.8381)
(0.00040194 0.000571314 10.8015)
(6.15588e-05 0.00062778 10.5903)
(0.000172287 0.000579786 10.5811)
(0.000304283 0.000461235 10.5463)
(3.56772e-05 0.000477677 10.2903)
(0.000102131 0.00044886 10.2828)
(0.000215252 0.000359286 10.246)
(1.30128e-05 0.000340476 9.94217)
(4.0632e-05 0.000330237 9.93462)
(0.000136618 0.000267671 9.89395)
(-5.33377e-06 0.000226407 9.5288)
(-9.29689e-06 0.00023224 9.51971)
(7.23882e-05 0.000192962 9.47464)
(-1.93257e-05 0.000135008 9.01563)
(-4.81264e-05 0.000154227 9.0039)
(2.11047e-05 0.000133129 8.95575)
(-2.80149e-05 6.96214e-05 8.32815)
(-7.40715e-05 9.70406e-05 8.31274)
(-1.65973e-05 8.75311e-05 8.26368)
(-3.11563e-05 1.86847e-05 7.01166)
(-8.6089e-05 5.12084e-05 6.98335)
(-4.10602e-05 5.09073e-05 6.91444)
(0.000137397 0.000946078 11.273)
(0.000379865 0.000862498 11.2435)
(0.000566707 0.000725305 11.1798)
(0.000113808 0.000877794 11.0779)
(0.000312373 0.000798517 11.0579)
(0.00047987 0.00064234 11.0132)
(8.6955e-05 0.000758232 10.8515)
(0.000241496 0.00069258 10.8383)
(0.000390881 0.000555782 10.8016)
(5.9815e-05 0.000610534 10.5908)
(0.000166989 0.000563656 10.5815)
(0.000295466 0.00044824 10.5466)
(3.45599e-05 0.000463836 10.2909)
(9.85448e-05 0.000435765 10.2833)
(0.000208603 0.000348789 10.2465)
(1.24858e-05 0.000329979 9.9428)
(3.86566e-05 0.000320098 9.93518)
(0.000132002 0.000259554 9.89438)
(-5.3388e-06 0.000218943 9.52941)
(-9.85234e-06 0.000224765 9.52024)
(6.95531e-05 0.00018694 9.47504)
(-1.88819e-05 0.000130255 9.01617)
(-4.74588e-05 0.000149111 9.00436)
(1.98132e-05 0.000128941 8.95609)
(-2.72401e-05 6.70247e-05 8.32861)
(-7.24808e-05 9.38309e-05 8.31313)
(-1.66643e-05 8.48466e-05 8.26395)
(-3.01835e-05 1.7923e-05 7.01202)
(-8.3916e-05 4.96387e-05 6.98364)
(-4.02252e-05 4.95038e-05 6.91464)
(0.00013403 0.000922566 11.2724)
(0.000370145 0.000840841 11.2429)
(0.000552188 0.000706675 11.1793)
(0.000110924 0.000855517 11.0778)
(0.000304037 0.000777936 11.0578)
(0.000467212 0.000625374 11.0131)
(8.46515e-05 0.000738375 10.8518)
(0.000234678 0.000674171 10.8385)
(0.000380162 0.000540725 10.8018)
(5.81246e-05 0.000593817 10.5912)
(0.000161859 0.000548026 10.5819)
(0.000286924 0.000435649 10.547)
(3.34762e-05 0.000450428 10.2914)
(9.50731e-05 0.000423083 10.2838)
(0.000202163 0.000338619 10.2469)
(1.19729e-05 0.000319815 9.94342)
(3.67449e-05 0.000310284 9.93573)
(0.000127534 0.000251694 9.8948)
(-5.34749e-06 0.000211719 9.53)
(-1.03904e-05 0.000217532 9.52076)
(6.68107e-05 0.000181111 9.47542)
(-1.84576e-05 0.000125657 9.0167)
(-4.68147e-05 0.000144164 9.00481)
(1.85657e-05 0.000124887 8.95642)
(-2.6497e-05 6.45141e-05 8.32906)
(-7.09453e-05 9.0729e-05 8.3135)
(-1.67267e-05 8.22488e-05 8.26422)
(-2.925e-05 1.71875e-05 7.01237)
(-8.18188e-05 4.81233e-05 6.98392)
(-3.94153e-05 4.81454e-05 6.91483)
(0.000130757 0.000899712 11.2717)
(0.000360706 0.000819803 11.2423)
(0.000538093 0.000688593 11.1789)
(0.000108125 0.000833886 11.0777)
(0.000295953 0.000757965 11.0577)
(0.000454932 0.000608921 11.013)
(8.24175e-05 0.00071911 10.852)
(0.000228071 0.000656319 10.8387)
(0.000369768 0.000526127 10.802)
(5.64857e-05 0.000577611 10.5917)
(0.000156891 0.00053288 10.5823)
(0.000278647 0.000423445 10.5473)
(3.2425e-05 0.000437438 10.292)
(9.17127e-05 0.000410799 10.2844)
(0.000195926 0.000328767 10.2473)
(1.14739e-05 0.000309974 9.94403)
(3.48951e-05 0.000300783 9.93626)
(0.000123208 0.000244081 9.89521)
(-5.3595e-06 0.000204728 9.53058)
(-1.09111e-05 0.000210534 9.52125)
(6.41575e-05 0.000175466 9.4758)
(-1.80519e-05 0.000121209 9.01721)
(-4.61927e-05 0.00013938 9.00525)
(1.73603e-05 0.000120962 8.95673)
(-2.57842e-05 6.20865e-05 8.3295)
(-6.94624e-05 8.77305e-05 8.31386)
(-1.6785e-05 7.97346e-05 8.26447)
(-2.83541e-05 1.6477e-05 7.0127)
(-7.97943e-05 4.66601e-05 6.9842)
(-3.86299e-05 4.68308e-05 6.91501)
(0.000127574 0.000877494 11.2711)
(0.000351539 0.000799364 11.2418)
(0.000524407 0.00067104 11.1785)
(0.000105407 0.000812881 11.0775)
(0.000288111 0.000738583 11.0575)
(0.000443018 0.00059296 11.0129)
(8.02507e-05 0.000700418 10.8522)
(0.000221668 0.000639006 10.8389)
(0.000359691 0.000511971 10.8022)
(5.48967e-05 0.000561898 10.5921)
(0.00015208 0.000518199 10.5828)
(0.000270625 0.000411617 10.5476)
(3.14054e-05 0.000424851 10.2926)
(8.84605e-05 0.000398899 10.2849)
(0.000189885 0.000319219 10.2477)
(1.09887e-05 0.000300444 9.94462)
(3.31063e-05 0.000291583 9.93679)
(0.00011902 0.000236706 9.89561)
(-5.37409e-06 0.000197961 9.53114)
(-1.14137e-05 0.000203761 9.52174)
(6.15913e-05 0.000169999 9.47616)
(-1.76633e-05 0.000116905 9.0177)
(-4.55903e-05 0.000134751 9.00567)
(1.61967e-05 0.000117162 8.95704)
(-2.50997e-05 5.97389e-05 8.32992)
(-6.80287e-05 8.48311e-05 8.31421)
(-1.68383e-05 7.73e-05 8.26472)
(-2.74936e-05 1.57906e-05 7.01302)
(-7.78381e-05 4.52463e-05 6.98446)
(-3.78673e-05 4.55574e-05 6.91518)
(0.000124479 0.000855893 11.2705)
(0.000342635 0.000779505 11.2412)
(0.000511118 0.000653997 11.1781)
(0.000102769 0.00079248 11.0774)
(0.000280503 0.000719769 11.0574)
(0.000431457 0.000577475 11.0128)
(7.81488e-05 0.000682279 10.8524)
(0.000215462 0.000622211 10.8391)
(0.000349917 0.000498241 10.8023)
(5.33562e-05 0.000546661 10.5926)
(0.00014742 0.000503966 10.5832)
(0.00026285 0.000400149 10.5479)
(3.04168e-05 0.000412653 10.2931)
(8.53128e-05 0.000387369 10.2854)
(0.000184032 0.000309966 10.2481)
(1.05172e-05 0.000291213 9.9452)
(3.13765e-05 0.000282674 9.9373)
(0.000114965 0.000229561 9.896)
(-5.39071e-06 0.000191411 9.53169)
(-1.18985e-05 0.000197205 9.52221)
(5.91082e-05 0.000164703 9.47651)
(-1.72907e-05 0.000112741 9.01819)
(-4.50068e-05 0.000130273 9.00608)
(1.50724e-05 0.000113482 8.95733)
(-2.44421e-05 5.74688e-05 8.33032)
(-6.66423e-05 8.20268e-05 8.31455)
(-1.68873e-05 7.49427e-05 8.26496)
(-2.66668e-05 1.51274e-05 7.01333)
(-7.59478e-05 4.38801e-05 6.98471)
(-3.71269e-05 4.43242e-05 6.91534)
(0.00012147 0.000834889 11.2699)
(0.000333985 0.000760207 11.2407)
(0.00049821 0.000637448 11.1777)
(0.000100207 0.000772663 11.0773)
(0.000273122 0.000701504 11.0573)
(0.000420237 0.000562449 11.0127)
(7.611e-05 0.000664673 10.8527)
(0.000209446 0.000605916 10.8393)
(0.000340438 0.000484923 10.8025)
(5.18627e-05 0.000531883 10.593)
(0.000142907 0.000490166 10.5835)
(0.000255313 0.000389029 10.5483)
(2.94586e-05 0.00040083 10.2937)
(8.22669e-05 0.000376195 10.2858)
(0.000178361 0.000300996 10.2484)
(1.00596e-05 0.000282272 9.94576)
(2.97046e-05 0.000274044 9.93779)
(0.00011104 0.000222636 9.89638)
(-5.40853e-06 0.000185068 9.53222)
(-1.23649e-05 0.000190858 9.52267)
(5.67066e-05 0.000159573 9.47685)
(-1.69328e-05 0.000108711 9.01865)
(-4.44397e-05 0.000125939 9.00647)
(1.39875e-05 0.000109917 8.95762)
(-2.38096e-05 5.52732e-05 8.33071)
(-6.52996e-05 7.93139e-05 8.31488)
(-1.69309e-05 7.26588e-05 8.26518)
(-2.58716e-05 1.44868e-05 7.01363)
(-7.41191e-05 4.2559e-05 6.98495)
(-3.64068e-05 4.31286e-05 6.9155)
(0.000118543 0.000814466 11.2693)
(0.000325581 0.000741451 11.2402)
(0.000485673 0.000621374 11.1773)
(9.77192e-05 0.00075341 11.0772)
(0.000265959 0.000683768 11.0572)
(0.000409346 0.000547865 11.0127)
(7.4132e-05 0.000647582 10.8529)
(0.000203614 0.000590103 10.8395)
(0.000331242 0.000472001 10.8027)
(5.04149e-05 0.000517548 10.5934)
(0.000138536 0.000476784 10.5839)
(0.000248006 0.000378244 10.5486)
(2.85298e-05 0.000389369 10.2942)
(7.93194e-05 0.000365365 10.2863)
(0.000172866 0.000292299 10.2488)
(9.61575e-06 0.00027361 9.94631)
(2.8089e-05 0.000265685 9.93828)
(0.000107238 0.000215925 9.89675)
(-5.42713e-06 0.000178928 9.53274)
(-1.28133e-05 0.000184712 9.52312)
(5.43828e-05 0.000154601 9.47718)
(-1.65887e-05 0.000104812 9.0191)
(-4.38885e-05 0.000121744 9.00686)
(1.294e-05 0.000106463 8.95789)
(-2.32009e-05 5.31494e-05 8.33109)
(-6.39988e-05 7.66888e-05 8.31519)
(-1.69698e-05 7.04458e-05 8.2654)
(-2.51067e-05 1.38678e-05 7.01392)
(-7.23496e-05 4.12813e-05 6.98518)
(-3.57067e-05 4.19697e-05 6.91565)
(0.000115697 0.000794603 11.2688)
(0.000317415 0.00072322 11.2397)
(0.000473493 0.000605761 11.177)
(9.5303e-05 0.000734704 11.0771)
(0.000259008 0.000666544 11.0571)
(0.000398773 0.000533709 11.0126)
(7.22129e-05 0.000630989 10.8531)
(0.00019796 0.000574757 10.8397)
(0.000322321 0.000459462 10.8028)
(4.90112e-05 0.000503641 10.5938)
(0.000134303 0.000463803 10.5843)
(0.000240921 0.000367784 10.5489)
(2.76297e-05 0.000378257 10.2947)
(7.64673e-05 0.000354866 10.2868)
(0.000167542 0.000283866 10.2492)
(9.18528e-06 0.000265217 9.94685)
(2.65283e-05 0.000257585 9.93875)
(0.000103557 0.000209419 9.89711)
(-5.44629e-06 0.000172982 9.53324)
(-1.32435e-05 0.000178759 9.52356)
(5.21353e-05 0.000149782 9.4775)
(-1.62576e-05 0.000101038 9.01954)
(-4.33516e-05 0.000117683 9.00723)
(1.19295e-05 0.000103115 8.95815)
(-2.26149e-05 5.10952e-05 8.33146)
(-6.27374e-05 7.41478e-05 8.31549)
(-1.70033e-05 6.83007e-05 8.26561)
(-2.43706e-05 1.32699e-05 7.01419)
(-7.06362e-05 4.00448e-05 6.9854)
(-3.50251e-05 4.08452e-05 6.91579)
(0.000112929 0.000775285 11.2682)
(0.000309479 0.000705496 11.2392)
(0.000461658 0.000590592 11.1766)
(9.29559e-05 0.000716526 11.077)
(0.00025226 0.000649814 11.0571)
(0.000388508 0.000519964 11.0125)
(7.03504e-05 0.000614876 10.8533)
(0.000192476 0.00055986 10.8399)
(0.000313664 0.000447292 10.803)
(4.765e-05 0.000490146 10.5943)
(0.000130201 0.000451211 10.5847)
(0.00023405 0.000357635 10.5492)
(2.67571e-05 0.000367483 10.2952)
(7.37069e-05 0.000344688 10.2872)
(0.000162381 0.000275687 10.2495)
(8.76764e-06 0.000257084 9.94737)
(2.50202e-05 0.000249736 9.93922)
(9.99912e-05 0.00020311 9.89746)
(-5.46602e-06 0.000167224 9.53373)
(-1.36564e-05 0.000172994 9.52398)
(4.99604e-05 0.000145111 9.47781)
(-1.59391e-05 9.73855e-05 9.01997)
(-4.28286e-05 0.00011375 9.00759)
(1.0954e-05 9.98704e-05 8.95841)
(-2.20506e-05 4.9108e-05 8.33182)
(-6.15145e-05 7.1688e-05 8.31579)
(-1.70323e-05 6.62212e-05 8.26581)
(-2.36623e-05 1.26922e-05 7.01446)
(-6.89774e-05 3.8848e-05 6.98562)
(-3.43618e-05 3.97546e-05 6.91593)
(0.000110235 0.000756495 11.2677)
(0.000301767 0.000688264 11.2387)
(0.000450157 0.000575853 11.1762)
(9.06756e-05 0.000698858 11.0769)
(0.00024571 0.000633561 11.057)
(0.000378539 0.000506617 11.0125)
(6.85427e-05 0.000599228 10.8535)
(0.000187158 0.000545396 10.8401)
(0.000305262 0.000435478 10.8031)
(4.63298e-05 0.000477051 10.5947)
(0.000126227 0.000438993 10.585)
(0.000227387 0.000347787 10.5495)
(2.59112e-05 0.000357034 10.2957)
(7.10358e-05 0.000334817 10.2877)
(0.000157379 0.000267753 10.2499)
(8.3627e-06 0.000249203 9.94788)
(2.35639e-05 0.000242129 9.93967)
(9.65384e-05 0.000196993 9.8978)
(-5.48592e-06 0.000161646 9.53421)
(-1.40515e-05 0.000167408 9.52439)
(4.78568e-05 0.000140582 9.47811)
(-1.56322e-05 9.38496e-05 9.02039)
(-4.23178e-05 0.000109941 9.00794)
(1.00133e-05 9.67241e-05 8.95866)
(-2.15068e-05 4.71854e-05 8.33216)
(-6.03269e-05 6.93062e-05 8.31607)
(-1.70557e-05 6.42044e-05 8.26601)
(-2.29801e-05 1.2134e-05 7.01471)
(-6.73694e-05 3.76893e-05 6.98582)
(-3.37152e-05 3.86956e-05 6.91606)
(0.000107615 0.000738215 11.2672)
(0.00029427 0.000671507 11.2383)
(0.00043898 0.000561528 11.1759)
(8.84599e-05 0.000681685 11.0768)
(0.000239349 0.000617769 11.0569)
(0.000368857 0.000493655 11.0124)
(6.6788e-05 0.000584028 10.8537)
(0.000182 0.000531352 10.8403)
(0.000297107 0.000424009 10.8033)
(4.50494e-05 0.00046434 10.5951)
(0.000122377 0.000427137 10.5854)
(0.000220923 0.00033823 10.5497)
(2.50912e-05 0.0003469 10.2962)
(6.84507e-05 0.000325243 10.2881)
(0.00015253 0.000260056 10.2502)
(7.97022e-06 0.000241563 9.94839)
(2.21574e-05 0.000234754 9.94011)
(9.31936e-05 0.000191059 9.89813)
(-5.50577e-06 0.000156244 9.53468)
(-1.44296e-05 0.000161996 9.52479)
(4.58213e-05 0.00013619 9.4784)
(-1.53362e-05 9.04266e-05 9.02079)
(-4.18189e-05 0.000106252 9.00827)
(9.10542e-06 9.36732e-05 8.9589)
(-2.09827e-05 4.53252e-05 8.33249)
(-5.91738e-05 6.69995e-05 8.31634)
(-1.70745e-05 6.22483e-05 8.26619)
(-2.23232e-05 1.15944e-05 7.01496)
(-6.58107e-05 3.65675e-05 6.98602)
(-3.30851e-05 3.76676e-05 6.91618)
(0.000105066 0.000720431 11.2667)
(0.000286982 0.00065521 11.2378)
(0.000428115 0.000547604 11.1756)
(8.63069e-05 0.000664988 11.0767)
(0.000233173 0.000602423 11.0568)
(0.000359452 0.000481063 11.0123)
(6.50847e-05 0.000569262 10.8539)
(0.000176996 0.000517712 10.8405)
(0.000289191 0.000412871 10.8034)
(4.38077e-05 0.000452002 10.5954)
(0.000118646 0.000415629 10.5858)
(0.000214653 0.000328954 10.55)
(2.42968e-05 0.000337069 10.2967)
(6.59494e-05 0.000315956 10.2885)
(0.000147829 0.000252587 10.2505)
(7.59031e-06 0.000234158 9.94888)
(2.07998e-05 0.000227604 9.94054)
(8.99538e-05 0.000185303 9.89846)
(-5.52507e-06 0.00015101 9.53513)
(-1.47904e-05 0.000156751 9.52518)
(4.38522e-05 0.00013193 9.47869)
(-1.50504e-05 8.71124e-05 9.02118)
(-4.13306e-05 0.000102677 9.0086)
(8.23002e-06 9.07141e-05 8.95913)
(-2.04768e-05 4.35253e-05 8.33281)
(-5.80529e-05 6.47649e-05 8.31661)
(-1.70883e-05 6.03503e-05 8.26637)
(-2.16901e-05 1.10728e-05 7.0152)
(-6.42987e-05 3.54806e-05 6.98621)
(-3.24706e-05 3.66689e-05 6.9163)
(0.000102586 0.000703127 11.2662)
(0.000279896 0.000639359 11.2374)
(0.000417552 0.000534068 11.1753)
(8.42145e-05 0.000648754 11.0766)
(0.000227175 0.000587507 11.0567)
(0.000350314 0.000468829 11.0123)
(6.34311e-05 0.000554914 10.8541)
(0.000172142 0.000504462 10.8407)
(0.000281505 0.000402054 10.8036)
(4.26036e-05 0.000440022 10.5958)
(0.00011503 0.000404459 10.5861)
(0.000208569 0.000319949 10.5503)
(2.35271e-05 0.000327531 10.2971)
(6.35285e-05 0.000306947 10.2889)
(0.000143271 0.000245338 10.2509)
(7.22261e-06 0.000226979 9.94935)
(1.94888e-05 0.000220672 9.94096)
(8.68144e-05 0.000179719 9.89877)
(-5.54373e-06 0.00014594 9.53557)
(-1.5135e-05 0.000151667 9.52556)
(4.19461e-05 0.000127798 9.47896)
(-1.47741e-05 8.39034e-05 9.02156)
(-4.08529e-05 9.92143e-05 9.00892)
(7.38485e-06 8.78438e-05 8.95935)
(-1.99885e-05 4.17832e-05 8.33313)
(-5.69636e-05 6.26001e-05 8.31686)
(-1.7098e-05 5.8509e-05 8.26654)
(-2.10797e-05 1.05686e-05 7.01543)
(-6.28324e-05 3.44275e-05 6.98639)
(-3.18719e-05 3.56991e-05 6.91641)
(0.000100171 0.000686287 11.2657)
(0.000273005 0.000623939 11.237)
(0.000407281 0.000520907 11.175)
(8.21805e-05 0.000632966 11.0765)
(0.000221348 0.000573008 11.0567)
(0.000341436 0.000456941 11.0122)
(6.18253e-05 0.000540971 10.8543)
(0.000167431 0.00049159 10.8409)
(0.000274042 0.000391546 10.8037)
(4.14355e-05 0.000428389 10.5962)
(0.000111526 0.000393614 10.5864)
(0.000202665 0.000311205 10.5506)
(2.27813e-05 0.000318276 10.2976)
(6.11857e-05 0.000298205 10.2894)
(0.000138851 0.000238303 10.2512)
(6.86677e-06 0.000220018 9.94982)
(1.82235e-05 0.000213948 9.94137)
(8.37729e-05 0.0001743 9.89908)
(-5.56149e-06 0.000141027 9.53601)
(-1.54633e-05 0.000146739 9.52593)
(4.0102e-05 0.000123789 9.47923)
(-1.45067e-05 8.07956e-05 9.02192)
(-4.03846e-05 9.58581e-05 9.00923)
(6.56994e-06 8.50588e-05 8.95956)
(-1.95165e-05 4.0097e-05 8.33343)
(-5.59035e-05 6.05024e-05 8.31711)
(-1.71029e-05 5.67217e-05 8.26671)
(-2.04908e-05 1.00812e-05 7.01565)
(-6.14087e-05 3.34067e-05 6.98657)
(-3.12874e-05 3.47565e-05 6.91652)
(9.78185e-05 0.000669899 11.2652)
(0.000266303 0.000608937 11.2366)
(0.000397295 0.000508107 11.1747)
(8.02026e-05 0.00061761 11.0765)
(0.000215687 0.000558912 11.0566)
(0.000332808 0.000445387 11.0122)
(6.02656e-05 0.000527419 10.8545)
(0.000162859 0.000479083 10.841)
(0.000266793 0.000381338 10.8039)
(4.03022e-05 0.000417091 10.5966)
(0.000108129 0.000383083 10.5868)
(0.000196935 0.000302713 10.5508)
(2.20584e-05 0.000309295 10.298)
(5.8918e-05 0.000289722 10.2898)
(0.000134564 0.000231472 10.2515)
(6.52219e-06 0.000213268 9.95028)
(1.7002e-05 0.000207427 9.94177)
(8.08255e-05 0.000169041 9.89938)
(-5.57852e-06 0.000136266 9.53643)
(-1.5776e-05 0.000141962 9.52629)
(3.83169e-05 0.000119899 9.47949)
(-1.42481e-05 7.77857e-05 9.02228)
(-3.99258e-05 9.26054e-05 9.00953)
(5.78341e-06 8.23565e-05 8.95977)
(-1.90605e-05 3.84647e-05 8.33372)
(-5.48722e-05 5.84696e-05 8.31734)
(-1.7104e-05 5.49869e-05 8.26686)
(-1.99225e-05 9.61005e-06 7.01586)
(-6.00267e-05 3.24172e-05 6.98673)
(-3.07174e-05 3.38407e-05 6.91662)
(9.55288e-05 0.000653949 11.2647)
(0.000259784 0.00059434 11.2362)
(0.000387582 0.000495659 11.1744)
(7.82793e-05 0.000602672 11.0764)
(0.000210187 0.000545206 11.0566)
(0.000324422 0.000434157 11.0122)
(5.87506e-05 0.000514246 10.8547)
(0.000158422 0.000466929 10.8412)
(0.000259753 0.000371418 10.804)
(3.92025e-05 0.000406117 10.5969)
(0.000104837 0.000372855 10.5871)
(0.000191374 0.000294466 10.5511)
(2.13577e-05 0.000300578 10.2985)
(5.67234e-05 0.000281488 10.2902)
(0.000130406 0.000224841 10.2518)
(6.18867e-06 0.000206721 9.95073)
(1.58233e-05 0.000201101 9.94216)
(7.79694e-05 0.000163937 9.89967)
(-5.59459e-06 0.000131652 9.53684)
(-1.60731e-05 0.000137329 9.52664)
(3.65896e-05 0.000116124 9.47974)
(-1.39975e-05 7.48701e-05 9.02263)
(-3.94754e-05 8.94522e-05 9.00982)
(5.0249e-06 7.97339e-05 8.95997)
(-1.86194e-05 3.68845e-05 8.334)
(-5.38679e-05 5.6499e-05 8.31757)
(-1.7101e-05 5.33026e-05 8.26701)
(-1.93738e-05 9.15449e-06 7.01606)
(-5.86841e-05 3.14575e-05 6.98689)
(-3.01612e-05 3.29503e-05 6.91671)
(9.33002e-05 0.000638422 11.2643)
(0.000253442 0.000580134 11.2358)
(0.000378134 0.00048355 11.1741)
(7.64089e-05 0.00058814 11.0763)
(0.000204842 0.000531875 11.0565)
(0.00031627 0.000423239 11.0121)
(5.7279e-05 0.000501439 10.8549)
(0.000154114 0.000455115 10.8414)
(0.000252914 0.000361779 10.8042)
(3.81352e-05 0.000395456 10.5973)
(0.000101645 0.000362921 10.5874)
(0.000185976 0.000286455 10.5513)
(2.06787e-05 0.000292116 10.2989)
(5.45989e-05 0.000273495 10.2905)
(0.000126372 0.000218402 10.2521)
(5.86594e-06 0.00020037 9.95117)
(1.46854e-05 0.000194964 9.94255)
(7.52004e-05 0.000158982 9.89996)
(-5.60964e-06 0.000127179 9.53724)
(-1.63557e-05 0.000132838 9.52698)
(3.49166e-05 0.00011246 9.47999)
(-1.37545e-05 7.20459e-05 9.02296)
(-3.90338e-05 8.63957e-05 9.0101)
(4.29217e-06 7.71886e-05 8.96016)
(-1.81927e-05 3.53545e-05 8.33427)
(-5.28904e-05 5.45888e-05 8.31779)
(-1.70949e-05 5.16677e-05 8.26716)
(-1.88439e-05 8.71385e-06 7.01625)
(-5.73806e-05 3.05268e-05 6.98705)
(-2.9619e-05 3.20852e-05 6.9168)
(9.11309e-05 0.000623306 11.2639)
(0.000247272 0.000566305 11.2354)
(0.000368942 0.00047177 11.1738)
(7.45891e-05 0.000574 11.0762)
(0.000199648 0.00051891 11.0564)
(0.000308346 0.000412623 11.0121)
(5.58502e-05 0.000488985 10.8551)
(0.000149932 0.000443631 10.8416)
(0.000246268 0.000352409 10.8043)
(3.70997e-05 0.000385098 10.5976)
(9.85492e-05 0.000353268 10.5878)
(0.000180735 0.000278672 10.5516)
(2.00211e-05 0.000283901 10.2993)
(5.2543e-05 0.000265736 10.2909)
(0.000122458 0.000212149 10.2524)
(5.55438e-06 0.000194209 9.95159)
(1.35877e-05 0.000189009 9.94292)
(7.25164e-05 0.000154172 9.90024)
(-5.62296e-06 0.000122843 9.53762)
(-1.66236e-05 0.000128481 9.52731)
(3.32972e-05 0.000108903 9.48023)
(-1.35183e-05 6.93097e-05 9.02329)
(-3.85998e-05 8.34317e-05 9.01037)
(3.58519e-06 7.47178e-05 8.96035)
(-1.77791e-05 3.38731e-05 8.33453)
(-5.19378e-05 5.27364e-05 8.318)
(-1.70852e-05 5.008e-05 8.2673)
(-1.83314e-05 8.2878e-06 7.01644)
(-5.61133e-05 2.96238e-05 6.98719)
(-2.90898e-05 3.1244e-05 6.91689)
(8.90182e-05 0.000608589 11.2634)
(0.000241268 0.000552842 11.235)
(0.00036 0.000460308 11.1735)
(7.28178e-05 0.00056024 11.0762)
(0.0001946 0.000506304 11.0564)
(0.000300643 0.000402299 11.012)
(5.44647e-05 0.000476874 10.8553)
(0.000145874 0.000432471 10.8418)
(0.000239809 0.000343302 10.8045)
(3.6096e-05 0.000375032 10.598)
(9.5547e-05 0.000343887 10.5881)
(0.000175644 0.00027111 10.5518)
(1.93848e-05 0.000275924 10.2997)
(5.05528e-05 0.000258201 10.2913)
(0.00011866 0.000206075 10.2527)
(5.25404e-06 0.000188232 9.95201)
(1.25285e-05 0.00018323 9.94329)
(6.99134e-05 0.000149501 9.90051)
(-5.63423e-06 0.000118639 9.538)
(-1.68778e-05 0.000124254 9.52764)
(3.17283e-05 0.000105451 9.48046)
(-1.32881e-05 6.66587e-05 9.02361)
(-3.81737e-05 8.0557e-05 9.01063)
(2.902e-06 7.23195e-05 8.96053)
(-1.73778e-05 3.24385e-05 8.33478)
(-5.10097e-05 5.09398e-05 8.31821)
(-1.70731e-05 4.85386e-05 8.26743)
(-1.78353e-05 7.87566e-06 7.01662)
(-5.48816e-05 2.87476e-05 6.98733)
(-2.85742e-05 3.04267e-05 6.91697)
(8.69607e-05 0.000594259 11.263)
(0.000235427 0.000539736 11.2347)
(0.0003513 0.000449153 11.1733)
(7.10958e-05 0.000546849 11.0761)
(0.000189694 0.00049404 11.0563)
(0.000293151 0.000392259 11.012)
(5.31187e-05 0.000465095 10.8555)
(0.000141934 0.000421622 10.8419)
(0.000233532 0.000334449 10.8046)
(3.51232e-05 0.00036525 10.5983)
(9.26361e-05 0.000334772 10.5884)
(0.0001707 0.000263762 10.5521)
(1.87687e-05 0.000268176 10.3001)
(4.86261e-05 0.000250882 10.2916)
(0.000114974 0.000200176 10.2529)
(4.96437e-06 0.000182431 9.95242)
(1.15067e-05 0.000177621 9.94365)
(6.73894e-05 0.000144966 9.90077)
(-5.64362e-06 0.000114562 9.53837)
(-1.71182e-05 0.000120154 9.52795)
(3.02092e-05 0.0001021 9.48068)
(-1.30638e-05 6.40897e-05 9.02392)
(-3.77548e-05 7.77685e-05 9.01088)
(2.24255e-06 6.99909e-05 8.9607)
(-1.69883e-05 3.10491e-05 8.33503)
(-5.01047e-05 4.91968e-05 8.3184)
(-1.7058e-05 4.70414e-05 8.26755)
(-1.7355e-05 7.47691e-06 7.01679)
(-5.36836e-05 2.7897e-05 6.98747)
(-2.80711e-05 2.96317e-05 6.91704)
(8.49587e-05 0.000580305 11.2626)
(0.000229745 0.000526983 11.2343)
(0.000342831 0.000438295 11.173)
(6.94246e-05 0.000533811 11.0761)
(0.000184919 0.000482096 11.0563)
(0.000285858 0.000382493 11.012)
(5.18072e-05 0.000453637 10.8557)
(0.000138106 0.000411058 10.8421)
(0.000227434 0.000325838 10.8047)
(3.41779e-05 0.000355741 10.5987)
(8.98134e-05 0.00032592 10.5887)
(0.000165897 0.00025662 10.5523)
(1.8171e-05 0.000260652 10.3005)
(4.67607e-05 0.000243775 10.292)
(0.000111398 0.000194445 10.2532)
(4.68402e-06 0.000176802 9.95282)
(1.05207e-05 0.000172178 9.944)
(6.49417e-05 0.00014056 9.90103)
(-5.65189e-06 0.000110609 9.53874)
(-1.73458e-05 0.000116176 9.52826)
(2.87376e-05 9.88454e-05 9.4809)
(-1.28457e-05 6.16001e-05 9.02422)
(-3.73433e-05 7.50644e-05 9.01113)
(1.60534e-06 6.773e-05 8.96087)
(-1.66107e-05 2.97033e-05 8.33527)
(-4.92228e-05 4.75065e-05 8.31859)
(-1.70407e-05 4.55874e-05 8.26767)
(-1.68902e-05 7.09103e-06 7.01696)
(-5.25192e-05 2.70715e-05 6.9876)
(-2.75806e-05 2.88591e-05 6.91711)
(8.30102e-05 0.000566714 11.2622)
(0.000224214 0.000514566 11.234)
(0.000334586 0.000427722 11.1728)
(6.77988e-05 0.000521118 11.076)
(0.000180273 0.000470468 11.0563)
(0.000278764 0.000372998 11.0119)
(5.05315e-05 0.000442488 10.8559)
(0.000134388 0.000400779 10.8423)
(0.00022151 0.000317466 10.8049)
(3.32594e-05 0.000346497 10.599)
(8.70758e-05 0.000317315 10.589)
(0.000161233 0.000249673 10.5525)
(1.75913e-05 0.000253343 10.3009)
(4.49554e-05 0.000236872 10.2923)
(0.000107928 0.000188876 10.2535)
(4.41287e-06 0.000171338 9.95321)
(9.56983e-06 0.000166894 9.94434)
(6.25685e-05 0.000136281 9.90128)
(-5.65894e-06 0.000106775 9.53909)
(-1.75604e-05 0.000112317 9.52856)
(2.73127e-05 9.56846e-05 9.48111)
(-1.26334e-05 5.91869e-05 9.02451)
(-3.69383e-05 7.24412e-05 9.01137)
(9.90544e-07 6.55339e-05 8.96103)
(-1.62442e-05 2.83995e-05 8.33549)
(-4.83623e-05 4.58666e-05 8.31878)
(-1.70205e-05 4.41745e-05 8.26779)
(-1.64402e-05 6.71776e-06 7.01712)
(-5.1386e-05 2.627e-05 6.98772)
(-2.71015e-05 2.81072e-05 6.91718)
(8.1113e-05 0.000553476 11.2618)
(0.000218828 0.000502466 11.2337)
(0.000326556 0.000417427 11.1725)
(6.62122e-05 0.000508761 11.076)
(0.000175753 0.000459153 11.0562)
(0.000271867 0.000363763 11.0119)
(4.92925e-05 0.000431641 10.856)
(0.00013078 0.000390788 10.8424)
(0.000215752 0.000309328 10.805)
(3.23676e-05 0.000337509 10.5993)
(8.44196e-05 0.000308947 10.5893)
(0.0001567 0.000242917 10.5528)
(1.70294e-05 0.000246242 10.3013)
(4.32071e-05 0.000230166 10.2927)
(0.000104559 0.000183464 10.2537)
(4.15071e-06 0.000166034 9.9536)
(8.6522e-06 0.000161763 9.94467)
(6.02662e-05 0.000132123 9.90153)
(-5.6648e-06 0.000103055 9.53943)
(-1.77633e-05 0.000108571 9.52885)
(2.59318e-05 9.26144e-05 9.48131)
(-1.24268e-05 5.68474e-05 9.02479)
(-3.65403e-05 6.98961e-05 9.0116)
(3.96337e-07 6.34009e-05 8.96118)
(-1.58886e-05 2.71363e-05 8.33571)
(-4.75232e-05 4.42754e-05 8.31895)
(-1.69983e-05 4.28019e-05 8.2679)
(-1.60044e-05 6.35651e-06 7.01727)
(-5.02838e-05 2.54917e-05 6.98784)
(-2.66342e-05 2.73762e-05 6.91724)
(7.92638e-05 0.00054058 11.2615)
(0.000213585 0.00049068 11.2333)
(0.00031874 0.000407402 11.1723)
(6.46675e-05 0.000496728 11.0759)
(0.000171358 0.000448139 11.0562)
(0.000265157 0.000354776 11.0119)
(4.80878e-05 0.000421085 10.8562)
(0.000127275 0.000381068 10.8426)
(0.000210154 0.000301413 10.8051)
(3.15019e-05 0.00032877 10.5996)
(8.18431e-05 0.000300812 10.5895)
(0.000152297 0.000236349 10.553)
(1.64849e-05 0.000239342 10.3017)
(4.15145e-05 0.00022365 10.293)
(0.000101288 0.000178205 10.254)
(3.8977e-06 0.000160885 9.95397)
(7.76728e-06 0.000156781 9.945)
(5.80335e-05 0.000128084 9.90177)
(-5.66906e-06 9.94472e-05 9.53977)
(-1.79543e-05 0.000104936 9.52913)
(2.45943e-05 8.96324e-05 9.48151)
(-1.22252e-05 5.45794e-05 9.02506)
(-3.61486e-05 6.74264e-05 9.01183)
(-1.77263e-07 6.13294e-05 8.96133)
(-1.55431e-05 2.59124e-05 8.33593)
(-4.67043e-05 4.27311e-05 8.31912)
(-1.69739e-05 4.14681e-05 8.268)
(-1.5582e-05 6.00684e-06 7.01742)
(-4.92108e-05 2.47358e-05 6.98795)
(-2.61782e-05 2.66649e-05 6.9173)
(7.74583e-05 0.00052802 11.2611)
(0.000208483 0.000479212 11.233)
(0.000311135 0.000397641 11.1721)
(6.31672e-05 0.000485013 11.0759)
(0.000167085 0.000437428 11.0561)
(0.000258625 0.000346032 11.0119)
(4.69176e-05 0.000410811 10.8564)
(0.000123867 0.000371606 10.8428)
(0.000204709 0.000293713 10.8053)
(3.06618e-05 0.00032027 10.5999)
(7.9343e-05 0.000292901 10.5898)
(0.000148017 0.000229962 10.5532)
(1.59577e-05 0.000232638 10.3021)
(3.98747e-05 0.000217317 10.2934)
(9.81111e-05 0.000173092 10.2542)
(3.65377e-06 0.000155886 9.95434)
(6.91316e-06 0.000151942 9.94532)
(5.58668e-05 0.00012416 9.902)
(-5.67157e-06 9.59465e-05 9.54009)
(-1.81346e-05 0.000101407 9.52941)
(2.32971e-05 8.67357e-05 9.4817)
(-1.20283e-05 5.23805e-05 9.02533)
(-3.57637e-05 6.50297e-05 9.01204)
(-7.32301e-07 5.93175e-05 8.96147)
(-1.52071e-05 2.47262e-05 8.33613)
(-4.59058e-05 4.12322e-05 8.31928)
(-1.69485e-05 4.01726e-05 8.2681)
(-1.51724e-05 5.66816e-06 7.01756)
(-4.81672e-05 2.40015e-05 6.98805)
(-2.5734e-05 2.59736e-05 6.91735)
(7.57003e-05 0.000515782 11.2607)
(0.000203514 0.000468038 11.2327)
(0.000303727 0.000388138 11.1718)
(6.17052e-05 0.000473601 11.0758)
(0.000162929 0.000426994 11.0561)
(0.00025227 0.000337519 11.0118)
(4.57796e-05 0.00040081 10.8566)
(0.000120556 0.000362401 10.8429)
(0.000199414 0.00028622 10.8054)
(2.98463e-05 0.000312003 10.6002)
(7.69179e-05 0.000285207 10.5901)
(0.00014386 0.000223751 10.5534)
(1.54471e-05 0.000226122 10.3024)
(3.82869e-05 0.000211163 10.2937)
(9.50255e-05 0.000168121 10.2545)
(3.41891e-06 0.000151031 9.9547)
(6.08966e-06 0.000147242 9.94563)
(5.37651e-05 0.000120347 9.90223)
(-5.67198e-06 9.25494e-05 9.54041)
(-1.83037e-05 9.79811e-05 9.52968)
(2.20402e-05 8.39214e-05 9.48189)
(-1.18355e-05 5.0248e-05 9.02558)
(-3.53846e-05 6.27032e-05 9.01226)
(-1.26839e-06 5.73628e-05 8.96161)
(-1.48799e-05 2.35765e-05 8.33633)
(-4.5126e-05 3.97771e-05 8.31944)
(-1.69212e-05 3.89135e-05 8.2682)
(-1.47747e-05 5.34029e-06 7.01769)
(-4.71507e-05 2.3288e-05 6.98815)
(-2.53005e-05 2.5301e-05 6.9174)
(7.39878e-05 0.000503856 11.2604)
(0.000198673 0.000457152 11.2324)
(0.000296513 0.000378887 11.1716)
(6.02812e-05 0.000462484 11.0758)
(0.000158887 0.000416832 11.0561)
(0.000246084 0.000329224 11.0118)
(4.4673e-05 0.000391072 10.8567)
(0.000117335 0.000353443 10.8431)
(0.000194259 0.000278926 10.8055)
(2.90546e-05 0.000303961 10.6005)
(7.45644e-05 0.000277724 10.5904)
(0.000139821 0.000217715 10.5536)
(1.49528e-05 0.000219787 10.3028)
(3.67486e-05 0.000205182 10.294)
(9.20274e-05 0.000163287 10.2547)
(3.19277e-06 0.000146315 9.95505)
(5.29494e-06 0.000142677 9.94594)
(5.17251e-05 0.000116642 9.90245)
(-5.67037e-06 8.92526e-05 9.54072)
(-1.84628e-05 9.46547e-05 9.52994)
(2.08212e-05 8.11873e-05 9.48207)
(-1.16465e-05 4.81797e-05 9.02584)
(-3.50119e-05 6.04447e-05 9.01246)
(-1.78718e-06 5.54643e-05 8.96174)
(-1.45611e-05 2.2462e-05 8.33652)
(-4.43652e-05 3.83644e-05 8.31959)
(-1.6893e-05 3.76904e-05 8.26829)
(-1.43883e-05 5.0227e-06 7.01782)
(-4.61616e-05 2.25949e-05 6.98825)
(-2.48783e-05 2.46473e-05 6.91744)
(7.23191e-05 0.000492235 11.26)
(0.000193959 0.000446545 11.2321)
(0.000289489 0.000369881 11.1714)
(5.88951e-05 0.000451653 11.0757)
(0.000154958 0.00040693 11.056)
(0.00024006 0.000321134 11.0118)
(4.35967e-05 0.00038159 10.8569)
(0.0001142 0.000344722 10.8433)
(0.000189238 0.000271818 10.8057)
(2.82858e-05 0.000296135 10.6008)
(7.22788e-05 0.000270444 10.5907)
(0.000135896 0.00021185 10.5539)
(1.44738e-05 0.000213629 10.3031)
(3.52577e-05 0.000199368 10.2943)
(8.91152e-05 0.000158589 10.2549)
(2.97492e-06 0.000141735 9.9554)
(4.52795e-06 0.000138242 9.94624)
(4.97459e-05 0.000113043 9.90267)
(-5.6669e-06 8.60524e-05 9.54103)
(-1.86119e-05 9.14246e-05 9.53019)
(1.964e-05 7.85318e-05 9.48225)
(-1.14614e-05 4.61734e-05 9.02608)
(-3.4645e-05 5.8252e-05 9.01266)
(-2.28836e-06 5.36202e-05 8.96187)
(-1.42503e-05 2.13814e-05 8.33671)
(-4.36224e-05 3.69927e-05 8.31974)
(-1.68635e-05 3.65021e-05 8.26837)
(-1.40128e-05 4.715e-06 7.01794)
(-4.51985e-05 2.19214e-05 6.98834)
(-2.44669e-05 2.40115e-05 6.91748)
(7.06928e-05 0.00048091 11.2597)
(0.000189368 0.000436209 11.2318)
(0.000282647 0.00036111 11.1712)
(5.75452e-05 0.000441099 11.0757)
(0.000151134 0.000397285 11.056)
(0.000234195 0.000313252 11.0118)
(4.25495e-05 0.000372356 10.8571)
(0.000111151 0.000336233 10.8434)
(0.00018435 0.000264897 10.8058)
(2.75389e-05 0.00028852 10.6011)
(7.00592e-05 0.000263363 10.5909)
(0.00013208 0.000206145 10.5541)
(1.40096e-05 0.000207642 10.3035)
(3.38126e-05 0.000193715 10.2946)
(8.62855e-05 0.000154021 10.2552)
(2.7647e-06 0.000137285 9.95574)
(3.7874e-06 0.000133933 9.94653)
(4.78242e-05 0.000109546 9.90288)
(-5.66197e-06 8.29461e-05 9.54132)
(-1.8752e-05 8.82882e-05 9.53044)
(1.84943e-05 7.59515e-05 9.48242)
(-1.12801e-05 4.42272e-05 9.02631)
(-3.42844e-05 5.61234e-05 9.01285)
(-2.77353e-06 5.18287e-05 8.96199)
(-1.39475e-05 2.03335e-05 8.33689)
(-4.28976e-05 3.56608e-05 8.31987)
(-1.68333e-05 3.53477e-05 8.26845)
(-1.36478e-05 4.4167e-06 7.01806)
(-4.42613e-05 2.12669e-05 6.98843)
(-2.40665e-05 2.33938e-05 6.91752)
(6.91077e-05 0.000469872 11.2594)
(0.000184895 0.000426136 11.2316)
(0.000275981 0.000352565 11.171)
(5.62304e-05 0.000430816 11.0757)
(0.000147412 0.000387889 11.056)
(0.000228485 0.000305576 11.0118)
(4.15306e-05 0.000363363 10.8573)
(0.000108185 0.000327967 10.8436)
(0.000179595 0.000258159 10.8059)
(2.68131e-05 0.00028111 10.6014)
(6.7904e-05 0.000256472 10.5912)
(0.000128371 0.000200595 10.5543)
(1.35594e-05 0.00020182 10.3038)
(3.24127e-05 0.000188218 10.2949)
(8.3537e-05 0.000149578 10.2554)
(2.56183e-06 0.000132962 9.95607)
(3.07312e-06 0.000129746 9.94682)
(4.59594e-05 0.000106145 9.90308)
(-5.65566e-06 7.99299e-05 9.54161)
(-1.88825e-05 8.52417e-05 9.53068)
(1.73842e-05 7.34437e-05 9.48258)
(-1.11027e-05 4.23386e-05 9.02654)
(-3.39289e-05 5.40561e-05 9.01303)
(-3.24202e-06 5.00872e-05 8.96211)
(-1.36524e-05 1.93172e-05 8.33706)
(-4.21892e-05 3.4367e-05 8.32001)
(-1.68014e-05 3.42252e-05 8.26853)
(-1.3293e-05 4.12769e-06 7.01817)
(-4.3348e-05 2.06307e-05 6.98851)
(-2.36755e-05 2.27925e-05 6.91756)
(6.75628e-05 0.000459113 11.2591)
(0.000180538 0.000416318 11.2313)
(0.000269487 0.000344237 11.1708)
(5.49496e-05 0.000420796 11.0756)
(0.000143788 0.000378734 11.056)
(0.000222923 0.0002981 11.0118)
(4.05388e-05 0.000354605 10.8574)
(0.000105301 0.000319917 10.8437)
(0.000174967 0.000251599 10.806)
(2.61077e-05 0.000273898 10.6017)
(6.58106e-05 0.000249766 10.5914)
(0.000124763 0.000195195 10.5545)
(1.31226e-05 0.000196159 10.3041)
(3.1056e-05 0.000182873 10.2952)
(8.08669e-05 0.000145258 10.2556)
(2.36588e-06 0.000128761 9.95639)
(2.38387e-06 0.000125677 9.9471)
(4.4149e-05 0.000102839 9.90329)
(-5.64822e-06 7.70014e-05 9.54189)
(-1.90043e-05 8.22825e-05 9.53092)
(1.63077e-05 7.10062e-05 9.48274)
(-1.09292e-05 4.0506e-05 9.02677)
(-3.3579e-05 5.20484e-05 9.01321)
(-3.69506e-06 4.83946e-05 8.96222)
(-1.3365e-05 1.83314e-05 8.33723)
(-4.14972e-05 3.31103e-05 8.32014)
(-1.67686e-05 3.3134e-05 8.2686)
(-1.29482e-05 3.84758e-06 7.01828)
(-4.24583e-05 2.00121e-05 6.98858)
(-2.32944e-05 2.22077e-05 6.91759)
(6.60568e-05 0.000448625 11.2588)
(0.000176292 0.000406748 11.231)
(0.000263159 0.00033612 11.1706)
(5.37016e-05 0.00041103 11.0756)
(0.000140258 0.000369814 11.0559)
(0.000217508 0.000290821 11.0117)
(3.95733e-05 0.000346074 10.8576)
(0.000102498 0.000312078 10.8439)
(0.000170465 0.000245214 10.8061)
(2.54219e-05 0.000266878 10.602)
(6.37778e-05 0.00024324 10.5917)
(0.000121254 0.000189937 10.5547)
(1.26991e-05 0.000190653 10.3045)
(2.97419e-05 0.000177675 10.2955)
(7.82734e-05 0.000141057 10.2558)
(2.17698e-06 0.000124679 9.95671)
(1.71968e-06 0.000121722 9.94737)
(4.2392e-05 9.96238e-05 9.90348)
(-5.63933e-06 7.41577e-05 9.54217)
(-1.91167e-05 7.94075e-05 9.53115)
(1.52647e-05 6.86367e-05 9.4829)
(-1.07591e-05 3.87275e-05 9.02698)
(-3.32335e-05 5.00981e-05 9.01339)
(-4.1324e-06 4.67491e-05 8.96233)
(-1.30846e-05 1.73752e-05 8.33739)
(-4.08202e-05 3.18892e-05 8.32026)
(-1.67342e-05 3.20727e-05 8.26867)
(-1.26129e-05 3.57603e-06 7.01838)
(-4.15907e-05 1.94103e-05 6.98866)
(-2.29221e-05 2.16381e-05 6.91762)
(6.45885e-05 0.000438401 11.2585)
(0.000172155 0.000397419 11.2308)
(0.000256991 0.000328206 11.1705)
(5.24854e-05 0.000401513 11.0756)
(0.000136818 0.000361125 11.0559)
(0.000212234 0.000283738 11.0117)
(3.86337e-05 0.000337764 10.8577)
(9.97729e-05 0.000304443 10.844)
(0.000166086 0.000239001 10.8063)
(2.47557e-05 0.000260045 10.6022)
(6.18043e-05 0.000236889 10.5919)
(0.000117841 0.000184818 10.5548)
(1.22886e-05 0.000185298 10.3048)
(2.84692e-05 0.00017262 10.2958)
(7.57528e-05 0.000136969 10.256)
(1.99517e-06 0.000120712 9.95702)
(1.07945e-06 0.000117879 9.94764)
(4.06855e-05 9.6497e-05 9.90367)
(-5.62874e-06 7.13964e-05 9.54243)
(-1.92206e-05 7.66145e-05 9.53137)
(1.42526e-05 6.63328e-05 9.48305)
(-1.05921e-05 3.70015e-05 9.02719)
(-3.28928e-05 4.82036e-05 9.01355)
(-4.55584e-06 4.51493e-05 8.96244)
(-1.28109e-05 1.64474e-05 8.33754)
(-4.01584e-05 3.07025e-05 8.32038)
(-1.66992e-05 3.10408e-05 8.26873)
(-1.22866e-05 3.31257e-06 7.01848)
(-4.07449e-05 1.88249e-05 6.98873)
(-2.25592e-05 2.10839e-05 6.91764)
(6.31566e-05 0.000428432 11.2582)
(0.000168122 0.000388324 11.2305)
(0.00025098 0.000320492 11.1703)
(5.13006e-05 0.000392235 11.0755)
(0.000133468 0.000352656 11.0559)
(0.000207097 0.000276839 11.0117)
(3.77193e-05 0.000329668 10.8579)
(9.71232e-05 0.000297006 10.8442)
(0.000161825 0.000232952 10.8064)
(2.41085e-05 0.000253392 10.6025)
(5.98882e-05 0.000230707 10.5922)
(0.00011452 0.000179834 10.555)
(1.18912e-05 0.000180089 10.3051)
(2.72366e-05 0.000167702 10.2961)
(7.33035e-05 0.000132992 10.2563)
(1.82062e-06 0.000116855 9.95732)
(4.62882e-07 0.000114141 9.9479)
(3.9029e-05 9.3456e-05 9.90386)
(-5.6161e-06 6.87142e-05 9.5427)
(-1.93157e-05 7.38999e-05 9.53159)
(1.32716e-05 6.40926e-05 9.4832)
(-1.04275e-05 3.5326e-05 9.02739)
(-3.25562e-05 4.63624e-05 9.01372)
(-4.96478e-06 4.35936e-05 8.96254)
(-1.25431e-05 1.55473e-05 8.33769)
(-3.95103e-05 2.95489e-05 8.32049)
(-1.66629e-05 3.00368e-05 8.26879)
(-1.19684e-05 3.05717e-06 7.01857)
(-3.99193e-05 1.8255e-05 6.98879)
(-2.22045e-05 2.0544e-05 6.91766)
(6.17605e-05 0.000418712 11.2579)
(0.000164191 0.000379457 11.2303)
(0.00024512 0.000312973 11.1701)
(5.01461e-05 0.00038319 11.0755)
(0.000130206 0.000344402 11.0559)
(0.000202092 0.000270118 11.0117)
(3.68295e-05 0.000321779 10.8581)
(9.45459e-05 0.000289762 10.8443)
(0.000157676 0.00022706 10.8065)
(2.34798e-05 0.000246915 10.6028)
(5.80273e-05 0.000224689 10.5924)
(0.000111291 0.000174982 10.5552)
(1.15064e-05 0.000175021 10.3054)
(2.60425e-05 0.000162917 10.2963)
(7.09228e-05 0.000129123 10.2565)
(1.65302e-06 0.000113107 9.95762)
(-1.31328e-07 0.000110508 9.94816)
(3.742e-05 9.04984e-05 9.90404)
(-5.6015e-06 6.6109e-05 9.54295)
(-1.94027e-05 7.1262e-05 9.5318)
(1.23196e-05 6.19145e-05 9.48334)
(-1.02653e-05 3.36995e-05 9.02759)
(-3.2224e-05 4.45734e-05 9.01387)
(-5.36065e-06 4.20811e-05 8.96263)
(-1.22809e-05 1.46737e-05 8.33783)
(-3.88762e-05 2.84275e-05 8.3206)
(-1.66262e-05 2.90606e-05 8.26885)
(-1.16581e-05 2.80939e-06 7.01866)
(-3.91138e-05 1.77003e-05 6.98885)
(-2.18586e-05 2.00188e-05 6.91768)
(6.04006e-05 0.000409236 11.2576)
(0.000160362 0.000370813 11.23)
(0.000239409 0.000305643 11.1699)
(4.90201e-05 0.000374375 11.0755)
(0.000127027 0.000336358 11.0559)
(0.000197217 0.000263568 11.0117)
(3.5963e-05 0.000314091 10.8582)
(9.20383e-05 0.000282705 10.8445)
(0.000153638 0.000221322 10.8066)
(2.28688e-05 0.000240607 10.603)
(5.62199e-05 0.00021883 10.5927)
(0.000108149 0.00017026 10.5554)
(1.11336e-05 0.000170089 10.3057)
(2.48857e-05 0.000158263 10.2966)
(6.86089e-05 0.000125358 10.2567)
(1.49215e-06 0.000109463 9.95791)
(-7.03649e-07 0.000106976 9.94841)
(3.58579e-05 8.76219e-05 9.90422)
(-5.58498e-06 6.3578e-05 9.5432)
(-1.94817e-05 6.86979e-05 9.53201)
(1.13967e-05 5.97965e-05 9.48348)
(-1.01053e-05 3.21203e-05 9.02778)
(-3.18957e-05 4.28344e-05 9.01403)
(-5.74314e-06 4.06104e-05 8.96272)
(-1.20241e-05 1.38258e-05 8.33797)
(-3.82551e-05 2.7337e-05 8.3207)
(-1.65885e-05 2.81109e-05 8.2689)
(-1.13551e-05 2.56892e-06 7.01874)
(-3.83273e-05 1.71601e-05 6.98891)
(-2.1521e-05 1.95072e-05 6.9177)
(5.90736e-05 0.000399995 11.2573)
(0.000156629 0.000362383 11.2298)
(0.000233842 0.000298497 11.1698)
(4.79232e-05 0.000365779 11.0754)
(0.000123932 0.000328517 11.0559)
(0.000192467 0.000257186 11.0117)
(3.51195e-05 0.000306599 10.8584)
(8.95984e-05 0.000275829 10.8446)
(0.000149705 0.000215732 10.8067)
(2.22751e-05 0.000234465 10.6033)
(5.4464e-05 0.000213125 10.5929)
(0.000105092 0.000165662 10.5556)
(1.07725e-05 0.000165292 10.306)
(2.37646e-05 0.000153735 10.2969)
(6.63592e-05 0.000121694 10.2568)
(1.33757e-06 0.00010592 9.9582)
(-1.25547e-06 0.000103541 9.94866)
(3.43401e-05 8.48239e-05 9.9044)
(-5.56684e-06 6.11194e-05 9.54344)
(-1.95536e-05 6.62061e-05 9.53221)
(1.05007e-05 5.7737e-05 9.48361)
(-9.9478e-06 3.05872e-05 9.02797)
(-3.15722e-05 4.11447e-05 9.01417)
(-6.11377e-06 3.91804e-05 8.96281)
(-1.17727e-05 1.30027e-05 8.3381)
(-3.76476e-05 2.62769e-05 8.3208)
(-1.65509e-05 2.71876e-05 8.26895)
(-1.10593e-05 2.33542e-06 7.01882)
(-3.75601e-05 1.66343e-05 6.98896)
(-2.11921e-05 1.90096e-05 6.91771)
(5.77792e-05 0.000390982 11.257)
(0.000152989 0.000354163 11.2296)
(0.000228415 0.00029153 11.1696)
(4.6854e-05 0.000357396 11.0754)
(0.000120916 0.000320873 11.0559)
(0.000187838 0.000250966 11.0117)
(3.42982e-05 0.000299298 10.8585)
(8.72243e-05 0.000269129 10.8448)
(0.000145876 0.000210287 10.8068)
(2.16981e-05 0.000228482 10.6036)
(5.27584e-05 0.000207571 10.5931)
(0.000102118 0.000161185 10.5558)
(1.04226e-05 0.000160623 10.3063)
(2.26783e-05 0.000149328 10.2971)
(6.41724e-05 0.000118129 10.257)
(1.18908e-06 0.000102476 9.95848)
(-1.78703e-06 0.0001002 9.9489)
(3.28664e-05 8.2102e-05 9.90457)
(-5.54714e-06 5.87306e-05 9.54368)
(-1.96182e-05 6.37835e-05 9.53241)
(9.63196e-06 5.57338e-05 9.48374)
(-9.79256e-06 2.90983e-05 9.02815)
(-3.12525e-05 3.95019e-05 9.01432)
(-6.47178e-06 3.77894e-05 8.9629)
(-1.15263e-05 1.22037e-05 8.33823)
(-3.70524e-05 2.52458e-05 8.32089)
(-1.65122e-05 2.6289e-05 8.269)
(-1.07704e-05 2.10888e-06 7.01889)
(-3.68107e-05 1.61221e-05 6.98901)
(-2.08707e-05 1.85247e-05 6.91772)
(5.65168e-05 0.000382193 11.2568)
(0.000149441 0.000346147 11.2294)
(0.000223124 0.000284737 11.1695)
(4.58117e-05 0.000349222 11.0754)
(0.000117978 0.00031342 11.0559)
(0.000183327 0.000244903 11.0117)
(3.34984e-05 0.000292181 10.8587)
(8.49138e-05 0.0002626 10.8449)
(0.000142147 0.000204982 10.807)
(2.11372e-05 0.000222656 10.6038)
(5.11013e-05 0.000202161 10.5933)
(9.92243e-05 0.000156826 10.5559)
(1.00835e-05 0.000156079 10.3066)
(2.16255e-05 0.000145039 10.2974)
(6.20463e-05 0.000114659 10.2572)
(1.04635e-06 9.91266e-05 9.95875)
(-2.29934e-06 9.69514e-05 9.94914)
(3.14347e-05 7.9454e-05 9.90473)
(-5.52609e-06 5.64096e-05 9.54391)
(-1.96762e-05 6.14283e-05 9.5326)
(8.7888e-06 5.37855e-05 9.48386)
(-9.63973e-06 2.76525e-05 9.02832)
(-3.09372e-05 3.79049e-05 9.01445)
(-6.81847e-06 3.64366e-05 8.96298)
(-1.12852e-05 1.1428e-05 8.33835)
(-3.64698e-05 2.42431e-05 8.32098)
(-1.64734e-05 2.54151e-05 8.26904)
(-1.04882e-05 1.88896e-06 7.01896)
(-3.60791e-05 1.56233e-05 6.98906)
(-2.05573e-05 1.8053e-05 6.91773)
(5.52854e-05 0.000373619 11.2565)
(0.000145982 0.000338329 11.2291)
(0.000217965 0.000278114 11.1693)
(4.47957e-05 0.000341251 11.0754)
(0.000115116 0.000306153 11.0558)
(0.000178932 0.000238994 11.0117)
(3.27195e-05 0.000285245 10.8588)
(8.26655e-05 0.000256237 10.845)
(0.000138516 0.000199813 10.8071)
(2.05919e-05 0.000216981 10.604)
(4.94914e-05 0.000196893 10.5936)
(9.64086e-05 0.000152581 10.5561)
(9.75485e-06 0.000151657 10.3069)
(2.06054e-05 0.000140866 10.2976)
(5.99795e-05 0.000111281 10.2574)
(9.09345e-07 9.58699e-05 9.95902)
(-2.79261e-06 9.37914e-05 9.94937)
(3.00444e-05 7.6878e-05 9.9049)
(-5.50358e-06 5.41544e-05 9.54414)
(-1.97275e-05 5.91384e-05 9.53279)
(7.97117e-06 5.18906e-05 9.48399)
(-9.48908e-06 2.62484e-05 9.02849)
(-3.06257e-05 3.63522e-05 9.01459)
(-7.15346e-06 3.51209e-05 8.96305)
(-1.10489e-05 1.06748e-05 8.33847)
(-3.5899e-05 2.32677e-05 8.32107)
(-1.64339e-05 2.45646e-05 8.26908)
(-1.02125e-05 1.67545e-06 7.01903)
(-3.53643e-05 1.51373e-05 6.9891)
(-2.02513e-05 1.75932e-05 6.91773)
(5.40838e-05 0.000365257 11.2563)
(0.000142609 0.000330704 11.2289)
(0.000212935 0.000271655 11.1692)
(4.3805e-05 0.000333477 11.0754)
(0.000112326 0.000299068 11.0558)
(0.000174648 0.000233234 11.0117)
(3.19605e-05 0.000278483 10.859)
(8.04768e-05 0.000250036 10.8452)
(0.000134979 0.000194777 10.8072)
(2.00617e-05 0.000211453 10.6043)
(4.7927e-05 0.000191763 10.5938)
(9.36683e-05 0.000148448 10.5563)
(9.43623e-06 0.000147354 10.3071)
(1.96166e-05 0.000136804 10.2979)
(5.79696e-05 0.000107994 10.2576)
(7.77746e-07 9.27032e-05 9.95929)
(-3.26809e-06 9.07184e-05 9.94959)
(2.86932e-05 7.43718e-05 9.90505)
(-5.47976e-06 5.19631e-05 9.54436)
(-1.97729e-05 5.69125e-05 9.53297)
(7.17714e-06 5.00477e-05 9.4841)
(-9.34064e-06 2.48849e-05 9.02866)
(-3.03186e-05 3.4843e-05 9.01472)
(-7.47829e-06 3.38414e-05 8.96313)
(-1.08174e-05 9.94347e-06 8.33859)
(-3.53404e-05 2.23191e-05 8.32115)
(-1.63947e-05 2.37376e-05 8.26912)
(-9.94333e-06 1.468e-06 7.01909)
(-3.46668e-05 1.4664e-05 6.98914)
(-1.99533e-05 1.71461e-05 6.91774)
(5.29106e-05 0.0003571 11.256)
(0.000139321 0.000323267 11.2287)
(0.000208032 0.000265355 11.169)
(4.28393e-05 0.000325895 11.0753)
(0.000109609 0.000292159 11.0558)
(0.000170472 0.000227618 11.0117)
(3.12212e-05 0.000271891 10.8591)
(7.83466e-05 0.000243992 10.8453)
(0.000131536 0.00018987 10.8073)
(1.95463e-05 0.000206068 10.6045)
(4.64073e-05 0.000186766 10.594)
(9.10021e-05 0.000144422 10.5564)
(9.12759e-06 0.000143165 10.3074)
(1.86588e-05 0.000132851 10.2981)
(5.60157e-05 0.000104795 10.2578)
(6.51697e-07 8.9623e-05 9.95955)
(-3.72552e-06 8.7729e-05 9.94982)
(2.73811e-05 7.19332e-05 9.90521)
(-5.45434e-06 4.98334e-05 9.54458)
(-1.98119e-05 5.47479e-05 9.53315)
(6.4072e-06 4.82548e-05 9.48422)
(-9.19397e-06 2.35604e-05 9.02882)
(-3.00151e-05 3.33753e-05 9.01484)
(-7.79207e-06 3.25965e-05 8.9632)
(-1.05901e-05 9.23334e-06 8.3387)
(-3.47928e-05 2.13961e-05 8.32123)
(-1.63548e-05 2.29326e-05 8.26915)
(-9.6799e-06 1.26664e-06 7.01915)
(-3.39849e-05 1.42027e-05 6.98918)
(-1.96619e-05 1.67103e-05 6.91774)
(5.17648e-05 0.000349142 11.2558)
(0.000136117 0.000316013 11.2285)
(0.000203254 0.00025921 11.1689)
(4.18987e-05 0.000318499 11.0753)
(0.000106963 0.000285424 11.0558)
(0.000166403 0.00022214 11.0117)
(3.05015e-05 0.000265465 10.8592)
(7.62741e-05 0.0002381 10.8454)
(0.000128181 0.000185086 10.8074)
(1.90455e-05 0.000200821 10.6048)
(4.49313e-05 0.000181899 10.5942)
(8.84072e-05 0.000140501 10.5566)
(8.82884e-06 0.000139088 10.3077)
(1.77311e-05 0.000129003 10.2983)
(5.41155e-05 0.000101679 10.2579)
(5.31097e-07 8.66276e-05 9.9598)
(-4.16574e-06 8.48212e-05 9.95003)
(2.61062e-05 6.95601e-05 9.90536)
(-5.42733e-06 4.77639e-05 9.54479)
(-1.9845e-05 5.26431e-05 9.53332)
(5.65966e-06 4.65104e-05 9.48433)
(-9.04902e-06 2.22741e-05 9.02897)
(-2.97154e-05 3.19481e-05 9.01496)
(-8.09612e-06 3.13855e-05 8.96326)
(-1.0367e-05 8.54376e-06 8.3388)
(-3.42562e-05 2.04981e-05 8.32131)
(-1.63151e-05 2.21495e-05 8.26918)
(-9.42204e-06 1.07107e-06 7.01921)
(-3.33186e-05 1.37531e-05 6.98921)
(-1.93779e-05 1.62861e-05 6.91774)
(5.06474e-05 0.000341379 11.2556)
(0.000132995 0.000308936 11.2283)
(0.000198595 0.000253216 11.1688)
(4.0982e-05 0.000311286 11.0753)
(0.000104385 0.000278856 11.0558)
(0.000162437 0.000216799 11.0117)
(2.9801e-05 0.0002592 10.8594)
(7.42573e-05 0.000232357 10.8456)
(0.000124914 0.000180424 10.8075)
(1.85591e-05 0.00019571 10.605)
(4.34976e-05 0.000177158 10.5944)
(8.58819e-05 0.000136681 10.5568)
(8.53975e-06 0.000135119 10.3079)
(1.68325e-05 0.000125257 10.2986)
(5.2268e-05 9.86467e-05 10.2581)
(4.15861e-07 8.37143e-05 9.96005)
(-4.58914e-06 8.19925e-05 9.95025)
(2.48679e-05 6.7251e-05 9.90551)
(-5.39872e-06 4.57526e-05 9.54499)
(-1.98722e-05 5.05963e-05 9.53349)
(4.93469e-06 4.48137e-05 9.48444)
(-8.90563e-06 2.10247e-05 9.02912)
(-2.94192e-05 3.05601e-05 9.01508)
(-8.38993e-06 3.02075e-05 8.96333)
(-1.01477e-05 7.87415e-06 8.3389)
(-3.37302e-05 1.96242e-05 8.32138)
(-1.62749e-05 2.13873e-05 8.26921)
(-9.16933e-06 8.81114e-07 7.01926)
(-3.26671e-05 1.33147e-05 6.98924)
(-1.91006e-05 1.58728e-05 6.91773)
(4.95593e-05 0.000333804 11.2553)
(0.000129947 0.000302033 11.2281)
(0.000194047 0.000247372 11.1686)
(4.00884e-05 0.000304249 11.0753)
(0.000101872 0.000272448 11.0558)
(0.00015857 0.000211595 11.0117)
(2.9119e-05 0.000253092 10.8595)
(7.22931e-05 0.000226758 10.8457)
(0.00012173 0.000175882 10.8076)
(1.80862e-05 0.000190731 10.6052)
(4.21037e-05 0.00017254 10.5946)
(8.34237e-05 0.000132962 10.5569)
(8.25972e-06 0.000131255 10.3082)
(1.59612e-05 0.000121611 10.2988)
(5.04711e-05 9.56953e-05 10.2583)
(3.05438e-07 8.08812e-05 9.96029)
(-4.9972e-06 7.92412e-05 9.95046)
(2.36645e-05 6.50047e-05 9.90565)
(-5.36894e-06 4.37985e-05 9.54519)
(-1.98947e-05 4.86065e-05 9.53366)
(4.23069e-06 4.31634e-05 9.48454)
(-8.76415e-06 1.98115e-05 9.02927)
(-2.91275e-05 2.92109e-05 9.01519)
(-8.6748e-06 2.90619e-05 8.96339)
(-9.93246e-06 7.22401e-06 8.339)
(-3.32155e-05 1.87742e-05 8.32145)
(-1.62353e-05 2.06462e-05 8.26924)
(-8.92193e-06 6.96532e-07 7.01931)
(-3.20313e-05 1.28877e-05 6.98927)
(-1.88307e-05 1.54709e-05 6.91773)
(4.84986e-05 0.000326413 11.2551)
(0.000126972 0.000295299 11.228)
(0.000189608 0.000241672 11.1685)
(3.92171e-05 0.000297384 11.0753)
(9.94216e-05 0.000266196 11.0558)
(0.0001548 0.000206522 11.0117)
(2.84546e-05 0.000247136 10.8597)
(7.03807e-05 0.0002213 10.8458)
(0.000118629 0.000171456 10.8077)
(1.76264e-05 0.000185879 10.6054)
(4.07491e-05 0.00016804 10.5948)
(8.10316e-05 0.00012934 10.5571)
(7.98834e-06 0.000127494 10.3084)
(1.51169e-05 0.000118062 10.299)
(4.87243e-05 9.28223e-05 10.2584)
(1.9956e-07 7.81256e-05 9.96053)
(-5.38988e-06 7.65645e-05 9.95066)
(2.24961e-05 6.28188e-05 9.90579)
(-5.33817e-06 4.18992e-05 9.54539)
(-1.9912e-05 4.66714e-05 9.53382)
(3.54836e-06 4.15579e-05 9.48464)
(-8.62462e-06 1.86334e-05 9.02941)
(-2.88394e-05 2.78987e-05 9.0153)
(-8.94967e-06 2.79472e-05 8.96345)
(-9.72121e-06 6.59305e-06 8.33909)
(-3.27109e-05 1.79473e-05 8.32151)
(-1.61949e-05 1.99247e-05 8.26926)
(-8.67958e-06 5.17563e-07 7.01936)
(-3.14096e-05 1.24716e-05 6.98929)
(-1.85669e-05 1.50793e-05 6.91772)
(4.74639e-05 0.000319202 11.2549)
(0.000124071 0.000288729 11.2278)
(0.000185278 0.000236113 11.1684)
(3.83673e-05 0.000290687 11.0753)
(9.70331e-05 0.000260099 11.0558)
(0.000151124 0.000201577 11.0117)
(2.78072e-05 0.000241328 10.8598)
(6.85186e-05 0.00021598 10.846)
(0.000115608 0.000167143 10.8078)
(1.71791e-05 0.000181151 10.6057)
(3.94324e-05 0.000163657 10.595)
(7.87033e-05 0.000125813 10.5572)
(7.72515e-06 0.000123833 10.3087)
(1.42986e-05 0.000114608 10.2992)
(4.70258e-05 9.00252e-05 10.2586)
(9.77938e-08 7.54458e-05 9.96076)
(-5.76796e-06 7.39606e-05 9.95086)
(2.13611e-05 6.06917e-05 9.90593)
(-5.30676e-06 4.0054e-05 9.54558)
(-1.99247e-05 4.479e-05 9.53397)
(2.88638e-06 3.99958e-05 9.48474)
(-8.48735e-06 1.74896e-05 9.02955)
(-2.85553e-05 2.66233e-05 9.0154)
(-9.21552e-06 2.68627e-05 8.9635)
(-9.51417e-06 5.98101e-06 8.33918)
(-3.22167e-05 1.71434e-05 8.32157)
(-1.61544e-05 1.92226e-05 8.26928)
(-8.44247e-06 3.44204e-07 7.0194)
(-3.08022e-05 1.20665e-05 6.98932)
(-1.83095e-05 1.4698e-05 6.91771)
(4.64542e-05 0.000312165 11.2547)
(0.000121241 0.000282319 11.2276)
(0.000181056 0.00023069 11.1683)
(3.75384e-05 0.000284153 11.0753)
(9.47052e-05 0.000254151 11.0558)
(0.000147542 0.000196754 11.0117)
(2.71765e-05 0.000235664 10.8599)
(6.67061e-05 0.000210792 10.8461)
(0.000112665 0.000162939 10.8079)
(1.67441e-05 0.000176544 10.6059)
(3.81532e-05 0.000159387 10.5952)
(7.64379e-05 0.000122376 10.5574)
(7.46996e-06 0.000120269 10.3089)
(1.35061e-05 0.000111244 10.2995)
(4.5375e-05 8.73022e-05 10.2588)
(1.15781e-10 7.28394e-05 9.96099)
(-6.1313e-06 7.14274e-05 9.95106)
(2.02596e-05 5.86216e-05 9.90607)
(-5.27466e-06 3.8261e-05 9.54577)
(-1.99323e-05 4.29605e-05 9.53413)
(2.24519e-06 3.84757e-05 9.48484)
(-8.35217e-06 1.63792e-05 9.02968)
(-2.82743e-05 2.53833e-05 9.01551)
(-9.47163e-06 2.58071e-05 8.96355)
(-9.3111e-06 5.38774e-06 8.33926)
(-3.17314e-05 1.63619e-05 8.32163)
(-1.6113e-05 1.85387e-05 8.2693)
(-8.21031e-06 1.7677e-07 7.01944)
(-3.02077e-05 1.16722e-05 6.98933)
(-1.80577e-05 1.43259e-05 6.91769)
(4.5469e-05 0.000305299 11.2545)
(0.000118481 0.000276065 11.2274)
(0.000176936 0.000225399 11.1681)
(3.67299e-05 0.000277777 11.0753)
(9.24361e-05 0.000248348 11.0558)
(0.000144049 0.000192051 11.0118)
(2.65618e-05 0.000230141 10.8601)
(6.49413e-05 0.000205734 10.8462)
(0.000109799 0.000158841 10.808)
(1.63208e-05 0.000172055 10.6061)
(3.691e-05 0.000155226 10.5954)
(7.4233e-05 0.000119029 10.5575)
(7.22242e-06 0.000116799 10.3092)
(1.27382e-05 0.00010797 10.2997)
(4.37698e-05 8.46508e-05 10.2589)
(-9.37928e-08 7.03045e-05 9.96122)
(-6.48098e-06 6.89629e-05 9.95125)
(1.91896e-05 5.66068e-05 9.9062)
(-5.24209e-06 3.6519e-05 9.54595)
(-1.99356e-05 4.11819e-05 9.53428)
(1.62325e-06 3.69964e-05 9.48493)
(-8.21927e-06 1.53015e-05 9.02981)
(-2.7997e-05 2.41782e-05 9.0156)
(-9.7192e-06 2.47797e-05 8.9636)
(-9.11213e-06 4.8132e-06 8.33934)
(-3.12555e-05 1.5603e-05 8.32168)
(-1.60712e-05 1.78729e-05 8.26931)
(-7.98317e-06 1.5852e-08 7.01947)
(-2.96262e-05 1.12897e-05 6.98935)
(-1.78116e-05 1.39635e-05 6.91768)
(4.45075e-05 0.000298598 11.2543)
(0.000115789 0.000269962 11.2273)
(0.000172919 0.000220238 11.168)
(3.59412e-05 0.000271557 11.0753)
(9.02245e-05 0.000242688 11.0558)
(0.000140644 0.000187465 11.0118)
(2.59628e-05 0.000224754 10.8602)
(6.32235e-05 0.000200803 10.8463)
(0.000107007 0.000154846 10.8081)
(1.5909e-05 0.00016768 10.6063)
(3.57022e-05 0.000151172 10.5956)
(7.20877e-05 0.000115767 10.5577)
(6.9824e-06 0.000113421 10.3094)
(1.19946e-05 0.000104782 10.2999)
(4.221e-05 8.20689e-05 10.2591)
(-1.8395e-07 6.78378e-05 9.96144)
(-6.8169e-06 6.6564e-05 9.95144)
(1.81513e-05 5.46453e-05 9.90633)
(-5.20897e-06 3.48257e-05 9.54613)
(-1.99337e-05 3.94518e-05 9.53442)
(1.02134e-06 3.55563e-05 9.48502)
(-8.08851e-06 1.42545e-05 9.02993)
(-2.77227e-05 2.30058e-05 9.0157)
(-9.95719e-06 2.3779e-05 8.96365)
(-8.91696e-06 4.25741e-06 8.33942)
(-3.0787e-05 1.48664e-05 8.32173)
(-1.60276e-05 1.72235e-05 8.26933)
(-7.76054e-06 -1.36924e-07 7.01951)
(-2.90552e-05 1.09203e-05 6.98937)
(-1.75699e-05 1.36093e-05 6.91766)
(4.35693e-05 0.000292059 11.2541)
(0.000113163 0.000264007 11.2271)
(0.000168999 0.000215202 11.1679)
(3.5172e-05 0.000265486 11.0753)
(8.80687e-05 0.000237166 11.0558)
(0.000137325 0.000182992 11.0118)
(2.53792e-05 0.000219499 10.8603)
(6.15512e-05 0.000195994 10.8465)
(0.000104287 0.000150952 10.8082)
(1.55085e-05 0.000163415 10.6065)
(3.45286e-05 0.000147221 10.5958)
(6.99999e-05 0.00011259 10.5578)
(6.74963e-06 0.000110131 10.3096)
(1.12744e-05 0.000101677 10.3001)
(4.06937e-05 7.95548e-05 10.2592)
(-2.70611e-07 6.54374e-05 9.96166)
(-7.13981e-06 6.42292e-05 9.95163)
(1.71434e-05 5.27359e-05 9.90645)
(-5.17542e-06 3.31801e-05 9.54631)
(-1.99274e-05 3.77694e-05 9.53456)
(4.382e-07 3.41543e-05 9.4851)
(-7.96014e-06 1.32362e-05 9.03005)
(-2.74523e-05 2.18638e-05 9.01579)
(-1.01866e-05 2.28045e-05 8.96369)
(-8.72576e-06 3.72015e-06 8.33949)
(-3.03254e-05 1.41525e-05 8.32178)
(-1.59825e-05 1.65902e-05 8.26934)
(-7.54215e-06 -2.79292e-07 7.01954)
(-2.84933e-05 1.05676e-05 6.98938)
(-1.73329e-05 1.32637e-05 6.91764)
(4.26533e-05 0.000285678 11.2539)
(0.000110602 0.000258195 11.2269)
(0.000165178 0.000210289 11.1678)
(3.44216e-05 0.000259563 11.0752)
(8.59679e-05 0.000231779 11.0558)
(0.000134089 0.00017863 11.0118)
(2.48104e-05 0.000214375 10.8605)
(5.99235e-05 0.000191305 10.8466)
(0.000101638 0.000147157 10.8083)
(1.51188e-05 0.000159259 10.6067)
(3.33887e-05 0.000143372 10.596)
(6.7969e-05 0.000109494 10.558)
(6.52391e-06 0.000106927 10.3099)
(1.05774e-05 9.86546e-05 10.3003)
(3.92206e-05 7.71068e-05 10.2594)
(-3.53824e-07 6.31016e-05 9.96187)
(-7.44958e-06 6.19571e-05 9.95181)
(1.61657e-05 5.08773e-05 9.90658)
(-5.14141e-06 3.15807e-05 9.54648)
(-1.99163e-05 3.6133e-05 9.5347)
(-1.25849e-07 3.27896e-05 9.48519)
(-7.83439e-06 1.2244e-05 9.03017)
(-2.71857e-05 2.075e-05 9.01588)
(-1.04069e-05 2.18553e-05 8.96373)
(-8.538e-06 3.20279e-06 8.33956)
(-2.98688e-05 1.34628e-05 8.32183)
(-1.59351e-05 1.59721e-05 8.26934)
(-7.32727e-06 -4.07492e-07 7.01957)
(-2.79391e-05 1.02339e-05 6.98939)
(-1.71003e-05 1.29259e-05 6.91762)
(4.1759e-05 0.00027945 11.2537)
(0.000108105 0.000252524 11.2268)
(0.00016145 0.000205495 11.1677)
(3.36896e-05 0.000253783 11.0752)
(8.39204e-05 0.000226524 11.0558)
(0.000130935 0.000174375 11.0118)
(2.42558e-05 0.000209376 10.8606)
(5.83391e-05 0.000186733 10.8467)
(9.90577e-05 0.000143456 10.8084)
(1.47396e-05 0.000155209 10.6069)
(3.22812e-05 0.000139621 10.5962)
(6.59927e-05 0.000106479 10.5581)
(6.30472e-06 0.000103808 10.3101)
(9.90228e-06 9.5712e-05 10.3005)
(3.77889e-05 7.47231e-05 10.2595)
(-4.34053e-07 6.08296e-05 9.96208)
(-7.74724e-06 5.97467e-05 9.95199)
(1.52167e-05 4.90681e-05 9.9067)
(-5.10755e-06 3.00259e-05 9.54664)
(-1.9902e-05 3.45409e-05 9.53484)
(-6.72251e-07 3.14612e-05 9.48527)
(-7.71178e-06 1.12775e-05 9.03028)
(-2.69237e-05 1.96649e-05 9.01596)
(-1.06188e-05 2.09309e-05 8.96377)
(-8.35409e-06 2.70396e-06 8.33963)
(-2.94212e-05 1.27911e-05 8.32187)
(-1.58866e-05 1.53697e-05 8.26935)
(-7.11788e-06 -5.25276e-07 7.01959)
(-2.73978e-05 9.90885e-06 6.9894)
(-1.68719e-05 1.2596e-05 6.9176)
(4.08861e-05 0.000273372 11.2535)
(0.00010567 0.000246989 11.2266)
(0.000157815 0.000200818 11.1676)
(3.29754e-05 0.000248143 11.0752)
(8.1925e-05 0.000221397 11.0559)
(0.00012786 0.000170226 11.0118)
(2.37152e-05 0.000204501 10.8607)
(5.67971e-05 0.000182274 10.8468)
(9.65455e-05 0.000139849 10.8085)
(1.43705e-05 0.000151261 10.6071)
(3.12057e-05 0.000135967 10.5964)
(6.40707e-05 0.00010354 10.5582)
(6.09185e-06 0.00010077 10.3103)
(9.24884e-06 9.28461e-05 10.3007)
(3.63986e-05 7.24019e-05 10.2597)
(-5.11391e-07 5.86186e-05 9.96228)
(-8.03254e-06 5.75951e-05 9.95216)
(1.42971e-05 4.73069e-05 9.90682)
(-5.07403e-06 2.85124e-05 9.5468)
(-1.98844e-05 3.29899e-05 9.53497)
(-1.20004e-06 3.01678e-05 9.48535)
(-7.59199e-06 1.03366e-05 9.03039)
(-2.66646e-05 1.86075e-05 9.01604)
(-1.0821e-05 2.00301e-05 8.96381)
(-8.17513e-06 2.2134e-06 8.3397)
(-2.89851e-05 1.21278e-05 8.32191)
(-1.5836e-05 1.47818e-05 8.26935)
(-6.91532e-06 -6.47459e-07 7.01961)
(-2.68712e-05 9.57895e-06 6.9894)
(-1.66453e-05 1.22719e-05 6.91758)
(4.00342e-05 0.000267439 11.2533)
(0.000103294 0.000241588 11.2265)
(0.000154269 0.000196255 11.1675)
(3.22785e-05 0.000242638 11.0752)
(7.99801e-05 0.000216395 11.0559)
(0.000124864 0.00016618 11.0118)
(2.31881e-05 0.000199745 10.8608)
(5.52962e-05 0.000177926 10.847)
(9.4099e-05 0.000136333 10.8086)
(1.40111e-05 0.000147414 10.6073)
(3.0161e-05 0.000132406 10.5966)
(6.2201e-05 0.000100678 10.5584)
(5.88498e-06 9.78109e-05 10.3105)
(8.61614e-06 9.00554e-05 10.3009)
(3.50479e-05 7.0142e-05 10.2598)
(-5.86103e-07 5.64672e-05 9.96249)
(-8.30623e-06 5.55012e-05 9.95233)
(1.34053e-05 4.55926e-05 9.90693)
(-5.04104e-06 2.7039e-05 9.54696)
(-1.98638e-05 3.14796e-05 9.5351)
(-1.71038e-06 2.89091e-05 9.48542)
(-7.47494e-06 9.42134e-06 9.0305)
(-2.64086e-05 1.75781e-05 9.01612)
(-1.10143e-05 1.91531e-05 8.96384)
(-8.00189e-06 1.72616e-06 8.33976)
(-2.85608e-05 1.14743e-05 8.32195)
(-1.57839e-05 1.42097e-05 8.26936)
(-6.71909e-06 -7.80259e-07 7.01963)
(-2.63585e-05 9.24623e-06 6.9894)
(-1.64211e-05 1.19555e-05 6.91755)
(3.92027e-05 0.000261648 11.2532)
(0.000100977 0.000236316 11.2264)
(0.000150811 0.000191802 11.1674)
(3.15988e-05 0.000237266 11.0752)
(7.80847e-05 0.000211514 11.0559)
(0.000121943 0.000162234 11.0118)
(2.26743e-05 0.000195106 10.861)
(5.38354e-05 0.000173686 10.8471)
(9.17167e-05 0.000132905 10.8087)
(1.36613e-05 0.000143663 10.6075)
(2.91464e-05 0.000128936 10.5967)
(6.03827e-05 9.78897e-05 10.5585)
(5.68402e-06 9.49295e-05 10.3108)
(8.00384e-06 8.73379e-05 10.3011)
(3.37365e-05 6.7942e-05 10.2599)
(-6.58229e-07 5.43739e-05 9.96268)
(-8.56844e-06 5.34636e-05 9.9525)
(1.25411e-05 4.39242e-05 9.90704)
(-5.00851e-06 2.56053e-05 9.54712)
(-1.98401e-05 3.00096e-05 9.53522)
(-2.2031e-06 2.76847e-05 9.4855)
(-7.36052e-06 8.53187e-06 9.0306)
(-2.61555e-05 1.65765e-05 9.0162)
(-1.11987e-05 1.82996e-05 8.96388)
(-7.83371e-06 1.2471e-06 8.33981)
(-2.81465e-05 1.08348e-05 8.32198)
(-1.57296e-05 1.36538e-05 8.26936)
(-6.52847e-06 -9.17259e-07 7.01965)
(-2.58582e-05 8.91668e-06 6.98941)
(-1.61992e-05 1.16482e-05 6.91753)
(3.83912e-05 0.000255997 11.253)
(9.87173e-05 0.000231172 11.2262)
(0.000147437 0.000187459 11.1673)
(3.09355e-05 0.000232024 11.0752)
(7.62372e-05 0.000206752 11.0559)
(0.000119095 0.000158385 11.0118)
(2.21734e-05 0.000190582 10.8611)
(5.24133e-05 0.000169551 10.8472)
(8.93965e-05 0.000129565 10.8088)
(1.33206e-05 0.000140009 10.6077)
(2.81607e-05 0.000125555 10.5969)
(5.86139e-05 9.51739e-05 10.5586)
(5.48864e-06 9.21243e-05 10.311)
(7.41078e-06 8.46924e-05 10.3013)
(3.24623e-05 6.58004e-05 10.2601)
(-7.28084e-07 5.23381e-05 9.96288)
(-8.82023e-06 5.14816e-05 9.95267)
(1.17025e-05 4.23005e-05 9.90715)
(-4.97664e-06 2.42116e-05 9.54727)
(-1.9814e-05 2.85803e-05 9.53534)
(-2.67979e-06 2.64939e-05 9.48557)
(-7.24899e-06 7.66831e-06 9.0307)
(-2.59063e-05 1.56031e-05 9.01627)
(-1.13765e-05 1.74681e-05 8.96391)
(-7.67046e-06 7.79735e-07 8.33987)
(-2.77428e-05 1.02123e-05 8.32201)
(-1.56737e-05 1.31159e-05 8.26935)
(-6.34349e-06 -1.0536e-06 7.01967)
(-2.53712e-05 8.59414e-06 6.98941)
(-1.59787e-05 1.13543e-05 6.9175)
(3.75991e-05 0.00025048 11.2528)
(9.65129e-05 0.000226151 11.2261)
(0.000144147 0.000183221 11.1672)
(3.02884e-05 0.000226909 11.0752)
(7.44367e-05 0.000202106 11.0559)
(0.00011632 0.000154633 11.0119)
(2.16851e-05 0.000186168 10.8612)
(5.10292e-05 0.00016552 10.8473)
(8.71374e-05 0.000126309 10.8089)
(1.29889e-05 0.000136447 10.6079)
(2.72035e-05 0.00012226 10.5971)
(5.6894e-05 9.25289e-05 10.5588)
(5.29877e-06 8.93929e-05 10.3112)
(6.837e-06 8.21166e-05 10.3014)
(3.12254e-05 6.37159e-05 10.2602)
(-7.95641e-07 5.03578e-05 9.96307)
(-9.06133e-06 4.95531e-05 9.95283)
(1.08902e-05 4.07206e-05 9.90726)
(-4.9453e-06 2.28567e-05 9.54742)
(-1.97849e-05 2.719e-05 9.53546)
(-3.13983e-06 2.53357e-05 9.48564)
(-7.14021e-06 6.82985e-06 9.0308)
(-2.56603e-05 1.46568e-05 9.01634)
(-1.15474e-05 1.66571e-05 8.96394)
(-7.51166e-06 3.25632e-07 8.33992)
(-2.73481e-05 9.60714e-06 8.32204)
(-1.5614e-05 1.25968e-05 8.26935)
(-6.16368e-06 -1.18668e-06 7.01968)
(-2.48955e-05 8.27968e-06 6.9894)
(-1.57568e-05 1.10748e-05 6.91747)
(3.68261e-05 0.000245096 11.2526)
(9.43627e-05 0.00022125 11.2259)
(0.000140937 0.000179086 11.1672)
(2.9657e-05 0.000221916 11.0752)
(7.26818e-05 0.000197573 11.0559)
(0.000113615 0.000150973 11.0119)
(2.1209e-05 0.000181864 10.8613)
(4.9682e-05 0.000161588 10.8474)
(8.49373e-05 0.000123136 10.809)
(1.2666e-05 0.000132976 10.6081)
(2.62737e-05 0.000119051 10.5972)
(5.52212e-05 8.99529e-05 10.5589)
(5.11424e-06 8.67339e-05 10.3114)
(6.28156e-06 7.96092e-05 10.3016)
(3.0024e-05 6.16872e-05 10.2603)
(-8.6105e-07 4.84321e-05 9.96325)
(-9.29248e-06 4.76776e-05 9.95299)
(1.01024e-05 3.91836e-05 9.90737)
(-4.91452e-06 2.15403e-05 9.54756)
(-1.97533e-05 2.58388e-05 9.53558)
(-3.58533e-06 2.42086e-05 9.4857)
(-7.03426e-06 6.01625e-06 9.03089)
(-2.54181e-05 1.37381e-05 9.01641)
(-1.17126e-05 1.58671e-05 8.96396)
(-7.35721e-06 -1.14851e-07 8.33997)
(-2.69625e-05 9.01994e-06 8.32207)
(-1.55551e-05 1.20917e-05 8.26935)
(-5.98908e-06 -1.31584e-06 7.01969)
(-2.44326e-05 7.97385e-06 6.9894)
(-1.55409e-05 1.08031e-05 6.91744)
(3.60716e-05 0.00023984 11.2525)
(9.22653e-05 0.000216468 11.2258)
(0.000137806 0.000175052 11.1671)
(2.90409e-05 0.000217044 11.0752)
(7.09715e-05 0.000193151 11.0559)
(0.000110978 0.000147405 11.0119)
(2.07449e-05 0.000177665 10.8614)
(4.83709e-05 0.000157755 10.8475)
(8.27951e-05 0.000120044 10.8091)
(1.23516e-05 0.000129594 10.6082)
(2.53709e-05 0.000115924 10.5974)
(5.35946e-05 8.74444e-05 10.559)
(4.93504e-06 8.41455e-05 10.3116)
(5.74416e-06 7.71685e-05 10.3018)
(2.88573e-05 5.97126e-05 10.2605)
(-9.24266e-07 4.65598e-05 9.96344)
(-9.51357e-06 4.58544e-05 9.95314)
(9.33896e-06 3.76884e-05 9.90747)
(-4.88404e-06 2.02616e-05 9.5477)
(-1.97195e-05 2.45246e-05 9.53569)
(-4.01689e-06 2.31113e-05 9.48577)
(-6.93126e-06 5.22744e-06 9.03098)
(-2.51778e-05 1.28508e-05 9.01647)
(-1.18713e-05 1.50979e-05 8.96399)
(-7.20602e-06 -5.41548e-07 8.34001)
(-2.65832e-05 8.45523e-06 8.3221)
(-1.55018e-05 1.15941e-05 8.26934)
(-5.81903e-06 -1.44113e-06 7.0197)
(-2.39837e-05 7.67487e-06 6.98939)
(-1.53379e-05 1.05311e-05 6.91741)
(3.53351e-05 0.00023471 11.2523)
(9.02193e-05 0.000211801 11.2257)
(0.000134752 0.000171117 11.167)
(2.84397e-05 0.00021229 11.0752)
(6.93046e-05 0.000188837 11.0559)
(0.000108408 0.000143925 11.0119)
(2.02925e-05 0.00017357 10.8615)
(4.70945e-05 0.000154018 10.8476)
(8.07087e-05 0.00011703 10.8091)
(1.20454e-05 0.000126298 10.6084)
(2.44939e-05 0.000112879 10.5976)
(5.20126e-05 8.50018e-05 10.5591)
(4.76086e-06 8.16262e-05 10.3118)
(5.22383e-06 7.47933e-05 10.302)
(2.7724e-05 5.7791e-05 10.2606)
(-9.85401e-07 4.47407e-05 9.96362)
(-9.72526e-06 4.40827e-05 9.9533)
(8.59855e-06 3.6234e-05 9.90757)
(-4.85414e-06 1.902e-05 9.54784)
(-1.96843e-05 2.32469e-05 9.5358)
(-4.43542e-06 2.20433e-05 9.48583)
(-6.83114e-06 4.46579e-06 9.03107)
(-2.49382e-05 1.19986e-05 9.01653)
(-1.20237e-05 1.43498e-05 8.96401)
(-7.05779e-06 -9.51847e-07 8.34006)
(-2.62093e-05 7.91764e-06 8.32212)
(-1.54536e-05 1.11064e-05 8.26933)
(-5.65351e-06 -1.56414e-06 7.01971)
(-2.35491e-05 7.38218e-06 6.98938)
(-1.51465e-05 1.02614e-05 6.91737)
(3.46162e-05 0.000229702 11.2522)
(8.82236e-05 0.000207245 11.2256)
(0.000131773 0.000167277 11.1669)
(2.78529e-05 0.000207649 11.0752)
(6.76805e-05 0.000184627 11.0559)
(0.000105903 0.000140532 11.0119)
(1.98514e-05 0.000169576 10.8617)
(4.58526e-05 0.000150374 10.8477)
(7.86775e-05 0.000114092 10.8092)
(1.17475e-05 0.000123086 10.6086)
(2.36428e-05 0.000109912 10.5977)
(5.04746e-05 8.26227e-05 10.5593)
(4.59177e-06 7.91733e-05 10.312)
(4.72084e-06 7.24815e-05 10.3022)
(2.66239e-05 5.59205e-05 10.2607)
(-1.04403e-06 4.29729e-05 9.96379)
(-9.92722e-06 4.23601e-05 9.95345)
(7.88147e-06 3.48191e-05 9.90767)
(-4.82487e-06 1.78127e-05 9.54798)
(-1.96465e-05 2.20053e-05 9.53591)
(-4.83973e-06 2.10039e-05 9.48589)
(-6.73166e-06 3.73675e-06 9.03115)
(-2.47008e-05 1.11722e-05 9.01659)
(-1.21691e-05 1.36218e-05 8.96403)
(-6.91404e-06 -1.33789e-06 8.3401)
(-2.58438e-05 7.39831e-06 8.32214)
(-1.54057e-05 1.06292e-05 8.26932)
(-5.49457e-06 -1.68623e-06 7.01971)
(-2.31262e-05 7.09838e-06 6.98937)
(-1.49609e-05 9.99529e-06 6.91734)
(3.39144e-05 0.000224814 11.252)
(8.62767e-05 0.000202798 11.2255)
(0.000128867 0.000163531 11.1668)
(2.72802e-05 0.00020312 11.0752)
(6.60976e-05 0.00018052 11.056)
(0.000103462 0.000137222 11.0119)
(1.94215e-05 0.00016568 10.8618)
(4.46439e-05 0.000146822 10.8479)
(7.66996e-05 0.000111229 10.8093)
(1.14575e-05 0.000119957 10.6088)
(2.28165e-05 0.000107022 10.5979)
(4.89791e-05 8.03059e-05 10.5594)
(4.42762e-06 7.67852e-05 10.3122)
(4.2345e-06 7.02319e-05 10.3023)
(2.55556e-05 5.41e-05 10.2608)
(-1.10027e-06 4.12544e-05 9.96397)
(-1.01203e-05 4.06846e-05 9.9536)
(7.18643e-06 3.34427e-05 9.90777)
(-4.79606e-06 1.66393e-05 9.54811)
(-1.9606e-05 2.08e-05 9.53602)
(-5.23053e-06 1.99925e-05 9.48595)
(-6.63311e-06 3.03509e-06 9.03123)
(-2.44687e-05 1.03635e-05 9.01665)
(-1.23084e-05 1.29135e-05 8.96405)
(-6.7756e-06 -1.70464e-06 8.34014)
(-2.54888e-05 6.88804e-06 8.32216)
(-1.53563e-05 1.01629e-05 8.26931)
(-5.3425e-06 -1.80547e-06 7.01971)
(-2.27132e-05 6.82445e-06 6.98936)
(-1.47784e-05 9.73392e-06 6.9173)
(3.32293e-05 0.000220041 11.2519)
(8.43773e-05 0.000198457 11.2253)
(0.000126032 0.000159876 11.1668)
(2.67214e-05 0.0001987 11.0752)
(6.45548e-05 0.000176512 11.056)
(0.000101082 0.000133995 11.012)
(1.90024e-05 0.000161879 10.8619)
(4.34675e-05 0.000143357 10.848)
(7.47739e-05 0.000108438 10.8094)
(1.11754e-05 0.000116906 10.6089)
(2.20143e-05 0.000104206 10.5981)
(4.75253e-05 7.80498e-05 10.5595)
(4.2684e-06 7.44602e-05 10.3124)
(3.7646e-06 6.80424e-05 10.3025)
(2.45191e-05 5.23285e-05 10.2609)
(-1.15427e-06 3.95826e-05 9.96414)
(-1.03045e-05 3.90544e-05 9.95374)
(6.51365e-06 3.21039e-05 9.90786)
(-4.76724e-06 1.55004e-05 9.54824)
(-1.95623e-05 1.96284e-05 9.53612)
(-5.60705e-06 1.90085e-05 9.48601)
(-6.53729e-06 2.34889e-06 9.03131)
(-2.42413e-05 9.57264e-06 9.0167)
(-1.24407e-05 1.22243e-05 8.96406)
(-6.641e-06 -2.06503e-06 8.34017)
(-2.51408e-05 6.38597e-06 8.32217)
(-1.53045e-05 9.70727e-06 8.26929)
(-5.19435e-06 -1.91899e-06 7.01971)
(-2.23072e-05 6.5584e-06 6.98935)
(-1.45977e-05 9.47705e-06 6.91727)
(3.25605e-05 0.000215381 11.2517)
(8.2524e-05 0.00019422 11.2252)
(0.000123267 0.00015631 11.1667)
(2.61761e-05 0.000194385 11.0753)
(6.30507e-05 0.000172602 11.056)
(9.87626e-05 0.000130848 11.012)
(1.85938e-05 0.000158171 10.862)
(4.23224e-05 0.00013998 10.8481)
(7.28984e-05 0.000105719 10.8095)
(1.09008e-05 0.000113933 10.6091)
(2.12353e-05 0.000101463 10.5982)
(4.61116e-05 7.58529e-05 10.5596)
(4.11394e-06 7.2197e-05 10.3125)
(3.31035e-06 6.59117e-05 10.3027)
(2.35128e-05 5.06044e-05 10.2611)
(-1.20623e-06 3.79563e-05 9.9643)
(-1.04804e-05 3.74688e-05 9.95388)
(5.86221e-06 3.08022e-05 9.90796)
(-4.73831e-06 1.4395e-05 9.54836)
(-1.9516e-05 1.84898e-05 9.53622)
(-5.97043e-06 1.80509e-05 9.48606)
(-6.44437e-06 1.67711e-06 9.03139)
(-2.40183e-05 8.80113e-06 9.01676)
(-1.2565e-05 1.15562e-05 8.96408)
(-6.50973e-06 -2.42089e-06 8.34021)
(-2.47988e-05 5.89329e-06 8.32219)
(-1.52486e-05 9.26551e-06 8.26928)
(-5.0494e-06 -2.02709e-06 7.01971)
(-2.19081e-05 6.299e-06 6.98933)
(-1.44197e-05 9.22437e-06 6.91723)
(3.19075e-05 0.000210832 11.2516)
(8.07157e-05 0.000190084 11.2251)
(0.000120568 0.000152829 11.1666)
(2.56439e-05 0.000190174 11.0753)
(6.15844e-05 0.000168787 11.056)
(9.65013e-05 0.000127778 11.012)
(1.81954e-05 0.000154554 10.8621)
(4.12078e-05 0.000136686 10.8482)
(7.10725e-05 0.000103068 10.8096)
(1.06336e-05 0.000111035 10.6093)
(2.04791e-05 9.87904e-05 10.5984)
(4.47375e-05 7.37136e-05 10.5597)
(3.96424e-06 6.99935e-05 10.3127)
(2.8718e-06 6.38379e-05 10.3028)
(2.25367e-05 4.89265e-05 10.2612)
(-1.25603e-06 3.6374e-05 9.96447)
(-1.06478e-05 3.59265e-05 9.95402)
(5.23254e-06 2.95366e-05 9.90805)
(-4.70914e-06 1.33211e-05 9.54849)
(-1.94664e-05 1.73825e-05 9.53632)
(-6.32034e-06 1.71185e-05 9.48611)
(-6.3537e-06 1.02094e-06 9.03146)
(-2.37985e-05 8.04937e-06 9.01681)
(-1.26776e-05 1.09127e-05 8.96409)
(-6.38134e-06 -2.77065e-06 8.34024)
(-2.44612e-05 5.41057e-06 8.3222)
(-1.51842e-05 8.84112e-06 8.26926)
(-4.90736e-06 -2.13076e-06 7.01971)
(-2.15147e-05 6.0451e-06 6.98931)
(-1.42436e-05 8.97417e-06 6.91719)
(3.12699e-05 0.00020639 11.2515)
(7.89511e-05 0.000186047 11.225)
(0.000117936 0.000149432 11.1665)
(2.51244e-05 0.000186063 11.0753)
(6.01545e-05 0.000165064 11.056)
(9.42965e-05 0.000124784 11.012)
(1.7807e-05 0.000151025 10.8622)
(4.01227e-05 0.000133475 10.8483)
(6.92943e-05 0.000100485 10.8097)
(1.03735e-05 0.000108211 10.6095)
(1.97448e-05 9.61873e-05 10.5985)
(4.34014e-05 7.16305e-05 10.5599)
(3.81896e-06 6.78486e-05 10.3129)
(2.44803e-06 6.18198e-05 10.303)
(2.15894e-05 4.72937e-05 10.2613)
(-1.30393e-06 3.4835e-05 9.96463)
(-1.08071e-05 3.44266e-05 9.95416)
(4.62307e-06 2.83058e-05 9.90814)
(-4.68003e-06 1.22778e-05 9.54861)
(-1.94145e-05 1.6306e-05 9.53641)
(-6.65755e-06 1.62113e-05 9.48617)
(-6.26526e-06 3.81513e-07 9.03153)
(-2.35819e-05 7.31755e-06 9.01685)
(-1.27829e-05 1.02886e-05 8.9641)
(-6.25607e-06 -3.11319e-06 8.34027)
(-2.41295e-05 4.93902e-06 8.32221)
(-1.51166e-05 8.43002e-06 8.26924)
(-4.76864e-06 -2.231e-06 7.0197)
(-2.11288e-05 5.79702e-06 6.9893)
(-1.407e-05 8.72918e-06 6.91715)
(3.06471e-05 0.000202053 11.2513)
(7.72288e-05 0.000182105 11.2249)
(0.000115366 0.000146117 11.1665)
(2.46173e-05 0.000182051 11.0753)
(5.87602e-05 0.000161431 11.056)
(9.21469e-05 0.000121865 11.012)
(1.7428e-05 0.000147583 10.8623)
(3.90661e-05 0.000130343 10.8484)
(6.75627e-05 9.79671e-05 10.8097)
(1.01201e-05 0.000105459 10.6096)
(1.90318e-05 9.36512e-05 10.5987)
(4.21025e-05 6.96018e-05 10.56)
(3.67797e-06 6.57606e-05 10.3131)
(2.03876e-06 5.98557e-05 10.3031)
(2.06704e-05 4.57046e-05 10.2614)
(-1.34996e-06 3.33381e-05 9.96479)
(-1.09585e-05 3.29679e-05 9.9543)
(4.0333e-06 2.7108e-05 9.90822)
(-4.65104e-06 1.1264e-05 9.54873)
(-1.93602e-05 1.52593e-05 9.5365)
(-6.9817e-06 1.53295e-05 9.48622)
(-6.17889e-06 -2.40941e-07 9.0316)
(-2.33678e-05 6.60493e-06 9.0169)
(-1.28849e-05 9.67649e-06 8.96411)
(-6.13391e-06 -3.44782e-06 8.3403)
(-2.38047e-05 4.47915e-06 8.32222)
(-1.50517e-05 8.02539e-06 8.26922)
(-4.63333e-06 -2.32826e-06 7.01969)
(-2.07513e-05 5.55503e-06 6.98928)
(-1.38985e-05 8.49095e-06 6.9171)
(3.00389e-05 0.000197819 11.2512)
(7.55476e-05 0.000178257 11.2248)
(0.000112859 0.000142882 11.1664)
(2.4122e-05 0.000178134 11.0753)
(5.74003e-05 0.000157886 11.056)
(9.00508e-05 0.000119017 11.0121)
(1.70583e-05 0.000144226 10.8624)
(3.80372e-05 0.000127289 10.8485)
(6.58761e-05 9.5513e-05 10.8098)
(9.87334e-06 0.000102777 10.6098)
(1.83393e-05 9.1181e-05 10.5988)
(4.08393e-05 6.76262e-05 10.5601)
(3.541e-06 6.37286e-05 10.3133)
(1.64317e-06 5.79447e-05 10.3033)
(1.97783e-05 4.41582e-05 10.2615)
(-1.39433e-06 3.1883e-05 9.96495)
(-1.11025e-05 3.15497e-05 9.95443)
(3.46188e-06 2.59423e-05 9.90831)
(-4.62238e-06 1.02793e-05 9.54884)
(-1.93042e-05 1.42422e-05 9.5366)
(-7.29425e-06 1.44718e-05 9.48626)
(-6.09465e-06 -8.46056e-07 9.03167)
(-2.31565e-05 5.91177e-06 9.01695)
(-1.2984e-05 9.07713e-06 8.96412)
(-6.01501e-06 -3.77412e-06 8.34032)
(-2.34871e-05 4.03126e-06 8.32223)
(-1.49893e-05 7.62797e-06 8.2692)
(-4.50165e-06 -2.42292e-06 7.01968)
(-2.03828e-05 5.31917e-06 6.98925)
(-1.37298e-05 8.25963e-06 6.91706)
(2.94446e-05 0.000193684 11.2511)
(7.39065e-05 0.0001745 11.2247)
(0.000110413 0.000139725 11.1664)
(2.36382e-05 0.000174311 11.0753)
(5.60738e-05 0.000154426 11.0561)
(8.8007e-05 0.000116239 11.0121)
(1.66975e-05 0.000140951 10.8625)
(3.70352e-05 0.000124312 10.8486)
(6.42337e-05 9.3121e-05 10.8099)
(9.63284e-06 0.000100163 10.6099)
(1.76669e-05 8.87744e-05 10.599)
(3.96114e-05 6.57021e-05 10.5602)
(3.40788e-06 6.17508e-05 10.3134)
(1.26124e-06 5.6085e-05 10.3034)
(1.89132e-05 4.26533e-05 10.2616)
(-1.43712e-06 3.04683e-05 9.9651)
(-1.12388e-05 3.01707e-05 9.95456)
(2.90921e-06 2.48078e-05 9.90839)
(-4.59407e-06 9.32264e-06 9.54895)
(-1.92458e-05 1.32535e-05 9.53668)
(-7.59481e-06 1.36371e-05 9.48631)
(-6.01244e-06 -1.43418e-06 9.03173)
(-2.29474e-05 5.23741e-06 9.01699)
(-1.30785e-05 8.49103e-06 8.96413)
(-5.89923e-06 -4.09179e-06 8.34034)
(-2.31756e-05 3.59498e-06 8.32223)
(-1.49278e-05 7.2378e-06 8.26918)
(-4.37349e-06 -2.51491e-06 7.01967)
(-2.00221e-05 5.08909e-06 6.98923)
(-1.35634e-05 8.03368e-06 6.91702)
(2.88643e-05 0.000189647 11.251)
(7.23043e-05 0.000170832 11.2246)
(0.000108025 0.000136643 11.1663)
(2.31656e-05 0.00017058 11.0753)
(5.47798e-05 0.00015105 11.0561)
(8.60139e-05 0.00011353 11.0121)
(1.63454e-05 0.000137757 10.8626)
(3.60594e-05 0.000121408 10.8487)
(6.26341e-05 9.07898e-05 10.81)
(9.39839e-06 9.76168e-05 10.6101)
(1.70138e-05 8.64301e-05 10.5991)
(3.84176e-05 6.38286e-05 10.5603)
(3.27837e-06 5.98265e-05 10.3136)
(8.92394e-07 5.42754e-05 10.3036)
(1.80739e-05 4.1189e-05 10.2617)
(-1.47854e-06 2.90934e-05 9.96525)
(-1.13679e-05 2.88302e-05 9.95469)
(2.37449e-06 2.37039e-05 9.90848)
(-4.56631e-06 8.39379e-06 9.54906)
(-1.91853e-05 1.22932e-05 9.53677)
(-7.88417e-06 1.28248e-05 9.48635)
(-5.93234e-06 -2.00529e-06 9.03179)
(-2.27404e-05 4.58204e-06 9.01703)
(-1.31685e-05 7.9189e-06 8.96414)
(-5.78666e-06 -4.40074e-06 8.34037)
(-2.28699e-05 3.17016e-06 8.32224)
(-1.48668e-05 6.85571e-06 8.26916)
(-4.24899e-06 -2.60434e-06 7.01966)
(-1.96693e-05 4.8647e-06 6.98921)
(-1.33998e-05 7.8129e-06 6.91697)
(2.82989e-05 0.000185705 11.2508)
(7.0741e-05 0.00016725 11.2245)
(0.000105693 0.000133636 11.1662)
(2.27043e-05 0.000166938 11.0753)
(5.35176e-05 0.000147754 11.0561)
(8.40703e-05 0.000110888 11.0121)
(1.60019e-05 0.000134642 10.8627)
(3.51093e-05 0.000118576 10.8488)
(6.10765e-05 8.85182e-05 10.8101)
(9.16989e-06 9.51365e-05 10.6102)
(1.63799e-05 8.41459e-05 10.5993)
(3.72576e-05 6.20045e-05 10.5604)
(3.15234e-06 5.79545e-05 10.3138)
(5.36676e-07 5.25145e-05 10.3037)
(1.72606e-05 3.97643e-05 10.2618)
(-1.51869e-06 2.77577e-05 9.9654)
(-1.14899e-05 2.75254e-05 9.95481)
(1.85823e-06 2.26301e-05 9.90856)
(-4.5396e-06 7.49255e-06 9.54917)
(-1.91201e-05 1.13654e-05 9.53686)
(-8.16115e-06 1.20341e-05 9.4864)
(-5.85334e-06 -2.55957e-06 9.03185)
(-2.25331e-05 3.95022e-06 9.01707)
(-1.32536e-05 7.36127e-06 8.96414)
(-5.67653e-06 -4.70102e-06 8.34039)
(-2.25698e-05 2.75508e-06 8.32224)
(-1.48057e-05 6.4819e-06 8.26913)
(-4.12732e-06 -2.69133e-06 7.01965)
(-1.93236e-05 4.64557e-06 6.98918)
(-1.32389e-05 7.59677e-06 6.91693)
(2.77475e-05 0.000181856 11.2507)
(6.92149e-05 0.000163753 11.2244)
(0.000103417 0.000130701 11.1662)
(2.22538e-05 0.000163385 11.0753)
(5.22861e-05 0.000144537 11.0561)
(8.21748e-05 0.000108311 11.0121)
(1.56669e-05 0.000131604 10.8628)
(3.41841e-05 0.000115814 10.8489)
(5.95594e-05 8.63046e-05 10.8102)
(8.94713e-06 9.27206e-05 10.6104)
(1.57644e-05 8.19207e-05 10.5994)
(3.61299e-05 6.02284e-05 10.5605)
(3.02967e-06 5.61339e-05 10.3139)
(1.93572e-07 5.08018e-05 10.3039)
(1.6472e-05 3.83782e-05 10.2619)
(-1.55753e-06 2.64604e-05 9.96554)
(-1.16054e-05 2.6256e-05 9.95494)
(1.35918e-06 2.15855e-05 9.90863)
(-4.51397e-06 6.61852e-06 9.54928)
(-1.90513e-05 1.04682e-05 9.53694)
(-8.42684e-06 1.12645e-05 9.48644)
(-5.77575e-06 -3.09709e-06 9.03191)
(-2.23262e-05 3.34077e-06 9.0171)
(-1.33343e-05 6.81799e-06 8.96414)
(-5.56918e-06 -4.99256e-06 8.3404)
(-2.22754e-05 2.34991e-06 8.32224)
(-1.47445e-05 6.11673e-06 8.26911)
(-4.00885e-06 -2.77579e-06 7.01963)
(-1.8985e-05 4.43221e-06 6.98915)
(-1.3081e-05 7.38551e-06 6.91688)
(2.72097e-05 0.000178097 11.2506)
(6.77249e-05 0.000160338 11.2243)
(0.000101195 0.000127836 11.1661)
(2.18137e-05 0.000159916 11.0753)
(5.10847e-05 0.000141396 11.0561)
(8.03262e-05 0.000105798 11.0122)
(1.53401e-05 0.00012864 10.8629)
(3.32834e-05 0.000113122 10.849)
(5.80821e-05 8.41475e-05 10.8102)
(8.7303e-06 9.03669e-05 10.6105)
(1.51671e-05 7.97528e-05 10.5995)
(3.50341e-05 5.84991e-05 10.5606)
(2.91065e-06 5.43627e-05 10.3141)
(-1.367e-07 4.91358e-05 10.304)
(1.57079e-05 3.70296e-05 10.262)
(-1.59463e-06 2.51997e-05 9.96569)
(-1.17134e-05 2.50225e-05 9.95506)
(8.77305e-07 2.05694e-05 9.90871)
(-4.4882e-06 5.77165e-06 9.54938)
(-1.89806e-05 9.5942e-06 9.53702)
(-8.68153e-06 1.05154e-05 9.48648)
(-5.70052e-06 -3.61712e-06 9.03196)
(-2.21216e-05 2.74639e-06 9.01714)
(-1.34089e-05 6.28774e-06 8.96414)
(-5.4654e-06 -5.27591e-06 8.34042)
(-2.19853e-05 1.95591e-06 8.32224)
(-1.46817e-05 5.75908e-06 8.26908)
(-3.89443e-06 -2.85789e-06 7.01961)
(-1.86527e-05 4.22449e-06 6.98913)
(-1.29243e-05 7.17776e-06 6.91683)
(2.66858e-05 0.000174427 11.2505)
(6.62696e-05 0.000157006 11.2242)
(9.90235e-05 0.000125041 11.1661)
(2.13841e-05 0.000156529 11.0753)
(4.99123e-05 0.000138329 11.0562)
(7.85229e-05 0.000103347 11.0122)
(1.50217e-05 0.00012575 10.863)
(3.24064e-05 0.000110497 10.8491)
(5.66431e-05 8.20456e-05 10.8103)
(8.51941e-06 8.80736e-05 10.6107)
(1.45877e-05 7.76411e-05 10.5997)
(3.39688e-05 5.68155e-05 10.5607)
(2.79544e-06 5.26398e-05 10.3143)
(-4.54597e-07 4.7515e-05 10.3042)
(1.49671e-05 3.57177e-05 10.2621)
(-1.63015e-06 2.39736e-05 9.96583)
(-1.18138e-05 2.38246e-05 9.95518)
(4.11699e-07 1.95807e-05 9.90879)
(-4.46105e-06 4.95534e-06 9.54948)
(-1.89075e-05 8.74321e-06 9.5371)
(-8.92471e-06 9.7885e-06 9.48652)
(-5.62776e-06 -4.11572e-06 9.03201)
(-2.19196e-05 2.16698e-06 9.01717)
(-1.34763e-05 5.77228e-06 8.96415)
(-5.36559e-06 -5.55216e-06 8.34043)
(-2.16996e-05 1.57312e-06 8.32224)
(-1.46175e-05 5.40868e-06 8.26905)
(-3.78454e-06 -2.93724e-06 7.0196)
(-1.83272e-05 4.02175e-06 6.9891)
(-1.2769e-05 6.97344e-06 6.91679)
(2.61742e-05 0.000170842 11.2504)
(6.48486e-05 0.000153754 11.2241)
(9.69035e-05 0.000122314 11.166)
(2.09647e-05 0.000153223 11.0753)
(4.87688e-05 0.000135335 11.0562)
(7.67642e-05 0.000100956 11.0122)
(1.47111e-05 0.000122931 10.8631)
(3.15529e-05 0.000107937 10.8492)
(5.5242e-05 7.99971e-05 10.8104)
(8.31432e-06 8.58394e-05 10.6108)
(1.4026e-05 7.55846e-05 10.5998)
(3.29339e-05 5.51762e-05 10.5608)
(2.68411e-06 5.09643e-05 10.3144)
(-7.60135e-07 4.59383e-05 10.3043)
(1.42496e-05 3.44415e-05 10.2622)
(-1.66409e-06 2.27816e-05 9.96597)
(-1.19067e-05 2.2661e-05 9.95529)
(-3.79204e-08 1.8618e-05 9.90886)
(-4.43289e-06 4.16603e-06 9.54958)
(-1.8832e-05 7.91505e-06 9.53717)
(-9.15502e-06 9.08527e-06 9.48656)
(-5.55691e-06 -4.59593e-06 9.03207)
(-2.17187e-05 1.60191e-06 9.0172)
(-1.35344e-05 5.27295e-06 8.96415)
(-5.26887e-06 -5.82098e-06 8.34044)
(-2.1417e-05 1.2005e-06 8.32224)
(-1.45516e-05 5.0643e-06 8.26903)
(-3.67836e-06 -3.01352e-06 7.01958)
(-1.8007e-05 3.82306e-06 6.98907)
(-1.26141e-05 6.77195e-06 6.91674)
(2.56735e-05 0.000167342 11.2503)
(6.3461e-05 0.000150579 11.2241)
(9.48342e-05 0.000119651 11.166)
(2.05551e-05 0.000149996 11.0753)
(4.76533e-05 0.000132415 11.0562)
(7.50487e-05 9.86228e-05 11.0122)
(1.44078e-05 0.000120181 10.8632)
(3.0722e-05 0.000105441 10.8493)
(5.38776e-05 7.80001e-05 10.8105)
(8.11466e-06 8.36627e-05 10.611)
(1.34815e-05 7.35824e-05 10.5999)
(3.19282e-05 5.35799e-05 10.5609)
(2.57633e-06 4.93348e-05 10.3146)
(-1.05401e-06 4.44045e-05 10.3045)
(1.35545e-05 3.32e-05 10.2623)
(-1.69648e-06 2.16248e-05 9.9661)
(-1.19926e-05 2.15307e-05 9.95541)
(-4.72099e-07 1.76809e-05 9.90894)
(-4.40508e-06 3.39806e-06 9.54968)
(-1.87548e-05 7.10945e-06 9.53725)
(-9.37537e-06 8.40145e-06 9.48659)
(-5.48752e-06 -5.06341e-06 9.03212)
(-2.15188e-05 1.05098e-06 9.01723)
(-1.35867e-05 4.78678e-06 8.96414)
(-5.17435e-06 -6.08097e-06 8.34046)
(-2.11379e-05 8.37544e-07 8.32223)
(-1.44845e-05 4.72705e-06 8.269)
(-3.57518e-06 -3.08702e-06 7.01955)
(-1.76922e-05 3.62829e-06 6.98903)
(-1.24601e-05 6.57426e-06 6.91669)
(2.51813e-05 0.000163922 11.2502)
(6.21066e-05 0.000147475 11.224)
(9.28167e-05 0.000117049 11.1659)
(2.01547e-05 0.000146845 11.0754)
(4.65662e-05 0.000129567 11.0562)
(7.33765e-05 9.63467e-05 11.0123)
(1.41116e-05 0.000117498 10.8633)
(2.99137e-05 0.000103007 10.8494)
(5.255e-05 7.60526e-05 10.8105)
(7.92022e-06 8.1542e-05 10.6111)
(1.29542e-05 7.16329e-05 10.6001)
(3.09517e-05 5.20249e-05 10.561)
(2.47197e-06 4.77495e-05 10.3147)
(-1.33595e-06 4.29125e-05 10.3046)
(1.28817e-05 3.19916e-05 10.2624)
(-1.72712e-06 2.05019e-05 9.96624)
(-1.20712e-05 2.04325e-05 9.95552)
(-8.89932e-07 1.67694e-05 9.90901)
(-4.37754e-06 2.651e-06 9.54977)
(-1.86751e-05 6.32556e-06 9.53732)
(-9.58688e-06 7.73331e-06 9.48663)
(-5.41934e-06 -5.51853e-06 9.03216)
(-2.13197e-05 5.13954e-07 9.01726)
(-1.3635e-05 4.31054e-06 8.96414)
(-5.08181e-06 -6.33229e-06 8.34046)
(-2.08618e-05 4.83797e-07 8.32222)
(-1.44154e-05 4.39738e-06 8.26897)
(-3.47469e-06 -3.15825e-06 7.01953)
(-1.73824e-05 3.43732e-06 6.989)
(-1.2307e-05 6.37976e-06 6.91664)
(2.46984e-05 0.000160581 11.2501)
(6.07845e-05 0.000144441 11.2239)
(9.0849e-05 0.000114506 11.1659)
(1.97633e-05 0.000143769 11.0754)
(4.55065e-05 0.000126791 11.0562)
(7.17463e-05 9.41257e-05 11.0123)
(1.38223e-05 0.000114881 10.8634)
(2.91272e-05 0.000100634 10.8495)
(5.12577e-05 7.41538e-05 10.8106)
(7.73091e-06 7.94762e-05 10.6113)
(1.24436e-05 6.97349e-05 10.6002)
(3.00033e-05 5.05105e-05 10.5611)
(2.37087e-06 4.62073e-05 10.3149)
(-1.60659e-06 4.14613e-05 10.3047)
(1.22299e-05 3.08155e-05 10.2625)
(-1.7561e-06 1.94122e-05 9.96637)
(-1.2143e-05 1.93656e-05 9.95563)
(-1.2925e-06 1.58832e-05 9.90908)
(-4.35029e-06 1.92507e-06 9.54986)
(-1.85931e-05 5.56335e-06 9.53739)
(-9.79005e-06 7.08115e-06 9.48666)
(-5.35242e-06 -5.96107e-06 9.03221)
(-2.1122e-05 -9.03172e-09 9.01729)
(-1.36798e-05 3.8446e-06 8.96414)
(-4.99135e-06 -6.57544e-06 8.34047)
(-2.05892e-05 1.39043e-07 8.32222)
(-1.43448e-05 4.07543e-06 8.26893)
(-3.37692e-06 -3.22764e-06 7.01951)
(-1.70778e-05 3.25017e-06 6.98897)
(-1.21556e-05 6.18848e-06 6.91658)
(2.42258e-05 0.000157318 11.25)
(5.94931e-05 0.000141478 11.2238)
(8.89283e-05 0.000112024 11.1658)
(1.93807e-05 0.000140766 11.0754)
(4.44729e-05 0.000124081 11.0563)
(7.01568e-05 9.19591e-05 11.0123)
(1.35401e-05 0.000112328 10.8635)
(2.83619e-05 9.83202e-05 10.8496)
(4.99997e-05 7.23031e-05 10.8107)
(7.54669e-06 7.74637e-05 10.6114)
(1.19489e-05 6.78865e-05 10.6003)
(2.90825e-05 4.90361e-05 10.5612)
(2.27304e-06 4.47071e-05 10.315)
(-1.86613e-06 4.00498e-05 10.3049)
(1.1599e-05 2.96711e-05 10.2626)
(-1.7834e-06 1.83543e-05 9.9665)
(-1.22082e-05 1.83289e-05 9.95574)
(-1.68003e-06 1.50215e-05 9.90915)
(-4.32318e-06 1.21996e-06 9.54995)
(-1.85088e-05 4.82221e-06 9.53746)
(-9.98442e-06 6.44516e-06 9.4867)
(-5.28668e-06 -6.39119e-06 9.03225)
(-2.09252e-05 -5.18371e-07 9.01732)
(-1.37205e-05 3.38898e-06 8.96413)
(-4.90286e-06 -6.81094e-06 8.34048)
(-2.03198e-05 -1.97191e-07 8.32221)
(-1.42727e-05 3.76048e-06 8.2689)
(-3.28166e-06 -3.29531e-06 7.01948)
(-1.67779e-05 3.06663e-06 6.98893)
(-1.20056e-05 5.99988e-06 6.91653)
(2.37645e-05 0.000154131 11.2499)
(5.8232e-05 0.000138583 11.2238)
(8.70527e-05 0.000109601 11.1658)
(1.9007e-05 0.000137834 11.0754)
(4.34647e-05 0.000121437 11.0563)
(6.86068e-05 8.98458e-05 11.0123)
(1.32648e-05 0.000109838 10.8636)
(2.76172e-05 9.60641e-05 10.8496)
(4.87749e-05 7.04997e-05 10.8108)
(7.36753e-06 7.55036e-05 10.6115)
(1.14696e-05 6.60866e-05 10.6005)
(2.8188e-05 4.76009e-05 10.5613)
(2.17838e-06 4.32482e-05 10.3152)
(-2.11523e-06 3.86771e-05 10.305)
(1.09879e-05 2.85579e-05 10.2627)
(-1.80916e-06 1.73278e-05 9.96663)
(-1.22675e-05 1.7322e-05 9.95585)
(-2.05367e-06 1.41837e-05 9.90922)
(-4.29626e-06 5.35702e-07 9.55004)
(-1.84226e-05 4.10213e-06 9.53753)
(-1.01708e-05 5.82537e-06 9.48673)
(-5.22222e-06 -6.80878e-06 9.0323)
(-2.07298e-05 -1.01393e-06 9.01734)
(-1.37579e-05 2.9439e-06 8.96413)
(-4.81645e-06 -7.03913e-06 8.34048)
(-2.00542e-05 -5.24933e-07 8.3222)
(-1.41998e-05 3.45268e-06 8.26887)
(-3.18899e-06 -3.36135e-06 7.01946)
(-1.64834e-05 2.88679e-06 6.9889)
(-1.18576e-05 5.81447e-06 6.91648)
(2.33151e-05 0.000151017 11.2498)
(5.70002e-05 0.000135758 11.2237)
(8.52204e-05 0.000107237 11.1657)
(1.86422e-05 0.000134971 11.0754)
(4.24808e-05 0.000118853 11.0563)
(6.70952e-05 8.77846e-05 11.0124)
(1.29966e-05 0.000107409 10.8637)
(2.68924e-05 9.3864e-05 10.8497)
(4.75826e-05 6.87425e-05 10.8108)
(7.19336e-06 7.35942e-05 10.6117)
(1.10053e-05 6.43334e-05 10.6006)
(2.73195e-05 4.6204e-05 10.5614)
(2.08683e-06 4.18292e-05 10.3153)
(-2.35406e-06 3.73419e-05 10.3051)
(1.03965e-05 2.7475e-05 10.2628)
(-1.83343e-06 1.63313e-05 9.96675)
(-1.23208e-05 1.63435e-05 9.95596)
(-2.41329e-06 1.33691e-05 9.90928)
(-4.26948e-06 -1.28372e-07 9.55013)
(-1.83343e-05 3.40219e-06 9.5376)
(-1.03486e-05 5.22156e-06 9.48676)
(-5.15901e-06 -7.21424e-06 9.03234)
(-2.05357e-05 -1.49632e-06 9.01737)
(-1.37912e-05 2.50908e-06 8.96412)
(-4.73205e-06 -7.26032e-06 8.34048)
(-1.97918e-05 -8.44572e-07 8.32219)
(-1.41257e-05 3.15134e-06 8.26884)
(-3.09874e-06 -3.42566e-06 7.01943)
(-1.61935e-05 2.71052e-06 6.98886)
(-1.17109e-05 5.63173e-06 6.91642)
(2.28763e-05 0.000147976 11.2497)
(5.57971e-05 0.000133 11.2236)
(8.34313e-05 0.000104929 11.1657)
(1.82859e-05 0.000132176 11.0754)
(4.15211e-05 0.000116331 11.0563)
(6.56211e-05 8.57743e-05 11.0124)
(1.27351e-05 0.00010504 10.8638)
(2.6187e-05 9.17187e-05 10.8498)
(4.64218e-05 6.70305e-05 10.8109)
(7.02395e-06 7.17345e-05 10.6118)
(1.05554e-05 6.26261e-05 10.6007)
(2.64762e-05 4.48445e-05 10.5615)
(1.99821e-06 4.04496e-05 10.3155)
(-2.5831e-06 3.60436e-05 10.3052)
(9.82402e-06 2.6422e-05 10.2629)
(-1.8564e-06 1.53643e-05 9.96688)
(-1.23686e-05 1.53932e-05 9.95606)
(-2.75971e-06 1.25771e-05 9.90935)
(-4.24297e-06 -7.72375e-07 9.55021)
(-1.82444e-05 2.72235e-06 9.53766)
(-1.05185e-05 4.63365e-06 9.48679)
(-5.0972e-06 -7.60753e-06 9.03238)
(-2.0343e-05 -1.96549e-06 9.01739)
(-1.3821e-05 2.08468e-06 8.96412)
(-4.64981e-06 -7.47476e-06 8.34049)
(-1.95333e-05 -1.15612e-06 8.32217)
(-1.40511e-05 2.85665e-06 8.2688)
(-3.01106e-06 -3.48828e-06 7.0194)
(-1.59087e-05 2.53791e-06 6.98882)
(-1.15661e-05 5.45205e-06 6.91637)
(2.24477e-05 0.000145006 11.2496)
(5.46224e-05 0.000130306 11.2235)
(8.1685e-05 0.000102677 11.1657)
(1.7938e-05 0.000129447 11.0754)
(4.05852e-05 0.000113869 11.0563)
(6.41841e-05 8.38138e-05 11.0124)
(1.24801e-05 0.000102729 10.8639)
(2.5501e-05 8.9627e-05 10.8499)
(4.52923e-05 6.53626e-05 10.811)
(6.85922e-06 6.99234e-05 10.6119)
(1.012e-05 6.09638e-05 10.6008)
(2.56578e-05 4.35216e-05 10.5616)
(1.91248e-06 3.91083e-05 10.3156)
(-2.80232e-06 3.47814e-05 10.3054)
(9.27043e-06 2.53981e-05 10.263)
(-1.87807e-06 1.44261e-05 9.967)
(-1.24109e-05 1.44703e-05 9.95617)
(-3.09288e-06 1.18074e-05 9.90941)
(-4.21667e-06 -1.39675e-06 9.5503)
(-1.81528e-05 2.06206e-06 9.53773)
(-1.06803e-05 4.06142e-06 9.48682)
(-5.03673e-06 -7.98893e-06 9.03241)
(-2.01516e-05 -2.4218e-06 9.01741)
(-1.3847e-05 1.67049e-06 8.96411)
(-4.56967e-06 -7.68268e-06 8.34049)
(-1.92781e-05 -1.45987e-06 8.32216)
(-1.39755e-05 2.56817e-06 8.26877)
(-2.92585e-06 -3.54921e-06 7.01937)
(-1.56286e-05 2.36877e-06 6.98878)
(-1.14228e-05 5.27506e-06 6.91632)
(2.20289e-05 0.000142104 11.2495)
(5.34753e-05 0.000127675 11.2235)
(7.99804e-05 0.000100478 11.1656)
(1.75982e-05 0.000126783 11.0754)
(3.96724e-05 0.000111467 11.0564)
(6.27832e-05 8.19019e-05 11.0124)
(1.22315e-05 0.000100475 10.864)
(2.48335e-05 8.75877e-05 10.85)
(4.4193e-05 6.37375e-05 10.8111)
(6.69898e-06 6.81599e-05 10.6121)
(9.69834e-06 5.93455e-05 10.601)
(2.48633e-05 4.22343e-05 10.5617)
(1.82949e-06 3.78048e-05 10.3157)
(-3.01237e-06 3.35544e-05 10.3055)
(8.73476e-06 2.44028e-05 10.2631)
(-1.89861e-06 1.35161e-05 9.96712)
(-1.24482e-05 1.35744e-05 9.95627)
(-3.41372e-06 1.10594e-05 9.90948)
(-4.1907e-06 -2.00168e-06 9.55038)
(-1.80598e-05 1.42127e-06 9.53779)
(-1.08347e-05 3.50465e-06 9.48685)
(-4.97774e-06 -8.35842e-06 9.03245)
(-1.99621e-05 -2.86512e-06 9.01743)
(-1.38697e-05 1.26658e-06 8.9641)
(-4.49177e-06 -7.88424e-06 8.34049)
(-1.90269e-05 -1.75574e-06 8.32215)
(-1.38998e-05 2.28617e-06 8.26873)
(-2.84326e-06 -3.60855e-06 7.01934)
(-1.53537e-05 2.20325e-06 6.98874)
(-1.12815e-05 5.10125e-06 6.91626)
(2.16196e-05 0.000139269 11.2494)
(5.23553e-05 0.000125105 11.2234)
(7.83168e-05 9.83313e-05 11.1656)
(1.72664e-05 0.000124181 11.0755)
(3.87825e-05 0.000109122 11.0564)
(6.14177e-05 8.00373e-05 11.0125)
(1.1989e-05 9.8277e-05 10.864)
(2.41843e-05 8.55994e-05 10.8501)
(4.31236e-05 6.21543e-05 10.8111)
(6.54316e-06 6.64425e-05 10.6122)
(9.29032e-06 5.777e-05 10.6011)
(2.40926e-05 4.09818e-05 10.5618)
(1.74918e-06 3.65377e-05 10.3159)
(-3.21324e-06 3.23617e-05 10.3056)
(8.21699e-06 2.34353e-05 10.2632)
(-1.91803e-06 1.26333e-05 9.96724)
(-1.24804e-05 1.27045e-05 9.95637)
(-3.72206e-06 1.03325e-05 9.90954)
(-4.16503e-06 -2.58785e-06 9.55046)
(-1.79654e-05 7.99152e-07 9.53785)
(-1.09814e-05 2.963e-06 9.48687)
(-4.92014e-06 -8.71645e-06 9.03248)
(-1.9774e-05 -3.29607e-06 9.01745)
(-1.38888e-05 8.72599e-07 8.96409)
(-4.41599e-06 -8.07958e-06 8.34048)
(-1.87792e-05 -2.04405e-06 8.32213)
(-1.38233e-05 2.01017e-06 8.26869)
(-2.76315e-06 -3.66619e-06 7.0193)
(-1.50835e-05 2.0412e-06 6.9887)
(-1.11416e-05 4.93014e-06 6.9162)
(2.12196e-05 0.000136499 11.2493)
(5.12619e-05 0.000122596 11.2233)
(7.66933e-05 9.62363e-05 11.1655)
(1.69424e-05 0.000121642 11.0755)
(3.7915e-05 0.000106833 11.0564)
(6.00868e-05 7.82192e-05 11.0125)
(1.17526e-05 9.61331e-05 10.8641)
(2.35531e-05 8.3661e-05 10.8502)
(4.20832e-05 6.06122e-05 10.8112)
(6.39164e-06 6.47705e-05 10.6123)
(8.89553e-06 5.62363e-05 10.6012)
(2.33448e-05 3.97636e-05 10.5619)
(1.67146e-06 3.53066e-05 10.316)
(-3.40533e-06 3.12026e-05 10.3057)
(7.71643e-06 2.24951e-05 10.2633)
(-1.93642e-06 1.17774e-05 9.96735)
(-1.2508e-05 1.18603e-05 9.95647)
(-4.01859e-06 9.62643e-06 9.9096)
(-4.13972e-06 -3.15548e-06 9.55054)
(-1.78698e-05 1.95577e-07 9.53791)
(-1.11211e-05 2.43633e-06 9.4869)
(-4.86402e-06 -9.06309e-06 9.03252)
(-1.95877e-05 -3.71467e-06 9.01746)
(-1.39048e-05 4.88664e-07 8.96408)
(-4.34244e-06 -8.26887e-06 8.34048)
(-1.85355e-05 -2.32483e-06 8.32211)
(-1.37467e-05 1.7404e-06 8.26866)
(-2.68558e-06 -3.72221e-06 7.01927)
(-1.48183e-05 1.88267e-06 6.98866)
(-1.10036e-05 4.76209e-06 6.91615)
(2.08289e-05 0.000133793 11.2492)
(5.01945e-05 0.000120144 11.2233)
(7.5109e-05 9.41915e-05 11.1655)
(1.66261e-05 0.000119162 11.0755)
(3.70693e-05 0.000104599 11.0564)
(5.87899e-05 7.64466e-05 11.0125)
(1.15222e-05 9.40423e-05 10.8642)
(2.29395e-05 8.17711e-05 10.8503)
(4.10713e-05 5.91104e-05 10.8113)
(6.24433e-06 6.31426e-05 10.6125)
(8.51374e-06 5.47434e-05 10.6013)
(2.26197e-05 3.85788e-05 10.562)
(1.59626e-06 3.41105e-05 10.3161)
(-3.58875e-06 3.00762e-05 10.3059)
(7.23296e-06 2.15819e-05 10.2633)
(-1.95383e-06 1.09477e-05 9.96747)
(-1.25307e-05 1.10416e-05 9.95656)
(-4.30322e-06 8.94092e-06 9.90966)
(-4.11468e-06 -3.70496e-06 9.55061)
(-1.77729e-05 -3.89626e-07 9.53797)
(-1.12535e-05 1.92456e-06 9.48692)
(-4.80927e-06 -9.39859e-06 9.03255)
(-1.94031e-05 -4.12131e-06 9.01748)
(-1.39175e-05 1.14667e-07 8.96407)
(-4.27098e-06 -8.45223e-06 8.34047)
(-1.82954e-05 -2.59835e-06 8.3221)
(-1.36697e-05 1.47665e-06 8.26862)
(-2.61043e-06 -3.77661e-06 7.01924)
(-1.45578e-05 1.7275e-06 6.98862)
(-1.08674e-05 4.59685e-06 6.91609)
(2.04471e-05 0.00013115 11.2491)
(4.91525e-05 0.00011775 11.2232)
(7.3563e-05 9.21957e-05 11.1655)
(1.63173e-05 0.000116742 11.0755)
(3.6245e-05 0.000102419 11.0565)
(5.7526e-05 7.47183e-05 11.0125)
(1.12974e-05 9.20035e-05 10.8643)
(2.23427e-05 7.99289e-05 10.8503)
(4.00871e-05 5.76477e-05 10.8113)
(6.10101e-06 6.15582e-05 10.6126)
(8.14432e-06 5.32905e-05 10.6014)
(2.19163e-05 3.74266e-05 10.5621)
(1.52337e-06 3.29489e-05 10.3163)
(-3.76419e-06 2.89817e-05 10.306)
(6.7657e-06 2.06948e-05 10.2634)
(-1.97052e-06 1.0144e-05 9.96758)
(-1.25488e-05 1.02489e-05 9.95666)
(-4.57626e-06 8.27622e-06 9.90972)
(-4.08985e-06 -4.23644e-06 9.55069)
(-1.76747e-05 -9.55537e-07 9.53803)
(-1.13792e-05 1.42811e-06 9.48695)
(-4.75586e-06 -9.723e-06 9.03258)
(-1.92207e-05 -4.51618e-06 9.01749)
(-1.39277e-05 -2.49419e-07 8.96406)
(-4.20162e-06 -8.6298e-06 8.34047)
(-1.80594e-05 -2.8647e-06 8.32208)
(-1.3593e-05 1.21917e-06 8.26858)
(-2.53768e-06 -3.82953e-06 7.0192)
(-1.43025e-05 1.57573e-06 6.98857)
(-1.07333e-05 4.43486e-06 6.91603)
(2.00741e-05 0.000128569 11.2491)
(4.81354e-05 0.000115411 11.2232)
(7.20548e-05 9.02479e-05 11.1654)
(1.60159e-05 0.000114379 11.0755)
(3.54416e-05 0.000100292 11.0565)
(5.62946e-05 7.30335e-05 11.0126)
(1.10784e-05 9.00156e-05 10.8644)
(2.17627e-05 7.81329e-05 10.8504)
(3.913e-05 5.62235e-05 10.8114)
(5.96165e-06 6.00159e-05 10.6127)
(7.78715e-06 5.18763e-05 10.6015)
(2.12345e-05 3.63064e-05 10.5622)
(1.45279e-06 3.18208e-05 10.3164)
(-3.93172e-06 2.79179e-05 10.3061)
(6.31448e-06 1.98331e-05 10.2635)
(-1.98651e-06 9.36535e-06 9.96769)
(-1.25623e-05 9.4815e-06 9.95675)
(-4.83712e-06 7.63266e-06 9.90978)
(-4.06518e-06 -4.75062e-06 9.55076)
(-1.75749e-05 -1.50297e-06 9.53808)
(-1.14971e-05 9.4727e-07 9.48697)
(-4.70372e-06 -1.00368e-05 9.03261)
(-1.90399e-05 -4.8999e-06 9.01751)
(-1.39349e-05 -6.04232e-07 8.96405)
(-4.13421e-06 -8.80171e-06 8.34046)
(-1.7827e-05 -3.12414e-06 8.32206)
(-1.35161e-05 9.67374e-07 8.26854)
(-2.46716e-06 -3.88088e-06 7.01917)
(-1.40517e-05 1.42718e-06 6.98853)
(-1.06009e-05 4.27559e-06 6.91597)
(1.97098e-05 0.000126047 11.249)
(4.71426e-05 0.000113127 11.2231)
(7.05835e-05 8.83471e-05 11.1654)
(1.57217e-05 0.000112072 11.0755)
(3.46586e-05 9.82151e-05 11.0565)
(5.50946e-05 7.13914e-05 11.0126)
(1.08649e-05 8.80773e-05 10.8645)
(2.1199e-05 7.63824e-05 10.8505)
(3.81993e-05 5.48368e-05 10.8115)
(5.8262e-06 5.85151e-05 10.6128)
(7.44182e-06 5.05004e-05 10.6016)
(2.05733e-05 3.52174e-05 10.5622)
(1.38452e-06 3.07255e-05 10.3165)
(-4.09167e-06 2.68845e-05 10.3062)
(5.87845e-06 1.89963e-05 10.2636)
(-2.00176e-06 8.61116e-06 9.9678)
(-1.25721e-05 8.73757e-06 9.95685)
(-5.08711e-06 7.00913e-06 9.90984)
(-4.04095e-06 -5.24784e-06 9.55083)
(-1.74743e-05 -2.03328e-06 9.53814)
(-1.16084e-05 4.81227e-07 9.487)
(-4.65309e-06 -1.03402e-05 9.03264)
(-1.88613e-05 -5.27229e-06 9.01752)
(-1.39398e-05 -9.49751e-07 8.96403)
(-4.069e-06 -8.9681e-06 8.34045)
(-1.75986e-05 -3.3764e-06 8.32204)
(-1.34395e-05 7.21579e-07 8.2685)
(-2.39914e-06 -3.93071e-06 7.01913)
(-1.38059e-05 1.28205e-06 6.98848)
(-1.04705e-05 4.11942e-06 6.91591)
(1.93542e-05 0.000123583 11.2489)
(4.61738e-05 0.000110896 11.223)
(6.91484e-05 8.64922e-05 11.1654)
(1.54349e-05 0.00010982 11.0755)
(3.38954e-05 9.61888e-05 11.0565)
(5.39253e-05 6.97909e-05 11.0126)
(1.0657e-05 8.61875e-05 10.8645)
(2.06514e-05 7.46761e-05 10.8506)
(3.72945e-05 5.34874e-05 10.8115)
(5.69469e-06 5.70545e-05 10.6129)
(7.10825e-06 4.91618e-05 10.6018)
(1.99325e-05 3.41592e-05 10.5623)
(1.31866e-06 2.9662e-05 10.3167)
(-4.24394e-06 2.58808e-05 10.3063)
(5.45757e-06 1.8184e-05 10.2637)
(-2.01609e-06 7.8807e-06 9.96791)
(-1.25783e-05 8.01572e-06 9.95694)
(-5.327e-06 6.40407e-06 9.9099)
(-4.01715e-06 -5.72857e-06 9.55091)
(-1.73733e-05 -2.54766e-06 9.53819)
(-1.17135e-05 2.87073e-08 9.48702)
(-4.60393e-06 -1.06333e-05 9.03267)
(-1.86848e-05 -5.63349e-06 9.01753)
(-1.3942e-05 -1.28593e-06 8.96402)
(-4.0059e-06 -9.12909e-06 8.34044)
(-1.73741e-05 -3.62161e-06 8.32202)
(-1.33628e-05 4.81743e-07 8.26846)
(-2.33359e-06 -3.97903e-06 7.01909)
(-1.3565e-05 1.14026e-06 6.98844)
(-1.03421e-05 3.96618e-06 6.91585)
(1.90071e-05 0.000121177 11.2488)
(4.5229e-05 0.000108716 11.223)
(6.77494e-05 8.46833e-05 11.1653)
(1.51553e-05 0.000107621 11.0756)
(3.31516e-05 9.42116e-05 11.0565)
(5.27856e-05 6.82303e-05 11.0126)
(1.04546e-05 8.43453e-05 10.8646)
(2.01194e-05 7.30133e-05 10.8507)
(3.6415e-05 5.21745e-05 10.8116)
(5.56711e-06 5.56333e-05 10.6131)
(6.78607e-06 4.78598e-05 10.6019)
(1.93114e-05 3.3131e-05 10.5624)
(1.25524e-06 2.863e-05 10.3168)
(-4.38875e-06 2.49066e-05 10.3064)
(5.05129e-06 1.73959e-05 10.2638)
(-2.02932e-06 7.17389e-06 9.96802)
(-1.25811e-05 7.31569e-06 9.95703)
(-5.55766e-06 5.81677e-06 9.90995)
(-3.99371e-06 -6.19276e-06 9.55097)
(-1.72723e-05 -3.04617e-06 9.53824)
(-1.18135e-05 -4.10841e-07 9.48704)
(-4.55613e-06 -1.09164e-05 9.03269)
(-1.85107e-05 -5.98335e-06 9.01754)
(-1.39422e-05 -1.61259e-06 8.96401)
(-3.94487e-06 -9.28485e-06 8.34043)
(-1.71538e-05 -3.8598e-06 8.32199)
(-1.32866e-05 2.48145e-07 8.26842)
(-2.27049e-06 -4.02597e-06 7.01905)
(-1.33295e-05 1.00185e-06 6.98839)
(-1.02161e-05 3.81625e-06 6.9158)
(1.86683e-05 0.000118827 11.2488)
(4.43087e-05 0.000106588 11.2229)
(6.63864e-05 8.2921e-05 11.1653)
(1.48828e-05 0.000105475 11.0756)
(3.24275e-05 9.22822e-05 11.0566)
(5.16753e-05 6.67074e-05 11.0127)
(1.02577e-05 8.25492e-05 10.8647)
(1.96031e-05 7.13926e-05 10.8507)
(3.55603e-05 5.08962e-05 10.8117)
(5.44347e-06 5.42504e-05 10.6132)
(6.47538e-06 4.65933e-05 10.602)
(1.87097e-05 3.21317e-05 10.5625)
(1.19433e-06 2.7628e-05 10.3169)
(-4.5259e-06 2.39611e-05 10.3065)
(4.6596e-06 1.66313e-05 10.2638)
(-2.04111e-06 6.49064e-06 9.96812)
(-1.25801e-05 6.63696e-06 9.95712)
(-5.77887e-06 5.24682e-06 9.91001)
(-3.97044e-06 -6.6403e-06 9.55104)
(-1.7171e-05 -3.52922e-06 9.53829)
(-1.19081e-05 -8.37684e-07 9.48706)
(-4.5095e-06 -1.11899e-05 9.03272)
(-1.83386e-05 -6.32231e-06 9.01755)
(-1.39399e-05 -1.93001e-06 8.96399)
(-3.88566e-06 -9.43554e-06 8.34042)
(-1.69375e-05 -4.0913e-06 8.32197)
(-1.32107e-05 2.03124e-08 8.26838)
(-2.2096e-06 -4.07149e-06 7.01901)
(-1.30988e-05 8.66676e-07 6.98834)
(-1.00921e-05 3.66922e-06 6.91573)
(1.83377e-05 0.000116532 11.2487)
(4.34112e-05 0.000104509 11.2229)
(6.50573e-05 8.12022e-05 11.1653)
(1.46171e-05 0.00010338 11.0756)
(3.17223e-05 9.03999e-05 11.0566)
(5.05935e-05 6.52227e-05 11.0127)
(1.00662e-05 8.07982e-05 10.8648)
(1.91019e-05 6.98136e-05 10.8508)
(3.47296e-05 4.96521e-05 10.8117)
(5.32371e-06 5.29049e-05 10.6133)
(6.17572e-06 4.53617e-05 10.6021)
(1.81268e-05 3.11608e-05 10.5626)
(1.13589e-06 2.66555e-05 10.317)
(-4.65579e-06 2.3044e-05 10.3067)
(4.2819e-06 1.589e-05 10.2639)
(-2.05141e-06 5.83072e-06 9.96822)
(-1.25753e-05 5.97945e-06 9.9572)
(-5.99107e-06 4.69429e-06 9.91006)
(-3.94727e-06 -7.07122e-06 9.55111)
(-1.70697e-05 -3.99678e-06 9.53835)
(-1.19976e-05 -1.25171e-06 9.48708)
(-4.46397e-06 -1.14541e-05 9.03274)
(-1.81687e-05 -6.65044e-06 9.01756)
(-1.39356e-05 -2.23809e-06 8.96398)
(-3.82817e-06 -9.58132e-06 8.34041)
(-1.67252e-05 -4.3162e-06 8.32195)
(-1.31354e-05 -2.01581e-07 8.26834)
(-2.1508e-06 -4.11569e-06 7.01897)
(-1.28733e-05 7.34736e-07 6.9883)
(-9.97043e-06 3.5254e-06 6.91567)
(1.80149e-05 0.000114291 11.2486)
(4.25358e-05 0.000102479 11.2228)
(6.3761e-05 7.95253e-05 11.1653)
(1.43581e-05 0.000101335 11.0756)
(3.10357e-05 8.85637e-05 11.0566)
(4.954e-05 6.3776e-05 11.0127)
(9.87994e-06 7.90915e-05 10.8649)
(1.86157e-05 6.82753e-05 10.8509)
(3.39225e-05 4.84416e-05 10.8118)
(5.20775e-06 5.15962e-05 10.6134)
(5.88696e-06 4.41644e-05 10.6022)
(1.75623e-05 3.02179e-05 10.5627)
(1.07986e-06 2.57117e-05 10.3172)
(-4.77851e-06 2.21546e-05 10.3068)
(3.91808e-06 1.51715e-05 10.264)
(-2.06031e-06 5.19266e-06 9.96833)
(-1.25668e-05 5.34267e-06 9.95729)
(-6.19411e-06 4.15901e-06 9.91012)
(-3.924e-06 -7.48674e-06 9.55118)
(-1.69679e-05 -4.44937e-06 9.53839)
(-1.20818e-05 -1.65304e-06 9.4871)
(-4.4192e-06 -1.17091e-05 9.03276)
(-1.80007e-05 -6.96824e-06 9.01757)
(-1.39291e-05 -2.53711e-06 8.96396)
(-3.77206e-06 -9.72219e-06 8.3404)
(-1.65166e-05 -4.53487e-06 8.32192)
(-1.30606e-05 -4.17881e-07 8.2683)
(-2.0937e-06 -4.15859e-06 7.01893)
(-1.26522e-05 6.05795e-07 6.98825)
(-9.85094e-06 3.38447e-06 6.91561)
(1.76997e-05 0.000112101 11.2486)
(4.16817e-05 0.000100497 11.2228)
(6.24963e-05 7.78893e-05 11.1652)
(1.41054e-05 9.93396e-05 11.0756)
(3.0367e-05 8.67727e-05 11.0566)
(4.85138e-05 6.23663e-05 11.0127)
(9.69866e-06 7.7428e-05 10.8649)
(1.81437e-05 6.67772e-05 10.851)
(3.31381e-05 4.72637e-05 10.8119)
(5.09541e-06 5.03235e-05 10.6135)
(5.60853e-06 4.30006e-05 10.6023)
(1.70156e-05 2.93022e-05 10.5628)
(1.02607e-06 2.47964e-05 10.3173)
(-4.89461e-06 2.12924e-05 10.3069)
(3.56734e-06 1.44752e-05 10.2641)
(-2.06809e-06 4.57545e-06 9.96843)
(-1.25552e-05 4.72639e-06 9.95737)
(-6.38865e-06 3.64059e-06 9.91017)
(-3.90066e-06 -7.88772e-06 9.55124)
(-1.68659e-05 -4.88708e-06 9.53844)
(-1.21614e-05 -2.04193e-06 9.48712)
(-4.37515e-06 -1.19548e-05 9.03278)
(-1.78348e-05 -7.27577e-06 9.01758)
(-1.39211e-05 -2.82719e-06 8.96395)
(-3.71727e-06 -9.85819e-06 8.34038)
(-1.6312e-05 -4.74729e-06 8.3219)
(-1.29867e-05 -6.2838e-07 8.26825)
(-2.03823e-06 -4.20027e-06 7.01889)
(-1.24361e-05 4.79904e-07 6.9882)
(-9.73397e-06 3.24682e-06 6.91555)
(1.73918e-05 0.000109962 11.2485)
(4.08485e-05 9.85622e-05 11.2227)
(6.12626e-05 7.6293e-05 11.1652)
(1.38589e-05 9.73917e-05 11.0756)
(2.97159e-05 8.50257e-05 11.0567)
(4.75145e-05 6.09924e-05 11.0128)
(9.52223e-06 7.58065e-05 10.865)
(1.76858e-05 6.53181e-05 10.851)
(3.23762e-05 4.61177e-05 10.8119)
(4.98657e-06 4.90858e-05 10.6136)
(5.34035e-06 4.18695e-05 10.6024)
(1.64866e-05 2.8413e-05 10.5628)
(9.7445e-07 2.39087e-05 10.3174)
(-5.00409e-06 2.04565e-05 10.307)
(3.22974e-06 1.38005e-05 10.2641)
(-2.07484e-06 3.97825e-06 9.96853)
(-1.25403e-05 4.12995e-06 9.95746)
(-6.57449e-06 3.13859e-06 9.91022)
(-3.87724e-06 -8.27489e-06 9.5513)
(-1.67634e-05 -5.31049e-06 9.53849)
(-1.22359e-05 -2.41872e-06 9.48714)
(-4.33172e-06 -1.21917e-05 9.0328)
(-1.76707e-05 -7.57349e-06 9.01758)
(-1.3911e-05 -3.10873e-06 8.96393)
(-3.66366e-06 -9.98942e-06 8.34037)
(-1.61109e-05 -4.9537e-06 8.32187)
(-1.29134e-05 -8.33496e-07 8.26821)
(-1.98419e-06 -4.2407e-06 7.01884)
(-1.22243e-05 3.56945e-07 6.98815)
(-9.61909e-06 3.11204e-06 6.91549)
(1.70912e-05 0.000107874 11.2484)
(4.00358e-05 9.66731e-05 11.2227)
(6.0059e-05 7.47358e-05 11.1652)
(1.36183e-05 9.54909e-05 11.0756)
(2.9082e-05 8.33219e-05 11.0567)
(4.65414e-05 5.96539e-05 11.0128)
(9.35049e-06 7.42265e-05 10.8651)
(1.72417e-05 6.38974e-05 10.8511)
(3.16362e-05 4.5003e-05 10.812)
(4.88111e-06 4.78826e-05 10.6137)
(5.08214e-06 4.07705e-05 10.6025)
(1.59746e-05 2.75499e-05 10.5629)
(9.24927e-07 2.30484e-05 10.3175)
(-5.10719e-06 1.96466e-05 10.3071)
(2.90479e-06 1.31469e-05 10.2642)
(-2.08069e-06 3.40092e-06 9.96862)
(-1.25224e-05 3.55319e-06 9.95754)
(-6.75203e-06 2.65276e-06 9.91027)
(-3.85379e-06 -8.64835e-06 9.55137)
(-1.66608e-05 -5.71963e-06 9.53854)
(-1.23059e-05 -2.78356e-06 9.48716)
(-4.289e-06 -1.24197e-05 9.03282)
(-1.75087e-05 -7.86143e-06 9.01759)
(-1.38993e-05 -3.38176e-06 8.96391)
(-3.61132e-06 -1.0116e-05 8.34035)
(-1.59135e-05 -5.15413e-06 8.32184)
(-1.28408e-05 -1.03311e-06 8.26817)
(-1.93163e-06 -4.27997e-06 7.0188)
(-1.2017e-05 2.36937e-07 6.9881)
(-9.50659e-06 2.98038e-06 6.91543)
(1.67976e-05 0.000105834 11.2484)
(3.92432e-05 9.48289e-05 11.2226)
(5.88849e-05 7.32165e-05 11.1651)
(1.33835e-05 9.36359e-05 11.0757)
(2.84651e-05 8.16604e-05 11.0567)
(4.55941e-05 5.83497e-05 11.0128)
(9.18337e-06 7.26868e-05 10.8652)
(1.68111e-05 6.25141e-05 10.8512)
(3.09177e-05 4.39187e-05 10.8121)
(4.77894e-06 4.67131e-05 10.6139)
(4.83374e-06 3.97029e-05 10.6026)
(1.54796e-05 2.67122e-05 10.563)
(8.77463e-07 2.22148e-05 10.3176)
(-5.20395e-06 1.8862e-05 10.3072)
(2.59239e-06 1.25139e-05 10.2643)
(-2.08564e-06 2.84312e-06 9.96872)
(-1.25015e-05 2.99568e-06 9.95762)
(-6.9212e-06 2.18284e-06 9.91033)
(-3.83031e-06 -9.00831e-06 9.55143)
(-1.65577e-05 -6.11483e-06 9.53858)
(-1.23711e-05 -3.13664e-06 9.48718)
(-4.24697e-06 -1.2639e-05 9.03284)
(-1.73485e-05 -8.13984e-06 9.01759)
(-1.38858e-05 -3.64649e-06 8.9639)
(-3.56021e-06 -1.02382e-05 8.34034)
(-1.57197e-05 -5.34873e-06 8.32182)
(-1.27689e-05 -1.22748e-06 8.26812)
(-1.88052e-06 -4.31808e-06 7.01875)
(-1.1814e-05 1.19775e-07 6.98805)
(-9.39622e-06 2.85154e-06 6.91537)
(1.65108e-05 0.000103841 11.2483)
(3.84702e-05 9.30289e-05 11.2226)
(5.77392e-05 7.17345e-05 11.1651)
(1.31543e-05 9.18259e-05 11.0757)
(2.78647e-05 8.00403e-05 11.0567)
(4.46718e-05 5.7079e-05 11.0128)
(9.02068e-06 7.11866e-05 10.8652)
(1.63934e-05 6.11675e-05 10.8513)
(3.02201e-05 4.28642e-05 10.8121)
(4.67993e-06 4.55767e-05 10.614)
(4.59476e-06 3.8666e-05 10.6027)
(1.50009e-05 2.58995e-05 10.5631)
(8.31963e-07 2.14077e-05 10.3177)
(-5.29475e-06 1.81024e-05 10.3073)
(2.29193e-06 1.19012e-05 10.2644)
(-2.08976e-06 2.3047e-06 9.96882)
(-1.24778e-05 2.45724e-06 9.9577)
(-7.08253e-06 1.72855e-06 9.91038)
(-3.80687e-06 -9.35481e-06 9.55149)
(-1.64546e-05 -6.49609e-06 9.53863)
(-1.24319e-05 -3.47814e-06 9.48719)
(-4.20571e-06 -1.28498e-05 9.03286)
(-1.71905e-05 -8.40866e-06 9.0176)
(-1.38709e-05 -3.90295e-06 8.96388)
(-3.51041e-06 -1.0356e-05 8.34032)
(-1.55297e-05 -5.53745e-06 8.32179)
(-1.26978e-05 -1.41642e-06 8.26808)
(-1.83095e-06 -4.35513e-06 7.01871)
(-1.16156e-05 5.51872e-09 6.988)
(-9.28826e-06 2.7258e-06 6.9153)
(1.62305e-05 0.000101895 11.2482)
(3.77163e-05 9.12726e-05 11.2225)
(5.66213e-05 7.02888e-05 11.1651)
(1.29305e-05 9.00599e-05 11.0757)
(2.72809e-05 7.84609e-05 11.0567)
(4.37747e-05 5.58411e-05 11.0129)
(8.86232e-06 6.9725e-05 10.8653)
(1.59887e-05 5.98569e-05 10.8513)
(2.9543e-05 4.18383e-05 10.8122)
(4.584e-06 4.44724e-05 10.6141)
(4.36524e-06 3.76591e-05 10.6028)
(1.45386e-05 2.51112e-05 10.5631)
(7.88443e-07 2.0626e-05 10.3178)
(-5.37946e-06 1.7367e-05 10.3074)
(2.00347e-06 1.13081e-05 10.2644)
(-2.093e-06 1.78509e-06 9.96891)
(-1.24511e-05 1.93725e-06 9.95778)
(-7.23578e-06 1.2895e-06 9.91043)
(-3.78337e-06 -9.68831e-06 9.55155)
(-1.63511e-05 -6.86397e-06 9.53867)
(-1.24882e-05 -3.80837e-06 9.48721)
(-4.16511e-06 -1.30522e-05 9.03288)
(-1.70344e-05 -8.66838e-06 9.0176)
(-1.38543e-05 -4.15153e-06 8.96386)
(-3.46178e-06 -1.04695e-05 8.3403)
(-1.53431e-05 -5.72056e-06 8.32176)
(-1.26273e-05 -1.60035e-06 8.26804)
(-1.78274e-06 -4.39108e-06 7.01866)
(-1.14213e-05 -1.05997e-07 6.98794)
(-9.18226e-06 2.60276e-06 6.91524)
(1.59565e-05 9.99929e-05 11.2482)
(3.69802e-05 8.95594e-05 11.2225)
(5.55295e-05 6.88769e-05 11.1651)
(1.27119e-05 8.83371e-05 11.0757)
(2.67133e-05 7.69211e-05 11.0568)
(4.29023e-05 5.46364e-05 11.0129)
(8.70814e-06 6.83011e-05 10.8654)
(1.55964e-05 5.85815e-05 10.8514)
(2.88856e-05 4.084e-05 10.8122)
(4.49107e-06 4.33995e-05 10.6142)
(4.14474e-06 3.66818e-05 10.6029)
(1.4092e-05 2.43468e-05 10.5632)
(7.46828e-07 1.98694e-05 10.318)
(-5.45843e-06 1.66554e-05 10.3075)
(1.72643e-06 1.07343e-05 10.2645)
(-2.0954e-06 1.28403e-06 9.969)
(-1.24217e-05 1.43552e-06 9.95786)
(-7.38147e-06 8.65492e-07 9.91048)
(-3.75986e-06 -1.00089e-05 9.5516)
(-1.62474e-05 -7.21853e-06 9.53871)
(-1.25402e-05 -4.12741e-06 9.48723)
(-4.12519e-06 -1.32465e-05 9.03289)
(-1.68802e-05 -8.91901e-06 9.0176)
(-1.38363e-05 -4.39216e-06 8.96384)
(-3.41435e-06 -1.05789e-05 8.34028)
(-1.516e-05 -5.89807e-06 8.32173)
(-1.25577e-05 -1.7791e-06 8.26799)
(-1.73596e-06 -4.42596e-06 7.01862)
(-1.12314e-05 -2.14734e-07 6.98789)
(-9.07853e-06 2.48264e-06 6.91518)
(1.56886e-05 9.81344e-05 11.2481)
(3.62599e-05 8.78875e-05 11.2224)
(5.44618e-05 6.74954e-05 11.1651)
(1.24984e-05 8.6656e-05 11.0757)
(2.61606e-05 7.542e-05 11.0568)
(4.20538e-05 5.34663e-05 11.0129)
(8.55802e-06 6.6914e-05 10.8655)
(1.52159e-05 5.73406e-05 10.8515)
(2.82477e-05 3.98701e-05 10.8123)
(4.40105e-06 4.23573e-05 10.6143)
(3.93286e-06 3.57334e-05 10.603)
(1.36609e-05 2.36066e-05 10.5633)
(7.07095e-07 1.91372e-05 10.3181)
(-5.53184e-06 1.59672e-05 10.3076)
(1.4608e-06 1.018e-05 10.2646)
(-2.09693e-06 8.0106e-07 9.96909)
(-1.23898e-05 9.51679e-07 9.95794)
(-7.51951e-06 4.56583e-07 9.91052)
(-3.73628e-06 -1.0317e-05 9.55166)
(-1.61437e-05 -7.56007e-06 9.53876)
(-1.25879e-05 -4.4352e-06 9.48724)
(-4.08589e-06 -1.34329e-05 9.03291)
(-1.6728e-05 -9.16078e-06 9.01761)
(-1.38168e-05 -4.62487e-06 8.96382)
(-3.36801e-06 -1.06843e-05 8.34026)
(-1.49804e-05 -6.07011e-06 8.3217)
(-1.24887e-05 -1.95279e-06 8.26795)
(-1.69048e-06 -4.45979e-06 7.01857)
(-1.10457e-05 -3.20785e-07 6.98784)
(-8.97691e-06 2.36526e-06 6.91511)
(1.5427e-05 9.6319e-05 11.248)
(3.55569e-05 8.62561e-05 11.2224)
(5.34197e-05 6.6147e-05 11.165)
(1.229e-05 8.5016e-05 11.0757)
(2.56229e-05 7.39569e-05 11.0568)
(4.12283e-05 5.23279e-05 11.0129)
(8.41197e-06 6.55631e-05 10.8655)
(1.48471e-05 5.61335e-05 10.8516)
(2.76286e-05 3.89278e-05 10.8124)
(4.31394e-06 4.13452e-05 10.6144)
(3.72944e-06 3.48134e-05 10.6031)
(1.32446e-05 2.28895e-05 10.5634)
(6.69235e-07 1.84291e-05 10.3182)
(-5.5999e-06 1.53019e-05 10.3077)
(1.20603e-06 9.64451e-06 10.2646)
(-2.09761e-06 3.35957e-07 9.96918)
(-1.23553e-05 4.85467e-07 9.95801)
(-7.6504e-06 6.23086e-08 9.91057)
(-3.71264e-06 -1.06126e-05 9.55172)
(-1.60399e-05 -7.88868e-06 9.5388)
(-1.26317e-05 -4.73207e-06 9.48726)
(-4.04721e-06 -1.36115e-05 9.03292)
(-1.65779e-05 -9.39372e-06 9.01761)
(-1.3796e-05 -4.84984e-06 8.9638)
(-3.32277e-06 -1.07857e-05 8.34024)
(-1.48044e-05 -6.23674e-06 8.32167)
(-1.24207e-05 -2.12137e-06 8.2679)
(-1.64629e-06 -4.49265e-06 7.01852)
(-1.08642e-05 -4.2416e-07 6.98778)
(-8.87763e-06 2.25083e-06 6.91505)
(1.51715e-05 9.45459e-05 11.248)
(3.48713e-05 8.46638e-05 11.2224)
(5.24036e-05 6.48319e-05 11.165)
(1.20868e-05 8.34161e-05 11.0757)
(2.50998e-05 7.25307e-05 11.0568)
(4.04254e-05 5.12196e-05 11.013)
(8.26995e-06 6.42474e-05 10.8656)
(1.44899e-05 5.4959e-05 10.8516)
(2.70283e-05 3.80121e-05 10.8124)
(4.22972e-06 4.03624e-05 10.6145)
(3.53435e-06 3.39209e-05 10.6032)
(1.2843e-05 2.21949e-05 10.5635)
(6.33215e-07 1.77442e-05 10.3183)
(-5.66263e-06 1.46589e-05 10.3078)
(9.62083e-07 9.12732e-06 10.2647)
(-2.09742e-06 -1.11813e-07 9.96927)
(-1.23184e-05 3.63056e-08 9.95809)
(-7.77402e-06 -3.17715e-07 9.91062)
(-3.68893e-06 -1.08961e-05 9.55177)
(-1.5936e-05 -8.20486e-06 9.53884)
(-1.26713e-05 -5.0183e-06 9.48727)
(-4.00909e-06 -1.37825e-05 9.03294)
(-1.64296e-05 -9.61822e-06 9.01761)
(-1.37738e-05 -5.06736e-06 8.96378)
(-3.27853e-06 -1.08832e-05 8.34022)
(-1.46317e-05 -6.39814e-06 8.32164)
(-1.23533e-05 -2.28515e-06 8.26786)
(-1.60328e-06 -4.52448e-06 7.01847)
(-1.06868e-05 -5.2496e-07 6.98773)
(-8.78035e-06 2.13903e-06 6.91498)
(1.4922e-05 9.28144e-05 11.2479)
(3.42029e-05 8.31099e-05 11.2223)
(5.14132e-05 6.35496e-05 11.165)
(1.18887e-05 8.18553e-05 11.0758)
(2.4591e-05 7.11405e-05 11.0569)
(3.96444e-05 5.01409e-05 11.013)
(8.13185e-06 6.29664e-05 10.8657)
(1.4144e-05 5.38166e-05 10.8517)
(2.64462e-05 3.71229e-05 10.8125)
(4.14829e-06 3.94084e-05 10.6146)
(3.34731e-06 3.30554e-05 10.6033)
(1.24555e-05 2.15225e-05 10.5635)
(5.98948e-07 1.70822e-05 10.3184)
(-5.72028e-06 1.40377e-05 10.3079)
(7.28575e-07 8.62818e-06 10.2648)
(-2.09646e-06 -5.42471e-07 9.96936)
(-1.22792e-05 -3.96023e-07 9.95816)
(-7.89072e-06 -6.83677e-07 9.91067)
(-3.66521e-06 -1.11677e-05 9.55183)
(-1.58321e-05 -8.50868e-06 9.53888)
(-1.27071e-05 -5.29401e-06 9.48729)
(-3.97162e-06 -1.39461e-05 9.03295)
(-1.62834e-05 -9.8343e-06 9.01761)
(-1.37504e-05 -5.27743e-06 8.96377)
(-3.23536e-06 -1.09769e-05 8.3402)
(-1.44623e-05 -6.55434e-06 8.32161)
(-1.22868e-05 -2.44407e-06 8.26781)
(-1.56151e-06 -4.55533e-06 7.01842)
(-1.05134e-05 -6.23183e-07 6.98767)
(-8.68526e-06 2.02999e-06 6.91492)
(1.46786e-05 9.11237e-05 11.2479)
(3.35514e-05 8.15934e-05 11.2223)
(5.04479e-05 6.22997e-05 11.165)
(1.16956e-05 8.03331e-05 11.0758)
(2.40963e-05 6.97857e-05 11.0569)
(3.8885e-05 4.90914e-05 11.013)
(7.99763e-06 6.17194e-05 10.8657)
(1.38091e-05 5.27055e-05 10.8518)
(2.58821e-05 3.62596e-05 10.8125)
(4.06961e-06 3.84826e-05 10.6147)
(3.16825e-06 3.22163e-05 10.6034)
(1.20821e-05 2.08718e-05 10.5636)
(5.66412e-07 1.64427e-05 10.3185)
(-5.77283e-06 1.34379e-05 10.308)
(5.05498e-07 8.14678e-06 10.2649)
(-2.09472e-06 -9.56385e-07 9.96945)
(-1.22375e-05 -8.11889e-07 9.95824)
(-8.0004e-06 -1.03581e-06 9.91071)
(-3.64147e-06 -1.14277e-05 9.55188)
(-1.5728e-05 -8.80047e-06 9.53892)
(-1.27388e-05 -5.55938e-06 9.4873)
(-3.93476e-06 -1.41023e-05 9.03296)
(-1.61389e-05 -1.00422e-05 9.01761)
(-1.37255e-05 -5.48026e-06 8.96375)
(-3.19322e-06 -1.10668e-05 8.34018)
(-1.42962e-05 -6.70552e-06 8.32158)
(-1.22209e-05 -2.59837e-06 8.26776)
(-1.52091e-06 -4.58522e-06 7.01837)
(-1.03439e-05 -7.1896e-07 6.98762)
(-8.59214e-06 1.92346e-06 6.91485)
(1.44409e-05 8.94729e-05 11.2478)
(3.29162e-05 8.01136e-05 11.2222)
(4.95072e-05 6.10813e-05 11.165)
(1.15074e-05 7.88484e-05 11.0758)
(2.36151e-05 6.84655e-05 11.0569)
(3.81465e-05 4.80703e-05 11.013)
(7.86716e-06 6.05055e-05 10.8658)
(1.34849e-05 5.16252e-05 10.8518)
(2.53354e-05 3.54216e-05 10.8126)
(3.99356e-06 3.75845e-05 10.6148)
(2.99679e-06 3.14032e-05 10.6035)
(1.17222e-05 2.02424e-05 10.5637)
(5.35492e-07 1.58253e-05 10.3186)
(-5.82063e-06 1.28591e-05 10.3081)
(2.92371e-07 7.68276e-06 10.2649)
(-2.09229e-06 -1.35377e-06 9.96953)
(-1.21937e-05 -1.21148e-06 9.95831)
(-8.10347e-06 -1.37438e-06 9.91076)
(-3.61781e-06 -1.1676e-05 9.55193)
(-1.56241e-05 -9.08027e-06 9.53896)
(-1.27669e-05 -5.81459e-06 9.48732)
(-3.8986e-06 -1.42513e-05 9.03297)
(-1.59965e-05 -1.02419e-05 9.01761)
(-1.36995e-05 -5.67591e-06 8.96373)
(-3.1522e-06 -1.11531e-05 8.34015)
(-1.41335e-05 -6.85165e-06 8.32155)
(-1.21558e-05 -2.74793e-06 8.26772)
(-1.48156e-06 -4.61419e-06 7.01832)
(-1.01784e-05 -8.12242e-07 6.98756)
(-8.50116e-06 1.81963e-06 6.91479)
(1.42089e-05 8.78611e-05 11.2478)
(3.2297e-05 7.86695e-05 11.2222)
(4.85906e-05 5.98937e-05 11.1649)
(1.13239e-05 7.74004e-05 11.0758)
(2.31472e-05 6.71789e-05 11.0569)
(3.74287e-05 4.70769e-05 11.0131)
(7.74034e-06 5.93242e-05 10.8659)
(1.31711e-05 5.05748e-05 10.8519)
(2.48057e-05 3.46084e-05 10.8126)
(3.92007e-06 3.67133e-05 10.6149)
(2.83282e-06 3.06153e-05 10.6036)
(1.13756e-05 1.96338e-05 10.5637)
(5.06141e-07 1.52293e-05 10.3187)
(-5.86368e-06 1.23008e-05 10.3082)
(8.91829e-08 7.23572e-06 10.265)
(-2.08921e-06 -1.73511e-06 9.96962)
(-1.21477e-05 -1.59528e-06 9.95838)
(-8.19982e-06 -1.69969e-06 9.91081)
(-3.59423e-06 -1.19131e-05 9.55198)
(-1.55202e-05 -9.34847e-06 9.53899)
(-1.27911e-05 -6.05986e-06 9.48733)
(-3.86312e-06 -1.43933e-05 9.03298)
(-1.58559e-05 -1.04338e-05 9.01761)
(-1.36721e-05 -5.86461e-06 8.96371)
(-3.11226e-06 -1.12357e-05 8.34013)
(-1.39739e-05 -6.99289e-06 8.32151)
(-1.20913e-05 -2.89303e-06 8.26767)
(-1.44344e-06 -4.64221e-06 7.01827)
(-1.00168e-05 -9.0312e-07 6.98751)
(-8.41204e-06 1.71824e-06 6.91472)
(1.39825e-05 8.62874e-05 11.2477)
(3.16936e-05 7.72604e-05 11.2222)
(4.76976e-05 5.87365e-05 11.1649)
(1.11451e-05 7.59885e-05 11.0758)
(2.26924e-05 6.59255e-05 11.0569)
(3.67309e-05 4.6111e-05 11.0131)
(7.6171e-06 5.81746e-05 10.8659)
(1.28676e-05 4.95538e-05 10.852)
(2.42928e-05 3.38196e-05 10.8127)
(3.84909e-06 3.58686e-05 10.615)
(2.67617e-06 2.98522e-05 10.6037)
(1.10421e-05 1.90456e-05 10.5638)
(4.78308e-07 1.46545e-05 10.3188)
(-5.90213e-06 1.17626e-05 10.3082)
(-1.04338e-07 6.80543e-06 10.2651)
(-2.0855e-06 -2.10058e-06 9.9697)
(-1.20996e-05 -1.9635e-06 9.95846)
(-8.28968e-06 -2.01192e-06 9.91085)
(-3.57076e-06 -1.21391e-05 9.55203)
(-1.54163e-05 -9.60519e-06 9.53903)
(-1.28116e-05 -6.29536e-06 9.48734)
(-3.82838e-06 -1.45284e-05 9.03299)
(-1.57171e-05 -1.06178e-05 9.01761)
(-1.36434e-05 -6.04643e-06 8.96369)
(-3.07345e-06 -1.13147e-05 8.34011)
(-1.38175e-05 -7.12932e-06 8.32148)
(-1.20275e-05 -3.03368e-06 8.26762)
(-1.40657e-06 -4.66932e-06 7.01822)
(-9.85894e-06 -9.91626e-07 6.98745)
(-8.32489e-06 1.61933e-06 6.91466)
(1.37616e-05 8.47511e-05 11.2477)
(3.11054e-05 7.58856e-05 11.2221)
(4.68278e-05 5.76088e-05 11.1649)
(1.09709e-05 7.46118e-05 11.0758)
(2.22503e-05 6.47044e-05 11.057)
(3.60529e-05 4.51717e-05 11.0131)
(7.49733e-06 5.70562e-05 10.866)
(1.25741e-05 4.85615e-05 10.852)
(2.37963e-05 3.30547e-05 10.8128)
(3.78054e-06 3.50497e-05 10.6151)
(2.52664e-06 2.91133e-05 10.6037)
(1.07215e-05 1.84775e-05 10.5639)
(4.51941e-07 1.41002e-05 10.3189)
(-5.93606e-06 1.1244e-05 10.3083)
(-2.88273e-07 6.39165e-06 10.2651)
(-2.0812e-06 -2.45056e-06 9.96979)
(-1.20494e-05 -2.31651e-06 9.95853)
(-8.37301e-06 -2.31124e-06 9.9109)
(-3.54742e-06 -1.23542e-05 9.55208)
(-1.53124e-05 -9.85072e-06 9.53907)
(-1.28283e-05 -6.52125e-06 9.48736)
(-3.79435e-06 -1.46567e-05 9.033)
(-1.55801e-05 -1.07942e-05 9.0176)
(-1.36134e-05 -6.22154e-06 8.96366)
(-3.03576e-06 -1.13903e-05 8.34008)
(-1.36642e-05 -7.26104e-06 8.32145)
(-1.19642e-05 -3.17003e-06 8.26758)
(-1.37096e-06 -4.69552e-06 7.01817)
(-9.70474e-06 -1.07783e-06 6.98739)
(-8.23954e-06 1.52275e-06 6.91459)
(1.3546e-05 8.32513e-05 11.2476)
(3.05322e-05 7.45441e-05 11.2221)
(4.59806e-05 5.651e-05 11.1649)
(1.08011e-05 7.32695e-05 11.0758)
(2.18205e-05 6.35148e-05 11.057)
(3.5394e-05 4.42587e-05 11.0131)
(7.38095e-06 5.59682e-05 10.8661)
(1.22902e-05 4.75972e-05 10.8521)
(2.33156e-05 3.2313e-05 10.8128)
(3.71434e-06 3.42563e-05 10.6151)
(2.38398e-06 2.83981e-05 10.6038)
(1.04131e-05 1.7929e-05 10.564)
(4.26982e-07 1.35663e-05 10.319)
(-5.96571e-06 1.07448e-05 10.3084)
(-4.62954e-07 5.99412e-06 10.2652)
(-2.07635e-06 -2.78528e-06 9.96987)
(-1.19972e-05 -2.65451e-06 9.9586)
(-8.45008e-06 -2.59786e-06 9.91094)
(-3.52424e-06 -1.25586e-05 9.55213)
(-1.52085e-05 -1.00851e-05 9.5391)
(-1.28416e-05 -6.73774e-06 9.48737)
(-3.76108e-06 -1.47782e-05 9.03301)
(-1.5445e-05 -1.0963e-05 9.0176)
(-1.35823e-05 -6.39003e-06 8.96364)
(-2.99923e-06 -1.14624e-05 8.34006)
(-1.35139e-05 -7.38809e-06 8.32141)
(-1.19016e-05 -3.30207e-06 8.26753)
(-1.33665e-06 -4.72086e-06 7.01812)
(-9.55431e-06 -1.16174e-06 6.98734)
(-8.15609e-06 1.42859e-06 6.91453)
(1.33357e-05 8.17873e-05 11.2476)
(2.99736e-05 7.32352e-05 11.2221)
(4.51557e-05 5.54396e-05 11.1649)
(1.06358e-05 7.19608e-05 11.0759)
(2.14029e-05 6.2356e-05 11.057)
(3.47539e-05 4.33714e-05 11.0132)
(7.26794e-06 5.49101e-05 10.8661)
(1.20159e-05 4.66603e-05 10.8522)
(2.28506e-05 3.15943e-05 10.8129)
(3.6505e-06 3.34876e-05 10.6152)
(2.24814e-06 2.77062e-05 10.6039)
(1.01169e-05 1.73996e-05 10.564)
(4.03448e-07 1.30521e-05 10.3191)
(-5.99102e-06 1.02643e-05 10.3085)
(-6.28427e-07 5.61242e-06 10.2653)
(-2.0709e-06 -3.10511e-06 9.96995)
(-1.19429e-05 -2.97791e-06 9.95866)
(-8.52086e-06 -2.87211e-06 9.91098)
(-3.50117e-06 -1.27525e-05 9.55218)
(-1.51046e-05 -1.03088e-05 9.53914)
(-1.28511e-05 -6.94501e-06 9.48738)
(-3.72851e-06 -1.48933e-05 9.03302)
(-1.53115e-05 -1.11246e-05 9.0176)
(-1.35497e-05 -6.55211e-06 8.96362)
(-2.96378e-06 -1.15311e-05 8.34003)
(-1.33666e-05 -7.51062e-06 8.32138)
(-1.18395e-05 -3.43001e-06 8.26748)
(-1.30357e-06 -4.74533e-06 7.01807)
(-9.40736e-06 -1.24344e-06 6.98728)
(-8.07431e-06 1.33664e-06 6.91446)
(1.31306e-05 8.03586e-05 11.2475)
(2.94296e-05 7.19579e-05 11.222)
(4.43529e-05 5.43974e-05 11.1649)
(1.04749e-05 7.0685e-05 11.0759)
(2.09968e-05 6.12275e-05 11.057)
(3.41318e-05 4.25088e-05 11.0132)
(7.15821e-06 5.38811e-05 10.8662)
(1.17509e-05 4.57503e-05 10.8522)
(2.24009e-05 3.08985e-05 10.8129)
(3.58896e-06 3.27431e-05 10.6153)
(2.11888e-06 2.70369e-05 10.604)
(9.83263e-06 1.68891e-05 10.5641)
(3.81296e-07 1.25574e-05 10.3192)
(-6.01217e-06 9.80237e-06 10.3086)
(-7.85014e-07 5.24624e-06 10.2653)
(-2.06489e-06 -3.41033e-06 9.97003)
(-1.18867e-05 -3.28695e-06 9.95873)
(-8.58561e-06 -3.13422e-06 9.91103)
(-3.47822e-06 -1.2936e-05 9.55223)
(-1.50007e-05 -1.05219e-05 9.53918)
(-1.28572e-05 -7.14318e-06 9.4874)
(-3.69664e-06 -1.50019e-05 9.03303)
(-1.51797e-05 -1.12788e-05 9.0176)
(-1.35159e-05 -6.70781e-06 8.9636)
(-2.92944e-06 -1.15965e-05 8.34001)
(-1.32222e-05 -7.62868e-06 8.32135)
(-1.17779e-05 -3.55384e-06 8.26744)
(-1.27175e-06 -4.76895e-06 7.01801)
(-9.26397e-06 -1.32294e-06 6.98722)
(-7.99429e-06 1.24695e-06 6.91439)
(1.29306e-05 7.89645e-05 11.2475)
(2.89007e-05 7.07117e-05 11.222)
(4.35726e-05 5.33843e-05 11.1648)
(1.03183e-05 6.94415e-05 11.0759)
(2.06025e-05 6.01284e-05 11.0571)
(3.35276e-05 4.16694e-05 11.0132)
(7.05174e-06 5.28806e-05 10.8662)
(1.14952e-05 4.48663e-05 10.8523)
(2.19663e-05 3.02242e-05 10.813)
(3.52971e-06 3.20223e-05 10.6154)
(1.99625e-06 2.63897e-05 10.6041)
(9.55995e-06 1.63966e-05 10.5642)
(3.60552e-07 1.20815e-05 10.3193)
(-6.02909e-06 9.35842e-06 10.3087)
(-9.32855e-07 4.89501e-06 10.2654)
(-2.05825e-06 -3.70129e-06 9.97011)
(-1.18284e-05 -3.58198e-06 9.9588)
(-8.64437e-06 -3.3846e-06 9.91107)
(-3.45532e-06 -1.31096e-05 9.55228)
(-1.48966e-05 -1.07245e-05 9.53921)
(-1.28598e-05 -7.33255e-06 9.48741)
(-3.66538e-06 -1.51042e-05 9.03304)
(-1.50494e-05 -1.1426e-05 9.01759)
(-1.34809e-05 -6.85735e-06 8.96358)
(-2.8961e-06 -1.16586e-05 8.33998)
(-1.30805e-05 -7.74242e-06 8.32131)
(-1.17168e-05 -3.67376e-06 8.26739)
(-1.24111e-06 -4.79175e-06 7.01796)
(-9.1239e-06 -1.40034e-06 6.98716)
(-7.91589e-06 1.15936e-06 6.91433)
(1.27356e-05 7.76041e-05 11.2474)
(2.83858e-05 6.94961e-05 11.222)
(4.28134e-05 5.23982e-05 11.1648)
(1.01658e-05 6.82295e-05 11.0759)
(2.02196e-05 5.90584e-05 11.0571)
(3.29408e-05 4.08538e-05 11.0132)
(6.94845e-06 5.19081e-05 10.8663)
(1.12484e-05 4.40082e-05 10.8524)
(2.15463e-05 2.95715e-05 10.813)
(3.47269e-06 3.13247e-05 10.6155)
(1.88005e-06 2.57644e-05 10.6042)
(9.29871e-06 1.59221e-05 10.5642)
(3.41193e-07 1.16241e-05 10.3194)
(-6.04186e-06 8.93234e-06 10.3088)
(-1.07219e-06 4.55849e-06 10.2654)
(-2.05097e-06 -3.97824e-06 9.97019)
(-1.17682e-05 -3.86306e-06 9.95887)
(-8.69739e-06 -3.62341e-06 9.91111)
(-3.43241e-06 -1.32732e-05 9.55232)
(-1.47925e-05 -1.0917e-05 9.53924)
(-1.28591e-05 -7.5132e-06 9.48742)
(-3.63467e-06 -1.52003e-05 9.03304)
(-1.49206e-05 -1.15663e-05 9.01759)
(-1.34446e-05 -7.00079e-06 8.96356)
(-2.86372e-06 -1.17176e-05 8.33996)
(-1.29415e-05 -7.85188e-06 8.32128)
(-1.16562e-05 -3.78975e-06 8.26734)
(-1.2116e-06 -4.81377e-06 7.01791)
(-8.98717e-06 -1.47568e-06 6.98711)
(-7.83914e-06 1.07391e-06 6.91426)
(1.25455e-05 7.62764e-05 11.2474)
(2.78843e-05 6.83105e-05 11.2219)
(4.20744e-05 5.1438e-05 11.1648)
(1.00174e-05 6.70483e-05 11.0759)
(1.98478e-05 5.80166e-05 11.0571)
(3.23712e-05 4.00616e-05 11.0132)
(6.84822e-06 5.09628e-05 10.8664)
(1.10104e-05 4.31753e-05 10.8524)
(2.11406e-05 2.89396e-05 10.8131)
(3.41785e-06 3.06498e-05 10.6156)
(1.77016e-06 2.51604e-05 10.6043)
(9.04869e-06 1.54652e-05 10.5643)
(3.23187e-07 1.11849e-05 10.3195)
(-6.05057e-06 8.52367e-06 10.3089)
(-1.20314e-06 4.23632e-06 10.2655)
(-2.04305e-06 -4.24156e-06 9.97027)
(-1.1706e-05 -4.13055e-06 9.95893)
(-8.74467e-06 -3.85093e-06 9.91116)
(-3.4095e-06 -1.34271e-05 9.55237)
(-1.46881e-05 -1.10994e-05 9.53928)
(-1.28549e-05 -7.68531e-06 9.48743)
(-3.60449e-06 -1.52904e-05 9.03305)
(-1.47932e-05 -1.16997e-05 9.01759)
(-1.3407e-05 -7.13827e-06 8.96354)
(-2.83224e-06 -1.17735e-05 8.33993)
(-1.28051e-05 -7.95718e-06 8.32124)
(-1.1596e-05 -3.90196e-06 8.2673)
(-1.18315e-06 -4.835e-06 7.01785)
(-8.8536e-06 -1.54901e-06 6.98705)
(-7.76391e-06 9.90471e-07 6.91419)
(1.23599e-05 7.49806e-05 11.2473)
(2.73958e-05 6.71542e-05 11.2219)
(4.1355e-05 5.0503e-05 11.1648)
(9.8729e-06 6.58972e-05 11.0759)
(1.94868e-05 5.70026e-05 11.0571)
(3.18184e-05 3.92922e-05 11.0133)
(6.75096e-06 5.00441e-05 10.8664)
(1.07809e-05 4.2367e-05 10.8525)
(2.07489e-05 2.83282e-05 10.8131)
(3.36508e-06 2.99969e-05 10.6157)
(1.66638e-06 2.45773e-05 10.6043)
(8.8096e-06 1.50254e-05 10.5644)
(3.06469e-07 1.07633e-05 10.3196)
(-6.05531e-06 8.13212e-06 10.3089)
(-1.32592e-06 3.92824e-06 10.2656)
(-2.03453e-06 -4.49149e-06 9.97034)
(-1.16418e-05 -4.38463e-06 9.959)
(-8.78638e-06 -4.06733e-06 9.9112)
(-3.38658e-06 -1.35716e-05 9.55242)
(-1.45837e-05 -1.12719e-05 9.53931)
(-1.28474e-05 -7.84904e-06 9.48744)
(-3.57482e-06 -1.53746e-05 9.03306)
(-1.46672e-05 -1.18264e-05 9.01758)
(-1.33681e-05 -7.26988e-06 8.96352)
(-2.80163e-06 -1.18263e-05 8.3399)
(-1.26712e-05 -8.05836e-06 8.32121)
(-1.15362e-05 -4.01042e-06 8.26725)
(-1.15576e-06 -4.85548e-06 7.0178)
(-8.72317e-06 -1.62035e-06 6.98699)
(-7.69024e-06 9.0906e-07 6.91413)
(1.2179e-05 7.37162e-05 11.2473)
(2.69202e-05 6.60268e-05 11.2219)
(4.06549e-05 4.95928e-05 11.1648)
(9.7322e-06 6.47757e-05 11.0759)
(1.91365e-05 5.60158e-05 11.0571)
(3.12821e-05 3.85454e-05 11.0133)
(6.65663e-06 4.91514e-05 10.8665)
(1.05598e-05 4.15828e-05 10.8525)
(2.03709e-05 2.77367e-05 10.8132)
(3.31438e-06 2.93657e-05 10.6158)
(1.56867e-06 2.40146e-05 10.6044)
(8.58132e-06 1.46026e-05 10.5644)
(2.91028e-07 1.0359e-05 10.3197)
(-6.05612e-06 7.7573e-06 10.309)
(-1.44064e-06 3.63389e-06 10.2656)
(-2.02542e-06 -4.72834e-06 9.97042)
(-1.15756e-05 -4.62561e-06 9.95906)
(-8.82256e-06 -4.27292e-06 9.91124)
(-3.36365e-06 -1.37069e-05 9.55246)
(-1.44789e-05 -1.14347e-05 9.53934)
(-1.28366e-05 -8.00455e-06 9.48746)
(-3.54565e-06 -1.54529e-05 9.03306)
(-1.45425e-05 -1.19465e-05 9.01758)
(-1.3328e-05 -7.39578e-06 8.9635)
(-2.77188e-06 -1.18762e-05 8.33987)
(-1.25397e-05 -8.15554e-06 8.32117)
(-1.14767e-05 -4.11527e-06 8.2672)
(-1.12936e-06 -4.87522e-06 7.01774)
(-8.59573e-06 -1.6898e-06 6.98693)
(-7.618e-06 8.29545e-07 6.91406)
(1.20025e-05 7.24823e-05 11.2472)
(2.6457e-05 6.49275e-05 11.2218)
(3.99736e-05 4.87068e-05 11.1648)
(9.59519e-06 6.3683e-05 11.076)
(1.87966e-05 5.50556e-05 11.0572)
(3.07618e-05 3.78203e-05 11.0133)
(6.56511e-06 4.82842e-05 10.8665)
(1.03469e-05 4.08224e-05 10.8526)
(2.00061e-05 2.71648e-05 10.8132)
(3.26565e-06 2.87557e-05 10.6159)
(1.47679e-06 2.3472e-05 10.6045)
(8.36347e-06 1.41961e-05 10.5645)
(2.76799e-07 9.97159e-06 10.3197)
(-6.0532e-06 7.39881e-06 10.3091)
(-1.54754e-06 3.35304e-06 10.2657)
(-2.01577e-06 -4.95235e-06 9.97049)
(-1.15077e-05 -4.85379e-06 9.95913)
(-8.85333e-06 -4.46787e-06 9.91128)
(-3.34077e-06 -1.3833e-05 9.55251)
(-1.43741e-05 -1.1588e-05 9.53938)
(-1.28225e-05 -8.15202e-06 9.48747)
(-3.51702e-06 -1.55256e-05 9.03307)
(-1.44191e-05 -1.20602e-05 9.01757)
(-1.32866e-05 -7.51607e-06 8.96347)
(-2.74301e-06 -1.19231e-05 8.33985)
(-1.24107e-05 -8.24874e-06 8.32113)
(-1.14176e-05 -4.21656e-06 8.26715)
(-1.10398e-06 -4.89424e-06 7.01769)
(-8.47129e-06 -1.75736e-06 6.98687)
(-7.5472e-06 7.51927e-07 6.91399)
(1.18303e-05 7.12783e-05 11.2472)
(2.60061e-05 6.38557e-05 11.2218)
(3.93106e-05 4.78443e-05 11.1648)
(9.4618e-06 6.26185e-05 11.076)
(1.84668e-05 5.41213e-05 11.0572)
(3.02572e-05 3.71167e-05 11.0133)
(6.47635e-06 4.74418e-05 10.8666)
(1.01418e-05 4.0085e-05 10.8527)
(1.96544e-05 2.66119e-05 10.8133)
(3.21885e-06 2.81664e-05 10.6159)
(1.39061e-06 2.29489e-05 10.6046)
(8.15587e-06 1.38058e-05 10.5646)
(2.63744e-07 9.60074e-06 10.3198)
(-6.04659e-06 7.05634e-06 10.3092)
(-1.64673e-06 3.08538e-06 10.2658)
(-2.00561e-06 -5.16382e-06 9.97057)
(-1.14379e-05 -5.06937e-06 9.95919)
(-8.87877e-06 -4.65239e-06 9.91133)
(-3.31794e-06 -1.39502e-05 9.55255)
(-1.4269e-05 -1.17319e-05 9.53941)
(-1.28053e-05 -8.29162e-06 9.48748)
(-3.48892e-06 -1.55927e-05 9.03307)
(-1.4297e-05 -1.21674e-05 9.01757)
(-1.32439e-05 -7.63088e-06 8.96345)
(-2.715e-06 -1.19671e-05 8.33982)
(-1.2284e-05 -8.33806e-06 8.3211)
(-1.13587e-05 -4.31441e-06 8.26711)
(-1.07962e-06 -4.91255e-06 7.01763)
(-8.34974e-06 -1.82307e-06 6.98681)
(-7.47773e-06 6.76115e-07 6.91393)
(1.16625e-05 7.01035e-05 11.2472)
(2.55672e-05 6.2811e-05 11.2218)
(3.86656e-05 4.70051e-05 11.1647)
(9.33199e-06 6.15815e-05 11.076)
(1.8147e-05 5.32125e-05 11.0572)
(2.9768e-05 3.6434e-05 11.0134)
(6.39032e-06 4.66237e-05 10.8667)
(9.94463e-06 3.93703e-05 10.8527)
(1.93154e-05 2.60777e-05 10.8133)
(3.17397e-06 2.75973e-05 10.616)
(1.31006e-06 2.24451e-05 10.6047)
(7.9583e-06 1.34313e-05 10.5646)
(2.51891e-07 9.24607e-06 10.3199)
(-6.03637e-06 6.72948e-06 10.3093)
(-1.73843e-06 2.83063e-06 10.2658)
(-1.99493e-06 -5.36297e-06 9.97064)
(-1.13663e-05 -5.27274e-06 9.95926)
(-8.899e-06 -4.82674e-06 9.91137)
(-3.29514e-06 -1.40586e-05 9.55259)
(-1.41638e-05 -1.18667e-05 9.53944)
(-1.27848e-05 -8.42348e-06 9.48749)
(-3.46133e-06 -1.56542e-05 9.03308)
(-1.4176e-05 -1.22684e-05 9.01756)
(-1.31998e-05 -7.74034e-06 8.96343)
(-2.68785e-06 -1.20083e-05 8.33979)
(-1.21595e-05 -8.42357e-06 8.32106)
(-1.13001e-05 -4.40889e-06 8.26706)
(-1.05625e-06 -4.93017e-06 7.01758)
(-8.23102e-06 -1.88699e-06 6.98675)
(-7.40957e-06 6.02048e-07 6.91386)
(1.14988e-05 6.89573e-05 11.2471)
(2.514e-05 6.17925e-05 11.2218)
(3.8038e-05 4.61884e-05 11.1647)
(9.20565e-06 6.05715e-05 11.076)
(1.78369e-05 5.23286e-05 11.0572)
(2.92936e-05 3.57717e-05 11.0134)
(6.30693e-06 4.58293e-05 10.8667)
(9.75498e-06 3.86777e-05 10.8528)
(1.89888e-05 2.55617e-05 10.8134)
(3.13094e-06 2.7048e-05 10.6161)
(1.23494e-06 2.196e-05 10.6047)
(7.77048e-06 1.30722e-05 10.5647)
(2.41173e-07 8.9072e-06 10.32)
(-6.02265e-06 6.41801e-06 10.3093)
(-1.82276e-06 2.58857e-06 10.2659)
(-1.98372e-06 -5.55007e-06 9.97072)
(-1.1293e-05 -5.464e-06 9.95932)
(-8.91411e-06 -4.99105e-06 9.91141)
(-3.27237e-06 -1.41584e-05 9.55264)
(-1.40583e-05 -1.19925e-05 9.53947)
(-1.27612e-05 -8.54778e-06 9.4875)
(-3.43424e-06 -1.57104e-05 9.03308)
(-1.40563e-05 -1.23633e-05 9.01756)
(-1.31546e-05 -7.84453e-06 8.96341)
(-2.66154e-06 -1.20467e-05 8.33976)
(-1.20373e-05 -8.50535e-06 8.32103)
(-1.12417e-05 -4.50007e-06 8.26701)
(-1.03386e-06 -4.9471e-06 7.01752)
(-8.11508e-06 -1.94914e-06 6.98669)
(-7.34268e-06 5.297e-07 6.91379)
(1.13392e-05 6.78389e-05 11.2471)
(2.47243e-05 6.07998e-05 11.2217)
(3.74276e-05 4.53938e-05 11.1647)
(9.08269e-06 5.95877e-05 11.076)
(1.75362e-05 5.1469e-05 11.0572)
(2.88339e-05 3.51294e-05 11.0134)
(6.22613e-06 4.50581e-05 10.8668)
(9.57271e-06 3.80067e-05 10.8528)
(1.86743e-05 2.50635e-05 10.8134)
(3.08973e-06 2.65179e-05 10.6162)
(1.16511e-06 2.14932e-05 10.6048)
(7.59217e-06 1.27282e-05 10.5647)
(2.31565e-07 8.58375e-06 10.3201)
(-6.00549e-06 6.12158e-06 10.3094)
(-1.89989e-06 2.35892e-06 10.2659)
(-1.972e-06 -5.72539e-06 9.97079)
(-1.12179e-05 -5.64342e-06 9.95938)
(-8.92417e-06 -5.14553e-06 9.91145)
(-3.24962e-06 -1.42498e-05 9.55268)
(-1.39527e-05 -1.21094e-05 9.5395)
(-1.27345e-05 -8.66465e-06 9.48751)
(-3.40764e-06 -1.57612e-05 9.03309)
(-1.39377e-05 -1.24522e-05 9.01755)
(-1.3108e-05 -7.94358e-06 8.96339)
(-2.63605e-06 -1.20824e-05 8.33973)
(-1.19172e-05 -8.58347e-06 8.32099)
(-1.11835e-05 -4.58804e-06 8.26696)
(-1.01244e-06 -4.96335e-06 7.01747)
(-8.00183e-06 -2.00956e-06 6.98663)
(-7.27699e-06 4.58983e-07 6.91372)
(1.11836e-05 6.67479e-05 11.247)
(2.43197e-05 5.98324e-05 11.2217)
(3.68339e-05 4.46208e-05 11.1647)
(8.96307e-06 5.86297e-05 11.076)
(1.72448e-05 5.06332e-05 11.0573)
(2.83884e-05 3.45068e-05 11.0134)
(6.14787e-06 4.43095e-05 10.8668)
(9.39768e-06 3.73569e-05 10.8529)
(1.83716e-05 2.45828e-05 10.8135)
(3.05031e-06 2.60067e-05 10.6163)
(1.1005e-06 2.10445e-05 10.6049)
(7.42317e-06 1.23989e-05 10.5648)
(2.23095e-07 8.27542e-06 10.3202)
(-5.98499e-06 5.83977e-06 10.3095)
(-1.97003e-06 2.14141e-06 10.266)
(-1.95979e-06 -5.88914e-06 9.97086)
(-1.11412e-05 -5.81136e-06 9.95944)
(-8.92932e-06 -5.29043e-06 9.91149)
(-3.22689e-06 -1.43328e-05 9.55272)
(-1.38468e-05 -1.22177e-05 9.53953)
(-1.27048e-05 -8.77425e-06 9.48753)
(-3.38151e-06 -1.58068e-05 9.03309)
(-1.38202e-05 -1.25351e-05 9.01754)
(-1.30602e-05 -8.0376e-06 8.96337)
(-2.61137e-06 -1.21153e-05 8.3397)
(-1.17993e-05 -8.65799e-06 8.32095)
(-1.11255e-05 -4.67287e-06 8.26692)
(-9.91971e-07 -4.97896e-06 7.01741)
(-7.89124e-06 -2.06831e-06 6.98657)
(-7.21248e-06 3.89884e-07 6.91366)
(1.10319e-05 6.56835e-05 11.247)
(2.3926e-05 5.88896e-05 11.2217)
(3.62565e-05 4.38689e-05 11.1647)
(8.84668e-06 5.76968e-05 11.076)
(1.69623e-05 4.98207e-05 11.0573)
(2.79568e-05 3.39031e-05 11.0135)
(6.07206e-06 4.35831e-05 10.8669)
(9.22965e-06 3.67279e-05 10.8529)
(1.80804e-05 2.41191e-05 10.8135)
(3.0126e-06 2.55139e-05 10.6163)
(1.04093e-06 2.06134e-05 10.605)
(7.26325e-06 1.20841e-05 10.5649)
(2.15694e-07 7.98186e-06 10.3203)
(-5.96123e-06 5.57232e-06 10.3096)
(-2.03331e-06 1.93574e-06 10.266)
(-1.94709e-06 -6.04159e-06 9.97093)
(-1.10629e-05 -5.96797e-06 9.9595)
(-8.92961e-06 -5.42593e-06 9.91153)
(-3.20417e-06 -1.44078e-05 9.55276)
(-1.37406e-05 -1.23174e-05 9.53957)
(-1.2672e-05 -8.8767e-06 9.48754)
(-3.35584e-06 -1.58473e-05 9.0331)
(-1.37037e-05 -1.26123e-05 9.01754)
(-1.3011e-05 -8.12669e-06 8.96335)
(-2.58745e-06 -1.21457e-05 8.33968)
(-1.16834e-05 -8.729e-06 8.32092)
(-1.10676e-05 -4.75465e-06 8.26687)
(-9.72428e-07 -4.99392e-06 7.01735)
(-7.78321e-06 -2.12541e-06 6.98651)
(-7.1491e-06 3.22316e-07 6.91359)
(1.0884e-05 6.46451e-05 11.247)
(2.35428e-05 5.79708e-05 11.2216)
(3.5695e-05 4.31376e-05 11.1647)
(8.73338e-06 5.67885e-05 11.076)
(1.66885e-05 4.90308e-05 11.0573)
(2.75386e-05 3.33181e-05 11.0135)
(5.9986e-06 4.28784e-05 10.8669)
(9.06838e-06 3.61189e-05 10.853)
(1.78004e-05 2.3672e-05 10.8136)
(2.97654e-06 2.50391e-05 10.6164)
(9.86199e-07 2.01994e-05 10.605)
(7.11212e-06 1.17833e-05 10.5649)
(2.09294e-07 7.70277e-06 10.3203)
(-5.93431e-06 5.319e-06 10.3097)
(-2.08989e-06 1.74168e-06 10.2661)
(-1.93393e-06 -6.18296e-06 9.971)
(-1.09829e-05 -6.1134e-06 9.95956)
(-8.92521e-06 -5.55221e-06 9.91157)
(-3.18147e-06 -1.44747e-05 9.5528)
(-1.36343e-05 -1.24088e-05 9.5396)
(-1.26364e-05 -8.97222e-06 9.48755)
(-3.33061e-06 -1.58827e-05 9.0331)
(-1.35883e-05 -1.26837e-05 9.01753)
(-1.29607e-05 -8.21096e-06 8.96332)
(-2.56431e-06 -1.21734e-05 8.33965)
(-1.15695e-05 -8.79654e-06 8.32088)
(-1.10099e-05 -4.8334e-06 8.26682)
(-9.53812e-07 -5.00825e-06 7.0173)
(-7.67775e-06 -2.18088e-06 6.98645)
(-7.08685e-06 2.5631e-07 6.91352)
(1.07397e-05 6.36324e-05 11.2469)
(2.317e-05 5.70755e-05 11.2216)
(3.5149e-05 4.24264e-05 11.1647)
(8.62314e-06 5.59043e-05 11.0761)
(1.64233e-05 4.82631e-05 11.0573)
(2.71338e-05 3.27512e-05 11.0135)
(5.92746e-06 4.21948e-05 10.867)
(8.91381e-06 3.55298e-05 10.853)
(1.75314e-05 2.32411e-05 10.8136)
(2.9421e-06 2.4582e-05 10.6165)
(9.36315e-07 1.98021e-05 10.6051)
(6.96972e-06 1.14963e-05 10.565)
(2.03916e-07 7.43782e-06 10.3204)
(-5.90419e-06 5.0794e-06 10.3097)
(-2.13978e-06 1.55901e-06 10.2662)
(-1.92027e-06 -6.31349e-06 9.97107)
(-1.09012e-05 -6.24802e-06 9.95962)
(-8.916e-06 -5.66946e-06 9.91161)
(-3.15874e-06 -1.45339e-05 9.55284)
(-1.35275e-05 -1.24922e-05 9.53963)
(-1.25977e-05 -9.06095e-06 9.48756)
(-3.30578e-06 -1.59133e-05 9.0331)
(-1.34736e-05 -1.27497e-05 9.01753)
(-1.2909e-05 -8.29057e-06 8.9633)
(-2.54188e-06 -1.21986e-05 8.33962)
(-1.14573e-05 -8.86076e-06 8.32084)
(-1.09522e-05 -4.90934e-06 8.26677)
(-9.36054e-07 -5.02195e-06 7.01724)
(-7.57458e-06 -2.23483e-06 6.98639)
(-7.02554e-06 1.91654e-07 6.91345)
(1.0599e-05 6.26445e-05 11.2469)
(2.28072e-05 5.62033e-05 11.2216)
(3.46181e-05 4.17348e-05 11.1647)
(8.51581e-06 5.50436e-05 11.0761)
(1.61663e-05 4.75172e-05 11.0573)
(2.67417e-05 3.22022e-05 11.0135)
(5.85853e-06 4.1532e-05 10.867)
(8.76564e-06 3.49599e-05 10.8531)
(1.7273e-05 2.28261e-05 10.8137)
(2.90922e-06 2.41421e-05 10.6166)
(8.91056e-07 1.94213e-05 10.6052)
(6.83567e-06 1.12226e-05 10.5651)
(1.99522e-07 7.18678e-06 10.3205)
(-5.87107e-06 4.8532e-06 10.3098)
(-2.18333e-06 1.38743e-06 10.2662)
(-1.90617e-06 -6.43332e-06 9.97114)
(-1.08179e-05 -6.37204e-06 9.95968)
(-8.90229e-06 -5.77791e-06 9.91165)
(-3.13602e-06 -1.45854e-05 9.55288)
(-1.34205e-05 -1.25674e-05 9.53966)
(-1.25562e-05 -9.143e-06 9.48757)
(-3.28136e-06 -1.59389e-05 9.03311)
(-1.33599e-05 -1.28101e-05 9.01752)
(-1.28561e-05 -8.36554e-06 8.96328)
(-2.52018e-06 -1.22213e-05 8.33959)
(-1.1347e-05 -8.92166e-06 8.32081)
(-1.08947e-05 -4.98237e-06 8.26673)
(-9.19193e-07 -5.03505e-06 7.01718)
(-7.47382e-06 -2.28725e-06 6.98632)
(-6.96532e-06 1.2848e-07 6.91338)
(1.04617e-05 6.16811e-05 11.2468)
(2.24542e-05 5.53534e-05 11.2216)
(3.41019e-05 4.10624e-05 11.1646)
(8.41133e-06 5.42058e-05 11.0761)
(1.59173e-05 4.67923e-05 11.0574)
(2.63621e-05 3.16703e-05 11.0135)
(5.79175e-06 4.08895e-05 10.8671)
(8.62374e-06 3.44088e-05 10.8532)
(1.70249e-05 2.24265e-05 10.8137)
(2.87786e-06 2.37192e-05 10.6166)
(8.50351e-07 1.90564e-05 10.6053)
(6.70986e-06 1.09621e-05 10.5651)
(1.96106e-07 6.9493e-06 10.3206)
(-5.83491e-06 4.64008e-06 10.3099)
(-2.22058e-06 1.22662e-06 10.2663)
(-1.8916e-06 -6.5427e-06 9.97121)
(-1.0733e-05 -6.48571e-06 9.95974)
(-8.88405e-06 -5.87778e-06 9.91169)
(-3.11323e-06 -1.46293e-05 9.55292)
(-1.3313e-05 -1.26349e-05 9.53969)
(-1.25118e-05 -9.21851e-06 9.48758)
(-3.25727e-06 -1.59597e-05 9.03311)
(-1.32469e-05 -1.28652e-05 9.01751)
(-1.28018e-05 -8.43603e-06 8.96326)
(-2.49912e-06 -1.22415e-05 8.33956)
(-1.12384e-05 -8.97935e-06 8.32077)
(-1.08371e-05 -5.05268e-06 8.26668)
(-9.03152e-07 -5.04755e-06 7.01712)
(-7.37527e-06 -2.33821e-06 6.98626)
(-6.90601e-06 6.66087e-08 6.91332)
(1.03278e-05 6.07416e-05 11.2468)
(2.21106e-05 5.45255e-05 11.2215)
(3.36e-05 4.04086e-05 11.1646)
(8.3096e-06 5.33907e-05 11.0761)
(1.56762e-05 4.60882e-05 11.0574)
(2.59947e-05 3.11554e-05 11.0136)
(5.72707e-06 4.02668e-05 10.8671)
(8.48794e-06 3.38762e-05 10.8532)
(1.6787e-05 2.20419e-05 10.8138)
(2.84798e-06 2.33128e-05 10.6167)
(8.14085e-07 1.87071e-05 10.6053)
(6.59203e-06 1.07143e-05 10.5652)
(1.93647e-07 6.72518e-06 10.3207)
(-5.79581e-06 4.4398e-06 10.31)
(-2.25175e-06 1.07635e-06 10.2663)
(-1.87653e-06 -6.64179e-06 9.97128)
(-1.06464e-05 -6.5892e-06 9.9598)
(-8.86148e-06 -5.96928e-06 9.91173)
(-3.09036e-06 -1.46658e-05 9.55296)
(-1.3205e-05 -1.26946e-05 9.53971)
(-1.24647e-05 -9.2877e-06 9.48759)
(-3.23349e-06 -1.59758e-05 9.03311)
(-1.31346e-05 -1.29151e-05 9.01751)
(-1.27464e-05 -8.50213e-06 8.96324)
(-2.47868e-06 -1.22593e-05 8.33953)
(-1.11314e-05 -9.0339e-06 8.32073)
(-1.07796e-05 -5.12026e-06 8.26663)
(-8.87912e-07 -5.05949e-06 7.01707)
(-7.27892e-06 -2.38775e-06 6.9862)
(-6.8477e-06 6.13068e-09 6.91325)
(1.01971e-05 5.98254e-05 11.2468)
(2.17763e-05 5.37189e-05 11.2215)
(3.31121e-05 3.9773e-05 11.1646)
(8.21054e-06 5.25975e-05 11.0761)
(1.54426e-05 4.54041e-05 11.0574)
(2.56393e-05 3.06569e-05 11.0136)
(5.6644e-06 3.96634e-05 10.8672)
(8.35811e-06 3.33613e-05 10.8533)
(1.6559e-05 2.16719e-05 10.8138)
(2.81954e-06 2.29225e-05 10.6168)
(7.82194e-07 1.8373e-05 10.6054)
(6.48212e-06 1.04788e-05 10.5652)
(1.92129e-07 6.514e-06 10.3208)
(-5.75369e-06 4.25194e-06 10.31)
(-2.27678e-06 9.36343e-07 10.2664)
(-1.86094e-06 -6.73091e-06 9.97134)
(-1.05581e-05 -6.68286e-06 9.95986)
(-8.83443e-06 -6.05259e-06 9.91177)
(-3.06737e-06 -1.4695e-05 9.553)
(-1.30965e-05 -1.27471e-05 9.53974)
(-1.24147e-05 -9.35068e-06 9.4876)
(-3.20994e-06 -1.59873e-05 9.03311)
(-1.30228e-05 -1.296e-05 9.0175)
(-1.26896e-05 -8.56401e-06 8.96322)
(-2.45877e-06 -1.22747e-05 8.3395)
(-1.10257e-05 -9.08546e-06 8.3207)
(-1.0722e-05 -5.18534e-06 8.26659)
(-8.73378e-07 -5.07081e-06 7.01701)
(-7.18442e-06 -2.43595e-06 6.98614)
(-6.79011e-06 -5.32246e-08 6.91318)
(1.00696e-05 5.8932e-05 11.2467)
(2.14509e-05 5.29332e-05 11.2215)
(3.26378e-05 3.91552e-05 11.1646)
(8.11403e-06 5.18259e-05 11.0761)
(1.52163e-05 4.47397e-05 11.0574)
(2.52953e-05 3.01744e-05 11.0136)
(5.60369e-06 3.90791e-05 10.8672)
(8.23402e-06 3.2864e-05 10.8533)
(1.63405e-05 2.13162e-05 10.8139)
(2.7925e-06 2.25481e-05 10.6169)
(7.5449e-07 1.80537e-05 10.6055)
(6.37971e-06 1.02555e-05 10.5653)
(1.91532e-07 6.3157e-06 10.3208)
(-5.70872e-06 4.0764e-06 10.3101)
(-2.29603e-06 8.06428e-07 10.2664)
(-1.84484e-06 -6.81002e-06 9.97141)
(-1.04682e-05 -6.76669e-06 9.95992)
(-8.80328e-06 -6.12784e-06 9.91181)
(-3.04423e-06 -1.47169e-05 9.55304)
(-1.29875e-05 -1.27921e-05 9.53977)
(-1.23621e-05 -9.40755e-06 9.48762)
(-3.18662e-06 -1.59942e-05 9.03312)
(-1.29115e-05 -1.29998e-05 9.01749)
(-1.26316e-05 -8.62162e-06 8.9632)
(-2.43939e-06 -1.22877e-05 8.33947)
(-1.09215e-05 -9.13403e-06 8.32066)
(-1.06645e-05 -5.24775e-06 8.26654)
(-8.59572e-07 -5.0816e-06 7.01695)
(-7.09199e-06 -2.48283e-06 6.98608)
(-6.73354e-06 -1.11222e-07 6.91311)
(9.94513e-06 5.8061e-05 11.2467)
(2.11342e-05 5.2168e-05 11.2215)
(3.21768e-05 3.85548e-05 11.1646)
(8.02006e-06 5.10754e-05 11.0761)
(1.49973e-05 4.40946e-05 11.0574)
(2.49627e-05 2.97076e-05 11.0136)
(5.54492e-06 3.85134e-05 10.8673)
(8.11565e-06 3.23837e-05 10.8534)
(1.61315e-05 2.09746e-05 10.8139)
(2.76688e-06 2.21892e-05 10.6169)
(7.31039e-07 1.7749e-05 10.6055)
(6.28486e-06 1.00441e-05 10.5653)
(1.91914e-07 6.12996e-06 10.3209)
(-5.66079e-06 3.91282e-06 10.3102)
(-2.30944e-06 6.86356e-07 10.2665)
(-1.82815e-06 -6.8794e-06 9.97148)
(-1.03764e-05 -6.84105e-06 9.95997)
(-8.76783e-06 -6.19523e-06 9.91185)
(-3.02087e-06 -1.47318e-05 9.55308)
(-1.28777e-05 -1.283e-05 9.5398)
(-1.23066e-05 -9.45846e-06 9.48763)
(-3.16341e-06 -1.59965e-05 9.03312)
(-1.28006e-05 -1.30348e-05 9.01749)
(-1.25722e-05 -8.67517e-06 8.96318)
(-2.42042e-06 -1.22983e-05 8.33944)
(-1.08185e-05 -9.17976e-06 8.32062)
(-1.06069e-05 -5.30776e-06 8.26649)
(-8.46358e-07 -5.09184e-06 7.01689)
(-7.00126e-06 -2.52851e-06 6.98602)
(-6.67769e-06 -1.68148e-07 6.91305)
(9.82362e-06 5.72119e-05 11.2467)
(2.0826e-05 5.14226e-05 11.2215)
(3.17287e-05 3.79712e-05 11.1646)
(7.9285e-06 5.03455e-05 11.0761)
(1.47852e-05 4.34683e-05 11.0574)
(2.4641e-05 2.9256e-05 11.0136)
(5.488e-06 3.79658e-05 10.8673)
(8.0027e-06 3.19202e-05 10.8534)
(1.59314e-05 2.06465e-05 10.814)
(2.74259e-06 2.18456e-05 10.617)
(7.11562e-07 1.74584e-05 10.6056)
(6.19709e-06 9.84409e-06 10.5654)
(1.932e-07 5.95651e-06 10.321)
(-5.61017e-06 3.76086e-06 10.3102)
(-2.31742e-06 5.75799e-07 10.2666)
(-1.81095e-06 -6.93922e-06 9.97154)
(-1.02831e-05 -6.90612e-06 9.96003)
(-8.72848e-06 -6.25502e-06 9.91188)
(-2.99732e-06 -1.47396e-05 9.55312)
(-1.27675e-05 -1.28608e-05 9.53983)
(-1.22488e-05 -9.50361e-06 9.48764)
(-3.14036e-06 -1.59944e-05 9.03312)
(-1.26901e-05 -1.3065e-05 9.01748)
(-1.25118e-05 -8.7247e-06 8.96316)
(-2.4019e-06 -1.23067e-05 8.33941)
(-1.07168e-05 -9.22262e-06 8.32059)
(-1.05493e-05 -5.36522e-06 8.26645)
(-8.33782e-07 -5.10155e-06 7.01683)
(-6.91244e-06 -2.57292e-06 6.98596)
(-6.62276e-06 -2.23756e-07 6.91298)
(9.70497e-06 5.63841e-05 11.2466)
(2.0526e-05 5.06966e-05 11.2214)
(3.12931e-05 3.7404e-05 11.1646)
(7.83933e-06 4.96356e-05 11.0761)
(1.45799e-05 4.28601e-05 11.0575)
(2.433e-05 2.88191e-05 11.0137)
(5.4329e-06 3.74359e-05 10.8674)
(7.89516e-06 3.14727e-05 10.8535)
(1.57403e-05 2.03315e-05 10.814)
(2.71964e-06 2.15165e-05 10.6171)
(6.96139e-07 1.71814e-05 10.6057)
(6.11654e-06 9.65526e-06 10.5655)
(1.95417e-07 5.79483e-06 10.3211)
(-5.55667e-06 3.62004e-06 10.3103)
(-2.31971e-06 4.74538e-07 10.2666)
(-1.79317e-06 -6.98987e-06 9.97161)
(-1.0188e-05 -6.96239e-06 9.96009)
(-8.68485e-06 -6.30735e-06 9.91192)
(-2.97351e-06 -1.47407e-05 9.55316)
(-1.26563e-05 -1.2885e-05 9.53986)
(-1.2188e-05 -9.54308e-06 9.48765)
(-3.11736e-06 -1.59879e-05 9.03312)
(-1.25797e-05 -1.30907e-05 9.01747)
(-1.24499e-05 -8.77041e-06 8.96314)
(-2.38367e-06 -1.23128e-05 8.33938)
(-1.06159e-05 -9.26283e-06 8.32055)
(-1.04914e-05 -5.42053e-06 8.2664)
(-8.21687e-07 -5.11066e-06 7.01678)
(-6.82492e-06 -2.61623e-06 6.98589)
(-6.56832e-06 -2.78513e-07 6.91291)
(9.58915e-06 5.55773e-05 11.2466)
(2.02341e-05 4.99898e-05 11.2214)
(3.08699e-05 3.68531e-05 11.1646)
(7.75245e-06 4.89456e-05 11.0762)
(1.43812e-05 4.227e-05 11.0575)
(2.40294e-05 2.83969e-05 11.0137)
(5.37959e-06 3.69235e-05 10.8674)
(7.79285e-06 3.10412e-05 10.8535)
(1.55578e-05 2.00296e-05 10.814)
(2.69801e-06 2.12022e-05 10.6172)
(6.84598e-07 1.6918e-05 10.6058)
(6.04276e-06 9.47748e-06 10.5655)
(1.98559e-07 5.64512e-06 10.3211)
(-5.50048e-06 3.49047e-06 10.3104)
(-2.3168e-06 3.82513e-07 10.2667)
(-1.77481e-06 -7.03116e-06 9.97167)
(-1.00912e-05 -7.00965e-06 9.96014)
(-8.6375e-06 -6.35229e-06 9.91196)
(-2.94944e-06 -1.4735e-05 9.55319)
(-1.25445e-05 -1.29024e-05 9.53989)
(-1.21249e-05 -9.57694e-06 9.48766)
(-3.09441e-06 -1.59769e-05 9.03313)
(-1.24697e-05 -1.31118e-05 9.01747)
(-1.23869e-05 -8.81217e-06 8.96312)
(-2.36581e-06 -1.23166e-05 8.33935)
(-1.05162e-05 -9.30034e-06 8.32051)
(-1.04336e-05 -5.47336e-06 8.26635)
(-8.10137e-07 -5.11929e-06 7.01672)
(-6.73916e-06 -2.65841e-06 6.98583)
(-6.51485e-06 -3.31994e-07 6.91284)
(9.47605e-06 5.47908e-05 11.2466)
(1.995e-05 4.93014e-05 11.2214)
(3.04586e-05 3.63177e-05 11.1646)
(7.66786e-06 4.82748e-05 11.0762)
(1.4189e-05 4.16972e-05 11.0575)
(2.37389e-05 2.79888e-05 11.0137)
(5.32804e-06 3.6428e-05 10.8675)
(7.69569e-06 3.06251e-05 10.8536)
(1.53838e-05 1.97402e-05 10.8141)
(2.6777e-06 2.0902e-05 10.6172)
(6.76928e-07 1.66678e-05 10.6058)
(5.97577e-06 9.31037e-06 10.5656)
(2.02646e-07 5.50686e-06 10.3212)
(-5.4415e-06 3.37173e-06 10.3105)
(-2.30855e-06 2.99382e-07 10.2667)
(-1.75581e-06 -7.06347e-06 9.97174)
(-9.99266e-06 -7.04829e-06 9.9602)
(-8.58614e-06 -6.39004e-06 9.912)
(-2.92503e-06 -1.47225e-05 9.55323)
(-1.24318e-05 -1.29132e-05 9.53991)
(-1.2059e-05 -9.6053e-06 9.48767)
(-3.07143e-06 -1.59617e-05 9.03313)
(-1.23596e-05 -1.31284e-05 9.01746)
(-1.23226e-05 -8.8502e-06 8.9631)
(-2.34816e-06 -1.23182e-05 8.33932)
(-1.04174e-05 -9.3353e-06 8.32048)
(-1.03756e-05 -5.52405e-06 8.26631)
(-7.98988e-07 -5.12741e-06 7.01666)
(-6.65471e-06 -2.69959e-06 6.98577)
(-6.46194e-06 -3.84597e-07 6.91278)
(9.3656e-06 5.40243e-05 11.2465)
(1.96735e-05 4.86311e-05 11.2214)
(3.00589e-05 3.57976e-05 11.1646)
(7.58541e-06 4.76228e-05 11.0762)
(1.4003e-05 4.11415e-05 11.0575)
(2.34582e-05 2.75943e-05 11.0137)
(5.27815e-06 3.59491e-05 10.8675)
(7.60337e-06 3.02242e-05 10.8536)
(1.52178e-05 1.9463e-05 10.8141)
(2.65862e-06 2.06156e-05 10.6173)
(6.72824e-07 1.64303e-05 10.6059)
(5.91505e-06 9.15353e-06 10.5656)
(2.07601e-07 5.37992e-06 10.3213)
(-5.38008e-06 3.26359e-06 10.3105)
(-2.2955e-06 2.24833e-07 10.2668)
(-1.73627e-06 -7.08689e-06 9.9718)
(-9.89262e-06 -7.07838e-06 9.96025)
(-8.53135e-06 -6.42091e-06 9.91204)
(-2.90036e-06 -1.47035e-05 9.55327)
(-1.23186e-05 -1.29175e-05 9.53994)
(-1.1991e-05 -9.62841e-06 9.48769)
(-3.04849e-06 -1.59422e-05 9.03313)
(-1.225e-05 -1.31405e-05 9.01745)
(-1.22573e-05 -8.88452e-06 8.96308)
(-2.33082e-06 -1.23175e-05 8.33929)
(-1.03197e-05 -9.36759e-06 8.32044)
(-1.03177e-05 -5.57231e-06 8.26626)
(-7.88338e-07 -5.13504e-06 7.0166)
(-6.57198e-06 -2.73962e-06 6.98571)
(-6.40994e-06 -4.35893e-07 6.91271)
(9.25775e-06 5.32771e-05 11.2465)
(1.94045e-05 4.79784e-05 11.2213)
(2.96707e-05 3.52924e-05 11.1645)
(7.50515e-06 4.6989e-05 11.0762)
(1.38233e-05 4.06022e-05 11.0575)
(2.31873e-05 2.72133e-05 11.0137)
(5.22997e-06 3.54863e-05 10.8676)
(7.51607e-06 2.98377e-05 10.8536)
(1.506e-05 1.91978e-05 10.8142)
(2.64082e-06 2.03426e-05 10.6174)
(6.72551e-07 1.62051e-05 10.606)
(5.86102e-06 9.00681e-06 10.5657)
(2.135e-07 5.26369e-06 10.3214)
(-5.31579e-06 3.16545e-06 10.3106)
(-2.2771e-06 1.58717e-07 10.2668)
(-1.71607e-06 -7.10194e-06 9.97186)
(-9.79063e-06 -7.10057e-06 9.96031)
(-8.47241e-06 -6.44497e-06 9.91208)
(-2.87531e-06 -1.46783e-05 9.55331)
(-1.22043e-05 -1.29159e-05 9.53997)
(-1.19201e-05 -9.64634e-06 9.4877)
(-3.02544e-06 -1.59186e-05 9.03313)
(-1.214e-05 -1.31487e-05 9.01745)
(-1.21903e-05 -8.91542e-06 8.96306)
(-2.31359e-06 -1.23147e-05 8.33926)
(-1.02223e-05 -9.39757e-06 8.3204)
(-1.02592e-05 -5.61879e-06 8.26622)
(-7.77952e-07 -5.14205e-06 7.01654)
(-6.49001e-06 -2.77876e-06 6.98565)
(-6.35813e-06 -4.86648e-07 6.91264)
(9.1524e-06 5.25491e-05 11.2465)
(1.91426e-05 4.7343e-05 11.2213)
(2.92934e-05 3.48018e-05 11.1645)
(7.42691e-06 4.63732e-05 11.0762)
(1.36493e-05 4.00791e-05 11.0575)
(2.29256e-05 2.68453e-05 11.0137)
(5.18338e-06 3.50392e-05 10.8676)
(7.43335e-06 2.94657e-05 10.8537)
(1.49096e-05 1.89441e-05 10.8142)
(2.62422e-06 2.00829e-05 10.6174)
(6.75669e-07 1.59921e-05 10.606)
(5.81283e-06 8.86999e-06 10.5657)
(2.20259e-07 5.1584e-06 10.3214)
(-5.24917e-06 3.07754e-06 10.3107)
(-2.25421e-06 1.00954e-07 10.2669)
(-1.69531e-06 -7.10833e-06 9.97192)
(-9.6872e-06 -7.11447e-06 9.96036)
(-8.41032e-06 -6.46229e-06 9.91212)
(-2.84996e-06 -1.46465e-05 9.55334)
(-1.20894e-05 -1.29078e-05 9.54)
(-1.18472e-05 -9.65908e-06 9.48771)
(-3.00237e-06 -1.58909e-05 9.03313)
(-1.20304e-05 -1.31525e-05 9.01744)
(-1.21226e-05 -8.94256e-06 8.96304)
(-2.29662e-06 -1.23098e-05 8.33923)
(-1.01261e-05 -9.42501e-06 8.32037)
(-1.02011e-05 -5.66282e-06 8.26617)
(-7.68025e-07 -5.14865e-06 7.01648)
(-6.40973e-06 -2.81685e-06 6.98558)
(-6.30742e-06 -5.36063e-07 6.91257)
(9.04944e-06 5.18391e-05 11.2464)
(1.88876e-05 4.67239e-05 11.2213)
(2.89267e-05 3.43248e-05 11.1645)
(7.35069e-06 4.57743e-05 11.0762)
(1.34811e-05 3.95713e-05 11.0576)
(2.26728e-05 2.64896e-05 11.0138)
(5.13834e-06 3.46071e-05 10.8677)
(7.35514e-06 2.91071e-05 10.8537)
(1.47668e-05 1.87014e-05 10.8143)
(2.60879e-06 1.98355e-05 10.6175)
(6.82196e-07 1.57905e-05 10.6061)
(5.77072e-06 8.74241e-06 10.5658)
(2.2789e-07 5.06312e-06 10.3215)
(-5.18003e-06 2.999e-06 10.3107)
(-2.22646e-06 5.09126e-08 10.2669)
(-1.67392e-06 -7.10679e-06 9.97199)
(-9.58208e-06 -7.12086e-06 9.96042)
(-8.34441e-06 -6.47329e-06 9.91215)
(-2.82423e-06 -1.46089e-05 9.55338)
(-1.19735e-05 -1.28941e-05 9.54003)
(-1.17716e-05 -9.66694e-06 9.48772)
(-2.97918e-06 -1.58592e-05 9.03314)
(-1.19206e-05 -1.31524e-05 9.01744)
(-1.20533e-05 -8.96652e-06 8.96302)
(-2.27973e-06 -1.23028e-05 8.3392)
(-1.00303e-05 -9.45018e-06 8.32033)
(-1.01423e-05 -5.70513e-06 8.26613)
(-7.58343e-07 -5.15469e-06 7.01642)
(-6.33035e-06 -2.85407e-06 6.98552)
(-6.25691e-06 -5.84941e-07 6.91251)
(8.94876e-06 5.11464e-05 11.2464)
(1.86388e-05 4.61205e-05 11.2213)
(2.85697e-05 3.38609e-05 11.1645)
(7.27626e-06 4.51917e-05 11.0762)
(1.33179e-05 3.90782e-05 11.0576)
(2.24281e-05 2.61455e-05 11.0138)
(5.09471e-06 3.41891e-05 10.8677)
(7.28081e-06 2.87616e-05 10.8538)
(1.46305e-05 1.84691e-05 10.8143)
(2.59443e-06 1.96e-05 10.6176)
(6.91517e-07 1.55999e-05 10.6061)
(5.73347e-06 8.62365e-06 10.5658)
(2.36288e-07 4.9776e-06 10.3216)
(-5.10904e-06 2.92969e-06 10.3108)
(-2.19511e-06 8.34745e-09 10.267)
(-1.65202e-06 -7.09749e-06 9.97205)
(-9.47591e-06 -7.11972e-06 9.96047)
(-8.27611e-06 -6.47822e-06 9.91219)
(-2.79822e-06 -1.45654e-05 9.55342)
(-1.18574e-05 -1.28745e-05 9.54005)
(-1.16947e-05 -9.67008e-06 9.48774)
(-2.95595e-06 -1.58237e-05 9.03314)
(-1.18114e-05 -1.31482e-05 9.01743)
(-1.19838e-05 -8.98691e-06 8.963)
(-2.26307e-06 -1.22938e-05 8.33917)
(-9.93592e-06 -9.47299e-06 8.32029)
(-1.00843e-05 -5.745e-06 8.26608)
(-7.49059e-07 -5.1604e-06 7.01637)
(-6.2528e-06 -2.89029e-06 6.98546)
(-6.20776e-06 -6.32331e-07 6.91244)
(8.84987e-06 5.0468e-05 11.2464)
(1.8395e-05 4.55302e-05 11.2212)
(2.82209e-05 3.34073e-05 11.1645)
(7.20323e-06 4.46223e-05 11.0762)
(1.31584e-05 3.85969e-05 11.0576)
(2.21902e-05 2.58104e-05 11.0138)
(5.05204e-06 3.37825e-05 10.8677)
(7.20922e-06 2.84262e-05 10.8538)
(1.44995e-05 1.82448e-05 10.8143)
(2.58066e-06 1.93738e-05 10.6176)
(7.02644e-07 1.54178e-05 10.6062)
(5.70049e-06 8.5116e-06 10.5659)
(2.45034e-07 4.89954e-06 10.3217)
(-5.03693e-06 2.86745e-06 10.3109)
(-2.16041e-06 -2.85137e-08 10.267)
(-1.62993e-06 -7.08219e-06 9.97211)
(-9.3692e-06 -7.11276e-06 9.96053)
(-8.20514e-06 -6.4783e-06 9.91223)
(-2.77219e-06 -1.45173e-05 9.55345)
(-1.17413e-05 -1.28504e-05 9.54008)
(-1.1616e-05 -9.66936e-06 9.48775)
(-2.9329e-06 -1.57852e-05 9.03314)
(-1.17027e-05 -1.31409e-05 9.01742)
(-1.19132e-05 -9.00481e-06 8.96299)
(-2.24675e-06 -1.22832e-05 8.33914)
(-9.84252e-06 -9.49382e-06 8.32026)
(-1.00261e-05 -5.7835e-06 8.26604)
(-7.40251e-07 -5.16568e-06 7.01631)
(-6.17662e-06 -2.92562e-06 6.9854)
(-6.15899e-06 -6.79273e-07 6.91237)
(8.75183e-06 4.97974e-05 11.2463)
(1.81526e-05 4.49473e-05 11.2212)
(2.78759e-05 3.29586e-05 11.1645)
(7.13052e-06 4.40597e-05 11.0762)
(1.29993e-05 3.81218e-05 11.0576)
(2.19547e-05 2.54792e-05 11.0138)
(5.00942e-06 3.33814e-05 10.8678)
(7.13729e-06 2.8096e-05 10.8539)
(1.437e-05 1.8024e-05 10.8144)
(2.5667e-06 1.91519e-05 10.6177)
(7.12799e-07 1.52399e-05 10.6063)
(5.66793e-06 8.40262e-06 10.5659)
(2.53428e-07 4.82495e-06 10.3217)
(-4.9662e-06 2.80891e-06 10.3109)
(-2.12582e-06 -6.24105e-08 10.2671)
(-1.60825e-06 -7.06382e-06 9.97217)
(-9.26404e-06 -7.10236e-06 9.96058)
(-8.13471e-06 -6.47558e-06 9.91227)
(-2.74663e-06 -1.44665e-05 9.55349)
(-1.1627e-05 -1.28231e-05 9.54011)
(-1.15381e-05 -9.66611e-06 9.48776)
(-2.91043e-06 -1.57447e-05 9.03314)
(-1.15963e-05 -1.3131e-05 9.01742)
(-1.18441e-05 -9.02041e-06 8.96297)
(-2.23112e-06 -1.22716e-05 8.33911)
(-9.7517e-06 -9.51286e-06 8.32022)
(-9.96952e-06 -5.81991e-06 8.26599)
(-7.32239e-07 -5.17075e-06 7.01625)
(-6.10322e-06 -2.95978e-06 6.98533)
(-6.11215e-06 -7.2447e-07 6.9123)
(8.65078e-06 4.91151e-05 11.2463)
(1.79001e-05 4.43545e-05 11.2212)
(2.75222e-05 3.24963e-05 11.1645)
(7.05429e-06 4.34848e-05 11.0762)
(1.28296e-05 3.76352e-05 11.0576)
(2.17103e-05 2.51346e-05 11.0138)
(4.96302e-06 3.29689e-05 10.8678)
(7.05466e-06 2.77552e-05 10.8539)
(1.42313e-05 1.77921e-05 10.8144)
(2.54879e-06 1.89202e-05 10.6177)
(7.12483e-07 1.5053e-05 10.6063)
(5.62663e-06 8.28477e-06 10.566)
(2.57967e-07 4.7427e-06 10.3218)
(-4.90526e-06 2.74371e-06 10.311)
(-2.09893e-06 -1.02348e-07 10.2671)
(-1.59023e-06 -7.05027e-06 9.97223)
(-9.16786e-06 -7.09613e-06 9.96063)
(-8.07064e-06 -6.47639e-06 9.91231)
(-2.72465e-06 -1.44182e-05 9.55352)
(-1.15211e-05 -1.27979e-05 9.54014)
(-1.14656e-05 -9.66455e-06 9.48777)
(-2.89155e-06 -1.5706e-05 9.03314)
(-1.14977e-05 -1.31218e-05 9.01741)
(-1.17796e-05 -9.03671e-06 8.96295)
(-2.2191e-06 -1.22606e-05 8.33908)
(-9.66843e-06 -9.53096e-06 8.32019)
(-9.91716e-06 -5.85617e-06 8.26595)
(-7.27919e-07 -5.17588e-06 7.01619)
(-6.03726e-06 -2.99191e-06 6.98527)
(-6.06904e-06 -7.68662e-07 6.91224)
(8.5392e-06 4.83631e-05 11.2463)
(1.76125e-05 4.37029e-05 11.2212)
(2.71295e-05 3.19773e-05 11.1645)
(6.96777e-06 4.28438e-05 11.0762)
(1.26283e-05 3.70909e-05 11.0576)
(2.14325e-05 2.47404e-05 11.0138)
(4.90765e-06 3.24996e-05 10.8679)
(6.94528e-06 2.73653e-05 10.854)
(1.40645e-05 1.75212e-05 10.8144)
(2.52323e-06 1.86437e-05 10.6178)
(6.90235e-07 1.48274e-05 10.6064)
(5.56253e-06 8.13779e-06 10.566)
(2.56247e-07 4.62821e-06 10.3219)
(-4.8615e-06 2.65137e-06 10.3111)
(-2.08911e-06 -1.6159e-07 10.2672)
(-1.57699e-06 -7.05726e-06 9.97229)
(-9.08439e-06 -7.10657e-06 9.96069)
(-8.01863e-06 -6.4885e-06 9.91234)
(-2.70635e-06 -1.43816e-05 9.55356)
(-1.14248e-05 -1.27816e-05 9.54017)
(-1.14017e-05 -9.66896e-06 9.48779)
(-2.87567e-06 -1.56733e-05 9.03315)
(-1.14069e-05 -1.31167e-05 9.01741)
(-1.17213e-05 -9.05522e-06 8.96293)
(-2.20962e-06 -1.22519e-05 8.33905)
(-9.59141e-06 -9.54967e-06 8.32015)
(-9.86898e-06 -5.89181e-06 8.26591)
(-7.25782e-07 -5.18112e-06 7.01613)
(-5.97637e-06 -3.02272e-06 6.98521)
(-6.0288e-06 -8.10819e-07 6.91217)
(8.37431e-06 4.73588e-05 11.2462)
(1.71593e-05 4.28245e-05 11.2212)
(2.65598e-05 3.12142e-05 11.1645)
(6.82269e-06 4.19664e-05 11.0762)
(1.2263e-05 3.63215e-05 11.0576)
(2.0991e-05 2.41233e-05 11.0139)
(4.79391e-06 3.18339e-05 10.8679)
(6.68267e-06 2.67904e-05 10.854)
(1.37506e-05 1.70757e-05 10.8145)
(2.44114e-06 1.82222e-05 10.6179)
(5.29327e-07 1.44671e-05 10.6064)
(5.37387e-06 7.86624e-06 10.5661)
(2.01638e-07 4.41983e-06 10.3219)
(-4.93947e-06 2.47728e-06 10.3111)
(-2.17906e-06 -2.97199e-07 10.2672)
(-1.61269e-06 -7.11418e-06 9.97235)
(-9.10795e-06 -7.15611e-06 9.96074)
(-8.04486e-06 -6.53968e-06 9.91238)
(-2.73509e-06 -1.43659e-05 9.5536)
(-1.14257e-05 -1.27742e-05 9.54019)
(-1.14003e-05 -9.68681e-06 9.4878)
(-2.90622e-06 -1.56478e-05 9.03315)
(-1.14076e-05 -1.31014e-05 9.0174)
(-1.17154e-05 -9.07067e-06 8.96292)
(-2.24757e-06 -1.22446e-05 8.33902)
(-9.60458e-06 -9.54647e-06 8.32012)
(-9.86719e-06 -5.91333e-06 8.26586)
(-7.73763e-07 -5.18306e-06 7.01607)
(-6.0089e-06 -3.02261e-06 6.98515)
(-6.0327e-06 -8.30408e-07 6.9121)
(8.09157e-06 4.54562e-05 11.2462)
(1.63502e-05 4.11945e-05 11.2211)
(2.55902e-05 2.98348e-05 11.1645)
(6.58249e-06 4.03035e-05 11.0763)
(1.16352e-05 3.48901e-05 11.0577)
(2.02746e-05 2.305e-05 11.0139)
(4.6196e-06 3.05803e-05 10.8679)
(6.26204e-06 2.57379e-05 10.854)
(1.32808e-05 1.63543e-05 10.8145)
(2.33217e-06 1.74502e-05 10.6179)
(3.09982e-07 1.38345e-05 10.6065)
(5.14531e-06 7.48914e-06 10.5661)
(1.50966e-07 4.08552e-06 10.322)
(-4.98921e-06 2.2239e-06 10.3112)
(-2.21086e-06 -4.02264e-07 10.2673)
(-1.62206e-06 -7.13732e-06 9.97241)
(-9.04369e-06 -7.15135e-06 9.96079)
(-7.95208e-06 -6.48284e-06 9.91242)
(-2.72463e-06 -1.42389e-05 9.55363)
(-1.13106e-05 -1.26567e-05 9.54022)
(-1.12602e-05 -9.5795e-06 9.48781)
(-2.8941e-06 -1.54999e-05 9.03315)
(-1.12901e-05 -1.29824e-05 9.0174)
(-1.15825e-05 -8.98634e-06 8.9629)
(-2.24539e-06 -1.21534e-05 8.33899)
(-9.51464e-06 -9.49177e-06 8.32008)
(-9.77579e-06 -5.89456e-06 8.26582)
(-7.84159e-07 -5.15667e-06 7.01601)
(-5.94955e-06 -3.03008e-06 6.98509)
(-5.97619e-06 -8.63019e-07 6.91204)
(7.06737e-06 4.06439e-05 11.2462)
(1.33765e-05 3.67165e-05 11.2211)
(2.23519e-05 2.51547e-05 11.1644)
(5.46789e-06 3.57741e-05 11.0763)
(8.7228e-06 3.05239e-05 11.0577)
(1.7341e-05 1.8834e-05 11.0139)
(3.53593e-06 2.69699e-05 10.868)
(3.63739e-06 2.23514e-05 10.8541)
(1.08243e-05 1.32844e-05 10.8146)
(1.3489e-06 1.51959e-05 10.618)
(-1.85264e-06 1.18432e-05 10.6066)
(3.41565e-06 5.84788e-06 10.5662)
(-6.81065e-07 3.28163e-06 10.3221)
(-6.59732e-06 1.74039e-06 10.3112)
(-3.1205e-06 -6.4787e-07 10.2673)
(-2.31049e-06 -6.80385e-06 9.97247)
(-1.0168e-05 -6.43748e-06 9.96084)
(-8.17483e-06 -5.68889e-06 9.91246)
(-3.31867e-06 -1.33363e-05 9.55367)
(-1.21289e-05 -1.12932e-05 9.54025)
(-1.10718e-05 -8.24364e-06 9.48783)
(-3.45436e-06 -1.4547e-05 9.03315)
(-1.20111e-05 -1.15104e-05 9.01739)
(-1.12971e-05 -7.584e-06 8.96288)
(-2.85033e-06 -1.16159e-05 8.33896)
(-1.03666e-05 -8.38545e-06 8.32005)
(-9.70813e-06 -4.83101e-06 8.26578)
(-1.46327e-06 -4.98337e-06 7.01595)
(-7.04315e-06 -2.36994e-06 6.98502)
(-6.27956e-06 -2.70927e-07 6.91197)
(4.7352e-06 2.20551e-05 11.2462)
(6.73802e-06 2.09056e-05 11.2211)
(1.48957e-05 1.22101e-05 11.1644)
(3.61968e-06 1.89763e-05 11.0763)
(3.90572e-06 1.60846e-05 11.0577)
(1.20988e-05 8.48045e-06 11.0139)
(2.3843e-06 1.43168e-05 10.868)
(8.81874e-07 1.17771e-05 10.8541)
(7.87138e-06 6.65106e-06 10.8146)
(9.39876e-07 8.21167e-06 10.618)
(-2.45693e-06 6.33439e-06 10.6066)
(3.02869e-06 3.41339e-06 10.5662)
(-3.47361e-07 2.27102e-06 10.3221)
(-5.16413e-06 1.51232e-06 10.3113)
(-1.02593e-06 8.54543e-07 10.2674)
(-1.36813e-06 -2.72926e-06 9.97252)
(-7.1391e-06 -2.33805e-06 9.96088)
(-4.14114e-06 -1.25069e-06 9.91248)
(-2.01428e-06 -6.06533e-06 9.5537)
(-8.22425e-06 -4.6357e-06 9.54027)
(-6.04343e-06 -2.36519e-06 9.48783)
(-2.12323e-06 -6.71377e-06 9.03316)
(-8.15306e-06 -4.64601e-06 9.01739)
(-6.48342e-06 -2.02826e-06 8.96286)
(-1.77781e-06 -5.53493e-06 8.33894)
(-7.29558e-06 -3.27617e-06 8.32002)
(-6.05583e-06 -9.22844e-07 8.26574)
(-8.48787e-07 -2.49774e-06 7.0159)
(-5.25578e-06 -5.07432e-07 6.98497)
(-4.456e-06 1.05873e-06 6.91191)
(-0.00525588 -0.00391528 10.0041)
(-0.004306 -0.00262313 10.0037)
(-0.00449769 -0.000697647 10.0036)
(-0.00645484 -0.00468026 10.0046)
(-0.00559537 -0.00316221 10.0041)
(-0.0056856 -0.000875398 10.004)
(-0.00750246 -0.00557418 10.0051)
(-0.00677194 -0.00374815 10.0046)
(-0.00687198 -0.00107003 10.0044)
(-0.00858316 -0.00654098 10.0058)
(-0.00793338 -0.00436479 10.0052)
(-0.00801833 -0.0012779 10.0049)
(-0.00981157 -0.00764286 10.0066)
(-0.00928467 -0.005076 10.0059)
(-0.00940586 -0.00152218 10.0056)
(-0.01056 -0.00846282 10.0075)
(-0.00997582 -0.00555208 10.0067)
(-0.0100208 -0.00167339 10.0063)
(-0.0135463 -0.0108394 10.0085)
(-0.0134194 -0.00710779 10.0077)
(-0.0137337 -0.00221038 10.0072)
(-0.00751525 -0.0068673 10.0087)
(-0.00582834 -0.00434958 10.0078)
(-0.00532425 -0.00123187 10.0073)
(-0.0343707 -0.0287146 10.0078)
(-0.0389506 -0.0194882 10.0074)
(-0.0422337 -0.00655128 10.007)
(0.0240409 0.0192281 9.90391)
(0.0350841 0.0146784 9.92683)
(0.0412509 0.00561057 9.93621)
(-0.00741716 -0.00589104 10.0152)
(-0.0065879 -0.00376877 10.0145)
(-0.00675654 -0.00107788 10.0142)
(-0.00878817 -0.00682052 10.0162)
(-0.0081852 -0.0044324 10.0153)
(-0.00833148 -0.00129209 10.0149)
(-0.00997773 -0.00780231 10.0172)
(-0.0095898 -0.00511892 10.0162)
(-0.00981423 -0.00151347 10.0158)
(-0.0110532 -0.00874466 10.0184)
(-0.0108003 -0.00575796 10.0173)
(-0.0110453 -0.00172015 10.0168)
(-0.0123567 -0.00985058 10.0197)
(-0.0123225 -0.00652602 10.0185)
(-0.0126737 -0.00197766 10.0179)
(-0.012378 -0.0101581 10.0211)
(-0.0122334 -0.00670534 10.0197)
(-0.0125036 -0.0020153 10.019)
(-0.0166472 -0.0134055 10.0228)
(-0.0172084 -0.00886205 10.0212)
(-0.0178949 -0.00273978 10.0205)
(-0.00744862 -0.00677159 10.0242)
(-0.00594585 -0.00433947 10.0224)
(-0.00554723 -0.00115163 10.0215)
(-0.0290679 -0.0259796 10.0155)
(-0.0335308 -0.0184448 10.0164)
(-0.0369602 -0.00615938 10.0164)
(0.00378619 0.00384419 9.76372)
(0.0104461 0.0047038 9.82104)
(0.0143168 0.00224055 9.84506)
(-0.0093186 -0.00751718 10.03)
(-0.00857966 -0.00474352 10.0292)
(-0.00870924 -0.00142377 10.0289)
(-0.0109375 -0.00865508 10.031)
(-0.0105162 -0.00553548 10.0301)
(-0.0106778 -0.00167808 10.0297)
(-0.0123777 -0.00980453 10.032)
(-0.0122334 -0.00635085 10.0311)
(-0.0125227 -0.00193647 10.0306)
(-0.0136151 -0.0108473 10.0332)
(-0.0136481 -0.00707533 10.0321)
(-0.0139911 -0.00216258 10.0316)
(-0.0151973 -0.0121202 10.0343)
(-0.0155084 -0.0079804 10.0331)
(-0.0159997 -0.0024546 10.0326)
(-0.0150932 -0.0123514 10.0356)
(-0.0152989 -0.00814573 10.0342)
(-0.0157375 -0.00247387 10.0336)
(-0.0197039 -0.0159526 10.0371)
(-0.0206826 -0.0105787 10.0354)
(-0.0215863 -0.00326936 10.0347)
(-0.0125851 -0.0105056 10.0386)
(-0.0115843 -0.00666013 10.037)
(-0.0114084 -0.00186153 10.0362)
(-0.0254972 -0.02394 10.0128)
(-0.0294587 -0.0175167 10.0194)
(-0.0327719 -0.00581285 10.0214)
(-0.00864524 -0.00606755 9.5774)
(-0.00502343 -0.00203493 9.67477)
(-0.00270001 -4.51489e-05 9.71663)
(-0.0107332 -0.0087154 10.0476)
(-0.0101296 -0.00544339 10.0467)
(-0.0102214 -0.00168547 10.0463)
(-0.0125437 -0.0100159 10.0486)
(-0.012342 -0.00632534 10.0476)
(-0.0125169 -0.00197029 10.0472)
(-0.0142001 -0.0113008 10.0496)
(-0.0143282 -0.00723378 10.0486)
(-0.0146737 -0.00225495 10.0482)
(-0.0156113 -0.0124407 10.0508)
(-0.0159675 -0.00803384 10.0496)
(-0.0164057 -0.00249862 10.0491)
(-0.0173978 -0.0138262 10.0519)
(-0.0180743 -0.00903029 10.0507)
(-0.0186915 -0.00280912 10.0501)
(-0.0175444 -0.0141999 10.0533)
(-0.0181691 -0.00932057 10.0518)
(-0.0187809 -0.0028579 10.0511)
(-0.0215132 -0.0174666 10.0546)
(-0.0229048 -0.0116243 10.0528)
(-0.0240124 -0.00359495 10.0521)
(-0.0177302 -0.0142452 10.0555)
(-0.0175403 -0.00903388 10.0544)
(-0.0177073 -0.00261156 10.0537)
(-0.0230601 -0.0221829 10.0026)
(-0.0265287 -0.0164685 10.0184)
(-0.029633 -0.00542836 10.024)
(-0.0156487 -0.0118438 9.37002)
(-0.0147295 -0.0063741 9.5074)
(-0.0138174 -0.00156137 9.5679)
(-0.0117407 -0.00955631 10.0674)
(-0.0112969 -0.00592617 10.0665)
(-0.0113606 -0.00187915 10.0661)
(-0.0136803 -0.0109688 10.0684)
(-0.0137188 -0.00686198 10.0675)
(-0.0139122 -0.00218492 10.067)
(-0.0154863 -0.0123423 10.0695)
(-0.0159004 -0.00782326 10.0684)
(-0.016302 -0.00248453 10.068)
(-0.0170382 -0.0135528 10.0706)
(-0.0177396 -0.00867702 10.0694)
(-0.018276 -0.00274085 10.0689)
(-0.0188862 -0.0149552 10.0718)
(-0.0199392 -0.00969698 10.0705)
(-0.0206803 -0.00304956 10.0699)
(-0.0194753 -0.0155746 10.0732)
(-0.0205585 -0.0101717 10.0717)
(-0.0213442 -0.00314868 10.071)
(-0.0223684 -0.0181398 10.0744)
(-0.024127 -0.0120971 10.0726)
(-0.0253994 -0.00374771 10.0718)
(-0.0216809 -0.0171224 10.0733)
(-0.022465 -0.0109503 10.0731)
(-0.0230578 -0.00323907 10.0729)
(-0.0215697 -0.0207568 9.98177)
(-0.0245946 -0.0154016 10.01)
(-0.027397 -0.00503541 10.0209)
(-0.0187102 -0.0145253 9.15251)
(-0.0200326 -0.0088233 9.32689)
(-0.0203851 -0.00247597 9.4054)
(-0.0124221 -0.0101148 10.0888)
(-0.0121382 -0.00623839 10.0879)
(-0.0121829 -0.00201457 10.0875)
(-0.0144414 -0.0115999 10.0897)
(-0.0147127 -0.00720317 10.0888)
(-0.0149283 -0.0023346 10.0884)
(-0.0163415 -0.0130252 10.0908)
(-0.0170269 -0.0081885 10.0898)
(-0.0174807 -0.00264182 10.0893)
(-0.0180119 -0.0142893 10.0919)
(-0.0190434 -0.00908124 10.0908)
(-0.0196722 -0.00290916 10.0903)
(-0.0198224 -0.015644 10.0931)
(-0.0212216 -0.0100765 10.0918)
(-0.0220743 -0.00320307 10.0912)
(-0.020923 -0.0165512 10.0947)
(-0.0224569 -0.0107618 10.0931)
(-0.0234099 -0.00336383 10.0924)
(-0.0227348 -0.0183334 10.0957)
(-0.0247684 -0.0122077 10.0939)
(-0.0261471 -0.00379017 10.0931)
(-0.0243476 -0.0190804 10.0905)
(-0.0261151 -0.0123533 10.0922)
(-0.0271725 -0.00372104 10.0926)
(-0.0208362 -0.0196992 9.94949)
(-0.0235413 -0.01445 9.99269)
(-0.0260243 -0.00468127 10.0101)
(-0.0192084 -0.0151451 8.93359)
(-0.0221606 -0.00988671 9.14047)
(-0.0235357 -0.00293618 9.23538)
(-0.0128404 -0.0104489 10.1112)
(-0.0127038 -0.00641584 10.1103)
(-0.0127371 -0.00210246 10.11)
(-0.0149032 -0.0119779 10.1122)
(-0.0153824 -0.00739226 10.1113)
(-0.0156225 -0.00243127 10.1108)
(-0.0168534 -0.0134277 10.1132)
(-0.0177763 -0.0083812 10.1122)
(-0.0182772 -0.00274084 10.1117)
(-0.0186209 -0.0147323 10.1143)
(-0.0199448 -0.00930167 10.1132)
(-0.0206566 -0.00301803 10.1127)
(-0.0203368 -0.0160017 10.1155)
(-0.0220295 -0.0102411 10.1142)
(-0.0229755 -0.00328931 10.1136)
(-0.0219095 -0.0171808 10.1171)
(-0.0238591 -0.0111327 10.1155)
(-0.0249704 -0.00351395 10.1149)
(-0.0228554 -0.0182616 10.1179)
(-0.0250759 -0.012097 10.1162)
(-0.026506 -0.00376353 10.1155)
(-0.0258761 -0.0202187 10.1065)
(-0.0285188 -0.0132659 10.1108)
(-0.0300275 -0.0040564 10.1121)
(-0.0205482 -0.0189033 9.90664)
(-0.0230803 -0.0136325 9.96625)
(-0.0252859 -0.00437596 9.99114)
(-0.0182196 -0.014525 8.71943)
(-0.0221846 -0.0100034 8.95394)
(-0.0242887 -0.00307046 9.06323)
(-0.0130513 -0.0106109 10.1343)
(-0.013043 -0.00649045 10.1335)
(-0.0130707 -0.00215199 10.1331)
(-0.0151296 -0.0121621 10.1352)
(-0.0157851 -0.00746646 10.1344)
(-0.0160498 -0.00248566 10.134)
(-0.0170966 -0.0136166 10.1362)
(-0.0182157 -0.00844465 10.1353)
(-0.0187575 -0.00279392 10.1348)
(-0.0189377 -0.0149495 10.1373)
(-0.0205064 -0.00938313 10.1362)
(-0.0212901 -0.00307959 10.1358)
(-0.0205398 -0.0161196 10.1386)
(-0.0224637 -0.0102502 10.1373)
(-0.0234832 -0.00332473 10.1367)
(-0.022479 -0.0175171 10.1402)
(-0.0247902 -0.0113224 10.1386)
(-0.0260463 -0.00360791 10.138)
(-0.0228512 -0.0180524 10.1404)
(-0.0251965 -0.0118648 10.139)
(-0.0266351 -0.00369751 10.1384)
(-0.0265116 -0.0207073 10.1205)
(-0.0298634 -0.013764 10.1281)
(-0.0317672 -0.00426183 10.1308)
(-0.0204437 -0.0182517 9.85461)
(-0.0229376 -0.0129308 9.93122)
(-0.024933 -0.00411664 9.96413)
(-0.01649 -0.0132471 8.51384)
(-0.0209558 -0.00953019 8.77131)
(-0.0235048 -0.00299001 8.89289)
(-0.013106 -0.0106449 10.1577)
(-0.013205 -0.00648957 10.1569)
(-0.0132311 -0.00217215 10.1566)
(-0.0151796 -0.0122026 10.1586)
(-0.0159782 -0.00745702 10.1578)
(-0.0162659 -0.00250775 10.1574)
(-0.0171403 -0.0136486 10.1596)
(-0.018414 -0.0084153 10.1587)
(-0.0189896 -0.00281238 10.1582)
(-0.0190311 -0.0149986 10.1607)
(-0.0207949 -0.00936297 10.1596)
(-0.0216391 -0.00310495 10.1591)
(-0.0205256 -0.0160725 10.162)
(-0.0226241 -0.0101539 10.1607)
(-0.0236969 -0.00332374 10.1601)
(-0.0226995 -0.0176163 10.1635)
(-0.0253131 -0.0113677 10.162)
(-0.0266943 -0.0036557 10.1613)
(-0.0227815 -0.0177787 10.163)
(-0.0252154 -0.0115765 10.162)
(-0.0266363 -0.00361331 10.1615)
(-0.0265044 -0.0207184 10.1319)
(-0.0303902 -0.0139383 10.1438)
(-0.0326121 -0.00436192 10.1481)
(-0.0203473 -0.0176526 9.79496)
(-0.0229073 -0.0123138 9.88857)
(-0.024762 -0.0038949 9.9297)
(-0.014484 -0.0116808 8.319)
(-0.0190806 -0.00872469 8.59519)
(-0.0218375 -0.00278031 8.72709)
(-0.0130459 -0.0105859 10.1812)
(-0.0132306 -0.00643423 10.1805)
(-0.0132585 -0.00217002 10.1801)
(-0.0150985 -0.0121391 10.1821)
(-0.0160106 -0.00738824 10.1813)
(-0.0163187 -0.00250483 10.1809)
(-0.0170361 -0.013566 10.183)
(-0.0184322 -0.00832096 10.1821)
(-0.0190326 -0.00280493 10.1817)
(-0.0189511 -0.0149203 10.1841)
(-0.0208722 -0.00926938 10.1831)
(-0.0217624 -0.00310281 10.1826)
(-0.0203625 -0.0159105 10.1854)
(-0.0225927 -0.00998768 10.1841)
(-0.0236985 -0.00329841 10.1836)
(-0.0226444 -0.0175275 10.1868)
(-0.0254987 -0.0112972 10.1854)
(-0.0269827 -0.00366654 10.1848)
(-0.022668 -0.0174739 10.1852)
(-0.0251718 -0.0112672 10.1849)
(-0.0265636 -0.00352372 10.1846)
(-0.0260594 -0.020392 10.1402)
(-0.030324 -0.01387 10.1572)
(-0.0327839 -0.00438112 10.1636)
(-0.0201545 -0.0170396 9.72923)
(-0.0228525 -0.0117466 9.83942)
(-0.0246261 -0.00370033 9.88876)
(-0.0124605 -0.0100357 8.13615)
(-0.0169518 -0.00775453 8.4272)
(-0.0197383 -0.00250092 8.56761)
(-0.0128998 -0.0104591 10.2046)
(-0.0131546 -0.00633995 10.2039)
(-0.0131856 -0.00215114 10.2036)
(-0.0149198 -0.0119977 10.2054)
(-0.015922 -0.00727584 10.2047)
(-0.0162466 -0.00248353 10.2043)
(-0.0168247 -0.0133995 10.2064)
(-0.0183161 -0.00817991 10.2055)
(-0.018934 -0.00277814 10.2051)
(-0.0187387 -0.014745 10.2074)
(-0.0207853 -0.0091206 10.2064)
(-0.0217089 -0.00307934 10.206)
(-0.0200972 -0.015669 10.2087)
(-0.0224279 -0.00977475 10.2075)
(-0.02355 -0.00325583 10.2069)
(-0.0223775 -0.0172911 10.21)
(-0.0254175 -0.0111342 10.2086)
(-0.0269801 -0.00364705 10.208)
(-0.0225137 -0.0171498 10.2069)
(-0.0250795 -0.0109518 10.2073)
(-0.0264402 -0.00343428 10.2073)
(-0.0253246 -0.0198302 10.1452)
(-0.0298463 -0.0136237 10.1681)
(-0.0324724 -0.00433944 10.1769)
(-0.019809 -0.0163682 9.65876)
(-0.0226903 -0.0111973 9.7849)
(-0.0244297 -0.00352191 9.84227)
(-0.0105432 -0.00841636 7.966)
(-0.0148005 -0.00671867 8.26831)
(-0.0174945 -0.00218883 8.41556)
(-0.0126894 -0.0102812 10.2277)
(-0.0130029 -0.00621674 10.2271)
(-0.0130371 -0.00211967 10.2268)
(-0.014667 -0.0117964 10.2285)
(-0.0157427 -0.00713055 10.2278)
(-0.0160788 -0.00244856 10.2275)
(-0.0165347 -0.0131688 10.2294)
(-0.0181008 -0.00800366 10.2286)
(-0.0187294 -0.00273728 10.2282)
(-0.0184251 -0.0144934 10.2305)
(-0.0205696 -0.00892809 10.2295)
(-0.0215167 -0.00303934 10.2291)
(-0.0197606 -0.01537 10.2317)
(-0.0221678 -0.00952868 10.2306)
(-0.023295 -0.00320097 10.23)
(-0.0219493 -0.016938 10.2328)
(-0.0251301 -0.0108964 10.2316)
(-0.0267492 -0.00360251 10.231)
(-0.0223144 -0.0168061 10.2278)
(-0.0249407 -0.0106336 10.2291)
(-0.0262735 -0.00334637 10.2294)
(-0.024396 -0.0190993 10.1464)
(-0.0290912 -0.0132468 10.1762)
(-0.0318256 -0.00425229 10.1879)
(-0.0192808 -0.0156055 9.58468)
(-0.0223769 -0.0106381 9.72602)
(-0.0241163 -0.00334965 9.79115)
(-0.00877535 -0.00686105 7.80908)
(-0.0127485 -0.0056675 8.11905)
(-0.0152738 -0.00186502 8.2716)
(-0.0124304 -0.0100608 10.2505)
(-0.0127953 -0.0060701 10.2499)
(-0.0128307 -0.00208 10.2496)
(-0.0143582 -0.0115459 10.2513)
(-0.0154928 -0.00695808 10.2506)
(-0.0158366 -0.00240389 10.2503)
(-0.016188 -0.0128867 10.2522)
(-0.0178107 -0.00779878 10.2514)
(-0.0184445 -0.00268623 10.251)
(-0.0180339 -0.0141796 10.2532)
(-0.0202523 -0.0086993 10.2523)
(-0.0212147 -0.00298656 10.2518)
(-0.019371 -0.0150256 10.2544)
(-0.0218373 -0.00925675 10.2533)
(-0.0229621 -0.00313727 10.2528)
(-0.0213984 -0.0164904 10.2552)
(-0.0246857 -0.0105967 10.2541)
(-0.0263418 -0.0035375 10.2536)
(-0.0220665 -0.0164383 10.2477)
(-0.0247535 -0.0103098 10.2502)
(-0.0260621 -0.00325963 10.2509)
(-0.0233309 -0.0182388 10.1435)
(-0.0281506 -0.0127718 10.1813)
(-0.0309495 -0.00413136 10.1962)
(-0.0185536 -0.0147252 9.50795)
(-0.021892 -0.0100466 9.66368)
(-0.0236544 -0.00317564 9.73624)
(-0.0071582 -0.0053725 7.66594)
(-0.0108485 -0.00462161 7.97979)
(-0.0131613 -0.00154062 8.13611)
(-0.0121318 -0.00980955 10.2729)
(-0.0125426 -0.00590716 10.2723)
(-0.0125793 -0.00203382 10.272)
(-0.0140045 -0.0112576 10.2736)
(-0.0151872 -0.0067646 10.273)
(-0.0155355 -0.00235125 10.2726)
(-0.0157935 -0.0125644 10.2745)
(-0.0174628 -0.00757302 10.2737)
(-0.0180979 -0.00262707 10.2733)
(-0.0175754 -0.0138122 10.2755)
(-0.0198543 -0.00844001 10.2746)
(-0.0208251 -0.0029232 10.2741)
(-0.0189411 -0.0146449 10.2766)
(-0.0214528 -0.00896397 10.2756)
(-0.0225701 -0.00306661 10.2751)
(-0.0207521 -0.0159652 10.277)
(-0.024122 -0.0102462 10.2762)
(-0.0257989 -0.00345558 10.2758)
(-0.0217687 -0.016043 10.2664)
(-0.0245156 -0.00997666 10.2704)
(-0.0258027 -0.00317267 10.2716)
(-0.0221605 -0.0172714 10.1359)
(-0.0270824 -0.012221 10.1831)
(-0.0299161 -0.00398484 10.2016)
(-0.0176161 -0.0137072 9.42935)
(-0.0212268 -0.00940549 9.59861)
(-0.0230282 -0.00299345 9.67828)
(-0.0056757 -0.00394203 7.53722)
(-0.00911186 -0.00358626 7.85081)
(-0.0111913 -0.00121989 8.00933)
(-0.0118052 -0.00953503 10.2947)
(-0.0122557 -0.00573148 10.2941)
(-0.0122932 -0.00198243 10.2938)
(-0.0136164 -0.0109413 10.2954)
(-0.0148374 -0.00655588 10.2948)
(-0.0151883 -0.00229228 10.2945)
(-0.0153653 -0.0122127 10.2963)
(-0.0170704 -0.00733153 10.2955)
(-0.0177038 -0.0025615 10.2952)
(-0.017066 -0.0134052 10.2972)
(-0.0193915 -0.00815824 10.2964)
(-0.0203654 -0.00285118 10.2959)
(-0.0184784 -0.0142372 10.2983)
(-0.0210251 -0.00865656 10.2973)
(-0.0221309 -0.0029905 10.2968)
(-0.020033 -0.0153809 10.2983)
(-0.0234664 -0.00985717 10.2977)
(-0.0251519 -0.00336019 10.2973)
(-0.0214231 -0.015623 10.2839)
(-0.0242257 -0.00963429 10.2896)
(-0.0254931 -0.00308457 10.2915)
(-0.020903 -0.0162158 10.1231)
(-0.0259196 -0.0116121 10.1812)
(-0.0287712 -0.00381888 10.2039)
(-0.0164612 -0.0125424 9.34961)
(-0.0203755 -0.00870581 9.53147)
(-0.0222307 -0.00279858 9.61787)
(-0.00431354 -0.00257135 7.42369)
(-0.00752689 -0.00256585 7.73241)
(-0.00936844 -0.000904316 7.89147)
(-0.0114599 -0.00924654 10.316)
(-0.0119439 -0.00554884 10.3154)
(-0.0119819 -0.00192718 10.3152)
(-0.0132054 -0.0106071 10.3167)
(-0.0144547 -0.00633845 10.3161)
(-0.0148059 -0.00222914 10.3157)
(-0.0149154 -0.0118438 10.3175)
(-0.016644 -0.0070818 10.3168)
(-0.0172738 -0.00249162 10.3164)
(-0.0165208 -0.0129731 10.3184)
(-0.0188772 -0.00786296 10.3176)
(-0.0198502 -0.00277292 10.3172)
(-0.0179956 -0.0138167 10.3194)
(-0.0205628 -0.00834304 10.3185)
(-0.0216542 -0.00291092 10.318)
(-0.019266 -0.0147608 10.3189)
(-0.0227404 -0.00944404 10.3185)
(-0.0244257 -0.00325519 10.3183)
(-0.0210369 -0.0151895 10.2998)
(-0.0238847 -0.00928935 10.3077)
(-0.0251339 -0.00299574 10.3103)
(-0.0195773 -0.0150952 10.1043)
(-0.0246803 -0.0109623 10.1753)
(-0.0275427 -0.0036388 10.2029)
(-0.0150909 -0.0112377 9.26946)
(-0.0193339 -0.00794928 9.46282)
(-0.0212591 -0.00258917 9.55558)
(-0.00307215 -0.00128656 7.32602)
(-0.00607329 -0.00157488 7.62496)
(-0.00768298 -0.000595921 7.78275)
(-0.0111066 -0.00895363 10.3367)
(-0.0116153 -0.00536543 10.3361)
(-0.0116544 -0.00187042 10.3359)
(-0.0127861 -0.0102685 10.3373)
(-0.0140488 -0.00612001 10.3367)
(-0.0143993 -0.00216358 10.3364)
(-0.0144604 -0.0114738 10.3381)
(-0.0161956 -0.00683416 10.3374)
(-0.01682 -0.00241987 10.3371)
(-0.0159585 -0.0125351 10.339)
(-0.018326 -0.00756664 10.3382)
(-0.0192947 -0.00269138 10.3378)
(-0.0175087 -0.0134028 10.3399)
(-0.020076 -0.00803644 10.3391)
(-0.0211504 -0.0028308 10.3386)
(-0.018481 -0.0141354 10.3387)
(-0.0219631 -0.0090251 10.3387)
(-0.023642 -0.00314519 10.3385)
(-0.0206189 -0.0147603 10.3138)
(-0.0234972 -0.00895626 10.3245)
(-0.0247304 -0.00290856 10.3281)
(-0.0182094 -0.0139418 10.0789)
(-0.0233771 -0.0102909 10.165)
(-0.0262489 -0.00345007 10.1983)
(-0.0135233 -0.00982183 9.18973)
(-0.0181003 -0.00714968 9.3932)
(-0.0201148 -0.00236642 9.49189)
(-0.00197232 -0.000142963 7.24459)
(-0.0047328 -0.000644443 7.52883)
(-0.00612275 -0.000299808 7.6834)
(-0.0107589 -0.00866835 10.3567)
(-0.0112797 -0.00518868 10.3562)
(-0.0113211 -0.00181414 10.356)
(-0.012374 -0.00994041 10.3573)
(-0.0136331 -0.00591045 10.3568)
(-0.0139814 -0.00209785 10.3565)
(-0.0140204 -0.0111203 10.3581)
(-0.0157404 -0.00660008 10.3575)
(-0.0163559 -0.00234958 10.3571)
(-0.0154046 -0.0121147 10.3589)
(-0.0177524 -0.00728387 10.3582)
(-0.0187152 -0.00261049 10.3578)
(-0.017035 -0.0130181 10.3597)
(-0.0195759 -0.00775269 10.359)
(-0.0206325 -0.00275369 10.3586)
(-0.0177152 -0.0135406 10.3577)
(-0.0211565 -0.00862134 10.3581)
(-0.0228228 -0.00303549 10.3581)
(-0.0201763 -0.0143562 10.3257)
(-0.0230704 -0.00865536 10.34)
(-0.0242924 -0.00282713 10.3446)
(-0.016835 -0.0127962 10.0463)
(-0.0220237 -0.00961895 10.1498)
(-0.0249048 -0.00325845 10.1897)
(-0.0118023 -0.00834847 9.1114)
(-0.0166795 -0.00633157 9.32317)
(-0.0188038 -0.0021345 9.42728)
(-0.00105045 0.000783477 7.17912)
(-0.00349671 0.000178162 7.44434)
(-0.00468114 -2.50356e-05 7.59372)
(-0.0104316 -0.00840403 10.3762)
(-0.0109507 -0.00502717 10.3757)
(-0.0109937 -0.00176022 10.3755)
(-0.0119856 -0.00963724 10.3768)
(-0.0132194 -0.00572019 10.3763)
(-0.0135655 -0.00203595 10.376)
(-0.0136045 -0.0107991 10.3775)
(-0.0152878 -0.00639107 10.3769)
(-0.0158959 -0.00228291 10.3766)
(-0.0148802 -0.0117314 10.3783)
(-0.0171775 -0.00702785 10.3776)
(-0.0181298 -0.00253344 10.3772)
(-0.0165947 -0.0126844 10.3788)
(-0.0190778 -0.00750761 10.3783)
(-0.0201161 -0.00268344 10.3779)
(-0.0170097 -0.0130121 10.3759)
(-0.020346 -0.00825181 10.3769)
(-0.0219913 -0.00293097 10.377)
(-0.019712 -0.0139932 10.335)
(-0.0226145 -0.00840746 10.3539)
(-0.0238333 -0.00275626 10.3599)
(-0.0154931 -0.0116993 10.0062)
(-0.02064 -0.00896596 10.1294)
(-0.0235267 -0.00306919 10.1769)
(-0.0100007 -0.00689143 9.03558)
(-0.015089 -0.00552501 9.25336)
(-0.0173395 -0.00189957 9.36224)
(-0.00034222 0.00142301 7.12848)
(-0.00237282 0.000839225 7.37166)
(-0.00336244 0.000216008 7.51394)
(-0.0101355 -0.0081693 10.395)
(-0.0106369 -0.0048859 10.3946)
(-0.0106829 -0.00171081 10.3944)
(-0.0116344 -0.00937155 10.3956)
(-0.012823 -0.00555639 10.3951)
(-0.013166 -0.00197867 10.3949)
(-0.0132347 -0.0105242 10.3963)
(-0.0148578 -0.00621589 10.3957)
(-0.0154558 -0.00222315 10.3954)
(-0.0144117 -0.0114058 10.397)
(-0.0166198 -0.00681066 10.3964)
(-0.0175581 -0.00246356 10.3961)
(-0.0161966 -0.012415 10.3974)
(-0.0185969 -0.00731433 10.3969)
(-0.0196181 -0.00262371 10.3966)
(-0.0164013 -0.0125781 10.3932)
(-0.0195611 -0.00793206 10.3949)
(-0.0211736 -0.00283598 10.3953)
(-0.0192199 -0.0136762 10.3412)
(-0.0221395 -0.00822882 10.3661)
(-0.023368 -0.0027008 10.3739)
(-0.0142147 -0.0106809 9.95886)
(-0.0192522 -0.00834719 10.1034)
(-0.0221345 -0.0028868 10.1594)
(-0.00821309 -0.00553158 8.96342)
(-0.0133645 -0.00475972 9.18449)
(-0.0157451 -0.00166902 9.29732)
(0.000136891 0.00174198 7.09074)
(-0.00138575 0.00129312 7.31064)
(-0.00218333 0.000409293 7.44423)
(-0.00987892 -0.00797003 10.4134)
(-0.0103501 -0.0047681 10.413)
(-0.0103985 -0.00166702 10.4128)
(-0.0113323 -0.00914959 10.4139)
(-0.0124582 -0.00542293 10.4135)
(-0.0127955 -0.00192835 10.4132)
(-0.0129172 -0.0103008 10.4145)
(-0.0144633 -0.00607906 10.4141)
(-0.0150497 -0.00217233 10.4138)
(-0.0140121 -0.0111441 10.4152)
(-0.0161006 -0.0066371 10.4147)
(-0.0170187 -0.00240321 10.4143)
(-0.0158431 -0.0122099 10.4153)
(-0.01815 -0.00717809 10.4151)
(-0.0191544 -0.00257732 10.4148)
(-0.015917 -0.0122499 10.4098)
(-0.0188357 -0.00766861 10.4123)
(-0.0203966 -0.00275405 10.4129)
(-0.0186896 -0.0133931 10.3437)
(-0.0216546 -0.0081231 10.3764)
(-0.0229109 -0.00266472 10.3864)
(-0.0130162 -0.00974975 9.90515)
(-0.0178927 -0.00776906 10.0716)
(-0.0207512 -0.00271438 10.1371)
(-0.00654222 -0.00433655 8.89593)
(-0.0115647 -0.00405798 9.11737)
(-0.0140549 -0.00145071 9.23312)
(0.000399718 0.00176349 7.06337)
(-0.000570342 0.00152071 7.26073)
(-0.00117029 0.00054191 7.38453)
(-0.00966262 -0.0078077 10.4313)
(-0.0100967 -0.00467502 10.4309)
(-0.0101471 -0.00162979 10.4307)
(-0.0110821 -0.00897127 10.4318)
(-0.0121347 -0.00531898 10.4314)
(-0.0124636 -0.00188587 10.4311)
(-0.0126551 -0.0101282 10.4323)
(-0.0141141 -0.00597981 10.4319)
(-0.014688 -0.00213117 10.4316)
(-0.0136891 -0.010946 10.4329)
(-0.0156366 -0.0065062 10.4325)
(-0.0165277 -0.0023531 10.4321)
(-0.0155302 -0.0120619 10.4327)
(-0.0177472 -0.00709673 10.4327)
(-0.0187373 -0.00254498 10.4325)
(-0.0155706 -0.0120269 10.4254)
(-0.0181979 -0.00746043 10.429)
(-0.0196857 -0.00268592 10.4299)
(-0.0181127 -0.0131268 10.3418)
(-0.0211595 -0.00808167 10.3845)
(-0.0224704 -0.00264833 10.3972)
(-0.0119021 -0.00890535 9.84646)
(-0.0165843 -0.00723025 10.034)
(-0.0193997 -0.00255134 10.1098)
(-0.00507822 -0.00335899 8.83378)
(-0.0097587 -0.00343518 9.05283)
(-0.0123163 -0.00124887 9.17031)
(0.000490851 0.00155245 7.04368)
(4.61481e-05 0.00153157 7.2209)
(-0.000353714 0.000609368 7.33452)
(-0.0094852 -0.00767832 10.4488)
(-0.00988104 -0.00460405 10.4484)
(-0.00993211 -0.00159969 10.4482)
(-0.010881 -0.00883064 10.4492)
(-0.0118593 -0.00524063 10.4488)
(-0.0121761 -0.00185153 10.4486)
(-0.0124427 -0.00999614 10.4497)
(-0.0138172 -0.0059122 10.4494)
(-0.0143769 -0.00210018 10.4491)
(-0.0134429 -0.0108013 10.4502)
(-0.0152411 -0.00641099 10.4498)
(-0.0160969 -0.00231361 10.4496)
(-0.0152503 -0.0119532 10.4497)
(-0.017394 -0.00705997 10.4499)
(-0.0183736 -0.00252665 10.4497)
(-0.0153564 -0.0118906 10.4401)
(-0.0176744 -0.00730066 10.4451)
(-0.0190628 -0.00263148 10.4464)
(-0.0174796 -0.012846 10.3351)
(-0.020658 -0.00808531 10.39)
(-0.0220477 -0.00265098 10.4063)
(-0.0108616 -0.0081254 9.78456)
(-0.015353 -0.00672452 9.99123)
(-0.0180989 -0.00239797 10.0775)
(-0.00388112 -0.00260953 8.7773)
(-0.0080341 -0.00289852 8.99164)
(-0.0105833 -0.00106989 9.10958)
(0.000464766 0.00121049 7.0292)
(0.000448327 0.00136746 7.18979)
(0.000246596 0.000609825 7.29354)
(-0.00934507 -0.00757604 10.4659)
(-0.00970352 -0.00455022 10.4656)
(-0.00975398 -0.00157624 10.4654)
(-0.0107253 -0.00872195 10.4664)
(-0.0116323 -0.0051832 10.466)
(-0.0119353 -0.00182439 10.4658)
(-0.01227 -0.00989417 10.4668)
(-0.0135722 -0.0058685 10.4665)
(-0.014118 -0.00207774 10.4662)
(-0.013266 -0.0106983 10.4672)
(-0.0149203 -0.00634317 10.4669)
(-0.0157337 -0.00228305 10.4666)
(-0.0149941 -0.0118671 10.4663)
(-0.0170878 -0.00705381 10.4667)
(-0.0180646 -0.00251976 10.4666)
(-0.0152547 -0.011819 10.4538)
(-0.0172769 -0.00717949 10.4607)
(-0.0185448 -0.00258799 10.4624)
(-0.0167894 -0.0125272 10.323)
(-0.0201426 -0.00810686 10.3926)
(-0.0216388 -0.00266726 10.4134)
(-0.00988417 -0.00739505 9.72139)
(-0.0142035 -0.00624123 9.94387)
(-0.016864 -0.00225041 10.0404)
(-0.00297345 -0.00207999 8.72638)
(-0.0064657 -0.00244838 8.93441)
(-0.00891886 -0.00091378 9.05157)
(0.000379339 0.000829326 7.01791)
(0.000650046 0.00108797 7.1658)
(0.000624922 0.000555439 7.26061)
(-0.00923441 -0.007496 10.4828)
(-0.00956065 -0.00451 10.4825)
(-0.00961022 -0.00155799 10.4823)
(-0.010607 -0.00863776 10.4832)
(-0.0114514 -0.00514072 10.4829)
(-0.0117399 -0.00180297 10.4827)
(-0.0121281 -0.00981325 10.4837)
(-0.013374 -0.00584095 10.4833)
(-0.0139083 -0.00206157 10.4831)
(-0.0131455 -0.010625 10.4839)
(-0.0146741 -0.00629485 10.4837)
(-0.0154401 -0.00225914 10.4835)
(-0.0147537 -0.0117887 10.4825)
(-0.0168225 -0.007064 10.4833)
(-0.017805 -0.00252088 10.4833)
(-0.0152351 -0.0117873 10.4663)
(-0.017006 -0.00708817 10.4756)
(-0.01814 -0.00255272 10.4779)
(-0.0160485 -0.0121537 10.3053)
(-0.0196038 -0.00811849 10.3919)
(-0.021232 -0.00269031 10.4181)
(-0.00896312 -0.00670502 9.65879)
(-0.0131311 -0.00577217 9.89299)
(-0.0157001 -0.00210542 9.99908)
(-0.00234257 -0.00174097 8.68065)
(-0.00511323 -0.00208278 8.88155)
(-0.00738164 -0.000780409 8.99686)
(0.000280426 0.00048 7.00835)
(0.000687807 0.000755397 7.14728)
(0.000797842 0.000462546 7.23455)
(-0.00914583 -0.00743249 10.4995)
(-0.0094475 -0.00447934 10.4992)
(-0.00949613 -0.00154357 10.4991)
(-0.0105168 -0.0085704 10.4999)
(-0.011312 -0.00510802 10.4996)
(-0.0115856 -0.00178605 10.4994)
(-0.0120087 -0.00974439 10.5003)
(-0.0132142 -0.00582164 10.5)
(-0.0137406 -0.00204984 10.4998)
(-0.0130687 -0.0105713 10.5004)
(-0.0144953 -0.00625894 10.5003)
(-0.0152128 -0.00223986 10.5001)
(-0.014528 -0.0117093 10.4985)
(-0.0165871 -0.00707708 10.4996)
(-0.0175846 -0.00252625 10.4997)
(-0.0152617 -0.0117743 10.4775)
(-0.0168491 -0.00702061 10.49)
(-0.0178481 -0.00252295 10.493)
(-0.0152677 -0.0117181 10.2822)
(-0.0190334 -0.00809645 10.3876)
(-0.0208118 -0.00271237 10.4203)
(-0.00809813 -0.00605537 9.5983)
(-0.0121239 -0.00531355 9.83982)
(-0.0146037 -0.00196053 9.95422)
(-0.00194914 -0.00155234 8.63957)
(-0.00401209 -0.00179759 8.83319)
(-0.00602076 -0.000669005 8.94584)
(0.000197453 0.000202819 6.99955)
(0.000612708 0.000423104 7.13272)
(0.000801871 0.000349663 7.21405)
(-0.00907406 -0.00737993 10.5161)
(-0.00935767 -0.00445424 10.5158)
(-0.00940574 -0.00153208 10.5156)
(-0.0104476 -0.00851462 10.5164)
(-0.0112062 -0.00508125 10.5162)
(-0.0114661 -0.00177227 10.516)
(-0.0119052 -0.00968162 10.5168)
(-0.0130836 -0.00580482 10.5165)
(-0.0136059 -0.00204069 10.5163)
(-0.0130213 -0.0105293 10.5167)
(-0.0143733 -0.00623104 10.5167)
(-0.0150449 -0.00222369 10.5165)
(-0.0143192 -0.0116251 10.5141)
(-0.0163719 -0.00708301 10.5157)
(-0.0173908 -0.00253253 10.5159)
(-0.0152984 -0.0117618 10.4869)
(-0.0167846 -0.00697339 10.5037)
(-0.0176602 -0.00249733 10.5077)
(-0.014461 -0.0112219 10.2539)
(-0.0184254 -0.00802324 10.3792)
(-0.0203621 -0.0027262 10.4194)
(-0.0072954 -0.00545373 9.54106)
(-0.0111683 -0.00486653 9.78568)
(-0.013566 -0.00181509 9.90672)
(-0.00173984 -0.00147152 8.60252)
(-0.00317008 -0.00158612 8.78924)
(-0.00487041 -0.000578728 8.89874)
(0.000143415 9.50983e-06 6.99096)
(0.000479255 0.000128824 7.12086)
(0.000686286 0.000233759 7.19785)
(-0.00901407 -0.00733455 10.5325)
(-0.00928506 -0.00443199 10.5322)
(-0.00933311 -0.00152252 10.5321)
(-0.0103925 -0.00846645 10.5328)
(-0.0111259 -0.00505778 10.5326)
(-0.0113746 -0.00176069 10.5324)
(-0.011813 -0.00962178 10.5331)
(-0.0129726 -0.00578649 10.5329)
(-0.0134947 -0.00203238 10.5327)
(-0.0129902 -0.0104939 10.5329)
(-0.0142956 -0.00620877 10.533)
(-0.0149274 -0.00220952 10.5329)
(-0.0141322 -0.0115363 10.5295)
(-0.0161687 -0.0070749 10.5316)
(-0.0172119 -0.00253665 10.5319)
(-0.0153115 -0.0117355 10.4943)
(-0.0167849 -0.00694477 10.5166)
(-0.0175615 -0.00247524 10.5219)
(-0.0136426 -0.0106735 10.221)
(-0.0177772 -0.00788853 10.3665)
(-0.0198696 -0.00272544 10.4153)
(-0.00656406 -0.0049111 9.48775)
(-0.0102543 -0.00443619 9.7318)
(-0.0125765 -0.00166968 9.85758)
(-0.00165829 -0.00145921 8.5689)
(-0.00257175 -0.00143902 8.74944)
(-0.00394609 -0.000508093 8.8556)
(0.000118644 -0.000108261 6.98229)
(0.000334265 -0.000106534 7.11072)
(0.000504024 0.00012816 7.18477)
(-0.00896208 -0.0072938 10.5488)
(-0.0092239 -0.00441082 10.5486)
(-0.00927286 -0.0015141 10.5484)
(-0.0103464 -0.00842361 10.5491)
(-0.0110647 -0.00503635 10.5489)
(-0.0113047 -0.00175038 10.5487)
(-0.0117301 -0.00956312 10.5493)
(-0.012875 -0.00576457 10.5492)
(-0.0133986 -0.00202409 10.549)
(-0.0129634 -0.0104612 10.549)
(-0.0142487 -0.00619113 10.5492)
(-0.01485 -0.00219704 10.5491)
(-0.0139728 -0.0114451 10.5445)
(-0.0159739 -0.00704927 10.5473)
(-0.0170383 -0.00253658 10.5478)
(-0.0152741 -0.0116845 10.4993)
(-0.0168205 -0.00693362 10.5285)
(-0.0175325 -0.00245723 10.5354)
(-0.012825 -0.0100849 10.1844)
(-0.0170913 -0.00768937 10.3497)
(-0.0193256 -0.00270586 10.4077)
(-0.00591321 -0.00443697 9.43869)
(-0.00937841 -0.00403042 9.67929)
(-0.0116265 -0.00152676 9.80787)
(-0.00165354 -0.00148215 8.53819)
(-0.00218445 -0.00134487 8.71339)
(-0.00324506 -0.000455783 8.81629)
(0.000115533 -0.00016833 6.97343)
(0.000210188 -0.000277076 7.10159)
(0.000303194 4.03929e-05 7.17386)
(-0.00891557 -0.00725605 10.5651)
(-0.00917063 -0.00438991 10.5648)
(-0.00922089 -0.00150643 10.5647)
(-0.0103048 -0.00838404 10.5653)
(-0.0110158 -0.00501618 10.5651)
(-0.0112506 -0.00174129 10.565)
(-0.0116554 -0.00950562 10.5655)
(-0.012785 -0.00573802 10.5654)
(-0.0133109 -0.00201489 10.5652)
(-0.0129316 -0.0104285 10.5649)
(-0.0142211 -0.00617809 10.5653)
(-0.0148027 -0.00218622 10.5652)
(-0.0138457 -0.0113545 10.5591)
(-0.0157876 -0.00700545 10.5628)
(-0.0168641 -0.002531 10.5636)
(-0.0151672 -0.0116005 10.5015)
(-0.0168632 -0.00693793 10.5393)
(-0.0175514 -0.00244418 10.5483)
(-0.0120185 -0.00946999 10.145)
(-0.0163735 -0.00742876 10.3286)
(-0.0187269 -0.00266509 10.3964)
(-0.00534909 -0.00403666 9.39385)
(-0.00854422 -0.00365746 9.629)
(-0.0107119 -0.00138957 9.75856)
(-0.00168468 -0.00151502 8.50997)
(-0.0019661 -0.00129101 8.68066)
(-0.00274898 -0.000419859 8.78054)
(0.000123282 -0.000190857 6.96436)
(0.000123778 -0.00038732 7.09303)
(0.000120777 -2.67437e-05 7.16436)
(-0.00887311 -0.00722055 10.5812)
(-0.0091228 -0.00436903 10.581)
(-0.00917456 -0.00149926 10.5808)
(-0.0102649 -0.0083467 10.5815)
(-0.0109749 -0.00499721 10.5813)
(-0.0112077 -0.0017333 10.5811)
(-0.0115891 -0.00944952 10.5815)
(-0.0127006 -0.00570706 10.5815)
(-0.0132273 -0.00200466 10.5813)
(-0.0128883 -0.0103937 10.5807)
(-0.0142026 -0.00616971 10.5813)
(-0.0147761 -0.0021777 10.5812)
(-0.0137528 -0.0112662 10.5733)
(-0.0156133 -0.00694494 10.5782)
(-0.0166882 -0.00251955 10.5792)
(-0.0149804 -0.0114768 10.5007)
(-0.0168885 -0.00695394 10.5488)
(-0.017596 -0.0024371 10.5604)
(-0.0112316 -0.00884311 10.1039)
(-0.0156314 -0.00711398 10.3038)
(-0.0180757 -0.00260285 10.3814)
(-0.00487377 -0.00370981 9.35301)
(-0.00776012 -0.00332386 9.58153)
(-0.00983384 -0.00126164 9.71051)
(-0.00172264 -0.00154049 8.48388)
(-0.00187173 -0.00126444 8.65082)
(-0.00242838 -0.000397829 8.74802)
(0.000131297 -0.000193267 6.95511)
(7.83475e-05 -0.000447432 7.08475)
(-2.02901e-05 -7.40421e-05 7.15574)
(-0.0088343 -0.00718725 10.5973)
(-0.00907939 -0.00434851 10.5971)
(-0.00913262 -0.00149256 10.5969)
(-0.0102249 -0.00831112 10.5975)
(-0.0109389 -0.00497971 10.5973)
(-0.0111731 -0.00172654 10.5972)
(-0.0115318 -0.00939571 10.5975)
(-0.0126213 -0.00567248 10.5975)
(-0.0131464 -0.00199338 10.5974)
(-0.01283 -0.0103559 10.5964)
(-0.0141848 -0.00616555 10.5972)
(-0.0147625 -0.00217165 10.5972)
(-0.0136925 -0.0111818 10.5869)
(-0.0154559 -0.00687096 10.5933)
(-0.0165128 -0.00250217 10.5946)
(-0.0147112 -0.0113097 10.4966)
(-0.0168764 -0.00697606 10.5566)
(-0.0176455 -0.00243617 10.5714)
(-0.0104708 -0.00821843 10.062)
(-0.0148739 -0.00675567 10.2755)
(-0.0173784 -0.0025202 10.3627)
(-0.0044836 -0.00345075 9.31579)
(-0.00703741 -0.00303389 9.53723)
(-0.00899839 -0.00114592 9.66441)
(-0.00174891 -0.00154863 8.45966)
(-0.00185915 -0.00125344 8.62345)
(-0.00224762 -0.000386549 8.71836)
(0.000131797 -0.00018841 6.94572)
(6.76863e-05 -0.000469849 7.07658)
(-0.000110711 -0.000104237 7.14763)
(-0.00879951 -0.00715672 10.6133)
(-0.00904062 -0.0043291 10.6131)
(-0.00909532 -0.00148645 10.613)
(-0.0101844 -0.00827739 10.6135)
(-0.0109059 -0.0049641 10.6133)
(-0.011145 -0.00172113 10.6132)
(-0.0114839 -0.00934531 10.6134)
(-0.0125481 -0.00563568 10.6135)
(-0.0130687 -0.00198128 10.6133)
(-0.0127567 -0.0103149 10.6119)
(-0.0141619 -0.00616487 10.613)
(-0.0147552 -0.00216818 10.6131)
(-0.0136591 -0.0111011 10.5998)
(-0.0153212 -0.0067881 10.6082)
(-0.0163431 -0.00247937 10.6099)
(-0.0143644 -0.0110971 10.4891)
(-0.0168126 -0.00699688 10.5625)
(-0.0176811 -0.00244084 10.5813)
(-0.0097424 -0.00760961 10.0203)
(-0.0141089 -0.00636595 10.2444)
(-0.0166439 -0.00241945 10.3407)
(-0.00417088 -0.00325011 9.28179)
(-0.00638643 -0.0027885 9.49623)
(-0.00821469 -0.00104437 9.62075)
(-0.00175423 -0.00153582 8.43708)
(-0.00189186 -0.00124825 8.59821)
(-0.00216962 -0.000382545 8.6912)
(0.000120677 -0.00018414 6.93626)
(8.03504e-05 -0.000466723 7.06846)
(-0.000152231 -0.000120835 7.1398)
(-0.00876965 -0.00712996 10.6292)
(-0.0090077 -0.00431191 10.6291)
(-0.00906404 -0.00148128 10.6289)
(-0.010144 -0.00824603 10.6294)
(-0.0108755 -0.00495091 10.6293)
(-0.0111226 -0.00171732 10.6292)
(-0.0114458 -0.00929938 10.6292)
(-0.0124833 -0.00559864 10.6293)
(-0.0129962 -0.00196884 10.6292)
(-0.0126708 -0.0102705 10.6273)
(-0.0141302 -0.00616665 10.6287)
(-0.0147492 -0.00216745 10.6288)
(-0.0136446 -0.0110237 10.6119)
(-0.015213 -0.00670159 10.6227)
(-0.016186 -0.00245215 10.625)
(-0.0139495 -0.0108392 10.478)
(-0.0166884 -0.00700814 10.5663)
(-0.0176873 -0.00244966 10.5898)
(-0.00905195 -0.00702905 9.97947)
(-0.0133437 -0.00595782 10.2112)
(-0.0158829 -0.00230378 10.3156)
(-0.00392433 -0.00309623 9.25058)
(-0.00581503 -0.0025858 9.45848)
(-0.00749301 -0.000957878 9.57982)
(-0.00173602 -0.00150298 8.41597)
(-0.00194105 -0.00124163 8.57481)
(-0.00215959 -0.000382479 8.6662)
(9.7199e-05 -0.000184278 6.92678)
(0.000103776 -0.000448444 7.06035)
(-0.000154101 -0.000127334 7.13212)
(-0.0087461 -0.00710839 10.6451)
(-0.00898262 -0.00429839 10.6449)
(-0.00904119 -0.00147751 10.6448)
(-0.0101053 -0.00821798 10.6452)
(-0.010848 -0.00494078 10.6451)
(-0.0111064 -0.00171533 10.645)
(-0.0114168 -0.00925896 10.6449)
(-0.0124297 -0.00556364 10.6451)
(-0.0129323 -0.00195671 10.6451)
(-0.0125778 -0.0102237 10.6425)
(-0.0140887 -0.00616929 10.6442)
(-0.0147408 -0.00216938 10.6445)
(-0.0136387 -0.010948 10.623)
(-0.0151336 -0.00661708 10.6369)
(-0.0160486 -0.00242204 10.6398)
(-0.0134796 -0.0105382 10.4636)
(-0.0165003 -0.00700157 10.5677)
(-0.0176522 -0.00246056 10.5967)
(-0.00840473 -0.00648712 9.94008)
(-0.0125854 -0.00554415 10.1765)
(-0.0151058 -0.00217717 10.2879)
(-0.00373077 -0.00297641 9.22178)
(-0.0053275 -0.00242174 9.42379)
(-0.00684255 -0.000886449 9.54175)
(-0.00169632 -0.00145338 8.39618)
(-0.00198645 -0.00122901 8.55302)
(-0.00218734 -0.000383806 8.64306)
(6.28997e-05 -0.000189295 6.91733)
(0.000126718 -0.000423035 7.05224)
(-0.000129135 -0.000127197 7.12453)
(-0.00873079 -0.00709399 10.6609)
(-0.00896774 -0.0042902 10.6608)
(-0.00903 -0.00147567 10.6607)
(-0.0100707 -0.00819498 10.6609)
(-0.0108252 -0.00493459 10.6609)
(-0.0110976 -0.00171527 10.6608)
(-0.0113965 -0.00922545 10.6605)
(-0.0123897 -0.00553306 10.6608)
(-0.0128813 -0.00194562 10.6608)
(-0.0124851 -0.0101765 10.6575)
(-0.0140374 -0.00617101 10.6597)
(-0.0147283 -0.00217329 10.6601)
(-0.0136301 -0.0108727 10.6329)
(-0.0150829 -0.00654016 10.6507)
(-0.0159369 -0.00239049 10.6544)
(-0.0129688 -0.0101983 10.446)
(-0.0162497 -0.00696987 10.5665)
(-0.0175674 -0.00247062 10.6018)
(-0.00780557 -0.00599252 9.90253)
(-0.0118401 -0.00513709 10.141)
(-0.0143229 -0.00204365 10.2581)
(-0.00357699 -0.00287954 9.19505)
(-0.00492315 -0.00229073 9.39192)
(-0.00627006 -0.000828948 9.50652)
(-0.00163968 -0.00139245 8.37759)
(-0.00201496 -0.00120833 8.53264)
(-0.00222891 -0.00038436 8.62154)
(2.13304e-05 -0.00019846 6.90795)
(0.00014106 -0.000396366 7.04415)
(-9.09e-05 -0.000122939 7.11699)
(-0.00872595 -0.00708905 10.6766)
(-0.008966 -0.00428936 10.6765)
(-0.00903425 -0.0014765 10.6765)
(-0.0100436 -0.00817917 10.6766)
(-0.0108092 -0.00493343 10.6766)
(-0.0110986 -0.00171748 10.6765)
(-0.011385 -0.00920062 10.676)
(-0.0123657 -0.00550973 10.6765)
(-0.0128474 -0.00193649 10.6765)
(-0.0124009 -0.0101313 10.6722)
(-0.0139794 -0.00617089 10.675)
(-0.0147114 -0.00217881 10.6755)
(-0.013608 -0.0107956 10.6414)
(-0.0150588 -0.00647608 10.6639)
(-0.0158558 -0.00235971 10.6687)
(-0.0124317 -0.00982539 10.4256)
(-0.0159415 -0.00690759 10.5626)
(-0.0174285 -0.00247711 10.6048)
(-0.00725831 -0.00555081 9.86702)
(-0.0111146 -0.00474758 10.1054)
(-0.0135438 -0.00190769 10.2268)
(-0.00345087 -0.00279588 9.17012)
(-0.00459738 -0.00218661 9.36258)
(-0.0057788 -0.000783956 9.474)
(-0.00157193 -0.00132555 8.36007)
(-0.0020201 -0.00117948 8.51351)
(-0.00226677 -0.000383154 8.60142)
(-2.35056e-05 -0.000209739 6.89871)
(0.000142075 -0.000372213 7.03607)
(-5.14168e-05 -0.000116927 7.10948)
(-0.00873418 -0.00709621 10.6922)
(-0.00898077 -0.00429802 10.6922)
(-0.00905827 -0.00148083 10.6923)
(-0.0100283 -0.00817307 10.6921)
(-0.0108036 -0.0049386 10.6922)
(-0.0111126 -0.00172232 10.6922)
(-0.0113823 -0.00918626 10.6914)
(-0.0123599 -0.00549623 10.692)
(-0.0128349 -0.00193028 10.692)
(-0.0123331 -0.0100909 10.6867)
(-0.0139194 -0.00616833 10.6902)
(-0.0146914 -0.0021854 10.6909)
(-0.0135634 -0.010715 10.6482)
(-0.0150571 -0.00642894 10.6766)
(-0.0158086 -0.00233174 10.6826)
(-0.0118819 -0.00942701 10.4028)
(-0.0155835 -0.00681146 10.5559)
(-0.0172349 -0.00247713 10.6055)
(-0.00676592 -0.00516527 9.83364)
(-0.0104152 -0.0043846 10.0702)
(-0.0127781 -0.0017734 10.1946)
(-0.00334226 -0.00271854 9.14673)
(-0.00434187 -0.00210311 9.33545)
(-0.00536863 -0.000749333 9.444)
(-0.00149877 -0.0012579 8.34352)
(-0.00200049 -0.00114365 8.49551)
(-0.00228969 -0.000379504 8.58253)
(-6.76235e-05 -0.000221408 6.88963)
(0.000128267 -0.000352601 7.02802)
(-1.97907e-05 -0.000110537 7.10201)
(-0.00875861 -0.00711848 10.7078)
(-0.00901581 -0.00431863 10.7079)
(-0.00910665 -0.00148967 10.708)
(-0.0100294 -0.00817965 10.7076)
(-0.0108125 -0.00495195 10.7078)
(-0.0111435 -0.0017305 10.7078)
(-0.0113891 -0.00918431 10.7066)
(-0.0123744 -0.00549544 10.7074)
(-0.0128482 -0.00192835 10.7075)
(-0.0122893 -0.0100578 10.7009)
(-0.0138638 -0.0061637 10.7052)
(-0.0146721 -0.00219285 10.7061)
(-0.01349 -0.010629 10.6531)
(-0.0150727 -0.00640168 10.6885)
(-0.0157964 -0.00230885 10.696)
(-0.0113315 -0.0090116 10.3782)
(-0.0151852 -0.00668083 10.5464)
(-0.0169891 -0.0024685 10.6039)
(-0.0063301 -0.00483628 9.80234)
(-0.00974912 -0.0040552 10.0359)
(-0.0120341 -0.00164475 10.1619)
(-0.00324369 -0.00264291 9.12471)
(-0.00414613 -0.00203471 9.31026)
(-0.00503578 -0.000723164 9.41627)
(-0.00142556 -0.00119372 8.32783)
(-0.00195815 -0.00110285 8.47852)
(-0.00229189 -0.000373591 8.56475)
(-0.00010795 -0.000231914 6.88074)
(0.000100785 -0.000338345 7.02002)
(-1.71586e-06 -0.00010496 7.09456)
(-0.00880286 -0.00715918 10.7234)
(-0.0090752 -0.00435374 10.7236)
(-0.0091844 -0.00150407 10.7238)
(-0.0100517 -0.00820231 10.723)
(-0.0108412 -0.00497564 10.7233)
(-0.0111963 -0.00174274 10.7234)
(-0.0114071 -0.00919702 10.7217)
(-0.0124115 -0.00551002 10.7228)
(-0.0128916 -0.00193198 10.7229)
(-0.0122756 -0.0100347 10.7146)
(-0.0138205 -0.00615834 10.72)
(-0.0146587 -0.00220114 10.7212)
(-0.0133847 -0.010536 10.656)
(-0.0151003 -0.00639581 10.6995)
(-0.0158187 -0.00229313 10.709)
(-0.0107916 -0.00858845 10.3521)
(-0.0147571 -0.00651763 10.5342)
(-0.0166964 -0.00244975 10.5998)
(-0.00595116 -0.00456183 9.77302)
(-0.00912337 -0.00376417 10.0027)
(-0.0113203 -0.00152523 10.1293)
(-0.00315037 -0.00256674 9.1039)
(-0.00399872 -0.00197692 9.28673)
(-0.00477356 -0.000703628 9.39056)
(-0.00135667 -0.00113606 8.3129)
(-0.00189759 -0.00105951 8.46245)
(-0.0022719 -0.00036604 8.54794)
(-0.000142427 -0.000240191 6.87207)
(6.25379e-05 -0.00032939 7.01208)
(3.12514e-07 -0.000101044 7.08715)
(-0.00887103 -0.00722187 10.7389)
(-0.00916341 -0.00440594 10.7392)
(-0.00929683 -0.0015251 10.7396)
(-0.0101005 -0.00824467 10.7383)
(-0.0108954 -0.00501211 10.7388)
(-0.0112768 -0.00175991 10.7389)
(-0.0114392 -0.00922685 10.7367)
(-0.0124739 -0.00554236 10.738)
(-0.0129695 -0.00194241 10.7383)
(-0.0122964 -0.0100243 10.728)
(-0.0137982 -0.00615452 10.7347)
(-0.0146583 -0.00221045 10.7361)
(-0.0132478 -0.010435 10.6567)
(-0.0151345 -0.00641118 10.7095)
(-0.0158739 -0.0022863 10.7213)
(-0.0102715 -0.0081673 10.3252)
(-0.01431 -0.00632601 10.5194)
(-0.0163645 -0.00242017 10.5932)
(-0.00562801 -0.00433806 9.7455)
(-0.00854475 -0.00351393 9.97096)
(-0.0106451 -0.00141757 10.0971)
(-0.0030598 -0.00248972 9.08415)
(-0.00388846 -0.00192624 9.26464)
(-0.00457337 -0.000688896 9.36661)
(-0.00129532 -0.00108685 8.29865)
(-0.00182486 -0.00101607 8.44719)
(-0.00223137 -0.000357496 8.53201)
(-0.000170023 -0.000245736 6.86361)
(1.72782e-05 -0.000324951 7.00422)
(-1.35824e-05 -9.91035e-05 7.07977)
(-0.00896778 -0.00731063 10.7543)
(-0.00928496 -0.0044779 10.7549)
(-0.00944949 -0.00155373 10.7554)
(-0.0101814 -0.00831121 10.7536)
(-0.010981 -0.00506423 10.7542)
(-0.0113919 -0.00178286 10.7545)
(-0.0114896 -0.00927732 10.7516)
(-0.0125643 -0.00559526 10.7532)
(-0.013086 -0.00196048 10.7535)
(-0.0123546 -0.0100306 10.7407)
(-0.0138052 -0.00615606 10.7491)
(-0.0146792 -0.00222072 10.7508)
(-0.0130829 -0.010327 10.655)
(-0.0151706 -0.00644666 10.7183)
(-0.0159592 -0.0022892 10.733)
(-0.00977851 -0.00775922 10.2977)
(-0.0138543 -0.00611308 10.5024)
(-0.0160028 -0.00237937 10.5841)
(-0.00535678 -0.00416004 9.71959)
(-0.00802058 -0.00330595 9.94073)
(-0.0100162 -0.00132354 10.0658)
(-0.0029706 -0.00241345 9.06534)
(-0.0038054 -0.0018812 9.24379)
(-0.0044256 -0.00067742 9.34419)
(-0.00124278 -0.00104744 8.28499)
(-0.00174634 -0.000975401 8.43266)
(-0.00217443 -0.000348626 8.51686)
(-0.000190072 -0.000249086 6.85536)
(-3.0906e-05 -0.000324603 6.99643)
(-4.13696e-05 -9.91166e-05 7.07241)
(-0.00909824 -0.00742941 10.7698)
(-0.00944492 -0.00457217 10.7707)
(-0.00964799 -0.00159102 10.7714)
(-0.0102994 -0.00840605 10.7687)
(-0.011105 -0.00513515 10.7696)
(-0.0115488 -0.00181267 10.77)
(-0.0115641 -0.00935163 10.7663)
(-0.012686 -0.00567032 10.7682)
(-0.0132457 -0.00198734 10.7687)
(-0.0124511 -0.0100563 10.7529)
(-0.0138505 -0.00616724 10.7632)
(-0.0147311 -0.00223282 10.7654)
(-0.0128965 -0.0102122 10.6508)
(-0.0152057 -0.00649949 10.7258)
(-0.0160716 -0.00230265 10.7437)
(-0.00931982 -0.00737381 10.2702)
(-0.0133995 -0.00588656 10.4833)
(-0.0156215 -0.00232842 10.5725)
(-0.0051343 -0.00402205 9.6951)
(-0.00755625 -0.00313906 9.91204)
(-0.009441 -0.00124438 10.0355)
(-0.00288395 -0.00234013 9.04737)
(-0.003741 -0.00184069 9.224)
(-0.0043205 -0.000668242 9.32307)
(-0.00120016 -0.00101802 8.27184)
(-0.00166799 -0.000939439 8.41876)
(-0.00210649 -0.000340212 8.50241)
(-0.000203164 -0.000250594 6.8473)
(-7.84492e-05 -0.000327341 6.98873)
(-7.97654e-05 -0.000101003 7.06509)
(-0.00926798 -0.00758218 10.7853)
(-0.00964844 -0.00469118 10.7865)
(-0.00989785 -0.001638 10.7875)
(-0.0104596 -0.00853377 10.7839)
(-0.0112742 -0.00522836 10.7849)
(-0.0117551 -0.00185047 10.7856)
(-0.0116703 -0.00945368 10.7808)
(-0.012843 -0.00576912 10.7832)
(-0.0134526 -0.00202401 10.7838)
(-0.0125857 -0.0101043 10.7643)
(-0.0139421 -0.00619326 10.7771)
(-0.0148239 -0.00224794 10.7798)
(-0.0126967 -0.0100919 10.6443)
(-0.0152386 -0.0065663 10.7317)
(-0.0162081 -0.00232666 10.7535)
(-0.00890152 -0.00702017 10.2429)
(-0.0129548 -0.00565551 10.4625)
(-0.0152312 -0.00226911 10.5587)
(-0.00495653 -0.00391859 9.67183)
(-0.00715572 -0.00301106 9.88487)
(-0.00892606 -0.00118058 10.0063)
(-0.00280166 -0.00227257 9.03013)
(-0.00368885 -0.00180482 9.20512)
(-0.00424905 -0.000660764 9.30306)
(-0.00116747 -0.000998388 8.25912)
(-0.00159508 -0.000909971 8.4054)
(-0.00203356 -0.000332922 8.48857)
(-0.000210192 -0.000251019 6.83941)
(-0.000122461 -0.000332466 6.98111)
(-0.000125 -0.000104525 7.05779)
(-0.00948252 -0.00777195 10.8009)
(-0.00990143 -0.00483701 10.8025)
(-0.0102045 -0.00169585 10.8039)
(-0.010667 -0.00869851 10.7989)
(-0.0114952 -0.00534729 10.8004)
(-0.0120186 -0.00189759 10.8012)
(-0.0118166 -0.00958721 10.7951)
(-0.0130398 -0.00589292 10.798)
(-0.0137112 -0.00207143 10.7989)
(-0.0127571 -0.0101775 10.7748)
(-0.0140869 -0.00623976 10.7906)
(-0.0149675 -0.00226758 10.794)
(-0.012493 -0.00996854 10.6353)
(-0.0152696 -0.00664341 10.7359)
(-0.0163662 -0.00236099 10.7622)
(-0.00852905 -0.00670641 10.216)
(-0.012528 -0.00542908 10.4402)
(-0.014843 -0.00220384 10.5427)
(-0.00481923 -0.00384471 9.64959)
(-0.00682143 -0.00291899 9.8591)
(-0.00847682 -0.00113187 9.97844)
(-0.00272605 -0.00221369 9.0135)
(-0.00364474 -0.0017744 9.18701)
(-0.00420343 -0.000654728 9.28397)
(-0.00114422 -0.000988074 8.24676)
(-0.00153179 -0.000888375 8.39251)
(-0.0019616 -0.00032728 8.47524)
(-0.000212299 -0.000251283 6.83165)
(-0.000160916 -0.00033948 6.97357)
(-0.000173373 -0.000109343 7.05051)
(-0.00974561 -0.00800094 10.8166)
(-0.0102114 -0.00501216 10.8187)
(-0.0105729 -0.00176528 10.8206)
(-0.010925 -0.0089045 10.814)
(-0.0117752 -0.00549614 10.8158)
(-0.0123469 -0.00195481 10.817)
(-0.012011 -0.00975652 10.8093)
(-0.0132821 -0.00604319 10.8128)
(-0.0140261 -0.00212985 10.814)
(-0.0129627 -0.0102786 10.7843)
(-0.0142908 -0.00631257 10.8038)
(-0.0151718 -0.00229318 10.808)
(-0.012295 -0.00984531 10.624)
(-0.0153014 -0.00672727 10.7382)
(-0.0165439 -0.00240429 10.7696)
(-0.00820676 -0.00643907 10.1897)
(-0.012127 -0.00521665 10.4169)
(-0.0144667 -0.00213547 10.5248)
(-0.00471825 -0.00379621 9.62821)
(-0.00655406 -0.00285946 9.8346)
(-0.00809741 -0.00109749 9.9518)
(-0.00265978 -0.00216632 8.99739)
(-0.00360637 -0.0017507 9.16957)
(-0.00417733 -0.00065019 9.26567)
(-0.0011296 -0.000986514 8.23468)
(-0.0014811 -0.000875671 8.37999)
(-0.00189599 -0.000323727 8.46236)
(-0.000210725 -0.000252328 6.82398)
(-0.000192634 -0.000348147 6.96608)
(-0.000221651 -0.000115141 7.04324)
(-0.0100629 -0.00827405 10.8324)
(-0.0105824 -0.00521869 10.8351)
(-0.0110075 -0.00184652 10.8376)
(-0.0112364 -0.00915584 10.8291)
(-0.0121209 -0.00567901 10.8313)
(-0.012747 -0.00202315 10.8329)
(-0.0122612 -0.00996591 10.8232)
(-0.0135757 -0.00622154 10.8275)
(-0.0144017 -0.00219945 10.829)
(-0.0131993 -0.0104099 10.7926)
(-0.0145582 -0.00641764 10.8165)
(-0.0154452 -0.00232661 10.8216)
(-0.0121117 -0.00972614 10.6106)
(-0.0153376 -0.00681491 10.7385)
(-0.0167398 -0.00245517 10.7755)
(-0.00793786 -0.0062228 10.1641)
(-0.0117589 -0.00502686 10.3929)
(-0.014112 -0.00206725 10.5053)
(-0.00464984 -0.00376973 9.60753)
(-0.00635242 -0.0028289 9.81121)
(-0.0077905 -0.00107641 9.92636)
(-0.00260559 -0.00213296 8.98169)
(-0.00357287 -0.0017351 9.15267)
(-0.00416611 -0.000647454 9.24801)
(-0.00112278 -0.000993123 8.2228)
(-0.00144484 -0.000872487 8.36776)
(-0.00184123 -0.000322608 8.44982)
(-0.000206701 -0.000255013 6.81637)
(-0.000217218 -0.000358437 6.95863)
(-0.000267299 -0.000121646 7.03598)
(-0.010441 -0.00859663 10.8485)
(-0.0110167 -0.005458 10.8519)
(-0.0115113 -0.00193974 10.8551)
(-0.0116055 -0.00945713 10.8443)
(-0.0125363 -0.00589837 10.847)
(-0.0132249 -0.00210378 10.8491)
(-0.0125747 -0.0102185 10.8369)
(-0.0139268 -0.0064291 10.8421)
(-0.014842 -0.00228068 10.844)
(-0.0134646 -0.0105728 10.7995)
(-0.0148912 -0.00655985 10.8287)
(-0.0157949 -0.00237017 10.835)
(-0.011952 -0.00961573 10.5952)
(-0.0153819 -0.0069039 10.7367)
(-0.0169534 -0.00251204 10.7799)
(-0.00772522 -0.00606073 10.1391)
(-0.0114299 -0.00486713 10.3683)
(-0.0137872 -0.00200255 10.4843)
(-0.00461096 -0.00376306 9.58741)
(-0.00621372 -0.00282408 9.78877)
(-0.00755676 -0.00106735 9.90201)
(-0.00256575 -0.00211544 8.96629)
(-0.0035448 -0.00172919 9.13621)
(-0.00416666 -0.000647095 9.23087)
(-0.00112296 -0.00100737 8.21105)
(-0.00142359 -0.00087918 8.35573)
(-0.00180086 -0.000324293 8.43756)
(-0.000201361 -0.00026006 6.80876)
(-0.000234876 -0.00037061 6.95119)
(-0.000308551 -0.000128767 7.02869)
(-0.0108845 -0.00897223 10.8649)
(-0.0115164 -0.00573086 10.869)
(-0.012086 -0.00204478 10.8731)
(-0.0120357 -0.00981192 10.8595)
(-0.0130246 -0.00615599 10.8628)
(-0.0137848 -0.00219747 10.8655)
(-0.0129578 -0.0105172 10.8503)
(-0.0143409 -0.00666644 10.8567)
(-0.0153509 -0.00237347 10.8591)
(-0.0137563 -0.0107685 10.8048)
(-0.0152898 -0.00674273 10.8403)
(-0.0162259 -0.00242561 10.8481)
(-0.0118233 -0.0095193 10.578)
(-0.015439 -0.00699257 10.7327)
(-0.0171844 -0.00257283 10.7824)
(-0.00757047 -0.0059542 10.1147)
(-0.0111452 -0.00474321 10.3435)
(-0.0134997 -0.00194438 10.4622)
(-0.00459898 -0.00377494 9.5677)
(-0.00613369 -0.00284193 9.76709)
(-0.00739515 -0.00106869 9.87864)
(-0.00254194 -0.00211504 8.95108)
(-0.00352375 -0.00173428 9.1201)
(-0.00417724 -0.000649444 9.21414)
(-0.0011294 -0.00102893 8.19935)
(-0.00141724 -0.00089572 8.34384)
(-0.00177715 -0.000328799 8.42548)
(-0.000195618 -0.000268114 6.8011)
(-0.000246362 -0.000384897 6.94372)
(-0.000344431 -0.00013623 7.02136)
(-0.0113964 -0.0094031 10.8816)
(-0.0120828 -0.00603755 10.8867)
(-0.0127314 -0.00216115 10.8918)
(-0.0125296 -0.0102232 10.8748)
(-0.0135871 -0.00645331 10.8789)
(-0.0144291 -0.00230459 10.8822)
(-0.0134149 -0.0108648 10.8634)
(-0.0148216 -0.00693424 10.8712)
(-0.0159313 -0.00247738 10.8742)
(-0.0140711 -0.0109974 10.8085)
(-0.0157517 -0.00696887 10.8512)
(-0.0167409 -0.00249417 10.8607)
(-0.0117304 -0.00944215 10.5593)
(-0.0155134 -0.00708071 10.7265)
(-0.0174327 -0.00263541 10.7831)
(-0.00747333 -0.00590274 10.0909)
(-0.0109096 -0.00465935 10.3186)
(-0.0132552 -0.00189531 10.4391)
(-0.00461134 -0.00380466 9.54828)
(-0.0061071 -0.00287991 9.74602)
(-0.0073029 -0.00107874 9.85608)
(-0.00253512 -0.00213242 8.93597)
(-0.00351175 -0.00175144 9.10424)
(-0.00419711 -0.000654766 9.19773)
(-0.0011414 -0.00105752 8.18762)
(-0.00142499 -0.000921874 8.33201)
(-0.00177119 -0.000336034 8.41352)
(-0.000190134 -0.000279684 6.79334)
(-0.000252705 -0.000401642 6.93617)
(-0.000374675 -0.000143817 7.01395)
(-0.0119769 -0.00988907 10.8988)
(-0.0127162 -0.00637705 10.905)
(-0.0134454 -0.00228806 10.9112)
(-0.013087 -0.0106913 10.8903)
(-0.0142241 -0.0067903 10.8952)
(-0.0151577 -0.00242516 10.8994)
(-0.0139485 -0.0112621 10.8761)
(-0.0153734 -0.00723232 10.8856)
(-0.0165849 -0.0025918 10.8894)
(-0.0144076 -0.0112586 10.8102)
(-0.0162731 -0.00723871 10.8613)
(-0.017339 -0.00257727 10.873)
(-0.011677 -0.00938906 10.5392)
(-0.0156078 -0.00716844 10.718)
(-0.0176977 -0.00269809 10.7818)
(-0.00743251 -0.0059038 10.0674)
(-0.0107266 -0.00461761 10.2937)
(-0.0130584 -0.00185764 10.4154)
(-0.00464626 -0.0038516 9.52903)
(-0.00612768 -0.00293557 9.7254)
(-0.00727533 -0.00109612 9.8342)
(-0.00254587 -0.00216733 8.92084)
(-0.00351063 -0.0017811 9.08854)
(-0.00422635 -0.000663407 9.18154)
(-0.00115867 -0.0010927 8.17578)
(-0.00144536 -0.00095693 8.32017)
(-0.00178308 -0.000345936 8.40159)
(-0.000185598 -0.000294816 6.78542)
(-0.000255153 -0.000421015 6.92852)
(-0.000399513 -0.00015149 7.00644)
(-0.0126242 -0.0104281 10.9165)
(-0.0134147 -0.00674727 10.9239)
(-0.014223 -0.0024243 10.9315)
(-0.013707 -0.0112152 10.906)
(-0.0149336 -0.00716575 10.9119)
(-0.0159674 -0.00255875 10.9171)
(-0.0145546 -0.0117078 10.8884)
(-0.0159985 -0.0075607 10.9001)
(-0.0173117 -0.00271598 10.9047)
(-0.0147624 -0.011548 10.8099)
(-0.0168481 -0.00754985 10.8704)
(-0.018016 -0.00267592 10.8847)
(-0.0116659 -0.00936433 10.518)
(-0.0157234 -0.00725623 10.7073)
(-0.0179783 -0.00275941 10.7783)
(-0.00744553 -0.00595308 10.0443)
(-0.0105979 -0.0046177 10.2689)
(-0.012912 -0.00183302 10.3912)
(-0.00470242 -0.00391516 9.50984)
(-0.00618844 -0.0030064 9.70509)
(-0.00730615 -0.00111949 9.81284)
(-0.00257432 -0.00221871 8.90561)
(-0.00352204 -0.00182301 9.0729)
(-0.00426525 -0.000675516 9.16549)
(-0.00118121 -0.00113382 8.16376)
(-0.00147663 -0.000999735 8.30824)
(-0.00181187 -0.000358318 8.38963)
(-0.000182693 -0.000313204 6.7773)
(-0.000255033 -0.000442884 6.92071)
(-0.000419573 -0.00015922 6.9988)
(-0.0133331 -0.0110158 10.9348)
(-0.0141734 -0.00714468 10.9437)
(-0.0150564 -0.00256817 10.9528)
(-0.0143866 -0.0117917 10.9219)
(-0.015711 -0.00757676 10.929)
(-0.0168512 -0.00270426 10.9354)
(-0.0152277 -0.0121996 10.9002)
(-0.0166962 -0.00791864 10.9145)
(-0.018109 -0.00284892 10.9202)
(-0.015131 -0.0118607 10.8075)
(-0.0174688 -0.00789834 10.8785)
(-0.0187642 -0.00279019 10.8958)
(-0.0116968 -0.0093703 10.4958)
(-0.01586 -0.00734513 10.6945)
(-0.018272 -0.00281837 10.7726)
(-0.00750816 -0.00604474 10.0213)
(-0.0105235 -0.00465733 10.2443)
(-0.0128167 -0.00182237 10.3667)
(-0.00477813 -0.0039941 9.4906)
(-0.00628215 -0.00308994 9.68497)
(-0.00738761 -0.00114767 9.79186)
(-0.00261982 -0.00228461 8.89019)
(-0.00354707 -0.00187622 9.05724)
(-0.00431411 -0.000691122 9.14949)
(-0.00120908 -0.00117988 8.1515)
(-0.0015169 -0.0010488 8.29618)
(-0.00185582 -0.000372962 8.37757)
(-0.000182026 -0.00033413 6.76893)
(-0.000253676 -0.000466886 6.91271)
(-0.000435719 -0.000167072 6.99098)
(-0.0140957 -0.0116457 10.9538)
(-0.0149841 -0.00756423 10.9644)
(-0.0159339 -0.00271735 10.9752)
(-0.0151202 -0.0124156 10.9381)
(-0.0165486 -0.0080187 10.9466)
(-0.0177983 -0.00285992 10.9543)
(-0.0159577 -0.0127335 10.9115)
(-0.0174622 -0.00830473 10.9289)
(-0.018971 -0.00298919 10.9359)
(-0.0155085 -0.0121912 10.8028)
(-0.0181232 -0.00827783 10.8853)
(-0.0195721 -0.00291929 10.9062)
(-0.0117668 -0.00940906 10.4728)
(-0.0160147 -0.00743659 10.6797)
(-0.0185752 -0.00287376 10.7648)
(-0.00761325 -0.00617182 9.99844)
(-0.0105024 -0.00473306 10.2199)
(-0.0127717 -0.00182551 10.342)
(-0.0048706 -0.00408677 9.47123)
(-0.00640174 -0.00318399 9.66492)
(-0.00751094 -0.00117944 9.77113)
(-0.00268056 -0.0023626 8.87449)
(-0.00358618 -0.00193949 9.0415)
(-0.00437302 -0.000709884 9.13348)
(-0.00124189 -0.00122984 8.13892)
(-0.00156429 -0.00110263 8.28392)
(-0.00191258 -0.000389398 8.36537)
(-0.000183808 -0.000356971 6.76025)
(-0.00025221 -0.000492662 6.90449)
(-0.000448952 -0.000174949 6.98296)
(-0.0148999 -0.0123081 10.9736)
(-0.0158349 -0.00799876 10.9861)
(-0.0168407 -0.00286878 10.9989)
(-0.0158995 -0.0130791 10.9546)
(-0.0174345 -0.00848432 10.9648)
(-0.0187943 -0.00302282 10.974)
(-0.0167299 -0.0133031 10.922)
(-0.0182895 -0.00871601 10.9433)
(-0.0198893 -0.00313451 10.9518)
(-0.0158881 -0.0125313 10.7959)
(-0.0187992 -0.00867923 10.8907)
(-0.0204241 -0.00306121 10.9158)
(-0.0118712 -0.00947964 10.4492)
(-0.0161828 -0.00753093 10.663)
(-0.0188816 -0.00292467 10.7548)
(-0.00775334 -0.00632591 9.97548)
(-0.0105305 -0.00483877 10.1957)
(-0.0127735 -0.00184148 10.3172)
(-0.00497753 -0.00419073 9.45165)
(-0.00653955 -0.00328528 9.64487)
(-0.00766615 -0.0012135 9.75054)
(-0.00275464 -0.0024494 8.85846)
(-0.00363891 -0.00201031 9.02559)
(-0.00444134 -0.000731155 9.1174)
(-0.00127957 -0.0012821 8.12599)
(-0.00161696 -0.00115894 8.27142)
(-0.00197925 -0.000406954 8.35297)
(-0.000188465 -0.000380539 6.75123)
(-0.000251748 -0.000519112 6.896)
(-0.000460235 -0.000182631 6.9747)
(-0.0157302 -0.0129908 10.9943)
(-0.0167101 -0.0084392 11.0089)
(-0.017758 -0.00301887 11.0238)
(-0.0167127 -0.0137711 10.9715)
(-0.0183542 -0.00896413 10.9836)
(-0.0198201 -0.0031893 10.9946)
(-0.0175256 -0.0138985 10.9317)
(-0.0191655 -0.00914757 10.9576)
(-0.0208511 -0.00328257 10.9679)
(-0.0162611 -0.0128718 10.7867)
(-0.0194808 -0.00909086 10.8945)
(-0.0213009 -0.00321246 10.9245)
(-0.0120034 -0.00957903 10.4251)
(-0.0163578 -0.00762768 10.6446)
(-0.019183 -0.00297016 10.7427)
(-0.00791971 -0.00649793 9.95238)
(-0.0106017 -0.00496685 10.1715)
(-0.0128162 -0.00186836 10.2924)
(-0.00509589 -0.00430263 9.43179)
(-0.00668821 -0.00339004 9.62473)
(-0.00784264 -0.0012484 9.73)
(-0.00283952 -0.0025411 8.84206)
(-0.0037041 -0.00208549 9.00947)
(-0.00451774 -0.000753942 9.10118)
(-0.00132194 -0.00133475 8.11265)
(-0.00167322 -0.00121504 8.25865)
(-0.00205262 -0.000424731 8.34035)
(-0.000196353 -0.000403447 6.74184)
(-0.000253288 -0.000544764 6.88723)
(-0.000470432 -0.000189728 6.96618)
(-0.0165672 -0.0136784 11.016)
(-0.0175901 -0.00887464 11.0329)
(-0.0186637 -0.00316352 11.05)
(-0.0175448 -0.0144778 10.9887)
(-0.0192896 -0.00944653 11.0031)
(-0.0208529 -0.00335498 11.0161)
(-0.0183225 -0.0145075 10.9404)
(-0.0200736 -0.00959266 10.9719)
(-0.0218394 -0.00343061 10.9843)
(-0.0166172 -0.0132019 10.7753)
(-0.0201504 -0.00949942 10.8967)
(-0.0221794 -0.00336877 10.9321)
(-0.0121547 -0.00970144 10.4005)
(-0.0165313 -0.00772512 10.6248)
(-0.0194692 -0.00300955 10.7286)
(-0.00810282 -0.00667778 9.92909)
(-0.0107078 -0.00510822 10.1475)
(-0.012892 -0.00190366 10.2677)
(-0.0052223 -0.00441796 9.41162)
(-0.00684032 -0.00349369 9.60446)
(-0.00802952 -0.0012827 9.70944)
(-0.00293252 -0.00263307 8.82524)
(-0.00377963 -0.00216089 8.99309)
(-0.00460011 -0.000777093 9.0848)
(-0.0013689 -0.0013853 8.0989)
(-0.00173151 -0.00126774 8.24557)
(-0.00212935 -0.000441766 8.32747)
(-0.000207967 -0.000423933 6.73206)
(-0.000257704 -0.000567673 6.87815)
(-0.000480229 -0.00019582 6.9574)
(-0.0173887 -0.0143533 11.0387)
(-0.018452 -0.00929276 11.0582)
(-0.0195322 -0.0032982 11.0777)
(-0.018377 -0.015183 11.0063)
(-0.0202192 -0.00991856 11.0234)
(-0.0218658 -0.00351516 11.0385)
(-0.0190954 -0.0151148 10.948)
(-0.0209928 -0.0100428 10.9861)
(-0.0228335 -0.00357581 11.001)
(-0.0169446 -0.0135097 10.7619)
(-0.0207879 -0.00989025 10.8971)
(-0.0230345 -0.00352519 10.9386)
(-0.0123152 -0.009839 10.3756)
(-0.0166929 -0.00781966 10.6036)
(-0.0197287 -0.00304186 10.7127)
(-0.00829234 -0.00685512 9.90555)
(-0.0108386 -0.00525303 10.1235)
(-0.0129909 -0.00194402 10.243)
(-0.00535253 -0.00453108 9.39111)
(-0.00698916 -0.003591 9.58402)
(-0.00821588 -0.00131472 9.68882)
(-0.00303066 -0.00272027 8.80802)
(-0.00386281 -0.00223169 8.97644)
(-0.00468554 -0.000799098 9.06823)
(-0.00142017 -0.00143088 8.08472)
(-0.00179055 -0.00131345 8.23217)
(-0.00220606 -0.000456872 8.31432)
(-0.000223797 -0.00044006 6.72189)
(-0.000265746 -0.00058549 6.86875)
(-0.000490114 -0.000200286 6.94832)
(-0.0181699 -0.0149956 11.0625)
(-0.0192704 -0.00968016 11.0847)
(-0.0203356 -0.00341863 11.1068)
(-0.0191876 -0.0158678 11.0243)
(-0.0211187 -0.0103658 11.0446)
(-0.0228294 -0.00366491 11.062)
(-0.0198171 -0.0157023 10.9544)
(-0.0218983 -0.0104874 11.0002)
(-0.0238085 -0.00371523 11.0179)
(-0.0172304 -0.0137826 10.7465)
(-0.0213727 -0.0102482 10.8956)
(-0.0238386 -0.00367625 10.9438)
(-0.0124739 -0.00998108 10.3504)
(-0.0168313 -0.00790627 10.5814)
(-0.0199486 -0.00306652 10.695)
(-0.00847804 -0.00701906 9.88179)
(-0.010982 -0.00539052 10.0995)
(-0.0131016 -0.00198596 10.2185)
(-0.00548224 -0.00463531 9.37028)
(-0.00712821 -0.00367585 9.56341)
(-0.00839141 -0.00134276 9.66811)
(-0.00313117 -0.00279709 8.7904)
(-0.00395032 -0.00229228 8.95951)
(-0.00477054 -0.000818359 9.05144)
(-0.00147559 -0.001468 8.07013)
(-0.00184928 -0.00134803 8.21846)
(-0.00227962 -0.000468828 8.30091)
(-0.00024454 -0.000449503 6.71133)
(-0.000278124 -0.000595401 6.85904)
(-0.000500348 -0.000202485 6.93896)
(-0.0188846 -0.0155839 11.0874)
(-0.0200179 -0.0100226 11.1126)
(-0.0210455 -0.00352038 11.1373)
(-0.0199519 -0.0165115 11.0427)
(-0.0219624 -0.0107729 11.0665)
(-0.0237124 -0.00379874 11.0865)
(-0.0204604 -0.0162496 10.9594)
(-0.022762 -0.0109134 11.0141)
(-0.0247365 -0.0038458 11.0351)
(-0.0174612 -0.0140074 10.7294)
(-0.0218835 -0.0105575 10.8921)
(-0.0245639 -0.00381587 10.9476)
(-0.0126191 -0.010115 10.325)
(-0.0169352 -0.007978 10.5582)
(-0.0201155 -0.00308249 10.6759)
(-0.00865026 -0.00715858 9.85782)
(-0.0111255 -0.00550946 10.0755)
(-0.0132115 -0.00202552 10.194)
(-0.00560723 -0.00472308 9.34917)
(-0.00725175 -0.00374131 9.54264)
(-0.00854642 -0.00136493 9.6473)
(-0.00323162 -0.0028575 8.77243)
(-0.00403868 -0.00233625 8.94232)
(-0.00485118 -0.000833045 9.03445)
(-0.0015352 -0.00149268 8.05518)
(-0.00190707 -0.00136679 8.20445)
(-0.00234711 -0.000476258 8.28723)
(-0.000271157 -0.000449629 6.70042)
(-0.000295553 -0.000594048 6.84903)
(-0.000510964 -0.000201627 6.92932)
(-0.0195059 -0.0160962 11.1134)
(-0.0206672 -0.0103055 11.1418)
(-0.0216341 -0.0035989 11.1691)
(-0.0206431 -0.0170917 11.0613)
(-0.0227235 -0.0111239 11.0894)
(-0.0244837 -0.00391127 11.1121)
(-0.0209985 -0.0167348 10.963)
(-0.0235542 -0.0113055 11.0277)
(-0.0255878 -0.00396383 11.0526)
(-0.017624 -0.014171 10.7108)
(-0.0222996 -0.0108027 10.8868)
(-0.0251826 -0.00393765 10.9499)
(-0.0127392 -0.0102267 10.2995)
(-0.0169938 -0.00802602 10.5345)
(-0.0202163 -0.00308827 10.6555)
(-0.00880028 -0.00726279 9.83372)
(-0.0112564 -0.00559818 10.0515)
(-0.0133073 -0.00205838 10.1697)
(-0.00572358 -0.00478624 9.32783)
(-0.00735521 -0.0037796 9.52173)
(-0.00867216 -0.00137889 9.62641)
(-0.00333008 -0.00289519 8.75417)
(-0.00412479 -0.0023565 8.92489)
(-0.00492321 -0.000840968 9.01727)
(-0.00159932 -0.00150052 8.03993)
(-0.0019638 -0.00136438 8.19017)
(-0.00240601 -0.00047751 8.27331)
(-0.000304869 -0.000437526 6.6892)
(-0.000318883 -0.000577448 6.83874)
(-0.000521835 -0.00019664 6.9194)
(-0.0200087 -0.016512 11.1405)
(-0.0211915 -0.0105148 11.1723)
(-0.022076 -0.00364959 11.2022)
(-0.021234 -0.0175872 11.0802)
(-0.0233751 -0.0114036 11.1131)
(-0.0251136 -0.00399703 11.1387)
(-0.0214071 -0.0171359 10.9651)
(-0.0242438 -0.0116474 11.041)
(-0.026332 -0.00406512 11.0703)
(-0.0177057 -0.0142609 10.6911)
(-0.0226026 -0.01097 10.8795)
(-0.0256691 -0.00403492 10.9507)
(-0.0128218 -0.0103007 10.2741)
(-0.0169983 -0.0080406 10.5103)
(-0.020239 -0.00308186 10.6341)
(-0.00892017 -0.00732094 9.80958)
(-0.0113632 -0.00564526 10.0275)
(-0.0133761 -0.00208013 10.1456)
(-0.00582774 -0.00481627 9.30638)
(-0.00743513 -0.0037825 9.50074)
(-0.00876145 -0.00138212 9.60548)
(-0.00342511 -0.00290365 8.73574)
(-0.00420604 -0.00234549 8.90727)
(-0.00498257 -0.000839749 8.99993)
(-0.00166844 -0.00148674 8.02445)
(-0.0020199 -0.001335 8.17567)
(-0.00245434 -0.000470762 8.25917)
(-0.000347031 -0.000410029 6.67773)
(-0.000349139 -0.000541217 6.82819)
(-0.000532752 -0.000186278 6.90925)
(-0.0203698 -0.0168111 11.1686)
(-0.0215671 -0.0106383 11.2039)
(-0.0223493 -0.00366985 11.2362)
(-0.0216971 -0.0179754 11.0993)
(-0.0238921 -0.0115981 11.1376)
(-0.0255759 -0.00405184 11.1662)
(-0.0216634 -0.017429 10.9656)
(-0.024803 -0.0119215 11.0539)
(-0.0269393 -0.00414606 11.0881)
(-0.0176964 -0.0142635 10.6705)
(-0.0227763 -0.0110456 10.8705)
(-0.0260005 -0.00410242 10.95)
(-0.0128583 -0.0103215 10.2487)
(-0.0169394 -0.0080098 10.4859)
(-0.0201729 -0.0030612 10.612)
(-0.00900458 -0.00732273 9.78554)
(-0.0114352 -0.00563906 10.0037)
(-0.0134057 -0.00208663 10.1216)
(-0.0059173 -0.00480432 9.28494)
(-0.0074892 -0.00374098 9.47972)
(-0.00880882 -0.001372 9.58454)
(-0.00351634 -0.00287624 8.71723)
(-0.00428043 -0.002295 8.88953)
(-0.00502559 -0.000826918 8.98246)
(-0.00174372 -0.00144624 8.00886)
(-0.00207627 -0.00127218 8.16099)
(-0.00249069 -0.000454105 8.24485)
(-0.00039954 -0.000363625 6.66609)
(-0.000387517 -0.000480304 6.81743)
(-0.000543428 -0.000169191 6.89887)
(-0.0205691 -0.0169762 11.1977)
(-0.0217731 -0.0106671 11.2364)
(-0.0224366 -0.00365832 11.2711)
(-0.0220065 -0.0182364 11.1185)
(-0.024251 -0.0116952 11.1628)
(-0.0258493 -0.00407186 11.1946)
(-0.0217512 -0.0175932 10.9646)
(-0.025204 -0.0121102 11.0663)
(-0.0273827 -0.00420275 11.106)
(-0.0175865 -0.0141682 10.6494)
(-0.0228074 -0.0110184 10.8598)
(-0.0261582 -0.00413421 10.9476)
(-0.0128387 -0.0102739 10.2237)
(-0.0168122 -0.00792232 10.4614)
(-0.0200098 -0.00302342 10.5894)
(-0.00904817 -0.00725861 9.76175)
(-0.0114645 -0.00556915 9.98001)
(-0.0133856 -0.00207362 10.0979)
(-0.00598951 -0.00474172 9.26366)
(-0.00751697 -0.00364643 9.45877)
(-0.00881072 -0.00134562 9.56364)
(-0.00360328 -0.00280655 8.69881)
(-0.00434725 -0.0021971 8.87174)
(-0.00504928 -0.000799775 8.96491)
(-0.00182605 -0.00137387 7.99328)
(-0.00213458 -0.00116948 8.14619)
(-0.00251434 -0.000425436 8.23038)
(-0.000464193 -0.000294844 6.65439)
(-0.000435456 -0.00038959 6.80651)
(-0.000553597 -0.000143845 6.88829)
(-0.0205962 -0.0169937 11.2275)
(-0.0217949 -0.010593 11.2698)
(-0.0223262 -0.00361362 11.3066)
(-0.0221411 -0.0183542 11.1376)
(-0.0244324 -0.0116869 11.1887)
(-0.0259178 -0.00405415 11.2237)
(-0.0216559 -0.0176085 10.9623)
(-0.0254244 -0.0121969 11.0781)
(-0.0276379 -0.00423129 11.1239)
(-0.0173686 -0.0139645 10.6281)
(-0.0226863 -0.0108795 10.8478)
(-0.0261286 -0.00412574 10.9438)
(-0.0127548 -0.0101432 10.1992)
(-0.0166126 -0.00776625 10.4372)
(-0.0197446 -0.0029655 10.5665)
(-0.00904707 -0.00711983 9.73842)
(-0.0114448 -0.00542572 9.9566)
(-0.0133074 -0.00203709 10.0745)
(-0.00604213 -0.00462025 9.24273)
(-0.007519 -0.00349029 9.43797)
(-0.00876539 -0.00129997 9.54285)
(-0.0036859 -0.00268861 8.68065)
(-0.00440633 -0.0020439 8.85397)
(-0.00505149 -0.00075555 8.94733)
(-0.00191657 -0.00126483 7.97787)
(-0.00219659 -0.00102029 8.13135)
(-0.0025252 -0.000382517 8.21581)
(-0.000542891 -0.000200384 6.64274)
(-0.000494418 -0.000263729 6.79547)
(-0.00056306 -0.000108516 6.87755)
(-0.0204371 -0.016853 11.2579)
(-0.021624 -0.010412 11.3038)
(-0.0220125 -0.00353563 11.3424)
(-0.0220825 -0.0183106 11.1565)
(-0.0244221 -0.0115644 11.2151)
(-0.0257703 -0.00399788 11.2534)
(-0.0213726 -0.017458 10.9587)
(-0.025445 -0.0121652 11.0892)
(-0.0276845 -0.00422774 11.1416)
(-0.0170385 -0.0136424 10.607)
(-0.0224082 -0.0106213 10.8346)
(-0.0259023 -0.00407367 10.9386)
(-0.0126011 -0.00991639 10.1754)
(-0.0163376 -0.00752937 10.4133)
(-0.0193746 -0.00288419 10.5436)
(-0.00899936 -0.00689879 9.71576)
(-0.0113719 -0.00519948 9.93357)
(-0.0131643 -0.00197338 10.0514)
(-0.00607423 -0.004433 9.22237)
(-0.00749608 -0.00326415 9.41742)
(-0.0086724 -0.00123203 9.52223)
(-0.00376499 -0.00251773 8.66292)
(-0.00445762 -0.00182783 8.83633)
(-0.00503057 -0.000691422 8.92975)
(-0.00201662 -0.00111529 7.96277)
(-0.00226391 -0.000818296 8.11653)
(-0.00252345 -0.000322991 8.20115)
(-0.00063743 -7.75321e-05 6.63127)
(-0.000565805 -9.76004e-05 6.78436)
(-0.000571602 -6.13146e-05 6.86666)
(-0.0200892 -0.016548 11.2887)
(-0.0212574 -0.0101218 11.3381)
(-0.0214963 -0.00342467 11.3782)
(-0.021816 -0.0180928 11.1752)
(-0.0242115 -0.0113239 11.2418)
(-0.0254032 -0.00390254 11.2834)
(-0.0208982 -0.0171261 10.954)
(-0.0252531 -0.0119997 11.0995)
(-0.0275091 -0.00418864 11.1591)
(-0.0165945 -0.013194 10.5865)
(-0.021971 -0.0102374 10.8205)
(-0.0254756 -0.00397431 10.932)
(-0.0123728 -0.00958173 10.1526)
(-0.0159874 -0.00720045 10.39)
(-0.0188983 -0.00277565 10.521)
(-0.00890373 -0.00658913 9.69402)
(-0.0112433 -0.00488234 9.91104)
(-0.0129511 -0.00187909 10.0287)
(-0.00608498 -0.00417459 9.2028)
(-0.00744897 -0.00296056 9.39722)
(-0.00853188 -0.00113878 9.50182)
(-0.00384088 -0.00229043 8.64586)
(-0.00450135 -0.00154261 8.81889)
(-0.00498502 -0.000604692 8.91223)
(-0.00212676 -0.000922345 7.94819)
(-0.00233816 -0.000558296 8.10182)
(-0.00250938 -0.000244633 8.18645)
(-0.000749029 7.57308e-05 6.62013)
(-0.000650925 0.000113104 6.77325)
(-0.000578999 -4.21631e-07 6.85565)
(-0.0195532 -0.0160772 11.3196)
(-0.0206987 -0.00972391 11.3724)
(-0.0207841 -0.00328188 11.4137)
(-0.0213329 -0.0176908 11.1933)
(-0.0237979 -0.0109639 11.2686)
(-0.0248185 -0.00376903 11.3135)
(-0.0202349 -0.0166008 10.9486)
(-0.024843 -0.011688 11.1089)
(-0.0271024 -0.00411111 11.1761)
(-0.0160368 -0.0126122 10.5668)
(-0.0213761 -0.00972398 10.8058)
(-0.0248485 -0.00382632 10.9244)
(-0.0120664 -0.00912996 10.131)
(-0.0155616 -0.00676972 10.3673)
(-0.0183168 -0.00263668 10.4988)
(-0.00875905 -0.00618628 9.67345)
(-0.0110569 -0.00446822 9.88913)
(-0.012664 -0.00175181 10.0065)
(-0.0060727 -0.00384143 9.18428)
(-0.00737777 -0.00257421 9.3775)
(-0.00834457 -0.0010179 9.48169)
(-0.00391242 -0.00200462 8.62966)
(-0.00453764 -0.00118426 8.80176)
(-0.00491384 -0.000493416 8.8948)
(-0.00224634 -0.000684363 7.93429)
(-0.00242027 -0.000237036 8.08729)
(-0.00248356 -0.000145891 8.17174)
(-0.000878065 0.000260407 6.60946)
(-0.00075058 0.00037115 6.7622)
(-0.000585045 7.54166e-05 6.84454)
(-0.0188341 -0.0154452 11.3504)
(-0.0199561 -0.00922355 11.4064)
(-0.0198882 -0.0031082 11.4486)
(-0.0206307 -0.0170998 11.2108)
(-0.0231832 -0.0104857 11.2954)
(-0.0240241 -0.00359853 11.3435)
(-0.0193878 -0.015877 10.9428)
(-0.0242148 -0.0112219 11.1174)
(-0.0264613 -0.00399137 11.1925)
(-0.0153644 -0.011892 10.5484)
(-0.0206293 -0.00908038 10.7908)
(-0.0240252 -0.00362886 10.9157)
(-0.0116776 -0.00855493 10.111)
(-0.01506 -0.00623013 10.3456)
(-0.0176326 -0.00246412 10.4771)
(-0.00856245 -0.00568786 9.65434)
(-0.0108115 -0.00395408 9.86797)
(-0.0123002 -0.00158965 9.98481)
(-0.00603327 -0.00343182 9.16706)
(-0.00728212 -0.00210283 9.35835)
(-0.00811116 -0.000867737 9.46188)
(-0.00397629 -0.00166002 8.61457)
(-0.00456573 -0.00075171 8.78504)
(-0.0048162 -0.000356406 8.8775)
(-0.00237294 -0.000401587 7.92129)
(-0.00251001 0.000146178 8.07302)
(-0.00244639 -2.58989e-05 8.15703)
(-0.00102358 0.000475901 6.59944)
(-0.000864759 0.000677216 6.75128)
(-0.000589505 0.000166942 6.83336)
(-0.0179422 -0.0146585 11.3808)
(-0.019043 -0.0086281 11.4399)
(-0.0188253 -0.00290715 11.4825)
(-0.0197133 -0.0163182 11.2275)
(-0.0223734 -0.0098933 11.3217)
(-0.0230335 -0.00339403 11.373)
(-0.0183652 -0.0149529 10.9367)
(-0.0233743 -0.0105967 11.1248)
(-0.0255892 -0.00382711 11.208)
(-0.0145779 -0.0110307 10.5315)
(-0.0197376 -0.00830772 10.7758)
(-0.0230136 -0.00338238 10.9062)
(-0.0112025 -0.00785364 10.0927)
(-0.0144826 -0.00557782 10.3248)
(-0.0168478 -0.00225545 10.4561)
(-0.0083093 -0.00509337 9.63695)
(-0.0105054 -0.00333989 9.84768)
(-0.0118571 -0.00139203 9.96369)
(-0.00596084 -0.00294649 9.15138)
(-0.00715945 -0.00154726 9.33991)
(-0.00783183 -0.000687768 9.44244)
(-0.00402725 -0.0012586 8.60081)
(-0.00458304 -0.000247084 8.76884)
(-0.00469083 -0.000193605 8.86038)
(-0.00250237 -7.63976e-05 7.90938)
(-0.00260541 0.00058912 8.05911)
(-0.0023978 0.000115198 8.14237)
(-0.00118331 0.000720006 6.59022)
(-0.000992409 0.00102965 6.74054)
(-0.000591992 0.000274073 6.82211)
(-0.0168926 -0.0137263 11.4104)
(-0.0179773 -0.00794621 11.4724)
(-0.0176165 -0.00268236 11.5151)
(-0.0185928 -0.0153491 11.2433)
(-0.0213786 -0.00919211 11.3474)
(-0.0218643 -0.0031588 11.4018)
(-0.0171785 -0.0138335 10.9309)
(-0.0223316 -0.00981201 11.1311)
(-0.0244947 -0.00361631 11.2225)
(-0.0136791 -0.0100303 10.5164)
(-0.018709 -0.00741034 10.761)
(-0.0218238 -0.00308804 10.896)
(-0.0106358 -0.00702804 10.0764)
(-0.0138281 -0.00481376 10.3051)
(-0.0159642 -0.00200905 10.4359)
(-0.00799199 -0.00440564 9.62154)
(-0.0101365 -0.00263038 9.8284)
(-0.0113326 -0.00115948 9.94321)
(-0.00584671 -0.00238965 9.13752)
(-0.00700449 -0.00091292 9.32231)
(-0.00750567 -0.000478675 9.42343)
(-0.00405697 -0.000805649 8.58862)
(-0.0045846 0.000322896 8.75328)
(-0.00453579 -6.17243e-06 8.84347)
(-0.00262767 0.000285711 7.89878)
(-0.00270229 0.00108526 8.04566)
(-0.00233701 0.000276139 8.12777)
(-0.00135283 0.000987853 6.58199)
(-0.00113091 0.00142326 6.73008)
(-0.000591922 0.000395843 6.81083)
(-0.0157032 -0.0126648 11.439)
(-0.0167797 -0.00719114 11.5037)
(-0.0162861 -0.00243723 11.5462)
(-0.0172856 -0.0142024 11.2579)
(-0.0202129 -0.00839135 11.3722)
(-0.020538 -0.00289616 11.4295)
(-0.0158422 -0.0125327 10.9254)
(-0.0210991 -0.00887389 11.1362)
(-0.0231914 -0.00335749 11.2358)
(-0.0126691 -0.00889923 10.5034)
(-0.0175512 -0.00639813 10.7467)
(-0.0204675 -0.0027475 10.8853)
(-0.009971 -0.00608665 10.0624)
(-0.0130927 -0.00394516 10.2867)
(-0.0149833 -0.00172432 10.4165)
(-0.00759949 -0.00363281 9.60837)
(-0.00969944 -0.00183625 9.81023)
(-0.0107246 -0.000893282 9.92342)
(-0.00567759 -0.00176933 9.12568)
(-0.00680991 -0.000211496 9.30565)
(-0.00713022 -0.000242306 9.40491)
(-0.00405298 -0.000310037 8.57823)
(-0.00456297 0.000945703 8.73847)
(-0.00434816 0.000203497 8.82685)
(-0.00273811 0.000675681 7.8897)
(-0.00279406 0.00162265 8.03277)
(-0.00226238 0.000454522 8.11331)
(-0.00152471 0.00127107 6.57492)
(-0.00127568 0.00184817 6.71998)
(-0.000588513 0.000530429 6.79954)
(-0.0143959 -0.0114935 11.4662)
(-0.0154738 -0.0063782 11.5334)
(-0.0148618 -0.00217632 11.5754)
(-0.0158127 -0.0128931 11.2713)
(-0.0188952 -0.00750267 11.3957)
(-0.0190791 -0.00261058 11.4559)
(-0.0143746 -0.011071 10.9206)
(-0.0196925 -0.00779403 11.1402)
(-0.0216968 -0.00305124 11.2474)
(-0.01155 -0.00765161 10.4925)
(-0.0162715 -0.0052857 10.733)
(-0.0189584 -0.00236445 10.8742)
(-0.00920164 -0.00504277 10.0509)
(-0.0122703 -0.00298495 10.2695)
(-0.0139067 -0.00140261 10.398)
(-0.00712009 -0.00278679 9.5976)
(-0.00918647 -0.000973274 9.79329)
(-0.0100303 -0.000596613 9.90438)
(-0.00543882 -0.00109691 9.11609)
(-0.00656525 0.000540395 9.29009)
(-0.0067013 1.764e-05 9.38694)
(-0.00400085 0.000216563 8.56983)
(-0.00450793 0.00160409 8.72455)
(-0.00412381 0.000431236 8.81057)
(-0.00282092 0.00108179 7.88233)
(-0.00287162 0.00218488 8.02058)
(-0.00217124 0.000646342 8.09903)
(-0.00168949 0.00155882 6.56919)
(-0.00142033 0.00229049 6.71035)
(-0.00058069 0.000674704 6.78832)
(-0.0129964 -0.0102356 11.4917)
(-0.0140866 -0.00552484 11.5614)
(-0.0133738 -0.00190462 11.6024)
(-0.0142005 -0.011442 11.2833)
(-0.0174474 -0.00654073 11.4175)
(-0.0175151 -0.00230723 11.4805)
(-0.0127942 -0.00947558 10.9165)
(-0.018131 -0.00659109 11.1428)
(-0.0200326 -0.00269964 11.2574)
(-0.0103246 -0.0063056 10.4839)
(-0.0148786 -0.00409279 10.72)
(-0.0173116 -0.00194453 10.8627)
(-0.00832209 -0.00391378 10.0418)
(-0.0113543 -0.00195158 10.2538)
(-0.0127354 -0.00104761 10.3803)
(-0.00654244 -0.00188223 9.58938)
(-0.00858838 -6.15789e-05 9.7777)
(-0.00924605 -0.000274825 9.88615)
(-0.00511625 -0.000386462 9.10889)
(-0.00625707 0.00132234 9.27575)
(-0.00621283 0.000295488 9.36961)
(-0.00388577 0.00076049 8.56362)
(-0.00440674 0.00227725 8.71167)
(-0.00385721 0.000671074 8.79476)
(-0.00286246 0.00149057 7.87687)
(-0.00292364 0.0027521 8.00923)
(-0.00205972 0.000845944 8.08505)
(-0.00183658 0.00183881 6.56498)
(-0.001557 0.0027332 6.70131)
(-0.000566941 0.000824092 6.77723)
(-0.0115277 -0.00891564 11.5153)
(-0.0126462 -0.00464862 11.5873)
(-0.0118538 -0.00162746 11.6272)
(-0.0124844 -0.00987723 11.2938)
(-0.0158935 -0.00552207 11.4375)
(-0.015875 -0.00199138 11.5032)
(-0.0111218 -0.00778111 10.9134)
(-0.0164354 -0.00529053 11.1441)
(-0.0182249 -0.00230636 11.2652)
(-0.00899681 -0.00488465 10.4774)
(-0.0133825 -0.00284368 10.7079)
(-0.0155447 -0.0014944 10.8511)
(-0.00732879 -0.00272171 10.0353)
(-0.0103386 -0.000868878 10.2394)
(-0.0114698 -0.000664721 10.3636)
(-0.00585649 -0.000936805 9.58376)
(-0.00789587 0.000874756 9.76356)
(-0.00836795 6.52358e-05 9.86879)
(-0.00469668 0.000345916 9.10421)
(-0.00587102 0.00211076 9.26277)
(-0.00565724 0.00058417 9.35303)
(-0.00369332 0.00130687 8.55974)
(-0.00424539 0.00294182 8.69999)
(-0.00354165 0.000915806 8.77952)
(-0.00284883 0.00188776 7.87348)
(-0.00293741 0.00330215 7.99888)
(-0.00192288 0.00104654 8.07149)
(-0.00195471 0.00209797 6.56246)
(-0.00167679 0.00315702 6.69302)
(-0.000545359 0.000972998 6.76638)
(-0.0100233 -0.00756455 11.5366)
(-0.0111828 -0.00377211 11.6109)
(-0.0103355 -0.00135084 11.6495)
(-0.010698 -0.00823273 11.3026)
(-0.0142599 -0.00446763 11.4552)
(-0.0141899 -0.00166906 11.5236)
(-0.0093787 -0.00602836 10.9112)
(-0.0146285 -0.00392486 11.144)
(-0.0163043 -0.00187742 11.2708)
(-0.00757299 -0.00341719 10.4731)
(-0.0117938 -0.00156695 10.6967)
(-0.013678 -0.00102227 10.8392)
(-0.00622126 -0.00149227 10.0313)
(-0.00921857 0.000234828 10.2265)
(-0.010111 -0.000261358 10.3477)
(-0.00505502 2.9598e-05 9.58074)
(-0.00710048 0.00180875 9.75095)
(-0.00739242 0.000415311 9.85235)
(-0.00416941 0.00108322 9.10209)
(-0.00539293 0.00288031 9.25129)
(-0.00502628 0.00087544 9.33731)
(-0.00341102 0.00184067 8.55828)
(-0.00400941 0.00357355 8.68968)
(-0.00316971 0.00115734 8.76502)
(-0.00276686 0.00225973 7.8723)
(-0.00289956 0.00381217 7.98972)
(-0.00175496 0.00124059 8.05853)
(-0.00203244 0.00232402 6.56176)
(-0.00177019 0.00354193 6.68563)
(-0.000513724 0.00111508 6.75594)
(-0.00851658 -0.00621475 11.5554)
(-0.00972706 -0.00291866 11.632)
(-0.00885309 -0.00108157 11.6692)
(-0.00887806 -0.00654817 11.3098)
(-0.0125762 -0.0034015 11.4705)
(-0.0124919 -0.00134662 11.5414)
(-0.00758899 -0.004261 10.9097)
(-0.0127371 -0.00253182 11.1425)
(-0.0143033 -0.00142149 11.274)
(-0.00606529 -0.00193482 10.4706)
(-0.0101247 -0.000294809 10.6863)
(-0.0117336 -0.00053937 10.827)
(-0.00500487 -0.000253218 10.0296)
(-0.00799194 0.00132886 10.215)
(-0.00866294 0.000152676 10.3325)
(-0.00413645 0.000996245 9.58023)
(-0.00619674 0.0027124 9.73993)
(-0.00631783 0.000765628 9.83692)
(-0.00352924 0.00180882 9.10252)
(-0.00481061 0.0036063 9.24141)
(-0.00431253 0.00115998 9.3226)
(-0.0030316 0.00234757 8.55931)
(-0.00368479 0.00414988 8.68091)
(-0.00273417 0.00138703 8.75146)
(-0.00260476 0.00259593 7.87345)
(-0.00279659 0.0042612 7.98196)
(-0.00154988 0.00142017 8.04638)
(-0.00205799 0.00250872 6.56305)
(-0.00182762 0.0038698 6.67936)
(-0.000469574 0.00124359 6.74609)
(-0.00704124 -0.0049004 11.5715)
(-0.00830979 -0.0021109 11.6506)
(-0.00743996 -0.000825405 11.6862)
(-0.00706337 -0.00486769 11.3151)
(-0.010874 -0.00234934 11.483)
(-0.0108137 -0.00103007 11.5564)
(-0.00578131 -0.00252543 10.9087)
(-0.0107907 -0.00115228 11.1395)
(-0.0122556 -0.000948868 11.2745)
(-0.00449301 -0.000472913 10.4696)
(-0.00838946 0.00093904 10.6766)
(-0.00973665 -5.81824e-05 10.8146)
(-0.00369111 0.000965496 10.03)
(-0.00665979 0.00238224 10.2048)
(-0.00713364 0.000567084 10.3182)
(-0.00310484 0.00194189 9.58206)
(-0.0051826 0.00355913 9.73052)
(-0.00514517 0.00110676 9.82253)
(-0.00277582 0.0025071 9.10542)
(-0.00411585 0.00426654 9.23323)
(-0.00351013 0.00142949 9.30905)
(-0.00255122 0.00281623 8.5628)
(-0.00326202 0.00465134 8.67385)
(-0.00222827 0.00159739 8.73905)
(-0.00235497 0.00288916 7.87695)
(-0.00261682 0.00463294 7.9758)
(-0.00130087 0.00157848 8.03528)
(-0.00202396 0.00264729 6.56648)
(-0.00184008 0.00412773 6.67442)
(-0.000409763 0.00135276 6.73707)
(-0.00563226 -0.00365513 11.5847)
(-0.00696186 -0.0013705 11.6664)
(-0.00612849 -0.00058792 11.7005)
(-0.00529569 -0.00323686 11.3185)
(-0.00918675 -0.00133745 11.4925)
(-0.00918758 -0.00072533 11.5685)
(-0.0039863 -0.000866574 10.9078)
(-0.00882008 0.000172239 11.135)
(-0.0101981 -0.000471846 11.2723)
(-0.00287722 0.000935323 10.4699)
(-0.00660556 0.00210347 10.6676)
(-0.00771556 0.000409308 10.8019)
(-0.00230326 0.00213362 10.0321)
(-0.00522999 0.00336785 10.196)
(-0.00553594 0.000971359 10.3044)
(-0.00198915 0.00283593 9.58599)
(-0.00405987 0.00432729 9.72274)
(-0.00388198 0.00143039 9.80923)
(-0.00193644 0.00314751 9.11067)
(-0.00330525 0.00484141 9.2268)
(-0.00261859 0.00167786 9.2968)
(-0.00198866 0.00322051 8.56868)
(-0.00273492 0.00505961 8.66862)
(-0.00165005 0.00178322 8.72802)
(-0.00203148 0.00311414 7.88277)
(-0.00234631 0.00491259 7.97145)
(-0.00100281 0.00171211 8.02552)
(-0.00193278 0.00271957 6.57224)
(-0.0017945 0.00430141 6.67108)
(-0.000330531 0.00144121 6.72915)
(-0.0043233 -0.00250593 11.5949)
(-0.00571454 -0.000713694 11.6795)
(-0.00494773 -0.000374357 11.7122)
(-0.00360755 -0.00169321 11.3197)
(-0.00755024 -0.000389737 11.499)
(-0.00764407 -0.000438352 11.5774)
(-0.00222776 0.000685934 10.9069)
(-0.00686348 0.00140835 11.1291)
(-0.00816881 -4.78596e-06 11.2673)
(-0.00126045 0.00226004 10.4709)
(-0.00480299 0.00317632 10.6591)
(-0.00570179 0.000850675 10.7888)
(-0.000901259 0.00321172 10.0357)
(-0.00371952 0.00426431 10.1883)
(-0.00389062 0.00135339 10.2913)
(-0.000847309 0.00363634 9.59185)
(-0.00283774 0.00499865 9.71654)
(-0.00254493 0.00172895 9.79706)
(-0.00105715 0.00369244 9.11811)
(-0.00238962 0.00531088 9.22218)
(-0.0016434 0.00189991 9.28598)
(-0.00137534 0.00353099 8.57681)
(-0.0021144 0.00535356 8.66535)
(-0.00100048 0.00193951 8.71857)
(-0.00165459 0.0032458 7.89082)
(-0.00199284 0.00507807 7.96903)
(-0.000648611 0.0018169 8.01734)
(-0.00178808 0.00270717 6.5801)
(-0.0016908 0.00436774 6.66968)
(-0.000224672 0.00150378 6.72266)
(-0.0031358 -0.00146908 11.6021)
(-0.00459286 -0.000148548 11.6899)
(-0.00392091 -0.000188738 11.7215)
(-0.00201606 -0.000260751 11.3188)
(-0.00600052 0.000479106 11.5023)
(-0.00621279 -0.000172828 11.5831)
(-0.000549839 0.00210872 10.9054)
(-0.00496059 0.0025393 11.1216)
(-0.00621105 0.000439325 11.2595)
(0.000283821 0.00345797 10.4727)
(-0.00300773 0.00414444 10.6508)
(-0.00373252 0.00125983 10.7751)
(0.000450872 0.00415702 10.0406)
(-0.0021589 0.00505235 10.1817)
(-0.00222406 0.00170783 10.2785)
(0.000273324 0.00431274 9.59936)
(-0.00155929 0.00555179 9.7119)
(-0.00116027 0.00199769 9.786)
(-0.000172354 0.00412627 9.1274)
(-0.00141583 0.00565498 9.21946)
(-0.000609735 0.0020889 9.27669)
(-0.000735375 0.00374362 8.5869)
(-0.00143989 0.00551886 8.66415)
(-0.000302341 0.00205933 8.71091)
(-0.00123838 0.00328813 7.90084)
(-0.0015893 0.00511725 7.96873)
(-0.000254553 0.00188571 8.01098)
(-0.00159567 0.00261773 6.58978)
(-0.00154508 0.00431845 6.67033)
(-0.000100071 0.00153276 6.71799)
(-0.00207459 -0.000554067 11.6062)
(-0.00361264 0.000321837 11.6976)
(-0.00306256 -3.17758e-05 11.7283)
(-0.000551877 0.00104175 11.3156)
(-0.00456742 0.00126646 11.5023)
(-0.00492072 6.90171e-05 11.5856)
(0.000980364 0.00336369 10.9035)
(-0.00313412 0.00355294 11.1126)
(-0.00436113 0.000854066 11.2489)
(0.00170324 0.00448821 10.4749)
(-0.00125506 0.00498865 10.6425)
(-0.00183587 0.00163652 10.7609)
(0.00171465 0.00494747 10.0464)
(-0.000615834 0.0057042 10.1761)
(-0.000577737 0.00202523 10.2662)
(0.00133848 0.00485804 9.60815)
(-0.00029138 0.00596886 9.70893)
(0.000211587 0.00222577 9.77608)
(0.000685179 0.00445178 9.13818)
(-0.000438228 0.00586901 9.21869)
(0.000422414 0.00223601 9.26907)
(-9.71467e-05 0.00386816 8.59864)
(-0.000749706 0.00556301 8.66503)
(0.000396168 0.00213848 8.7052)
(-0.000804169 0.00325624 7.91256)
(-0.00116108 0.00504457 7.97052)
(0.000142228 0.00191728 8.00663)
(-0.00136925 0.00246863 6.60102)
(-0.00137037 0.00417255 6.67294)
(2.35745e-05 0.0015309 6.71532)
(-0.00114419 0.000233408 11.6073)
(-0.0027855 0.00069797 11.7028)
(-0.00237713 9.69553e-05 11.733)
(0.000744092 0.00219255 11.3104)
(-0.00325643 0.00197275 11.4993)
(-0.00378211 0.000284578 11.5849)
(0.00232367 0.00441609 10.9012)
(-0.00141361 0.00442958 11.1019)
(-0.00262969 0.00124049 11.2356)
(0.00297026 0.00533653 10.4773)
(0.000383129 0.00567718 10.6344)
(-4.65421e-05 0.00196524 10.746)
(0.00285534 0.00558021 10.053)
(0.000839641 0.00620147 10.1716)
(0.000976487 0.0022877 10.2544)
(0.00231237 0.0052763 9.61788)
(0.000917769 0.00624957 9.70751)
(0.00150281 0.00240082 9.76743)
(0.00148245 0.00467715 9.15013)
(0.000510915 0.00596597 9.21974)
(0.00139985 0.0023364 9.26318)
(0.00051109 0.00391674 8.61169)
(-6.76364e-05 0.00550606 8.66789)
(0.00106055 0.00217763 8.70148)
(-0.00037417 0.00316594 7.92567)
(-0.000724291 0.00488388 7.97433)
(0.000521392 0.00191555 8.00432)
(-0.0011242 0.00227749 6.61353)
(-0.00117648 0.00395461 6.6774)
(0.000138823 0.00150458 6.7146)
(-0.000352278 0.000891456 11.6056)
(-0.00211195 0.000985202 11.7056)
(-0.00186022 0.000197663 11.7357)
(0.00185092 0.00317323 11.3036)
(-0.00206672 0.00259479 11.4931)
(-0.00278689 0.000475769 11.5809)
(0.0034691 0.00525563 10.8983)
(0.000153886 0.00514492 11.0899)
(-0.00103505 0.00158877 11.2197)
(0.00405971 0.00600565 10.4797)
(0.00184634 0.00619745 10.6265)
(0.00157298 0.00222927 10.7308)
(0.00384513 0.00605972 10.0598)
(0.00217058 0.00654955 10.1679)
(0.0023845 0.00248805 10.2432)
(0.00316678 0.00557383 9.62823)
(0.00203476 0.00640525 9.70746)
(0.0026786 0.00252074 9.76001)
(0.00219309 0.00481083 9.1629)
(0.00140342 0.00596106 9.22244)
(0.00229805 0.00239071 9.25895)
(0.00106585 0.00390059 8.62573)
(0.000583619 0.00536581 8.67257)
(0.0016743 0.00217881 8.69967)
(3.20859e-05 0.00303149 7.93985)
(-0.000294679 0.00465514 7.98001)
(0.000874535 0.00188352 8.00401)
(-0.000875026 0.00206032 6.62702)
(-0.000972642 0.00368418 6.68359)
(0.000244728 0.00145685 6.71574)
(0.000299201 0.00142515 11.6013)
(-0.00157771 0.00119302 11.7062)
(-0.00149955 0.000269898 11.7366)
(0.00276611 0.00397407 11.2955)
(-0.00100946 0.00312935 11.4841)
(-0.00191307 0.000650024 11.5739)
(0.00441275 0.00589384 10.895)
(0.00153352 0.00568498 11.077)
(0.00039322 0.00187747 11.2016)
(0.00495946 0.00650357 10.4819)
(0.00311559 0.00656142 10.6187)
(0.00297535 0.00242784 10.7154)
(0.0046689 0.00639402 10.0668)
(0.00335133 0.00675934 10.165)
(0.00362894 0.00262687 10.2327)
(0.00388469 0.00575859 9.63894)
(0.00303237 0.00644822 9.70858)
(0.00371694 0.00258706 9.75378)
(0.00279952 0.0048617 9.17619)
(0.00221325 0.00586773 9.2266)
(0.00309791 0.0024009 9.25631)
(0.00155018 0.00383012 8.64044)
(0.00118306 0.00515783 8.67887)
(0.00222262 0.00214445 8.69968)
(0.000399308 0.00286523 7.95479)
(0.000112442 0.00437561 7.98737)
(0.00119337 0.00182411 8.00559)
(-0.000634066 0.00183089 6.64121)
(-0.000767964 0.00337844 6.6913)
(0.000339864 0.00139048 6.71863)
(0.000819652 0.00184665 11.595)
(-0.00116142 0.00133489 11.7047)
(-0.00127155 0.000314999 11.7359)
(0.0035007 0.00459827 11.2862)
(-9.15464e-05 0.00357389 11.4725)
(-0.00114955 0.000811018 11.564)
(0.00515827 0.00635116 10.8911)
(0.00270746 0.00605826 11.0634)
(0.00163882 0.00209748 11.1819)
(0.00566933 0.00684328 10.4839)
(0.0041887 0.00678465 10.6111)
(0.00415342 0.00256392 10.7)
(0.00532194 0.00659549 10.0738)
(0.00436434 0.00684348 10.1628)
(0.00469812 0.00270571 10.2228)
(0.00445823 0.00584083 9.64977)
(0.0038929 0.00639191 9.71068)
(0.00460185 0.00260223 9.74867)
(0.00329203 0.00483931 9.18973)
(0.00292139 0.00569922 9.23198)
(0.00378431 0.00236966 9.25511)
(0.00195362 0.00371512 8.65551)
(0.00171441 0.00489626 8.68654)
(0.00269379 0.00207746 8.70134)
(0.00071681 0.00267771 7.97018)
(0.000484249 0.00406031 7.99616)
(0.0014708 0.00174031 8.00889)
(-0.000411043 0.00160057 6.65581)
(-0.000570444 0.00305255 6.70033)
(0.000422566 0.00130822 6.72309)
(0.00122539 0.00217174 11.5868)
(-0.000840925 0.00142581 11.7013)
(-0.00114379 0.000335989 11.7338)
(0.00407083 0.00505915 11.2761)
(0.000694767 0.00392771 11.4589)
(-0.000489263 0.000955402 11.5513)
(0.00571871 0.00664854 10.8867)
(0.0036769 0.00628418 11.0494)
(0.0026966 0.00225151 11.1611)
(0.0061984 0.00704032 10.4857)
(0.00506802 0.00688179 10.6035)
(0.00511909 0.00264202 10.6846)
(0.00580864 0.00667822 10.0807)
(0.00520111 0.00681568 10.161)
(0.0055867 0.00272817 10.2135)
(0.00488874 0.00583204 9.66054)
(0.00460646 0.00624892 9.71357)
(0.00532728 0.00257007 9.74462)
(0.00366896 0.00475361 9.20329)
(0.00351659 0.00546741 9.23836)
(0.00434829 0.00229996 9.25524)
(0.00227251 0.00356423 8.67069)
(0.00216805 0.00459314 8.69533)
(0.00307989 0.00198095 8.70448)
(0.000979524 0.00247751 7.98573)
(0.000811494 0.00372089 8.00612)
(0.00170181 0.00163489 8.01371)
(-0.000212194 0.00137751 6.67053)
(-0.000385899 0.00271812 6.71042)
(0.000491491 0.00121243 6.72893)
(0.00153535 0.00241415 11.5772)
(-0.000599502 0.00147979 11.6962)
(-0.00108768 0.000339701 11.7303)
(0.0044956 0.00537628 11.2654)
(0.00135772 0.00419451 11.4436)
(8.20352e-05 0.0010797 11.5364)
(0.00611355 0.00680864 10.882)
(0.00445518 0.00638281 11.0352)
(0.00357693 0.00234404 11.1397)
(0.00656262 0.00711309 10.4872)
(0.00576285 0.00686757 10.5961)
(0.00588919 0.00266633 10.6695)
(0.00614088 0.0066583 10.0873)
(0.00586261 0.00669004 10.1596)
(0.00629826 0.00269874 10.2049)
(0.00518462 0.00574508 9.67109)
(0.00517084 0.00603091 9.71709)
(0.00589683 0.00249466 9.74158)
(0.00393491 0.00461497 9.21666)
(0.00399534 0.00518252 9.24553)
(0.0047885 0.00219445 9.25653)
(0.00250886 0.00338561 8.68573)
(0.00254087 0.00425809 8.70497)
(0.0033777 0.00185728 8.70888)
(0.00118704 0.00227183 8.00118)
(0.00108947 0.00336558 8.01697)
(0.00188379 0.00150932 8.01982)
(-4.06631e-05 0.00116743 6.68514)
(-0.000217425 0.0023824 6.72128)
(0.000545991 0.0011036 6.73592)
(0.00177008 0.0025891 11.5664)
(-0.00041643 0.00150998 11.6896)
(-0.0010747 0.000332149 11.7257)
(0.00479781 0.00557049 11.2544)
(0.0019118 0.00438051 11.4272)
(0.000582538 0.00118215 11.5195)
(0.00636613 0.00685444 10.8771)
(0.00506015 0.0063738 11.0209)
(0.0042962 0.00238095 11.118)
(0.00678291 0.00708148 10.4884)
(0.00628777 0.00675757 10.5889)
(0.00648318 0.00264208 10.6547)
(0.0063363 0.0065531 10.0936)
(0.00635696 0.00648151 10.1586)
(0.00684297 0.00262344 10.1971)
(0.0053599 0.00559411 9.68131)
(0.00559075 0.00575015 9.72106)
(0.00631985 0.00238118 9.73947)
(0.00409991 0.00443447 9.22968)
(0.00435849 0.00485443 9.25325)
(0.00511065 0.00205729 9.25888)
(0.00266862 0.00318764 8.70043)
(0.00283258 0.00389921 8.71523)
(0.00359055 0.00170904 8.71434)
(0.00134162 0.00206685 8.01632)
(0.00131757 0.00300122 8.02844)
(0.00201672 0.00136468 8.02697)
(0.000102294 0.000974717 6.69942)
(-6.6058e-05 0.00205013 6.73266)
(0.000586142 0.000980948 6.74382)
(0.00194882 0.00271219 11.5548)
(-0.000271268 0.00152873 11.6815)
(-0.00107898 0.000318722 11.7201)
(0.0050001 0.0056629 11.2432)
(0.00237406 0.00449393 11.4099)
(0.00102902 0.00126225 11.501)
(0.00650092 0.00680821 10.872)
(0.00551322 0.00627732 11.0067)
(0.00487201 0.0023701 11.0963)
(0.00688264 0.00696538 10.4894)
(0.00666226 0.00656917 10.5819)
(0.00692136 0.00257654 10.6405)
(0.00641599 0.00637985 10.0995)
(0.00669922 0.00620695 10.158)
(0.00723417 0.00251061 10.1899)
(0.00543236 0.00539306 9.69113)
(0.00587843 0.00542118 9.72538)
(0.00660742 0.00223716 9.73825)
(0.00417804 0.00422248 9.24223)
(0.00461235 0.00449489 9.2613)
(0.00532351 0.00189597 9.26216)
(0.00276106 0.00297751 8.71463)
(0.00304556 0.00352534 8.72587)
(0.00372589 0.00154189 8.72069)
(0.00144808 0.00186674 8.03095)
(0.00149735 0.00263517 8.04026)
(0.00210313 0.00120501 8.03496)
(0.000217549 0.000801469 6.71318)
(6.77086e-05 0.00172614 6.74429)
(0.000612707 0.000846421 6.75239)
(0.00208868 0.0027987 11.5426)
(-0.000142855 0.00154628 11.6724)
(-0.00107903 0.000302803 11.7134)
(0.00512465 0.00567264 11.232)
(0.00276349 0.00454463 11.3922)
(0.00143454 0.00132201 11.4813)
(0.00654183 0.0066902 10.8668)
(0.00583603 0.00611277 10.9928)
(0.00532218 0.0023208 11.075)
(0.00688584 0.00678339 10.4902)
(0.00690853 0.00632013 10.5752)
(0.00722424 0.00247847 10.6269)
(0.00640221 0.00615455 10.1052)
(0.00690909 0.00588368 10.1575)
(0.00748719 0.00236988 10.1836)
(0.00542137 0.00515464 9.70049)
(0.00605119 0.00505934 9.72993)
(0.00677211 0.00207169 9.73784)
(0.00418519 0.00398796 9.25422)
(0.00476889 0.00411676 9.26953)
(0.00543678 0.00171964 9.26624)
(0.00279759 0.00276069 8.7282)
(0.00318604 0.0031461 8.73666)
(0.00379217 0.00136393 8.72774)
(0.00151355 0.0016737 8.04495)
(0.00163152 0.00227483 8.05219)
(0.00214746 0.00103725 8.04357)
(0.000308078 0.000647273 6.7263)
(0.000183484 0.00141555 6.75595)
(0.000626965 0.000705428 6.76144)
(0.00220305 0.00285946 11.53)
(-1.901e-05 0.00156949 11.6621)
(-0.00105908 0.00028861 11.7057)
(0.00518858 0.00561911 11.2209)
(0.00309279 0.00454176 11.3742)
(0.00180833 0.00136146 11.4608)
(0.00651066 0.00651904 10.8617)
(0.00605302 0.00589829 10.9794)
(0.00566408 0.00224186 11.0544)
(0.00681455 0.00655274 10.4908)
(0.00704915 0.00602694 10.5689)
(0.00741283 0.00235607 10.6142)
(0.00631604 0.00589197 10.1105)
(0.00700844 0.00552755 10.1574)
(0.00761965 0.00220998 10.1781)
(0.00534575 0.00489063 9.70936)
(0.00612752 0.00467819 9.73462)
(0.00682991 0.00189309 9.7382)
(0.00413693 0.00373941 9.26559)
(0.00484258 0.00373122 9.27783)
(0.00546277 0.00153589 9.27097)
(0.00278979 0.00254195 8.74107)
(0.00326375 0.00277011 8.74744)
(0.00379828 0.00118217 8.73534)
(0.00154572 0.00148926 8.05822)
(0.00172479 0.00192623 8.06403)
(0.00215513 0.000867685 8.05262)
(0.000377653 0.000510726 6.73868)
(0.000281903 0.0011222 6.76744)
(0.000630417 0.000563271 6.77076)
(0.00230353 0.00290305 11.5172)
(0.000112504 0.00160245 11.651)
(-0.00100676 0.000279167 11.6972)
(0.00520871 0.00551834 11.2101)
(0.00337511 0.0044941 11.3564)
(0.00215755 0.00138211 11.4399)
(0.00642722 0.00631041 10.8567)
(0.00618553 0.00564922 10.9664)
(0.00591392 0.00214185 11.0347)
(0.00668898 0.00628855 10.4913)
(0.00710506 0.00570412 10.5629)
(0.00750693 0.00221712 10.6023)
(0.00617691 0.0056052 10.1155)
(0.00701891 0.00515261 10.1575)
(0.00764969 0.00203885 10.1734)
(0.00522252 0.00461115 9.71773)
(0.00612486 0.00428937 9.7394)
(0.00679884 0.00170917 9.73927)
(0.00404741 0.00348424 9.27632)
(0.00484728 0.00334713 9.28611)
(0.00541647 0.00135103 9.27624)
(0.00274856 0.00232557 8.75318)
(0.00328922 0.00240424 8.75807)
(0.00375406 0.00100219 8.74332)
(0.00155206 0.00131459 8.07068)
(0.00178286 0.00159384 8.07563)
(0.00213219 0.000701265 8.06195)
(0.000430151 0.000390071 6.75025)
(0.000364375 0.000848468 6.7786)
(0.000624742 0.000424225 6.78018)
(0.00239884 0.00293479 11.5044)
(0.0002596 0.00164599 11.6392)
(-0.000914456 0.000276872 11.6878)
(0.00519904 0.00538418 11.1996)
(0.00361984 0.00440954 11.3388)
(0.00248668 0.00138545 11.4189)
(0.00630835 0.0060776 10.8518)
(0.00625262 0.00537815 10.9541)
(0.00608697 0.002028 11.0159)
(0.00652646 0.0060039 10.4917)
(0.00709504 0.00536397 10.5574)
(0.00752504 0.0020682 10.5913)
(0.00600157 0.00530558 10.1202)
(0.0069606 0.00477057 10.1578)
(0.00759578 0.00186294 10.1695)
(0.00506681 0.00432532 9.72559)
(0.00605986 0.00390244 9.74421)
(0.00669689 0.00152601 9.74096)
(0.00392922 0.00322927 9.28638)
(0.00479651 0.00297169 9.29428)
(0.0053133 0.00116988 9.28193)
(0.00268339 0.00211531 8.76452)
(0.00327276 0.00205371 8.76844)
(0.00366996 0.000828058 8.75157)
(0.00153915 0.00115078 8.08232)
(0.00181178 0.00128072 8.08686)
(0.002085 0.000541408 8.07139)
(0.000469004 0.000283742 6.76099)
(0.000432726 0.000595505 6.78932)
(0.000611836 0.000291106 6.78957)
(0.00249443 0.00295891 11.4917)
(0.000426256 0.00169912 11.6268)
(-0.00077853 0.000282619 11.6776)
(0.00516984 0.00522845 11.1894)
(0.00383401 0.00429555 11.3217)
(0.00279827 0.00137302 11.398)
(0.00616737 0.00583165 10.8471)
(0.00627029 0.0050952 10.9424)
(0.00619779 0.00190608 10.9983)
(0.00634081 0.00570987 10.4921)
(0.00703479 0.00501646 10.5523)
(0.00748441 0.00191441 10.5814)
(0.00580364 0.00500277 10.1246)
(0.00685028 0.00439043 10.1583)
(0.00747682 0.00168703 10.1664)
(0.00489069 0.00404099 9.73296)
(0.00594753 0.00352465 9.74906)
(0.0065413 0.00134742 9.74321)
(0.00379256 0.00298019 9.29579)
(0.0047037 0.00261056 9.3023)
(0.00516709 0.000995437 9.28794)
(0.00260216 0.00191441 8.77508)
(0.00322455 0.00172235 8.77848)
(0.00355561 0.000662224 8.75996)
(0.00151251 0.000998804 8.09312)
(0.00181783 0.000988812 8.09765)
(0.00201942 0.000390046 8.08084)
(0.000497083 0.000190438 6.77089)
(0.00048913 0.000363327 6.79951)
(0.000593532 0.000165214 6.79882)
(0.00259358 0.00297773 11.4791)
(0.000613688 0.00175916 11.6139)
(-0.000599151 0.000296505 11.6667)
(0.00512886 0.00506052 11.1797)
(0.00402242 0.00415906 11.3052)
(0.00309287 0.00134688 11.3776)
(0.00601479 0.00558119 10.8426)
(0.00625174 0.00480844 10.9314)
(0.00625924 0.00178091 10.9819)
(0.00614289 0.00541519 10.4924)
(0.0069374 0.00466977 10.5478)
(0.00739966 0.00176007 10.5724)
(0.0055939 0.0047043 10.1287)
(0.00670213 0.00401941 10.1591)
(0.00731011 0.00151515 10.1641)
(0.00470373 0.00376429 9.73986)
(0.00580097 0.00316171 9.7539)
(0.0063474 0.00117629 9.74595)
(0.00364565 0.00274133 9.30456)
(0.00458097 0.00226839 9.31012)
(0.00499001 0.000830117 9.2942)
(0.0025113 0.0017252 8.78488)
(0.00315357 0.00141311 8.78813)
(0.00341971 0.000506659 8.76842)
(0.00147677 0.000859111 8.10311)
(0.00180676 0.000719478 8.10792)
(0.00194065 0.000248715 8.09021)
(0.000516874 0.000108773 6.77998)
(0.000535687 0.000151595 6.80913)
(0.000571441 4.75057e-05 6.80784)
(0.00269778 0.00299216 11.4668)
(0.000821219 0.00182255 11.6006)
(-0.000379721 0.000318123 11.6551)
(0.00508182 0.00488738 11.1704)
(0.00418832 0.00400656 11.2894)
(0.00336931 0.00130981 11.3578)
(0.00585871 0.00533262 10.8384)
(0.00620764 0.00452444 10.9212)
(0.00628194 0.00165668 10.9667)
(0.00594099 0.00512633 10.4927)
(0.00681397 0.00433093 10.5436)
(0.00728215 0.00160915 10.5645)
(0.00538078 0.00441556 10.1325)
(0.00652821 0.00366367 10.1601)
(0.00710998 0.00135109 10.1625)
(0.00451344 0.00349955 9.74632)
(0.00563118 0.00281848 9.75873)
(0.006128 0.00101548 9.74912)
(0.003495 0.00251557 9.31272)
(0.00443826 0.001949 9.31772)
(0.00479261 0.000676457 9.30065)
(0.00241594 0.00154903 8.79396)
(0.00306687 0.00112829 8.79737)
(0.00327011 0.000363444 8.77687)
(0.00143573 0.000731691 8.11231)
(0.00178308 0.000473833 8.11767)
(0.00185336 0.000119134 8.09942)
(0.00053057 3.72496e-05 6.78829)
(0.000573967 -3.98425e-05 6.81817)
(0.000546961 -6.0674e-05 6.81658)
(0.00280719 0.00300303 11.4548)
(0.00104558 0.00188545 11.5872)
(-0.00012613 0.000346109 11.6429)
(0.00503236 0.00471475 11.1616)
(0.00433406 0.00384435 11.2744)
(0.00362551 0.00126466 11.3387)
(0.00570447 0.00509066 10.8343)
(0.00614671 0.00424858 10.9117)
(0.00627438 0.00153666 10.9527)
(0.00574089 0.00484797 10.493)
(0.00667371 0.00400587 10.54)
(0.00714048 0.00146498 10.5576)
(0.0051703 0.00414028 10.1362)
(0.00633844 0.00332829 10.1612)
(0.00688797 0.00119813 10.1615)
(0.00432521 0.00324965 9.75235)
(0.00544689 0.00249876 9.76354)
(0.00589373 0.000867433 9.75266)
(0.00334536 0.00230474 9.32032)
(0.00428336 0.00165528 9.32506)
(0.00458385 0.000536576 9.30722)
(0.00231986 0.0013867 8.80235)
(0.00296993 0.000869532 8.80618)
(0.0031135 0.0002343 8.78525)
(0.00139224 0.000616312 8.12076)
(0.00175025 0.000252666 8.12686)
(0.00176165 2.78709e-06 8.10841)
(0.000539919 -2.54515e-05 6.79586)
(0.000605065 -0.000211017 6.8266)
(0.000521251 -0.000157966 6.825)
(0.00292058 0.00301083 11.4431)
(0.00128215 0.00194412 11.5737)
(0.000154306 0.000378389 11.6303)
(0.00498267 0.00454666 11.1531)
(0.00446119 0.00367782 11.2602)
(0.00385923 0.00121419 11.3206)
(0.00555555 0.00485865 10.8305)
(0.00607522 0.00398472 10.903)
(0.00624347 0.00142307 10.9399)
(0.00554646 0.00458339 10.4932)
(0.00652342 0.00369884 10.5368)
(0.00698154 0.00132994 10.5515)
(0.00496652 0.00388101 10.1396)
(0.00614045 0.00301667 10.1626)
(0.00665338 0.00105824 10.1612)
(0.00414269 0.00301646 9.758)
(0.00525495 0.00220501 9.7683)
(0.00565296 0.000733617 9.75651)
(0.00319998 0.00211001 9.32738)
(0.00412234 0.00138889 9.33216)
(0.00437095 0.000411634 9.31387)
(0.00222567 0.00123862 8.8101)
(0.00286708 0.000637672 8.81456)
(0.00295517 0.000120103 8.79351)
(0.00134825 0.00051267 8.12852)
(0.00171101 5.6217e-05 8.13553)
(0.00166878 -9.95477e-05 8.11716)
(0.000546161 -8.03458e-05 6.80277)
(0.000629848 -0.000362162 6.83447)
(0.000495207 -0.000243555 6.83308)
(0.00303612 0.00301596 11.4317)
(0.00152596 0.00199484 11.5602)
(0.00045403 0.000412075 11.6173)
(0.00493375 0.00438593 11.1451)
(0.00457057 0.00351125 11.2468)
(0.00406827 0.00116066 11.3035)
(0.00541381 0.00463885 10.8269)
(0.00599731 0.00373518 10.8949)
(0.00619497 0.00131701 10.9283)
(0.00535989 0.00433471 10.4935)
(0.00636761 0.00341238 10.5341)
(0.00681114 0.00120526 10.5464)
(0.00477182 0.00363941 10.1428)
(0.00593989 0.00273057 10.1641)
(0.00641352 0.000932021 10.1614)
(0.00396806 0.00280107 9.76329)
(0.00506081 0.00193845 9.77303)
(0.00541177 0.000614391 9.76063)
(0.00306083 0.00193196 9.33395)
(0.00395989 0.00115042 9.33899)
(0.00415931 0.000301799 9.32056)
(0.00213495 0.00110487 8.81727)
(0.00276175 0.000432718 8.82253)
(0.002799 2.08807e-05 8.80163)
(0.00130496 0.00042042 8.13565)
(0.00166761 -0.000115835 8.14367)
(0.00157715 -0.000187849 8.12564)
(0.000550066 -0.000128144 6.80905)
(0.000649065 -0.00049383 6.84178)
(0.000469494 -0.000317318 6.84081)
(0.00315163 0.00301838 11.4206)
(0.00177189 0.00203499 11.5468)
(0.000765566 0.000444974 11.6041)
(0.00488575 0.00423416 11.1375)
(0.00466235 0.00334791 11.2342)
(0.00425127 0.00110608 11.2874)
(0.00527995 0.00443247 10.8236)
(0.00591535 0.0035013 10.8875)
(0.00613338 0.00121903 10.9178)
(0.00518224 0.00410302 10.4938)
(0.00620909 0.00314775 10.5318)
(0.00663401 0.0010915 10.5421)
(0.00458735 0.00341625 10.1459)
(0.00574066 0.00247049 10.1658)
(0.0061739 0.000819303 10.1622)
(0.00380249 0.00260381 9.76826)
(0.00486845 0.00169928 9.7777)
(0.00517448 0.000509481 9.76495)
(0.002929 0.00177061 9.34008)
(0.00379941 0.000939576 9.34558)
(0.00395283 0.000206663 9.32723)
(0.00204857 0.000985185 8.82389)
(0.00265645 0.000254053 8.83009)
(0.00264768 -6.38422e-05 8.80957)
(0.00126301 0.000339108 8.1422)
(0.00162173 -0.000264245 8.15132)
(0.00148846 -0.000262555 8.13383)
(0.000552088 -0.000169387 6.81477)
(0.000663332 -0.000606788 6.84859)
(0.000444574 -0.000379566 6.84819)
(0.00326466 0.00301783 11.4099)
(0.00201463 0.00206392 11.5336)
(0.00108073 0.000476409 11.5907)
(0.00483832 0.00409197 11.1302)
(0.00473637 0.00319042 11.2224)
(0.00440827 0.00105234 11.2723)
(0.00515384 0.00423984 10.8204)
(0.00583051 0.00328392 10.8808)
(0.00606202 0.00112952 10.9084)
(0.00501373 0.0038885 10.4941)
(0.0060496 0.00290545 10.5299)
(0.00645374 0.00098895 10.5385)
(0.00441343 0.00321145 10.1488)
(0.0055452 0.00223624 10.1677)
(0.00593851 0.000719727 10.1633)
(0.00364637 0.00242436 9.77293)
(0.00468048 0.00148697 9.78232)
(0.00494419 0.000418364 9.76945)
(0.00280489 0.00162548 9.34579)
(0.00364308 0.000755468 9.35193)
(0.00375418 0.000125576 9.33387)
(0.00196689 0.000878981 8.83002)
(0.00255288 0.000100612 8.83726)
(0.00250305 -0.00013476 8.81732)
(0.00122271 0.000268136 8.14822)
(0.00157455 -0.000390046 8.15852)
(0.00140384 -0.000324297 8.14173)
(0.000552481 -0.000204556 6.81999)
(0.000673131 -0.00070188 6.85492)
(0.000420723 -0.000430765 6.85523)
(0.00337261 0.00301427 11.3996)
(0.0022493 0.00208158 11.5207)
(0.00139168 0.000505612 11.5774)
(0.00479092 0.00395945 11.1233)
(0.00479296 0.00304063 11.2114)
(0.00453953 0.00100084 11.2583)
(0.00503477 0.00406074 10.8175)
(0.00574336 0.00308328 10.8747)
(0.00598309 0.00104856 10.8999)
(0.00485407 0.00369073 10.4945)
(0.00589039 0.00268533 10.5284)
(0.00627278 0.000897515 10.5357)
(0.00424981 0.00302435 10.1516)
(0.005355 0.002027 10.1698)
(0.00570997 0.00063272 10.1649)
(0.00349957 0.00226193 9.77734)
(0.00449846 0.00130038 9.78687)
(0.00472294 0.000340291 9.77407)
(0.00268842 0.00149568 9.35113)
(0.00349225 0.000596701 9.35805)
(0.00356509 5.76775e-05 9.34044)
(0.0018899 0.000785411 8.83571)
(0.00245208 -2.90583e-05 8.84408)
(0.00236624 -0.000192757 8.82486)
(0.00118411 0.000206795 8.15377)
(0.00152682 -0.000494546 8.16528)
(0.00132397 -0.000373876 8.14933)
(0.000551382 -0.000234105 6.82477)
(0.000678835 -0.000780075 6.86083)
(0.000398099 -0.000471519 6.86194)
(0.00347322 0.00300795 11.3896)
(0.002472 0.00208816 11.5082)
(0.00169215 0.000531432 11.5642)
(0.00474277 0.00383635 11.1168)
(0.00483294 0.00289974 11.2011)
(0.00464538 0.000952401 11.2453)
(0.00492163 0.00389458 10.8148)
(0.00565413 0.00289915 10.8692)
(0.00589796 0.000975835 10.8924)
(0.0047026 0.00350886 10.4949)
(0.00573231 0.00248669 10.5272)
(0.00609267 0.000816753 10.5334)
(0.00409584 0.00285391 10.1542)
(0.00517086 0.00184145 10.1719)
(0.00548981 0.000557477 10.1667)
(0.00336164 0.00211541 9.78152)
(0.0043232 0.0011379 9.79136)
(0.00451191 0.0002743 9.77878)
(0.00257923 0.00138014 9.35614)
(0.00334759 0.000461486 9.36394)
(0.00338647 1.90343e-06 9.34692)
(0.00181737 0.000703496 8.84101)
(0.00235461 -0.000136728 8.85057)
(0.00223782 -0.0002389 8.83218)
(0.00114711 0.000154317 8.1589)
(0.00147899 -0.000579303 8.17165)
(0.00124921 -0.00041226 8.15664)
(0.000548845 -0.000258452 6.82916)
(0.000680735 -0.000842486 6.86634)
(0.000376805 -0.000502584 6.86834)
(0.00356359 0.00299876 11.38)
(0.00267954 0.00208418 11.496)
(0.00197698 0.00055315 11.5511)
(0.00469352 0.00372212 11.1107)
(0.00485718 0.0027683 11.1915)
(0.0047267 0.000907532 11.2333)
(0.00481328 0.00374052 10.8122)
(0.00556276 0.00273088 10.8642)
(0.00580756 0.00091085 10.8857)
(0.00455855 0.00334183 10.4953)
(0.00557584 0.00230839 10.5264)
(0.00591445 0.000745977 10.5317)
(0.00395071 0.00269889 10.1568)
(0.00499308 0.00167792 10.1742)
(0.00527883 0.000492999 10.1688)
(0.00323188 0.00198352 9.78548)
(0.00415506 0.000997617 9.79578)
(0.00431164 0.000219271 9.78354)
(0.00247675 0.00127762 9.36086)
(0.00320937 0.000347775 9.36962)
(0.00321866 -4.29453e-05 9.3533)
(0.00174892 0.000632175 8.84595)
(0.00226075 -0.000224378 8.85674)
(0.00211795 -0.000274382 8.83928)
(0.00111153 0.000109899 8.16366)
(0.00143135 -0.000646047 8.17766)
(0.00117968 -0.000440536 8.16367)
(0.000544899 -0.000278013 6.8332)
(0.00067912 -0.000890349 6.87151)
(0.000356872 -0.000524812 6.87443)
(0.00364434 0.00298836 11.3707)
(0.00286934 0.00207228 11.4842)
(0.00224281 0.000570369 11.5384)
(0.0046408 0.00361573 11.1048)
(0.00486681 0.00264665 11.1826)
(0.00478487 0.000866541 11.2222)
(0.00470837 0.00359773 10.8099)
(0.0054689 0.00257777 10.8598)
(0.00571257 0.000853018 10.8797)
(0.0044207 0.00318837 10.4958)
(0.00542127 0.0021491 10.5258)
(0.00573879 0.000684365 10.5305)
(0.00381331 0.00255791 10.1593)
(0.00482157 0.00153458 10.1765)
(0.00507724 0.000438216 10.1712)
(0.00310943 0.00186488 9.78925)
(0.003994 0.000877468 9.80012)
(0.00412216 0.000174024 9.78832)
(0.00238025 0.00118684 9.3653)
(0.00307752 0.000253428 9.37509)
(0.00306154 -7.81134e-05 9.35954)
(0.00168405 0.000570362 8.85057)
(0.00217054 -0.000294051 8.86261)
(0.00200645 -0.000300436 8.84615)
(0.00107711 7.2734e-05 8.16808)
(0.00138406 -0.000696549 8.18334)
(0.00111523 -0.000459832 8.17042)
(0.000539534 -0.00029318 6.83693)
(0.000674258 -0.000924912 6.87636)
(0.000338256 -0.000539093 6.88025)
(0.00371315 0.00297564 11.3618)
(0.00304011 0.0020532 11.4729)
(0.00248663 0.000583518 11.526)
(0.00458505 0.00351632 11.0993)
(0.00486235 0.00253435 11.1743)
(0.00482152 0.000829393 11.2119)
(0.00460609 0.00346501 10.8077)
(0.00537243 0.00243865 10.8557)
(0.00561344 0.000801707 10.8744)
(0.0042884 0.00304713 10.4963)
(0.00526872 0.0020071 10.5254)
(0.00556612 0.000630995 10.5297)
(0.00368286 0.00242952 10.1617)
(0.00465615 0.00140934 10.1789)
(0.00488489 0.000392015 10.1737)
(0.00299361 0.00175809 9.79285)
(0.00383984 0.000775224 9.80439)
(0.00394319 0.00013735 9.7931)
(0.00228916 0.00110647 9.3695)
(0.00295187 0.00017618 9.38037)
(0.00291469 -0.000104853 9.36565)
(0.00162241 0.000516955 8.85491)
(0.00208393 -0.000347902 8.86822)
(0.00190294 -0.000318301 8.85279)
(0.00104367 4.19855e-05 8.17222)
(0.00133724 -0.000732702 8.18872)
(0.00105562 -0.000471297 8.17689)
(0.000532825 -0.000304408 6.8404)
(0.000666476 -0.000947564 6.88092)
(0.000320891 -0.000546353 6.88579)
(0.0037689 0.00296083 11.3532)
(0.00319065 0.00202828 11.462)
(0.00270657 0.000592537 11.514)
(0.00452597 0.00342309 11.0941)
(0.00484527 0.00243099 11.1666)
(0.00483856 0.000795816 11.2024)
(0.0045054 0.00334132 10.8058)
(0.00527325 0.00231235 10.8521)
(0.0055105 0.000756177 10.8698)
(0.00416088 0.00291689 10.4968)
(0.00511838 0.00188071 10.5253)
(0.00539671 0.000584881 10.5292)
(0.00355851 0.00231236 10.164)
(0.00449662 0.00130023 10.1814)
(0.00470136 0.000353284 10.1764)
(0.0028837 0.00166181 9.7963)
(0.00369242 0.000688795 9.80857)
(0.00377416 0.000108088 9.79785)
(0.00220287 0.00103526 9.37349)
(0.00283215 0.000113901 9.38547)
(0.00277752 -0.000124325 9.37161)
(0.00156359 0.000470899 8.859)
(0.00200075 -0.000387995 8.87358)
(0.001807 -0.00032914 8.85921)
(0.00101106 1.6856e-05 8.17609)
(0.00129096 -0.000756334 8.19383)
(0.00100056 -0.000476029 8.18311)
(0.000524841 -0.000312125 6.84364)
(0.000656083 -0.000959667 6.88524)
(0.000304697 -0.000547496 6.89109)
(0.00381155 0.00294397 11.345)
(0.00332078 0.00199915 11.4515)
(0.00290187 0.000597875 11.5024)
(0.00446307 0.00333512 11.0892)
(0.00481671 0.00233596 11.1594)
(0.00483807 0.000765542 11.1937)
(0.0044055 0.00322561 10.8039)
(0.00517127 0.00219768 10.8489)
(0.00540414 0.000715755 10.8657)
(0.00403746 0.00279639 10.4974)
(0.00497035 0.00176823 10.5254)
(0.00523078 0.000545094 10.5291)
(0.00343948 0.00220511 10.1663)
(0.00434266 0.00120528 10.184)
(0.00452618 0.000320981 10.1792)
(0.00277904 0.00157476 9.7996)
(0.00355143 0.00061612 9.81267)
(0.00361447 8.51332e-05 9.80256)
(0.00212084 0.000972007 9.37728)
(0.00271804 6.45128e-05 9.39039)
(0.00264934 -0.000137653 9.3774)
(0.00150727 0.000431204 8.86286)
(0.00192085 -0.000416324 8.8787)
(0.00171808 -0.000334078 8.86539)
(0.000979138 -3.41775e-06 8.17974)
(0.0012453 -0.000769232 8.19868)
(0.000949697 -0.000475098 8.18907)
(0.000515686 -0.000316764 6.84667)
(0.000643419 -0.000962603 6.88932)
(0.000289583 -0.000543429 6.89614)
(0.00384112 0.00292502 11.3371)
(0.00343069 0.00196719 11.4416)
(0.0030724 0.000600008 11.4913)
(0.00439616 0.00325154 11.0845)
(0.00477783 0.00224851 11.1527)
(0.00482213 0.00073818 11.1857)
(0.00430587 0.00311695 10.8023)
(0.00506658 0.00209342 10.846)
(0.00529476 0.000679771 10.862)
(0.00391753 0.00268451 10.4981)
(0.00482472 0.001668 10.5257)
(0.00506857 0.000510708 10.5292)
(0.00332513 0.00210656 10.1686)
(0.00419394 0.00112258 10.1865)
(0.00435891 0.000294095 10.182)
(0.00267906 0.0014958 9.80278)
(0.00341644 0.000555174 9.81668)
(0.00346364 6.74033e-05 9.8072)
(0.00204256 0.000915665 9.3809)
(0.00260922 2.59973e-05 9.39514)
(0.00252948 -0.000145991 9.38303)
(0.00145316 0.000396998 8.86653)
(0.00184418 -0.000434769 8.88361)
(0.00163553 -0.000334256 8.87135)
(0.000947815 -1.95161e-05 8.18318)
(0.00120042 -0.000773118 8.2033)
(0.000902612 -0.000469589 8.19478)
(0.000505473 -0.000318714 6.84953)
(0.000628862 -0.000957777 6.8932)
(0.000275462 -0.000535114 6.90097)
(0.00385787 0.00290395 11.3296)
(0.003521 0.00193352 11.4321)
(0.0032186 0.00059943 11.4807)
(0.00432526 0.00317164 11.0801)
(0.00472978 0.00216786 11.1465)
(0.00479274 0.000713312 11.1783)
(0.00420611 0.0030145 10.8008)
(0.00495934 0.00199842 10.8435)
(0.00518281 0.000647596 10.8589)
(0.00380071 0.00258026 10.4988)
(0.00468157 0.00157844 10.5261)
(0.00491023 0.000480867 10.5296)
(0.00321492 0.00201567 10.1707)
(0.00405018 0.00105042 10.1891)
(0.00419909 0.000271699 10.185)
(0.00258327 0.00142391 9.80585)
(0.00328707 0.00050415 9.82061)
(0.00332114 5.39331e-05 9.81175)
(0.00196763 0.000865331 9.38435)
(0.00250537 -3.44311e-06 9.39973)
(0.0024173 -0.000150357 9.38849)
(0.00140101 0.00036749 8.87001)
(0.00177064 -0.000445036 8.88831)
(0.00155876 -0.000330686 8.8771)
(0.000917007 -3.2049e-05 8.18644)
(0.00115641 -0.000769584 8.20771)
(0.00085897 -0.00046049 8.20026)
(0.000494308 -0.000318328 6.85222)
(0.000612765 -0.000946498 6.89689)
(0.000262262 -0.000523446 6.90559)
(0.00386232 0.0028807 11.3224)
(0.00359266 0.00189909 11.423)
(0.00334136 0.000596632 11.4706)
(0.00425056 0.00309482 11.076)
(0.0046737 0.00209328 11.1408)
(0.0047518 0.00069055 11.1715)
(0.00410606 0.00291755 10.7995)
(0.00484986 0.00191166 10.8412)
(0.00506873 0.000618684 10.8561)
(0.00368668 0.00248279 10.4995)
(0.00454099 0.00149817 10.5267)
(0.0047559 0.00045484 10.5302)
(0.00310836 0.0019315 10.1729)
(0.00391114 0.000987275 10.1917)
(0.00404624 0.000253001 10.1879)
(0.0024912 0.00135814 9.80881)
(0.00316305 0.000461477 9.82444)
(0.00318637 4.39094e-05 9.81622)
(0.00189573 0.000820171 9.38766)
(0.0024062 -2.53828e-05 9.40416)
(0.00231213 -0.00015159 9.39378)
(0.00135064 0.000341996 8.87333)
(0.00170012 -0.000448638 8.89282)
(0.00148726 -0.000324211 8.88262)
(0.000886693 -4.15637e-05 8.18953)
(0.00111335 -0.000760045 8.21192)
(0.000818455 -0.000448634 8.20552)
(0.000482328 -0.000315948 6.85478)
(0.000595461 -0.00092995 6.90041)
(0.00024991 -0.00050919 6.91001)
(0.00385516 0.00285521 11.3155)
(0.00364683 0.00186458 11.4144)
(0.00344191 0.000592068 11.4609)
(0.00417231 0.00302054 11.0722)
(0.00461066 0.00202406 11.1354)
(0.00470105 0.000669543 11.1652)
(0.00400567 0.00282543 10.7982)
(0.00473852 0.00183215 10.8392)
(0.00495298 0.000592561 10.8537)
(0.00357521 0.00239129 10.5003)
(0.00440311 0.00142593 10.5274)
(0.00460567 0.000432 10.5309)
(0.0030052 0.00185325 10.175)
(0.00377666 0.000931804 10.1942)
(0.00389994 0.000237331 10.1909)
(0.00240262 0.00129775 9.81167)
(0.00304411 0.000425795 9.82818)
(0.00305879 3.66387e-05 9.8206)
(0.00182658 0.000779449 9.39084)
(0.00231144 -4.11861e-05 9.40844)
(0.0022134 -0.000150398 9.3989)
(0.00130192 0.000319899 8.87649)
(0.0016325 -0.000446897 8.89714)
(0.00142053 -0.000315552 8.88794)
(0.00085686 -4.85557e-05 8.19248)
(0.00107132 -0.00074575 8.21595)
(0.000780765 -0.000434743 8.21056)
(0.000469669 -0.000311895 6.8572)
(0.000577256 -0.000909199 6.90378)
(0.000238334 -0.000493012 6.91424)
(0.00383725 0.00282745 11.3089)
(0.00368485 0.00183048 11.4062)
(0.00352172 0.000586141 11.4518)
(0.00409087 0.00294837 11.0685)
(0.00454168 0.00195954 11.1305)
(0.00464205 0.000649986 11.1593)
(0.00390498 0.00273761 10.7972)
(0.00462575 0.00175905 10.8375)
(0.00483603 0.000568812 10.8516)
(0.00346617 0.0023051 10.5011)
(0.00426805 0.00136063 10.5282)
(0.00445958 0.000411812 10.5317)
(0.00290519 0.00178022 10.1771)
(0.00364657 0.000882837 10.1968)
(0.00375981 0.000224118 10.1938)
(0.00231725 0.00124205 9.81445)
(0.00293 0.000395906 9.83182)
(0.0029379 3.15312e-05 9.82486)
(0.00176 0.000742554 9.3939)
(0.00222083 -5.20402e-05 9.41258)
(0.00212055 -0.000147383 9.40385)
(0.00125476 0.000300683 8.87953)
(0.00156765 -0.000440959 8.9013)
(0.00135816 -0.000305328 8.89305)
(0.00082752 -5.34542e-05 8.19529)
(0.00103039 -0.000727784 8.21981)
(0.000745632 -0.000419436 8.2154)
(0.000456468 -0.000306457 6.85951)
(0.000558435 -0.000885201 6.907)
(0.000227474 -0.000475501 6.91829)
(0.00380954 0.00279741 11.3027)
(0.00370813 0.00179708 11.3984)
(0.00358242 0.000579188 11.4431)
(0.00400668 0.00287799 11.0651)
(0.00446765 0.00189916 11.1258)
(0.0045762 0.000631616 11.154)
(0.00380418 0.00265363 10.7962)
(0.004512 0.00169157 10.8359)
(0.00471834 0.000547078 10.8497)
(0.00335953 0.0022237 10.502)
(0.00413588 0.00130132 10.529)
(0.00431768 0.000393814 10.5327)
(0.00280819 0.00171187 10.1791)
(0.00352068 0.00083938 10.1994)
(0.00362551 0.000212875 10.1967)
(0.00223494 0.00119055 9.81713)
(0.00282042 0.000370802 9.83537)
(0.00282322 2.80771e-05 9.82902)
(0.00169588 0.000709086 9.39684)
(0.00213405 -5.89449e-05 9.41657)
(0.0020331 -0.00014307 9.40863)
(0.00120906 0.000284001 8.88243)
(0.00150543 -0.000431753 8.9053)
(0.00129975 -0.00029409 8.89797)
(0.000798597 -5.65928e-05 8.19798)
(0.000990682 -0.000707009 8.22351)
(0.000712821 -0.000403265 8.22003)
(0.000442793 -0.000299821 6.86172)
(0.000539229 -0.00085873 6.91008)
(0.000217283 -0.000457192 6.92217)
(0.00377304 0.00276509 11.2967)
(0.00371807 0.00176455 11.391)
(0.00362572 0.000571482 11.4349)
(0.00392016 0.00280913 11.0619)
(0.00438941 0.00184237 11.1215)
(0.00450473 0.000614212 11.149)
(0.00370347 0.00257311 10.7954)
(0.00439772 0.00162903 10.8346)
(0.00460038 0.000527052 10.8481)
(0.00325525 0.00214658 10.5029)
(0.00400671 0.00124717 10.53)
(0.00417999 0.00037762 10.5338)
(0.00271407 0.00164769 10.1811)
(0.0033989 0.000800571 10.2019)
(0.00349675 0.000203202 10.1996)
(0.00215552 0.00114273 9.81974)
(0.0027152 0.000349624 9.83883)
(0.00271434 2.58696e-05 9.83307)
(0.00163408 0.000678571 9.39967)
(0.00205091 -6.27455e-05 9.42044)
(0.00195061 -0.000137864 9.41324)
(0.00116476 0.000269471 8.88523)
(0.00144574 -0.000420113 8.90914)
(0.00124495 -0.000282253 8.9027)
(0.000770147 -5.82753e-05 8.20056)
(0.000952225 -0.000684237 8.22706)
(0.000682115 -0.000386656 8.22448)
(0.00042878 -0.00029221 6.86383)
(0.00051985 -0.000830533 6.91304)
(0.000207714 -0.000438502 6.92588)
(0.00372876 0.00273052 11.2911)
(0.0037161 0.0017329 11.384)
(0.00365333 0.000563252 11.4271)
(0.00383178 0.00274155 11.0589)
(0.00430775 0.00178871 11.1175)
(0.00442873 0.000597611 11.1444)
(0.00360307 0.00249567 10.7946)
(0.00428341 0.00157081 10.8334)
(0.00448258 0.000508494 10.8468)
(0.0031533 0.00207326 10.5038)
(0.0038807 0.00119746 10.531)
(0.0040465 0.000362939 10.5349)
(0.0026227 0.00158713 10.183)
(0.00328122 0.000765665 10.2044)
(0.00337326 0.000194802 10.2025)
(0.00207882 0.00109804 9.82227)
(0.00261427 0.000331631 9.84219)
(0.00261086 2.46167e-05 9.837)
(0.00157443 0.000650454 9.4024)
(0.00197141 -6.41514e-05 9.42416)
(0.00187268 -0.000132046 9.41769)
(0.00112188 0.000256624 8.88791)
(0.00138857 -0.000406785 8.91283)
(0.00119345 -0.000270084 8.90724)
(0.00074235 -5.88273e-05 8.20303)
(0.000915013 -0.000660232 8.23047)
(0.000653316 -0.000369897 8.22874)
(0.000414639 -0.000283938 6.86586)
(0.00050051 -0.000801309 6.91588)
(0.000198711 -0.000419713 6.92944)
(0.0036777 0.00269375 11.2857)
(0.00370359 0.00170209 11.3773)
(0.00366692 0.000554679 11.4197)
(0.00374198 0.00267508 11.0561)
(0.00422335 0.00173777 11.1138)
(0.0043491 0.000581695 11.1402)
(0.00350322 0.00242099 10.794)
(0.0041695 0.00151638 10.8324)
(0.00436536 0.000491214 10.8456)
(0.00305372 0.00200334 10.5047)
(0.00375794 0.00115156 10.532)
(0.00391717 0.000349539 10.5361)
(0.00253404 0.00152979 10.185)
(0.00316756 0.00073405 10.2068)
(0.00325477 0.000187443 10.2053)
(0.00200477 0.0010561 9.82472)
(0.00251745 0.000316222 9.84546)
(0.00251243 2.40881e-05 9.84082)
(0.00151686 0.00062438 9.40504)
(0.00189539 -6.37337e-05 9.42777)
(0.00179895 -0.000125844 9.42199)
(0.00108043 0.00024515 8.8905)
(0.00133385 -0.000392317 8.91639)
(0.00114494 -0.000257811 8.91161)
(0.000715272 -5.85148e-05 8.20541)
(0.000879077 -0.000635532 8.23375)
(0.000626246 -0.000353221 8.23284)
(0.000400494 -0.000275227 6.8678)
(0.000481378 -0.000771561 6.91861)
(0.000190228 -0.000401055 6.93286)
(0.00362085 0.00265489 11.2805)
(0.00368182 0.00167204 11.371)
(0.00366811 0.000545899 11.4127)
(0.00365121 0.0026096 11.0535)
(0.00413684 0.0016892 11.1104)
(0.00426665 0.000566369 11.1362)
(0.00340421 0.00234882 10.7935)
(0.00405639 0.00146529 10.8315)
(0.00424906 0.000475047 10.8446)
(0.00295655 0.00193651 10.5056)
(0.00363849 0.00110897 10.5331)
(0.00379194 0.000337226 10.5374)
(0.00244806 0.00147535 10.1869)
(0.00305784 0.000705228 10.2092)
(0.00314104 0.000180932 10.2081)
(0.0019333 0.00101659 9.82711)
(0.0024246 0.000302917 9.84864)
(0.00241869 2.40995e-05 9.84453)
(0.00146134 0.000600075 9.4076)
(0.00182271 -6.1941e-05 9.43124)
(0.00172906 -0.000119431 9.42614)
(0.00104039 0.00023481 8.89299)
(0.00128149 -0.000377128 8.91981)
(0.00109914 -0.000245603 8.91581)
(0.000688953 -5.75495e-05 8.20769)
(0.00084444 -0.000610542 8.2369)
(0.000600738 -0.000336793 8.23677)
(0.000386448 -0.000266249 6.86967)
(0.00046257 -0.00074168 6.92123)
(0.000182228 -0.000382692 6.93613)
(0.00355915 0.00261406 11.2757)
(0.00365196 0.00164261 11.365)
(0.0036584 0.000537011 11.406)
(0.00355991 0.00254504 11.051)
(0.00404873 0.00164272 11.1071)
(0.00418205 0.000551562 11.1326)
(0.00330629 0.00227899 10.793)
(0.00394443 0.00141714 10.8307)
(0.004134 0.000459856 10.8437)
(0.00286185 0.00187248 10.5066)
(0.00352238 0.00106927 10.5342)
(0.00367072 0.000325845 10.5387)
(0.00236473 0.00142353 10.1887)
(0.00295199 0.000678793 10.2116)
(0.00303183 0.000175119 10.2108)
(0.00186434 0.000979228 9.82943)
(0.00233558 0.000291339 9.85172)
(0.00232931 2.45153e-05 9.84812)
(0.00140783 0.000577304 9.41006)
(0.00175323 -5.91214e-05 9.43461)
(0.0016627 -0.000112929 9.43013)
(0.00100175 0.000225402 8.89539)
(0.00123147 -0.000361524 8.92311)
(0.00105577 -0.000233574 8.91985)
(0.000663434 -5.61189e-05 8.20989)
(0.00081112 -0.000585563 8.23993)
(0.000576629 -0.000320705 8.24054)
(0.000372595 -0.000257158 6.87147)
(0.000444161 -0.000711972 6.92376)
(0.000174686 -0.000364714 6.93928)
(0.00349347 0.00257143 11.2711)
(0.00361511 0.00161369 11.3592)
(0.00363921 0.000528082 11.3998)
(0.00346848 0.00248137 11.0487)
(0.00395951 0.00159806 11.1041)
(0.00409589 0.00053722 11.1292)
(0.0032097 0.00221132 10.7926)
(0.00383391 0.00137159 10.8301)
(0.00402048 0.000445524 10.843)
(0.00276963 0.00181105 10.5076)
(0.00340963 0.00103208 10.5353)
(0.00355345 0.000315257 10.54)
(0.00228403 0.00137409 10.1905)
(0.00284995 0.000654391 10.2139)
(0.00292694 0.000169876 10.2135)
(0.00179784 0.0009438 9.83168)
(0.00225024 0.000281159 9.85472)
(0.00224403 2.52172e-05 9.8516)
(0.00135627 0.000555871 9.41245)
(0.0016868 -5.55791e-05 9.43785)
(0.00159961 -0.000106441 9.43399)
(0.000964498 0.000216765 8.89771)
(0.00118367 -0.000345793 8.92628)
(0.00101465 -0.000221826 8.92373)
(0.000638732 -5.43634e-05 8.21201)
(0.000779111 -0.000560868 8.24285)
(0.000553804 -0.000305065 8.24416)
(0.000359004 -0.000248062 6.8732)
(0.000426221 -0.000682713 6.92619)
(0.000167577 -0.000347239 6.9423)
(0.00342459 0.00252716 11.2667)
(0.00357226 0.00158513 11.3538)
(0.00361184 0.000519154 11.3938)
(0.00337727 0.00241857 11.0466)
(0.00386959 0.00155502 11.1013)
(0.00400868 0.000523296 11.126)
(0.00311465 0.00214569 10.7923)
(0.00372509 0.00132834 10.8296)
(0.00390876 0.000431943 10.8424)
(0.00267993 0.00175202 10.5086)
(0.00330023 0.000997087 10.5365)
(0.00344005 0.000305342 10.5413)
(0.00220592 0.00132683 10.1923)
(0.00275155 0.000631694 10.2162)
(0.0028262 0.000165085 10.2161)
(0.00173372 0.000910121 9.83387)
(0.00216838 0.000272068 9.85763)
(0.00216261 2.60828e-05 9.85497)
(0.00130661 0.000535628 9.41476)
(0.00162326 -5.15889e-05 9.44099)
(0.00153961 -0.000100081 9.43771)
(0.000928597 0.000208786 8.89995)
(0.00113795 -0.000330196 8.92934)
(0.00097565 -0.000210476 8.92747)
(0.000614848 -5.23702e-05 8.21405)
(0.000748394 -0.000536703 8.24566)
(0.000532192 -0.000290008 8.24764)
(0.000345717 -0.000239025 6.87487)
(0.000408836 -0.000654142 6.92853)
(0.000160863 -0.00033042 6.9452)
(0.00335324 0.00248144 11.2625)
(0.00352428 0.0015568 11.3487)
(0.00357747 0.000510249 11.3882)
(0.00328661 0.00235664 11.0445)
(0.00377931 0.0015134 11.0987)
(0.00392087 0.000509754 11.1231)
(0.00302133 0.00208198 10.7921)
(0.00361814 0.00128711 10.8291)
(0.00379906 0.000419015 10.8419)
(0.00259277 0.00169522 10.5095)
(0.00319413 0.000963991 10.5377)
(0.00333046 0.00029599 10.5426)
(0.00213038 0.00128161 10.1941)
(0.00265671 0.000610449 10.2185)
(0.00272945 0.000160632 10.2187)
(0.00167193 0.000878043 9.836)
(0.00208988 0.000263847 9.86045)
(0.00208484 2.70246e-05 9.85824)
(0.00125881 0.000516458 9.41699)
(0.00156244 -4.73568e-05 9.44402)
(0.0014825 -9.39266e-05 9.44129)
(0.000894022 0.000201374 8.90211)
(0.00109421 -0.000314915 8.93229)
(0.000938653 -0.000199593 8.93106)
(0.000591777 -5.0209e-05 8.21602)
(0.000718937 -0.000513234 8.24837)
(0.000511706 -0.000275613 8.25098)
(0.000332765 -0.000230097 6.87648)
(0.000392061 -0.000626413 6.93078)
(0.000154503 -0.000314341 6.94798)
(0.00328005 0.00243448 11.2585)
(0.00347197 0.00152862 11.3438)
(0.00353715 0.000501381 11.3828)
(0.00319678 0.0022956 11.0427)
(0.00368898 0.00147306 11.0963)
(0.00383282 0.000496567 11.1204)
(0.00292989 0.00202013 10.7919)
(0.00351324 0.0012477 10.8288)
(0.00369155 0.000406665 10.8415)
(0.00250816 0.00164053 10.5105)
(0.00309126 0.000932573 10.5388)
(0.00322458 0.000287119 10.5439)
(0.00205736 0.00123828 10.1958)
(0.00256532 0.00059045 10.2206)
(0.00263651 0.000156444 10.2212)
(0.00161241 0.000847443 9.83807)
(0.00201458 0.000256322 9.86319)
(0.00201049 2.79796e-05 9.8614)
(0.00121282 0.000498261 9.41915)
(0.00150421 -4.30161e-05 9.44695)
(0.00142808 -8.8024e-05 9.44475)
(0.000860743 0.000194454 8.9042)
(0.00105236 -0.000300056 8.93514)
(0.000903498 -0.000189207 8.93452)
(0.000569514 -4.79391e-05 8.21792)
(0.000690709 -0.000490553 8.25098)
(0.000492256 -0.000261906 8.25419)
(0.000320174 -0.000221323 6.87803)
(0.000375924 -0.000599614 6.93295)
(0.000148462 -0.000299027 6.95066)
(0.00320561 0.00238648 11.2548)
(0.00341605 0.00150049 11.3391)
(0.00349181 0.00049256 11.3777)
(0.00310804 0.00223549 11.0409)
(0.0035989 0.00143388 11.094)
(0.00374483 0.000483723 11.1178)
(0.00284049 0.00196006 10.7917)
(0.00341051 0.00120992 10.8285)
(0.00358635 0.00039484 10.8412)
(0.0024261 0.00158783 10.5115)
(0.0029916 0.00090266 10.54)
(0.00312228 0.000278678 10.5453)
(0.00198682 0.00119672 10.1975)
(0.00247726 0.000571544 10.2228)
(0.00254721 0.000152478 10.2236)
(0.00155508 0.000818206 9.84008)
(0.00194234 0.000249369 9.86584)
(0.00193934 2.89203e-05 9.86446)
(0.00116857 0.000480944 9.42125)
(0.00144847 -3.86555e-05 9.44978)
(0.00137613 -8.23847e-05 9.44808)
(0.000828728 0.000187954 8.90621)
(0.0010123 -0.000285679 8.93788)
(0.000870041 -0.000179312 8.93785)
(0.000548054 -4.56171e-05 8.21976)
(0.000663661 -0.000468711 8.2535)
(0.000473768 -0.000248872 8.25728)
(0.000307965 -0.000212747 6.87953)
(0.000360426 -0.00057379 6.93505)
(0.000142713 -0.00028446 6.95324)
(0.0031304 0.00233764 11.2512)
(0.00335715 0.00147238 11.3347)
(0.00344228 0.000483792 11.3729)
(0.0030206 0.00217634 11.0392)
(0.0035093 0.00139579 11.0919)
(0.00365714 0.000471218 11.1154)
(0.00275322 0.0019017 10.7916)
(0.00331008 0.00117364 10.8283)
(0.00348354 0.000383503 10.8409)
(0.00234658 0.00153702 10.5125)
(0.00289509 0.000874117 10.5412)
(0.00302344 0.000270633 10.5466)
(0.00191873 0.00115681 10.1991)
(0.00239244 0.000553618 10.2249)
(0.00246134 0.000148721 10.2259)
(0.0014999 0.000790223 9.84203)
(0.00187304 0.000242901 9.86842)
(0.0018712 2.98461e-05 9.86742)
(0.00112603 0.000464418 9.42328)
(0.00139512 -3.43233e-05 9.45251)
(0.00132648 -7.69932e-05 9.45129)
(0.000797952 0.000181801 8.90816)
(0.000973949 -0.000271809 8.94053)
(0.000838146 -0.000169869 8.94105)
(0.000527391 -4.32963e-05 8.22153)
(0.000637718 -0.00044773 8.25592)
(0.000456194 -0.000236462 8.26024)
(0.000296158 -0.00020441 6.88097)
(0.000345548 -0.000548952 6.93706)
(0.00013724 -0.00027059 6.95571)
(0.00305485 0.00228816 11.2478)
(0.00329583 0.00144423 11.3304)
(0.00338928 0.000475078 11.3683)
(0.00293465 0.00211818 11.0377)
(0.00342042 0.0013587 11.0899)
(0.00356998 0.000459046 11.1132)
(0.00266817 0.001845 10.7916)
(0.00321202 0.00113874 10.8281)
(0.00338316 0.000372619 10.8408)
(0.00226959 0.00148798 10.5135)
(0.0028017 0.000846823 10.5424)
(0.00292791 0.000262957 10.5479)
(0.00185304 0.00111844 10.2007)
(0.00231075 0.00053657 10.2269)
(0.00237876 0.00014516 10.2283)
(0.00144679 0.000763391 9.84393)
(0.00180653 0.000236836 9.87091)
(0.00180589 3.0755e-05 9.87029)
(0.00108514 0.000448604 9.42524)
(0.00134403 -3.00725e-05 9.45515)
(0.00127896 -7.184e-05 9.45439)
(0.000768382 0.000175938 8.91005)
(0.00093723 -0.000258472 8.94308)
(0.0008077 -0.000160853 8.94413)
(0.000507517 -4.10187e-05 8.22324)
(0.00061283 -0.000427623 8.25826)
(0.000439472 -0.000224642 8.2631)
(0.000284768 -0.000196345 6.88237)
(0.000331279 -0.00052511 6.93901)
(0.00013202 -0.000257379 6.95809)
(0.00297933 0.00223821 11.2446)
(0.0032326 0.00141603 11.3264)
(0.00333344 0.000466416 11.3639)
(0.00285031 0.00206103 11.0363)
(0.00333243 0.00132254 11.088)
(0.00348352 0.000447199 11.1112)
(0.00258538 0.0017899 10.7916)
(0.0031164 0.00110509 10.828)
(0.00328528 0.000362152 10.8406)
(0.00219508 0.00144062 10.5145)
(0.00271134 0.000820655 10.5435)
(0.00283558 0.00025561 10.5492)
(0.00178967 0.00108151 10.2023)
(0.00223208 0.000520289 10.2289)
(0.00229933 0.000141767 10.2305)
(0.00139569 0.000737627 9.84577)
(0.00174267 0.000231074 9.87333)
(0.00174329 3.16251e-05 9.87306)
(0.00104584 0.000433441 9.42715)
(0.00129507 -2.59826e-05 9.45771)
(0.00123349 -6.69418e-05 9.45739)
(0.00073998 0.000170329 8.91187)
(0.000902066 -0.000245715 8.94555)
(0.000778609 -0.000152284 8.9471)
(0.000488418 -3.88087e-05 8.2249)
(0.000588987 -0.000408407 8.26052)
(0.000423516 -0.000213419 8.26585)
(0.000273801 -0.000188568 6.88371)
(0.000317622 -0.000502288 6.94089)
(0.000127032 -0.000244834 6.96039)
(0.00290414 0.00218796 11.2415)
(0.0031679 0.00138776 11.3226)
(0.00327533 0.000457797 11.3597)
(0.00276769 0.00200491 11.0349)
(0.0032455 0.00128726 11.0863)
(0.00339796 0.000435659 11.1092)
(0.00250489 0.00173635 10.7916)
(0.00302324 0.00107257 10.828)
(0.00318992 0.000352058 10.8406)
(0.00212302 0.00139486 10.5155)
(0.00262395 0.000795493 10.5447)
(0.00274637 0.000248549 10.5505)
(0.00172858 0.00104594 10.2038)
(0.00215628 0.000504663 10.2308)
(0.00222293 0.000138504 10.2327)
(0.00134652 0.000712864 9.84757)
(0.0016813 0.00022552 9.87568)
(0.00168328 3.24196e-05 9.87575)
(0.00100808 0.000418885 9.42899)
(0.00124811 -2.21223e-05 9.46018)
(0.00118997 -6.23287e-05 9.46027)
(0.000712702 0.000164951 8.91363)
(0.000868396 -0.000233574 8.94793)
(0.000750779 -0.000144187 8.94996)
(0.000470072 -3.66788e-05 8.2265)
(0.000566176 -0.00039009 8.2627)
(0.000408252 -0.000202806 8.2685)
(0.000263253 -0.000181084 6.88501)
(0.000304576 -0.000480506 6.94269)
(0.000122258 -0.000232965 6.9626)
(0.00282952 0.00213758 11.2386)
(0.0031021 0.00135942 11.319)
(0.00321543 0.000449213 11.3558)
(0.0026869 0.00194987 11.0336)
(0.00315977 0.0012528 11.0847)
(0.00331342 0.000424411 11.1074)
(0.00242669 0.00168431 10.7916)
(0.00293254 0.0010411 10.8279)
(0.00309712 0.000342298 10.8405)
(0.00205335 0.00135063 10.5164)
(0.00253942 0.000771228 10.5458)
(0.00266019 0.000241727 10.5518)
(0.00166968 0.00101167 10.2053)
(0.00208323 0.000489592 10.2327)
(0.00214946 0.000135326 10.2348)
(0.00129923 0.000689054 9.84931)
(0.00162229 0.000220095 9.87796)
(0.00162576 3.3096e-05 9.87835)
(0.000971791 0.000404906 9.43078)
(0.00120308 -1.85367e-05 9.46256)
(0.00114829 -5.80345e-05 9.46306)
(0.000686506 0.000159788 8.91534)
(0.000836176 -0.000222059 8.95024)
(0.000724105 -0.000136584 8.95271)
(0.000452454 -3.46327e-05 8.22804)
(0.00054438 -0.000372668 8.2648)
(0.000393615 -0.00019281 8.27105)
(0.000253116 -0.000173884 6.88627)
(0.000292129 -0.000459763 6.94444)
(0.000117687 -0.000221778 6.96472)
(0.0027557 0.00208723 11.2358)
(0.00303554 0.00133103 11.3155)
(0.00315415 0.000440657 11.352)
(0.00260798 0.00189591 11.0324)
(0.00307533 0.00121912 11.0831)
(0.00323004 0.000413439 11.1057)
(0.0023508 0.00163375 10.7917)
(0.00284428 0.00101059 10.828)
(0.00300687 0.000332841 10.8406)
(0.00198602 0.00130788 10.5174)
(0.00245765 0.000747785 10.547)
(0.00257695 0.000235114 10.5531)
(0.00161293 0.000978633 10.2068)
(0.00201281 0.000475013 10.2345)
(0.0020788 0.000132209 10.2369)
(0.00125373 0.000666154 9.85101)
(0.00156553 0.000214759 9.88016)
(0.00157058 3.36385e-05 9.88086)
(0.000936921 0.000391476 9.43251)
(0.00115986 -1.52359e-05 9.46487)
(0.00110832 -5.40605e-05 9.46575)
(0.00066135 0.000154827 8.91699)
(0.000805338 -0.000211159 8.95246)
(0.000698508 -0.000129462 8.95537)
(0.000435536 -3.26731e-05 8.22953)
(0.000523549 -0.000356117 8.26683)
(0.000379564 -0.000183407 8.2735)
(0.000243375 -0.000166962 6.88748)
(0.000280256 -0.000440028 6.94612)
(0.000113309 -0.000211247 6.96677)
(0.00268286 0.00203703 11.2331)
(0.00296853 0.00130261 11.3122)
(0.00309187 0.00043213 11.3484)
(0.00253099 0.00184309 11.0313)
(0.0029923 0.0011862 11.0817)
(0.00314789 0.000402739 11.1041)
(0.00227721 0.00158464 10.7918)
(0.00275847 0.000981007 10.828)
(0.00291913 0.000323671 10.8406)
(0.00192098 0.00126655 10.5183)
(0.00237859 0.00072512 10.5481)
(0.00249651 0.000228701 10.5543)
(0.00155824 0.000946783 10.2082)
(0.00194493 0.000460905 10.2363)
(0.00201079 0.000129154 10.2389)
(0.00120997 0.000644112 9.85265)
(0.00151094 0.000209519 9.8823)
(0.0015176 3.40685e-05 9.8833)
(0.000903415 0.000378555 9.43419)
(0.00111838 -1.21998e-05 9.4671)
(0.00106997 -5.03653e-05 9.46835)
(0.00063719 0.000150046 8.91858)
(0.000775781 -0.000200848 8.95461)
(0.00067395 -0.000122772 8.95793)
(0.000419292 -3.08056e-05 8.23097)
(0.000503614 -0.000340394 8.26879)
(0.000366083 -0.00017455 8.27586)
(0.00023402 -0.000160313 6.88865)
(0.000268918 -0.000421247 6.94774)
(0.000109117 -0.000201319 6.96874)
(0.00261115 0.00198714 11.2306)
(0.00290132 0.00127421 11.309)
(0.00302887 0.000423633 11.345)
(0.00245597 0.00179141 11.0303)
(0.00291076 0.00115404 11.0803)
(0.00306705 0.000392305 11.1026)
(0.00220589 0.00153695 10.792)
(0.00267508 0.000952305 10.8281)
(0.00283385 0.000314779 10.8407)
(0.00185817 0.00122659 10.5192)
(0.00230216 0.000703202 10.5492)
(0.00241875 0.000222484 10.5555)
(0.00150556 0.000916063 10.2096)
(0.00187953 0.000447255 10.238)
(0.00194527 0.000126168 10.2408)
(0.00116788 0.000622879 9.85425)
(0.00145843 0.000204386 9.88437)
(0.00146666 3.44134e-05 9.88566)
(0.000871221 0.000366104 9.43582)
(0.00107852 -9.4068e-06 9.46926)
(0.00103315 -4.69049e-05 9.47086)
(0.000613989 0.000145422 8.92013)
(0.000747411 -0.000191098 8.95668)
(0.00065039 -0.000116467 8.96039)
(0.000403695 -2.90377e-05 8.23237)
(0.000484511 -0.000325456 8.27068)
(0.000353149 -0.000166184 8.27814)
(0.000225039 -0.000153936 6.88978)
(0.000258082 -0.000403362 6.94931)
(0.000105102 -0.000191935 6.97064)
(0.00254067 0.00193765 11.2282)
(0.00283414 0.00124588 11.306)
(0.00296543 0.000415168 11.3417)
(0.00238294 0.00174089 11.0293)
(0.00283079 0.00112261 11.0791)
(0.00298757 0.000382133 11.1012)
(0.0021368 0.00149065 10.7921)
(0.0025941 0.000924452 10.8282)
(0.00275099 0.000306154 10.8408)
(0.00179753 0.00118795 10.5202)
(0.00222828 0.000681994 10.5503)
(0.00234356 0.000216456 10.5567)
(0.00145481 0.000886419 10.2109)
(0.00181651 0.000434042 10.2397)
(0.00188212 0.000123255 10.2427)
(0.0011274 0.000602405 9.85581)
(0.00140793 0.000199357 9.88637)
(0.00141765 3.46903e-05 9.88794)
(0.000840288 0.000354089 9.4374)
(0.00104022 -6.84532e-06 9.47135)
(0.000997777 -4.36506e-05 9.47329)
(0.000591711 0.000140938 8.92162)
(0.000720161 -0.000181881 8.95869)
(0.000627777 -0.000110507 8.96277)
(0.000388726 -2.73767e-05 8.23372)
(0.000466193 -0.000311264 8.2725)
(0.000340732 -0.000158265 8.28034)
(0.000216426 -0.000147833 6.89087)
(0.000247722 -0.000386325 6.95082)
(0.00010125 -0.000183045 6.97247)
(0.00247152 0.00188867 11.2259)
(0.0027672 0.00121764 11.3031)
(0.00290177 0.000406738 11.3385)
(0.00231189 0.00169155 11.0283)
(0.00275245 0.0010919 11.0779)
(0.00290952 0.000372214 11.0999)
(0.00206992 0.00144571 10.7923)
(0.00251549 0.000897408 10.8283)
(0.0026705 0.000297782 10.8409)
(0.001739 0.00115058 10.5211)
(0.00215689 0.00066146 10.5513)
(0.00227085 0.000210609 10.5579)
(0.00140594 0.000857796 10.2123)
(0.00175579 0.000421238 10.2414)
(0.00182122 0.000120411 10.2446)
(0.00108846 0.000582645 9.85732)
(0.00135935 0.00019442 9.88832)
(0.00137047 3.49067e-05 9.89015)
(0.000810568 0.000342478 9.43893)
(0.0010034 -4.51065e-06 9.47336)
(0.000963769 -4.05855e-05 9.47563)
(0.000570323 0.000136576 8.92307)
(0.000693979 -0.000173177 8.96062)
(0.000606055 -0.000104868 8.96507)
(0.000374365 -2.58293e-05 8.23502)
(0.000448625 -0.000297785 8.27426)
(0.0003288 -0.000150761 8.28246)
(0.000208174 -0.000142007 6.89193)
(0.000237817 -0.000370098 6.95228)
(9.755e-05 -0.00017461 6.97424)
(0.00240377 0.00184028 11.2237)
(0.00270069 0.00118954 11.3004)
(0.0028381 0.000398346 11.3355)
(0.00224282 0.00164339 11.0275)
(0.00267579 0.00106191 11.0767)
(0.00283295 0.000362539 11.0987)
(0.00200518 0.00140208 10.7925)
(0.00243923 0.000871139 10.8285)
(0.00259233 0.000289652 10.8411)
(0.0016825 0.00111442 10.5219)
(0.00208791 0.00064156 10.5524)
(0.00220053 0.000204932 10.5591)
(0.00135885 0.000830145 10.2136)
(0.00169729 0.000408814 10.243)
(0.00176248 0.00011763 10.2464)
(0.00105101 0.000563559 9.85879)
(0.00131262 0.000189561 9.8902)
(0.00132502 3.50637e-05 9.89229)
(0.000782012 0.000331244 9.44041)
(0.000967995 -2.40084e-06 9.47532)
(0.000931053 -3.77009e-05 9.47789)
(0.000549792 0.000132321 8.92447)
(0.000668822 -0.000164967 8.9625)
(0.000585168 -9.95319e-05 8.96728)
(0.000360595 -2.43996e-05 8.23628)
(0.000431777 -0.000284989 8.27596)
(0.000317319 -0.000143646 8.2845)
(0.000200274 -0.000136455 6.89295)
(0.000228351 -0.000354647 6.95369)
(9.39909e-05 -0.000166599 6.97594)
(0.00233747 0.00179256 11.2216)
(0.00263474 0.00116163 11.2977)
(0.0027746 0.000389995 11.3327)
(0.00217571 0.0015964 11.0266)
(0.00260084 0.00103261 11.0757)
(0.00275788 0.000353099 11.0975)
(0.00194255 0.00135974 10.7926)
(0.00236525 0.000845613 10.8287)
(0.00251643 0.00028175 10.8413)
(0.00162798 0.00107943 10.5228)
(0.00202126 0.000622261 10.5534)
(0.00213251 0.000199414 10.5602)
(0.0013135 0.000803422 10.2148)
(0.00164091 0.000396742 10.2446)
(0.00170581 0.000114906 10.2481)
(0.00101499 0.000545115 9.86021)
(0.00126765 0.000184765 9.89203)
(0.00128122 3.51603e-05 9.89436)
(0.000754573 0.000320368 9.44185)
(0.000933949 -5.1272e-07 9.4772)
(0.00089956 -3.49914e-05 9.48008)
(0.000530084 0.000128164 8.92583)
(0.00064465 -0.000157231 8.9643)
(0.000565068 -9.44839e-05 8.96942)
(0.000347392 -2.30882e-05 8.2375)
(0.00041562 -0.000272847 8.2776)
(0.000306264 -0.000136897 8.28647)
(0.000192719 -0.000131174 6.89393)
(0.000219304 -0.000339943 6.95504)
(9.05644e-05 -0.000158987 6.97758)
(0.00227264 0.00174558 11.2196)
(0.00256949 0.00113393 11.2952)
(0.00271142 0.000381691 11.3299)
(0.00211055 0.00155059 11.0259)
(0.00252764 0.00100399 11.0747)
(0.00268436 0.000343887 11.0964)
(0.00188195 0.00131865 10.7928)
(0.00229353 0.000820802 10.8288)
(0.00244275 0.000274065 10.8415)
(0.00157536 0.00104557 10.5237)
(0.00195687 0.000603533 10.5544)
(0.00206672 0.000194046 10.5613)
(0.00126981 0.00077759 10.2161)
(0.00158658 0.000385 10.2461)
(0.00165112 0.000112233 10.2498)
(0.000980327 0.000527283 9.8616)
(0.00122436 0.000180024 9.8938)
(0.001239 3.51957e-05 9.89637)
(0.000728204 0.000309831 9.44324)
(0.000901204 1.15973e-06 9.47903)
(0.000869228 -3.24519e-05 9.4822)
(0.000511165 0.000124097 8.92714)
(0.000621422 -0.000149949 8.96605)
(0.00054571 -8.97108e-05 8.97148)
(0.000334735 -2.18931e-05 8.23867)
(0.000400124 -0.00026133 8.27919)
(0.00029561 -0.000130496 8.28836)
(0.000185495 -0.000126155 6.89488)
(0.000210659 -0.000325952 6.95635)
(8.72639e-05 -0.000151753 6.97916)
(0.00220933 0.00169939 11.2177)
(0.00250507 0.00110649 11.2928)
(0.00264868 0.00037344 11.3273)
(0.00204729 0.00150595 11.0251)
(0.00245621 0.000976051 11.0737)
(0.0026124 0.000334896 11.0954)
(0.00182334 0.00127879 10.7931)
(0.002224 0.000796683 10.829)
(0.00237123 0.000266588 10.8417)
(0.00152457 0.0010128 10.5245)
(0.00189465 0.000585352 10.5554)
(0.00200308 0.000188819 10.5624)
(0.00122771 0.000752614 10.2173)
(0.00153422 0.00037357 10.2476)
(0.00159834 0.000109604 10.2515)
(0.000946978 0.000510038 9.86295)
(0.0011827 0.000175331 9.89552)
(0.00119829 3.51703e-05 9.89832)
(0.000702859 0.000299618 9.44459)
(0.000869704 2.62497e-06 9.4808)
(0.00084 -3.00764e-05 9.48424)
(0.000493 0.000120117 8.92841)
(0.0005991 -0.0001431 8.96774)
(0.000527055 -8.51997e-05 8.97347)
(0.000322601 -2.081e-05 8.23981)
(0.000385261 -0.000250411 8.28072)
(0.000285338 -0.000124425 8.2902)
(0.000178589 -0.000121389 6.8958)
(0.000202396 -0.000312644 6.95762)
(8.40838e-05 -0.000144877 6.98069)
(0.00214754 0.00165405 11.2159)
(0.00244156 0.00107936 11.2905)
(0.00258651 0.000365248 11.3248)
(0.00198591 0.00146248 11.0245)
(0.00238654 0.000948781 11.0729)
(0.00254203 0.000326117 11.0944)
(0.00176665 0.00124012 10.7933)
(0.00215662 0.000773236 10.8292)
(0.00230183 0.000259309 10.8419)
(0.00147556 0.000981081 10.5253)
(0.00183455 0.000567694 10.5564)
(0.00194152 0.000183726 10.5635)
(0.00118716 0.000728462 10.2184)
(0.00148374 0.000362439 10.249)
(0.00154738 0.000107018 10.2531)
(0.000914885 0.000493357 9.86426)
(0.00114257 0.000170683 9.89719)
(0.00115902 3.50852e-05 9.9002)
(0.000678494 0.000289718 9.4459)
(0.000839396 3.89282e-06 9.48251)
(0.000811824 -2.78583e-05 9.48622)
(0.000475557 0.000116219 8.92964)
(0.000577643 -0.000136663 8.96938)
(0.000509071 -8.09379e-05 8.97539)
(0.000310968 -1.98338e-05 8.24091)
(0.000371001 -0.00024006 8.2822)
(0.00027543 -0.000118667 8.29196)
(0.000171989 -0.000116863 6.89669)
(0.000194499 -0.000299985 6.95883)
(8.1019e-05 -0.000138342 6.98216)
(0.00208729 0.00160958 11.2141)
(0.00237905 0.00105255 11.2882)
(0.002525 0.000357121 11.3224)
(0.00192638 0.00142016 11.0238)
(0.00231865 0.000922174 11.072)
(0.00247325 0.000317545 11.0935)
(0.00171184 0.00120262 10.7935)
(0.00209134 0.000750441 10.8295)
(0.00223449 0.000252221 10.8421)
(0.00142827 0.000950384 10.5262)
(0.00177649 0.000550542 10.5573)
(0.00188196 0.000178761 10.5645)
(0.00114808 0.000705106 10.2196)
(0.00143506 0.000351594 10.2504)
(0.00149817 0.00010447 10.2546)
(0.000883996 0.000477218 9.86553)
(0.00110394 0.00016608 9.89881)
(0.00112113 3.49422e-05 9.90203)
(0.000655068 0.00028012 9.44717)
(0.00081023 4.97368e-06 9.48417)
(0.000784652 -2.57911e-05 9.48813)
(0.000458803 0.000112401 8.93083)
(0.000557015 -0.000130617 8.97096)
(0.000491724 -7.69131e-05 8.97725)
(0.000299813 -1.8959e-05 8.24198)
(0.000357317 -0.000230249 8.28363)
(0.000265871 -0.000113207 8.29367)
(0.00016568 -0.000112566 6.89755)
(0.00018695 -0.000287945 6.96001)
(7.80647e-05 -0.00013213 6.98357)
(0.00202856 0.00156603 11.2125)
(0.00231761 0.00102611 11.2861)
(0.00246425 0.000349068 11.32)
(0.00186866 0.001379 11.0232)
(0.00225253 0.000896221 11.0712)
(0.00240608 0.000309176 11.0926)
(0.00165883 0.00116625 10.7937)
(0.00202811 0.000728282 10.8297)
(0.00216916 0.000245317 10.8424)
(0.00138263 0.000920673 10.5269)
(0.0017204 0.000533875 10.5583)
(0.00182433 0.000173921 10.5655)
(0.00111043 0.000682522 10.2207)
(0.00138813 0.000341025 10.2518)
(0.00145065 0.00010196 10.2561)
(0.000854256 0.000461598 9.86676)
(0.00106672 0.00016152 9.90038)
(0.00108457 3.47438e-05 9.9038)
(0.000632542 0.000270811 9.44841)
(0.000782158 5.87771e-06 9.48578)
(0.000758438 -2.38678e-05 9.48998)
(0.000442711 0.000108663 8.93198)
(0.00053718 -0.000124941 8.97249)
(0.000474988 -7.31136e-05 8.97904)
(0.000289115 -1.81798e-05 8.24301)
(0.000344184 -0.000220952 8.28501)
(0.000256646 -0.000108029 8.29531)
(0.00015965 -0.000108488 6.89837)
(0.000179733 -0.000276494 6.96115)
(7.52165e-05 -0.000126223 6.98494)
(0.00197137 0.00152341 11.2109)
(0.0022573 0.00100006 11.2841)
(0.00240432 0.000341094 11.3178)
(0.0018127 0.00133897 11.0226)
(0.00218818 0.000870916 11.0705)
(0.00234051 0.000301003 11.0918)
(0.00160758 0.00113099 10.794)
(0.00196686 0.000706741 10.8299)
(0.00210578 0.00023859 10.8426)
(0.00133861 0.000891922 10.5277)
(0.00166622 0.000517678 10.5592)
(0.00176858 0.000169198 10.5665)
(0.00107415 0.000660686 10.2217)
(0.00134287 0.000330724 10.2531)
(0.00140474 9.94845e-05 10.2576)
(0.00082562 0.000446484 9.86796)
(0.00103086 0.000157006 9.9019)
(0.00104927 3.4492e-05 9.90552)
(0.000610871 0.000261782 9.4496)
(0.000755133 6.61667e-06 9.48733)
(0.000733142 -2.20822e-05 9.49177)
(0.000427248 0.000105002 8.93309)
(0.000518104 -0.000119616 8.97396)
(0.000458834 -6.95285e-05 8.98078)
(0.000278852 -1.749e-05 8.244)
(0.000331577 -0.000212143 8.28635)
(0.000247741 -0.000103119 8.2969)
(0.000153886 -0.000104616 6.89917)
(0.000172832 -0.000265602 6.96224)
(7.24699e-05 -0.000120609 6.98626)
(0.00191569 0.00148176 11.2093)
(0.00219816 0.000974432 11.2821)
(0.00234528 0.000333206 11.3157)
(0.00175847 0.00130006 11.0221)
(0.00212557 0.000846254 11.0698)
(0.00227654 0.000293023 11.091)
(0.00155804 0.00109682 10.7942)
(0.00190756 0.000685804 10.8302)
(0.00204431 0.000232035 10.8429)
(0.00129609 0.000864093 10.5285)
(0.00161387 0.000501947 10.5601)
(0.00171463 0.000164589 10.5675)
(0.00103917 0.000639551 10.2228)
(0.00129921 0.000320678 10.2544)
(0.00136039 9.70423e-05 10.259)
(0.000798056 0.000431862 9.86913)
(0.000996318 0.000152538 9.90338)
(0.00101519 3.41892e-05 9.90718)
(0.000590022 0.000253022 9.45076)
(0.000729113 7.19906e-06 9.48884)
(0.000708724 -2.04279e-05 9.4935)
(0.00041239 0.000101417 8.93417)
(0.000499757 -0.000114623 8.97539)
(0.000443238 -6.61475e-05 8.98245)
(0.000269007 -1.68849e-05 8.24496)
(0.000319474 -0.000203798 8.28763)
(0.000239142 -9.84646e-05 8.29843)
(0.000148375 -0.000100943 6.89994)
(0.000166233 -0.000255244 6.9633)
(6.98209e-05 -0.000115271 6.98753)
(0.00186152 0.00144108 11.2079)
(0.00214023 0.000949248 11.2802)
(0.00228719 0.000325412 11.3136)
(0.00170593 0.00126225 11.0215)
(0.00206469 0.000822229 11.0691)
(0.00221418 0.000285231 11.0903)
(0.00151016 0.00106371 10.7944)
(0.00185014 0.000665462 10.8304)
(0.00198469 0.000225646 10.8431)
(0.00125503 0.000837155 10.5292)
(0.0015633 0.000486667 10.561)
(0.00166244 0.000160089 10.5685)
(0.00100542 0.000619092 10.2238)
(0.00125711 0.000310879 10.2556)
(0.00131754 9.46327e-05 10.2604)
(0.000771515 0.000417713 9.87026)
(0.000963028 0.000148115 9.90481)
(0.000982275 3.38378e-05 9.9088)
(0.000569963 0.000244526 9.45188)
(0.000704059 7.63531e-06 9.49029)
(0.000685149 -1.88986e-05 9.49518)
(0.000398111 9.79094e-05 8.93522)
(0.000482108 -0.000109945 8.97678)
(0.000428178 -6.29607e-05 8.98407)
(0.000259561 -1.63572e-05 8.24589)
(0.000307854 -0.000195894 8.28888)
(0.000230838 -9.40535e-05 8.29991)
(0.000143108 -9.74566e-05 6.90069)
(0.000159923 -0.000245394 6.96432)
(6.72658e-05 -0.000110198 6.98876)
(0.00180883 0.00140138 11.2064)
(0.00208355 0.000924526 11.2784)
(0.00223009 0.000317719 11.3116)
(0.00165503 0.00122554 11.0211)
(0.00200553 0.00079883 11.0684)
(0.0021534 0.000277624 11.0895)
(0.00146386 0.00103163 10.7947)
(0.00179455 0.000645696 10.8307)
(0.00192688 0.00021942 10.8434)
(0.00121541 0.000811093 10.53)
(0.00151445 0.000471819 10.5618)
(0.00161193 0.000155695 10.5694)
(0.000972893 0.000599313 10.2248)
(0.00121649 0.000301332 10.2569)
(0.00127613 9.22551e-05 10.2618)
(0.000745939 0.000404016 9.87136)
(0.000930944 0.000143744 9.9062)
(0.000950485 3.3441e-05 9.91036)
(0.000550655 0.000236286 9.45297)
(0.000679929 7.93917e-06 9.49171)
(0.000662383 -1.74879e-05 9.4968)
(0.000384381 9.44772e-05 8.93623)
(0.000465128 -0.000105561 8.97811)
(0.000413632 -5.99583e-05 8.98563)
(0.000250494 -1.59008e-05 8.24679)
(0.000296695 -0.000188405 8.29008)
(0.000222817 -8.98734e-05 8.30134)
(0.000138069 -9.41464e-05 6.9014)
(0.000153889 -0.000236025 6.9653)
(6.48009e-05 -0.000105376 6.98994)
(0.00175761 0.00136267 11.2051)
(0.00202813 0.000900283 11.2767)
(0.00217403 0.000310132 11.3097)
(0.00160573 0.00118989 11.0206)
(0.00194805 0.000776052 11.0678)
(0.0020942 0.0002702 11.0889)
(0.0014191 0.00100054 10.7949)
(0.00174073 0.000626494 10.8309)
(0.00187082 0.000213353 10.8437)
(0.00117717 0.000785876 10.5307)
(0.00146726 0.000457393 10.5627)
(0.00156306 0.000151405 10.5703)
(0.00094153 0.000580182 10.2258)
(0.00117731 0.000292028 10.2581)
(0.00123611 8.99095e-05 10.2631)
(0.000721295 0.000390758 9.87243)
(0.000900019 0.000139426 9.90755)
(0.000919775 3.30016e-05 9.91188)
(0.000532067 0.000228295 9.45402)
(0.000656687 8.11985e-06 9.49307)
(0.000640395 -1.61898e-05 9.49837)
(0.000371176 9.11211e-05 8.93721)
(0.00044879 -0.000101456 8.97941)
(0.000399581 -5.71313e-05 8.98714)
(0.000241788 -1.55095e-05 8.24766)
(0.000285979 -0.00018131 8.29124)
(0.000215069 -8.59135e-05 8.30272)
(0.000133248 -9.10022e-05 6.9021)
(0.000148117 -0.000227113 6.96625)
(6.24228e-05 -0.000100795 6.99108)
(0.00170783 0.00132495 11.2038)
(0.001974 0.000876534 11.275)
(0.00211904 0.000302657 11.3079)
(0.00155799 0.0011553 11.0201)
(0.00189224 0.000753885 11.0673)
(0.00203655 0.000262955 11.0883)
(0.00137583 0.000970435 10.7952)
(0.00168865 0.000607845 10.8312)
(0.00181647 0.000207441 10.8439)
(0.00114025 0.000761476 10.5314)
(0.00142167 0.00044338 10.5635)
(0.00151577 0.000147215 10.5712)
(0.000911281 0.000561677 10.2267)
(0.0011395 0.000282961 10.2592)
(0.00119742 8.75961e-05 10.2644)
(0.000697546 0.000377926 9.87347)
(0.000870207 0.000135163 9.90886)
(0.000890106 3.25228e-05 9.91335)
(0.00051417 0.000220545 9.45505)
(0.000634298 8.18706e-06 9.4944)
(0.000619154 -1.49981e-05 9.49989)
(0.000358476 8.7841e-05 8.93815)
(0.000433067 -9.76116e-05 8.98066)
(0.000386005 -5.44705e-05 8.9886)
(0.000233428 -1.51782e-05 8.2485)
(0.000275685 -0.000174588 8.29237)
(0.000207583 -8.21627e-05 8.30405)
(0.000128635 -8.80152e-05 6.90276)
(0.000142596 -0.000218634 6.96717)
(6.01284e-05 -9.6441e-05 6.99218)
(0.00165947 0.00128821 11.2025)
(0.00192115 0.00085329 11.2734)
(0.00206514 0.000295301 11.3062)
(0.00151177 0.00112173 11.0197)
(0.00183805 0.000732323 11.0667)
(0.00198046 0.000255887 11.0877)
(0.00133401 0.000941273 10.7954)
(0.00163824 0.000589736 10.8314)
(0.00176379 0.000201681 10.8442)
(0.0011046 0.000737869 10.5321)
(0.00137763 0.000429769 10.5643)
(0.00147002 0.000143125 10.5721)
(0.000882103 0.000543775 10.2277)
(0.00110303 0.000274127 10.2604)
(0.00116003 8.53152e-05 10.2656)
(0.000674656 0.000365506 9.87447)
(0.000841464 0.000130958 9.91014)
(0.000861439 3.20076e-05 9.91478)
(0.000496933 0.00021303 9.45604)
(0.000612728 8.15026e-06 9.49569)
(0.000598634 -1.3907e-05 9.50137)
(0.000346258 8.46367e-05 8.93907)
(0.000417934 -9.40135e-05 8.98187)
(0.000372888 -5.19677e-05 8.99002)
(0.000225398 -1.49016e-05 8.24931)
(0.000265797 -0.000168218 8.29345)
(0.00020035 -7.86108e-05 8.30534)
(0.000124219 -8.5176e-05 6.90341)
(0.000137315 -0.000210568 6.96805)
(5.79144e-05 -9.2305e-05 6.99325)
(0.00161251 0.00125245 11.2013)
(0.0018696 0.00083056 11.2718)
(0.00201237 0.000288068 11.3045)
(0.00146702 0.00108917 11.0193)
(0.00178547 0.000711356 11.0662)
(0.00192588 0.000248994 11.0871)
(0.00129357 0.000913033 10.7956)
(0.00158946 0.000572155 10.8317)
(0.00171272 0.00019607 10.8445)
(0.00107019 0.000715029 10.5327)
(0.00133508 0.000416554 10.5651)
(0.00142575 0.000139132 10.5729)
(0.000853954 0.000526456 10.2286)
(0.00106783 0.000265523 10.2615)
(0.00112389 8.30685e-05 10.2668)
(0.00065259 0.000353486 9.87545)
(0.000813747 0.000126813 9.91137)
(0.000833738 3.14597e-05 9.91617)
(0.000480332 0.000205743 9.457)
(0.000591945 8.01887e-06 9.49693)
(0.000578807 -1.29102e-05 9.50279)
(0.000334502 8.15079e-05 8.93996)
(0.000403368 -9.06461e-05 8.98304)
(0.000360211 -4.96138e-05 8.99138)
(0.000217684 -1.46748e-05 8.25009)
(0.000256297 -0.000162182 8.2945)
(0.000193361 -7.52476e-05 8.30658)
(0.000119991 -8.2477e-05 6.90403)
(0.000132262 -0.000202891 6.9689)
(5.57782e-05 -8.83755e-05 6.99427)
(0.00156691 0.00121766 11.2002)
(0.00181934 0.000808351 11.2703)
(0.00196072 0.000280963 11.3028)
(0.0014237 0.00105758 11.0189)
(0.00173445 0.000690974 11.0657)
(0.00187281 0.000242274 11.0865)
(0.00125448 0.00088569 10.7959)
(0.00154226 0.000555091 10.832)
(0.00166322 0.000190606 10.8448)
(0.00103695 0.000692931 10.5334)
(0.00129398 0.000403722 10.5659)
(0.00138291 0.000135235 10.5738)
(0.000826795 0.000509704 10.2294)
(0.00103386 0.000257143 10.2625)
(0.00108895 8.08551e-05 10.268)
(0.000631316 0.000341851 9.87641)
(0.00078702 0.000122731 9.91257)
(0.000806968 3.08826e-05 9.91752)
(0.000464337 0.000198678 9.45793)
(0.000571914 7.80078e-06 9.49814)
(0.000559647 -1.20022e-05 9.50417)
(0.000323186 7.84546e-05 8.94082)
(0.000389345 -8.74952e-05 8.98417)
(0.000347961 -4.74014e-05 8.9927)
(0.00021027 -1.44928e-05 8.25085)
(0.000247168 -0.000156461 8.29551)
(0.000186607 -7.20638e-05 8.30778)
(0.000115941 -7.99092e-05 6.90463)
(0.000127427 -0.000195586 6.96973)
(5.37168e-05 -8.46433e-05 6.99526)
(0.00152262 0.00118383 11.199)
(0.00177036 0.00078668 11.2689)
(0.00191022 0.000273993 11.3012)
(0.00138175 0.00102695 11.0186)
(0.00168497 0.000671156 11.0652)
(0.0018212 0.000235728 11.086)
(0.00121671 0.000859217 10.7961)
(0.00149658 0.000538531 10.8322)
(0.00161525 0.000185287 10.845)
(0.00100486 0.000671547 10.534)
(0.00125426 0.00039126 10.5666)
(0.00134146 0.000131435 10.5746)
(0.00080059 0.000493499 10.2303)
(0.00100107 0.000248979 10.2636)
(0.00105517 7.86745e-05 10.2692)
(0.000610804 0.000330592 9.87733)
(0.000761246 0.000118715 9.91374)
(0.000781095 3.02782e-05 9.91882)
(0.000448926 0.00019183 9.45884)
(0.000552611 7.50506e-06 9.49931)
(0.000541132 -1.1178e-05 9.50551)
(0.000312295 7.54764e-05 8.94165)
(0.000375846 -8.45472e-05 8.98527)
(0.00033612 -4.53229e-05 8.99398)
(0.000203144 -1.43515e-05 8.25158)
(0.000238397 -0.000151038 8.29649)
(0.00018008 -6.90505e-05 8.30894)
(0.000112061 -7.74658e-05 6.90521)
(0.000122801 -0.000188632 6.97052)
(5.17278e-05 -8.10988e-05 6.99621)
(0.00147963 0.00115095 11.198)
(0.00172266 0.000765542 11.2675)
(0.00186087 0.00026716 11.2997)
(0.00134114 0.000997236 11.0182)
(0.00163698 0.000651898 11.0648)
(0.00177105 0.000229353 11.0855)
(0.00118022 0.000833592 10.7964)
(0.00145239 0.00052246 10.8325)
(0.00156877 0.000180111 10.8453)
(0.000973872 0.000650862 10.5346)
(0.00121588 0.000379167 10.5673)
(0.00130135 0.000127729 10.5754)
(0.000775297 0.00047782 10.2311)
(0.000969419 0.000241034 10.2646)
(0.00102251 7.65307e-05 10.2703)
(0.000591024 0.000319697 9.87823)
(0.000736384 0.000114766 9.91487)
(0.000756089 2.9651e-05 9.92009)
(0.000434075 0.000185191 9.45971)
(0.000534004 7.13977e-06 9.50044)
(0.000523239 -1.04311e-05 9.50681)
(0.000301809 7.25729e-05 8.94245)
(0.000362847 -8.17888e-05 8.98633)
(0.000324676 -4.33702e-05 8.99521)
(0.000196293 -1.42464e-05 8.25229)
(0.000229966 -0.000145895 8.29744)
(0.000173773 -6.61981e-05 8.31006)
(0.000108343 -7.51391e-05 6.90576)
(0.000118372 -0.00018201 6.97128)
(4.98086e-05 -7.77323e-05 6.99713)
(0.00143791 0.00111901 11.1969)
(0.00167622 0.000744928 11.2662)
(0.00181268 0.000260467 11.2982)
(0.00130183 0.000968435 11.0179)
(0.00159046 0.000633191 11.0644)
(0.00172232 0.000223145 11.0851)
(0.00114496 0.00080879 10.7966)
(0.00140964 0.000506868 10.8327)
(0.00152373 0.000175074 10.8456)
(0.000943956 0.000630861 10.5353)
(0.00117881 0.000367435 10.5681)
(0.00126254 0.000124115 10.5762)
(0.000750881 0.000462653 10.2319)
(0.000938868 0.000233305 10.2656)
(0.000990933 7.44243e-05 10.2714)
(0.00057194 0.00030915 9.8791)
(0.0007124 0.000110887 9.91597)
(0.000731918 2.90045e-05 9.92133)
(0.000419758 0.000178758 9.46056)
(0.000516067 6.71402e-06 9.50155)
(0.000505945 -9.75583e-06 9.50807)
(0.00029171 6.9743e-05 8.94323)
(0.000350328 -7.92065e-05 8.98736)
(0.000313615 -4.15355e-05 8.99641)
(0.000189704 -1.41742e-05 8.25297)
(0.000221861 -0.000141016 8.29835)
(0.000167677 -6.34978e-05 8.31114)
(0.000104777 -7.29221e-05 6.9063)
(0.000114132 -0.000175703 6.97202)
(4.79568e-05 -7.45344e-05 6.99802)
(0.00139746 0.00108798 11.1959)
(0.00163104 0.000724842 11.2649)
(0.00176565 0.000253914 11.2968)
(0.00126382 0.000940534 11.0176)
(0.00154536 0.000615034 11.064)
(0.00167499 0.000217102 11.0846)
(0.00111082 0.000784774 10.7968)
(0.00136826 0.000491758 10.833)
(0.00148009 0.000170175 10.8459)
(0.000915028 0.000611488 10.5358)
(0.00114299 0.000356042 10.5688)
(0.00122499 0.000120592 10.577)
(0.00072733 0.000447987 10.2327)
(0.000909373 0.000225783 10.2665)
(0.000960399 7.2355e-05 10.2724)
(0.000553534 0.000298943 9.87995)
(0.000689261 0.000107078 9.91704)
(0.000708554 2.83407e-05 9.92253)
(0.00040596 0.000172523 9.46139)
(0.000498774 6.23167e-06 9.50261)
(0.000489229 -9.14808e-06 9.50929)
(0.000281985 6.69865e-05 8.94398)
(0.000338272 -7.67912e-05 8.98835)
(0.000302923 -3.98127e-05 8.99757)
(0.000183369 -1.41313e-05 8.25363)
(0.000214071 -0.000136389 8.29924)
(0.000161787 -6.09421e-05 8.31218)
(0.000101359 -7.08097e-05 6.90682)
(0.000110073 -0.000169696 6.97274)
(4.617e-05 -7.14973e-05 6.99887)
(0.00135825 0.00105785 11.195)
(0.00158711 0.000705265 11.2636)
(0.00171977 0.000247501 11.2955)
(0.00122705 0.000913515 11.0173)
(0.00150166 0.000597424 11.0636)
(0.00162903 0.00021122 11.0842)
(0.00107781 0.000761525 10.7971)
(0.00132824 0.000477106 10.8333)
(0.00143781 0.000165411 10.8462)
(0.00088709 0.000592754 10.5364)
(0.00110837 0.000344995 10.5695)
(0.00118865 0.00011716 10.5777)
(0.000704586 0.000433799 10.2335)
(0.000880898 0.00021847 10.2675)
(0.000930876 7.03237e-05 10.2735)
(0.000535774 0.000289067 9.88077)
(0.000666936 0.000103344 9.91808)
(0.00068597 2.76627e-05 9.92369)
(0.000392655 0.000166483 9.46219)
(0.000482101 5.70321e-06 9.50365)
(0.000473073 -8.60265e-06 9.51047)
(0.000272615 6.43038e-05 8.94471)
(0.000326659 -7.45287e-05 8.98932)
(0.000292588 -3.8195e-05 8.99869)
(0.000177272 -1.41137e-05 8.25427)
(0.00020658 -0.000131996 8.30009)
(0.000156095 -5.85228e-05 8.31319)
(9.80793e-05 -6.87945e-05 6.90732)
(0.000106186 -0.000163971 6.97342)
(4.44461e-05 -6.86126e-05 6.9997)
(0.0013203 0.0010286 11.194)
(0.00154441 0.000686183 11.2624)
(0.00167504 0.000241228 11.2941)
(0.0011915 0.000887363 11.017)
(0.00145931 0.000580356 11.0632)
(0.00158441 0.000205495 11.0838)
(0.00104587 0.000739019 10.7973)
(0.00128953 0.000462902 10.8335)
(0.00139685 0.000160778 10.8464)
(0.000860103 0.000574641 10.537)
(0.00107493 0.000334287 10.5701)
(0.0011535 0.000113815 10.5784)
(0.000682614 0.000420073 10.2342)
(0.000853404 0.000211364 10.2684)
(0.000902328 6.83307e-05 10.2745)
(0.000518631 0.000279513 9.88158)
(0.000645395 9.9689e-05 9.9191)
(0.000664138 2.69729e-05 9.92482)
(0.000379819 0.000160632 9.46296)
(0.000466023 5.1356e-06 9.50465)
(0.000457457 -8.11523e-06 9.51162)
(0.000263584 6.16945e-05 8.94542)
(0.000315471 -7.24079e-05 8.99025)
(0.000282599 -3.66762e-05 8.99977)
(0.000171403 -1.41173e-05 8.25488)
(0.000199376 -0.000127822 8.30091)
(0.000150595 -5.62329e-05 8.31417)
(9.49304e-05 -6.68697e-05 6.9078)
(0.000102462 -0.000158512 6.97408)
(4.2783e-05 -6.58727e-05 7.00049)
(0.00128351 0.00100021 11.1931)
(0.00150292 0.00066761 11.2613)
(0.00163145 0.000235095 11.2929)
(0.00115709 0.00086204 11.0168)
(0.00141829 0.000563809 11.0628)
(0.0015411 0.000199922 11.0834)
(0.00101498 0.000717237 10.7975)
(0.00125209 0.000449137 10.8338)
(0.00135718 0.000156272 10.8467)
(0.000834028 0.000557125 10.5376)
(0.00104261 0.000323908 10.5708)
(0.00111949 0.000110556 10.5792)
(0.000661392 0.000406798 10.235)
(0.000826858 0.00020446 10.2693)
(0.000874722 6.63755e-05 10.2754)
(0.000502085 0.000270271 9.88235)
(0.000624608 9.61129e-05 9.92008)
(0.000643034 2.62731e-05 9.92592)
(0.000367435 0.000154967 9.46372)
(0.000450518 4.53492e-06 9.50563)
(0.000442362 -7.68196e-06 9.51273)
(0.000254879 5.91592e-05 8.9461)
(0.000304693 -7.04186e-05 8.99115)
(0.000272944 -3.52509e-05 9.00082)
(0.000165751 -1.41386e-05 8.25548)
(0.000192446 -0.000123856 8.30171)
(0.00014528 -5.40656e-05 8.31511)
(9.19057e-05 -6.50294e-05 6.90826)
(9.8893e-05 -0.000153306 6.97472)
(4.1179e-05 -6.32709e-05 7.00126)
(0.00124786 0.000972661 11.1923)
(0.00146261 0.000649546 11.2601)
(0.00158899 0.000229104 11.2916)
(0.0011238 0.000837525 11.0165)
(0.00137853 0.000547769 11.0625)
(0.00149907 0.000194499 11.0831)
(0.000985106 0.000696163 10.7978)
(0.00121587 0.000435804 10.834)
(0.00131875 0.000151891 10.847)
(0.000808824 0.000540184 10.5381)
(0.00101138 0.000313852 10.5715)
(0.00108658 0.000107381 10.5799)
(0.000640889 0.000393959 10.2357)
(0.000801223 0.000197756 10.2702)
(0.000848026 6.4459e-05 10.2764)
(0.000486109 0.00026133 9.88311)
(0.000604547 9.26176e-05 9.92103)
(0.000622631 2.55661e-05 9.92699)
(0.000355486 0.000149481 9.46444)
(0.000435564 3.90695e-06 9.50657)
(0.000427771 -7.29854e-06 9.51381)
(0.000246485 5.66964e-05 8.94676)
(0.000294307 -6.85512e-05 8.99202)
(0.000263611 -3.39132e-05 9.00183)
(0.000160308 -1.41749e-05 8.25605)
(0.00018578 -0.000120084 8.30248)
(0.000140144 -5.20142e-05 8.31602)
(8.89989e-05 -6.32681e-05 6.9087)
(9.54723e-05 -0.000148337 6.97534)
(3.96319e-05 -6.07999e-05 7.002)
(0.00121328 0.000945939 11.1914)
(0.00142344 0.000631988 11.259)
(0.00154764 0.000223259 11.2904)
(0.00109158 0.000813776 11.0163)
(0.00134001 0.000532212 11.0622)
(0.00145828 0.000189228 11.0827)
(0.000956221 0.00067577 10.798)
(0.00118083 0.000422888 10.8343)
(0.00128152 0.000147634 10.8473)
(0.000784466 0.000523796 10.5386)
(0.000981202 0.000304104 10.5721)
(0.00105473 0.000104292 10.5806)
(0.000621086 0.00038154 10.2364)
(0.000776464 0.000191245 10.271)
(0.000822209 6.2583e-05 10.2773)
(0.000470685 0.000252681 9.88384)
(0.000585183 8.92024e-05 9.92196)
(0.000602906 2.48548e-05 9.92803)
(0.000343956 0.00014417 9.46515)
(0.000421139 3.25577e-06 9.50749)
(0.000413666 -6.96023e-06 9.51486)
(0.000238392 5.43046e-05 8.94739)
(0.000284298 -6.67978e-05 8.99287)
(0.00025459 -3.26569e-05 9.00282)
(0.000155065 -1.42248e-05 8.2566)
(0.000179366 -0.000116496 8.30323)
(0.000135181 -5.00713e-05 8.3169)
(8.62052e-05 -6.15825e-05 6.90913)
(9.21926e-05 -0.000143594 6.97593)
(3.81393e-05 -5.84519e-05 7.00272)
(0.00117974 0.000920021 11.1906)
(0.00138538 0.000614934 11.258)
(0.00150738 0.000217561 11.2893)
(0.00106038 0.000790761 11.016)
(0.0013027 0.000517121 11.0619)
(0.00141869 0.000184106 11.0824)
(0.0009283 0.000656037 10.7982)
(0.00114693 0.000410373 10.8345)
(0.00124546 0.0001435 10.8475)
(0.000760926 0.000507941 10.5391)
(0.00095203 0.000294657 10.5727)
(0.00102391 0.000101287 10.5812)
(0.000601958 0.000369529 10.237)
(0.000752549 0.000184924 10.2718)
(0.000797241 6.07481e-05 10.2782)
(0.000455794 0.000244313 9.88456)
(0.00056649 8.58665e-05 9.92287)
(0.000583835 2.41418e-05 9.92904)
(0.00033283 0.000139028 9.46584)
(0.000407222 2.58498e-06 9.50838)
(0.00040003 -6.66315e-06 9.51587)
(0.000230588 5.19821e-05 8.94801)
(0.000274651 -6.51509e-05 8.99369)
(0.000245869 -3.14769e-05 9.00377)
(0.000150014 -1.42863e-05 8.25714)
(0.000173194 -0.000113081 8.30394)
(0.000130386 -4.82309e-05 8.31775)
(8.35198e-05 -5.99684e-05 6.90954)
(8.90477e-05 -0.000139064 6.97651)
(3.66994e-05 -5.62206e-05 7.00341)
(0.00114723 0.000894882 11.1899)
(0.00134843 0.000598364 11.257)
(0.0014682 0.000212007 11.2881)
(0.00103019 0.000768467 11.0158)
(0.00126656 0.000502489 11.0616)
(0.00138029 0.000179133 11.0821)
(0.000901302 0.00063694 10.7984)
(0.00111413 0.00039825 10.8348)
(0.00121054 0.000139486 10.8478)
(0.000738175 0.000492602 10.5397)
(0.000923832 0.000285502 10.5733)
(0.000994094 9.83657e-05 10.5819)
(0.000583481 0.00035791 10.2377)
(0.000729445 0.000178788 10.2726)
(0.000773092 5.89551e-05 10.2791)
(0.000441416 0.000236218 9.88525)
(0.000548442 8.2611e-05 9.92375)
(0.000565396 2.34295e-05 9.93003)
(0.000322093 0.000134051 9.4665)
(0.000393794 1.89942e-06 9.50924)
(0.000386849 -6.40323e-06 9.51686)
(0.000223062 4.97278e-05 8.94861)
(0.000265351 -6.36024e-05 8.99448)
(0.00023744 -3.03675e-05 9.00469)
(0.000145148 -1.4358e-05 8.25765)
(0.000167253 -0.000109829 8.30464)
(0.000125752 -4.64863e-05 8.31857)
(8.09375e-05 -5.84222e-05 6.90994)
(8.60309e-05 -0.000134736 6.97706)
(3.53102e-05 -5.40991e-05 7.00407)
(0.00111573 0.000870502 11.1891)
(0.00131254 0.000582266 11.256)
(0.00143009 0.000206596 11.287)
(0.00100098 0.000746874 11.0156)
(0.00123154 0.000488305 11.0613)
(0.00134303 0.000174304 11.0818)
(0.000875192 0.000618458 10.7986)
(0.00108239 0.000386508 10.835)
(0.00117671 0.000135592 10.8481)
(0.000716184 0.000477762 10.5401)
(0.00089657 0.000276631 10.5739)
(0.000965236 9.55265e-05 10.5825)
(0.000565628 0.000346671 10.2383)
(0.000707124 0.000172833 10.2734)
(0.000749734 5.7204e-05 10.28)
(0.00042753 0.000228386 9.88593)
(0.000531014 7.94359e-05 9.9246)
(0.000547567 2.27195e-05 9.93098)
(0.000311729 0.000129232 9.46714)
(0.000380836 1.20269e-06 9.51008)
(0.000374106 -6.17728e-06 9.51782)
(0.000215802 4.75401e-05 8.94919)
(0.000256384 -6.21453e-05 8.99525)
(0.000229292 -2.93244e-05 9.00558)
(0.000140458 -1.4438e-05 8.25815)
(0.000161533 -0.000106729 8.30531)
(0.000121274 -4.48323e-05 8.31937)
(7.84537e-05 -5.69397e-05 6.91032)
(8.31362e-05 -0.000130599 6.97759)
(3.397e-05 -5.20815e-05 7.00471)
(0.0010852 0.00084686 11.1884)
(0.00127771 0.000566632 11.255)
(0.00139301 0.000201326 11.286)
(0.000972718 0.000725961 11.0154)
(0.00119763 0.000474558 11.0611)
(0.00130689 0.000169617 11.0815)
(0.000849939 0.00060057 10.7989)
(0.00105168 0.000375135 10.8353)
(0.00114394 0.000131812 10.8483)
(0.000694926 0.000463405 10.5406)
(0.000870214 0.000268038 10.5745)
(0.000937308 9.27679e-05 10.5832)
(0.000548377 0.000335798 10.2389)
(0.000685555 0.000167056 10.2742)
(0.000727142 5.54948e-05 10.2808)
(0.000414118 0.000220809 9.88658)
(0.000514185 7.63414e-05 9.92544)
(0.000530326 2.20136e-05 9.93192)
(0.000301724 0.000124567 9.46777)
(0.00036833 4.98652e-07 9.51089)
(0.000361786 -5.98198e-06 9.51875)
(0.000208798 4.54178e-05 8.94975)
(0.000247738 -6.07728e-05 8.99599)
(0.000221416 -2.83428e-05 9.00645)
(0.000135938 -1.45251e-05 8.25863)
(0.000156026 -0.000103774 8.30596)
(0.000116947 -4.3263e-05 8.32013)
(7.6064e-05 -5.55178e-05 6.91069)
(8.03578e-05 -0.000126643 6.97811)
(3.2677e-05 -5.01618e-05 7.00533)
(0.00105562 0.000823935 11.1877)
(0.00124389 0.000551449 11.2541)
(0.00135695 0.000196195 11.285)
(0.000945364 0.000705706 11.0152)
(0.00116478 0.000461236 11.0608)
(0.00127184 0.000165068 11.0812)
(0.000825513 0.000583257 10.7991)
(0.00102196 0.000364121 10.8355)
(0.0011122 0.000128145 10.8486)
(0.000674373 0.000449514 10.5411)
(0.000844728 0.000259714 10.5751)
(0.00091028 9.00883e-05 10.5838)
(0.000531705 0.00032528 10.2395)
(0.000664713 0.000161453 10.2749)
(0.000705288 5.38276e-05 10.2817)
(0.000401162 0.000213478 9.88722)
(0.00049793 7.3327e-05 9.92625)
(0.000513655 2.13132e-05 9.93282)
(0.000292063 0.000120052 9.46838)
(0.000356258 -2.0976e-07 9.51168)
(0.000349875 -5.81458e-06 9.51965)
(0.00020204 4.33595e-05 8.95029)
(0.000239399 -5.94788e-05 8.99671)
(0.000213802 -2.74188e-05 9.00728)
(0.000131579 -1.46176e-05 8.25909)
(0.000150722 -0.000100955 8.30659)
(0.000112766 -4.17738e-05 8.32088)
(7.37639e-05 -5.4153e-05 6.91104)
(7.76903e-05 -0.000122858 6.9786)
(3.14295e-05 -4.83348e-05 7.00593)
(0.00102695 0.000801705 11.187)
(0.00121107 0.000536708 11.2532)
(0.00132189 0.000191202 11.284)
(0.00091889 0.000686088 11.015)
(0.00113295 0.000448326 11.0606)
(0.00123783 0.000160653 11.0809)
(0.000801883 0.000566498 10.7993)
(0.000993202 0.000353454 10.8358)
(0.00108145 0.000124588 10.8489)
(0.000654501 0.000436074 10.5416)
(0.000820084 0.000251653 10.5756)
(0.00088412 8.74864e-05 10.5844)
(0.000515591 0.000315105 10.2401)
(0.000644569 0.000156019 10.2757)
(0.000684148 5.22025e-05 10.2825)
(0.000388645 0.000206387 9.88784)
(0.000482229 7.03929e-05 9.92704)
(0.000497533 2.06201e-05 9.93371)
(0.000282735 0.000115683 9.46896)
(0.000344605 -9.19025e-07 9.51245)
(0.000338359 -5.67184e-06 9.52052)
(0.000195518 4.13641e-05 8.95081)
(0.000231356 -5.8257e-05 8.99741)
(0.000206442 -2.65478e-05 9.0081)
(0.000127377 -1.47144e-05 8.25954)
(0.000145612 -9.82621e-05 8.30719)
(0.000108726 -4.03592e-05 8.32159)
(7.15495e-05 -5.28422e-05 6.91138)
(7.51281e-05 -0.000119234 6.97908)
(3.02257e-05 -4.65947e-05 7.0065)
(0.000999162 0.000780151 11.1863)
(0.00117922 0.000522397 11.2523)
(0.00128781 0.000186342 11.283)
(0.000893266 0.000667087 11.0148)
(0.00110212 0.000435817 11.0603)
(0.00120485 0.000156369 11.0807)
(0.000779021 0.000550276 10.7995)
(0.000965367 0.000343125 10.836)
(0.00105166 0.000121139 10.8491)
(0.000635285 0.000423069 10.542)
(0.000796249 0.000243845 10.5762)
(0.000858799 8.49604e-05 10.585)
(0.000500014 0.00030526 10.2407)
(0.000625097 0.000150751 10.2764)
(0.000663695 5.0619e-05 10.2833)
(0.00037655 0.000199525 9.88844)
(0.00046706 6.7538e-05 9.9278)
(0.000481942 1.99353e-05 9.93457)
(0.000273725 0.000111454 9.46953)
(0.000333353 -1.62704e-06 9.51319)
(0.000327225 -5.55163e-06 9.52138)
(0.000189222 3.94299e-05 8.95131)
(0.000223596 -5.71023e-05 8.99809)
(0.000199327 -2.57267e-05 9.00888)
(0.000123324 -1.48144e-05 8.25997)
(0.000140689 -9.56896e-05 8.30778)
(0.000104822 -3.90151e-05 8.32229)
(6.94168e-05 -5.15824e-05 6.91171)
(7.26667e-05 -0.000115762 6.97954)
(2.90643e-05 -4.49372e-05 7.00706)
(0.000972237 0.000759252 11.1857)
(0.0011483 0.000508505 11.2515)
(0.00125468 0.000181615 11.2821)
(0.000868463 0.000648681 11.0147)
(0.00107225 0.000423696 11.0601)
(0.00117286 0.000152212 11.0805)
(0.000756901 0.000534573 10.7997)
(0.000938424 0.000333123 10.8362)
(0.00102281 0.000117793 10.8494)
(0.0006167 0.000410484 10.5425)
(0.000773195 0.000236284 10.5767)
(0.000834289 8.25087e-05 10.5856)
(0.000484954 0.000295735 10.2413)
(0.000606274 0.000145644 10.2771)
(0.000643907 4.9077e-05 10.284)
(0.000364862 0.000192887 9.88903)
(0.000452405 6.47622e-05 9.92855)
(0.000466862 1.926e-05 9.93541)
(0.000265022 0.000107362 9.47009)
(0.000322488 -2.33105e-06 9.51392)
(0.000316459 -5.45134e-06 9.5222)
(0.000183145 3.75556e-05 8.9518)
(0.000216109 -5.60095e-05 8.99874)
(0.000192449 -2.49517e-05 9.00964)
(0.000119414 -1.49167e-05 8.26038)
(0.000135945 -9.32297e-05 8.30835)
(0.000101049 -3.77369e-05 8.32296)
(6.73624e-05 -5.03712e-05 6.91202)
(7.03008e-05 -0.000112435 6.97998)
(2.79434e-05 -4.33571e-05 7.00759)
(0.000946142 0.000738986 11.1851)
(0.00111829 0.000495021 11.2507)
(0.00122248 0.000177017 11.2812)
(0.000844451 0.000630853 11.0145)
(0.00104331 0.000411951 11.0599)
(0.00114183 0.00014818 11.0802)
(0.000735495 0.00051937 10.7999)
(0.000912342 0.000323438 10.8365)
(0.000994853 0.000114548 10.8496)
(0.000598723 0.000398305 10.5429)
(0.000750894 0.000228964 10.5772)
(0.000810562 8.01301e-05 10.5862)
(0.000470391 0.000286519 10.2418)
(0.000588074 0.000140694 10.2778)
(0.000624761 4.75761e-05 10.2848)
(0.000353565 0.000186464 9.8896)
(0.000438244 6.20644e-05 9.92928)
(0.000452277 1.85951e-05 9.93622)
(0.000256614 0.000103401 9.47062)
(0.000311994 -3.02912e-06 9.51462)
(0.000306049 -5.36884e-06 9.52301)
(0.000177276 3.57398e-05 8.95228)
(0.000208883 -5.4974e-05 8.99938)
(0.0001858 -2.42196e-05 9.01038)
(0.000115641 -1.50201e-05 8.26079)
(0.000131373 -9.0876e-05 8.30889)
(9.74036e-05 -3.65208e-05 8.32361)
(6.53826e-05 -4.92056e-05 6.91232)
(6.80264e-05 -0.000109245 6.98041)
(2.68618e-05 -4.18502e-05 7.00811)
(0.000920849 0.000719335 11.1845)
(0.00108917 0.000481932 11.2499)
(0.00119118 0.000172545 11.2803)
(0.000821203 0.000613582 11.0144)
(0.00101527 0.00040057 11.0597)
(0.00111173 0.000144267 11.08)
(0.000714778 0.000504653 10.8001)
(0.000887097 0.00031406 10.8367)
(0.000967768 0.0001114 10.8499)
(0.000581334 0.000386517 10.5433)
(0.000729325 0.000221876 10.5777)
(0.00078759 7.78231e-05 10.5867)
(0.000456309 0.0002776 10.2423)
(0.000570475 0.000135898 10.2784)
(0.000606234 4.61167e-05 10.2855)
(0.000342644 0.00018025 9.89015)
(0.000424556 5.94434e-05 9.92999)
(0.000438168 1.7942e-05 9.93702)
(0.00024849 9.95684e-05 9.47114)
(0.000301858 -3.71912e-06 9.5153)
(0.000295982 -5.30168e-06 9.52379)
(0.000171609 3.3981e-05 8.95273)
(0.000201909 -5.39911e-05 8.99999)
(0.000179371 -2.35269e-05 9.0111)
(0.000112 -1.51243e-05 8.26117)
(0.000126964 -8.86217e-05 8.30942)
(9.38801e-05 -3.53623e-05 8.32423)
(6.34741e-05 -4.80836e-05 6.91261)
(6.58384e-05 -0.000106184 6.98082)
(2.5818e-05 -4.04119e-05 7.00861)
(0.000896333 0.000700277 11.1839)
(0.0010609 0.000469229 11.2491)
(0.00116076 0.000168197 11.2794)
(0.000798691 0.000596848 11.0142)
(0.000988101 0.000389544 11.0595)
(0.00108253 0.000140472 11.0798)
(0.000694725 0.000490398 10.8003)
(0.000862642 0.000304975 10.8369)
(0.000941521 0.000108352 10.8501)
(0.000564506 0.000375109 10.5437)
(0.000708443 0.000215012 10.5782)
(0.000765346 7.55831e-05 10.5873)
(0.000442687 0.00026897 10.2429)
(0.000553459 0.000131252 10.2791)
(0.000588305 4.46969e-05 10.2862)
(0.000332085 0.000174236 9.89069)
(0.000411326 5.6899e-05 9.93068)
(0.00042452 1.73007e-05 9.93779)
(0.000240638 9.58596e-05 9.47165)
(0.000292067 -4.39929e-06 9.51597)
(0.000286247 -5.24849e-06 9.52455)
(0.000166135 3.22777e-05 8.95318)
(0.000195177 -5.30567e-05 9.00059)
(0.000173156 -2.28713e-05 9.01179)
(0.000108485 -1.52282e-05 8.26154)
(0.000122713 -8.64611e-05 8.30993)
(9.04748e-05 -3.42584e-05 8.32484)
(6.16338e-05 -4.70026e-05 6.91289)
(6.37334e-05 -0.000103246 6.98122)
(2.48109e-05 -3.90385e-05 7.00909)
(0.000872566 0.000681792 11.1833)
(0.00103347 0.0004569 11.2484)
(0.0011312 0.000163971 11.2786)
(0.000776887 0.000580631 11.0141)
(0.000961772 0.000378858 11.0593)
(0.00105421 0.000136792 11.0796)
(0.000675314 0.00047659 10.8005)
(0.000838966 0.000296177 10.8372)
(0.000916085 0.000105397 10.8504)
(0.000548228 0.000364065 10.5441)
(0.000688236 0.000208365 10.5787)
(0.000743807 7.34128e-05 10.5878)
(0.000429511 0.000260616 10.2434)
(0.000536998 0.00012675 10.2797)
(0.000570953 4.3318e-05 10.2869)
(0.000321877 0.000168417 9.89122)
(0.000398536 5.44284e-05 9.93135)
(0.000411316 1.66726e-05 9.93855)
(0.00023305 9.22703e-05 9.47214)
(0.000282605 -5.06922e-06 9.51661)
(0.000276832 -5.20707e-06 9.52529)
(0.000160847 3.06283e-05 8.9536)
(0.000188677 -5.21681e-05 9.00116)
(0.000167146 -2.22498e-05 9.01246)
(0.000105092 -1.53318e-05 8.2619)
(0.000118613 -8.43894e-05 8.31043)
(8.71834e-05 -3.32054e-05 8.32543)
(5.98592e-05 -4.59612e-05 6.91315)
(6.17071e-05 -0.000100424 6.9816)
(2.38388e-05 -3.77261e-05 7.00955)
(0.000849524 0.000663864 11.1828)
(0.00100684 0.000444933 11.2477)
(0.00110248 0.000159862 11.2778)
(0.000755766 0.000564915 11.0139)
(0.000936253 0.000368503 11.0592)
(0.00102673 0.000133222 11.0794)
(0.000656521 0.000463216 10.8007)
(0.000816036 0.000287655 10.8374)
(0.000891434 0.000102533 10.8506)
(0.000532476 0.000353372 10.5445)
(0.000668677 0.000201929 10.5792)
(0.000722947 7.13085e-05 10.5883)
(0.000416765 0.000252529 10.2439)
(0.000521073 0.000122389 10.2803)
(0.000554157 4.19783e-05 10.2876)
(0.000312004 0.000162786 9.89173)
(0.000386169 5.20309e-05 9.93201)
(0.000398541 1.60578e-05 9.93929)
(0.000225714 8.87971e-05 9.47261)
(0.000273462 -5.72734e-06 9.51724)
(0.000267727 -5.1764e-06 9.526)
(0.000155738 2.90317e-05 8.95402)
(0.000182399 -5.13216e-05 9.00172)
(0.000161336 -2.16604e-05 9.01311)
(0.000101815 -1.54339e-05 8.26225)
(0.000114657 -8.24015e-05 8.3109)
(8.40022e-05 -3.22007e-05 8.32599)
(5.81471e-05 -4.49569e-05 6.91341)
(5.97565e-05 -9.77121e-05 6.98197)
(2.29005e-05 -3.64717e-05 7.01)
(0.000827182 0.000646473 11.1823)
(0.000980993 0.000433318 11.247)
(0.00107457 0.000155868 11.277)
(0.000735306 0.000549683 11.0138)
(0.000911516 0.000358467 11.059)
(0.00100007 0.000129759 11.0792)
(0.000638321 0.000450261 10.8008)
(0.000793826 0.000279402 10.8376)
(0.00086754 9.97566e-05 10.8509)
(0.000517228 0.000343019 10.5449)
(0.000649744 0.000195697 10.5797)
(0.000702744 6.92682e-05 10.5889)
(0.00040443 0.000244702 10.2443)
(0.000505665 0.000118165 10.2809)
(0.000537898 4.06771e-05 10.2883)
(0.000302455 0.000157336 9.89223)
(0.00037421 4.97061e-05 9.93264)
(0.00038618 1.54566e-05 9.94)
(0.000218621 8.54367e-05 9.47307)
(0.000264624 -6.37171e-06 9.51784)
(0.000258919 -5.15495e-06 9.5267)
(0.0001508 2.74868e-05 8.95442)
(0.000176336 -5.05132e-05 9.00226)
(0.000155718 -2.11006e-05 9.01375)
(9.865e-05 -1.55338e-05 8.26258)
(0.00011084 -8.04918e-05 8.31136)
(8.09274e-05 -3.12411e-05 8.32654)
(5.64944e-05 -4.39876e-05 6.91365)
(5.78776e-05 -9.51045e-05 6.98232)
(2.19946e-05 -3.52719e-05 7.01043)
(0.000805515 0.000629603 11.1817)
(0.000955898 0.000422043 11.2463)
(0.00104744 0.000151985 11.2763)
(0.000715483 0.00053492 11.0137)
(0.000887533 0.000348739 11.0588)
(0.000974205 0.000126398 11.079)
(0.000620694 0.000437712 10.801)
(0.000772309 0.000271408 10.8378)
(0.000844378 9.70644e-05 10.8511)
(0.000502465 0.000332995 10.5453)
(0.000631414 0.000189664 10.5802)
(0.000683173 6.72896e-05 10.5894)
(0.000392491 0.000237125 10.2448)
(0.000490756 0.000114075 10.2815)
(0.000522157 3.94133e-05 10.2889)
(0.000293215 0.000152062 9.89271)
(0.000362643 4.74523e-05 9.93327)
(0.000374219 1.4869e-05 9.9407)
(0.00021176 8.21853e-05 9.47352)
(0.000256081 -7.00149e-06 9.51844)
(0.000250399 -5.14179e-06 9.52738)
(0.000146026 2.59922e-05 8.9548)
(0.000170479 -4.974e-05 9.00279)
(0.000150284 -2.05684e-05 9.01436)
(9.55913e-05 -1.56309e-05 8.2629)
(0.000107157 -7.86556e-05 8.31181)
(7.79545e-05 -3.03241e-05 8.32707)
(5.48985e-05 -4.30512e-05 6.91389)
(5.60679e-05 -9.2595e-05 6.98266)
(2.11192e-05 -3.41234e-05 7.01084)
(0.000784502 0.000613236 11.1812)
(0.000931535 0.000411099 11.2456)
(0.00102108 0.000148211 11.2755)
(0.000696274 0.000520609 11.0136)
(0.000864278 0.000339308 11.0587)
(0.000949102 0.000123137 11.0789)
(0.00060362 0.000425554 10.8012)
(0.000751461 0.000263666 10.838)
(0.000821922 9.44543e-05 10.8514)
(0.00048817 0.000323286 10.5457)
(0.000613665 0.000183822 10.5806)
(0.000664214 6.53713e-05 10.5899)
(0.000380935 0.00022979 10.2453)
(0.000476326 0.000110115 10.2821)
(0.000506915 3.81863e-05 10.2896)
(0.000284274 0.000146958 9.89318)
(0.000351455 4.52683e-05 9.93387)
(0.000362642 1.42953e-05 9.94139)
(0.000205125 7.90394e-05 9.47395)
(0.000247822 -7.61583e-06 9.51901)
(0.000242157 -5.13566e-06 9.52804)
(0.00014141 2.45466e-05 8.95518)
(0.000164819 -4.89992e-05 9.00329)
(0.000145029 -2.0062e-05 9.01495)
(9.26351e-05 -1.5725e-05 8.26321)
(0.0001036 -7.68891e-05 8.31224)
(7.50807e-05 -2.94472e-05 8.32759)
(5.33569e-05 -4.21462e-05 6.91411)
(5.43235e-05 -9.01789e-05 6.98299)
(2.0274e-05 -3.30238e-05 7.01124)
(0.000764115 0.000597353 11.1808)
(0.000907882 0.000400475 11.245)
(0.000995467 0.000144542 11.2748)
(0.000677659 0.000506729 11.0135)
(0.000841727 0.000330163 11.0585)
(0.000924739 0.000119976 11.0787)
(0.000587081 0.000413773 10.8014)
(0.000731253 0.000256164 10.8383)
(0.000800148 9.19241e-05 10.8516)
(0.000474327 0.000313882 10.546)
(0.000596474 0.000178164 10.5811)
(0.000645844 6.3512e-05 10.5904)
(0.000369748 0.000222687 10.2457)
(0.000462358 0.00010628 10.2827)
(0.000492156 3.69957e-05 10.2902)
(0.000275622 0.000142017 9.89364)
(0.00034063 4.31517e-05 9.93447)
(0.000351437 1.37358e-05 9.94205)
(0.000198705 7.59956e-05 9.47437)
(0.000239835 -8.21498e-06 9.51957)
(0.000234183 -5.13571e-06 9.52868)
(0.000136946 2.31485e-05 8.95554)
(0.000159349 -4.82892e-05 9.00379)
(0.000139948 -1.95799e-05 9.01553)
(8.97773e-05 -1.58155e-05 8.26351)
(0.000100165 -7.5189e-05 8.31266)
(7.23028e-05 -2.86083e-05 8.32808)
(5.18673e-05 -4.12708e-05 6.91433)
(5.26417e-05 -8.78522e-05 6.98331)
(1.94578e-05 -3.19707e-05 7.01163)
(0.000744333 0.000581937 11.1803)
(0.000884918 0.00039016 11.2444)
(0.000970571 0.000140977 11.2741)
(0.000659618 0.000493265 11.0134)
(0.000819856 0.000321292 11.0584)
(0.000901092 0.00011691 11.0786)
(0.000571059 0.000402355 10.8016)
(0.000711665 0.000248895 10.8385)
(0.000779033 8.94715e-05 10.8518)
(0.000460921 0.000304772 10.5464)
(0.000579823 0.000172685 10.5815)
(0.000628043 6.171e-05 10.5908)
(0.000358917 0.00021581 10.2462)
(0.000448834 0.000102566 10.2832)
(0.000477863 3.58406e-05 10.2908)
(0.000267248 0.000137235 9.89408)
(0.000330155 4.11018e-05 9.93504)
(0.000340592 1.31908e-05 9.9427)
(0.000192493 7.3051e-05 9.47478)
(0.00023211 -8.79752e-06 9.52011)
(0.000226468 -5.14059e-06 9.52931)
(0.000132628 2.17971e-05 8.95589)
(0.000154062 -4.76069e-05 9.00426)
(0.000135033 -1.91198e-05 9.01609)
(8.70138e-05 -1.59022e-05 8.2638)
(9.68477e-05 -7.35509e-05 8.31306)
(6.96172e-05 -2.78048e-05 8.32856)
(5.04272e-05 -4.04238e-05 6.91453)
(5.10194e-05 -8.56098e-05 6.98361)
(1.86696e-05 -3.09611e-05 7.012)
(0.000725138 0.000566974 11.1798)
(0.000862616 0.000380145 11.2438)
(0.000946374 0.000137512 11.2734)
(0.000642126 0.000480208 11.0133)
(0.000798639 0.000312691 11.0583)
(0.000878136 0.000113936 11.0784)
(0.000555531 0.000391289 10.8018)
(0.000692675 0.000241852 10.8387)
(0.000758554 8.70933e-05 10.8521)
(0.000447932 0.000295946 10.5467)
(0.000563691 0.00016738 10.5819)
(0.00061079 5.99631e-05 10.5913)
(0.000348426 0.00020915 10.2466)
(0.000435739 9.89711e-05 10.2837)
(0.000464018 3.47198e-05 10.2914)
(0.000259139 0.000132607 9.89451)
(0.000320017 3.91169e-05 9.93561)
(0.000330092 1.26599e-05 9.94334)
(0.000186481 7.02022e-05 9.47517)
(0.000224638 -9.36324e-06 9.52064)
(0.000219002 -5.15007e-06 9.52992)
(0.00012845 2.04909e-05 8.95622)
(0.000148949 -4.69502e-05 9.00473)
(0.000130279 -1.86809e-05 9.01663)
(8.43405e-05 -1.59842e-05 8.26407)
(9.36423e-05 -7.19714e-05 8.31344)
(6.70208e-05 -2.70352e-05 8.32902)
(4.90345e-05 -3.96031e-05 6.91473)
(4.9454e-05 -8.34475e-05 6.98391)
(1.79085e-05 -2.99933e-05 7.01236)
(0.000706511 0.000552451 11.1794)
(0.000840954 0.000370421 11.2432)
(0.000922854 0.000134143 11.2728)
(0.000625164 0.000467543 11.0132)
(0.000778054 0.00030435 11.0581)
(0.00085585 0.00011105 11.0783)
(0.000540479 0.000380561 10.8019)
(0.000674263 0.000235027 10.8389)
(0.000738689 8.47871e-05 10.8523)
(0.000435347 0.000287394 10.5471)
(0.000548061 0.000162242 10.5824)
(0.000594068 5.82696e-05 10.5918)
(0.000338264 0.000202699 10.247)
(0.000423057 9.54912e-05 10.2843)
(0.000450606 3.36326e-05 10.292)
(0.000251287 0.000128126 9.89494)
(0.000310204 3.71961e-05 9.93615)
(0.000319926 1.2143e-05 9.94396)
(0.000180661 6.74464e-05 9.47556)
(0.000217408 -9.91118e-06 9.52115)
(0.000211778 -5.16319e-06 9.53051)
(0.000124406 1.92291e-05 8.95655)
(0.000144006 -4.63168e-05 9.00517)
(0.000125681 -1.82616e-05 9.01716)
(8.17538e-05 -1.60616e-05 8.26434)
(9.05444e-05 -7.0447e-05 8.31382)
(6.45104e-05 -2.62972e-05 8.32947)
(4.76869e-05 -3.88076e-05 6.91492)
(4.79428e-05 -8.13611e-05 6.98419)
(1.71733e-05 -2.90648e-05 7.01271)
(0.000688431 0.000538351 11.179)
(0.000819912 0.000360977 11.2426)
(0.000899992 0.000130867 11.2721)
(0.000608714 0.000455257 11.0131)
(0.000758079 0.00029626 11.058)
(0.000834211 0.000108248 11.0781)
(0.000525885 0.000370161 10.8021)
(0.000656408 0.000228414 10.8391)
(0.000719418 8.25504e-05 10.8525)
(0.000423149 0.000279108 10.5474)
(0.000532912 0.000157267 10.5828)
(0.000577856 5.66277e-05 10.5922)
(0.000328418 0.000196452 10.2474)
(0.000410773 9.21229e-05 10.2848)
(0.000437612 3.25779e-05 10.2926)
(0.000243682 0.000123788 9.89535)
(0.000300704 3.53376e-05 9.93669)
(0.000310083 1.16401e-05 9.94456)
(0.000175025 6.47806e-05 9.47593)
(0.000210412 -1.04414e-05 9.52165)
(0.000204785 -5.17958e-06 9.53108)
(0.000120491 1.80103e-05 8.95686)
(0.000139225 -4.57049e-05 9.00561)
(0.000121232 -1.78607e-05 9.01767)
(7.92498e-05 -1.61337e-05 8.26459)
(8.75498e-05 -6.89747e-05 8.31418)
(6.20829e-05 -2.55896e-05 8.32991)
(4.63822e-05 -3.80353e-05 6.9151)
(4.64835e-05 -7.93467e-05 6.98446)
(1.64632e-05 -2.81738e-05 7.01304)
(0.00067088 0.000524662 11.1786)
(0.00079947 0.000351805 11.2421)
(0.000877765 0.000127683 11.2715)
(0.000592756 0.000443338 11.013)
(0.000738693 0.000288413 11.0579)
(0.000813198 0.000105528 11.078)
(0.000511733 0.000360076 10.8023)
(0.000639092 0.000222005 10.8393)
(0.000700718 8.03812e-05 10.8527)
(0.000411325 0.000271078 10.5477)
(0.00051823 0.000152449 10.5832)
(0.000562138 5.50361e-05 10.5927)
(0.000318877 0.000190401 10.2478)
(0.000398873 8.88633e-05 10.2853)
(0.000425021 3.15555e-05 10.2931)
(0.000236315 0.00011959 9.89575)
(0.000291506 3.35406e-05 9.93721)
(0.00030055 1.11516e-05 9.94515)
(0.000169566 6.22021e-05 9.47629)
(0.000203641 -1.0953e-05 9.52214)
(0.000198017 -5.19795e-06 9.53164)
(0.000116701 1.68334e-05 8.95717)
(0.000134599 -4.51123e-05 9.00603)
(0.000116928 -1.74763e-05 9.01817)
(7.68253e-05 -1.62007e-05 8.26484)
(8.4654e-05 -6.75511e-05 8.31453)
(5.97356e-05 -2.49097e-05 8.33033)
(4.51185e-05 -3.72857e-05 6.91527)
(4.50735e-05 -7.74003e-05 6.98472)
(1.57772e-05 -2.73178e-05 7.01336)
(0.00065384 0.000511368 11.1782)
(0.000779606 0.000342896 11.2415)
(0.000856156 0.000124586 11.2709)
(0.000577274 0.000431772 11.0129)
(0.000719875 0.0002808 11.0578)
(0.000792788 0.000102888 11.0779)
(0.000498007 0.000350296 10.8024)
(0.000622293 0.000215794 10.8395)
(0.000682572 7.82771e-05 10.853)
(0.000399862 0.000263295 10.5481)
(0.000503995 0.000147784 10.5836)
(0.000546895 5.34931e-05 10.5931)
(0.00030963 0.000184538 10.2482)
(0.000387343 8.57087e-05 10.2858)
(0.000412819 3.05642e-05 10.2937)
(0.000229176 0.000115524 9.89614)
(0.000282597 3.1803e-05 9.93772)
(0.000291317 1.06771e-05 9.94573)
(0.000164279 5.97076e-05 9.47664)
(0.000197087 -1.14462e-05 9.52261)
(0.000191465 -5.21811e-06 9.53219)
(0.000113029 1.56971e-05 8.95746)
(0.000130124 -4.45377e-05 9.00644)
(0.000112763 -1.71077e-05 9.01865)
(7.44772e-05 -1.62621e-05 8.26507)
(8.18531e-05 -6.6174e-05 8.31487)
(5.74656e-05 -2.42564e-05 8.33073)
(4.38942e-05 -3.65571e-05 6.91544)
(4.37108e-05 -7.55189e-05 6.98497)
(1.51145e-05 -2.64953e-05 7.01367)
(0.000637292 0.000498457 11.1778)
(0.000760304 0.000334242 11.241)
(0.000835145 0.000121575 11.2703)
(0.000562251 0.000420547 11.0128)
(0.000701606 0.000273414 11.0577)
(0.000772963 0.000100324 11.0778)
(0.000484693 0.00034081 10.8026)
(0.000605995 0.000209773 10.8397)
(0.000664958 7.62361e-05 10.8532)
(0.000388747 0.00025575 10.5484)
(0.000490194 0.000143265 10.584)
(0.000532111 5.19973e-05 10.5936)
(0.000300666 0.000178858 10.2486)
(0.000376169 8.26561e-05 10.2863)
(0.000400992 2.96033e-05 10.2942)
(0.000222259 0.000111588 9.89652)
(0.000273969 3.01238e-05 9.93822)
(0.000282373 1.02165e-05 9.94629)
(0.000159156 5.72946e-05 9.47698)
(0.000190742 -1.19207e-05 9.52307)
(0.000185122 -5.23931e-06 9.53272)
(0.000109473 1.46001e-05 8.95774)
(0.000125793 -4.39795e-05 9.00683)
(0.000108733 -1.67536e-05 9.01911)
(7.22025e-05 -1.63183e-05 8.2653)
(7.91434e-05 -6.48404e-05 8.31519)
(5.52701e-05 -2.3628e-05 8.33113)
(4.27076e-05 -3.58491e-05 6.91559)
(4.23931e-05 -7.36989e-05 6.98521)
(1.44741e-05 -2.57042e-05 7.01397)
(0.000621221 0.000485916 11.1774)
(0.000741544 0.000325834 11.2405)
(0.000814714 0.000118646 11.2697)
(0.00054767 0.000409651 11.0128)
(0.000683867 0.000266247 11.0576)
(0.000753703 9.78337e-05 11.0777)
(0.000471774 0.000331609 10.8028)
(0.00059018 0.000203935 10.8399)
(0.00064786 7.42557e-05 10.8534)
(0.000377967 0.000248436 10.5487)
(0.00047681 0.000138888 10.5844)
(0.000517771 5.05469e-05 10.594)
(0.000291974 0.000173355 10.2489)
(0.000365338 7.97019e-05 10.2867)
(0.000389527 2.86716e-05 10.2947)
(0.000215554 0.000107777 9.89688)
(0.00026561 2.85008e-05 9.9387)
(0.000273708 9.76928e-06 9.94684)
(0.000154192 5.49604e-05 9.47731)
(0.000184598 -1.23771e-05 9.52352)
(0.00017898 -5.26168e-06 9.53324)
(0.000106027 1.35413e-05 8.95802)
(0.0001216 -4.34368e-05 9.00722)
(0.000104834 -1.64137e-05 9.01957)
(6.99981e-05 -1.63688e-05 8.26552)
(7.65216e-05 -6.35484e-05 8.31551)
(5.31464e-05 -2.30236e-05 8.3315)
(4.1557e-05 -3.516e-05 6.91574)
(4.11187e-05 -7.19378e-05 6.98544)
(1.38555e-05 -2.49434e-05 7.01425)
(0.000605609 0.000473733 11.177)
(0.000723309 0.000317664 11.24)
(0.000794844 0.000115798 11.2692)
(0.000533516 0.000399074 11.0127)
(0.000666639 0.00025929 11.0575)
(0.000734989 9.54154e-05 11.0776)
(0.000459239 0.000322681 10.8029)
(0.00057483 0.000198275 10.8401)
(0.00063126 7.23341e-05 10.8536)
(0.000367511 0.000241344 10.549)
(0.000463827 0.000134648 10.5847)
(0.000503858 4.91405e-05 10.5944)
(0.000283546 0.000168022 10.2493)
(0.000354839 7.68431e-05 10.2872)
(0.000378412 2.77684e-05 10.2953)
(0.000209054 0.000104087 9.89724)
(0.000257511 2.69329e-05 9.93918)
(0.000265313 9.33538e-06 9.94738)
(0.00014938 5.27026e-05 9.47763)
(0.000178647 -1.28151e-05 9.52395)
(0.000173033 -5.28459e-06 9.53374)
(0.000102687 1.25198e-05 8.95828)
(0.000117541 -4.29081e-05 9.00759)
(0.000101059 -1.60867e-05 9.02)
(6.78614e-05 -1.64138e-05 8.26573)
(7.39837e-05 -6.22957e-05 8.31581)
(5.10922e-05 -2.24419e-05 8.33187)
(4.04408e-05 -3.44893e-05 6.91589)
(3.98854e-05 -7.02328e-05 6.98567)
(1.32578e-05 -2.42115e-05 7.01453)
(0.000590442 0.000461895 11.1767)
(0.000705581 0.000309724 11.2395)
(0.000775519 0.000113027 11.2686)
(0.000519774 0.000388804 11.0126)
(0.000649905 0.000252538 11.0574)
(0.000716803 9.30662e-05 11.0775)
(0.000447072 0.000314019 10.8031)
(0.00055993 0.000192787 10.8403)
(0.000615141 7.04693e-05 10.8538)
(0.000357366 0.000234467 10.5493)
(0.000451233 0.000130541 10.5851)
(0.000490359 4.77766e-05 10.5948)
(0.000275372 0.000162854 10.2497)
(0.000344659 7.40766e-05 10.2877)
(0.000367634 2.68929e-05 10.2958)
(0.000202751 0.000100512 9.89759)
(0.000249663 2.5418e-05 9.93964)
(0.000257178 8.91454e-06 9.9479)
(0.000144715 5.05183e-05 9.47794)
(0.000172883 -1.32354e-05 9.52437)
(0.000167273 -5.30792e-06 9.53423)
(9.94491e-05 1.15342e-05 8.95854)
(0.000113611 -4.2393e-05 9.00795)
(9.7406e-05 -1.57721e-05 9.02043)
(6.57896e-05 -1.64531e-05 8.26593)
(7.1527e-05 -6.10807e-05 8.3161)
(4.91051e-05 -2.18819e-05 8.33223)
(3.93576e-05 -3.38358e-05 6.91602)
(3.86918e-05 -6.85816e-05 6.98588)
(1.26806e-05 -2.35073e-05 7.01479)
(0.000575704 0.000450391 11.1763)
(0.000688345 0.000302008 11.239)
(0.000756721 0.000110332 11.2681)
(0.00050643 0.000378831 11.0126)
(0.000633648 0.000245983 11.0573)
(0.000699128 9.0784e-05 11.0774)
(0.000435261 0.000305612 10.8032)
(0.000545464 0.000187464 10.8405)
(0.000599486 6.86596e-05 10.854)
(0.000347522 0.000227796 10.5496)
(0.000439014 0.000126562 10.5855)
(0.000477258 4.64543e-05 10.5952)
(0.000267443 0.000157844 10.25)
(0.000334788 7.13995e-05 10.2881)
(0.000357182 2.60447e-05 10.2963)
(0.000196639 9.70506e-05 9.89794)
(0.000242056 2.39552e-05 9.94009)
(0.000249295 8.507e-06 9.94842)
(0.000140193 4.84049e-05 9.47824)
(0.000167299 -1.36376e-05 9.52479)
(0.000161695 -5.33078e-06 9.53471)
(9.63104e-05 1.0583e-05 8.95879)
(0.000109804 -4.18898e-05 9.0083)
(9.38697e-05 -1.54686e-05 9.02084)
(6.37808e-05 -1.64874e-05 8.26612)
(6.9148e-05 -5.99011e-05 8.31639)
(4.71825e-05 -2.13418e-05 8.33257)
(3.83063e-05 -3.31994e-05 6.91615)
(3.7536e-05 -6.69813e-05 6.98609)
(1.21226e-05 -2.28289e-05 7.01505)
(0.000561381 0.00043921 11.176)
(0.000671584 0.000294507 11.2386)
(0.000738434 0.000107711 11.2676)
(0.00049347 0.000369144 11.0125)
(0.000617852 0.000239619 11.0573)
(0.000681947 8.85665e-05 11.0773)
(0.000423794 0.000297451 10.8034)
(0.000531416 0.000182301 10.8407)
(0.000584279 6.69031e-05 10.8543)
(0.000337969 0.000221326 10.5499)
(0.000427156 0.000122706 10.5858)
(0.000464542 4.5172e-05 10.5956)
(0.000259751 0.000152987 10.2503)
(0.000325214 6.88088e-05 10.2885)
(0.000347043 2.52228e-05 10.2967)
(0.000190712 9.36972e-05 9.89827)
(0.000234682 2.25424e-05 9.94053)
(0.000241653 8.11226e-06 9.94892)
(0.000135807 4.636e-05 9.47854)
(0.000161888 -1.40226e-05 9.52519)
(0.000156292 -5.35332e-06 9.53518)
(9.32665e-05 9.66525e-06 8.95902)
(0.000106117 -4.13983e-05 9.00863)
(9.04463e-05 -1.51757e-05 9.02125)
(6.18322e-05 -1.65163e-05 8.26631)
(6.68439e-05 -5.87556e-05 8.31666)
(4.53225e-05 -2.0821e-05 8.3329)
(3.72855e-05 -3.2579e-05 6.91628)
(3.6417e-05 -6.54299e-05 6.98628)
(1.15833e-05 -2.21754e-05 7.0153)
(0.000547459 0.000428341 11.1757)
(0.000655284 0.000287215 11.2381)
(0.000720643 0.00010516 11.267)
(0.00048088 0.000359735 11.0124)
(0.000602502 0.000233438 11.0572)
(0.000665243 8.64117e-05 11.0772)
(0.00041266 0.00028953 10.8035)
(0.000517773 0.000177293 10.8409)
(0.000569506 6.5198e-05 10.8545)
(0.000328697 0.000215049 10.5501)
(0.000415647 0.00011897 10.5862)
(0.000452198 4.39285e-05 10.596)
(0.000252287 0.000148279 10.2507)
(0.000315927 6.63019e-05 10.289)
(0.000337209 2.44264e-05 10.2972)
(0.000184962 9.04488e-05 9.89859)
(0.000227533 2.11786e-05 9.94096)
(0.000234246 7.73009e-06 9.94941)
(0.000131554 4.43815e-05 9.47882)
(0.000156644 -1.43901e-05 9.52558)
(0.000151057 -5.37519e-06 9.53563)
(9.03146e-05 8.77988e-06 8.95926)
(0.000102545 -4.09172e-05 9.00896)
(8.71318e-05 -1.48928e-05 9.02164)
(5.99417e-05 -1.65403e-05 8.26649)
(6.46119e-05 -5.76422e-05 8.31692)
(4.35225e-05 -2.03183e-05 8.33322)
(3.6294e-05 -3.19742e-05 6.91639)
(3.53328e-05 -6.39251e-05 6.98647)
(1.10619e-05 -2.15454e-05 7.01553)
(0.000533924 0.000417775 11.1753)
(0.000639429 0.000280125 11.2377)
(0.000703332 0.000102677 11.2665)
(0.000468649 0.000350593 11.0124)
(0.000587583 0.000227436 11.0571)
(0.000649002 8.43174e-05 11.0771)
(0.000401845 0.000281839 10.8037)
(0.000504521 0.000172434 10.8411)
(0.000555152 6.35424e-05 10.8547)
(0.000319695 0.000208959 10.5504)
(0.000404474 0.000115349 10.5865)
(0.000440214 4.27221e-05 10.5964)
(0.000245042 0.000143714 10.251)
(0.000306917 6.38753e-05 10.2894)
(0.000327668 2.36542e-05 10.2977)
(0.000179383 8.73016e-05 9.89891)
(0.000220601 1.98614e-05 9.94138)
(0.000227065 7.35963e-06 9.94989)
(0.000127428 4.2467e-05 9.4791)
(0.000151562 -1.47414e-05 9.52596)
(0.000145986 -5.39688e-06 9.53608)
(8.74507e-05 7.92565e-06 8.95948)
(9.90836e-05 -4.04464e-05 9.00928)
(8.39221e-05 -1.46197e-05 9.02202)
(5.81073e-05 -1.65593e-05 8.26666)
(6.24498e-05 -5.65599e-05 8.31718)
(4.17804e-05 -1.98333e-05 8.33353)
(3.53309e-05 -3.13841e-05 6.9165)
(3.42825e-05 -6.24653e-05 6.98665)
(1.0558e-05 -2.09382e-05 7.01576)
(0.000520765 0.000407502 11.175)
(0.000624006 0.00027323 11.2373)
(0.000686487 0.000100261 11.2661)
(0.000456763 0.000341711 11.0123)
(0.00057308 0.000221605 11.057)
(0.000633207 8.22813e-05 11.077)
(0.000391341 0.00027437 10.8038)
(0.000491646 0.000167718 10.8413)
(0.000541203 6.19343e-05 10.8549)
(0.000310955 0.000203049 10.5507)
(0.000393627 0.00011184 10.5869)
(0.000428576 4.15516e-05 10.5967)
(0.000238011 0.000139286 10.2513)
(0.000298175 6.15267e-05 10.2898)
(0.00031841 2.29056e-05 10.2981)
(0.000173969 8.42521e-05 9.89922)
(0.000213878 1.85899e-05 9.94179)
(0.000220102 7.00078e-06 9.95035)
(0.000123425 4.06141e-05 9.47936)
(0.000146636 -1.50763e-05 9.52633)
(0.000141072 -5.41783e-06 9.53651)
(8.46727e-05 7.10137e-06 8.95969)
(9.57298e-05 -3.99852e-05 9.00959)
(8.08138e-05 -1.43558e-05 9.02238)
(5.63272e-05 -1.65739e-05 8.26682)
(6.03549e-05 -5.55072e-05 8.31742)
(4.00942e-05 -1.93648e-05 8.33383)
(3.43952e-05 -3.08088e-05 6.91661)
(3.32644e-05 -6.10486e-05 6.98683)
(1.00708e-05 -2.03526e-05 7.01598)
(0.000507967 0.000397512 11.1747)
(0.000609001 0.000266524 11.2369)
(0.000670093 9.79065e-05 11.2656)
(0.000445212 0.000333079 11.0123)
(0.000558982 0.00021594 11.057)
(0.000617845 8.03014e-05 11.0769)
(0.000381135 0.000267117 10.804)
(0.000479136 0.000163141 10.8415)
(0.000527646 6.03723e-05 10.8551)
(0.000302468 0.000197313 10.5509)
(0.000383094 0.000108438 10.5872)
(0.000417274 4.04158e-05 10.5971)
(0.000231186 0.000134992 10.2516)
(0.000289691 5.92533e-05 10.2902)
(0.000309426 2.218e-05 10.2986)
(0.000168716 8.12969e-05 9.89952)
(0.000207358 1.73622e-05 9.9422)
(0.00021335 6.65331e-06 9.95081)
(0.000119541 3.88205e-05 9.47962)
(0.00014186 -1.53956e-05 9.52669)
(0.00013631 -5.43801e-06 9.53693)
(8.19767e-05 6.30589e-06 8.9599)
(9.24793e-05 -3.95333e-05 9.00988)
(7.78034e-05 -1.41005e-05 9.02274)
(5.45992e-05 -1.65841e-05 8.26698)
(5.83247e-05 -5.44829e-05 8.31766)
(3.8462e-05 -1.89123e-05 8.33412)
(3.34859e-05 -3.02474e-05 6.91671)
(3.22776e-05 -5.96733e-05 6.98699)
(9.59989e-06 -1.97877e-05 7.01619)
(0.000495521 0.000387796 11.1744)
(0.000594401 0.000260001 11.2365)
(0.000654137 9.56151e-05 11.2651)
(0.000433984 0.000324689 11.0122)
(0.000545272 0.000210436 11.0569)
(0.000602901 7.83762e-05 11.0769)
(0.000371219 0.000260071 10.8041)
(0.00046698 0.000158699 10.8416)
(0.000514467 5.88554e-05 10.8553)
(0.000294225 0.000191746 10.5512)
(0.000372866 0.000105141 10.5875)
(0.000406296 3.93141e-05 10.5975)
(0.000224559 0.000130827 10.2519)
(0.000281457 5.70531e-05 10.2906)
(0.000300706 2.14773e-05 10.299)
(0.000163617 7.84327e-05 9.89981)
(0.000201033 1.61775e-05 9.94259)
(0.000206801 6.31751e-06 9.95126)
(0.000115772 3.70843e-05 9.47988)
(0.000137229 -1.56992e-05 9.52704)
(0.000131694 -5.4566e-06 9.53734)
(7.93608e-05 5.5381e-06 8.9601)
(8.93284e-05 -3.90898e-05 9.01017)
(7.48877e-05 -1.38527e-05 9.02309)
(5.29219e-05 -1.65905e-05 8.26713)
(5.63568e-05 -5.34857e-05 8.31789)
(3.68818e-05 -1.84742e-05 8.3344)
(3.2602e-05 -2.97e-05 6.9168)
(3.13204e-05 -5.83376e-05 6.98715)
(9.1445e-06 -1.9242e-05 7.01639)
(0.000483414 0.000378345 11.1741)
(0.000580192 0.000253655 11.2361)
(0.000638604 9.33848e-05 11.2647)
(0.000423069 0.000316532 11.0122)
(0.00053194 0.000205086 11.0569)
(0.000588363 7.65041e-05 11.0768)
(0.000361582 0.000253227 10.8043)
(0.000455163 0.000154387 10.8418)
(0.000501654 5.7382e-05 10.8555)
(0.000286217 0.000186341 10.5515)
(0.000362931 0.000101943 10.5879)
(0.000395631 3.82451e-05 10.5978)
(0.000218125 0.000126786 10.2522)
(0.000273464 5.49234e-05 10.291)
(0.000292241 2.07965e-05 10.2995)
(0.000158667 7.56559e-05 9.90009)
(0.000194896 1.50339e-05 9.94297)
(0.000200449 5.99294e-06 9.9517)
(0.000112114 3.5403e-05 9.48012)
(0.000132739 -1.5988e-05 9.52738)
(0.000127221 -5.47378e-06 9.53774)
(7.68218e-05 4.79664e-06 8.96029)
(8.62736e-05 -3.86547e-05 9.01045)
(7.20632e-05 -1.36122e-05 9.02342)
(5.12935e-05 -1.65932e-05 8.26727)
(5.4449e-05 -5.25148e-05 8.31811)
(3.53519e-05 -1.80502e-05 8.33468)
(3.17431e-05 -2.91659e-05 6.91689)
(3.03923e-05 -5.704e-05 6.98731)
(8.70421e-06 -1.87148e-05 7.01659)
(0.000471635 0.000369149 11.1739)
(0.000566361 0.000247481 11.2357)
(0.000623484 9.1214e-05 11.2642)
(0.000412456 0.000308603 11.0122)
(0.000518972 0.000199888 11.0568)
(0.000574217 7.46827e-05 11.0767)
(0.000352216 0.000246576 10.8044)
(0.000443678 0.000150201 10.842)
(0.000489195 5.59516e-05 10.8556)
(0.000278439 0.000181093 10.5517)
(0.000353278 9.88431e-05 10.5882)
(0.000385268 3.72079e-05 10.5982)
(0.000211876 0.000122865 10.2525)
(0.000265706 5.28622e-05 10.2913)
(0.000284023 2.01373e-05 10.2999)
(0.000153863 7.29636e-05 9.90037)
(0.000188943 1.39305e-05 9.94334)
(0.000194286 5.67966e-06 9.95212)
(0.000108564 3.37747e-05 9.48036)
(0.000128384 -1.62621e-05 9.52771)
(0.000122884 -5.48896e-06 9.53812)
(7.43579e-05 4.08036e-06 8.96048)
(8.33118e-05 -3.82273e-05 9.01072)
(6.93268e-05 -1.3378e-05 9.02375)
(4.97129e-05 -1.6593e-05 8.26741)
(5.2599e-05 -5.15688e-05 8.31832)
(3.38706e-05 -1.76388e-05 8.33494)
(3.09085e-05 -2.86455e-05 6.91698)
(2.94917e-05 -5.57791e-05 6.98745)
(8.27829e-06 -1.82046e-05 7.01678)
(0.000460176 0.000360203 11.1736)
(0.000552896 0.000241473 11.2353)
(0.000608762 8.90995e-05 11.2638)
(0.000402135 0.000300896 11.0121)
(0.000506364 0.000194836 11.0567)
(0.000560452 7.29095e-05 11.0767)
(0.000343113 0.000240111 10.8046)
(0.000432517 0.000146138 10.8422)
(0.00047708 5.45641e-05 10.8558)
(0.000270881 0.000175997 10.552)
(0.000343896 9.58358e-05 10.5885)
(0.000375199 3.62022e-05 10.5985)
(0.000205808 0.00011906 10.2528)
(0.000258171 5.08666e-05 10.2917)
(0.000276043 1.94989e-05 10.3003)
(0.000149198 7.03527e-05 9.90064)
(0.000183165 1.28654e-05 9.94371)
(0.000188307 5.37717e-06 9.95254)
(0.000105118 3.21974e-05 9.48059)
(0.000124159 -1.65224e-05 9.52803)
(0.000118679 -5.50251e-06 9.5385)
(7.1966e-05 3.38831e-06 8.96065)
(8.04393e-05 -3.78077e-05 9.01099)
(6.66756e-05 -1.31502e-05 9.02407)
(4.81782e-05 -1.65898e-05 8.26754)
(5.08049e-05 -5.06472e-05 8.31852)
(3.24361e-05 -1.724e-05 8.33519)
(3.00974e-05 -2.81381e-05 6.91706)
(2.8618e-05 -5.45535e-05 6.98759)
(7.86634e-06 -1.77108e-05 7.01696)
(0.000449024 0.000351499 11.1733)
(0.000539788 0.000235628 11.235)
(0.000594428 8.70401e-05 11.2634)
(0.000392098 0.000293399 11.0121)
(0.000494099 0.000189924 11.0567)
(0.000547056 7.11854e-05 11.0766)
(0.000334263 0.000233828 10.8047)
(0.000421666 0.000142193 10.8423)
(0.000465297 5.3216e-05 10.856)
(0.000263537 0.000171046 10.5522)
(0.000334781 9.29195e-05 10.5888)
(0.000365413 3.52271e-05 10.5989)
(0.000199913 0.000115367 10.2531)
(0.000250853 4.89341e-05 10.2921)
(0.000268294 1.88804e-05 10.3007)
(0.000144668 6.78208e-05 9.90091)
(0.000177557 1.18376e-05 9.94407)
(0.000182506 5.08494e-06 9.95295)
(0.000101773 3.06697e-05 9.48081)
(0.00012006 -1.67691e-05 9.52835)
(0.000114602 -5.51449e-06 9.53887)
(6.96441e-05 2.71987e-06 8.96083)
(7.76534e-05 -3.73953e-05 9.01124)
(6.41064e-05 -1.29285e-05 9.02437)
(4.66878e-05 -1.65838e-05 8.26767)
(4.90647e-05 -4.9749e-05 8.31872)
(3.10467e-05 -1.68531e-05 8.33544)
(2.93089e-05 -2.76435e-05 6.91713)
(2.77698e-05 -5.33619e-05 6.98773)
(7.46771e-06 -1.72328e-05 7.01713)
(0.000438168 0.000343027 11.1731)
(0.000527033 0.000229942 11.2346)
(0.000580469 8.50362e-05 11.263)
(0.000382335 0.000286102 11.0121)
(0.000482152 0.000185145 11.0567)
(0.000534014 6.95121e-05 11.0765)
(0.000325655 0.000227725 10.8048)
(0.000411101 0.00013836 10.8425)
(0.000453835 5.19023e-05 10.8562)
(0.000256399 0.000166238 10.5524)
(0.000325927 9.00914e-05 10.5891)
(0.000355902 3.42794e-05 10.5992)
(0.000194187 0.000111784 10.2533)
(0.000243746 4.7063e-05 10.2924)
(0.000260767 1.82801e-05 10.3011)
(0.000140268 6.53658e-05 9.90116)
(0.000172115 1.08455e-05 9.94442)
(0.000176875 4.80178e-06 9.95335)
(9.8524e-05 2.91902e-05 9.48103)
(0.000116085 -1.7003e-05 9.52865)
(0.000110648 -5.52569e-06 9.53924)
(6.73892e-05 2.07442e-06 8.96099)
(7.49516e-05 -3.69902e-05 9.01149)
(6.16165e-05 -1.27134e-05 9.02467)
(4.52401e-05 -1.65748e-05 8.26779)
(4.7377e-05 -4.88735e-05 8.31891)
(2.97011e-05 -1.64783e-05 8.33567)
(2.85421e-05 -2.71607e-05 6.9172)
(2.69469e-05 -5.22033e-05 6.98786)
(7.08218e-06 -1.67707e-05 7.01729)
(0.000427598 0.000334777 11.1728)
(0.000514615 0.000224407 11.2343)
(0.000566875 8.3086e-05 11.2626)
(0.000372843 0.000279003 11.012)
(0.000470523 0.000180495 11.0566)
(0.000521317 6.78844e-05 11.0765)
(0.000317287 0.000221795 10.805)
(0.000400821 0.000134637 10.8427)
(0.000442682 5.06245e-05 10.8564)
(0.000249457 0.000161566 10.5527)
(0.000317322 8.73484e-05 10.5894)
(0.000346655 3.33587e-05 10.5995)
(0.000188624 0.000108306 10.2536)
(0.000236844 4.5252e-05 10.2928)
(0.000253457 1.7698e-05 10.3015)
(0.000135994 6.29846e-05 9.90142)
(0.000166832 9.88868e-06 9.94476)
(0.000171411 4.52816e-06 9.95375)
(9.53696e-05 2.77569e-05 9.48124)
(0.000112228 -1.7224e-05 9.52895)
(0.000106814 -5.53532e-06 9.53959)
(6.51998e-05 1.45085e-06 8.96115)
(7.2331e-05 -3.65918e-05 9.01173)
(5.92033e-05 -1.25038e-05 9.02496)
(4.3834e-05 -1.65634e-05 8.2679)
(4.57397e-05 -4.80196e-05 8.31909)
(2.83975e-05 -1.61146e-05 8.3359)
(2.77965e-05 -2.66898e-05 6.91727)
(2.61478e-05 -5.10764e-05 6.98798)
(6.7091e-06 -1.63232e-05 7.01745)
(0.000417306 0.000326743 11.1726)
(0.000502513 0.000219017 11.2339)
(0.000553633 8.11872e-05 11.2622)
(0.000363612 0.000272101 11.012)
(0.000459207 0.000175971 11.0566)
(0.000508956 6.62961e-05 11.0764)
(0.000309153 0.000216032 10.8051)
(0.000390829 0.000131024 10.8428)
(0.000431831 4.93838e-05 10.8566)
(0.000242705 0.000157027 10.5529)
(0.000308954 8.46872e-05 10.5897)
(0.000337665 3.24652e-05 10.5998)
(0.000183216 0.00010493 10.2539)
(0.000230138 4.34983e-05 10.2931)
(0.000246354 1.71343e-05 10.3019)
(0.000131841 6.06745e-05 9.90166)
(0.000161702 8.96524e-06 9.94509)
(0.000166106 4.26414e-06 9.95413)
(9.23054e-05 2.63678e-05 9.48144)
(0.000108484 -1.7433e-05 9.52924)
(0.000103094 -5.54326e-06 9.53993)
(6.30732e-05 8.48105e-07 8.96131)
(6.9788e-05 -3.62002e-05 9.01196)
(5.68641e-05 -1.22995e-05 9.02524)
(4.24677e-05 -1.65497e-05 8.26801)
(4.41511e-05 -4.71869e-05 8.31927)
(2.71347e-05 -1.57615e-05 8.33612)
(2.70713e-05 -2.62302e-05 6.91733)
(2.5372e-05 -4.99801e-05 6.98809)
(6.34809e-06 -1.58899e-05 7.0176)
(0.000407284 0.000318923 11.1724)
(0.000490727 0.00021377 11.2336)
(0.000540733 7.93365e-05 11.2618)
(0.000354628 0.000265386 11.012)
(0.000448192 0.000171571 11.0565)
(0.000496919 6.475e-05 11.0764)
(0.000301242 0.000210428 10.8052)
(0.000381109 0.000127514 10.843)
(0.000421272 4.81777e-05 10.8567)
(0.000236142 0.000152617 10.5531)
(0.00030082 8.21059e-05 10.59)
(0.000328923 3.15983e-05 10.6002)
(0.000177962 0.000101652 10.2541)
(0.000223623 4.18005e-05 10.2935)
(0.000239453 1.65887e-05 10.3022)
(0.000127808 5.84336e-05 9.9019)
(0.000156722 8.0748e-06 9.94542)
(0.000160956 4.00994e-06 9.9545)
(8.93298e-05 2.50216e-05 9.48164)
(0.000104851 -1.76299e-05 9.52952)
(9.94862e-05 -5.54885e-06 9.54026)
(6.10083e-05 2.65563e-07 8.96146)
(6.73206e-05 -3.58146e-05 9.01218)
(5.45964e-05 -1.20994e-05 9.02552)
(4.11407e-05 -1.65343e-05 8.26812)
(4.26092e-05 -4.63743e-05 8.31944)
(2.5911e-05 -1.54176e-05 8.33633)
(2.63662e-05 -2.57824e-05 6.91738)
(2.46183e-05 -4.89131e-05 6.9882)
(5.99856e-06 -1.54692e-05 7.01775)
(0.000397526 0.000311314 11.1721)
(0.000479258 0.000208664 11.2333)
(0.00052817 7.75295e-05 11.2615)
(0.000345888 0.000258849 11.0119)
(0.00043748 0.000167294 11.0565)
(0.000485199 6.32484e-05 11.0763)
(0.000293545 0.000204978 10.8054)
(0.000371646 0.000124102 10.8432)
(0.000410994 4.70062e-05 10.8569)
(0.000229759 0.000148331 10.5533)
(0.000292909 7.96012e-05 10.5903)
(0.00032042 3.0757e-05 10.6005)
(0.000172854 9.84676e-05 10.2544)
(0.000217291 4.01558e-05 10.2938)
(0.000232747 1.60604e-05 10.3026)
(0.000123889 5.62593e-05 9.90213)
(0.000151884 7.21538e-06 9.94574)
(0.000155956 3.76487e-06 9.95487)
(8.64389e-05 2.37164e-05 9.48183)
(0.000101323 -1.78158e-05 9.5298)
(9.59852e-05 -5.55263e-06 9.54059)
(5.90024e-05 -2.97786e-07 8.9616)
(6.49257e-05 -3.54355e-05 9.0124)
(5.23974e-05 -1.19039e-05 9.02578)
(3.98514e-05 -1.6517e-05 8.26822)
(4.11126e-05 -4.55815e-05 8.3196)
(2.47251e-05 -1.50832e-05 8.33654)
(2.56805e-05 -2.53456e-05 6.91744)
(2.38863e-05 -4.78746e-05 6.98831)
(5.66016e-06 -1.50611e-05 7.01789)
(0.000388025 0.000303903 11.1719)
(0.000468084 0.00020369 11.233)
(0.000515929 7.577e-05 11.2611)
(0.000337378 0.000252489 11.0119)
(0.000427046 0.000163133 11.0565)
(0.000473784 6.17847e-05 11.0763)
(0.000286057 0.000199676 10.8055)
(0.000362441 0.000120787 10.8433)
(0.00040099 4.58666e-05 10.8571)
(0.000223553 0.000144168 10.5536)
(0.000285216 7.71713e-05 10.5905)
(0.00031215 2.99399e-05 10.6008)
(0.000167888 9.53748e-05 10.2546)
(0.000211139 3.8563e-05 10.2941)
(0.000226229 1.55483e-05 10.303)
(0.000120083 5.41496e-05 9.90236)
(0.000147187 6.38651e-06 9.94605)
(0.0001511 3.52845e-06 9.95523)
(8.36308e-05 2.24511e-05 9.48202)
(9.78994e-05 -1.79905e-05 9.53007)
(9.25879e-05 -5.55458e-06 9.54091)
(5.70544e-05 -8.42567e-07 8.96174)
(6.26015e-05 -3.50623e-05 9.01261)
(5.02651e-05 -1.17126e-05 9.02604)
(3.85989e-05 -1.64985e-05 8.26831)
(3.96598e-05 -4.48077e-05 8.31975)
(2.35756e-05 -1.47575e-05 8.33674)
(2.5014e-05 -2.49202e-05 6.91749)
(2.3175e-05 -4.68637e-05 6.98841)
(5.33239e-06 -1.46646e-05 7.01802)
(0.000378776 0.000296685 11.1717)
(0.000457196 0.000198846 11.2327)
(0.000504001 7.40557e-05 11.2608)
(0.000329087 0.000246298 11.0119)
(0.000416883 0.000159087 11.0564)
(0.000462664 6.03588e-05 11.0762)
(0.000278766 0.000194517 10.8056)
(0.000353482 0.000117561 10.8435)
(0.000391249 4.4758e-05 10.8573)
(0.000217521 0.000140122 10.5538)
(0.000277733 7.48127e-05 10.5908)
(0.000304106 2.9146e-05 10.6011)
(0.00016306 9.237e-05 10.2548)
(0.000205158 3.70193e-05 10.2944)
(0.000219893 1.50517e-05 10.3033)
(0.000116383 5.21024e-05 9.90258)
(0.000142623 5.58613e-06 9.94636)
(0.000146384 3.3e-06 9.95558)
(8.09024e-05 2.12243e-05 9.4822)
(9.4575e-05 -1.81554e-05 9.53033)
(8.92907e-05 -5.5553e-06 9.54122)
(5.51618e-05 -1.36945e-06 8.96187)
(6.03453e-05 -3.46956e-05 9.01281)
(4.81968e-05 -1.1526e-05 9.02629)
(3.73819e-05 -1.64785e-05 8.2684)
(3.82496e-05 -4.40528e-05 8.3199)
(2.24613e-05 -1.44407e-05 8.33693)
(2.4366e-05 -2.45055e-05 6.91753)
(2.24842e-05 -4.588e-05 6.98851)
(5.01497e-06 -1.428e-05 7.01815)
(0.000369774 0.000289656 11.1715)
(0.000446589 0.000194128 11.2324)
(0.000492377 7.23852e-05 11.2604)
(0.000321 0.00024027 11.0119)
(0.000406981 0.000155153 11.0564)
(0.00045183 5.89704e-05 11.0762)
(0.000271662 0.00018949 10.8058)
(0.000344762 0.000114421 10.8437)
(0.000381764 4.36793e-05 10.8574)
(0.000211659 0.000136192 10.554)
(0.000270454 7.25218e-05 10.5911)
(0.000296278 2.83747e-05 10.6014)
(0.000158366 8.94512e-05 10.2551)
(0.000199345 3.55228e-05 10.2947)
(0.000213734 1.45701e-05 10.3037)
(0.00011279 5.01159e-05 9.9028)
(0.00013819 4.81335e-06 9.94666)
(0.000141803 3.07935e-06 9.95593)
(7.82526e-05 2.00354e-05 9.48238)
(9.13476e-05 -1.83106e-05 9.53058)
(8.60904e-05 -5.55458e-06 9.54152)
(5.33238e-05 -1.87872e-06 8.962)
(5.81554e-05 -3.43349e-05 9.01301)
(4.61906e-05 -1.13435e-05 9.02653)
(3.61998e-05 -1.64571e-05 8.26849)
(3.68805e-05 -4.33161e-05 8.32005)
(2.13808e-05 -1.41325e-05 8.33711)
(2.3736e-05 -2.41017e-05 6.91757)
(2.18128e-05 -4.49225e-05 6.9886)
(4.70739e-06 -1.39065e-05 7.01827)
(0.000361005 0.000282811 11.1713)
(0.000436252 0.000189532 11.2321)
(0.000481049 7.0757e-05 11.2601)
(0.000313121 0.000234401 11.0119)
(0.000397334 0.000151325 11.0564)
(0.000441274 5.76184e-05 11.0762)
(0.000264745 0.000184598 10.8059)
(0.000336271 0.000111367 10.8438)
(0.000372528 4.26297e-05 10.8576)
(0.000205959 0.000132371 10.5542)
(0.000263372 7.0297e-05 10.5913)
(0.000288662 2.76251e-05 10.6017)
(0.000153802 8.66157e-05 10.2553)
(0.000193693 3.40723e-05 10.295)
(0.000207745 1.41029e-05 10.304)
(0.000109297 4.81879e-05 9.90301)
(0.000133883 4.0671e-06 9.94695)
(0.000137352 2.86619e-06 9.95627)
(7.56774e-05 1.88828e-05 9.48255)
(8.82129e-05 -1.84565e-05 9.53083)
(8.29836e-05 -5.55269e-06 9.54182)
(5.15375e-05 -2.37113e-06 8.96212)
(5.6029e-05 -3.39802e-05 9.0132)
(4.42443e-05 -1.11653e-05 9.02677)
(3.50509e-05 -1.64341e-05 8.26857)
(3.55511e-05 -4.25972e-05 8.32019)
(2.03332e-05 -1.38326e-05 8.33729)
(2.31234e-05 -2.37078e-05 6.91761)
(2.11607e-05 -4.39906e-05 6.98868)
(4.40946e-06 -1.35441e-05 7.01839)
(0.000352462 0.000276142 11.1711)
(0.000426179 0.000185056 11.2318)
(0.000470009 6.91702e-05 11.2598)
(0.000305448 0.000228687 11.0119)
(0.000387937 0.000147599 11.0563)
(0.000430988 5.63017e-05 11.0761)
(0.00025801 0.000179838 10.806)
(0.000328005 0.000108396 10.844)
(0.000363533 4.16086e-05 10.8578)
(0.000200413 0.000128656 10.5544)
(0.000256481 6.81368e-05 10.5916)
(0.00028125 2.68971e-05 10.602)
(0.000149364 8.38609e-05 10.2555)
(0.000188197 3.2667e-05 10.2953)
(0.000201923 1.36503e-05 10.3044)
(0.000105901 4.63161e-05 9.90322)
(0.000129697 3.34735e-06 9.94724)
(0.000133028 2.66088e-06 9.9566)
(7.31751e-05 1.77652e-05 9.48271)
(8.51687e-05 -1.85928e-05 9.53107)
(7.99675e-05 -5.54891e-06 9.54211)
(4.9802e-05 -2.84734e-06 8.96224)
(5.39641e-05 -3.36308e-05 9.01339)
(4.23558e-05 -1.09905e-05 9.027)
(3.39343e-05 -1.64101e-05 8.26864)
(3.42599e-05 -4.18948e-05 8.32032)
(1.93172e-05 -1.35402e-05 8.33746)
(2.25275e-05 -2.33241e-05 6.91765)
(2.05267e-05 -4.30829e-05 6.98876)
(4.12065e-06 -1.31917e-05 7.0185)
(0.000344137 0.000269644 11.1709)
(0.00041636 0.000180695 11.2316)
(0.000459247 6.76238e-05 11.2594)
(0.000297975 0.000223121 11.0118)
(0.000378781 0.000143971 11.0563)
(0.000420964 5.50193e-05 11.0761)
(0.000251453 0.000175205 10.8061)
(0.000319954 0.000105508 10.8441)
(0.000354771 4.06151e-05 10.8579)
(0.000195016 0.000125042 10.5546)
(0.000249775 6.60389e-05 10.5919)
(0.000274036 2.61899e-05 10.6022)
(0.000145048 8.11846e-05 10.2557)
(0.000182853 3.13055e-05 10.2956)
(0.00019626 1.32119e-05 10.3047)
(0.000102599 4.44989e-05 9.90342)
(0.00012563 2.65293e-06 9.94752)
(0.000128827 2.46323e-06 9.95692)
(7.07427e-05 1.66816e-05 9.48287)
(8.2211e-05 -1.87201e-05 9.53131)
(7.70389e-05 -5.54336e-06 9.54239)
(4.81147e-05 -3.30781e-06 8.96235)
(5.19584e-05 -3.32865e-05 9.01357)
(4.05233e-05 -1.08191e-05 9.02722)
(3.28487e-05 -1.63847e-05 8.26871)
(3.30055e-05 -4.12086e-05 8.32045)
(1.83317e-05 -1.32549e-05 8.33763)
(2.19478e-05 -2.29497e-05 6.91768)
(1.99103e-05 -4.21986e-05 6.98884)
(3.84077e-06 -1.28492e-05 7.01861)
(0.000336022 0.000263313 11.1707)
(0.000406789 0.000176446 11.2313)
(0.000448756 6.61166e-05 11.2591)
(0.000290699 0.000217701 11.0118)
(0.000369861 0.000140437 11.0563)
(0.000411195 5.37701e-05 11.0761)
(0.000245071 0.000170698 10.8062)
(0.000312115 0.000102701 10.8443)
(0.000346237 3.96486e-05 10.8581)
(0.000189762 0.000121528 10.5548)
(0.00024325 6.4002e-05 10.5921)
(0.000267013 2.55033e-05 10.6025)
(0.000140851 7.85847e-05 10.256)
(0.000177656 2.99871e-05 10.2959)
(0.000190753 1.27874e-05 10.305)
(9.93893e-05 4.27349e-05 9.90361)
(0.000121676 1.98399e-06 9.94779)
(0.000124744 2.27341e-06 9.95724)
(6.83785e-05 1.56311e-05 9.48303)
(7.9338e-05 -1.88377e-05 9.53154)
(7.41952e-05 -5.53546e-06 9.54266)
(4.6475e-05 -3.7529e-06 8.96246)
(5.00101e-05 -3.29464e-05 9.01374)
(3.8745e-05 -1.06501e-05 9.02744)
(3.17932e-05 -1.6358e-05 8.26878)
(3.17864e-05 -4.05372e-05 8.32057)
(1.73757e-05 -1.2976e-05 8.33779)
(2.13835e-05 -2.25845e-05 6.91771)
(1.93106e-05 -4.13363e-05 6.98891)
(3.56931e-06 -1.25154e-05 7.01871)
(0.00032811 0.000257142 11.1705)
(0.000397459 0.000172305 11.231)
(0.000438529 6.46473e-05 11.2588)
(0.000283618 0.000212424 11.0118)
(0.00036117 0.000136994 11.0563)
(0.000401674 5.2553e-05 11.076)
(0.00023886 0.000166315 10.8064)
(0.000304479 9.99725e-05 10.8444)
(0.000337923 3.8708e-05 10.8583)
(0.000184645 0.000118109 10.555)
(0.000236899 6.20248e-05 10.5924)
(0.000260177 2.48362e-05 10.6028)
(0.000136767 7.60582e-05 10.2562)
(0.000172601 2.87103e-05 10.2962)
(0.000185395 1.23764e-05 10.3053)
(9.62666e-05 4.10221e-05 9.90381)
(0.000117833 1.33936e-06 9.94806)
(0.000120776 2.09093e-06 9.95755)
(6.60792e-05 1.46123e-05 9.48318)
(7.65458e-05 -1.89463e-05 9.53176)
(7.14333e-05 -5.52567e-06 9.54293)
(4.48801e-05 -4.18336e-06 8.96256)
(4.8117e-05 -3.26107e-05 9.01391)
(3.70189e-05 -1.0484e-05 9.02764)
(3.07664e-05 -1.633e-05 8.26885)
(3.06017e-05 -3.98803e-05 8.32069)
(1.64482e-05 -1.27033e-05 8.33794)
(2.08341e-05 -2.22279e-05 6.91773)
(1.8727e-05 -4.04951e-05 6.98898)
(3.30611e-06 -1.21901e-05 7.01881)
(0.000320398 0.000251127 11.1704)
(0.000388363 0.000168269 11.2308)
(0.000428556 6.32144e-05 11.2585)
(0.000276721 0.000207283 11.0118)
(0.000352701 0.000133641 11.0563)
(0.000392392 5.13672e-05 11.076)
(0.000232814 0.000162049 10.8065)
(0.000297042 9.73195e-05 10.8446)
(0.000329823 3.77929e-05 10.8584)
(0.000179665 0.000114784 10.5552)
(0.000230717 6.0105e-05 10.5926)
(0.000253521 2.41883e-05 10.6031)
(0.000132794 7.36031e-05 10.2564)
(0.000167683 2.74738e-05 10.2965)
(0.000180184 1.19783e-05 10.3056)
(9.32301e-05 3.9359e-05 9.90399)
(0.000114097 7.18419e-07 9.94832)
(0.000116919 1.91557e-06 9.95785)
(6.38441e-05 1.36242e-05 9.48333)
(7.3833e-05 -1.9046e-05 9.53198)
(6.87509e-05 -5.51387e-06 9.54319)
(4.33298e-05 -4.59967e-06 8.96266)
(4.62777e-05 -3.22791e-05 9.01407)
(3.53435e-05 -1.03203e-05 9.02785)
(2.9768e-05 -1.63012e-05 8.26891)
(2.945e-05 -3.92373e-05 8.3208)
(1.55481e-05 -1.24363e-05 8.33809)
(2.02995e-05 -2.18802e-05 6.91775)
(1.81589e-05 -3.96742e-05 6.98905)
(3.05074e-06 -1.18728e-05 7.0189)
(0.00031288 0.000245265 11.1702)
(0.000379495 0.000164336 11.2306)
(0.000418833 6.18172e-05 11.2582)
(0.000270002 0.000202275 11.0118)
(0.000344446 0.000130376 11.0562)
(0.000383343 5.02116e-05 11.076)
(0.000226925 0.000157896 10.8066)
(0.000289797 9.47388e-05 10.8447)
(0.000321931 3.6902e-05 10.8586)
(0.000174817 0.000111549 10.5553)
(0.000224698 5.82405e-05 10.5929)
(0.000247041 2.35586e-05 10.6033)
(0.000128928 7.12169e-05 10.2566)
(0.000162899 2.62755e-05 10.2968)
(0.000175115 1.15923e-05 10.3059)
(9.02764e-05 3.77442e-05 9.90418)
(0.000110465 1.19655e-07 9.94858)
(0.00011317 1.74664e-06 9.95815)
(6.16703e-05 1.26659e-05 9.48347)
(7.11963e-05 -1.91379e-05 9.53219)
(6.61454e-05 -5.50072e-06 9.54345)
(4.18221e-05 -5.00226e-06 8.96276)
(4.44903e-05 -3.19519e-05 9.01423)
(3.3717e-05 -1.01596e-05 9.02805)
(2.87969e-05 -1.62713e-05 8.26896)
(2.83306e-05 -3.86082e-05 8.32091)
(1.46747e-05 -1.21756e-05 8.33824)
(1.9779e-05 -2.15407e-05 6.91777)
(1.76062e-05 -3.88733e-05 6.98911)
(2.80306e-06 -1.15636e-05 7.01899)
(0.000305552 0.000239552 11.17)
(0.000370849 0.000160504 11.2303)
(0.000409354 6.04562e-05 11.258)
(0.000263455 0.000197397 11.0118)
(0.000336401 0.000127194 11.0562)
(0.000374524 4.90844e-05 11.0759)
(0.000221189 0.000153854 10.8067)
(0.000282739 9.22278e-05 10.8449)
(0.00031424 3.60342e-05 10.8587)
(0.000170097 0.000108403 10.5555)
(0.000218839 5.64292e-05 10.5931)
(0.000240731 2.29462e-05 10.6036)
(0.000125167 6.88978e-05 10.2568)
(0.000158245 2.51145e-05 10.297)
(0.000170182 1.1218e-05 10.3062)
(8.7404e-05 3.61762e-05 9.90435)
(0.000106933 -4.57271e-07 9.94883)
(0.000109525 1.58406e-06 9.95844)
(5.95569e-05 1.17366e-05 9.48361)
(6.86339e-05 -1.92217e-05 9.5324)
(6.36142e-05 -5.48597e-06 9.5437)
(4.03563e-05 -5.3915e-06 8.96285)
(4.27533e-05 -3.16288e-05 9.01438)
(3.21378e-05 -1.00015e-05 9.02824)
(2.78523e-05 -1.62406e-05 8.26902)
(2.72421e-05 -3.79924e-05 8.32101)
(1.38268e-05 -1.19204e-05 8.33837)
(1.92722e-05 -2.12095e-05 6.91779)
(1.70678e-05 -3.80916e-05 6.98916)
(2.56263e-06 -1.12618e-05 7.01907)
(0.000298408 0.000233982 11.1698)
(0.000362419 0.000156768 11.2301)
(0.00040011 5.9128e-05 11.2577)
(0.000257074 0.000192643 11.0118)
(0.000328558 0.000124095 11.0562)
(0.000365925 4.79861e-05 11.0759)
(0.000215601 0.000149918 10.8068)
(0.000275861 8.97845e-05 10.845)
(0.000306745 3.51892e-05 10.8589)
(0.000165502 0.000105342 10.5557)
(0.000213133 5.46696e-05 10.5933)
(0.000234586 2.23509e-05 10.6038)
(0.000121506 6.66435e-05 10.257)
(0.000153716 2.39892e-05 10.2973)
(0.000165383 1.0855e-05 10.3065)
(8.46095e-05 3.46533e-05 9.90453)
(0.000103498 -1.01362e-06 9.94908)
(0.000105981 1.42747e-06 9.95873)
(5.75012e-05 1.0835e-05 9.48374)
(6.61429e-05 -1.92984e-05 9.5326)
(6.11551e-05 -5.47001e-06 9.54394)
(3.89304e-05 -5.76804e-06 8.96294)
(4.1065e-05 -3.13102e-05 9.01453)
(3.06044e-05 -9.84614e-06 9.02842)
(2.69334e-05 -1.62088e-05 8.26907)
(2.61839e-05 -3.73897e-05 8.32111)
(1.30038e-05 -1.16711e-05 8.33851)
(1.87788e-05 -2.08861e-05 6.9178)
(1.65439e-05 -3.73288e-05 6.98922)
(2.3294e-06 -1.09678e-05 7.01915)
(0.000291443 0.000228553 11.1697)
(0.000354197 0.000153126 11.2299)
(0.000391094 5.78325e-05 11.2574)
(0.000250855 0.000188012 11.0118)
(0.000320912 0.000121077 11.0562)
(0.000357539 4.69155e-05 11.0759)
(0.000210158 0.000146085 10.8069)
(0.00026916 8.7407e-05 10.8452)
(0.000299441 3.43664e-05 10.859)
(0.000161028 0.000102364 10.5559)
(0.000207578 5.29602e-05 10.5936)
(0.000228602 2.17721e-05 10.6041)
(0.000117944 6.44519e-05 10.2572)
(0.00014931 2.28988e-05 10.2975)
(0.000160712 1.05033e-05 10.3068)
(8.18914e-05 3.31741e-05 9.9047)
(0.000100159 -1.54958e-06 9.94932)
(0.000102536 1.27701e-06 9.95901)
(5.55025e-05 9.96024e-06 9.48387)
(6.3722e-05 -1.93678e-05 9.5328)
(5.87659e-05 -5.45235e-06 9.54418)
(3.75443e-05 -6.13247e-06 8.96302)
(3.94241e-05 -3.09955e-05 9.01467)
(2.91155e-05 -9.69302e-06 9.0286)
(2.60398e-05 -1.61768e-05 8.26911)
(2.51549e-05 -3.67997e-05 8.32121)
(1.22049e-05 -1.14269e-05 8.33863)
(1.82986e-05 -2.05709e-05 6.91781)
(1.60335e-05 -3.65842e-05 6.98927)
(2.10296e-06 -1.06807e-05 7.01922)
(0.000284651 0.00022326 11.1695)
(0.00034618 0.000149575 11.2296)
(0.000382302 5.65688e-05 11.2572)
(0.000244794 0.000183499 11.0118)
(0.000313458 0.000118136 11.0562)
(0.000349362 4.58718e-05 11.0759)
(0.000204855 0.000142353 10.8071)
(0.00026263 8.50933e-05 10.8453)
(0.000292321 3.3565e-05 10.8592)
(0.000156671 9.94661e-05 10.556)
(0.000202168 5.12995e-05 10.5938)
(0.000222773 2.12095e-05 10.6043)
(0.000114477 6.23211e-05 10.2574)
(0.000145022 2.18421e-05 10.2978)
(0.000156167 1.01623e-05 10.3071)
(7.92469e-05 3.17371e-05 9.90487)
(9.69108e-05 -2.06615e-06 9.94955)
(9.91855e-05 1.13253e-06 9.95928)
(5.35581e-05 9.11134e-06 9.484)
(6.1368e-05 -1.94305e-05 9.53299)
(5.64444e-05 -5.43318e-06 9.54441)
(3.61958e-05 -6.48525e-06 8.9631)
(3.78288e-05 -3.06851e-05 9.01481)
(2.76695e-05 -9.54216e-06 9.02878)
(2.51704e-05 -1.61441e-05 8.26916)
(2.41541e-05 -3.6222e-05 8.3213)
(1.14293e-05 -1.11878e-05 8.33876)
(1.78311e-05 -2.02632e-05 6.91782)
(1.55366e-05 -3.58572e-05 6.98931)
(1.88319e-06 -1.04005e-05 7.01929)
(0.000278028 0.000218099 11.1694)
(0.00033836 0.000146114 11.2294)
(0.000373725 5.53363e-05 11.2569)
(0.000238887 0.0001791 11.0118)
(0.000306189 0.000115271 11.0562)
(0.000341387 4.48546e-05 11.0758)
(0.000199688 0.000138719 10.8072)
(0.000256266 8.28417e-05 10.8454)
(0.000285381 3.27847e-05 10.8593)
(0.000152429 9.66463e-05 10.5562)
(0.0001969 4.96862e-05 10.594)
(0.000217096 2.06629e-05 10.6046)
(0.000111103 6.02495e-05 10.2575)
(0.000140849 2.08184e-05 10.298)
(0.000151743 9.83232e-06 10.3074)
(7.66746e-05 3.03412e-05 9.90503)
(9.37522e-05 -2.56336e-06 9.94979)
(9.59275e-05 9.94209e-07 9.95955)
(5.16675e-05 8.2876e-06 9.48412)
(5.90798e-05 -1.9486e-05 9.53318)
(5.41885e-05 -5.41197e-06 9.54464)
(3.48848e-05 -6.8267e-06 8.96318)
(3.6278e-05 -3.03782e-05 9.01494)
(2.62652e-05 -9.39289e-06 9.02895)
(2.43248e-05 -1.61112e-05 8.2692)
(2.31806e-05 -3.5656e-05 8.32138)
(1.06761e-05 -1.09529e-05 8.33888)
(1.73759e-05 -1.99632e-05 6.91782)
(1.50524e-05 -3.5147e-05 6.98936)
(1.66971e-06 -1.01264e-05 7.01936)
(0.00027157 0.000213067 11.1692)
(0.000330733 0.000142738 11.2292)
(0.00036536 5.41338e-05 11.2566)
(0.000233128 0.000174814 11.0118)
(0.000299102 0.000112479 11.0562)
(0.000333609 4.38628e-05 11.0758)
(0.000194654 0.000135179 10.8073)
(0.000250064 8.06502e-05 10.8456)
(0.000278616 3.20246e-05 10.8595)
(0.000148298 9.39022e-05 10.5564)
(0.000191769 4.81187e-05 10.5942)
(0.000211565 2.01315e-05 10.6048)
(0.000107818 5.82351e-05 10.2577)
(0.000136787 1.98262e-05 10.2983)
(0.000147437 9.51253e-06 10.3077)
(7.41717e-05 2.8985e-05 9.90519)
(9.06797e-05 -3.04249e-06 9.95001)
(9.27589e-05 8.61518e-07 9.95981)
(4.98283e-05 7.48807e-06 9.48424)
(5.68547e-05 -1.95355e-05 9.53336)
(5.19962e-05 -5.38927e-06 9.54486)
(3.36093e-05 -7.15735e-06 8.96325)
(3.477e-05 -3.00754e-05 9.01507)
(2.49011e-05 -9.24562e-06 9.02911)
(2.35021e-05 -1.60778e-05 8.26923)
(2.22337e-05 -3.51017e-05 8.32146)
(9.94482e-06 -1.07227e-05 8.33899)
(1.69328e-05 -1.96704e-05 6.91783)
(1.45808e-05 -3.44535e-05 6.9894)
(1.46246e-06 -9.85846e-06 7.01942)
(0.000265272 0.000208161 11.1691)
(0.000323295 0.000139448 11.229)
(0.0003572 5.29596e-05 11.2564)
(0.000227514 0.000170635 11.0118)
(0.000292192 0.000109759 11.0562)
(0.000326024 4.28961e-05 11.0758)
(0.000189749 0.000131732 10.8074)
(0.000244018 7.85173e-05 10.8457)
(0.00027202 3.12841e-05 10.8596)
(0.000144275 9.12319e-05 10.5566)
(0.000186772 4.6596e-05 10.5944)
(0.000206176 1.96149e-05 10.6051)
(0.000104622 5.62764e-05 10.2579)
(0.000132834 1.88651e-05 10.2985)
(0.000143246 9.20287e-06 10.3079)
(7.17369e-05 2.76675e-05 9.90534)
(8.76915e-05 -3.5035e-06 9.95023)
(8.96775e-05 7.34449e-07 9.96007)
(4.80397e-05 6.71212e-06 9.48435)
(5.46917e-05 -1.95783e-05 9.53354)
(4.98658e-05 -5.36481e-06 9.54507)
(3.23692e-05 -7.47749e-06 8.96332)
(3.33039e-05 -2.97761e-05 9.01519)
(2.35764e-05 -9.09995e-06 9.02927)
(2.2702e-05 -1.60444e-05 8.26927)
(2.13124e-05 -3.45585e-05 8.32154)
(9.2346e-06 -1.04965e-05 8.3391)
(1.65015e-05 -1.93851e-05 6.91783)
(1.41211e-05 -3.37758e-05 6.98943)
(1.26111e-06 -9.59603e-06 7.01948)
(0.000259128 0.000203381 11.169)
(0.000316039 0.000136242 11.2288)
(0.000349239 5.18129e-05 11.2562)
(0.000222038 0.000166563 11.0118)
(0.000285456 0.00010711 11.0562)
(0.000318625 4.19544e-05 11.0758)
(0.000184967 0.000128374 10.8075)
(0.000238125 7.6442e-05 10.8458)
(0.000265591 3.05633e-05 10.8598)
(0.000140355 8.86332e-05 10.5567)
(0.000181904 4.5117e-05 10.5947)
(0.000200927 1.9113e-05 10.6053)
(0.000101509 5.43717e-05 10.2581)
(0.000128986 1.7934e-05 10.2988)
(0.000139167 8.9029e-06 10.3082)
(6.93672e-05 2.63874e-05 9.90549)
(8.47843e-05 -3.94749e-06 9.95045)
(8.66808e-05 6.12543e-07 9.96033)
(4.62992e-05 5.95905e-06 9.48446)
(5.25879e-05 -1.96155e-05 9.53371)
(4.77956e-05 -5.33916e-06 9.54528)
(3.11624e-05 -7.7874e-06 8.96339)
(3.18781e-05 -2.94807e-05 9.01531)
(2.22898e-05 -8.95636e-06 9.02943)
(2.19232e-05 -1.60106e-05 8.2693)
(2.04161e-05 -3.40263e-05 8.32162)
(8.54498e-06 -1.02746e-05 8.3392)
(1.60815e-05 -1.91065e-05 6.91782)
(1.36732e-05 -3.31135e-05 6.98947)
(1.06561e-06 -9.3393e-06 7.01954)
(0.000253135 0.000198721 11.1688)
(0.00030896 0.000133118 11.2286)
(0.000341473 5.06945e-05 11.2559)
(0.000216698 0.000162595 11.0118)
(0.000278886 0.00010453 11.0562)
(0.000311408 4.10366e-05 11.0758)
(0.000180307 0.000125104 10.8076)
(0.000232381 7.44224e-05 10.846)
(0.000259324 2.98617e-05 10.8599)
(0.000136538 8.61041e-05 10.5569)
(0.000177163 4.36801e-05 10.5949)
(0.000195814 1.86252e-05 10.6055)
(9.84798e-05 5.25197e-05 10.2582)
(0.000125241 1.70319e-05 10.299)
(0.000135196 8.61242e-06 10.3085)
(6.70617e-05 2.5144e-05 9.90564)
(8.19565e-05 -4.37478e-06 9.95067)
(8.37668e-05 4.9574e-07 9.96057)
(4.46065e-05 5.22842e-06 9.48457)
(5.05426e-05 -1.96469e-05 9.53388)
(4.5784e-05 -5.31216e-06 9.54549)
(2.99888e-05 -8.08723e-06 8.96345)
(3.04918e-05 -2.9189e-05 9.01543)
(2.10403e-05 -8.81459e-06 9.02958)
(2.11656e-05 -1.59766e-05 8.26933)
(1.95439e-05 -3.35048e-05 8.32169)
(7.87536e-06 -1.00568e-05 8.3393)
(1.56725e-05 -1.8835e-05 6.91782)
(1.32364e-05 -3.24663e-05 6.9895)
(8.75673e-07 -9.08783e-06 7.01959)
(0.000247292 0.00019417 11.1687)
(0.000302056 0.000130067 11.2284)
(0.000333895 4.96054e-05 11.2557)
(0.000211495 0.000158726 11.0118)
(0.000272476 0.000102015 11.0562)
(0.000304368 4.01418e-05 11.0758)
(0.000175766 0.000121917 10.8077)
(0.000226781 7.24556e-05 10.8461)
(0.000253212 2.91783e-05 10.86)
(0.000132822 8.36424e-05 10.557)
(0.000172543 4.22832e-05 10.5951)
(0.000190832 1.81509e-05 10.6058)
(9.5531e-05 5.07187e-05 10.2584)
(0.000121595 1.61571e-05 10.2992)
(0.000131332 8.33078e-06 10.3087)
(6.48184e-05 2.39361e-05 9.90578)
(7.92051e-05 -4.7868e-06 9.95087)
(8.09329e-05 3.83467e-07 9.96082)
(4.29597e-05 4.51948e-06 9.48467)
(4.85533e-05 -1.96736e-05 9.53405)
(4.38293e-05 -5.28442e-06 9.54569)
(2.8847e-05 -8.37733e-06 8.96351)
(2.91437e-05 -2.89016e-05 9.01554)
(1.98269e-05 -8.67521e-06 9.02972)
(2.04285e-05 -1.59422e-05 8.26935)
(1.86956e-05 -3.29944e-05 8.32176)
(7.22533e-06 -9.84361e-06 8.3394)
(1.52743e-05 -1.85699e-05 6.91781)
(1.2811e-05 -3.18343e-05 6.98952)
(6.91364e-07 -8.84207e-06 7.01964)
(0.000241594 0.00018973 11.1686)
(0.000295321 0.000127091 11.2282)
(0.000326501 4.85437e-05 11.2555)
(0.000206425 0.000154953 11.0118)
(0.000266224 9.95619e-05 11.0562)
(0.0002975 3.92694e-05 11.0758)
(0.000171343 0.000118813 10.8078)
(0.000221322 7.05403e-05 10.8462)
(0.000247253 2.85126e-05 10.8602)
(0.000129202 8.12464e-05 10.5572)
(0.000168043 4.09254e-05 10.5953)
(0.000185978 1.76897e-05 10.606)
(9.26612e-05 4.89674e-05 10.2586)
(0.000118046 1.53093e-05 10.2995)
(0.00012757 8.05786e-06 10.309)
(6.26363e-05 2.27626e-05 9.90593)
(7.6529e-05 -5.18344e-06 9.95108)
(7.8177e-05 2.75802e-07 9.96106)
(4.13583e-05 3.83163e-06 9.48477)
(4.66195e-05 -1.96952e-05 9.53421)
(4.19301e-05 -5.25561e-06 9.54589)
(2.77367e-05 -8.65801e-06 8.96357)
(2.78332e-05 -2.8618e-05 9.01565)
(1.86489e-05 -8.53777e-06 9.02986)
(1.97115e-05 -1.59078e-05 8.26937)
(1.78704e-05 -3.24944e-05 8.32182)
(6.5945e-06 -9.63445e-06 8.33949)
(1.48868e-05 -1.83116e-05 6.91781)
(1.23965e-05 -3.12169e-05 6.98955)
(5.1251e-07 -8.60154e-06 7.01969)
(0.000236035 0.000185398 11.1685)
(0.000288749 0.000124187 11.2281)
(0.000319287 4.75081e-05 11.2553)
(0.00020148 0.000151275 11.0118)
(0.000260124 9.71711e-05 11.0562)
(0.000290799 3.84185e-05 11.0757)
(0.000167031 0.000115789 10.8079)
(0.000216 6.86756e-05 10.8464)
(0.000241442 2.78641e-05 10.8603)
(0.000125677 7.89144e-05 10.5573)
(0.000163659 3.96057e-05 10.5955)
(0.000181248 1.72412e-05 10.6062)
(8.9867e-05 4.72644e-05 10.2587)
(0.000114591 1.44875e-05 10.2997)
(0.000123907 7.79325e-06 10.3092)
(6.05125e-05 2.16227e-05 9.90606)
(7.39254e-05 -5.56546e-06 9.95128)
(7.54966e-05 1.72431e-07 9.96129)
(3.97999e-05 3.16436e-06 9.48487)
(4.47388e-05 -1.97122e-05 9.53436)
(4.00848e-05 -5.22607e-06 9.54608)
(2.66561e-05 -8.92942e-06 8.96363)
(2.6559e-05 -2.83384e-05 9.01576)
(1.75052e-05 -8.40253e-06 9.03)
(1.90136e-05 -1.58728e-05 8.26939)
(1.70681e-05 -3.20046e-05 8.32188)
(5.98265e-06 -9.42952e-06 8.33958)
(1.45093e-05 -1.80593e-05 6.91779)
(1.19931e-05 -3.06136e-05 6.98957)
(3.39331e-07 -8.36639e-06 7.01973)
(0.000230613 0.000181174 11.1683)
(0.000282338 0.000121356 11.2279)
(0.000312248 4.64976e-05 11.255)
(0.00019666 0.00014769 11.0118)
(0.000254175 9.48409e-05 11.0562)
(0.000284262 3.75888e-05 11.0757)
(0.000162829 0.000112843 10.808)
(0.000210812 6.68605e-05 10.8465)
(0.000235776 2.72324e-05 10.8605)
(0.000122243 7.6645e-05 10.5575)
(0.000159389 3.83236e-05 10.5957)
(0.000176639 1.68051e-05 10.6064)
(8.7147e-05 4.56089e-05 10.2589)
(0.000111228 1.36917e-05 10.2999)
(0.000120342 7.53693e-06 10.3095)
(5.8446e-05 2.05159e-05 9.9062)
(7.13931e-05 -5.93251e-06 9.95148)
(7.28896e-05 7.35195e-08 9.96152)
(3.8284e-05 2.51741e-06 9.48497)
(4.29107e-05 -1.97239e-05 9.53452)
(3.82917e-05 -5.19535e-06 9.54626)
(2.5605e-05 -9.19153e-06 8.96368)
(2.53206e-05 -2.80618e-05 9.01586)
(1.63949e-05 -8.2689e-06 9.03013)
(1.83342e-05 -1.58374e-05 8.26941)
(1.62882e-05 -3.1524e-05 8.32194)
(5.38951e-06 -9.22812e-06 8.33966)
(1.41414e-05 -1.78129e-05 6.91778)
(1.16003e-05 -3.00234e-05 6.98959)
(1.7195e-07 -8.13585e-06 7.01977)
(0.000225324 0.000177053 11.1682)
(0.000276083 0.000118594 11.2277)
(0.000305379 4.55116e-05 11.2548)
(0.000191958 0.000144195 11.0118)
(0.000248372 9.25697e-05 11.0562)
(0.000277883 3.67794e-05 11.0757)
(0.000158733 0.000109973 10.8081)
(0.000205753 6.50933e-05 10.8466)
(0.000230249 2.66168e-05 10.8606)
(0.000118897 7.44363e-05 10.5576)
(0.000155228 3.70776e-05 10.5959)
(0.000172148 1.63808e-05 10.6066)
(8.44983e-05 4.39994e-05 10.259)
(0.000107953 1.29206e-05 10.3001)
(0.00011687 7.28834e-06 10.3097)
(5.64344e-05 1.9441e-05 9.90633)
(6.89289e-05 -6.28565e-06 9.95167)
(7.03534e-05 -2.14706e-08 9.96175)
(3.68083e-05 1.89019e-06 9.48506)
(4.11327e-05 -1.97309e-05 9.53466)
(3.6549e-05 -5.16401e-06 9.54645)
(2.45815e-05 -9.44462e-06 8.96373)
(2.41165e-05 -2.77885e-05 9.01595)
(1.53168e-05 -8.13735e-06 9.03026)
(1.76724e-05 -1.5801e-05 8.26943)
(1.55309e-05 -3.1052e-05 8.32199)
(4.81509e-06 -9.03058e-06 8.33974)
(1.37827e-05 -1.75716e-05 6.91777)
(1.12194e-05 -2.94455e-05 6.98961)
(1.12199e-08 -7.91013e-06 7.0198)
(0.000220163 0.000173033 11.1681)
(0.000269978 0.0001159 11.2275)
(0.000298675 4.45493e-05 11.2546)
(0.000187373 0.000140787 11.0118)
(0.00024271 9.03559e-05 11.0562)
(0.00027166 3.59899e-05 11.0757)
(0.00015474 0.000107178 10.8082)
(0.00020082 6.3373e-05 10.8467)
(0.000224859 2.60169e-05 10.8607)
(0.000115639 7.22869e-05 10.5578)
(0.000151173 3.5867e-05 10.5961)
(0.00016777 1.59682e-05 10.6068)
(8.19197e-05 4.24348e-05 10.2592)
(0.000104766 1.2174e-05 10.3003)
(0.00011349 7.04733e-06 10.31)
(5.44768e-05 1.83973e-05 9.90646)
(6.65314e-05 -6.62489e-06 9.95186)
(6.78855e-05 -1.12609e-07 9.96197)
(3.53724e-05 1.28236e-06 9.48515)
(3.94042e-05 -1.97328e-05 9.53481)
(3.48552e-05 -5.13189e-06 9.54663)
(2.35855e-05 -9.68878e-06 8.96377)
(2.29457e-05 -2.75181e-05 9.01605)
(1.42697e-05 -8.00765e-06 9.03038)
(1.70276e-05 -1.57637e-05 8.26944)
(1.47958e-05 -3.05876e-05 8.32204)
(4.25927e-06 -8.83656e-06 8.33982)
(1.34328e-05 -1.73356e-05 6.91775)
(1.08513e-05 -2.88785e-05 6.98962)
(-1.41649e-07 -7.68866e-06 7.01984)
(0.000215129 0.000169112 11.168)
(0.000264022 0.000113272 11.2274)
(0.000292133 4.36103e-05 11.2544)
(0.000182902 0.000137466 11.0119)
(0.000237187 8.81981e-05 11.0562)
(0.000265586 3.52198e-05 11.0757)
(0.000150848 0.000104455 10.8083)
(0.000196011 6.16982e-05 10.8469)
(0.000219602 2.54323e-05 10.8608)
(0.000112464 7.01954e-05 10.5579)
(0.000147222 3.46906e-05 10.5962)
(0.000163503 1.55666e-05 10.6071)
(7.94084e-05 4.0914e-05 10.2593)
(0.000101662 1.14507e-05 10.3005)
(0.000110198 6.81342e-06 10.3102)
(5.25708e-05 1.73842e-05 9.90658)
(6.41975e-05 -6.95123e-06 9.95204)
(6.54837e-05 -2.00409e-07 9.96218)
(3.39743e-05 6.93644e-07 9.48523)
(3.77229e-05 -1.97302e-05 9.53495)
(3.32088e-05 -5.09953e-06 9.5468)
(2.26151e-05 -9.92409e-06 8.96382)
(2.18051e-05 -2.72516e-05 9.01614)
(1.32511e-05 -7.88049e-06 9.0305)
(1.63987e-05 -1.57244e-05 8.26945)
(1.40834e-05 -3.01301e-05 8.32209)
(3.72194e-06 -8.64657e-06 8.3399)
(1.30911e-05 -1.71038e-05 6.91773)
(1.04999e-05 -2.83204e-05 6.98963)
(-2.84141e-07 -7.47141e-06 7.01987)
(0.000210217 0.000165288 11.1679)
(0.000258209 0.00011071 11.2272)
(0.000285749 4.26935e-05 11.2542)
(0.000178542 0.000134227 11.0119)
(0.000231799 8.60951e-05 11.0562)
(0.00025966 3.44685e-05 11.0757)
(0.000147054 0.000101803 10.8084)
(0.000191321 6.00681e-05 10.847)
(0.000214475 2.48624e-05 10.861)
(0.000109371 6.81604e-05 10.5581)
(0.000143373 3.35479e-05 10.5964)
(0.000159345 1.51758e-05 10.6073)
(7.69636e-05 3.94363e-05 10.2595)
(9.86399e-05 1.07505e-05 10.3007)
(0.000106992 6.58643e-06 10.3104)
(5.07159e-05 1.64012e-05 9.90671)
(6.19267e-05 -7.26448e-06 9.95223)
(6.31468e-05 -2.84939e-07 9.9624)
(3.26138e-05 1.23784e-07 9.48532)
(3.60882e-05 -1.97229e-05 9.53509)
(3.16088e-05 -5.06682e-06 9.54697)
(2.16704e-05 -1.01505e-05 8.96386)
(2.06931e-05 -2.69892e-05 9.01623)
(1.22588e-05 -7.75602e-06 9.03062)
(1.57853e-05 -1.56833e-05 8.26946)
(1.33952e-05 -2.96778e-05 8.32214)
(3.20439e-06 -8.46006e-06 8.33997)
(1.27576e-05 -1.68769e-05 6.91771)
(1.01675e-05 -2.777e-05 6.98964)
(-4.12653e-07 -7.25758e-06 7.01989)
(0.000205424 0.000161559 11.1678)
(0.000252537 0.000108211 11.2271)
(0.000279519 4.17984e-05 11.2541)
(0.000174288 0.000131071 11.0119)
(0.000226542 8.40455e-05 11.0562)
(0.000253877 3.37354e-05 11.0757)
(0.000143356 9.92197e-05 10.8085)
(0.000186748 5.84811e-05 10.8471)
(0.000209473 2.43067e-05 10.8611)
(0.000106357 6.61806e-05 10.5582)
(0.000139622 3.24375e-05 10.5966)
(0.000155292 1.47952e-05 10.6075)
(7.45828e-05 3.80004e-05 10.2596)
(9.56971e-05 1.00721e-05 10.3009)
(0.000103871 6.36569e-06 10.3106)
(4.891e-05 1.54476e-05 9.90683)
(5.97167e-05 -7.56576e-06 9.9524)
(6.08734e-05 -3.66866e-07 9.96261)
(3.1289e-05 -4.27722e-07 9.4854)
(3.44969e-05 -1.97125e-05 9.53522)
(3.00532e-05 -5.03475e-06 9.54714)
(2.07498e-05 -1.03678e-05 8.9639)
(1.96093e-05 -2.67311e-05 9.01631)
(1.1292e-05 -7.63518e-06 9.03073)
(1.51869e-05 -1.56401e-05 8.26946)
(1.27253e-05 -2.92339e-05 8.32218)
(2.70561e-06 -8.27781e-06 8.34003)
(1.24314e-05 -1.66534e-05 6.91769)
(9.84414e-06 -2.7232e-05 6.98965)
(-5.30217e-07 -7.04953e-06 7.01992)
(0.000200748 0.000157922 11.1677)
(0.000247001 0.000105774 11.2269)
(0.000273438 4.09245e-05 11.2539)
(0.000170141 0.000127994 11.0119)
(0.000221414 8.20478e-05 11.0562)
(0.000248234 3.30201e-05 11.0757)
(0.000139751 9.67044e-05 10.8086)
(0.000182288 5.69365e-05 10.8472)
(0.000204596 2.37648e-05 10.8612)
(0.000103422 6.42548e-05 10.5584)
(0.000135967 3.1359e-05 10.5968)
(0.000151343 1.44246e-05 10.6077)
(7.22649e-05 3.66056e-05 10.2598)
(9.28314e-05 9.4151e-06 10.3011)
(0.000100832 6.15111e-06 10.3109)
(4.71526e-05 1.45229e-05 9.90695)
(5.7566e-05 -7.85493e-06 9.95258)
(5.86619e-05 -4.4616e-07 9.96281)
(2.99999e-05 -9.61071e-07 9.48548)
(3.29474e-05 -1.9699e-05 9.53536)
(2.85394e-05 -5.00328e-06 9.5473)
(1.98536e-05 -1.05758e-05 8.96394)
(1.85535e-05 -2.64763e-05 9.01639)
(1.0351e-05 -7.51749e-06 9.03084)
(1.46035e-05 -1.55955e-05 8.26947)
(1.20638e-05 -2.88021e-05 8.32222)
(2.21536e-06 -8.10082e-06 8.3401)
(1.21115e-05 -1.64322e-05 6.91767)
(9.516e-06 -2.67094e-05 6.98966)
(-6.51908e-07 -6.8486e-06 7.01994)
(0.000196186 0.000154375 11.1676)
(0.000241598 0.000103396 11.2268)
(0.000267503 4.00717e-05 11.2537)
(0.000166096 0.000124995 11.0119)
(0.00021641 8.01008e-05 11.0562)
(0.000242727 3.23221e-05 11.0757)
(0.000136236 9.42549e-05 10.8087)
(0.000177939 5.5433e-05 10.8474)
(0.000199838 2.32364e-05 10.8613)
(0.000100562 6.23814e-05 10.5585)
(0.000132405 3.03111e-05 10.597)
(0.000147493 1.40636e-05 10.6079)
(7.00079e-05 3.52506e-05 10.2599)
(9.00403e-05 8.77871e-06 10.3013)
(9.78724e-05 5.9424e-06 10.3111)
(4.54417e-05 1.36263e-05 9.90706)
(5.54724e-05 -8.1328e-06 9.95275)
(5.651e-05 -5.23058e-07 9.96301)
(2.87449e-05 -1.47662e-06 9.48555)
(3.1438e-05 -1.96828e-05 9.53548)
(2.70658e-05 -4.97272e-06 9.54746)
(1.89806e-05 -1.07746e-05 8.96397)
(1.75255e-05 -2.62249e-05 9.01647)
(9.43577e-06 -7.40298e-06 9.03095)
(1.40356e-05 -1.55488e-05 8.26947)
(1.14121e-05 -2.83821e-05 8.32226)
(1.72851e-06 -7.93002e-06 8.34016)
(1.17988e-05 -1.6213e-05 6.91764)
(9.18507e-06 -2.62005e-05 6.98966)
(-7.84149e-07 -6.65447e-06 7.01996)
(0.000191735 0.000150915 11.1675)
(0.000236325 0.000101078 11.2266)
(0.00026171 3.92393e-05 11.2535)
(0.000162151 0.000122072 11.0119)
(0.000211529 7.82031e-05 11.0562)
(0.000237353 3.16413e-05 11.0757)
(0.000132811 9.18694e-05 10.8088)
(0.000173698 5.39694e-05 10.8475)
(0.000195196 2.27213e-05 10.8615)
(9.77765e-05 6.05593e-05 10.5586)
(0.000128935 2.92932e-05 10.5972)
(0.000143742 1.37123e-05 10.608)
(6.78111e-05 3.39346e-05 10.2601)
(8.73229e-05 8.16258e-06 10.3015)
(9.49904e-05 5.73968e-06 10.3113)
(4.3777e-05 1.27569e-05 9.90717)
(5.34354e-05 -8.39927e-06 9.95292)
(5.44166e-05 -5.97296e-07 9.96321)
(2.75246e-05 -1.97486e-06 9.48563)
(2.99693e-05 -1.96637e-05 9.53561)
(2.56322e-05 -4.94254e-06 9.54761)
(1.81314e-05 -1.09648e-05 8.964)
(1.65256e-05 -2.59765e-05 9.01655)
(8.54648e-06 -7.29108e-06 9.03105)
(1.34841e-05 -1.55003e-05 8.26947)
(1.07745e-05 -2.79726e-05 8.32229)
(1.24974e-06 -7.76434e-06 8.34021)
(1.14956e-05 -1.59964e-05 6.91761)
(8.85717e-06 -2.57045e-05 6.98966)
(-9.20831e-07 -6.46606e-06 7.01998)
(0.000187392 0.000147539 11.1674)
(0.000231179 9.88157e-05 11.2265)
(0.000256056 3.8427e-05 11.2533)
(0.000158305 0.000119222 11.0119)
(0.000206765 7.63534e-05 11.0562)
(0.000232108 3.0977e-05 11.0757)
(0.000129472 8.95462e-05 10.8089)
(0.000169562 5.25447e-05 10.8476)
(0.000190669 2.22192e-05 10.8616)
(9.50629e-05 5.87868e-05 10.5588)
(0.000125553 2.83044e-05 10.5973)
(0.000140085 1.33703e-05 10.6082)
(6.56722e-05 3.26562e-05 10.2602)
(8.4677e-05 7.56584e-06 10.3017)
(9.21841e-05 5.54267e-06 10.3115)
(4.21565e-05 1.19137e-05 9.90728)
(5.14533e-05 -8.65529e-06 9.95308)
(5.23803e-05 -6.69115e-07 9.9634)
(2.63374e-05 -2.45662e-06 9.4857)
(2.85404e-05 -1.96421e-05 9.53573)
(2.42383e-05 -4.91298e-06 9.54776)
(1.73037e-05 -1.11478e-05 8.96403)
(1.55532e-05 -2.5732e-05 9.01662)
(7.68289e-06 -7.18207e-06 9.03115)
(1.29501e-05 -1.54495e-05 8.26947)
(1.01536e-05 -2.75733e-05 8.32232)
(7.82694e-07 -7.60364e-06 8.34027)
(1.12053e-05 -1.57804e-05 6.91759)
(8.53635e-06 -2.52213e-05 6.98966)
(-1.05675e-06 -6.28341e-06 7.02)
(0.000183156 0.000144247 11.1673)
(0.000226157 9.66096e-05 11.2264)
(0.000250537 3.76343e-05 11.2532)
(0.000154554 0.000116444 11.0119)
(0.000202119 7.45507e-05 11.0562)
(0.000226989 3.0329e-05 11.0757)
(0.000126219 8.72838e-05 10.809)
(0.00016553 5.1158e-05 10.8477)
(0.000186254 2.17299e-05 10.8617)
(9.24205e-05 5.70628e-05 10.5589)
(0.000122259 2.7344e-05 10.5975)
(0.000136522 1.30375e-05 10.6084)
(6.3591e-05 3.14145e-05 10.2603)
(8.21015e-05 6.9884e-06 10.3019)
(8.94518e-05 5.35152e-06 10.3117)
(4.05803e-05 1.1096e-05 9.90739)
(4.95256e-05 -8.90052e-06 9.95324)
(5.03998e-05 -7.38225e-07 9.96359)
(2.51834e-05 -2.92239e-06 9.48577)
(2.71514e-05 -1.96175e-05 9.53585)
(2.28836e-05 -4.88346e-06 9.54791)
(1.64972e-05 -1.13247e-05 8.96406)
(1.46084e-05 -2.54907e-05 9.01669)
(6.84465e-06 -7.07535e-06 9.03125)
(1.24354e-05 -1.53957e-05 8.26946)
(9.55008e-06 -2.71834e-05 8.32235)
(3.28831e-07 -7.44705e-06 8.34032)
(1.09298e-05 -1.55639e-05 6.91756)
(8.2235e-06 -2.475e-05 6.98966)
(-1.18964e-06 -6.10573e-06 7.02001)
(0.000179022 0.000141035 11.1672)
(0.000221256 9.44577e-05 11.2262)
(0.000245151 3.68606e-05 11.253)
(0.000150896 0.000113736 11.012)
(0.000197585 7.27938e-05 11.0563)
(0.000221994 2.96969e-05 11.0757)
(0.000123047 8.50804e-05 10.8091)
(0.000161598 4.98083e-05 10.8478)
(0.000181947 2.12531e-05 10.8618)
(8.98469e-05 5.5386e-05 10.559)
(0.000119049 2.64113e-05 10.5977)
(0.000133049 1.27137e-05 10.6086)
(6.15651e-05 3.02084e-05 10.2605)
(7.95944e-05 6.4295e-06 10.3021)
(8.67914e-05 5.16602e-06 10.3119)
(3.90466e-05 1.0303e-05 9.9075)
(4.76505e-05 -9.1357e-06 9.9534)
(4.84735e-05 -8.04792e-07 9.96378)
(2.406e-05 -3.37349e-06 9.48583)
(2.58009e-05 -1.95903e-05 9.53597)
(2.1567e-05 -4.85412e-06 9.54806)
(1.57112e-05 -1.14957e-05 8.96409)
(1.36909e-05 -2.52531e-05 9.01676)
(6.03109e-06 -6.97106e-06 9.03134)
(1.19345e-05 -1.53425e-05 8.26946)
(8.96444e-06 -2.68023e-05 8.32238)
(-1.11422e-07 -7.29444e-06 8.34037)
(1.06618e-05 -1.5353e-05 6.91753)
(7.91935e-06 -2.42912e-05 6.98965)
(-1.31858e-06 -5.93296e-06 7.02002)
(0.000174989 0.000137902 11.1671)
(0.000216473 9.23587e-05 11.2261)
(0.000239893 3.61056e-05 11.2529)
(0.000147329 0.000111096 11.012)
(0.000193162 7.10815e-05 11.0563)
(0.000217119 2.90803e-05 11.0757)
(0.000119957 8.29347e-05 10.8092)
(0.000157765 4.84947e-05 10.8479)
(0.000177745 2.07884e-05 10.8619)
(8.7341e-05 5.37551e-05 10.5591)
(0.000115923 2.55056e-05 10.5978)
(0.000129664 1.23987e-05 10.6088)
(5.95937e-05 2.90367e-05 10.2606)
(7.71547e-05 5.88879e-06 10.3022)
(8.42014e-05 4.98618e-06 10.3121)
(3.75551e-05 9.53392e-06 9.9076)
(4.58285e-05 -9.36055e-06 9.95356)
(4.66004e-05 -8.68729e-07 9.96396)
(2.29668e-05 -3.81105e-06 9.4859)
(2.44883e-05 -1.95607e-05 9.53608)
(2.02881e-05 -4.82449e-06 9.5482)
(1.49465e-05 -1.16606e-05 8.96411)
(1.28049e-05 -2.50174e-05 9.01682)
(5.24228e-06 -6.8691e-06 9.03143)
(1.14414e-05 -1.52954e-05 8.26945)
(8.40107e-06 -2.64277e-05 8.3224)
(-5.3802e-07 -7.14449e-06 8.34041)
(1.03939e-05 -1.51555e-05 6.91749)
(7.62196e-06 -2.38465e-05 6.98964)
(-1.44379e-06 -5.76419e-06 7.02003)
(0.000171055 0.000134846 11.1671)
(0.000211805 9.0311e-05 11.226)
(0.00023476 3.53687e-05 11.2527)
(0.000143851 0.000108524 11.012)
(0.000188847 6.94126e-05 11.0563)
(0.000212362 2.84786e-05 11.0757)
(0.000116945 8.08451e-05 10.8092)
(0.000154028 4.72159e-05 10.848)
(0.000173648 2.03355e-05 10.8621)
(8.49005e-05 5.21691e-05 10.5593)
(0.000112878 2.4626e-05 10.598)
(0.000126366 1.2092e-05 10.609)
(5.76747e-05 2.78987e-05 10.2607)
(7.478e-05 5.36538e-06 10.3024)
(8.168e-05 4.81145e-06 10.3123)
(3.61039e-05 8.78835e-06 9.9077)
(4.40576e-05 -9.57578e-06 9.95371)
(4.47798e-05 -9.30456e-07 9.96414)
(2.19025e-05 -4.23509e-06 9.48596)
(2.32113e-05 -1.95294e-05 9.53619)
(1.90458e-05 -4.79529e-06 9.54834)
(1.42022e-05 -1.18187e-05 8.96413)
(1.19537e-05 -2.4782e-05 9.01688)
(4.48005e-06 -6.76983e-06 9.03152)
(1.09577e-05 -1.52528e-05 8.26944)
(7.86478e-06 -2.60579e-05 8.32243)
(-9.48481e-07 -6.99715e-06 8.34046)
(1.01279e-05 -1.4969e-05 6.91746)
(7.33087e-06 -2.34154e-05 6.98964)
(-1.5665e-06 -5.59955e-06 7.02003)
(0.000167216 0.000131865 11.167)
(0.000207249 8.83136e-05 11.2258)
(0.00022975 3.46492e-05 11.2525)
(0.000140459 0.000106016 11.012)
(0.000184638 6.77864e-05 11.0563)
(0.000207719 2.78912e-05 11.0757)
(0.000114009 7.88104e-05 10.8093)
(0.000150384 4.59716e-05 10.8481)
(0.000169651 1.98938e-05 10.8622)
(8.25241e-05 5.06269e-05 10.5594)
(0.000109911 2.37721e-05 10.5982)
(0.000123152 1.17934e-05 10.6091)
(5.58075e-05 2.67937e-05 10.2608)
(7.24695e-05 4.85933e-06 10.3026)
(7.92253e-05 4.64176e-06 10.3125)
(3.46928e-05 8.0658e-06 9.9078)
(4.23365e-05 -9.78114e-06 9.95386)
(4.30108e-05 -9.89685e-07 9.96432)
(2.08672e-05 -4.64532e-06 9.48602)
(2.19714e-05 -1.94953e-05 9.5363)
(1.78379e-05 -4.76659e-06 9.54847)
(1.34787e-05 -1.19702e-05 8.96415)
(1.1129e-05 -2.45486e-05 9.01694)
(3.75048e-06 -6.67106e-06 9.0316)
(1.04851e-05 -1.52111e-05 8.26943)
(7.34704e-06 -2.56964e-05 8.32245)
(-1.33495e-06 -6.85402e-06 8.3405)
(9.86602e-06 -1.47891e-05 6.91743)
(7.04845e-06 -2.29963e-05 6.98963)
(-1.6885e-06 -5.44114e-06 7.02004)
(0.000163472 0.000128957 11.1669)
(0.000202801 8.63649e-05 11.2257)
(0.00022486 3.39468e-05 11.2524)
(0.000137151 0.000103573 11.012)
(0.00018053 6.62014e-05 11.0563)
(0.000203188 2.73177e-05 11.0757)
(0.000111148 7.68293e-05 10.8094)
(0.000146831 4.47604e-05 10.8483)
(0.000165752 1.9463e-05 10.8623)
(8.02097e-05 4.91276e-05 10.5595)
(0.000107022 2.2943e-05 10.5983)
(0.00012002 1.15025e-05 10.6093)
(5.39899e-05 2.5721e-05 10.261)
(7.02209e-05 4.36993e-06 10.3028)
(7.68355e-05 4.47671e-06 10.3127)
(3.33197e-05 7.36569e-06 9.9079)
(4.06622e-05 -9.97759e-06 9.95401)
(4.12909e-05 -1.04683e-06 9.96449)
(1.98596e-05 -5.04158e-06 9.48608)
(2.07673e-05 -1.94585e-05 9.5364)
(1.66638e-05 -4.73872e-06 9.5486)
(1.27745e-05 -1.21153e-05 8.96417)
(1.03219e-05 -2.43204e-05 9.017)
(3.04846e-06 -6.57344e-06 9.03168)
(1.0023e-05 -1.51675e-05 8.26942)
(6.83847e-06 -2.53453e-05 8.32247)
(-1.70179e-06 -6.71643e-06 8.34054)
(9.60858e-06 -1.46119e-05 6.91739)
(6.77597e-06 -2.2587e-05 6.98961)
(-1.80773e-06 -5.28974e-06 7.02004)
(0.000159818 0.000126121 11.1668)
(0.00019846 8.44637e-05 11.2256)
(0.000220086 3.32609e-05 11.2522)
(0.000133926 0.00010119 11.012)
(0.000176523 6.46563e-05 11.0563)
(0.000198766 2.6758e-05 11.0757)
(0.00010836 7.49003e-05 10.8095)
(0.000143367 4.35815e-05 10.8484)
(0.000161949 1.90428e-05 10.8624)
(7.79563e-05 4.76699e-05 10.5596)
(0.000104207 2.21379e-05 10.5985)
(0.000116968 1.12192e-05 10.6095)
(5.22214e-05 2.468e-05 10.2611)
(6.80325e-05 3.89687e-06 10.3029)
(7.4509e-05 4.31619e-06 10.3129)
(3.19845e-05 6.68793e-06 9.90799)
(3.90337e-05 -1.01652e-05 9.95416)
(3.96181e-05 -1.10213e-06 9.96466)
(1.88795e-05 -5.42354e-06 9.48614)
(1.95976e-05 -1.94185e-05 9.5365)
(1.55242e-05 -4.71117e-06 9.54873)
(1.20895e-05 -1.22533e-05 8.96419)
(9.53284e-06 -2.40969e-05 9.01705)
(2.36224e-06 -6.47882e-06 9.03176)
(9.57177e-06 -1.51215e-05 8.2694)
(6.33817e-06 -2.50013e-05 8.32248)
(-2.06201e-06 -6.58293e-06 8.34057)
(9.35581e-06 -1.44366e-05 6.91735)
(6.51131e-06 -2.21848e-05 6.9896)
(-1.92136e-06 -5.14245e-06 7.02004)
(0.000156253 0.000123353 11.1668)
(0.000194223 8.26085e-05 11.2255)
(0.000215425 3.25911e-05 11.2521)
(0.00013078 9.88683e-05 11.0121)
(0.000172612 6.31499e-05 11.0563)
(0.00019445 2.62115e-05 11.0757)
(0.000105642 7.30221e-05 10.8096)
(0.000139989 4.24337e-05 10.8485)
(0.00015824 1.86327e-05 10.8625)
(7.57619e-05 4.62529e-05 10.5597)
(0.000101463 2.1356e-05 10.5986)
(0.000113993 1.09429e-05 10.6097)
(5.05002e-05 2.367e-05 10.2612)
(6.59023e-05 3.4395e-06 10.3031)
(7.22443e-05 4.15987e-06 10.3131)
(3.06858e-05 6.03229e-06 9.90809)
(3.7449e-05 -1.03444e-05 9.9543)
(3.79907e-05 -1.15601e-06 9.96483)
(1.79253e-05 -5.79152e-06 9.48619)
(1.84601e-05 -1.93757e-05 9.5366)
(1.44179e-05 -4.68422e-06 9.54886)
(1.1425e-05 -1.23825e-05 8.9642)
(8.76275e-06 -2.38775e-05 9.01711)
(1.69016e-06 -6.38778e-06 9.03184)
(9.13382e-06 -1.50705e-05 8.26939)
(5.84718e-06 -2.4663e-05 8.3225)
(-2.41769e-06 -6.4534e-06 8.34061)
(9.10665e-06 -1.42632e-05 6.91731)
(6.2534e-06 -2.1789e-05 6.98958)
(-2.02934e-06 -4.99888e-06 7.02004)
(0.000152774 0.000120653 11.1667)
(0.000190087 8.07981e-05 11.2254)
(0.000210875 3.19369e-05 11.252)
(0.000127713 9.66045e-05 11.0121)
(0.000168796 6.16811e-05 11.0563)
(0.000190237 2.56778e-05 11.0757)
(0.000102994 7.11933e-05 10.8097)
(0.000136695 4.13163e-05 10.8486)
(0.000154622 1.82325e-05 10.8626)
(7.36255e-05 4.48755e-05 10.5599)
(9.87913e-05 2.05968e-05 10.5988)
(0.000111095 1.06736e-05 10.6098)
(4.88255e-05 2.26902e-05 10.2613)
(6.38293e-05 2.99769e-06 10.3032)
(7.00402e-05 4.00781e-06 10.3133)
(2.94237e-05 5.39844e-06 9.90818)
(3.5908e-05 -1.05151e-05 9.95444)
(3.64077e-05 -1.20831e-06 9.96499)
(1.69965e-05 -6.14605e-06 9.48624)
(1.73545e-05 -1.93297e-05 9.5367)
(1.33436e-05 -4.65757e-06 9.54898)
(1.07855e-05 -1.25e-05 8.96422)
(8.01274e-06 -2.36613e-05 9.01716)
(1.03389e-06 -6.2996e-06 9.03191)
(8.71344e-06 -1.50113e-05 8.26937)
(5.36617e-06 -2.43291e-05 8.32251)
(-2.76734e-06 -6.32735e-06 8.34064)
(8.86018e-06 -1.40921e-05 6.91728)
(6.00091e-06 -2.13992e-05 6.98957)
(-2.13294e-06 -4.85879e-06 7.02003)
(0.00014938 0.000118018 11.1666)
(0.000186049 7.90312e-05 11.2253)
(0.000206433 3.12979e-05 11.2518)
(0.000124721 9.43975e-05 11.0121)
(0.000165073 6.02487e-05 11.0564)
(0.000186126 2.51566e-05 11.0757)
(0.000100413 6.94126e-05 10.8098)
(0.000133483 4.02283e-05 10.8487)
(0.000151093 1.78419e-05 10.8627)
(7.1545e-05 4.35366e-05 10.56)
(9.61878e-05 1.98593e-05 10.5989)
(0.00010827 1.0411e-05 10.61)
(4.71954e-05 2.17397e-05 10.2614)
(6.18114e-05 2.57062e-06 10.3034)
(6.78948e-05 3.85972e-06 10.3134)
(2.81959e-05 4.78536e-06 9.90827)
(3.44089e-05 -1.06779e-05 9.95457)
(3.48682e-05 -1.25923e-06 9.96516)
(1.60926e-05 -6.48723e-06 9.48629)
(1.62792e-05 -1.92812e-05 9.5368)
(1.22998e-05 -4.63163e-06 9.5491)
(1.01647e-05 -1.26096e-05 8.96423)
(7.28246e-06 -2.34483e-05 9.01721)
(3.94297e-07 -6.21434e-06 9.03198)
(8.30577e-06 -1.49482e-05 8.26935)
(4.89631e-06 -2.4001e-05 8.32252)
(-3.10973e-06 -6.20514e-06 8.34067)
(8.61844e-06 -1.39227e-05 6.91723)
(5.7543e-06 -2.10166e-05 6.98955)
(-2.23296e-06 -4.72272e-06 7.02003)
(0.000146067 0.000115446 11.1665)
(0.000182107 7.73067e-05 11.2252)
(0.000202096 3.06738e-05 11.2517)
(0.000121804 9.22456e-05 11.0121)
(0.000161439 5.88518e-05 11.0564)
(0.000182113 2.46476e-05 11.0757)
(9.7898e-05 6.76785e-05 10.8098)
(0.000130351 3.91688e-05 10.8488)
(0.000147651 1.74607e-05 10.8628)
(6.95191e-05 4.22349e-05 10.5601)
(9.36515e-05 1.91432e-05 10.5991)
(0.000105517 1.0155e-05 10.6102)
(4.56093e-05 2.08175e-05 10.2615)
(5.98476e-05 2.15802e-06 10.3036)
(6.58068e-05 3.71572e-06 10.3136)
(2.70013e-05 4.1921e-06 9.90835)
(3.29512e-05 -1.08326e-05 9.95471)
(3.33712e-05 -1.30856e-06 9.96531)
(1.5214e-05 -6.81525e-06 9.48634)
(1.5234e-05 -1.92303e-05 9.53689)
(1.12859e-05 -4.6061e-06 9.54922)
(9.55598e-06 -1.27158e-05 8.96424)
(6.5715e-06 -2.32376e-05 9.01725)
(-2.28157e-07 -6.13149e-06 9.03205)
(7.90459e-06 -1.48877e-05 8.26933)
(4.4381e-06 -2.36798e-05 8.32253)
(-3.44421e-06 -6.08646e-06 8.3407)
(8.38347e-06 -1.37554e-05 6.91719)
(5.51368e-06 -2.06425e-05 6.98953)
(-2.33e-06 -4.59053e-06 7.02002)
(0.000142834 0.000112937 11.1665)
(0.000178259 7.56233e-05 11.2251)
(0.000197861 3.00641e-05 11.2516)
(0.000118958 9.01473e-05 11.0121)
(0.000157893 5.74894e-05 11.0564)
(0.000178196 2.41506e-05 11.0757)
(9.54462e-05 6.59897e-05 10.8099)
(0.000127296 3.81371e-05 10.8489)
(0.000144293 1.70888e-05 10.8629)
(6.75459e-05 4.09693e-05 10.5602)
(9.11805e-05 1.84476e-05 10.5992)
(0.000102835 9.90557e-06 10.6103)
(4.40655e-05 1.99228e-05 10.2616)
(5.79362e-05 1.75932e-06 10.3037)
(6.37746e-05 3.57572e-06 10.3138)
(2.58382e-05 3.61781e-06 9.90844)
(3.15331e-05 -1.09798e-05 9.95484)
(3.19159e-05 -1.35631e-06 9.96547)
(1.4359e-05 -7.13094e-06 9.48639)
(1.42176e-05 -1.91774e-05 9.53698)
(1.03009e-05 -4.58109e-06 9.54933)
(8.95937e-06 -1.28183e-05 8.96425)
(5.87946e-06 -2.30295e-05 9.0173)
(-8.33393e-07 -6.05106e-06 9.03211)
(7.50999e-06 -1.48289e-05 8.26931)
(3.99167e-06 -2.33654e-05 8.32254)
(-3.77028e-06 -5.9714e-06 8.34072)
(8.15481e-06 -1.35901e-05 6.91715)
(5.2792e-06 -2.0277e-05 6.98951)
(-2.42424e-06 -4.46243e-06 7.02001)
(0.000139678 0.000110489 11.1664)
(0.000174502 7.398e-05 11.225)
(0.000193727 2.94686e-05 11.2514)
(0.000116183 8.81013e-05 11.0122)
(0.000154433 5.61605e-05 11.0564)
(0.000174373 2.36652e-05 11.0757)
(9.30567e-05 6.43449e-05 10.81)
(0.000124318 3.71324e-05 10.849)
(0.000141018 1.6726e-05 10.863)
(6.56245e-05 3.97388e-05 10.5603)
(8.87736e-05 1.77724e-05 10.5994)
(0.000100222 9.66274e-06 10.6105)
(4.25634e-05 1.90548e-05 10.2618)
(5.60764e-05 1.37446e-06 10.3039)
(6.1797e-05 3.43991e-06 10.314)
(2.47066e-05 3.06204e-06 9.90852)
(3.01546e-05 -1.1119e-05 9.95497)
(3.05014e-05 -1.40214e-06 9.96562)
(1.35274e-05 -7.43487e-06 9.48644)
(1.32299e-05 -1.9122e-05 9.53707)
(9.34447e-06 -4.5561e-06 9.54945)
(8.3764e-06 -1.29165e-05 8.96425)
(5.20629e-06 -2.28234e-05 9.01734)
(-1.42136e-06 -5.97242e-06 9.03218)
(7.12287e-06 -1.47712e-05 8.26929)
(3.5567e-06 -2.30569e-05 8.32254)
(-4.0877e-06 -5.85935e-06 8.34074)
(7.93167e-06 -1.34273e-05 6.91711)
(5.05034e-06 -1.99194e-05 6.98949)
(-2.51589e-06 -4.33791e-06 7.02)
(0.000136598 0.000108098 11.1664)
(0.000170834 7.23757e-05 11.2249)
(0.000189689 2.88871e-05 11.2513)
(0.000113476 8.61059e-05 11.0122)
(0.000151057 5.48642e-05 11.0564)
(0.000170641 2.31912e-05 11.0758)
(9.07277e-05 6.27429e-05 10.8101)
(0.000121414 3.61542e-05 10.8491)
(0.000137823 1.63723e-05 10.8631)
(6.37533e-05 3.85425e-05 10.5604)
(8.6429e-05 1.71168e-05 10.5995)
(9.76748e-05 9.42644e-06 10.6106)
(4.11014e-05 1.82128e-05 10.2619)
(5.42667e-05 1.00305e-06 10.304)
(5.98725e-05 3.30828e-06 10.3141)
(2.36053e-05 2.52441e-06 9.9086)
(2.88141e-05 -1.12507e-05 9.9551)
(2.91266e-05 -1.446e-06 9.96577)
(1.27177e-05 -7.72733e-06 9.48648)
(1.22699e-05 -1.90641e-05 9.53716)
(8.41574e-06 -4.53114e-06 9.54956)
(7.80689e-06 -1.30097e-05 8.96426)
(4.55166e-06 -2.26191e-05 9.01738)
(-1.9923e-06 -5.89545e-06 9.03224)
(6.74344e-06 -1.47135e-05 8.26927)
(3.13298e-06 -2.2754e-05 8.32255)
(-4.39634e-06 -5.75019e-06 8.34076)
(7.71333e-06 -1.32668e-05 6.91706)
(4.82709e-06 -1.95693e-05 6.98946)
(-2.60494e-06 -4.21689e-06 7.01999)
(0.000133593 0.000105765 11.1663)
(0.000167252 7.08104e-05 11.2248)
(0.000185747 2.83209e-05 11.2512)
(0.000110836 8.416e-05 11.0122)
(0.000147761 5.35998e-05 11.0564)
(0.000166998 2.27289e-05 11.0758)
(8.84581e-05 6.11827e-05 10.8102)
(0.000118582 3.5202e-05 10.8492)
(0.000134706 1.60278e-05 10.8632)
(6.19314e-05 3.73796e-05 10.5605)
(8.4145e-05 1.64808e-05 10.5997)
(9.51937e-05 9.19674e-06 10.6108)
(3.96792e-05 1.73965e-05 10.262)
(5.2506e-05 6.45147e-07 10.3042)
(5.80001e-05 3.18092e-06 10.3143)
(2.2534e-05 2.00496e-06 9.90869)
(2.75097e-05 -1.1375e-05 9.95523)
(2.77908e-05 -1.48773e-06 9.96592)
(1.19297e-05 -8.0077e-06 9.48653)
(1.13425e-05 -1.90013e-05 9.53724)
(7.51469e-06 -4.50629e-06 9.54966)
(7.25206e-06 -1.30984e-05 8.96426)
(3.92044e-06 -2.24141e-05 9.01742)
(-2.54631e-06 -5.81872e-06 9.0323)
(6.37244e-06 -1.46559e-05 8.26925)
(2.7188e-06 -2.24563e-05 8.32255)
(-4.69631e-06 -5.64268e-06 8.34078)
(7.49976e-06 -1.31092e-05 6.91702)
(4.60887e-06 -1.9226e-05 6.98944)
(-2.69166e-06 -4.09808e-06 7.01997)
(0.000130659 0.000103487 11.1662)
(0.000163755 6.92825e-05 11.2247)
(0.000181897 2.77688e-05 11.2511)
(0.000108261 8.22623e-05 11.0122)
(0.000144544 5.23665e-05 11.0565)
(0.000163443 2.22777e-05 11.0758)
(8.62461e-05 5.96633e-05 10.8103)
(0.000115821 3.42749e-05 10.8493)
(0.000131667 1.5692e-05 10.8633)
(6.01572e-05 3.62494e-05 10.5606)
(8.19199e-05 1.58635e-05 10.5998)
(9.27763e-05 8.97333e-06 10.6109)
(3.82951e-05 1.66051e-05 10.2621)
(5.07932e-05 3.00362e-07 10.3043)
(5.61784e-05 3.05758e-06 10.3145)
(2.14916e-05 1.50298e-06 9.90876)
(2.62402e-05 -1.14922e-05 9.95535)
(2.6493e-05 -1.5274e-06 9.96607)
(1.11624e-05 -8.27642e-06 9.48657)
(1.04452e-05 -1.89343e-05 9.53732)
(6.64052e-06 -4.48178e-06 9.54977)
(6.71108e-06 -1.31822e-05 8.96427)
(3.31111e-06 -2.22091e-05 9.01745)
(-3.08375e-06 -5.74261e-06 9.03236)
(6.00966e-06 -1.45978e-05 8.26922)
(2.31422e-06 -2.21637e-05 8.32255)
(-4.98762e-06 -5.53717e-06 8.3408)
(7.29067e-06 -1.29541e-05 6.91697)
(4.39627e-06 -1.88893e-05 6.98941)
(-2.77591e-06 -3.98175e-06 7.01996)
(0.000127796 0.000101263 11.1662)
(0.000160341 6.77906e-05 11.2246)
(0.000178137 2.72304e-05 11.251)
(0.000105749 8.04114e-05 11.0123)
(0.000141403 5.11633e-05 11.0565)
(0.000159973 2.18371e-05 11.0758)
(8.40908e-05 5.81833e-05 10.8103)
(0.000113129 3.33725e-05 10.8494)
(0.000128702 1.53649e-05 10.8634)
(5.84299e-05 3.51507e-05 10.5607)
(7.97527e-05 1.52648e-05 10.6)
(9.0421e-05 8.7563e-06 10.6111)
(3.69487e-05 1.58379e-05 10.2622)
(4.91278e-05 -3.13066e-08 10.3045)
(5.44061e-05 2.93843e-06 10.3146)
(2.04778e-05 1.01785e-06 9.90884)
(2.50072e-05 -1.16015e-05 9.95547)
(2.52318e-05 -1.5647e-06 9.96621)
(1.04158e-05 -8.53451e-06 9.48661)
(9.57163e-06 -1.8865e-05 9.5374)
(5.79344e-06 -4.45642e-06 9.54987)
(6.18351e-06 -1.32603e-05 8.96427)
(2.71709e-06 -2.2006e-05 9.01749)
(-3.60377e-06 -5.66803e-06 9.03241)
(5.65468e-06 -1.45385e-05 8.26919)
(1.9206e-06 -2.18753e-05 8.32255)
(-5.27058e-06 -5.43434e-06 8.34082)
(7.0854e-06 -1.28008e-05 6.91692)
(4.1891e-06 -1.85587e-05 6.98938)
(-2.85765e-06 -3.86864e-06 7.01994)
(0.000125003 9.90894e-05 11.1661)
(0.00015701 6.63336e-05 11.2245)
(0.000174466 2.6706e-05 11.2508)
(0.000103299 7.86059e-05 11.0123)
(0.000138337 4.99892e-05 11.0565)
(0.000156585 2.14072e-05 11.0758)
(8.19904e-05 5.67419e-05 10.8104)
(0.000110504 3.2494e-05 10.8495)
(0.00012581 1.50462e-05 10.8635)
(5.67479e-05 3.40828e-05 10.5609)
(7.76416e-05 1.4684e-05 10.6001)
(8.8126e-05 8.54541e-06 10.6112)
(3.56386e-05 1.50943e-05 10.2623)
(4.75076e-05 -3.50386e-07 10.3046)
(5.26818e-05 2.82334e-06 10.3148)
(1.94912e-05 5.49225e-07 9.90892)
(2.38094e-05 -1.17031e-05 9.95559)
(2.4005e-05 -1.60011e-06 9.96635)
(9.69105e-06 -8.78078e-06 9.48665)
(8.72078e-06 -1.87931e-05 9.53748)
(4.97674e-06 -4.42939e-06 9.54997)
(5.6703e-06 -1.33308e-05 8.96427)
(2.13789e-06 -2.18052e-05 9.01752)
(-4.10246e-06 -5.59554e-06 9.03246)
(5.30662e-06 -1.44775e-05 8.26917)
(1.53811e-06 -2.15909e-05 8.32255)
(-5.54659e-06 -5.33504e-06 8.34083)
(6.88328e-06 -1.26484e-05 6.91687)
(3.98686e-06 -1.82343e-05 6.98935)
(-2.93693e-06 -3.7595e-06 7.01992)
(0.000122276 9.69675e-05 11.1661)
(0.000153759 6.49109e-05 11.2244)
(0.000170881 2.6194e-05 11.2507)
(0.00010091 7.68449e-05 11.0123)
(0.000135344 4.88439e-05 11.0565)
(0.000153278 2.09874e-05 11.0758)
(7.99435e-05 5.53383e-05 10.8105)
(0.000107945 3.16391e-05 10.8496)
(0.000122989 1.47355e-05 10.8636)
(5.51104e-05 3.30452e-05 10.561)
(7.5586e-05 1.41211e-05 10.6002)
(8.58901e-05 8.34038e-06 10.6114)
(3.43643e-05 1.4374e-05 10.2624)
(4.59317e-05 -6.57051e-07 10.3047)
(5.1005e-05 2.7122e-06 10.315)
(1.85305e-05 9.6576e-08 9.90899)
(2.26465e-05 -1.17971e-05 9.95571)
(2.28123e-05 -1.63384e-06 9.96649)
(8.98999e-06 -9.01424e-06 9.48669)
(7.89316e-06 -1.87187e-05 9.53756)
(4.18726e-06 -4.40111e-06 9.55007)
(5.1733e-06 -1.33922e-05 8.96427)
(1.57322e-06 -2.16055e-05 9.01755)
(-4.58258e-06 -5.52472e-06 9.03251)
(4.96466e-06 -1.44149e-05 8.26914)
(1.1658e-06 -2.13096e-05 8.32254)
(-5.81527e-06 -5.23851e-06 8.34084)
(6.68411e-06 -1.24966e-05 6.91682)
(3.78854e-06 -1.79154e-05 6.98932)
(-3.01321e-06 -3.65365e-06 7.0199)
(0.000119615 9.48964e-05 11.166)
(0.000150584 6.35217e-05 11.2243)
(0.00016738 2.56929e-05 11.2506)
(9.8578e-05 7.51275e-05 11.0123)
(0.000132424 4.77269e-05 11.0565)
(0.000150049 2.05774e-05 11.0758)
(7.79477e-05 5.39719e-05 10.8106)
(0.00010545 3.08067e-05 10.8497)
(0.000120237 1.44321e-05 10.8637)
(5.35153e-05 3.20372e-05 10.5611)
(7.35841e-05 1.35754e-05 10.6004)
(8.37118e-05 8.14064e-06 10.6115)
(3.31242e-05 1.36765e-05 10.2625)
(4.43983e-05 -9.5198e-07 10.3049)
(4.93741e-05 2.60442e-06 10.3151)
(1.75949e-05 -3.40071e-07 9.90907)
(2.15164e-05 -1.18841e-05 9.95582)
(2.16545e-05 -1.66624e-06 9.96663)
(8.30784e-06 -9.23714e-06 9.48672)
(7.0876e-06 -1.86425e-05 9.53763)
(3.41888e-06 -4.3734e-06 9.55017)
(4.68888e-06 -1.34471e-05 8.96427)
(1.02241e-06 -2.14065e-05 9.01758)
(-5.05016e-06 -5.45554e-06 9.03256)
(4.62933e-06 -1.43505e-05 8.26911)
(8.03119e-07 -2.10312e-05 8.32254)
(-6.07519e-06 -5.14424e-06 8.34085)
(6.4883e-06 -1.23451e-05 6.91677)
(3.59415e-06 -1.76014e-05 6.98929)
(-3.08659e-06 -3.55071e-06 7.01988)
(0.000117014 9.28769e-05 11.166)
(0.000147481 6.21656e-05 11.2243)
(0.000163961 2.52003e-05 11.2505)
(9.63033e-05 7.34533e-05 11.0123)
(0.000129577 4.66381e-05 11.0566)
(0.000146898 2.01766e-05 11.0758)
(7.60017e-05 5.26421e-05 10.8106)
(0.000103016 2.99969e-05 10.8498)
(0.000117553 1.41355e-05 10.8638)
(5.1962e-05 3.10585e-05 10.5612)
(7.16351e-05 1.30468e-05 10.6005)
(8.15898e-05 7.94596e-06 10.6117)
(3.19176e-05 1.30012e-05 10.2626)
(4.29068e-05 -1.23509e-06 10.305)
(4.77878e-05 2.49988e-06 10.3153)
(1.66853e-05 -7.60441e-07 9.90914)
(2.04187e-05 -1.19637e-05 9.95594)
(2.0531e-05 -1.6971e-06 9.96676)
(7.64162e-06 -9.45132e-06 9.48676)
(6.30424e-06 -1.85639e-05 9.53771)
(2.67164e-06 -4.34613e-06 9.55026)
(4.21469e-06 -1.34982e-05 8.96427)
(4.85805e-07 -2.12086e-05 9.01761)
(-5.50525e-06 -5.38773e-06 9.03261)
(4.30177e-06 -1.42842e-05 8.26908)
(4.49717e-07 -2.07562e-05 8.32253)
(-6.32651e-06 -5.05209e-06 8.34086)
(6.29584e-06 -1.21948e-05 6.91672)
(3.40351e-06 -1.72925e-05 6.98926)
(-3.15779e-06 -3.4505e-06 7.01986)
(0.000114473 9.09075e-05 11.1659)
(0.000144448 6.08418e-05 11.2242)
(0.000160619 2.47168e-05 11.2504)
(9.40836e-05 7.18213e-05 11.0124)
(0.000126801 4.55768e-05 11.0566)
(0.000143821 1.97846e-05 11.0758)
(7.41042e-05 5.13479e-05 10.8107)
(0.000100644 2.92089e-05 10.8499)
(0.000114935 1.38457e-05 10.8639)
(5.0449e-05 3.01082e-05 10.5613)
(6.97374e-05 1.25348e-05 10.6006)
(7.95228e-05 7.75621e-06 10.6118)
(3.07429e-05 1.23475e-05 10.2627)
(4.14559e-05 -1.50693e-06 10.3052)
(4.62447e-05 2.39835e-06 10.3154)
(1.58005e-05 -1.16513e-06 9.90921)
(1.9352e-05 -1.20367e-05 9.95605)
(1.94407e-05 -1.72658e-06 9.96689)
(6.99099e-06 -9.6567e-06 9.48679)
(5.54226e-06 -1.8483e-05 9.53778)
(1.94548e-06 -4.31947e-06 9.55036)
(3.75034e-06 -1.35453e-05 8.96426)
(-3.68372e-08 -2.10118e-05 9.01764)
(-5.94782e-06 -5.3215e-06 9.03266)
(3.98154e-06 -1.4216e-05 8.26905)
(1.05369e-07 -2.04846e-05 8.32253)
(-6.56963e-06 -4.96232e-06 8.34087)
(6.10626e-06 -1.20456e-05 6.91667)
(3.21676e-06 -1.69887e-05 6.98922)
(-3.22709e-06 -3.35328e-06 7.01983)
(0.000111992 8.89852e-05 11.1659)
(0.000141484 5.95489e-05 11.2241)
(0.000157356 2.42437e-05 11.2503)
(9.19183e-05 7.02301e-05 11.0124)
(0.000124092 4.45416e-05 11.0566)
(0.000140817 1.94015e-05 11.0758)
(7.22548e-05 5.00882e-05 10.8108)
(9.83297e-05 2.84422e-05 10.8499)
(0.000112381 1.35629e-05 10.864)
(4.8976e-05 2.91855e-05 10.5614)
(6.78893e-05 1.20388e-05 10.6008)
(7.75094e-05 7.57144e-06 10.6119)
(2.96e-05 1.17146e-05 10.2628)
(4.00447e-05 -1.76774e-06 10.3053)
(4.47438e-05 2.29991e-06 10.3156)
(1.49403e-05 -1.55475e-06 9.90928)
(1.83158e-05 -1.21032e-05 9.95616)
(1.83824e-05 -1.75456e-06 9.96702)
(6.35659e-06 -9.85328e-06 9.48682)
(4.80168e-06 -1.83998e-05 9.53785)
(1.24025e-06 -4.29311e-06 9.55045)
(3.29642e-06 -1.35884e-05 8.96426)
(-5.45641e-07 -2.08162e-05 9.01767)
(-6.3779e-06 -5.2566e-06 9.0327)
(3.66837e-06 -1.41463e-05 8.26902)
(-2.30406e-07 -2.02163e-05 8.32252)
(-6.80511e-06 -4.87467e-06 8.34088)
(5.91941e-06 -1.1898e-05 6.91662)
(3.03357e-06 -1.66899e-05 6.98919)
(-3.29472e-06 -3.25874e-06 7.01981)
(0.00010957 8.71083e-05 11.1658)
(0.00013859 5.82864e-05 11.224)
(0.000154168 2.37817e-05 11.2502)
(8.98061e-05 6.86787e-05 11.0124)
(0.000121447 4.35319e-05 11.0566)
(0.000137884 1.90271e-05 11.0758)
(7.04525e-05 4.8862e-05 10.8109)
(9.60735e-05 2.7696e-05 10.85)
(0.00010989 1.3287e-05 10.8641)
(4.75419e-05 2.82895e-05 10.5615)
(6.60892e-05 1.15582e-05 10.6009)
(7.55482e-05 7.39157e-06 10.6121)
(2.84878e-05 1.11019e-05 10.2629)
(3.8672e-05 -2.01805e-06 10.3054)
(4.32841e-05 2.20447e-06 10.3157)
(1.41037e-05 -1.92997e-06 9.90935)
(1.73088e-05 -1.21636e-05 9.95627)
(1.73553e-05 -1.78121e-06 9.96715)
(5.738e-06 -1.00413e-05 9.48686)
(4.08164e-06 -1.83147e-05 9.53792)
(5.55681e-07 -4.2672e-06 9.55053)
(2.85256e-06 -1.36275e-05 8.96425)
(-1.04096e-06 -2.06218e-05 9.01769)
(-6.79562e-06 -5.19324e-06 9.03274)
(3.3619e-06 -1.40752e-05 8.26898)
(-5.57715e-07 -1.99516e-05 8.32251)
(-7.03324e-06 -4.78937e-06 8.34088)
(5.7353e-06 -1.17517e-05 6.91657)
(2.85417e-06 -1.63961e-05 6.98915)
(-3.36058e-06 -3.16704e-06 7.01978)
(0.000107207 8.52747e-05 11.1658)
(0.000135765 5.70532e-05 11.2239)
(0.000151054 2.33317e-05 11.2501)
(8.77462e-05 6.71656e-05 11.0124)
(0.000118863 4.25467e-05 11.0566)
(0.00013502 1.86616e-05 11.0759)
(6.86967e-05 4.76682e-05 10.8109)
(9.38732e-05 2.69698e-05 10.8501)
(0.00010746 1.30181e-05 10.8642)
(4.61463e-05 2.74195e-05 10.5615)
(6.43359e-05 1.10925e-05 10.601)
(7.36381e-05 7.21659e-06 10.6122)
(2.74064e-05 1.05089e-05 10.2629)
(3.73368e-05 -2.25819e-06 10.3055)
(4.18646e-05 2.11201e-06 10.3159)
(1.32905e-05 -2.29131e-06 9.90941)
(1.63307e-05 -1.22181e-05 9.95637)
(1.63586e-05 -1.80652e-06 9.96728)
(5.13569e-06 -1.0221e-05 9.48689)
(3.38218e-06 -1.82276e-05 9.53798)
(-1.08495e-07 -4.24155e-06 9.55062)
(2.41931e-06 -1.36628e-05 8.96425)
(-1.52285e-06 -2.04288e-05 9.01771)
(-7.20106e-06 -5.13126e-06 9.03278)
(3.06207e-06 -1.40032e-05 8.26895)
(-8.76875e-07 -1.96904e-05 8.32249)
(-7.25439e-06 -4.70623e-06 8.34088)
(5.55397e-06 -1.16072e-05 6.91651)
(2.6783e-06 -1.61072e-05 6.98911)
(-3.42479e-06 -3.07795e-06 7.01975)
(0.0001049 8.34844e-05 11.1658)
(0.000133007 5.58488e-05 11.2239)
(0.000148013 2.28923e-05 11.25)
(8.5737e-05 6.56903e-05 11.0125)
(0.000116341 4.15855e-05 11.0567)
(0.000132224 1.83047e-05 11.0759)
(6.69857e-05 4.65061e-05 10.811)
(9.17275e-05 2.62631e-05 10.8502)
(0.00010509 1.27558e-05 10.8643)
(4.47879e-05 2.65749e-05 10.5616)
(6.26283e-05 1.06413e-05 10.6011)
(7.17778e-05 7.04624e-06 10.6124)
(2.63544e-05 9.9351e-06 10.263)
(3.60383e-05 -2.48862e-06 10.3057)
(4.04846e-05 2.0223e-06 10.316)
(1.24997e-05 -2.63917e-06 9.90948)
(1.53803e-05 -1.22673e-05 9.95648)
(1.53913e-05 -1.83074e-06 9.9674)
(4.54895e-06 -1.03924e-05 9.48692)
(2.70252e-06 -1.81391e-05 9.53805)
(-7.52661e-07 -4.21644e-06 9.55071)
(1.9961e-06 -1.36942e-05 8.96424)
(-1.9916e-06 -2.02374e-05 9.01774)
(-7.59441e-06 -5.07094e-06 9.03282)
(2.76869e-06 -1.39302e-05 8.26891)
(-1.1879e-06 -1.94329e-05 8.32248)
(-7.46877e-06 -4.62552e-06 8.34088)
(5.37558e-06 -1.14639e-05 6.91646)
(2.50615e-06 -1.58234e-05 6.98907)
(-3.48726e-06 -2.99169e-06 7.01973)
(0.000102649 8.1737e-05 11.1657)
(0.000130313 5.46728e-05 11.2238)
(0.000145042 2.24631e-05 11.2499)
(8.37776e-05 6.42521e-05 11.0125)
(0.000113879 4.06483e-05 11.0567)
(0.000129495 1.7956e-05 11.0759)
(6.53189e-05 4.53754e-05 10.8111)
(8.96354e-05 2.55756e-05 10.8503)
(0.000102779 1.24999e-05 10.8644)
(4.34662e-05 2.57552e-05 10.5617)
(6.09656e-05 1.02044e-05 10.6013)
(6.99663e-05 6.88045e-06 10.6125)
(2.53318e-05 9.38014e-06 10.2631)
(3.47758e-05 -2.70937e-06 10.3058)
(3.91431e-05 1.93534e-06 10.3161)
(1.17312e-05 -2.97381e-06 9.90954)
(1.44575e-05 -1.23111e-05 9.95658)
(1.4453e-05 -1.85383e-06 9.96752)
(3.978e-06 -1.05558e-05 9.48695)
(2.04272e-06 -1.80488e-05 9.53811)
(-1.37709e-06 -4.19167e-06 9.55079)
(1.58325e-06 -1.37218e-05 8.96423)
(-2.4473e-06 -2.00474e-05 9.01776)
(-7.97579e-06 -5.0121e-06 9.03286)
(2.48157e-06 -1.38564e-05 8.26888)
(-1.49107e-06 -1.91791e-05 8.32247)
(-7.67663e-06 -4.54703e-06 8.34088)
(5.19989e-06 -1.13223e-05 6.9164)
(2.33747e-06 -1.55445e-05 6.98904)
(-3.54807e-06 -2.90805e-06 7.0197)
(0.000100451 8.00315e-05 11.1657)
(0.000127682 5.35245e-05 11.2237)
(0.000142139 2.20436e-05 11.2498)
(8.18665e-05 6.28502e-05 11.0125)
(0.000111476 3.97343e-05 11.0567)
(0.00012683 1.76154e-05 11.0759)
(6.36947e-05 4.42751e-05 10.8112)
(8.75953e-05 2.49067e-05 10.8504)
(0.000100524 1.22502e-05 10.8645)
(4.21798e-05 2.49597e-05 10.5618)
(5.93465e-05 9.78119e-06 10.6014)
(6.82023e-05 6.71903e-06 10.6126)
(2.43374e-05 8.84341e-06 10.2632)
(3.35482e-05 -2.92099e-06 10.3059)
(3.78393e-05 1.85093e-06 10.3163)
(1.09841e-05 -3.29578e-06 9.90961)
(1.35613e-05 -1.235e-05 9.95668)
(1.35427e-05 -1.876e-06 9.96764)
(3.42218e-06 -1.07114e-05 9.48697)
(1.40196e-06 -1.79574e-05 9.53818)
(-1.98225e-06 -4.16749e-06 9.55087)
(1.18028e-06 -1.37459e-05 8.96422)
(-2.89026e-06 -1.98593e-05 9.01778)
(-8.34542e-06 -4.95498e-06 9.0329)
(2.20057e-06 -1.37819e-05 8.26884)
(-1.78636e-06 -1.89292e-05 8.32245)
(-7.87809e-06 -4.47105e-06 8.34088)
(5.02702e-06 -1.11821e-05 6.91635)
(2.17251e-06 -1.52707e-05 6.989)
(-3.60716e-06 -2.82728e-06 7.01966)
(9.83051e-05 7.83669e-05 11.1656)
(0.000125112 5.24033e-05 11.2237)
(0.000139304 2.16337e-05 11.2498)
(8.00029e-05 6.14837e-05 11.0125)
(0.00010913 3.88431e-05 11.0567)
(0.000124228 1.72827e-05 11.0759)
(6.21125e-05 4.32046e-05 10.8112)
(8.56061e-05 2.42561e-05 10.8505)
(9.83252e-05 1.20068e-05 10.8646)
(4.09284e-05 2.41878e-05 10.5619)
(5.77703e-05 9.37156e-06 10.6015)
(6.64847e-05 6.56198e-06 10.6127)
(2.3371e-05 8.3244e-06 10.2633)
(3.23551e-05 -3.12358e-06 10.306)
(3.65722e-05 1.76916e-06 10.3164)
(1.02584e-05 -3.60548e-06 9.90967)
(1.26914e-05 -1.2384e-05 9.95678)
(1.266e-05 -1.89709e-06 9.96776)
(2.88179e-06 -1.08596e-05 9.487)
(7.803e-07 -1.78646e-05 9.53824)
(-2.56846e-06 -4.14363e-06 9.55095)
(7.87628e-07 -1.37665e-05 8.96422)
(-3.32058e-06 -1.96729e-05 9.01779)
(-8.70345e-06 -4.8993e-06 9.03293)
(1.92583e-06 -1.37071e-05 8.26881)
(-2.07401e-06 -1.86831e-05 8.32244)
(-8.07335e-06 -4.39726e-06 8.34088)
(4.85707e-06 -1.10438e-05 6.91629)
(2.01101e-06 -1.50019e-05 6.98895)
(-3.66462e-06 -2.7491e-06 7.01963)
(9.62107e-05 7.67425e-05 11.1656)
(0.000122601 5.13089e-05 11.2236)
(0.000136533 2.12331e-05 11.2497)
(7.81856e-05 6.01519e-05 11.0126)
(0.00010684 3.79743e-05 11.0568)
(0.000121687 1.6958e-05 11.0759)
(6.05712e-05 4.21632e-05 10.8113)
(8.36668e-05 2.36234e-05 10.8506)
(9.61807e-05 1.17694e-05 10.8646)
(3.9711e-05 2.3439e-05 10.562)
(5.62357e-05 8.97514e-06 10.6016)
(6.48124e-05 6.40924e-06 10.6129)
(2.24318e-05 7.82265e-06 10.2634)
(3.11954e-05 -3.31743e-06 10.3062)
(3.5341e-05 1.68999e-06 10.3166)
(9.55337e-06 -3.90329e-06 9.90973)
(1.1847e-05 -1.24133e-05 9.95688)
(1.1804e-05 -1.91712e-06 9.96788)
(2.35614e-06 -1.10006e-05 9.48703)
(1.76938e-07 -1.77709e-05 9.5383)
(-3.13622e-06 -4.12012e-06 9.55103)
(4.04745e-07 -1.3784e-05 8.96421)
(-3.73862e-06 -1.94883e-05 9.01781)
(-9.05017e-06 -4.8451e-06 9.03297)
(1.65715e-06 -1.36319e-05 8.26877)
(-2.35409e-06 -1.8441e-05 8.32242)
(-8.26255e-06 -4.32573e-06 8.34088)
(4.69e-06 -1.09071e-05 6.91623)
(1.85314e-06 -1.47381e-05 6.98891)
(-3.72042e-06 -2.67357e-06 7.0196)
(9.41664e-05 7.51575e-05 11.1656)
(0.000120149 5.02406e-05 11.2235)
(0.000133827 2.08418e-05 11.2496)
(7.64136e-05 5.88541e-05 11.0126)
(0.000104606 3.71275e-05 11.0568)
(0.000119207 1.6641e-05 11.0759)
(5.90701e-05 4.11503e-05 10.8114)
(8.17761e-05 2.30083e-05 10.8506)
(9.40893e-05 1.1538e-05 10.8647)
(3.85271e-05 2.27126e-05 10.5621)
(5.47422e-05 8.59172e-06 10.6017)
(6.31842e-05 6.26086e-06 10.613)
(2.15195e-05 7.33778e-06 10.2635)
(3.00686e-05 -3.50264e-06 10.3063)
(3.41447e-05 1.61354e-06 10.3167)
(8.86898e-06 -4.18947e-06 9.90979)
(1.10284e-05 -1.24379e-05 9.95698)
(1.09742e-05 -1.93593e-06 9.96799)
(1.84559e-06 -1.11347e-05 9.48705)
(-4.07735e-07 -1.76758e-05 9.53835)
(-3.68582e-06 -4.09658e-06 9.55111)
(3.20449e-08 -1.37984e-05 8.96419)
(-4.14454e-06 -1.93056e-05 9.01783)
(-9.38572e-06 -4.79196e-06 9.033)
(1.39468e-06 -1.35566e-05 8.26873)
(-2.62687e-06 -1.82027e-05 8.3224)
(-8.44585e-06 -4.25602e-06 8.34087)
(4.52591e-06 -1.07723e-05 6.91618)
(1.69861e-06 -1.44793e-05 6.98887)
(-3.77468e-06 -2.60027e-06 7.01956)
(9.2171e-05 7.36109e-05 11.1655)
(0.000117754 4.91977e-05 11.2235)
(0.000131183 2.04596e-05 11.2495)
(7.46858e-05 5.75894e-05 11.0126)
(0.000102425 3.63021e-05 11.0568)
(0.000116785 1.63316e-05 11.076)
(5.7608e-05 4.0165e-05 10.8114)
(7.99328e-05 2.24103e-05 10.8507)
(9.20496e-05 1.13126e-05 10.8648)
(3.73756e-05 2.20081e-05 10.5622)
(5.32883e-05 8.22079e-06 10.6018)
(6.1599e-05 6.11667e-06 10.6131)
(2.06332e-05 6.86918e-06 10.2636)
(2.89735e-05 -3.67973e-06 10.3064)
(3.29826e-05 1.53964e-06 10.3168)
(8.20519e-06 -4.46399e-06 9.90985)
(1.02355e-05 -1.24577e-05 9.95707)
(1.01699e-05 -1.95371e-06 9.9681)
(1.35014e-06 -1.12619e-05 9.48708)
(-9.73564e-07 -1.75794e-05 9.53841)
(-4.21769e-06 -4.07295e-06 9.55118)
(-3.30991e-07 -1.38102e-05 8.96418)
(-4.53894e-06 -1.91248e-05 9.01784)
(-9.71035e-06 -4.73985e-06 9.03303)
(1.13829e-06 -1.34814e-05 8.26869)
(-2.89254e-06 -1.79684e-05 8.32239)
(-8.62335e-06 -4.18811e-06 8.34087)
(4.36487e-06 -1.06395e-05 6.91612)
(1.54755e-06 -1.42255e-05 6.98883)
(-3.82738e-06 -2.52913e-06 7.01953)
(9.02235e-05 7.2102e-05 11.1655)
(0.000115415 4.81799e-05 11.2234)
(0.0001286 2.00864e-05 11.2494)
(7.30015e-05 5.6357e-05 11.0126)
(0.000100296 3.54978e-05 11.0568)
(0.000114421 1.60298e-05 11.076)
(5.61844e-05 3.92067e-05 10.8115)
(7.81362e-05 2.18292e-05 10.8508)
(9.00606e-05 1.10931e-05 10.8649)
(3.62562e-05 2.13247e-05 10.5623)
(5.18737e-05 7.86221e-06 10.602)
(6.0056e-05 5.97676e-06 10.6132)
(1.97726e-05 6.41626e-06 10.2636)
(2.79097e-05 -3.84881e-06 10.3065)
(3.18539e-05 1.46844e-06 10.3169)
(7.56286e-06 -4.72676e-06 9.90991)
(9.46832e-06 -1.24729e-05 9.95717)
(9.39076e-06 -1.97033e-06 9.96821)
(8.70712e-07 -1.13819e-05 9.4871)
(-1.52049e-06 -1.74813e-05 9.53847)
(-4.73217e-06 -4.04893e-06 9.55125)
(-6.84285e-07 -1.38195e-05 8.96417)
(-4.92203e-06 -1.89459e-05 9.01786)
(-1.00243e-05 -4.68845e-06 9.03306)
(8.87967e-07 -1.34065e-05 8.26865)
(-3.15131e-06 -1.77379e-05 8.32237)
(-8.79526e-06 -4.12163e-06 8.34086)
(4.2069e-06 -1.05088e-05 6.91606)
(1.39965e-06 -1.39763e-05 6.98878)
(-3.87864e-06 -2.45976e-06 7.01949)
(8.83228e-05 7.06301e-05 11.1655)
(0.00011313 4.71866e-05 11.2234)
(0.000126077 1.9722e-05 11.2493)
(7.13596e-05 5.51561e-05 11.0127)
(9.82193e-05 3.47139e-05 11.0568)
(0.000112113 1.57356e-05 11.076)
(5.47982e-05 3.82748e-05 10.8116)
(7.63849e-05 2.12644e-05 10.8509)
(8.8121e-05 1.08794e-05 10.865)
(3.51679e-05 2.0662e-05 10.5624)
(5.04973e-05 7.51562e-06 10.6021)
(5.8554e-05 5.84106e-06 10.6134)
(1.89366e-05 5.97841e-06 10.2637)
(2.68761e-05 -4.01019e-06 10.3066)
(3.07576e-05 1.39992e-06 10.3171)
(6.94043e-06 -4.97876e-06 9.90997)
(8.72451e-06 -1.24843e-05 9.95726)
(8.63584e-06 -1.98578e-06 9.96832)
(4.05938e-07 -1.14952e-05 9.48712)
(-2.05052e-06 -1.73824e-05 9.53852)
(-5.22982e-06 -4.0249e-06 9.55133)
(-1.02844e-06 -1.38264e-05 8.96416)
(-5.29395e-06 -1.87691e-05 9.01787)
(-1.03278e-05 -4.6381e-06 9.03309)
(6.43595e-07 -1.33318e-05 8.26861)
(-3.40296e-06 -1.75112e-05 8.32234)
(-8.96165e-06 -4.05684e-06 8.34085)
(4.05199e-06 -1.03801e-05 6.916)
(1.25518e-06 -1.37321e-05 6.98874)
(-3.9284e-06 -2.39242e-06 7.01945)
(8.64679e-05 6.91945e-05 11.1654)
(0.000110898 4.62173e-05 11.2233)
(0.000123612 1.93664e-05 11.2493)
(6.97594e-05 5.39858e-05 11.0127)
(9.61923e-05 3.39501e-05 11.0569)
(0.000109859 1.54488e-05 11.076)
(5.34492e-05 3.73686e-05 10.8116)
(7.46781e-05 2.07157e-05 10.851)
(8.62297e-05 1.06715e-05 10.8651)
(3.41104e-05 2.00195e-05 10.5625)
(4.91585e-05 7.18088e-06 10.6022)
(5.70921e-05 5.70961e-06 10.6135)
(1.81253e-05 5.55547e-06 10.2638)
(2.58725e-05 -4.16379e-06 10.3068)
(2.96931e-05 1.33417e-06 10.3172)
(6.33663e-06 -5.22095e-06 9.91003)
(8.00308e-06 -1.2492e-05 9.95735)
(7.90462e-06 -1.99991e-06 9.96843)
(-4.50945e-08 -1.16028e-05 9.48715)
(-2.56438e-06 -1.72831e-05 9.53858)
(-5.71095e-06 -4.00085e-06 9.5514)
(-1.36297e-06 -1.38311e-05 8.96414)
(-5.65461e-06 -1.85943e-05 9.01788)
(-1.06212e-05 -4.5887e-06 9.03311)
(4.05439e-07 -1.32575e-05 8.26857)
(-3.6476e-06 -1.72885e-05 8.32232)
(-9.12269e-06 -3.99363e-06 8.34084)
(3.90026e-06 -1.02538e-05 6.91594)
(1.11398e-06 -1.34929e-05 6.98869)
(-3.97675e-06 -2.32697e-06 7.01942)
(8.46589e-05 6.7795e-05 11.1654)
(0.000108718 4.52721e-05 11.2232)
(0.000121204 1.90193e-05 11.2492)
(6.8199e-05 5.28452e-05 11.0127)
(9.42143e-05 3.32057e-05 11.0569)
(0.000107659 1.51692e-05 11.076)
(5.21366e-05 3.64879e-05 10.8117)
(7.30147e-05 2.01829e-05 10.8511)
(8.43857e-05 1.04692e-05 10.8651)
(3.30828e-05 1.93967e-05 10.5625)
(4.78561e-05 6.85767e-06 10.6023)
(5.56694e-05 5.58221e-06 10.6136)
(1.73381e-05 5.14723e-06 10.2639)
(2.48983e-05 -4.30982e-06 10.3069)
(2.86597e-05 1.27101e-06 10.3173)
(5.75044e-06 -5.45378e-06 9.91008)
(7.30307e-06 -1.24962e-05 9.95744)
(7.19681e-06 -2.01277e-06 9.96854)
(-4.83341e-07 -1.17052e-05 9.48717)
(-3.0628e-06 -1.71837e-05 9.53863)
(-6.17572e-06 -3.97699e-06 9.55147)
(-1.68821e-06 -1.38336e-05 8.96413)
(-6.00421e-06 -1.84219e-05 9.01789)
(-1.09045e-05 -4.54046e-06 9.03314)
(1.73352e-07 -1.31835e-05 8.26853)
(-3.88529e-06 -1.70699e-05 8.3223)
(-9.27847e-06 -3.9322e-06 8.34083)
(3.75171e-06 -1.01296e-05 6.91588)
(9.76184e-07 -1.32588e-05 6.98864)
(-4.02366e-06 -2.26361e-06 7.01938)
(8.28966e-05 6.64315e-05 11.1654)
(0.000106589 4.43515e-05 11.2232)
(0.000118853 1.86807e-05 11.2491)
(6.66764e-05 5.17339e-05 11.0127)
(9.22843e-05 3.24809e-05 11.0569)
(0.000105511 1.48968e-05 11.076)
(5.08588e-05 3.56317e-05 10.8118)
(7.13936e-05 1.96658e-05 10.8511)
(8.2588e-05 1.02725e-05 10.8652)
(3.20843e-05 1.87932e-05 10.5626)
(4.65895e-05 6.54595e-06 10.6024)
(5.42851e-05 5.45884e-06 10.6137)
(1.65746e-05 4.75338e-06 10.264)
(2.39529e-05 -4.44822e-06 10.307)
(2.76566e-05 1.21045e-06 10.3175)
(5.18188e-06 -5.67741e-06 9.91014)
(6.62468e-06 -1.24966e-05 9.95753)
(6.51276e-06 -2.02414e-06 9.96864)
(-9.08557e-07 -1.18023e-05 9.48719)
(-3.54546e-06 -1.7084e-05 9.53868)
(-6.62367e-06 -3.95319e-06 9.55153)
(-2.00383e-06 -1.38339e-05 8.96412)
(-6.34275e-06 -1.82515e-05 9.0179)
(-1.11782e-05 -4.49327e-06 9.03316)
(-5.26642e-08 -1.31101e-05 8.26849)
(-4.11628e-06 -1.68553e-05 8.32228)
(-9.42922e-06 -3.8724e-06 8.34082)
(3.60634e-06 -1.00078e-05 6.91582)
(8.41557e-07 -1.30297e-05 6.9886)
(-4.06925e-06 -2.20217e-06 7.01934)
(8.11778e-05 6.5102e-05 11.1653)
(0.000104509 4.34537e-05 11.2231)
(0.000116556 1.83501e-05 11.249)
(6.5192e-05 5.06512e-05 11.0128)
(9.04013e-05 3.17752e-05 11.0569)
(0.000103414 1.46313e-05 11.076)
(4.96151e-05 3.47996e-05 10.8118)
(6.9814e-05 1.91639e-05 10.8512)
(8.08354e-05 1.00812e-05 10.8653)
(3.11142e-05 1.82085e-05 10.5627)
(4.53576e-05 6.24527e-06 10.6025)
(5.29382e-05 5.3393e-06 10.6138)
(1.58343e-05 4.3736e-06 10.264)
(2.30358e-05 -4.57938e-06 10.3071)
(2.6683e-05 1.15228e-06 10.3176)
(4.63061e-06 -5.89191e-06 9.91019)
(5.96723e-06 -1.24933e-05 9.95761)
(5.8521e-06 -2.0341e-06 9.96875)
(-1.32113e-06 -1.18942e-05 9.48721)
(-4.01286e-06 -1.69844e-05 9.53873)
(-7.05496e-06 -3.92963e-06 9.5516)
(-2.31032e-06 -1.38321e-05 8.9641)
(-6.67055e-06 -1.80835e-05 9.01791)
(-1.14424e-05 -4.4473e-06 9.03319)
(-2.72871e-07 -1.30372e-05 8.26845)
(-4.34066e-06 -1.66448e-05 8.32225)
(-9.57503e-06 -3.81441e-06 8.34081)
(3.46408e-06 -9.88826e-06 6.91576)
(7.10216e-07 -1.28057e-05 6.98855)
(-4.1135e-06 -2.1428e-06 7.0193)
(7.9501e-05 6.38051e-05 11.1653)
(0.000102478 4.2578e-05 11.2231)
(0.000114313 1.80273e-05 11.249)
(6.37455e-05 4.95967e-05 11.0128)
(8.85644e-05 3.1088e-05 11.057)
(0.000101368 1.43723e-05 11.076)
(4.84051e-05 3.39911e-05 10.8119)
(6.82753e-05 1.86768e-05 10.8513)
(7.91272e-05 9.89502e-06 10.8654)
(3.01721e-05 1.76422e-05 10.5628)
(4.41601e-05 5.95544e-06 10.6026)
(5.16283e-05 5.22351e-06 10.6139)
(1.5117e-05 4.00763e-06 10.2641)
(2.21464e-05 -4.70342e-06 10.3072)
(2.57383e-05 1.09647e-06 10.3177)
(4.09672e-06 -6.09733e-06 9.91025)
(5.3307e-06 -1.24864e-05 9.9577)
(5.2135e-06 -2.04275e-06 9.96885)
(-1.72085e-06 -1.1981e-05 9.48723)
(-4.46506e-06 -1.68843e-05 9.53878)
(-7.47071e-06 -3.90606e-06 9.55167)
(-2.60757e-06 -1.38282e-05 8.96409)
(-6.98788e-06 -1.79173e-05 9.01792)
(-1.16975e-05 -4.40218e-06 9.03321)
(-4.87333e-07 -1.2965e-05 8.26841)
(-4.55876e-06 -1.64381e-05 8.32223)
(-9.71595e-06 -3.75785e-06 8.34079)
(3.32487e-06 -9.77108e-06 6.9157)
(5.81849e-07 -1.25864e-05 6.9885)
(-4.15649e-06 -2.08513e-06 7.01925)
(7.78648e-05 6.25401e-05 11.1653)
(0.000100495 4.17237e-05 11.223)
(0.000112122 1.77122e-05 11.2489)
(6.23359e-05 4.85697e-05 11.0128)
(8.67726e-05 3.04188e-05 11.057)
(9.93705e-05 1.41197e-05 11.0761)
(4.72277e-05 3.32055e-05 10.812)
(6.67765e-05 1.82041e-05 10.8514)
(7.74621e-05 9.71377e-06 10.8655)
(2.92571e-05 1.70939e-05 10.5629)
(4.29959e-05 5.67598e-06 10.6027)
(5.03543e-05 5.11123e-06 10.6141)
(1.44216e-05 3.65497e-06 10.2642)
(2.12839e-05 -4.82081e-06 10.3073)
(2.4822e-05 1.04276e-06 10.3178)
(3.57951e-06 -6.29401e-06 9.9103)
(4.71425e-06 -1.24764e-05 9.95779)
(4.59568e-06 -2.05044e-06 9.96895)
(-2.10834e-06 -1.20628e-05 9.48725)
(-4.90277e-06 -1.67841e-05 9.53883)
(-7.87203e-06 -3.88263e-06 9.55173)
(-2.89613e-06 -1.38224e-05 8.96407)
(-7.29514e-06 -1.77533e-05 9.01792)
(-1.19434e-05 -4.35797e-06 9.03323)
(-6.96216e-07 -1.28933e-05 8.26837)
(-4.77063e-06 -1.62352e-05 8.3222)
(-9.85198e-06 -3.7028e-06 8.34078)
(3.18871e-06 -9.65608e-06 6.91564)
(4.56593e-07 -1.23717e-05 6.98845)
(-4.19818e-06 -2.02924e-06 7.01921)
(7.62686e-05 6.13059e-05 11.1653)
(9.85595e-05 4.08903e-05 11.223)
(0.000109981 1.74044e-05 11.2488)
(6.09624e-05 4.75695e-05 11.0128)
(8.50249e-05 2.97672e-05 11.057)
(9.74212e-05 1.38731e-05 11.0761)
(4.60823e-05 3.24422e-05 10.812)
(6.53169e-05 1.77454e-05 10.8514)
(7.58393e-05 9.53734e-06 10.8655)
(2.83688e-05 1.65631e-05 10.5629)
(4.18645e-05 5.40674e-06 10.6028)
(4.91155e-05 5.00241e-06 10.6142)
(1.37481e-05 3.31532e-06 10.2643)
(2.04479e-05 -4.93162e-06 10.3074)
(2.39336e-05 9.91182e-07 10.3179)
(3.07898e-06 -6.48214e-06 9.91035)
(4.11793e-06 -1.2463e-05 9.95787)
(3.99811e-06 -2.05715e-06 9.96905)
(-2.48345e-06 -1.21398e-05 9.48727)
(-5.32587e-06 -1.66834e-05 9.53887)
(-8.25935e-06 -3.85914e-06 9.55179)
(-3.17583e-06 -1.38149e-05 8.96405)
(-7.59243e-06 -1.75911e-05 9.01793)
(-1.21804e-05 -4.31446e-06 9.03325)
(-8.99482e-07 -1.28225e-05 8.26832)
(-4.97647e-06 -1.60359e-05 8.32218)
(-9.98326e-06 -3.64901e-06 8.34077)
(3.05565e-06 -9.5435e-06 6.91558)
(3.34232e-07 -1.21616e-05 6.9884)
(-4.23867e-06 -1.97487e-06 7.01917)
(7.47114e-05 6.01019e-05 11.1652)
(9.66694e-05 4.00773e-05 11.2229)
(0.000107891 1.71038e-05 11.2488)
(5.96242e-05 4.65956e-05 11.0129)
(8.33204e-05 2.91329e-05 11.057)
(9.55188e-05 1.36324e-05 11.0761)
(4.4968e-05 3.1701e-05 10.8121)
(6.38956e-05 1.73005e-05 10.8515)
(7.42578e-05 9.36561e-06 10.8656)
(2.75065e-05 1.60496e-05 10.563)
(4.07651e-05 5.14751e-06 10.6029)
(4.79113e-05 4.89697e-06 10.6143)
(1.30956e-05 2.98841e-06 10.2643)
(1.96377e-05 -5.036e-06 10.3075)
(2.30726e-05 9.41677e-07 10.318)
(2.59447e-06 -6.66186e-06 9.9104)
(3.54105e-06 -1.24467e-05 9.95795)
(3.42036e-06 -2.06299e-06 9.96915)
(-2.84679e-06 -1.22121e-05 9.48729)
(-5.73493e-06 -1.65824e-05 9.53892)
(-8.63301e-06 -3.83571e-06 9.55186)
(-3.44723e-06 -1.38056e-05 8.96404)
(-7.88003e-06 -1.74309e-05 9.01794)
(-1.24085e-05 -4.27173e-06 9.03327)
(-1.09739e-06 -1.27523e-05 8.26828)
(-5.17633e-06 -1.58404e-05 8.32215)
(-1.01099e-05 -3.59659e-06 8.34075)
(2.92555e-06 -9.43307e-06 6.91552)
(2.14855e-07 -1.19559e-05 6.98835)
(-4.27796e-06 -1.92212e-06 7.01913)
(7.31923e-05 5.89273e-05 11.1652)
(9.48244e-05 3.92845e-05 11.2229)
(0.00010585 1.68102e-05 11.2487)
(5.83204e-05 4.56474e-05 11.0129)
(8.16582e-05 2.85155e-05 11.057)
(9.36624e-05 1.33977e-05 11.0761)
(4.38843e-05 3.09812e-05 10.8122)
(6.25118e-05 1.68692e-05 10.8516)
(7.27168e-05 9.19851e-06 10.8657)
(2.66697e-05 1.55528e-05 10.5631)
(3.96971e-05 4.89812e-06 10.603)
(4.67408e-05 4.79484e-06 10.6144)
(1.24638e-05 2.67399e-06 10.2644)
(1.8853e-05 -5.13402e-06 10.3076)
(2.22384e-05 8.94268e-07 10.3182)
(2.12597e-06 -6.83329e-06 9.91045)
(2.98361e-06 -1.24272e-05 9.95803)
(2.86224e-06 -2.0679e-06 9.96924)
(-3.19823e-06 -1.22796e-05 9.4873)
(-6.12984e-06 -1.6481e-05 9.53897)
(-8.9931e-06 -3.81219e-06 9.55192)
(-3.71017e-06 -1.37946e-05 8.96402)
(-8.158e-06 -1.72725e-05 9.01794)
(-1.26279e-05 -4.22964e-06 9.03329)
(-1.28992e-06 -1.26828e-05 8.26824)
(-5.37036e-06 -1.56483e-05 8.32212)
(-1.02321e-05 -3.54537e-06 8.34073)
(2.7984e-06 -9.32495e-06 6.91545)
(9.82711e-08 -1.17545e-05 6.9883)
(-4.31615e-06 -1.87079e-06 7.01908)
(7.17102e-05 5.77812e-05 11.1652)
(9.30236e-05 3.85112e-05 11.2228)
(0.000103856 1.65234e-05 11.2486)
(5.70499e-05 4.47244e-05 11.0129)
(8.00374e-05 2.79146e-05 11.0571)
(9.18509e-05 1.31685e-05 11.0761)
(4.28303e-05 3.02824e-05 10.8122)
(6.11646e-05 1.64509e-05 10.8517)
(7.12153e-05 9.03583e-06 10.8658)
(2.58577e-05 1.50726e-05 10.5632)
(3.86598e-05 4.65823e-06 10.6031)
(4.56032e-05 4.69584e-06 10.6145)
(1.18521e-05 2.37169e-06 10.2645)
(1.8093e-05 -5.22597e-06 10.3077)
(2.14304e-05 8.48799e-07 10.3183)
(1.67293e-06 -6.99665e-06 9.91051)
(2.44492e-06 -1.24048e-05 9.95811)
(2.32336e-06 -2.07201e-06 9.96934)
(-3.53829e-06 -1.23427e-05 9.48732)
(-6.51115e-06 -1.63794e-05 9.53901)
(-9.33988e-06 -3.78875e-06 9.55198)
(-3.96509e-06 -1.37819e-05 8.964)
(-8.42662e-06 -1.71161e-05 9.01795)
(-1.28387e-05 -4.18837e-06 9.03331)
(-1.47723e-06 -1.2614e-05 8.26819)
(-5.55858e-06 -1.54599e-05 8.3221)
(-1.03499e-05 -3.49549e-06 8.34072)
(2.67417e-06 -9.21893e-06 6.91539)
(-1.53945e-08 -1.15576e-05 6.98825)
(-4.35319e-06 -1.82103e-06 7.01904)
(7.02647e-05 5.66628e-05 11.1652)
(9.12667e-05 3.77571e-05 11.2228)
(0.000101908 1.62431e-05 11.2486)
(5.58123e-05 4.38263e-05 11.0129)
(7.84573e-05 2.73303e-05 11.0571)
(9.00836e-05 1.29446e-05 11.0761)
(4.1805e-05 2.9604e-05 10.8123)
(5.98536e-05 1.60455e-05 10.8517)
(6.97525e-05 8.87746e-06 10.8658)
(2.50703e-05 1.46087e-05 10.5633)
(3.76527e-05 4.42779e-06 10.6032)
(4.44979e-05 4.59992e-06 10.6146)
(1.12602e-05 2.0813e-06 10.2646)
(1.73575e-05 -5.31183e-06 10.3078)
(2.06482e-05 8.05286e-07 10.3184)
(1.23533e-06 -7.15207e-06 9.91056)
(1.92499e-06 -1.23795e-05 9.95819)
(1.80344e-06 -2.07525e-06 9.96943)
(-3.86688e-06 -1.24013e-05 9.48734)
(-6.87881e-06 -1.62774e-05 9.53905)
(-9.67351e-06 -3.76527e-06 9.55204)
(-4.21187e-06 -1.37677e-05 8.96398)
(-8.68598e-06 -1.69615e-05 9.01795)
(-1.30413e-05 -4.14775e-06 9.03332)
(-1.65935e-06 -1.25459e-05 8.26815)
(-5.74121e-06 -1.52749e-05 8.32207)
(-1.04635e-05 -3.44679e-06 8.3407)
(2.55278e-06 -9.11516e-06 6.91533)
(-1.26384e-07 -1.13648e-05 6.9882)
(-4.38919e-06 -1.77266e-06 7.01899)
(6.8853e-05 5.55704e-05 11.1651)
(8.95527e-05 3.70209e-05 11.2228)
(0.000100005 1.5969e-05 11.2485)
(5.4608e-05 4.29531e-05 11.013)
(7.69169e-05 2.67623e-05 11.0571)
(8.83594e-05 1.2726e-05 11.0762)
(4.08073e-05 2.89454e-05 10.8123)
(5.85777e-05 1.56525e-05 10.8518)
(6.83274e-05 8.72321e-06 10.8659)
(2.43067e-05 1.41606e-05 10.5633)
(3.6675e-05 4.20639e-06 10.6033)
(4.34242e-05 4.5069e-06 10.6147)
(1.06875e-05 1.80246e-06 10.2646)
(1.66457e-05 -5.39193e-06 10.3079)
(1.98909e-05 7.63581e-07 10.3185)
(8.12603e-07 -7.29977e-06 9.9106)
(1.42313e-06 -1.23515e-05 9.95827)
(1.30204e-06 -2.07777e-06 9.96952)
(-4.18447e-06 -1.24555e-05 9.48735)
(-7.23331e-06 -1.61753e-05 9.5391)
(-9.99431e-06 -3.7419e-06 9.55209)
(-4.45094e-06 -1.3752e-05 8.96397)
(-8.93632e-06 -1.68089e-05 9.01795)
(-1.32357e-05 -4.10795e-06 9.03334)
(-1.83646e-06 -1.24785e-05 8.2681)
(-5.91823e-06 -1.50934e-05 8.32204)
(-1.0573e-05 -3.3994e-06 8.34068)
(2.43419e-06 -9.01344e-06 6.91526)
(-2.34585e-07 -1.11763e-05 6.98814)
(-4.42409e-06 -1.72579e-06 7.01894)
(6.74718e-05 5.45021e-05 11.1651)
(8.78802e-05 3.63004e-05 11.2227)
(9.81454e-05 1.57011e-05 11.2485)
(5.34382e-05 4.21037e-05 11.013)
(7.54154e-05 2.62092e-05 11.0571)
(8.66772e-05 1.25123e-05 11.0762)
(3.98381e-05 2.83063e-05 10.8124)
(5.73364e-05 1.52713e-05 10.8519)
(6.69393e-05 8.57295e-06 10.866)
(2.35674e-05 1.37279e-05 10.5634)
(3.57264e-05 3.99355e-06 10.6034)
(4.23812e-05 4.41671e-06 10.6148)
(1.01343e-05 1.53504e-06 10.2647)
(1.59574e-05 -5.46654e-06 10.308)
(1.91583e-05 7.23653e-07 10.3186)
(4.05046e-07 -7.43981e-06 9.91065)
(9.39371e-07 -1.23209e-05 9.95835)
(8.18837e-07 -2.07954e-06 9.96962)
(-4.49073e-06 -1.25053e-05 9.48737)
(-7.57457e-06 -1.6073e-05 9.53914)
(-1.03025e-05 -3.71856e-06 9.55215)
(-4.682e-06 -1.37347e-05 8.96395)
(-9.17769e-06 -1.66583e-05 9.01795)
(-1.34221e-05 -4.06886e-06 9.03335)
(-2.00845e-06 -1.24118e-05 8.26806)
(-6.08978e-06 -1.49153e-05 8.32201)
(-1.06783e-05 -3.35319e-06 8.34066)
(2.31841e-06 -8.91393e-06 6.9152)
(-3.40138e-07 -1.09919e-05 6.98809)
(-4.45796e-06 -1.68028e-06 7.0189)
(6.61236e-05 5.34596e-05 11.1651)
(8.62481e-05 3.5597e-05 11.2227)
(9.63289e-05 1.54393e-05 11.2484)
(5.23001e-05 4.12775e-05 11.013)
(7.39516e-05 2.56709e-05 11.0572)
(8.50361e-05 1.23038e-05 11.0762)
(3.88962e-05 2.76862e-05 10.8125)
(5.61286e-05 1.49018e-05 10.852)
(6.55874e-05 8.42667e-06 10.866)
(2.28511e-05 1.33103e-05 10.5635)
(3.48059e-05 3.78914e-06 10.6035)
(4.13683e-05 4.3293e-06 10.6149)
(9.59979e-06 1.27871e-06 10.2648)
(1.52918e-05 -5.53579e-06 10.3081)
(1.84496e-05 6.85424e-07 10.3187)
(1.19412e-08 -7.57244e-06 9.9107)
(4.7298e-07 -1.22879e-05 9.95843)
(3.53442e-07 -2.08065e-06 9.96971)
(-4.7863e-06 -1.2551e-05 9.48739)
(-7.90316e-06 -1.59708e-05 9.53918)
(-1.05982e-05 -3.69539e-06 9.55221)
(-4.90558e-06 -1.37159e-05 8.96393)
(-9.41037e-06 -1.65097e-05 9.01796)
(-1.36008e-05 -4.03062e-06 9.03337)
(-2.17556e-06 -1.23457e-05 8.26801)
(-6.25593e-06 -1.47408e-05 8.32198)
(-1.07797e-05 -3.30828e-06 8.34064)
(2.20535e-06 -8.81642e-06 6.91514)
(-4.42984e-07 -1.08118e-05 6.98804)
(-4.49077e-06 -1.63625e-06 7.01885)
(6.48088e-05 5.24431e-05 11.1651)
(8.46553e-05 3.49111e-05 11.2226)
(9.45549e-05 1.51836e-05 11.2483)
(5.11924e-05 4.04738e-05 11.013)
(7.25248e-05 2.51472e-05 11.0572)
(8.34352e-05 1.21004e-05 11.0762)
(3.79814e-05 2.70848e-05 10.8125)
(5.49537e-05 1.45437e-05 10.852)
(6.4271e-05 8.28433e-06 10.8661)
(2.21575e-05 1.29073e-05 10.5636)
(3.39131e-05 3.593e-06 10.6036)
(4.0385e-05 4.24466e-06 10.615)
(9.08376e-06 1.0332e-06 10.2648)
(1.46486e-05 -5.59979e-06 10.3082)
(1.77644e-05 6.48893e-07 10.3188)
(-3.66771e-07 -7.69782e-06 9.91075)
(2.38821e-08 -1.22524e-05 9.9585)
(-9.44319e-08 -2.08106e-06 9.9698)
(-5.07108e-06 -1.25925e-05 9.4874)
(-8.21905e-06 -1.58684e-05 9.53922)
(-1.08818e-05 -3.67231e-06 9.55226)
(-5.12153e-06 -1.36957e-05 8.96391)
(-9.63445e-06 -1.6363e-05 9.01796)
(-1.37718e-05 -3.99312e-06 9.03338)
(-2.33777e-06 -1.22804e-05 8.26797)
(-6.41682e-06 -1.45696e-05 8.32195)
(-1.08772e-05 -3.26456e-06 8.34062)
(2.095e-06 -8.72108e-06 6.91507)
(-5.43279e-07 -1.06357e-05 6.98798)
(-4.52259e-06 -1.59358e-06 7.0188)
(6.35269e-05 5.14521e-05 11.1651)
(8.31008e-05 3.42423e-05 11.2226)
(9.28226e-05 1.4934e-05 11.2483)
(5.01142e-05 3.96921e-05 11.0131)
(7.11341e-05 2.46378e-05 11.0572)
(8.18737e-05 1.1902e-05 11.0762)
(3.70928e-05 2.65018e-05 10.8126)
(5.38108e-05 1.41969e-05 10.8521)
(6.29893e-05 8.14584e-06 10.8662)
(2.14859e-05 1.25186e-05 10.5636)
(3.30471e-05 3.40485e-06 10.6037)
(3.94306e-05 4.16269e-06 10.6151)
(8.58562e-06 7.9827e-07 10.2649)
(1.40272e-05 -5.65876e-06 10.3083)
(1.71022e-05 6.13965e-07 10.3189)
(-7.3158e-07 -7.81611e-06 9.9108)
(-4.08524e-07 -1.22146e-05 9.95858)
(-5.25195e-07 -2.08087e-06 9.96988)
(-5.34552e-06 -1.263e-05 9.48742)
(-8.5227e-06 -1.5766e-05 9.53926)
(-1.11535e-05 -3.64942e-06 9.55232)
(-5.33026e-06 -1.36741e-05 8.96389)
(-9.85013e-06 -1.62183e-05 9.01796)
(-1.39354e-05 -3.95647e-06 9.0334)
(-2.4953e-06 -1.22157e-05 8.26792)
(-6.57248e-06 -1.44018e-05 8.32192)
(-1.09709e-05 -3.22214e-06 8.3406)
(1.98725e-06 -8.62767e-06 6.91501)
(-6.40958e-07 -1.04637e-05 6.98793)
(-4.5534e-06 -1.55237e-06 7.01875)
(6.22774e-05 5.04863e-05 11.165)
(8.15839e-05 3.35903e-05 11.2226)
(9.11312e-05 1.46903e-05 11.2482)
(4.90652e-05 3.89319e-05 11.0131)
(6.97788e-05 2.41424e-05 11.0572)
(8.03507e-05 1.17086e-05 11.0762)
(3.62302e-05 2.59366e-05 10.8126)
(5.26993e-05 1.38611e-05 10.8522)
(6.17417e-05 8.01117e-06 10.8662)
(2.08362e-05 1.2144e-05 10.5637)
(3.22077e-05 3.22463e-06 10.6038)
(3.85045e-05 4.08341e-06 10.6152)
(8.10528e-06 5.73776e-07 10.265)
(1.34272e-05 -5.71269e-06 10.3084)
(1.64626e-05 5.80686e-07 10.319)
(-1.08252e-06 -7.92738e-06 9.91084)
(-8.24276e-07 -1.21745e-05 9.95865)
(-9.39134e-07 -2.07998e-06 9.96997)
(-5.60958e-06 -1.26635e-05 9.48743)
(-8.81411e-06 -1.56636e-05 9.5393)
(-1.14135e-05 -3.62659e-06 9.55237)
(-5.5317e-06 -1.3651e-05 8.96387)
(-1.00575e-05 -1.60755e-05 9.01796)
(-1.40917e-05 -3.92052e-06 9.03341)
(-2.64817e-06 -1.21516e-05 8.26788)
(-6.72308e-06 -1.42373e-05 8.32189)
(-1.10608e-05 -3.18086e-06 8.34057)
(1.88203e-06 -8.53628e-06 6.91494)
(-7.362e-07 -1.02956e-05 6.98787)
(-4.58325e-06 -1.51247e-06 7.0187)
(6.10593e-05 4.95451e-05 11.165)
(8.01035e-05 3.29547e-05 11.2225)
(8.94798e-05 1.44524e-05 11.2482)
(4.80446e-05 3.81927e-05 11.0131)
(6.8458e-05 2.36606e-05 11.0572)
(7.88654e-05 1.152e-05 11.0762)
(3.53928e-05 2.5389e-05 10.8127)
(5.16184e-05 1.3536e-05 10.8522)
(6.05274e-05 7.8802e-06 10.8663)
(2.02075e-05 1.1783e-05 10.5638)
(3.13941e-05 3.05201e-06 10.6039)
(3.7606e-05 4.00671e-06 10.6153)
(7.64218e-06 3.59389e-07 10.265)
(1.28481e-05 -5.76184e-06 10.3085)
(1.5845e-05 5.48967e-07 10.3191)
(-1.42004e-06 -8.03185e-06 9.91089)
(-1.22393e-06 -1.21322e-05 9.95872)
(-1.33666e-06 -2.07847e-06 9.97006)
(-5.86364e-06 -1.26931e-05 9.48744)
(-9.0937e-06 -1.55612e-05 9.53934)
(-1.1662e-05 -3.60391e-06 9.55242)
(-5.72614e-06 -1.36266e-05 8.96385)
(-1.02568e-05 -1.59346e-05 9.01796)
(-1.42408e-05 -3.88536e-06 9.03342)
(-2.7965e-06 -1.20882e-05 8.26783)
(-6.86863e-06 -1.40761e-05 8.32185)
(-1.11471e-05 -3.1408e-06 8.34055)
(1.77933e-06 -8.44676e-06 6.91488)
(-8.28914e-07 -1.01315e-05 6.98782)
(-4.61213e-06 -1.47396e-06 7.01865)
(5.98722e-05 4.86279e-05 11.165)
(7.8659e-05 3.23351e-05 11.2225)
(8.78673e-05 1.42202e-05 11.2481)
(4.70518e-05 3.74741e-05 11.0131)
(6.71711e-05 2.3192e-05 11.0573)
(7.74169e-05 1.13362e-05 11.0763)
(3.45804e-05 2.48584e-05 10.8127)
(5.05676e-05 1.32213e-05 10.8523)
(5.93456e-05 7.7529e-06 10.8664)
(1.95998e-05 1.14353e-05 10.5639)
(3.06059e-05 2.88687e-06 10.604)
(3.67346e-05 3.9326e-06 10.6154)
(7.19616e-06 1.54876e-07 10.2651)
(1.22897e-05 -5.80624e-06 10.3086)
(1.5249e-05 5.18853e-07 10.3192)
(-1.7442e-06 -8.12969e-06 9.91093)
(-1.60755e-06 -1.20876e-05 9.95879)
(-1.71807e-06 -2.07626e-06 9.97014)
(-6.10766e-06 -1.27189e-05 9.48746)
(-9.36146e-06 -1.54588e-05 9.53938)
(-1.18992e-05 -3.58125e-06 9.55247)
(-5.9135e-06 -1.36009e-05 8.96383)
(-1.04481e-05 -1.57956e-05 9.01796)
(-1.43829e-05 -3.85082e-06 9.03343)
(-2.94028e-06 -1.20254e-05 8.26778)
(-7.00927e-06 -1.39181e-05 8.32182)
(-1.12297e-05 -3.1018e-06 8.34053)
(1.67914e-06 -8.35923e-06 6.91481)
(-9.19242e-07 -9.97129e-06 6.98776)
(-4.64009e-06 -1.43671e-06 7.0186)
(5.87153e-05 4.77344e-05 11.165)
(7.72496e-05 3.17311e-05 11.2224)
(8.62931e-05 1.39936e-05 11.2481)
(4.60864e-05 3.67756e-05 11.0132)
(6.59172e-05 2.27365e-05 11.0573)
(7.60044e-05 1.1157e-05 11.0763)
(3.37922e-05 2.43446e-05 10.8128)
(4.95462e-05 1.29169e-05 10.8524)
(5.81956e-05 7.62922e-06 10.8664)
(1.90124e-05 1.11007e-05 10.5639)
(2.98425e-05 2.72909e-06 10.6041)
(3.58896e-05 3.86105e-06 10.6155)
(6.76678e-06 -3.9929e-08 10.2652)
(1.17513e-05 -5.84599e-06 10.3087)
(1.46739e-05 4.90338e-07 10.3193)
(-2.05539e-06 -8.22099e-06 9.91098)
(-1.97566e-06 -1.20409e-05 9.95887)
(-2.08372e-06 -2.07332e-06 9.97023)
(-6.34202e-06 -1.27409e-05 9.48747)
(-9.61784e-06 -1.53564e-05 9.53941)
(-1.21254e-05 -3.5586e-06 9.55252)
(-6.09413e-06 -1.35739e-05 8.96381)
(-1.06316e-05 -1.56583e-05 9.01795)
(-1.45182e-05 -3.81691e-06 9.03344)
(-3.0797e-06 -1.19632e-05 8.26774)
(-7.14511e-06 -1.37631e-05 8.32179)
(-1.13088e-05 -3.06385e-06 8.3405)
(1.58134e-06 -8.2735e-06 6.91475)
(-1.00719e-06 -9.81479e-06 6.9877)
(-4.66714e-06 -1.40069e-06 7.01855)
(5.7588e-05 4.6864e-05 11.165)
(7.58745e-05 3.11425e-05 11.2224)
(8.47563e-05 1.37724e-05 11.248)
(4.51477e-05 3.60968e-05 11.0132)
(6.46958e-05 2.22937e-05 11.0573)
(7.46271e-05 1.09825e-05 11.0763)
(3.30279e-05 2.3847e-05 10.8129)
(4.85536e-05 1.26224e-05 10.8524)
(5.70767e-05 7.50909e-06 10.8665)
(1.84451e-05 1.07788e-05 10.564)
(2.91035e-05 2.57847e-06 10.6042)
(3.50705e-05 3.79204e-06 10.6156)
(6.35393e-06 -2.25219e-07 10.2652)
(1.12328e-05 -5.88116e-06 10.3088)
(1.41195e-05 4.6344e-07 10.3194)
(-2.35365e-06 -8.30582e-06 9.91102)
(-2.32836e-06 -1.1992e-05 9.95894)
(-2.4339e-06 -2.0696e-06 9.97031)
(-6.56673e-06 -1.27593e-05 9.48749)
(-9.86288e-06 -1.52538e-05 9.53945)
(-1.23407e-05 -3.53586e-06 9.55257)
(-6.26798e-06 -1.35456e-05 8.96379)
(-1.08075e-05 -1.55227e-05 9.01795)
(-1.46466e-05 -3.78351e-06 9.03345)
(-3.21478e-06 -1.19016e-05 8.26769)
(-7.27625e-06 -1.36112e-05 8.32175)
(-1.13844e-05 -3.02682e-06 8.34048)
(1.4859e-06 -8.18965e-06 6.91468)
(-1.09287e-06 -9.66195e-06 6.98765)
(-4.69331e-06 -1.36578e-06 7.0185)
(5.64895e-05 4.60163e-05 11.165)
(7.45328e-05 3.05688e-05 11.2224)
(8.3256e-05 1.35567e-05 11.248)
(4.4235e-05 3.54372e-05 11.0132)
(6.3506e-05 2.18633e-05 11.0573)
(7.32842e-05 1.08125e-05 11.0763)
(3.22867e-05 2.33654e-05 10.8129)
(4.75891e-05 1.23377e-05 10.8525)
(5.59882e-05 7.39244e-06 10.8666)
(1.78972e-05 1.04693e-05 10.5641)
(2.83883e-05 2.4348e-06 10.6043)
(3.42766e-05 3.72551e-06 10.6157)
(5.95721e-06 -4.01204e-07 10.2653)
(1.07336e-05 -5.91194e-06 10.3088)
(1.35852e-05 4.38104e-07 10.3195)
(-2.63931e-06 -8.38433e-06 9.91107)
(-2.66615e-06 -1.1941e-05 9.95901)
(-2.76897e-06 -2.06515e-06 9.97039)
(-6.78215e-06 -1.27741e-05 9.4875)
(-1.0097e-05 -1.51512e-05 9.53949)
(-1.25454e-05 -3.51309e-06 9.55262)
(-6.43534e-06 -1.3516e-05 8.96377)
(-1.09758e-05 -1.53889e-05 9.01795)
(-1.47683e-05 -3.75067e-06 9.03346)
(-3.34566e-06 -1.18406e-05 8.26764)
(-7.40277e-06 -1.34623e-05 8.32172)
(-1.14565e-05 -2.99075e-06 8.34046)
(1.39277e-06 -8.10755e-06 6.91461)
(-1.17626e-06 -9.51273e-06 6.98759)
(-4.71861e-06 -1.33198e-06 7.01845)
(5.54195e-05 4.51908e-05 11.1649)
(7.32238e-05 3.00097e-05 11.2223)
(8.17915e-05 1.33463e-05 11.2479)
(4.33482e-05 3.47963e-05 11.0132)
(6.23471e-05 2.1445e-05 11.0574)
(7.1975e-05 1.06471e-05 11.0763)
(3.15687e-05 2.28994e-05 10.813)
(4.66522e-05 1.20626e-05 10.8526)
(5.49295e-05 7.27925e-06 10.8666)
(1.73686e-05 1.0172e-05 10.5641)
(2.76964e-05 2.298e-06 10.6043)
(3.35074e-05 3.66147e-06 10.6158)
(5.57641e-06 -5.68072e-07 10.2654)
(1.02535e-05 -5.93833e-06 10.3089)
(1.30706e-05 4.14361e-07 10.3196)
(-2.91252e-06 -8.45666e-06 9.91111)
(-2.98917e-06 -1.18879e-05 9.95907)
(-3.08915e-06 -2.05991e-06 9.97047)
(-6.98827e-06 -1.27853e-05 9.48751)
(-1.03202e-05 -1.50485e-05 9.53952)
(-1.27395e-05 -3.49021e-06 9.55267)
(-6.59619e-06 -1.34852e-05 8.96375)
(-1.11369e-05 -1.52567e-05 9.01795)
(-1.48835e-05 -3.71829e-06 9.03347)
(-3.47237e-06 -1.17801e-05 8.2676)
(-7.52481e-06 -1.33163e-05 8.32169)
(-1.15253e-05 -2.95554e-06 8.34043)
(1.30193e-06 -8.02726e-06 6.91455)
(-1.25749e-06 -9.36699e-06 6.98753)
(-4.74308e-06 -1.2992e-06 7.01839)
(5.43775e-05 4.43876e-05 11.1649)
(7.19463e-05 2.94652e-05 11.2223)
(8.03622e-05 1.31411e-05 11.2479)
(4.24862e-05 3.41734e-05 11.0133)
(6.12185e-05 2.10382e-05 11.0574)
(7.06986e-05 1.04861e-05 11.0763)
(3.08733e-05 2.24488e-05 10.813)
(4.57421e-05 1.17968e-05 10.8526)
(5.38999e-05 7.1694e-06 10.8667)
(1.68588e-05 9.88646e-06 10.5642)
(2.70273e-05 2.16783e-06 10.6044)
(3.27624e-05 3.59982e-06 10.6159)
(5.21105e-06 -7.26026e-07 10.2654)
(9.79176e-06 -5.96048e-06 10.309)
(1.25753e-05 3.9212e-07 10.3197)
(-3.17369e-06 -8.52291e-06 9.91116)
(-3.29786e-06 -1.18328e-05 9.95914)
(-3.39477e-06 -2.05396e-06 9.97055)
(-7.18538e-06 -1.2793e-05 9.48752)
(-1.05328e-05 -1.49458e-05 9.53956)
(-1.29234e-05 -3.46729e-06 9.55272)
(-6.75075e-06 -1.3453e-05 8.96373)
(-1.12907e-05 -1.51261e-05 9.01794)
(-1.49923e-05 -3.68644e-06 9.03348)
(-3.59503e-06 -1.17201e-05 8.26755)
(-7.64241e-06 -1.31731e-05 8.32165)
(-1.15908e-05 -2.92124e-06 8.34041)
(1.2133e-06 -7.94864e-06 6.91448)
(-1.33654e-06 -9.22471e-06 6.98747)
(-4.76672e-06 -1.26748e-06 7.01834)
(5.33647e-05 4.36067e-05 11.1649)
(7.07001e-05 2.89357e-05 11.2223)
(7.89676e-05 1.29411e-05 11.2478)
(4.16472e-05 3.35684e-05 11.0133)
(6.01195e-05 2.06433e-05 11.0574)
(6.94545e-05 1.03294e-05 11.0763)
(3.01996e-05 2.20131e-05 10.8131)
(4.48584e-05 1.15403e-05 10.8527)
(5.28989e-05 7.06287e-06 10.8668)
(1.63669e-05 9.61256e-06 10.5643)
(2.63804e-05 2.04432e-06 10.6045)
(3.20411e-05 3.54052e-06 10.616)
(4.86064e-06 -8.75272e-07 10.2655)
(9.34819e-06 -5.97837e-06 10.3091)
(1.2099e-05 3.71371e-07 10.3198)
(-3.4231e-06 -8.58322e-06 9.9112)
(-3.59244e-06 -1.17756e-05 9.95921)
(-3.68611e-06 -2.04728e-06 9.97063)
(-7.37367e-06 -1.27972e-05 9.48754)
(-1.07351e-05 -1.48429e-05 9.53959)
(-1.30971e-05 -3.4443e-06 9.55277)
(-6.89914e-06 -1.34196e-05 8.9637)
(-1.14375e-05 -1.4997e-05 9.01794)
(-1.50947e-05 -3.65507e-06 9.03348)
(-3.71377e-06 -1.16606e-05 8.2675)
(-7.75571e-06 -1.30326e-05 8.32162)
(-1.1653e-05 -2.8878e-06 8.34038)
(1.12678e-06 -7.87167e-06 6.91441)
(-1.41353e-06 -9.08573e-06 6.98742)
(-4.78956e-06 -1.23675e-06 7.01829)
(5.23789e-05 4.28469e-05 11.1649)
(6.94846e-05 2.84203e-05 11.2222)
(7.76068e-05 1.2746e-05 11.2478)
(4.0832e-05 3.29809e-05 11.0133)
(5.90495e-05 2.02597e-05 11.0574)
(6.82419e-05 1.01769e-05 11.0764)
(2.95473e-05 2.15921e-05 10.8131)
(4.40003e-05 1.12928e-05 10.8527)
(5.19258e-05 6.95951e-06 10.8668)
(1.58931e-05 9.35015e-06 10.5643)
(2.57553e-05 1.92728e-06 10.6046)
(3.13429e-05 3.48348e-06 10.616)
(4.52486e-06 -1.01594e-06 10.2656)
(8.92243e-06 -5.99207e-06 10.3092)
(1.16412e-05 3.52031e-07 10.3199)
(-3.66105e-06 -8.63769e-06 9.91124)
(-3.87318e-06 -1.17164e-05 9.95928)
(-3.96347e-06 -2.03993e-06 9.97071)
(-7.55335e-06 -1.2798e-05 9.48755)
(-1.09272e-05 -1.47398e-05 9.53963)
(-1.3261e-05 -3.4213e-06 9.55281)
(-7.04153e-06 -1.33849e-05 8.96368)
(-1.15774e-05 -1.48693e-05 9.01794)
(-1.5191e-05 -3.62424e-06 9.03349)
(-3.82868e-06 -1.16015e-05 8.26746)
(-7.86478e-06 -1.28947e-05 8.32158)
(-1.1712e-05 -2.85526e-06 8.34035)
(1.04232e-06 -7.79625e-06 6.91435)
(-1.48847e-06 -8.94999e-06 6.98736)
(-4.81161e-06 -1.20706e-06 7.01823)
(5.1419e-05 4.21073e-05 11.1649)
(6.8299e-05 2.79183e-05 11.2222)
(7.62788e-05 1.25557e-05 11.2477)
(4.00402e-05 3.24105e-05 11.0133)
(5.80079e-05 1.98873e-05 11.0574)
(6.70603e-05 1.00284e-05 11.0764)
(2.8916e-05 2.11854e-05 10.8132)
(4.31676e-05 1.1054e-05 10.8528)
(5.098e-05 6.85923e-06 10.8669)
(1.54368e-05 9.09894e-06 10.5644)
(2.51516e-05 1.81655e-06 10.6047)
(3.06675e-05 3.42861e-06 10.6161)
(4.20349e-06 -1.14824e-06 10.2656)
(8.51414e-06 -6.00171e-06 10.3093)
(1.12014e-05 3.34051e-07 10.32)
(-3.88765e-06 -8.68643e-06 9.91129)
(-4.14026e-06 -1.16552e-05 9.95934)
(-4.2271e-06 -2.03195e-06 9.97079)
(-7.72445e-06 -1.27953e-05 9.48756)
(-1.11092e-05 -1.46366e-05 9.53966)
(-1.34152e-05 -3.39827e-06 9.55286)
(-7.17794e-06 -1.33488e-05 8.96366)
(-1.17105e-05 -1.47431e-05 9.01793)
(-1.52812e-05 -3.59391e-06 9.0335)
(-3.93978e-06 -1.15428e-05 8.26741)
(-7.96968e-06 -1.27594e-05 8.32155)
(-1.17679e-05 -2.82358e-06 8.34033)
(9.599e-07 -7.72239e-06 6.91428)
(-1.56143e-06 -8.81743e-06 6.9873)
(-4.83288e-06 -1.17838e-06 7.01818)
(5.04844e-05 4.13874e-05 11.1649)
(6.71429e-05 2.74293e-05 11.2222)
(7.49827e-05 1.23701e-05 11.2477)
(3.92713e-05 3.18569e-05 11.0134)
(5.6994e-05 1.95257e-05 11.0575)
(6.59087e-05 9.88381e-06 11.0764)
(2.83051e-05 2.07927e-05 10.8132)
(4.23595e-05 1.08238e-05 10.8529)
(5.00607e-05 6.76192e-06 10.8669)
(1.49977e-05 8.85869e-06 10.5645)
(2.45688e-05 1.71195e-06 10.6048)
(3.00141e-05 3.37583e-06 10.6162)
(3.89614e-06 -1.27231e-06 10.2657)
(8.12294e-06 -6.00738e-06 10.3094)
(1.07794e-05 3.17358e-07 10.3201)
(-4.10321e-06 -8.72953e-06 9.91133)
(-4.394e-06 -1.1592e-05 9.95941)
(-4.47733e-06 -2.02336e-06 9.97086)
(-7.88725e-06 -1.27893e-05 9.48757)
(-1.12814e-05 -1.45332e-05 9.53969)
(-1.35598e-05 -3.37526e-06 9.55291)
(-7.30856e-06 -1.33114e-05 8.96364)
(-1.18369e-05 -1.46183e-05 9.01793)
(-1.53654e-05 -3.56412e-06 9.0335)
(-4.04722e-06 -1.14844e-05 8.26736)
(-8.07049e-06 -1.26266e-05 8.32151)
(-1.18208e-05 -2.79281e-06 8.3403)
(8.79427e-07 -7.64998e-06 6.91421)
(-1.63241e-06 -8.68797e-06 6.98724)
(-4.8534e-06 -1.15075e-06 7.01813)
(4.95745e-05 4.06866e-05 11.1648)
(6.60156e-05 2.69532e-05 11.2221)
(7.37179e-05 1.21891e-05 11.2476)
(3.85249e-05 3.13197e-05 11.0134)
(5.60074e-05 1.91748e-05 11.0575)
(6.47868e-05 9.74305e-06 11.0764)
(2.77141e-05 2.04137e-05 10.8133)
(4.15756e-05 1.0602e-05 10.8529)
(4.91676e-05 6.66755e-06 10.867)
(1.45754e-05 8.62926e-06 10.5645)
(2.40065e-05 1.61342e-06 10.6048)
(2.93825e-05 3.32514e-06 10.6163)
(3.60254e-06 -1.3883e-06 10.2658)
(7.74851e-06 -6.00909e-06 10.3094)
(1.03747e-05 3.01958e-07 10.3202)
(-4.30795e-06 -8.76707e-06 9.91137)
(-4.63461e-06 -1.15269e-05 9.95947)
(-4.71443e-06 -2.01417e-06 9.97094)
(-8.04183e-06 -1.27799e-05 9.48758)
(-1.14439e-05 -1.44296e-05 9.53973)
(-1.36952e-05 -3.35224e-06 9.55295)
(-7.43348e-06 -1.32727e-05 8.96362)
(-1.19567e-05 -1.44947e-05 9.01792)
(-1.54438e-05 -3.53483e-06 9.03351)
(-4.15108e-06 -1.14263e-05 8.26731)
(-8.1673e-06 -1.24963e-05 8.32148)
(-1.18707e-05 -2.76289e-06 8.34027)
(8.00835e-07 -7.57899e-06 6.91415)
(-1.7015e-06 -8.56149e-06 6.98718)
(-4.87318e-06 -1.12411e-06 7.01807)
(4.86889e-05 4.00047e-05 11.1648)
(6.49165e-05 2.64896e-05 11.2221)
(7.24838e-05 1.20126e-05 11.2476)
(3.78003e-05 3.07987e-05 11.0134)
(5.50474e-05 1.88343e-05 11.0575)
(6.36937e-05 9.606e-06 11.0764)
(2.71427e-05 2.0048e-05 10.8133)
(4.08154e-05 1.03883e-05 10.853)
(4.82998e-05 6.57602e-06 10.8671)
(1.41696e-05 8.41031e-06 10.5646)
(2.34642e-05 1.52077e-06 10.6049)
(2.8772e-05 3.27643e-06 10.6164)
(3.32241e-06 -1.49642e-06 10.2658)
(7.39038e-06 -6.00703e-06 10.3095)
(9.98696e-06 2.87782e-07 10.3203)
(-4.50209e-06 -8.79913e-06 9.91141)
(-4.86246e-06 -1.14598e-05 9.95954)
(-4.9387e-06 -2.00445e-06 9.97102)
(-8.18843e-06 -1.27672e-05 9.4876)
(-1.15969e-05 -1.43258e-05 9.53976)
(-1.38214e-05 -3.32927e-06 9.553)
(-7.55285e-06 -1.32326e-05 8.9636)
(-1.207e-05 -1.43724e-05 9.01792)
(-1.55166e-05 -3.50609e-06 9.03352)
(-4.25143e-06 -1.13685e-05 8.26727)
(-8.26015e-06 -1.23683e-05 8.32144)
(-1.19176e-05 -2.73387e-06 8.34024)
(7.24077e-07 -7.50933e-06 6.91408)
(-1.7687e-06 -8.43796e-06 6.98712)
(-4.89224e-06 -1.09851e-06 7.01802)
(4.78268e-05 3.93411e-05 11.1648)
(6.38449e-05 2.60382e-05 11.2221)
(7.12794e-05 1.18404e-05 11.2476)
(3.70971e-05 3.02932e-05 11.0134)
(5.41133e-05 1.85039e-05 11.0575)
(6.26287e-05 9.47259e-06 11.0764)
(2.65903e-05 1.96953e-05 10.8134)
(4.00783e-05 1.01826e-05 10.853)
(4.74569e-05 6.48726e-06 10.8671)
(1.378e-05 8.20162e-06 10.5647)
(2.29415e-05 1.43383e-06 10.605)
(2.81822e-05 3.22966e-06 10.6165)
(3.05549e-06 -1.5968e-06 10.2659)
(7.0483e-06 -6.00125e-06 10.3096)
(9.61572e-06 2.74787e-07 10.3204)
(-4.68579e-06 -8.82584e-06 9.91145)
(-5.07771e-06 -1.1391e-05 9.9596)
(-5.15043e-06 -1.9942e-06 9.97109)
(-8.32716e-06 -1.27512e-05 9.48761)
(-1.17405e-05 -1.42217e-05 9.53979)
(-1.39387e-05 -3.30635e-06 9.55304)
(-7.66675e-06 -1.31912e-05 8.96358)
(-1.21769e-05 -1.42513e-05 9.01791)
(-1.55837e-05 -3.47788e-06 9.03352)
(-4.34835e-06 -1.13109e-05 8.26722)
(-8.34912e-06 -1.22426e-05 8.32141)
(-1.19617e-05 -2.70572e-06 8.34022)
(6.49106e-07 -7.44099e-06 6.91401)
(-1.83407e-06 -8.31731e-06 6.98706)
(-4.91058e-06 -1.07392e-06 7.01796)
(4.69879e-05 3.86954e-05 11.1648)
(6.28003e-05 2.55989e-05 11.2221)
(7.01044e-05 1.16725e-05 11.2475)
(3.64149e-05 2.98032e-05 11.0134)
(5.32048e-05 1.81836e-05 11.0575)
(6.15914e-05 9.34275e-06 11.0764)
(2.60567e-05 1.93555e-05 10.8134)
(3.93639e-05 9.98476e-06 10.8531)
(4.66384e-05 6.40123e-06 10.8672)
(1.34061e-05 8.00303e-06 10.5647)
(2.2438e-05 1.35257e-06 10.6051)
(2.76127e-05 3.18481e-06 10.6166)
(2.80145e-06 -1.68962e-06 10.2659)
(6.7218e-06 -5.99182e-06 10.3097)
(9.26064e-06 2.62976e-07 10.3205)
(-4.85937e-06 -8.84725e-06 9.9115)
(-5.28075e-06 -1.13203e-05 9.95967)
(-5.34986e-06 -1.98346e-06 9.97116)
(-8.45818e-06 -1.27319e-05 9.48762)
(-1.1875e-05 -1.41174e-05 9.53982)
(-1.40473e-05 -3.28348e-06 9.55308)
(-7.77534e-06 -1.31484e-05 8.96356)
(-1.22777e-05 -1.41313e-05 9.01791)
(-1.56454e-05 -3.45021e-06 9.03353)
(-4.44196e-06 -1.12535e-05 8.26717)
(-8.43431e-06 -1.21191e-05 8.32137)
(-1.20029e-05 -2.67843e-06 8.34019)
(5.7583e-07 -7.37389e-06 6.91395)
(-1.89767e-06 -8.19942e-06 6.987)
(-4.92824e-06 -1.05034e-06 7.01791)
(4.61717e-05 3.80673e-05 11.1648)
(6.17821e-05 2.51712e-05 11.222)
(6.8958e-05 1.15087e-05 11.2475)
(3.57531e-05 2.93281e-05 11.0135)
(5.23211e-05 1.78729e-05 11.0576)
(6.0581e-05 9.21637e-06 11.0764)
(2.55412e-05 1.9028e-05 10.8135)
(3.86716e-05 9.79447e-06 10.8532)
(4.58436e-05 6.31782e-06 10.8672)
(1.30476e-05 7.81422e-06 10.5648)
(2.19532e-05 1.27675e-06 10.6052)
(2.70629e-05 3.14177e-06 10.6166)
(2.56009e-06 -1.77501e-06 10.266)
(6.41067e-06 -5.97887e-06 10.3098)
(8.92139e-06 2.52257e-07 10.3205)
(-5.02292e-06 -8.86347e-06 9.91154)
(-5.47171e-06 -1.12478e-05 9.95973)
(-5.53725e-06 -1.97224e-06 9.97124)
(-8.58168e-06 -1.27095e-05 9.48763)
(-1.20005e-05 -1.40128e-05 9.53986)
(-1.41473e-05 -3.2607e-06 9.55313)
(-7.87872e-06 -1.31043e-05 8.96353)
(-1.23723e-05 -1.40125e-05 9.0179)
(-1.57016e-05 -3.42309e-06 9.03353)
(-4.53232e-06 -1.11962e-05 8.26712)
(-8.51576e-06 -1.19977e-05 8.32133)
(-1.20414e-05 -2.65204e-06 8.34016)
(5.04227e-07 -7.30798e-06 6.91388)
(-1.9595e-06 -8.08428e-06 6.98694)
(-4.94521e-06 -1.02779e-06 7.01785)
(4.53775e-05 3.74563e-05 11.1648)
(6.07896e-05 2.4755e-05 11.222)
(6.78394e-05 1.13491e-05 11.2474)
(3.51113e-05 2.88676e-05 11.0135)
(5.14617e-05 1.75716e-05 11.0576)
(5.95969e-05 9.09335e-06 11.0765)
(2.50436e-05 1.87126e-05 10.8135)
(3.80009e-05 9.61156e-06 10.8532)
(4.5072e-05 6.23695e-06 10.8673)
(1.27042e-05 7.63498e-06 10.5649)
(2.14868e-05 1.20623e-06 10.6052)
(2.65324e-05 3.10049e-06 10.6167)
(2.33114e-06 -1.85314e-06 10.2661)
(6.11457e-06 -5.96245e-06 10.3098)
(8.5976e-06 2.4259e-07 10.3206)
(-5.17665e-06 -8.87457e-06 9.91158)
(-5.65081e-06 -1.11735e-05 9.95979)
(-5.71283e-06 -1.96058e-06 9.97131)
(-8.69778e-06 -1.26838e-05 9.48764)
(-1.21171e-05 -1.3908e-05 9.53989)
(-1.42388e-05 -3.238e-06 9.55317)
(-7.97697e-06 -1.30588e-05 8.96351)
(-1.24608e-05 -1.38947e-05 9.0179)
(-1.57526e-05 -3.39652e-06 9.03353)
(-4.61949e-06 -1.11391e-05 8.26708)
(-8.59357e-06 -1.18785e-05 8.3213)
(-1.20771e-05 -2.62653e-06 8.34013)
(4.34238e-07 -7.24326e-06 6.91381)
(-2.01962e-06 -7.9718e-06 6.98688)
(-4.96152e-06 -1.00626e-06 7.01779)
(4.46049e-05 3.6862e-05 11.1648)
(5.98224e-05 2.43499e-05 11.222)
(6.67482e-05 1.11934e-05 11.2474)
(3.44891e-05 2.84215e-05 11.0135)
(5.06261e-05 1.72797e-05 11.0576)
(5.86386e-05 8.97364e-06 11.0765)
(2.45635e-05 1.84092e-05 10.8136)
(3.73513e-05 9.43591e-06 10.8533)
(4.43231e-05 6.15859e-06 10.8673)
(1.23756e-05 7.46514e-06 10.5649)
(2.10383e-05 1.14094e-06 10.6053)
(2.60209e-05 3.06096e-06 10.6168)
(2.11425e-06 -1.92418e-06 10.2661)
(5.83301e-06 -5.94267e-06 10.3099)
(8.28895e-06 2.33988e-07 10.3207)
(-5.32088e-06 -8.88065e-06 9.91162)
(-5.81851e-06 -1.10976e-05 9.95985)
(-5.87685e-06 -1.94851e-06 9.97138)
(-8.80668e-06 -1.26551e-05 9.48765)
(-1.22252e-05 -1.38029e-05 9.53992)
(-1.43221e-05 -3.21542e-06 9.55321)
(-8.07029e-06 -1.30119e-05 8.96349)
(-1.25435e-05 -1.3778e-05 9.01789)
(-1.57984e-05 -3.37051e-06 9.03354)
(-4.70361e-06 -1.1082e-05 8.26703)
(-8.66779e-06 -1.17613e-05 8.32126)
(-1.21102e-05 -2.60191e-06 8.3401)
(3.65785e-07 -7.1796e-06 6.91374)
(-2.07808e-06 -7.86191e-06 6.98682)
(-4.97716e-06 -9.85769e-07 7.01774)
(4.38535e-05 3.6284e-05 11.1648)
(5.88798e-05 2.39558e-05 11.2219)
(6.56837e-05 1.10416e-05 11.2473)
(3.3886e-05 2.79892e-05 11.0135)
(4.98138e-05 1.69966e-05 11.0576)
(5.77055e-05 8.8571e-06 11.0765)
(2.41003e-05 1.81173e-05 10.8136)
(3.67224e-05 9.26727e-06 10.8533)
(4.35964e-05 6.08262e-06 10.8674)
(1.20613e-05 7.30444e-06 10.565)
(2.06074e-05 1.08072e-06 10.6054)
(2.55278e-05 3.02309e-06 10.6169)
(1.90921e-06 -1.98828e-06 10.2662)
(5.56576e-06 -5.9196e-06 10.31)
(7.99512e-06 2.26396e-07 10.3208)
(-5.45572e-06 -8.88181e-06 9.91166)
(-5.97491e-06 -1.10199e-05 9.95991)
(-6.02954e-06 -1.93602e-06 9.97145)
(-8.90846e-06 -1.26232e-05 9.48766)
(-1.23247e-05 -1.36975e-05 9.53995)
(-1.43972e-05 -3.19291e-06 9.55325)
(-8.15869e-06 -1.29637e-05 8.96347)
(-1.26204e-05 -1.36622e-05 9.01789)
(-1.5839e-05 -3.34503e-06 9.03354)
(-4.78471e-06 -1.1025e-05 8.26698)
(-8.73853e-06 -1.16461e-05 8.32122)
(-1.21406e-05 -2.57814e-06 8.34007)
(2.9883e-07 -7.11702e-06 6.91368)
(-2.13493e-06 -7.75454e-06 6.98676)
(-4.99215e-06 -9.66275e-07 7.01768)
(4.31226e-05 3.5722e-05 11.1647)
(5.79612e-05 2.35721e-05 11.2219)
(6.46454e-05 1.08935e-05 11.2473)
(3.33014e-05 2.75705e-05 11.0136)
(4.9024e-05 1.67223e-05 11.0576)
(5.6797e-05 8.74364e-06 11.0765)
(2.36537e-05 1.78366e-05 10.8137)
(3.61136e-05 9.10541e-06 10.8534)
(4.28914e-05 6.00897e-06 10.8674)
(1.17611e-05 7.15262e-06 10.565)
(2.01935e-05 1.02536e-06 10.6055)
(2.50528e-05 2.9868e-06 10.617)
(1.71572e-06 -2.04558e-06 10.2662)
(5.31255e-06 -5.89333e-06 10.3101)
(7.71577e-06 2.19744e-07 10.3209)
(-5.58142e-06 -8.87815e-06 9.9117)
(-6.12023e-06 -1.09406e-05 9.95997)
(-6.17113e-06 -1.92313e-06 9.97152)
(-9.00338e-06 -1.25883e-05 9.48768)
(-1.2416e-05 -1.35918e-05 9.53998)
(-1.44644e-05 -3.1705e-06 9.55329)
(-8.24236e-06 -1.29141e-05 8.96345)
(-1.26917e-05 -1.35475e-05 9.01788)
(-1.58746e-05 -3.32009e-06 9.03355)
(-4.86287e-06 -1.09681e-05 8.26693)
(-8.80582e-06 -1.15328e-05 8.32119)
(-1.21684e-05 -2.55525e-06 8.34004)
(2.33346e-07 -7.05544e-06 6.91361)
(-2.19015e-06 -7.64965e-06 6.9867)
(-5.00649e-06 -9.47812e-07 7.01762)
(4.24118e-05 3.51755e-05 11.1647)
(5.70661e-05 2.31989e-05 11.2219)
(6.36326e-05 1.0749e-05 11.2473)
(3.2735e-05 2.7165e-05 11.0136)
(4.82566e-05 1.64566e-05 11.0577)
(5.59127e-05 8.6332e-06 11.0765)
(2.32233e-05 1.75669e-05 10.8137)
(3.55246e-05 8.95024e-06 10.8534)
(4.22077e-05 5.9376e-06 10.8675)
(1.14746e-05 7.00954e-06 10.5651)
(1.97963e-05 9.74865e-07 10.6055)
(2.45955e-05 2.95211e-06 10.617)
(1.53364e-06 -2.09618e-06 10.2663)
(5.07312e-06 -5.86384e-06 10.3102)
(7.45068e-06 2.1408e-07 10.321)
(-5.69808e-06 -8.86969e-06 9.91174)
(-6.25466e-06 -1.08595e-05 9.96003)
(-6.30179e-06 -1.90979e-06 9.97159)
(-9.09151e-06 -1.25504e-05 9.48769)
(-1.24991e-05 -1.34857e-05 9.54001)
(-1.45237e-05 -3.1481e-06 9.55333)
(-8.32135e-06 -1.28632e-05 8.96343)
(-1.27574e-05 -1.34335e-05 9.01787)
(-1.59052e-05 -3.29558e-06 9.03355)
(-4.9382e-06 -1.09111e-05 8.26689)
(-8.86983e-06 -1.14213e-05 8.32115)
(-1.21937e-05 -2.53311e-06 8.34001)
(1.69245e-07 -6.99487e-06 6.91354)
(-2.2439e-06 -7.54707e-06 6.98664)
(-5.02021e-06 -9.30273e-07 7.01757)
(4.17206e-05 3.46441e-05 11.1647)
(5.6194e-05 2.28356e-05 11.2219)
(6.26448e-05 1.06081e-05 11.2472)
(3.21863e-05 2.67724e-05 11.0136)
(4.75106e-05 1.6199e-05 11.0577)
(5.50519e-05 8.52566e-06 11.0765)
(2.28087e-05 1.7308e-05 10.8138)
(3.49547e-05 8.80151e-06 10.8535)
(4.15447e-05 5.86842e-06 10.8675)
(1.12014e-05 6.87493e-06 10.5652)
(1.94155e-05 9.29026e-07 10.6056)
(2.41555e-05 2.91894e-06 10.6171)
(1.36249e-06 -2.14032e-06 10.2663)
(4.84694e-06 -5.8313e-06 10.3102)
(7.19945e-06 2.09365e-07 10.3211)
(-5.80607e-06 -8.85658e-06 9.91178)
(-6.37866e-06 -1.07769e-05 9.96009)
(-6.42179e-06 -1.89604e-06 9.97166)
(-9.17309e-06 -1.25095e-05 9.4877)
(-1.25743e-05 -1.33792e-05 9.54004)
(-1.45753e-05 -3.12575e-06 9.55337)
(-8.39587e-06 -1.28109e-05 8.96341)
(-1.28178e-05 -1.33203e-05 9.01787)
(-1.59309e-05 -3.27154e-06 9.03355)
(-5.01077e-06 -1.08542e-05 8.26684)
(-8.93054e-06 -1.13116e-05 8.32111)
(-1.22164e-05 -2.51176e-06 8.33998)
(1.06489e-07 -6.93518e-06 6.91347)
(-2.29611e-06 -7.44679e-06 6.98658)
(-5.0333e-06 -9.13704e-07 7.01751)
(4.10486e-05 3.41274e-05 11.1647)
(5.53443e-05 2.2482e-05 11.2218)
(6.16814e-05 1.04707e-05 11.2472)
(3.16549e-05 2.63923e-05 11.0136)
(4.67859e-05 1.59495e-05 11.0577)
(5.42141e-05 8.42094e-06 11.0765)
(2.24095e-05 1.70594e-05 10.8138)
(3.44037e-05 8.65906e-06 10.8535)
(4.0902e-05 5.80137e-06 10.8676)
(1.09413e-05 6.74858e-06 10.5652)
(1.90506e-05 8.87773e-07 10.6057)
(2.37324e-05 2.88728e-06 10.6172)
(1.20215e-06 -2.17813e-06 10.2664)
(4.63382e-06 -5.79568e-06 10.3103)
(6.96183e-06 2.05622e-07 10.3211)
(-5.90546e-06 -8.83892e-06 9.91182)
(-6.49229e-06 -1.06924e-05 9.96015)
(-6.5313e-06 -1.88182e-06 9.97173)
(-9.24812e-06 -1.24657e-05 9.48771)
(-1.26417e-05 -1.32722e-05 9.54007)
(-1.46193e-05 -3.10333e-06 9.55341)
(-8.46587e-06 -1.27573e-05 8.96339)
(-1.28728e-05 -1.32078e-05 9.01786)
(-1.59518e-05 -3.24783e-06 9.03356)
(-5.08061e-06 -1.07972e-05 8.26679)
(-8.98812e-06 -1.12034e-05 8.32108)
(-1.22366e-05 -2.49107e-06 8.33995)
(4.50433e-08 -6.87644e-06 6.9134)
(-2.34693e-06 -7.34866e-06 6.98652)
(-5.0458e-06 -8.97976e-07 7.01745)
(4.03952e-05 3.36251e-05 11.1647)
(5.45165e-05 2.2138e-05 11.2218)
(6.07419e-05 1.03366e-05 11.2472)
(3.11404e-05 2.60245e-05 11.0136)
(4.60817e-05 1.57078e-05 11.0577)
(5.33988e-05 8.31895e-06 11.0765)
(2.20252e-05 1.6821e-05 10.8139)
(3.38709e-05 8.52275e-06 10.8536)
(4.02792e-05 5.7364e-06 10.8676)
(1.06938e-05 6.63031e-06 10.5653)
(1.87013e-05 8.50993e-07 10.6058)
(2.33258e-05 2.85708e-06 10.6173)
(1.05223e-06 -2.20975e-06 10.2665)
(4.43342e-06 -5.75707e-06 10.3104)
(6.73756e-06 2.0282e-07 10.3212)
(-5.9966e-06 -8.81682e-06 9.91186)
(-6.59592e-06 -1.06064e-05 9.96021)
(-6.63053e-06 -1.86712e-06 9.9718)
(-9.31694e-06 -1.24191e-05 9.48772)
(-1.27015e-05 -1.31648e-05 9.5401)
(-1.46559e-05 -3.08087e-06 9.55345)
(-8.53162e-06 -1.27023e-05 8.96336)
(-1.29227e-05 -1.30959e-05 9.01785)
(-1.5968e-05 -3.22447e-06 9.03356)
(-5.14784e-06 -1.07402e-05 8.26675)
(-9.04258e-06 -1.10967e-05 8.32104)
(-1.22544e-05 -2.47105e-06 8.33993)
(-1.51258e-08 -6.81852e-06 6.91334)
(-2.39632e-06 -7.25263e-06 6.98645)
(-5.05768e-06 -8.83111e-07 7.01739)
(3.976e-05 3.31368e-05 11.1647)
(5.37101e-05 2.18031e-05 11.2218)
(5.98258e-05 1.02057e-05 11.2471)
(3.06422e-05 2.56686e-05 11.0137)
(4.53977e-05 1.54737e-05 11.0577)
(5.26057e-05 8.21963e-06 11.0766)
(2.16557e-05 1.65926e-05 10.8139)
(3.33561e-05 8.3924e-06 10.8536)
(3.96758e-05 5.67345e-06 10.8677)
(1.04588e-05 6.51989e-06 10.5653)
(1.83672e-05 8.186e-07 10.6058)
(2.29355e-05 2.82835e-06 10.6173)
(9.12673e-07 -2.23531e-06 10.2665)
(4.24559e-06 -5.71544e-06 10.3105)
(6.52635e-06 2.0099e-07 10.3213)
(-6.07947e-06 -8.79033e-06 9.9119)
(-6.68951e-06 -1.05185e-05 9.96027)
(-6.71965e-06 -1.85186e-06 9.97186)
(-9.37947e-06 -1.23697e-05 9.48773)
(-1.27539e-05 -1.30567e-05 9.54013)
(-1.46851e-05 -3.05822e-06 9.55349)
(-8.59302e-06 -1.26461e-05 8.96334)
(-1.29675e-05 -1.29845e-05 9.01785)
(-1.59795e-05 -3.20129e-06 9.03356)
(-5.21245e-06 -1.06832e-05 8.2667)
(-9.09407e-06 -1.09915e-05 8.321)
(-1.22698e-05 -2.45152e-06 8.3399)
(-7.40578e-08 -6.76152e-06 6.91327)
(-2.44443e-06 -7.15854e-06 6.98639)
(-5.06901e-06 -8.6894e-07 7.01734)
(3.91424e-05 3.2662e-05 11.1647)
(5.29245e-05 2.14772e-05 11.2218)
(5.89325e-05 1.00779e-05 11.2471)
(3.016e-05 2.53243e-05 11.0137)
(4.47333e-05 1.52469e-05 11.0577)
(5.1834e-05 8.12287e-06 11.0766)
(2.13003e-05 1.63737e-05 10.814)
(3.28587e-05 8.26781e-06 10.8537)
(3.90914e-05 5.61246e-06 10.8677)
(1.02357e-05 6.41712e-06 10.5654)
(1.80477e-05 7.90428e-07 10.6059)
(2.2561e-05 2.80101e-06 10.6174)
(7.8298e-07 -2.25496e-06 10.2666)
(4.06989e-06 -5.67092e-06 10.3105)
(6.32792e-06 2.00084e-07 10.3214)
(-6.15448e-06 -8.75957e-06 9.91194)
(-6.77355e-06 -1.0429e-05 9.96033)
(-6.79888e-06 -1.83609e-06 9.97193)
(-9.4361e-06 -1.23175e-05 9.48774)
(-1.27991e-05 -1.2948e-05 9.54015)
(-1.47071e-05 -3.03544e-06 9.55353)
(-8.65041e-06 -1.25885e-05 8.96332)
(-1.30074e-05 -1.28736e-05 9.01784)
(-1.59864e-05 -3.17835e-06 9.03356)
(-5.27461e-06 -1.0626e-05 8.26665)
(-9.14258e-06 -1.08876e-05 8.32097)
(-1.22828e-05 -2.43254e-06 8.33987)
(-1.31816e-07 -6.70523e-06 6.9132)
(-2.4912e-06 -7.06636e-06 6.98633)
(-5.07975e-06 -8.55512e-07 7.01728)
(3.85423e-05 3.22007e-05 11.1647)
(5.21594e-05 2.11601e-05 11.2217)
(5.80617e-05 9.9532e-06 11.247)
(2.96935e-05 2.49913e-05 11.0137)
(4.40883e-05 1.50274e-05 11.0578)
(5.10834e-05 8.02865e-06 11.0766)
(2.09589e-05 1.61643e-05 10.814)
(3.23784e-05 8.14898e-06 10.8537)
(3.85256e-05 5.55343e-06 10.8678)
(1.00246e-05 6.32186e-06 10.5655)
(1.77429e-05 7.66542e-07 10.606)
(2.2202e-05 2.77513e-06 10.6175)
(6.63223e-07 -2.26877e-06 10.2666)
(3.90621e-06 -5.62339e-06 10.3106)
(6.1421e-06 2.00202e-07 10.3215)
(-6.22155e-06 -8.72456e-06 9.91197)
(-6.84796e-06 -1.03377e-05 9.96038)
(-6.86834e-06 -1.81967e-06 9.972)
(-9.48668e-06 -1.22625e-05 9.48776)
(-1.2837e-05 -1.28386e-05 9.54018)
(-1.47221e-05 -3.01236e-06 9.55357)
(-8.70361e-06 -1.25296e-05 8.9633)
(-1.30424e-05 -1.2763e-05 9.01783)
(-1.59888e-05 -3.15544e-06 9.03357)
(-5.33429e-06 -1.05689e-05 8.26661)
(-9.18832e-06 -1.07849e-05 8.32093)
(-1.22935e-05 -2.41388e-06 8.33984)
(-1.88436e-07 -6.6498e-06 6.91313)
(-2.53683e-06 -6.97586e-06 6.98627)
(-5.08997e-06 -8.42605e-07 7.01722)
(3.7959e-05 3.17522e-05 11.1647)
(5.14141e-05 2.08514e-05 11.2217)
(5.72126e-05 9.83146e-06 11.247)
(2.92421e-05 2.46692e-05 11.0137)
(4.34618e-05 1.48149e-05 11.0578)
(5.03535e-05 7.93685e-06 11.0766)
(2.06309e-05 1.59639e-05 10.8141)
(3.19146e-05 8.03559e-06 10.8538)
(3.79779e-05 5.49626e-06 10.8678)
(9.82477e-06 6.23381e-06 10.5655)
(1.74521e-05 7.46665e-07 10.606)
(2.18581e-05 2.75059e-06 10.6175)
(5.52843e-07 -2.27704e-06 10.2667)
(3.75397e-06 -5.57313e-06 10.3107)
(5.96848e-06 2.01231e-07 10.3215)
(-6.28116e-06 -8.68549e-06 9.91201)
(-6.91337e-06 -1.02447e-05 9.96044)
(-6.92829e-06 -1.80274e-06 9.97206)
(-9.53164e-06 -1.22049e-05 9.48777)
(-1.28682e-05 -1.27286e-05 9.54021)
(-1.473e-05 -2.98911e-06 9.55361)
(-8.75298e-06 -1.24695e-05 8.96328)
(-1.30728e-05 -1.26527e-05 9.01783)
(-1.59867e-05 -3.13271e-06 9.03357)
(-5.39158e-06 -1.05115e-05 8.26656)
(-9.23119e-06 -1.06833e-05 8.32089)
(-1.23018e-05 -2.39569e-06 8.33981)
(-2.43902e-07 -6.59505e-06 6.91307)
(-2.58117e-06 -6.88712e-06 6.98621)
(-5.09962e-06 -8.30364e-07 7.01716)
(3.73921e-05 3.13162e-05 11.1646)
(5.06883e-05 2.0551e-05 11.2217)
(5.6385e-05 9.71261e-06 11.247)
(2.88056e-05 2.43578e-05 11.0137)
(4.28537e-05 1.46091e-05 11.0578)
(4.96437e-05 7.84744e-06 11.0766)
(2.03163e-05 1.57724e-05 10.8141)
(3.14672e-05 7.92759e-06 10.8538)
(3.7448e-05 5.44095e-06 10.8679)
(9.63628e-06 6.15281e-06 10.5656)
(1.71751e-05 7.30823e-07 10.6061)
(2.15291e-05 2.72744e-06 10.6176)
(4.51953e-07 -2.27981e-06 10.2667)
(3.61317e-06 -5.52002e-06 10.3107)
(5.80687e-06 2.03255e-07 10.3216)
(-6.33312e-06 -8.64238e-06 9.91205)
(-6.96955e-06 -1.01499e-05 9.9605)
(-6.97888e-06 -1.78515e-06 9.97213)
(-9.57073e-06 -1.21446e-05 9.48778)
(-1.28922e-05 -1.26178e-05 9.54024)
(-1.47311e-05 -2.96549e-06 9.55365)
(-8.79825e-06 -1.2408e-05 8.96326)
(-1.30984e-05 -1.25426e-05 9.01782)
(-1.59802e-05 -3.10991e-06 9.03357)
(-5.44649e-06 -1.04542e-05 8.26651)
(-9.27141e-06 -1.05828e-05 8.32086)
(-1.23079e-05 -2.37771e-06 8.33977)
(-2.98275e-07 -6.54117e-06 6.913)
(-2.62447e-06 -6.79993e-06 6.98615)
(-5.10877e-06 -8.18531e-07 7.0171)
(3.68413e-05 3.08927e-05 11.1646)
(4.99815e-05 2.02586e-05 11.2217)
(5.55782e-05 9.59658e-06 11.2469)
(2.83835e-05 2.40569e-05 11.0138)
(4.22635e-05 1.441e-05 11.0578)
(4.89536e-05 7.76036e-06 11.0766)
(2.00145e-05 1.55896e-05 10.8141)
(3.10355e-05 7.82486e-06 10.8539)
(3.69354e-05 5.38743e-06 10.8679)
(9.45855e-06 6.07875e-06 10.5656)
(1.69115e-05 7.18887e-07 10.6062)
(2.12147e-05 2.70562e-06 10.6177)
(3.59952e-07 -2.27718e-06 10.2668)
(3.48333e-06 -5.46419e-06 10.3108)
(5.657e-06 2.06209e-07 10.3217)
(-6.378e-06 -8.59529e-06 9.91209)
(-7.01715e-06 -1.00535e-05 9.96055)
(-7.02032e-06 -1.76698e-06 9.97219)
(-9.60454e-06 -1.20818e-05 9.48779)
(-1.29099e-05 -1.25063e-05 9.54027)
(-1.47254e-05 -2.94164e-06 9.55368)
(-8.83999e-06 -1.23453e-05 8.96324)
(-1.31196e-05 -1.24328e-05 9.01781)
(-1.59693e-05 -3.0872e-06 9.03357)
(-5.49922e-06 -1.03966e-05 8.26647)
(-9.30891e-06 -1.04833e-05 8.32082)
(-1.23117e-05 -2.36008e-06 8.33974)
(-3.51657e-07 -6.48779e-06 6.91293)
(-2.66657e-06 -6.71427e-06 6.98608)
(-5.11736e-06 -8.07242e-07 7.01704)
(3.63062e-05 3.04811e-05 11.1646)
(4.92932e-05 1.99741e-05 11.2216)
(5.47919e-05 9.48328e-06 11.2469)
(2.79756e-05 2.37662e-05 11.0138)
(4.16907e-05 1.42174e-05 11.0578)
(4.82828e-05 7.67556e-06 11.0766)
(1.97253e-05 1.54153e-05 10.8142)
(3.06194e-05 7.72728e-06 10.8539)
(3.64399e-05 5.3357e-06 10.868)
(9.29163e-06 6.01142e-06 10.5657)
(1.66611e-05 7.10847e-07 10.6062)
(2.09144e-05 2.68516e-06 10.6178)
(2.77052e-07 -2.26929e-06 10.2668)
(3.36447e-06 -5.40554e-06 10.3109)
(5.51868e-06 2.10175e-07 10.3218)
(-6.41552e-06 -8.54431e-06 9.91213)
(-7.05581e-06 -9.95517e-06 9.96061)
(-7.0527e-06 -1.7481e-06 9.97226)
(-9.63263e-06 -1.20163e-05 9.4878)
(-1.29207e-05 -1.23938e-05 9.5403)
(-1.47131e-05 -2.91732e-06 9.55372)
(-8.87771e-06 -1.22813e-05 8.96322)
(-1.31363e-05 -1.2323e-05 9.01781)
(-1.59542e-05 -3.06432e-06 9.03357)
(-5.54963e-06 -1.0339e-05 8.26642)
(-9.3439e-06 -1.03846e-05 8.32078)
(-1.23134e-05 -2.34255e-06 8.33971)
(-4.04005e-07 -6.43525e-06 6.91286)
(-2.70775e-06 -6.62997e-06 6.98602)
(-5.12548e-06 -7.96227e-07 7.01699)
(3.57863e-05 3.00811e-05 11.1646)
(4.8623e-05 1.96971e-05 11.2216)
(5.40254e-05 9.37263e-06 11.2469)
(2.75812e-05 2.34852e-05 11.0138)
(4.11348e-05 1.40309e-05 11.0578)
(4.76306e-05 7.59293e-06 11.0766)
(1.94481e-05 1.5249e-05 10.8142)
(3.02182e-05 7.63459e-06 10.854)
(3.59608e-05 5.28565e-06 10.868)
(9.13482e-06 5.9505e-06 10.5657)
(1.64233e-05 7.06406e-07 10.6063)
(2.06278e-05 2.66594e-06 10.6178)
(2.02527e-07 -2.25644e-06 10.2669)
(3.25593e-06 -5.3444e-06 10.3109)
(5.39152e-06 2.15003e-07 10.3218)
(-6.44634e-06 -8.48969e-06 9.91217)
(-7.08639e-06 -9.85541e-06 9.96066)
(-7.07633e-06 -1.72868e-06 9.97232)
(-9.6557e-06 -1.19485e-05 9.48781)
(-1.29254e-05 -1.22808e-05 9.54032)
(-1.46942e-05 -2.8928e-06 9.55376)
(-8.91202e-06 -1.22162e-05 8.9632)
(-1.31486e-05 -1.22135e-05 9.0178)
(-1.59348e-05 -3.04152e-06 9.03358)
(-5.59786e-06 -1.02811e-05 8.26637)
(-9.37622e-06 -1.02869e-05 8.32075)
(-1.23128e-05 -2.32537e-06 8.33968)
(-4.55295e-07 -6.38324e-06 6.9128)
(-2.74771e-06 -6.54718e-06 6.98596)
(-5.13304e-06 -7.8576e-07 7.01693)
(3.52814e-05 2.96925e-05 11.1646)
(4.79705e-05 1.94276e-05 11.2216)
(5.32786e-05 9.2646e-06 11.2468)
(2.72005e-05 2.32139e-05 11.0138)
(4.05957e-05 1.38507e-05 11.0579)
(4.6997e-05 7.51249e-06 11.0766)
(1.91832e-05 1.50908e-05 10.8143)
(2.98319e-05 7.54687e-06 10.854)
(3.5498e-05 5.23735e-06 10.8681)
(8.98844e-06 5.89597e-06 10.5658)
(1.61982e-05 7.05764e-07 10.6064)
(2.03549e-05 2.64808e-06 10.6179)
(1.36799e-07 -2.23856e-06 10.267)
(3.15795e-06 -5.28047e-06 10.311)
(5.27544e-06 2.2088e-07 10.3219)
(-6.47003e-06 -8.43136e-06 9.91221)
(-7.1083e-06 -9.75369e-06 9.96072)
(-7.09126e-06 -1.70848e-06 9.97238)
(-9.67321e-06 -1.18782e-05 9.48783)
(-1.29235e-05 -1.21667e-05 9.54035)
(-1.46689e-05 -2.8677e-06 9.5538)
(-8.94241e-06 -1.21498e-05 8.96318)
(-1.31566e-05 -1.21038e-05 9.01779)
(-1.59112e-05 -3.01843e-06 9.03358)
(-5.64388e-06 -1.02233e-05 8.26633)
(-9.40619e-06 -1.01899e-05 8.32071)
(-1.23101e-05 -2.30813e-06 8.33965)
(-5.05609e-07 -6.33211e-06 6.91273)
(-2.78687e-06 -6.46558e-06 6.9859)
(-5.14017e-06 -7.75421e-07 7.01687)
(3.47908e-05 2.93149e-05 11.1646)
(4.73351e-05 1.91653e-05 11.2216)
(5.25505e-05 9.15907e-06 11.2468)
(2.68324e-05 2.29519e-05 11.0138)
(4.00726e-05 1.36764e-05 11.0579)
(4.63811e-05 7.43412e-06 11.0766)
(1.89295e-05 1.49402e-05 10.8143)
(2.94596e-05 7.46378e-06 10.8541)
(3.50508e-05 5.19065e-06 10.8681)
(8.8515e-06 5.84756e-06 10.5659)
(1.5985e-05 7.08552e-07 10.6064)
(2.0095e-05 2.63141e-06 10.618)
(7.88685e-08 -2.21592e-06 10.267)
(3.06972e-06 -5.21413e-06 10.3111)
(5.16991e-06 2.27605e-07 10.322)
(-6.48747e-06 -8.36946e-06 9.91224)
(-7.12265e-06 -9.65057e-06 9.96077)
(-7.0979e-06 -1.68772e-06 9.97245)
(-9.68607e-06 -1.18055e-05 9.48784)
(-1.29159e-05 -1.20521e-05 9.54038)
(-1.46375e-05 -2.84238e-06 9.55383)
(-8.96973e-06 -1.20823e-05 8.96317)
(-1.31606e-05 -1.19943e-05 9.01779)
(-1.58836e-05 -2.99538e-06 9.03358)
(-5.68794e-06 -1.01652e-05 8.26628)
(-9.43361e-06 -1.00938e-05 8.32067)
(-1.23052e-05 -2.29118e-06 8.33962)
(-5.55039e-07 -6.2813e-06 6.91266)
(-2.82486e-06 -6.38532e-06 6.98584)
(-5.14674e-06 -7.6555e-07 7.01681)
(3.43142e-05 2.89478e-05 11.1646)
(4.67163e-05 1.89098e-05 11.2216)
(5.18408e-05 9.05596e-06 11.2468)
(2.64771e-05 2.26988e-05 11.0138)
(3.9565e-05 1.35077e-05 11.0579)
(4.57824e-05 7.35775e-06 11.0766)
(1.86871e-05 1.4797e-05 10.8144)
(2.91012e-05 7.3852e-06 10.8541)
(3.46187e-05 5.14555e-06 10.8682)
(8.7243e-06 5.80493e-06 10.5659)
(1.57835e-05 7.1478e-07 10.6065)
(1.98477e-05 2.61599e-06 10.618)
(2.92686e-08 -2.18873e-06 10.2671)
(2.9914e-06 -5.14525e-06 10.3112)
(5.07468e-06 2.35309e-07 10.3221)
(-6.49807e-06 -8.30421e-06 9.91228)
(-7.12866e-06 -9.5456e-06 9.96083)
(-7.09635e-06 -1.66621e-06 9.97251)
(-9.69346e-06 -1.17306e-05 9.48785)
(-1.29018e-05 -1.19364e-05 9.54041)
(-1.45998e-05 -2.81645e-06 9.55387)
(-8.99306e-06 -1.20136e-05 8.96315)
(-1.31603e-05 -1.18847e-05 9.01778)
(-1.5852e-05 -2.97196e-06 9.03358)
(-5.72975e-06 -1.01072e-05 8.26624)
(-9.45882e-06 -9.99825e-06 8.32064)
(-1.22983e-05 -2.27409e-06 8.33959)
(-6.03447e-07 -6.23155e-06 6.91259)
(-2.86218e-06 -6.30622e-06 6.98577)
(-5.15293e-06 -7.55707e-07 7.01675)
(3.38502e-05 2.85907e-05 11.1646)
(4.61129e-05 1.86607e-05 11.2215)
(5.11481e-05 8.95511e-06 11.2467)
(2.61328e-05 2.24539e-05 11.0139)
(3.90716e-05 1.33441e-05 11.0579)
(4.51996e-05 7.2832e-06 11.0767)
(1.84546e-05 1.46605e-05 10.8144)
(2.87553e-05 7.31057e-06 10.8542)
(3.42004e-05 5.10181e-06 10.8682)
(8.60524e-06 5.76765e-06 10.566)
(1.55925e-05 7.23827e-07 10.6066)
(1.96118e-05 2.60155e-06 10.6181)
(-1.36609e-08 -2.15742e-06 10.2671)
(2.92156e-06 -5.07448e-06 10.3112)
(4.98875e-06 2.43661e-07 10.3221)
(-6.50329e-06 -8.23586e-06 9.91232)
(-7.12822e-06 -9.43969e-06 9.96088)
(-7.08745e-06 -1.64433e-06 9.97257)
(-9.69694e-06 -1.16536e-05 9.48786)
(-1.28828e-05 -1.18205e-05 9.54044)
(-1.45567e-05 -2.79048e-06 9.55391)
(-9.01392e-06 -1.1944e-05 8.96313)
(-1.31564e-05 -1.17755e-05 9.01778)
(-1.58168e-05 -2.94875e-06 9.03358)
(-5.76988e-06 -1.00489e-05 8.26619)
(-9.48163e-06 -9.90373e-06 8.3206)
(-1.22894e-05 -2.25742e-06 8.33956)
(-6.51052e-07 -6.18198e-06 6.91253)
(-2.89828e-06 -6.2285e-06 6.98571)
(-5.15857e-06 -7.4643e-07 7.01669)
(3.3397e-05 2.82415e-05 11.1646)
(4.55228e-05 1.84165e-05 11.2215)
(5.04698e-05 8.85608e-06 11.2467)
(2.57981e-05 2.22156e-05 11.0139)
(3.85905e-05 1.31843e-05 11.0579)
(4.46302e-05 7.21005e-06 11.0767)
(1.82306e-05 1.45292e-05 10.8144)
(2.842e-05 7.23871e-06 10.8542)
(3.37938e-05 5.05911e-06 10.8682)
(8.49362e-06 5.73423e-06 10.566)
(1.54105e-05 7.34776e-07 10.6066)
(1.93855e-05 2.58783e-06 10.6182)
(-5.00049e-08 -2.12316e-06 10.2672)
(2.85943e-06 -5.00249e-06 10.3113)
(4.9106e-06 2.5252e-07 10.3222)
(-6.50292e-06 -8.16544e-06 9.91236)
(-7.12094e-06 -9.33293e-06 9.96094)
(-7.07223e-06 -1.62208e-06 9.97263)
(-9.69569e-06 -1.15754e-05 9.48788)
(-1.28584e-05 -1.17043e-05 9.54046)
(-1.45087e-05 -2.76418e-06 9.55394)
(-9.03114e-06 -1.1874e-05 8.96311)
(-1.31491e-05 -1.16668e-05 9.01777)
(-1.57783e-05 -2.92541e-06 9.03359)
(-5.80791e-06 -9.99139e-06 8.26615)
(-9.50261e-06 -9.81039e-06 8.32056)
(-1.22789e-05 -2.24079e-06 8.33953)
(-6.9757e-07 -6.13395e-06 6.91246)
(-2.93379e-06 -6.15238e-06 6.98565)
(-5.16399e-06 -7.37335e-07 7.01663)
(3.2948e-05 2.78965e-05 11.1646)
(4.49397e-05 1.81738e-05 11.2215)
(4.97991e-05 8.75783e-06 11.2467)
(2.54667e-05 2.19803e-05 11.0139)
(3.8115e-05 1.3025e-05 11.0579)
(4.40671e-05 7.13723e-06 11.0767)
(1.80096e-05 1.43997e-05 10.8145)
(2.80893e-05 7.16662e-06 10.8543)
(3.33922e-05 5.01639e-06 10.8683)
(8.38432e-06 5.70182e-06 10.5661)
(1.5232e-05 7.44827e-07 10.6067)
(1.91631e-05 2.5738e-06 10.6182)
(-8.42716e-08 -2.08841e-06 10.2672)
(2.8002e-06 -4.9318e-06 10.3114)
(4.83554e-06 2.60867e-07 10.3223)
(-6.50055e-06 -8.09477e-06 9.9124)
(-7.11151e-06 -9.2279e-06 9.96099)
(-7.05428e-06 -1.60044e-06 9.97269)
(-9.69289e-06 -1.14972e-05 9.48789)
(-1.2832e-05 -1.15901e-05 9.54049)
(-1.44582e-05 -2.73873e-06 9.55398)
(-9.04732e-06 -1.18046e-05 8.96309)
(-1.31397e-05 -1.15603e-05 9.01776)
(-1.57381e-05 -2.90302e-06 9.03359)
(-5.84472e-06 -9.93433e-06 8.26611)
(-9.5217e-06 -9.71926e-06 8.32053)
(-1.22673e-05 -2.22522e-06 8.3395)
(-7.43139e-07 -6.0865e-06 6.91239)
(-2.96782e-06 -6.07859e-06 6.98559)
(-5.16894e-06 -7.29357e-07 7.01657)
(3.24862e-05 2.75424e-05 11.1645)
(4.43472e-05 1.79208e-05 11.2215)
(4.9117e-05 8.65654e-06 11.2466)
(2.51225e-05 2.17354e-05 11.0139)
(3.76287e-05 1.28549e-05 11.058)
(4.34922e-05 7.06086e-06 11.0767)
(1.77781e-05 1.42606e-05 10.8145)
(2.77488e-05 7.08373e-06 10.8543)
(3.29796e-05 4.96995e-06 10.8683)
(8.26686e-06 5.66001e-06 10.5661)
(1.50454e-05 7.44364e-07 10.6067)
(1.89312e-05 2.55595e-06 10.6183)
(-1.2378e-07 -2.06202e-06 10.2673)
(2.73531e-06 -4.87095e-06 10.3114)
(4.75311e-06 2.65523e-07 10.3223)
(-6.50093e-06 -8.0313e-06 9.91244)
(-7.10464e-06 -9.13159e-06 9.96104)
(-7.04089e-06 -1.58222e-06 9.97275)
(-9.69078e-06 -1.14254e-05 9.4879)
(-1.28061e-05 -1.1484e-05 9.54052)
(-1.44101e-05 -2.7164e-06 9.55401)
(-9.06286e-06 -1.17407e-05 8.96307)
(-1.31303e-05 -1.14617e-05 9.01776)
(-1.56995e-05 -2.88375e-06 9.03359)
(-5.88045e-06 -9.88277e-06 8.26606)
(-9.54001e-06 -9.63606e-06 8.32049)
(-1.22565e-05 -2.21278e-06 8.33948)
(-7.86839e-07 -6.04423e-06 6.91232)
(-3.00023e-06 -6.01276e-06 6.98553)
(-5.17426e-06 -7.24612e-07 7.01652)
(3.19669e-05 2.71498e-05 11.1645)
(4.36953e-05 1.7633e-05 11.2214)
(4.83646e-05 8.54482e-06 11.2466)
(2.47278e-05 2.14578e-05 11.0139)
(3.70839e-05 1.26534e-05 11.058)
(4.28507e-05 6.97425e-06 11.0767)
(1.75067e-05 1.4094e-05 10.8145)
(2.73582e-05 6.97419e-06 10.8543)
(3.25097e-05 4.91446e-06 10.8684)
(8.11931e-06 5.59622e-06 10.5662)
(1.4819e-05 7.21965e-07 10.6068)
(1.86542e-05 2.53025e-06 10.6183)
(-1.83659e-07 -2.05188e-06 10.2673)
(2.64215e-06 -4.82729e-06 10.3115)
(4.6381e-06 2.63653e-07 10.3224)
(-6.51366e-06 -7.97883e-06 9.91247)
(-7.11629e-06 -9.04836e-06 9.9611)
(-7.04834e-06 -1.56915e-06 9.97281)
(-9.69593e-06 -1.13609e-05 9.48791)
(-1.2791e-05 -1.13879e-05 9.54055)
(-1.43738e-05 -2.6984e-06 9.55405)
(-9.08235e-06 -1.16819e-05 8.96306)
(-1.31257e-05 -1.13708e-05 9.01775)
(-1.5667e-05 -2.86815e-06 9.03359)
(-5.91673e-06 -9.83374e-06 8.26602)
(-9.55871e-06 -9.55876e-06 8.32046)
(-1.22478e-05 -2.20355e-06 8.33945)
(-8.29574e-07 -6.00302e-06 6.91226)
(-3.03082e-06 -5.95148e-06 6.98546)
(-5.17938e-06 -7.22668e-07 7.01646)
(3.12039e-05 2.65801e-05 11.1645)
(4.28168e-05 1.71797e-05 11.2214)
(4.73601e-05 8.37986e-06 11.2466)
(2.41108e-05 2.10162e-05 11.0139)
(3.63143e-05 1.22881e-05 11.058)
(4.19728e-05 6.82914e-06 11.0767)
(1.70612e-05 1.37802e-05 10.8146)
(2.67831e-05 6.71166e-06 10.8544)
(3.18435e-05 4.80074e-06 10.8684)
(7.84779e-06 5.40752e-06 10.5662)
(1.44586e-05 5.6129e-07 10.6069)
(1.82322e-05 2.44827e-06 10.6184)
(-3.19193e-07 -2.14182e-06 10.2674)
(2.4681e-06 -4.90493e-06 10.3115)
(4.42919e-06 2.09203e-07 10.3225)
(-6.56477e-06 -8.0052e-06 9.91251)
(-7.16515e-06 -9.07124e-06 9.96115)
(-7.10575e-06 -1.60459e-06 9.97287)
(-9.71355e-06 -1.13598e-05 9.48793)
(-1.2783e-05 -1.13881e-05 9.54057)
(-1.43585e-05 -2.72664e-06 9.55409)
(-9.09725e-06 -1.16761e-05 8.96304)
(-1.31105e-05 -1.1371e-05 9.01775)
(-1.56418e-05 -2.89814e-06 9.03359)
(-5.93809e-06 -9.83235e-06 8.26597)
(-9.556e-06 -9.57149e-06 8.32042)
(-1.22407e-05 -2.24089e-06 8.33942)
(-8.49079e-07 -6.00735e-06 6.91219)
(-3.03132e-06 -5.98359e-06 6.9854)
(-5.18156e-06 -7.70008e-07 7.0164)
(2.98238e-05 2.56105e-05 11.1645)
(4.11865e-05 1.63702e-05 11.2214)
(4.54572e-05 8.09696e-06 11.2466)
(2.30368e-05 2.03e-05 11.014)
(3.48824e-05 1.16599e-05 11.058)
(4.03094e-05 6.58873e-06 11.0767)
(1.6339e-05 1.33105e-05 10.8146)
(2.573e-05 6.29064e-06 10.8544)
(3.05894e-05 4.62621e-06 10.8684)
(7.46991e-06 5.17935e-06 10.5663)
(1.38253e-05 3.41534e-07 10.6069)
(1.74597e-05 2.33903e-06 10.6185)
(-4.25103e-07 -2.17325e-06 10.2674)
(2.21403e-06 -4.95505e-06 10.3116)
(4.09454e-06 1.58205e-07 10.3225)
(-6.50878e-06 -7.91185e-06 9.91255)
(-7.16177e-06 -9.00763e-06 9.9612)
(-7.12923e-06 -1.61435e-06 9.97293)
(-9.60729e-06 -1.1219e-05 9.48794)
(-1.26668e-05 -1.12735e-05 9.5406)
(-1.42318e-05 -2.71679e-06 9.55412)
(-9.0143e-06 -1.15426e-05 8.96302)
(-1.29919e-05 -1.12538e-05 9.01774)
(-1.54941e-05 -2.88664e-06 9.0336)
(-5.92016e-06 -9.73985e-06 8.26593)
(-9.50118e-06 -9.48165e-06 8.32039)
(-1.21496e-05 -2.23932e-06 8.33939)
(-8.82428e-07 -5.94961e-06 6.91212)
(-3.03842e-06 -5.92426e-06 6.98534)
(-5.15515e-06 -7.80966e-07 7.01634)
(2.51384e-05 2.23766e-05 11.1645)
(3.67032e-05 1.33989e-05 11.2214)
(4.06398e-05 7.0734e-06 11.2465)
(1.88156e-05 1.7371e-05 11.014)
(3.0511e-05 8.75047e-06 11.058)
(3.5775e-05 5.47492e-06 11.0767)
(1.32638e-05 1.08592e-05 10.8147)
(2.23393e-05 3.6692e-06 10.8545)
(2.69747e-05 3.54344e-06 10.8685)
(5.82365e-06 3.45464e-06 10.5663)
(1.18311e-05 -1.81732e-06 10.607)
(1.52021e-05 1.35691e-06 10.6185)
(-6.74994e-07 -3.07765e-06 10.2675)
(1.72887e-06 -6.5591e-06 10.3117)
(3.28872e-06 -6.72391e-07 10.3226)
(-5.71869e-06 -8.12983e-06 9.91258)
(-6.44686e-06 -1.01269e-05 9.96125)
(-6.79636e-06 -2.30109e-06 9.97299)
(-8.27442e-06 -1.10259e-05 9.48795)
(-1.13016e-05 -1.20868e-05 9.54063)
(-1.33287e-05 -3.30847e-06 9.55416)
(-7.61356e-06 -1.12521e-05 8.96301)
(-1.15198e-05 -1.19701e-05 9.01774)
(-1.454e-05 -3.44445e-06 9.0336)
(-4.85929e-06 -9.6681e-06 8.26589)
(-8.39574e-06 -1.03293e-05 8.32035)
(-1.1611e-05 -2.84173e-06 8.33936)
(-2.93574e-07 -6.2489e-06 6.91206)
(-2.38018e-06 -7.0137e-06 6.98528)
(-4.98141e-06 -1.45755e-06 7.01628)
(1.21999e-05 1.49117e-05 11.1645)
(2.09006e-05 6.75057e-06 11.2214)
(2.20578e-05 4.73791e-06 11.2465)
(8.46656e-06 1.21213e-05 11.014)
(1.60778e-05 3.92356e-06 11.058)
(1.89811e-05 3.62317e-06 11.0767)
(6.63426e-06 7.89914e-06 10.8147)
(1.17687e-05 9.04549e-07 10.8545)
(1.43236e-05 2.3886e-06 10.8685)
(3.39228e-06 3.06219e-06 10.5663)
(6.32439e-06 -2.43047e-06 10.607)
(8.21864e-06 9.44471e-07 10.6186)
(8.30238e-07 -9.87903e-07 10.2675)
(1.50164e-06 -5.13405e-06 10.3117)
(2.27821e-06 -3.41987e-07 10.3227)
(-1.27836e-06 -4.09979e-06 9.91261)
(-2.35102e-06 -7.10718e-06 9.96129)
(-2.72256e-06 -1.36238e-06 9.97304)
(-2.39501e-06 -6.0002e-06 9.48796)
(-4.64857e-06 -8.19087e-06 9.54065)
(-6.059e-06 -2.00867e-06 9.55419)
(-2.05859e-06 -6.44108e-06 8.96299)
(-4.6569e-06 -8.11978e-06 9.01773)
(-6.70843e-06 -2.11824e-06 9.03361)
(-9.50954e-07 -6.0171e-06 8.26585)
(-3.28576e-06 -7.26506e-06 8.32032)
(-5.533e-06 -1.77449e-06 8.33934)
(1.03691e-06 -4.42657e-06 6.912)
(-5.14938e-07 -5.23265e-06 6.98522)
(-2.4977e-06 -8.48264e-07 7.01623)
)
;

boundaryField
{
    inlet
    {
        type            fixedValue;
        value           uniform (0 0 10);
    }
    outlet
    {
        type            zeroGradient;
    }
    pipe
    {
        type            noSlip;
    }
    symY
    {
        type            symmetryPlane;
    }
    symX
    {
        type            symmetryPlane;
    }
}


// ************************************************************************* //
