/*--------------------------------*- C++ -*----------------------------------*\
| =========                 |                                                 |
| \\      /  F ield         | OpenFOAM: The Open Source CFD Toolbox           |
|  \\    /   O peration     | Version:  2412                                  |
|   \\  /    A nd           | Website:  www.openfoam.com                      |
|    \\/     M anipulation  |                                                 |
\*---------------------------------------------------------------------------*/
FoamFile
{
    version     2.0;
    format      ascii;
    arch        "LSB;label=32;scalar=64";
    class       volScalarField;
    location    "200";
    object      nut;
}
// * * * * * * * * * * * * * * * * * * * * * * * * * * * * * * * * * * * * * //

dimensions      [0 2 -1 0 0 0 0];

internalField   nonuniform List<scalar> 
22770
(
0.000676922
0.000676691
0.000675958
0.000676691
0.00067651
0.00067546
0.000675958
0.00067546
0.000673801
0.000677354
0.00067707
0.000676104
0.00067707
0.000676799
0.000675398
0.000676104
0.000675398
0.000673024
0.000677995
0.000677544
0.000675944
0.000677544
0.000677018
0.000674722
0.000675944
0.000674722
0.000670742
0.000678674
0.000677864
0.000675024
0.000677864
0.000676823
0.000672873
0.000675024
0.000672873
0.000666235
0.000679161
0.000677724
0.000672898
0.000677724
0.000675836
0.000669366
0.000672898
0.000669366
0.000659083
0.000679161
0.000676783
0.000669192
0.000676783
0.000673692
0.000663879
0.000669192
0.00066388
0.000649203
0.000678391
0.00067475
0.00066369
0.00067475
0.000670118
0.0006563
0.00066369
0.0006563
0.000636812
0.000676648
0.000671443
0.00065636
0.000671443
0.000664994
0.000646726
0.00065636
0.000646727
0.000622329
0.000673866
0.00066685
0.000647364
0.00066685
0.000658377
0.000635436
0.000647365
0.000635436
0.000606286
0.000670125
0.000661106
0.000637007
0.000661107
0.00065048
0.000622823
0.000637008
0.000622823
0.000589236
0.00066559
0.00065442
0.000625641
0.000654421
0.000641573
0.0006093
0.000625642
0.000609301
0.000571675
0.000660512
0.000647019
0.000613575
0.00064702
0.000631906
0.000595206
0.000613577
0.000595207
0.000553967
0.000655376
0.000639267
0.000601127
0.000639268
0.000621786
0.000580829
0.000601129
0.00058083
0.000536357
0.000651191
0.000632019
0.000588899
0.00063202
0.000611917
0.000566659
0.000588902
0.00056666
0.000519154
0.000649621
0.000626947
0.000578199
0.000626947
0.000603835
0.000553807
0.000578201
0.000553808
0.000503094
0.000652591
0.000626361
0.000571192
0.000626359
0.000599949
0.000544291
0.000571191
0.000544292
0.000489668
0.000661363
0.000632198
0.000570308
0.000632194
0.00060268
0.000540677
0.000570302
0.000540676
0.000481045
0.000675695
0.000644712
0.000576838
0.000644704
0.000612891
0.00054474
0.000576826
0.000544736
0.000479266
0.000693763
0.00066201
0.000589692
0.000661998
0.000628951
0.000555927
0.000589671
0.000555918
0.000484806
0.000712754
0.000680761
0.000605625
0.000680746
0.00064729
0.000571015
0.000605595
0.000571
0.000495667
0.000729629
0.000697258
0.000620364
0.000697239
0.000663785
0.000585704
0.000620323
0.000585683
0.000507955
0.000741736
0.000708297
0.000630054
0.000708273
0.000674828
0.000595995
0.00063
0.000595965
0.000517433
0.000747253
0.000711803
0.000632182
0.000711773
0.000678096
0.000599155
0.000632111
0.000599114
0.000520385
0.00074541
0.00070713
0.000626117
0.000707093
0.000672944
0.000594641
0.000626029
0.000594591
0.000518411
0.000736447
0.000694869
0.00061269
0.000694824
0.000659954
0.000582685
0.000612585
0.000582627
0.000509061
0.000721358
0.000676423
0.000593464
0.000676369
0.000640617
0.00056463
0.000593341
0.000564564
0.000493624
0.000701558
0.000653554
0.0005702
0.000653491
0.000616861
0.00054234
0.000570062
0.000542267
0.000474134
0.000678572
0.000628034
0.000544653
0.000627964
0.00059062
0.000517715
0.000544502
0.000517636
0.000452577
0.000653796
0.000601394
0.000518333
0.000601316
0.000563538
0.000492362
0.000518172
0.000492278
0.00043054
0.000628356
0.000574783
0.000492367
0.000574699
0.00053683
0.000467479
0.000492199
0.000467391
0.000409136
0.000603053
0.000548953
0.000467482
0.000548863
0.000511265
0.000443835
0.000467308
0.000443743
0.000389032
0.000578394
0.000524307
0.000444058
0.000524212
0.000487225
0.000421822
0.000443879
0.000421727
0.00037053
0.000554653
0.000500999
0.000422234
0.000500898
0.000464811
0.000401528
0.000422052
0.000401429
0.000353684
0.000531957
0.000479032
0.000401993
0.000478927
0.000443946
0.00038288
0.000401809
0.000382776
0.000338273
0.000510353
0.000458339
0.000383232
0.00045823
0.000424497
0.000365721
0.000383046
0.000365617
0.000324163
0.000489845
0.000438854
0.000365801
0.000438741
0.00040634
0.000349858
0.000365618
0.000349753
0.00031125
0.000470409
0.000420498
0.000349564
0.000420383
0.000389365
0.000335176
0.000349384
0.00033507
0.000299424
0.000452009
0.00040321
0.00033445
0.000403091
0.000373479
0.000321565
0.000334275
0.000321457
0.000288579
0.000434606
0.000386936
0.000320414
0.000386815
0.000358604
0.000308934
0.000320244
0.000308825
0.000278621
0.000418159
0.000371633
0.000307405
0.00037151
0.000344681
0.000297228
0.00030724
0.00029712
0.00026947
0.00040263
0.000357264
0.000295379
0.00035714
0.000331663
0.000286407
0.00029522
0.0002863
0.000261062
0.000387983
0.000343797
0.000284296
0.000343672
0.000319513
0.000276433
0.000284144
0.000276328
0.00025335
0.000374185
0.000331201
0.000274122
0.000331076
0.000308196
0.000267271
0.000273976
0.000267169
0.000246296
0.000361206
0.000319451
0.000264818
0.000319326
0.000297684
0.000258889
0.00026468
0.00025879
0.000239866
0.000349017
0.00030852
0.000256347
0.000308395
0.000287947
0.000251249
0.000256217
0.000251154
0.000234028
0.000337591
0.000298378
0.000248667
0.000298255
0.000278955
0.000244316
0.000248545
0.000244225
0.000228753
0.0003269
0.000288997
0.000241733
0.000288876
0.000270678
0.00023805
0.000241619
0.000237964
0.000224008
0.000316919
0.000280345
0.000235499
0.000280227
0.000263083
0.000232413
0.000235394
0.000232332
0.000219762
0.000307618
0.000272388
0.000229918
0.000272273
0.000256137
0.000227363
0.00022982
0.000227287
0.000215983
0.000298969
0.000265091
0.000224941
0.00026498
0.000249806
0.000222859
0.000224852
0.000222789
0.000212639
0.000290944
0.00025842
0.000220524
0.000258312
0.000244054
0.000218862
0.000220443
0.000218799
0.000209695
0.000283514
0.000252336
0.00021662
0.000252233
0.000238846
0.000215333
0.000216548
0.000215278
0.000207122
0.000276648
0.000246805
0.000213187
0.000246707
0.000234148
0.000212235
0.000213123
0.000212188
0.000204889
0.000270317
0.000241791
0.000210185
0.000241697
0.000229924
0.000209531
0.000210129
0.000209491
0.000202969
0.000264492
0.000237259
0.000207576
0.00023717
0.000226142
0.000207188
0.000207528
0.000207154
0.000201339
0.000259145
0.000233177
0.000205326
0.000233092
0.000222769
0.000205174
0.000205284
0.000205146
0.000199973
0.000254247
0.000229512
0.000203402
0.000229431
0.000219775
0.000203461
0.000203367
0.000203437
0.000198848
0.000249773
0.000226234
0.000201775
0.000226158
0.000217131
0.000202021
0.000201746
0.000202001
0.000197945
0.000245696
0.000223316
0.000200419
0.000223244
0.000214812
0.00020083
0.000200396
0.000200815
0.000197242
0.000241993
0.000220731
0.000199309
0.000220664
0.000212791
0.000199867
0.000199291
0.000199855
0.000196723
0.000238639
0.000218454
0.000198424
0.000218391
0.000211046
0.00019911
0.000198411
0.000199103
0.00019637
0.000235613
0.000216464
0.000197743
0.000216405
0.000209555
0.000198543
0.000197734
0.000198538
0.000196168
0.000232895
0.000214738
0.000197248
0.000214683
0.0002083
0.000198147
0.000197243
0.000198145
0.000196103
0.000230465
0.000213258
0.000196922
0.000213206
0.000207262
0.000197908
0.000196922
0.000197909
0.000196163
0.000228306
0.000212005
0.000196751
0.000211957
0.000206424
0.000197812
0.000196754
0.000197815
0.000196335
0.000226399
0.000210963
0.000196722
0.000210918
0.000205771
0.000197845
0.000196728
0.00019785
0.000196609
0.00022473
0.000210117
0.00019682
0.000210075
0.000205288
0.000197997
0.000196829
0.000198004
0.000196976
0.000223283
0.000209452
0.000197036
0.000209413
0.000204963
0.000198257
0.000197047
0.000198265
0.000197425
0.000222045
0.000208956
0.000197358
0.00020892
0.000204784
0.000198615
0.000197371
0.000198624
0.000197948
0.000221002
0.000208616
0.000197777
0.000208583
0.00020474
0.000199063
0.000197793
0.000199072
0.000198537
0.000220144
0.000208422
0.000198286
0.00020839
0.00020482
0.000199593
0.000198302
0.000199601
0.000199186
0.000219457
0.000208363
0.000198875
0.000208333
0.000205016
0.000200197
0.000198892
0.000200204
0.000199888
0.000218933
0.000208429
0.000199538
0.000208401
0.000205317
0.000200868
0.000199555
0.000200874
0.000200637
0.00021856
0.000208612
0.000200267
0.000208586
0.000205718
0.000201599
0.000200285
0.000201605
0.000201429
0.00021833
0.000208904
0.000201057
0.000208879
0.000206208
0.000202386
0.000201075
0.000202391
0.000202258
0.000218233
0.000209296
0.000201902
0.000209272
0.000206783
0.000203223
0.00020192
0.000203227
0.000203121
0.000218262
0.000209782
0.000202798
0.000209759
0.000207435
0.000204104
0.000202815
0.000204108
0.000204014
0.000218409
0.000210355
0.000203739
0.000210333
0.000208158
0.000205026
0.000203756
0.00020503
0.000204933
0.000218666
0.000211009
0.000204722
0.000210988
0.000208947
0.000205985
0.000204738
0.000205988
0.000205877
0.000219027
0.000211737
0.000205742
0.000211718
0.000209797
0.000206977
0.000205758
0.00020698
0.000206842
0.000219484
0.000212536
0.000206797
0.000212517
0.000210702
0.000207999
0.000206812
0.000208001
0.000207826
0.000220032
0.000213399
0.000207883
0.000213381
0.000211659
0.000209049
0.000207897
0.000209051
0.000208827
0.000220666
0.000214322
0.000208998
0.000214305
0.000212665
0.000210124
0.000209012
0.000210126
0.000209844
0.000221379
0.000215302
0.00021014
0.000215285
0.000213715
0.000211224
0.000210153
0.000211225
0.000210878
0.000222167
0.000216335
0.000211308
0.000216318
0.000214807
0.000212346
0.00021132
0.000212347
0.000211927
0.000223025
0.000217417
0.000212501
0.000217401
0.000215939
0.000213492
0.000212513
0.000213493
0.000212994
0.000223952
0.000218548
0.00021372
0.000218533
0.000217112
0.000214663
0.000213731
0.000214663
0.000214081
0.000224943
0.000219727
0.000214966
0.000219712
0.000218324
0.000215861
0.000214976
0.000215861
0.000215193
0.000225999
0.000220954
0.000216243
0.000220939
0.000219581
0.000217093
0.000216253
0.000217093
0.000216338
0.00022712
0.000222234
0.00021756
0.00022222
0.000220887
0.000218369
0.00021757
0.000218369
0.000217529
0.000228311
0.000223574
0.000218926
0.00022356
0.000222253
0.000219703
0.000218936
0.000219703
0.000218785
0.000229582
0.000224987
0.000220361
0.000224974
0.000223697
0.000221118
0.000220371
0.000221118
0.000220135
0.000230949
0.000226495
0.000221891
0.000226482
0.000225245
0.000222647
0.000221901
0.000222649
0.000221623
0.000232437
0.00022813
0.000223555
0.000228118
0.000226938
0.00022434
0.000223566
0.000224343
0.000223315
0.000234089
0.000229941
0.000225412
0.00022993
0.000228837
0.000226264
0.000225425
0.00022627
0.000225305
0.000235966
0.000232004
0.000227545
0.000231994
0.000231027
0.000228524
0.00022756
0.000228533
0.000227722
0.000238161
0.000234424
0.000230073
0.000234415
0.000233637
0.000231262
0.000230089
0.000231273
0.000230736
0.000240809
0.000237355
0.000233156
0.000237347
0.000236843
0.000234675
0.000233175
0.000234688
0.00023457
0.000244104
0.00024101
0.000237011
0.000241002
0.000240887
0.000239028
0.000237033
0.000239041
0.000239511
0.000248311
0.000245678
0.000241926
0.000245672
0.000246085
0.000244649
0.000241951
0.000244664
0.000245909
0.000253793
0.00025174
0.00024828
0.000251734
0.000252839
0.000251932
0.000248305
0.000251947
0.000254159
0.000261014
0.000259671
0.000256521
0.000259665
0.000261626
0.000261323
0.000256548
0.000261339
0.000264675
0.000270541
0.000270025
0.000267152
0.00027002
0.000272978
0.000273288
0.000267178
0.000273303
0.000277832
0.000283006
0.000283394
0.000280674
0.000283387
0.000287417
0.000288239
0.000280699
0.000288253
0.000293886
0.000299034
0.000300313
0.000297507
0.000300305
0.000305362
0.000306447
0.000297528
0.000306456
0.000312899
0.000319117
0.000321146
0.000317879
0.000321135
0.000327016
0.000327935
0.000317893
0.00032794
0.000334679
0.000343458
0.00034594
0.000341713
0.000345926
0.000352252
0.00035242
0.000341718
0.000352419
0.000358761
0.000371834
0.00037433
0.000368564
0.000374312
0.000380557
0.000379293
0.000368558
0.000379286
0.00038444
0.000403536
0.000405514
0.000397619
0.000405492
0.000411052
0.000407673
0.000397602
0.00040766
0.000410849
0.000437423
0.000438335
0.000427801
0.000438309
0.000442599
0.000436519
0.000427773
0.0004365
0.000437064
0.000472084
0.000471454
0.000457918
0.000471425
0.000473958
0.000464768
0.00045788
0.000464744
0.000462214
0.000506065
0.000503549
0.000486837
0.000503518
0.000503965
0.000491465
0.000486791
0.000491437
0.000485577
0.000538073
0.00053349
0.000513618
0.000533458
0.000531664
0.000515864
0.000513566
0.000515833
0.000506631
0.000567126
0.00056045
0.000537595
0.000560417
0.000556389
0.000537473
0.000537539
0.00053744
0.000525074
0.000592604
0.000583938
0.000558395
0.000583906
0.000577777
0.000556054
0.000558337
0.00055602
0.000540801
0.00061424
0.000603778
0.000575915
0.000603746
0.000595737
0.000571589
0.000575856
0.000571554
0.000553863
0.000632055
0.000620045
0.000590263
0.000620014
0.000610386
0.000584227
0.000590205
0.000584192
0.000564439
0.000646282
0.000632989
0.000601688
0.00063296
0.000621991
0.000594223
0.000601632
0.000594189
0.000572766
0.000657281
0.000642967
0.000610516
0.00064294
0.000630897
0.000601892
0.000610463
0.000601858
0.000579116
0.000665479
0.000650386
0.000617107
0.000650359
0.000637488
0.00060757
0.000617055
0.000607537
0.000583796
0.000671317
0.000655656
0.000621817
0.000655631
0.000642148
0.000611593
0.000621766
0.000611561
0.000587116
0.000675223
0.000659173
0.000624982
0.000659149
0.00064524
0.000614281
0.000624933
0.000614251
0.000589354
0.000677587
0.000661296
0.000626927
0.000661273
0.000647093
0.000615916
0.000626879
0.000615888
0.000590725
0.000678756
0.000662344
0.000627936
0.000662322
0.000647991
0.00061674
0.00062789
0.000616714
0.000591422
0.000679025
0.000662585
0.000628247
0.000662564
0.000648177
0.000616959
0.000628202
0.000616934
0.000591612
0.000678641
0.000662244
0.000628054
0.000662224
0.000647849
0.000616741
0.000628012
0.000616717
0.000591436
0.000677804
0.000661501
0.000627513
0.000661482
0.00064717
0.000616223
0.000627473
0.0006162
0.000591009
0.000676675
0.0006605
0.000626748
0.000660482
0.000646267
0.000615513
0.00062671
0.000615491
0.000590421
0.000675378
0.000659353
0.000625854
0.000659335
0.000645238
0.000614694
0.000625817
0.000614673
0.00058974
0.000674007
0.000658143
0.000624902
0.000658126
0.000644158
0.000613829
0.000624866
0.000613809
0.00058902
0.000672633
0.000656933
0.000623944
0.000656916
0.000643082
0.000612966
0.00062391
0.000612946
0.000588303
0.000671305
0.000655766
0.000623018
0.00065575
0.000642048
0.000612135
0.000622985
0.000612116
0.000587616
0.000670058
0.000654672
0.000622149
0.000654656
0.000641082
0.00061136
0.000622117
0.000611341
0.000586977
0.000668911
0.000653668
0.000621352
0.000653653
0.000640199
0.000610651
0.000621321
0.000610633
0.000586396
0.000667877
0.000652765
0.000620635
0.00065275
0.000639406
0.000610016
0.000620604
0.000609998
0.000585877
0.000666958
0.000651965
0.00062
0.00065195
0.000638705
0.000609456
0.000619969
0.000609438
0.000585421
0.000666153
0.000651266
0.000619446
0.000651251
0.000638095
0.000608968
0.000619415
0.000608951
0.000585026
0.000665458
0.000650662
0.000618968
0.000650648
0.000637569
0.000608549
0.000618938
0.000608532
0.000584687
0.000664863
0.000650148
0.000618561
0.000650133
0.000637122
0.000608194
0.000618531
0.000608177
0.000584401
0.00066436
0.000649713
0.000618218
0.000649699
0.000636745
0.000607895
0.000618188
0.000607878
0.000584161
0.000663939
0.00064935
0.000617932
0.000649336
0.000636431
0.000607646
0.000617903
0.000607629
0.000583962
0.00066359
0.00064905
0.000617696
0.000649036
0.000636172
0.000607441
0.000617666
0.000607424
0.000583799
0.000663303
0.000648804
0.000617502
0.00064879
0.000635961
0.000607274
0.000617473
0.000607257
0.000583666
0.00066307
0.000648604
0.000617346
0.00064859
0.000635789
0.000607139
0.000617316
0.000607122
0.000583558
0.000662882
0.000648443
0.00061722
0.000648429
0.000635651
0.000607031
0.00061719
0.000607014
0.000583473
0.000662732
0.000648315
0.000617119
0.000648301
0.000635542
0.000606945
0.00061709
0.000606928
0.000583405
0.000662613
0.000648214
0.00061704
0.0006482
0.000635455
0.000606877
0.000617011
0.00060686
0.000583352
0.00066252
0.000648135
0.000616978
0.000648121
0.000635388
0.000606824
0.000616949
0.000606807
0.00058331
0.000662447
0.000648073
0.00061693
0.000648059
0.000635336
0.000606783
0.000616901
0.000606767
0.000583278
0.000662392
0.000648026
0.000616894
0.000648012
0.000635296
0.000606752
0.000616865
0.000606735
0.000583254
0.000662349
0.00064799
0.000616866
0.000647976
0.000635265
0.000606729
0.000616837
0.000606712
0.000583236
0.000662318
0.000647964
0.000616845
0.00064795
0.000635243
0.000606711
0.000616816
0.000606694
0.000583222
0.000662294
0.000647944
0.00061683
0.00064793
0.000635226
0.000606698
0.000616801
0.000606681
0.000583212
0.000662277
0.000647929
0.000616818
0.000647915
0.000635214
0.000606689
0.000616789
0.000606672
0.000583205
0.000662264
0.000647919
0.00061681
0.000647905
0.000635205
0.000606682
0.000616781
0.000606665
0.0005832
0.000662256
0.000647912
0.000616805
0.000647898
0.000635199
0.000606677
0.000616776
0.00060666
0.000583196
0.00066225
0.000647907
0.000616801
0.000647893
0.000635195
0.000606674
0.000616772
0.000606657
0.000583194
0.000662246
0.000647903
0.000616798
0.000647889
0.000635192
0.000606672
0.000616769
0.000606655
0.000583192
0.000662243
0.000647901
0.000616797
0.000647887
0.00063519
0.000606671
0.000616768
0.000606654
0.000583191
0.000662241
0.0006479
0.000616796
0.000647886
0.000635189
0.00060667
0.000616767
0.000606653
0.00058319
0.000662241
0.000647899
0.000616795
0.000647885
0.000635189
0.000606669
0.000616766
0.000606653
0.00058319
0.00066224
0.000647899
0.000616795
0.000647885
0.000635189
0.000606669
0.000616766
0.000606652
0.00058319
0.00066224
0.000647899
0.000616795
0.000647885
0.000635189
0.000606669
0.000616766
0.000606652
0.00058319
0.00066224
0.000647899
0.000616795
0.000647885
0.000635189
0.000606669
0.000616766
0.000606653
0.00058319
0.000662241
0.000647899
0.000616795
0.000647885
0.000635189
0.000606669
0.000616766
0.000606653
0.00058319
0.000662241
0.0006479
0.000616795
0.000647886
0.000635189
0.00060667
0.000616766
0.000606653
0.000583191
0.000662241
0.0006479
0.000616796
0.000647886
0.00063519
0.00060667
0.000616767
0.000606653
0.000583191
0.000662242
0.0006479
0.000616796
0.000647886
0.00063519
0.00060667
0.000616767
0.000606653
0.000583191
0.000662242
0.0006479
0.000616796
0.000647886
0.00063519
0.00060667
0.000616767
0.000606653
0.000583191
0.000662242
0.000647901
0.000616796
0.000647887
0.00063519
0.00060667
0.000616767
0.000606654
0.000583191
0.000662243
0.000647901
0.000616796
0.000647887
0.00063519
0.000606671
0.000616767
0.000606654
0.000583191
0.000662243
0.000647901
0.000616797
0.000647887
0.000635191
0.000606671
0.000616767
0.000606654
0.000583191
0.000662243
0.000647901
0.000616797
0.000647887
0.000635191
0.000606671
0.000616768
0.000606654
0.000583191
0.000662243
0.000647901
0.000616797
0.000647887
0.000635191
0.000606671
0.000616768
0.000606654
0.000583191
0.000662243
0.000647901
0.000616797
0.000647887
0.000635191
0.000606671
0.000616768
0.000606654
0.000583191
0.000662243
0.000647902
0.000616797
0.000647888
0.000635191
0.000606671
0.000616768
0.000606654
0.000583192
0.000662243
0.000647902
0.000616797
0.000647888
0.000635191
0.000606671
0.000616768
0.000606654
0.000583192
0.000662244
0.000647902
0.000616797
0.000647888
0.000635191
0.000606671
0.000616768
0.000606654
0.000583192
0.000662244
0.000647902
0.000616797
0.000647888
0.000635191
0.000606671
0.000616768
0.000606654
0.000583192
0.000662244
0.000647902
0.000616797
0.000647888
0.000635191
0.000606671
0.000616768
0.000606654
0.000583192
0.000662244
0.000647902
0.000616797
0.000647888
0.000635191
0.000606671
0.000616768
0.000606654
0.000583192
0.000662244
0.000647902
0.000616797
0.000647888
0.000635191
0.000606671
0.000616768
0.000606654
0.000583192
0.000662244
0.000647902
0.000616797
0.000647888
0.000635191
0.000606671
0.000616768
0.000606654
0.000583192
0.000662244
0.000647902
0.000616797
0.000647888
0.000635191
0.000606671
0.000616768
0.000606654
0.000583192
0.000662244
0.000647902
0.000616797
0.000647888
0.000635191
0.000606671
0.000616768
0.000606654
0.000583192
0.000662244
0.000647902
0.000616797
0.000647888
0.000635191
0.000606671
0.000616768
0.000606654
0.000583192
0.000662244
0.000647902
0.000616797
0.000647888
0.000635191
0.000606671
0.000616768
0.000606654
0.000583192
0.000662244
0.000647902
0.000616797
0.000647888
0.000635191
0.000606671
0.000616768
0.000606654
0.000583192
0.000662244
0.000647902
0.000616797
0.000647888
0.000635191
0.000606671
0.000616768
0.000606654
0.000583192
0.000662244
0.000647902
0.000616797
0.000647888
0.000635191
0.000606671
0.000616768
0.000606654
0.000583192
0.000662244
0.000647902
0.000616797
0.000647888
0.000635191
0.000606671
0.000616768
0.000606654
0.000583192
0.000662244
0.000647902
0.000616797
0.000647888
0.000635191
0.000606671
0.000616768
0.000606655
0.000583192
0.000662244
0.000647902
0.000616797
0.000647888
0.000635191
0.000606671
0.000616768
0.000606655
0.000583192
0.000662244
0.000647902
0.000616797
0.000647888
0.000635191
0.000606671
0.000616768
0.000606655
0.000583192
0.000662244
0.000647902
0.000616797
0.000647888
0.000635191
0.000606671
0.000616768
0.000606655
0.000583192
0.000662244
0.000647902
0.000616797
0.000647888
0.000635191
0.000606671
0.000616768
0.000606655
0.000583192
0.000662244
0.000647902
0.000616797
0.000647888
0.000635191
0.000606671
0.000616768
0.000606655
0.000583192
0.000662244
0.000647902
0.000616797
0.000647888
0.000635191
0.000606671
0.000616768
0.000606655
0.000583192
0.000662244
0.000647902
0.000616797
0.000647888
0.000635191
0.000606671
0.000616768
0.000606655
0.000583192
0.000662244
0.000647902
0.000616797
0.000647888
0.000635191
0.000606671
0.000616768
0.000606655
0.000583192
0.000662244
0.000647902
0.000616797
0.000647888
0.000635191
0.000606671
0.000616768
0.000606655
0.000583192
0.000662244
0.000647902
0.000616797
0.000647888
0.000635191
0.000606671
0.000616768
0.000606655
0.000583192
0.000662244
0.000647902
0.000616797
0.000647888
0.000635191
0.000606671
0.000616768
0.000606655
0.000583192
0.000662244
0.000647902
0.000616797
0.000647888
0.000635191
0.000606671
0.000616768
0.000606655
0.000583192
0.000662244
0.000647902
0.000616797
0.000647888
0.000635191
0.000606671
0.000616768
0.000606655
0.000583192
0.000662244
0.000647902
0.000616797
0.000647888
0.000635191
0.000606671
0.000616768
0.000606655
0.000583192
0.000662244
0.000647902
0.000616797
0.000647888
0.000635191
0.000606671
0.000616768
0.000606655
0.000583192
0.000662244
0.000647902
0.000616797
0.000647888
0.000635191
0.000606671
0.000616768
0.000606655
0.000583192
0.000662244
0.000647902
0.000616797
0.000647888
0.000635191
0.000606671
0.000616768
0.000606655
0.000583192
0.000662244
0.000647902
0.000616797
0.000647888
0.000635191
0.000606671
0.000616768
0.000606655
0.000583192
0.000662244
0.000647902
0.000616797
0.000647888
0.000635192
0.000606671
0.000616768
0.000606655
0.000583192
0.000662244
0.000647902
0.000616797
0.000647888
0.000635192
0.000606671
0.000616768
0.000606655
0.000583192
0.000662244
0.000647902
0.000616797
0.000647888
0.000635192
0.000606671
0.000616768
0.000606655
0.000583192
0.000662244
0.000647902
0.000616797
0.000647888
0.000635192
0.000606672
0.000616768
0.000606655
0.000583192
0.000662244
0.000647902
0.000616797
0.000647888
0.000635192
0.000606672
0.000616768
0.000606655
0.000583192
0.000662244
0.000647902
0.000616798
0.000647888
0.000635192
0.000606672
0.000616768
0.000606655
0.000583192
0.000662244
0.000647902
0.000616798
0.000647888
0.000635192
0.000606672
0.000616768
0.000606655
0.000583192
0.000662244
0.000647902
0.000616798
0.000647888
0.000635192
0.000606672
0.000616769
0.000606655
0.000583192
0.000662244
0.000647902
0.000616798
0.000647888
0.000635192
0.000606672
0.000616769
0.000606655
0.000583192
0.000662244
0.000647902
0.000616798
0.000647888
0.000635192
0.000606672
0.000616769
0.000606655
0.000583192
0.000662244
0.000647902
0.000616798
0.000647888
0.000635192
0.000606672
0.000616769
0.000606655
0.000583192
0.000662244
0.000647902
0.000616798
0.000647888
0.000635192
0.000606672
0.000616769
0.000606655
0.000583192
0.000662244
0.000647902
0.000616798
0.000647888
0.000635192
0.000606672
0.000616769
0.000606655
0.000583192
0.000662244
0.000647902
0.000616798
0.000647888
0.000635192
0.000606672
0.000616769
0.000606655
0.000583192
0.000662244
0.000647902
0.000616798
0.000647888
0.000635192
0.000606672
0.000616769
0.000606655
0.000583192
0.000662244
0.000647902
0.000616798
0.000647888
0.000635192
0.000606672
0.000616769
0.000606655
0.000583192
0.000662244
0.000647902
0.000616798
0.000647888
0.000635192
0.000606672
0.000616769
0.000606655
0.000583192
0.000662244
0.000647902
0.000616798
0.000647888
0.000635192
0.000606672
0.000616769
0.000606655
0.000583192
0.000662244
0.000647902
0.000616798
0.000647888
0.000635192
0.000606672
0.000616769
0.000606655
0.000583192
0.000662244
0.000647902
0.000616798
0.000647889
0.000635192
0.000606672
0.000616769
0.000606655
0.000583192
0.000662244
0.000647903
0.000616798
0.000647889
0.000635192
0.000606672
0.000616769
0.000606655
0.000583192
0.000662244
0.000647903
0.000616798
0.000647889
0.000635192
0.000606672
0.000616769
0.000606655
0.000583192
0.000662244
0.000647903
0.000616798
0.000647889
0.000635192
0.000606672
0.000616769
0.000606655
0.000583192
0.000662244
0.000647903
0.000616798
0.000647889
0.000635192
0.000606672
0.000616769
0.000606655
0.000583192
0.000662244
0.000647903
0.000616798
0.000647889
0.000635192
0.000606672
0.000616769
0.000606655
0.000583192
0.000662245
0.000647903
0.000616798
0.000647889
0.000635192
0.000606672
0.000616769
0.000606655
0.000583192
0.000662245
0.000647903
0.000616798
0.000647889
0.000635192
0.000606672
0.000616769
0.000606655
0.000583192
0.000662245
0.000647903
0.000616798
0.000647889
0.000635192
0.000606672
0.000616769
0.000606655
0.000583192
0.000662245
0.000647903
0.000616798
0.000647889
0.000635192
0.000606672
0.000616769
0.000606655
0.000583192
0.000662245
0.000647903
0.000616798
0.000647889
0.000635192
0.000606672
0.000616769
0.000606655
0.000583192
0.000662245
0.000647903
0.000616798
0.000647889
0.000635192
0.000606672
0.000616769
0.000606655
0.000583193
0.000662245
0.000647903
0.000616798
0.000647889
0.000635192
0.000606672
0.000616769
0.000606655
0.000583193
0.000662245
0.000647903
0.000616798
0.000647889
0.000635192
0.000606672
0.000616769
0.000606655
0.000583193
0.000662245
0.000647903
0.000616798
0.000647889
0.000635192
0.000606672
0.000616769
0.000606655
0.000583193
0.000662245
0.000647903
0.000616798
0.000647889
0.000635192
0.000606672
0.000616769
0.000606655
0.000583193
0.000662245
0.000647903
0.000616798
0.000647889
0.000635192
0.000606672
0.000616769
0.000606655
0.000583193
0.000662245
0.000647903
0.000616798
0.000647889
0.000635192
0.000606672
0.000616769
0.000606655
0.000583193
0.000662245
0.000647903
0.000616798
0.000647889
0.000635192
0.000606672
0.000616769
0.000606655
0.000583193
0.000662245
0.000647903
0.000616798
0.000647889
0.000635192
0.000606672
0.000616769
0.000606655
0.000583193
0.000662245
0.000647903
0.000616798
0.000647889
0.000635192
0.000606672
0.000616769
0.000606655
0.000583193
0.000662245
0.000647903
0.000616798
0.000647889
0.000635192
0.000606672
0.000616769
0.000606655
0.000583193
0.000662245
0.000647903
0.000616798
0.000647889
0.000635192
0.000606672
0.000616769
0.000606655
0.000583193
0.000662245
0.000647903
0.000616798
0.000647889
0.000635192
0.000606672
0.000616769
0.000606655
0.000583193
0.000662245
0.000647903
0.000616798
0.000647889
0.000635192
0.000606672
0.000616769
0.000606655
0.000583193
0.000662245
0.000647903
0.000616798
0.000647889
0.000635192
0.000606672
0.000616769
0.000606656
0.000583193
0.000662245
0.000647903
0.000616798
0.000647889
0.000635192
0.000606672
0.000616769
0.000606656
0.000583193
0.000662245
0.000647903
0.000616798
0.000647889
0.000635192
0.000606672
0.000616769
0.000606656
0.000583193
0.000662245
0.000647903
0.000616798
0.000647889
0.000635192
0.000606672
0.000616769
0.000606656
0.000583193
0.000662245
0.000647903
0.000616798
0.000647889
0.000635192
0.000606672
0.000616769
0.000606656
0.000583193
0.000662245
0.000647903
0.000616798
0.000647889
0.000635192
0.000606672
0.000616769
0.000606656
0.000583193
0.000662245
0.000647903
0.000616798
0.000647889
0.000635192
0.000606672
0.000616769
0.000606656
0.000583193
0.000662245
0.000647903
0.000616798
0.000647889
0.000635193
0.000606672
0.000616769
0.000606656
0.000583193
0.000662245
0.000647903
0.000616798
0.000647889
0.000635193
0.000606672
0.000616769
0.000606656
0.000583193
0.000662245
0.000647903
0.000616798
0.000647889
0.000635193
0.000606672
0.000616769
0.000606656
0.000583193
0.000662245
0.000647903
0.000616799
0.000647889
0.000635193
0.000606673
0.000616769
0.000606656
0.000583193
0.000662245
0.000647903
0.000616799
0.000647889
0.000635193
0.000606673
0.00061677
0.000606656
0.000583193
0.000662245
0.000647903
0.000616799
0.000647889
0.000635193
0.000606673
0.00061677
0.000606656
0.000583193
0.000662245
0.000647903
0.000616799
0.000647889
0.000635193
0.000606673
0.00061677
0.000606656
0.000583193
0.000662245
0.000647903
0.000616799
0.000647889
0.000635193
0.000606673
0.00061677
0.000606656
0.000583193
0.000662245
0.000647903
0.000616799
0.000647889
0.000635193
0.000606673
0.00061677
0.000606656
0.000583193
0.000662245
0.000647903
0.000616799
0.000647889
0.000635193
0.000606673
0.00061677
0.000606656
0.000583193
0.000662245
0.000647903
0.000616799
0.000647889
0.000635193
0.000606673
0.00061677
0.000606656
0.000583193
0.000662245
0.000647903
0.000616799
0.00064789
0.000635193
0.000606673
0.00061677
0.000606656
0.000583193
0.000662245
0.000647904
0.000616799
0.00064789
0.000635193
0.000606673
0.00061677
0.000606656
0.000583193
0.000662245
0.000647904
0.000616799
0.00064789
0.000635193
0.000606673
0.00061677
0.000606656
0.000583193
0.000662245
0.000647904
0.000616799
0.00064789
0.000635193
0.000606673
0.00061677
0.000606656
0.000583193
0.000662245
0.000647904
0.000616799
0.00064789
0.000635193
0.000606673
0.00061677
0.000606656
0.000583193
0.000662246
0.000647904
0.000616799
0.00064789
0.000635193
0.000606673
0.00061677
0.000606656
0.000583193
0.000662246
0.000647904
0.000616799
0.00064789
0.000635193
0.000606673
0.00061677
0.000606656
0.000583193
0.000662246
0.000647904
0.000616799
0.00064789
0.000635193
0.000606673
0.00061677
0.000606656
0.000583193
0.000662246
0.000647904
0.000616799
0.00064789
0.000635193
0.000606673
0.00061677
0.000606656
0.000583193
0.000662246
0.000647904
0.000616799
0.00064789
0.000635193
0.000606673
0.00061677
0.000606656
0.000583193
0.000662246
0.000647904
0.000616799
0.00064789
0.000635193
0.000606673
0.00061677
0.000606656
0.000583193
0.000662246
0.000647904
0.000616799
0.00064789
0.000635193
0.000606673
0.00061677
0.000606656
0.000583193
0.000662246
0.000647904
0.000616799
0.00064789
0.000635193
0.000606673
0.00061677
0.000606656
0.000583193
0.000662246
0.000647904
0.000616799
0.00064789
0.000635193
0.000606673
0.00061677
0.000606656
0.000583193
0.000662246
0.000647904
0.000616799
0.00064789
0.000635193
0.000606673
0.00061677
0.000606656
0.000583193
0.000662246
0.000647904
0.000616799
0.00064789
0.000635193
0.000606673
0.00061677
0.000606656
0.000583193
0.000662246
0.000647904
0.000616799
0.00064789
0.000635193
0.000606673
0.00061677
0.000606656
0.000583194
0.000662246
0.000647904
0.000616799
0.00064789
0.000635193
0.000606673
0.00061677
0.000606656
0.000583194
0.000662246
0.000647904
0.000616799
0.00064789
0.000635193
0.000606673
0.00061677
0.000606656
0.000583194
0.000662246
0.000647904
0.000616799
0.00064789
0.000635193
0.000606673
0.00061677
0.000606656
0.000583194
0.000662246
0.000647904
0.000616799
0.00064789
0.000635193
0.000606673
0.00061677
0.000606656
0.000583194
0.000662246
0.000647904
0.000616799
0.00064789
0.000635193
0.000606673
0.00061677
0.000606656
0.000583194
0.000662246
0.000647904
0.000616799
0.00064789
0.000635193
0.000606673
0.00061677
0.000606656
0.000583194
0.000662246
0.000647904
0.000616799
0.00064789
0.000635193
0.000606673
0.00061677
0.000606656
0.000583194
0.000662246
0.000647904
0.000616799
0.00064789
0.000635193
0.000606673
0.00061677
0.000606656
0.000583194
0.000662246
0.000647904
0.000616799
0.00064789
0.000635193
0.000606673
0.00061677
0.000606656
0.000583194
0.000662246
0.000647904
0.000616799
0.00064789
0.000635193
0.000606673
0.00061677
0.000606656
0.000583194
0.000662246
0.000647904
0.000616799
0.00064789
0.000635193
0.000606673
0.00061677
0.000606656
0.000583194
0.000662246
0.000647904
0.000616799
0.00064789
0.000635193
0.000606673
0.00061677
0.000606656
0.000583194
0.000662246
0.000647904
0.000616799
0.00064789
0.000635193
0.000606673
0.00061677
0.000606656
0.000583194
0.000662246
0.000647904
0.000616799
0.00064789
0.000635193
0.000606673
0.00061677
0.000606656
0.000583194
0.000662246
0.000647904
0.000616799
0.00064789
0.000635193
0.000606673
0.00061677
0.000606657
0.000583194
0.000662246
0.000647904
0.000616799
0.00064789
0.000635193
0.000606673
0.00061677
0.000606657
0.000583194
0.000662246
0.000647904
0.000616799
0.00064789
0.000635193
0.000606673
0.00061677
0.000606657
0.000583194
0.000662246
0.000647904
0.000616799
0.00064789
0.000635193
0.000606673
0.00061677
0.000606657
0.000583194
0.000662246
0.000647904
0.000616799
0.00064789
0.000635193
0.000606673
0.00061677
0.000606657
0.000583194
0.000662246
0.000647904
0.000616799
0.00064789
0.000635193
0.000606673
0.00061677
0.000606657
0.000583194
0.000662246
0.000647904
0.000616799
0.00064789
0.000635193
0.000606673
0.00061677
0.000606657
0.000583194
0.000662246
0.000647904
0.000616799
0.00064789
0.000635193
0.000606673
0.00061677
0.000606657
0.000583194
0.000662246
0.000647904
0.000616799
0.00064789
0.000635193
0.000606673
0.00061677
0.000606657
0.000583194
0.000662246
0.000647904
0.000616799
0.00064789
0.000635194
0.000606673
0.00061677
0.000606657
0.000583194
0.000662246
0.000647904
0.000616799
0.00064789
0.000635194
0.000606673
0.00061677
0.000606657
0.000583194
0.000662246
0.000647904
0.000616799
0.00064789
0.000635194
0.000606673
0.00061677
0.000606657
0.000583194
0.000662246
0.000647904
0.000616799
0.00064789
0.000635194
0.000606673
0.00061677
0.000606657
0.000583194
0.000662246
0.000647904
0.0006168
0.00064789
0.000635194
0.000606673
0.00061677
0.000606657
0.000583194
0.000662246
0.000647904
0.0006168
0.00064789
0.000635194
0.000606674
0.000616771
0.000606657
0.000583194
0.000662246
0.000647904
0.0006168
0.00064789
0.000635194
0.000606674
0.000616771
0.000606657
0.000583194
0.000662246
0.000647904
0.0006168
0.00064789
0.000635194
0.000606674
0.000616771
0.000606657
0.000583194
0.000662246
0.000647904
0.0006168
0.00064789
0.000635194
0.000606674
0.000616771
0.000606657
0.000583194
0.000662246
0.000647904
0.0006168
0.00064789
0.000635194
0.000606674
0.000616771
0.000606657
0.000583194
0.000662246
0.000647904
0.0006168
0.00064789
0.000635194
0.000606674
0.000616771
0.000606657
0.000583194
0.000662246
0.000647904
0.0006168
0.00064789
0.000635194
0.000606674
0.000616771
0.000606657
0.000583194
0.000662246
0.000647904
0.0006168
0.000647891
0.000635194
0.000606674
0.000616771
0.000606657
0.000583194
0.000662246
0.000647904
0.0006168
0.000647891
0.000635194
0.000606674
0.000616771
0.000606657
0.000583194
0.000662246
0.000647904
0.0006168
0.00064789
0.000635194
0.000606674
0.000616771
0.000606657
0.000583194
0.000662246
0.000647904
0.000616799
0.00064789
0.000635193
0.000606673
0.00061677
0.000606656
0.000583194
0.000662241
0.000647899
0.000616795
0.000647885
0.000635188
0.000606669
0.000616765
0.000606652
0.00058319
0.000662114
0.000647778
0.000616683
0.000647764
0.000635071
0.00060656
0.000616654
0.000606543
0.000583088
0.000673895
0.000672682
0.000669144
0.000669175
0.000666604
0.000659615
0.00065839
0.000653278
0.000640177
0.000634843
0.000625305
0.000602178
0.000585563
0.000569031
0.000531102
0.000487798
0.00046212
0.000406746
0.00031399
0.000282446
0.000220432
9.89519e-05
8.01854e-05
4.97323e-05
6.67812e-06
4.92561e-06
2.63529e-06
1.00184e-06
1.01943e-06
1.08583e-06
0.000673162
0.000671351
0.000666175
0.000666097
0.000662108
0.00065167
0.000649184
0.000641058
0.000621081
0.000611361
0.000596273
0.000561414
0.000533677
0.000509011
0.00045583
0.000393421
0.000360551
0.000295583
0.000195381
0.000166458
0.000116434
3.96668e-05
3.01027e-05
1.67194e-05
2.47128e-06
1.92164e-06
1.28029e-06
2.76911e-06
2.89222e-06
3.16052e-06
0.000670972
0.0006679
0.000659622
0.000659298
0.000652778
0.00063688
0.000632295
0.000619767
0.00059101
0.000575581
0.000554279
0.00050829
0.000470101
0.000439478
0.00037795
0.000306024
0.000272267
0.00021057
0.000121596
9.95174e-05
6.46351e-05
1.81728e-05
1.33631e-05
7.19038e-06
1.70634e-06
1.49885e-06
1.27383e-06
5.33879e-06
5.52291e-06
5.82329e-06
0.000666576
0.000661529
0.000648862
0.000648073
0.000638162
0.000615752
0.000608395
0.000591015
0.000553776
0.000532396
0.000505878
0.000452135
0.000406051
0.000372645
0.000309453
0.000235366
0.000204353
0.000151079
7.73081e-05
6.14755e-05
3.80786e-05
9.4736e-06
6.96952e-06
3.91192e-06
1.74695e-06
1.67138e-06
1.61609e-06
8.18621e-06
8.30457e-06
8.35717e-06
0.000659498
0.00065189
0.000634044
0.000632517
0.000618823
0.000589884
0.00057937
0.000557515
0.000513449
0.000486613
0.00045656
0.000398832
0.000347588
0.000313974
0.000253422
0.000181435
0.000154557
0.00011058
5.07881e-05
3.96672e-05
2.40142e-05
5.69759e-06
4.3123e-06
2.6435e-06
2.0976e-06
2.09318e-06
2.12845e-06
1.08224e-05
1.07558e-05
1.03625e-05
0.00064961
0.000639098
0.000615823
0.000613312
0.000595898
0.000561162
0.000547397
0.000521927
0.000473134
0.000441698
0.000409776
0.000351106
0.000296992
0.000264808
0.000209049
0.000141281
0.000118679
8.30523e-05
3.4721e-05
2.6897e-05
1.62346e-05
3.94575e-06
3.11613e-06
2.10116e-06
2.61925e-06
2.65629e-06
2.73429e-06
1.29803e-05
1.26624e-05
1.17532e-05
0.0006371
0.000623596
0.000595122
0.000591435
0.000570692
0.000531271
0.000514392
0.000486316
0.000434773
0.000399704
0.000367254
0.000309717
0.00025447
0.00022457
0.000174339
0.000111645
9.2887e-05
6.41273e-05
2.47893e-05
1.91969e-05
1.17121e-05
3.08159e-06
2.54124e-06
1.85992e-06
3.24368e-06
3.30128e-06
3.38995e-06
1.45906e-05
1.40068e-05
1.26045e-05
0.000622381
0.000606009
0.00057288
0.000567906
0.000544397
0.000501489
0.00048179
0.000452062
0.000399372
0.000361608
0.000329579
0.000274418
0.000219282
0.000191984
0.000147219
8.97507e-05
7.42205e-05
5.08715e-05
1.84845e-05
1.43875e-05
8.94077e-06
2.63702e-06
2.25792e-06
1.76498e-06
3.92813e-06
3.99266e-06
4.07828e-06
1.56971e-05
1.48664e-05
1.3041e-05
0.000605998
0.00058702
0.000549934
0.000543639
0.000517972
0.000472683
0.000450543
0.000419957
0.000367305
0.000327679
0.000296676
0.000244524
0.000190349
0.000165655
0.000125906
7.34485e-05
6.0533e-05
4.1368e-05
1.43527e-05
1.12633e-05
7.15007e-06
2.40951e-06
2.12837e-06
1.7557e-06
4.64896e-06
4.71536e-06
4.80487e-06
1.63885e-05
1.53464e-05
1.3183e-05
0.000588533
0.000567276
0.000526954
0.00051937
0.000492113
0.000445367
0.000421189
0.000390359
0.000338551
0.000297764
0.000268131
0.000219218
0.000166551
0.000144297
0.000108976
6.11457e-05
5.03146e-05
3.43704e-05
1.15471e-05
9.1481e-06
5.93249e-06
2.30718e-06
2.09213e-06
1.80878e-06
5.39914e-06
5.47163e-06
5.59325e-06
1.67605e-05
1.55472e-05
1.3128e-05
0.000570507
0.000547314
0.000504421
0.00049562
0.000467263
0.000419778
0.000393952
0.000363321
0.000312858
0.000271477
0.000243376
0.000197684
0.000146859
0.000126812
9.53191e-05
5.16878e-05
4.25146e-05
2.9062e-05
9.5684e-06
7.65462e-06
5.06452e-06
2.28732e-06
2.12291e-06
1.91881e-06
6.18514e-06
6.27723e-06
6.48096e-06
1.68979e-05
1.55521e-05
1.29485e-05
0.000552316
0.000527512
0.00048262
0.000472698
0.000443644
0.000395941
0.000368821
0.000338695
0.000289852
0.000248323
0.000221804
0.000179173
0.000130378
0.000112299
8.40828e-05
4.42458e-05
3.64013e-05
2.48992e-05
8.11742e-06
6.55588e-06
4.41952e-06
2.33114e-06
2.21155e-06
2.09164e-06
7.02364e-06
7.15799e-06
7.51658e-06
1.68693e-05
1.5425e-05
1.26957e-05
0.000534258
0.000508118
0.00046168
0.000450758
0.000421315
0.000373752
0.000345647
0.000316226
0.000269118
0.00022778
0.000202828
0.000163029
0.000116361
0.000100028
7.46114e-05
3.82272e-05
3.14637e-05
2.15138e-05
7.0124e-06
5.71628e-06
3.9246e-06
2.43299e-06
2.35939e-06
2.34297e-06
7.93859e-06
8.14702e-06
8.75639e-06
1.6727e-05
1.52126e-05
1.2405e-05
0.000516735
0.000489421
0.000441717
0.000429967
0.000400321
0.000353091
0.000324275
0.00029566
0.000250279
0.000209378
0.000185933
0.000148707
0.000104208
8.94253e-05
6.64056e-05
3.32122e-05
2.73452e-05
1.86551e-05
6.14235e-06
5.05449e-06
3.53904e-06
2.59586e-06
2.57567e-06
2.69927e-06
8.95865e-06
9.28194e-06
1.02582e-05
1.65092e-05
1.4948e-05
1.21005e-05
0.000500617
0.000472064
0.000423093
0.000410781
0.000380922
0.000334011
0.000304725
0.000276883
0.0002331
0.000192779
0.000170733
0.000135795
9.3459e-05
8.0059e-05
5.90927e-05
2.891e-05
2.38014e-05
1.61553e-05
5.44066e-06
4.52325e-06
3.24355e-06
2.82942e-06
2.87705e-06
3.19945e-06
1.01147e-05
1.06015e-05
1.207e-05
1.62429e-05
1.4654e-05
1.17989e-05
0.000487507
0.000457408
0.000406689
0.000394233
0.000363867
0.000316955
0.00028739
0.000260088
0.000217614
0.000177854
0.000157023
0.000124048
8.38015e-05
7.16251e-05
5.2413e-05
2.51296e-05
2.06732e-05
1.39114e-05
4.86971e-06
4.09784e-06
3.03502e-06
3.1494e-06
3.28777e-06
3.89562e-06
1.14369e-05
1.21406e-05
1.42132e-05
1.5947e-05
1.43465e-05
1.15126e-05
0.000479527
0.000447581
0.000393997
0.000381941
0.00035058
0.000302879
0.000273158
0.000245912
0.000204233
0.000164756
0.000144831
0.000113426
7.50647e-05
6.39442e-05
4.62142e-05
2.17591e-05
1.78688e-05
1.18759e-05
4.41114e-06
3.76921e-06
2.92328e-06
3.57729e-06
3.8396e-06
4.85055e-06
1.2951e-05
1.39216e-05
1.66659e-05
1.56347e-05
1.40366e-05
1.12505e-05
0.000478485
0.00044463
0.000386752
0.000375733
0.000342831
0.000293127
0.00026335
0.000235442
0.000193748
0.000153955
0.000134458
0.000104111
6.72201e-05
5.69576e-05
4.04491e-05
1.87489e-05
1.53505e-05
1.00485e-05
4.05906e-06
3.53903e-06
2.92868e-06
4.13992e-06
4.57107e-06
6.12921e-06
1.46736e-05
1.5949e-05
1.93494e-05
1.53155e-05
1.37328e-05
1.10194e-05
0.000484393
0.000449141
0.000385998
0.000376543
0.000341881
0.000288866
0.000259284
0.000229953
0.000187159
0.000146208
0.000126479
9.65043e-05
6.03743e-05
5.07222e-05
3.51722e-05
1.60932e-05
1.31206e-05
8.46205e-06
3.81478e-06
3.41576e-06
3.0798e-06
4.86844e-06
5.52489e-06
7.78413e-06
1.66073e-05
1.82017e-05
2.21343e-05
1.49972e-05
1.34422e-05
1.08222e-05
0.000495341
0.00045838
0.0003913
0.000383425
0.000347182
0.000290212
0.000261459
0.000230216
0.000185191
0.000142383
0.000121654
9.11626e-05
5.47511e-05
4.53974e-05
3.05262e-05
1.38087e-05
1.1201e-05
7.16135e-06
3.68319e-06
3.41191e-06
3.41188e-06
5.79636e-06
6.74312e-06
9.83902e-06
1.87356e-05
2.06273e-05
2.48672e-05
1.46866e-05
1.31705e-05
1.0658e-05
0.000506987
0.000469167
0.000399785
0.000393799
0.000356065
0.000295499
0.000268835
0.000235668
0.000187588
0.000143076
0.000120654
8.86184e-05
5.06575e-05
4.12205e-05
2.67073e-05
1.19155e-05
9.61581e-06
6.17853e-06
3.67114e-06
3.54321e-06
3.96599e-06
6.95651e-06
8.26052e-06
1.22769e-05
2.10197e-05
2.31451e-05
2.74047e-05
1.439e-05
1.29223e-05
1.05212e-05
0.000515311
0.000478035
0.000407515
0.00040395
0.000365654
0.000302281
0.000278969
0.00024435
0.000192934
0.0001481
0.000123624
8.90852e-05
4.84275e-05
3.84669e-05
2.39175e-05
1.04249e-05
8.37905e-06
5.52173e-06
3.78806e-06
3.82932e-06
4.78746e-06
8.37735e-06
1.00969e-05
1.50373e-05
2.33985e-05
2.56566e-05
2.96426e-05
1.4113e-05
1.27002e-05
1.04033e-05
0.000517663
0.000482135
0.000411907
0.000411205
0.000373751
0.000308276
0.000289186
0.000253798
0.000199066
0.000156261
0.000129828
9.21267e-05
4.83335e-05
3.73909e-05
2.23139e-05
9.34015e-06
7.49283e-06
5.18201e-06
4.04765e-06
4.29524e-06
5.92243e-06
1.00779e-05
1.22509e-05
1.80244e-05
2.57937e-05
2.80608e-05
3.15314e-05
1.38597e-05
1.25041e-05
1.02949e-05
0.000513865
0.000481093
0.000412749
0.00041386
0.000377839
0.000309839
0.000297439
0.000261589
0.000203939
0.000165727
0.000137686
9.6683e-05
5.0467e-05
3.8135e-05
2.19771e-05
8.66542e-06
6.95541e-06
5.15027e-06
4.46974e-06
4.97255e-06
7.41255e-06
1.20634e-05
1.46967e-05
2.1122e-05
2.81203e-05
3.02704e-05
3.30733e-05
1.36318e-05
1.23311e-05
1.01883e-05
0.000504992
0.000474358
0.000406989
0.00041206
0.000377151
0.000308368
0.000302647
0.000266577
0.000206612
0.000174731
0.00014542
0.00010155
5.46269e-05
4.06392e-05
2.28956e-05
8.41748e-06
6.77331e-06
5.43391e-06
5.08146e-06
5.8991e-06
9.2903e-06
1.43216e-05
1.73846e-05
2.42153e-05
3.03001e-05
3.22269e-05
3.431e-05
1.3428e-05
1.21764e-05
1.00786e-05
0.000492015
0.000462653
0.000395723
0.000406189
0.000372014
0.000303573
0.000304401
0.000268428
0.000206721
0.000182042
0.000151825
0.000105683
6.0294e-05
4.46043e-05
2.49457e-05
8.63451e-06
6.97259e-06
6.06747e-06
5.91768e-06
7.11728e-06
1.15771e-05
1.68236e-05
2.0249e-05
2.72113e-05
3.22737e-05
3.39084e-05
3.5307e-05
1.32448e-05
1.20342e-05
9.96496e-06
0.000475557
0.000447184
0.00038111
0.000396755
0.000363633
0.000295537
0.000302866
0.000267283
0.000204491
0.000187088
0.000156375
0.000108483
6.67452e-05
4.95433e-05
2.78961e-05
9.37892e-06
7.60569e-06
7.11636e-06
7.02104e-06
8.67395e-06
1.42822e-05
1.95283e-05
2.32184e-05
3.00602e-05
3.40111e-05
3.53309e-05
3.6143e-05
1.30768e-05
1.18994e-05
9.84975e-06
0.000456715
0.000429326
0.000364881
0.000384716
0.000352888
0.000285616
0.000298425
0.000263566
0.00020022
0.00018983
0.000158941
0.000109859
7.32679e-05
5.48787e-05
3.14629e-05
1.07319e-05
8.75036e-06
8.67215e-06
8.44259e-06
1.06185e-05
1.7404e-05
2.23903e-05
2.62329e-05
3.2765e-05
3.55174e-05
3.65442e-05
3.69036e-05
1.29182e-05
1.17691e-05
9.7386e-06
0.000436618
0.000410255
0.000348268
0.000371058
0.000340298
0.000274715
0.000291837
0.000257919
0.000194697
0.000190555
0.000159772
0.000110057
7.9322e-05
6.01397e-05
3.53602e-05
1.27812e-05
1.05007e-05
1.08368e-05
1.02416e-05
1.30017e-05
2.09307e-05
2.53717e-05
2.92588e-05
3.53804e-05
3.68329e-05
3.7624e-05
3.76815e-05
1.27644e-05
1.16428e-05
9.63975e-06
0.000416187
0.000390988
0.000332146
0.00035646
0.000326801
0.000263715
0.00028378
0.000250782
0.000188766
0.000189686
0.000159194
0.000109513
8.46162e-05
6.50053e-05
3.93695e-05
1.56003e-05
1.2947e-05
1.36987e-05
1.24862e-05
1.58723e-05
2.48361e-05
2.84529e-05
3.22967e-05
3.79963e-05
3.803e-05
3.86649e-05
3.85696e-05
1.2613e-05
1.15235e-05
9.56335e-06
0.000396108
0.000372288
0.000317035
0.000341555
0.000313186
0.000253161
0.000274895
0.000242913
0.000182815
0.000187669
0.000157721
0.00010857
8.90925e-05
6.93389e-05
4.33528e-05
1.92314e-05
1.61542e-05
1.72965e-05
1.52511e-05
1.92689e-05
2.90698e-05
3.16369e-05
3.53791e-05
4.07073e-05
3.92053e-05
3.97695e-05
3.96474e-05
1.24655e-05
1.14176e-05
9.52059e-06
0.000376847
0.000354632
0.000303181
0.00032687
0.000300003
0.000243356
0.000265726
0.000234878
0.000177131
0.000184983
0.000155772
0.000107483
9.28603e-05
7.31532e-05
4.72001e-05
2.3675e-05
2.01423e-05
2.16108e-05
1.86086e-05
2.32042e-05
3.35451e-05
3.4944e-05
3.85529e-05
4.35687e-05
4.04647e-05
4.1033e-05
4.0946e-05
1.23275e-05
1.13348e-05
9.52218e-06
0.000358705
0.000338233
0.00029059
0.000312865
0.00028752
0.000234334
0.000256742
0.00022709
0.000171723
0.000182005
0.000153544
0.000106299
9.60979e-05
7.65136e-05
5.07881e-05
2.88857e-05
2.48748e-05
2.65348e-05
2.26098e-05
2.76434e-05
3.80909e-05
3.83946e-05
4.18479e-05
4.64778e-05
4.19005e-05
4.25081e-05
4.23274e-05
1.22092e-05
1.1287e-05
9.57571e-06
0.000341836
0.000323106
0.00027904
0.000299874
0.000275768
0.000225921
0.000248323
0.000219593
0.000166467
0.000179022
0.00015121
0.000104914
9.90213e-05
7.9513e-05
5.39742e-05
3.47774e-05
3.02271e-05
3.18694e-05
2.72576e-05
3.24823e-05
4.25135e-05
4.19778e-05
4.51782e-05
4.93003e-05
4.35456e-05
4.40814e-05
4.37003e-05
1.2124e-05
1.12854e-05
9.67978e-06
0.000326243
0.000309163
0.000268494
0.0002879
0.000264769
0.000218181
0.000240523
0.000212365
0.000161541
0.000176185
0.000148647
0.000103559
0.000101755
8.19519e-05
5.69143e-05
4.11414e-05
3.60067e-05
3.73236e-05
3.24895e-05
3.75359e-05
4.67047e-05
4.5549e-05
4.83982e-05
5.19414e-05
4.52428e-05
4.56433e-05
4.49865e-05
1.20845e-05
1.13347e-05
9.82531e-06
0.000311849
0.000296261
0.000258891
0.000276866
0.000254485
0.000211136
0.00023326
0.000205451
0.000157071
0.000173412
0.000146004
0.000102416
0.000104133
8.41611e-05
5.97402e-05
4.77844e-05
4.20019e-05
4.26588e-05
3.81505e-05
4.26171e-05
5.05868e-05
4.89892e-05
5.14476e-05
5.43099e-05
4.68945e-05
4.71187e-05
4.61065e-05
1.20955e-05
1.14305e-05
9.99866e-06
0.000298526
0.000284353
0.000250158
0.000266655
0.000244947
0.000204786
0.000226497
0.000198975
0.000153149
0.000170837
0.000143514
0.000101616
0.000106492
8.63878e-05
6.25522e-05
5.45713e-05
4.80259e-05
4.77125e-05
4.40295e-05
4.75693e-05
5.41093e-05
5.22619e-05
5.42623e-05
5.63427e-05
4.8428e-05
4.84285e-05
4.70032e-05
1.21533e-05
1.15628e-05
1.01847e-05
0.00028629
0.000273319
0.000242225
0.000257261
0.000236167
0.000199124
0.000220295
0.000193036
0.00014983
0.000168609
0.000141364
0.00010124
0.000109026
8.87846e-05
6.54025e-05
6.13934e-05
5.39433e-05
5.23949e-05
4.99371e-05
5.22813e-05
5.72472e-05
5.53389e-05
5.67929e-05
5.80136e-05
4.97801e-05
4.95146e-05
4.76538e-05
1.22484e-05
1.17177e-05
1.03699e-05
0.000275144
0.000263096
0.000235009
0.000248681
0.000228213
0.000194065
0.000214701
0.000187711
0.000147131
0.000166827
0.000139669
0.000101322
0.000111826
9.13995e-05
6.83225e-05
6.81442e-05
5.96735e-05
5.66743e-05
5.57279e-05
5.66891e-05
5.99993e-05
5.82038e-05
5.9014e-05
5.93299e-05
5.09146e-05
5.03515e-05
4.80664e-05
1.23685e-05
1.18818e-05
1.05439e-05
0.000264993
0.000253733
0.000228437
0.000240907
0.000221143
0.00018952
0.000209747
0.000183069
0.000145018
0.00016555
0.000138475
0.000101856
0.000114923
9.42061e-05
7.13183e-05
7.474e-05
6.51687e-05
6.05503e-05
6.13052e-05
6.07674e-05
6.23828e-05
6.08526e-05
6.09269e-05
6.03228e-05
5.18258e-05
5.09446e-05
4.82706e-05
1.25019e-05
1.20437e-05
1.07e-05
0.000255772
0.000245223
0.000222468
0.000233921
0.00021489
0.000185512
0.000205447
0.000179189
0.000143397
0.000164786
0.000137784
0.00010281
0.000118285
9.71656e-05
7.43662e-05
8.11243e-05
7.03849e-05
6.40541e-05
6.66144e-05
6.45168e-05
6.44291e-05
6.3293e-05
6.25537e-05
6.10372e-05
5.25317e-05
5.13221e-05
4.83072e-05
1.26393e-05
1.21956e-05
1.08351e-05
0.000247431
0.000237539
0.000217077
0.000227696
0.000209397
0.000182046
0.000201786
0.000176004
0.000142264
0.000164503
0.000137562
0.000104133
0.000121834
0.000100236
7.74409e-05
8.72444e-05
7.5307e-05
6.72272e-05
7.16295e-05
6.79543e-05
6.61779e-05
6.55401e-05
6.39295e-05
6.15231e-05
5.30644e-05
5.15239e-05
4.8219e-05
1.27741e-05
1.2333e-05
1.09486e-05
0.000239922
0.000230642
0.000212241
0.000222197
0.000204609
0.000179106
0.00019873
0.000173447
0.000141594
0.000164645
0.000137762
0.000105767
0.000125487
0.000103369
8.05185e-05
9.30637e-05
7.99316e-05
7.01156e-05
7.63422e-05
7.11079e-05
6.76705e-05
6.76133e-05
6.50955e-05
6.18294e-05
5.34612e-05
5.15931e-05
4.80451e-05
1.29025e-05
1.24541e-05
1.10418e-05
0.0002332
0.00022449
0.000207934
0.000217381
0.000200476
0.000176665
0.000196232
0.000171462
0.000141336
0.000165146
0.000138362
0.000107616
0.000129171
0.000106516
8.35779e-05
9.85691e-05
8.42359e-05
7.27815e-05
8.07546e-05
7.40092e-05
6.89465e-05
6.95329e-05
6.60933e-05
6.19993e-05
5.37589e-05
5.15704e-05
4.78177e-05
1.30224e-05
1.25589e-05
1.1117e-05
0.000227214
0.000219036
0.000204131
0.000213198
0.000196944
0.000174684
0.000194235
0.00016999
0.000141435
0.000165932
0.000139304
0.000109625
0.000132826
0.000109651
8.65876e-05
0.000103756
8.82188e-05
7.52702e-05
8.48753e-05
7.66801e-05
7.00503e-05
7.13154e-05
6.69625e-05
6.20701e-05
5.39892e-05
5.14902e-05
4.75619e-05
1.31328e-05
1.26488e-05
1.11773e-05
0.000221912
0.000214234
0.000200802
0.000209595
0.000193963
0.000173122
0.000192679
0.000168972
0.000141839
0.000166928
0.000140527
0.000111755
0.000136393
0.000112759
8.95277e-05
0.000108618
9.19109e-05
7.76035e-05
8.87156e-05
7.91386e-05
7.1022e-05
7.29796e-05
6.77318e-05
6.2073e-05
5.41781e-05
5.1379e-05
4.72961e-05
1.3234e-05
1.27258e-05
1.12254e-05
0.000217244
0.000210032
0.000197914
0.000206518
0.000191481
0.000171938
0.000191509
0.000168347
0.000142499
0.000168087
0.000141963
0.000113966
0.000139836
0.000115826
9.23767e-05
0.000113153
9.53418e-05
7.97991e-05
9.2288e-05
8.13925e-05
7.19034e-05
7.45476e-05
6.84157e-05
6.20338e-05
5.4346e-05
5.12551e-05
4.70332e-05
1.33266e-05
1.27921e-05
1.1264e-05
0.000213157
0.000206383
0.000195436
0.000203917
0.000189447
0.000171088
0.000190672
0.000168059
0.000143368
0.000169366
0.000143562
0.000116222
0.000143135
0.00011884
9.51167e-05
0.000117363
9.85568e-05
8.18571e-05
9.56007e-05
8.34687e-05
7.27131e-05
7.60239e-05
6.90378e-05
6.1971e-05
5.45066e-05
5.11317e-05
4.67808e-05
1.34113e-05
1.28495e-05
1.12954e-05
0.0002096
0.000203238
0.000193332
0.000201742
0.000187814
0.000170532
0.000190124
0.000168059
0.000144405
0.000170731
0.000145276
0.000118495
0.000146277
0.000121777
9.77486e-05
0.00012126
0.000101572
8.37917e-05
9.86706e-05
8.53869e-05
7.34619e-05
7.74144e-05
6.96138e-05
6.18968e-05
5.46685e-05
5.10172e-05
4.65439e-05
1.3489e-05
1.28999e-05
1.13214e-05
0.000206527
0.000200554
0.000191569
0.000199947
0.000186537
0.000170234
0.000189822
0.0001683
0.000145576
0.000172153
0.00014707
0.000120762
0.000149255
0.00012462
0.000100273
0.00012486
0.000104398
8.56143e-05
0.00010151
8.71708e-05
7.41531e-05
7.87245e-05
7.01547e-05
6.18182e-05
5.48365e-05
5.09168e-05
4.63235e-05
1.35607e-05
1.29449e-05
1.13436e-05
0.000203891
0.000198298
0.000190101
0.000198489
0.000185578
0.000170157
0.000189726
0.000168748
0.00014685
0.000173607
0.000148911
0.000123005
0.000152067
0.000127358
0.000102689
0.000128178
0.000107056
8.73267e-05
0.000104127
8.88392e-05
7.47932e-05
7.99576e-05
7.06693e-05
6.17384e-05
5.50125e-05
5.08328e-05
4.61197e-05
1.36271e-05
1.29856e-05
1.1363e-05
0.000201651
0.000196421
0.000188909
0.000197329
0.000184899
0.000170271
0.000189797
0.000169375
0.000148202
0.000175073
0.000150777
0.000125209
0.000154711
0.000129985
0.000104997
0.000131229
0.000109558
8.89338e-05
0.000106533
9.04003e-05
7.53902e-05
8.11163e-05
7.11588e-05
6.16624e-05
5.51961e-05
5.07655e-05
4.59317e-05
1.36889e-05
1.3023e-05
1.13805e-05
0.000199768
0.000194881
0.000187971
0.000196433
0.000184467
0.000170551
0.000190013
0.000170145
0.000149609
0.000176535
0.000152646
0.000127364
0.000157191
0.000132497
0.000107196
0.000134029
0.000111906
9.04452e-05
0.000108739
9.18607e-05
7.59498e-05
8.22007e-05
7.16247e-05
6.15927e-05
5.53845e-05
5.07147e-05
4.57581e-05
1.37466e-05
1.30578e-05
1.13967e-05
0.000198205
0.000193641
0.000187265
0.00019577
0.00018425
0.000170972
0.000190351
0.000171029
0.000151054
0.000177979
0.000154502
0.000129461
0.000159509
0.000134889
0.000109289
0.000136593
0.000114107
9.18686e-05
0.000110756
9.32256e-05
7.64759e-05
8.32107e-05
7.20708e-05
6.15272e-05
5.55754e-05
5.06786e-05
4.5597e-05
1.38007e-05
1.30905e-05
1.14119e-05
0.00019693
0.000192667
0.000186767
0.000195314
0.000184219
0.000171514
0.000190793
0.000172
0.000152522
0.000179396
0.00015633
0.000131495
0.00016167
0.000137161
0.000111279
0.000138936
0.000116164
9.32102e-05
0.000112593
9.44991e-05
7.69712e-05
8.41463e-05
7.24966e-05
6.14657e-05
5.5766e-05
5.06547e-05
4.54465e-05
1.38515e-05
1.31216e-05
1.14265e-05
0.000195914
0.000191932
0.000186458
0.00019504
0.000184351
0.000172159
0.00019132
0.00017304
0.000154
0.000180777
0.00015812
0.00013346
0.000163679
0.000139311
0.000113169
0.00014107
0.000118082
9.44748e-05
0.000114261
9.56845e-05
7.74377e-05
8.50079e-05
7.29008e-05
6.14073e-05
5.59537e-05
5.064e-05
4.53046e-05
1.38994e-05
1.31511e-05
1.14404e-05
0.000195131
0.000191409
0.000186316
0.000194926
0.000184621
0.00017289
0.000191917
0.000174128
0.000155479
0.000182116
0.000159863
0.000135356
0.000165542
0.00014134
0.000114961
0.00014301
0.000119866
9.56667e-05
0.00011577
9.67843e-05
7.78767e-05
8.57963e-05
7.32817e-05
6.1351e-05
5.61363e-05
5.06308e-05
4.51699e-05
1.39446e-05
1.31794e-05
1.14539e-05
0.000194557
0.000191076
0.000186324
0.000194953
0.000185011
0.000173693
0.000192571
0.000175251
0.000156949
0.000183407
0.00016155
0.000137179
0.000167264
0.00014325
0.000116659
0.000144769
0.000121521
9.67894e-05
0.000117129
9.7801e-05
7.8289e-05
8.65121e-05
7.36375e-05
6.12955e-05
5.63097e-05
5.06255e-05
4.50407e-05
1.39872e-05
1.32063e-05
1.1467e-05
0.00019417
0.000190911
0.000186465
0.000195104
0.000185502
0.000174556
0.000193267
0.000176395
0.000158405
0.000184648
0.000163177
0.00013893
0.000168853
0.000145041
0.000118267
0.000146358
0.000123053
9.7846e-05
0.000118348
9.8737e-05
7.8675e-05
8.71564e-05
7.39668e-05
6.12392e-05
5.64708e-05
5.06222e-05
4.49156e-05
1.40273e-05
1.32322e-05
1.14797e-05
0.000193951
0.000190897
0.000186723
0.000195361
0.00018608
0.000175468
0.000193997
0.00017755
0.000159839
0.000185834
0.00016474
0.000140608
0.000170315
0.000146718
0.000119787
0.000147789
0.000124466
9.88391e-05
0.000119434
9.95948e-05
7.90346e-05
8.77307e-05
7.42681e-05
6.11806e-05
5.66167e-05
5.0619e-05
4.47934e-05
1.4065e-05
1.32569e-05
1.1492e-05
0.000193882
0.000191016
0.000187086
0.000195711
0.00018673
0.000176419
0.000194751
0.000178705
0.000161249
0.000186965
0.000166236
0.000142215
0.000171656
0.000148284
0.000121223
0.000149074
0.000125766
9.9771e-05
0.000120397
0.000100378
7.93675e-05
8.82367e-05
7.45405e-05
6.11181e-05
5.67449e-05
5.06143e-05
4.46727e-05
1.41003e-05
1.32805e-05
1.15039e-05
0.000193948
0.000191253
0.00018754
0.000196141
0.00018744
0.000177401
0.000195519
0.000179854
0.00016263
0.00018804
0.000167664
0.000143751
0.000172883
0.000149742
0.000122579
0.000150223
0.000126959
0.000100644
0.000121244
0.00010109
7.9672e-05
8.86765e-05
7.47833e-05
6.105e-05
5.68538e-05
5.06062e-05
4.45522e-05
1.41333e-05
1.3303e-05
1.15154e-05
0.000194133
0.000191595
0.000188074
0.00019664
0.0001882
0.000178406
0.000196296
0.00018099
0.000163979
0.000189058
0.000169023
0.000145218
0.000174003
0.000151097
0.000123857
0.000151245
0.000128051
0.000101459
0.000121985
0.000101735
7.9947e-05
8.90522e-05
7.49959e-05
6.09748e-05
5.69425e-05
5.05927e-05
4.4431e-05
1.4164e-05
1.33244e-05
1.15265e-05
0.000194426
0.000192029
0.000188679
0.000197197
0.000189
0.000179428
0.000197075
0.000182108
0.000165296
0.000190019
0.000170312
0.000146618
0.000175022
0.000152354
0.000125063
0.000152151
0.000129047
0.00010222
0.000122625
0.000102315
8.01938e-05
8.93659e-05
7.51785e-05
6.08912e-05
5.70103e-05
5.05723e-05
4.43078e-05
1.41924e-05
1.33448e-05
1.15371e-05
0.000194813
0.000192545
0.000189345
0.000197802
0.000189832
0.000180462
0.000197851
0.000183204
0.000166577
0.000190925
0.000171534
0.000147954
0.000175947
0.000153517
0.000126199
0.00015295
0.000129953
0.000102929
0.000123173
0.000102831
8.04134e-05
8.96213e-05
7.53298e-05
6.07982e-05
5.70569e-05
5.05432e-05
4.41817e-05
1.42187e-05
1.3364e-05
1.15473e-05
0.000195284
0.000193131
0.000190065
0.000198447
0.000190688
0.000181502
0.000198621
0.000184274
0.000167823
0.000191777
0.000172688
0.000149227
0.000176784
0.000154589
0.00012727
0.00015365
0.000130773
0.000103589
0.000123636
0.000103285
8.06068e-05
8.98219e-05
7.54491e-05
6.06948e-05
5.70822e-05
5.05041e-05
4.40518e-05
1.42429e-05
1.33821e-05
1.1557e-05
0.000195829
0.00019378
0.00019083
0.000199126
0.000191563
0.000182544
0.00019938
0.000185316
0.000169034
0.000192576
0.000173776
0.000150442
0.00017754
0.000155573
0.000128283
0.00015426
0.000131511
0.000104202
0.00012402
0.000103681
8.07746e-05
8.99711e-05
7.55362e-05
6.05802e-05
5.70864e-05
5.04536e-05
4.39172e-05
1.42651e-05
1.33991e-05
1.15662e-05
0.000196439
0.000194482
0.000191634
0.000199831
0.00019245
0.000183586
0.000200125
0.000186329
0.000170208
0.000193325
0.000174801
0.000151601
0.000178219
0.000156477
0.000129239
0.000154787
0.000132174
0.000104772
0.000124332
0.00010402
8.09178e-05
9.00721e-05
7.55912e-05
6.04539e-05
5.70698e-05
5.03905e-05
4.37772e-05
1.42853e-05
1.34149e-05
1.15749e-05
0.000197106
0.000195231
0.000192472
0.000200558
0.000193345
0.000184624
0.000200856
0.000187311
0.000171347
0.000194026
0.000175766
0.000152706
0.00017883
0.000157307
0.00013014
0.000155239
0.000132766
0.000105301
0.000124579
0.000104305
8.10372e-05
9.01283e-05
7.56146e-05
6.03153e-05
5.70327e-05
5.03142e-05
4.3631e-05
1.43037e-05
1.34296e-05
1.15831e-05
0.000197823
0.000196021
0.000193337
0.000201301
0.000194244
0.000185655
0.000201571
0.000188263
0.00017245
0.000194682
0.000176675
0.000153759
0.000179376
0.000158067
0.00013099
0.000155622
0.000133293
0.000105791
0.000124766
0.000104541
8.11337e-05
9.01427e-05
7.56072e-05
6.0164e-05
5.69756e-05
5.0224e-05
4.34776e-05
1.43203e-05
1.34432e-05
1.15908e-05
0.000198584
0.000196849
0.000194221
0.000202056
0.000195145
0.000186677
0.000202268
0.000189183
0.000173519
0.000195294
0.000177529
0.000154764
0.000179864
0.000158765
0.000131791
0.000155943
0.00013376
0.000106245
0.000124898
0.00010473
8.12085e-05
9.01183e-05
7.557e-05
5.99997e-05
5.68992e-05
5.01197e-05
4.33161e-05
1.43353e-05
1.34556e-05
1.1598e-05
0.000199383
0.00019771
0.000195121
0.00020282
0.000196045
0.000187689
0.000202947
0.000190073
0.000174555
0.000195867
0.000178333
0.000155724
0.000180299
0.000159404
0.000132548
0.000156208
0.000134172
0.000106666
0.000124981
0.000104875
8.12626e-05
9.00581e-05
7.55043e-05
5.98221e-05
5.6804e-05
5.00008e-05
4.31458e-05
1.43487e-05
1.3467e-05
1.16046e-05
0.000200215
0.000198597
0.000196035
0.000203589
0.000196941
0.000188688
0.000203608
0.000190934
0.000175558
0.000196403
0.000179091
0.00015664
0.000180686
0.000159989
0.000133262
0.000156424
0.000134534
0.000107056
0.00012502
0.000104981
8.12976e-05
8.99649e-05
7.54116e-05
5.96314e-05
5.66907e-05
4.98673e-05
4.29659e-05
1.43607e-05
1.34774e-05
1.16108e-05
0.000201075
0.000199506
0.00019696
0.000204363
0.000197832
0.000189675
0.000204252
0.000191767
0.00017653
0.000196904
0.000179804
0.000157517
0.00018103
0.000160527
0.000133938
0.000156595
0.00013485
0.000107418
0.00012502
0.000105051
8.13147e-05
8.98414e-05
7.52933e-05
5.94277e-05
5.65598e-05
4.9719e-05
4.27758e-05
1.43712e-05
1.34867e-05
1.16164e-05
0.00020196
0.000200435
0.000197895
0.000205138
0.000198717
0.000190649
0.000204879
0.000192573
0.000177472
0.000197375
0.000180478
0.000158357
0.000181335
0.000161021
0.000134579
0.000156726
0.000135126
0.000107754
0.000124984
0.000105088
8.13157e-05
8.96905e-05
7.51511e-05
5.92112e-05
5.64121e-05
4.95559e-05
4.25749e-05
1.43804e-05
1.34951e-05
1.16215e-05
0.000202866
0.000201378
0.000198837
0.000205914
0.000199594
0.00019161
0.00020549
0.000193353
0.000178387
0.000197817
0.000181115
0.000159164
0.000181607
0.000161476
0.000135189
0.000156824
0.000135367
0.000108069
0.000124918
0.000105096
8.13024e-05
8.95145e-05
7.49869e-05
5.89825e-05
5.62482e-05
4.9378e-05
4.23625e-05
1.43885e-05
1.35026e-05
1.16261e-05
0.000203789
0.000202334
0.000199785
0.000206688
0.000200465
0.000192558
0.000206086
0.00019411
0.000179274
0.000198235
0.000181718
0.00015994
0.000181849
0.000161897
0.000135769
0.000156892
0.000135575
0.000108364
0.000124825
0.000105079
8.12768e-05
8.93162e-05
7.48023e-05
5.87422e-05
5.60686e-05
4.91856e-05
4.21382e-05
1.43954e-05
1.35093e-05
1.16303e-05
0.000204728
0.0002033
0.000200737
0.000207462
0.000201327
0.000193493
0.000206668
0.000194846
0.000180137
0.000198631
0.000182293
0.000160686
0.000182065
0.000162287
0.000136324
0.000156935
0.000135757
0.000108643
0.000124709
0.00010504
8.12412e-05
8.90978e-05
7.45995e-05
5.84911e-05
5.58742e-05
4.89786e-05
4.19015e-05
1.44013e-05
1.35152e-05
1.1634e-05
0.000205681
0.000204275
0.000201693
0.000208233
0.000202182
0.000194414
0.000207238
0.000195562
0.000180975
0.000199007
0.000182842
0.000161405
0.00018226
0.000162652
0.000136856
0.000156956
0.000135915
0.000108911
0.000124574
0.000104982
8.11982e-05
8.88619e-05
7.43803e-05
5.82304e-05
5.56654e-05
4.87574e-05
4.16519e-05
1.44063e-05
1.35203e-05
1.16373e-05
0.000206644
0.000205257
0.000202651
0.000209002
0.00020303
0.000195324
0.000207797
0.000196261
0.000181791
0.000199368
0.000183369
0.000162096
0.000182437
0.000162994
0.000137365
0.000156961
0.000136054
0.00010917
0.000124423
0.000104909
8.11512e-05
8.86109e-05
7.41468e-05
5.79613e-05
5.5443e-05
4.85223e-05
4.1389e-05
1.44104e-05
1.35248e-05
1.16402e-05
0.000207617
0.000206244
0.000203611
0.00020977
0.000203871
0.00019622
0.000208346
0.000196944
0.000182582
0.000199715
0.000183877
0.000162756
0.000182601
0.000163319
0.000137854
0.000156953
0.000136179
0.00010943
0.00012426
0.000104826
8.11041e-05
8.8347e-05
7.39011e-05
5.76852e-05
5.52075e-05
4.82735e-05
4.11124e-05
1.44137e-05
1.35287e-05
1.16427e-05
0.0002086
0.000207237
0.000204573
0.000210536
0.000204706
0.000197105
0.000208889
0.000197615
0.000183349
0.000200052
0.000184369
0.000163375
0.000182754
0.00016363
0.000138323
0.000156937
0.000136295
0.000109705
0.000124089
0.000104734
8.10612e-05
8.80727e-05
7.36453e-05
5.74037e-05
5.49597e-05
4.80117e-05
4.08218e-05
1.44163e-05
1.3532e-05
1.16449e-05
0.000209591
0.000208236
0.000205536
0.000211301
0.000205537
0.000197979
0.000209426
0.000198275
0.000184092
0.000200382
0.000184849
0.00016395
0.0001829
0.000163931
0.000138781
0.000156914
0.000136405
0.000110005
0.000123913
0.000104639
8.10248e-05
8.77903e-05
7.33819e-05
5.71181e-05
5.47003e-05
4.77372e-05
4.0517e-05
1.44183e-05
1.35349e-05
1.16469e-05
0.00021059
0.00020924
0.000206502
0.000212068
0.000206365
0.000198847
0.00020996
0.000198927
0.000184822
0.000200708
0.000185321
0.000164511
0.000183044
0.000164228
0.00013924
0.000156891
0.000136514
0.000110314
0.000123735
0.000104543
8.09939e-05
8.75025e-05
7.31133e-05
5.68294e-05
5.443e-05
4.7451e-05
4.01976e-05
1.44198e-05
1.35375e-05
1.16486e-05
0.000211599
0.000210251
0.000207474
0.000212837
0.000207193
0.000199712
0.000210495
0.000199576
0.000185549
0.000201034
0.00018579
0.000165083
0.000183189
0.000164527
0.000139738
0.000156871
0.000136626
0.000110604
0.00012356
0.00010445
8.09664e-05
8.72118e-05
7.28419e-05
5.65394e-05
5.41499e-05
4.71535e-05
3.98642e-05
1.44208e-05
1.35397e-05
1.16503e-05
0.000212618
0.000211272
0.000208455
0.000213612
0.000208026
0.000200582
0.000211034
0.000200227
0.000186282
0.000201365
0.000186263
0.000165677
0.00018334
0.000164832
0.000140314
0.000156858
0.000136745
0.000110852
0.000123391
0.000104365
8.09434e-05
8.69213e-05
7.25709e-05
5.62505e-05
5.3861e-05
4.68458e-05
3.95175e-05
1.44215e-05
1.35417e-05
1.16519e-05
0.000213651
0.000212307
0.000209449
0.000214397
0.000208868
0.000201463
0.000211581
0.000200885
0.000187028
0.000201705
0.000186745
0.000166291
0.000183502
0.000165149
0.000140919
0.000156857
0.000136878
0.000111106
0.000123233
0.000104292
8.09344e-05
8.66343e-05
7.23035e-05
5.5967e-05
5.35646e-05
4.6529e-05
3.91592e-05
1.4422e-05
1.35437e-05
1.16536e-05
0.000214702
0.000213362
0.000210463
0.000215197
0.000209727
0.000202363
0.000212144
0.000201559
0.000187793
0.000202062
0.000187244
0.000166924
0.000183682
0.000165484
0.000141519
0.000156876
0.000137031
0.000111408
0.000123092
0.000104238
8.09509e-05
8.63549e-05
7.20438e-05
5.5694e-05
5.32628e-05
4.6205e-05
3.87911e-05
1.44223e-05
1.35457e-05
1.16555e-05
0.000215778
0.000214446
0.000211509
0.000216021
0.000210612
0.000203295
0.00021273
0.000202259
0.000188592
0.000202444
0.000187771
0.000167584
0.000183889
0.000165848
0.00014213
0.00015692
0.000137211
0.000111759
0.000122973
0.00010421
8.1002e-05
8.60877e-05
7.17976e-05
5.54375e-05
5.29576e-05
4.58764e-05
3.84164e-05
1.44226e-05
1.35478e-05
1.16579e-05
0.000216891
0.000215574
0.000212601
0.000216881
0.00021154
0.000204277
0.000213352
0.000202999
0.000189441
0.000202862
0.000188338
0.000168292
0.000184133
0.000166251
0.000142778
0.000157001
0.000137429
0.000112162
0.000122884
0.000104219
8.10982e-05
8.58388e-05
7.15716e-05
5.52046e-05
5.26523e-05
4.55467e-05
3.8039e-05
1.44231e-05
1.35502e-05
1.16608e-05
0.000218055
0.000216765
0.000213763
0.000217793
0.00021253
0.000205337
0.000214026
0.0002038
0.000190372
0.000203334
0.000188967
0.000169075
0.00018443
0.000166713
0.000143487
0.000157131
0.000137702
0.000112624
0.000122838
0.000104275
8.12522e-05
8.56157e-05
7.13732e-05
5.50042e-05
5.2351e-05
4.52203e-05
3.76644e-05
1.44239e-05
1.35531e-05
1.16645e-05
0.000219293
0.000218051
0.000215029
0.000218783
0.000213615
0.000206514
0.000214778
0.000204693
0.000191427
0.000203881
0.000189685
0.000169977
0.000184799
0.000167256
0.000144283
0.000157328
0.000138052
0.000113162
0.000122845
0.000104392
8.14809e-05
8.5428e-05
7.12132e-05
5.48465e-05
5.20588e-05
4.49032e-05
3.72995e-05
1.44252e-05
1.35568e-05
1.16693e-05
0.000220639
0.000219472
0.000216452
0.000219884
0.000214838
0.000207868
0.000215639
0.000205718
0.000192671
0.000204535
0.00019053
0.000171093
0.000185268
0.000167911
0.00014517
0.000157613
0.000138523
0.000113811
0.000122926
0.000104578
8.17933e-05
8.52881e-05
7.11044e-05
5.4745e-05
5.17827e-05
4.46032e-05
3.69534e-05
1.44273e-05
1.35614e-05
1.16754e-05
0.000222139
0.000221083
0.000218114
0.000221146
0.000216258
0.000209478
0.000216657
0.000206933
0.000194178
0.000205339
0.000191554
0.000172462
0.000185874
0.000168709
0.000146226
0.000158019
0.000139138
0.000114634
0.000123101
0.000104877
8.21958e-05
8.52116e-05
7.10645e-05
5.47166e-05
5.15316e-05
4.433e-05
3.66373e-05
1.44306e-05
1.35674e-05
1.16832e-05
0.000223858
0.00022294
0.000220147
0.000222636
0.000217958
0.000211453
0.000217896
0.000208417
0.000196047
0.00020635
0.000192827
0.00017416
0.000186667
0.000169719
0.000147526
0.000158583
0.000139939
0.000115641
0.000123402
0.000105317
8.27566e-05
8.52184e-05
7.11148e-05
5.47857e-05
5.13164e-05
4.40958e-05
3.63651e-05
1.44354e-05
1.3575e-05
1.1693e-05
0.000225886
0.000225145
0.000222704
0.000224448
0.00022005
0.000213937
0.000219441
0.000210276
0.000198407
0.000207645
0.000194448
0.000176292
0.000187712
0.000171025
0.000149166
0.000159359
0.000140982
0.000116909
0.000123865
0.000105935
8.35162e-05
8.53333e-05
7.12811e-05
5.49811e-05
5.11506e-05
4.39152e-05
3.61532e-05
1.44421e-05
1.35847e-05
1.17051e-05
0.000228349
0.000227863
0.00022596
0.000226706
0.000222688
0.00021711
0.000221408
0.000212649
0.000201423
0.000209326
0.000196536
0.000179001
0.000189094
0.000172738
0.000151267
0.000160412
0.000142335
0.000118527
0.000124538
0.00010678
8.45294e-05
8.55866e-05
7.15951e-05
5.53367e-05
5.10506e-05
4.38055e-05
3.602e-05
1.44514e-05
1.35969e-05
1.17201e-05
0.000231406
0.000231311
0.00023015
0.000229571
0.00022607
0.0002212
0.000223943
0.000215713
0.000205298
0.000211519
0.000199246
0.000182456
0.00019092
0.000175026
0.000153979
0.000161823
0.000144052
0.000120603
0.000125478
0.000107911
8.58638e-05
8.60147e-05
7.20948e-05
5.58924e-05
5.10352e-05
4.37866e-05
3.59861e-05
1.4464e-05
1.36123e-05
1.17382e-05
0.00023523
0.000235794
0.00023557
0.000233246
0.000230448
0.000226481
0.00022723
0.000219686
0.00021027
0.000214384
0.000202758
0.000186833
0.000193316
0.000178011
0.000157486
0.00016369
0.000146259
0.000123261
0.000126754
0.000109402
8.75978e-05
8.666e-05
7.28245e-05
5.66927e-05
5.11257e-05
4.38804e-05
3.6073e-05
1.44804e-05
1.36314e-05
1.17598e-05
0.000240039
0.000241687
0.000242566
0.000237976
0.000236119
0.000233271
0.000231486
0.000224826
0.000216607
0.000218105
0.000207276
0.000192358
0.000196433
0.000181813
0.000161954
0.000166125
0.000149117
0.000126629
0.000128444
0.000111342
8.98152e-05
8.75697e-05
7.38332e-05
5.77849e-05
5.1345e-05
4.411e-05
3.63023e-05
1.45017e-05
1.36549e-05
1.17856e-05
0.000246258
0.000249261
0.0002515
0.000244058
0.0002434
0.000241903
0.000236957
0.000231427
0.000224574
0.00022289
0.000213021
0.000199262
0.000200432
0.000186596
0.00016754
0.000169251
0.000152759
0.00013083
0.00013063
0.000113818
9.25985e-05
8.87935e-05
7.51711e-05
5.92155e-05
5.17165e-05
4.44981e-05
3.66939e-05
1.45287e-05
1.36836e-05
1.18159e-05
0.000254276
0.000258911
0.000262723
0.000251808
0.000252599
0.000252703
0.000243901
0.000239792
0.000234387
0.000228957
0.00022021
0.00020773
0.000205483
0.000192528
0.000174387
0.00017319
0.000157286
0.000135972
0.000133395
0.000116908
9.6018e-05
9.03804e-05
7.68848e-05
6.10243e-05
5.22624e-05
4.50652e-05
3.72643e-05
1.45625e-05
1.37182e-05
1.18511e-05
0.000264502
0.00027101
0.000276506
0.000261525
0.000263924
0.000265979
0.000252589
0.00025012
0.000246208
0.00023651
0.000229009
0.000217873
0.000211738
0.000199728
0.000182579
0.000178051
0.000162779
0.000142115
0.000136812
0.000120675
0.000100118
9.23728e-05
7.90113e-05
6.32386e-05
5.30014e-05
4.58272e-05
3.80239e-05
1.4604e-05
1.37595e-05
1.18919e-05
0.000277319
0.000285876
0.000292923
0.000273412
0.000277808
0.000281581
0.000263241
0.000262522
0.000260041
0.000245708
0.000239503
0.000229674
0.000219309
0.000208265
0.000192092
0.00018391
0.000169284
0.000149249
0.000140931
0.000125148
0.0001049
9.48007e-05
8.15704e-05
6.58655e-05
5.39463e-05
4.67928e-05
3.8975e-05
1.46545e-05
1.38083e-05
1.19386e-05
0.000293027
0.000303627
0.000311847
0.000287646
0.000294298
0.000299318
0.000276006
0.000276934
0.000275699
0.000256624
0.000251653
0.000242963
0.000228235
0.00021811
0.000202786
0.000190791
0.000176777
0.000157279
0.000145769
0.000130317
0.000110315
9.7674e-05
8.45594e-05
6.8884e-05
5.51013e-05
4.79611e-05
4.01096e-05
1.47146e-05
1.38653e-05
1.19916e-05
0.000311763
0.00032411
0.00033292
0.000304369
0.000313074
0.000318792
0.00029083
0.000293167
0.00029281
0.000269201
0.000265272
0.000257421
0.000238459
0.000229124
0.000214405
0.000198647
0.000185155
0.000166024
0.000151293
0.000136118
0.000116255
0.000100976
8.79471e-05
7.22423e-05
5.64594e-05
4.93199e-05
4.14078e-05
1.47849e-05
1.39308e-05
1.20509e-05
0.000333398
0.000346896
0.000355573
0.000323499
0.000333598
0.000339426
0.000307493
0.000310829
0.000310844
0.000283233
0.000280014
0.000272608
0.000249811
0.000241068
0.000226594
0.000207346
0.00019423
0.000175229
0.000157417
0.00014243
0.000122562
0.00010466
9.16706e-05
7.58592e-05
5.80014e-05
5.08441e-05
4.28386e-05
1.48657e-05
1.40048e-05
1.21161e-05
0.000357472
0.000371324
0.000379082
0.000344583
0.000355267
0.000360541
0.000325585
0.000329397
0.000329168
0.00029837
0.000295508
0.000288028
0.000262005
0.000253524
0.000238938
0.000216681
0.000203734
0.000184592
0.000164001
0.000149084
0.00012904
0.000108647
9.56384e-05
7.96304e-05
5.96951e-05
5.24973e-05
4.43614e-05
1.49564e-05
1.40867e-05
1.21865e-05
0.000383226
0.000396568
0.00040266
0.000366931
0.000377372
0.000381445
0.000344537
0.00034825
0.000347325
0.000314142
0.000311222
0.000303009
0.000274674
0.000266101
0.000251008
0.000226378
0.000213372
0.000193805
0.000170864
0.00015588
0.000135483
0.000112833
9.97379e-05
8.34397e-05
6.14976e-05
5.42334e-05
4.59296e-05
1.5056e-05
1.41752e-05
1.22608e-05
0.000409703
0.000421732
0.00042553
0.000389725
0.00039916
0.00040145
0.000363693
0.000366743
0.000364556
0.000330019
0.000326589
0.000317241
0.000287405
0.000278438
0.000262455
0.000236131
0.000222846
0.000202591
0.000177798
0.000162611
0.000141695
0.000117099
0.000103847
8.71716e-05
6.3358e-05
5.60014e-05
4.7495e-05
1.51624e-05
1.42687e-05
1.23374e-05
0.000435887
0.00044596
0.000447023
0.000412127
0.000419938
0.000420007
0.0003824
0.000384322
0.000380413
0.000345475
0.000341164
0.000330324
0.00029979
0.000290157
0.000272991
0.000245637
0.000231879
0.000210726
0.000184592
0.00016908
0.000147512
0.000121317
0.000107847
9.0723e-05
6.52226e-05
5.77493e-05
4.90128e-05
1.52733e-05
1.43648e-05
1.24142e-05
0.000460841
0.000468526
0.000466634
0.00043338
0.000439138
0.000436732
0.000400099
0.000400573
0.000394531
0.000360053
0.000354588
0.000342002
0.000311468
0.000300966
0.000282421
0.000254626
0.000240245
0.000218054
0.000191056
0.000175125
0.000152813
0.000125371
0.000111632
9.40122e-05
6.70394e-05
5.94299e-05
5.04442e-05
1.53858e-05
1.44611e-05
1.24894e-05
0.000483802
0.000488895
0.000484048
0.000452872
0.000456341
0.000451443
0.000416351
0.000415085
0.000406839
0.000373393
0.000366604
0.000352173
0.000322159
0.000310662
0.000290652
0.000262884
0.000247788
0.000224492
0.000197037
0.000180623
0.000157525
0.000129163
0.000115122
9.69826e-05
6.87625e-05
6.10039e-05
5.17599e-05
1.54969e-05
1.45549e-05
1.2561e-05
0.000504238
0.000506742
0.000499133
0.00047015
0.000471305
0.000464122
0.000430793
0.000427691
0.000417361
0.000385247
0.000377092
0.000360837
0.000331676
0.000319143
0.000297672
0.000270267
0.000254418
0.000230018
0.000202425
0.000185501
0.000161616
0.000132618
0.00011826
9.96033e-05
7.03558e-05
6.24422e-05
5.29407e-05
1.56037e-05
1.46441e-05
1.26276e-05
0.000521863
0.000521951
0.000511898
0.000484915
0.000483938
0.000474905
0.00044324
0.000438322
0.000426207
0.000395493
0.000386064
0.000368066
0.000339928
0.000326388
0.000303528
0.000276701
0.000260108
0.000234658
0.000207161
0.000189728
0.000165093
0.000135692
0.000121018
0.000101866
7.17944e-05
6.37266e-05
5.39775e-05
1.5704e-05
1.47269e-05
1.2688e-05
0.000536641
0.000534582
0.000522423
0.000497186
0.000494411
0.000483683
0.000453685
0.000447049
0.000433566
0.000404124
0.000393589
0.000373957
0.000346906
0.000332429
0.0003083
0.000282176
0.000264879
0.000238469
0.000211227
0.000193311
0.000167987
0.000138365
0.000123389
0.00010378
7.30647e-05
6.48491e-05
5.48693e-05
1.57958e-05
1.48018e-05
1.27417e-05
0.000548728
0.000544815
0.000530937
0.000507234
0.000502873
0.000490964
0.000462256
0.000454243
0.000439224
0.00041122
0.000399562
0.000378588
0.000352669
0.00033732
0.000312092
0.000286729
0.000268787
0.000241533
0.000214643
0.000196283
0.000170348
0.00014064
0.000125387
0.00010537
7.4163e-05
6.58105e-05
5.56219e-05
1.58779e-05
1.48682e-05
1.27883e-05
0.000558364
0.000552893
0.000537616
0.00051527
0.000509562
0.000496718
0.00046913
0.000460032
0.000443511
0.000416918
0.000404188
0.000382137
0.000357322
0.000341189
0.000315033
0.000290434
0.000271921
0.000243943
0.000217454
0.000198701
0.000172238
0.000142539
0.000127039
0.000106666
7.50943e-05
6.66185e-05
5.62455e-05
1.59499e-05
1.49258e-05
1.2828e-05
0.000565837
0.000559089
0.000542662
0.000521535
0.000514747
0.000500953
0.000474511
0.000464497
0.000446736
0.000421391
0.000407758
0.000384798
0.000360996
0.000344193
0.00031726
0.000293386
0.000274383
0.000245798
0.000219722
0.00020063
0.000173722
0.000144094
0.000128379
0.000107703
7.58694e-05
6.72856e-05
5.67535e-05
1.60117e-05
1.49748e-05
1.28612e-05
0.000571443
0.00056367
0.000546356
0.000526289
0.000518626
0.000503949
0.000478615
0.000467791
0.000449081
0.000424818
0.000410486
0.000386735
0.000363831
0.000346481
0.0003189
0.000295688
0.000276278
0.000247192
0.000221514
0.000202139
0.000174864
0.000145343
0.000129448
0.00010852
7.65031e-05
6.78269e-05
5.71602e-05
1.60638e-05
1.50157e-05
1.28884e-05
0.000575458
0.000566889
0.000549015
0.000529809
0.000521367
0.000506012
0.000481655
0.00047015
0.0004507
0.000427372
0.000412487
0.000388087
0.000365963
0.000348175
0.000320068
0.000297441
0.000277702
0.000248211
0.000222901
0.000203296
0.000175723
0.000146329
0.000130285
0.00010915
7.7012e-05
6.82586e-05
5.74802e-05
1.61069e-05
1.50493e-05
1.29103e-05
0.000578094
0.000569069
0.000550873
0.000532283
0.000523243
0.000507336
0.000483822
0.000471773
0.000451743
0.000429212
0.000413892
0.000388977
0.000367519
0.000349386
0.000320861
0.000298742
0.000278743
0.000248931
0.000223952
0.000204163
0.000176354
0.000147091
0.000130928
0.000109628
7.74137e-05
6.85969e-05
5.77274e-05
1.61418e-05
1.50763e-05
1.29276e-05
0.000579704
0.000570424
0.000552037
0.000533914
0.000524437
0.000508097
0.000485289
0.000472821
0.000452344
0.000430478
0.000414825
0.000389509
0.000368612
0.000350213
0.000321364
0.000299678
0.000279477
0.000249416
0.000224728
0.000204796
0.000176802
0.000147669
0.000131411
0.00010998
7.77248e-05
6.88572e-05
5.79148e-05
1.61697e-05
1.50976e-05
1.29411e-05
0.000580554
0.000571138
0.000552652
0.00053489
0.0005251
0.000508438
0.00048621
0.000473426
0.000452613
0.000431297
0.000415392
0.000389773
0.000369342
0.000350742
0.000321647
0.000300325
0.00027997
0.000249721
0.000225283
0.000205242
0.000177108
0.000148096
0.000131765
0.000110234
7.7961e-05
6.90533e-05
5.80536e-05
1.61915e-05
1.51142e-05
1.29514e-05
0.000580846
0.000571372
0.000552852
0.000535371
0.000525364
0.000508475
0.000486714
0.000473701
0.000452642
0.000431773
0.000415685
0.000389842
0.000369792
0.000351044
0.000321768
0.000300747
0.000280279
0.000249891
0.000225665
0.000205542
0.000177305
0.000148403
0.000132017
0.000110411
7.81363e-05
6.91977e-05
5.81538e-05
1.62083e-05
1.51269e-05
1.2959e-05
0.00058074
0.000571259
0.000552754
0.000535491
0.000525339
0.000508298
0.00048691
0.000473735
0.000452504
0.000431995
0.000415776
0.000389774
0.000370033
0.000351179
0.000321773
0.000300999
0.00028045
0.000249962
0.000225914
0.000205732
0.00017742
0.000148615
0.000132189
0.000110527
7.82629e-05
6.9301e-05
5.82236e-05
1.62209e-05
1.51363e-05
1.29646e-05
0.00058036
0.000570907
0.00055245
0.000535355
0.000525113
0.000507981
0.000486887
0.000473602
0.000452258
0.000432033
0.000415726
0.000389615
0.00037012
0.000351194
0.0003217
0.000301125
0.00028052
0.000249964
0.000226062
0.000205839
0.000177475
0.000148756
0.000132301
0.000110599
7.83513e-05
6.93722e-05
5.82701e-05
1.62301e-05
1.51431e-05
1.29685e-05
0.000579803
0.000570401
0.000552013
0.000535049
0.000524757
0.000507582
0.000486713
0.00047336
0.000451947
0.000431943
0.000415581
0.000389401
0.000370101
0.000351128
0.000321577
0.00030116
0.000280518
0.000249918
0.000226136
0.000205886
0.000177487
0.000148841
0.000132366
0.000110637
7.84102e-05
6.94188e-05
5.82989e-05
1.62367e-05
1.51478e-05
1.29711e-05
0.000579145
0.000569806
0.000551489
0.000534636
0.000524326
0.000507149
0.000486443
0.000473052
0.000451607
0.000431772
0.000415378
0.000389159
0.000370009
0.000351009
0.000321424
0.000301133
0.000280469
0.000249843
0.000226157
0.00020589
0.00017747
0.000148886
0.000132399
0.000110651
7.84468e-05
6.94469e-05
5.83147e-05
1.62412e-05
1.5151e-05
1.29727e-05
0.00057844
0.000569173
0.000550931
0.000534166
0.00052386
0.000506708
0.000486119
0.000472712
0.00045126
0.00043155
0.000415143
0.000388908
0.000369872
0.00035086
0.000321259
0.000301065
0.00028039
0.000249751
0.000226141
0.000205865
0.000177435
0.000148902
0.000132407
0.000110649
7.84669e-05
6.94614e-05
5.83213e-05
1.62441e-05
1.5153e-05
1.29736e-05
0.000577732
0.000568539
0.000550377
0.000533676
0.000523387
0.000506272
0.00048577
0.000472363
0.00045092
0.000431305
0.000414897
0.00038866
0.000369711
0.000350696
0.000321092
0.000300973
0.000280294
0.000249652
0.000226103
0.000205823
0.000177388
0.000148898
0.0001324
0.000110636
7.84752e-05
6.94664e-05
5.83213e-05
1.62458e-05
1.51542e-05
1.29741e-05
0.000577047
0.000567929
0.000549849
0.000533191
0.00052293
0.000505856
0.000485418
0.000472022
0.000450597
0.000431053
0.000414652
0.000388423
0.00036954
0.000350529
0.00032093
0.000300868
0.000280191
0.000249552
0.00022605
0.00020577
0.000177337
0.000148881
0.000132382
0.000110617
7.84752e-05
6.94648e-05
5.83172e-05
1.62466e-05
1.51547e-05
1.29741e-05
0.000576405
0.000567359
0.00054936
0.000532729
0.0005225
0.000505471
0.000485079
0.0004717
0.0004503
0.000430807
0.000414419
0.000388205
0.00036937
0.000350367
0.000320778
0.000300759
0.000280088
0.000249455
0.00022599
0.000205713
0.000177284
0.000148857
0.000132358
0.000110594
7.84698e-05
6.9459e-05
5.83104e-05
1.62469e-05
1.51547e-05
1.29739e-05
0.000575817
0.00056684
0.000548916
0.0005323
0.000522106
0.000505121
0.000484763
0.000471405
0.000450032
0.000430575
0.000414203
0.000388007
0.000369208
0.000350215
0.00032064
0.000300653
0.000279989
0.000249366
0.000225928
0.000205656
0.000177233
0.000148828
0.000132331
0.00011057
7.84611e-05
6.94505e-05
5.83022e-05
1.62467e-05
1.51545e-05
1.29736e-05
0.000575289
0.000566374
0.000548522
0.000531912
0.000521753
0.000504809
0.000484474
0.000471139
0.000449794
0.000430363
0.000414008
0.000387832
0.000369057
0.000350077
0.000320516
0.000300553
0.000279897
0.000249285
0.000225867
0.000205601
0.000177184
0.000148797
0.000132303
0.000110546
7.84506e-05
6.94408e-05
5.82934e-05
1.62463e-05
1.51541e-05
1.29732e-05
0.000574823
0.000565964
0.000548176
0.000531566
0.000521442
0.000504536
0.000484216
0.000470904
0.000449586
0.000430172
0.000413835
0.000387679
0.000368921
0.000349954
0.000320408
0.00030046
0.000279813
0.000249212
0.00022581
0.000205549
0.000177141
0.000148767
0.000132276
0.000110523
7.84394e-05
6.94307e-05
5.82847e-05
1.62457e-05
1.51535e-05
1.29727e-05
0.000574417
0.000565609
0.000547878
0.000531264
0.000521171
0.000504299
0.000483989
0.0004707
0.000449408
0.000430005
0.000413684
0.000387547
0.000368801
0.000349845
0.000320314
0.000300378
0.000279739
0.000249149
0.000225758
0.000205503
0.000177101
0.000148739
0.000132251
0.000110502
7.84282e-05
6.94208e-05
5.82764e-05
1.6245e-05
1.5153e-05
1.29723e-05
0.000574069
0.000565303
0.000547623
0.000531002
0.000520939
0.000504098
0.000483793
0.000470524
0.000449256
0.000429859
0.000413554
0.000387435
0.000368696
0.000349751
0.000320234
0.000300305
0.000279675
0.000249094
0.000225712
0.000205462
0.000177067
0.000148713
0.000132228
0.000110483
7.84175e-05
6.94114e-05
5.82687e-05
1.62443e-05
1.51524e-05
1.29719e-05
0.000573772
0.000565045
0.000547408
0.000530779
0.000520742
0.000503928
0.000483625
0.000470376
0.000449128
0.000429734
0.000413444
0.00038734
0.000368605
0.000349671
0.000320166
0.000300242
0.000279619
0.000249048
0.000225671
0.000205426
0.000177037
0.000148689
0.000132208
0.000110466
7.84076e-05
6.94028e-05
5.82618e-05
1.62436e-05
1.51519e-05
1.29715e-05
0.000573523
0.000564828
0.000547228
0.000530591
0.000520577
0.000503786
0.000483484
0.000470251
0.000449021
0.000429629
0.000413351
0.000387262
0.000368529
0.000349604
0.00032011
0.000300189
0.000279572
0.000249009
0.000225636
0.000205395
0.000177012
0.000148669
0.00013219
0.000110452
7.83988e-05
6.93952e-05
5.82557e-05
1.6243e-05
1.51514e-05
1.29711e-05
0.000573316
0.000564648
0.00054708
0.000530435
0.00052044
0.000503669
0.000483365
0.000470147
0.000448934
0.00042954
0.000413274
0.000387197
0.000368464
0.000349548
0.000320063
0.000300143
0.000279532
0.000248977
0.000225606
0.000205369
0.000176991
0.000148651
0.000132175
0.000110439
7.8391e-05
6.93884e-05
5.82504e-05
1.62425e-05
1.51509e-05
1.29708e-05
0.000573145
0.0005645
0.000546958
0.000530305
0.000520327
0.000503573
0.000483267
0.000470062
0.000448862
0.000429467
0.000413211
0.000387145
0.000368411
0.000349501
0.000320025
0.000300106
0.0002795
0.00024895
0.00022558
0.000205347
0.000176973
0.000148636
0.000132161
0.000110429
7.83842e-05
6.93827e-05
5.82459e-05
1.6242e-05
1.51505e-05
1.29705e-05
0.000573006
0.00056438
0.00054686
0.000530199
0.000520235
0.000503495
0.000483187
0.000469993
0.000448804
0.000429407
0.000413159
0.000387102
0.000368367
0.000349464
0.000319994
0.000300074
0.000279473
0.000248928
0.000225559
0.000205329
0.000176959
0.000148623
0.00013215
0.00011042
7.83784e-05
6.93777e-05
5.82421e-05
1.62415e-05
1.51502e-05
1.29703e-05
0.000572894
0.000564283
0.000546781
0.000530113
0.000520161
0.000503432
0.000483122
0.000469937
0.000448758
0.000429359
0.000413117
0.000387068
0.000368331
0.000349433
0.000319969
0.000300049
0.000279451
0.000248911
0.000225542
0.000205314
0.000176947
0.000148613
0.000132141
0.000110413
7.83735e-05
6.93736e-05
5.82389e-05
1.62411e-05
1.51499e-05
1.29701e-05
0.000572803
0.000564205
0.000546717
0.000530044
0.000520102
0.000503382
0.00048307
0.000469892
0.000448721
0.00042932
0.000413084
0.000387041
0.000368303
0.000349408
0.00031995
0.000300028
0.000279433
0.000248897
0.000225528
0.000205302
0.000176937
0.000148604
0.000132134
0.000110407
7.83695e-05
6.93702e-05
5.82363e-05
1.62408e-05
1.51496e-05
1.29699e-05
0.000572732
0.000564143
0.000546668
0.000529989
0.000520055
0.000503343
0.000483028
0.000469857
0.000448692
0.000429289
0.000413057
0.00038702
0.00036828
0.000349389
0.000319934
0.000300012
0.000279419
0.000248886
0.000225516
0.000205292
0.00017693
0.000148597
0.000132128
0.000110403
7.83661e-05
6.93673e-05
5.82342e-05
1.62405e-05
1.51494e-05
1.29698e-05
0.000572675
0.000564095
0.000546629
0.000529946
0.000520019
0.000503312
0.000482995
0.000469829
0.00044867
0.000429264
0.000413036
0.000387003
0.000368261
0.000349373
0.000319922
0.000299999
0.000279408
0.000248877
0.000225507
0.000205284
0.000176924
0.000148591
0.000132123
0.000110399
7.83634e-05
6.9365e-05
5.82325e-05
1.62403e-05
1.51492e-05
1.29697e-05
0.000572631
0.000564057
0.000546598
0.000529912
0.00051999
0.000503288
0.000482969
0.000469807
0.000448652
0.000429245
0.00041302
0.00038699
0.000368247
0.000349361
0.000319913
0.000299988
0.000279399
0.00024887
0.0002255
0.000205278
0.000176919
0.000148586
0.000132119
0.000110396
7.83612e-05
6.93632e-05
5.82311e-05
1.62401e-05
1.51491e-05
1.29696e-05
0.000572598
0.000564028
0.000546575
0.000529886
0.000519968
0.00050327
0.000482949
0.000469791
0.000448639
0.00042923
0.000413008
0.00038698
0.000368236
0.000349352
0.000319906
0.00029998
0.000279392
0.000248865
0.000225494
0.000205273
0.000176915
0.000148583
0.000132116
0.000110394
7.83594e-05
6.93617e-05
5.823e-05
1.624e-05
1.5149e-05
1.29695e-05
0.000572572
0.000564006
0.000546557
0.000529865
0.000519951
0.000503256
0.000482934
0.000469778
0.000448629
0.000429218
0.000412998
0.000386973
0.000368228
0.000349345
0.0003199
0.000299974
0.000279387
0.000248861
0.00022549
0.000205269
0.000176912
0.00014858
0.000132113
0.000110392
7.8358e-05
6.93605e-05
5.82291e-05
1.62399e-05
1.51489e-05
1.29694e-05
0.000572552
0.00056399
0.000546544
0.00052985
0.000519938
0.000503246
0.000482922
0.000469768
0.000448621
0.000429209
0.000412991
0.000386967
0.000368221
0.00034934
0.000319896
0.000299969
0.000279383
0.000248858
0.000225486
0.000205266
0.00017691
0.000148577
0.000132111
0.00011039
7.83569e-05
6.93596e-05
5.82285e-05
1.62398e-05
1.51488e-05
1.29694e-05
0.000572537
0.000563977
0.000546534
0.000529839
0.000519929
0.000503238
0.000482914
0.000469761
0.000448616
0.000429203
0.000412985
0.000386963
0.000368216
0.000349336
0.000319893
0.000299965
0.00027938
0.000248855
0.000225484
0.000205264
0.000176908
0.000148576
0.00013211
0.000110389
7.8356e-05
6.93589e-05
5.82279e-05
1.62397e-05
1.51488e-05
1.29694e-05
0.000572527
0.000563968
0.000546527
0.00052983
0.000519922
0.000503232
0.000482907
0.000469756
0.000448611
0.000429198
0.000412981
0.00038696
0.000368212
0.000349332
0.000319891
0.000299963
0.000279378
0.000248854
0.000225482
0.000205263
0.000176907
0.000148574
0.000132109
0.000110388
7.83553e-05
6.93583e-05
5.82275e-05
1.62397e-05
1.51487e-05
1.29693e-05
0.000572519
0.000563961
0.000546522
0.000529824
0.000519917
0.000503228
0.000482902
0.000469752
0.000448608
0.000429194
0.000412979
0.000386958
0.00036821
0.00034933
0.000319889
0.000299961
0.000279376
0.000248852
0.00022548
0.000205261
0.000176906
0.000148573
0.000132108
0.000110388
7.83548e-05
6.93579e-05
5.82272e-05
1.62396e-05
1.51487e-05
1.29693e-05
0.000572513
0.000563957
0.000546518
0.000529819
0.000519913
0.000503225
0.000482899
0.000469749
0.000448606
0.000429192
0.000412976
0.000386957
0.000368208
0.000349329
0.000319888
0.000299959
0.000279375
0.000248852
0.000225479
0.00020526
0.000176906
0.000148573
0.000132107
0.000110387
7.83544e-05
6.93576e-05
5.8227e-05
1.62396e-05
1.51487e-05
1.29693e-05
0.000572509
0.000563953
0.000546515
0.000529816
0.000519911
0.000503223
0.000482896
0.000469747
0.000448605
0.00042919
0.000412975
0.000386956
0.000368206
0.000349328
0.000319887
0.000299958
0.000279374
0.000248851
0.000225478
0.00020526
0.000176905
0.000148572
0.000132107
0.000110387
7.83541e-05
6.93573e-05
5.82268e-05
1.62395e-05
1.51486e-05
1.29693e-05
0.000572506
0.000563951
0.000546514
0.000529814
0.000519909
0.000503222
0.000482895
0.000469746
0.000448604
0.000429188
0.000412974
0.000386955
0.000368205
0.000349327
0.000319886
0.000299957
0.000279373
0.000248851
0.000225478
0.000205259
0.000176905
0.000148572
0.000132107
0.000110387
7.83539e-05
6.93571e-05
5.82267e-05
1.62395e-05
1.51486e-05
1.29693e-05
0.000572505
0.000563949
0.000546513
0.000529813
0.000519908
0.000503221
0.000482893
0.000469745
0.000448603
0.000429188
0.000412973
0.000386954
0.000368205
0.000349326
0.000319886
0.000299957
0.000279373
0.00024885
0.000225477
0.000205259
0.000176904
0.000148571
0.000132106
0.000110386
7.83537e-05
6.9357e-05
5.82266e-05
1.62395e-05
1.51486e-05
1.29693e-05
0.000572504
0.000563948
0.000546512
0.000529812
0.000519907
0.00050322
0.000482893
0.000469744
0.000448603
0.000429187
0.000412973
0.000386954
0.000368204
0.000349326
0.000319886
0.000299956
0.000279373
0.00024885
0.000225477
0.000205259
0.000176904
0.000148571
0.000132106
0.000110386
7.83536e-05
6.93569e-05
5.82265e-05
1.62395e-05
1.51486e-05
1.29693e-05
0.000572503
0.000563948
0.000546511
0.000529811
0.000519906
0.00050322
0.000482892
0.000469744
0.000448603
0.000429187
0.000412972
0.000386954
0.000368204
0.000349326
0.000319886
0.000299956
0.000279373
0.00024885
0.000225477
0.000205258
0.000176904
0.000148571
0.000132106
0.000110386
7.83535e-05
6.93568e-05
5.82265e-05
1.62395e-05
1.51486e-05
1.29693e-05
0.000572502
0.000563948
0.000546511
0.000529811
0.000519906
0.00050322
0.000482892
0.000469744
0.000448603
0.000429186
0.000412972
0.000386954
0.000368204
0.000349325
0.000319886
0.000299956
0.000279372
0.00024885
0.000225476
0.000205258
0.000176904
0.000148571
0.000132106
0.000110386
7.83535e-05
6.93568e-05
5.82264e-05
1.62395e-05
1.51486e-05
1.29692e-05
0.000572502
0.000563947
0.000546511
0.00052981
0.000519906
0.000503219
0.000482892
0.000469744
0.000448603
0.000429186
0.000412972
0.000386954
0.000368203
0.000349325
0.000319886
0.000299956
0.000279372
0.00024885
0.000225476
0.000205258
0.000176904
0.000148571
0.000132106
0.000110386
7.83534e-05
6.93568e-05
5.82264e-05
1.62395e-05
1.51486e-05
1.29692e-05
0.000572502
0.000563947
0.000546511
0.00052981
0.000519906
0.000503219
0.000482892
0.000469744
0.000448603
0.000429186
0.000412972
0.000386954
0.000368203
0.000349325
0.000319886
0.000299956
0.000279372
0.00024885
0.000225476
0.000205258
0.000176904
0.000148571
0.000132106
0.000110386
7.83534e-05
6.93567e-05
5.82264e-05
1.62395e-05
1.51486e-05
1.29692e-05
0.000572502
0.000563948
0.000546511
0.00052981
0.000519906
0.00050322
0.000482892
0.000469744
0.000448603
0.000429186
0.000412972
0.000386954
0.000368203
0.000349325
0.000319886
0.000299956
0.000279372
0.00024885
0.000225476
0.000205258
0.000176904
0.000148571
0.000132106
0.000110386
7.83534e-05
6.93567e-05
5.82264e-05
1.62395e-05
1.51486e-05
1.29692e-05
0.000572503
0.000563948
0.000546511
0.000529811
0.000519906
0.00050322
0.000482892
0.000469744
0.000448603
0.000429186
0.000412972
0.000386954
0.000368203
0.000349325
0.000319886
0.000299956
0.000279372
0.00024885
0.000225476
0.000205258
0.000176904
0.000148571
0.000132106
0.000110386
7.83534e-05
6.93567e-05
5.82264e-05
1.62395e-05
1.51486e-05
1.29692e-05
0.000572503
0.000563948
0.000546512
0.000529811
0.000519906
0.00050322
0.000482892
0.000469744
0.000448603
0.000429186
0.000412972
0.000386954
0.000368203
0.000349325
0.000319886
0.000299956
0.000279372
0.00024885
0.000225476
0.000205258
0.000176904
0.000148571
0.000132106
0.000110386
7.83534e-05
6.93567e-05
5.82264e-05
1.62395e-05
1.51486e-05
1.29692e-05
0.000572503
0.000563948
0.000546512
0.000529811
0.000519906
0.00050322
0.000482892
0.000469744
0.000448603
0.000429186
0.000412972
0.000386954
0.000368203
0.000349325
0.000319886
0.000299956
0.000279372
0.00024885
0.000225476
0.000205258
0.000176904
0.000148571
0.000132106
0.000110386
7.83534e-05
6.93567e-05
5.82264e-05
1.62395e-05
1.51486e-05
1.29692e-05
0.000572503
0.000563948
0.000546512
0.000529811
0.000519907
0.00050322
0.000482892
0.000469744
0.000448603
0.000429186
0.000412972
0.000386954
0.000368203
0.000349325
0.000319886
0.000299956
0.000279372
0.00024885
0.000225476
0.000205258
0.000176904
0.000148571
0.000132106
0.000110386
7.83534e-05
6.93567e-05
5.82264e-05
1.62395e-05
1.51486e-05
1.29692e-05
0.000572503
0.000563948
0.000546512
0.000529811
0.000519907
0.00050322
0.000482892
0.000469744
0.000448603
0.000429186
0.000412972
0.000386954
0.000368203
0.000349325
0.000319886
0.000299956
0.000279372
0.00024885
0.000225476
0.000205258
0.000176904
0.000148571
0.000132106
0.000110386
7.83534e-05
6.93567e-05
5.82264e-05
1.62395e-05
1.51486e-05
1.29692e-05
0.000572503
0.000563948
0.000546512
0.000529811
0.000519907
0.00050322
0.000482892
0.000469744
0.000448603
0.000429186
0.000412972
0.000386954
0.000368203
0.000349325
0.000319886
0.000299956
0.000279372
0.00024885
0.000225476
0.000205258
0.000176904
0.000148571
0.000132106
0.000110386
7.83534e-05
6.93567e-05
5.82264e-05
1.62395e-05
1.51486e-05
1.29692e-05
0.000572503
0.000563948
0.000546512
0.000529811
0.000519907
0.00050322
0.000482892
0.000469744
0.000448603
0.000429186
0.000412972
0.000386954
0.000368204
0.000349326
0.000319886
0.000299956
0.000279372
0.00024885
0.000225476
0.000205258
0.000176904
0.000148571
0.000132106
0.000110386
7.83534e-05
6.93567e-05
5.82264e-05
1.62395e-05
1.51486e-05
1.29692e-05
0.000572504
0.000563948
0.000546512
0.000529811
0.000519907
0.00050322
0.000482892
0.000469744
0.000448603
0.000429186
0.000412973
0.000386954
0.000368204
0.000349326
0.000319886
0.000299956
0.000279372
0.00024885
0.000225476
0.000205258
0.000176904
0.000148571
0.000132106
0.000110386
7.83534e-05
6.93567e-05
5.82264e-05
1.62395e-05
1.51486e-05
1.29692e-05
0.000572504
0.000563949
0.000546512
0.000529811
0.000519907
0.00050322
0.000482892
0.000469744
0.000448603
0.000429186
0.000412973
0.000386954
0.000368204
0.000349326
0.000319886
0.000299956
0.000279372
0.00024885
0.000225476
0.000205258
0.000176904
0.000148571
0.000132106
0.000110386
7.83534e-05
6.93567e-05
5.82264e-05
1.62395e-05
1.51486e-05
1.29692e-05
0.000572504
0.000563949
0.000546512
0.000529811
0.000519907
0.00050322
0.000482892
0.000469744
0.000448603
0.000429187
0.000412973
0.000386954
0.000368204
0.000349326
0.000319886
0.000299956
0.000279372
0.00024885
0.000225476
0.000205258
0.000176904
0.000148571
0.000132106
0.000110386
7.83534e-05
6.93567e-05
5.82264e-05
1.62395e-05
1.51486e-05
1.29692e-05
0.000572504
0.000563949
0.000546512
0.000529811
0.000519907
0.00050322
0.000482892
0.000469744
0.000448603
0.000429187
0.000412973
0.000386954
0.000368204
0.000349326
0.000319886
0.000299956
0.000279372
0.00024885
0.000225476
0.000205258
0.000176904
0.000148571
0.000132106
0.000110386
7.83534e-05
6.93567e-05
5.82264e-05
1.62395e-05
1.51486e-05
1.29692e-05
0.000572504
0.000563949
0.000546512
0.000529811
0.000519907
0.00050322
0.000482892
0.000469744
0.000448603
0.000429187
0.000412973
0.000386954
0.000368204
0.000349326
0.000319886
0.000299956
0.000279372
0.00024885
0.000225476
0.000205258
0.000176904
0.000148571
0.000132106
0.000110386
7.83534e-05
6.93567e-05
5.82264e-05
1.62395e-05
1.51486e-05
1.29692e-05
0.000572504
0.000563949
0.000546512
0.000529811
0.000519907
0.00050322
0.000482892
0.000469744
0.000448603
0.000429187
0.000412973
0.000386954
0.000368204
0.000349326
0.000319886
0.000299956
0.000279372
0.00024885
0.000225476
0.000205258
0.000176904
0.000148571
0.000132106
0.000110386
7.83534e-05
6.93567e-05
5.82264e-05
1.62395e-05
1.51486e-05
1.29692e-05
0.000572504
0.000563949
0.000546512
0.000529811
0.000519907
0.00050322
0.000482892
0.000469744
0.000448603
0.000429187
0.000412973
0.000386954
0.000368204
0.000349326
0.000319886
0.000299956
0.000279372
0.00024885
0.000225476
0.000205258
0.000176904
0.000148571
0.000132106
0.000110386
7.83534e-05
6.93567e-05
5.82264e-05
1.62395e-05
1.51486e-05
1.29692e-05
0.000572504
0.000563949
0.000546512
0.000529811
0.000519907
0.00050322
0.000482892
0.000469744
0.000448603
0.000429187
0.000412973
0.000386954
0.000368204
0.000349326
0.000319886
0.000299956
0.000279372
0.00024885
0.000225476
0.000205258
0.000176904
0.000148571
0.000132106
0.000110386
7.83534e-05
6.93567e-05
5.82264e-05
1.62395e-05
1.51486e-05
1.29692e-05
0.000572504
0.000563949
0.000546512
0.000529811
0.000519907
0.00050322
0.000482892
0.000469744
0.000448603
0.000429187
0.000412973
0.000386954
0.000368204
0.000349326
0.000319886
0.000299956
0.000279372
0.00024885
0.000225476
0.000205258
0.000176904
0.000148571
0.000132106
0.000110386
7.83534e-05
6.93567e-05
5.82264e-05
1.62395e-05
1.51486e-05
1.29692e-05
0.000572504
0.000563949
0.000546512
0.000529811
0.000519907
0.00050322
0.000482892
0.000469744
0.000448603
0.000429187
0.000412973
0.000386954
0.000368204
0.000349326
0.000319886
0.000299956
0.000279372
0.00024885
0.000225476
0.000205258
0.000176904
0.000148571
0.000132106
0.000110386
7.83534e-05
6.93567e-05
5.82264e-05
1.62395e-05
1.51486e-05
1.29692e-05
0.000572504
0.000563949
0.000546512
0.000529811
0.000519907
0.00050322
0.000482892
0.000469745
0.000448603
0.000429187
0.000412973
0.000386954
0.000368204
0.000349326
0.000319886
0.000299956
0.000279372
0.00024885
0.000225476
0.000205258
0.000176904
0.000148571
0.000132106
0.000110386
7.83534e-05
6.93567e-05
5.82264e-05
1.62395e-05
1.51486e-05
1.29692e-05
0.000572504
0.000563949
0.000546512
0.000529811
0.000519907
0.00050322
0.000482892
0.000469745
0.000448603
0.000429187
0.000412973
0.000386954
0.000368204
0.000349326
0.000319886
0.000299956
0.000279373
0.00024885
0.000225476
0.000205258
0.000176904
0.000148571
0.000132106
0.000110386
7.83534e-05
6.93567e-05
5.82264e-05
1.62395e-05
1.51486e-05
1.29692e-05
0.000572504
0.000563949
0.000546512
0.000529811
0.000519907
0.00050322
0.000482892
0.000469745
0.000448603
0.000429187
0.000412973
0.000386954
0.000368204
0.000349326
0.000319886
0.000299956
0.000279373
0.00024885
0.000225476
0.000205258
0.000176904
0.000148571
0.000132106
0.000110386
7.83534e-05
6.93567e-05
5.82264e-05
1.62395e-05
1.51486e-05
1.29692e-05
0.000572504
0.000563949
0.000546512
0.000529811
0.000519907
0.00050322
0.000482892
0.000469745
0.000448603
0.000429187
0.000412973
0.000386954
0.000368204
0.000349326
0.000319886
0.000299956
0.000279373
0.00024885
0.000225476
0.000205258
0.000176904
0.000148571
0.000132106
0.000110386
7.83534e-05
6.93567e-05
5.82264e-05
1.62395e-05
1.51486e-05
1.29692e-05
0.000572504
0.000563949
0.000546512
0.000529811
0.000519907
0.00050322
0.000482892
0.000469745
0.000448603
0.000429187
0.000412973
0.000386954
0.000368204
0.000349326
0.000319886
0.000299956
0.000279373
0.00024885
0.000225476
0.000205258
0.000176904
0.000148571
0.000132106
0.000110386
7.83534e-05
6.93567e-05
5.82264e-05
1.62395e-05
1.51486e-05
1.29692e-05
0.000572504
0.000563949
0.000546512
0.000529812
0.000519907
0.00050322
0.000482892
0.000469745
0.000448603
0.000429187
0.000412973
0.000386954
0.000368204
0.000349326
0.000319886
0.000299956
0.000279373
0.00024885
0.000225476
0.000205258
0.000176904
0.000148571
0.000132106
0.000110386
7.83534e-05
6.93567e-05
5.82264e-05
1.62395e-05
1.51486e-05
1.29692e-05
0.000572504
0.000563949
0.000546512
0.000529812
0.000519907
0.00050322
0.000482892
0.000469745
0.000448603
0.000429187
0.000412973
0.000386954
0.000368204
0.000349326
0.000319886
0.000299956
0.000279373
0.00024885
0.000225476
0.000205258
0.000176904
0.000148571
0.000132106
0.000110386
7.83534e-05
6.93567e-05
5.82264e-05
1.62395e-05
1.51486e-05
1.29692e-05
0.000572504
0.000563949
0.000546512
0.000529812
0.000519907
0.00050322
0.000482892
0.000469745
0.000448603
0.000429187
0.000412973
0.000386954
0.000368204
0.000349326
0.000319886
0.000299956
0.000279373
0.00024885
0.000225476
0.000205258
0.000176904
0.000148571
0.000132106
0.000110386
7.83534e-05
6.93567e-05
5.82264e-05
1.62395e-05
1.51486e-05
1.29692e-05
0.000572504
0.000563949
0.000546512
0.000529812
0.000519907
0.00050322
0.000482892
0.000469745
0.000448603
0.000429187
0.000412973
0.000386954
0.000368204
0.000349326
0.000319886
0.000299956
0.000279373
0.00024885
0.000225476
0.000205258
0.000176904
0.000148571
0.000132106
0.000110386
7.83534e-05
6.93567e-05
5.82264e-05
1.62395e-05
1.51486e-05
1.29692e-05
0.000572504
0.000563949
0.000546512
0.000529812
0.000519907
0.00050322
0.000482892
0.000469745
0.000448603
0.000429187
0.000412973
0.000386954
0.000368204
0.000349326
0.000319886
0.000299956
0.000279373
0.00024885
0.000225476
0.000205258
0.000176904
0.000148571
0.000132106
0.000110386
7.83534e-05
6.93567e-05
5.82264e-05
1.62395e-05
1.51486e-05
1.29692e-05
0.000572504
0.000563949
0.000546512
0.000529812
0.000519907
0.00050322
0.000482892
0.000469745
0.000448603
0.000429187
0.000412973
0.000386954
0.000368204
0.000349326
0.000319886
0.000299956
0.000279373
0.00024885
0.000225476
0.000205258
0.000176904
0.000148571
0.000132106
0.000110386
7.83534e-05
6.93567e-05
5.82264e-05
1.62395e-05
1.51486e-05
1.29692e-05
0.000572504
0.000563949
0.000546512
0.000529812
0.000519907
0.00050322
0.000482892
0.000469745
0.000448603
0.000429187
0.000412973
0.000386954
0.000368204
0.000349326
0.000319886
0.000299956
0.000279373
0.00024885
0.000225476
0.000205258
0.000176904
0.000148571
0.000132106
0.000110386
7.83534e-05
6.93567e-05
5.82264e-05
1.62395e-05
1.51486e-05
1.29692e-05
0.000572504
0.000563949
0.000546513
0.000529812
0.000519907
0.00050322
0.000482892
0.000469745
0.000448603
0.000429187
0.000412973
0.000386954
0.000368204
0.000349326
0.000319886
0.000299956
0.000279373
0.00024885
0.000225476
0.000205258
0.000176904
0.000148571
0.000132106
0.000110386
7.83534e-05
6.93567e-05
5.82264e-05
1.62395e-05
1.51486e-05
1.29692e-05
0.000572504
0.000563949
0.000546513
0.000529812
0.000519907
0.00050322
0.000482892
0.000469745
0.000448603
0.000429187
0.000412973
0.000386954
0.000368204
0.000349326
0.000319886
0.000299956
0.000279373
0.00024885
0.000225476
0.000205258
0.000176904
0.000148571
0.000132106
0.000110386
7.83534e-05
6.93567e-05
5.82264e-05
1.62395e-05
1.51486e-05
1.29692e-05
0.000572504
0.000563949
0.000546513
0.000529812
0.000519907
0.00050322
0.000482892
0.000469745
0.000448603
0.000429187
0.000412973
0.000386954
0.000368204
0.000349326
0.000319886
0.000299956
0.000279373
0.00024885
0.000225476
0.000205258
0.000176904
0.000148571
0.000132106
0.000110386
7.83534e-05
6.93567e-05
5.82264e-05
1.62395e-05
1.51486e-05
1.29692e-05
0.000572504
0.000563949
0.000546513
0.000529812
0.000519907
0.000503221
0.000482892
0.000469745
0.000448603
0.000429187
0.000412973
0.000386954
0.000368204
0.000349326
0.000319886
0.000299956
0.000279373
0.00024885
0.000225476
0.000205258
0.000176904
0.000148571
0.000132106
0.000110386
7.83534e-05
6.93567e-05
5.82264e-05
1.62395e-05
1.51486e-05
1.29692e-05
0.000572504
0.000563949
0.000546513
0.000529812
0.000519907
0.000503221
0.000482892
0.000469745
0.000448603
0.000429187
0.000412973
0.000386954
0.000368204
0.000349326
0.000319886
0.000299956
0.000279373
0.00024885
0.000225476
0.000205258
0.000176904
0.000148571
0.000132106
0.000110386
7.83534e-05
6.93567e-05
5.82264e-05
1.62395e-05
1.51486e-05
1.29692e-05
0.000572504
0.000563949
0.000546513
0.000529812
0.000519907
0.000503221
0.000482892
0.000469745
0.000448603
0.000429187
0.000412973
0.000386954
0.000368204
0.000349326
0.000319886
0.000299956
0.000279373
0.00024885
0.000225476
0.000205258
0.000176904
0.000148571
0.000132106
0.000110386
7.83534e-05
6.93567e-05
5.82264e-05
1.62395e-05
1.51486e-05
1.29692e-05
0.000572504
0.000563949
0.000546513
0.000529812
0.000519907
0.000503221
0.000482892
0.000469745
0.000448603
0.000429187
0.000412973
0.000386955
0.000368204
0.000349326
0.000319886
0.000299956
0.000279373
0.00024885
0.000225476
0.000205258
0.000176904
0.000148571
0.000132106
0.000110386
7.83534e-05
6.93567e-05
5.82264e-05
1.62395e-05
1.51486e-05
1.29692e-05
0.000572504
0.000563949
0.000546513
0.000529812
0.000519907
0.000503221
0.000482892
0.000469745
0.000448603
0.000429187
0.000412973
0.000386955
0.000368204
0.000349326
0.000319886
0.000299956
0.000279373
0.00024885
0.000225476
0.000205258
0.000176904
0.000148571
0.000132106
0.000110386
7.83534e-05
6.93567e-05
5.82264e-05
1.62395e-05
1.51486e-05
1.29692e-05
0.000572504
0.000563949
0.000546513
0.000529812
0.000519907
0.000503221
0.000482892
0.000469745
0.000448603
0.000429187
0.000412973
0.000386955
0.000368204
0.000349326
0.000319886
0.000299956
0.000279373
0.00024885
0.000225476
0.000205258
0.000176904
0.000148571
0.000132106
0.000110386
7.83534e-05
6.93567e-05
5.82265e-05
1.62395e-05
1.51486e-05
1.29692e-05
0.000572504
0.000563949
0.000546513
0.000529812
0.000519907
0.000503221
0.000482892
0.000469745
0.000448604
0.000429187
0.000412973
0.000386955
0.000368204
0.000349326
0.000319886
0.000299956
0.000279373
0.00024885
0.000225476
0.000205258
0.000176904
0.000148571
0.000132106
0.000110386
7.83534e-05
6.93567e-05
5.82265e-05
1.62395e-05
1.51486e-05
1.29692e-05
0.000572504
0.000563949
0.000546513
0.000529812
0.000519907
0.000503221
0.000482893
0.000469745
0.000448604
0.000429187
0.000412973
0.000386955
0.000368204
0.000349326
0.000319886
0.000299956
0.000279373
0.00024885
0.000225476
0.000205258
0.000176904
0.000148571
0.000132106
0.000110386
7.83534e-05
6.93568e-05
5.82265e-05
1.62395e-05
1.51486e-05
1.29692e-05
0.000572504
0.000563949
0.000546513
0.000529812
0.000519907
0.000503221
0.000482893
0.000469745
0.000448604
0.000429187
0.000412973
0.000386955
0.000368204
0.000349326
0.000319886
0.000299956
0.000279373
0.00024885
0.000225476
0.000205258
0.000176904
0.000148571
0.000132106
0.000110386
7.83534e-05
6.93568e-05
5.82265e-05
1.62395e-05
1.51486e-05
1.29692e-05
0.000572504
0.000563949
0.000546513
0.000529812
0.000519907
0.000503221
0.000482893
0.000469745
0.000448604
0.000429187
0.000412973
0.000386955
0.000368204
0.000349326
0.000319886
0.000299956
0.000279373
0.00024885
0.000225476
0.000205258
0.000176904
0.000148571
0.000132106
0.000110386
7.83534e-05
6.93568e-05
5.82265e-05
1.62395e-05
1.51486e-05
1.29692e-05
0.000572504
0.000563949
0.000546513
0.000529812
0.000519907
0.000503221
0.000482893
0.000469745
0.000448604
0.000429187
0.000412973
0.000386955
0.000368204
0.000349326
0.000319886
0.000299956
0.000279373
0.00024885
0.000225476
0.000205258
0.000176904
0.000148571
0.000132106
0.000110386
7.83534e-05
6.93568e-05
5.82265e-05
1.62395e-05
1.51486e-05
1.29692e-05
0.000572504
0.000563949
0.000546513
0.000529812
0.000519907
0.000503221
0.000482893
0.000469745
0.000448604
0.000429187
0.000412973
0.000386955
0.000368204
0.000349326
0.000319886
0.000299956
0.000279373
0.00024885
0.000225476
0.000205258
0.000176904
0.000148571
0.000132106
0.000110386
7.83534e-05
6.93568e-05
5.82265e-05
1.62395e-05
1.51486e-05
1.29692e-05
0.000572504
0.000563949
0.000546513
0.000529812
0.000519907
0.000503221
0.000482893
0.000469745
0.000448604
0.000429187
0.000412973
0.000386955
0.000368204
0.000349326
0.000319886
0.000299956
0.000279373
0.00024885
0.000225476
0.000205258
0.000176904
0.000148571
0.000132106
0.000110386
7.83534e-05
6.93568e-05
5.82265e-05
1.62395e-05
1.51486e-05
1.29692e-05
0.000572504
0.000563949
0.000546513
0.000529812
0.000519907
0.000503221
0.000482893
0.000469745
0.000448604
0.000429187
0.000412973
0.000386955
0.000368204
0.000349326
0.000319886
0.000299956
0.000279373
0.00024885
0.000225476
0.000205258
0.000176904
0.000148571
0.000132106
0.000110386
7.83534e-05
6.93568e-05
5.82265e-05
1.62395e-05
1.51486e-05
1.29692e-05
0.000572504
0.000563949
0.000546513
0.000529812
0.000519907
0.000503221
0.000482893
0.000469745
0.000448604
0.000429187
0.000412973
0.000386955
0.000368204
0.000349326
0.000319886
0.000299956
0.000279373
0.00024885
0.000225476
0.000205258
0.000176904
0.000148571
0.000132106
0.000110386
7.83534e-05
6.93568e-05
5.82265e-05
1.62395e-05
1.51486e-05
1.29692e-05
0.000572504
0.000563949
0.000546513
0.000529812
0.000519907
0.000503221
0.000482893
0.000469745
0.000448604
0.000429187
0.000412973
0.000386955
0.000368204
0.000349326
0.000319886
0.000299956
0.000279373
0.00024885
0.000225476
0.000205258
0.000176904
0.000148571
0.000132106
0.000110386
7.83534e-05
6.93568e-05
5.82265e-05
1.62395e-05
1.51486e-05
1.29692e-05
0.000572504
0.000563949
0.000546513
0.000529812
0.000519907
0.000503221
0.000482893
0.000469745
0.000448604
0.000429187
0.000412973
0.000386955
0.000368204
0.000349326
0.000319886
0.000299956
0.000279373
0.00024885
0.000225476
0.000205258
0.000176904
0.000148571
0.000132106
0.000110386
7.83534e-05
6.93568e-05
5.82265e-05
1.62395e-05
1.51486e-05
1.29692e-05
0.000572504
0.000563949
0.000546513
0.000529812
0.000519907
0.000503221
0.000482893
0.000469745
0.000448604
0.000429187
0.000412973
0.000386955
0.000368204
0.000349326
0.000319886
0.000299956
0.000279373
0.00024885
0.000225476
0.000205258
0.000176904
0.000148571
0.000132106
0.000110386
7.83534e-05
6.93568e-05
5.82265e-05
1.62395e-05
1.51486e-05
1.29692e-05
0.000572504
0.000563949
0.000546513
0.000529812
0.000519907
0.000503221
0.000482893
0.000469745
0.000448604
0.000429187
0.000412973
0.000386955
0.000368204
0.000349326
0.000319886
0.000299956
0.000279373
0.00024885
0.000225476
0.000205258
0.000176904
0.000148571
0.000132106
0.000110386
7.83534e-05
6.93568e-05
5.82265e-05
1.62395e-05
1.51486e-05
1.29692e-05
0.000572504
0.000563949
0.000546513
0.000529812
0.000519907
0.000503221
0.000482893
0.000469745
0.000448604
0.000429187
0.000412973
0.000386955
0.000368204
0.000349326
0.000319886
0.000299956
0.000279373
0.00024885
0.000225476
0.000205259
0.000176905
0.000148571
0.000132106
0.000110386
7.83534e-05
6.93568e-05
5.82265e-05
1.62395e-05
1.51486e-05
1.29692e-05
0.000572504
0.000563949
0.000546513
0.000529812
0.000519907
0.000503221
0.000482893
0.000469745
0.000448604
0.000429187
0.000412973
0.000386955
0.000368204
0.000349326
0.000319886
0.000299956
0.000279373
0.00024885
0.000225476
0.000205259
0.000176905
0.000148571
0.000132106
0.000110386
7.83534e-05
6.93568e-05
5.82265e-05
1.62395e-05
1.51486e-05
1.29692e-05
0.000572504
0.000563949
0.000546513
0.000529812
0.000519907
0.000503221
0.000482893
0.000469745
0.000448604
0.000429187
0.000412973
0.000386955
0.000368204
0.000349326
0.000319886
0.000299956
0.000279373
0.00024885
0.000225476
0.000205259
0.000176905
0.000148571
0.000132106
0.000110386
7.83534e-05
6.93568e-05
5.82265e-05
1.62395e-05
1.51486e-05
1.29692e-05
0.000572504
0.000563949
0.000546513
0.000529812
0.000519907
0.000503221
0.000482893
0.000469745
0.000448604
0.000429187
0.000412973
0.000386955
0.000368204
0.000349326
0.000319887
0.000299956
0.000279373
0.000248851
0.000225476
0.000205259
0.000176905
0.000148571
0.000132106
0.000110386
7.83534e-05
6.93568e-05
5.82265e-05
1.62395e-05
1.51486e-05
1.29692e-05
0.000572504
0.000563949
0.000546513
0.000529812
0.000519907
0.000503221
0.000482893
0.000469745
0.000448604
0.000429187
0.000412973
0.000386955
0.000368204
0.000349326
0.000319887
0.000299956
0.000279373
0.000248851
0.000225477
0.000205259
0.000176905
0.000148571
0.000132106
0.000110386
7.83534e-05
6.93568e-05
5.82266e-05
1.62395e-05
1.51486e-05
1.29692e-05
0.000572504
0.000563949
0.000546513
0.000529812
0.000519907
0.000503221
0.000482893
0.000469745
0.000448604
0.000429187
0.000412973
0.000386955
0.000368204
0.000349326
0.000319887
0.000299956
0.000279373
0.000248851
0.000225477
0.000205259
0.000176905
0.000148571
0.000132106
0.000110386
7.83534e-05
6.93568e-05
5.82266e-05
1.62395e-05
1.51486e-05
1.29692e-05
0.000572504
0.000563949
0.000546513
0.000529812
0.000519908
0.000503221
0.000482893
0.000469745
0.000448604
0.000429187
0.000412973
0.000386955
0.000368204
0.000349326
0.000319887
0.000299956
0.000279373
0.000248851
0.000225477
0.000205259
0.000176905
0.000148571
0.000132106
0.000110387
7.83534e-05
6.93568e-05
5.82266e-05
1.62395e-05
1.51486e-05
1.29692e-05
0.000572504
0.000563949
0.000546513
0.000529812
0.000519908
0.000503221
0.000482893
0.000469745
0.000448604
0.000429187
0.000412973
0.000386955
0.000368204
0.000349326
0.000319887
0.000299956
0.000279373
0.000248851
0.000225477
0.000205259
0.000176905
0.000148571
0.000132106
0.000110387
7.83534e-05
6.93568e-05
5.82266e-05
1.62395e-05
1.51486e-05
1.29692e-05
0.000572505
0.000563949
0.000546513
0.000529812
0.000519908
0.000503221
0.000482893
0.000469745
0.000448604
0.000429187
0.000412973
0.000386955
0.000368204
0.000349326
0.000319887
0.000299956
0.000279373
0.000248851
0.000225477
0.000205259
0.000176905
0.000148571
0.000132106
0.000110387
7.83534e-05
6.93568e-05
5.82266e-05
1.62395e-05
1.51486e-05
1.29692e-05
0.000572505
0.000563949
0.000546513
0.000529812
0.000519908
0.000503221
0.000482893
0.000469745
0.000448604
0.000429187
0.000412973
0.000386955
0.000368204
0.000349326
0.000319887
0.000299956
0.000279373
0.000248851
0.000225477
0.000205259
0.000176905
0.000148571
0.000132106
0.000110387
7.83534e-05
6.93568e-05
5.82266e-05
1.62395e-05
1.51486e-05
1.29692e-05
0.000572505
0.000563949
0.000546513
0.000529812
0.000519908
0.000503221
0.000482893
0.000469745
0.000448604
0.000429187
0.000412973
0.000386955
0.000368204
0.000349326
0.000319887
0.000299956
0.000279373
0.000248851
0.000225477
0.000205259
0.000176905
0.000148571
0.000132106
0.000110387
7.83534e-05
6.93568e-05
5.82266e-05
1.62395e-05
1.51486e-05
1.29692e-05
0.000572505
0.000563949
0.000546513
0.000529812
0.000519908
0.000503221
0.000482893
0.000469745
0.000448604
0.000429187
0.000412973
0.000386955
0.000368204
0.000349326
0.000319887
0.000299956
0.000279373
0.000248851
0.000225477
0.000205259
0.000176905
0.000148571
0.000132106
0.000110387
7.83534e-05
6.93568e-05
5.82266e-05
1.62395e-05
1.51486e-05
1.29692e-05
0.000572505
0.000563949
0.000546513
0.000529812
0.000519908
0.000503221
0.000482893
0.000469745
0.000448604
0.000429187
0.000412973
0.000386955
0.000368204
0.000349326
0.000319887
0.000299956
0.000279373
0.000248851
0.000225477
0.000205259
0.000176905
0.000148571
0.000132106
0.000110387
7.83534e-05
6.93568e-05
5.82266e-05
1.62395e-05
1.51486e-05
1.29692e-05
0.000572505
0.000563949
0.000546513
0.000529812
0.000519908
0.000503221
0.000482893
0.000469745
0.000448604
0.000429187
0.000412973
0.000386955
0.000368204
0.000349326
0.000319887
0.000299956
0.000279373
0.000248851
0.000225477
0.000205259
0.000176905
0.000148571
0.000132106
0.000110387
7.83534e-05
6.93568e-05
5.82266e-05
1.62395e-05
1.51486e-05
1.29692e-05
0.000572505
0.000563949
0.000546513
0.000529812
0.000519908
0.000503221
0.000482893
0.000469745
0.000448604
0.000429187
0.000412973
0.000386955
0.000368204
0.000349326
0.000319887
0.000299956
0.000279373
0.000248851
0.000225477
0.000205259
0.000176905
0.000148571
0.000132106
0.000110387
7.83534e-05
6.93568e-05
5.82266e-05
1.62395e-05
1.51486e-05
1.29692e-05
0.000572505
0.00056395
0.000546513
0.000529812
0.000519908
0.000503221
0.000482893
0.000469745
0.000448604
0.000429187
0.000412973
0.000386955
0.000368204
0.000349326
0.000319887
0.000299956
0.000279373
0.000248851
0.000225477
0.000205259
0.000176905
0.000148571
0.000132106
0.000110387
7.83534e-05
6.93568e-05
5.82266e-05
1.62395e-05
1.51486e-05
1.29692e-05
0.000572505
0.00056395
0.000546513
0.000529812
0.000519908
0.000503221
0.000482893
0.000469745
0.000448604
0.000429187
0.000412973
0.000386955
0.000368204
0.000349326
0.000319887
0.000299956
0.000279373
0.000248851
0.000225477
0.000205259
0.000176905
0.000148571
0.000132106
0.000110387
7.83534e-05
6.93568e-05
5.82266e-05
1.62395e-05
1.51486e-05
1.29692e-05
0.000572505
0.00056395
0.000546513
0.000529812
0.000519908
0.000503221
0.000482893
0.000469745
0.000448604
0.000429187
0.000412973
0.000386955
0.000368204
0.000349326
0.000319887
0.000299956
0.000279373
0.000248851
0.000225477
0.000205259
0.000176905
0.000148571
0.000132106
0.000110387
7.83534e-05
6.93568e-05
5.82266e-05
1.62395e-05
1.51486e-05
1.29692e-05
0.000572505
0.00056395
0.000546513
0.000529812
0.000519908
0.000503221
0.000482893
0.000469745
0.000448604
0.000429187
0.000412973
0.000386955
0.000368204
0.000349326
0.000319887
0.000299956
0.000279373
0.000248851
0.000225477
0.000205259
0.000176905
0.000148571
0.000132106
0.000110387
7.83534e-05
6.93568e-05
5.82266e-05
1.62395e-05
1.51486e-05
1.29692e-05
0.000572505
0.00056395
0.000546513
0.000529812
0.000519908
0.000503221
0.000482893
0.000469745
0.000448604
0.000429187
0.000412973
0.000386955
0.000368204
0.000349326
0.000319887
0.000299956
0.000279373
0.000248851
0.000225477
0.000205259
0.000176905
0.000148571
0.000132106
0.000110387
7.83534e-05
6.93568e-05
5.82266e-05
1.62395e-05
1.51486e-05
1.29692e-05
0.000572505
0.00056395
0.000546513
0.000529812
0.000519908
0.000503221
0.000482893
0.000469745
0.000448604
0.000429187
0.000412973
0.000386955
0.000368204
0.000349326
0.000319887
0.000299956
0.000279373
0.000248851
0.000225477
0.000205259
0.000176905
0.000148571
0.000132106
0.000110387
7.83534e-05
6.93568e-05
5.82266e-05
1.62395e-05
1.51486e-05
1.29692e-05
0.000572505
0.00056395
0.000546513
0.000529812
0.000519908
0.000503221
0.000482893
0.000469745
0.000448604
0.000429187
0.000412973
0.000386955
0.000368204
0.000349326
0.000319887
0.000299956
0.000279373
0.000248851
0.000225477
0.000205259
0.000176905
0.000148571
0.000132106
0.000110387
7.83534e-05
6.93568e-05
5.82266e-05
1.62395e-05
1.51486e-05
1.29692e-05
0.000572505
0.00056395
0.000546513
0.000529812
0.000519908
0.000503221
0.000482893
0.000469745
0.000448604
0.000429187
0.000412973
0.000386955
0.000368204
0.000349326
0.000319887
0.000299956
0.000279373
0.000248851
0.000225477
0.000205259
0.000176905
0.000148571
0.000132106
0.000110387
7.83534e-05
6.93568e-05
5.82266e-05
1.62395e-05
1.51486e-05
1.29692e-05
0.000572505
0.00056395
0.000546513
0.000529812
0.000519908
0.000503221
0.000482893
0.000469745
0.000448604
0.000429187
0.000412973
0.000386955
0.000368204
0.000349326
0.000319887
0.000299956
0.000279373
0.000248851
0.000225477
0.000205259
0.000176905
0.000148571
0.000132106
0.000110387
7.83534e-05
6.93568e-05
5.82266e-05
1.62395e-05
1.51486e-05
1.29692e-05
0.000572505
0.00056395
0.000546513
0.000529812
0.000519908
0.000503221
0.000482893
0.000469745
0.000448604
0.000429187
0.000412973
0.000386955
0.000368204
0.000349326
0.000319887
0.000299956
0.000279373
0.000248851
0.000225477
0.000205259
0.000176905
0.000148571
0.000132106
0.000110387
7.83534e-05
6.93568e-05
5.82266e-05
1.62395e-05
1.51486e-05
1.29692e-05
0.000572505
0.00056395
0.000546513
0.000529812
0.000519908
0.000503221
0.000482893
0.000469745
0.000448604
0.000429187
0.000412973
0.000386955
0.000368204
0.000349326
0.000319887
0.000299956
0.000279373
0.000248851
0.000225477
0.000205259
0.000176905
0.000148571
0.000132106
0.000110387
7.83534e-05
6.93568e-05
5.82266e-05
1.62395e-05
1.51486e-05
1.29692e-05
0.000572505
0.00056395
0.000546513
0.000529812
0.000519908
0.000503221
0.000482893
0.000469745
0.000448604
0.000429187
0.000412973
0.000386955
0.000368204
0.000349326
0.000319887
0.000299956
0.000279373
0.000248851
0.000225477
0.000205259
0.000176905
0.000148571
0.000132106
0.000110387
7.83534e-05
6.93568e-05
5.82266e-05
1.62395e-05
1.51486e-05
1.29692e-05
0.000572505
0.00056395
0.000546513
0.000529812
0.000519908
0.000503221
0.000482893
0.000469745
0.000448604
0.000429187
0.000412973
0.000386955
0.000368204
0.000349326
0.000319887
0.000299956
0.000279373
0.000248851
0.000225477
0.000205259
0.000176905
0.000148571
0.000132106
0.000110387
7.83534e-05
6.93568e-05
5.82266e-05
1.62395e-05
1.51486e-05
1.29692e-05
0.000572505
0.00056395
0.000546513
0.000529812
0.000519908
0.000503221
0.000482893
0.000469745
0.000448604
0.000429187
0.000412973
0.000386955
0.000368204
0.000349326
0.000319887
0.000299956
0.000279373
0.000248851
0.000225477
0.000205259
0.000176905
0.000148571
0.000132106
0.000110387
7.83534e-05
6.93568e-05
5.82266e-05
1.62395e-05
1.51486e-05
1.29692e-05
0.000572505
0.00056395
0.000546513
0.000529812
0.000519908
0.000503221
0.000482893
0.000469745
0.000448604
0.000429187
0.000412973
0.000386955
0.000368204
0.000349326
0.000319887
0.000299956
0.000279373
0.000248851
0.000225477
0.000205259
0.000176905
0.000148571
0.000132106
0.000110387
7.83534e-05
6.93568e-05
5.82266e-05
1.62395e-05
1.51486e-05
1.29692e-05
0.000572505
0.00056395
0.000546513
0.000529812
0.000519908
0.000503221
0.000482893
0.000469745
0.000448604
0.000429187
0.000412973
0.000386955
0.000368204
0.000349326
0.000319887
0.000299956
0.000279373
0.000248851
0.000225477
0.000205259
0.000176905
0.000148571
0.000132106
0.000110387
7.83534e-05
6.93569e-05
5.82266e-05
1.62395e-05
1.51486e-05
1.29692e-05
0.000572505
0.00056395
0.000546513
0.000529812
0.000519908
0.000503221
0.000482893
0.000469745
0.000448604
0.000429187
0.000412973
0.000386955
0.000368204
0.000349326
0.000319887
0.000299956
0.000279373
0.000248851
0.000225477
0.000205259
0.000176905
0.000148571
0.000132106
0.000110387
7.83534e-05
6.93569e-05
5.82266e-05
1.62395e-05
1.51486e-05
1.29692e-05
0.000572505
0.00056395
0.000546513
0.000529812
0.000519908
0.000503221
0.000482893
0.000469745
0.000448604
0.000429187
0.000412973
0.000386955
0.000368204
0.000349326
0.000319887
0.000299956
0.000279373
0.000248851
0.000225477
0.000205259
0.000176905
0.000148571
0.000132106
0.000110387
7.83534e-05
6.93569e-05
5.82266e-05
1.62395e-05
1.51486e-05
1.29692e-05
0.000572505
0.00056395
0.000546513
0.000529812
0.000519908
0.000503221
0.000482893
0.000469745
0.000448604
0.000429187
0.000412973
0.000386955
0.000368204
0.000349326
0.000319887
0.000299956
0.000279373
0.000248851
0.000225477
0.000205259
0.000176905
0.000148571
0.000132106
0.000110387
7.83534e-05
6.93569e-05
5.82266e-05
1.62395e-05
1.51486e-05
1.29692e-05
0.000572505
0.00056395
0.000546513
0.000529812
0.000519908
0.000503221
0.000482893
0.000469745
0.000448604
0.000429187
0.000412973
0.000386955
0.000368204
0.000349326
0.000319887
0.000299956
0.000279373
0.000248851
0.000225477
0.000205259
0.000176905
0.000148571
0.000132106
0.000110387
7.83534e-05
6.93569e-05
5.82266e-05
1.62395e-05
1.51486e-05
1.29692e-05
0.000572505
0.00056395
0.000546513
0.000529812
0.000519908
0.000503221
0.000482893
0.000469745
0.000448604
0.000429187
0.000412973
0.000386955
0.000368204
0.000349326
0.000319887
0.000299956
0.000279373
0.000248851
0.000225477
0.000205259
0.000176905
0.000148571
0.000132106
0.000110387
7.83534e-05
6.93569e-05
5.82266e-05
1.62395e-05
1.51486e-05
1.29692e-05
0.000572505
0.00056395
0.000546513
0.000529812
0.000519908
0.000503221
0.000482893
0.000469745
0.000448604
0.000429187
0.000412973
0.000386955
0.000368204
0.000349326
0.000319887
0.000299956
0.000279373
0.000248851
0.000225477
0.000205259
0.000176905
0.000148571
0.000132106
0.000110387
7.83534e-05
6.93569e-05
5.82266e-05
1.62395e-05
1.51486e-05
1.29692e-05
0.000572505
0.00056395
0.000546513
0.000529812
0.000519908
0.000503221
0.000482893
0.000469745
0.000448604
0.000429187
0.000412973
0.000386955
0.000368204
0.000349326
0.000319887
0.000299956
0.000279373
0.000248851
0.000225477
0.000205259
0.000176905
0.000148571
0.000132106
0.000110387
7.83534e-05
6.93569e-05
5.82267e-05
1.62395e-05
1.51486e-05
1.29692e-05
0.000572505
0.00056395
0.000546513
0.000529812
0.000519908
0.000503221
0.000482893
0.000469745
0.000448604
0.000429187
0.000412973
0.000386955
0.000368204
0.000349326
0.000319887
0.000299956
0.000279373
0.000248851
0.000225477
0.000205259
0.000176905
0.000148571
0.000132106
0.000110387
7.83534e-05
6.93569e-05
5.82267e-05
1.62395e-05
1.51486e-05
1.29692e-05
0.000572505
0.00056395
0.000546513
0.000529812
0.000519908
0.000503221
0.000482893
0.000469745
0.000448604
0.000429187
0.000412974
0.000386955
0.000368204
0.000349326
0.000319887
0.000299956
0.000279373
0.000248851
0.000225477
0.000205259
0.000176905
0.000148571
0.000132106
0.000110387
7.83535e-05
6.93569e-05
5.82267e-05
1.62395e-05
1.51486e-05
1.29692e-05
0.000572505
0.00056395
0.000546513
0.000529812
0.000519908
0.000503221
0.000482893
0.000469745
0.000448604
0.000429187
0.000412974
0.000386955
0.000368204
0.000349326
0.000319887
0.000299956
0.000279373
0.000248851
0.000225477
0.000205259
0.000176905
0.000148571
0.000132106
0.000110387
7.83535e-05
6.93569e-05
5.82267e-05
1.62395e-05
1.51486e-05
1.29692e-05
0.000572505
0.00056395
0.000546513
0.000529812
0.000519908
0.000503221
0.000482893
0.000469745
0.000448604
0.000429187
0.000412974
0.000386955
0.000368204
0.000349326
0.000319887
0.000299956
0.000279373
0.000248851
0.000225477
0.000205259
0.000176905
0.000148571
0.000132106
0.000110387
7.83535e-05
6.93569e-05
5.82267e-05
1.62395e-05
1.51486e-05
1.29692e-05
0.000572505
0.00056395
0.000546514
0.000529813
0.000519908
0.000503221
0.000482893
0.000469745
0.000448604
0.000429187
0.000412974
0.000386956
0.000368204
0.000349326
0.000319887
0.000299956
0.000279373
0.000248851
0.000225477
0.000205259
0.000176905
0.000148571
0.000132106
0.000110387
7.83535e-05
6.93569e-05
5.82267e-05
1.62395e-05
1.51486e-05
1.29692e-05
0.000572505
0.00056395
0.000546514
0.000529813
0.000519908
0.000503221
0.000482893
0.000469746
0.000448604
0.000429187
0.000412974
0.000386956
0.000368204
0.000349326
0.000319887
0.000299956
0.000279373
0.000248851
0.000225477
0.000205259
0.000176905
0.000148571
0.000132106
0.000110387
7.83535e-05
6.93569e-05
5.82267e-05
1.62395e-05
1.51486e-05
1.29692e-05
0.000572505
0.00056395
0.000546514
0.000529813
0.000519908
0.000503222
0.000482893
0.000469746
0.000448604
0.000429188
0.000412974
0.000386956
0.000368204
0.000349326
0.000319887
0.000299956
0.000279373
0.000248851
0.000225477
0.000205259
0.000176905
0.000148571
0.000132106
0.000110387
7.83535e-05
6.93569e-05
5.82267e-05
1.62395e-05
1.51486e-05
1.29692e-05
0.000572505
0.00056395
0.000546514
0.000529813
0.000519908
0.000503222
0.000482893
0.000469746
0.000448605
0.000429188
0.000412974
0.000386956
0.000368204
0.000349326
0.000319887
0.000299956
0.000279373
0.000248851
0.000225477
0.000205259
0.000176905
0.000148571
0.000132106
0.000110387
7.83535e-05
6.93569e-05
5.82267e-05
1.62395e-05
1.51486e-05
1.29692e-05
0.000572505
0.00056395
0.000546514
0.000529813
0.000519908
0.000503222
0.000482893
0.000469746
0.000448605
0.000429188
0.000412974
0.000386956
0.000368204
0.000349327
0.000319887
0.000299956
0.000279373
0.000248851
0.000225477
0.000205259
0.000176905
0.000148571
0.000132106
0.000110387
7.83535e-05
6.93569e-05
5.82267e-05
1.62395e-05
1.51486e-05
1.29692e-05
0.000572505
0.00056395
0.000546514
0.000529813
0.000519908
0.000503222
0.000482893
0.000469746
0.000448605
0.000429188
0.000412974
0.000386956
0.000368204
0.000349327
0.000319887
0.000299956
0.000279373
0.000248851
0.000225477
0.000205259
0.000176905
0.000148571
0.000132106
0.000110387
7.83535e-05
6.93569e-05
5.82267e-05
1.62395e-05
1.51486e-05
1.29692e-05
0.000572505
0.00056395
0.000546514
0.000529813
0.000519908
0.000503222
0.000482893
0.000469746
0.000448605
0.000429188
0.000412974
0.000386956
0.000368204
0.000349327
0.000319887
0.000299956
0.000279373
0.000248851
0.000225477
0.000205259
0.000176905
0.000148571
0.000132106
0.000110387
7.83535e-05
6.93569e-05
5.82267e-05
1.62395e-05
1.51486e-05
1.29692e-05
0.000572505
0.00056395
0.000546514
0.000529813
0.000519908
0.000503222
0.000482893
0.000469746
0.000448605
0.000429188
0.000412974
0.000386956
0.000368204
0.000349327
0.000319887
0.000299956
0.000279373
0.000248851
0.000225477
0.000205259
0.000176905
0.000148571
0.000132106
0.000110387
7.83535e-05
6.93569e-05
5.82267e-05
1.62395e-05
1.51486e-05
1.29692e-05
0.000572505
0.00056395
0.000546514
0.000529813
0.000519908
0.000503222
0.000482893
0.000469746
0.000448605
0.000429188
0.000412974
0.000386956
0.000368204
0.000349327
0.000319887
0.000299956
0.000279373
0.000248851
0.000225477
0.000205259
0.000176905
0.000148571
0.000132106
0.000110387
7.83535e-05
6.93569e-05
5.82267e-05
1.62395e-05
1.51486e-05
1.29692e-05
0.000572505
0.00056395
0.000546514
0.000529813
0.000519908
0.000503222
0.000482893
0.000469746
0.000448605
0.000429188
0.000412974
0.000386956
0.000368204
0.000349327
0.000319887
0.000299957
0.000279373
0.000248851
0.000225477
0.000205259
0.000176905
0.000148571
0.000132106
0.000110387
7.83535e-05
6.93569e-05
5.82267e-05
1.62395e-05
1.51486e-05
1.29692e-05
0.000572505
0.00056395
0.000546514
0.000529813
0.000519908
0.000503222
0.000482893
0.000469746
0.000448605
0.000429188
0.000412974
0.000386956
0.000368205
0.000349327
0.000319887
0.000299957
0.000279373
0.000248851
0.000225477
0.000205259
0.000176905
0.000148571
0.000132106
0.000110387
7.83535e-05
6.93569e-05
5.82267e-05
1.62395e-05
1.51486e-05
1.29692e-05
0.000572505
0.00056395
0.000546514
0.000529813
0.000519908
0.000503222
0.000482893
0.000469746
0.000448605
0.000429188
0.000412974
0.000386956
0.000368205
0.000349327
0.000319887
0.000299957
0.000279373
0.000248851
0.000225477
0.000205259
0.000176905
0.000148571
0.000132106
0.000110387
7.83535e-05
6.93569e-05
5.82267e-05
1.62395e-05
1.51486e-05
1.29692e-05
0.000572505
0.00056395
0.000546514
0.000529813
0.000519908
0.000503222
0.000482894
0.000469746
0.000448605
0.000429188
0.000412974
0.000386956
0.000368205
0.000349327
0.000319887
0.000299957
0.000279373
0.000248851
0.000225477
0.000205259
0.000176905
0.000148571
0.000132106
0.000110387
7.83535e-05
6.93569e-05
5.82267e-05
1.62395e-05
1.51486e-05
1.29692e-05
0.000572506
0.00056395
0.000546514
0.000529813
0.000519908
0.000503222
0.000482894
0.000469746
0.000448605
0.000429188
0.000412974
0.000386956
0.000368205
0.000349327
0.000319887
0.000299957
0.000279373
0.000248851
0.000225477
0.000205259
0.000176905
0.000148571
0.000132106
0.000110387
7.83535e-05
6.93569e-05
5.82267e-05
1.62395e-05
1.51486e-05
1.29692e-05
0.000572506
0.00056395
0.000546514
0.000529813
0.000519908
0.000503222
0.000482894
0.000469746
0.000448605
0.000429188
0.000412974
0.000386956
0.000368205
0.000349327
0.000319887
0.000299957
0.000279373
0.000248851
0.000225477
0.000205259
0.000176905
0.000148571
0.000132106
0.000110387
7.83535e-05
6.93569e-05
5.82267e-05
1.62395e-05
1.51486e-05
1.29692e-05
0.000572506
0.00056395
0.000546514
0.000529813
0.000519908
0.000503222
0.000482894
0.000469746
0.000448605
0.000429188
0.000412974
0.000386956
0.000368205
0.000349327
0.000319887
0.000299957
0.000279373
0.000248851
0.000225477
0.000205259
0.000176905
0.000148571
0.000132106
0.000110387
7.83535e-05
6.93569e-05
5.82267e-05
1.62395e-05
1.51486e-05
1.29692e-05
0.000572506
0.00056395
0.000546514
0.000529813
0.000519908
0.000503222
0.000482894
0.000469746
0.000448605
0.000429188
0.000412974
0.000386956
0.000368205
0.000349327
0.000319887
0.000299957
0.000279373
0.000248851
0.000225477
0.000205259
0.000176905
0.000148571
0.000132106
0.000110387
7.83535e-05
6.93569e-05
5.82267e-05
1.62395e-05
1.51486e-05
1.29692e-05
0.000572506
0.00056395
0.000546514
0.000529813
0.000519908
0.000503222
0.000482894
0.000469746
0.000448605
0.000429188
0.000412974
0.000386956
0.000368205
0.000349327
0.000319887
0.000299957
0.000279373
0.000248851
0.000225477
0.000205259
0.000176905
0.000148571
0.000132106
0.000110387
7.83535e-05
6.93569e-05
5.82268e-05
1.62395e-05
1.51486e-05
1.29692e-05
0.000572506
0.00056395
0.000546514
0.000529813
0.000519908
0.000503222
0.000482894
0.000469746
0.000448605
0.000429188
0.000412974
0.000386956
0.000368205
0.000349327
0.000319887
0.000299957
0.000279373
0.000248851
0.000225477
0.000205259
0.000176905
0.000148571
0.000132106
0.000110387
7.83535e-05
6.93569e-05
5.82268e-05
1.62395e-05
1.51486e-05
1.29692e-05
0.000572506
0.00056395
0.000546514
0.000529813
0.000519909
0.000503222
0.000482894
0.000469746
0.000448605
0.000429188
0.000412974
0.000386956
0.000368205
0.000349327
0.000319887
0.000299957
0.000279373
0.000248851
0.000225477
0.000205259
0.000176905
0.000148571
0.000132106
0.000110387
7.83535e-05
6.93569e-05
5.82268e-05
1.62395e-05
1.51486e-05
1.29692e-05
0.000572506
0.00056395
0.000546514
0.000529813
0.000519909
0.000503222
0.000482894
0.000469746
0.000448605
0.000429188
0.000412974
0.000386956
0.000368205
0.000349327
0.000319888
0.000299957
0.000279373
0.000248851
0.000225477
0.000205259
0.000176905
0.000148571
0.000132106
0.000110387
7.83535e-05
6.93569e-05
5.82268e-05
1.62395e-05
1.51486e-05
1.29692e-05
0.000572506
0.000563951
0.000546514
0.000529813
0.000519909
0.000503222
0.000482894
0.000469746
0.000448605
0.000429188
0.000412974
0.000386956
0.000368205
0.000349327
0.000319888
0.000299957
0.000279373
0.000248851
0.000225477
0.000205259
0.000176905
0.000148571
0.000132106
0.000110387
7.83535e-05
6.93569e-05
5.82268e-05
1.62395e-05
1.51486e-05
1.29692e-05
0.000572506
0.000563951
0.000546514
0.000529813
0.000519909
0.000503222
0.000482894
0.000469746
0.000448605
0.000429188
0.000412974
0.000386956
0.000368205
0.000349327
0.000319888
0.000299957
0.000279373
0.000248851
0.000225477
0.000205259
0.000176905
0.000148571
0.000132106
0.000110387
7.83535e-05
6.93569e-05
5.82268e-05
1.62395e-05
1.51486e-05
1.29692e-05
0.000572506
0.000563951
0.000546514
0.000529813
0.000519909
0.000503222
0.000482894
0.000469746
0.000448605
0.000429188
0.000412974
0.000386956
0.000368205
0.000349327
0.000319888
0.000299957
0.000279373
0.000248851
0.000225477
0.000205259
0.000176905
0.000148571
0.000132106
0.000110387
7.83535e-05
6.93569e-05
5.82268e-05
1.62395e-05
1.51486e-05
1.29692e-05
0.000572506
0.000563951
0.000546514
0.000529813
0.000519909
0.000503222
0.000482894
0.000469746
0.000448605
0.000429188
0.000412974
0.000386956
0.000368205
0.000349327
0.000319888
0.000299957
0.000279374
0.000248851
0.000225477
0.000205259
0.000176905
0.000148571
0.000132106
0.000110387
7.83535e-05
6.93569e-05
5.82268e-05
1.62395e-05
1.51486e-05
1.29692e-05
0.000572506
0.000563951
0.000546514
0.000529813
0.000519909
0.000503222
0.000482894
0.000469746
0.000448605
0.000429188
0.000412974
0.000386956
0.000368205
0.000349327
0.000319888
0.000299957
0.000279374
0.000248851
0.000225477
0.000205259
0.000176905
0.000148571
0.000132106
0.000110387
7.83535e-05
6.93569e-05
5.82268e-05
1.62395e-05
1.51486e-05
1.29692e-05
0.000572506
0.000563951
0.000546514
0.000529813
0.000519909
0.000503222
0.000482894
0.000469746
0.000448605
0.000429188
0.000412974
0.000386956
0.000368205
0.000349327
0.000319888
0.000299957
0.000279374
0.000248851
0.000225477
0.000205259
0.000176905
0.000148571
0.000132106
0.000110387
7.83535e-05
6.93569e-05
5.82268e-05
1.62395e-05
1.51486e-05
1.29692e-05
0.000572506
0.000563951
0.000546514
0.000529813
0.000519909
0.000503222
0.000482894
0.000469746
0.000448605
0.000429188
0.000412974
0.000386956
0.000368205
0.000349327
0.000319888
0.000299957
0.000279374
0.000248852
0.000225477
0.000205259
0.000176905
0.000148571
0.000132106
0.000110387
7.83535e-05
6.93569e-05
5.82268e-05
1.62395e-05
1.51486e-05
1.29692e-05
0.000572506
0.000563951
0.000546514
0.000529813
0.000519909
0.000503222
0.000482894
0.000469746
0.000448605
0.000429188
0.000412974
0.000386956
0.000368205
0.000349327
0.000319888
0.000299957
0.000279374
0.000248852
0.000225477
0.000205259
0.000176905
0.000148571
0.000132106
0.000110387
7.83535e-05
6.9357e-05
5.82268e-05
1.62395e-05
1.51486e-05
1.29692e-05
0.000572506
0.000563951
0.000546514
0.000529813
0.000519909
0.000503222
0.000482894
0.000469746
0.000448605
0.000429188
0.000412974
0.000386956
0.000368205
0.000349327
0.000319888
0.000299957
0.000279374
0.000248852
0.000225477
0.000205259
0.000176905
0.000148571
0.000132106
0.000110387
7.83535e-05
6.9357e-05
5.82268e-05
1.62395e-05
1.51486e-05
1.29692e-05
0.000572506
0.000563951
0.000546514
0.000529813
0.000519909
0.000503222
0.000482894
0.000469746
0.000448605
0.000429188
0.000412974
0.000386956
0.000368205
0.000349327
0.000319888
0.000299957
0.000279374
0.000248852
0.000225477
0.000205259
0.000176905
0.000148571
0.000132106
0.000110387
7.83535e-05
6.9357e-05
5.82268e-05
1.62395e-05
1.51486e-05
1.29692e-05
0.000572506
0.000563951
0.000546514
0.000529813
0.000519909
0.000503222
0.000482894
0.000469746
0.000448605
0.000429188
0.000412974
0.000386956
0.000368205
0.000349327
0.000319888
0.000299957
0.000279374
0.000248852
0.000225477
0.000205259
0.000176905
0.000148571
0.000132106
0.000110387
7.83535e-05
6.9357e-05
5.82268e-05
1.62395e-05
1.51486e-05
1.29692e-05
0.000572506
0.000563951
0.000546514
0.000529813
0.000519909
0.000503222
0.000482894
0.000469746
0.000448605
0.000429188
0.000412974
0.000386956
0.000368205
0.000349327
0.000319888
0.000299957
0.000279374
0.000248852
0.000225477
0.000205259
0.000176905
0.000148571
0.000132106
0.000110387
7.83535e-05
6.9357e-05
5.82268e-05
1.62395e-05
1.51486e-05
1.29692e-05
0.000572506
0.000563951
0.000546514
0.000529813
0.000519909
0.000503222
0.000482894
0.000469746
0.000448605
0.000429188
0.000412974
0.000386956
0.000368205
0.000349327
0.000319888
0.000299957
0.000279374
0.000248852
0.000225477
0.000205259
0.000176905
0.000148571
0.000132106
0.000110387
7.83535e-05
6.9357e-05
5.82268e-05
1.62395e-05
1.51486e-05
1.29692e-05
0.000572506
0.000563951
0.000546514
0.000529813
0.000519909
0.000503222
0.000482894
0.000469746
0.000448605
0.000429188
0.000412974
0.000386956
0.000368205
0.000349327
0.000319888
0.000299957
0.000279374
0.000248852
0.000225477
0.000205259
0.000176905
0.000148571
0.000132106
0.000110387
7.83535e-05
6.9357e-05
5.82268e-05
1.62395e-05
1.51486e-05
1.29692e-05
0.000572506
0.000563951
0.000546514
0.000529813
0.000519909
0.000503222
0.000482894
0.000469746
0.000448605
0.000429188
0.000412974
0.000386956
0.000368205
0.000349327
0.000319888
0.000299957
0.000279374
0.000248852
0.000225477
0.000205259
0.000176905
0.000148571
0.000132106
0.000110387
7.83535e-05
6.9357e-05
5.82268e-05
1.62395e-05
1.51486e-05
1.29692e-05
0.000572506
0.000563951
0.000546514
0.000529813
0.000519909
0.000503222
0.000482894
0.000469746
0.000448605
0.000429188
0.000412974
0.000386956
0.000368205
0.000349327
0.000319888
0.000299957
0.000279374
0.000248852
0.000225477
0.000205259
0.000176905
0.000148571
0.000132106
0.000110387
7.83535e-05
6.9357e-05
5.82268e-05
1.62395e-05
1.51486e-05
1.29692e-05
0.000572506
0.000563951
0.000546514
0.000529813
0.000519909
0.000503222
0.000482894
0.000469746
0.000448605
0.000429188
0.000412974
0.000386956
0.000368205
0.000349327
0.000319888
0.000299957
0.000279374
0.000248852
0.000225477
0.000205259
0.000176905
0.000148571
0.000132106
0.000110387
7.83535e-05
6.9357e-05
5.82268e-05
1.62395e-05
1.51486e-05
1.29692e-05
0.000572506
0.000563951
0.000546514
0.000529813
0.000519909
0.000503222
0.000482894
0.000469746
0.000448605
0.000429188
0.000412974
0.000386956
0.000368205
0.000349327
0.000319888
0.000299957
0.000279374
0.000248852
0.000225477
0.000205259
0.000176905
0.000148571
0.000132106
0.000110387
7.83535e-05
6.9357e-05
5.82268e-05
1.62395e-05
1.51486e-05
1.29692e-05
0.000572506
0.000563951
0.000546514
0.000529813
0.000519909
0.000503222
0.000482894
0.000469746
0.000448605
0.000429188
0.000412974
0.000386956
0.000368205
0.000349327
0.000319888
0.000299957
0.000279374
0.000248852
0.000225477
0.000205259
0.000176905
0.000148571
0.000132106
0.000110387
7.83535e-05
6.9357e-05
5.82268e-05
1.62395e-05
1.51486e-05
1.29692e-05
0.000572506
0.000563951
0.000546514
0.000529813
0.000519909
0.000503222
0.000482894
0.000469746
0.000448605
0.000429188
0.000412974
0.000386956
0.000368205
0.000349327
0.000319888
0.000299957
0.000279374
0.000248852
0.000225477
0.000205259
0.000176906
0.000148571
0.000132106
0.000110387
7.83535e-05
6.9357e-05
5.82268e-05
1.62395e-05
1.51486e-05
1.29692e-05
0.000572506
0.000563951
0.000546514
0.000529813
0.000519909
0.000503222
0.000482894
0.000469746
0.000448605
0.000429188
0.000412974
0.000386956
0.000368205
0.000349327
0.000319888
0.000299957
0.000279374
0.000248852
0.000225477
0.000205259
0.000176906
0.000148571
0.000132106
0.000110387
7.83535e-05
6.9357e-05
5.82268e-05
1.62395e-05
1.51486e-05
1.29692e-05
0.000572506
0.000563951
0.000546514
0.000529813
0.000519909
0.000503222
0.000482894
0.000469746
0.000448605
0.000429188
0.000412974
0.000386956
0.000368205
0.000349327
0.000319888
0.000299957
0.000279374
0.000248852
0.000225477
0.000205259
0.000176906
0.000148571
0.000132106
0.000110387
7.83535e-05
6.9357e-05
5.82268e-05
1.62395e-05
1.51486e-05
1.29692e-05
0.000572506
0.000563951
0.000546514
0.000529813
0.000519909
0.000503222
0.000482894
0.000469746
0.000448605
0.000429188
0.000412974
0.000386956
0.000368205
0.000349327
0.000319888
0.000299957
0.000279374
0.000248852
0.000225477
0.000205259
0.000176906
0.000148571
0.000132106
0.000110387
7.83535e-05
6.9357e-05
5.82268e-05
1.62395e-05
1.51486e-05
1.29692e-05
0.000572506
0.000563951
0.000546514
0.000529813
0.000519909
0.000503222
0.000482894
0.000469746
0.000448605
0.000429188
0.000412974
0.000386956
0.000368205
0.000349327
0.000319888
0.000299957
0.000279374
0.000248852
0.000225477
0.000205259
0.000176906
0.000148571
0.000132106
0.000110387
7.83535e-05
6.9357e-05
5.82268e-05
1.62395e-05
1.51486e-05
1.29692e-05
0.000572506
0.000563951
0.000546514
0.000529813
0.000519909
0.000503222
0.000482894
0.000469746
0.000448605
0.000429188
0.000412974
0.000386956
0.000368205
0.000349327
0.000319888
0.000299957
0.000279374
0.000248852
0.000225477
0.000205259
0.000176906
0.000148571
0.000132106
0.000110387
7.83535e-05
6.9357e-05
5.82268e-05
1.62395e-05
1.51486e-05
1.29692e-05
0.000572506
0.000563951
0.000546514
0.000529813
0.000519909
0.000503222
0.000482894
0.000469746
0.000448605
0.000429188
0.000412974
0.000386956
0.000368205
0.000349327
0.000319888
0.000299957
0.000279374
0.000248852
0.000225477
0.000205259
0.000176906
0.000148571
0.000132106
0.000110387
7.83535e-05
6.9357e-05
5.82268e-05
1.62395e-05
1.51486e-05
1.29692e-05
0.000572506
0.000563951
0.000546514
0.000529813
0.000519909
0.000503222
0.000482894
0.000469746
0.000448605
0.000429188
0.000412974
0.000386956
0.000368205
0.000349327
0.000319888
0.000299957
0.000279374
0.000248852
0.000225477
0.000205259
0.000176906
0.000148571
0.000132106
0.000110387
7.83535e-05
6.9357e-05
5.82268e-05
1.62395e-05
1.51486e-05
1.29692e-05
0.000572506
0.000563951
0.000546514
0.000529813
0.000519909
0.000503222
0.000482894
0.000469746
0.000448605
0.000429188
0.000412974
0.000386956
0.000368205
0.000349327
0.000319888
0.000299957
0.000279374
0.000248852
0.000225477
0.000205259
0.000176906
0.000148571
0.000132106
0.000110387
7.83535e-05
6.9357e-05
5.82268e-05
1.62395e-05
1.51486e-05
1.29692e-05
0.000572506
0.000563951
0.000546514
0.000529813
0.000519909
0.000503222
0.000482894
0.000469746
0.000448605
0.000429188
0.000412974
0.000386956
0.000368205
0.000349327
0.000319888
0.000299957
0.000279374
0.000248852
0.000225477
0.000205259
0.000176906
0.000148571
0.000132106
0.000110387
7.83535e-05
6.9357e-05
5.82268e-05
1.62395e-05
1.51486e-05
1.29692e-05
0.000572506
0.000563951
0.000546514
0.000529813
0.000519909
0.000503222
0.000482894
0.000469746
0.000448605
0.000429188
0.000412974
0.000386956
0.000368205
0.000349327
0.000319888
0.000299957
0.000279374
0.000248852
0.000225477
0.000205259
0.000176906
0.000148571
0.000132106
0.000110387
7.83535e-05
6.9357e-05
5.82268e-05
1.62395e-05
1.51486e-05
1.29692e-05
0.000572506
0.000563951
0.000546514
0.000529813
0.000519909
0.000503222
0.000482894
0.000469746
0.000448605
0.000429188
0.000412974
0.000386956
0.000368205
0.000349327
0.000319888
0.000299957
0.000279374
0.000248852
0.000225477
0.000205259
0.000176906
0.000148571
0.000132106
0.000110387
7.83535e-05
6.9357e-05
5.82269e-05
1.62395e-05
1.51486e-05
1.29692e-05
0.000572506
0.000563951
0.000546514
0.000529813
0.000519909
0.000503222
0.000482894
0.000469746
0.000448605
0.000429188
0.000412974
0.000386956
0.000368205
0.000349327
0.000319888
0.000299957
0.000279374
0.000248852
0.000225477
0.000205259
0.000176906
0.000148571
0.000132106
0.000110387
7.83535e-05
6.9357e-05
5.82269e-05
1.62395e-05
1.51486e-05
1.29692e-05
0.000572506
0.000563951
0.000546514
0.000529813
0.000519909
0.000503222
0.000482894
0.000469746
0.000448605
0.000429188
0.000412974
0.000386956
0.000368205
0.000349327
0.000319888
0.000299957
0.000279374
0.000248852
0.000225477
0.000205259
0.000176906
0.000148571
0.000132106
0.000110387
7.83535e-05
6.9357e-05
5.82269e-05
1.62395e-05
1.51486e-05
1.29692e-05
0.000572506
0.000563951
0.000546514
0.000529813
0.000519909
0.000503222
0.000482894
0.000469746
0.000448605
0.000429188
0.000412974
0.000386956
0.000368205
0.000349327
0.000319888
0.000299957
0.000279374
0.000248852
0.000225477
0.000205259
0.000176906
0.000148571
0.000132106
0.000110387
7.83535e-05
6.9357e-05
5.82269e-05
1.62395e-05
1.51486e-05
1.29692e-05
0.000572506
0.000563951
0.000546514
0.000529813
0.000519909
0.000503222
0.000482894
0.000469746
0.000448605
0.000429188
0.000412974
0.000386956
0.000368205
0.000349327
0.000319888
0.000299957
0.000279374
0.000248852
0.000225477
0.000205259
0.000176906
0.000148571
0.000132107
0.000110387
7.83535e-05
6.9357e-05
5.82269e-05
1.62395e-05
1.51486e-05
1.29692e-05
0.000572506
0.000563951
0.000546515
0.000529813
0.000519909
0.000503222
0.000482894
0.000469746
0.000448605
0.000429188
0.000412974
0.000386956
0.000368205
0.000349327
0.000319888
0.000299957
0.000279374
0.000248852
0.000225477
0.000205259
0.000176906
0.000148571
0.000132107
0.000110387
7.83535e-05
6.9357e-05
5.82269e-05
1.62395e-05
1.51486e-05
1.29692e-05
0.000572506
0.000563951
0.000546515
0.000529814
0.000519909
0.000503222
0.000482894
0.000469746
0.000448605
0.000429188
0.000412974
0.000386956
0.000368205
0.000349327
0.000319888
0.000299957
0.000279374
0.000248852
0.000225477
0.000205259
0.000176906
0.000148571
0.000132107
0.000110387
7.83535e-05
6.9357e-05
5.82269e-05
1.62395e-05
1.51486e-05
1.29692e-05
0.000572506
0.000563951
0.000546515
0.000529814
0.000519909
0.000503222
0.000482894
0.000469746
0.000448605
0.000429188
0.000412974
0.000386956
0.000368205
0.000349327
0.000319888
0.000299957
0.000279374
0.000248852
0.000225477
0.000205259
0.000176906
0.000148571
0.000132107
0.000110387
7.83535e-05
6.9357e-05
5.82269e-05
1.62395e-05
1.51486e-05
1.29692e-05
0.000572506
0.000563951
0.000546515
0.000529814
0.000519909
0.000503222
0.000482894
0.000469746
0.000448605
0.000429188
0.000412974
0.000386957
0.000368205
0.000349327
0.000319888
0.000299957
0.000279374
0.000248852
0.000225477
0.000205259
0.000176906
0.000148571
0.000132107
0.000110387
7.83535e-05
6.9357e-05
5.82269e-05
1.62395e-05
1.51486e-05
1.29692e-05
0.000572506
0.000563951
0.000546515
0.000529814
0.000519909
0.000503222
0.000482894
0.000469746
0.000448605
0.000429188
0.000412974
0.000386957
0.000368205
0.000349327
0.000319888
0.000299957
0.000279374
0.000248852
0.000225477
0.000205259
0.000176906
0.000148571
0.000132107
0.000110387
7.83535e-05
6.9357e-05
5.82269e-05
1.62395e-05
1.51486e-05
1.29692e-05
0.000572506
0.000563951
0.000546515
0.000529814
0.000519909
0.000503223
0.000482894
0.000469746
0.000448606
0.000429188
0.000412974
0.000386957
0.000368205
0.000349327
0.000319888
0.000299957
0.000279374
0.000248852
0.000225477
0.000205259
0.000176906
0.000148571
0.000132107
0.000110387
7.83535e-05
6.9357e-05
5.82269e-05
1.62395e-05
1.51486e-05
1.29692e-05
0.000572506
0.000563951
0.000546515
0.000529814
0.000519909
0.000503223
0.000482894
0.000469746
0.000448606
0.000429188
0.000412974
0.000386957
0.000368205
0.000349327
0.000319888
0.000299957
0.000279374
0.000248852
0.000225477
0.000205259
0.000176906
0.000148571
0.000132107
0.000110387
7.83536e-05
6.9357e-05
5.82269e-05
1.62395e-05
1.51486e-05
1.29692e-05
0.000572506
0.000563951
0.000546515
0.000529814
0.000519909
0.000503223
0.000482894
0.000469746
0.000448606
0.000429188
0.000412974
0.000386957
0.000368205
0.000349327
0.000319888
0.000299957
0.000279374
0.000248852
0.000225477
0.000205259
0.000176906
0.000148571
0.000132107
0.000110387
7.83536e-05
6.9357e-05
5.82269e-05
1.62395e-05
1.51486e-05
1.29692e-05
0.000572506
0.000563951
0.000546515
0.000529814
0.000519909
0.000503223
0.000482894
0.000469747
0.000448606
0.000429188
0.000412974
0.000386957
0.000368205
0.000349327
0.000319888
0.000299957
0.000279374
0.000248852
0.000225477
0.000205259
0.000176906
0.000148571
0.000132107
0.000110387
7.83536e-05
6.9357e-05
5.82269e-05
1.62395e-05
1.51486e-05
1.29692e-05
0.000572507
0.000563951
0.000546515
0.000529814
0.000519909
0.000503223
0.000482894
0.000469747
0.000448606
0.000429188
0.000412975
0.000386957
0.000368205
0.000349327
0.000319888
0.000299957
0.000279374
0.000248852
0.000225477
0.000205259
0.000176906
0.000148571
0.000132107
0.000110387
7.83536e-05
6.9357e-05
5.82269e-05
1.62395e-05
1.51486e-05
1.29692e-05
0.000572507
0.000563951
0.000546515
0.000529814
0.000519909
0.000503223
0.000482894
0.000469747
0.000448606
0.000429188
0.000412975
0.000386957
0.000368205
0.000349327
0.000319888
0.000299957
0.000279374
0.000248852
0.000225477
0.000205259
0.000176906
0.000148571
0.000132107
0.000110387
7.83536e-05
6.9357e-05
5.82269e-05
1.62395e-05
1.51486e-05
1.29692e-05
0.000572507
0.000563951
0.000546515
0.000529814
0.000519909
0.000503223
0.000482894
0.000469747
0.000448606
0.000429188
0.000412975
0.000386957
0.000368205
0.000349327
0.000319888
0.000299957
0.000279374
0.000248852
0.000225477
0.000205259
0.000176906
0.000148571
0.000132107
0.000110387
7.83536e-05
6.9357e-05
5.82269e-05
1.62395e-05
1.51486e-05
1.29692e-05
0.000572507
0.000563951
0.000546515
0.000529814
0.000519909
0.000503223
0.000482894
0.000469747
0.000448606
0.000429188
0.000412975
0.000386957
0.000368205
0.000349327
0.000319888
0.000299957
0.000279374
0.000248852
0.000225477
0.000205259
0.000176906
0.000148571
0.000132107
0.000110387
7.83536e-05
6.9357e-05
5.82269e-05
1.62395e-05
1.51486e-05
1.29692e-05
0.000572506
0.000563951
0.000546515
0.000529814
0.000519909
0.000503223
0.000482894
0.000469747
0.000448606
0.000429188
0.000412975
0.000386957
0.000368205
0.000349327
0.000319888
0.000299957
0.000279374
0.000248852
0.000225477
0.00020526
0.000176906
0.000148571
0.000132107
0.000110387
7.83537e-05
6.93571e-05
5.82269e-05
1.62395e-05
1.51486e-05
1.29692e-05
0.000572506
0.000563951
0.000546514
0.000529813
0.000519908
0.000503222
0.000482893
0.000469746
0.000448605
0.000429187
0.000412974
0.000386956
0.000368205
0.000349327
0.000319888
0.000299957
0.000279374
0.000248852
0.000225477
0.000205259
0.000176906
0.000148571
0.000132107
0.000110387
7.83537e-05
6.93571e-05
5.82269e-05
1.62395e-05
1.51486e-05
1.29692e-05
0.000572502
0.000563947
0.000546511
0.000529809
0.000519905
0.00050322
0.000482891
0.000469744
0.000448604
0.000429186
0.000412973
0.000386956
0.000368204
0.000349327
0.000319889
0.000299957
0.000279374
0.000248853
0.000225478
0.00020526
0.000176907
0.000148572
0.000132107
0.000110388
7.8354e-05
6.93573e-05
5.8227e-05
1.62396e-05
1.51486e-05
1.29692e-05
0.000572402
0.000563849
0.000546418
0.000529718
0.000519817
0.000503137
0.00048281
0.000469667
0.000448535
0.000429118
0.000412909
0.000386901
0.000368151
0.000349278
0.000319848
0.00029992
0.000279341
0.000248826
0.000225456
0.000205241
0.000176892
0.000148563
0.000132099
0.000110382
7.83528e-05
6.93558e-05
5.82257e-05
1.62396e-05
1.51486e-05
1.29692e-05
0.000669144
0.000672682
0.000673895
0.000659615
0.000666604
0.000669175
0.000640177
0.000653278
0.00065839
0.000602178
0.000625305
0.000634843
0.000531102
0.000569031
0.000585563
0.000406746
0.00046212
0.000487798
0.000220432
0.000282446
0.00031399
4.97323e-05
8.01854e-05
9.89519e-05
2.63529e-06
4.92561e-06
6.67812e-06
1.08583e-06
1.01943e-06
1.00184e-06
0.000666175
0.000671351
0.000673162
0.00065167
0.000662108
0.000666097
0.000621081
0.000641058
0.000649184
0.000561414
0.000596273
0.000611361
0.00045583
0.000509011
0.000533677
0.000295583
0.000360551
0.000393421
0.000116434
0.000166458
0.000195381
1.67194e-05
3.01027e-05
3.96668e-05
1.28029e-06
1.92164e-06
2.47128e-06
3.16052e-06
2.89222e-06
2.76911e-06
0.000659622
0.0006679
0.000670972
0.00063688
0.000652778
0.000659298
0.00059101
0.000619767
0.000632295
0.00050829
0.000554279
0.000575581
0.00037795
0.000439478
0.000470101
0.00021057
0.000272267
0.000306024
6.46351e-05
9.95174e-05
0.000121596
7.19038e-06
1.33631e-05
1.81728e-05
1.27383e-06
1.49885e-06
1.70634e-06
5.82329e-06
5.52291e-06
5.33879e-06
0.000648862
0.000661529
0.000666576
0.000615752
0.000638162
0.000648073
0.000553776
0.000591015
0.000608395
0.000452135
0.000505878
0.000532396
0.000309453
0.000372645
0.00040605
0.000151079
0.000204353
0.000235366
3.80786e-05
6.14755e-05
7.73081e-05
3.91192e-06
6.96952e-06
9.4736e-06
1.61609e-06
1.67138e-06
1.74695e-06
8.35717e-06
8.30457e-06
8.18621e-06
0.000634044
0.00065189
0.000659498
0.000589884
0.000618823
0.000632516
0.000513449
0.000557515
0.00057937
0.000398832
0.00045656
0.000486613
0.000253422
0.000313974
0.000347588
0.00011058
0.000154557
0.000181435
2.40142e-05
3.96672e-05
5.07881e-05
2.6435e-06
4.3123e-06
5.69759e-06
2.12845e-06
2.09318e-06
2.0976e-06
1.03625e-05
1.07558e-05
1.08224e-05
0.000615823
0.000639098
0.00064961
0.000561162
0.000595898
0.000613312
0.000473134
0.000521926
0.000547397
0.000351106
0.000409776
0.000441698
0.000209049
0.000264808
0.000296992
8.30523e-05
0.000118679
0.000141281
1.62346e-05
2.6897e-05
3.4721e-05
2.10116e-06
3.11613e-06
3.94575e-06
2.73429e-06
2.65629e-06
2.61925e-06
1.17532e-05
1.26624e-05
1.29803e-05
0.000595122
0.000623595
0.000637099
0.000531271
0.000570692
0.000591435
0.000434773
0.000486316
0.000514391
0.000309717
0.000367254
0.000399704
0.000174339
0.00022457
0.00025447
6.41272e-05
9.2887e-05
0.000111645
1.17121e-05
1.91969e-05
2.47893e-05
1.85992e-06
2.54124e-06
3.08159e-06
3.38995e-06
3.30128e-06
3.24368e-06
1.26045e-05
1.40068e-05
1.45906e-05
0.00057288
0.000606008
0.00062238
0.000501489
0.000544397
0.000567905
0.000399372
0.000452061
0.00048179
0.000274417
0.000329579
0.000361608
0.000147219
0.000191984
0.000219282
5.08715e-05
7.42205e-05
8.97506e-05
8.94076e-06
1.43874e-05
1.84845e-05
1.76498e-06
2.25792e-06
2.63702e-06
4.07828e-06
3.99266e-06
3.92813e-06
1.3041e-05
1.48664e-05
1.56971e-05
0.000549934
0.00058702
0.000605998
0.000472683
0.000517971
0.000543638
0.000367305
0.000419957
0.000450542
0.000244524
0.000296676
0.000327678
0.000125906
0.000165655
0.000190349
4.13679e-05
6.05329e-05
7.34485e-05
7.15006e-06
1.12633e-05
1.43527e-05
1.7557e-06
2.12837e-06
2.40951e-06
4.80487e-06
4.71536e-06
4.64896e-06
1.3183e-05
1.53464e-05
1.63885e-05
0.000526954
0.000567275
0.000588532
0.000445367
0.000492112
0.000519369
0.00033855
0.000390359
0.000421189
0.000219218
0.00026813
0.000297763
0.000108976
0.000144296
0.000166551
3.43703e-05
5.03145e-05
6.11457e-05
5.93248e-06
9.14809e-06
1.15471e-05
1.80878e-06
2.09213e-06
2.30718e-06
5.59325e-06
5.47163e-06
5.39914e-06
1.3128e-05
1.55472e-05
1.67605e-05
0.000504421
0.000547313
0.000570506
0.000419777
0.000467263
0.000495619
0.000312857
0.000363321
0.000393952
0.000197683
0.000243376
0.000271477
9.53188e-05
0.000126812
0.000146859
2.90619e-05
4.25145e-05
5.16878e-05
5.06451e-06
7.65461e-06
9.56843e-06
1.91881e-06
2.12291e-06
2.28732e-06
6.48096e-06
6.27723e-06
6.18514e-06
1.29485e-05
1.55521e-05
1.68979e-05
0.00048262
0.000527511
0.000552315
0.000395941
0.000443643
0.000472697
0.000289852
0.000338695
0.000368821
0.000179172
0.000221804
0.000248323
8.40824e-05
0.000112299
0.000130378
2.4899e-05
3.64013e-05
4.4246e-05
4.41951e-06
6.55589e-06
8.11747e-06
2.09164e-06
2.21155e-06
2.33113e-06
7.51659e-06
7.15799e-06
7.02364e-06
1.26957e-05
1.5425e-05
1.68693e-05
0.00046168
0.000508117
0.000534256
0.000373751
0.000421314
0.000450757
0.000269118
0.000316226
0.000345647
0.000163028
0.000202828
0.00022778
7.46111e-05
0.000100028
0.000116362
2.15136e-05
3.14638e-05
3.82276e-05
3.92459e-06
5.7163e-06
7.01248e-06
2.34297e-06
2.35938e-06
2.43298e-06
8.75639e-06
8.14702e-06
7.93859e-06
1.2405e-05
1.52126e-05
1.6727e-05
0.000441717
0.00048942
0.000516733
0.00035309
0.00040032
0.000429966
0.000250279
0.00029566
0.000324275
0.000148706
0.000185933
0.00020938
6.64052e-05
8.94257e-05
0.000104209
1.8655e-05
2.73454e-05
3.32129e-05
3.53903e-06
5.05452e-06
6.14245e-06
2.69927e-06
2.57566e-06
2.59585e-06
1.02582e-05
9.28193e-06
8.95864e-06
1.21005e-05
1.4948e-05
1.65092e-05
0.000423093
0.000472063
0.000500615
0.000334011
0.000380922
0.00041078
0.000233099
0.000276883
0.000304726
0.000135794
0.000170734
0.000192781
5.90923e-05
8.00597e-05
9.34609e-05
1.61552e-05
2.38018e-05
2.8911e-05
3.24355e-06
4.52329e-06
5.44078e-06
3.19946e-06
2.87704e-06
2.8294e-06
1.207e-05
1.06015e-05
1.01147e-05
1.17989e-05
1.4654e-05
1.62429e-05
0.000406689
0.000457407
0.000487507
0.000316954
0.000363866
0.000394233
0.000217614
0.000260088
0.000287391
0.000124048
0.000157024
0.000177856
5.24127e-05
7.16262e-05
8.3804e-05
1.39113e-05
2.06737e-05
2.51308e-05
3.03501e-06
4.09788e-06
4.86985e-06
3.89562e-06
3.28774e-06
3.14936e-06
1.42132e-05
1.21406e-05
1.14369e-05
1.15126e-05
1.43465e-05
1.5947e-05
0.000393998
0.00044758
0.000479531
0.00030288
0.000350579
0.000381942
0.000204232
0.000245912
0.000273158
0.000113426
0.000144832
0.000164758
4.62139e-05
6.39455e-05
7.50676e-05
1.18758e-05
1.78694e-05
2.17606e-05
2.92327e-06
3.76925e-06
4.41129e-06
4.85055e-06
3.83956e-06
3.57722e-06
1.66659e-05
1.39216e-05
1.2951e-05
1.12505e-05
1.40366e-05
1.56347e-05
0.000386753
0.000444633
0.000478497
0.000293128
0.000342829
0.000375738
0.000193748
0.000235441
0.00026335
0.000104111
0.000134458
0.000153957
4.04489e-05
5.6959e-05
6.72233e-05
1.00484e-05
1.53512e-05
1.87505e-05
2.92868e-06
3.53906e-06
4.05919e-06
6.1292e-06
4.571e-06
4.13982e-06
1.93494e-05
1.5949e-05
1.46737e-05
1.10194e-05
1.37328e-05
1.53155e-05
0.000386
0.00044915
0.000484415
0.000288867
0.000341882
0.000376554
0.000187159
0.000229951
0.000259286
9.65042e-05
0.000126479
0.000146209
3.51721e-05
5.07236e-05
6.03776e-05
8.46207e-06
1.31213e-05
1.60948e-05
3.07979e-06
3.41578e-06
3.81488e-06
7.78411e-06
5.5248e-06
4.86832e-06
2.21343e-05
1.82017e-05
1.66074e-05
1.08222e-05
1.34422e-05
1.49972e-05
0.0003913
0.000458398
0.000495375
0.000290214
0.000347189
0.000383447
0.000185192
0.000230215
0.000261465
9.11627e-05
0.000121653
0.000142384
3.05262e-05
4.53988e-05
5.47542e-05
7.16138e-06
1.12017e-05
1.38103e-05
3.41187e-06
3.4119e-06
3.68325e-06
9.83898e-06
6.74302e-06
5.7962e-06
2.48672e-05
2.06274e-05
1.87357e-05
1.0658e-05
1.31705e-05
1.46866e-05
0.000399787
0.000469197
0.000507035
0.000295502
0.000356082
0.00039383
0.00018759
0.000235671
0.000268847
8.86189e-05
0.000120653
0.000143077
2.67075e-05
4.12217e-05
5.06602e-05
6.17858e-06
9.61644e-06
1.19169e-05
3.96596e-06
3.54318e-06
3.67116e-06
1.22768e-05
8.26039e-06
6.95633e-06
2.74046e-05
2.31453e-05
2.10199e-05
1.05212e-05
1.29223e-05
1.439e-05
0.00040752
0.000478079
0.000515376
0.000302283
0.000365682
0.000403993
0.000192937
0.000244359
0.000278989
8.90862e-05
0.000123625
0.000148103
2.39177e-05
3.8468e-05
4.84297e-05
5.52178e-06
8.37959e-06
1.04262e-05
4.7874e-06
3.82925e-06
3.78802e-06
1.50373e-05
1.00967e-05
8.37716e-06
2.96426e-05
2.56568e-05
2.33989e-05
1.04033e-05
1.27002e-05
1.41131e-05
0.000411914
0.000482201
0.000517753
0.000308281
0.000373783
0.000411253
0.00019907
0.000253812
0.000289213
9.21285e-05
0.000129831
0.000156268
2.23143e-05
3.7392e-05
4.83356e-05
5.18204e-06
7.49327e-06
9.3412e-06
5.92235e-06
4.29512e-06
4.04754e-06
1.80243e-05
1.22508e-05
1.00778e-05
3.15313e-05
2.80611e-05
2.57941e-05
1.02949e-05
1.25041e-05
1.38598e-05
0.000412755
0.000481159
0.000513969
0.000309845
0.000377887
0.000413923
0.000203944
0.000261608
0.000297473
9.66857e-05
0.000137692
0.000165738
2.19777e-05
3.81364e-05
5.04695e-05
5.15028e-06
6.95576e-06
8.66628e-06
7.41244e-06
4.97237e-06
4.46956e-06
2.11219e-05
1.46966e-05
1.20632e-05
3.30733e-05
3.02708e-05
2.8121e-05
1.01883e-05
1.23312e-05
1.36318e-05
0.000406995
0.000474433
0.000505112
0.000308372
0.000377199
0.000412142
0.000206618
0.000266596
0.00030269
0.000101553
0.000145427
0.000174745
2.28964e-05
4.06411e-05
5.46302e-05
5.4339e-06
6.77359e-06
8.4182e-06
9.29015e-06
5.89887e-06
5.08121e-06
2.42152e-05
1.73845e-05
1.43215e-05
3.431e-05
3.22274e-05
3.03009e-05
1.00787e-05
1.21764e-05
1.34281e-05
0.000395727
0.000462732
0.000492152
0.000303574
0.000372062
0.000406282
0.000206726
0.000268449
0.000304448
0.000105686
0.000151834
0.000182059
2.49467e-05
4.46071e-05
6.02984e-05
6.06745e-06
6.97283e-06
8.63516e-06
1.1577e-05
7.11699e-06
5.91737e-06
2.72112e-05
2.0249e-05
1.68236e-05
3.53072e-05
3.3909e-05
3.22746e-05
9.96499e-06
1.20343e-05
1.3245e-05
0.000381112
0.000447268
0.000475707
0.000295536
0.000363685
0.000396855
0.000204491
0.000267303
0.000302913
0.000108484
0.000156384
0.000187104
2.78972e-05
4.95468e-05
6.67502e-05
7.1163e-06
7.60593e-06
9.37956e-06
1.4282e-05
8.67364e-06
7.02066e-06
3.00601e-05
2.32186e-05
1.95285e-05
3.61431e-05
3.53316e-05
3.40123e-05
9.84979e-06
1.18996e-05
1.3077e-05
0.000364881
0.000429412
0.000456873
0.00028561
0.000352936
0.000384816
0.000200218
0.000263582
0.000298469
0.000109859
0.000158948
0.000189843
3.14638e-05
5.48821e-05
7.32726e-05
8.67206e-06
8.75063e-06
1.07326e-05
1.74037e-05
1.06182e-05
8.44219e-06
3.27649e-05
2.62333e-05
2.23907e-05
3.69038e-05
3.6545e-05
3.55187e-05
9.73865e-06
1.17692e-05
1.29184e-05
0.000348267
0.000410341
0.00043678
0.000274705
0.000340341
0.000371157
0.000194692
0.00025793
0.000291876
0.000110055
0.000159775
0.000190562
3.53607e-05
6.0142e-05
7.93246e-05
1.08367e-05
1.0501e-05
1.27819e-05
2.09305e-05
1.30014e-05
1.02413e-05
3.53804e-05
2.92593e-05
2.53724e-05
3.76818e-05
3.76249e-05
3.68344e-05
9.63982e-06
1.1643e-05
1.27646e-05
0.000332142
0.000391073
0.000416349
0.000263701
0.000326837
0.000356553
0.000188757
0.000250786
0.00028381
0.000109508
0.00015919
0.000189685
3.93692e-05
6.50054e-05
8.46151e-05
1.36985e-05
1.29473e-05
1.56008e-05
2.48358e-05
1.58722e-05
1.24861e-05
3.79964e-05
3.22974e-05
2.84539e-05
3.85699e-05
3.8666e-05
3.80317e-05
9.56344e-06
1.15237e-05
1.26134e-05
0.00031703
0.000372371
0.000396266
0.000253143
0.000313216
0.000341638
0.000182802
0.000242909
0.000274913
0.000108563
0.000157709
0.000187659
4.33515e-05
6.93355e-05
8.90859e-05
1.72963e-05
1.61543e-05
1.92314e-05
2.90697e-05
1.92692e-05
1.52514e-05
4.07075e-05
3.538e-05
3.16383e-05
3.96478e-05
3.97708e-05
3.92072e-05
9.52071e-06
1.14179e-05
1.24659e-05
0.000303173
0.000354713
0.000377
0.000243334
0.000300025
0.00032694
0.000177114
0.000234864
0.000265728
0.000107473
0.000155751
0.000184961
4.71973e-05
7.31452e-05
9.28465e-05
2.16104e-05
2.0142e-05
2.36739e-05
3.35452e-05
2.32051e-05
1.86097e-05
4.3569e-05
3.85543e-05
3.4946e-05
4.09465e-05
4.10345e-05
4.04668e-05
9.52235e-06
1.13352e-05
1.2328e-05
0.000290579
0.000338315
0.000358849
0.000234306
0.000287544
0.000312913
0.000171697
0.000227073
0.000256725
0.000106284
0.000153515
0.000181969
5.07831e-05
7.65e-05
9.60752e-05
2.65343e-05
2.48736e-05
2.88828e-05
3.80913e-05
2.76451e-05
2.26121e-05
4.64782e-05
4.18498e-05
3.83975e-05
4.2328e-05
4.25099e-05
4.19029e-05
9.57593e-06
1.12874e-05
1.22098e-05
0.000279025
0.000323188
0.000341969
0.000225887
0.00027579
0.000299902
0.000166433
0.00021957
0.000248288
0.000104893
0.000151172
0.000178971
5.39665e-05
7.94922e-05
9.89884e-05
3.18684e-05
3.02243e-05
3.47716e-05
4.2514e-05
3.2485e-05
2.72613e-05
4.9301e-05
4.51809e-05
4.1982e-05
4.3701e-05
4.40836e-05
4.35486e-05
9.68008e-06
1.1286e-05
1.21246e-05
0.000268476
0.000309241
0.000326365
0.000218143
0.000264784
0.00028791
0.000161501
0.000212332
0.00024047
0.000103533
0.000148597
0.000176118
5.69036e-05
8.19226e-05
0.00010171
3.73219e-05
3.60021e-05
4.11313e-05
4.67056e-05
3.75396e-05
3.2495e-05
5.19425e-05
4.8402e-05
4.5555e-05
4.49876e-05
4.56463e-05
4.52469e-05
9.82569e-06
1.13354e-05
1.20853e-05
0.000258869
0.000296336
0.000311959
0.000211092
0.000254492
0.000276857
0.000157025
0.000205408
0.000233187
0.000102384
0.000145943
0.000173326
5.97261e-05
8.41231e-05
0.000104074
4.26561e-05
4.19943e-05
4.77691e-05
5.05879e-05
4.26217e-05
3.81575e-05
5.43113e-05
5.14527e-05
4.89974e-05
4.61078e-05
4.71227e-05
4.69002e-05
9.99913e-06
1.14314e-05
1.20964e-05
0.000250134
0.000284424
0.000298622
0.000204737
0.000244946
0.000266629
0.000153097
0.000198922
0.000226405
0.00010158
0.000143442
0.000170734
6.25346e-05
8.63409e-05
0.000106419
4.77084e-05
4.80146e-05
5.45497e-05
5.41103e-05
4.75745e-05
4.40375e-05
5.63445e-05
5.42689e-05
5.22725e-05
4.70048e-05
4.84335e-05
4.84354e-05
1.01853e-05
1.15638e-05
1.21544e-05
0.000242199
0.000273395
0.000286364
0.000199071
0.000236158
0.000257218
0.000149772
0.000192973
0.000220186
0.000101198
0.000141282
0.000168488
6.53811e-05
8.87289e-05
0.00010894
5.23893e-05
5.39275e-05
6.13646e-05
5.72481e-05
5.22865e-05
4.99452e-05
5.80156e-05
5.68008e-05
5.53519e-05
4.76557e-05
4.95208e-05
4.97894e-05
1.03706e-05
1.1719e-05
1.22497e-05
0.000234983
0.000263169
0.000275201
0.000194018
0.000228185
0.000248622
0.000147068
0.000187636
0.000214576
0.000101274
0.000139577
0.000166692
6.82969e-05
9.13355e-05
0.000111728
5.66669e-05
5.96527e-05
6.81074e-05
5.99999e-05
5.66937e-05
5.57347e-05
5.93321e-05
5.9023e-05
5.82186e-05
4.80685e-05
5.03586e-05
5.09256e-05
1.05446e-05
1.18833e-05
1.23701e-05
0.000228411
0.000253799
0.000265034
0.000189475
0.0002211
0.000240832
0.000144956
0.00018298
0.000209608
0.000101804
0.000138373
0.000165402
7.12885e-05
9.41338e-05
0.000114813
6.0541e-05
6.51425e-05
7.46946e-05
6.23829e-05
6.07706e-05
6.13096e-05
6.03251e-05
6.09366e-05
6.08687e-05
4.82729e-05
5.09525e-05
5.18382e-05
1.07008e-05
1.20455e-05
1.25037e-05
0.000222443
0.000245282
0.000255799
0.00018547
0.000214834
0.000233832
0.000143336
0.000179085
0.000205295
0.000102754
0.000137672
0.000164626
7.43323e-05
9.70853e-05
0.000118164
6.40425e-05
7.03528e-05
8.10699e-05
6.44284e-05
6.45179e-05
6.66149e-05
6.10395e-05
6.25637e-05
6.33094e-05
4.83096e-05
5.13307e-05
5.25452e-05
1.08359e-05
1.21975e-05
1.26413e-05
0.000217051
0.00023759
0.000247445
0.000182003
0.00020933
0.000227594
0.000142203
0.000175887
0.000201622
0.000104074
0.000137442
0.000164332
7.74031e-05
0.000100148
0.000121702
6.72134e-05
7.52687e-05
8.7181e-05
6.61762e-05
6.79527e-05
7.16249e-05
6.15253e-05
6.39393e-05
6.55559e-05
4.82215e-05
5.15328e-05
5.30785e-05
1.09494e-05
1.23351e-05
1.27763e-05
0.000212213
0.000230685
0.000239925
0.000179063
0.000204533
0.000222084
0.000141533
0.000173319
0.000198556
0.000105704
0.000137632
0.000164465
8.04769e-05
0.000103274
0.000125346
7.00992e-05
7.98869e-05
9.29912e-05
6.76676e-05
7.11029e-05
7.63316e-05
6.18313e-05
6.51045e-05
6.76275e-05
4.80477e-05
5.16021e-05
5.34756e-05
1.10426e-05
1.24562e-05
1.29049e-05
0.000207905
0.000224525
0.000233191
0.000176621
0.00020039
0.000217257
0.000141274
0.000171325
0.000196049
0.000107552
0.000138224
0.000164958
8.35328e-05
0.000106413
0.000129022
7.27623e-05
8.41848e-05
9.84878e-05
6.89423e-05
7.40003e-05
8.07373e-05
6.20008e-05
6.61011e-05
6.95446e-05
4.78203e-05
5.15794e-05
5.37731e-05
1.11179e-05
1.2561e-05
1.30248e-05
0.0002041
0.000219065
0.000227194
0.000174639
0.000196851
0.000213064
0.000141372
0.000169845
0.000194044
0.000109559
0.000139158
0.000165738
8.65399e-05
0.000109541
0.000132669
7.52482e-05
8.81612e-05
0.000103666
7.00446e-05
7.66668e-05
8.48507e-05
6.20711e-05
6.69688e-05
7.13239e-05
4.75644e-05
5.1499e-05
5.40029e-05
1.11782e-05
1.2651e-05
1.31353e-05
0.000200769
0.000214255
0.000221884
0.000173076
0.000193864
0.000209453
0.000141776
0.00016882
0.000192482
0.000111687
0.000140373
0.000166728
8.94774e-05
0.000112641
0.000136229
7.75786e-05
9.18465e-05
0.000108519
7.10147e-05
7.91204e-05
8.86833e-05
6.20735e-05
6.7736e-05
7.29843e-05
4.72985e-05
5.13875e-05
5.41909e-05
1.12263e-05
1.2728e-05
1.32365e-05
0.000197879
0.000210047
0.000217207
0.00017189
0.000191376
0.00020637
0.000142435
0.000168189
0.000191306
0.000113897
0.000141803
0.000167881
9.23243e-05
0.0001157
0.000139666
7.97715e-05
9.52706e-05
0.000113047
7.18944e-05
8.1369e-05
9.22478e-05
6.20336e-05
6.84175e-05
7.45479e-05
4.70355e-05
5.12631e-05
5.43576e-05
1.12648e-05
1.27942e-05
1.3329e-05
0.000195398
0.000206392
0.000213111
0.000171038
0.000189337
0.000203762
0.000143303
0.000167896
0.000190464
0.000116153
0.000143395
0.000169156
9.50622e-05
0.000118708
0.000142959
8.1827e-05
9.84785e-05
0.000117249
7.27024e-05
8.34398e-05
9.55526e-05
6.197e-05
6.9037e-05
7.60194e-05
4.6783e-05
5.1139e-05
5.45167e-05
1.12963e-05
1.28516e-05
1.34136e-05
0.000193293
0.000203241
0.000209547
0.000170482
0.0001877
0.000201582
0.00014434
0.000167891
0.000189912
0.000118425
0.000145105
0.000170517
9.76922e-05
0.000121638
0.000146096
8.37592e-05
0.000101486
0.000121139
7.34494e-05
8.53523e-05
9.86146e-05
6.18951e-05
6.961e-05
7.74048e-05
4.65459e-05
5.10239e-05
5.4677e-05
1.13222e-05
1.2902e-05
1.34913e-05
0.00019153
0.000200549
0.000206466
0.000170182
0.000186419
0.000199782
0.000145511
0.000168129
0.000189606
0.000120691
0.000146893
0.000171935
0.000100215
0.000124475
0.000149069
8.55793e-05
0.000104306
0.000124731
7.41387e-05
8.71304e-05
0.000101447
6.18157e-05
7.01477e-05
7.87096e-05
4.63254e-05
5.09226e-05
5.48432e-05
1.13444e-05
1.29469e-05
1.35629e-05
0.000190075
0.000198274
0.000203824
0.000170106
0.000185455
0.00019832
0.000146784
0.000168573
0.000189508
0.000122933
0.00014873
0.000173386
0.000102629
0.000127207
0.000151876
8.72894e-05
0.000106957
0.000128042
7.47771e-05
8.87928e-05
0.000104056
6.17349e-05
7.0659e-05
7.99374e-05
4.61214e-05
5.08376e-05
5.50173e-05
1.13638e-05
1.29876e-05
1.36292e-05
0.000188888
0.000196385
0.000201577
0.000170221
0.000184772
0.000197157
0.000148136
0.000169196
0.000189577
0.000125137
0.000150592
0.000174849
0.000104935
0.000129829
0.000154516
8.88942e-05
0.000109452
0.000131087
7.53722e-05
9.03481e-05
0.000106455
6.1658e-05
7.11449e-05
8.10908e-05
4.59332e-05
5.07693e-05
5.51988e-05
1.13813e-05
1.30249e-05
1.36909e-05
0.000187952
0.000194835
0.000199687
0.0001705
0.000184337
0.000196257
0.000149543
0.000169963
0.00018979
0.000127291
0.000152457
0.000176308
0.000107133
0.000132335
0.000156992
9.04034e-05
0.000111795
0.000133882
7.59299e-05
9.18027e-05
0.000108654
6.15875e-05
7.16073e-05
8.217e-05
4.57594e-05
5.07174e-05
5.53851e-05
1.13975e-05
1.30596e-05
1.37485e-05
0.000187246
0.000193588
0.000198119
0.000170921
0.000184117
0.000195592
0.000150988
0.000170844
0.000190127
0.000129388
0.00015431
0.000177749
0.000109225
0.000134723
0.000159306
9.18247e-05
0.000113989
0.00013644
7.6454e-05
9.31619e-05
0.000110664
6.1521e-05
7.20497e-05
8.31749e-05
4.55981e-05
5.06801e-05
5.55738e-05
1.14127e-05
1.30923e-05
1.38025e-05
0.000186748
0.000192609
0.000196839
0.000171463
0.000184084
0.000195133
0.000152456
0.000171814
0.000190567
0.000131422
0.000156136
0.000179164
0.000111214
0.000136991
0.000161464
9.31642e-05
0.000116041
0.000138778
7.69474e-05
9.443e-05
0.000112496
6.14584e-05
7.24719e-05
8.41057e-05
4.54473e-05
5.0655e-05
5.57622e-05
1.14272e-05
1.31232e-05
1.38532e-05
0.000186437
0.000191869
0.000195819
0.000172107
0.000184213
0.000194857
0.000153935
0.000172851
0.000191092
0.000133387
0.000157923
0.000180543
0.000113102
0.000139137
0.000163469
9.44269e-05
0.000117954
0.000140908
7.7412e-05
9.561e-05
0.000114159
6.1399e-05
7.28725e-05
8.49627e-05
4.53052e-05
5.0639e-05
5.59478e-05
1.14411e-05
1.31527e-05
1.3901e-05
0.000186294
0.000191343
0.000195032
0.000172838
0.000184481
0.000194742
0.000155414
0.000173938
0.000191688
0.000135283
0.000159663
0.00018188
0.000114893
0.000141163
0.000165329
9.5617e-05
0.000119733
0.000142844
7.78491e-05
9.67048e-05
0.000115662
6.13417e-05
7.32499e-05
8.57466e-05
4.51702e-05
5.06286e-05
5.61282e-05
1.14546e-05
1.31809e-05
1.3946e-05
0.000186301
0.000191006
0.000194455
0.000173642
0.000184869
0.000194767
0.000156884
0.00017506
0.00019234
0.000137106
0.000161349
0.00018317
0.000116591
0.000143069
0.000167049
9.6738e-05
0.000121383
0.000144598
7.82596e-05
9.77167e-05
0.000117017
6.12851e-05
7.36023e-05
8.64583e-05
4.50407e-05
5.0622e-05
5.62997e-05
1.14677e-05
1.32078e-05
1.39885e-05
0.00018644
0.000190839
0.000194065
0.000174504
0.000185359
0.000194916
0.00015834
0.000176203
0.000193036
0.000138857
0.000162974
0.000184408
0.000118198
0.000144857
0.000168635
9.7793e-05
0.000122911
0.000146184
7.86439e-05
9.86483e-05
0.000118231
6.12278e-05
7.39282e-05
8.70989e-05
4.49153e-05
5.06173e-05
5.64589e-05
1.14804e-05
1.32335e-05
1.40285e-05
0.000186698
0.000190822
0.000193843
0.000175416
0.000185936
0.000195172
0.000159775
0.000177357
0.000193765
0.000140536
0.000164536
0.000185594
0.000119717
0.000146532
0.000170095
9.87847e-05
0.00012432
0.000147612
7.90019e-05
9.9502e-05
0.000119313
6.11681e-05
7.42264e-05
8.76696e-05
4.47928e-05
5.06128e-05
5.66029e-05
1.14927e-05
1.32581e-05
1.40661e-05
0.000187059
0.000190939
0.000193772
0.000176367
0.000186585
0.000195521
0.000161185
0.000178512
0.000194517
0.000142143
0.000166031
0.000186724
0.000121153
0.000148095
0.000171434
9.97153e-05
0.000125616
0.000148894
7.93332e-05
0.000100281
0.000120272
6.11046e-05
7.44957e-05
8.81724e-05
4.46717e-05
5.06067e-05
5.67295e-05
1.15045e-05
1.32817e-05
1.41013e-05
0.000187512
0.000191175
0.000193836
0.000177349
0.000187295
0.000195951
0.000162566
0.00017966
0.000195285
0.000143679
0.000167458
0.000187797
0.000122508
0.000149551
0.00017266
0.000100587
0.000126806
0.00015004
7.96365e-05
0.000100989
0.000121117
6.10356e-05
7.47355e-05
8.86093e-05
4.4551e-05
5.05973e-05
5.68368e-05
1.1516e-05
1.33041e-05
1.41342e-05
0.000188046
0.000191515
0.00019402
0.000178354
0.000188055
0.000196449
0.000163916
0.000180796
0.000196062
0.000145147
0.000168816
0.000188815
0.000123787
0.000150905
0.000173778
0.000101401
0.000127895
0.00015106
7.99102e-05
0.000101631
0.000121854
6.09594e-05
7.49454e-05
8.89823e-05
4.44294e-05
5.05827e-05
5.69241e-05
1.15271e-05
1.33255e-05
1.41648e-05
0.00018865
0.000191948
0.000194311
0.000179376
0.000188855
0.000197005
0.000165233
0.000181915
0.000196841
0.000146547
0.000170105
0.000189776
0.000124992
0.000152161
0.000174796
0.000102161
0.000128889
0.000151964
8.01557e-05
0.000102208
0.000122492
6.08749e-05
7.51254e-05
8.92936e-05
4.43059e-05
5.0561e-05
5.69906e-05
1.15377e-05
1.33458e-05
1.41932e-05
0.000189316
0.000192462
0.000194697
0.000180409
0.000189686
0.00019761
0.000166515
0.000183011
0.000197617
0.000147883
0.000171327
0.000190681
0.000126128
0.000153323
0.00017572
0.000102869
0.000129793
0.000152762
8.03742e-05
0.000102721
0.000123038
6.07809e-05
7.52743e-05
8.95468e-05
4.41795e-05
5.05308e-05
5.70359e-05
1.15478e-05
1.3365e-05
1.42194e-05
0.000190035
0.000193048
0.000195167
0.000181449
0.000190543
0.000198256
0.000167762
0.000184082
0.000198386
0.000149157
0.000172481
0.000191533
0.000127199
0.000154394
0.000176557
0.000103528
0.000130611
0.00015346
8.05664e-05
0.000103173
0.000123498
6.06767e-05
7.53914e-05
8.97454e-05
4.40492e-05
5.04906e-05
5.70601e-05
1.15575e-05
1.3383e-05
1.42436e-05
0.000190799
0.000193696
0.000195711
0.000182492
0.000191417
0.000198935
0.000168972
0.000185125
0.000199146
0.000150372
0.00017357
0.000192333
0.000128211
0.00015538
0.000177312
0.000104141
0.000131348
0.000154069
8.07332e-05
0.000103566
0.000123881
6.05613e-05
7.54766e-05
8.98927e-05
4.39143e-05
5.04392e-05
5.70633e-05
1.15667e-05
1.33999e-05
1.42657e-05
0.000191601
0.0001944
0.000196321
0.000183534
0.000192305
0.000199641
0.000170147
0.000186138
0.000199892
0.000151531
0.000174597
0.000193082
0.000129166
0.000156284
0.000177991
0.00010471
0.00013201
0.000154595
8.08754e-05
0.000103903
0.000124191
6.04342e-05
7.55298e-05
8.99922e-05
4.3774e-05
5.03752e-05
5.70457e-05
1.15753e-05
1.34157e-05
1.42859e-05
0.000192433
0.000195155
0.000196989
0.000184571
0.000193202
0.000200368
0.000171287
0.000187122
0.000200624
0.000152636
0.000175563
0.000193784
0.000130067
0.000157114
0.000178602
0.000105239
0.000132602
0.000155045
8.0994e-05
0.000104187
0.000124437
6.02949e-05
7.55516e-05
9.00469e-05
4.36275e-05
5.0298e-05
5.70077e-05
1.15835e-05
1.34303e-05
1.43043e-05
0.00019329
0.000195952
0.000197707
0.000185601
0.000194103
0.000201112
0.00017239
0.000188075
0.000201339
0.00015369
0.000176472
0.00019444
0.000130917
0.000157875
0.000179148
0.000105728
0.000133128
0.000155428
8.10897e-05
0.000104421
0.000124622
6.01428e-05
7.55427e-05
9.00599e-05
4.34737e-05
5.02071e-05
5.69499e-05
1.15912e-05
1.34439e-05
1.43209e-05
0.00019417
0.000196786
0.00019847
0.000186623
0.000195006
0.000201868
0.00017346
0.000188997
0.000202038
0.000154696
0.000177328
0.000195053
0.000131719
0.000158573
0.000179636
0.000106182
0.000133594
0.000155748
8.11638e-05
0.000104609
0.000124754
5.99778e-05
7.55042e-05
9.00343e-05
4.3312e-05
5.0102e-05
5.68728e-05
1.15984e-05
1.34563e-05
1.43358e-05
0.000195067
0.000197651
0.00019927
0.000187634
0.000195907
0.000202634
0.000174496
0.000189889
0.000202718
0.000155655
0.000178134
0.000195627
0.000132475
0.000159213
0.000180072
0.000106602
0.000134006
0.000156013
8.12173e-05
0.000104753
0.000124836
5.97997e-05
7.54374e-05
8.9973e-05
4.31414e-05
4.99825e-05
5.67769e-05
1.1605e-05
1.34677e-05
1.43492e-05
0.000195979
0.000198542
0.000200104
0.000188634
0.000196806
0.000203406
0.000175499
0.000190752
0.000203381
0.000156572
0.000178893
0.000196164
0.00013319
0.0001598
0.000180459
0.000106992
0.000134368
0.000156229
8.12516e-05
0.000104859
0.000124874
5.96084e-05
7.53436e-05
8.98788e-05
4.29612e-05
4.98484e-05
5.6663e-05
1.16112e-05
1.3478e-05
1.43611e-05
0.000196904
0.000199454
0.000200967
0.000189621
0.000197699
0.000204181
0.000176472
0.000191587
0.000204027
0.000157449
0.000179609
0.000196667
0.000133866
0.000160339
0.000180804
0.000107354
0.000134685
0.0001564
8.12682e-05
0.000104928
0.000124873
5.94041e-05
7.52244e-05
8.97545e-05
4.27709e-05
4.96995e-05
5.65315e-05
1.16168e-05
1.34873e-05
1.43716e-05
0.000197839
0.000200385
0.000201854
0.000190595
0.000198586
0.000204959
0.000177414
0.000192395
0.000204656
0.00015829
0.000180286
0.000197139
0.000134507
0.000160834
0.00018111
0.00010769
0.000134962
0.000156531
8.12688e-05
0.000104964
0.000124837
5.91871e-05
7.50814e-05
8.96027e-05
4.25697e-05
4.95359e-05
5.63833e-05
1.16219e-05
1.34957e-05
1.43809e-05
0.000198781
0.00020133
0.000202762
0.000191556
0.000199466
0.000205737
0.000178329
0.000193178
0.000205269
0.000159096
0.000180926
0.000197583
0.000135117
0.000161291
0.000181383
0.000108005
0.000135202
0.000156629
8.12551e-05
0.000104972
0.00012477
5.89579e-05
7.49165e-05
8.94261e-05
4.23571e-05
4.93576e-05
5.62189e-05
1.16265e-05
1.35032e-05
1.43889e-05
0.000199729
0.000202288
0.000203688
0.000192505
0.000200339
0.000206514
0.000179218
0.000193938
0.000205867
0.000159872
0.000181532
0.000198002
0.000135698
0.000161713
0.000181625
0.0001083
0.000135412
0.000156697
8.12291e-05
0.000104955
0.000124676
5.87172e-05
7.47313e-05
8.92271e-05
4.21326e-05
4.91647e-05
5.60389e-05
1.16307e-05
1.35099e-05
1.43958e-05
0.000200682
0.000203256
0.000204629
0.00019344
0.000201204
0.00020729
0.000180081
0.000194676
0.000206452
0.000160619
0.000182109
0.0001984
0.000136253
0.000162106
0.000181843
0.000108579
0.000135595
0.00015674
8.11932e-05
0.000104915
0.00012456
5.84657e-05
7.45279e-05
8.90082e-05
4.18956e-05
4.89573e-05
5.58441e-05
1.16343e-05
1.35157e-05
1.44017e-05
0.000201639
0.000204233
0.000205583
0.000194363
0.000202061
0.000208064
0.00018092
0.000195395
0.000207024
0.000161338
0.000182661
0.000198778
0.000136785
0.000162472
0.000182039
0.000108846
0.000135754
0.000156763
8.11499e-05
0.000104858
0.000124425
5.82046e-05
7.43082e-05
8.87718e-05
4.16458e-05
4.87357e-05
5.56349e-05
1.16376e-05
1.35209e-05
1.44066e-05
0.000202598
0.000205216
0.000206549
0.000195273
0.000202912
0.000208836
0.000181737
0.000196096
0.000207586
0.00016203
0.00018319
0.000199141
0.000137296
0.000162816
0.000182218
0.000109106
0.000135894
0.000156768
8.11026e-05
0.000104785
0.000124274
5.79351e-05
7.40742e-05
8.85202e-05
4.13827e-05
4.85002e-05
5.54121e-05
1.16405e-05
1.35253e-05
1.44107e-05
0.000203558
0.000206205
0.000207525
0.000196171
0.000203755
0.000209606
0.000182529
0.000196782
0.000208138
0.000162693
0.000183701
0.00019949
0.000137785
0.000163142
0.000182382
0.000109365
0.00013602
0.000156761
8.10551e-05
0.000104702
0.000124111
5.76587e-05
7.38281e-05
8.82559e-05
4.1106e-05
4.82511e-05
5.51763e-05
1.1643e-05
1.35292e-05
1.44141e-05
0.000204521
0.0002072
0.00020851
0.000197056
0.000204593
0.000210375
0.000183298
0.000197456
0.000208683
0.000163314
0.000184195
0.000199829
0.000138255
0.000163455
0.000182536
0.000109639
0.000136136
0.000156744
8.10117e-05
0.00010461
0.00012394
5.73768e-05
7.3572e-05
8.79812e-05
4.08152e-05
4.79889e-05
5.49282e-05
1.16452e-05
1.35326e-05
1.44167e-05
0.000205485
0.0002082
0.000209503
0.000197932
0.000205425
0.000211144
0.000184043
0.000198118
0.000209223
0.000163892
0.000184677
0.000200161
0.000138713
0.000163758
0.000182684
0.000109938
0.000136248
0.000156723
8.09749e-05
0.000104515
0.000123764
5.70908e-05
7.33082e-05
8.76984e-05
4.05102e-05
4.77141e-05
5.46684e-05
1.16472e-05
1.35355e-05
1.44187e-05
0.000206452
0.000209205
0.000210504
0.0001988
0.000206256
0.000211913
0.000184775
0.000198773
0.00020976
0.000164455
0.000185151
0.00020049
0.000139173
0.000164057
0.000182829
0.000110247
0.000136357
0.0001567
8.09439e-05
0.000104419
0.000123586
5.68018e-05
7.30392e-05
8.74102e-05
4.01907e-05
4.74275e-05
5.43978e-05
1.16489e-05
1.3538e-05
1.44202e-05
0.000207425
0.000210218
0.000211515
0.000199667
0.000207086
0.000212685
0.000185503
0.000199424
0.000210297
0.000165027
0.000185623
0.000200818
0.000139672
0.000164357
0.000182976
0.000110538
0.00013647
0.00015668
8.09163e-05
0.000104326
0.000123411
5.65115e-05
7.27675e-05
8.71192e-05
3.98571e-05
4.71297e-05
5.41173e-05
1.16506e-05
1.35402e-05
1.44212e-05
0.000208406
0.00021124
0.000212537
0.000200538
0.000207921
0.000213463
0.000186237
0.000200077
0.000210839
0.000165623
0.000186098
0.000201151
0.000140248
0.000164663
0.000183128
0.000110787
0.00013659
0.000156668
8.08934e-05
0.000104241
0.000123242
5.62223e-05
7.24962e-05
8.68283e-05
3.95103e-05
4.68216e-05
5.38281e-05
1.16522e-05
1.35423e-05
1.44219e-05
0.000209401
0.000212276
0.000213572
0.000201419
0.000208765
0.00021425
0.000186983
0.000200738
0.000211389
0.000166237
0.000186582
0.000201493
0.000140854
0.000164982
0.000183292
0.000111042
0.000136724
0.000156668
8.08846e-05
0.000104169
0.000123084
5.59386e-05
7.22284e-05
8.6541e-05
3.91517e-05
4.65045e-05
5.35314e-05
1.16539e-05
1.35442e-05
1.44224e-05
0.000210416
0.000213333
0.000214625
0.00020232
0.000209626
0.000215053
0.00018775
0.000201414
0.000211953
0.00016687
0.000187083
0.000201852
0.000141453
0.000165319
0.000183473
0.000111345
0.000136877
0.000156687
8.09013e-05
0.000104114
0.000122942
5.56654e-05
7.19684e-05
8.62611e-05
3.87835e-05
4.61801e-05
5.32292e-05
1.16558e-05
1.35462e-05
1.44227e-05
0.000211463
0.000214418
0.000215703
0.000203253
0.000210513
0.00021588
0.000188549
0.000202116
0.000212542
0.000167531
0.000187611
0.000202235
0.000142065
0.000165684
0.000183681
0.000111697
0.000137059
0.000156733
8.09525e-05
0.000104087
0.000122823
5.54085e-05
7.17219e-05
8.59935e-05
3.84085e-05
4.58512e-05
5.29236e-05
1.16582e-05
1.35483e-05
1.44231e-05
0.000212555
0.000215547
0.000216817
0.000204236
0.000211442
0.000216741
0.000189399
0.000202858
0.000213166
0.00016824
0.000188181
0.000202655
0.000142713
0.000166089
0.000183927
0.0001121
0.000137278
0.000156814
8.10489e-05
0.000104095
0.000122735
5.51755e-05
7.14954e-05
8.57442e-05
3.80309e-05
4.5521e-05
5.26179e-05
1.16611e-05
1.35507e-05
1.44235e-05
0.000213718
0.000216739
0.000217982
0.000205297
0.000212435
0.000217655
0.000190331
0.000203661
0.000213843
0.000169024
0.000188811
0.000203128
0.000143423
0.000166552
0.000184224
0.000112564
0.000137553
0.000156944
8.12027e-05
0.00010415
0.000122688
5.49748e-05
7.12965e-05
8.55205e-05
3.76561e-05
4.51941e-05
5.23161e-05
1.16648e-05
1.35537e-05
1.44243e-05
0.000214985
0.000218024
0.000219221
0.000206475
0.00021352
0.000218646
0.000191388
0.000204555
0.000214595
0.00016993
0.00018953
0.000203677
0.000144217
0.000167096
0.000184594
0.000113102
0.0001379
0.000157141
8.14306e-05
0.00010427
0.000122695
5.48168e-05
7.11361e-05
8.53322e-05
3.72909e-05
4.48765e-05
5.20233e-05
1.16696e-05
1.35573e-05
1.44257e-05
0.000216409
0.000219445
0.000220567
0.00020783
0.000214744
0.000219749
0.000192633
0.000205581
0.000215458
0.000171049
0.000190377
0.000204332
0.000145102
0.000167751
0.000185063
0.000113749
0.000138371
0.000157426
8.17435e-05
0.000104455
0.000122775
5.47149e-05
7.10266e-05
8.51915e-05
3.69445e-05
4.45759e-05
5.17467e-05
1.16757e-05
1.3562e-05
1.44278e-05
0.000218075
0.000221052
0.000222066
0.000209442
0.000216164
0.000221011
0.000194143
0.000206797
0.000216477
0.000172421
0.000191401
0.000205136
0.000146157
0.000168551
0.00018567
0.000114571
0.000138986
0.000157831
8.21459e-05
0.000104753
0.00012295
5.46861e-05
7.09859e-05
8.51141e-05
3.66281e-05
4.4302e-05
5.14948e-05
1.16835e-05
1.35679e-05
1.4431e-05
0.000220123
0.000222893
0.000223782
0.000211421
0.000217862
0.000222501
0.000196013
0.000208281
0.000217716
0.00017412
0.000192676
0.000206147
0.000147457
0.000169561
0.000186462
0.000115579
0.000139787
0.000158395
8.27064e-05
0.000105192
0.00012325
5.47548e-05
7.10352e-05
8.51198e-05
3.63556e-05
4.40671e-05
5.12788e-05
1.16933e-05
1.35755e-05
1.44358e-05
0.000222686
0.000225091
0.000225808
0.000213907
0.000219953
0.000224312
0.000198374
0.00021014
0.000219261
0.000176253
0.000194296
0.000207442
0.000149097
0.000170867
0.000187506
0.000116846
0.000140829
0.00015917
8.34658e-05
0.000105809
0.000123711
5.49497e-05
7.12004e-05
8.52334e-05
3.61433e-05
4.38856e-05
5.11121e-05
1.17054e-05
1.35852e-05
1.44426e-05
0.000225945
0.000227804
0.000228268
0.000217082
0.000222589
0.000226569
0.000201391
0.000212512
0.000221227
0.000178964
0.000196382
0.000209122
0.000151199
0.000172579
0.000188887
0.000118465
0.000142181
0.000160221
8.44788e-05
0.000106653
0.000124383
5.53049e-05
7.15132e-05
8.54851e-05
3.60097e-05
4.3775e-05
5.1011e-05
1.17204e-05
1.35975e-05
1.44519e-05
0.000230137
0.00023125
0.00023132
0.000221172
0.00022597
0.000229432
0.000205267
0.000215575
0.000223761
0.000182419
0.000199089
0.000211314
0.000153914
0.000174865
0.000190711
0.000120542
0.000143897
0.00016163
8.58132e-05
0.000107782
0.000125321
5.58601e-05
7.20114e-05
8.59113e-05
3.59754e-05
4.37551e-05
5.09944e-05
1.17385e-05
1.36128e-05
1.44644e-05
0.000235557
0.000235738
0.000235135
0.000226454
0.000230348
0.000233104
0.000210239
0.000219547
0.000227045
0.000186791
0.000202599
0.000214176
0.000157427
0.000177848
0.000193105
0.000123201
0.000146104
0.000163494
8.75473e-05
0.000109272
0.000126594
5.666e-05
7.27394e-05
8.65545e-05
3.60619e-05
4.38478e-05
5.10836e-05
1.17601e-05
1.36319e-05
1.44808e-05
0.000242554
0.000241628
0.000239942
0.000233245
0.000236019
0.000237831
0.000216575
0.000224687
0.000231298
0.000192316
0.000207115
0.000217893
0.000161897
0.000181648
0.000196218
0.00012657
0.00014896
0.000165926
8.97649e-05
0.00011121
0.000128281
5.77518e-05
7.37463e-05
8.74618e-05
3.62908e-05
4.40761e-05
5.13014e-05
1.17859e-05
1.36554e-05
1.4502e-05
0.000251489
0.0002492
0.000246159
0.000241878
0.000243299
0.00024391
0.000224542
0.000231289
0.000236765
0.00019922
0.000212859
0.000222675
0.000167486
0.000186429
0.000200214
0.000130773
0.0001526
0.000169049
9.25485e-05
0.000113683
0.000130463
5.9182e-05
7.50822e-05
8.8683e-05
3.66821e-05
4.4463e-05
5.16714e-05
1.18161e-05
1.3684e-05
1.4529e-05
0.000262714
0.000258848
0.000254176
0.000252682
0.000252496
0.000251656
0.000234353
0.000239658
0.000243706
0.000207689
0.000220047
0.000228739
0.000174336
0.000192357
0.000205262
0.000135917
0.000157123
0.000172984
9.59684e-05
0.000116771
0.000133225
6.09905e-05
7.67938e-05
9.02672e-05
3.72521e-05
4.50287e-05
5.22157e-05
1.18514e-05
1.37186e-05
1.45627e-05
0.000276499
0.00027095
0.000264401
0.000265968
0.000263818
0.000261369
0.000246176
0.000249989
0.000252392
0.000217835
0.000228846
0.000236291
0.000182531
0.000199556
0.000211514
0.000142063
0.000162614
0.000177842
0.000100069
0.000120535
0.000136639
6.32046e-05
7.89183e-05
9.22569e-05
3.80113e-05
4.57894e-05
5.29531e-05
1.18922e-05
1.37599e-05
1.46042e-05
0.000292918
0.000285821
0.000277217
0.00028157
0.000277716
0.000273248
0.000260011
0.000262393
0.000263046
0.000229639
0.000239342
0.000245489
0.000192047
0.000208093
0.000219083
0.000149198
0.000169118
0.000183699
0.000104852
0.000125007
0.000140756
6.58314e-05
8.14755e-05
9.46824e-05
3.89622e-05
4.67538e-05
5.38966e-05
1.19389e-05
1.38086e-05
1.46545e-05
0.000311844
0.00030358
0.00029293
0.000299308
0.000294217
0.000287483
0.000275672
0.000276811
0.000275814
0.000242931
0.000251495
0.000256407
0.000202744
0.000217939
0.00022801
0.00015723
0.000176611
0.000190579
0.000110268
0.000130176
0.000145592
6.885e-05
8.44631e-05
9.75537e-05
4.00965e-05
4.79211e-05
5.50503e-05
1.19918e-05
1.38656e-05
1.47145e-05
0.000332918
0.000324072
0.000311676
0.000318784
0.000313004
0.000304213
0.000292787
0.000293051
0.000290646
0.000257392
0.00026512
0.000268989
0.000214366
0.000228957
0.000238238
0.000165977
0.000184991
0.000198436
0.000116209
0.000135976
0.000151115
7.22085e-05
8.78499e-05
0.000100854
4.13946e-05
4.9279e-05
5.64074e-05
1.20511e-05
1.3931e-05
1.47848e-05
0.000355573
0.000346867
0.000333325
0.000339422
0.000333533
0.000323363
0.000310828
0.000310722
0.000307321
0.00027258
0.000279868
0.00028303
0.000226558
0.000240908
0.000249595
0.000175184
0.000194069
0.00020714
0.000122517
0.00014229
0.00015724
7.58258e-05
9.15734e-05
0.000104538
4.28253e-05
5.08028e-05
5.79487e-05
1.21163e-05
1.40049e-05
1.48655e-05
0.000379085
0.000371306
0.000357417
0.00036054
0.000355212
0.000344467
0.000329162
0.000329302
0.000325428
0.000287999
0.000295377
0.000298179
0.000238904
0.000253366
0.000261799
0.00018455
0.000203578
0.00021648
0.000128997
0.000148946
0.000163828
7.95976e-05
9.55419e-05
0.000108526
4.43481e-05
5.24558e-05
5.96423e-05
1.21867e-05
1.40867e-05
1.49562e-05
0.000402665
0.000396562
0.000383189
0.000381447
0.000377329
0.000366836
0.000347316
0.000348165
0.000344398
0.00030299
0.000311099
0.000313966
0.000250978
0.000265954
0.000274479
0.000193766
0.000213223
0.000226184
0.000135441
0.000155747
0.000170695
8.34076e-05
9.96429e-05
0.000112714
4.59164e-05
5.41922e-05
6.1445e-05
1.2261e-05
1.41753e-05
1.50557e-05
0.000425536
0.000421736
0.000409685
0.000401453
0.000399127
0.00038965
0.000364548
0.000366669
0.000363571
0.000317227
0.000326476
0.000329858
0.000262429
0.000278301
0.000287222
0.000202554
0.000222704
0.000235946
0.000141655
0.000162482
0.000177634
8.71402e-05
0.000103754
0.000116982
4.74819e-05
5.59608e-05
6.33061e-05
1.23375e-05
1.42687e-05
1.51621e-05
0.000447031
0.000445973
0.000435886
0.000420012
0.000419915
0.000412071
0.000380412
0.000384255
0.000382295
0.000330314
0.00034106
0.00034533
0.000272968
0.00029003
0.00029962
0.000210691
0.000231744
0.000245462
0.000147474
0.000168956
0.000184435
9.06925e-05
0.000107757
0.000121203
4.89998e-05
5.77094e-05
6.51718e-05
1.24144e-05
1.43648e-05
1.5273e-05
0.000466642
0.000468547
0.000460855
0.000436738
0.000439124
0.000433341
0.000394534
0.000400515
0.000400007
0.000341995
0.000354493
0.000359922
0.0002824
0.000300847
0.00031131
0.000218022
0.000240117
0.000254461
0.000152776
0.000175006
0.000190906
9.39825e-05
0.000111545
0.000125261
5.04315e-05
5.9391e-05
6.69899e-05
1.24895e-05
1.4461e-05
1.53855e-05
0.000484056
0.000488921
0.000483829
0.000451448
0.000456335
0.000452849
0.000406843
0.000415035
0.000416273
0.000352166
0.000366517
0.000373275
0.000290632
0.00031055
0.000322013
0.000224461
0.000247666
0.000262728
0.000157489
0.000180509
0.000196893
9.69536e-05
0.000115037
0.000129057
5.17474e-05
6.09661e-05
6.87145e-05
1.25612e-05
1.45549e-05
1.54966e-05
0.000499139
0.000506774
0.000504276
0.000464121
0.000471308
0.000470143
0.000417362
0.000427647
0.000430728
0.00036083
0.000377012
0.00038514
0.000297653
0.000319038
0.000331541
0.000229988
0.000254301
0.00027012
0.000161581
0.000185391
0.000202288
9.9575e-05
0.000118178
0.000132516
5.29285e-05
6.24055e-05
7.03094e-05
1.26278e-05
1.46441e-05
1.56035e-05
0.000511902
0.000521988
0.000521909
0.000474892
0.000483951
0.000484925
0.000426204
0.00043828
0.000443186
0.000368057
0.000385992
0.000395396
0.000303508
0.000326289
0.000339801
0.000234628
0.000259996
0.000276561
0.000165059
0.000189622
0.000207029
0.000101838
0.000120938
0.000135593
5.39655e-05
6.36909e-05
7.17496e-05
1.26882e-05
1.47269e-05
1.57037e-05
0.000522428
0.000534623
0.000536691
0.00048367
0.000494433
0.000497203
0.000433556
0.000447014
0.000453639
0.000373946
0.00039352
0.000404035
0.00030828
0.000332332
0.000346786
0.00023844
0.000264771
0.000282042
0.000167953
0.000193208
0.0002111
0.000103753
0.000123312
0.000138269
5.48575e-05
6.48143e-05
7.30212e-05
1.27419e-05
1.48019e-05
1.57956e-05
0.000530943
0.000544859
0.000548778
0.000490963
0.000502906
0.000507249
0.000439205
0.000454225
0.000462214
0.000378574
0.000399484
0.000411135
0.000312071
0.000337224
0.000352554
0.000241503
0.000268681
0.0002866
0.000170315
0.000196183
0.000214521
0.000105343
0.000125312
0.000140548
5.56103e-05
6.57766e-05
7.41209e-05
1.27885e-05
1.48683e-05
1.58778e-05
0.000537621
0.000552937
0.000558412
0.000496716
0.000509596
0.000515282
0.000443494
0.000460015
0.00046909
0.000382124
0.000404112
0.000416836
0.000315012
0.000341094
0.00035721
0.000243914
0.000271817
0.000290309
0.000172206
0.000198603
0.000217335
0.000106639
0.000126965
0.000142449
5.62342e-05
6.65854e-05
7.50533e-05
1.28282e-05
1.49259e-05
1.59499e-05
0.000542664
0.000559132
0.000565883
0.000500943
0.000514775
0.000521546
0.00044673
0.000464473
0.000474471
0.000384788
0.000407689
0.000421311
0.00031724
0.000344101
0.000360887
0.000245769
0.000274281
0.000293263
0.00017369
0.000200533
0.000219605
0.000107677
0.000128307
0.000144006
5.67424e-05
6.72532e-05
7.58294e-05
1.28614e-05
1.4975e-05
1.60118e-05
0.000546353
0.000563714
0.000571488
0.000503938
0.000518649
0.000526297
0.000449078
0.000467763
0.000478573
0.000386727
0.00041042
0.000424739
0.000318882
0.000346391
0.000363723
0.000247164
0.000276177
0.000295567
0.000174833
0.000202044
0.000221399
0.000108494
0.000129377
0.000145257
5.71492e-05
6.77951e-05
7.64638e-05
1.28886e-05
1.50159e-05
1.60639e-05
0.000549003
0.000566939
0.000575505
0.000506003
0.000521386
0.000529813
0.000450698
0.00047012
0.000481612
0.000388079
0.000412421
0.000427292
0.00032005
0.000348086
0.000365856
0.000248184
0.000277603
0.000297321
0.000175692
0.000203202
0.000222788
0.000109125
0.000130215
0.000146243
5.74693e-05
6.82272e-05
7.69735e-05
1.29105e-05
1.50495e-05
1.6107e-05
0.00055086
0.000569109
0.000578146
0.000507336
0.000523248
0.000532285
0.000451743
0.00047174
0.000483777
0.000388969
0.000413825
0.000429131
0.000320843
0.000349297
0.000367412
0.000248904
0.000278644
0.000298623
0.000176323
0.00020407
0.00022384
0.000109602
0.000130858
0.000147007
5.77167e-05
6.85659e-05
7.73756e-05
1.29279e-05
1.50765e-05
1.6142e-05
0.000552024
0.000570459
0.000579756
0.000508099
0.000524436
0.000533913
0.000452345
0.000472785
0.000485243
0.000389501
0.000414757
0.000430397
0.000321346
0.000350124
0.000368505
0.000249389
0.000279379
0.000299559
0.000176772
0.000204703
0.000224616
0.000109956
0.000131341
0.000147585
5.79041e-05
6.88265e-05
7.76871e-05
1.29413e-05
1.50979e-05
1.61699e-05
0.000552638
0.00057117
0.000580604
0.000508441
0.000525095
0.000534887
0.000452614
0.000473388
0.000486162
0.000389765
0.000415324
0.000431215
0.000321629
0.000350653
0.000369235
0.000249694
0.000279872
0.000300206
0.000177078
0.000205149
0.000225172
0.000110209
0.000131696
0.000148012
5.8043e-05
6.90228e-05
7.79236e-05
1.29516e-05
1.51145e-05
1.61917e-05
0.000552838
0.000571401
0.000580893
0.000508477
0.000525357
0.000535366
0.000452642
0.000473661
0.000486664
0.000389834
0.000415615
0.00043169
0.000321749
0.000350955
0.000369684
0.000249864
0.000280181
0.000300628
0.000177275
0.00020545
0.000225554
0.000110386
0.000131948
0.00014832
5.81432e-05
6.91674e-05
7.80992e-05
1.29593e-05
1.51271e-05
1.62085e-05
0.00055274
0.000571286
0.000580784
0.000508299
0.000525329
0.000535483
0.000452504
0.000473694
0.000486859
0.000389765
0.000415706
0.00043191
0.000321755
0.000351089
0.000369924
0.000249935
0.000280352
0.00030088
0.00017739
0.00020564
0.000225803
0.000110503
0.000132121
0.000148533
5.82131e-05
6.92708e-05
7.8226e-05
1.29648e-05
1.51366e-05
1.62211e-05
0.000552436
0.000570933
0.000580402
0.000507981
0.000525102
0.000535346
0.000452257
0.00047356
0.000486834
0.000389606
0.000415655
0.000431947
0.000321681
0.000351104
0.000370011
0.000249936
0.000280422
0.000301006
0.000177444
0.000205747
0.000225951
0.000110574
0.000132232
0.000148673
5.82596e-05
6.93421e-05
7.83145e-05
1.29687e-05
1.51434e-05
1.62303e-05
0.000551999
0.000570426
0.000579843
0.00050758
0.000524745
0.000535038
0.000451945
0.000473316
0.000486659
0.000389392
0.000415509
0.000431857
0.000321557
0.000351038
0.000369991
0.00024989
0.00028042
0.000301041
0.000177457
0.000205794
0.000226025
0.000110612
0.000132298
0.000148759
5.82884e-05
6.93888e-05
7.83735e-05
1.29713e-05
1.51481e-05
1.62369e-05
0.00055148
0.00056983
0.000579183
0.000507143
0.000524313
0.000534623
0.000451604
0.000473007
0.000486388
0.000389149
0.000415305
0.000431684
0.000321405
0.000350918
0.000369899
0.000249815
0.000280371
0.000301014
0.00017744
0.000205798
0.000226046
0.000110627
0.00013233
0.000148804
5.83042e-05
6.94169e-05
7.84102e-05
1.29729e-05
1.51513e-05
1.62414e-05
0.000550922
0.000569196
0.000578477
0.0005067
0.000523845
0.000534152
0.000451255
0.000472666
0.000486063
0.000388897
0.00041507
0.000431462
0.000321239
0.000350768
0.000369762
0.000249723
0.000280292
0.000300946
0.000177404
0.000205773
0.000226031
0.000110625
0.000132339
0.00014882
5.83108e-05
6.94315e-05
7.84303e-05
1.29739e-05
1.51534e-05
1.62443e-05
0.000550368
0.000568561
0.000577767
0.000506264
0.000523372
0.000533661
0.000450915
0.000472317
0.000485713
0.000388648
0.000414823
0.000431216
0.000321071
0.000350604
0.0003696
0.000249624
0.000280196
0.000300853
0.000177358
0.000205731
0.000225992
0.000110612
0.000132332
0.000148816
5.83108e-05
6.94365e-05
7.84386e-05
1.29743e-05
1.51545e-05
1.6246e-05
0.00054984
0.000567951
0.000577081
0.000505848
0.000522914
0.000533175
0.000450592
0.000471975
0.00048536
0.000388412
0.000414578
0.000430963
0.000320909
0.000350437
0.000369429
0.000249524
0.000280093
0.000300748
0.000177306
0.000205678
0.000225939
0.000110592
0.000132314
0.000148799
5.83067e-05
6.94349e-05
7.84387e-05
1.29744e-05
1.5155e-05
1.62469e-05
0.00054935
0.00056738
0.000576438
0.000505462
0.000522483
0.000532711
0.000450295
0.000471653
0.000485021
0.000388193
0.000414345
0.000430717
0.000320758
0.000350275
0.000369258
0.000249427
0.000279989
0.000300639
0.000177253
0.000205621
0.000225879
0.000110569
0.00013229
0.000148774
5.82999e-05
6.94291e-05
7.84333e-05
1.29742e-05
1.5155e-05
1.62471e-05
0.000548906
0.00056686
0.000575849
0.000505112
0.000522089
0.000532282
0.000450026
0.000471357
0.000484703
0.000387996
0.000414129
0.000430485
0.000320619
0.000350123
0.000369096
0.000249338
0.00027989
0.000300533
0.000177202
0.000205564
0.000225817
0.000110545
0.000132263
0.000148745
5.82917e-05
6.94207e-05
7.84246e-05
1.29738e-05
1.51548e-05
1.6247e-05
0.000548512
0.000566394
0.000575321
0.0005048
0.000521736
0.000531893
0.000449788
0.000471091
0.000484414
0.00038782
0.000413934
0.000430272
0.000320496
0.000349985
0.000368945
0.000249256
0.000279797
0.000300432
0.000177154
0.000205509
0.000225756
0.000110521
0.000132235
0.000148715
5.82829e-05
6.9411e-05
7.84141e-05
1.29734e-05
1.51544e-05
1.62465e-05
0.000548166
0.000565984
0.000574854
0.000504527
0.000521424
0.000531547
0.000449581
0.000470856
0.000484156
0.000387667
0.00041376
0.000430081
0.000320387
0.000349861
0.000368809
0.000249184
0.000279714
0.00030034
0.00017711
0.000205457
0.000225699
0.000110498
0.000132208
0.000148685
5.82742e-05
6.94008e-05
7.84028e-05
1.2973e-05
1.51539e-05
1.62459e-05
0.000547867
0.000565628
0.000574448
0.00050429
0.000521153
0.000531244
0.000449402
0.000470652
0.000483929
0.000387535
0.000413609
0.000429913
0.000320293
0.000349752
0.000368688
0.00024912
0.00027964
0.000300257
0.00017707
0.000205411
0.000225647
0.000110477
0.000132183
0.000148656
5.82659e-05
6.93909e-05
7.83916e-05
1.29725e-05
1.51533e-05
1.62453e-05
0.000547613
0.000565322
0.000574098
0.000504089
0.000520921
0.000530982
0.00044925
0.000470476
0.000483732
0.000387423
0.000413479
0.000429767
0.000320213
0.000349658
0.000368583
0.000249066
0.000279575
0.000300184
0.000177036
0.000205369
0.0002256
0.000110458
0.00013216
0.00014863
5.82582e-05
6.93815e-05
7.83809e-05
1.29721e-05
1.51527e-05
1.62446e-05
0.000547398
0.000565064
0.000573802
0.000503919
0.000520723
0.000530759
0.000449122
0.000470327
0.000483564
0.000387328
0.000413368
0.000429643
0.000320145
0.000349578
0.000368492
0.00024902
0.00027952
0.000300121
0.000177006
0.000205333
0.000225559
0.000110442
0.00013214
0.000148607
5.82513e-05
6.93729e-05
7.83711e-05
1.29717e-05
1.51522e-05
1.62439e-05
0.000547218
0.000564847
0.000573552
0.000503777
0.000520558
0.000530571
0.000449015
0.000470202
0.000483422
0.00038725
0.000413276
0.000429537
0.000320089
0.000349511
0.000368415
0.000248981
0.000279472
0.000300068
0.000176981
0.000205303
0.000225524
0.000110427
0.000132122
0.000148586
5.82452e-05
6.93653e-05
7.83622e-05
1.29713e-05
1.51517e-05
1.62433e-05
0.00054707
0.000564667
0.000573345
0.000503659
0.000520421
0.000530414
0.000448928
0.000470098
0.000483304
0.000387185
0.000413198
0.000429449
0.000320042
0.000349455
0.000368351
0.000248948
0.000279433
0.000300022
0.00017696
0.000205276
0.000225494
0.000110415
0.000132106
0.000148569
5.82399e-05
6.93585e-05
7.83544e-05
1.2971e-05
1.51512e-05
1.62427e-05
0.000546948
0.000564519
0.000573174
0.000503563
0.000520308
0.000530284
0.000448856
0.000470013
0.000483206
0.000387133
0.000413135
0.000429375
0.000320004
0.000349408
0.000368297
0.000248921
0.0002794
0.000299984
0.000176942
0.000205254
0.000225468
0.000110404
0.000132093
0.000148553
5.82354e-05
6.93527e-05
7.83476e-05
1.29707e-05
1.51508e-05
1.62422e-05
0.000546849
0.000564398
0.000573035
0.000503485
0.000520217
0.000530178
0.000448798
0.000469944
0.000483125
0.00038709
0.000413083
0.000429315
0.000319973
0.00034937
0.000368254
0.0002489
0.000279373
0.000299953
0.000176928
0.000205236
0.000225447
0.000110396
0.000132082
0.000148541
5.82316e-05
6.93478e-05
7.83418e-05
1.29705e-05
1.51505e-05
1.62418e-05
0.00054677
0.000564301
0.000572922
0.000503423
0.000520142
0.000530092
0.000448752
0.000469888
0.00048306
0.000387056
0.000413041
0.000429267
0.000319949
0.00034934
0.000368218
0.000248882
0.000279351
0.000299928
0.000176916
0.000205221
0.00022543
0.000110389
0.000132073
0.00014853
5.82284e-05
6.93437e-05
7.83369e-05
1.29703e-05
1.51502e-05
1.62414e-05
0.000546707
0.000564223
0.000572832
0.000503373
0.000520083
0.000530023
0.000448715
0.000469843
0.000483008
0.000387029
0.000413008
0.000429228
0.000319929
0.000349315
0.000368189
0.000248868
0.000279334
0.000299907
0.000176906
0.000205209
0.000225416
0.000110383
0.000132066
0.000148521
5.82258e-05
6.93402e-05
7.83329e-05
1.29701e-05
1.51499e-05
1.62411e-05
0.000546657
0.000564162
0.00057276
0.000503334
0.000520036
0.000529968
0.000448686
0.000469808
0.000482966
0.000387008
0.000412981
0.000429196
0.000319913
0.000349296
0.000368166
0.000248857
0.000279319
0.00029989
0.000176899
0.000205199
0.000225404
0.000110378
0.00013206
0.000148514
5.82237e-05
6.93374e-05
7.83295e-05
1.297e-05
1.51497e-05
1.62408e-05
0.000546618
0.000564113
0.000572704
0.000503303
0.00052
0.000529925
0.000448663
0.00046978
0.000482933
0.000386991
0.00041296
0.000429172
0.000319901
0.00034928
0.000368148
0.000248848
0.000279308
0.000299877
0.000176893
0.000205192
0.000225395
0.000110374
0.000132055
0.000148508
5.8222e-05
6.93351e-05
7.83268e-05
1.29699e-05
1.51496e-05
1.62406e-05
0.000546588
0.000564076
0.00057266
0.000503279
0.000519971
0.000529891
0.000448646
0.000469758
0.000482907
0.000386978
0.000412944
0.000429152
0.000319892
0.000349268
0.000368134
0.000248842
0.000279299
0.000299867
0.000176888
0.000205185
0.000225388
0.000110371
0.000132051
0.000148504
5.82206e-05
6.93332e-05
7.83246e-05
1.29698e-05
1.51494e-05
1.62404e-05
0.000546565
0.000564047
0.000572626
0.000503261
0.000519949
0.000529865
0.000448633
0.000469742
0.000482887
0.000386968
0.000412932
0.000429137
0.000319885
0.000349259
0.000368122
0.000248836
0.000279293
0.000299859
0.000176884
0.000205181
0.000225382
0.000110369
0.000132048
0.0001485
5.82195e-05
6.93318e-05
7.83228e-05
1.29697e-05
1.51493e-05
1.62403e-05
0.000546547
0.000564024
0.0005726
0.000503247
0.000519932
0.000529844
0.000448623
0.000469729
0.000482872
0.000386961
0.000412922
0.000429126
0.000319879
0.000349252
0.000368114
0.000248832
0.000279287
0.000299853
0.000176881
0.000205177
0.000225378
0.000110367
0.000132045
0.000148497
5.82186e-05
6.93306e-05
7.83214e-05
1.29697e-05
1.51492e-05
1.62401e-05
0.000546534
0.000564008
0.00057258
0.000503236
0.000519919
0.000529829
0.000448615
0.000469719
0.00048286
0.000386955
0.000412915
0.000429117
0.000319875
0.000349246
0.000368107
0.000248829
0.000279283
0.000299848
0.000176879
0.000205174
0.000225374
0.000110366
0.000132043
0.000148495
5.82179e-05
6.93297e-05
7.83203e-05
1.29696e-05
1.51491e-05
1.624e-05
0.000546524
0.000563995
0.000572566
0.000503228
0.00051991
0.000529818
0.000448609
0.000469712
0.000482852
0.000386951
0.000412909
0.000429111
0.000319872
0.000349242
0.000368102
0.000248827
0.00027928
0.000299844
0.000176878
0.000205172
0.000225372
0.000110365
0.000132042
0.000148493
5.82174e-05
6.93289e-05
7.83194e-05
1.29696e-05
1.51491e-05
1.624e-05
0.000546517
0.000563986
0.000572555
0.000503223
0.000519903
0.000529809
0.000448605
0.000469707
0.000482845
0.000386948
0.000412905
0.000429106
0.00031987
0.000349239
0.000368099
0.000248825
0.000279278
0.000299841
0.000176876
0.00020517
0.00022537
0.000110364
0.000132041
0.000148492
5.8217e-05
6.93284e-05
7.83187e-05
1.29696e-05
1.5149e-05
1.62399e-05
0.000546511
0.000563979
0.000572547
0.000503219
0.000519898
0.000529803
0.000448602
0.000469703
0.00048284
0.000386946
0.000412903
0.000429102
0.000319868
0.000349237
0.000368096
0.000248824
0.000279276
0.000299839
0.000176875
0.000205169
0.000225368
0.000110363
0.00013204
0.000148491
5.82167e-05
6.9328e-05
7.83182e-05
1.29695e-05
1.5149e-05
1.62399e-05
0.000546508
0.000563975
0.000572541
0.000503216
0.000519894
0.000529798
0.0004486
0.0004697
0.000482837
0.000386945
0.0004129
0.000429099
0.000319867
0.000349235
0.000368094
0.000248823
0.000279275
0.000299838
0.000176875
0.000205168
0.000225367
0.000110363
0.000132039
0.00014849
5.82165e-05
6.93276e-05
7.83178e-05
1.29695e-05
1.5149e-05
1.62398e-05
0.000546505
0.000563971
0.000572538
0.000503214
0.000519891
0.000529795
0.000448599
0.000469698
0.000482834
0.000386943
0.000412899
0.000429098
0.000319866
0.000349234
0.000368093
0.000248823
0.000279274
0.000299837
0.000176874
0.000205167
0.000225366
0.000110362
0.000132039
0.000148489
5.82163e-05
6.93274e-05
7.83175e-05
1.29695e-05
1.5149e-05
1.62398e-05
0.000546503
0.000563969
0.000572535
0.000503212
0.00051989
0.000529793
0.000448598
0.000469697
0.000482833
0.000386943
0.000412898
0.000429096
0.000319866
0.000349233
0.000368092
0.000248822
0.000279274
0.000299836
0.000176874
0.000205167
0.000225366
0.000110362
0.000132038
0.000148489
5.82162e-05
6.93272e-05
7.83173e-05
1.29695e-05
1.5149e-05
1.62398e-05
0.000546502
0.000563968
0.000572533
0.000503211
0.000519889
0.000529791
0.000448597
0.000469696
0.000482832
0.000386942
0.000412897
0.000429095
0.000319865
0.000349233
0.000368091
0.000248822
0.000279273
0.000299835
0.000176874
0.000205166
0.000225365
0.000110362
0.000132038
0.000148489
5.82161e-05
6.93271e-05
7.83171e-05
1.29695e-05
1.51489e-05
1.62398e-05
0.000546501
0.000563967
0.000572532
0.000503211
0.000519888
0.000529791
0.000448597
0.000469695
0.000482831
0.000386942
0.000412897
0.000429095
0.000319865
0.000349233
0.00036809
0.000248822
0.000279273
0.000299835
0.000176873
0.000205166
0.000225365
0.000110362
0.000132038
0.000148488
5.8216e-05
6.9327e-05
7.8317e-05
1.29695e-05
1.51489e-05
1.62398e-05
0.000546501
0.000563966
0.000572531
0.00050321
0.000519887
0.00052979
0.000448597
0.000469695
0.00048283
0.000386942
0.000412897
0.000429094
0.000319865
0.000349232
0.00036809
0.000248821
0.000279273
0.000299835
0.000176873
0.000205166
0.000225365
0.000110362
0.000132038
0.000148488
5.8216e-05
6.93269e-05
7.83169e-05
1.29695e-05
1.51489e-05
1.62398e-05
0.000546501
0.000563966
0.000572531
0.00050321
0.000519887
0.00052979
0.000448596
0.000469695
0.00048283
0.000386942
0.000412896
0.000429094
0.000319865
0.000349232
0.00036809
0.000248821
0.000279273
0.000299835
0.000176873
0.000205166
0.000225365
0.000110361
0.000132038
0.000148488
5.82159e-05
6.93269e-05
7.83169e-05
1.29695e-05
1.51489e-05
1.62397e-05
0.000546501
0.000563966
0.000572531
0.00050321
0.000519887
0.000529789
0.000448596
0.000469695
0.00048283
0.000386942
0.000412896
0.000429094
0.000319865
0.000349232
0.00036809
0.000248821
0.000279273
0.000299835
0.000176873
0.000205166
0.000225364
0.000110361
0.000132038
0.000148488
5.82159e-05
6.93268e-05
7.83168e-05
1.29695e-05
1.51489e-05
1.62397e-05
0.000546501
0.000563966
0.000572531
0.00050321
0.000519887
0.000529789
0.000448596
0.000469695
0.00048283
0.000386942
0.000412896
0.000429094
0.000319865
0.000349232
0.00036809
0.000248821
0.000279273
0.000299834
0.000176873
0.000205166
0.000225364
0.000110361
0.000132038
0.000148488
5.82159e-05
6.93268e-05
7.83168e-05
1.29695e-05
1.51489e-05
1.62397e-05
0.000546501
0.000563966
0.000572531
0.00050321
0.000519887
0.000529789
0.000448596
0.000469695
0.00048283
0.000386942
0.000412896
0.000429094
0.000319865
0.000349232
0.00036809
0.000248821
0.000279273
0.000299834
0.000176873
0.000205166
0.000225364
0.000110361
0.000132038
0.000148488
5.82159e-05
6.93268e-05
7.83168e-05
1.29695e-05
1.51489e-05
1.62397e-05
0.000546501
0.000563966
0.000572531
0.00050321
0.000519887
0.000529789
0.000448597
0.000469695
0.00048283
0.000386942
0.000412896
0.000429094
0.000319865
0.000349232
0.00036809
0.000248821
0.000279273
0.000299834
0.000176873
0.000205166
0.000225364
0.000110361
0.000132038
0.000148488
5.82159e-05
6.93268e-05
7.83168e-05
1.29695e-05
1.51489e-05
1.62397e-05
0.000546501
0.000563966
0.000572531
0.00050321
0.000519887
0.00052979
0.000448597
0.000469695
0.00048283
0.000386942
0.000412896
0.000429094
0.000319865
0.000349232
0.00036809
0.000248821
0.000279273
0.000299834
0.000176873
0.000205166
0.000225364
0.000110361
0.000132038
0.000148488
5.82159e-05
6.93268e-05
7.83167e-05
1.29695e-05
1.51489e-05
1.62397e-05
0.000546501
0.000563966
0.000572531
0.00050321
0.000519887
0.00052979
0.000448597
0.000469695
0.00048283
0.000386942
0.000412896
0.000429094
0.000319865
0.000349232
0.00036809
0.000248821
0.000279273
0.000299834
0.000176873
0.000205166
0.000225364
0.000110361
0.000132038
0.000148488
5.82159e-05
6.93268e-05
7.83167e-05
1.29695e-05
1.51489e-05
1.62397e-05
0.000546501
0.000563966
0.000572531
0.00050321
0.000519887
0.00052979
0.000448597
0.000469695
0.00048283
0.000386942
0.000412896
0.000429094
0.000319865
0.000349232
0.00036809
0.000248821
0.000279273
0.000299834
0.000176873
0.000205166
0.000225364
0.000110361
0.000132038
0.000148488
5.82159e-05
6.93268e-05
7.83167e-05
1.29695e-05
1.51489e-05
1.62397e-05
0.000546501
0.000563966
0.000572532
0.000503211
0.000519888
0.00052979
0.000448597
0.000469695
0.00048283
0.000386942
0.000412896
0.000429094
0.000319865
0.000349232
0.00036809
0.000248821
0.000279273
0.000299835
0.000176873
0.000205166
0.000225364
0.000110361
0.000132038
0.000148488
5.82159e-05
6.93268e-05
7.83167e-05
1.29695e-05
1.51489e-05
1.62397e-05
0.000546501
0.000563966
0.000572532
0.000503211
0.000519888
0.00052979
0.000448597
0.000469695
0.00048283
0.000386942
0.000412897
0.000429094
0.000319865
0.000349232
0.00036809
0.000248821
0.000279273
0.000299835
0.000176873
0.000205166
0.000225364
0.000110361
0.000132038
0.000148488
5.82159e-05
6.93268e-05
7.83167e-05
1.29695e-05
1.51489e-05
1.62397e-05
0.000546502
0.000563967
0.000572532
0.000503211
0.000519888
0.00052979
0.000448597
0.000469695
0.00048283
0.000386942
0.000412897
0.000429094
0.000319865
0.000349232
0.00036809
0.000248821
0.000279273
0.000299835
0.000176873
0.000205166
0.000225364
0.000110361
0.000132038
0.000148488
5.82159e-05
6.93268e-05
7.83167e-05
1.29695e-05
1.51489e-05
1.62397e-05
0.000546502
0.000563967
0.000572532
0.000503211
0.000519888
0.00052979
0.000448597
0.000469695
0.00048283
0.000386942
0.000412897
0.000429094
0.000319865
0.000349232
0.00036809
0.000248821
0.000279273
0.000299835
0.000176873
0.000205166
0.000225364
0.000110361
0.000132038
0.000148488
5.82159e-05
6.93268e-05
7.83167e-05
1.29695e-05
1.51489e-05
1.62397e-05
0.000546502
0.000563967
0.000572532
0.000503211
0.000519888
0.00052979
0.000448597
0.000469695
0.00048283
0.000386942
0.000412897
0.000429094
0.000319865
0.000349232
0.00036809
0.000248821
0.000279273
0.000299835
0.000176873
0.000205166
0.000225364
0.000110361
0.000132038
0.000148488
5.82159e-05
6.93268e-05
7.83168e-05
1.29695e-05
1.51489e-05
1.62397e-05
0.000546502
0.000563967
0.000572532
0.000503211
0.000519888
0.00052979
0.000448597
0.000469695
0.00048283
0.000386942
0.000412897
0.000429094
0.000319865
0.000349232
0.00036809
0.000248822
0.000279273
0.000299835
0.000176873
0.000205166
0.000225364
0.000110361
0.000132038
0.000148488
5.82159e-05
6.93268e-05
7.83168e-05
1.29695e-05
1.51489e-05
1.62397e-05
0.000546502
0.000563967
0.000572532
0.000503211
0.000519888
0.00052979
0.000448597
0.000469695
0.00048283
0.000386942
0.000412897
0.000429094
0.000319865
0.000349232
0.00036809
0.000248822
0.000279273
0.000299835
0.000176873
0.000205166
0.000225364
0.000110361
0.000132038
0.000148488
5.82159e-05
6.93268e-05
7.83168e-05
1.29695e-05
1.51489e-05
1.62397e-05
0.000546502
0.000563967
0.000572532
0.000503211
0.000519888
0.00052979
0.000448597
0.000469695
0.00048283
0.000386942
0.000412897
0.000429094
0.000319865
0.000349232
0.00036809
0.000248822
0.000279273
0.000299835
0.000176873
0.000205166
0.000225364
0.000110361
0.000132038
0.000148488
5.82159e-05
6.93268e-05
7.83168e-05
1.29695e-05
1.51489e-05
1.62397e-05
0.000546502
0.000563967
0.000572532
0.000503211
0.000519888
0.00052979
0.000448597
0.000469695
0.00048283
0.000386942
0.000412897
0.000429094
0.000319865
0.000349232
0.00036809
0.000248822
0.000279273
0.000299835
0.000176873
0.000205166
0.000225364
0.000110361
0.000132038
0.000148488
5.82159e-05
6.93268e-05
7.83168e-05
1.29695e-05
1.51489e-05
1.62397e-05
0.000546502
0.000563967
0.000572532
0.000503211
0.000519888
0.00052979
0.000448597
0.000469695
0.00048283
0.000386942
0.000412897
0.000429094
0.000319865
0.000349232
0.00036809
0.000248822
0.000279273
0.000299835
0.000176873
0.000205166
0.000225364
0.000110361
0.000132038
0.000148488
5.82159e-05
6.93268e-05
7.83168e-05
1.29695e-05
1.51489e-05
1.62397e-05
0.000546502
0.000563967
0.000572532
0.000503211
0.000519888
0.00052979
0.000448597
0.000469695
0.00048283
0.000386942
0.000412897
0.000429094
0.000319865
0.000349232
0.00036809
0.000248822
0.000279273
0.000299835
0.000176873
0.000205166
0.000225365
0.000110361
0.000132038
0.000148488
5.82159e-05
6.93268e-05
7.83168e-05
1.29695e-05
1.51489e-05
1.62397e-05
0.000546502
0.000563967
0.000572532
0.000503211
0.000519888
0.00052979
0.000448597
0.000469695
0.00048283
0.000386942
0.000412897
0.000429094
0.000319865
0.000349232
0.00036809
0.000248822
0.000279273
0.000299835
0.000176873
0.000205166
0.000225365
0.000110361
0.000132038
0.000148488
5.82159e-05
6.93268e-05
7.83168e-05
1.29695e-05
1.51489e-05
1.62397e-05
0.000546502
0.000563967
0.000572532
0.000503211
0.000519888
0.00052979
0.000448597
0.000469695
0.00048283
0.000386942
0.000412897
0.000429094
0.000319865
0.000349232
0.00036809
0.000248822
0.000279273
0.000299835
0.000176873
0.000205166
0.000225365
0.000110361
0.000132038
0.000148488
5.82159e-05
6.93268e-05
7.83168e-05
1.29695e-05
1.51489e-05
1.62397e-05
0.000546502
0.000563967
0.000572532
0.000503211
0.000519888
0.00052979
0.000448597
0.000469695
0.00048283
0.000386942
0.000412897
0.000429094
0.000319865
0.000349232
0.00036809
0.000248822
0.000279273
0.000299835
0.000176873
0.000205166
0.000225365
0.000110361
0.000132038
0.000148488
5.82159e-05
6.93268e-05
7.83168e-05
1.29695e-05
1.51489e-05
1.62397e-05
0.000546502
0.000563967
0.000572532
0.000503211
0.000519888
0.00052979
0.000448597
0.000469695
0.000482831
0.000386942
0.000412897
0.000429094
0.000319865
0.000349232
0.00036809
0.000248822
0.000279273
0.000299835
0.000176873
0.000205166
0.000225365
0.000110361
0.000132038
0.000148488
5.82159e-05
6.93268e-05
7.83168e-05
1.29695e-05
1.51489e-05
1.62397e-05
0.000546502
0.000563967
0.000572532
0.000503211
0.000519888
0.00052979
0.000448597
0.000469695
0.000482831
0.000386942
0.000412897
0.000429095
0.000319865
0.000349232
0.00036809
0.000248822
0.000279273
0.000299835
0.000176873
0.000205166
0.000225365
0.000110361
0.000132038
0.000148488
5.82159e-05
6.93268e-05
7.83168e-05
1.29695e-05
1.51489e-05
1.62397e-05
0.000546502
0.000563967
0.000572532
0.000503211
0.000519888
0.00052979
0.000448597
0.000469695
0.000482831
0.000386942
0.000412897
0.000429095
0.000319865
0.000349232
0.00036809
0.000248822
0.000279273
0.000299835
0.000176873
0.000205166
0.000225365
0.000110361
0.000132038
0.000148488
5.82159e-05
6.93268e-05
7.83168e-05
1.29695e-05
1.51489e-05
1.62397e-05
0.000546502
0.000563967
0.000572532
0.000503211
0.000519888
0.00052979
0.000448597
0.000469695
0.000482831
0.000386942
0.000412897
0.000429095
0.000319865
0.000349232
0.00036809
0.000248822
0.000279273
0.000299835
0.000176873
0.000205166
0.000225365
0.000110361
0.000132038
0.000148488
5.82159e-05
6.93268e-05
7.83168e-05
1.29695e-05
1.51489e-05
1.62397e-05
0.000546502
0.000563967
0.000572532
0.000503211
0.000519888
0.00052979
0.000448597
0.000469695
0.000482831
0.000386942
0.000412897
0.000429095
0.000319865
0.000349232
0.00036809
0.000248822
0.000279273
0.000299835
0.000176873
0.000205166
0.000225365
0.000110361
0.000132038
0.000148488
5.82159e-05
6.93268e-05
7.83168e-05
1.29695e-05
1.51489e-05
1.62397e-05
0.000546502
0.000563967
0.000572532
0.000503211
0.000519888
0.00052979
0.000448597
0.000469695
0.000482831
0.000386942
0.000412897
0.000429095
0.000319865
0.000349232
0.00036809
0.000248822
0.000279273
0.000299835
0.000176873
0.000205166
0.000225365
0.000110361
0.000132038
0.000148488
5.82159e-05
6.93268e-05
7.83168e-05
1.29695e-05
1.51489e-05
1.62397e-05
0.000546502
0.000563967
0.000572532
0.000503211
0.000519888
0.00052979
0.000448597
0.000469695
0.000482831
0.000386942
0.000412897
0.000429095
0.000319865
0.000349232
0.00036809
0.000248822
0.000279273
0.000299835
0.000176873
0.000205166
0.000225365
0.000110361
0.000132038
0.000148488
5.82159e-05
6.93268e-05
7.83168e-05
1.29695e-05
1.51489e-05
1.62397e-05
0.000546502
0.000563967
0.000572532
0.000503211
0.000519888
0.00052979
0.000448597
0.000469695
0.000482831
0.000386942
0.000412897
0.000429095
0.000319865
0.000349232
0.00036809
0.000248822
0.000279273
0.000299835
0.000176873
0.000205166
0.000225365
0.000110361
0.000132038
0.000148488
5.82159e-05
6.93268e-05
7.83168e-05
1.29695e-05
1.51489e-05
1.62397e-05
0.000546502
0.000563967
0.000572532
0.000503211
0.000519888
0.00052979
0.000448597
0.000469695
0.000482831
0.000386942
0.000412897
0.000429095
0.000319865
0.000349232
0.00036809
0.000248822
0.000279273
0.000299835
0.000176873
0.000205166
0.000225365
0.000110361
0.000132038
0.000148488
5.82159e-05
6.93268e-05
7.83168e-05
1.29695e-05
1.51489e-05
1.62397e-05
0.000546502
0.000563967
0.000572532
0.000503211
0.000519888
0.000529791
0.000448597
0.000469695
0.000482831
0.000386942
0.000412897
0.000429095
0.000319865
0.000349233
0.00036809
0.000248822
0.000279273
0.000299835
0.000176873
0.000205166
0.000225365
0.000110361
0.000132038
0.000148488
5.82159e-05
6.93268e-05
7.83168e-05
1.29695e-05
1.51489e-05
1.62397e-05
0.000546502
0.000563967
0.000572532
0.000503211
0.000519888
0.000529791
0.000448597
0.000469695
0.000482831
0.000386942
0.000412897
0.000429095
0.000319865
0.000349233
0.00036809
0.000248822
0.000279273
0.000299835
0.000176873
0.000205166
0.000225365
0.000110362
0.000132038
0.000148488
5.82159e-05
6.93268e-05
7.83168e-05
1.29695e-05
1.51489e-05
1.62397e-05
0.000546502
0.000563967
0.000572532
0.000503211
0.000519888
0.000529791
0.000448597
0.000469696
0.000482831
0.000386942
0.000412897
0.000429095
0.000319865
0.000349233
0.00036809
0.000248822
0.000279273
0.000299835
0.000176873
0.000205166
0.000225365
0.000110362
0.000132038
0.000148488
5.82159e-05
6.93268e-05
7.83168e-05
1.29695e-05
1.51489e-05
1.62397e-05
0.000546502
0.000563967
0.000572532
0.000503211
0.000519888
0.000529791
0.000448597
0.000469696
0.000482831
0.000386942
0.000412897
0.000429095
0.000319865
0.000349233
0.00036809
0.000248822
0.000279273
0.000299835
0.000176873
0.000205166
0.000225365
0.000110362
0.000132038
0.000148488
5.82159e-05
6.93268e-05
7.83168e-05
1.29695e-05
1.51489e-05
1.62397e-05
0.000546502
0.000563967
0.000572533
0.000503211
0.000519888
0.000529791
0.000448597
0.000469696
0.000482831
0.000386942
0.000412897
0.000429095
0.000319865
0.000349233
0.00036809
0.000248822
0.000279273
0.000299835
0.000176873
0.000205166
0.000225365
0.000110362
0.000132038
0.000148488
5.82159e-05
6.93268e-05
7.83168e-05
1.29695e-05
1.51489e-05
1.62397e-05
0.000546502
0.000563967
0.000572533
0.000503211
0.000519888
0.000529791
0.000448597
0.000469696
0.000482831
0.000386942
0.000412897
0.000429095
0.000319865
0.000349233
0.00036809
0.000248822
0.000279273
0.000299835
0.000176873
0.000205166
0.000225365
0.000110362
0.000132038
0.000148488
5.82159e-05
6.93268e-05
7.83168e-05
1.29695e-05
1.51489e-05
1.62397e-05
0.000546502
0.000563967
0.000572533
0.000503211
0.000519888
0.000529791
0.000448597
0.000469696
0.000482831
0.000386942
0.000412897
0.000429095
0.000319865
0.000349233
0.00036809
0.000248822
0.000279273
0.000299835
0.000176873
0.000205166
0.000225365
0.000110362
0.000132038
0.000148488
5.82159e-05
6.93268e-05
7.83168e-05
1.29695e-05
1.51489e-05
1.62397e-05
0.000546502
0.000563967
0.000572533
0.000503211
0.000519888
0.000529791
0.000448597
0.000469696
0.000482831
0.000386942
0.000412897
0.000429095
0.000319865
0.000349233
0.00036809
0.000248822
0.000279273
0.000299835
0.000176873
0.000205166
0.000225365
0.000110362
0.000132038
0.000148488
5.82159e-05
6.93268e-05
7.83168e-05
1.29695e-05
1.51489e-05
1.62397e-05
0.000546502
0.000563967
0.000572533
0.000503211
0.000519888
0.000529791
0.000448597
0.000469696
0.000482831
0.000386942
0.000412897
0.000429095
0.000319865
0.000349233
0.00036809
0.000248822
0.000279273
0.000299835
0.000176873
0.000205166
0.000225365
0.000110362
0.000132038
0.000148488
5.82159e-05
6.93268e-05
7.83168e-05
1.29695e-05
1.51489e-05
1.62397e-05
0.000546502
0.000563967
0.000572533
0.000503211
0.000519888
0.000529791
0.000448597
0.000469696
0.000482831
0.000386942
0.000412897
0.000429095
0.000319865
0.000349233
0.00036809
0.000248822
0.000279273
0.000299835
0.000176873
0.000205166
0.000225365
0.000110362
0.000132038
0.000148488
5.82159e-05
6.93268e-05
7.83168e-05
1.29695e-05
1.51489e-05
1.62397e-05
0.000546502
0.000563967
0.000572533
0.000503211
0.000519888
0.000529791
0.000448597
0.000469696
0.000482831
0.000386942
0.000412897
0.000429095
0.000319865
0.000349233
0.00036809
0.000248822
0.000279273
0.000299835
0.000176873
0.000205166
0.000225365
0.000110362
0.000132038
0.000148488
5.82159e-05
6.93268e-05
7.83168e-05
1.29695e-05
1.51489e-05
1.62397e-05
0.000546502
0.000563967
0.000572533
0.000503211
0.000519888
0.000529791
0.000448597
0.000469696
0.000482831
0.000386942
0.000412897
0.000429095
0.000319865
0.000349233
0.00036809
0.000248822
0.000279273
0.000299835
0.000176873
0.000205166
0.000225365
0.000110362
0.000132038
0.000148488
5.8216e-05
6.93268e-05
7.83168e-05
1.29695e-05
1.51489e-05
1.62397e-05
0.000546502
0.000563967
0.000572533
0.000503211
0.000519888
0.000529791
0.000448597
0.000469696
0.000482831
0.000386942
0.000412897
0.000429095
0.000319865
0.000349233
0.00036809
0.000248822
0.000279273
0.000299835
0.000176873
0.000205166
0.000225365
0.000110362
0.000132038
0.000148488
5.8216e-05
6.93268e-05
7.83168e-05
1.29695e-05
1.51489e-05
1.62397e-05
0.000546502
0.000563967
0.000572533
0.000503211
0.000519888
0.000529791
0.000448597
0.000469696
0.000482831
0.000386943
0.000412897
0.000429095
0.000319865
0.000349233
0.00036809
0.000248822
0.000279273
0.000299835
0.000176873
0.000205166
0.000225365
0.000110362
0.000132038
0.000148488
5.8216e-05
6.93268e-05
7.83168e-05
1.29695e-05
1.51489e-05
1.62397e-05
0.000546502
0.000563967
0.000572533
0.000503211
0.000519888
0.000529791
0.000448597
0.000469696
0.000482831
0.000386943
0.000412897
0.000429095
0.000319865
0.000349233
0.00036809
0.000248822
0.000279273
0.000299835
0.000176873
0.000205166
0.000225365
0.000110362
0.000132038
0.000148488
5.8216e-05
6.93269e-05
7.83168e-05
1.29695e-05
1.51489e-05
1.62397e-05
0.000546502
0.000563967
0.000572533
0.000503211
0.000519888
0.000529791
0.000448597
0.000469696
0.000482831
0.000386943
0.000412897
0.000429095
0.000319865
0.000349233
0.00036809
0.000248822
0.000279273
0.000299835
0.000176873
0.000205166
0.000225365
0.000110362
0.000132038
0.000148488
5.8216e-05
6.93269e-05
7.83168e-05
1.29695e-05
1.51489e-05
1.62397e-05
0.000546502
0.000563967
0.000572533
0.000503211
0.000519888
0.000529791
0.000448597
0.000469696
0.000482831
0.000386943
0.000412897
0.000429095
0.000319865
0.000349233
0.00036809
0.000248822
0.000279273
0.000299835
0.000176874
0.000205166
0.000225365
0.000110362
0.000132038
0.000148488
5.8216e-05
6.93269e-05
7.83168e-05
1.29695e-05
1.51489e-05
1.62397e-05
0.000546502
0.000563967
0.000572533
0.000503211
0.000519888
0.000529791
0.000448597
0.000469696
0.000482831
0.000386943
0.000412897
0.000429095
0.000319866
0.000349233
0.00036809
0.000248822
0.000279273
0.000299835
0.000176874
0.000205166
0.000225365
0.000110362
0.000132038
0.000148488
5.8216e-05
6.93269e-05
7.83168e-05
1.29695e-05
1.51489e-05
1.62397e-05
0.000546502
0.000563967
0.000572533
0.000503211
0.000519888
0.000529791
0.000448598
0.000469696
0.000482831
0.000386943
0.000412897
0.000429095
0.000319866
0.000349233
0.00036809
0.000248822
0.000279273
0.000299835
0.000176874
0.000205166
0.000225365
0.000110362
0.000132038
0.000148488
5.8216e-05
6.93269e-05
7.83168e-05
1.29695e-05
1.51489e-05
1.62397e-05
0.000546502
0.000563967
0.000572533
0.000503211
0.000519888
0.000529791
0.000448598
0.000469696
0.000482831
0.000386943
0.000412897
0.000429095
0.000319866
0.000349233
0.00036809
0.000248822
0.000279273
0.000299835
0.000176874
0.000205166
0.000225365
0.000110362
0.000132038
0.000148488
5.8216e-05
6.93269e-05
7.83168e-05
1.29695e-05
1.51489e-05
1.62397e-05
0.000546502
0.000563967
0.000572533
0.000503211
0.000519888
0.000529791
0.000448598
0.000469696
0.000482831
0.000386943
0.000412897
0.000429095
0.000319866
0.000349233
0.00036809
0.000248822
0.000279273
0.000299835
0.000176874
0.000205166
0.000225365
0.000110362
0.000132038
0.000148488
5.8216e-05
6.93269e-05
7.83168e-05
1.29695e-05
1.51489e-05
1.62397e-05
0.000546502
0.000563967
0.000572533
0.000503211
0.000519888
0.000529791
0.000448598
0.000469696
0.000482831
0.000386943
0.000412897
0.000429095
0.000319866
0.000349233
0.00036809
0.000248822
0.000279273
0.000299835
0.000176874
0.000205166
0.000225365
0.000110362
0.000132038
0.000148488
5.8216e-05
6.93269e-05
7.83168e-05
1.29695e-05
1.51489e-05
1.62397e-05
0.000546502
0.000563967
0.000572533
0.000503211
0.000519888
0.000529791
0.000448598
0.000469696
0.000482831
0.000386943
0.000412897
0.000429095
0.000319866
0.000349233
0.00036809
0.000248822
0.000279273
0.000299835
0.000176874
0.000205166
0.000225365
0.000110362
0.000132038
0.000148488
5.8216e-05
6.93269e-05
7.83168e-05
1.29695e-05
1.51489e-05
1.62397e-05
0.000546502
0.000563967
0.000572533
0.000503211
0.000519888
0.000529791
0.000448598
0.000469696
0.000482831
0.000386943
0.000412897
0.000429095
0.000319866
0.000349233
0.00036809
0.000248822
0.000279273
0.000299835
0.000176874
0.000205166
0.000225365
0.000110362
0.000132038
0.000148488
5.8216e-05
6.93269e-05
7.83168e-05
1.29695e-05
1.51489e-05
1.62397e-05
0.000546502
0.000563967
0.000572533
0.000503211
0.000519888
0.000529791
0.000448598
0.000469696
0.000482831
0.000386943
0.000412897
0.000429095
0.000319866
0.000349233
0.00036809
0.000248822
0.000279273
0.000299835
0.000176874
0.000205166
0.000225365
0.000110362
0.000132038
0.000148488
5.8216e-05
6.93269e-05
7.83168e-05
1.29695e-05
1.51489e-05
1.62397e-05
0.000546502
0.000563967
0.000572533
0.000503211
0.000519888
0.000529791
0.000448598
0.000469696
0.000482831
0.000386943
0.000412897
0.000429095
0.000319866
0.000349233
0.00036809
0.000248822
0.000279273
0.000299835
0.000176874
0.000205166
0.000225365
0.000110362
0.000132038
0.000148488
5.8216e-05
6.93269e-05
7.83168e-05
1.29695e-05
1.51489e-05
1.62397e-05
0.000546502
0.000563967
0.000572533
0.000503211
0.000519888
0.000529791
0.000448598
0.000469696
0.000482831
0.000386943
0.000412897
0.000429095
0.000319866
0.000349233
0.00036809
0.000248822
0.000279273
0.000299835
0.000176874
0.000205166
0.000225365
0.000110362
0.000132038
0.000148488
5.8216e-05
6.93269e-05
7.83168e-05
1.29695e-05
1.51489e-05
1.62397e-05
0.000546502
0.000563967
0.000572533
0.000503211
0.000519888
0.000529791
0.000448598
0.000469696
0.000482831
0.000386943
0.000412897
0.000429095
0.000319866
0.000349233
0.000368091
0.000248822
0.000279273
0.000299835
0.000176874
0.000205166
0.000225365
0.000110362
0.000132038
0.000148488
5.8216e-05
6.93269e-05
7.83168e-05
1.29695e-05
1.51489e-05
1.62397e-05
0.000546502
0.000563967
0.000572533
0.000503211
0.000519888
0.000529791
0.000448598
0.000469696
0.000482831
0.000386943
0.000412897
0.000429095
0.000319866
0.000349233
0.000368091
0.000248822
0.000279273
0.000299835
0.000176874
0.000205166
0.000225365
0.000110362
0.000132038
0.000148488
5.82161e-05
6.93269e-05
7.83168e-05
1.29695e-05
1.51489e-05
1.62397e-05
0.000546502
0.000563968
0.000572533
0.000503211
0.000519888
0.000529791
0.000448598
0.000469696
0.000482831
0.000386943
0.000412897
0.000429095
0.000319866
0.000349233
0.000368091
0.000248822
0.000279273
0.000299835
0.000176874
0.000205166
0.000225365
0.000110362
0.000132038
0.000148488
5.82161e-05
6.93269e-05
7.83168e-05
1.29695e-05
1.51489e-05
1.62397e-05
0.000546502
0.000563968
0.000572533
0.000503211
0.000519888
0.000529791
0.000448598
0.000469696
0.000482831
0.000386943
0.000412897
0.000429095
0.000319866
0.000349233
0.000368091
0.000248822
0.000279273
0.000299835
0.000176874
0.000205166
0.000225365
0.000110362
0.000132038
0.000148488
5.82161e-05
6.93269e-05
7.83168e-05
1.29695e-05
1.51489e-05
1.62397e-05
0.000546502
0.000563968
0.000572533
0.000503211
0.000519888
0.000529791
0.000448598
0.000469696
0.000482831
0.000386943
0.000412897
0.000429095
0.000319866
0.000349233
0.000368091
0.000248822
0.000279273
0.000299835
0.000176874
0.000205166
0.000225365
0.000110362
0.000132038
0.000148488
5.82161e-05
6.93269e-05
7.83168e-05
1.29695e-05
1.51489e-05
1.62397e-05
0.000546502
0.000563968
0.000572533
0.000503212
0.000519888
0.000529791
0.000448598
0.000469696
0.000482831
0.000386943
0.000412897
0.000429095
0.000319866
0.000349233
0.000368091
0.000248822
0.000279273
0.000299835
0.000176874
0.000205166
0.000225365
0.000110362
0.000132038
0.000148488
5.82161e-05
6.93269e-05
7.83168e-05
1.29695e-05
1.51489e-05
1.62397e-05
0.000546502
0.000563968
0.000572533
0.000503212
0.000519888
0.000529791
0.000448598
0.000469696
0.000482831
0.000386943
0.000412897
0.000429095
0.000319866
0.000349233
0.000368091
0.000248822
0.000279273
0.000299835
0.000176874
0.000205166
0.000225365
0.000110362
0.000132038
0.000148488
5.82161e-05
6.93269e-05
7.83168e-05
1.29695e-05
1.51489e-05
1.62397e-05
0.000546503
0.000563968
0.000572533
0.000503212
0.000519888
0.000529791
0.000448598
0.000469696
0.000482831
0.000386943
0.000412897
0.000429095
0.000319866
0.000349233
0.000368091
0.000248822
0.000279273
0.000299835
0.000176874
0.000205166
0.000225365
0.000110362
0.000132038
0.000148488
5.82161e-05
6.93269e-05
7.83168e-05
1.29695e-05
1.51489e-05
1.62397e-05
0.000546503
0.000563968
0.000572533
0.000503212
0.000519889
0.000529791
0.000448598
0.000469696
0.000482831
0.000386943
0.000412897
0.000429095
0.000319866
0.000349233
0.000368091
0.000248822
0.000279273
0.000299835
0.000176874
0.000205166
0.000225365
0.000110362
0.000132038
0.000148488
5.82161e-05
6.93269e-05
7.83168e-05
1.29695e-05
1.51489e-05
1.62397e-05
0.000546503
0.000563968
0.000572533
0.000503212
0.000519889
0.000529791
0.000448598
0.000469696
0.000482831
0.000386943
0.000412897
0.000429095
0.000319866
0.000349233
0.000368091
0.000248822
0.000279273
0.000299835
0.000176874
0.000205166
0.000225365
0.000110362
0.000132038
0.000148488
5.82161e-05
6.93269e-05
7.83168e-05
1.29695e-05
1.51489e-05
1.62397e-05
0.000546503
0.000563968
0.000572533
0.000503212
0.000519889
0.000529791
0.000448598
0.000469696
0.000482831
0.000386943
0.000412897
0.000429095
0.000319866
0.000349233
0.000368091
0.000248822
0.000279273
0.000299835
0.000176874
0.000205166
0.000225365
0.000110362
0.000132038
0.000148488
5.82161e-05
6.93269e-05
7.83168e-05
1.29695e-05
1.51489e-05
1.62397e-05
0.000546503
0.000563968
0.000572533
0.000503212
0.000519889
0.000529791
0.000448598
0.000469696
0.000482831
0.000386943
0.000412897
0.000429095
0.000319866
0.000349233
0.000368091
0.000248822
0.000279273
0.000299835
0.000176874
0.000205166
0.000225365
0.000110362
0.000132038
0.000148488
5.82161e-05
6.93269e-05
7.83168e-05
1.29695e-05
1.51489e-05
1.62397e-05
0.000546503
0.000563968
0.000572533
0.000503212
0.000519889
0.000529791
0.000448598
0.000469696
0.000482831
0.000386943
0.000412897
0.000429095
0.000319866
0.000349233
0.000368091
0.000248822
0.000279273
0.000299835
0.000176874
0.000205166
0.000225365
0.000110362
0.000132038
0.000148488
5.82161e-05
6.93269e-05
7.83168e-05
1.29695e-05
1.51489e-05
1.62397e-05
0.000546503
0.000563968
0.000572533
0.000503212
0.000519889
0.000529791
0.000448598
0.000469696
0.000482831
0.000386943
0.000412897
0.000429095
0.000319866
0.000349233
0.000368091
0.000248822
0.000279273
0.000299835
0.000176874
0.000205166
0.000225365
0.000110362
0.000132038
0.000148488
5.82161e-05
6.93269e-05
7.83168e-05
1.29695e-05
1.51489e-05
1.62397e-05
0.000546503
0.000563968
0.000572533
0.000503212
0.000519889
0.000529791
0.000448598
0.000469696
0.000482831
0.000386943
0.000412897
0.000429095
0.000319866
0.000349233
0.000368091
0.000248822
0.000279273
0.000299835
0.000176874
0.000205166
0.000225365
0.000110362
0.000132038
0.000148488
5.82161e-05
6.93269e-05
7.83168e-05
1.29695e-05
1.51489e-05
1.62397e-05
0.000546503
0.000563968
0.000572533
0.000503212
0.000519889
0.000529791
0.000448598
0.000469696
0.000482831
0.000386943
0.000412897
0.000429095
0.000319866
0.000349233
0.000368091
0.000248822
0.000279273
0.000299835
0.000176874
0.000205166
0.000225365
0.000110362
0.000132038
0.000148488
5.82161e-05
6.93269e-05
7.83168e-05
1.29695e-05
1.51489e-05
1.62397e-05
0.000546503
0.000563968
0.000572533
0.000503212
0.000519889
0.000529791
0.000448598
0.000469696
0.000482831
0.000386943
0.000412897
0.000429095
0.000319866
0.000349233
0.000368091
0.000248822
0.000279273
0.000299835
0.000176874
0.000205166
0.000225365
0.000110362
0.000132038
0.000148488
5.82161e-05
6.93269e-05
7.83168e-05
1.29695e-05
1.51489e-05
1.62397e-05
0.000546503
0.000563968
0.000572533
0.000503212
0.000519889
0.000529791
0.000448598
0.000469696
0.000482831
0.000386943
0.000412897
0.000429095
0.000319866
0.000349233
0.000368091
0.000248822
0.000279273
0.000299835
0.000176874
0.000205166
0.000225365
0.000110362
0.000132038
0.000148488
5.82161e-05
6.93269e-05
7.83168e-05
1.29695e-05
1.51489e-05
1.62397e-05
0.000546503
0.000563968
0.000572533
0.000503212
0.000519889
0.000529791
0.000448598
0.000469696
0.000482831
0.000386943
0.000412897
0.000429095
0.000319866
0.000349233
0.000368091
0.000248822
0.000279273
0.000299835
0.000176874
0.000205166
0.000225365
0.000110362
0.000132038
0.000148488
5.82161e-05
6.93269e-05
7.83168e-05
1.29695e-05
1.51489e-05
1.62397e-05
0.000546503
0.000563968
0.000572533
0.000503212
0.000519889
0.000529791
0.000448598
0.000469696
0.000482831
0.000386943
0.000412897
0.000429095
0.000319866
0.000349233
0.000368091
0.000248822
0.000279273
0.000299835
0.000176874
0.000205166
0.000225365
0.000110362
0.000132038
0.000148488
5.82161e-05
6.93269e-05
7.83168e-05
1.29695e-05
1.51489e-05
1.62397e-05
0.000546503
0.000563968
0.000572533
0.000503212
0.000519889
0.000529791
0.000448598
0.000469696
0.000482831
0.000386943
0.000412897
0.000429095
0.000319866
0.000349233
0.000368091
0.000248822
0.000279273
0.000299835
0.000176874
0.000205166
0.000225365
0.000110362
0.000132038
0.000148488
5.82161e-05
6.93269e-05
7.83168e-05
1.29695e-05
1.51489e-05
1.62397e-05
0.000546503
0.000563968
0.000572533
0.000503212
0.000519889
0.000529791
0.000448598
0.000469696
0.000482831
0.000386943
0.000412897
0.000429095
0.000319866
0.000349233
0.000368091
0.000248822
0.000279273
0.000299835
0.000176874
0.000205166
0.000225365
0.000110362
0.000132038
0.000148488
5.82161e-05
6.93269e-05
7.83168e-05
1.29695e-05
1.51489e-05
1.62397e-05
0.000546503
0.000563968
0.000572533
0.000503212
0.000519889
0.000529791
0.000448598
0.000469696
0.000482831
0.000386943
0.000412897
0.000429095
0.000319866
0.000349233
0.000368091
0.000248822
0.000279273
0.000299835
0.000176874
0.000205166
0.000225365
0.000110362
0.000132038
0.000148488
5.82161e-05
6.93269e-05
7.83168e-05
1.29695e-05
1.51489e-05
1.62397e-05
0.000546503
0.000563968
0.000572533
0.000503212
0.000519889
0.000529791
0.000448598
0.000469696
0.000482831
0.000386943
0.000412897
0.000429095
0.000319866
0.000349233
0.000368091
0.000248822
0.000279273
0.000299835
0.000176874
0.000205166
0.000225365
0.000110362
0.000132038
0.000148488
5.82161e-05
6.93269e-05
7.83168e-05
1.29695e-05
1.51489e-05
1.62397e-05
0.000546503
0.000563968
0.000572533
0.000503212
0.000519889
0.000529791
0.000448598
0.000469696
0.000482831
0.000386943
0.000412897
0.000429095
0.000319866
0.000349233
0.000368091
0.000248822
0.000279273
0.000299835
0.000176874
0.000205166
0.000225365
0.000110362
0.000132038
0.000148488
5.82161e-05
6.93269e-05
7.83169e-05
1.29695e-05
1.51489e-05
1.62397e-05
0.000546503
0.000563968
0.000572533
0.000503212
0.000519889
0.000529791
0.000448598
0.000469696
0.000482831
0.000386943
0.000412897
0.000429095
0.000319866
0.000349233
0.000368091
0.000248822
0.000279273
0.000299835
0.000176874
0.000205166
0.000225365
0.000110362
0.000132038
0.000148488
5.82161e-05
6.93269e-05
7.83169e-05
1.29695e-05
1.51489e-05
1.62397e-05
0.000546503
0.000563968
0.000572533
0.000503212
0.000519889
0.000529791
0.000448598
0.000469696
0.000482831
0.000386943
0.000412897
0.000429095
0.000319866
0.000349233
0.000368091
0.000248822
0.000279273
0.000299835
0.000176874
0.000205166
0.000225365
0.000110362
0.000132038
0.000148488
5.82161e-05
6.93269e-05
7.83169e-05
1.29695e-05
1.51489e-05
1.62397e-05
0.000546503
0.000563968
0.000572533
0.000503212
0.000519889
0.000529791
0.000448598
0.000469696
0.000482831
0.000386943
0.000412897
0.000429095
0.000319866
0.000349233
0.000368091
0.000248822
0.000279273
0.000299835
0.000176874
0.000205166
0.000225365
0.000110362
0.000132038
0.000148488
5.82161e-05
6.93269e-05
7.83169e-05
1.29695e-05
1.51489e-05
1.62397e-05
0.000546503
0.000563968
0.000572533
0.000503212
0.000519889
0.000529791
0.000448598
0.000469696
0.000482831
0.000386943
0.000412898
0.000429095
0.000319866
0.000349233
0.000368091
0.000248823
0.000279273
0.000299835
0.000176874
0.000205166
0.000225365
0.000110362
0.000132038
0.000148488
5.82161e-05
6.93269e-05
7.83169e-05
1.29695e-05
1.51489e-05
1.62397e-05
0.000546503
0.000563968
0.000572533
0.000503212
0.000519889
0.000529791
0.000448598
0.000469696
0.000482831
0.000386943
0.000412898
0.000429095
0.000319866
0.000349233
0.000368091
0.000248823
0.000279273
0.000299835
0.000176874
0.000205166
0.000225365
0.000110362
0.000132038
0.000148488
5.82161e-05
6.93269e-05
7.83169e-05
1.29695e-05
1.51489e-05
1.62397e-05
0.000546503
0.000563968
0.000572533
0.000503212
0.000519889
0.000529791
0.000448598
0.000469696
0.000482831
0.000386943
0.000412898
0.000429095
0.000319866
0.000349233
0.000368091
0.000248823
0.000279273
0.000299835
0.000176874
0.000205166
0.000225365
0.000110362
0.000132038
0.000148488
5.82161e-05
6.93269e-05
7.83169e-05
1.29695e-05
1.51489e-05
1.62397e-05
0.000546503
0.000563968
0.000572533
0.000503212
0.000519889
0.000529791
0.000448598
0.000469696
0.000482831
0.000386943
0.000412898
0.000429095
0.000319866
0.000349233
0.000368091
0.000248823
0.000279273
0.000299835
0.000176874
0.000205166
0.000225365
0.000110362
0.000132038
0.000148488
5.82161e-05
6.9327e-05
7.83169e-05
1.29695e-05
1.51489e-05
1.62397e-05
0.000546503
0.000563968
0.000572533
0.000503212
0.000519889
0.000529791
0.000448598
0.000469696
0.000482831
0.000386943
0.000412898
0.000429095
0.000319866
0.000349233
0.000368091
0.000248823
0.000279273
0.000299835
0.000176874
0.000205166
0.000225365
0.000110362
0.000132038
0.000148488
5.82161e-05
6.9327e-05
7.83169e-05
1.29695e-05
1.51489e-05
1.62397e-05
0.000546503
0.000563968
0.000572533
0.000503212
0.000519889
0.000529791
0.000448598
0.000469696
0.000482831
0.000386943
0.000412898
0.000429095
0.000319866
0.000349233
0.000368091
0.000248823
0.000279273
0.000299835
0.000176874
0.000205166
0.000225365
0.000110362
0.000132038
0.000148488
5.82161e-05
6.9327e-05
7.83169e-05
1.29695e-05
1.51489e-05
1.62397e-05
0.000546503
0.000563968
0.000572533
0.000503212
0.000519889
0.000529791
0.000448598
0.000469696
0.000482831
0.000386943
0.000412898
0.000429095
0.000319866
0.000349233
0.000368091
0.000248823
0.000279274
0.000299835
0.000176874
0.000205166
0.000225365
0.000110362
0.000132038
0.000148488
5.82162e-05
6.9327e-05
7.83169e-05
1.29695e-05
1.51489e-05
1.62397e-05
0.000546503
0.000563968
0.000572533
0.000503212
0.000519889
0.000529791
0.000448598
0.000469696
0.000482831
0.000386943
0.000412898
0.000429095
0.000319866
0.000349233
0.000368091
0.000248823
0.000279274
0.000299835
0.000176874
0.000205166
0.000225365
0.000110362
0.000132038
0.000148488
5.82162e-05
6.9327e-05
7.83169e-05
1.29695e-05
1.51489e-05
1.62397e-05
0.000546503
0.000563968
0.000572534
0.000503212
0.000519889
0.000529791
0.000448598
0.000469696
0.000482831
0.000386943
0.000412898
0.000429095
0.000319866
0.000349233
0.000368091
0.000248823
0.000279274
0.000299835
0.000176874
0.000205166
0.000225365
0.000110362
0.000132038
0.000148488
5.82162e-05
6.9327e-05
7.83169e-05
1.29695e-05
1.51489e-05
1.62397e-05
0.000546503
0.000563968
0.000572534
0.000503212
0.000519889
0.000529791
0.000448598
0.000469696
0.000482831
0.000386943
0.000412898
0.000429095
0.000319866
0.000349233
0.000368091
0.000248823
0.000279274
0.000299835
0.000176874
0.000205166
0.000225365
0.000110362
0.000132038
0.000148488
5.82162e-05
6.9327e-05
7.83169e-05
1.29695e-05
1.51489e-05
1.62397e-05
0.000546503
0.000563968
0.000572534
0.000503212
0.000519889
0.000529791
0.000448598
0.000469696
0.000482831
0.000386943
0.000412898
0.000429095
0.000319866
0.000349233
0.000368091
0.000248823
0.000279274
0.000299835
0.000176874
0.000205166
0.000225365
0.000110362
0.000132038
0.000148488
5.82162e-05
6.9327e-05
7.83169e-05
1.29695e-05
1.51489e-05
1.62397e-05
0.000546503
0.000563968
0.000572534
0.000503212
0.000519889
0.000529791
0.000448598
0.000469696
0.000482831
0.000386943
0.000412898
0.000429095
0.000319866
0.000349233
0.000368091
0.000248823
0.000279274
0.000299835
0.000176874
0.000205167
0.000225365
0.000110362
0.000132038
0.000148488
5.82162e-05
6.9327e-05
7.83169e-05
1.29695e-05
1.51489e-05
1.62397e-05
0.000546503
0.000563968
0.000572534
0.000503212
0.000519889
0.000529791
0.000448598
0.000469696
0.000482831
0.000386943
0.000412898
0.000429095
0.000319866
0.000349233
0.000368091
0.000248823
0.000279274
0.000299835
0.000176874
0.000205167
0.000225365
0.000110362
0.000132038
0.000148488
5.82162e-05
6.9327e-05
7.83169e-05
1.29695e-05
1.51489e-05
1.62397e-05
0.000546503
0.000563968
0.000572534
0.000503212
0.000519889
0.000529791
0.000448598
0.000469696
0.000482831
0.000386943
0.000412898
0.000429095
0.000319866
0.000349233
0.000368091
0.000248823
0.000279274
0.000299835
0.000176874
0.000205167
0.000225365
0.000110362
0.000132038
0.000148488
5.82162e-05
6.9327e-05
7.83169e-05
1.29695e-05
1.51489e-05
1.62397e-05
0.000546503
0.000563968
0.000572534
0.000503212
0.000519889
0.000529792
0.000448598
0.000469696
0.000482832
0.000386943
0.000412898
0.000429095
0.000319866
0.000349233
0.000368091
0.000248823
0.000279274
0.000299835
0.000176874
0.000205167
0.000225365
0.000110362
0.000132038
0.000148488
5.82162e-05
6.9327e-05
7.83169e-05
1.29695e-05
1.51489e-05
1.62397e-05
0.000546503
0.000563968
0.000572534
0.000503212
0.000519889
0.000529792
0.000448598
0.000469696
0.000482832
0.000386944
0.000412898
0.000429095
0.000319866
0.000349233
0.000368091
0.000248823
0.000279274
0.000299835
0.000176874
0.000205167
0.000225365
0.000110362
0.000132038
0.000148488
5.82162e-05
6.9327e-05
7.83169e-05
1.29695e-05
1.51489e-05
1.62397e-05
0.000546503
0.000563968
0.000572534
0.000503212
0.000519889
0.000529792
0.000448598
0.000469696
0.000482832
0.000386944
0.000412898
0.000429095
0.000319866
0.000349233
0.000368091
0.000248823
0.000279274
0.000299835
0.000176874
0.000205167
0.000225365
0.000110362
0.000132038
0.000148488
5.82162e-05
6.9327e-05
7.83169e-05
1.29695e-05
1.51489e-05
1.62397e-05
0.000546503
0.000563968
0.000572534
0.000503212
0.000519889
0.000529792
0.000448598
0.000469697
0.000482832
0.000386944
0.000412898
0.000429095
0.000319866
0.000349233
0.000368091
0.000248823
0.000279274
0.000299835
0.000176874
0.000205167
0.000225365
0.000110362
0.000132038
0.000148488
5.82162e-05
6.9327e-05
7.83169e-05
1.29695e-05
1.51489e-05
1.62397e-05
0.000546503
0.000563968
0.000572534
0.000503212
0.000519889
0.000529792
0.000448598
0.000469697
0.000482832
0.000386944
0.000412898
0.000429096
0.000319866
0.000349233
0.000368091
0.000248823
0.000279274
0.000299835
0.000176874
0.000205167
0.000225365
0.000110362
0.000132038
0.000148488
5.82162e-05
6.9327e-05
7.83169e-05
1.29695e-05
1.51489e-05
1.62397e-05
0.000546503
0.000563968
0.000572534
0.000503212
0.000519889
0.000529792
0.000448599
0.000469697
0.000482832
0.000386944
0.000412898
0.000429096
0.000319866
0.000349233
0.000368091
0.000248823
0.000279274
0.000299835
0.000176874
0.000205167
0.000225365
0.000110362
0.000132038
0.000148488
5.82162e-05
6.9327e-05
7.83169e-05
1.29695e-05
1.51489e-05
1.62398e-05
0.000546503
0.000563968
0.000572534
0.000503212
0.000519889
0.000529792
0.000448599
0.000469697
0.000482832
0.000386944
0.000412898
0.000429096
0.000319866
0.000349233
0.000368091
0.000248823
0.000279274
0.000299835
0.000176874
0.000205167
0.000225365
0.000110362
0.000132038
0.000148488
5.82162e-05
6.9327e-05
7.83169e-05
1.29695e-05
1.51489e-05
1.62398e-05
0.000546503
0.000563968
0.000572534
0.000503212
0.000519889
0.000529792
0.000448599
0.000469697
0.000482832
0.000386944
0.000412898
0.000429096
0.000319867
0.000349233
0.000368091
0.000248823
0.000279274
0.000299835
0.000176874
0.000205167
0.000225365
0.000110362
0.000132038
0.000148488
5.82162e-05
6.9327e-05
7.83169e-05
1.29695e-05
1.51489e-05
1.62398e-05
0.000546503
0.000563968
0.000572534
0.000503212
0.000519889
0.000529792
0.000448599
0.000469697
0.000482832
0.000386944
0.000412898
0.000429096
0.000319867
0.000349233
0.000368091
0.000248823
0.000279274
0.000299835
0.000176874
0.000205167
0.000225365
0.000110362
0.000132038
0.000148488
5.82162e-05
6.9327e-05
7.83169e-05
1.29695e-05
1.51489e-05
1.62398e-05
0.000546503
0.000563968
0.000572534
0.000503212
0.000519889
0.000529792
0.000448599
0.000469697
0.000482832
0.000386944
0.000412898
0.000429096
0.000319867
0.000349233
0.000368091
0.000248823
0.000279274
0.000299835
0.000176874
0.000205167
0.000225365
0.000110362
0.000132038
0.000148488
5.82162e-05
6.9327e-05
7.83169e-05
1.29695e-05
1.51489e-05
1.62398e-05
0.000546503
0.000563968
0.000572534
0.000503212
0.000519889
0.000529792
0.000448599
0.000469697
0.000482832
0.000386944
0.000412898
0.000429096
0.000319867
0.000349233
0.000368091
0.000248823
0.000279274
0.000299835
0.000176874
0.000205167
0.000225365
0.000110362
0.000132038
0.000148488
5.82162e-05
6.9327e-05
7.83169e-05
1.29695e-05
1.51489e-05
1.62398e-05
0.000546503
0.000563969
0.000572534
0.000503212
0.000519889
0.000529792
0.000448599
0.000469697
0.000482832
0.000386944
0.000412898
0.000429096
0.000319867
0.000349234
0.000368091
0.000248823
0.000279274
0.000299835
0.000176874
0.000205167
0.000225365
0.000110362
0.000132038
0.000148488
5.82162e-05
6.9327e-05
7.83169e-05
1.29695e-05
1.51489e-05
1.62398e-05
0.000546503
0.000563969
0.000572534
0.000503212
0.000519889
0.000529792
0.000448599
0.000469697
0.000482832
0.000386944
0.000412898
0.000429096
0.000319867
0.000349234
0.000368091
0.000248823
0.000279274
0.000299835
0.000176874
0.000205167
0.000225365
0.000110362
0.000132038
0.000148488
5.82162e-05
6.9327e-05
7.83169e-05
1.29695e-05
1.51489e-05
1.62398e-05
0.000546503
0.000563969
0.000572534
0.000503212
0.000519889
0.000529792
0.000448599
0.000469697
0.000482832
0.000386944
0.000412898
0.000429096
0.000319867
0.000349234
0.000368091
0.000248823
0.000279274
0.000299835
0.000176874
0.000205167
0.000225365
0.000110362
0.000132038
0.000148488
5.82162e-05
6.9327e-05
7.83169e-05
1.29695e-05
1.51489e-05
1.62398e-05
0.000546503
0.000563969
0.000572534
0.000503212
0.000519889
0.000529792
0.000448599
0.000469697
0.000482832
0.000386944
0.000412898
0.000429096
0.000319867
0.000349234
0.000368091
0.000248823
0.000279274
0.000299835
0.000176874
0.000205167
0.000225365
0.000110362
0.000132038
0.000148488
5.82163e-05
6.9327e-05
7.83169e-05
1.29695e-05
1.51489e-05
1.62398e-05
0.000546503
0.000563969
0.000572534
0.000503212
0.000519889
0.000529792
0.000448599
0.000469697
0.000482832
0.000386944
0.000412898
0.000429096
0.000319867
0.000349234
0.000368091
0.000248823
0.000279274
0.000299835
0.000176874
0.000205167
0.000225365
0.000110362
0.000132038
0.000148488
5.82163e-05
6.9327e-05
7.83169e-05
1.29695e-05
1.51489e-05
1.62398e-05
0.000546504
0.000563969
0.000572534
0.000503212
0.000519889
0.000529792
0.000448599
0.000469697
0.000482832
0.000386944
0.000412898
0.000429096
0.000319867
0.000349234
0.000368091
0.000248823
0.000279274
0.000299836
0.000176874
0.000205167
0.000225365
0.000110362
0.000132038
0.000148488
5.82163e-05
6.9327e-05
7.83169e-05
1.29695e-05
1.51489e-05
1.62398e-05
0.000546504
0.000563969
0.000572534
0.000503213
0.000519889
0.000529792
0.000448599
0.000469697
0.000482832
0.000386944
0.000412898
0.000429096
0.000319867
0.000349234
0.000368091
0.000248823
0.000279274
0.000299836
0.000176874
0.000205167
0.000225365
0.000110362
0.000132038
0.000148488
5.82163e-05
6.9327e-05
7.83169e-05
1.29695e-05
1.51489e-05
1.62398e-05
0.000546504
0.000563969
0.000572534
0.000503213
0.000519889
0.000529792
0.000448599
0.000469697
0.000482832
0.000386944
0.000412898
0.000429096
0.000319867
0.000349234
0.000368091
0.000248823
0.000279274
0.000299836
0.000176874
0.000205167
0.000225365
0.000110362
0.000132038
0.000148488
5.82163e-05
6.9327e-05
7.83169e-05
1.29695e-05
1.51489e-05
1.62398e-05
0.000546504
0.000563969
0.000572534
0.000503213
0.000519889
0.000529792
0.000448599
0.000469697
0.000482832
0.000386944
0.000412898
0.000429096
0.000319867
0.000349234
0.000368091
0.000248823
0.000279274
0.000299836
0.000176874
0.000205167
0.000225365
0.000110362
0.000132038
0.000148488
5.82163e-05
6.9327e-05
7.83169e-05
1.29695e-05
1.51489e-05
1.62398e-05
0.000546504
0.000563969
0.000572534
0.000503213
0.00051989
0.000529792
0.000448599
0.000469697
0.000482832
0.000386944
0.000412898
0.000429096
0.000319867
0.000349234
0.000368091
0.000248823
0.000279274
0.000299836
0.000176874
0.000205167
0.000225365
0.000110362
0.000132038
0.000148488
5.82163e-05
6.9327e-05
7.83169e-05
1.29695e-05
1.51489e-05
1.62398e-05
0.000546504
0.000563969
0.000572534
0.000503213
0.00051989
0.000529792
0.000448599
0.000469697
0.000482832
0.000386944
0.000412898
0.000429096
0.000319867
0.000349234
0.000368091
0.000248823
0.000279274
0.000299836
0.000176875
0.000205167
0.000225365
0.000110362
0.000132038
0.000148488
5.82163e-05
6.9327e-05
7.83169e-05
1.29695e-05
1.51489e-05
1.62398e-05
0.000546504
0.000563969
0.000572534
0.000503213
0.00051989
0.000529792
0.000448599
0.000469697
0.000482832
0.000386944
0.000412898
0.000429096
0.000319867
0.000349234
0.000368091
0.000248823
0.000279274
0.000299836
0.000176875
0.000205167
0.000225365
0.000110362
0.000132038
0.000148488
5.82163e-05
6.9327e-05
7.83169e-05
1.29695e-05
1.51489e-05
1.62398e-05
0.000546504
0.000563969
0.000572534
0.000503213
0.00051989
0.000529792
0.000448599
0.000469697
0.000482832
0.000386944
0.000412898
0.000429096
0.000319867
0.000349234
0.000368091
0.000248823
0.000279274
0.000299836
0.000176875
0.000205167
0.000225365
0.000110362
0.000132038
0.000148488
5.82163e-05
6.9327e-05
7.83169e-05
1.29695e-05
1.51489e-05
1.62398e-05
0.000546504
0.000563969
0.000572534
0.000503213
0.00051989
0.000529792
0.000448599
0.000469697
0.000482832
0.000386944
0.000412898
0.000429096
0.000319867
0.000349234
0.000368091
0.000248823
0.000279274
0.000299836
0.000176875
0.000205167
0.000225365
0.000110362
0.000132038
0.000148488
5.82163e-05
6.9327e-05
7.83169e-05
1.29695e-05
1.51489e-05
1.62398e-05
0.000546504
0.000563969
0.000572534
0.000503213
0.00051989
0.000529792
0.000448599
0.000469697
0.000482832
0.000386944
0.000412898
0.000429096
0.000319867
0.000349234
0.000368091
0.000248823
0.000279274
0.000299836
0.000176875
0.000205167
0.000225365
0.000110362
0.000132038
0.000148488
5.82163e-05
6.93271e-05
7.83169e-05
1.29695e-05
1.51489e-05
1.62398e-05
0.000546504
0.000563969
0.000572534
0.000503213
0.00051989
0.000529792
0.000448599
0.000469697
0.000482832
0.000386944
0.000412898
0.000429096
0.000319867
0.000349234
0.000368091
0.000248823
0.000279274
0.000299836
0.000176875
0.000205167
0.000225365
0.000110362
0.000132038
0.000148488
5.82163e-05
6.93271e-05
7.83169e-05
1.29695e-05
1.51489e-05
1.62398e-05
0.000546504
0.000563969
0.000572534
0.000503213
0.00051989
0.000529792
0.000448599
0.000469697
0.000482832
0.000386944
0.000412898
0.000429096
0.000319867
0.000349234
0.000368091
0.000248823
0.000279274
0.000299836
0.000176875
0.000205167
0.000225365
0.000110362
0.000132038
0.000148488
5.82163e-05
6.93271e-05
7.83169e-05
1.29695e-05
1.51489e-05
1.62398e-05
0.000546504
0.000563969
0.000572534
0.000503213
0.00051989
0.000529792
0.000448599
0.000469697
0.000482832
0.000386944
0.000412898
0.000429096
0.000319867
0.000349234
0.000368091
0.000248823
0.000279274
0.000299836
0.000176875
0.000205167
0.000225365
0.000110362
0.000132038
0.000148488
5.82163e-05
6.93271e-05
7.83169e-05
1.29695e-05
1.51489e-05
1.62398e-05
0.000546504
0.000563969
0.000572534
0.000503213
0.00051989
0.000529792
0.000448599
0.000469697
0.000482832
0.000386944
0.000412898
0.000429096
0.000319867
0.000349234
0.000368091
0.000248823
0.000279274
0.000299836
0.000176875
0.000205167
0.000225365
0.000110362
0.000132038
0.000148488
5.82163e-05
6.93271e-05
7.83169e-05
1.29695e-05
1.51489e-05
1.62398e-05
0.000546504
0.000563969
0.000572534
0.000503213
0.00051989
0.000529792
0.000448599
0.000469697
0.000482832
0.000386944
0.000412898
0.000429096
0.000319867
0.000349234
0.000368091
0.000248823
0.000279274
0.000299836
0.000176875
0.000205167
0.000225365
0.000110362
0.000132038
0.000148488
5.82163e-05
6.93271e-05
7.83169e-05
1.29695e-05
1.51489e-05
1.62398e-05
0.000546504
0.000563969
0.000572534
0.000503213
0.00051989
0.000529792
0.000448599
0.000469697
0.000482832
0.000386944
0.000412898
0.000429096
0.000319867
0.000349234
0.000368091
0.000248823
0.000279274
0.000299836
0.000176875
0.000205167
0.000225365
0.000110362
0.000132038
0.000148489
5.82163e-05
6.93271e-05
7.83169e-05
1.29695e-05
1.51489e-05
1.62398e-05
0.000546504
0.000563969
0.000572534
0.000503213
0.00051989
0.000529792
0.000448599
0.000469697
0.000482832
0.000386944
0.000412898
0.000429096
0.000319867
0.000349234
0.000368091
0.000248823
0.000279274
0.000299836
0.000176875
0.000205167
0.000225365
0.000110362
0.000132038
0.000148489
5.82163e-05
6.93271e-05
7.83169e-05
1.29695e-05
1.51489e-05
1.62398e-05
0.000546504
0.000563969
0.000572534
0.000503213
0.00051989
0.000529792
0.000448599
0.000469697
0.000482832
0.000386944
0.000412898
0.000429096
0.000319867
0.000349234
0.000368091
0.000248823
0.000279274
0.000299836
0.000176875
0.000205167
0.000225365
0.000110362
0.000132038
0.000148489
5.82163e-05
6.93271e-05
7.83169e-05
1.29695e-05
1.51489e-05
1.62398e-05
0.000546504
0.000563969
0.000572534
0.000503213
0.00051989
0.000529792
0.000448599
0.000469697
0.000482832
0.000386944
0.000412898
0.000429096
0.000319867
0.000349234
0.000368091
0.000248823
0.000279274
0.000299836
0.000176875
0.000205167
0.000225365
0.000110362
0.000132038
0.000148489
5.82163e-05
6.93271e-05
7.83169e-05
1.29695e-05
1.51489e-05
1.62398e-05
0.000546504
0.000563969
0.000572534
0.000503213
0.00051989
0.000529792
0.000448599
0.000469697
0.000482832
0.000386944
0.000412898
0.000429096
0.000319867
0.000349234
0.000368091
0.000248823
0.000279274
0.000299836
0.000176875
0.000205167
0.000225365
0.000110362
0.000132038
0.000148489
5.82163e-05
6.93271e-05
7.83169e-05
1.29695e-05
1.51489e-05
1.62398e-05
0.000546504
0.000563969
0.000572534
0.000503213
0.00051989
0.000529792
0.000448599
0.000469697
0.000482832
0.000386944
0.000412898
0.000429096
0.000319867
0.000349234
0.000368091
0.000248823
0.000279274
0.000299836
0.000176875
0.000205167
0.000225365
0.000110362
0.000132038
0.000148489
5.82163e-05
6.93271e-05
7.83169e-05
1.29695e-05
1.51489e-05
1.62398e-05
0.000546504
0.000563969
0.000572534
0.000503213
0.00051989
0.000529792
0.000448599
0.000469697
0.000482832
0.000386944
0.000412898
0.000429096
0.000319867
0.000349234
0.000368091
0.000248823
0.000279274
0.000299836
0.000176875
0.000205167
0.000225365
0.000110362
0.000132038
0.000148489
5.82163e-05
6.93271e-05
7.83169e-05
1.29695e-05
1.51489e-05
1.62398e-05
0.000546504
0.000563969
0.000572534
0.000503213
0.00051989
0.000529792
0.000448599
0.000469697
0.000482832
0.000386944
0.000412898
0.000429096
0.000319867
0.000349234
0.000368091
0.000248823
0.000279274
0.000299836
0.000176875
0.000205167
0.000225365
0.000110362
0.000132038
0.000148489
5.82163e-05
6.93271e-05
7.83169e-05
1.29695e-05
1.51489e-05
1.62398e-05
0.000546504
0.000563969
0.000572534
0.000503213
0.00051989
0.000529792
0.000448599
0.000469697
0.000482832
0.000386944
0.000412898
0.000429096
0.000319867
0.000349234
0.000368091
0.000248823
0.000279274
0.000299836
0.000176875
0.000205167
0.000225365
0.000110362
0.000132038
0.000148489
5.82163e-05
6.93271e-05
7.83169e-05
1.29695e-05
1.51489e-05
1.62398e-05
0.000546504
0.000563969
0.000572534
0.000503213
0.00051989
0.000529792
0.000448599
0.000469697
0.000482832
0.000386944
0.000412898
0.000429096
0.000319867
0.000349234
0.000368091
0.000248823
0.000279274
0.000299836
0.000176875
0.000205167
0.000225365
0.000110362
0.000132038
0.000148489
5.82163e-05
6.93271e-05
7.83169e-05
1.29695e-05
1.51489e-05
1.62398e-05
0.000546504
0.000563969
0.000572534
0.000503213
0.00051989
0.000529792
0.000448599
0.000469697
0.000482832
0.000386944
0.000412898
0.000429096
0.000319867
0.000349234
0.000368091
0.000248823
0.000279274
0.000299836
0.000176875
0.000205167
0.000225365
0.000110362
0.000132038
0.000148489
5.82163e-05
6.93271e-05
7.83169e-05
1.29695e-05
1.51489e-05
1.62398e-05
0.000546504
0.000563969
0.000572534
0.000503213
0.00051989
0.000529792
0.000448599
0.000469697
0.000482832
0.000386944
0.000412898
0.000429096
0.000319867
0.000349234
0.000368091
0.000248823
0.000279274
0.000299836
0.000176875
0.000205167
0.000225365
0.000110363
0.000132038
0.000148489
5.82163e-05
6.93271e-05
7.83169e-05
1.29695e-05
1.51489e-05
1.62398e-05
0.000546504
0.000563969
0.000572535
0.000503213
0.00051989
0.000529792
0.000448599
0.000469697
0.000482832
0.000386944
0.000412898
0.000429096
0.000319867
0.000349234
0.000368092
0.000248823
0.000279274
0.000299836
0.000176875
0.000205167
0.000225365
0.000110363
0.000132038
0.000148489
5.82163e-05
6.93271e-05
7.83169e-05
1.29695e-05
1.51489e-05
1.62398e-05
0.000546504
0.000563969
0.000572535
0.000503213
0.00051989
0.000529792
0.000448599
0.000469697
0.000482832
0.000386944
0.000412898
0.000429096
0.000319867
0.000349234
0.000368092
0.000248823
0.000279274
0.000299836
0.000176875
0.000205167
0.000225365
0.000110363
0.000132038
0.000148489
5.82163e-05
6.93271e-05
7.83169e-05
1.29695e-05
1.51489e-05
1.62398e-05
0.000546504
0.000563969
0.000572535
0.000503213
0.00051989
0.000529792
0.000448599
0.000469697
0.000482832
0.000386944
0.000412898
0.000429096
0.000319867
0.000349234
0.000368092
0.000248823
0.000279274
0.000299836
0.000176875
0.000205167
0.000225365
0.000110363
0.000132038
0.000148489
5.82163e-05
6.93271e-05
7.83169e-05
1.29695e-05
1.51489e-05
1.62398e-05
0.000546504
0.000563969
0.000572535
0.000503213
0.00051989
0.000529792
0.000448599
0.000469697
0.000482832
0.000386944
0.000412898
0.000429096
0.000319867
0.000349234
0.000368092
0.000248823
0.000279274
0.000299836
0.000176875
0.000205167
0.000225365
0.000110363
0.000132038
0.000148489
5.82163e-05
6.93271e-05
7.83169e-05
1.29695e-05
1.51489e-05
1.62398e-05
0.000546504
0.000563969
0.000572535
0.000503213
0.00051989
0.000529792
0.000448599
0.000469697
0.000482832
0.000386944
0.000412898
0.000429096
0.000319867
0.000349234
0.000368092
0.000248823
0.000279274
0.000299836
0.000176875
0.000205167
0.000225365
0.000110363
0.000132038
0.000148489
5.82164e-05
6.93271e-05
7.83169e-05
1.29695e-05
1.51489e-05
1.62398e-05
0.000546504
0.000563969
0.000572535
0.000503213
0.00051989
0.000529792
0.000448599
0.000469697
0.000482832
0.000386944
0.000412898
0.000429096
0.000319867
0.000349234
0.000368092
0.000248823
0.000279274
0.000299836
0.000176875
0.000205167
0.000225365
0.000110363
0.000132038
0.000148489
5.82164e-05
6.93271e-05
7.83169e-05
1.29695e-05
1.51489e-05
1.62398e-05
0.000546504
0.000563969
0.000572535
0.000503213
0.00051989
0.000529792
0.000448599
0.000469697
0.000482832
0.000386944
0.000412898
0.000429096
0.000319867
0.000349234
0.000368092
0.000248823
0.000279274
0.000299836
0.000176875
0.000205167
0.000225365
0.000110363
0.000132038
0.000148489
5.82164e-05
6.93271e-05
7.83169e-05
1.29695e-05
1.51489e-05
1.62398e-05
0.000546504
0.000563969
0.000572535
0.000503213
0.00051989
0.000529792
0.000448599
0.000469697
0.000482832
0.000386944
0.000412898
0.000429096
0.000319867
0.000349234
0.000368092
0.000248823
0.000279274
0.000299836
0.000176875
0.000205167
0.000225365
0.000110363
0.000132038
0.000148489
5.82164e-05
6.93271e-05
7.8317e-05
1.29695e-05
1.51489e-05
1.62398e-05
0.000546504
0.000563969
0.000572535
0.000503213
0.00051989
0.000529792
0.000448599
0.000469697
0.000482832
0.000386944
0.000412898
0.000429096
0.000319867
0.000349234
0.000368092
0.000248823
0.000279274
0.000299836
0.000176875
0.000205167
0.000225365
0.000110363
0.000132038
0.000148489
5.82164e-05
6.93271e-05
7.8317e-05
1.29695e-05
1.51489e-05
1.62398e-05
0.000546504
0.000563969
0.000572535
0.000503213
0.00051989
0.000529792
0.000448599
0.000469697
0.000482832
0.000386944
0.000412898
0.000429096
0.000319867
0.000349234
0.000368092
0.000248823
0.000279274
0.000299836
0.000176875
0.000205167
0.000225365
0.000110363
0.000132038
0.000148489
5.82164e-05
6.93271e-05
7.8317e-05
1.29695e-05
1.51489e-05
1.62398e-05
0.000546504
0.000563969
0.000572535
0.000503213
0.00051989
0.000529792
0.000448599
0.000469697
0.000482832
0.000386944
0.000412898
0.000429096
0.000319867
0.000349234
0.000368092
0.000248823
0.000279274
0.000299836
0.000176875
0.000205167
0.000225365
0.000110363
0.000132038
0.000148489
5.82164e-05
6.93271e-05
7.8317e-05
1.29695e-05
1.51489e-05
1.62398e-05
0.000546504
0.000563969
0.000572535
0.000503213
0.00051989
0.000529792
0.000448599
0.000469697
0.000482832
0.000386944
0.000412898
0.000429096
0.000319867
0.000349234
0.000368092
0.000248823
0.000279274
0.000299836
0.000176875
0.000205167
0.000225365
0.000110363
0.000132038
0.000148489
5.82164e-05
6.93271e-05
7.8317e-05
1.29695e-05
1.51489e-05
1.62398e-05
0.000546504
0.000563969
0.000572535
0.000503213
0.00051989
0.000529792
0.000448599
0.000469697
0.000482832
0.000386944
0.000412899
0.000429096
0.000319867
0.000349234
0.000368092
0.000248824
0.000279274
0.000299836
0.000176875
0.000205167
0.000225365
0.000110363
0.000132038
0.000148489
5.82164e-05
6.93271e-05
7.8317e-05
1.29695e-05
1.51489e-05
1.62398e-05
0.000546504
0.000563969
0.000572535
0.000503213
0.00051989
0.000529792
0.000448599
0.000469697
0.000482832
0.000386944
0.000412899
0.000429096
0.000319867
0.000349234
0.000368092
0.000248824
0.000279274
0.000299836
0.000176875
0.000205167
0.000225365
0.000110363
0.000132038
0.000148489
5.82164e-05
6.93271e-05
7.8317e-05
1.29695e-05
1.51489e-05
1.62398e-05
0.000546504
0.000563969
0.000572535
0.000503213
0.00051989
0.000529792
0.000448599
0.000469697
0.000482832
0.000386944
0.000412899
0.000429096
0.000319867
0.000349234
0.000368092
0.000248824
0.000279274
0.000299836
0.000176875
0.000205167
0.000225365
0.000110363
0.000132038
0.000148489
5.82164e-05
6.93271e-05
7.8317e-05
1.29695e-05
1.51489e-05
1.62398e-05
0.000546504
0.000563969
0.000572535
0.000503213
0.00051989
0.000529793
0.000448599
0.000469697
0.000482832
0.000386944
0.000412899
0.000429096
0.000319867
0.000349234
0.000368092
0.000248824
0.000279274
0.000299836
0.000176875
0.000205167
0.000225365
0.000110363
0.000132038
0.000148489
5.82164e-05
6.93271e-05
7.8317e-05
1.29695e-05
1.51489e-05
1.62398e-05
0.000546504
0.000563969
0.000572535
0.000503213
0.00051989
0.000529793
0.000448599
0.000469697
0.000482832
0.000386944
0.000412899
0.000429096
0.000319867
0.000349234
0.000368092
0.000248824
0.000279274
0.000299836
0.000176875
0.000205167
0.000225365
0.000110363
0.000132038
0.000148489
5.82164e-05
6.93271e-05
7.8317e-05
1.29695e-05
1.51489e-05
1.62398e-05
0.000546504
0.000563969
0.000572535
0.000503213
0.00051989
0.000529793
0.000448599
0.000469697
0.000482832
0.000386944
0.000412899
0.000429096
0.000319867
0.000349234
0.000368092
0.000248824
0.000279274
0.000299836
0.000176875
0.000205167
0.000225365
0.000110363
0.000132038
0.000148489
5.82164e-05
6.93271e-05
7.8317e-05
1.29695e-05
1.51489e-05
1.62398e-05
0.000546504
0.000563969
0.000572535
0.000503213
0.00051989
0.000529793
0.000448599
0.000469697
0.000482832
0.000386945
0.000412899
0.000429096
0.000319867
0.000349234
0.000368092
0.000248824
0.000279274
0.000299836
0.000176875
0.000205167
0.000225365
0.000110363
0.000132038
0.000148489
5.82164e-05
6.93271e-05
7.8317e-05
1.29695e-05
1.51489e-05
1.62398e-05
0.000546504
0.000563969
0.000572535
0.000503213
0.00051989
0.000529793
0.000448599
0.000469697
0.000482833
0.000386945
0.000412899
0.000429096
0.000319867
0.000349234
0.000368092
0.000248824
0.000279274
0.000299836
0.000176875
0.000205167
0.000225365
0.000110363
0.000132038
0.000148489
5.82164e-05
6.93271e-05
7.8317e-05
1.29695e-05
1.51489e-05
1.62398e-05
0.000546504
0.000563969
0.000572535
0.000503213
0.00051989
0.000529793
0.0004486
0.000469697
0.000482833
0.000386945
0.000412899
0.000429096
0.000319867
0.000349234
0.000368092
0.000248824
0.000279274
0.000299836
0.000176875
0.000205167
0.000225365
0.000110363
0.000132038
0.000148489
5.82164e-05
6.93271e-05
7.8317e-05
1.29695e-05
1.51489e-05
1.62398e-05
0.000546504
0.000563969
0.000572535
0.000503213
0.00051989
0.000529793
0.0004486
0.000469697
0.000482833
0.000386945
0.000412899
0.000429096
0.000319867
0.000349234
0.000368092
0.000248824
0.000279274
0.000299836
0.000176875
0.000205167
0.000225365
0.000110363
0.000132038
0.000148489
5.82164e-05
6.93271e-05
7.8317e-05
1.29695e-05
1.51489e-05
1.62398e-05
0.000546504
0.000563969
0.000572535
0.000503213
0.00051989
0.000529793
0.0004486
0.000469697
0.000482832
0.000386945
0.000412899
0.000429096
0.000319867
0.000349234
0.000368092
0.000248824
0.000279274
0.000299836
0.000176875
0.000205167
0.000225365
0.000110363
0.000132038
0.000148489
5.82164e-05
6.93271e-05
7.8317e-05
1.29695e-05
1.51489e-05
1.62398e-05
0.000546504
0.000563969
0.000572535
0.000503213
0.00051989
0.000529792
0.0004486
0.000469697
0.000482832
0.000386945
0.000412899
0.000429096
0.000319868
0.000349234
0.000368092
0.000248824
0.000279274
0.000299836
0.000176875
0.000205167
0.000225366
0.000110363
0.000132039
0.000148489
5.82164e-05
6.93272e-05
7.83171e-05
1.29695e-05
1.51489e-05
1.62398e-05
0.000546504
0.000563969
0.000572534
0.000503213
0.000519889
0.000529792
0.000448599
0.000469697
0.000482831
0.000386944
0.000412898
0.000429095
0.000319867
0.000349234
0.000368091
0.000248824
0.000279274
0.000299836
0.000176875
0.000205167
0.000225366
0.000110363
0.000132039
0.000148489
5.82164e-05
6.93272e-05
7.83171e-05
1.29695e-05
1.51489e-05
1.62398e-05
0.0005465
0.000563965
0.00057253
0.00050321
0.000519886
0.000529788
0.000448598
0.000469695
0.000482829
0.000386944
0.000412897
0.000429094
0.000319868
0.000349233
0.000368091
0.000248824
0.000279274
0.000299836
0.000176876
0.000205168
0.000225366
0.000110363
0.000132039
0.000148489
5.82165e-05
6.93274e-05
7.83174e-05
1.29695e-05
1.51489e-05
1.62398e-05
0.000546408
0.000563867
0.00057243
0.000503127
0.000519798
0.000529697
0.000448528
0.000469618
0.000482748
0.000386889
0.000412833
0.000429026
0.000319827
0.000349185
0.000368037
0.000248798
0.000279241
0.000299799
0.000176861
0.000205148
0.000225344
0.000110357
0.000132031
0.00014848
5.82152e-05
6.93259e-05
7.83162e-05
1.29695e-05
1.5149e-05
1.62399e-05
)
;

boundaryField
{
    inlet
    {
        type            calculated;
        value           nonuniform List<scalar> 
69
(
0.000676733
0.000676502
0.000675798
0.000676502
0.000676328
0.000675334
0.000675798
0.000675334
0.000673826
0.000673924
0.000669852
0.000661165
0.000643832
0.000611481
0.000555202
0.000464844
0.000333895
0.000171589
2.77778e-05
0.000672857
0.000667711
0.0006572
0.000637072
0.000600951
0.000540451
0.00044683
0.000315954
0.000159356
2.52516e-05
0.000669769
0.00066191
0.000647106
0.000620855
0.000577095
0.000508836
0.000410269
0.000281467
0.000137148
2.09007e-05
0.000669769
0.00066191
0.000647106
0.000620855
0.000577095
0.000508836
0.000410269
0.000281467
0.000137148
2.09007e-05
0.000672857
0.000667711
0.0006572
0.000637072
0.000600951
0.000540451
0.00044683
0.000315954
0.000159356
2.52516e-05
0.000673924
0.000669852
0.000661165
0.000643832
0.000611481
0.000555202
0.000464844
0.000333895
0.000171589
2.77778e-05
)
;
    }
    outlet
    {
        type            calculated;
        value           nonuniform List<scalar> 
69
(
0.000662114
0.000647764
0.000616654
0.000647778
0.000635071
0.000606543
0.000616683
0.00060656
0.000583088
0.000572402
0.000529718
0.00048281
0.000429118
0.000368151
0.00029992
0.000225456
0.000148563
7.83528e-05
1.62396e-05
0.000563849
0.000519817
0.000469667
0.000412909
0.000349278
0.000279341
0.000205241
0.000132099
6.93558e-05
1.51486e-05
0.000546418
0.000503137
0.000448535
0.000386901
0.000319848
0.000248826
0.000176892
0.000110382
5.82257e-05
1.29692e-05
0.000546408
0.000503127
0.000448528
0.000386889
0.000319827
0.000248798
0.000176861
0.000110357
5.82152e-05
1.29695e-05
0.000563867
0.000519798
0.000469618
0.000412833
0.000349185
0.000279241
0.000205148
0.000132031
6.93259e-05
1.5149e-05
0.00057243
0.000529697
0.000482748
0.000429026
0.000368037
0.000299799
0.000225344
0.00014848
7.83162e-05
1.62399e-05
)
;
    }
    pipe
    {
        type            nutkWallFunction;
        blending        stepwise;
        value           nonuniform List<scalar> 
1980
(
2.10226e-07
7.29589e-07
1.21958e-06
1.64395e-06
1.98602e-06
2.24512e-06
2.43019e-06
2.55424e-06
2.6307e-06
2.67153e-06
2.68655e-06
2.6834e-06
2.66779e-06
2.64381e-06
2.61436e-06
2.58146e-06
2.54651e-06
2.51055e-06
2.47445e-06
2.43898e-06
2.40491e-06
2.37291e-06
2.34348e-06
2.31686e-06
2.29294e-06
2.27133e-06
2.25139e-06
2.23249e-06
2.2141e-06
2.19602e-06
2.17851e-06
2.16236e-06
2.14892e-06
2.13984e-06
2.1365e-06
2.13925e-06
2.14743e-06
2.15974e-06
2.17469e-06
2.1909e-06
2.20732e-06
2.22327e-06
2.23833e-06
2.25232e-06
2.26517e-06
2.27692e-06
2.28765e-06
2.29748e-06
2.30651e-06
2.31483e-06
2.32255e-06
2.32973e-06
2.33644e-06
2.34272e-06
2.34862e-06
2.35417e-06
2.35939e-06
2.3643e-06
2.3689e-06
2.37321e-06
2.37722e-06
2.38096e-06
2.38441e-06
2.38761e-06
2.39054e-06
2.39323e-06
2.39568e-06
2.39791e-06
2.39992e-06
2.40173e-06
2.40335e-06
2.40479e-06
2.40606e-06
2.40717e-06
2.40814e-06
2.40898e-06
2.40969e-06
2.41029e-06
2.41079e-06
2.4112e-06
2.41152e-06
2.41177e-06
2.41197e-06
2.41211e-06
2.41222e-06
2.4123e-06
2.41238e-06
2.41247e-06
2.41259e-06
2.41277e-06
2.41304e-06
2.41343e-06
2.41399e-06
2.41478e-06
2.41585e-06
2.41728e-06
2.41915e-06
2.42155e-06
2.42459e-06
2.42837e-06
2.433e-06
2.43858e-06
2.44519e-06
2.4529e-06
2.46172e-06
2.47161e-06
2.48247e-06
2.49414e-06
2.50639e-06
2.51893e-06
2.53146e-06
2.54368e-06
2.55531e-06
2.56612e-06
2.57594e-06
2.58468e-06
2.59229e-06
2.59879e-06
2.60425e-06
2.60874e-06
2.61237e-06
2.61526e-06
2.61752e-06
2.61924e-06
2.62054e-06
2.62148e-06
2.62214e-06
2.6226e-06
2.62289e-06
2.62306e-06
2.62314e-06
2.62316e-06
2.62314e-06
2.62309e-06
2.62302e-06
2.62295e-06
2.62288e-06
2.62281e-06
2.62275e-06
2.62269e-06
2.62264e-06
2.62259e-06
2.62255e-06
2.62252e-06
2.62249e-06
2.62247e-06
2.62245e-06
2.62244e-06
2.62242e-06
2.62242e-06
2.62241e-06
2.6224e-06
2.6224e-06
2.62239e-06
2.62239e-06
2.62239e-06
2.62239e-06
2.62239e-06
2.62239e-06
2.62238e-06
2.62238e-06
2.62238e-06
2.62238e-06
2.62238e-06
2.62238e-06
2.62238e-06
2.62238e-06
2.62238e-06
2.62238e-06
2.62238e-06
2.62238e-06
2.62238e-06
2.62238e-06
2.62238e-06
2.62238e-06
2.62238e-06
2.62238e-06
2.62238e-06
2.62238e-06
2.62238e-06
2.62238e-06
2.62238e-06
2.62238e-06
2.62238e-06
2.62238e-06
2.62238e-06
2.62238e-06
2.62238e-06
2.62238e-06
2.62238e-06
2.62238e-06
2.62238e-06
2.62238e-06
2.62238e-06
2.62238e-06
2.62238e-06
2.62238e-06
2.62238e-06
2.62238e-06
2.62238e-06
2.62238e-06
2.62238e-06
2.62238e-06
2.62238e-06
2.62238e-06
2.62238e-06
2.62238e-06
2.62238e-06
2.62238e-06
2.62238e-06
2.62238e-06
2.62238e-06
2.62238e-06
2.62238e-06
2.62238e-06
2.62238e-06
2.62238e-06
2.62238e-06
2.62238e-06
2.62238e-06
2.62238e-06
2.62238e-06
2.62238e-06
2.62238e-06
2.62238e-06
2.62238e-06
2.62238e-06
2.62238e-06
2.62238e-06
2.62238e-06
2.62238e-06
2.62238e-06
2.62238e-06
2.62238e-06
2.62238e-06
2.62238e-06
2.62238e-06
2.62238e-06
2.62238e-06
2.62238e-06
2.62238e-06
2.62238e-06
2.62238e-06
2.62238e-06
2.62238e-06
2.62238e-06
2.62238e-06
2.62238e-06
2.62238e-06
2.62238e-06
2.62238e-06
2.62238e-06
2.62238e-06
2.62239e-06
2.62239e-06
2.62239e-06
2.62239e-06
2.62239e-06
2.62239e-06
2.62239e-06
2.62239e-06
2.62239e-06
2.62239e-06
2.62239e-06
2.62239e-06
2.62239e-06
2.62239e-06
2.62239e-06
2.62239e-06
2.62239e-06
2.62239e-06
2.62239e-06
2.62239e-06
2.62239e-06
2.62239e-06
2.62239e-06
2.62239e-06
2.62239e-06
2.62239e-06
2.62239e-06
2.62239e-06
2.62239e-06
2.62239e-06
2.62239e-06
2.62239e-06
2.62239e-06
2.62239e-06
2.62239e-06
2.62239e-06
2.62239e-06
2.62239e-06
2.62239e-06
2.62239e-06
2.62239e-06
2.62239e-06
2.62239e-06
2.62239e-06
2.62239e-06
2.62239e-06
2.62239e-06
2.62239e-06
2.62239e-06
2.62239e-06
2.62239e-06
2.62239e-06
2.62239e-06
2.62239e-06
2.62239e-06
2.62239e-06
2.62239e-06
2.62239e-06
2.62239e-06
2.62239e-06
2.62239e-06
2.62239e-06
2.62239e-06
2.62239e-06
2.62239e-06
2.62239e-06
2.62239e-06
2.62239e-06
2.62239e-06
2.62239e-06
2.62239e-06
2.62239e-06
2.62239e-06
2.62239e-06
2.62239e-06
2.62239e-06
2.6224e-06
2.17391e-07
7.57422e-07
1.24965e-06
1.66012e-06
1.97778e-06
2.20784e-06
2.36377e-06
2.46132e-06
2.51517e-06
2.53758e-06
2.53812e-06
2.52393e-06
2.50015e-06
2.47037e-06
2.43708e-06
2.40201e-06
2.3664e-06
2.33121e-06
2.29726e-06
2.26528e-06
2.23585e-06
2.20934e-06
2.18579e-06
2.16492e-06
2.14618e-06
2.12891e-06
2.11252e-06
2.09668e-06
2.08139e-06
2.06708e-06
2.05463e-06
2.04532e-06
2.04065e-06
2.04192e-06
2.0494e-06
2.06237e-06
2.07938e-06
2.0987e-06
2.11868e-06
2.13805e-06
2.15597e-06
2.172e-06
2.18601e-06
2.19808e-06
2.20841e-06
2.21726e-06
2.22488e-06
2.23151e-06
2.23737e-06
2.24261e-06
2.24737e-06
2.25177e-06
2.25588e-06
2.25976e-06
2.26343e-06
2.26693e-06
2.27027e-06
2.27346e-06
2.27651e-06
2.27942e-06
2.28219e-06
2.28483e-06
2.28733e-06
2.2897e-06
2.29192e-06
2.294e-06
2.29595e-06
2.29775e-06
2.29942e-06
2.30095e-06
2.30235e-06
2.30362e-06
2.30477e-06
2.30581e-06
2.30673e-06
2.30756e-06
2.30829e-06
2.30893e-06
2.30949e-06
2.30998e-06
2.3104e-06
2.31078e-06
2.31111e-06
2.31141e-06
2.31169e-06
2.31196e-06
2.31225e-06
2.31257e-06
2.31293e-06
2.31338e-06
2.31393e-06
2.31462e-06
2.31551e-06
2.31662e-06
2.31802e-06
2.31978e-06
2.32195e-06
2.32463e-06
2.32788e-06
2.33179e-06
2.33644e-06
2.34192e-06
2.34828e-06
2.35557e-06
2.36377e-06
2.37285e-06
2.38269e-06
2.39314e-06
2.40398e-06
2.41496e-06
2.42581e-06
2.43627e-06
2.44612e-06
2.45519e-06
2.46335e-06
2.47054e-06
2.47674e-06
2.482e-06
2.48638e-06
2.48995e-06
2.49282e-06
2.49509e-06
2.49684e-06
2.49817e-06
2.49915e-06
2.49986e-06
2.50036e-06
2.50069e-06
2.5009e-06
2.50101e-06
2.50106e-06
2.50106e-06
2.50103e-06
2.50099e-06
2.50093e-06
2.50087e-06
2.50081e-06
2.50075e-06
2.5007e-06
2.50065e-06
2.50061e-06
2.50057e-06
2.50054e-06
2.50052e-06
2.50049e-06
2.50048e-06
2.50046e-06
2.50045e-06
2.50044e-06
2.50043e-06
2.50043e-06
2.50042e-06
2.50042e-06
2.50042e-06
2.50041e-06
2.50041e-06
2.50041e-06
2.50041e-06
2.50041e-06
2.50041e-06
2.50041e-06
2.50041e-06
2.50041e-06
2.50041e-06
2.50041e-06
2.50041e-06
2.50041e-06
2.50041e-06
2.50041e-06
2.50041e-06
2.50041e-06
2.50041e-06
2.50041e-06
2.50041e-06
2.50041e-06
2.50041e-06
2.50041e-06
2.50041e-06
2.50041e-06
2.50041e-06
2.50041e-06
2.50041e-06
2.50041e-06
2.50041e-06
2.50041e-06
2.50041e-06
2.50041e-06
2.50041e-06
2.50041e-06
2.50041e-06
2.50041e-06
2.50041e-06
2.50041e-06
2.50041e-06
2.50041e-06
2.50041e-06
2.50041e-06
2.50041e-06
2.50041e-06
2.50041e-06
2.50041e-06
2.50041e-06
2.50041e-06
2.50041e-06
2.50041e-06
2.50041e-06
2.50041e-06
2.50041e-06
2.50041e-06
2.50041e-06
2.50041e-06
2.50041e-06
2.50041e-06
2.50041e-06
2.50041e-06
2.50041e-06
2.50041e-06
2.50041e-06
2.50041e-06
2.50041e-06
2.50041e-06
2.50041e-06
2.50041e-06
2.50041e-06
2.50041e-06
2.50041e-06
2.50041e-06
2.50041e-06
2.50041e-06
2.50041e-06
2.50041e-06
2.50041e-06
2.50041e-06
2.50041e-06
2.50041e-06
2.50041e-06
2.50041e-06
2.50041e-06
2.50041e-06
2.50041e-06
2.50041e-06
2.50041e-06
2.50041e-06
2.50041e-06
2.50041e-06
2.50041e-06
2.50041e-06
2.50041e-06
2.50041e-06
2.50041e-06
2.50041e-06
2.50041e-06
2.50041e-06
2.50041e-06
2.50041e-06
2.50041e-06
2.50041e-06
2.50041e-06
2.50041e-06
2.50041e-06
2.50041e-06
2.50041e-06
2.50041e-06
2.50041e-06
2.50041e-06
2.50041e-06
2.50041e-06
2.50041e-06
2.50041e-06
2.50041e-06
2.50041e-06
2.50041e-06
2.50041e-06
2.50041e-06
2.50041e-06
2.50041e-06
2.50041e-06
2.50041e-06
2.50041e-06
2.50041e-06
2.50041e-06
2.50041e-06
2.50041e-06
2.50041e-06
2.50041e-06
2.50041e-06
2.50041e-06
2.50041e-06
2.50041e-06
2.50041e-06
2.50041e-06
2.50041e-06
2.50041e-06
2.50041e-06
2.50041e-06
2.50041e-06
2.50041e-06
2.50041e-06
2.50041e-06
2.50041e-06
2.50041e-06
2.50041e-06
2.50041e-06
2.50041e-06
2.50041e-06
2.50041e-06
2.50041e-06
2.50041e-06
2.50041e-06
2.50041e-06
2.50041e-06
2.50041e-06
2.50041e-06
2.50041e-06
2.50041e-06
2.50041e-06
2.50041e-06
2.50041e-06
2.50041e-06
2.50041e-06
2.50041e-06
2.50041e-06
2.50041e-06
2.50041e-06
2.50041e-06
2.50041e-06
2.50041e-06
2.50041e-06
2.50041e-06
2.50042e-06
2.43789e-07
8.1598e-07
1.29775e-06
1.66728e-06
1.92871e-06
2.09961e-06
2.20101e-06
2.25221e-06
2.26876e-06
2.26236e-06
2.24141e-06
2.21175e-06
2.17739e-06
2.1411e-06
2.10484e-06
2.07004e-06
2.03787e-06
2.00918e-06
1.98443e-06
1.96359e-06
1.94606e-06
1.93084e-06
1.91682e-06
1.90302e-06
1.88889e-06
1.8743e-06
1.8596e-06
1.84557e-06
1.83331e-06
1.82423e-06
1.81983e-06
1.82147e-06
1.82995e-06
1.84478e-06
1.86456e-06
1.88737e-06
1.91126e-06
1.93453e-06
1.95601e-06
1.975e-06
1.99123e-06
2.00473e-06
2.01572e-06
2.02455e-06
2.0316e-06
2.03722e-06
2.04175e-06
2.04545e-06
2.04855e-06
2.05121e-06
2.05356e-06
2.05569e-06
2.05768e-06
2.05956e-06
2.06135e-06
2.06308e-06
2.06475e-06
2.06637e-06
2.06794e-06
2.06946e-06
2.07093e-06
2.07235e-06
2.0737e-06
2.07501e-06
2.07625e-06
2.07743e-06
2.07854e-06
2.0796e-06
2.08059e-06
2.08151e-06
2.08237e-06
2.08316e-06
2.08389e-06
2.08456e-06
2.08516e-06
2.0857e-06
2.08619e-06
2.08663e-06
2.08702e-06
2.08736e-06
2.08767e-06
2.08795e-06
2.08822e-06
2.08847e-06
2.08873e-06
2.08901e-06
2.08933e-06
2.0897e-06
2.09017e-06
2.09075e-06
2.09148e-06
2.0924e-06
2.09354e-06
2.09495e-06
2.09669e-06
2.09879e-06
2.10131e-06
2.10431e-06
2.10784e-06
2.11195e-06
2.1167e-06
2.12212e-06
2.12826e-06
2.13511e-06
2.14265e-06
2.15081e-06
2.15947e-06
2.16847e-06
2.17761e-06
2.18668e-06
2.19546e-06
2.20376e-06
2.21142e-06
2.21834e-06
2.22445e-06
2.22973e-06
2.23422e-06
2.23796e-06
2.24102e-06
2.24348e-06
2.24542e-06
2.24693e-06
2.24807e-06
2.24892e-06
2.24954e-06
2.24997e-06
2.25025e-06
2.25043e-06
2.25054e-06
2.25058e-06
2.25058e-06
2.25056e-06
2.25052e-06
2.25048e-06
2.25043e-06
2.25038e-06
2.25033e-06
2.25028e-06
2.25024e-06
2.25021e-06
2.25018e-06
2.25015e-06
2.25013e-06
2.25011e-06
2.2501e-06
2.25009e-06
2.25008e-06
2.25007e-06
2.25006e-06
2.25006e-06
2.25005e-06
2.25005e-06
2.25005e-06
2.25005e-06
2.25004e-06
2.25004e-06
2.25004e-06
2.25004e-06
2.25004e-06
2.25004e-06
2.25004e-06
2.25004e-06
2.25004e-06
2.25004e-06
2.25004e-06
2.25004e-06
2.25004e-06
2.25004e-06
2.25004e-06
2.25004e-06
2.25004e-06
2.25004e-06
2.25004e-06
2.25004e-06
2.25004e-06
2.25004e-06
2.25004e-06
2.25004e-06
2.25004e-06
2.25004e-06
2.25004e-06
2.25004e-06
2.25004e-06
2.25004e-06
2.25004e-06
2.25004e-06
2.25004e-06
2.25004e-06
2.25004e-06
2.25004e-06
2.25004e-06
2.25004e-06
2.25004e-06
2.25004e-06
2.25004e-06
2.25004e-06
2.25004e-06
2.25004e-06
2.25004e-06
2.25004e-06
2.25004e-06
2.25004e-06
2.25004e-06
2.25004e-06
2.25004e-06
2.25004e-06
2.25004e-06
2.25004e-06
2.25004e-06
2.25004e-06
2.25004e-06
2.25004e-06
2.25004e-06
2.25004e-06
2.25004e-06
2.25004e-06
2.25004e-06
2.25004e-06
2.25004e-06
2.25004e-06
2.25004e-06
2.25004e-06
2.25004e-06
2.25004e-06
2.25004e-06
2.25004e-06
2.25004e-06
2.25004e-06
2.25004e-06
2.25004e-06
2.25004e-06
2.25004e-06
2.25004e-06
2.25004e-06
2.25004e-06
2.25004e-06
2.25004e-06
2.25004e-06
2.25004e-06
2.25004e-06
2.25004e-06
2.25004e-06
2.25004e-06
2.25004e-06
2.25004e-06
2.25004e-06
2.25004e-06
2.25004e-06
2.25004e-06
2.25004e-06
2.25004e-06
2.25004e-06
2.25004e-06
2.25004e-06
2.25004e-06
2.25004e-06
2.25004e-06
2.25004e-06
2.25004e-06
2.25004e-06
2.25004e-06
2.25004e-06
2.25004e-06
2.25004e-06
2.25004e-06
2.25004e-06
2.25004e-06
2.25004e-06
2.25004e-06
2.25004e-06
2.25004e-06
2.25004e-06
2.25004e-06
2.25004e-06
2.25004e-06
2.25004e-06
2.25004e-06
2.25004e-06
2.25004e-06
2.25004e-06
2.25004e-06
2.25004e-06
2.25004e-06
2.25004e-06
2.25004e-06
2.25004e-06
2.25004e-06
2.25004e-06
2.25004e-06
2.25004e-06
2.25004e-06
2.25004e-06
2.25004e-06
2.25004e-06
2.25004e-06
2.25004e-06
2.25004e-06
2.25004e-06
2.25004e-06
2.25004e-06
2.25004e-06
2.25004e-06
2.25004e-06
2.25004e-06
2.25004e-06
2.25004e-06
2.25004e-06
2.25004e-06
2.25004e-06
2.25004e-06
2.25004e-06
2.25004e-06
2.25004e-06
2.25004e-06
2.25004e-06
2.25004e-06
2.25004e-06
2.25004e-06
2.25004e-06
2.25004e-06
2.25004e-06
2.25004e-06
2.25004e-06
2.25004e-06
2.25004e-06
2.25004e-06
2.25004e-06
2.25004e-06
2.25004e-06
2.25004e-06
2.43789e-07
8.1598e-07
1.29775e-06
1.66728e-06
1.92871e-06
2.09961e-06
2.20101e-06
2.25221e-06
2.26876e-06
2.26236e-06
2.24141e-06
2.21175e-06
2.17739e-06
2.1411e-06
2.10484e-06
2.07004e-06
2.03787e-06
2.00918e-06
1.98443e-06
1.9636e-06
1.94606e-06
1.93084e-06
1.91682e-06
1.90303e-06
1.88889e-06
1.8743e-06
1.85961e-06
1.84557e-06
1.83332e-06
1.82425e-06
1.81985e-06
1.82149e-06
1.82998e-06
1.84482e-06
1.86461e-06
1.88744e-06
1.91133e-06
1.93461e-06
1.9561e-06
1.9751e-06
1.99134e-06
2.00483e-06
2.01583e-06
2.02466e-06
2.03171e-06
2.03733e-06
2.04186e-06
2.04556e-06
2.04865e-06
2.05131e-06
2.05366e-06
2.05579e-06
2.05777e-06
2.05965e-06
2.06144e-06
2.06316e-06
2.06483e-06
2.06645e-06
2.06802e-06
2.06954e-06
2.071e-06
2.07241e-06
2.07377e-06
2.07507e-06
2.07631e-06
2.07748e-06
2.0786e-06
2.07965e-06
2.08064e-06
2.08156e-06
2.08242e-06
2.08321e-06
2.08394e-06
2.0846e-06
2.0852e-06
2.08575e-06
2.08623e-06
2.08667e-06
2.08706e-06
2.0874e-06
2.08771e-06
2.08799e-06
2.08826e-06
2.08851e-06
2.08877e-06
2.08904e-06
2.08936e-06
2.08974e-06
2.09021e-06
2.09079e-06
2.09152e-06
2.09243e-06
2.09358e-06
2.09499e-06
2.09672e-06
2.09882e-06
2.10135e-06
2.10434e-06
2.10787e-06
2.11198e-06
2.11673e-06
2.12215e-06
2.12829e-06
2.13514e-06
2.14268e-06
2.15083e-06
2.15949e-06
2.16849e-06
2.17763e-06
2.1867e-06
2.19548e-06
2.20378e-06
2.21144e-06
2.21836e-06
2.22447e-06
2.22975e-06
2.23424e-06
2.23798e-06
2.24104e-06
2.2435e-06
2.24545e-06
2.24695e-06
2.2481e-06
2.24895e-06
2.24956e-06
2.24999e-06
2.25028e-06
2.25046e-06
2.25056e-06
2.25061e-06
2.25061e-06
2.25059e-06
2.25055e-06
2.25051e-06
2.25045e-06
2.2504e-06
2.25036e-06
2.25031e-06
2.25027e-06
2.25024e-06
2.25021e-06
2.25018e-06
2.25016e-06
2.25014e-06
2.25012e-06
2.25011e-06
2.2501e-06
2.25009e-06
2.25009e-06
2.25008e-06
2.25008e-06
2.25008e-06
2.25007e-06
2.25007e-06
2.25007e-06
2.25007e-06
2.25007e-06
2.25007e-06
2.25007e-06
2.25007e-06
2.25007e-06
2.25007e-06
2.25007e-06
2.25007e-06
2.25007e-06
2.25007e-06
2.25007e-06
2.25007e-06
2.25007e-06
2.25007e-06
2.25007e-06
2.25007e-06
2.25007e-06
2.25007e-06
2.25007e-06
2.25007e-06
2.25007e-06
2.25007e-06
2.25007e-06
2.25007e-06
2.25007e-06
2.25007e-06
2.25007e-06
2.25007e-06
2.25007e-06
2.25007e-06
2.25007e-06
2.25007e-06
2.25007e-06
2.25007e-06
2.25007e-06
2.25007e-06
2.25007e-06
2.25007e-06
2.25007e-06
2.25007e-06
2.25007e-06
2.25007e-06
2.25007e-06
2.25007e-06
2.25007e-06
2.25007e-06
2.25007e-06
2.25007e-06
2.25007e-06
2.25007e-06
2.25007e-06
2.25007e-06
2.25007e-06
2.25007e-06
2.25007e-06
2.25007e-06
2.25007e-06
2.25007e-06
2.25007e-06
2.25007e-06
2.25007e-06
2.25007e-06
2.25007e-06
2.25007e-06
2.25007e-06
2.25007e-06
2.25007e-06
2.25007e-06
2.25007e-06
2.25007e-06
2.25007e-06
2.25007e-06
2.25007e-06
2.25007e-06
2.25007e-06
2.25007e-06
2.25007e-06
2.25007e-06
2.25007e-06
2.25007e-06
2.25007e-06
2.25007e-06
2.25007e-06
2.25007e-06
2.25007e-06
2.25007e-06
2.25007e-06
2.25007e-06
2.25007e-06
2.25007e-06
2.25007e-06
2.25007e-06
2.25007e-06
2.25007e-06
2.25007e-06
2.25007e-06
2.25007e-06
2.25007e-06
2.25007e-06
2.25007e-06
2.25007e-06
2.25007e-06
2.25007e-06
2.25007e-06
2.25007e-06
2.25007e-06
2.25007e-06
2.25007e-06
2.25007e-06
2.25007e-06
2.25007e-06
2.25007e-06
2.25007e-06
2.25007e-06
2.25007e-06
2.25007e-06
2.25007e-06
2.25007e-06
2.25007e-06
2.25007e-06
2.25007e-06
2.25007e-06
2.25007e-06
2.25007e-06
2.25007e-06
2.25007e-06
2.25007e-06
2.25007e-06
2.25007e-06
2.25007e-06
2.25007e-06
2.25007e-06
2.25007e-06
2.25007e-06
2.25007e-06
2.25007e-06
2.25007e-06
2.25007e-06
2.25007e-06
2.25007e-06
2.25007e-06
2.25007e-06
2.25007e-06
2.25007e-06
2.25007e-06
2.25007e-06
2.25007e-06
2.25007e-06
2.25007e-06
2.25007e-06
2.25007e-06
2.25007e-06
2.25007e-06
2.25007e-06
2.25007e-06
2.25007e-06
2.25007e-06
2.25007e-06
2.25007e-06
2.25007e-06
2.25007e-06
2.25007e-06
2.25007e-06
2.25007e-06
2.25007e-06
2.25007e-06
2.25007e-06
2.25007e-06
2.25007e-06
2.25007e-06
2.25007e-06
2.25007e-06
2.25007e-06
2.25007e-06
2.17391e-07
7.57422e-07
1.24965e-06
1.66012e-06
1.97778e-06
2.20784e-06
2.36377e-06
2.46132e-06
2.51517e-06
2.53758e-06
2.53812e-06
2.52393e-06
2.50015e-06
2.47037e-06
2.43708e-06
2.40201e-06
2.3664e-06
2.33121e-06
2.29726e-06
2.26528e-06
2.23585e-06
2.20934e-06
2.1858e-06
2.16493e-06
2.14619e-06
2.12892e-06
2.11254e-06
2.0967e-06
2.08141e-06
2.06711e-06
2.05467e-06
2.04537e-06
2.04071e-06
2.04199e-06
2.04949e-06
2.06248e-06
2.07952e-06
2.09887e-06
2.11887e-06
2.13826e-06
2.15619e-06
2.17224e-06
2.18626e-06
2.19834e-06
2.20867e-06
2.21752e-06
2.22514e-06
2.23176e-06
2.23761e-06
2.24284e-06
2.2476e-06
2.25199e-06
2.25609e-06
2.25995e-06
2.26362e-06
2.26711e-06
2.27044e-06
2.27362e-06
2.27666e-06
2.27956e-06
2.28232e-06
2.28495e-06
2.28745e-06
2.2898e-06
2.29202e-06
2.2941e-06
2.29604e-06
2.29784e-06
2.2995e-06
2.30102e-06
2.30242e-06
2.30369e-06
2.30484e-06
2.30587e-06
2.3068e-06
2.30762e-06
2.30835e-06
2.30899e-06
2.30955e-06
2.31003e-06
2.31046e-06
2.31084e-06
2.31117e-06
2.31147e-06
2.31175e-06
2.31202e-06
2.31231e-06
2.31263e-06
2.31299e-06
2.31344e-06
2.31399e-06
2.31468e-06
2.31557e-06
2.31668e-06
2.31808e-06
2.31984e-06
2.32201e-06
2.32468e-06
2.32793e-06
2.33183e-06
2.33648e-06
2.34196e-06
2.34831e-06
2.35559e-06
2.36378e-06
2.37285e-06
2.38269e-06
2.39314e-06
2.40397e-06
2.41495e-06
2.4258e-06
2.43627e-06
2.44612e-06
2.45519e-06
2.46335e-06
2.47054e-06
2.47676e-06
2.48202e-06
2.4864e-06
2.48997e-06
2.49284e-06
2.49511e-06
2.49686e-06
2.4982e-06
2.49918e-06
2.49989e-06
2.50039e-06
2.50072e-06
2.50093e-06
2.50104e-06
2.50109e-06
2.50109e-06
2.50106e-06
2.50102e-06
2.50096e-06
2.5009e-06
2.50084e-06
2.50078e-06
2.50073e-06
2.50068e-06
2.50064e-06
2.5006e-06
2.50057e-06
2.50055e-06
2.50053e-06
2.50051e-06
2.50049e-06
2.50048e-06
2.50047e-06
2.50047e-06
2.50046e-06
2.50046e-06
2.50045e-06
2.50045e-06
2.50045e-06
2.50045e-06
2.50044e-06
2.50044e-06
2.50044e-06
2.50044e-06
2.50044e-06
2.50044e-06
2.50044e-06
2.50044e-06
2.50044e-06
2.50044e-06
2.50044e-06
2.50044e-06
2.50044e-06
2.50044e-06
2.50044e-06
2.50044e-06
2.50044e-06
2.50044e-06
2.50044e-06
2.50044e-06
2.50044e-06
2.50044e-06
2.50044e-06
2.50044e-06
2.50044e-06
2.50044e-06
2.50044e-06
2.50044e-06
2.50044e-06
2.50044e-06
2.50044e-06
2.50044e-06
2.50044e-06
2.50044e-06
2.50044e-06
2.50044e-06
2.50044e-06
2.50044e-06
2.50044e-06
2.50044e-06
2.50044e-06
2.50044e-06
2.50044e-06
2.50044e-06
2.50044e-06
2.50044e-06
2.50044e-06
2.50044e-06
2.50044e-06
2.50044e-06
2.50044e-06
2.50044e-06
2.50044e-06
2.50044e-06
2.50044e-06
2.50044e-06
2.50044e-06
2.50044e-06
2.50044e-06
2.50044e-06
2.50044e-06
2.50044e-06
2.50044e-06
2.50044e-06
2.50044e-06
2.50044e-06
2.50044e-06
2.50044e-06
2.50044e-06
2.50044e-06
2.50044e-06
2.50044e-06
2.50044e-06
2.50044e-06
2.50044e-06
2.50044e-06
2.50044e-06
2.50044e-06
2.50044e-06
2.50044e-06
2.50044e-06
2.50044e-06
2.50044e-06
2.50044e-06
2.50044e-06
2.50044e-06
2.50044e-06
2.50044e-06
2.50044e-06
2.50044e-06
2.50044e-06
2.50044e-06
2.50044e-06
2.50044e-06
2.50044e-06
2.50044e-06
2.50044e-06
2.50044e-06
2.50044e-06
2.50044e-06
2.50044e-06
2.50044e-06
2.50044e-06
2.50044e-06
2.50044e-06
2.50044e-06
2.50044e-06
2.50044e-06
2.50044e-06
2.50044e-06
2.50044e-06
2.50044e-06
2.50044e-06
2.50044e-06
2.50044e-06
2.50044e-06
2.50044e-06
2.50044e-06
2.50044e-06
2.50044e-06
2.50044e-06
2.50044e-06
2.50044e-06
2.50044e-06
2.50044e-06
2.50044e-06
2.50044e-06
2.50044e-06
2.50044e-06
2.50044e-06
2.50044e-06
2.50044e-06
2.50044e-06
2.50044e-06
2.50044e-06
2.50044e-06
2.50044e-06
2.50044e-06
2.50044e-06
2.50044e-06
2.50044e-06
2.50044e-06
2.50044e-06
2.50044e-06
2.50044e-06
2.50044e-06
2.50044e-06
2.50044e-06
2.50044e-06
2.50044e-06
2.50044e-06
2.50044e-06
2.50044e-06
2.50044e-06
2.50044e-06
2.50044e-06
2.50044e-06
2.50044e-06
2.50044e-06
2.50044e-06
2.50044e-06
2.50044e-06
2.50044e-06
2.50044e-06
2.50044e-06
2.50044e-06
2.50044e-06
2.50044e-06
2.50044e-06
2.50044e-06
2.50044e-06
2.50044e-06
2.50045e-06
2.50045e-06
2.10226e-07
7.29589e-07
1.21959e-06
1.64395e-06
1.98602e-06
2.24512e-06
2.43019e-06
2.55424e-06
2.6307e-06
2.67153e-06
2.68655e-06
2.6834e-06
2.66779e-06
2.64381e-06
2.61436e-06
2.58146e-06
2.54651e-06
2.51055e-06
2.47445e-06
2.43898e-06
2.40491e-06
2.37291e-06
2.34348e-06
2.31687e-06
2.29295e-06
2.27134e-06
2.25141e-06
2.23252e-06
2.21414e-06
2.19607e-06
2.17856e-06
2.16242e-06
2.14898e-06
2.13992e-06
2.1366e-06
2.13937e-06
2.14757e-06
2.15991e-06
2.17489e-06
2.19112e-06
2.20757e-06
2.22353e-06
2.23861e-06
2.2526e-06
2.26545e-06
2.2772e-06
2.28793e-06
2.29775e-06
2.30676e-06
2.31508e-06
2.32278e-06
2.32995e-06
2.33665e-06
2.34292e-06
2.3488e-06
2.35434e-06
2.35954e-06
2.36444e-06
2.36903e-06
2.37332e-06
2.37733e-06
2.38105e-06
2.3845e-06
2.38769e-06
2.39061e-06
2.3933e-06
2.39574e-06
2.39796e-06
2.39997e-06
2.40178e-06
2.40339e-06
2.40483e-06
2.4061e-06
2.40721e-06
2.40818e-06
2.40902e-06
2.40973e-06
2.41033e-06
2.41083e-06
2.41123e-06
2.41156e-06
2.41181e-06
2.41201e-06
2.41215e-06
2.41226e-06
2.41235e-06
2.41242e-06
2.41251e-06
2.41264e-06
2.41282e-06
2.41308e-06
2.41348e-06
2.41404e-06
2.41482e-06
2.41589e-06
2.41732e-06
2.41918e-06
2.42158e-06
2.42462e-06
2.42839e-06
2.43302e-06
2.43859e-06
2.44519e-06
2.45289e-06
2.46169e-06
2.47158e-06
2.48243e-06
2.4941e-06
2.50634e-06
2.51888e-06
2.53142e-06
2.54364e-06
2.55527e-06
2.56609e-06
2.57592e-06
2.58466e-06
2.59228e-06
2.59879e-06
2.60425e-06
2.60875e-06
2.61239e-06
2.61528e-06
2.61754e-06
2.61926e-06
2.62055e-06
2.6215e-06
2.62217e-06
2.62262e-06
2.62291e-06
2.62308e-06
2.62316e-06
2.62318e-06
2.62316e-06
2.62311e-06
2.62305e-06
2.62298e-06
2.62291e-06
2.62284e-06
2.62277e-06
2.62271e-06
2.62266e-06
2.62262e-06
2.62258e-06
2.62254e-06
2.62252e-06
2.62249e-06
2.62248e-06
2.62246e-06
2.62245e-06
2.62244e-06
2.62243e-06
2.62243e-06
2.62242e-06
2.62242e-06
2.62241e-06
2.62241e-06
2.62241e-06
2.62241e-06
2.62241e-06
2.62241e-06
2.62241e-06
2.62241e-06
2.62241e-06
2.62241e-06
2.62241e-06
2.62241e-06
2.62241e-06
2.62241e-06
2.62241e-06
2.62241e-06
2.62241e-06
2.62241e-06
2.62241e-06
2.62241e-06
2.62241e-06
2.62241e-06
2.62241e-06
2.62241e-06
2.62241e-06
2.62241e-06
2.62241e-06
2.62241e-06
2.62241e-06
2.62241e-06
2.62241e-06
2.62241e-06
2.62241e-06
2.62241e-06
2.62241e-06
2.62241e-06
2.62241e-06
2.62241e-06
2.62241e-06
2.62241e-06
2.62241e-06
2.62241e-06
2.62241e-06
2.62241e-06
2.62241e-06
2.62241e-06
2.62241e-06
2.62241e-06
2.62241e-06
2.62241e-06
2.62241e-06
2.62241e-06
2.62241e-06
2.62241e-06
2.62241e-06
2.62241e-06
2.62241e-06
2.62241e-06
2.62241e-06
2.62241e-06
2.62241e-06
2.62241e-06
2.62241e-06
2.62241e-06
2.62241e-06
2.62241e-06
2.62241e-06
2.62241e-06
2.62241e-06
2.62241e-06
2.62241e-06
2.62241e-06
2.62241e-06
2.62241e-06
2.62241e-06
2.62241e-06
2.62241e-06
2.62241e-06
2.62241e-06
2.62241e-06
2.62241e-06
2.62241e-06
2.62241e-06
2.62241e-06
2.62241e-06
2.62241e-06
2.62241e-06
2.62241e-06
2.62241e-06
2.62241e-06
2.62241e-06
2.62241e-06
2.62241e-06
2.62241e-06
2.62241e-06
2.62241e-06
2.62241e-06
2.62241e-06
2.62241e-06
2.62241e-06
2.62241e-06
2.62241e-06
2.62241e-06
2.62241e-06
2.62241e-06
2.62241e-06
2.62241e-06
2.62241e-06
2.62241e-06
2.62241e-06
2.62241e-06
2.62241e-06
2.62241e-06
2.62241e-06
2.62241e-06
2.62241e-06
2.62241e-06
2.62241e-06
2.62241e-06
2.62241e-06
2.62241e-06
2.62241e-06
2.62241e-06
2.62241e-06
2.62241e-06
2.62241e-06
2.62241e-06
2.62241e-06
2.62241e-06
2.62241e-06
2.62241e-06
2.62241e-06
2.62241e-06
2.62241e-06
2.62241e-06
2.62241e-06
2.62241e-06
2.62241e-06
2.62241e-06
2.62241e-06
2.62241e-06
2.62241e-06
2.62241e-06
2.62241e-06
2.62241e-06
2.62241e-06
2.62241e-06
2.62241e-06
2.62241e-06
2.62241e-06
2.62241e-06
2.62241e-06
2.62241e-06
2.62241e-06
2.62241e-06
2.62241e-06
2.62241e-06
2.62241e-06
2.62241e-06
2.62241e-06
2.62241e-06
2.62241e-06
2.62241e-06
2.62241e-06
2.62241e-06
2.62241e-06
2.62241e-06
2.62241e-06
2.62241e-06
2.62241e-06
2.62241e-06
2.62241e-06
2.62241e-06
2.62241e-06
2.62242e-06
2.62242e-06
)
;
    }
    symY
    {
        type            symmetryPlane;
    }
    symX
    {
        type            symmetryPlane;
    }
}


// ************************************************************************* //
