/*--------------------------------*- C++ -*----------------------------------*\
| =========                 |                                                 |
| \\      /  F ield         | OpenFOAM: The Open Source CFD Toolbox           |
|  \\    /   O peration     | Version:  2412                                  |
|   \\  /    A nd           | Website:  www.openfoam.com                      |
|    \\/     M anipulation  |                                                 |
\*---------------------------------------------------------------------------*/
FoamFile
{
    version     2.0;
    format      ascii;
    arch        "LSB;label=32;scalar=64";
    class       volScalarField;
    location    "100";
    object      k;
}
// * * * * * * * * * * * * * * * * * * * * * * * * * * * * * * * * * * * * * //

dimensions      [0 2 -2 0 0 0 0];

internalField   nonuniform List<scalar> 
22770
(
0.0149977
0.0149989
0.0150007
0.0149989
0.0150001
0.015002
0.0150007
0.015002
0.015004
0.0150082
0.0150086
0.0150124
0.0150086
0.0150106
0.0150156
0.0150124
0.0150157
0.0150216
0.0151606
0.0151359
0.0151143
0.015136
0.0151197
0.0151094
0.0151144
0.0151094
0.0151131
0.0158175
0.015759
0.0156308
0.0157592
0.0156778
0.0155717
0.0156311
0.0155717
0.0155296
0.0174696
0.0176406
0.0174054
0.017642
0.0175047
0.0171704
0.0174071
0.0171708
0.0169499
0.0208432
0.022015
0.0219798
0.0220208
0.0219783
0.0212877
0.021986
0.0212893
0.0205486
0.0272814
0.0304044
0.0309456
0.0304195
0.0305805
0.0292781
0.0309612
0.029283
0.0273597
0.0384352
0.0440046
0.0449542
0.0440352
0.0441683
0.0416306
0.0449857
0.041642
0.0376474
0.0552991
0.0630664
0.0634883
0.0631203
0.0626319
0.057932
0.0635446
0.0579547
0.0511467
0.0771637
0.0863102
0.0850319
0.0863956
0.0847056
0.0771087
0.0851242
0.0771491
0.0673517
0.101563
0.111291
0.107725
0.111414
0.108392
0.0978104
0.107865
0.0978739
0.0855265
0.125813
0.135768
0.130177
0.135933
0.131949
0.118935
0.13037
0.119026
0.104859
0.148569
0.158787
0.151898
0.158991
0.154651
0.139983
0.152149
0.140101
0.124784
0.169938
0.180571
0.173089
0.180812
0.176692
0.161022
0.173399
0.161165
0.145085
0.190587
0.201713
0.194031
0.201986
0.198541
0.182304
0.1944
0.182467
0.165767
0.210968
0.222515
0.214713
0.222811
0.220346
0.203825
0.215132
0.204005
0.186746
0.231072
0.242833
0.234801
0.243142
0.241774
0.225146
0.235255
0.225338
0.207649
0.250586
0.26227
0.253851
0.262582
0.262223
0.245589
0.254324
0.245789
0.227887
0.269136
0.280451
0.271516
0.280757
0.281165
0.264601
0.271993
0.264805
0.246904
0.286445
0.297156
0.287673
0.297452
0.298335
0.281908
0.288145
0.282111
0.26443
0.302373
0.312342
0.302391
0.312625
0.313721
0.297523
0.302853
0.297725
0.280396
0.316888
0.326066
0.315836
0.326335
0.327433
0.311568
0.316285
0.311765
0.294916
0.330025
0.338433
0.328176
0.338689
0.339639
0.324229
0.328611
0.324423
0.308217
0.341863
0.349572
0.339567
0.349815
0.350538
0.33576
0.339991
0.335952
0.320543
0.352521
0.359631
0.35017
0.359863
0.360348
0.346411
0.350583
0.346602
0.33217
0.362197
0.368849
0.360242
0.369071
0.369385
0.356559
0.360648
0.356752
0.343588
0.371335
0.377769
0.37044
0.377983
0.378368
0.367152
0.370841
0.367349
0.356152
0.381138
0.387906
0.382668
0.388114
0.389315
0.380906
0.383074
0.381113
0.374259
0.395039
0.403672
0.402604
0.403877
0.408173
0.40611
0.403029
0.40634
0.411372
0.422773
0.437658
0.446859
0.437864
0.451775
0.466277
0.447324
0.466554
0.50353
0.490403
0.522877
0.558164
0.523091
0.562339
0.61668
0.558703
0.617033
0.723086
0.656662
0.72817
0.816639
0.7284
0.818252
0.943793
0.817284
0.944229
1.15225
1.00875
1.13975
1.30123
1.14
1.29685
1.50511
1.30197
1.50561
1.80773
1.59545
1.78313
2.00673
1.7834
1.99438
2.26032
2.00753
2.26086
2.6095
2.36081
2.57825
2.82918
2.57852
2.81049
3.09153
2.82997
3.09208
3.4338
3.17846
3.39493
3.63862
3.39519
3.6173
3.87864
3.6394
3.87918
4.17918
3.93305
4.12846
4.34409
4.12872
4.32347
4.54728
4.34486
4.54782
4.79299
4.56116
4.72765
4.90811
4.72793
4.89003
5.07241
4.9089
5.07296
5.26467
5.04702
5.18485
5.33166
5.18515
5.31667
5.46154
5.33248
5.4621
5.60848
5.40302
5.51632
5.63484
5.51664
5.62279
5.73711
5.63569
5.73767
5.84882
5.65301
5.74702
5.84352
5.74735
5.83396
5.92504
5.8444
5.92561
6.0111
5.82232
5.90201
5.98232
5.90236
5.97468
6.04893
5.98323
6.04951
6.11702
5.93324
6.00278
6.07168
6.00314
6.06546
6.12804
6.07262
6.12862
6.18388
6.00356
6.06618
6.12736
6.06654
6.12213
6.17691
6.12831
6.1775
6.22466
6.0466
6.10468
6.16085
6.10505
6.15627
6.20606
6.16181
6.20665
6.24866
6.07194
6.12716
6.1802
6.12752
6.17603
6.22274
6.18117
6.22334
6.26221
6.08616
6.13967
6.19086
6.14003
6.18692
6.23184
6.19182
6.23243
6.26949
6.09369
6.14621
6.19636
6.14658
6.19256
6.23649
6.19733
6.23708
6.27316
6.09734
6.14935
6.19897
6.14972
6.19523
6.23865
6.19993
6.23925
6.27485
6.09888
6.15064
6.20002
6.15101
6.19631
6.23951
6.20098
6.24011
6.2755
6.09933
6.15101
6.2003
6.15138
6.19661
6.23973
6.20127
6.24033
6.27566
6.09929
6.15096
6.20024
6.15133
6.19655
6.23968
6.20121
6.24027
6.27561
6.09906
6.15075
6.20006
6.15112
6.19636
6.23952
6.20103
6.24012
6.27548
6.09879
6.15051
6.19985
6.15088
6.19615
6.23935
6.20082
6.23995
6.27535
6.09854
6.15029
6.19967
6.15066
6.19596
6.23919
6.20064
6.23979
6.27522
6.09833
6.1501
6.1995
6.15047
6.19579
6.23905
6.20048
6.23965
6.2751
6.09815
6.14994
6.19937
6.15031
6.19565
6.23893
6.20034
6.23953
6.275
6.098
6.1498
6.19925
6.15017
6.19553
6.23882
6.20022
6.23942
6.27491
6.09787
6.14969
6.19915
6.15006
6.19543
6.23873
6.20012
6.23933
6.27483
6.09777
6.14959
6.19906
6.14996
6.19534
6.23864
6.20003
6.23924
6.27475
6.09768
6.14951
6.19898
6.14988
6.19526
6.23857
6.19995
6.23917
6.27469
6.0976
6.14943
6.19891
6.14981
6.19519
6.23851
6.19988
6.23911
6.27463
6.09754
6.14937
6.19886
6.14974
6.19513
6.23846
6.19983
6.23905
6.27458
6.09748
6.14932
6.19881
6.14969
6.19508
6.23841
6.19978
6.23901
6.27454
6.09744
6.14928
6.19877
6.14965
6.19504
6.23837
6.19974
6.23897
6.27451
6.0974
6.14924
6.19874
6.14962
6.19501
6.23835
6.19971
6.23894
6.27448
6.09737
6.14922
6.19871
6.14959
6.19499
6.23832
6.19968
6.23892
6.27446
6.09735
6.1492
6.19869
6.14957
6.19497
6.2383
6.19967
6.2389
6.27444
6.09733
6.14918
6.19868
6.14955
6.19495
6.23829
6.19965
6.23889
6.27443
6.09732
6.14917
6.19867
6.14954
6.19494
6.23828
6.19964
6.23888
6.27442
6.09731
6.14916
6.19866
6.14953
6.19493
6.23827
6.19963
6.23887
6.27441
6.0973
6.14915
6.19865
6.14953
6.19493
6.23827
6.19963
6.23887
6.27441
6.0973
6.14915
6.19865
6.14952
6.19492
6.23826
6.19962
6.23886
6.27441
6.09729
6.14915
6.19865
6.14952
6.19492
6.23826
6.19962
6.23886
6.2744
6.09729
6.14914
6.19865
6.14951
6.19492
6.23826
6.19962
6.23886
6.2744
6.09729
6.14914
6.19864
6.14951
6.19491
6.23826
6.19961
6.23886
6.2744
6.09729
6.14914
6.19864
6.14951
6.19491
6.23826
6.19961
6.23886
6.2744
6.09729
6.14914
6.19864
6.14951
6.19491
6.23826
6.19961
6.23885
6.2744
6.09729
6.14914
6.19864
6.14951
6.19491
6.23825
6.19961
6.23885
6.2744
6.09729
6.14914
6.19864
6.14951
6.19491
6.23825
6.19961
6.23885
6.2744
6.09728
6.14914
6.19864
6.14951
6.19491
6.23825
6.19961
6.23885
6.2744
6.09728
6.14914
6.19864
6.14951
6.19491
6.23825
6.19961
6.23885
6.27439
6.09728
6.14913
6.19864
6.14951
6.19491
6.23825
6.19961
6.23885
6.27439
6.09728
6.14913
6.19864
6.14951
6.19491
6.23825
6.19961
6.23885
6.27439
6.09728
6.14913
6.19864
6.14951
6.19491
6.23825
6.19961
6.23885
6.27439
6.09728
6.14913
6.19864
6.1495
6.19491
6.23825
6.19961
6.23885
6.27439
6.09728
6.14913
6.19864
6.1495
6.19491
6.23825
6.19961
6.23885
6.27439
6.09728
6.14913
6.19863
6.1495
6.1949
6.23825
6.19961
6.23885
6.27439
6.09728
6.14913
6.19863
6.1495
6.1949
6.23825
6.1996
6.23885
6.27439
6.09728
6.14913
6.19863
6.1495
6.1949
6.23825
6.1996
6.23885
6.27439
6.09728
6.14913
6.19863
6.1495
6.1949
6.23825
6.1996
6.23885
6.27439
6.09728
6.14913
6.19863
6.1495
6.1949
6.23825
6.1996
6.23885
6.27439
6.09728
6.14913
6.19863
6.1495
6.1949
6.23825
6.1996
6.23885
6.27439
6.09728
6.14913
6.19863
6.1495
6.1949
6.23825
6.1996
6.23885
6.27439
6.09728
6.14913
6.19863
6.1495
6.1949
6.23825
6.1996
6.23884
6.27439
6.09728
6.14913
6.19863
6.1495
6.1949
6.23825
6.1996
6.23884
6.27439
6.09728
6.14913
6.19863
6.1495
6.1949
6.23825
6.1996
6.23884
6.27439
6.09728
6.14913
6.19863
6.1495
6.1949
6.23825
6.1996
6.23884
6.27439
6.09728
6.14913
6.19863
6.1495
6.1949
6.23824
6.1996
6.23884
6.27439
6.09728
6.14913
6.19863
6.1495
6.1949
6.23824
6.1996
6.23884
6.27439
6.09728
6.14913
6.19863
6.1495
6.1949
6.23824
6.1996
6.23884
6.27439
6.09728
6.14913
6.19863
6.1495
6.1949
6.23824
6.1996
6.23884
6.27439
6.09728
6.14913
6.19863
6.1495
6.1949
6.23824
6.1996
6.23884
6.27439
6.09728
6.14913
6.19863
6.1495
6.1949
6.23824
6.1996
6.23884
6.27439
6.09728
6.14913
6.19863
6.1495
6.1949
6.23824
6.1996
6.23884
6.27439
6.09727
6.14913
6.19863
6.1495
6.1949
6.23824
6.1996
6.23884
6.27439
6.09727
6.14913
6.19863
6.1495
6.1949
6.23824
6.1996
6.23884
6.27439
6.09727
6.14913
6.19863
6.1495
6.1949
6.23824
6.1996
6.23884
6.27439
6.09727
6.14913
6.19863
6.1495
6.1949
6.23824
6.1996
6.23884
6.27439
6.09727
6.14913
6.19863
6.1495
6.1949
6.23824
6.1996
6.23884
6.27439
6.09727
6.14913
6.19863
6.1495
6.1949
6.23824
6.1996
6.23884
6.27439
6.09727
6.14913
6.19863
6.1495
6.1949
6.23824
6.1996
6.23884
6.27439
6.09727
6.14913
6.19863
6.1495
6.1949
6.23824
6.1996
6.23884
6.27439
6.09727
6.14913
6.19863
6.1495
6.1949
6.23824
6.1996
6.23884
6.27439
6.09727
6.14913
6.19863
6.1495
6.1949
6.23824
6.1996
6.23884
6.27439
6.09728
6.14913
6.19863
6.1495
6.1949
6.23824
6.1996
6.23884
6.27439
6.09728
6.14913
6.19863
6.1495
6.1949
6.23824
6.1996
6.23884
6.27439
6.09728
6.14913
6.19863
6.1495
6.1949
6.23824
6.1996
6.23884
6.27439
6.09728
6.14913
6.19863
6.1495
6.1949
6.23824
6.1996
6.23884
6.27439
6.09728
6.14913
6.19863
6.1495
6.1949
6.23825
6.1996
6.23884
6.27439
6.09728
6.14913
6.19863
6.1495
6.1949
6.23825
6.1996
6.23884
6.27439
6.09728
6.14913
6.19863
6.1495
6.1949
6.23825
6.1996
6.23884
6.27439
6.09728
6.14913
6.19863
6.1495
6.1949
6.23825
6.1996
6.23884
6.27439
6.09728
6.14913
6.19863
6.1495
6.1949
6.23825
6.1996
6.23884
6.27439
6.09728
6.14913
6.19863
6.1495
6.1949
6.23825
6.1996
6.23884
6.27439
6.09728
6.14913
6.19863
6.1495
6.1949
6.23825
6.1996
6.23884
6.27439
6.09728
6.14913
6.19863
6.1495
6.1949
6.23825
6.1996
6.23885
6.27439
6.09728
6.14913
6.19863
6.1495
6.1949
6.23825
6.1996
6.23885
6.27439
6.09728
6.14913
6.19863
6.1495
6.1949
6.23825
6.1996
6.23885
6.27439
6.09728
6.14913
6.19863
6.1495
6.1949
6.23825
6.1996
6.23885
6.27439
6.09728
6.14913
6.19863
6.1495
6.1949
6.23825
6.1996
6.23885
6.27439
6.09728
6.14913
6.19863
6.1495
6.1949
6.23825
6.1996
6.23885
6.27439
6.09728
6.14913
6.19863
6.1495
6.1949
6.23825
6.1996
6.23885
6.27439
6.09728
6.14913
6.19863
6.1495
6.1949
6.23825
6.1996
6.23885
6.27439
6.09728
6.14913
6.19863
6.1495
6.1949
6.23825
6.1996
6.23885
6.27439
6.09728
6.14913
6.19863
6.1495
6.1949
6.23825
6.1996
6.23885
6.27439
6.09728
6.14913
6.19863
6.1495
6.1949
6.23825
6.1996
6.23885
6.27439
6.09728
6.14913
6.19863
6.1495
6.1949
6.23825
6.1996
6.23885
6.27439
6.09728
6.14913
6.19863
6.1495
6.1949
6.23825
6.1996
6.23884
6.27439
6.09728
6.14913
6.19863
6.1495
6.1949
6.23825
6.1996
6.23884
6.27439
6.09728
6.14913
6.19863
6.1495
6.1949
6.23825
6.1996
6.23884
6.27439
6.09728
6.14913
6.19863
6.1495
6.1949
6.23825
6.1996
6.23884
6.27439
6.09728
6.14913
6.19863
6.1495
6.1949
6.23825
6.1996
6.23884
6.27439
6.09728
6.14913
6.19863
6.1495
6.1949
6.23825
6.1996
6.23884
6.27439
6.09728
6.14913
6.19863
6.1495
6.1949
6.23824
6.1996
6.23884
6.27439
6.09728
6.14913
6.19863
6.1495
6.1949
6.23824
6.1996
6.23884
6.27439
6.09728
6.14913
6.19863
6.1495
6.1949
6.23824
6.1996
6.23884
6.27439
6.09727
6.14913
6.19863
6.1495
6.1949
6.23824
6.1996
6.23884
6.27439
6.09727
6.14913
6.19863
6.1495
6.1949
6.23824
6.1996
6.23884
6.27439
6.09727
6.14913
6.19863
6.1495
6.1949
6.23824
6.1996
6.23884
6.27439
6.09727
6.14913
6.19863
6.1495
6.1949
6.23824
6.1996
6.23884
6.27439
6.09727
6.14913
6.19863
6.1495
6.1949
6.23824
6.1996
6.23884
6.27439
6.09727
6.14912
6.19863
6.1495
6.1949
6.23824
6.1996
6.23884
6.27438
6.09727
6.14912
6.19863
6.1495
6.1949
6.23824
6.1996
6.23884
6.27438
6.09727
6.14912
6.19863
6.1495
6.1949
6.23824
6.1996
6.23884
6.27438
6.09727
6.14912
6.19863
6.1495
6.1949
6.23824
6.1996
6.23884
6.27438
6.09727
6.14912
6.19863
6.1495
6.1949
6.23824
6.1996
6.23884
6.27438
6.09727
6.14912
6.19863
6.1495
6.1949
6.23824
6.1996
6.23884
6.27438
6.09727
6.14912
6.19863
6.1495
6.1949
6.23824
6.1996
6.23884
6.27438
6.09727
6.14912
6.19863
6.1495
6.1949
6.23824
6.1996
6.23884
6.27438
6.09727
6.14912
6.19863
6.1495
6.1949
6.23824
6.1996
6.23884
6.27438
6.09727
6.14912
6.19863
6.14949
6.1949
6.23824
6.1996
6.23884
6.27438
6.09727
6.14912
6.19863
6.14949
6.1949
6.23824
6.1996
6.23884
6.27438
6.09727
6.14912
6.19863
6.14949
6.1949
6.23824
6.1996
6.23884
6.27438
6.09727
6.14912
6.19863
6.14949
6.1949
6.23824
6.1996
6.23884
6.27438
6.09727
6.14912
6.19863
6.14949
6.1949
6.23824
6.1996
6.23884
6.27438
6.09727
6.14912
6.19863
6.14949
6.1949
6.23824
6.1996
6.23884
6.27438
6.09727
6.14912
6.19863
6.14949
6.1949
6.23824
6.1996
6.23884
6.27438
6.09727
6.14912
6.19863
6.14949
6.1949
6.23824
6.1996
6.23884
6.27438
6.09727
6.14912
6.19863
6.14949
6.1949
6.23824
6.1996
6.23884
6.27438
6.09727
6.14912
6.19863
6.14949
6.1949
6.23824
6.1996
6.23884
6.27438
6.09727
6.14912
6.19863
6.14949
6.1949
6.23824
6.1996
6.23884
6.27438
6.09727
6.14912
6.19863
6.14949
6.1949
6.23824
6.1996
6.23884
6.27438
6.09727
6.14912
6.19863
6.14949
6.1949
6.23824
6.1996
6.23884
6.27438
6.09727
6.14912
6.19863
6.14949
6.1949
6.23824
6.1996
6.23884
6.27438
6.09727
6.14912
6.19863
6.14949
6.1949
6.23824
6.1996
6.23884
6.27438
6.09727
6.14912
6.19863
6.14949
6.1949
6.23824
6.1996
6.23884
6.27438
6.09727
6.14912
6.19863
6.14949
6.1949
6.23824
6.1996
6.23884
6.27438
6.09727
6.14912
6.19863
6.14949
6.1949
6.23824
6.1996
6.23884
6.27438
6.09727
6.14912
6.19863
6.14949
6.1949
6.23824
6.1996
6.23884
6.27438
6.09727
6.14912
6.19863
6.14949
6.1949
6.23824
6.1996
6.23884
6.27438
6.09727
6.14912
6.19863
6.14949
6.1949
6.23824
6.1996
6.23884
6.27438
6.09727
6.14912
6.19863
6.14949
6.1949
6.23824
6.1996
6.23884
6.27438
6.09727
6.14912
6.19863
6.1495
6.1949
6.23824
6.1996
6.23884
6.27438
6.09727
6.14912
6.19863
6.1495
6.1949
6.23824
6.1996
6.23884
6.27438
6.09727
6.14912
6.19863
6.1495
6.1949
6.23824
6.1996
6.23884
6.27439
6.09727
6.14912
6.19863
6.1495
6.1949
6.23824
6.1996
6.23884
6.27439
6.09727
6.14912
6.19863
6.1495
6.1949
6.23824
6.1996
6.23884
6.27439
6.09727
6.14913
6.19863
6.1495
6.1949
6.23824
6.1996
6.23884
6.27439
6.09727
6.14913
6.19863
6.1495
6.1949
6.23824
6.1996
6.23884
6.27439
6.09727
6.14913
6.19863
6.1495
6.1949
6.23824
6.1996
6.23884
6.27439
6.09727
6.14913
6.19863
6.1495
6.1949
6.23824
6.1996
6.23884
6.27439
6.09728
6.14913
6.19863
6.1495
6.1949
6.23825
6.1996
6.23884
6.27439
6.09728
6.14913
6.19863
6.1495
6.1949
6.23825
6.1996
6.23884
6.27439
6.09728
6.14913
6.19863
6.1495
6.1949
6.23825
6.1996
6.23884
6.27439
6.09728
6.14913
6.19863
6.1495
6.1949
6.23825
6.1996
6.23885
6.27439
6.09728
6.14913
6.19863
6.1495
6.1949
6.23825
6.1996
6.23885
6.27439
6.09728
6.14913
6.19863
6.1495
6.1949
6.23825
6.1996
6.23885
6.27439
6.09728
6.14913
6.19863
6.1495
6.1949
6.23825
6.1996
6.23885
6.27439
6.09728
6.14913
6.19863
6.1495
6.1949
6.23825
6.1996
6.23885
6.27439
6.09728
6.14913
6.19863
6.1495
6.1949
6.23825
6.1996
6.23885
6.27439
6.09728
6.14913
6.19864
6.1495
6.1949
6.23825
6.19961
6.23885
6.27439
6.09728
6.14913
6.19864
6.1495
6.19491
6.23825
6.19961
6.23885
6.27439
6.09728
6.14913
6.19864
6.1495
6.19491
6.23825
6.19961
6.23885
6.2744
6.09728
6.14913
6.19864
6.1495
6.19491
6.23825
6.19961
6.23885
6.2744
6.09728
6.14913
6.19864
6.14951
6.19491
6.23825
6.19961
6.23885
6.2744
6.09728
6.14913
6.19864
6.14951
6.19491
6.23825
6.19961
6.23885
6.2744
6.09728
6.14914
6.19864
6.14951
6.19491
6.23825
6.19961
6.23885
6.2744
6.09728
6.14914
6.19864
6.14951
6.19491
6.23825
6.19961
6.23885
6.2744
6.09728
6.14914
6.19864
6.14951
6.19491
6.23826
6.19961
6.23885
6.2744
6.09729
6.14914
6.19864
6.14951
6.19491
6.23826
6.19961
6.23885
6.2744
6.09729
6.14914
6.19864
6.14951
6.19491
6.23826
6.19961
6.23885
6.2744
6.09729
6.14914
6.19864
6.14951
6.19491
6.23826
6.19961
6.23886
6.2744
6.09729
6.14914
6.19864
6.14951
6.19491
6.23826
6.19961
6.23886
6.2744
6.09729
6.14914
6.19864
6.14951
6.19491
6.23826
6.19961
6.23886
6.2744
6.09729
6.14914
6.19864
6.14951
6.19491
6.23826
6.19961
6.23886
6.2744
6.09729
6.14914
6.19864
6.14951
6.19491
6.23826
6.19961
6.23886
6.2744
6.09729
6.14914
6.19864
6.14951
6.19491
6.23826
6.19961
6.23886
6.2744
6.09729
6.14914
6.19864
6.14951
6.19491
6.23826
6.19961
6.23886
6.2744
6.09729
6.14914
6.19865
6.14951
6.19491
6.23826
6.19962
6.23886
6.2744
6.09729
6.14914
6.19865
6.14951
6.19492
6.23826
6.19962
6.23886
6.2744
6.09729
6.14914
6.19865
6.14951
6.19492
6.23826
6.19962
6.23886
6.27441
6.09729
6.14914
6.19865
6.14951
6.19492
6.23826
6.19962
6.23886
6.27441
6.09729
6.14914
6.19865
6.14951
6.19492
6.23826
6.19962
6.23886
6.27441
6.09729
6.14914
6.19865
6.14951
6.19492
6.23826
6.19962
6.23886
6.27441
6.09729
6.14914
6.19865
6.14952
6.19492
6.23826
6.19962
6.23886
6.27441
6.09729
6.14914
6.19865
6.14952
6.19492
6.23826
6.19962
6.23886
6.27441
6.09729
6.14914
6.19865
6.14952
6.19492
6.23826
6.19962
6.23886
6.27441
6.09729
6.14914
6.19865
6.14952
6.19492
6.23826
6.19962
6.23886
6.27441
6.09729
6.14914
6.19865
6.14952
6.19492
6.23826
6.19962
6.23886
6.27441
6.09729
6.14914
6.19865
6.14952
6.19492
6.23826
6.19962
6.23886
6.27441
6.09729
6.14915
6.19865
6.14952
6.19492
6.23826
6.19962
6.23886
6.27441
6.09729
6.14915
6.19865
6.14952
6.19492
6.23826
6.19962
6.23886
6.27441
6.09729
6.14915
6.19865
6.14952
6.19492
6.23826
6.19962
6.23886
6.27441
6.09729
6.14915
6.19865
6.14952
6.19492
6.23826
6.19962
6.23886
6.27441
6.09729
6.14915
6.19865
6.14952
6.19492
6.23826
6.19962
6.23886
6.27441
6.09729
6.14915
6.19865
6.14952
6.19492
6.23826
6.19962
6.23886
6.27441
6.09729
6.14915
6.19865
6.14952
6.19492
6.23826
6.19962
6.23886
6.27441
6.09729
6.14915
6.19865
6.14952
6.19492
6.23827
6.19962
6.23886
6.27441
6.09729
6.14915
6.19865
6.14952
6.19492
6.23827
6.19962
6.23886
6.27441
6.09729
6.14915
6.19865
6.14952
6.19492
6.23827
6.19962
6.23886
6.27441
6.09729
6.14915
6.19865
6.14952
6.19492
6.23827
6.19962
6.23886
6.27441
6.0973
6.14915
6.19865
6.14952
6.19492
6.23827
6.19962
6.23886
6.27441
6.0973
6.14915
6.19865
6.14952
6.19492
6.23827
6.19962
6.23886
6.27441
6.0973
6.14915
6.19865
6.14952
6.19492
6.23827
6.19962
6.23886
6.27441
6.0973
6.14915
6.19865
6.14952
6.19492
6.23827
6.19962
6.23886
6.27441
6.0973
6.14915
6.19865
6.14952
6.19492
6.23827
6.19962
6.23886
6.27441
6.0973
6.14915
6.19865
6.14952
6.19492
6.23827
6.19962
6.23886
6.27441
6.0973
6.14915
6.19865
6.14952
6.19492
6.23827
6.19962
6.23887
6.27441
6.0973
6.14915
6.19865
6.14952
6.19492
6.23827
6.19962
6.23887
6.27441
6.0973
6.14915
6.19865
6.14952
6.19492
6.23827
6.19962
6.23887
6.27441
6.0973
6.14915
6.19865
6.14952
6.19492
6.23827
6.19962
6.23887
6.27441
6.0973
6.14915
6.19865
6.14952
6.19492
6.23827
6.19962
6.23887
6.27441
6.0973
6.14915
6.19865
6.14952
6.19492
6.23827
6.19962
6.23887
6.27441
6.0973
6.14915
6.19865
6.14952
6.19492
6.23827
6.19962
6.23887
6.27441
6.0973
6.14915
6.19865
6.14952
6.19492
6.23827
6.19962
6.23887
6.27441
6.0973
6.14915
6.19865
6.14952
6.19492
6.23827
6.19962
6.23887
6.27441
6.0973
6.14915
6.19865
6.14952
6.19492
6.23827
6.19962
6.23887
6.27441
6.0973
6.14915
6.19865
6.14952
6.19492
6.23827
6.19962
6.23887
6.27441
6.0973
6.14915
6.19865
6.14952
6.19492
6.23827
6.19962
6.23887
6.27441
6.0973
6.14915
6.19866
6.14952
6.19492
6.23827
6.19963
6.23887
6.27442
6.0973
6.14915
6.19866
6.14952
6.19493
6.23827
6.19963
6.23887
6.27442
6.0973
6.14915
6.19866
6.14952
6.19493
6.23827
6.19963
6.23887
6.27442
6.0973
6.14915
6.19866
6.14952
6.19493
6.23827
6.19963
6.23887
6.27442
6.0973
6.14915
6.19866
6.14952
6.19493
6.23827
6.19963
6.23887
6.27442
6.0973
6.14915
6.19866
6.14952
6.19493
6.23827
6.19963
6.23887
6.27442
6.0973
6.14915
6.19866
6.14953
6.19493
6.23827
6.19963
6.23887
6.27442
6.0973
6.14915
6.19866
6.14953
6.19493
6.23827
6.19963
6.23887
6.27442
6.0973
6.14915
6.19866
6.14953
6.19493
6.23827
6.19963
6.23887
6.27442
6.0973
6.14915
6.19866
6.14953
6.19493
6.23827
6.19963
6.23887
6.27442
6.0973
6.14916
6.19866
6.14953
6.19493
6.23827
6.19963
6.23887
6.27442
6.0973
6.14916
6.19866
6.14953
6.19493
6.23828
6.19963
6.23887
6.27442
6.0973
6.14916
6.19866
6.14953
6.19493
6.23828
6.19963
6.23887
6.27442
6.0973
6.14916
6.19866
6.14953
6.19493
6.23828
6.19963
6.23887
6.27442
6.0973
6.14916
6.19866
6.14953
6.19493
6.23828
6.19963
6.23887
6.27442
6.09731
6.14916
6.19866
6.14953
6.19493
6.23828
6.19963
6.23887
6.27442
6.09731
6.14916
6.19866
6.14953
6.19493
6.23828
6.19963
6.23888
6.27442
6.09731
6.14916
6.19866
6.14953
6.19493
6.23828
6.19963
6.23888
6.27442
6.09731
6.14916
6.19866
6.14953
6.19493
6.23828
6.19963
6.23888
6.27442
6.09731
6.14916
6.19866
6.14953
6.19493
6.23828
6.19963
6.23888
6.27442
6.09731
6.14916
6.19866
6.14953
6.19493
6.23828
6.19963
6.23888
6.27442
6.09731
6.14916
6.19866
6.14953
6.19493
6.23828
6.19963
6.23888
6.27442
6.09731
6.14916
6.19866
6.14953
6.19493
6.23828
6.19963
6.23888
6.27442
6.09731
6.14916
6.19866
6.14953
6.19493
6.23828
6.19963
6.23888
6.27442
6.09731
6.14916
6.19866
6.14953
6.19493
6.23828
6.19963
6.23888
6.27442
6.09731
6.14916
6.19866
6.14953
6.19493
6.23828
6.19963
6.23888
6.27442
6.09731
6.14916
6.19866
6.14953
6.19493
6.23828
6.19963
6.23888
6.27442
6.09731
6.14916
6.19866
6.14953
6.19493
6.23828
6.19963
6.23888
6.27443
6.09731
6.14916
6.19866
6.14953
6.19493
6.23828
6.19963
6.23888
6.27443
6.09731
6.14916
6.19867
6.14953
6.19493
6.23828
6.19963
6.23888
6.27443
6.09731
6.14916
6.19867
6.14953
6.19494
6.23828
6.19964
6.23888
6.27443
6.09731
6.14916
6.19867
6.14953
6.19494
6.23828
6.19964
6.23888
6.27443
6.09731
6.14916
6.19867
6.14953
6.19494
6.23828
6.19964
6.23888
6.27443
6.09731
6.14916
6.19867
6.14953
6.19494
6.23828
6.19964
6.23888
6.27443
6.09731
6.14916
6.19867
6.14953
6.19494
6.23828
6.19964
6.23888
6.27443
6.09731
6.14916
6.19867
6.14953
6.19494
6.23828
6.19964
6.23888
6.27443
6.09731
6.14916
6.19867
6.14953
6.19494
6.23828
6.19964
6.23888
6.27443
6.09731
6.14916
6.19867
6.14953
6.19494
6.23828
6.19964
6.23888
6.27443
6.09731
6.14916
6.19867
6.14954
6.19494
6.23828
6.19964
6.23888
6.27443
6.09731
6.14916
6.19867
6.14954
6.19494
6.23828
6.19964
6.23888
6.27443
6.09731
6.14916
6.19867
6.14954
6.19494
6.23828
6.19964
6.23888
6.27443
6.09731
6.14916
6.19867
6.14954
6.19494
6.23828
6.19964
6.23888
6.27443
6.09731
6.14916
6.19867
6.14954
6.19494
6.23828
6.19964
6.23888
6.27443
6.09731
6.14917
6.19867
6.14954
6.19494
6.23828
6.19964
6.23888
6.27443
6.09731
6.14917
6.19867
6.14954
6.19494
6.23829
6.19964
6.23888
6.27443
6.09731
6.14917
6.19867
6.14954
6.19494
6.23829
6.19964
6.23888
6.27443
6.09731
6.14917
6.19867
6.14954
6.19494
6.23829
6.19964
6.23888
6.27443
6.09731
6.14917
6.19867
6.14954
6.19494
6.23829
6.19964
6.23888
6.27443
6.09731
6.14917
6.19867
6.14954
6.19494
6.23829
6.19964
6.23888
6.27443
6.09731
6.14917
6.19867
6.14954
6.19494
6.23829
6.19964
6.23888
6.27443
6.09732
6.14917
6.19867
6.14954
6.19494
6.23829
6.19964
6.23889
6.27443
6.09732
6.14917
6.19867
6.14954
6.19494
6.23829
6.19964
6.23889
6.27443
6.09732
6.14917
6.19867
6.14954
6.19494
6.23829
6.19964
6.23889
6.27443
6.09732
6.14917
6.19867
6.14954
6.19494
6.23829
6.19964
6.23889
6.27443
6.09732
6.14917
6.19867
6.14954
6.19494
6.23829
6.19964
6.23889
6.27443
6.09732
6.14917
6.19867
6.14954
6.19494
6.23829
6.19964
6.23889
6.27443
6.09732
6.14917
6.19867
6.14954
6.19494
6.23829
6.19964
6.23889
6.27444
6.09732
6.14917
6.19867
6.14954
6.19494
6.23829
6.19964
6.23889
6.27444
6.09732
6.14917
6.19867
6.14954
6.19494
6.23829
6.19964
6.23889
6.27444
6.09732
6.14917
6.19867
6.14954
6.19494
6.23829
6.19964
6.23889
6.27444
6.09732
6.14917
6.19868
6.14954
6.19494
6.23829
6.19965
6.23889
6.27444
6.09732
6.14917
6.19868
6.14954
6.19494
6.23829
6.19964
6.23889
6.27444
6.09732
6.14917
6.19867
6.14954
6.19494
6.23829
6.19964
6.23889
6.27444
6.09732
6.14917
6.19867
6.14954
6.19494
6.23829
6.19964
6.23889
6.27444
6.09731
6.14916
6.19866
6.14954
6.19494
6.23828
6.19963
6.23888
6.27443
6.09731
6.14916
6.19865
6.14953
6.19493
6.23827
6.19962
6.23887
6.27442
6.09729
6.14913
6.19861
6.1495
6.1949
6.23823
6.19958
6.23883
6.27439
6.0972
6.14904
6.19848
6.14941
6.1948
6.23811
6.19945
6.23871
6.27427
6.09665
6.14848
6.19791
6.14885
6.19424
6.23755
6.19887
6.23814
6.27373
6.09128
6.14309
6.19269
6.14346
6.18888
6.23238
6.19364
6.23297
6.26872
0.0150032
0.0150045
0.0150066
0.0150063
0.0150077
0.0150099
0.0150097
0.015011
0.0150133
0.0150133
0.0150145
0.0150166
0.0150172
0.015018
0.0150195
0.0150257
0.0150256
0.0150255
0.0150445
0.015042
0.015037
0.0151462
0.0151419
0.0151367
0.0158014
0.0159427
0.0163914
0.0571149
0.0644911
0.0839271
0.0150213
0.0150246
0.0150303
0.0150314
0.0150343
0.0150398
0.0150396
0.0150412
0.015046
0.0150449
0.0150453
0.0150483
0.0150472
0.0150463
0.0150467
0.0150578
0.0150552
0.0150518
0.0150808
0.0150754
0.0150649
0.0152434
0.0152463
0.0152612
0.017655
0.0182949
0.0201687
0.138362
0.160086
0.213958
0.0151207
0.0151183
0.0151266
0.0151322
0.0151295
0.0151389
0.0151322
0.0151277
0.015134
0.0151224
0.0151161
0.0151177
0.0151047
0.0150977
0.0150939
0.0151002
0.0150917
0.0150818
0.0151101
0.0151006
0.0150832
0.0153689
0.0153897
0.015453
0.021769
0.0234947
0.0281474
0.254226
0.292224
0.379392
0.015553
0.0154904
0.0154775
0.0154773
0.0154253
0.0154281
0.0153794
0.0153411
0.0153423
0.0152888
0.0152606
0.0152554
0.0152106
0.0151883
0.0151754
0.0151611
0.015141
0.0151187
0.0151415
0.0151243
0.0150944
0.0155602
0.0156147
0.0157686
0.0290778
0.0324116
0.0407267
0.387914
0.437958
0.543742
0.0169436
0.0166362
0.0164963
0.0164028
0.0161836
0.0161325
0.0159377
0.0158117
0.0158054
0.0156366
0.0155606
0.0155635
0.0154336
0.0153768
0.0153615
0.0152799
0.0152338
0.015193
0.0151859
0.0151533
0.0151006
0.0158719
0.015983
0.0162918
0.0399015
0.0450365
0.0570227
0.519284
0.573899
0.680322
0.0203329
0.0193984
0.0188668
0.0184322
0.0178627
0.0177179
0.0171633
0.0168945
0.0169816
0.0165147
0.0163535
0.0164696
0.0160556
0.0159122
0.0159318
0.0155955
0.0154824
0.0154068
0.0152704
0.0152069
0.0151144
0.0164036
0.0166032
0.0171741
0.0539361
0.0606947
0.0757072
0.632638
0.684604
0.777863
0.0266631
0.0246224
0.0233597
0.0222278
0.0211735
0.0211202
0.0199189
0.019512
0.020067
0.0189069
0.0185821
0.019097
0.0178087
0.0174385
0.0175634
0.0164037
0.0161252
0.0159607
0.015439
0.015318
0.0151612
0.017296
0.017629
0.0186212
0.070374
0.0783449
0.0955062
0.719525
0.763797
0.836401
0.0362335
0.0328005
0.0306689
0.0286178
0.0272085
0.027763
0.0258199
0.0253353
0.0270927
0.0246333
0.0239478
0.0253406
0.0219842
0.0210934
0.0214048
0.0181661
0.0175391
0.0171727
0.0157497
0.0155335
0.0152874
0.0187036
0.0192254
0.0208278
0.0881315
0.0968499
0.115373
0.777838
0.811871
0.861559
0.0489438
0.0441673
0.0414162
0.0386752
0.0372402
0.039201
0.0369102
0.0363118
0.0402935
0.0359019
0.0344559
0.0373299
0.0301731
0.028304
0.0289309
0.0214719
0.0202251
0.0195143
0.0162887
0.0159287
0.015581
0.020761
0.0215303
0.0239248
0.106117
0.115201
0.13454
0.809624
0.832855
0.860641
0.0644592
0.0586557
0.0558845
0.0532351
0.0520266
0.0565668
0.0549041
0.0540496
0.0614466
0.054822
0.0520479
0.0571914
0.0440598
0.040674
0.0420044
0.0270841
0.024882
0.0237576
0.0172041
0.0166406
0.0162048
0.0235585
0.024629
0.0279616
0.123408
0.132612
0.152458
0.818988
0.83213
0.840682
0.0821716
0.075811
0.0735985
0.0723075
0.0715689
0.0796361
0.080816
0.0794264
0.09133
0.0833948
0.0785938
0.0869663
0.0656608
0.0602291
0.0631245
0.036219
0.0327117
0.0313942
0.0187676
0.0179275
0.0174641
0.0271284
0.0285416
0.0329097
0.139293
0.148499
0.168706
0.810567
0.815067
0.807744
0.101316
0.0947265
0.0934148
0.0951423
0.0947558
0.10665
0.114717
0.112121
0.129044
0.123306
0.115591
0.127834
0.0975353
0.0895069
0.0952703
0.0509753
0.0458865
0.0453515
0.0214892
0.0202879
0.0199816
0.0314471
0.0332349
0.0386986
0.153257
0.162471
0.183051
0.788619
0.786338
0.76686
0.121191
0.114505
0.114101
0.120293
0.119949
0.134974
0.15543
0.150589
0.171574
0.175259
0.163268
0.179049
0.142509
0.131101
0.140872
0.0747085
0.0679492
0.0703647
0.0263681
0.0247342
0.0251356
0.0364591
0.0386646
0.0453193
0.164983
0.174389
0.195719
0.756591
0.74971
0.722177
0.141525
0.134722
0.134614
0.146378
0.145522
0.162069
0.200782
0.192456
0.214642
0.238354
0.220059
0.236925
0.202823
0.186492
0.19991
0.111996
0.103495
0.111697
0.0355001
0.0334413
0.0360792
0.0421608
0.0448919
0.0530844
0.174434
0.184548
0.207795
0.717146
0.708193
0.677146
0.162261
0.155216
0.154669
0.172481
0.170475
0.186485
0.248276
0.234932
0.254542
0.310022
0.282512
0.29623
0.27886
0.254692
0.268729
0.167649
0.156578
0.171868
0.0533722
0.0510877
0.0594844
0.0488965
0.0524304
0.063274
0.182049
0.193952
0.221704
0.672526
0.664373
0.634753
0.183286
0.175962
0.174381
0.198269
0.194569
0.208102
0.295912
0.275966
0.289228
0.386687
0.346696
0.351853
0.368285
0.33193
0.340965
0.244518
0.228072
0.247579
0.0883065
0.0859531
0.104973
0.0582668
0.0632134
0.0797064
0.189052
0.204698
0.241708
0.625036
0.620824
0.597798
0.204278
0.196826
0.193876
0.223864
0.218072
0.227725
0.34266
0.314698
0.318748
0.464749
0.409086
0.40133
0.466469
0.413017
0.410313
0.341255
0.314089
0.330565
0.150688
0.146767
0.177484
0.0753737
0.0826714
0.110844
0.197911
0.22042
0.27404
0.577471
0.580425
0.569194
0.224791
0.217492
0.213242
0.249601
0.241408
0.246741
0.388426
0.351164
0.344902
0.541536
0.467897
0.44414
0.568104
0.493332
0.472578
0.452382
0.40764
0.411958
0.245736
0.234857
0.270151
0.112174
0.121669
0.168181
0.213331
0.246702
0.324778
0.533303
0.546539
0.552255
0.244496
0.237639
0.232337
0.275852
0.265131
0.265998
0.433658
0.386451
0.369594
0.615506
0.522664
0.481671
0.66874
0.569369
0.526783
0.570775
0.501864
0.485414
0.367535
0.341033
0.367405
0.185255
0.193058
0.256522
0.244687
0.290306
0.392251
0.496732
0.522952
0.548775
0.263365
0.257101
0.251001
0.303127
0.289412
0.285938
0.479033
0.421474
0.393915
0.685479
0.573854
0.515684
0.7644
0.639853
0.574225
0.68908
0.591852
0.550052
0.502881
0.451343
0.457207
0.301923
0.29685
0.358824
0.305858
0.355274
0.469544
0.472102
0.511836
0.56017
0.281566
0.27581
0.269137
0.331358
0.314217
0.306515
0.52422
0.456388
0.418419
0.751025
0.621999
0.547327
0.853443
0.704854
0.616211
0.802375
0.675573
0.606312
0.638961
0.556774
0.534662
0.44457
0.413915
0.456039
0.401173
0.437317
0.545018
0.465033
0.516425
0.583985
0.299334
0.293749
0.286729
0.360183
0.339363
0.327568
0.568535
0.490953
0.443155
0.811737
0.667245
0.577002
0.934927
0.764351
0.65347
0.907381
0.751962
0.654999
0.767475
0.652813
0.599367
0.589586
0.526843
0.537868
0.515366
0.524296
0.608799
0.478541
0.5354
0.614939
0.31673
0.311056
0.303815
0.389153
0.36458
0.348879
0.611181
0.524756
0.467845
0.867232
0.709444
0.604793
1.00828
0.818277
0.686823
1.00213
0.820567
0.696603
0.883634
0.737884
0.6524
0.722067
0.626584
0.60208
0.628065
0.60479
0.656781
0.508647
0.564099
0.647762
0.33378
0.327835
0.320467
0.417821
0.389616
0.370245
0.651494
0.557323
0.492178
0.917468
0.748445
0.630772
1.07368
0.866917
0.71661
1.08619
0.881598
0.732468
0.985816
0.81219
0.695817
0.836488
0.711068
0.650957
0.727126
0.673263
0.689965
0.547842
0.597298
0.679021
0.350529
0.344239
0.336854
0.445908
0.414362
0.391654
0.68931
0.588557
0.516189
0.963132
0.784665
0.655509
1.13247
0.911271
0.744058
1.16121
0.936627
0.764498
1.07558
0.877734
0.732633
0.933934
0.782531
0.688955
0.810214
0.729914
0.712401
0.589669
0.631238
0.707397
0.367234
0.360708
0.353567
0.473648
0.439278
0.413829
0.725474
0.619401
0.541068
1.00639
0.819996
0.681136
1.18807
0.954305
0.772261
1.23156
0.989469
0.796658
1.15792
0.939065
0.767833
1.02002
0.846393
0.722414
0.881433
0.779023
0.730115
0.630895
0.664459
0.733378
0.38485
0.378663
0.372742
0.502594
0.466523
0.439861
0.763005
0.653404
0.571251
1.0524
0.859753
0.713861
1.24769
1.00311
0.808967
1.30593
1.04846
0.837773
1.24236
1.00519
0.810905
1.10461
0.911988
0.761259
0.949094
0.828326
0.751785
0.671794
0.697965
0.759148
0.406287
0.402197
0.402161
0.537658
0.502856
0.479908
0.809806
0.700411
0.619717
1.1125
0.916891
0.769726
1.32562
1.07322
0.87245
1.40035
1.1305
0.907028
1.34523
1.09297
0.88059
1.20315
0.99494
0.822612
1.02563
0.890065
0.791003
0.715874
0.735447
0.789023
0.43944
0.444164
0.464585
0.5918
0.565876
0.563121
0.884465
0.783922
0.719358
1.2097
1.01992
0.884894
1.44801
1.19545
1.00082
1.54187
1.26654
1.04176
1.49236
1.23126
1.01105
1.33848
1.12015
0.935398
1.1285
0.982693
0.86893
0.769693
0.783704
0.830451
0.507447
0.539038
0.612099
0.694567
0.698626
0.751893
1.02431
0.951269
0.936763
1.38511
1.22022
1.12442
1.65643
1.42008
1.25609
1.76976
1.50311
1.29841
1.7188
1.46089
1.25133
1.54003
1.32126
1.13966
1.2795
1.13047
1.01387
0.842217
0.852497
0.894491
0.665932
0.755905
0.92727
0.905626
0.976687
1.12976
1.2886
1.27501
1.3529
1.69598
1.58133
1.56025
2.00065
1.80297
1.69737
2.12551
1.8866
1.72543
2.05848
1.81976
1.64144
1.83512
1.62884
1.46825
1.49889
1.35589
1.25022
0.942365
0.951864
0.99272
1.00155
1.17904
1.46995
1.30603
1.4699
1.73606
1.74015
1.81174
1.98943
2.1881
2.13873
2.20146
2.51021
2.36454
2.3216
2.62647
2.42656
2.31334
2.52158
2.31214
2.17087
2.23095
2.04631
1.91413
1.79301
1.66361
1.5765
1.074
1.08582
1.12878
1.5723
1.83282
2.21
1.93139
2.17439
2.51212
2.39301
2.53489
2.77079
2.85007
2.85531
2.96386
3.16015
3.05525
3.04582
3.24073
3.07157
2.98307
3.07587
2.89066
2.76957
2.70029
2.53534
2.42099
2.14364
2.02826
1.95516
1.23102
1.24644
1.29145
2.3371
2.63954
3.03884
2.71923
2.99421
3.33839
3.17443
3.34106
3.57393
3.60438
3.6275
3.72768
3.8717
3.77817
3.7581
3.89404
3.73286
3.63397
3.65553
3.47772
3.34923
3.18883
3.03202
2.91475
2.5115
2.40367
2.33123
1.39779
1.4155
1.45886
3.17486
3.47211
3.83744
3.54598
3.80495
4.1042
3.96664
4.11414
4.2978
4.34498
4.35015
4.40223
4.55191
4.44092
4.37785
4.50629
4.33046
4.19487
4.19262
4.00465
3.84704
3.64056
3.47865
3.34062
2.8544
2.74535
2.66042
1.55586
1.5731
1.61017
3.96351
4.22478
4.52669
4.30138
4.51589
4.7453
4.67418
4.77557
4.89101
4.99161
4.95703
4.94674
5.13512
4.98959
4.8712
5.02389
4.82002
4.63729
4.64297
4.43409
4.23805
4.01888
3.84307
3.67571
3.14353
3.02671
2.92198
1.69141
1.7057
1.73351
4.62928
4.84292
5.07562
4.92521
5.08634
5.24447
5.24874
5.2963
5.34502
5.50906
5.42799
5.3571
5.59496
5.41041
5.23879
5.4275
5.19226
4.96405
4.99179
4.759
4.52537
4.31147
4.11876
3.92178
3.36823
3.24086
3.11512
1.79833
1.80844
1.82635
5.14917
5.31615
5.48708
5.40396
5.51488
5.61248
5.68179
5.68189
5.67646
5.89534
5.77263
5.65156
5.93463
5.71516
5.49928
5.72291
5.45954
5.19346
5.24553
4.99103
4.72586
4.52384
4.3153
4.09308
3.53179
3.39405
3.2499
1.87713
1.88297
1.89205
5.53265
5.6597
5.78103
5.75271
5.82088
5.87141
5.99198
5.95544
5.90647
6.16935
6.01366
5.85375
6.17317
5.92599
5.67625
5.92854
5.64284
5.34789
5.42099
5.14916
4.85992
4.67022
4.44884
4.20719
3.64466
3.49828
3.33972
1.93206
1.93424
1.93631
5.80303
5.89865
5.98315
5.99586
6.03053
6.04682
6.20635
6.14072
6.06106
6.3561
6.17559
5.98778
6.33391
6.06628
5.79218
6.06576
5.76374
5.44808
5.5372
5.25273
4.94623
4.76675
4.53595
4.28031
3.71907
3.56624
3.39724
1.96857
1.96798
1.9649
5.98651
6.05878
6.11817
6.15864
6.16853
6.16427
6.34855
6.26164
6.16078
6.47867
6.28103
6.07351
6.43826
6.15664
5.86556
6.15391
5.84079
5.51084
5.61123
5.31818
4.99984
4.82789
4.59069
4.32547
3.76613
3.60889
3.4327
1.99183
1.98932
1.98267
6.10702
6.16252
6.20513
6.26308
6.25738
6.23929
6.4394
6.33769
6.22362
6.55632
6.34816
6.12676
6.50362
6.21311
5.91051
6.2085
5.8883
5.54882
5.65663
5.35812
5.03196
4.86513
4.62385
4.35233
3.79471
3.63467
3.45373
2.00605
2.00231
1.99329
6.18357
6.2278
6.25916
6.32837
6.31271
6.28526
6.49561
6.38435
6.2618
6.60384
6.38913
6.15865
6.5431
6.24711
5.93705
6.24104
5.91651
5.57094
5.68336
5.38156
5.05045
4.88686
4.64316
4.36765
3.81133
3.64962
3.46568
2.01438
2.00991
1.99938
6.23065
6.26763
6.2915
6.368
6.34634
6.3121
6.52928
6.41211
6.284
6.63189
6.4132
6.17698
6.56603
6.26677
5.95206
6.25962
5.93257
5.58326
5.6984
5.39471
5.06059
4.89895
4.65388
4.37597
3.82053
3.65788
3.47213
2.01902
2.01416
2.00271
6.25859
6.29107
6.31019
6.39121
6.36597
6.32733
6.54871
6.42827
6.29641
6.64777
6.42644
6.18703
6.57875
6.27753
5.96015
6.26972
5.94123
5.58977
5.70641
5.4017
5.06585
4.90529
4.6595
4.38021
3.82531
3.66218
3.4754
2.02146
2.0164
2.00443
6.27451
6.30429
6.32056
6.40424
6.37694
6.33564
6.55944
6.43725
6.30305
6.65632
6.43335
6.19227
6.58542
6.28306
5.96426
6.27486
5.9456
5.59298
5.71038
5.40514
5.06838
4.90834
4.66221
4.38219
3.82758
3.66424
3.4769
2.02264
2.0175
2.00524
6.28314
6.31137
6.32603
6.4112
6.38273
6.33994
6.56503
6.44191
6.3064
6.66065
6.43677
6.19483
6.58867
6.28571
5.96619
6.27725
5.94762
5.59442
5.71213
5.40667
5.06945
4.90963
4.66337
4.383
3.8285
3.66509
3.47749
2.02314
2.01797
2.00558
6.28752
6.31493
6.32873
6.41465
6.38559
6.34201
6.56774
6.44414
6.30796
6.66265
6.43831
6.19596
6.59007
6.28684
5.96699
6.2782
5.94842
5.59497
5.71275
5.40722
5.06982
4.91004
4.66375
4.38324
3.82877
3.66535
3.47764
2.02329
2.01814
2.00568
6.28954
6.31655
6.32994
6.41621
6.38685
6.34291
6.5689
6.4451
6.30861
6.66344
6.43891
6.19639
6.59056
6.28723
5.96726
6.27846
5.94864
5.59512
5.71285
5.40733
5.06988
4.91005
4.66379
4.38324
3.82874
3.66535
3.47762
2.02329
2.01816
2.00569
6.29032
6.31717
6.3304
6.41678
6.38732
6.34323
6.56929
6.44542
6.30881
6.66365
6.43906
6.1965
6.59062
6.28728
5.96729
6.27842
5.94862
5.59509
5.71275
5.40726
5.06982
4.90991
4.66369
4.38315
3.8286
3.66526
3.47753
2.02323
2.01812
2.00566
6.29051
6.31731
6.3305
6.41689
6.38741
6.34329
6.56933
6.44545
6.30883
6.66362
6.43903
6.19648
6.59053
6.28721
5.96724
6.27828
5.94852
5.59502
5.71259
5.40715
5.06973
4.90974
4.66357
4.38306
3.82846
3.66515
3.47744
2.02317
2.01808
2.00562
6.29045
6.31725
6.33045
6.41682
6.38734
6.34324
6.56923
6.44538
6.30877
6.6635
6.43894
6.19641
6.59039
6.28711
5.96716
6.27813
5.94841
5.59493
5.71243
5.40703
5.06964
4.90959
4.66346
4.38297
3.82833
3.66505
3.47737
2.02311
2.01803
2.00559
6.29029
6.31713
6.33036
6.41668
6.38723
6.34316
6.5691
6.44528
6.30869
6.66336
6.43884
6.19633
6.59025
6.287
5.96708
6.27799
5.94831
5.59486
5.7123
5.40693
5.06956
4.90947
4.66336
4.3829
3.82823
3.66497
3.4773
2.02306
2.01799
2.00556
6.29012
6.31699
6.33026
6.41654
6.38712
6.34307
6.56897
6.44518
6.30861
6.66324
6.43874
6.19626
6.59013
6.28691
5.96701
6.27788
5.94822
5.59479
5.71219
5.40685
5.0695
4.90937
4.66328
4.38284
3.82815
3.6649
3.47725
2.02302
2.01796
2.00554
6.28997
6.31687
6.33015
6.41641
6.38701
6.34299
6.56886
6.44508
6.30853
6.66313
6.43865
6.19619
6.59003
6.28683
5.96695
6.27778
5.94814
5.59472
5.7121
5.40678
5.06944
4.90929
4.66322
4.38278
3.82808
3.66485
3.4772
2.02299
2.01794
2.00552
6.28983
6.31675
6.33006
6.41629
6.38691
6.3429
6.56875
6.44499
6.30846
6.66304
6.43858
6.19612
6.58994
6.28676
5.96688
6.2777
5.94807
5.59467
5.71203
5.40671
5.06938
4.90923
4.66316
4.38273
3.82803
3.6648
3.47716
2.02296
2.01792
2.0055
6.28972
6.31665
6.32998
6.41619
6.38682
6.34283
6.56866
6.44491
6.30839
6.66296
6.4385
6.19605
6.58987
6.28669
5.96682
6.27763
5.94801
5.59461
5.71196
5.40666
5.06933
4.90917
4.66311
4.38269
3.82798
3.66476
3.47713
2.02294
2.0179
2.00548
6.28962
6.31656
6.3299
6.4161
6.38674
6.34276
6.56858
6.44484
6.30832
6.66288
6.43843
6.19599
6.5898
6.28663
5.96676
6.27757
5.94795
5.59455
5.7119
5.4066
5.06928
4.90912
4.66306
4.38264
3.82794
3.66472
3.47709
2.02292
2.01788
2.00547
6.28953
6.31648
6.32982
6.41602
6.38667
6.34269
6.56851
6.44477
6.30826
6.66281
6.43837
6.19593
6.58973
6.28657
5.96671
6.27751
5.9479
5.59451
5.71185
5.40655
5.06924
4.90907
4.66302
4.3826
3.8279
3.66469
3.47706
2.0229
2.01786
2.00545
6.28945
6.31641
6.32976
6.41595
6.3866
6.34263
6.56844
6.44471
6.30821
6.66275
6.43832
6.19588
6.58968
6.28651
5.96666
6.27746
5.94785
5.59446
5.71181
5.40651
5.0692
4.90903
4.66298
4.38257
3.82787
3.66466
3.47704
2.02289
2.01785
2.00544
6.28938
6.31634
6.3297
6.41589
6.38654
6.34257
6.56838
6.44465
6.30815
6.6627
6.43827
6.19583
6.58963
6.28647
5.96662
6.27741
5.94781
5.59442
5.71176
5.40647
5.06916
4.909
4.66295
4.38254
3.82784
3.66464
3.47701
2.02288
2.01784
2.00543
6.28932
6.31629
6.32965
6.41583
6.38649
6.34252
6.56833
6.4446
6.30811
6.66265
6.43822
6.19579
6.58958
6.28643
5.96658
6.27737
5.94777
5.59439
5.71173
5.40644
5.06913
4.90897
4.66292
4.38251
3.82782
3.66461
3.47699
2.02286
2.01783
2.00542
6.28926
6.31624
6.3296
6.41578
6.38644
6.34248
6.56828
6.44456
6.30807
6.66261
6.43819
6.19576
6.58955
6.28639
5.96655
6.27734
5.94774
5.59436
5.7117
5.40641
5.06911
4.90894
4.6629
4.38249
3.8278
3.6646
3.47698
2.02286
2.01782
2.00541
6.28922
6.3162
6.32957
6.41574
6.3864
6.34245
6.56825
6.44453
6.30804
6.66258
6.43816
6.19573
6.58952
6.28637
5.96652
6.27731
5.94772
5.59434
5.71168
5.40639
5.06909
4.90892
4.66288
4.38247
3.82779
3.66458
3.47696
2.02285
2.01781
2.00541
6.28919
6.31616
6.32954
6.41571
6.38637
6.34242
6.56822
6.4445
6.30802
6.66255
6.43813
6.19571
6.58949
6.28635
5.9665
6.27729
5.9477
5.59432
5.71166
5.40637
5.06907
4.90891
4.66287
4.38246
3.82777
3.66457
3.47695
2.02284
2.01781
2.0054
6.28916
6.31614
6.32951
6.41568
6.38635
6.3424
6.5682
6.44448
6.308
6.66253
6.43811
6.19569
6.58947
6.28633
5.96649
6.27727
5.94768
5.59431
5.71165
5.40636
5.06906
4.9089
4.66286
4.38245
3.82777
3.66456
3.47694
2.02284
2.0178
2.0054
6.28913
6.31612
6.32949
6.41566
6.38633
6.34239
6.56818
6.44446
6.30799
6.66251
6.4381
6.19568
6.58946
6.28631
5.96648
6.27726
5.94767
5.59429
5.71163
5.40635
5.06905
4.90889
4.66285
4.38244
3.82776
3.66455
3.47694
2.02283
2.0178
2.00539
6.28912
6.3161
6.32948
6.41565
6.38632
6.34238
6.56816
6.44445
6.30797
6.6625
6.43809
6.19567
6.58945
6.2863
5.96647
6.27725
5.94766
5.59429
5.71163
5.40634
5.06904
4.90888
4.66284
4.38244
3.82775
3.66455
3.47693
2.02283
2.0178
2.00539
6.2891
6.31609
6.32947
6.41564
6.38631
6.34237
6.56815
6.44444
6.30797
6.66249
6.43808
6.19566
6.58944
6.2863
5.96646
6.27724
5.94765
5.59428
5.71162
5.40634
5.06904
4.90888
4.66284
4.38243
3.82775
3.66455
3.47693
2.02283
2.0178
2.00539
6.28909
6.31608
6.32946
6.41563
6.3863
6.34236
6.56815
6.44443
6.30796
6.66248
6.43807
6.19566
6.58943
6.28629
5.96645
6.27724
5.94765
5.59428
5.71162
5.40633
5.06903
4.90887
4.66283
4.38243
3.82775
3.66454
3.47693
2.02283
2.0178
2.00539
6.28909
6.31608
6.32946
6.41562
6.38629
6.34235
6.56814
6.44442
6.30795
6.66248
6.43807
6.19565
6.58943
6.28629
5.96645
6.27724
5.94765
5.59427
5.71161
5.40633
5.06903
4.90887
4.66283
4.38243
3.82774
3.66454
3.47692
2.02283
2.01779
2.00539
6.28908
6.31607
6.32945
6.41562
6.38629
6.34235
6.56814
6.44442
6.30795
6.66247
6.43806
6.19565
6.58943
6.28628
5.96645
6.27723
5.94764
5.59427
5.71161
5.40633
5.06903
4.90887
4.66283
4.38242
3.82774
3.66454
3.47692
2.02283
2.01779
2.00539
6.28908
6.31607
6.32945
6.41561
6.38628
6.34235
6.56813
6.44442
6.30795
6.66247
6.43806
6.19565
6.58942
6.28628
5.96645
6.27723
5.94764
5.59427
5.71161
5.40633
5.06903
4.90887
4.66283
4.38242
3.82774
3.66454
3.47692
2.02283
2.01779
2.00539
6.28908
6.31606
6.32945
6.41561
6.38628
6.34234
6.56813
6.44442
6.30795
6.66247
6.43806
6.19564
6.58942
6.28628
5.96644
6.27723
5.94764
5.59427
5.71161
5.40632
5.06902
4.90886
4.66283
4.38242
3.82774
3.66454
3.47692
2.02283
2.01779
2.00539
6.28907
6.31606
6.32945
6.41561
6.38628
6.34234
6.56813
6.44441
6.30794
6.66247
6.43806
6.19564
6.58942
6.28628
5.96644
6.27723
5.94764
5.59426
5.71161
5.40632
5.06902
4.90886
4.66282
4.38242
3.82774
3.66454
3.47692
2.02283
2.01779
2.00539
6.28907
6.31606
6.32944
6.41561
6.38628
6.34234
6.56813
6.44441
6.30794
6.66247
6.43806
6.19564
6.58942
6.28628
5.96644
6.27723
5.94764
5.59426
5.7116
5.40632
5.06902
4.90886
4.66282
4.38242
3.82774
3.66454
3.47692
2.02283
2.01779
2.00539
6.28907
6.31606
6.32944
6.41561
6.38628
6.34234
6.56813
6.44441
6.30794
6.66247
6.43806
6.19564
6.58942
6.28628
5.96644
6.27723
5.94764
5.59426
5.7116
5.40632
5.06902
4.90886
4.66282
4.38242
3.82774
3.66454
3.47692
2.02283
2.01779
2.00539
6.28907
6.31606
6.32944
6.41561
6.38628
6.34234
6.56813
6.44441
6.30794
6.66246
6.43805
6.19564
6.58942
6.28628
5.96644
6.27723
5.94764
5.59426
5.7116
5.40632
5.06902
4.90886
4.66282
4.38242
3.82774
3.66454
3.47692
2.02283
2.01779
2.00539
6.28907
6.31606
6.32944
6.41561
6.38628
6.34234
6.56812
6.44441
6.30794
6.66246
6.43805
6.19564
6.58942
6.28628
5.96644
6.27722
5.94764
5.59426
5.7116
5.40632
5.06902
4.90886
4.66282
4.38242
3.82774
3.66454
3.47692
2.02282
2.01779
2.00539
6.28907
6.31606
6.32944
6.4156
6.38627
6.34234
6.56812
6.44441
6.30794
6.66246
6.43805
6.19564
6.58942
6.28627
5.96644
6.27722
5.94763
5.59426
5.7116
5.40632
5.06902
4.90886
4.66282
4.38242
3.82774
3.66453
3.47692
2.02282
2.01779
2.00539
6.28907
6.31606
6.32944
6.4156
6.38627
6.34234
6.56812
6.44441
6.30794
6.66246
6.43805
6.19564
6.58942
6.28627
5.96644
6.27722
5.94763
5.59426
5.7116
5.40632
5.06902
4.90886
4.66282
4.38241
3.82774
3.66453
3.47692
2.02282
2.01779
2.00539
6.28907
6.31606
6.32944
6.4156
6.38627
6.34234
6.56812
6.44441
6.30794
6.66246
6.43805
6.19563
6.58942
6.28627
5.96644
6.27722
5.94763
5.59426
5.7116
5.40632
5.06902
4.90886
4.66282
4.38241
3.82774
3.66453
3.47692
2.02282
2.01779
2.00539
6.28907
6.31605
6.32944
6.4156
6.38627
6.34234
6.56812
6.44441
6.30794
6.66246
6.43805
6.19563
6.58942
6.28627
5.96643
6.27722
5.94763
5.59426
5.7116
5.40632
5.06902
4.90886
4.66282
4.38241
3.82774
3.66453
3.47692
2.02282
2.01779
2.00539
6.28907
6.31605
6.32944
6.4156
6.38627
6.34233
6.56812
6.44441
6.30794
6.66246
6.43805
6.19563
6.58942
6.28627
5.96643
6.27722
5.94763
5.59426
5.7116
5.40632
5.06902
4.90886
4.66282
4.38241
3.82774
3.66453
3.47691
2.02282
2.01779
2.00539
6.28907
6.31605
6.32944
6.4156
6.38627
6.34233
6.56812
6.44441
6.30794
6.66246
6.43805
6.19563
6.58941
6.28627
5.96643
6.27722
5.94763
5.59426
5.7116
5.40632
5.06901
4.90886
4.66282
4.38241
3.82774
3.66453
3.47691
2.02282
2.01779
2.00539
6.28906
6.31605
6.32944
6.4156
6.38627
6.34233
6.56812
6.4444
6.30793
6.66246
6.43805
6.19563
6.58941
6.28627
5.96643
6.27722
5.94763
5.59425
5.7116
5.40632
5.06901
4.90886
4.66282
4.38241
3.82774
3.66453
3.47691
2.02282
2.01779
2.00539
6.28906
6.31605
6.32944
6.4156
6.38627
6.34233
6.56812
6.4444
6.30793
6.66246
6.43805
6.19563
6.58941
6.28627
5.96643
6.27722
5.94763
5.59425
5.7116
5.40632
5.06901
4.90886
4.66282
4.38241
3.82774
3.66453
3.47691
2.02282
2.01779
2.00538
6.28906
6.31605
6.32943
6.4156
6.38627
6.34233
6.56812
6.4444
6.30793
6.66246
6.43805
6.19563
6.58941
6.28627
5.96643
6.27722
5.94763
5.59425
5.7116
5.40632
5.06901
4.90886
4.66282
4.38241
3.82774
3.66453
3.47691
2.02282
2.01779
2.00538
6.28906
6.31605
6.32943
6.4156
6.38627
6.34233
6.56812
6.4444
6.30793
6.66246
6.43805
6.19563
6.58941
6.28627
5.96643
6.27722
5.94763
5.59425
5.7116
5.40632
5.06901
4.90886
4.66282
4.38241
3.82774
3.66453
3.47691
2.02282
2.01779
2.00538
6.28906
6.31605
6.32943
6.4156
6.38627
6.34233
6.56812
6.4444
6.30793
6.66246
6.43805
6.19563
6.58941
6.28627
5.96643
6.27722
5.94763
5.59425
5.7116
5.40631
5.06901
4.90886
4.66282
4.38241
3.82774
3.66453
3.47691
2.02282
2.01779
2.00538
6.28906
6.31605
6.32943
6.4156
6.38627
6.34233
6.56812
6.4444
6.30793
6.66246
6.43805
6.19563
6.58941
6.28627
5.96643
6.27722
5.94763
5.59425
5.7116
5.40631
5.06901
4.90886
4.66282
4.38241
3.82773
3.66453
3.47691
2.02282
2.01779
2.00538
6.28906
6.31605
6.32943
6.4156
6.38627
6.34233
6.56812
6.4444
6.30793
6.66246
6.43805
6.19563
6.58941
6.28627
5.96643
6.27722
5.94763
5.59425
5.7116
5.40631
5.06901
4.90886
4.66282
4.38241
3.82773
3.66453
3.47691
2.02282
2.01779
2.00538
6.28906
6.31605
6.32943
6.4156
6.38627
6.34233
6.56812
6.4444
6.30793
6.66246
6.43805
6.19563
6.58941
6.28627
5.96643
6.27722
5.94763
5.59425
5.7116
5.40631
5.06901
4.90886
4.66282
4.38241
3.82773
3.66453
3.47691
2.02282
2.01779
2.00538
6.28906
6.31605
6.32943
6.4156
6.38627
6.34233
6.56812
6.4444
6.30793
6.66246
6.43805
6.19563
6.58941
6.28627
5.96643
6.27722
5.94763
5.59425
5.7116
5.40631
5.06901
4.90886
4.66282
4.38241
3.82773
3.66453
3.47691
2.02282
2.01779
2.00538
6.28906
6.31605
6.32943
6.4156
6.38627
6.34233
6.56812
6.4444
6.30793
6.66246
6.43804
6.19563
6.58941
6.28627
5.96643
6.27722
5.94763
5.59425
5.7116
5.40631
5.06901
4.90886
4.66282
4.38241
3.82773
3.66453
3.47691
2.02282
2.01779
2.00538
6.28906
6.31605
6.32943
6.4156
6.38627
6.34233
6.56812
6.4444
6.30793
6.66246
6.43804
6.19563
6.58941
6.28627
5.96643
6.27722
5.94763
5.59425
5.7116
5.40631
5.06901
4.90886
4.66282
4.38241
3.82773
3.66453
3.47691
2.02282
2.01779
2.00538
6.28906
6.31605
6.32943
6.4156
6.38627
6.34233
6.56812
6.4444
6.30793
6.66246
6.43804
6.19563
6.58941
6.28627
5.96643
6.27722
5.94763
5.59425
5.7116
5.40631
5.06901
4.90886
4.66282
4.38241
3.82773
3.66453
3.47691
2.02282
2.01779
2.00538
6.28906
6.31605
6.32943
6.4156
6.38627
6.34233
6.56812
6.4444
6.30793
6.66246
6.43804
6.19562
6.58941
6.28627
5.96642
6.27722
5.94763
5.59425
5.7116
5.40631
5.06901
4.90886
4.66282
4.38241
3.82773
3.66453
3.47691
2.02282
2.01779
2.00538
6.28906
6.31605
6.32943
6.4156
6.38627
6.34233
6.56811
6.4444
6.30793
6.66246
6.43804
6.19562
6.58941
6.28627
5.96642
6.27722
5.94763
5.59425
5.7116
5.40631
5.06901
4.90885
4.66281
4.38241
3.82773
3.66453
3.47691
2.02282
2.01779
2.00538
6.28906
6.31605
6.32943
6.4156
6.38626
6.34233
6.56811
6.4444
6.30793
6.66245
6.43804
6.19562
6.58941
6.28626
5.96642
6.27722
5.94763
5.59425
5.7116
5.40631
5.06901
4.90885
4.66281
4.38241
3.82773
3.66453
3.47691
2.02282
2.01779
2.00538
6.28906
6.31605
6.32943
6.4156
6.38626
6.34233
6.56811
6.4444
6.30793
6.66245
6.43804
6.19562
6.58941
6.28626
5.96642
6.27722
5.94763
5.59425
5.7116
5.40631
5.06901
4.90885
4.66281
4.38241
3.82773
3.66453
3.47691
2.02282
2.01779
2.00538
6.28906
6.31605
6.32943
6.4156
6.38626
6.34233
6.56811
6.4444
6.30793
6.66245
6.43804
6.19562
6.58941
6.28626
5.96642
6.27722
5.94763
5.59425
5.71159
5.40631
5.06901
4.90885
4.66281
4.38241
3.82773
3.66453
3.47691
2.02282
2.01779
2.00538
6.28906
6.31605
6.32943
6.4156
6.38626
6.34233
6.56811
6.4444
6.30793
6.66245
6.43804
6.19562
6.58941
6.28626
5.96642
6.27722
5.94763
5.59425
5.71159
5.40631
5.06901
4.90885
4.66281
4.38241
3.82773
3.66453
3.47691
2.02282
2.01779
2.00538
6.28906
6.31605
6.32943
6.4156
6.38626
6.34233
6.56811
6.4444
6.30793
6.66245
6.43804
6.19562
6.58941
6.28626
5.96642
6.27722
5.94762
5.59425
5.71159
5.40631
5.06901
4.90885
4.66281
4.38241
3.82773
3.66453
3.47691
2.02282
2.01779
2.00538
6.28906
6.31605
6.32943
6.41559
6.38626
6.34233
6.56811
6.4444
6.30793
6.66245
6.43804
6.19562
6.58941
6.28626
5.96642
6.27722
5.94762
5.59425
5.71159
5.40631
5.06901
4.90885
4.66281
4.38241
3.82773
3.66453
3.47691
2.02282
2.01779
2.00538
6.28906
6.31605
6.32943
6.41559
6.38626
6.34233
6.56811
6.4444
6.30793
6.66245
6.43804
6.19562
6.58941
6.28626
5.96642
6.27722
5.94762
5.59425
5.71159
5.40631
5.06901
4.90885
4.66281
4.38241
3.82773
3.66453
3.47691
2.02282
2.01779
2.00538
6.28906
6.31605
6.32943
6.41559
6.38626
6.34233
6.56811
6.4444
6.30793
6.66245
6.43804
6.19562
6.58941
6.28626
5.96642
6.27722
5.94762
5.59425
5.71159
5.40631
5.06901
4.90885
4.66281
4.38241
3.82773
3.66453
3.47691
2.02282
2.01779
2.00538
6.28906
6.31605
6.32943
6.41559
6.38626
6.34233
6.56811
6.4444
6.30793
6.66245
6.43804
6.19562
6.58941
6.28626
5.96642
6.27722
5.94762
5.59425
5.71159
5.40631
5.06901
4.90885
4.66281
4.38241
3.82773
3.66453
3.47691
2.02282
2.01779
2.00538
6.28906
6.31605
6.32943
6.41559
6.38626
6.34233
6.56811
6.4444
6.30793
6.66245
6.43804
6.19562
6.58941
6.28626
5.96642
6.27722
5.94762
5.59425
5.71159
5.40631
5.06901
4.90885
4.66281
4.38241
3.82773
3.66453
3.47691
2.02282
2.01779
2.00538
6.28906
6.31605
6.32943
6.41559
6.38626
6.34233
6.56811
6.4444
6.30793
6.66245
6.43804
6.19562
6.58941
6.28626
5.96642
6.27722
5.94762
5.59425
5.71159
5.40631
5.06901
4.90885
4.66281
4.38241
3.82773
3.66453
3.47691
2.02282
2.01779
2.00538
6.28906
6.31605
6.32943
6.41559
6.38626
6.34233
6.56811
6.4444
6.30793
6.66245
6.43804
6.19562
6.58941
6.28626
5.96643
6.27722
5.94762
5.59425
5.71159
5.40631
5.06901
4.90885
4.66281
4.38241
3.82773
3.66453
3.47691
2.02282
2.01779
2.00538
6.28906
6.31605
6.32943
6.4156
6.38626
6.34233
6.56811
6.4444
6.30793
6.66245
6.43804
6.19563
6.58941
6.28626
5.96643
6.27722
5.94763
5.59425
5.71159
5.40631
5.06901
4.90885
4.66281
4.38241
3.82773
3.66453
3.47691
2.02282
2.01779
2.00538
6.28906
6.31605
6.32943
6.4156
6.38626
6.34233
6.56811
6.4444
6.30793
6.66245
6.43804
6.19563
6.58941
6.28627
5.96643
6.27722
5.94763
5.59425
5.71159
5.40631
5.06901
4.90885
4.66281
4.38241
3.82773
3.66453
3.47691
2.02282
2.01779
2.00538
6.28906
6.31605
6.32943
6.4156
6.38626
6.34233
6.56811
6.4444
6.30793
6.66245
6.43804
6.19563
6.58941
6.28627
5.96643
6.27722
5.94763
5.59425
5.71159
5.40631
5.06901
4.90885
4.66281
4.38241
3.82773
3.66453
3.47691
2.02282
2.01779
2.00538
6.28906
6.31605
6.32943
6.4156
6.38627
6.34233
6.56811
6.4444
6.30793
6.66246
6.43804
6.19563
6.58941
6.28627
5.96643
6.27722
5.94763
5.59425
5.7116
5.40631
5.06901
4.90885
4.66281
4.38241
3.82773
3.66453
3.47691
2.02282
2.01779
2.00538
6.28906
6.31605
6.32943
6.4156
6.38627
6.34233
6.56812
6.4444
6.30793
6.66246
6.43804
6.19563
6.58941
6.28627
5.96643
6.27722
5.94763
5.59425
5.7116
5.40631
5.06901
4.90885
4.66281
4.38241
3.82773
3.66453
3.47691
2.02282
2.01779
2.00538
6.28906
6.31605
6.32943
6.4156
6.38627
6.34233
6.56812
6.4444
6.30793
6.66246
6.43805
6.19563
6.58941
6.28627
5.96643
6.27722
5.94763
5.59425
5.7116
5.40631
5.06901
4.90885
4.66282
4.38241
3.82773
3.66453
3.47691
2.02282
2.01779
2.00538
6.28906
6.31605
6.32943
6.4156
6.38627
6.34233
6.56812
6.4444
6.30793
6.66246
6.43805
6.19563
6.58941
6.28627
5.96643
6.27722
5.94763
5.59425
5.7116
5.40631
5.06901
4.90886
4.66282
4.38241
3.82773
3.66453
3.47691
2.02282
2.01779
2.00538
6.28906
6.31605
6.32943
6.4156
6.38627
6.34233
6.56812
6.4444
6.30793
6.66246
6.43805
6.19563
6.58941
6.28627
5.96643
6.27722
5.94763
5.59425
5.7116
5.40631
5.06901
4.90886
4.66282
4.38241
3.82773
3.66453
3.47691
2.02282
2.01779
2.00538
6.28906
6.31605
6.32943
6.4156
6.38627
6.34233
6.56812
6.4444
6.30793
6.66246
6.43805
6.19563
6.58941
6.28627
5.96643
6.27722
5.94763
5.59425
5.7116
5.40631
5.06901
4.90886
4.66282
4.38241
3.82773
3.66453
3.47691
2.02282
2.01779
2.00538
6.28906
6.31605
6.32943
6.4156
6.38627
6.34233
6.56812
6.4444
6.30793
6.66246
6.43805
6.19563
6.58941
6.28627
5.96643
6.27722
5.94763
5.59425
5.7116
5.40631
5.06901
4.90886
4.66282
4.38241
3.82773
3.66453
3.47691
2.02282
2.01779
2.00538
6.28906
6.31605
6.32943
6.4156
6.38627
6.34233
6.56812
6.4444
6.30793
6.66246
6.43805
6.19563
6.58941
6.28627
5.96643
6.27722
5.94763
5.59425
5.7116
5.40631
5.06901
4.90886
4.66282
4.38241
3.82773
3.66453
3.47691
2.02282
2.01779
2.00538
6.28906
6.31605
6.32943
6.4156
6.38627
6.34233
6.56812
6.4444
6.30793
6.66246
6.43805
6.19563
6.58941
6.28627
5.96643
6.27722
5.94763
5.59425
5.7116
5.40631
5.06901
4.90886
4.66282
4.38241
3.82773
3.66453
3.47691
2.02282
2.01779
2.00538
6.28906
6.31605
6.32943
6.4156
6.38627
6.34233
6.56812
6.4444
6.30793
6.66246
6.43805
6.19563
6.58941
6.28627
5.96643
6.27722
5.94763
5.59425
5.7116
5.40631
5.06901
4.90886
4.66282
4.38241
3.82773
3.66453
3.47691
2.02282
2.01779
2.00538
6.28906
6.31605
6.32943
6.4156
6.38627
6.34233
6.56812
6.4444
6.30793
6.66246
6.43805
6.19563
6.58941
6.28627
5.96643
6.27722
5.94763
5.59425
5.7116
5.40631
5.06901
4.90886
4.66282
4.38241
3.82773
3.66453
3.47691
2.02282
2.01779
2.00538
6.28906
6.31605
6.32943
6.4156
6.38627
6.34233
6.56812
6.4444
6.30793
6.66246
6.43805
6.19563
6.58941
6.28627
5.96643
6.27722
5.94763
5.59425
5.7116
5.40631
5.06901
4.90886
4.66282
4.38241
3.82773
3.66453
3.47691
2.02282
2.01779
2.00538
6.28906
6.31605
6.32943
6.4156
6.38627
6.34233
6.56812
6.4444
6.30793
6.66246
6.43805
6.19563
6.58941
6.28627
5.96643
6.27722
5.94763
5.59425
5.7116
5.40631
5.06901
4.90886
4.66282
4.38241
3.82773
3.66453
3.47691
2.02282
2.01779
2.00538
6.28906
6.31605
6.32943
6.4156
6.38627
6.34233
6.56812
6.4444
6.30793
6.66246
6.43805
6.19563
6.58941
6.28627
5.96643
6.27722
5.94763
5.59425
5.7116
5.40631
5.06901
4.90886
4.66282
4.38241
3.82773
3.66453
3.47691
2.02282
2.01779
2.00538
6.28906
6.31605
6.32943
6.4156
6.38627
6.34233
6.56812
6.4444
6.30793
6.66246
6.43805
6.19563
6.58941
6.28627
5.96643
6.27722
5.94763
5.59425
5.7116
5.40631
5.06901
4.90886
4.66282
4.38241
3.82773
3.66453
3.47691
2.02282
2.01779
2.00538
6.28906
6.31605
6.32943
6.4156
6.38627
6.34233
6.56812
6.4444
6.30793
6.66246
6.43805
6.19563
6.58941
6.28627
5.96643
6.27722
5.94763
5.59425
5.7116
5.40631
5.06901
4.90886
4.66282
4.38241
3.82773
3.66453
3.47691
2.02282
2.01779
2.00538
6.28906
6.31605
6.32943
6.4156
6.38627
6.34233
6.56812
6.4444
6.30793
6.66246
6.43805
6.19563
6.58941
6.28627
5.96643
6.27722
5.94763
5.59425
5.7116
5.40631
5.06901
4.90886
4.66282
4.38241
3.82773
3.66453
3.47691
2.02282
2.01779
2.00538
6.28906
6.31605
6.32943
6.4156
6.38627
6.34233
6.56812
6.4444
6.30793
6.66246
6.43805
6.19563
6.58941
6.28627
5.96643
6.27722
5.94763
5.59425
5.7116
5.40631
5.06901
4.90886
4.66282
4.38241
3.82773
3.66453
3.47691
2.02282
2.01779
2.00538
6.28906
6.31605
6.32943
6.4156
6.38627
6.34233
6.56812
6.4444
6.30793
6.66246
6.43805
6.19563
6.58941
6.28627
5.96643
6.27722
5.94763
5.59425
5.7116
5.40631
5.06901
4.90886
4.66282
4.38241
3.82773
3.66453
3.47691
2.02282
2.01779
2.00538
6.28906
6.31605
6.32943
6.4156
6.38627
6.34233
6.56812
6.4444
6.30793
6.66246
6.43805
6.19563
6.58941
6.28627
5.96643
6.27722
5.94763
5.59425
5.7116
5.40631
5.06901
4.90886
4.66282
4.38241
3.82773
3.66453
3.47691
2.02282
2.01779
2.00538
6.28906
6.31605
6.32943
6.4156
6.38627
6.34233
6.56812
6.4444
6.30793
6.66246
6.43805
6.19563
6.58941
6.28627
5.96643
6.27722
5.94763
5.59425
5.7116
5.40631
5.06901
4.90886
4.66282
4.38241
3.82773
3.66453
3.47691
2.02282
2.01779
2.00538
6.28906
6.31605
6.32943
6.4156
6.38627
6.34233
6.56812
6.4444
6.30793
6.66246
6.43805
6.19563
6.58941
6.28627
5.96643
6.27722
5.94763
5.59425
5.7116
5.40631
5.06901
4.90886
4.66282
4.38241
3.82773
3.66453
3.47691
2.02282
2.01779
2.00538
6.28906
6.31605
6.32943
6.4156
6.38627
6.34233
6.56812
6.4444
6.30793
6.66246
6.43805
6.19563
6.58941
6.28627
5.96643
6.27722
5.94763
5.59425
5.7116
5.40631
5.06901
4.90886
4.66282
4.38241
3.82773
3.66453
3.47691
2.02282
2.01779
2.00538
6.28906
6.31605
6.32943
6.4156
6.38627
6.34233
6.56812
6.4444
6.30793
6.66246
6.43805
6.19563
6.58941
6.28627
5.96643
6.27722
5.94763
5.59425
5.7116
5.40631
5.06901
4.90886
4.66282
4.38241
3.82773
3.66453
3.47691
2.02282
2.01779
2.00538
6.28906
6.31605
6.32943
6.4156
6.38627
6.34233
6.56812
6.4444
6.30793
6.66246
6.43805
6.19563
6.58941
6.28627
5.96643
6.27722
5.94763
5.59425
5.7116
5.40631
5.06901
4.90886
4.66282
4.38241
3.82773
3.66453
3.47691
2.02282
2.01779
2.00538
6.28906
6.31605
6.32943
6.4156
6.38627
6.34233
6.56812
6.4444
6.30793
6.66246
6.43805
6.19563
6.58941
6.28627
5.96643
6.27722
5.94763
5.59425
5.7116
5.40631
5.06901
4.90886
4.66282
4.38241
3.82773
3.66453
3.47691
2.02282
2.01779
2.00538
6.28906
6.31605
6.32943
6.4156
6.38627
6.34233
6.56812
6.4444
6.30793
6.66246
6.43805
6.19563
6.58941
6.28627
5.96643
6.27722
5.94763
5.59425
5.7116
5.40631
5.06901
4.90886
4.66282
4.38241
3.82773
3.66453
3.47691
2.02282
2.01779
2.00538
6.28906
6.31605
6.32943
6.4156
6.38627
6.34233
6.56812
6.4444
6.30793
6.66246
6.43805
6.19563
6.58941
6.28627
5.96643
6.27722
5.94763
5.59425
5.7116
5.40631
5.06901
4.90886
4.66282
4.38241
3.82773
3.66453
3.47691
2.02282
2.01779
2.00538
6.28906
6.31605
6.32943
6.4156
6.38627
6.34233
6.56812
6.4444
6.30793
6.66246
6.43805
6.19563
6.58941
6.28627
5.96643
6.27722
5.94763
5.59425
5.7116
5.40631
5.06901
4.90886
4.66282
4.38241
3.82773
3.66453
3.47691
2.02282
2.01779
2.00538
6.28906
6.31605
6.32943
6.4156
6.38627
6.34233
6.56812
6.4444
6.30793
6.66246
6.43805
6.19563
6.58941
6.28627
5.96643
6.27722
5.94763
5.59425
5.7116
5.40631
5.06901
4.90886
4.66281
4.38241
3.82773
3.66453
3.47691
2.02282
2.01779
2.00538
6.28906
6.31605
6.32943
6.4156
6.38627
6.34233
6.56812
6.4444
6.30793
6.66246
6.43805
6.19563
6.58941
6.28627
5.96643
6.27722
5.94763
5.59425
5.7116
5.40631
5.06901
4.90886
4.66281
4.38241
3.82773
3.66453
3.47691
2.02282
2.01779
2.00538
6.28906
6.31605
6.32943
6.4156
6.38627
6.34233
6.56812
6.4444
6.30793
6.66246
6.43805
6.19563
6.58941
6.28627
5.96643
6.27722
5.94763
5.59425
5.7116
5.40631
5.06901
4.90885
4.66281
4.38241
3.82773
3.66453
3.47691
2.02282
2.01779
2.00538
6.28906
6.31605
6.32943
6.4156
6.38627
6.34233
6.56812
6.4444
6.30793
6.66246
6.43804
6.19563
6.58941
6.28627
5.96643
6.27722
5.94763
5.59425
5.7116
5.40631
5.06901
4.90885
4.66281
4.38241
3.82773
3.66453
3.47691
2.02282
2.01779
2.00538
6.28906
6.31605
6.32943
6.4156
6.38627
6.34233
6.56812
6.4444
6.30793
6.66246
6.43804
6.19563
6.58941
6.28627
5.96643
6.27722
5.94763
5.59425
5.7116
5.40631
5.06901
4.90885
4.66281
4.38241
3.82773
3.66453
3.47691
2.02282
2.01779
2.00538
6.28906
6.31605
6.32943
6.4156
6.38627
6.34233
6.56812
6.4444
6.30793
6.66246
6.43804
6.19563
6.58941
6.28627
5.96643
6.27722
5.94763
5.59425
5.71159
5.40631
5.06901
4.90885
4.66281
4.38241
3.82773
3.66453
3.47691
2.02282
2.01779
2.00538
6.28906
6.31605
6.32943
6.4156
6.38627
6.34233
6.56812
6.4444
6.30793
6.66246
6.43804
6.19563
6.58941
6.28627
5.96642
6.27722
5.94763
5.59425
5.71159
5.40631
5.06901
4.90885
4.66281
4.3824
3.82773
3.66453
3.47691
2.02282
2.01779
2.00538
6.28906
6.31605
6.32943
6.4156
6.38627
6.34233
6.56812
6.4444
6.30793
6.66246
6.43804
6.19562
6.58941
6.28626
5.96642
6.27722
5.94762
5.59425
5.71159
5.40631
5.06901
4.90885
4.66281
4.3824
3.82773
3.66453
3.47691
2.02282
2.01779
2.00538
6.28906
6.31605
6.32943
6.4156
6.38626
6.34233
6.56812
6.4444
6.30793
6.66246
6.43804
6.19562
6.58941
6.28626
5.96642
6.27722
5.94762
5.59425
5.71159
5.40631
5.06901
4.90885
4.66281
4.3824
3.82773
3.66453
3.47691
2.02282
2.01779
2.00538
6.28906
6.31605
6.32943
6.4156
6.38626
6.34233
6.56812
6.4444
6.30793
6.66246
6.43804
6.19562
6.58941
6.28626
5.96642
6.27722
5.94762
5.59425
5.71159
5.40631
5.06901
4.90885
4.66281
4.3824
3.82773
3.66453
3.47691
2.02282
2.01779
2.00538
6.28906
6.31605
6.32943
6.4156
6.38626
6.34233
6.56811
6.4444
6.30793
6.66246
6.43804
6.19562
6.58941
6.28626
5.96642
6.27722
5.94762
5.59425
5.71159
5.40631
5.06901
4.90885
4.66281
4.3824
3.82773
3.66453
3.47691
2.02282
2.01779
2.00538
6.28906
6.31605
6.32943
6.4156
6.38626
6.34233
6.56811
6.4444
6.30793
6.66246
6.43804
6.19562
6.58941
6.28626
5.96642
6.27722
5.94762
5.59425
5.71159
5.40631
5.06901
4.90885
4.66281
4.3824
3.82773
3.66453
3.47691
2.02282
2.01779
2.00538
6.28906
6.31605
6.32943
6.4156
6.38626
6.34233
6.56811
6.4444
6.30793
6.66246
6.43804
6.19562
6.58941
6.28626
5.96642
6.27722
5.94762
5.59425
5.71159
5.40631
5.06901
4.90885
4.66281
4.3824
3.82773
3.66453
3.47691
2.02282
2.01779
2.00538
6.28906
6.31605
6.32943
6.4156
6.38626
6.34233
6.56811
6.4444
6.30793
6.66245
6.43804
6.19562
6.58941
6.28626
5.96642
6.27722
5.94762
5.59425
5.71159
5.40631
5.06901
4.90885
4.66281
4.3824
3.82773
3.66453
3.47691
2.02282
2.01779
2.00538
6.28906
6.31605
6.32943
6.41559
6.38626
6.34233
6.56811
6.4444
6.30793
6.66245
6.43804
6.19562
6.58941
6.28626
5.96642
6.27722
5.94762
5.59425
5.71159
5.40631
5.06901
4.90885
4.66281
4.3824
3.82773
3.66453
3.47691
2.02282
2.01779
2.00538
6.28906
6.31605
6.32943
6.41559
6.38626
6.34233
6.56811
6.4444
6.30793
6.66245
6.43804
6.19562
6.58941
6.28626
5.96642
6.27722
5.94762
5.59425
5.71159
5.40631
5.06901
4.90885
4.66281
4.3824
3.82773
3.66453
3.47691
2.02282
2.01779
2.00538
6.28906
6.31605
6.32943
6.41559
6.38626
6.34233
6.56811
6.4444
6.30793
6.66245
6.43804
6.19562
6.58941
6.28626
5.96642
6.27722
5.94762
5.59425
5.71159
5.40631
5.06901
4.90885
4.66281
4.3824
3.82773
3.66453
3.47691
2.02282
2.01779
2.00538
6.28906
6.31604
6.32943
6.41559
6.38626
6.34233
6.56811
6.4444
6.30793
6.66245
6.43804
6.19562
6.58941
6.28626
5.96642
6.27722
5.94762
5.59425
5.71159
5.40631
5.06901
4.90885
4.66281
4.3824
3.82773
3.66453
3.47691
2.02282
2.01779
2.00538
6.28906
6.31604
6.32943
6.41559
6.38626
6.34233
6.56811
6.4444
6.30793
6.66245
6.43804
6.19562
6.58941
6.28626
5.96642
6.27722
5.94762
5.59425
5.71159
5.40631
5.06901
4.90885
4.66281
4.3824
3.82773
3.66453
3.47691
2.02282
2.01779
2.00538
6.28906
6.31604
6.32943
6.41559
6.38626
6.34233
6.56811
6.4444
6.30793
6.66245
6.43804
6.19562
6.58941
6.28626
5.96642
6.27722
5.94762
5.59425
5.71159
5.40631
5.06901
4.90885
4.66281
4.3824
3.82773
3.66453
3.47691
2.02282
2.01779
2.00538
6.28906
6.31604
6.32943
6.41559
6.38626
6.34233
6.56811
6.4444
6.30793
6.66245
6.43804
6.19562
6.58941
6.28626
5.96642
6.27722
5.94762
5.59425
5.71159
5.40631
5.06901
4.90885
4.66281
4.3824
3.82773
3.66453
3.47691
2.02282
2.01779
2.00538
6.28906
6.31604
6.32943
6.41559
6.38626
6.34233
6.56811
6.4444
6.30793
6.66245
6.43804
6.19562
6.58941
6.28626
5.96642
6.27722
5.94762
5.59425
5.71159
5.40631
5.06901
4.90885
4.66281
4.3824
3.82773
3.66453
3.47691
2.02282
2.01779
2.00538
6.28906
6.31604
6.32943
6.41559
6.38626
6.34233
6.56811
6.4444
6.30793
6.66245
6.43804
6.19562
6.58941
6.28626
5.96642
6.27722
5.94762
5.59425
5.71159
5.40631
5.06901
4.90885
4.66281
4.3824
3.82773
3.66453
3.47691
2.02282
2.01779
2.00538
6.28906
6.31604
6.32943
6.41559
6.38626
6.34233
6.56811
6.4444
6.30793
6.66245
6.43804
6.19562
6.58941
6.28626
5.96642
6.27722
5.94762
5.59425
5.71159
5.40631
5.06901
4.90885
4.66281
4.3824
3.82773
3.66453
3.47691
2.02282
2.01779
2.00538
6.28906
6.31604
6.32943
6.41559
6.38626
6.34233
6.56811
6.4444
6.30793
6.66245
6.43804
6.19562
6.58941
6.28626
5.96642
6.27722
5.94762
5.59425
5.71159
5.40631
5.06901
4.90885
4.66281
4.3824
3.82773
3.66453
3.47691
2.02282
2.01779
2.00538
6.28906
6.31604
6.32943
6.41559
6.38626
6.34233
6.56811
6.4444
6.30793
6.66245
6.43804
6.19562
6.58941
6.28626
5.96642
6.27721
5.94762
5.59425
5.71159
5.40631
5.06901
4.90885
4.66281
4.3824
3.82773
3.66453
3.47691
2.02282
2.01779
2.00538
6.28906
6.31604
6.32943
6.41559
6.38626
6.34233
6.56811
6.4444
6.30793
6.66245
6.43804
6.19562
6.58941
6.28626
5.96642
6.27721
5.94762
5.59425
5.71159
5.40631
5.06901
4.90885
4.66281
4.3824
3.82773
3.66453
3.47691
2.02282
2.01779
2.00538
6.28906
6.31604
6.32943
6.41559
6.38626
6.34233
6.56811
6.4444
6.30793
6.66245
6.43804
6.19562
6.58941
6.28626
5.96642
6.27721
5.94762
5.59425
5.71159
5.40631
5.06901
4.90885
4.66281
4.3824
3.82773
3.66453
3.47691
2.02282
2.01779
2.00538
6.28906
6.31604
6.32943
6.41559
6.38626
6.34233
6.56811
6.4444
6.30793
6.66245
6.43804
6.19562
6.58941
6.28626
5.96642
6.27721
5.94762
5.59425
5.71159
5.40631
5.06901
4.90885
4.66281
4.3824
3.82773
3.66453
3.47691
2.02282
2.01779
2.00538
6.28906
6.31604
6.32943
6.41559
6.38626
6.34233
6.56811
6.4444
6.30793
6.66245
6.43804
6.19562
6.58941
6.28626
5.96642
6.27721
5.94762
5.59425
5.71159
5.40631
5.06901
4.90885
4.66281
4.3824
3.82773
3.66453
3.47691
2.02282
2.01779
2.00538
6.28906
6.31604
6.32943
6.41559
6.38626
6.34233
6.56811
6.4444
6.30793
6.66245
6.43804
6.19562
6.58941
6.28626
5.96642
6.27721
5.94762
5.59425
5.71159
5.40631
5.06901
4.90885
4.66281
4.3824
3.82773
3.66453
3.47691
2.02282
2.01779
2.00538
6.28906
6.31604
6.32943
6.41559
6.38626
6.34233
6.56811
6.4444
6.30793
6.66245
6.43804
6.19562
6.58941
6.28626
5.96642
6.27721
5.94762
5.59425
5.71159
5.40631
5.06901
4.90885
4.66281
4.3824
3.82773
3.66453
3.47691
2.02282
2.01779
2.00538
6.28906
6.31604
6.32943
6.41559
6.38626
6.34233
6.56811
6.4444
6.30793
6.66245
6.43804
6.19562
6.58941
6.28626
5.96642
6.27721
5.94762
5.59425
5.71159
5.40631
5.06901
4.90885
4.66281
4.3824
3.82773
3.66453
3.47691
2.02282
2.01779
2.00538
6.28906
6.31604
6.32943
6.41559
6.38626
6.34233
6.56811
6.4444
6.30793
6.66245
6.43804
6.19562
6.58941
6.28626
5.96642
6.27721
5.94762
5.59425
5.71159
5.40631
5.06901
4.90885
4.66281
4.3824
3.82773
3.66453
3.47691
2.02282
2.01779
2.00538
6.28906
6.31604
6.32943
6.41559
6.38626
6.34233
6.56811
6.4444
6.30793
6.66245
6.43804
6.19562
6.58941
6.28626
5.96642
6.27722
5.94762
5.59425
5.71159
5.40631
5.06901
4.90885
4.66281
4.38241
3.82773
3.66453
3.47691
2.02282
2.01779
2.00538
6.28906
6.31604
6.32943
6.41559
6.38626
6.34233
6.56811
6.4444
6.30793
6.66245
6.43804
6.19563
6.58941
6.28626
5.96643
6.27722
5.94762
5.59425
5.71159
5.40631
5.06901
4.90885
4.66281
4.38241
3.82773
3.66453
3.47691
2.02282
2.01779
2.00538
6.28906
6.31604
6.32943
6.41559
6.38626
6.34233
6.56811
6.4444
6.30793
6.66245
6.43804
6.19563
6.58941
6.28626
5.96643
6.27722
5.94762
5.59425
5.71159
5.40631
5.06901
4.90885
4.66281
4.38241
3.82773
3.66453
3.47691
2.02282
2.01779
2.00538
6.28906
6.31604
6.32943
6.41559
6.38626
6.34233
6.56811
6.4444
6.30793
6.66245
6.43804
6.19563
6.58941
6.28626
5.96643
6.27722
5.94763
5.59425
5.71159
5.40631
5.06901
4.90885
4.66281
4.38241
3.82773
3.66453
3.47691
2.02282
2.01779
2.00538
6.28906
6.31604
6.32943
6.41559
6.38626
6.34233
6.56811
6.4444
6.30793
6.66245
6.43804
6.19563
6.58941
6.28627
5.96643
6.27722
5.94763
5.59425
5.71159
5.40631
5.06901
4.90885
4.66281
4.38241
3.82773
3.66453
3.47691
2.02282
2.01779
2.00538
6.28906
6.31605
6.32943
6.41559
6.38626
6.34233
6.56811
6.4444
6.30793
6.66245
6.43804
6.19563
6.58941
6.28627
5.96643
6.27722
5.94763
5.59425
5.71159
5.40631
5.06901
4.90885
4.66281
4.38241
3.82773
3.66453
3.47691
2.02282
2.01779
2.00538
6.28906
6.31605
6.32943
6.41559
6.38626
6.34233
6.56811
6.4444
6.30793
6.66246
6.43804
6.19563
6.58941
6.28627
5.96643
6.27722
5.94763
5.59425
5.71159
5.40631
5.06901
4.90885
4.66281
4.38241
3.82773
3.66453
3.47691
2.02282
2.01779
2.00538
6.28906
6.31605
6.32943
6.4156
6.38626
6.34233
6.56811
6.4444
6.30793
6.66246
6.43804
6.19563
6.58941
6.28627
5.96643
6.27722
5.94763
5.59425
5.7116
5.40631
5.06901
4.90885
4.66281
4.38241
3.82773
3.66453
3.47691
2.02282
2.01779
2.00538
6.28906
6.31605
6.32943
6.4156
6.38626
6.34233
6.56812
6.4444
6.30793
6.66246
6.43805
6.19563
6.58941
6.28627
5.96643
6.27722
5.94763
5.59425
5.7116
5.40631
5.06901
4.90885
4.66281
4.38241
3.82773
3.66453
3.47691
2.02282
2.01779
2.00538
6.28906
6.31605
6.32943
6.4156
6.38627
6.34233
6.56812
6.4444
6.30793
6.66246
6.43805
6.19563
6.58941
6.28627
5.96643
6.27722
5.94763
5.59425
5.7116
5.40631
5.06901
4.90885
4.66282
4.38241
3.82773
3.66453
3.47691
2.02282
2.01779
2.00538
6.28906
6.31605
6.32943
6.4156
6.38627
6.34233
6.56812
6.4444
6.30793
6.66246
6.43805
6.19563
6.58941
6.28627
5.96643
6.27722
5.94763
5.59425
5.7116
5.40631
5.06901
4.90885
4.66282
4.38241
3.82773
3.66453
3.47691
2.02282
2.01779
2.00538
6.28906
6.31605
6.32943
6.4156
6.38627
6.34233
6.56812
6.4444
6.30793
6.66246
6.43805
6.19563
6.58941
6.28627
5.96643
6.27722
5.94763
5.59425
5.7116
5.40631
5.06901
4.90886
4.66282
4.38241
3.82773
3.66453
3.47691
2.02282
2.01779
2.00538
6.28906
6.31605
6.32943
6.4156
6.38627
6.34233
6.56812
6.4444
6.30793
6.66246
6.43805
6.19563
6.58941
6.28627
5.96643
6.27722
5.94763
5.59425
5.7116
5.40631
5.06901
4.90886
4.66282
4.38241
3.82773
3.66453
3.47691
2.02282
2.01779
2.00538
6.28906
6.31605
6.32943
6.4156
6.38627
6.34233
6.56812
6.4444
6.30793
6.66246
6.43805
6.19563
6.58941
6.28627
5.96643
6.27722
5.94763
5.59426
5.7116
5.40631
5.06901
4.90886
4.66282
4.38241
3.82773
3.66453
3.47691
2.02282
2.01779
2.00538
6.28906
6.31605
6.32943
6.4156
6.38627
6.34233
6.56812
6.4444
6.30794
6.66246
6.43805
6.19563
6.58941
6.28627
5.96643
6.27722
5.94763
5.59426
5.7116
5.40631
5.06901
4.90886
4.66282
4.38241
3.82773
3.66453
3.47691
2.02282
2.01779
2.00538
6.28906
6.31605
6.32943
6.4156
6.38627
6.34233
6.56812
6.4444
6.30794
6.66246
6.43805
6.19563
6.58941
6.28627
5.96644
6.27722
5.94763
5.59426
5.7116
5.40632
5.06902
4.90886
4.66282
4.38241
3.82773
3.66453
3.47691
2.02282
2.01779
2.00538
6.28906
6.31605
6.32943
6.4156
6.38627
6.34233
6.56812
6.4444
6.30794
6.66246
6.43805
6.19564
6.58941
6.28627
5.96644
6.27722
5.94763
5.59426
5.7116
5.40632
5.06902
4.90886
4.66282
4.38241
3.82774
3.66453
3.47691
2.02282
2.01779
2.00538
6.28906
6.31605
6.32943
6.4156
6.38627
6.34233
6.56812
6.4444
6.30794
6.66246
6.43805
6.19564
6.58941
6.28627
5.96644
6.27722
5.94763
5.59426
5.7116
5.40632
5.06902
4.90886
4.66282
4.38241
3.82774
3.66453
3.47691
2.02282
2.01779
2.00538
6.28906
6.31605
6.32944
6.4156
6.38627
6.34233
6.56812
6.4444
6.30794
6.66246
6.43805
6.19564
6.58941
6.28627
5.96644
6.27722
5.94763
5.59426
5.7116
5.40632
5.06902
4.90886
4.66282
4.38241
3.82774
3.66453
3.47692
2.02282
2.01779
2.00538
6.28906
6.31605
6.32944
6.4156
6.38627
6.34234
6.56812
6.44441
6.30794
6.66246
6.43805
6.19564
6.58941
6.28627
5.96644
6.27722
5.94763
5.59426
5.7116
5.40632
5.06902
4.90886
4.66282
4.38242
3.82774
3.66453
3.47692
2.02282
2.01779
2.00538
6.28906
6.31605
6.32944
6.4156
6.38627
6.34234
6.56812
6.44441
6.30794
6.66246
6.43805
6.19564
6.58942
6.28627
5.96644
6.27722
5.94763
5.59426
5.7116
5.40632
5.06902
4.90886
4.66282
4.38242
3.82774
3.66453
3.47692
2.02282
2.01779
2.00539
6.28906
6.31605
6.32944
6.4156
6.38627
6.34234
6.56812
6.44441
6.30794
6.66246
6.43805
6.19564
6.58942
6.28627
5.96644
6.27722
5.94763
5.59426
5.7116
5.40632
5.06902
4.90886
4.66282
4.38242
3.82774
3.66453
3.47692
2.02282
2.01779
2.00539
6.28906
6.31605
6.32944
6.4156
6.38627
6.34234
6.56812
6.44441
6.30794
6.66246
6.43805
6.19564
6.58942
6.28628
5.96644
6.27722
5.94763
5.59426
5.7116
5.40632
5.06902
4.90886
4.66282
4.38242
3.82774
3.66453
3.47692
2.02282
2.01779
2.00539
6.28906
6.31605
6.32944
6.4156
6.38627
6.34234
6.56812
6.44441
6.30794
6.66246
6.43805
6.19564
6.58942
6.28628
5.96644
6.27722
5.94764
5.59426
5.7116
5.40632
5.06902
4.90886
4.66282
4.38242
3.82774
3.66453
3.47692
2.02282
2.01779
2.00539
6.28906
6.31605
6.32944
6.4156
6.38627
6.34234
6.56812
6.44441
6.30794
6.66246
6.43806
6.19564
6.58942
6.28628
5.96644
6.27722
5.94764
5.59427
5.7116
5.40632
5.06902
4.90886
4.66282
4.38242
3.82774
3.66453
3.47692
2.02282
2.01779
2.00539
6.28907
6.31606
6.32944
6.4156
6.38627
6.34234
6.56812
6.44441
6.30794
6.66246
6.43806
6.19564
6.58942
6.28628
5.96644
6.27722
5.94764
5.59427
5.7116
5.40632
5.06902
4.90886
4.66282
4.38242
3.82774
3.66453
3.47692
2.02283
2.01779
2.00539
6.28907
6.31606
6.32944
6.4156
6.38628
6.34234
6.56812
6.44441
6.30795
6.66246
6.43806
6.19564
6.58942
6.28628
5.96645
6.27723
5.94764
5.59427
5.7116
5.40632
5.06902
4.90886
4.66282
4.38242
3.82774
3.66454
3.47692
2.02283
2.01779
2.00539
6.28907
6.31606
6.32944
6.4156
6.38628
6.34234
6.56812
6.44441
6.30795
6.66247
6.43806
6.19565
6.58942
6.28628
5.96645
6.27723
5.94764
5.59427
5.7116
5.40632
5.06903
4.90886
4.66282
4.38242
3.82774
3.66454
3.47692
2.02283
2.01779
2.00539
6.28907
6.31606
6.32944
6.41561
6.38628
6.34234
6.56813
6.44441
6.30795
6.66247
6.43806
6.19565
6.58942
6.28628
5.96645
6.27723
5.94764
5.59427
5.7116
5.40632
5.06903
4.90886
4.66282
4.38242
3.82774
3.66454
3.47692
2.02283
2.01779
2.00539
6.28907
6.31606
6.32944
6.41561
6.38628
6.34234
6.56813
6.44441
6.30795
6.66247
6.43806
6.19565
6.58942
6.28628
5.96645
6.27723
5.94764
5.59427
5.7116
5.40632
5.06903
4.90886
4.66282
4.38242
3.82774
3.66454
3.47692
2.02283
2.01779
2.00539
6.28907
6.31606
6.32944
6.41561
6.38628
6.34234
6.56813
6.44441
6.30795
6.66247
6.43806
6.19565
6.58942
6.28628
5.96645
6.27723
5.94764
5.59427
5.7116
5.40632
5.06903
4.90886
4.66282
4.38242
3.82774
3.66454
3.47692
2.02283
2.01779
2.00539
6.28907
6.31606
6.32944
6.41561
6.38628
6.34234
6.56813
6.44441
6.30795
6.66247
6.43806
6.19565
6.58942
6.28628
5.96645
6.27723
5.94764
5.59427
5.71161
5.40632
5.06903
4.90886
4.66283
4.38242
3.82774
3.66454
3.47692
2.02283
2.01779
2.00539
6.28907
6.31606
6.32945
6.41561
6.38628
6.34235
6.56813
6.44441
6.30795
6.66247
6.43806
6.19565
6.58942
6.28628
5.96645
6.27723
5.94764
5.59427
5.71161
5.40632
5.06903
4.90886
4.66283
4.38242
3.82774
3.66454
3.47692
2.02283
2.01779
2.00539
6.28907
6.31606
6.32945
6.41561
6.38628
6.34235
6.56813
6.44441
6.30795
6.66247
6.43806
6.19565
6.58942
6.28628
5.96645
6.27723
5.94764
5.59427
5.71161
5.40633
5.06903
4.90886
4.66283
4.38243
3.82774
3.66454
3.47692
2.02283
2.01779
2.00539
6.28907
6.31606
6.32945
6.41561
6.38628
6.34235
6.56813
6.44442
6.30795
6.66247
6.43806
6.19565
6.58942
6.28628
5.96645
6.27723
5.94764
5.59427
5.71161
5.40633
5.06903
4.90886
4.66283
4.38243
3.82774
3.66454
3.47692
2.02283
2.01779
2.00539
6.28907
6.31606
6.32945
6.41561
6.38628
6.34235
6.56813
6.44442
6.30795
6.66247
6.43806
6.19565
6.58942
6.28628
5.96645
6.27723
5.94764
5.59427
5.71161
5.40633
5.06903
4.90886
4.66283
4.38243
3.82774
3.66454
3.47692
2.02283
2.01779
2.00539
6.28907
6.31606
6.32945
6.41561
6.38628
6.34235
6.56813
6.44442
6.30795
6.66247
6.43806
6.19565
6.58942
6.28628
5.96645
6.27723
5.94764
5.59427
5.71161
5.40633
5.06903
4.90886
4.66283
4.38243
3.82774
3.66454
3.47692
2.02283
2.01779
2.00539
6.28907
6.31606
6.32945
6.41561
6.38628
6.34235
6.56813
6.44442
6.30795
6.66247
6.43806
6.19565
6.58942
6.28628
5.96645
6.27723
5.94764
5.59427
5.71161
5.40633
5.06903
4.90886
4.66283
4.38243
3.82774
3.66454
3.47692
2.02283
2.01779
2.00539
6.28907
6.31606
6.32945
6.41561
6.38628
6.34235
6.56813
6.44442
6.30795
6.66247
6.43806
6.19565
6.58942
6.28628
5.96645
6.27723
5.94764
5.59428
5.71161
5.40633
5.06903
4.90887
4.66283
4.38243
3.82774
3.66454
3.47692
2.02283
2.01779
2.00539
6.28907
6.31606
6.32945
6.41561
6.38628
6.34235
6.56813
6.44442
6.30795
6.66247
6.43806
6.19565
6.58943
6.28629
5.96645
6.27723
5.94764
5.59428
5.71161
5.40633
5.06903
4.90887
4.66283
4.38243
3.82774
3.66454
3.47693
2.02283
2.01779
2.00539
6.28907
6.31606
6.32945
6.41561
6.38628
6.34235
6.56813
6.44442
6.30795
6.66247
6.43806
6.19565
6.58943
6.28629
5.96645
6.27723
5.94764
5.59428
5.71161
5.40633
5.06903
4.90887
4.66283
4.38243
3.82774
3.66454
3.47693
2.02283
2.01779
2.00539
6.28907
6.31606
6.32945
6.41561
6.38628
6.34235
6.56813
6.44442
6.30795
6.66247
6.43806
6.19565
6.58943
6.28629
5.96646
6.27723
5.94765
5.59428
5.71161
5.40633
5.06903
4.90887
4.66283
4.38243
3.82774
3.66454
3.47693
2.02283
2.01779
2.00539
6.28907
6.31606
6.32945
6.41561
6.38628
6.34235
6.56813
6.44442
6.30795
6.66247
6.43806
6.19565
6.58943
6.28629
5.96646
6.27723
5.94765
5.59428
5.71161
5.40633
5.06903
4.90887
4.66283
4.38243
3.82774
3.66454
3.47693
2.02283
2.01779
2.00539
6.28907
6.31606
6.32945
6.41561
6.38628
6.34235
6.56813
6.44442
6.30796
6.66247
6.43807
6.19565
6.58943
6.28629
5.96646
6.27723
5.94765
5.59428
5.71161
5.40633
5.06903
4.90887
4.66283
4.38243
3.82774
3.66454
3.47693
2.02283
2.01779
2.00539
6.28908
6.31607
6.32945
6.41561
6.38628
6.34235
6.56813
6.44442
6.30796
6.66247
6.43807
6.19566
6.58943
6.28629
5.96646
6.27723
5.94765
5.59428
5.71161
5.40633
5.06903
4.90887
4.66283
4.38243
3.82774
3.66454
3.47693
2.02283
2.01779
2.00539
6.28908
6.31607
6.32945
6.41561
6.38628
6.34235
6.56813
6.44442
6.30796
6.66247
6.43807
6.19566
6.58943
6.28629
5.96646
6.27723
5.94765
5.59428
5.71161
5.40633
5.06903
4.90887
4.66283
4.38243
3.82774
3.66454
3.47693
2.02283
2.01779
2.00539
6.28908
6.31607
6.32945
6.41561
6.38629
6.34235
6.56813
6.44442
6.30796
6.66247
6.43807
6.19566
6.58943
6.28629
5.96646
6.27723
5.94765
5.59428
5.71161
5.40633
5.06903
4.90887
4.66283
4.38243
3.82774
3.66454
3.47693
2.02283
2.01779
2.00539
6.28908
6.31607
6.32945
6.41561
6.38629
6.34235
6.56813
6.44442
6.30796
6.66247
6.43807
6.19566
6.58943
6.28629
5.96646
6.27723
5.94765
5.59428
5.71161
5.40633
5.06904
4.90887
4.66283
4.38243
3.82774
3.66454
3.47693
2.02283
2.01779
2.00539
6.28908
6.31607
6.32945
6.41561
6.38629
6.34235
6.56813
6.44442
6.30796
6.66247
6.43807
6.19566
6.58943
6.28629
5.96646
6.27723
5.94765
5.59428
5.71161
5.40633
5.06904
4.90887
4.66283
4.38243
3.82774
3.66454
3.47693
2.02283
2.01779
2.00539
6.28908
6.31607
6.32945
6.41561
6.38629
6.34235
6.56813
6.44442
6.30796
6.66247
6.43807
6.19566
6.58943
6.28629
5.96646
6.27723
5.94765
5.59428
5.71161
5.40633
5.06904
4.90887
4.66283
4.38243
3.82774
3.66454
3.47693
2.02283
2.01779
2.00539
6.28908
6.31607
6.32945
6.41561
6.38629
6.34235
6.56813
6.44442
6.30796
6.66247
6.43807
6.19566
6.58943
6.28629
5.96646
6.27723
5.94765
5.59428
5.71161
5.40633
5.06904
4.90887
4.66283
4.38243
3.82774
3.66454
3.47693
2.02283
2.01779
2.00539
6.28908
6.31607
6.32945
6.41561
6.38629
6.34235
6.56813
6.44442
6.30796
6.66247
6.43807
6.19566
6.58943
6.28629
5.96646
6.27723
5.94765
5.59428
5.71161
5.40633
5.06904
4.90887
4.66283
4.38243
3.82774
3.66454
3.47693
2.02283
2.01779
2.00539
6.28908
6.31607
6.32945
6.41562
6.38629
6.34235
6.56813
6.44442
6.30796
6.66247
6.43807
6.19566
6.58943
6.28629
5.96646
6.27723
5.94765
5.59428
5.71161
5.40633
5.06904
4.90887
4.66283
4.38243
3.82774
3.66454
3.47693
2.02283
2.01779
2.00539
6.28908
6.31607
6.32945
6.41562
6.38629
6.34235
6.56813
6.44442
6.30796
6.66247
6.43807
6.19566
6.58943
6.28629
5.96646
6.27723
5.94765
5.59428
5.71161
5.40633
5.06904
4.90887
4.66283
4.38243
3.82774
3.66454
3.47693
2.02283
2.01779
2.00539
6.28908
6.31607
6.32945
6.41562
6.38629
6.34235
6.56813
6.44442
6.30796
6.66247
6.43807
6.19566
6.58943
6.28629
5.96646
6.27723
5.94765
5.59428
5.71161
5.40633
5.06904
4.90887
4.66283
4.38243
3.82774
3.66454
3.47693
2.02283
2.01779
2.00539
6.28908
6.31607
6.32945
6.41562
6.38629
6.34235
6.56813
6.44442
6.30796
6.66247
6.43807
6.19566
6.58943
6.28629
5.96646
6.27723
5.94765
5.59428
5.71161
5.40633
5.06904
4.90887
4.66283
4.38243
3.82774
3.66454
3.47693
2.02283
2.01779
2.00539
6.28908
6.31607
6.32945
6.41562
6.38629
6.34235
6.56813
6.44442
6.30796
6.66247
6.43807
6.19566
6.58943
6.28629
5.96646
6.27723
5.94765
5.59428
5.71161
5.40633
5.06904
4.90887
4.66283
4.38243
3.82774
3.66454
3.47693
2.02283
2.01779
2.00539
6.28908
6.31607
6.32945
6.41562
6.38629
6.34235
6.56813
6.44442
6.30796
6.66247
6.43807
6.19566
6.58943
6.28629
5.96646
6.27723
5.94765
5.59428
5.71161
5.40633
5.06904
4.90887
4.66283
4.38243
3.82774
3.66454
3.47693
2.02283
2.01779
2.00539
6.28908
6.31607
6.32945
6.41562
6.38629
6.34236
6.56813
6.44442
6.30796
6.66247
6.43807
6.19566
6.58943
6.28629
5.96646
6.27723
5.94765
5.59428
5.71161
5.40633
5.06904
4.90887
4.66283
4.38243
3.82774
3.66454
3.47693
2.02283
2.01779
2.00539
6.28908
6.31607
6.32945
6.41562
6.38629
6.34236
6.56814
6.44442
6.30796
6.66248
6.43807
6.19566
6.58943
6.28629
5.96646
6.27723
5.94765
5.59428
5.71161
5.40633
5.06904
4.90887
4.66283
4.38243
3.82774
3.66454
3.47693
2.02283
2.01779
2.00539
6.28908
6.31607
6.32946
6.41562
6.38629
6.34236
6.56814
6.44442
6.30796
6.66248
6.43807
6.19566
6.58943
6.28629
5.96646
6.27723
5.94765
5.59428
5.71161
5.40633
5.06904
4.90887
4.66283
4.38243
3.82774
3.66454
3.47693
2.02283
2.01779
2.00539
6.28908
6.31607
6.32946
6.41562
6.38629
6.34236
6.56814
6.44442
6.30796
6.66248
6.43807
6.19566
6.58943
6.28629
5.96646
6.27723
5.94765
5.59428
5.71161
5.40633
5.06904
4.90887
4.66283
4.38243
3.82774
3.66454
3.47693
2.02283
2.01779
2.00539
6.28908
6.31607
6.32946
6.41562
6.38629
6.34236
6.56814
6.44442
6.30796
6.66248
6.43807
6.19566
6.58943
6.28629
5.96646
6.27723
5.94765
5.59428
5.71161
5.40633
5.06904
4.90887
4.66283
4.38243
3.82774
3.66454
3.47693
2.02283
2.01779
2.00539
6.28908
6.31607
6.32946
6.41562
6.38629
6.34236
6.56814
6.44442
6.30796
6.66248
6.43807
6.19566
6.58943
6.28629
5.96646
6.27724
5.94765
5.59428
5.71161
5.40633
5.06904
4.90887
4.66283
4.38243
3.82774
3.66454
3.47693
2.02283
2.01779
2.00539
6.28908
6.31607
6.32946
6.41562
6.38629
6.34236
6.56814
6.44442
6.30796
6.66248
6.43807
6.19566
6.58943
6.28629
5.96646
6.27724
5.94765
5.59428
5.71161
5.40633
5.06904
4.90887
4.66283
4.38243
3.82774
3.66454
3.47693
2.02283
2.01779
2.00539
6.28908
6.31607
6.32946
6.41562
6.38629
6.34236
6.56814
6.44442
6.30796
6.66248
6.43807
6.19566
6.58943
6.28629
5.96646
6.27724
5.94765
5.59428
5.71161
5.40633
5.06904
4.90887
4.66283
4.38243
3.82774
3.66454
3.47693
2.02283
2.01779
2.00539
6.28908
6.31607
6.32946
6.41562
6.38629
6.34236
6.56814
6.44442
6.30796
6.66248
6.43807
6.19566
6.58943
6.28629
5.96646
6.27724
5.94765
5.59428
5.71161
5.40633
5.06904
4.90887
4.66283
4.38243
3.82774
3.66454
3.47693
2.02283
2.01779
2.00539
6.28908
6.31607
6.32946
6.41562
6.38629
6.34236
6.56814
6.44442
6.30796
6.66248
6.43807
6.19566
6.58943
6.28629
5.96646
6.27724
5.94765
5.59429
5.71161
5.40633
5.06904
4.90887
4.66283
4.38243
3.82774
3.66454
3.47693
2.02283
2.01779
2.00539
6.28908
6.31607
6.32946
6.41562
6.38629
6.34236
6.56814
6.44442
6.30796
6.66248
6.43807
6.19566
6.58943
6.28629
5.96646
6.27724
5.94765
5.59429
5.71161
5.40633
5.06904
4.90887
4.66283
4.38244
3.82774
3.66454
3.47693
2.02283
2.01779
2.00539
6.28908
6.31607
6.32946
6.41562
6.38629
6.34236
6.56814
6.44443
6.30796
6.66248
6.43807
6.19566
6.58943
6.28629
5.96646
6.27724
5.94765
5.59429
5.71161
5.40633
5.06904
4.90887
4.66283
4.38244
3.82774
3.66454
3.47693
2.02283
2.01779
2.00539
6.28908
6.31607
6.32946
6.41562
6.38629
6.34236
6.56814
6.44443
6.30796
6.66248
6.43807
6.19566
6.58943
6.28629
5.96647
6.27724
5.94765
5.59429
5.71161
5.40633
5.06904
4.90887
4.66283
4.38244
3.82774
3.66454
3.47693
2.02283
2.01779
2.00539
6.28908
6.31607
6.32946
6.41562
6.38629
6.34236
6.56814
6.44443
6.30796
6.66248
6.43807
6.19566
6.58943
6.28629
5.96647
6.27724
5.94765
5.59429
5.71161
5.40633
5.06904
4.90887
4.66283
4.38244
3.82774
3.66454
3.47693
2.02283
2.01779
2.00539
6.28908
6.31607
6.32946
6.41562
6.38629
6.34236
6.56814
6.44443
6.30796
6.66248
6.43807
6.19566
6.58943
6.28629
5.96647
6.27724
5.94765
5.59429
5.71161
5.40633
5.06904
4.90887
4.66283
4.38244
3.82775
3.66454
3.47693
2.02283
2.01779
2.00539
6.28908
6.31607
6.32946
6.41562
6.38629
6.34236
6.56814
6.44443
6.30796
6.66248
6.43807
6.19567
6.58943
6.28629
5.96647
6.27724
5.94765
5.59429
5.71161
5.40633
5.06904
4.90887
4.66283
4.38244
3.82775
3.66454
3.47693
2.02283
2.01779
2.00539
6.28908
6.31607
6.32946
6.41562
6.38629
6.34236
6.56814
6.44443
6.30797
6.66248
6.43807
6.19567
6.58943
6.28629
5.96647
6.27724
5.94765
5.59429
5.71161
5.40633
5.06904
4.90887
4.66283
4.38244
3.82775
3.66454
3.47693
2.02283
2.01779
2.00539
6.28908
6.31607
6.32946
6.41562
6.38629
6.34236
6.56814
6.44443
6.30797
6.66248
6.43807
6.19567
6.58943
6.28629
5.96647
6.27724
5.94765
5.59429
5.71161
5.40634
5.06905
4.90887
4.66283
4.38244
3.82775
3.66454
3.47693
2.02283
2.01779
2.00539
6.28908
6.31607
6.32946
6.41562
6.38629
6.34236
6.56814
6.44443
6.30797
6.66248
6.43807
6.19567
6.58943
6.28629
5.96647
6.27724
5.94765
5.59429
5.71161
5.40634
5.06905
4.90887
4.66283
4.38244
3.82775
3.66454
3.47693
2.02283
2.01779
2.00539
6.28908
6.31607
6.32946
6.41562
6.38629
6.34236
6.56814
6.44443
6.30797
6.66248
6.43807
6.19567
6.58943
6.28629
5.96647
6.27724
5.94765
5.59429
5.71161
5.40634
5.06905
4.90887
4.66283
4.38244
3.82775
3.66454
3.47693
2.02283
2.0178
2.00539
6.28908
6.31607
6.32946
6.41562
6.38629
6.34236
6.56814
6.44443
6.30797
6.66248
6.43807
6.19567
6.58943
6.2863
5.96647
6.27724
5.94765
5.59429
5.71161
5.40634
5.06905
4.90887
4.66284
4.38244
3.82775
3.66454
3.47693
2.02283
2.0178
2.00539
6.28908
6.31607
6.32946
6.41562
6.38629
6.34236
6.56814
6.44443
6.30797
6.66248
6.43807
6.19567
6.58943
6.2863
5.96647
6.27724
5.94765
5.59429
5.71161
5.40634
5.06905
4.90887
4.66284
4.38244
3.82775
3.66454
3.47693
2.02283
2.0178
2.00539
6.28908
6.31607
6.32946
6.41562
6.38629
6.34236
6.56814
6.44443
6.30797
6.66248
6.43807
6.19567
6.58943
6.2863
5.96647
6.27724
5.94765
5.59429
5.71162
5.40634
5.06905
4.90887
4.66284
4.38244
3.82775
3.66455
3.47693
2.02283
2.0178
2.00539
6.28908
6.31607
6.32946
6.41562
6.38629
6.34236
6.56814
6.44443
6.30797
6.66248
6.43808
6.19567
6.58943
6.2863
5.96647
6.27724
5.94766
5.59429
5.71162
5.40634
5.06905
4.90887
4.66284
4.38244
3.82775
3.66455
3.47693
2.02283
2.0178
2.00539
6.28908
6.31607
6.32946
6.41562
6.38629
6.34236
6.56814
6.44443
6.30797
6.66248
6.43808
6.19567
6.58943
6.2863
5.96647
6.27724
5.94766
5.59429
5.71162
5.40634
5.06905
4.90887
4.66284
4.38244
3.82775
3.66455
3.47694
2.02283
2.0178
2.00539
6.28908
6.31607
6.32946
6.41562
6.38629
6.34236
6.56814
6.44443
6.30797
6.66248
6.43808
6.19567
6.58943
6.2863
5.96647
6.27724
5.94766
5.59429
5.71162
5.40634
5.06905
4.90887
4.66284
4.38244
3.82775
3.66455
3.47694
2.02283
2.0178
2.00539
6.28908
6.31607
6.32946
6.41562
6.38629
6.34236
6.56814
6.44443
6.30797
6.66248
6.43808
6.19567
6.58943
6.2863
5.96647
6.27724
5.94766
5.59429
5.71162
5.40634
5.06905
4.90887
4.66284
4.38244
3.82775
3.66455
3.47694
2.02283
2.0178
2.00539
6.28908
6.31608
6.32946
6.41562
6.38629
6.34236
6.56814
6.44443
6.30797
6.66248
6.43808
6.19567
6.58943
6.2863
5.96647
6.27724
5.94766
5.5943
5.71162
5.40634
5.06905
4.90887
4.66284
4.38244
3.82775
3.66455
3.47694
2.02283
2.0178
2.00539
6.28908
6.31608
6.32946
6.41562
6.3863
6.34237
6.56814
6.44443
6.30797
6.66248
6.43808
6.19567
6.58943
6.2863
5.96647
6.27724
5.94766
5.5943
5.71162
5.40634
5.06905
4.90887
4.66284
4.38244
3.82775
3.66455
3.47694
2.02283
2.0178
2.00539
6.28909
6.31608
6.32946
6.41562
6.3863
6.34237
6.56814
6.44443
6.30797
6.66248
6.43808
6.19567
6.58944
6.2863
5.96648
6.27724
5.94766
5.5943
5.71162
5.40634
5.06905
4.90887
4.66284
4.38244
3.82775
3.66455
3.47694
2.02283
2.0178
2.00539
6.28909
6.31608
6.32946
6.41562
6.3863
6.34237
6.56814
6.44443
6.30797
6.66248
6.43808
6.19567
6.58944
6.2863
5.96648
6.27724
5.94766
5.5943
5.71162
5.40634
5.06905
4.90887
4.66284
4.38244
3.82775
3.66455
3.47694
2.02283
2.0178
2.00539
6.28909
6.31608
6.32946
6.41562
6.3863
6.34237
6.56814
6.44443
6.30797
6.66248
6.43808
6.19567
6.58944
6.2863
5.96648
6.27724
5.94766
5.5943
5.71162
5.40634
5.06905
4.90887
4.66284
4.38244
3.82775
3.66455
3.47694
2.02283
2.0178
2.00539
6.28909
6.31608
6.32947
6.41562
6.3863
6.34237
6.56814
6.44443
6.30797
6.66248
6.43808
6.19567
6.58944
6.2863
5.96648
6.27724
5.94766
5.5943
5.71162
5.40634
5.06905
4.90887
4.66284
4.38245
3.82775
3.66455
3.47694
2.02283
2.0178
2.00539
6.28909
6.31608
6.32947
6.41562
6.3863
6.34237
6.56814
6.44443
6.30797
6.66248
6.43808
6.19568
6.58944
6.2863
5.96648
6.27724
5.94766
5.5943
5.71162
5.40634
5.06905
4.90887
4.66284
4.38245
3.82775
3.66455
3.47694
2.02283
2.0178
2.00539
6.28909
6.31608
6.32947
6.41562
6.3863
6.34237
6.56814
6.44443
6.30797
6.66248
6.43808
6.19568
6.58944
6.2863
5.96648
6.27724
5.94766
5.5943
5.71162
5.40634
5.06905
4.90887
4.66284
4.38245
3.82775
3.66455
3.47694
2.02283
2.0178
2.00539
6.28909
6.31608
6.32947
6.41563
6.3863
6.34237
6.56814
6.44443
6.30797
6.66248
6.43808
6.19568
6.58944
6.2863
5.96648
6.27724
5.94766
5.5943
5.71162
5.40634
5.06905
4.90887
4.66284
4.38245
3.82775
3.66455
3.47694
2.02283
2.0178
2.00539
6.28909
6.31608
6.32947
6.41563
6.3863
6.34237
6.56814
6.44443
6.30798
6.66248
6.43808
6.19568
6.58944
6.2863
5.96648
6.27724
5.94766
5.5943
5.71162
5.40634
5.06905
4.90888
4.66284
4.38245
3.82775
3.66455
3.47694
2.02283
2.0178
2.00539
6.28909
6.31608
6.32947
6.41563
6.3863
6.34237
6.56814
6.44443
6.30798
6.66248
6.43808
6.19568
6.58944
6.2863
5.96648
6.27724
5.94766
5.5943
5.71162
5.40634
5.06906
4.90888
4.66284
4.38245
3.82775
3.66455
3.47694
2.02283
2.0178
2.00539
6.28909
6.31608
6.32947
6.41563
6.3863
6.34237
6.56814
6.44444
6.30798
6.66248
6.43808
6.19568
6.58944
6.2863
5.96648
6.27724
5.94766
5.5943
5.71162
5.40634
5.06906
4.90888
4.66284
4.38245
3.82775
3.66455
3.47694
2.02283
2.0178
2.00539
6.28909
6.31608
6.32947
6.41563
6.3863
6.34237
6.56815
6.44444
6.30798
6.66248
6.43808
6.19568
6.58944
6.2863
5.96648
6.27724
5.94766
5.5943
5.71162
5.40634
5.06906
4.90888
4.66284
4.38245
3.82775
3.66455
3.47694
2.02283
2.0178
2.00539
6.28909
6.31608
6.32947
6.41563
6.3863
6.34237
6.56815
6.44444
6.30798
6.66249
6.43808
6.19568
6.58944
6.2863
5.96648
6.27724
5.94766
5.5943
5.71162
5.40634
5.06906
4.90888
4.66284
4.38245
3.82775
3.66455
3.47694
2.02283
2.0178
2.00539
6.28909
6.31608
6.32947
6.41563
6.3863
6.34237
6.56815
6.44444
6.30798
6.66249
6.43808
6.19568
6.58944
6.2863
5.96648
6.27724
5.94766
5.5943
5.71162
5.40634
5.06906
4.90888
4.66284
4.38245
3.82775
3.66455
3.47694
2.02283
2.0178
2.00539
6.28909
6.31608
6.32947
6.41563
6.3863
6.34237
6.56815
6.44444
6.30798
6.66249
6.43808
6.19568
6.58944
6.2863
5.96648
6.27724
5.94766
5.5943
5.71162
5.40634
5.06906
4.90888
4.66284
4.38245
3.82775
3.66455
3.47694
2.02283
2.0178
2.00539
6.28909
6.31608
6.32947
6.41563
6.3863
6.34237
6.56815
6.44444
6.30798
6.66249
6.43808
6.19568
6.58944
6.2863
5.96648
6.27725
5.94766
5.5943
5.71162
5.40634
5.06906
4.90888
4.66284
4.38245
3.82775
3.66455
3.47694
2.02283
2.0178
2.00539
6.28909
6.31608
6.32947
6.41563
6.3863
6.34237
6.56815
6.44444
6.30798
6.66249
6.43808
6.19568
6.58944
6.2863
5.96648
6.27725
5.94766
5.5943
5.71162
5.40634
5.06906
4.90888
4.66284
4.38245
3.82775
3.66455
3.47694
2.02283
2.0178
2.00539
6.28909
6.31608
6.32947
6.41563
6.3863
6.34237
6.56815
6.44444
6.30798
6.66249
6.43808
6.19568
6.58944
6.2863
5.96648
6.27725
5.94766
5.5943
5.71162
5.40634
5.06906
4.90888
4.66284
4.38245
3.82775
3.66455
3.47694
2.02283
2.0178
2.00539
6.28909
6.31608
6.32947
6.41563
6.3863
6.34237
6.56815
6.44444
6.30798
6.66249
6.43808
6.19568
6.58944
6.28631
5.96648
6.27725
5.94766
5.5943
5.71162
5.40634
5.06906
4.90888
4.66284
4.38245
3.82775
3.66455
3.47694
2.02283
2.0178
2.00539
6.28909
6.31608
6.32947
6.41563
6.3863
6.34237
6.56815
6.44444
6.30798
6.66249
6.43808
6.19568
6.58944
6.28631
5.96648
6.27725
5.94766
5.5943
5.71162
5.40635
5.06906
4.90888
4.66284
4.38245
3.82775
3.66455
3.47694
2.02283
2.0178
2.00539
6.28909
6.31608
6.32947
6.41563
6.3863
6.34237
6.56815
6.44444
6.30798
6.66249
6.43808
6.19568
6.58944
6.28631
5.96648
6.27725
5.94766
5.5943
5.71162
5.40635
5.06906
4.90888
4.66284
4.38245
3.82775
3.66455
3.47694
2.02283
2.0178
2.00539
6.28909
6.31608
6.32947
6.41563
6.3863
6.34237
6.56815
6.44444
6.30798
6.66249
6.43808
6.19568
6.58944
6.28631
5.96648
6.27725
5.94766
5.59431
5.71162
5.40635
5.06906
4.90888
4.66284
4.38245
3.82775
3.66455
3.47694
2.02283
2.0178
2.00539
6.28909
6.31608
6.32947
6.41563
6.3863
6.34237
6.56815
6.44444
6.30798
6.66249
6.43808
6.19568
6.58944
6.28631
5.96648
6.27725
5.94766
5.59431
5.71162
5.40635
5.06906
4.90888
4.66284
4.38245
3.82775
3.66455
3.47694
2.02283
2.0178
2.00539
6.28909
6.31608
6.32947
6.41563
6.3863
6.34237
6.56815
6.44444
6.30798
6.66249
6.43809
6.19568
6.58944
6.28631
5.96648
6.27725
5.94766
5.59431
5.71162
5.40635
5.06906
4.90888
4.66284
4.38245
3.82775
3.66455
3.47694
2.02283
2.0178
2.00539
6.28909
6.31608
6.32947
6.41563
6.3863
6.34237
6.56815
6.44444
6.30798
6.66249
6.43809
6.19568
6.58944
6.28631
5.96649
6.27725
5.94766
5.59431
5.71162
5.40635
5.06906
4.90888
4.66284
4.38245
3.82775
3.66455
3.47694
2.02283
2.0178
2.00539
6.28909
6.31608
6.32947
6.41563
6.3863
6.34237
6.56815
6.44444
6.30798
6.66249
6.43809
6.19568
6.58944
6.28631
5.96649
6.27725
5.94767
5.59431
5.71162
5.40635
5.06906
4.90888
4.66284
4.38245
3.82775
3.66455
3.47694
2.02283
2.0178
2.00539
6.28909
6.31608
6.32947
6.41563
6.3863
6.34238
6.56815
6.44444
6.30798
6.66249
6.43809
6.19568
6.58944
6.28631
5.96649
6.27725
5.94767
5.59431
5.71162
5.40635
5.06906
4.90888
4.66284
4.38245
3.82775
3.66455
3.47694
2.02283
2.0178
2.00539
6.28909
6.31608
6.32947
6.41563
6.3863
6.34238
6.56815
6.44444
6.30798
6.66249
6.43809
6.19568
6.58944
6.28631
5.96649
6.27725
5.94767
5.59431
5.71162
5.40635
5.06906
4.90888
4.66284
4.38245
3.82775
3.66455
3.47694
2.02283
2.0178
2.00539
6.28909
6.31609
6.32947
6.41563
6.3863
6.34238
6.56815
6.44444
6.30798
6.66249
6.43809
6.19568
6.58944
6.28631
5.96649
6.27725
5.94767
5.59431
5.71162
5.40635
5.06906
4.90888
4.66284
4.38245
3.82775
3.66455
3.47694
2.02283
2.0178
2.00539
6.28909
6.31609
6.32947
6.41563
6.38631
6.34238
6.56815
6.44444
6.30798
6.66249
6.43809
6.19568
6.58944
6.28631
5.96649
6.27725
5.94767
5.59431
5.71162
5.40635
5.06906
4.90888
4.66284
4.38245
3.82775
3.66455
3.47694
2.02283
2.0178
2.00539
6.28909
6.31609
6.32947
6.41563
6.38631
6.34238
6.56815
6.44444
6.30798
6.66249
6.43809
6.19568
6.58944
6.28631
5.96649
6.27725
5.94767
5.59431
5.71162
5.40635
5.06906
4.90888
4.66284
4.38245
3.82775
3.66455
3.47694
2.02283
2.0178
2.00539
6.28909
6.31609
6.32947
6.41563
6.38631
6.34238
6.56815
6.44444
6.30798
6.66249
6.43809
6.19569
6.58944
6.28631
5.96649
6.27725
5.94767
5.59431
5.71162
5.40635
5.06906
4.90888
4.66284
4.38245
3.82775
3.66455
3.47694
2.02283
2.0178
2.00539
6.2891
6.31609
6.32947
6.41563
6.38631
6.34238
6.56815
6.44444
6.30798
6.66249
6.43809
6.19569
6.58944
6.28631
5.96649
6.27725
5.94767
5.59431
5.71162
5.40635
5.06906
4.90888
4.66285
4.38245
3.82775
3.66455
3.47694
2.02283
2.0178
2.0054
6.2891
6.31609
6.32948
6.41563
6.38631
6.34238
6.56815
6.44444
6.30798
6.66249
6.43809
6.19569
6.58944
6.28631
5.96649
6.27725
5.94767
5.59431
5.71162
5.40635
5.06906
4.90888
4.66285
4.38245
3.82775
3.66455
3.47694
2.02283
2.0178
2.0054
6.2891
6.31609
6.32948
6.41563
6.38631
6.34238
6.56815
6.44444
6.30798
6.66249
6.43809
6.19569
6.58944
6.28631
5.96649
6.27725
5.94767
5.59431
5.71163
5.40635
5.06906
4.90888
4.66285
4.38245
3.82775
3.66455
3.47694
2.02283
2.0178
2.0054
6.2891
6.31609
6.32948
6.41563
6.38631
6.34238
6.56815
6.44444
6.30798
6.66249
6.43809
6.19569
6.58944
6.28631
5.96649
6.27725
5.94767
5.59431
5.71163
5.40635
5.06906
4.90888
4.66285
4.38245
3.82775
3.66455
3.47694
2.02283
2.0178
2.0054
6.2891
6.31609
6.32948
6.41563
6.38631
6.34238
6.56815
6.44444
6.30799
6.66249
6.43809
6.19569
6.58944
6.28631
5.96649
6.27725
5.94767
5.59431
5.71163
5.40635
5.06906
4.90888
4.66285
4.38245
3.82775
3.66455
3.47695
2.02283
2.0178
2.0054
6.2891
6.31609
6.32948
6.41563
6.38631
6.34238
6.56815
6.44444
6.30799
6.66249
6.43809
6.19569
6.58945
6.28631
5.96649
6.27725
5.94767
5.59431
5.71163
5.40635
5.06906
4.90888
4.66285
4.38246
3.82775
3.66455
3.47695
2.02283
2.0178
2.0054
6.2891
6.31609
6.32948
6.41563
6.38631
6.34238
6.56815
6.44444
6.30799
6.66249
6.43809
6.19569
6.58945
6.28631
5.96649
6.27725
5.94767
5.59431
5.71163
5.40635
5.06907
4.90888
4.66285
4.38246
3.82775
3.66455
3.47695
2.02283
2.0178
2.0054
6.2891
6.31609
6.32948
6.41563
6.38631
6.34238
6.56815
6.44444
6.30799
6.66249
6.43809
6.19569
6.58945
6.28631
5.96649
6.27725
5.94767
5.59431
5.71163
5.40635
5.06907
4.90888
4.66285
4.38246
3.82775
3.66455
3.47695
2.02283
2.0178
2.0054
6.2891
6.31609
6.32948
6.41563
6.38631
6.34238
6.56815
6.44444
6.30799
6.66249
6.43809
6.19569
6.58945
6.28631
5.96649
6.27725
5.94767
5.59431
5.71163
5.40635
5.06907
4.90888
4.66285
4.38246
3.82775
3.66455
3.47695
2.02283
2.0178
2.0054
6.2891
6.31609
6.32948
6.41564
6.38631
6.34238
6.56815
6.44444
6.30799
6.66249
6.43809
6.19569
6.58945
6.28631
5.96649
6.27725
5.94767
5.59431
5.71163
5.40635
5.06907
4.90888
4.66285
4.38246
3.82775
3.66455
3.47695
2.02283
2.0178
2.0054
6.2891
6.31609
6.32948
6.41564
6.38631
6.34238
6.56815
6.44445
6.30799
6.66249
6.43809
6.19569
6.58945
6.28631
5.96649
6.27725
5.94767
5.59431
5.71163
5.40635
5.06907
4.90888
4.66285
4.38246
3.82775
3.66455
3.47695
2.02283
2.0178
2.0054
6.2891
6.31609
6.32948
6.41564
6.38631
6.34238
6.56815
6.44445
6.30799
6.66249
6.43809
6.19569
6.58945
6.28631
5.96649
6.27725
5.94767
5.59431
5.71163
5.40635
5.06907
4.90888
4.66285
4.38246
3.82775
3.66455
3.47695
2.02283
2.0178
2.0054
6.2891
6.31609
6.32948
6.41564
6.38631
6.34238
6.56815
6.44445
6.30799
6.66249
6.43809
6.19569
6.58945
6.28631
5.96649
6.27725
5.94767
5.59431
5.71163
5.40635
5.06907
4.90888
4.66285
4.38246
3.82775
3.66455
3.47695
2.02283
2.0178
2.0054
6.2891
6.31609
6.32948
6.41564
6.38631
6.34238
6.56816
6.44445
6.30799
6.66249
6.43809
6.19569
6.58945
6.28631
5.96649
6.27725
5.94767
5.59431
5.71163
5.40635
5.06907
4.90888
4.66285
4.38246
3.82775
3.66455
3.47695
2.02283
2.0178
2.0054
6.2891
6.31609
6.32948
6.41564
6.38631
6.34238
6.56816
6.44445
6.30799
6.6625
6.43809
6.19569
6.58945
6.28631
5.96649
6.27725
5.94767
5.59432
5.71163
5.40635
5.06907
4.90888
4.66285
4.38246
3.82775
3.66455
3.47695
2.02283
2.0178
2.0054
6.2891
6.31609
6.32948
6.41564
6.38631
6.34238
6.56816
6.44445
6.30799
6.6625
6.43809
6.19569
6.58945
6.28631
5.9665
6.27725
5.94767
5.59432
5.71163
5.40635
5.06907
4.90888
4.66285
4.38246
3.82776
3.66456
3.47695
2.02283
2.0178
2.0054
6.2891
6.31609
6.32948
6.41564
6.38631
6.34238
6.56816
6.44445
6.30799
6.6625
6.43809
6.19569
6.58945
6.28632
5.9665
6.27725
5.94767
5.59432
5.71163
5.40635
5.06907
4.90888
4.66285
4.38246
3.82776
3.66456
3.47695
2.02283
2.0178
2.0054
6.2891
6.31609
6.32948
6.41564
6.38631
6.34238
6.56816
6.44445
6.30799
6.6625
6.43809
6.19569
6.58945
6.28632
5.9665
6.27725
5.94767
5.59432
5.71163
5.40635
5.06907
4.90888
4.66285
4.38246
3.82776
3.66456
3.47695
2.02283
2.0178
2.0054
6.2891
6.31609
6.32948
6.41564
6.38631
6.34238
6.56816
6.44445
6.30799
6.6625
6.4381
6.19569
6.58945
6.28632
5.9665
6.27726
5.94767
5.59432
5.71163
5.40635
5.06907
4.90888
4.66285
4.38246
3.82776
3.66456
3.47695
2.02283
2.0178
2.0054
6.2891
6.31609
6.32948
6.41564
6.38631
6.34238
6.56816
6.44445
6.30799
6.6625
6.4381
6.19569
6.58945
6.28632
5.9665
6.27726
5.94767
5.59432
5.71163
5.40635
5.06907
4.90888
4.66285
4.38246
3.82776
3.66456
3.47695
2.02283
2.0178
2.0054
6.2891
6.31609
6.32948
6.41564
6.38631
6.34239
6.56816
6.44445
6.30799
6.6625
6.4381
6.1957
6.58945
6.28632
5.9665
6.27726
5.94767
5.59432
5.71163
5.40636
5.06907
4.90888
4.66285
4.38246
3.82776
3.66456
3.47695
2.02283
2.0178
2.0054
6.2891
6.31609
6.32948
6.41564
6.38631
6.34239
6.56816
6.44445
6.30799
6.6625
6.4381
6.1957
6.58945
6.28632
5.9665
6.27726
5.94768
5.59432
5.71163
5.40636
5.06907
4.90889
4.66285
4.38246
3.82776
3.66456
3.47695
2.02283
2.0178
2.0054
6.2891
6.31609
6.32948
6.41564
6.38631
6.34239
6.56816
6.44445
6.30799
6.6625
6.4381
6.1957
6.58945
6.28632
5.9665
6.27726
5.94768
5.59432
5.71163
5.40636
5.06907
4.90889
4.66285
4.38246
3.82776
3.66456
3.47695
2.02283
2.0178
2.0054
6.2891
6.31609
6.32948
6.41564
6.38632
6.34239
6.56816
6.44445
6.308
6.6625
6.4381
6.1957
6.58945
6.28632
5.9665
6.27726
5.94768
5.59432
5.71163
5.40636
5.06907
4.90889
4.66285
4.38246
3.82776
3.66456
3.47695
2.02283
2.0178
2.0054
6.2891
6.3161
6.32949
6.41564
6.38632
6.34239
6.56816
6.44445
6.308
6.6625
6.4381
6.1957
6.58945
6.28632
5.9665
6.27726
5.94768
5.59432
5.71163
5.40636
5.06907
4.90889
4.66285
4.38246
3.82776
3.66456
3.47695
2.02283
2.0178
2.0054
6.2891
6.3161
6.32949
6.41564
6.38632
6.34239
6.56816
6.44445
6.308
6.6625
6.4381
6.1957
6.58945
6.28632
5.9665
6.27726
5.94768
5.59432
5.71163
5.40636
5.06907
4.90889
4.66285
4.38246
3.82776
3.66456
3.47695
2.02283
2.0178
2.0054
6.2891
6.3161
6.32949
6.41564
6.38632
6.34239
6.56816
6.44445
6.308
6.6625
6.4381
6.1957
6.58945
6.28632
5.96651
6.27725
5.94767
5.59432
5.71163
5.40635
5.06907
4.90889
4.66285
4.38246
3.82776
3.66456
3.47695
2.02283
2.0178
2.0054
6.2891
6.31609
6.32949
6.41564
6.38631
6.34239
6.56815
6.44445
6.308
6.66249
6.43809
6.19571
6.58944
6.28631
5.96651
6.27725
5.94767
5.59433
5.71163
5.40635
5.06908
4.90888
4.66284
4.38246
3.82776
3.66455
3.47694
2.02284
2.0178
2.00539
6.2891
6.31609
6.32949
6.41563
6.38631
6.3424
6.56813
6.44444
6.30801
6.66246
6.43808
6.19572
6.58941
6.2863
5.96652
6.27723
5.94765
5.59434
5.71161
5.40633
5.06908
4.90888
4.66283
4.38245
3.82776
3.66454
3.47693
2.02284
2.0178
2.00539
6.28908
6.31608
6.32949
6.4156
6.38629
6.3424
6.56808
6.44442
6.30802
6.6624
6.43805
6.19574
6.58935
6.28626
5.96655
6.27717
5.94762
5.59436
5.71158
5.4063
5.06908
4.90887
4.66281
4.38244
3.82777
3.66453
3.47691
2.02285
2.01779
2.00537
6.28904
6.31605
6.32948
6.41552
6.38624
6.3424
6.56796
6.44436
6.30804
6.66225
6.43796
6.19577
6.5892
6.28618
5.96659
6.27705
5.94755
5.5944
5.71151
5.40625
5.06911
4.90885
4.66277
4.38244
3.82779
3.6645
3.47687
2.02287
2.01778
2.00534
6.28894
6.31598
6.32944
6.41535
6.38613
6.34237
6.5677
6.44421
6.30804
6.66192
6.43778
6.19582
6.58888
6.28601
5.96668
6.2768
5.94741
5.5945
5.71137
5.40615
5.06918
4.90882
4.66272
4.38247
3.82784
3.66449
3.47686
2.02293
2.01779
2.0053
6.28872
6.31579
6.3293
6.41499
6.38586
6.34221
6.56714
6.44385
6.30788
6.6612
6.4373
6.1957
6.58811
6.28553
5.96663
6.27613
5.94701
5.59451
5.7109
5.40586
5.06924
4.90858
4.66255
4.38253
3.8278
3.66443
3.47688
2.023
2.01779
2.00526
6.28805
6.31516
6.32875
6.41415
6.38514
6.34165
6.56607
6.44303
6.30736
6.65995
6.43639
6.19529
6.58688
6.28472
5.96641
6.27511
5.94641
5.59454
5.71022
5.40555
5.0695
4.90827
4.66252
4.38294
3.8278
3.6646
3.47733
2.02316
2.01797
2.00547
6.28305
6.3102
6.32388
6.40904
6.38015
6.33677
6.56041
6.43777
6.30233
6.65362
6.43058
6.19013
6.58025
6.27887
5.96142
6.26892
5.94106
5.59017
5.70513
5.40125
5.06615
4.90466
4.65956
4.38083
3.82576
3.66306
3.47643
2.02267
2.01773
2.00546
0.0150066
0.0150045
0.0150032
0.0150099
0.0150077
0.0150063
0.0150133
0.015011
0.0150097
0.0150166
0.0150145
0.0150133
0.0150195
0.015018
0.0150172
0.0150255
0.0150256
0.0150257
0.015037
0.015042
0.0150445
0.0151367
0.0151419
0.0151462
0.0163914
0.0159427
0.0158014
0.0839271
0.0644911
0.0571149
0.0150303
0.0150245
0.0150213
0.0150398
0.0150343
0.0150314
0.0150459
0.0150412
0.0150395
0.0150483
0.0150453
0.0150449
0.0150467
0.0150463
0.0150472
0.0150518
0.0150551
0.0150578
0.0150649
0.0150754
0.0150808
0.0152612
0.0152463
0.0152434
0.0201688
0.0182949
0.017655
0.213958
0.160086
0.138362
0.0151266
0.0151182
0.0151206
0.0151389
0.0151295
0.0151321
0.015134
0.0151277
0.0151322
0.0151177
0.0151161
0.0151224
0.0150939
0.0150978
0.0151047
0.0150818
0.0150917
0.0151002
0.0150832
0.0151006
0.0151101
0.015453
0.0153897
0.0153689
0.0281474
0.0234947
0.0217689
0.379392
0.292224
0.254226
0.0154775
0.0154904
0.0155529
0.0154281
0.0154254
0.0154774
0.0153424
0.0153412
0.0153796
0.0152554
0.0152607
0.0152889
0.0151754
0.0151883
0.0152106
0.0151187
0.015141
0.0151612
0.0150944
0.0151243
0.0151415
0.0157686
0.0156146
0.0155601
0.0407267
0.0324113
0.0290774
0.543742
0.437957
0.387914
0.0164962
0.0166362
0.0169431
0.0161325
0.016184
0.0164034
0.0158054
0.015812
0.0159383
0.0155635
0.0155607
0.0156368
0.0153615
0.0153768
0.0154337
0.0151931
0.0152338
0.01528
0.0151006
0.0151533
0.0151859
0.0162918
0.0159829
0.0158718
0.0570226
0.0450357
0.0399003
0.680322
0.573899
0.519283
0.0188665
0.0193982
0.0203316
0.0177178
0.0178631
0.0184333
0.0169813
0.0168941
0.0171631
0.0164693
0.0163528
0.0165135
0.0159317
0.0159118
0.0160547
0.0154068
0.0154824
0.0155954
0.0151144
0.0152069
0.0152704
0.017174
0.016603
0.0164033
0.075707
0.0606932
0.0539338
0.777863
0.684603
0.632639
0.0233589
0.0246208
0.0266594
0.0211193
0.0211719
0.0222267
0.0200653
0.0195078
0.019913
0.0190955
0.0185779
0.0188995
0.0175628
0.0174363
0.0178044
0.0159607
0.0161249
0.0164028
0.0151612
0.015318
0.0154391
0.0186212
0.0176287
0.0172956
0.0955058
0.0783429
0.070371
0.836402
0.763798
0.719526
0.0306668
0.0327941
0.0362234
0.0277592
0.0271994
0.0286064
0.0270873
0.0253203
0.0257964
0.025336
0.0239347
0.0246101
0.0214027
0.0210872
0.021972
0.0171723
0.017538
0.0181635
0.0152874
0.0155336
0.0157498
0.0208278
0.0192251
0.0187031
0.115373
0.0968481
0.0881287
0.86156
0.811873
0.777841
0.041412
0.0441501
0.0489189
0.0391917
0.0372138
0.038639
0.0402809
0.0362741
0.0368513
0.0373197
0.0344262
0.0358488
0.0289259
0.0282903
0.0301462
0.0195131
0.0202224
0.0214658
0.015581
0.0159288
0.0162886
0.0239249
0.0215302
0.0207607
0.134541
0.1152
0.106116
0.860643
0.832859
0.80963
0.0558775
0.0586193
0.0644074
0.0565484
0.0519696
0.0531554
0.0614224
0.0539733
0.0547856
0.0571715
0.0519898
0.0547201
0.041994
0.0406472
0.0440088
0.0237547
0.0248762
0.0270714
0.0162047
0.0166405
0.0172034
0.027962
0.0246292
0.0235587
0.152459
0.132612
0.123409
0.840684
0.832134
0.818995
0.0735871
0.0757478
0.0820816
0.0796043
0.0714659
0.0721662
0.091288
0.0792893
0.0806089
0.0869311
0.0784903
0.0832171
0.0631052
0.0601799
0.0655706
0.031388
0.0326994
0.0361942
0.0174637
0.0179268
0.0187654
0.0329106
0.0285423
0.0271293
0.168709
0.148502
0.139297
0.807747
0.815071
0.810578
0.0933989
0.0946243
0.101182
0.106607
0.0945914
0.0949211
0.128978
0.111902
0.114384
0.127778
0.115418
0.123016
0.0952374
0.0894203
0.0973821
0.045339
0.0458613
0.050928
0.0199804
0.0202856
0.0214835
0.0387003
0.0332363
0.0314488
0.183056
0.162476
0.153264
0.766863
0.786343
0.788633
0.114071
0.114375
0.121007
0.134912
0.119711
0.119977
0.171477
0.150262
0.154933
0.178964
0.162996
0.174812
0.140818
0.130956
0.14226
0.070341
0.0678996
0.0746205
0.0251322
0.0247278
0.0263549
0.0453219
0.038667
0.0364618
0.195726
0.174397
0.164994
0.722181
0.749718
0.75661
0.13457
0.134563
0.141289
0.161987
0.145208
0.145957
0.214509
0.191999
0.200088
0.236797
0.219661
0.237705
0.199823
0.18626
0.202435
0.111653
0.103401
0.11184
0.03607
0.0334245
0.0354699
0.0530882
0.0448957
0.0421648
0.207805
0.184561
0.17445
0.677152
0.708206
0.717172
0.154611
0.155027
0.161968
0.186381
0.170087
0.171949
0.254364
0.234332
0.247361
0.296046
0.281961
0.309132
0.268595
0.254342
0.278287
0.171793
0.156413
0.167384
0.0594605
0.0510454
0.0533037
0.0632789
0.0524356
0.0489014
0.221721
0.193972
0.182073
0.634764
0.664393
0.67256
0.174309
0.175744
0.182939
0.207975
0.194109
0.197627
0.289
0.275213
0.294766
0.351605
0.345967
0.385524
0.340765
0.33143
0.367484
0.247458
0.227803
0.244101
0.104917
0.0858541
0.0881581
0.0797097
0.063217
0.0582678
0.241737
0.20473
0.189087
0.597817
0.620858
0.625081
0.19379
0.196581
0.203879
0.227571
0.217542
0.223113
0.31846
0.313791
0.34128
0.400993
0.408179
0.463296
0.410042
0.412338
0.465403
0.330383
0.313685
0.340638
0.177378
0.146566
0.150399
0.110834
0.0826576
0.0753488
0.274085
0.220471
0.197965
0.569226
0.580476
0.577529
0.213142
0.217222
0.224345
0.246555
0.240812
0.248745
0.344532
0.350127
0.386817
0.443713
0.466803
0.539789
0.472223
0.492458
0.566747
0.411706
0.407068
0.451523
0.269983
0.234512
0.245247
0.168135
0.121593
0.112061
0.324838
0.246776
0.213405
0.552303
0.546611
0.533377
0.232221
0.237347
0.244008
0.265766
0.264481
0.274892
0.36915
0.385281
0.431832
0.481157
0.521382
0.613474
0.526346
0.568287
0.667082
0.485089
0.501093
0.569636
0.367169
0.340521
0.366806
0.256413
0.192849
0.184952
0.392303
0.290384
0.244756
0.548838
0.523047
0.496823
0.250868
0.256788
0.26284
0.285657
0.288707
0.302063
0.393402
0.420176
0.477009
0.515088
0.572396
0.683187
0.573708
0.638567
0.762446
0.54965
0.590874
0.687642
0.456904
0.450647
0.501887
0.358645
0.296456
0.301351
0.469562
0.355293
0.305826
0.56024
0.511948
0.472203
0.268987
0.275471
0.281009
0.306191
0.313447
0.330189
0.417842
0.45497
0.522022
0.546658
0.620381
0.748507
0.615619
0.703376
0.851217
0.605836
0.674391
0.800641
0.534296
0.555888
0.637689
0.455795
0.413327
0.443714
0.544985
0.437208
0.400926
0.584052
0.516535
0.465114
0.286562
0.293382
0.298743
0.327207
0.338525
0.358907
0.442526
0.489432
0.566178
0.576284
0.665472
0.809028
0.652824
0.762696
0.932461
0.65444
0.750588
0.905373
0.598936
0.651743
0.765934
0.537569
0.526078
0.58847
0.608713
0.524029
0.514865
0.614995
0.535484
0.478561
0.303633
0.31066
0.316105
0.348485
0.363673
0.387776
0.467173
0.523141
0.608693
0.60403
0.707539
0.864369
0.686112
0.816478
1.00561
0.695987
0.819001
0.999867
0.651912
0.736639
0.881848
0.601732
0.625663
0.720733
0.656649
0.604369
0.627342
0.647803
0.56414
0.508577
0.320269
0.32741
0.333121
0.369821
0.388643
0.41635
0.49147
0.555628
0.648902
0.629968
0.746427
0.914475
0.715843
0.864966
1.07084
0.731796
0.87988
1.08372
0.695273
0.810786
0.98382
0.650561
0.710008
0.834972
0.689789
0.672707
0.726231
0.67905
0.597289
0.54768
0.336641
0.343784
0.349835
0.391202
0.413324
0.444353
0.51545
0.58679
0.686634
0.654667
0.782546
0.960025
0.743238
0.909183
1.12947
0.763769
0.934759
1.15856
0.732032
0.876177
1.07339
0.68851
0.781336
0.932258
0.712179
0.729233
0.809182
0.707414
0.631176
0.589423
0.353337
0.360222
0.366504
0.413351
0.438177
0.472013
0.540298
0.617563
0.72272
0.680252
0.817773
1.00316
0.771384
0.952074
1.18489
0.795865
0.987435
1.22871
0.767167
0.937338
1.15554
0.721915
0.845048
1.01817
0.729834
0.778212
0.880267
0.73338
0.664342
0.630572
0.372493
0.378135
0.384076
0.439351
0.46535
0.500873
0.570441
0.651478
0.760156
0.712921
0.857395
1.04902
0.808015
1.00069
1.24429
0.836892
1.04621
1.30283
0.81015
1.00324
1.23973
0.760676
0.910446
1.10254
0.751439
0.827352
0.947758
0.759129
0.69778
0.671387
0.401908
0.40159
0.405445
0.479362
0.50157
0.535816
0.618846
0.698334
0.806803
0.768695
0.914318
1.10888
0.871381
1.07052
1.32188
0.906017
1.12792
1.39686
0.879704
1.09069
1.34222
0.821909
0.993108
1.20076
0.790563
0.888862
1.02405
0.788973
0.735167
0.715359
0.464304
0.443447
0.438473
0.56255
0.56437
0.589747
0.718394
0.781568
0.881183
0.883703
1.017
1.20566
0.999573
1.19229
1.44374
1.04056
1.26347
1.5378
1.00997
1.2285
1.48879
0.934527
1.11789
1.33562
0.868357
0.98116
1.12656
0.830352
0.783286
0.769024
0.61175
0.538114
0.506295
0.751253
0.696789
0.692148
0.93574
0.948404
1.02054
1.12306
1.21673
1.38042
1.25463
1.41627
1.65141
1.29697
1.49936
1.7649
1.25003
1.45749
1.71449
1.13859
1.31845
1.53654
1.01314
1.1285
1.27709
0.89432
0.851888
0.841342
0.926812
0.754686
0.664534
1.12901
0.974399
0.902732
1.35178
1.27157
1.28412
1.55881
1.57707
1.69049
1.69573
1.79844
1.99474
1.7238
1.88213
2.11978
1.63994
1.81569
2.05337
1.46698
1.62544
1.83094
1.24933
1.35347
1.49595
0.992467
0.951038
0.941256
1.46936
1.17759
0.999863
1.73514
1.46724
1.30271
1.9882
1.80787
1.73503
2.19994
2.13396
2.18187
2.31984
2.35952
2.50356
2.31161
2.42161
2.62005
2.16927
2.30761
2.51585
1.91277
2.0425
2.22623
1.57551
1.66085
1.78964
1.12846
1.0848
1.07269
2.2093
1.8313
1.57041
2.51108
2.17168
1.92783
2.76947
2.53093
2.38765
2.96233
2.85049
2.84348
3.04407
3.05015
3.1532
2.98135
3.06653
3.23406
2.768
2.88605
3.06992
2.41965
2.53143
2.69536
1.95416
2.02538
2.14008
1.2911
1.24534
1.2296
3.03826
2.63792
2.33512
3.33743
2.99157
2.71569
3.57268
3.33726
3.16919
3.72624
3.62288
3.59794
3.75648
3.77327
3.86493
3.63237
3.72806
3.88757
3.34776
3.47334
3.64978
2.91349
3.0283
3.18406
2.33028
2.4009
2.50802
1.45852
1.41441
1.39637
3.83694
3.47051
3.17293
4.10341
3.80238
3.54262
4.29672
4.11053
3.96173
4.40087
4.34582
4.33905
4.37633
4.43637
4.54563
4.19338
4.32603
4.50029
3.84567
4.00064
4.18731
3.33947
3.47525
3.63616
2.65956
2.74282
2.85119
1.60986
1.5721
1.55455
4.52625
4.22324
3.96169
4.7446
4.51345
4.29824
4.89
4.77225
4.66959
4.94542
4.95307
4.98611
4.86976
4.98542
5.12933
4.63588
4.81596
5.01839
4.23677
4.43043
4.63814
3.67464
3.84001
4.0149
2.92119
3.02445
3.14064
1.73323
1.70482
1.69024
5.07518
4.84143
4.62753
5.24377
5.08401
4.92224
5.34398
5.29319
5.24446
5.35579
5.42429
5.50393
5.23739
5.40649
5.58958
4.96269
5.18849
5.42242
4.52415
4.75563
4.98737
3.92078
4.11596
4.30787
3.11438
3.23882
3.36563
1.82609
1.80767
1.7973
5.48665
5.31469
5.14744
5.61178
5.51268
5.40104
5.67536
5.67893
5.67774
5.65026
5.76909
5.89046
5.49791
5.71142
5.92953
5.19214
5.45596
5.71813
4.72469
4.98786
5.2414
4.09211
4.3127
4.52051
3.2492
3.39218
3.52942
1.89181
1.88228
1.87622
5.7806
5.65825
5.5309
5.87071
5.81873
5.7498
5.90539
5.95255
5.98799
5.85246
6.01022
6.16461
5.67489
5.92237
6.16824
5.3466
5.63938
5.92394
4.85877
5.14612
5.41704
4.20624
4.44637
4.66707
3.33905
3.49651
3.64244
1.93609
1.93361
1.93122
5.98271
5.89722
5.80127
6.0461
6.02844
5.99297
6.05994
6.13787
6.20241
5.98648
6.17221
6.35143
5.79084
6.06273
6.32908
5.4468
5.76035
6.06127
4.9451
5.24977
5.53337
4.27938
4.53354
4.76371
3.39658
3.56454
3.71694
1.96469
1.96738
1.96778
6.11771
6.0574
5.98471
6.16351
6.16651
6.15578
6.1596
6.25878
6.34464
6.07221
6.27772
6.47406
5.86422
6.15313
6.43349
5.50958
5.83746
6.14949
4.99873
5.31527
5.60747
4.32456
4.58833
4.82492
3.43205
3.60723
3.76406
1.98246
1.98874
1.99107
6.20465
6.16115
6.10517
6.23845
6.25531
6.26026
6.22251
6.33483
6.43551
6.12548
6.34487
6.55173
5.90919
6.20963
6.49888
5.54757
5.88499
6.20411
5.03086
5.35523
5.6529
4.35143
4.62152
4.86218
3.45309
3.63302
3.79267
1.99309
2.00175
2.00531
6.25868
6.22642
6.18169
6.28443
6.31062
6.32554
6.2607
6.38148
6.49173
6.15739
6.38584
6.59926
5.93574
6.24363
6.53836
5.56969
5.91321
6.23666
5.04935
5.37868
5.67964
4.36676
4.64083
4.88393
3.46505
3.64798
3.80931
1.99918
2.00935
2.01364
6.29103
6.26624
6.22875
6.31128
6.34422
6.36515
6.2829
6.40923
6.52538
6.17572
6.4099
6.6273
5.95076
6.2633
6.56129
5.58202
5.92928
6.25525
5.0595
5.39184
5.69469
4.37508
4.65156
4.89603
3.47151
3.65625
3.81851
2.00252
2.0136
2.01829
6.30972
6.28967
6.25668
6.32652
6.36388
6.38836
6.29533
6.42552
6.54481
6.18577
6.42299
6.64317
5.95884
6.274
6.57401
5.58852
5.93792
6.26534
5.06476
5.39881
5.7027
4.37933
4.65717
4.90236
3.47477
3.66054
3.82328
2.00423
2.01584
2.02073
6.32009
6.3029
6.27259
6.33484
6.37486
6.4014
6.30197
6.43453
6.55554
6.191
6.42986
6.65172
5.96294
6.2795
6.58067
5.59173
5.94227
6.27048
5.06728
5.40225
5.70666
4.38131
4.65988
4.90541
3.47628
3.6626
3.82555
2.00505
2.01694
2.02191
6.32556
6.30999
6.28122
6.33914
6.38067
6.40835
6.30532
6.4392
6.56114
6.19355
6.43325
6.65604
5.96487
6.28213
6.58391
5.59317
5.94427
6.27286
5.06836
5.40376
5.7084
4.38211
4.66103
4.9067
3.47687
3.66345
3.82647
2.00538
2.01741
2.0224
6.32826
6.31354
6.2856
6.34121
6.38352
6.41181
6.30688
6.44144
6.56384
6.19469
6.43479
6.65803
5.96567
6.28325
6.58531
5.59372
5.94506
6.27381
5.06873
5.40431
5.70902
4.38235
4.66141
4.9071
3.47702
3.66371
3.82673
2.00549
2.01758
2.02256
6.32947
6.31516
6.28762
6.34211
6.38479
6.41336
6.30752
6.44239
6.565
6.19511
6.43538
6.65882
5.96593
6.28363
6.58579
5.59386
5.94528
6.27406
5.06878
5.40442
5.70912
4.38235
4.66144
4.90711
3.47699
3.6637
3.8267
2.0055
2.0176
2.02256
6.32993
6.31578
6.28841
6.34243
6.38525
6.41393
6.30773
6.44271
6.56539
6.19522
6.43554
6.65903
5.96596
6.28369
6.58586
5.59384
5.94526
6.27402
5.06872
5.40435
5.70901
4.38227
4.66134
4.90697
3.47691
3.66361
3.82657
2.00547
2.01756
2.0225
6.33003
6.31592
6.28859
6.34249
6.38534
6.41404
6.30774
6.44275
6.56543
6.1952
6.4355
6.65899
5.96591
6.28361
6.58576
5.59376
5.94516
6.27388
5.06862
5.40423
5.70885
4.38217
4.66122
4.9068
3.47682
3.6635
3.82642
2.00543
2.01751
2.02243
6.32999
6.31587
6.28853
6.34244
6.38528
6.41397
6.30768
6.44267
6.56533
6.19513
6.43541
6.65887
5.96583
6.28351
6.58562
5.59368
5.94504
6.27372
5.06854
5.40411
5.70869
4.38208
4.66111
4.90665
3.47674
3.6634
3.82629
2.0054
2.01747
2.02237
6.32989
6.31574
6.28837
6.34236
6.38517
6.41383
6.30761
6.44257
6.5652
6.19505
6.43531
6.65874
5.96576
6.28341
6.58548
5.5936
5.94494
6.27358
5.06846
5.40401
5.70856
4.38201
4.66101
4.90652
3.47668
3.66332
3.82619
2.00537
2.01743
2.02232
6.32979
6.31561
6.2882
6.34227
6.38505
6.41369
6.30753
6.44247
6.56507
6.19498
6.43521
6.65861
5.96568
6.28331
6.58536
5.59353
5.94485
6.27347
5.0684
5.40393
5.70845
4.38194
4.66093
4.90643
3.47662
3.66325
3.8261
2.00534
2.0174
2.02228
6.32969
6.31548
6.28805
6.34218
6.38494
6.41356
6.30745
6.44237
6.56495
6.19491
6.43512
6.6585
5.96562
6.28323
6.58526
5.59347
5.94478
6.27338
5.06834
5.40386
5.70836
4.38189
4.66087
4.90635
3.47658
3.6632
3.82604
2.00532
2.01738
2.02225
6.32959
6.31537
6.28791
6.3421
6.38484
6.41344
6.30738
6.44228
6.56485
6.19484
6.43505
6.65841
5.96555
6.28316
6.58517
5.59341
5.94471
6.27329
5.06828
5.40379
5.70829
4.38184
4.66081
4.90628
3.47654
3.66315
3.82598
2.00531
2.01735
2.02222
6.32951
6.31527
6.2878
6.34203
6.38475
6.41334
6.30731
6.4422
6.56476
6.19477
6.43497
6.65833
5.96549
6.28309
6.58509
5.59335
5.94464
6.27322
5.06823
5.40373
5.70822
4.38179
4.66076
4.90622
3.4765
3.66311
3.82594
2.00529
2.01734
2.0222
6.32943
6.31517
6.2877
6.34195
6.38467
6.41325
6.30724
6.44213
6.56467
6.19471
6.4349
6.65825
5.96543
6.28303
6.58502
5.5933
5.94459
6.27316
5.06818
5.40368
5.70816
4.38175
4.66071
4.90617
3.47647
3.66307
3.8259
2.00527
2.01732
2.02218
6.32935
6.31509
6.28761
6.34189
6.3846
6.41317
6.30718
6.44206
6.5646
6.19465
6.43484
6.65818
5.96538
6.28297
6.58496
5.59325
5.94453
6.2731
5.06813
5.40363
5.70811
4.38171
4.66067
4.90612
3.47644
3.66304
3.82586
2.00526
2.0173
2.02217
6.32929
6.31502
6.28753
6.34182
6.38453
6.4131
6.30712
6.442
6.56453
6.1946
6.43479
6.65812
5.96533
6.28292
6.5849
5.5932
5.94448
6.27305
5.06809
5.40359
5.70806
4.38168
4.66063
4.90608
3.47641
3.66301
3.82583
2.00525
2.01729
2.02215
6.32923
6.31495
6.28746
6.34177
6.38447
6.41303
6.30707
6.44194
6.56447
6.19455
6.43473
6.65806
5.96529
6.28287
6.58485
5.59316
5.94444
6.273
5.06806
5.40355
5.70802
4.38165
4.6606
4.90605
3.47638
3.66298
3.8258
2.00524
2.01728
2.02214
6.32918
6.3149
6.28739
6.34172
6.38442
6.41298
6.30703
6.44189
6.56442
6.19451
6.43469
6.65802
5.96525
6.28283
6.58481
5.59313
5.9444
6.27296
5.06803
5.40352
5.70799
4.38162
4.66057
4.90602
3.47636
3.66296
3.82578
2.00523
2.01727
2.02213
6.32913
6.31485
6.28734
6.34168
6.38437
6.41293
6.30699
6.44185
6.56438
6.19448
6.43465
6.65798
5.96522
6.2828
6.58477
5.5931
5.94437
6.27293
5.068
5.40349
5.70796
4.3816
4.66055
4.90599
3.47635
3.66294
3.82576
2.00522
2.01726
2.02212
6.3291
6.31481
6.2873
6.34165
6.38433
6.41289
6.30696
6.44182
6.56434
6.19445
6.43462
6.65794
5.9652
6.28277
6.58474
5.59308
5.94435
6.2729
5.06798
5.40347
5.70793
4.38158
4.66053
4.90597
3.47634
3.66293
3.82574
2.00521
2.01725
2.02211
6.32907
6.31478
6.28726
6.34162
6.3843
6.41286
6.30693
6.44179
6.56431
6.19443
6.4346
6.65792
5.96518
6.28275
6.58472
5.59306
5.94433
6.27288
5.06797
5.40345
5.70792
4.38157
4.66052
4.90596
3.47632
3.66292
3.82573
2.00521
2.01725
2.0221
6.32904
6.31475
6.28723
6.3416
6.38428
6.41283
6.30692
6.44177
6.56429
6.19441
6.43458
6.6579
5.96516
6.28273
6.5847
5.59305
5.94431
6.27286
5.06796
5.40344
5.7079
4.38156
4.6605
4.90595
3.47632
3.66291
3.82572
2.0052
2.01724
2.0221
6.32903
6.31473
6.28721
6.34159
6.38426
6.41281
6.3069
6.44175
6.56427
6.1944
6.43457
6.65788
5.96515
6.28272
6.58468
5.59304
5.9443
6.27285
5.06795
5.40343
5.70789
4.38155
4.6605
4.90594
3.47631
3.6629
3.82571
2.0052
2.01724
2.0221
6.32901
6.31471
6.2872
6.34157
6.38425
6.4128
6.30689
6.44174
6.56426
6.19439
6.43456
6.65787
5.96514
6.28271
6.58467
5.59303
5.94429
6.27284
5.06794
5.40342
5.70788
4.38154
4.66049
4.90593
3.47631
3.6629
3.82571
2.0052
2.01724
2.02209
6.329
6.3147
6.28718
6.34156
6.38424
6.41278
6.30688
6.44173
6.56425
6.19438
6.43455
6.65786
5.96513
6.2827
6.58467
5.59302
5.94429
6.27283
5.06793
5.40341
5.70788
4.38154
4.66048
4.90593
3.4763
3.66289
3.82571
2.0052
2.01723
2.02209
6.32899
6.31469
6.28717
6.34156
6.38423
6.41278
6.30687
6.44172
6.56424
6.19437
6.43454
6.65785
5.96513
6.28269
6.58466
5.59302
5.94428
6.27283
5.06793
5.40341
5.70787
4.38154
4.66048
4.90592
3.4763
3.66289
3.8257
2.0052
2.01723
2.02209
6.32899
6.31469
6.28717
6.34155
6.38422
6.41277
6.30687
6.44171
6.56423
6.19437
6.43454
6.65785
5.96512
6.28269
6.58466
5.59301
5.94428
6.27283
5.06793
5.40341
5.70787
4.38153
4.66048
4.90592
3.4763
3.66289
3.8257
2.00519
2.01723
2.02209
6.32898
6.31468
6.28716
6.34155
6.38422
6.41277
6.30687
6.44171
6.56423
6.19437
6.43453
6.65784
5.96512
6.28269
6.58465
5.59301
5.94428
6.27282
5.06792
5.40341
5.70787
4.38153
4.66048
4.90592
3.4763
3.66289
3.8257
2.00519
2.01723
2.02209
6.32898
6.31468
6.28716
6.34154
6.38421
6.41276
6.30686
6.44171
6.56423
6.19436
6.43453
6.65784
5.96512
6.28268
6.58465
5.59301
5.94427
6.27282
5.06792
5.4034
5.70786
4.38153
4.66047
4.90592
3.47629
3.66288
3.8257
2.00519
2.01723
2.02209
6.32898
6.31468
6.28715
6.34154
6.38421
6.41276
6.30686
6.44171
6.56422
6.19436
6.43453
6.65784
5.96512
6.28268
6.58465
5.59301
5.94427
6.27282
5.06792
5.4034
5.70786
4.38153
4.66047
4.90591
3.47629
3.66288
3.8257
2.00519
2.01723
2.02209
6.32898
6.31467
6.28715
6.34154
6.38421
6.41276
6.30686
6.4417
6.56422
6.19436
6.43453
6.65784
5.96511
6.28268
6.58465
5.59301
5.94427
6.27282
5.06792
5.4034
5.70786
4.38153
4.66047
4.90591
3.47629
3.66288
3.8257
2.00519
2.01723
2.02209
6.32898
6.31467
6.28715
6.34154
6.38421
6.41276
6.30686
6.4417
6.56422
6.19436
6.43453
6.65784
5.96511
6.28268
6.58465
5.59301
5.94427
6.27282
5.06792
5.4034
5.70786
4.38153
4.66047
4.90591
3.47629
3.66288
3.8257
2.00519
2.01723
2.02209
6.32897
6.31467
6.28715
6.34154
6.38421
6.41275
6.30686
6.4417
6.56422
6.19436
6.43453
6.65784
5.96511
6.28268
6.58464
5.593
5.94427
6.27282
5.06792
5.4034
5.70786
4.38153
4.66047
4.90591
3.47629
3.66288
3.8257
2.00519
2.01723
2.02209
6.32897
6.31467
6.28715
6.34154
6.38421
6.41275
6.30686
6.4417
6.56422
6.19436
6.43452
6.65783
5.96511
6.28268
6.58464
5.593
5.94427
6.27282
5.06792
5.4034
5.70786
4.38153
4.66047
4.90591
3.47629
3.66288
3.8257
2.00519
2.01723
2.02209
6.32897
6.31467
6.28715
6.34154
6.38421
6.41275
6.30686
6.4417
6.56422
6.19436
6.43452
6.65783
5.96511
6.28268
6.58464
5.593
5.94427
6.27281
5.06792
5.4034
5.70786
4.38153
4.66047
4.90591
3.47629
3.66288
3.82569
2.00519
2.01723
2.02209
6.32897
6.31467
6.28715
6.34154
6.38421
6.41275
6.30685
6.4417
6.56422
6.19436
6.43452
6.65783
5.96511
6.28268
6.58464
5.593
5.94427
6.27281
5.06792
5.4034
5.70786
4.38152
4.66047
4.90591
3.47629
3.66288
3.82569
2.00519
2.01723
2.02209
6.32897
6.31467
6.28715
6.34153
6.3842
6.41275
6.30685
6.4417
6.56422
6.19435
6.43452
6.65783
5.96511
6.28268
6.58464
5.593
5.94427
6.27281
5.06791
5.4034
5.70786
4.38152
4.66047
4.90591
3.47629
3.66288
3.82569
2.00519
2.01723
2.02209
6.32897
6.31467
6.28714
6.34153
6.3842
6.41275
6.30685
6.4417
6.56422
6.19435
6.43452
6.65783
5.96511
6.28267
6.58464
5.593
5.94427
6.27281
5.06791
5.4034
5.70786
4.38152
4.66047
4.90591
3.47629
3.66288
3.82569
2.00519
2.01723
2.02209
6.32897
6.31467
6.28714
6.34153
6.3842
6.41275
6.30685
6.4417
6.56422
6.19435
6.43452
6.65783
5.96511
6.28267
6.58464
5.593
5.94427
6.27281
5.06791
5.4034
5.70786
4.38152
4.66047
4.90591
3.47629
3.66288
3.82569
2.00519
2.01723
2.02209
6.32897
6.31467
6.28714
6.34153
6.3842
6.41275
6.30685
6.4417
6.56422
6.19435
6.43452
6.65783
5.96511
6.28267
6.58464
5.593
5.94427
6.27281
5.06791
5.4034
5.70786
4.38152
4.66047
4.90591
3.47629
3.66288
3.82569
2.00519
2.01723
2.02209
6.32897
6.31467
6.28714
6.34153
6.3842
6.41275
6.30685
6.4417
6.56422
6.19435
6.43452
6.65783
5.9651
6.28267
6.58464
5.593
5.94426
6.27281
5.06791
5.40339
5.70786
4.38152
4.66047
4.90591
3.47629
3.66288
3.82569
2.00519
2.01723
2.02209
6.32897
6.31466
6.28714
6.34153
6.3842
6.41275
6.30685
6.44169
6.56421
6.19435
6.43452
6.65783
5.9651
6.28267
6.58464
5.593
5.94426
6.27281
5.06791
5.40339
5.70786
4.38152
4.66047
4.90591
3.47629
3.66288
3.82569
2.00519
2.01723
2.02209
6.32897
6.31466
6.28714
6.34153
6.3842
6.41275
6.30685
6.44169
6.56421
6.19435
6.43452
6.65783
5.9651
6.28267
6.58464
5.593
5.94426
6.27281
5.06791
5.40339
5.70786
4.38152
4.66047
4.90591
3.47629
3.66288
3.82569
2.00519
2.01723
2.02209
6.32897
6.31466
6.28714
6.34153
6.3842
6.41275
6.30685
6.44169
6.56421
6.19435
6.43452
6.65783
5.9651
6.28267
6.58464
5.593
5.94426
6.27281
5.06791
5.40339
5.70786
4.38152
4.66047
4.90591
3.47629
3.66288
3.82569
2.00519
2.01723
2.02209
6.32897
6.31466
6.28714
6.34153
6.3842
6.41275
6.30685
6.44169
6.56421
6.19435
6.43452
6.65783
5.9651
6.28267
6.58464
5.59299
5.94426
6.27281
5.06791
5.40339
5.70786
4.38152
4.66047
4.90591
3.47629
3.66288
3.82569
2.00519
2.01723
2.02209
6.32897
6.31466
6.28714
6.34153
6.3842
6.41275
6.30685
6.44169
6.56421
6.19435
6.43452
6.65783
5.9651
6.28267
6.58464
5.59299
5.94426
6.27281
5.06791
5.40339
5.70785
4.38152
4.66047
4.90591
3.47629
3.66288
3.82569
2.00519
2.01723
2.02209
6.32896
6.31466
6.28714
6.34153
6.3842
6.41275
6.30685
6.44169
6.56421
6.19435
6.43452
6.65783
5.9651
6.28267
6.58464
5.59299
5.94426
6.27281
5.06791
5.40339
5.70785
4.38152
4.66047
4.90591
3.47629
3.66288
3.82569
2.00519
2.01723
2.02209
6.32896
6.31466
6.28714
6.34153
6.3842
6.41275
6.30685
6.44169
6.56421
6.19435
6.43452
6.65783
5.9651
6.28267
6.58464
5.59299
5.94426
6.27281
5.06791
5.40339
5.70785
4.38152
4.66046
4.90591
3.47628
3.66288
3.82569
2.00519
2.01723
2.02209
6.32896
6.31466
6.28714
6.34153
6.3842
6.41275
6.30685
6.44169
6.56421
6.19435
6.43452
6.65783
5.9651
6.28267
6.58464
5.59299
5.94426
6.27281
5.06791
5.40339
5.70785
4.38152
4.66046
4.90591
3.47628
3.66288
3.82569
2.00519
2.01723
2.02209
6.32896
6.31466
6.28714
6.34153
6.3842
6.41275
6.30685
6.44169
6.56421
6.19435
6.43452
6.65783
5.9651
6.28267
6.58464
5.59299
5.94426
6.27281
5.06791
5.40339
5.70785
4.38152
4.66046
4.90591
3.47628
3.66288
3.82569
2.00519
2.01723
2.02208
6.32896
6.31466
6.28714
6.34153
6.3842
6.41274
6.30684
6.44169
6.56421
6.19434
6.43451
6.65783
5.9651
6.28267
6.58464
5.59299
5.94426
6.27281
5.06791
5.40339
5.70785
4.38152
4.66046
4.90591
3.47628
3.66288
3.82569
2.00519
2.01723
2.02208
6.32896
6.31466
6.28714
6.34153
6.3842
6.41274
6.30684
6.44169
6.56421
6.19434
6.43451
6.65783
5.9651
6.28267
6.58464
5.59299
5.94426
6.27281
5.06791
5.40339
5.70785
4.38152
4.66046
4.90591
3.47628
3.66288
3.82569
2.00519
2.01723
2.02208
6.32896
6.31466
6.28714
6.34153
6.3842
6.41274
6.30684
6.44169
6.56421
6.19434
6.43451
6.65783
5.9651
6.28267
6.58464
5.59299
5.94426
6.27281
5.06791
5.40339
5.70785
4.38152
4.66046
4.90591
3.47628
3.66288
3.82569
2.00519
2.01723
2.02208
6.32896
6.31466
6.28714
6.34153
6.3842
6.41274
6.30684
6.44169
6.56421
6.19434
6.43451
6.65783
5.9651
6.28267
6.58464
5.59299
5.94426
6.27281
5.06791
5.40339
5.70785
4.38152
4.66046
4.90591
3.47628
3.66288
3.82569
2.00519
2.01723
2.02208
6.32896
6.31466
6.28714
6.34152
6.3842
6.41274
6.30684
6.44169
6.56421
6.19434
6.43451
6.65783
5.9651
6.28267
6.58464
5.59299
5.94426
6.27281
5.0679
5.40339
5.70785
4.38152
4.66046
4.90591
3.47628
3.66288
3.82569
2.00519
2.01723
2.02208
6.32896
6.31466
6.28714
6.34152
6.3842
6.41274
6.30684
6.44169
6.56421
6.19434
6.43451
6.65783
5.9651
6.28267
6.58464
5.59299
5.94426
6.27281
5.0679
5.40339
5.70785
4.38151
4.66046
4.90591
3.47628
3.66288
3.82569
2.00519
2.01723
2.02208
6.32896
6.31466
6.28714
6.34152
6.3842
6.41274
6.30684
6.44169
6.56421
6.19434
6.43451
6.65783
5.9651
6.28267
6.58464
5.59299
5.94426
6.27281
5.0679
5.40339
5.70785
4.38151
4.66046
4.90591
3.47628
3.66288
3.82569
2.00519
2.01723
2.02208
6.32896
6.31466
6.28714
6.34152
6.3842
6.41274
6.30684
6.44169
6.56421
6.19434
6.43451
6.65783
5.9651
6.28267
6.58464
5.59299
5.94426
6.27281
5.0679
5.40339
5.70785
4.38151
4.66046
4.90591
3.47628
3.66288
3.82569
2.00519
2.01723
2.02208
6.32896
6.31466
6.28714
6.34152
6.3842
6.41274
6.30684
6.44169
6.56421
6.19434
6.43451
6.65783
5.9651
6.28267
6.58464
5.59299
5.94426
6.27281
5.0679
5.40339
5.70785
4.38151
4.66046
4.90591
3.47628
3.66288
3.82569
2.00519
2.01723
2.02208
6.32896
6.31466
6.28714
6.34152
6.3842
6.41274
6.30684
6.44169
6.56421
6.19434
6.43451
6.65783
5.9651
6.28267
6.58464
5.59299
5.94426
6.27281
5.0679
5.40339
5.70785
4.38151
4.66046
4.90591
3.47628
3.66288
3.82569
2.00519
2.01723
2.02208
6.32896
6.31466
6.28714
6.34152
6.3842
6.41274
6.30684
6.44169
6.56421
6.19434
6.43451
6.65783
5.9651
6.28267
6.58464
5.59299
5.94426
6.27281
5.0679
5.40339
5.70785
4.38151
4.66046
4.90591
3.47628
3.66288
3.82569
2.00519
2.01723
2.02208
6.32896
6.31466
6.28714
6.34152
6.3842
6.41274
6.30684
6.44169
6.56421
6.19434
6.43451
6.65783
5.9651
6.28267
6.58464
5.59299
5.94426
6.27281
5.0679
5.40339
5.70785
4.38151
4.66046
4.90591
3.47628
3.66288
3.82569
2.00519
2.01723
2.02208
6.32896
6.31466
6.28714
6.34152
6.3842
6.41274
6.30684
6.44169
6.56421
6.19434
6.43451
6.65783
5.9651
6.28267
6.58464
5.59299
5.94426
6.27281
5.0679
5.40339
5.70785
4.38151
4.66046
4.90591
3.47628
3.66288
3.82569
2.00519
2.01723
2.02208
6.32896
6.31466
6.28714
6.34152
6.3842
6.41274
6.30684
6.44169
6.56421
6.19434
6.43451
6.65783
5.9651
6.28267
6.58464
5.59299
5.94426
6.27281
5.0679
5.40339
5.70785
4.38151
4.66046
4.90591
3.47628
3.66288
3.82569
2.00519
2.01723
2.02208
6.32896
6.31466
6.28714
6.34152
6.3842
6.41274
6.30684
6.44169
6.56421
6.19434
6.43451
6.65783
5.9651
6.28267
6.58464
5.59299
5.94426
6.27281
5.0679
5.40339
5.70785
4.38151
4.66046
4.90591
3.47628
3.66288
3.82569
2.00519
2.01723
2.02208
6.32896
6.31466
6.28714
6.34152
6.3842
6.41274
6.30684
6.44169
6.56421
6.19434
6.43451
6.65783
5.9651
6.28267
6.58464
5.59299
5.94426
6.27281
5.0679
5.40339
5.70785
4.38151
4.66046
4.90591
3.47628
3.66288
3.82569
2.00519
2.01723
2.02208
6.32896
6.31466
6.28714
6.34152
6.3842
6.41274
6.30684
6.44169
6.56421
6.19434
6.43451
6.65783
5.9651
6.28267
6.58464
5.59299
5.94426
6.27281
5.06791
5.40339
5.70785
4.38152
4.66046
4.90591
3.47628
3.66288
3.82569
2.00519
2.01723
2.02208
6.32896
6.31466
6.28714
6.34153
6.3842
6.41274
6.30684
6.44169
6.56421
6.19434
6.43451
6.65783
5.9651
6.28267
6.58464
5.59299
5.94426
6.27281
5.06791
5.40339
5.70785
4.38152
4.66046
4.90591
3.47628
3.66288
3.82569
2.00519
2.01723
2.02208
6.32896
6.31466
6.28714
6.34153
6.3842
6.41274
6.30684
6.44169
6.56421
6.19435
6.43452
6.65783
5.9651
6.28267
6.58464
5.59299
5.94426
6.27281
5.06791
5.40339
5.70785
4.38152
4.66046
4.90591
3.47628
3.66288
3.82569
2.00519
2.01723
2.02208
6.32896
6.31466
6.28714
6.34153
6.3842
6.41274
6.30684
6.44169
6.56421
6.19435
6.43452
6.65783
5.9651
6.28267
6.58464
5.59299
5.94426
6.27281
5.06791
5.40339
5.70785
4.38152
4.66046
4.90591
3.47628
3.66288
3.82569
2.00519
2.01723
2.02208
6.32896
6.31466
6.28714
6.34153
6.3842
6.41274
6.30685
6.44169
6.56421
6.19435
6.43452
6.65783
5.9651
6.28267
6.58464
5.59299
5.94426
6.27281
5.06791
5.40339
5.70785
4.38152
4.66046
4.90591
3.47628
3.66288
3.82569
2.00519
2.01723
2.02208
6.32896
6.31466
6.28714
6.34153
6.3842
6.41274
6.30685
6.44169
6.56421
6.19435
6.43452
6.65783
5.9651
6.28267
6.58464
5.59299
5.94426
6.27281
5.06791
5.40339
5.70785
4.38152
4.66046
4.90591
3.47628
3.66288
3.82569
2.00519
2.01723
2.02208
6.32896
6.31466
6.28714
6.34153
6.3842
6.41275
6.30685
6.44169
6.56421
6.19435
6.43452
6.65783
5.9651
6.28267
6.58464
5.59299
5.94426
6.27281
5.06791
5.40339
5.70785
4.38152
4.66046
4.90591
3.47628
3.66288
3.82569
2.00519
2.01723
2.02208
6.32896
6.31466
6.28714
6.34153
6.3842
6.41275
6.30685
6.44169
6.56421
6.19435
6.43452
6.65783
5.9651
6.28267
6.58464
5.59299
5.94426
6.27281
5.06791
5.40339
5.70786
4.38152
4.66046
4.90591
3.47628
3.66288
3.82569
2.00519
2.01723
2.02209
6.32896
6.31466
6.28714
6.34153
6.3842
6.41275
6.30685
6.44169
6.56421
6.19435
6.43452
6.65783
5.9651
6.28267
6.58464
5.59299
5.94426
6.27281
5.06791
5.40339
5.70786
4.38152
4.66046
4.90591
3.47628
3.66288
3.82569
2.00519
2.01723
2.02209
6.32896
6.31466
6.28714
6.34153
6.3842
6.41275
6.30685
6.44169
6.56421
6.19435
6.43452
6.65783
5.9651
6.28267
6.58464
5.59299
5.94426
6.27281
5.06791
5.40339
5.70786
4.38152
4.66047
4.90591
3.47628
3.66288
3.82569
2.00519
2.01723
2.02209
6.32896
6.31466
6.28714
6.34153
6.3842
6.41275
6.30685
6.44169
6.56421
6.19435
6.43452
6.65783
5.9651
6.28267
6.58464
5.59299
5.94426
6.27281
5.06791
5.40339
5.70786
4.38152
4.66047
4.90591
3.47628
3.66288
3.82569
2.00519
2.01723
2.02209
6.32896
6.31466
6.28714
6.34153
6.3842
6.41275
6.30685
6.44169
6.56421
6.19435
6.43452
6.65783
5.9651
6.28267
6.58464
5.59299
5.94426
6.27281
5.06791
5.40339
5.70786
4.38152
4.66047
4.90591
3.47628
3.66288
3.82569
2.00519
2.01723
2.02209
6.32896
6.31466
6.28714
6.34153
6.3842
6.41275
6.30685
6.44169
6.56421
6.19435
6.43452
6.65783
5.9651
6.28267
6.58464
5.59299
5.94426
6.27281
5.06791
5.40339
5.70786
4.38152
4.66047
4.90591
3.47628
3.66288
3.82569
2.00519
2.01723
2.02209
6.32896
6.31466
6.28714
6.34153
6.3842
6.41275
6.30685
6.44169
6.56421
6.19435
6.43452
6.65783
5.9651
6.28267
6.58464
5.59299
5.94426
6.27281
5.06791
5.40339
5.70786
4.38152
4.66047
4.90591
3.47628
3.66288
3.82569
2.00519
2.01723
2.02209
6.32896
6.31466
6.28714
6.34153
6.3842
6.41275
6.30685
6.44169
6.56421
6.19435
6.43452
6.65783
5.9651
6.28267
6.58464
5.59299
5.94426
6.27281
5.06791
5.40339
5.70786
4.38152
4.66047
4.90591
3.47629
3.66288
3.82569
2.00519
2.01723
2.02209
6.32897
6.31466
6.28714
6.34153
6.3842
6.41275
6.30685
6.44169
6.56421
6.19435
6.43452
6.65783
5.9651
6.28267
6.58464
5.59299
5.94426
6.27281
5.06791
5.40339
5.70786
4.38152
4.66047
4.90591
3.47629
3.66288
3.82569
2.00519
2.01723
2.02209
6.32897
6.31466
6.28714
6.34153
6.3842
6.41275
6.30685
6.44169
6.56421
6.19435
6.43452
6.65783
5.9651
6.28267
6.58464
5.59299
5.94426
6.27281
5.06791
5.40339
5.70786
4.38152
4.66047
4.90591
3.47629
3.66288
3.82569
2.00519
2.01723
2.02209
6.32897
6.31466
6.28714
6.34153
6.3842
6.41275
6.30685
6.44169
6.56421
6.19435
6.43452
6.65783
5.9651
6.28267
6.58464
5.59299
5.94426
6.27281
5.06791
5.40339
5.70786
4.38152
4.66047
4.90591
3.47628
3.66288
3.82569
2.00519
2.01723
2.02209
6.32897
6.31466
6.28714
6.34153
6.3842
6.41275
6.30685
6.44169
6.56421
6.19435
6.43452
6.65783
5.9651
6.28267
6.58464
5.59299
5.94426
6.27281
5.06791
5.40339
5.70786
4.38152
4.66047
4.90591
3.47628
3.66288
3.82569
2.00519
2.01723
2.02209
6.32897
6.31466
6.28714
6.34153
6.3842
6.41275
6.30685
6.44169
6.56421
6.19435
6.43452
6.65783
5.9651
6.28267
6.58464
5.59299
5.94426
6.27281
5.06791
5.40339
5.70786
4.38152
4.66047
4.90591
3.47628
3.66288
3.82569
2.00519
2.01723
2.02209
6.32897
6.31466
6.28714
6.34153
6.3842
6.41275
6.30685
6.44169
6.56421
6.19435
6.43452
6.65783
5.9651
6.28267
6.58464
5.59299
5.94426
6.27281
5.06791
5.40339
5.70786
4.38152
4.66047
4.90591
3.47628
3.66288
3.82569
2.00519
2.01723
2.02209
6.32897
6.31466
6.28714
6.34153
6.3842
6.41275
6.30685
6.44169
6.56421
6.19435
6.43452
6.65783
5.9651
6.28267
6.58464
5.59299
5.94426
6.27281
5.06791
5.40339
5.70786
4.38152
4.66047
4.90591
3.47628
3.66288
3.82569
2.00519
2.01723
2.02209
6.32897
6.31466
6.28714
6.34153
6.3842
6.41275
6.30685
6.44169
6.56421
6.19435
6.43452
6.65783
5.9651
6.28267
6.58464
5.59299
5.94426
6.27281
5.06791
5.40339
5.70786
4.38152
4.66046
4.90591
3.47628
3.66288
3.82569
2.00519
2.01723
2.02209
6.32897
6.31466
6.28714
6.34153
6.3842
6.41275
6.30685
6.44169
6.56421
6.19435
6.43452
6.65783
5.9651
6.28267
6.58464
5.59299
5.94426
6.27281
5.06791
5.40339
5.70786
4.38152
4.66046
4.90591
3.47628
3.66288
3.82569
2.00519
2.01723
2.02209
6.32897
6.31466
6.28714
6.34153
6.3842
6.41275
6.30685
6.44169
6.56421
6.19435
6.43452
6.65783
5.9651
6.28267
6.58464
5.59299
5.94426
6.27281
5.06791
5.40339
5.70786
4.38152
4.66046
4.90591
3.47628
3.66288
3.82569
2.00519
2.01723
2.02209
6.32896
6.31466
6.28714
6.34153
6.3842
6.41275
6.30685
6.44169
6.56421
6.19435
6.43452
6.65783
5.9651
6.28267
6.58464
5.59299
5.94426
6.27281
5.06791
5.40339
5.70786
4.38152
4.66046
4.90591
3.47628
3.66288
3.82569
2.00519
2.01723
2.02209
6.32896
6.31466
6.28714
6.34153
6.3842
6.41275
6.30685
6.44169
6.56421
6.19435
6.43452
6.65783
5.9651
6.28267
6.58464
5.59299
5.94426
6.27281
5.06791
5.40339
5.70786
4.38152
4.66046
4.90591
3.47628
3.66288
3.82569
2.00519
2.01723
2.02209
6.32896
6.31466
6.28714
6.34153
6.3842
6.41275
6.30685
6.44169
6.56421
6.19435
6.43452
6.65783
5.9651
6.28267
6.58464
5.59299
5.94426
6.27281
5.06791
5.40339
5.70786
4.38152
4.66046
4.90591
3.47628
3.66288
3.82569
2.00519
2.01723
2.02209
6.32896
6.31466
6.28714
6.34153
6.3842
6.41275
6.30685
6.44169
6.56421
6.19435
6.43452
6.65783
5.9651
6.28267
6.58464
5.59299
5.94426
6.27281
5.06791
5.40339
5.70785
4.38152
4.66046
4.90591
3.47628
3.66288
3.82569
2.00519
2.01723
2.02209
6.32896
6.31466
6.28714
6.34153
6.3842
6.41275
6.30685
6.44169
6.56421
6.19435
6.43452
6.65783
5.9651
6.28267
6.58464
5.59299
5.94426
6.27281
5.06791
5.40339
5.70785
4.38152
4.66046
4.90591
3.47628
3.66288
3.82569
2.00519
2.01723
2.02209
6.32896
6.31466
6.28714
6.34153
6.3842
6.41275
6.30685
6.44169
6.56421
6.19435
6.43452
6.65783
5.9651
6.28267
6.58464
5.59299
5.94426
6.27281
5.06791
5.40339
5.70785
4.38152
4.66046
4.90591
3.47628
3.66288
3.82569
2.00519
2.01723
2.02208
6.32896
6.31466
6.28714
6.34153
6.3842
6.41275
6.30685
6.44169
6.56421
6.19435
6.43452
6.65783
5.9651
6.28267
6.58464
5.59299
5.94426
6.27281
5.06791
5.40339
5.70785
4.38152
4.66046
4.90591
3.47628
3.66288
3.82569
2.00519
2.01723
2.02208
6.32896
6.31466
6.28714
6.34153
6.3842
6.41275
6.30685
6.44169
6.56421
6.19435
6.43452
6.65783
5.9651
6.28267
6.58464
5.59299
5.94426
6.27281
5.06791
5.40339
5.70785
4.38152
4.66046
4.90591
3.47628
3.66288
3.82569
2.00519
2.01723
2.02208
6.32896
6.31466
6.28714
6.34153
6.3842
6.41275
6.30685
6.44169
6.56421
6.19435
6.43452
6.65783
5.9651
6.28267
6.58464
5.59299
5.94426
6.27281
5.06791
5.40339
5.70785
4.38152
4.66046
4.90591
3.47628
3.66288
3.82569
2.00519
2.01723
2.02208
6.32896
6.31466
6.28714
6.34153
6.3842
6.41275
6.30685
6.44169
6.56421
6.19435
6.43452
6.65783
5.9651
6.28267
6.58464
5.59299
5.94426
6.27281
5.06791
5.40339
5.70785
4.38151
4.66046
4.90591
3.47628
3.66288
3.82569
2.00519
2.01723
2.02208
6.32896
6.31466
6.28714
6.34153
6.3842
6.41275
6.30685
6.44169
6.56421
6.19435
6.43452
6.65783
5.9651
6.28267
6.58464
5.59299
5.94426
6.27281
5.0679
5.40339
5.70785
4.38151
4.66046
4.90591
3.47628
3.66288
3.82569
2.00519
2.01723
2.02208
6.32896
6.31466
6.28714
6.34153
6.3842
6.41275
6.30684
6.44169
6.56421
6.19434
6.43452
6.65783
5.9651
6.28267
6.58464
5.59299
5.94426
6.27281
5.0679
5.40339
5.70785
4.38151
4.66046
4.90591
3.47628
3.66288
3.82569
2.00519
2.01723
2.02208
6.32896
6.31466
6.28714
6.34153
6.3842
6.41275
6.30684
6.44169
6.56421
6.19434
6.43452
6.65783
5.9651
6.28267
6.58464
5.59299
5.94426
6.27281
5.0679
5.40339
5.70785
4.38151
4.66046
4.90591
3.47628
3.66288
3.82569
2.00519
2.01723
2.02208
6.32896
6.31466
6.28714
6.34153
6.3842
6.41274
6.30684
6.44169
6.56421
6.19434
6.43451
6.65783
5.9651
6.28267
6.58464
5.59299
5.94426
6.27281
5.0679
5.40339
5.70785
4.38151
4.66046
4.90591
3.47628
3.66288
3.82569
2.00519
2.01723
2.02208
6.32896
6.31466
6.28714
6.34153
6.3842
6.41274
6.30684
6.44169
6.56421
6.19434
6.43451
6.65783
5.9651
6.28267
6.58464
5.59299
5.94426
6.27281
5.0679
5.40339
5.70785
4.38151
4.66046
4.90591
3.47628
3.66288
3.82569
2.00519
2.01723
2.02208
6.32896
6.31466
6.28714
6.34153
6.3842
6.41274
6.30684
6.44169
6.56421
6.19434
6.43451
6.65783
5.9651
6.28267
6.58464
5.59299
5.94426
6.27281
5.0679
5.40339
5.70785
4.38151
4.66046
4.90591
3.47628
3.66288
3.82569
2.00519
2.01723
2.02208
6.32896
6.31466
6.28714
6.34152
6.3842
6.41274
6.30684
6.44169
6.56421
6.19434
6.43451
6.65783
5.9651
6.28267
6.58464
5.59299
5.94426
6.27281
5.0679
5.40339
5.70785
4.38151
4.66046
4.90591
3.47628
3.66287
3.82569
2.00519
2.01723
2.02208
6.32896
6.31466
6.28714
6.34152
6.3842
6.41274
6.30684
6.44169
6.56421
6.19434
6.43451
6.65783
5.9651
6.28267
6.58464
5.59299
5.94426
6.27281
5.0679
5.40339
5.70785
4.38151
4.66046
4.90591
3.47628
3.66287
3.82569
2.00519
2.01723
2.02208
6.32896
6.31466
6.28714
6.34152
6.3842
6.41274
6.30684
6.44169
6.56421
6.19434
6.43451
6.65783
5.9651
6.28267
6.58464
5.59299
5.94426
6.27281
5.0679
5.40339
5.70785
4.38151
4.66046
4.90591
3.47628
3.66287
3.82569
2.00519
2.01723
2.02208
6.32896
6.31466
6.28714
6.34152
6.3842
6.41274
6.30684
6.44169
6.56421
6.19434
6.43451
6.65783
5.9651
6.28267
6.58464
5.59299
5.94426
6.27281
5.0679
5.40339
5.70785
4.38151
4.66046
4.90591
3.47628
3.66287
3.82569
2.00519
2.01723
2.02208
6.32896
6.31466
6.28714
6.34152
6.3842
6.41274
6.30684
6.44169
6.56421
6.19434
6.43451
6.65783
5.9651
6.28267
6.58464
5.59299
5.94426
6.27281
5.0679
5.40339
5.70785
4.38151
4.66046
4.90591
3.47628
3.66287
3.82569
2.00519
2.01723
2.02208
6.32896
6.31466
6.28714
6.34152
6.3842
6.41274
6.30684
6.44169
6.56421
6.19434
6.43451
6.65783
5.9651
6.28267
6.58464
5.59299
5.94426
6.27281
5.0679
5.40339
5.70785
4.38151
4.66046
4.90591
3.47628
3.66287
3.82569
2.00519
2.01723
2.02208
6.32896
6.31466
6.28714
6.34152
6.3842
6.41274
6.30684
6.44169
6.56421
6.19434
6.43451
6.65783
5.9651
6.28267
6.58464
5.59299
5.94426
6.27281
5.0679
5.40339
5.70785
4.38151
4.66046
4.90591
3.47628
3.66287
3.82569
2.00519
2.01723
2.02208
6.32896
6.31466
6.28714
6.34152
6.3842
6.41274
6.30684
6.44169
6.56421
6.19434
6.43451
6.65783
5.9651
6.28267
6.58464
5.59299
5.94426
6.27281
5.0679
5.40339
5.70785
4.38151
4.66046
4.90591
3.47628
3.66287
3.82569
2.00519
2.01723
2.02208
6.32896
6.31466
6.28714
6.34152
6.3842
6.41274
6.30684
6.44169
6.56421
6.19434
6.43451
6.65783
5.9651
6.28267
6.58464
5.59299
5.94426
6.27281
5.0679
5.40339
5.70785
4.38151
4.66046
4.90591
3.47628
3.66287
3.82569
2.00519
2.01723
2.02208
6.32896
6.31466
6.28714
6.34152
6.3842
6.41274
6.30684
6.44169
6.56421
6.19434
6.43451
6.65783
5.9651
6.28267
6.58464
5.59299
5.94426
6.27281
5.0679
5.40339
5.70785
4.38151
4.66046
4.90591
3.47628
3.66287
3.82569
2.00519
2.01723
2.02208
6.32896
6.31466
6.28714
6.34152
6.3842
6.41274
6.30684
6.44169
6.56421
6.19434
6.43451
6.65783
5.9651
6.28267
6.58464
5.59299
5.94426
6.27281
5.0679
5.40339
5.70785
4.38151
4.66046
4.90591
3.47628
3.66287
3.82569
2.00519
2.01723
2.02208
6.32896
6.31466
6.28714
6.34152
6.3842
6.41274
6.30684
6.44169
6.56421
6.19434
6.43451
6.65783
5.9651
6.28267
6.58464
5.59299
5.94426
6.27281
5.0679
5.40339
5.70785
4.38151
4.66046
4.90591
3.47628
3.66287
3.82569
2.00519
2.01723
2.02208
6.32896
6.31466
6.28714
6.34152
6.38419
6.41274
6.30684
6.44169
6.56421
6.19434
6.43451
6.65783
5.9651
6.28267
6.58464
5.59299
5.94426
6.27281
5.0679
5.40339
5.70785
4.38151
4.66046
4.90591
3.47628
3.66287
3.82569
2.00519
2.01723
2.02208
6.32896
6.31466
6.28714
6.34152
6.38419
6.41274
6.30684
6.44169
6.56421
6.19434
6.43451
6.65783
5.9651
6.28267
6.58464
5.59299
5.94426
6.27281
5.0679
5.40339
5.70785
4.38151
4.66046
4.90591
3.47628
3.66287
3.82569
2.00519
2.01723
2.02208
6.32896
6.31466
6.28714
6.34152
6.38419
6.41274
6.30684
6.44169
6.56421
6.19434
6.43451
6.65783
5.9651
6.28267
6.58464
5.59299
5.94426
6.27281
5.0679
5.40339
5.70785
4.38151
4.66046
4.90591
3.47628
3.66287
3.82569
2.00519
2.01723
2.02208
6.32896
6.31466
6.28713
6.34152
6.38419
6.41274
6.30684
6.44169
6.56421
6.19434
6.43451
6.65783
5.9651
6.28267
6.58464
5.59299
5.94426
6.27281
5.0679
5.40339
5.70785
4.38151
4.66046
4.90591
3.47628
3.66287
3.82569
2.00519
2.01723
2.02208
6.32896
6.31466
6.28713
6.34152
6.38419
6.41274
6.30684
6.44169
6.56421
6.19434
6.43451
6.65783
5.9651
6.28267
6.58464
5.59299
5.94426
6.27281
5.0679
5.40339
5.70785
4.38151
4.66046
4.90591
3.47628
3.66287
3.82569
2.00519
2.01723
2.02208
6.32896
6.31466
6.28713
6.34152
6.38419
6.41274
6.30684
6.44169
6.56421
6.19434
6.43451
6.65783
5.9651
6.28267
6.58464
5.59299
5.94426
6.27281
5.0679
5.40339
5.70785
4.38151
4.66046
4.90591
3.47628
3.66287
3.82569
2.00519
2.01723
2.02208
6.32896
6.31466
6.28713
6.34152
6.38419
6.41274
6.30684
6.44169
6.56421
6.19434
6.43451
6.65783
5.9651
6.28267
6.58464
5.59299
5.94426
6.27281
5.0679
5.40339
5.70785
4.38151
4.66046
4.90591
3.47628
3.66287
3.82569
2.00519
2.01723
2.02208
6.32896
6.31466
6.28713
6.34152
6.38419
6.41274
6.30684
6.44169
6.56421
6.19434
6.43451
6.65783
5.9651
6.28267
6.58464
5.59299
5.94426
6.27281
5.0679
5.40339
5.70785
4.38151
4.66046
4.90591
3.47628
3.66287
3.82569
2.00519
2.01723
2.02208
6.32896
6.31466
6.28713
6.34152
6.38419
6.41274
6.30684
6.44169
6.56421
6.19434
6.43451
6.65783
5.9651
6.28267
6.58464
5.59299
5.94426
6.27281
5.0679
5.40339
5.70785
4.38151
4.66046
4.90591
3.47628
3.66287
3.82569
2.00519
2.01723
2.02208
6.32896
6.31466
6.28713
6.34152
6.38419
6.41274
6.30684
6.44169
6.56421
6.19434
6.43451
6.65783
5.9651
6.28267
6.58464
5.59299
5.94426
6.27281
5.0679
5.40339
5.70785
4.38151
4.66046
4.90591
3.47628
3.66287
3.82569
2.00519
2.01723
2.02208
6.32896
6.31466
6.28713
6.34152
6.38419
6.41274
6.30684
6.44169
6.56421
6.19434
6.43451
6.65783
5.9651
6.28267
6.58464
5.59299
5.94426
6.27281
5.0679
5.40339
5.70785
4.38151
4.66046
4.90591
3.47628
3.66287
3.82569
2.00519
2.01723
2.02208
6.32896
6.31466
6.28713
6.34152
6.38419
6.41274
6.30684
6.44169
6.56421
6.19434
6.43451
6.65783
5.9651
6.28267
6.58464
5.59299
5.94426
6.27281
5.0679
5.40339
5.70785
4.38151
4.66046
4.90591
3.47628
3.66287
3.82569
2.00519
2.01723
2.02208
6.32896
6.31466
6.28713
6.34152
6.38419
6.41274
6.30684
6.44169
6.56421
6.19434
6.43451
6.65783
5.9651
6.28267
6.58464
5.59299
5.94426
6.27281
5.0679
5.40339
5.70785
4.38151
4.66046
4.90591
3.47628
3.66288
3.82569
2.00519
2.01723
2.02208
6.32896
6.31466
6.28714
6.34152
6.3842
6.41274
6.30684
6.44169
6.56421
6.19434
6.43451
6.65783
5.9651
6.28267
6.58464
5.59299
5.94426
6.27281
5.0679
5.40339
5.70785
4.38151
4.66046
4.90591
3.47628
3.66288
3.82569
2.00519
2.01723
2.02208
6.32896
6.31466
6.28714
6.34152
6.3842
6.41274
6.30684
6.44169
6.56421
6.19434
6.43451
6.65783
5.9651
6.28267
6.58464
5.59299
5.94426
6.27281
5.0679
5.40339
5.70785
4.38151
4.66046
4.90591
3.47628
3.66288
3.82569
2.00519
2.01723
2.02208
6.32896
6.31466
6.28714
6.34152
6.3842
6.41274
6.30684
6.44169
6.56421
6.19434
6.43451
6.65783
5.9651
6.28267
6.58464
5.59299
5.94426
6.27281
5.06791
5.40339
5.70785
4.38151
4.66046
4.90591
3.47628
3.66288
3.82569
2.00519
2.01723
2.02208
6.32896
6.31466
6.28714
6.34152
6.3842
6.41274
6.30684
6.44169
6.56421
6.19435
6.43452
6.65783
5.9651
6.28267
6.58464
5.59299
5.94426
6.27281
5.06791
5.40339
5.70785
4.38152
4.66046
4.90591
3.47628
3.66288
3.82569
2.00519
2.01723
2.02208
6.32896
6.31466
6.28714
6.34152
6.3842
6.41274
6.30684
6.44169
6.56421
6.19435
6.43452
6.65783
5.9651
6.28267
6.58464
5.59299
5.94426
6.27281
5.06791
5.40339
5.70785
4.38152
4.66046
4.90591
3.47628
3.66288
3.82569
2.00519
2.01723
2.02208
6.32896
6.31466
6.28714
6.34153
6.3842
6.41274
6.30685
6.44169
6.56421
6.19435
6.43452
6.65783
5.9651
6.28267
6.58464
5.59299
5.94426
6.27281
5.06791
5.40339
5.70785
4.38152
4.66046
4.90591
3.47628
3.66288
3.82569
2.00519
2.01723
2.02208
6.32896
6.31466
6.28714
6.34153
6.3842
6.41274
6.30685
6.44169
6.56421
6.19435
6.43452
6.65783
5.9651
6.28267
6.58464
5.59299
5.94426
6.27281
5.06791
5.40339
5.70785
4.38152
4.66046
4.90591
3.47628
3.66288
3.82569
2.00519
2.01723
2.02208
6.32896
6.31466
6.28714
6.34153
6.3842
6.41274
6.30685
6.44169
6.56421
6.19435
6.43452
6.65783
5.9651
6.28267
6.58464
5.59299
5.94426
6.27281
5.06791
5.40339
5.70785
4.38152
4.66046
4.90591
3.47628
3.66288
3.82569
2.00519
2.01723
2.02208
6.32896
6.31466
6.28714
6.34153
6.3842
6.41274
6.30685
6.44169
6.56421
6.19435
6.43452
6.65783
5.9651
6.28267
6.58464
5.59299
5.94426
6.27281
5.06791
5.40339
5.70786
4.38152
4.66046
4.90591
3.47628
3.66288
3.82569
2.00519
2.01723
2.02208
6.32896
6.31466
6.28714
6.34153
6.3842
6.41274
6.30685
6.44169
6.56421
6.19435
6.43452
6.65783
5.9651
6.28267
6.58464
5.59299
5.94426
6.27281
5.06791
5.40339
5.70786
4.38152
4.66046
4.90591
3.47628
3.66288
3.82569
2.00519
2.01723
2.02208
6.32896
6.31466
6.28714
6.34153
6.3842
6.41275
6.30685
6.44169
6.56421
6.19435
6.43452
6.65783
5.9651
6.28267
6.58464
5.593
5.94426
6.27281
5.06791
5.40339
5.70786
4.38152
4.66047
4.90591
3.47628
3.66288
3.82569
2.00519
2.01723
2.02209
6.32896
6.31466
6.28714
6.34153
6.3842
6.41275
6.30685
6.44169
6.56421
6.19435
6.43452
6.65783
5.9651
6.28267
6.58464
5.593
5.94426
6.27281
5.06791
5.40339
5.70786
4.38152
4.66047
4.90591
3.47629
3.66288
3.82569
2.00519
2.01723
2.02209
6.32896
6.31466
6.28714
6.34153
6.3842
6.41275
6.30685
6.44169
6.56421
6.19435
6.43452
6.65783
5.9651
6.28267
6.58464
5.593
5.94426
6.27281
5.06791
5.40339
5.70786
4.38152
4.66047
4.90591
3.47629
3.66288
3.82569
2.00519
2.01723
2.02209
6.32896
6.31466
6.28714
6.34153
6.3842
6.41275
6.30685
6.44169
6.56421
6.19435
6.43452
6.65783
5.96511
6.28267
6.58464
5.593
5.94426
6.27281
5.06791
5.40339
5.70786
4.38152
4.66047
4.90591
3.47629
3.66288
3.82569
2.00519
2.01723
2.02209
6.32896
6.31466
6.28714
6.34153
6.3842
6.41275
6.30685
6.44169
6.56421
6.19435
6.43452
6.65783
5.96511
6.28267
6.58464
5.593
5.94427
6.27281
5.06791
5.40339
5.70786
4.38152
4.66047
4.90591
3.47629
3.66288
3.82569
2.00519
2.01723
2.02209
6.32897
6.31466
6.28714
6.34153
6.3842
6.41275
6.30685
6.44169
6.56422
6.19435
6.43452
6.65783
5.96511
6.28267
6.58464
5.593
5.94427
6.27281
5.06791
5.4034
5.70786
4.38152
4.66047
4.90591
3.47629
3.66288
3.82569
2.00519
2.01723
2.02209
6.32897
6.31466
6.28714
6.34153
6.3842
6.41275
6.30685
6.4417
6.56422
6.19435
6.43452
6.65783
5.96511
6.28268
6.58464
5.593
5.94427
6.27281
5.06791
5.4034
5.70786
4.38152
4.66047
4.90591
3.47629
3.66288
3.82569
2.00519
2.01723
2.02209
6.32897
6.31466
6.28714
6.34153
6.3842
6.41275
6.30685
6.4417
6.56422
6.19436
6.43452
6.65783
5.96511
6.28268
6.58464
5.593
5.94427
6.27281
5.06791
5.4034
5.70786
4.38152
4.66047
4.90591
3.47629
3.66288
3.82569
2.00519
2.01723
2.02209
6.32897
6.31466
6.28714
6.34153
6.3842
6.41275
6.30685
6.4417
6.56422
6.19436
6.43452
6.65783
5.96511
6.28268
6.58464
5.593
5.94427
6.27281
5.06792
5.4034
5.70786
4.38152
4.66047
4.90591
3.47629
3.66288
3.82569
2.00519
2.01723
2.02209
6.32897
6.31466
6.28714
6.34153
6.3842
6.41275
6.30685
6.4417
6.56422
6.19436
6.43452
6.65783
5.96511
6.28268
6.58464
5.593
5.94427
6.27281
5.06792
5.4034
5.70786
4.38152
4.66047
4.90591
3.47629
3.66288
3.82569
2.00519
2.01723
2.02209
6.32897
6.31466
6.28714
6.34153
6.3842
6.41275
6.30686
6.4417
6.56422
6.19436
6.43452
6.65783
5.96511
6.28268
6.58464
5.593
5.94427
6.27282
5.06792
5.4034
5.70786
4.38153
4.66047
4.90591
3.47629
3.66288
3.82569
2.00519
2.01723
2.02209
6.32897
6.31466
6.28714
6.34153
6.3842
6.41275
6.30686
6.4417
6.56422
6.19436
6.43452
6.65783
5.96511
6.28268
6.58464
5.59301
5.94427
6.27282
5.06792
5.4034
5.70786
4.38153
4.66047
4.90591
3.47629
3.66288
3.82569
2.00519
2.01723
2.02209
6.32897
6.31467
6.28714
6.34154
6.3842
6.41275
6.30686
6.4417
6.56422
6.19436
6.43453
6.65784
5.96511
6.28268
6.58465
5.59301
5.94427
6.27282
5.06792
5.4034
5.70786
4.38153
4.66047
4.90591
3.47629
3.66288
3.82569
2.00519
2.01723
2.02209
6.32897
6.31467
6.28714
6.34154
6.3842
6.41275
6.30686
6.4417
6.56422
6.19436
6.43453
6.65784
5.96511
6.28268
6.58465
5.59301
5.94427
6.27282
5.06792
5.4034
5.70786
4.38153
4.66047
4.90591
3.47629
3.66288
3.8257
2.00519
2.01723
2.02209
6.32897
6.31467
6.28714
6.34154
6.38421
6.41275
6.30686
6.4417
6.56422
6.19436
6.43453
6.65784
5.96512
6.28268
6.58465
5.59301
5.94427
6.27282
5.06792
5.4034
5.70786
4.38153
4.66047
4.90591
3.47629
3.66288
3.8257
2.00519
2.01723
2.02209
6.32897
6.31467
6.28714
6.34154
6.38421
6.41275
6.30686
6.4417
6.56422
6.19436
6.43453
6.65784
5.96512
6.28268
6.58465
5.59301
5.94427
6.27282
5.06792
5.4034
5.70786
4.38153
4.66047
4.90591
3.47629
3.66288
3.8257
2.00519
2.01723
2.02209
6.32897
6.31467
6.28715
6.34154
6.38421
6.41275
6.30686
6.4417
6.56422
6.19436
6.43453
6.65784
5.96512
6.28268
6.58465
5.59301
5.94427
6.27282
5.06792
5.4034
5.70786
4.38153
4.66047
4.90591
3.47629
3.66288
3.8257
2.00519
2.01723
2.02209
6.32897
6.31467
6.28715
6.34154
6.38421
6.41275
6.30686
6.4417
6.56422
6.19436
6.43453
6.65784
5.96512
6.28268
6.58465
5.59301
5.94427
6.27282
5.06792
5.4034
5.70786
4.38153
4.66047
4.90591
3.47629
3.66288
3.8257
2.00519
2.01723
2.02209
6.32897
6.31467
6.28715
6.34154
6.38421
6.41275
6.30686
6.4417
6.56422
6.19437
6.43453
6.65784
5.96512
6.28268
6.58465
5.59301
5.94427
6.27282
5.06792
5.4034
5.70786
4.38153
4.66047
4.90592
3.47629
3.66288
3.8257
2.00519
2.01723
2.02209
6.32897
6.31467
6.28715
6.34154
6.38421
6.41276
6.30686
6.4417
6.56422
6.19437
6.43453
6.65784
5.96512
6.28268
6.58465
5.59301
5.94427
6.27282
5.06793
5.4034
5.70786
4.38153
4.66047
4.90592
3.47629
3.66288
3.8257
2.00519
2.01723
2.02209
6.32898
6.31467
6.28715
6.34154
6.38421
6.41276
6.30686
6.4417
6.56422
6.19437
6.43453
6.65784
5.96512
6.28268
6.58465
5.59301
5.94428
6.27282
5.06793
5.4034
5.70786
4.38153
4.66047
4.90592
3.4763
3.66288
3.8257
2.00519
2.01723
2.02209
6.32898
6.31467
6.28715
6.34154
6.38421
6.41276
6.30686
6.44171
6.56422
6.19437
6.43453
6.65784
5.96512
6.28269
6.58465
5.59301
5.94428
6.27282
5.06793
5.4034
5.70787
4.38153
4.66047
4.90592
3.4763
3.66288
3.8257
2.00519
2.01723
2.02209
6.32898
6.31467
6.28715
6.34154
6.38421
6.41276
6.30687
6.44171
6.56422
6.19437
6.43453
6.65784
5.96512
6.28269
6.58465
5.59301
5.94428
6.27282
5.06793
5.4034
5.70787
4.38153
4.66048
4.90592
3.4763
3.66288
3.8257
2.00519
2.01723
2.02209
6.32898
6.31467
6.28715
6.34154
6.38421
6.41276
6.30687
6.44171
6.56423
6.19437
6.43453
6.65784
5.96512
6.28269
6.58465
5.59302
5.94428
6.27282
5.06793
5.40341
5.70787
4.38153
4.66048
4.90592
3.4763
3.66288
3.8257
2.00519
2.01723
2.02209
6.32898
6.31467
6.28715
6.34154
6.38421
6.41276
6.30687
6.44171
6.56423
6.19437
6.43453
6.65784
5.96512
6.28269
6.58465
5.59302
5.94428
6.27282
5.06793
5.40341
5.70787
4.38153
4.66048
4.90592
3.4763
3.66289
3.8257
2.00519
2.01723
2.02209
6.32898
6.31467
6.28715
6.34154
6.38421
6.41276
6.30687
6.44171
6.56423
6.19437
6.43453
6.65784
5.96512
6.28269
6.58465
5.59302
5.94428
6.27282
5.06793
5.40341
5.70787
4.38154
4.66048
4.90592
3.4763
3.66289
3.8257
2.00519
2.01723
2.02209
6.32898
6.31467
6.28715
6.34155
6.38421
6.41276
6.30687
6.44171
6.56423
6.19437
6.43453
6.65784
5.96513
6.28269
6.58465
5.59302
5.94428
6.27282
5.06793
5.40341
5.70787
4.38154
4.66048
4.90592
3.4763
3.66289
3.8257
2.00519
2.01723
2.02209
6.32898
6.31467
6.28715
6.34155
6.38421
6.41276
6.30687
6.44171
6.56423
6.19437
6.43453
6.65784
5.96513
6.28269
6.58465
5.59302
5.94428
6.27282
5.06793
5.40341
5.70787
4.38154
4.66048
4.90592
3.4763
3.66289
3.8257
2.00519
2.01723
2.02209
6.32898
6.31467
6.28715
6.34155
6.38421
6.41276
6.30687
6.44171
6.56423
6.19437
6.43454
6.65784
5.96513
6.28269
6.58465
5.59302
5.94428
6.27282
5.06793
5.40341
5.70787
4.38154
4.66048
4.90592
3.4763
3.66289
3.8257
2.00519
2.01723
2.02209
6.32898
6.31468
6.28715
6.34155
6.38421
6.41276
6.30687
6.44171
6.56423
6.19437
6.43454
6.65784
5.96513
6.28269
6.58465
5.59302
5.94428
6.27282
5.06793
5.40341
5.70787
4.38154
4.66048
4.90592
3.4763
3.66289
3.8257
2.00519
2.01723
2.02209
6.32898
6.31468
6.28715
6.34155
6.38421
6.41276
6.30687
6.44171
6.56423
6.19437
6.43454
6.65784
5.96513
6.28269
6.58465
5.59302
5.94428
6.27282
5.06793
5.40341
5.70787
4.38154
4.66048
4.90592
3.4763
3.66289
3.8257
2.00519
2.01723
2.02209
6.32898
6.31468
6.28715
6.34155
6.38422
6.41276
6.30687
6.44171
6.56423
6.19437
6.43454
6.65784
5.96513
6.28269
6.58465
5.59302
5.94428
6.27283
5.06793
5.40341
5.70787
4.38154
4.66048
4.90592
3.4763
3.66289
3.8257
2.00519
2.01723
2.02209
6.32898
6.31468
6.28715
6.34155
6.38422
6.41276
6.30687
6.44171
6.56423
6.19437
6.43454
6.65785
5.96513
6.28269
6.58465
5.59302
5.94428
6.27283
5.06793
5.40341
5.70787
4.38154
4.66048
4.90592
3.4763
3.66289
3.8257
2.00519
2.01723
2.02209
6.32898
6.31468
6.28715
6.34155
6.38422
6.41276
6.30687
6.44171
6.56423
6.19437
6.43454
6.65785
5.96513
6.28269
6.58465
5.59302
5.94428
6.27283
5.06793
5.40341
5.70787
4.38154
4.66048
4.90592
3.4763
3.66289
3.8257
2.00519
2.01723
2.02209
6.32898
6.31468
6.28715
6.34155
6.38422
6.41276
6.30687
6.44171
6.56423
6.19437
6.43454
6.65785
5.96513
6.28269
6.58466
5.59302
5.94428
6.27283
5.06793
5.40341
5.70787
4.38154
4.66048
4.90592
3.4763
3.66289
3.8257
2.00519
2.01723
2.02209
6.32898
6.31468
6.28715
6.34155
6.38422
6.41276
6.30687
6.44171
6.56423
6.19438
6.43454
6.65785
5.96513
6.28269
6.58466
5.59302
5.94428
6.27283
5.06793
5.40341
5.70787
4.38154
4.66048
4.90592
3.4763
3.66289
3.8257
2.00519
2.01723
2.02209
6.32898
6.31468
6.28715
6.34155
6.38422
6.41276
6.30687
6.44171
6.56423
6.19438
6.43454
6.65785
5.96513
6.28269
6.58466
5.59302
5.94428
6.27283
5.06793
5.40341
5.70787
4.38154
4.66048
4.90592
3.4763
3.66289
3.8257
2.00519
2.01723
2.02209
6.32898
6.31468
6.28716
6.34155
6.38422
6.41276
6.30687
6.44171
6.56423
6.19438
6.43454
6.65785
5.96513
6.28269
6.58466
5.59302
5.94428
6.27283
5.06793
5.40341
5.70787
4.38154
4.66048
4.90592
3.4763
3.66289
3.8257
2.00519
2.01723
2.02209
6.32898
6.31468
6.28716
6.34155
6.38422
6.41276
6.30687
6.44171
6.56423
6.19438
6.43454
6.65785
5.96513
6.28269
6.58466
5.59302
5.94428
6.27283
5.06793
5.40341
5.70787
4.38154
4.66048
4.90592
3.4763
3.66289
3.8257
2.00519
2.01723
2.02209
6.32898
6.31468
6.28716
6.34155
6.38422
6.41276
6.30687
6.44171
6.56423
6.19438
6.43454
6.65785
5.96513
6.28269
6.58466
5.59302
5.94428
6.27283
5.06793
5.40341
5.70787
4.38154
4.66048
4.90592
3.4763
3.66289
3.8257
2.00519
2.01723
2.02209
6.32898
6.31468
6.28716
6.34155
6.38422
6.41276
6.30687
6.44171
6.56423
6.19438
6.43454
6.65785
5.96513
6.28269
6.58466
5.59302
5.94428
6.27283
5.06793
5.40341
5.70787
4.38154
4.66048
4.90592
3.4763
3.66289
3.8257
2.00519
2.01723
2.02209
6.32898
6.31468
6.28716
6.34155
6.38422
6.41276
6.30687
6.44171
6.56423
6.19438
6.43454
6.65785
5.96513
6.28269
6.58466
5.59302
5.94428
6.27283
5.06793
5.40341
5.70787
4.38154
4.66048
4.90592
3.4763
3.66289
3.8257
2.00519
2.01723
2.02209
6.32899
6.31468
6.28716
6.34155
6.38422
6.41276
6.30687
6.44171
6.56423
6.19438
6.43454
6.65785
5.96513
6.28269
6.58466
5.59302
5.94428
6.27283
5.06794
5.40341
5.70787
4.38154
4.66048
4.90592
3.4763
3.66289
3.8257
2.0052
2.01723
2.02209
6.32899
6.31468
6.28716
6.34155
6.38422
6.41276
6.30687
6.44171
6.56423
6.19438
6.43454
6.65785
5.96513
6.28269
6.58466
5.59302
5.94428
6.27283
5.06794
5.40341
5.70787
4.38154
4.66048
4.90592
3.4763
3.66289
3.8257
2.0052
2.01723
2.02209
6.32899
6.31468
6.28716
6.34155
6.38422
6.41276
6.30687
6.44171
6.56423
6.19438
6.43454
6.65785
5.96513
6.28269
6.58466
5.59302
5.94428
6.27283
5.06794
5.40341
5.70787
4.38154
4.66048
4.90592
3.4763
3.66289
3.8257
2.0052
2.01723
2.02209
6.32899
6.31468
6.28716
6.34155
6.38422
6.41276
6.30687
6.44171
6.56423
6.19438
6.43454
6.65785
5.96513
6.28269
6.58466
5.59302
5.94428
6.27283
5.06794
5.40341
5.70787
4.38154
4.66048
4.90592
3.4763
3.66289
3.8257
2.0052
2.01723
2.02209
6.32899
6.31468
6.28716
6.34155
6.38422
6.41277
6.30688
6.44171
6.56423
6.19438
6.43454
6.65785
5.96513
6.28269
6.58466
5.59302
5.94428
6.27283
5.06794
5.40341
5.70787
4.38154
4.66048
4.90592
3.4763
3.66289
3.8257
2.0052
2.01723
2.02209
6.32899
6.31468
6.28716
6.34155
6.38422
6.41277
6.30688
6.44172
6.56423
6.19438
6.43454
6.65785
5.96513
6.28269
6.58466
5.59302
5.94428
6.27283
5.06794
5.40341
5.70787
4.38154
4.66048
4.90592
3.4763
3.66289
3.8257
2.0052
2.01723
2.02209
6.32899
6.31468
6.28716
6.34155
6.38422
6.41277
6.30688
6.44172
6.56423
6.19438
6.43454
6.65785
5.96513
6.28269
6.58466
5.59303
5.94428
6.27283
5.06794
5.40341
5.70787
4.38154
4.66048
4.90592
3.4763
3.66289
3.8257
2.0052
2.01723
2.02209
6.32899
6.31468
6.28716
6.34155
6.38422
6.41277
6.30688
6.44172
6.56423
6.19438
6.43454
6.65785
5.96513
6.28269
6.58466
5.59303
5.94428
6.27283
5.06794
5.40341
5.70787
4.38154
4.66048
4.90592
3.4763
3.66289
3.8257
2.0052
2.01723
2.02209
6.32899
6.31468
6.28716
6.34155
6.38422
6.41277
6.30688
6.44172
6.56423
6.19438
6.43454
6.65785
5.96513
6.28269
6.58466
5.59303
5.94428
6.27283
5.06794
5.40341
5.70787
4.38154
4.66048
4.90592
3.4763
3.66289
3.8257
2.0052
2.01723
2.02209
6.32899
6.31468
6.28716
6.34155
6.38422
6.41277
6.30688
6.44172
6.56423
6.19438
6.43454
6.65785
5.96513
6.2827
6.58466
5.59303
5.94428
6.27283
5.06794
5.40341
5.70787
4.38154
4.66048
4.90592
3.4763
3.66289
3.8257
2.0052
2.01723
2.02209
6.32899
6.31468
6.28716
6.34155
6.38422
6.41277
6.30688
6.44172
6.56423
6.19438
6.43454
6.65785
5.96513
6.2827
6.58466
5.59303
5.94428
6.27283
5.06794
5.40341
5.70787
4.38154
4.66048
4.90592
3.4763
3.66289
3.8257
2.0052
2.01723
2.02209
6.32899
6.31468
6.28716
6.34155
6.38422
6.41277
6.30688
6.44172
6.56423
6.19438
6.43454
6.65785
5.96514
6.2827
6.58466
5.59303
5.94429
6.27283
5.06794
5.40341
5.70787
4.38154
4.66048
4.90592
3.4763
3.66289
3.8257
2.0052
2.01723
2.02209
6.32899
6.31468
6.28716
6.34155
6.38422
6.41277
6.30688
6.44172
6.56423
6.19438
6.43454
6.65785
5.96514
6.2827
6.58466
5.59303
5.94429
6.27283
5.06794
5.40341
5.70787
4.38154
4.66048
4.90592
3.4763
3.66289
3.8257
2.0052
2.01723
2.02209
6.32899
6.31468
6.28716
6.34155
6.38422
6.41277
6.30688
6.44172
6.56423
6.19438
6.43454
6.65785
5.96514
6.2827
6.58466
5.59303
5.94429
6.27283
5.06794
5.40341
5.70787
4.38154
4.66048
4.90592
3.4763
3.66289
3.8257
2.0052
2.01723
2.02209
6.32899
6.31468
6.28716
6.34156
6.38422
6.41277
6.30688
6.44172
6.56423
6.19438
6.43454
6.65785
5.96514
6.2827
6.58466
5.59303
5.94429
6.27283
5.06794
5.40341
5.70787
4.38154
4.66048
4.90592
3.4763
3.66289
3.8257
2.0052
2.01723
2.02209
6.32899
6.31468
6.28716
6.34156
6.38422
6.41277
6.30688
6.44172
6.56423
6.19438
6.43454
6.65785
5.96514
6.2827
6.58466
5.59303
5.94429
6.27283
5.06794
5.40341
5.70787
4.38154
4.66048
4.90592
3.4763
3.66289
3.8257
2.0052
2.01723
2.02209
6.32899
6.31468
6.28716
6.34156
6.38422
6.41277
6.30688
6.44172
6.56423
6.19438
6.43454
6.65785
5.96514
6.2827
6.58466
5.59303
5.94429
6.27283
5.06794
5.40341
5.70787
4.38154
4.66048
4.90592
3.4763
3.66289
3.8257
2.0052
2.01723
2.02209
6.32899
6.31468
6.28716
6.34156
6.38422
6.41277
6.30688
6.44172
6.56423
6.19438
6.43454
6.65785
5.96514
6.2827
6.58466
5.59303
5.94429
6.27283
5.06794
5.40341
5.70787
4.38155
4.66048
4.90592
3.4763
3.66289
3.8257
2.0052
2.01723
2.02209
6.32899
6.31468
6.28716
6.34156
6.38422
6.41277
6.30688
6.44172
6.56423
6.19438
6.43454
6.65785
5.96514
6.2827
6.58466
5.59303
5.94429
6.27283
5.06794
5.40341
5.70787
4.38155
4.66048
4.90592
3.4763
3.66289
3.8257
2.0052
2.01723
2.02209
6.32899
6.31468
6.28716
6.34156
6.38422
6.41277
6.30688
6.44172
6.56423
6.19438
6.43454
6.65785
5.96514
6.2827
6.58466
5.59303
5.94429
6.27283
5.06794
5.40341
5.70787
4.38155
4.66048
4.90592
3.47631
3.66289
3.8257
2.0052
2.01723
2.02209
6.32899
6.31468
6.28716
6.34156
6.38422
6.41277
6.30688
6.44172
6.56423
6.19438
6.43454
6.65785
5.96514
6.2827
6.58466
5.59303
5.94429
6.27283
5.06794
5.40341
5.70787
4.38155
4.66048
4.90592
3.47631
3.66289
3.8257
2.0052
2.01723
2.02209
6.32899
6.31468
6.28716
6.34156
6.38422
6.41277
6.30688
6.44172
6.56424
6.19438
6.43454
6.65785
5.96514
6.2827
6.58466
5.59303
5.94429
6.27283
5.06794
5.40342
5.70787
4.38155
4.66048
4.90592
3.47631
3.66289
3.8257
2.0052
2.01723
2.02209
6.32899
6.31468
6.28716
6.34156
6.38422
6.41277
6.30688
6.44172
6.56424
6.19439
6.43454
6.65785
5.96514
6.2827
6.58466
5.59303
5.94429
6.27283
5.06794
5.40342
5.70787
4.38155
4.66048
4.90592
3.47631
3.66289
3.8257
2.0052
2.01723
2.02209
6.32899
6.31468
6.28716
6.34156
6.38422
6.41277
6.30688
6.44172
6.56424
6.19439
6.43454
6.65785
5.96514
6.2827
6.58466
5.59303
5.94429
6.27283
5.06794
5.40342
5.70787
4.38155
4.66048
4.90592
3.47631
3.66289
3.8257
2.0052
2.01723
2.02209
6.32899
6.31468
6.28716
6.34156
6.38422
6.41277
6.30688
6.44172
6.56424
6.19439
6.43455
6.65785
5.96514
6.2827
6.58466
5.59303
5.94429
6.27283
5.06794
5.40342
5.70787
4.38155
4.66048
4.90592
3.47631
3.66289
3.8257
2.0052
2.01723
2.02209
6.32899
6.31468
6.28716
6.34156
6.38422
6.41277
6.30688
6.44172
6.56424
6.19439
6.43455
6.65785
5.96514
6.2827
6.58466
5.59303
5.94429
6.27283
5.06794
5.40342
5.70787
4.38155
4.66048
4.90592
3.47631
3.66289
3.8257
2.0052
2.01723
2.02209
6.32899
6.31469
6.28716
6.34156
6.38422
6.41277
6.30688
6.44172
6.56424
6.19439
6.43455
6.65785
5.96514
6.2827
6.58466
5.59303
5.94429
6.27283
5.06795
5.40342
5.70787
4.38155
4.66049
4.90592
3.47631
3.66289
3.8257
2.0052
2.01723
2.02209
6.32899
6.31469
6.28716
6.34156
6.38422
6.41277
6.30688
6.44172
6.56424
6.19439
6.43455
6.65785
5.96514
6.2827
6.58466
5.59303
5.94429
6.27283
5.06795
5.40342
5.70787
4.38155
4.66049
4.90592
3.47631
3.66289
3.8257
2.0052
2.01723
2.02209
6.32899
6.31469
6.28716
6.34156
6.38423
6.41277
6.30688
6.44172
6.56424
6.19439
6.43455
6.65785
5.96514
6.2827
6.58466
5.59304
5.94429
6.27283
5.06795
5.40342
5.70787
4.38155
4.66049
4.90592
3.47631
3.66289
3.8257
2.0052
2.01723
2.02209
6.32899
6.31469
6.28716
6.34156
6.38423
6.41277
6.30688
6.44172
6.56424
6.19439
6.43455
6.65785
5.96514
6.2827
6.58466
5.59304
5.94429
6.27283
5.06795
5.40342
5.70788
4.38155
4.66049
4.90593
3.47631
3.66289
3.8257
2.0052
2.01723
2.02209
6.32899
6.31469
6.28716
6.34156
6.38423
6.41277
6.30688
6.44172
6.56424
6.19439
6.43455
6.65785
5.96514
6.2827
6.58466
5.59304
5.94429
6.27283
5.06795
5.40342
5.70788
4.38155
4.66049
4.90593
3.47631
3.66289
3.8257
2.0052
2.01723
2.02209
6.32899
6.31469
6.28716
6.34156
6.38423
6.41277
6.30689
6.44172
6.56424
6.19439
6.43455
6.65785
5.96515
6.2827
6.58466
5.59304
5.94429
6.27283
5.06795
5.40342
5.70788
4.38155
4.66049
4.90593
3.47631
3.66289
3.8257
2.0052
2.01723
2.02209
6.32899
6.31469
6.28716
6.34156
6.38423
6.41277
6.30689
6.44172
6.56424
6.19439
6.43455
6.65785
5.96515
6.2827
6.58466
5.59304
5.94429
6.27283
5.06795
5.40342
5.70788
4.38155
4.66049
4.90593
3.47631
3.66289
3.82571
2.0052
2.01723
2.02209
6.32899
6.31469
6.28716
6.34156
6.38423
6.41277
6.30689
6.44172
6.56424
6.19439
6.43455
6.65785
5.96515
6.2827
6.58466
5.59304
5.94429
6.27283
5.06795
5.40342
5.70788
4.38155
4.66049
4.90593
3.47631
3.66289
3.82571
2.0052
2.01723
2.02209
6.329
6.31469
6.28716
6.34156
6.38423
6.41277
6.30689
6.44172
6.56424
6.19439
6.43455
6.65785
5.96515
6.2827
6.58466
5.59304
5.94429
6.27283
5.06795
5.40342
5.70788
4.38155
4.66049
4.90593
3.47631
3.66289
3.82571
2.0052
2.01723
2.02209
6.329
6.31469
6.28716
6.34156
6.38423
6.41277
6.30689
6.44172
6.56424
6.19439
6.43455
6.65785
5.96515
6.2827
6.58466
5.59304
5.94429
6.27283
5.06795
5.40342
5.70788
4.38155
4.66049
4.90593
3.47631
3.66289
3.82571
2.0052
2.01723
2.02209
6.329
6.31469
6.28716
6.34156
6.38423
6.41277
6.30689
6.44172
6.56424
6.19439
6.43455
6.65786
5.96515
6.2827
6.58466
5.59304
5.94429
6.27283
5.06795
5.40342
5.70788
4.38155
4.66049
4.90593
3.47631
3.66289
3.82571
2.0052
2.01723
2.02209
6.329
6.31469
6.28717
6.34156
6.38423
6.41277
6.30689
6.44172
6.56424
6.19439
6.43455
6.65786
5.96515
6.2827
6.58466
5.59304
5.94429
6.27284
5.06795
5.40342
5.70788
4.38155
4.66049
4.90593
3.47631
3.66289
3.82571
2.0052
2.01723
2.02209
6.329
6.31469
6.28717
6.34156
6.38423
6.41277
6.30689
6.44173
6.56424
6.19439
6.43455
6.65786
5.96515
6.2827
6.58467
5.59304
5.94429
6.27284
5.06795
5.40342
5.70788
4.38155
4.66049
4.90593
3.47631
3.66289
3.82571
2.0052
2.01723
2.02209
6.329
6.31469
6.28717
6.34157
6.38423
6.41277
6.30689
6.44173
6.56424
6.19439
6.43455
6.65786
5.96515
6.28271
6.58467
5.59304
5.94429
6.27284
5.06795
5.40342
5.70788
4.38155
4.66049
4.90593
3.47631
3.6629
3.82571
2.0052
2.01723
2.02209
6.329
6.31469
6.28717
6.34157
6.38423
6.41277
6.30689
6.44173
6.56424
6.1944
6.43455
6.65786
5.96515
6.28271
6.58467
5.59304
5.9443
6.27284
5.06795
5.40342
5.70788
4.38156
4.66049
4.90593
3.47631
3.6629
3.82571
2.0052
2.01723
2.02209
6.329
6.31469
6.28717
6.34157
6.38423
6.41277
6.30689
6.44173
6.56424
6.1944
6.43455
6.65786
5.96515
6.28271
6.58467
5.59304
5.9443
6.27284
5.06795
5.40342
5.70788
4.38156
4.66049
4.90593
3.47631
3.6629
3.82571
2.0052
2.01723
2.02209
6.329
6.31469
6.28717
6.34157
6.38423
6.41277
6.30689
6.44173
6.56424
6.1944
6.43455
6.65786
5.96515
6.28271
6.58467
5.59304
5.9443
6.27284
5.06795
5.40342
5.70788
4.38156
4.66049
4.90593
3.47631
3.6629
3.82571
2.0052
2.01723
2.02209
6.329
6.31469
6.28717
6.34157
6.38423
6.41278
6.30689
6.44173
6.56424
6.1944
6.43455
6.65786
5.96515
6.28271
6.58467
5.59304
5.9443
6.27284
5.06795
5.40342
5.70788
4.38156
4.66049
4.90593
3.47631
3.6629
3.82571
2.0052
2.01723
2.02209
6.329
6.31469
6.28717
6.34157
6.38423
6.41278
6.30689
6.44173
6.56424
6.1944
6.43455
6.65786
5.96515
6.28271
6.58467
5.59304
5.9443
6.27284
5.06795
5.40342
5.70788
4.38156
4.66049
4.90593
3.47631
3.6629
3.82571
2.0052
2.01723
2.02209
6.329
6.31469
6.28717
6.34157
6.38423
6.41278
6.30689
6.44173
6.56424
6.1944
6.43455
6.65786
5.96515
6.28271
6.58467
5.59304
5.9443
6.27284
5.06795
5.40342
5.70788
4.38156
4.66049
4.90593
3.47631
3.6629
3.82571
2.0052
2.01723
2.02209
6.329
6.31469
6.28717
6.34157
6.38423
6.41278
6.30689
6.44173
6.56424
6.1944
6.43455
6.65786
5.96515
6.28271
6.58467
5.59304
5.9443
6.27284
5.06796
5.40342
5.70788
4.38156
4.66049
4.90593
3.47631
3.6629
3.82571
2.0052
2.01723
2.02209
6.329
6.31469
6.28717
6.34157
6.38423
6.41278
6.30689
6.44173
6.56424
6.1944
6.43455
6.65786
5.96515
6.28271
6.58467
5.59305
5.9443
6.27284
5.06796
5.40342
5.70788
4.38156
4.66049
4.90593
3.47631
3.6629
3.82571
2.0052
2.01723
2.02209
6.329
6.31469
6.28717
6.34157
6.38423
6.41278
6.30689
6.44173
6.56424
6.1944
6.43456
6.65786
5.96515
6.28271
6.58467
5.59305
5.9443
6.27284
5.06796
5.40342
5.70788
4.38156
4.66049
4.90593
3.47631
3.6629
3.82571
2.0052
2.01723
2.02209
6.329
6.31469
6.28717
6.34157
6.38423
6.41278
6.30689
6.44173
6.56424
6.1944
6.43456
6.65786
5.96515
6.28271
6.58467
5.59305
5.9443
6.27284
5.06796
5.40342
5.70788
4.38156
4.66049
4.90593
3.47631
3.6629
3.82571
2.0052
2.01723
2.02209
6.329
6.31469
6.28717
6.34157
6.38423
6.41278
6.30689
6.44173
6.56424
6.1944
6.43456
6.65786
5.96516
6.28271
6.58467
5.59305
5.9443
6.27284
5.06796
5.40342
5.70788
4.38156
4.66049
4.90593
3.47631
3.6629
3.82571
2.0052
2.01723
2.02209
6.329
6.31469
6.28717
6.34157
6.38423
6.41278
6.30689
6.44173
6.56424
6.1944
6.43456
6.65786
5.96516
6.28271
6.58467
5.59305
5.9443
6.27284
5.06796
5.40343
5.70788
4.38156
4.66049
4.90593
3.47631
3.6629
3.82571
2.0052
2.01723
2.02209
6.329
6.31469
6.28717
6.34157
6.38423
6.41278
6.3069
6.44173
6.56425
6.1944
6.43456
6.65786
5.96516
6.28271
6.58467
5.59305
5.9443
6.27284
5.06796
5.40343
5.70788
4.38156
4.66049
4.90593
3.47632
3.6629
3.82571
2.0052
2.01723
2.02209
6.329
6.3147
6.28717
6.34157
6.38423
6.41278
6.3069
6.44173
6.56425
6.1944
6.43456
6.65786
5.96516
6.28271
6.58467
5.59305
5.9443
6.27284
5.06796
5.40343
5.70788
4.38156
4.66049
4.90593
3.47632
3.6629
3.82571
2.0052
2.01723
2.02209
6.329
6.3147
6.28717
6.34157
6.38423
6.41278
6.3069
6.44173
6.56425
6.1944
6.43456
6.65786
5.96516
6.28271
6.58467
5.59305
5.9443
6.27284
5.06796
5.40343
5.70788
4.38156
4.66049
4.90593
3.47632
3.6629
3.82571
2.0052
2.01724
2.02209
6.329
6.3147
6.28717
6.34157
6.38424
6.41278
6.3069
6.44173
6.56425
6.1944
6.43456
6.65786
5.96516
6.28271
6.58467
5.59305
5.9443
6.27284
5.06796
5.40343
5.70788
4.38156
4.66049
4.90593
3.47632
3.6629
3.82571
2.0052
2.01724
2.02209
6.329
6.3147
6.28717
6.34157
6.38424
6.41278
6.3069
6.44173
6.56425
6.1944
6.43456
6.65786
5.96516
6.28271
6.58467
5.59305
5.9443
6.27284
5.06796
5.40343
5.70788
4.38156
4.66049
4.90593
3.47632
3.6629
3.82571
2.0052
2.01724
2.02209
6.329
6.3147
6.28717
6.34157
6.38424
6.41278
6.3069
6.44173
6.56425
6.1944
6.43456
6.65786
5.96516
6.28271
6.58467
5.59305
5.9443
6.27284
5.06796
5.40343
5.70788
4.38156
4.66049
4.90593
3.47632
3.6629
3.82571
2.0052
2.01724
2.02209
6.329
6.3147
6.28717
6.34157
6.38424
6.41278
6.3069
6.44173
6.56425
6.1944
6.43456
6.65786
5.96516
6.28271
6.58467
5.59305
5.9443
6.27284
5.06796
5.40343
5.70788
4.38156
4.66049
4.90593
3.47632
3.6629
3.82571
2.0052
2.01724
2.02209
6.329
6.3147
6.28717
6.34157
6.38424
6.41278
6.3069
6.44173
6.56425
6.1944
6.43456
6.65786
5.96516
6.28271
6.58467
5.59305
5.9443
6.27284
5.06796
5.40343
5.70788
4.38156
4.66049
4.90593
3.47632
3.6629
3.82571
2.0052
2.01724
2.02209
6.329
6.3147
6.28717
6.34157
6.38424
6.41278
6.3069
6.44173
6.56425
6.1944
6.43456
6.65786
5.96516
6.28271
6.58467
5.59305
5.9443
6.27284
5.06796
5.40343
5.70788
4.38156
4.66049
4.90593
3.47632
3.6629
3.82571
2.0052
2.01724
2.02209
6.32901
6.3147
6.28717
6.34157
6.38424
6.41278
6.3069
6.44173
6.56425
6.1944
6.43456
6.65786
5.96516
6.28271
6.58467
5.59305
5.9443
6.27284
5.06796
5.40343
5.70788
4.38156
4.66049
4.90593
3.47632
3.6629
3.82571
2.0052
2.01724
2.02209
6.32901
6.3147
6.28717
6.34157
6.38424
6.41278
6.3069
6.44173
6.56425
6.1944
6.43456
6.65786
5.96516
6.28271
6.58467
5.59305
5.9443
6.27284
5.06796
5.40343
5.70788
4.38156
4.66049
4.90593
3.47632
3.6629
3.82571
2.0052
2.01724
2.02209
6.32901
6.3147
6.28717
6.34157
6.38424
6.41278
6.3069
6.44173
6.56425
6.1944
6.43456
6.65786
5.96516
6.28271
6.58467
5.59305
5.9443
6.27284
5.06796
5.40343
5.70788
4.38156
4.66049
4.90593
3.47632
3.6629
3.82571
2.0052
2.01724
2.02209
6.32901
6.3147
6.28717
6.34157
6.38424
6.41278
6.3069
6.44173
6.56425
6.1944
6.43456
6.65786
5.96516
6.28271
6.58467
5.59305
5.9443
6.27284
5.06796
5.40343
5.70788
4.38156
4.66049
4.90593
3.47632
3.6629
3.82571
2.0052
2.01724
2.02209
6.32901
6.3147
6.28717
6.34157
6.38424
6.41278
6.3069
6.44173
6.56425
6.1944
6.43456
6.65786
5.96516
6.28271
6.58467
5.59305
5.9443
6.27284
5.06796
5.40343
5.70788
4.38156
4.6605
4.90593
3.47632
3.6629
3.82571
2.0052
2.01724
2.02209
6.32901
6.3147
6.28717
6.34158
6.38424
6.41278
6.3069
6.44173
6.56425
6.19441
6.43456
6.65786
5.96516
6.28271
6.58467
5.59305
5.9443
6.27284
5.06796
5.40343
5.70788
4.38156
4.6605
4.90593
3.47632
3.6629
3.82571
2.0052
2.01724
2.02209
6.32901
6.3147
6.28717
6.34158
6.38424
6.41278
6.3069
6.44173
6.56425
6.19441
6.43456
6.65786
5.96516
6.28271
6.58467
5.59305
5.9443
6.27284
5.06796
5.40343
5.70788
4.38156
4.6605
4.90593
3.47632
3.6629
3.82571
2.0052
2.01724
2.02209
6.32901
6.3147
6.28717
6.34158
6.38424
6.41278
6.3069
6.44173
6.56425
6.19441
6.43456
6.65786
5.96516
6.28271
6.58467
5.59305
5.9443
6.27284
5.06796
5.40343
5.70789
4.38156
4.6605
4.90593
3.47632
3.6629
3.82571
2.0052
2.01724
2.02209
6.32901
6.3147
6.28718
6.34158
6.38424
6.41278
6.3069
6.44174
6.56425
6.19441
6.43456
6.65786
5.96516
6.28271
6.58467
5.59305
5.9443
6.27284
5.06796
5.40343
5.70789
4.38156
4.6605
4.90593
3.47632
3.6629
3.82571
2.0052
2.01724
2.02209
6.32901
6.3147
6.28718
6.34158
6.38424
6.41278
6.3069
6.44174
6.56425
6.19441
6.43456
6.65787
5.96516
6.28272
6.58467
5.59305
5.9443
6.27284
5.06796
5.40343
5.70789
4.38156
4.6605
4.90593
3.47632
3.6629
3.82571
2.0052
2.01724
2.02209
6.32901
6.3147
6.28718
6.34158
6.38424
6.41278
6.3069
6.44174
6.56425
6.19441
6.43456
6.65787
5.96516
6.28272
6.58467
5.59305
5.9443
6.27284
5.06796
5.40343
5.70789
4.38156
4.6605
4.90593
3.47632
3.6629
3.82571
2.0052
2.01724
2.02209
6.32901
6.3147
6.28718
6.34158
6.38424
6.41278
6.3069
6.44174
6.56425
6.19441
6.43456
6.65787
5.96516
6.28272
6.58467
5.59305
5.9443
6.27284
5.06796
5.40343
5.70789
4.38156
4.6605
4.90593
3.47632
3.6629
3.82571
2.0052
2.01724
2.02209
6.32901
6.3147
6.28718
6.34158
6.38424
6.41278
6.3069
6.44174
6.56425
6.19441
6.43456
6.65787
5.96516
6.28272
6.58467
5.59305
5.9443
6.27284
5.06796
5.40343
5.70789
4.38157
4.6605
4.90593
3.47632
3.6629
3.82571
2.0052
2.01724
2.02209
6.32901
6.3147
6.28718
6.34158
6.38424
6.41278
6.3069
6.44174
6.56425
6.19441
6.43456
6.65787
5.96516
6.28272
6.58468
5.59306
5.94431
6.27284
5.06796
5.40343
5.70789
4.38157
4.6605
4.90593
3.47632
3.6629
3.82571
2.0052
2.01724
2.02209
6.32901
6.3147
6.28718
6.34158
6.38424
6.41278
6.3069
6.44174
6.56425
6.19441
6.43456
6.65787
5.96516
6.28272
6.58468
5.59306
5.94431
6.27285
5.06797
5.40343
5.70789
4.38157
4.6605
4.90593
3.47632
3.6629
3.82571
2.0052
2.01724
2.02209
6.32901
6.3147
6.28718
6.34158
6.38424
6.41278
6.3069
6.44174
6.56425
6.19441
6.43456
6.65787
5.96517
6.28272
6.58468
5.59306
5.94431
6.27285
5.06797
5.40343
5.70789
4.38157
4.6605
4.90594
3.47632
3.6629
3.82571
2.0052
2.01724
2.02209
6.32901
6.3147
6.28718
6.34158
6.38424
6.41279
6.3069
6.44174
6.56425
6.19441
6.43456
6.65787
5.96517
6.28272
6.58468
5.59306
5.94431
6.27285
5.06797
5.40343
5.70789
4.38157
4.6605
4.90594
3.47632
3.6629
3.82571
2.0052
2.01724
2.02209
6.32901
6.3147
6.28718
6.34158
6.38424
6.41279
6.3069
6.44174
6.56425
6.19441
6.43456
6.65787
5.96517
6.28272
6.58468
5.59306
5.94431
6.27285
5.06797
5.40343
5.70789
4.38157
4.6605
4.90594
3.47632
3.6629
3.82571
2.0052
2.01724
2.02209
6.32901
6.3147
6.28718
6.34158
6.38424
6.41279
6.30691
6.44174
6.56425
6.19441
6.43457
6.65787
5.96517
6.28272
6.58468
5.59306
5.94431
6.27285
5.06797
5.40343
5.70789
4.38157
4.6605
4.90594
3.47632
3.6629
3.82571
2.0052
2.01724
2.02209
6.32901
6.3147
6.28718
6.34158
6.38424
6.41279
6.30691
6.44174
6.56425
6.19441
6.43457
6.65787
5.96517
6.28272
6.58468
5.59306
5.94431
6.27285
5.06797
5.40343
5.70789
4.38157
4.6605
4.90594
3.47632
3.6629
3.82571
2.0052
2.01724
2.0221
6.32901
6.3147
6.28718
6.34158
6.38424
6.41279
6.30691
6.44174
6.56425
6.19441
6.43457
6.65787
5.96517
6.28272
6.58468
5.59306
5.94431
6.27285
5.06797
5.40343
5.70789
4.38157
4.6605
4.90594
3.47632
3.6629
3.82571
2.0052
2.01724
2.0221
6.32901
6.3147
6.28718
6.34158
6.38424
6.41279
6.30691
6.44174
6.56425
6.19441
6.43457
6.65787
5.96517
6.28272
6.58468
5.59306
5.94431
6.27285
5.06797
5.40343
5.70789
4.38157
4.6605
4.90594
3.47632
3.6629
3.82571
2.0052
2.01724
2.0221
6.32901
6.3147
6.28718
6.34158
6.38424
6.41279
6.30691
6.44174
6.56425
6.19441
6.43457
6.65787
5.96517
6.28272
6.58468
5.59306
5.94431
6.27285
5.06797
5.40343
5.70789
4.38157
4.6605
4.90594
3.47632
3.6629
3.82571
2.0052
2.01724
2.0221
6.32901
6.3147
6.28718
6.34158
6.38424
6.41279
6.30691
6.44174
6.56426
6.19441
6.43457
6.65787
5.96517
6.28272
6.58468
5.59306
5.94431
6.27285
5.06797
5.40343
5.70789
4.38157
4.6605
4.90594
3.47632
3.6629
3.82571
2.0052
2.01724
2.0221
6.32901
6.31471
6.28718
6.34158
6.38425
6.41279
6.30691
6.44174
6.56426
6.19441
6.43457
6.65787
5.96517
6.28272
6.58468
5.59306
5.94431
6.27285
5.06797
5.40343
5.70789
4.38157
4.6605
4.90594
3.47632
3.6629
3.82571
2.0052
2.01724
2.0221
6.32901
6.31471
6.28718
6.34158
6.38425
6.41279
6.30691
6.44174
6.56426
6.19441
6.43457
6.65787
5.96517
6.28272
6.58468
5.59306
5.94431
6.27285
5.06797
5.40344
5.70789
4.38157
4.6605
4.90594
3.47632
3.6629
3.82571
2.0052
2.01724
2.0221
6.32901
6.31471
6.28718
6.34158
6.38425
6.41279
6.30691
6.44174
6.56426
6.19442
6.43457
6.65787
5.96517
6.28272
6.58468
5.59306
5.94431
6.27285
5.06797
5.40344
5.70789
4.38157
4.6605
4.90594
3.47632
3.6629
3.82571
2.0052
2.01724
2.0221
6.32902
6.31471
6.28718
6.34158
6.38425
6.41279
6.30691
6.44174
6.56426
6.19442
6.43457
6.65787
5.96517
6.28272
6.58468
5.59306
5.94431
6.27285
5.06797
5.40344
5.70789
4.38157
4.6605
4.90594
3.47632
3.6629
3.82571
2.0052
2.01724
2.0221
6.32902
6.31471
6.28718
6.34159
6.38425
6.41279
6.30691
6.44174
6.56426
6.19442
6.43457
6.65787
5.96517
6.28272
6.58468
5.59306
5.94431
6.27285
5.06797
5.40344
5.70789
4.38157
4.6605
4.90594
3.47632
3.6629
3.82572
2.0052
2.01724
2.0221
6.32902
6.31471
6.28718
6.34159
6.38425
6.41279
6.30691
6.44174
6.56426
6.19442
6.43457
6.65787
5.96517
6.28272
6.58468
5.59306
5.94431
6.27285
5.06797
5.40344
5.70789
4.38157
4.6605
4.90594
3.47632
3.6629
3.82572
2.0052
2.01724
2.0221
6.32902
6.31471
6.28718
6.34159
6.38425
6.41279
6.30691
6.44174
6.56426
6.19442
6.43457
6.65787
5.96517
6.28272
6.58468
5.59306
5.94431
6.27285
5.06797
5.40344
5.70789
4.38157
4.6605
4.90594
3.47632
3.6629
3.82572
2.0052
2.01724
2.0221
6.32902
6.31471
6.28718
6.34159
6.38425
6.41279
6.30691
6.44175
6.56426
6.19442
6.43457
6.65787
5.96518
6.28272
6.58468
5.59307
5.94431
6.27285
5.06797
5.40344
5.70789
4.38157
4.6605
4.90594
3.47632
3.6629
3.82572
2.0052
2.01724
2.0221
6.32902
6.31471
6.28718
6.34159
6.38425
6.41279
6.30692
6.44175
6.56426
6.19442
6.43457
6.65787
5.96518
6.28272
6.58468
5.59307
5.94431
6.27285
5.06797
5.40343
5.70789
4.38157
4.6605
4.90594
3.47632
3.6629
3.82572
2.0052
2.01724
2.0221
6.32902
6.31471
6.28718
6.34159
6.38425
6.41279
6.30692
6.44174
6.56425
6.19443
6.43457
6.65786
5.96518
6.28272
6.58467
5.59307
5.9443
6.27284
5.06797
5.40343
5.70789
4.38157
4.6605
4.90594
3.47632
3.6629
3.82572
2.0052
2.01724
2.0221
6.32902
6.3147
6.28718
6.3416
6.38424
6.41278
6.30693
6.44174
6.56423
6.19444
6.43455
6.65784
5.9652
6.2827
6.58465
5.59308
5.94429
6.27282
5.06798
5.40342
5.70787
4.38156
4.66048
4.90593
3.47631
3.66289
3.82572
2.00519
2.01723
2.0221
6.32902
6.31469
6.28716
6.3416
6.38423
6.41275
6.30694
6.44171
6.56419
6.19446
6.43452
6.65778
5.96522
6.28267
6.58458
5.5931
5.94426
6.27277
5.06798
5.40339
5.70784
4.38155
4.66046
4.90593
3.47628
3.66288
3.82573
2.00518
2.01723
2.02211
6.32901
6.31466
6.28712
6.3416
6.38418
6.41267
6.30696
6.44165
6.56407
6.1945
6.43444
6.65763
5.96527
6.28259
6.58443
5.59314
5.94419
6.27265
5.06801
5.40333
5.70777
4.38155
4.66042
4.9059
3.47625
3.66285
3.82574
2.00515
2.01722
2.02213
6.32898
6.31459
6.28703
6.34157
6.38407
6.41251
6.30696
6.44152
6.56382
6.19455
6.43427
6.65732
5.96536
6.28243
6.58412
5.59324
5.94405
6.27241
5.06809
5.40324
5.70763
4.38158
4.66037
4.90587
3.47623
3.66284
3.8258
2.00511
2.01722
2.02219
6.32884
6.31441
6.28682
6.34141
6.38381
6.41216
6.3068
6.44116
6.56327
6.19443
6.4338
6.65662
5.96531
6.28196
6.58338
5.59327
5.94366
6.27176
5.06815
5.40296
5.70717
4.38164
4.6602
4.90563
3.47625
3.66277
3.82575
2.00507
2.01722
2.02225
6.32829
6.31379
6.28615
6.34086
6.3831
6.41134
6.30629
6.44037
6.56223
6.19403
6.43292
6.6554
5.9651
6.28117
6.58217
5.5933
5.94308
6.27075
5.0684
5.40265
5.7065
4.38205
4.66016
4.90531
3.4767
3.66293
3.82573
2.00527
2.0174
2.0224
6.32342
6.30885
6.28117
6.33599
6.37814
6.40627
6.30128
6.43514
6.55663
6.18889
6.42714
6.64914
5.96013
6.27537
6.57563
5.58894
5.93777
6.26462
5.06507
5.39837
5.70145
4.37995
4.65722
4.90171
3.47579
3.6614
3.82369
2.00525
2.01715
2.02189
)
;

boundaryField
{
    inlet
    {
        type            fixedValue;
        value           uniform 0.015;
    }
    outlet
    {
        type            zeroGradient;
    }
    pipe
    {
        type            kqRWallFunction;
        value           nonuniform List<scalar> 
1980
(
0.0571149
0.138362
0.254226
0.387914
0.519284
0.632638
0.719525
0.777838
0.809624
0.818988
0.810567
0.788619
0.756591
0.717146
0.672526
0.625036
0.577471
0.533303
0.496732
0.472102
0.465033
0.478541
0.508647
0.547842
0.589669
0.630895
0.671794
0.715874
0.769693
0.842217
0.942365
1.074
1.23102
1.39779
1.55586
1.69141
1.79833
1.87713
1.93206
1.96857
1.99183
2.00605
2.01438
2.01902
2.02146
2.02264
2.02314
2.02329
2.02329
2.02323
2.02317
2.02311
2.02306
2.02302
2.02299
2.02296
2.02294
2.02292
2.0229
2.02289
2.02288
2.02286
2.02286
2.02285
2.02284
2.02284
2.02283
2.02283
2.02283
2.02283
2.02283
2.02283
2.02283
2.02283
2.02283
2.02283
2.02283
2.02283
2.02282
2.02282
2.02282
2.02282
2.02282
2.02282
2.02282
2.02282
2.02282
2.02282
2.02282
2.02282
2.02282
2.02282
2.02282
2.02282
2.02282
2.02282
2.02282
2.02282
2.02282
2.02282
2.02282
2.02282
2.02282
2.02282
2.02282
2.02282
2.02282
2.02282
2.02282
2.02282
2.02282
2.02282
2.02282
2.02282
2.02282
2.02282
2.02282
2.02282
2.02282
2.02282
2.02282
2.02282
2.02282
2.02282
2.02282
2.02282
2.02282
2.02282
2.02282
2.02282
2.02282
2.02282
2.02282
2.02282
2.02282
2.02282
2.02282
2.02282
2.02282
2.02282
2.02282
2.02282
2.02282
2.02282
2.02282
2.02282
2.02282
2.02282
2.02282
2.02282
2.02282
2.02282
2.02282
2.02282
2.02282
2.02282
2.02282
2.02282
2.02282
2.02282
2.02282
2.02282
2.02282
2.02282
2.02282
2.02282
2.02282
2.02282
2.02282
2.02282
2.02282
2.02282
2.02282
2.02282
2.02282
2.02282
2.02282
2.02282
2.02282
2.02282
2.02282
2.02282
2.02282
2.02282
2.02282
2.02282
2.02282
2.02282
2.02282
2.02282
2.02282
2.02282
2.02282
2.02282
2.02282
2.02282
2.02282
2.02282
2.02282
2.02282
2.02282
2.02282
2.02283
2.02283
2.02283
2.02283
2.02283
2.02283
2.02283
2.02283
2.02283
2.02283
2.02283
2.02283
2.02283
2.02283
2.02283
2.02283
2.02283
2.02283
2.02283
2.02283
2.02283
2.02283
2.02283
2.02283
2.02283
2.02283
2.02283
2.02283
2.02283
2.02283
2.02283
2.02283
2.02283
2.02283
2.02283
2.02283
2.02283
2.02283
2.02283
2.02283
2.02283
2.02283
2.02283
2.02283
2.02283
2.02283
2.02283
2.02283
2.02283
2.02283
2.02283
2.02283
2.02283
2.02283
2.02283
2.02283
2.02283
2.02283
2.02283
2.02283
2.02283
2.02283
2.02283
2.02283
2.02283
2.02283
2.02283
2.02283
2.02283
2.02283
2.02283
2.02283
2.02283
2.02283
2.02283
2.02283
2.02283
2.02283
2.02283
2.02283
2.02283
2.02283
2.02283
2.02283
2.02283
2.02283
2.02283
2.02283
2.02283
2.02283
2.02283
2.02283
2.02283
2.02283
2.02283
2.02283
2.02283
2.02283
2.02283
2.02283
2.02283
2.02283
2.02283
2.02283
2.02283
2.02283
2.02283
2.02283
2.02283
2.02283
2.02283
2.02283
2.02283
2.02283
2.02283
2.02283
2.02283
2.02283
2.02283
2.02283
2.02284
2.02284
2.02285
2.02287
2.02293
2.023
2.02316
2.02267
0.0644911
0.160086
0.292224
0.437958
0.573899
0.684604
0.763797
0.811871
0.832855
0.83213
0.815067
0.786338
0.74971
0.708193
0.664373
0.620824
0.580425
0.546539
0.522952
0.511836
0.516425
0.5354
0.564099
0.597298
0.631238
0.664459
0.697965
0.735447
0.783704
0.852497
0.951864
1.08582
1.24644
1.4155
1.5731
1.7057
1.80844
1.88297
1.93424
1.96798
1.98932
2.00231
2.00991
2.01416
2.0164
2.0175
2.01797
2.01814
2.01816
2.01812
2.01808
2.01803
2.01799
2.01796
2.01794
2.01792
2.0179
2.01788
2.01786
2.01785
2.01784
2.01783
2.01782
2.01781
2.01781
2.0178
2.0178
2.0178
2.0178
2.0178
2.01779
2.01779
2.01779
2.01779
2.01779
2.01779
2.01779
2.01779
2.01779
2.01779
2.01779
2.01779
2.01779
2.01779
2.01779
2.01779
2.01779
2.01779
2.01779
2.01779
2.01779
2.01779
2.01779
2.01779
2.01779
2.01779
2.01779
2.01779
2.01779
2.01779
2.01779
2.01779
2.01779
2.01779
2.01779
2.01779
2.01779
2.01779
2.01779
2.01779
2.01779
2.01779
2.01779
2.01779
2.01779
2.01779
2.01779
2.01779
2.01779
2.01779
2.01779
2.01779
2.01779
2.01779
2.01779
2.01779
2.01779
2.01779
2.01779
2.01779
2.01779
2.01779
2.01779
2.01779
2.01779
2.01779
2.01779
2.01779
2.01779
2.01779
2.01779
2.01779
2.01779
2.01779
2.01779
2.01779
2.01779
2.01779
2.01779
2.01779
2.01779
2.01779
2.01779
2.01779
2.01779
2.01779
2.01779
2.01779
2.01779
2.01779
2.01779
2.01779
2.01779
2.01779
2.01779
2.01779
2.01779
2.01779
2.01779
2.01779
2.01779
2.01779
2.01779
2.01779
2.01779
2.01779
2.01779
2.01779
2.01779
2.01779
2.01779
2.01779
2.01779
2.01779
2.01779
2.01779
2.01779
2.01779
2.01779
2.01779
2.01779
2.01779
2.01779
2.01779
2.01779
2.01779
2.01779
2.01779
2.01779
2.01779
2.01779
2.01779
2.01779
2.01779
2.01779
2.01779
2.01779
2.01779
2.01779
2.01779
2.01779
2.01779
2.01779
2.01779
2.01779
2.01779
2.01779
2.01779
2.01779
2.01779
2.01779
2.01779
2.01779
2.01779
2.01779
2.01779
2.01779
2.01779
2.01779
2.01779
2.01779
2.01779
2.01779
2.01779
2.01779
2.01779
2.01779
2.01779
2.01779
2.01779
2.01779
2.01779
2.01779
2.01779
2.01779
2.01779
2.01779
2.01779
2.01779
2.01779
2.01779
2.01779
2.01779
2.01779
2.0178
2.0178
2.0178
2.0178
2.0178
2.0178
2.0178
2.0178
2.0178
2.0178
2.0178
2.0178
2.0178
2.0178
2.0178
2.0178
2.0178
2.0178
2.0178
2.0178
2.0178
2.0178
2.0178
2.0178
2.0178
2.0178
2.0178
2.0178
2.0178
2.0178
2.0178
2.0178
2.0178
2.0178
2.0178
2.0178
2.0178
2.0178
2.0178
2.0178
2.0178
2.0178
2.0178
2.0178
2.0178
2.0178
2.0178
2.0178
2.0178
2.0178
2.0178
2.0178
2.0178
2.0178
2.0178
2.0178
2.0178
2.0178
2.0178
2.0178
2.0178
2.0178
2.0178
2.0178
2.0178
2.0178
2.0178
2.0178
2.0178
2.0178
2.01779
2.01778
2.01779
2.01779
2.01797
2.01773
0.0839271
0.213958
0.379392
0.543742
0.680322
0.777863
0.836401
0.861559
0.860641
0.840682
0.807744
0.76686
0.722177
0.677146
0.634753
0.597798
0.569194
0.552255
0.548775
0.56017
0.583985
0.614939
0.647762
0.679021
0.707397
0.733378
0.759148
0.789023
0.830451
0.894491
0.99272
1.12878
1.29145
1.45886
1.61017
1.73351
1.82635
1.89205
1.93631
1.9649
1.98267
1.99329
1.99938
2.00271
2.00443
2.00524
2.00558
2.00568
2.00569
2.00566
2.00562
2.00559
2.00556
2.00554
2.00552
2.0055
2.00548
2.00547
2.00545
2.00544
2.00543
2.00542
2.00541
2.00541
2.0054
2.0054
2.00539
2.00539
2.00539
2.00539
2.00539
2.00539
2.00539
2.00539
2.00539
2.00539
2.00539
2.00539
2.00539
2.00539
2.00539
2.00539
2.00539
2.00539
2.00539
2.00539
2.00538
2.00538
2.00538
2.00538
2.00538
2.00538
2.00538
2.00538
2.00538
2.00538
2.00538
2.00538
2.00538
2.00538
2.00538
2.00538
2.00538
2.00538
2.00538
2.00538
2.00538
2.00538
2.00538
2.00538
2.00538
2.00538
2.00538
2.00538
2.00538
2.00538
2.00538
2.00538
2.00538
2.00538
2.00538
2.00538
2.00538
2.00538
2.00538
2.00538
2.00538
2.00538
2.00538
2.00538
2.00538
2.00538
2.00538
2.00538
2.00538
2.00538
2.00538
2.00538
2.00538
2.00538
2.00538
2.00538
2.00538
2.00538
2.00538
2.00538
2.00538
2.00538
2.00538
2.00538
2.00538
2.00538
2.00538
2.00538
2.00538
2.00538
2.00538
2.00538
2.00538
2.00538
2.00538
2.00538
2.00538
2.00538
2.00538
2.00538
2.00538
2.00538
2.00538
2.00538
2.00538
2.00538
2.00538
2.00538
2.00538
2.00538
2.00538
2.00538
2.00538
2.00538
2.00538
2.00538
2.00538
2.00538
2.00538
2.00538
2.00538
2.00538
2.00538
2.00538
2.00538
2.00538
2.00538
2.00538
2.00538
2.00538
2.00538
2.00539
2.00539
2.00539
2.00539
2.00539
2.00539
2.00539
2.00539
2.00539
2.00539
2.00539
2.00539
2.00539
2.00539
2.00539
2.00539
2.00539
2.00539
2.00539
2.00539
2.00539
2.00539
2.00539
2.00539
2.00539
2.00539
2.00539
2.00539
2.00539
2.00539
2.00539
2.00539
2.00539
2.00539
2.00539
2.00539
2.00539
2.00539
2.00539
2.00539
2.00539
2.00539
2.00539
2.00539
2.00539
2.00539
2.00539
2.00539
2.00539
2.00539
2.00539
2.00539
2.00539
2.00539
2.00539
2.00539
2.00539
2.00539
2.00539
2.00539
2.00539
2.00539
2.00539
2.00539
2.00539
2.00539
2.00539
2.00539
2.00539
2.00539
2.00539
2.00539
2.00539
2.00539
2.00539
2.00539
2.00539
2.00539
2.00539
2.00539
2.00539
2.00539
2.00539
2.00539
2.00539
2.00539
2.00539
2.00539
2.00539
2.00539
2.00539
2.00539
2.00539
2.00539
2.00539
2.00539
2.00539
2.00539
2.0054
2.0054
2.0054
2.0054
2.0054
2.0054
2.0054
2.0054
2.0054
2.0054
2.0054
2.0054
2.0054
2.0054
2.0054
2.0054
2.0054
2.0054
2.0054
2.0054
2.0054
2.0054
2.0054
2.0054
2.0054
2.0054
2.0054
2.00539
2.00539
2.00537
2.00534
2.0053
2.00526
2.00547
2.00546
0.0839271
0.213958
0.379392
0.543742
0.680322
0.777863
0.836402
0.86156
0.860643
0.840684
0.807747
0.766863
0.722181
0.677152
0.634764
0.597817
0.569226
0.552303
0.548838
0.56024
0.584052
0.614995
0.647803
0.67905
0.707414
0.73338
0.759129
0.788973
0.830352
0.89432
0.992467
1.12846
1.2911
1.45852
1.60986
1.73323
1.82609
1.89181
1.93609
1.96469
1.98246
1.99309
1.99918
2.00252
2.00423
2.00505
2.00538
2.00549
2.0055
2.00547
2.00543
2.0054
2.00537
2.00534
2.00532
2.00531
2.00529
2.00527
2.00526
2.00525
2.00524
2.00523
2.00522
2.00521
2.00521
2.0052
2.0052
2.0052
2.0052
2.0052
2.00519
2.00519
2.00519
2.00519
2.00519
2.00519
2.00519
2.00519
2.00519
2.00519
2.00519
2.00519
2.00519
2.00519
2.00519
2.00519
2.00519
2.00519
2.00519
2.00519
2.00519
2.00519
2.00519
2.00519
2.00519
2.00519
2.00519
2.00519
2.00519
2.00519
2.00519
2.00519
2.00519
2.00519
2.00519
2.00519
2.00519
2.00519
2.00519
2.00519
2.00519
2.00519
2.00519
2.00519
2.00519
2.00519
2.00519
2.00519
2.00519
2.00519
2.00519
2.00519
2.00519
2.00519
2.00519
2.00519
2.00519
2.00519
2.00519
2.00519
2.00519
2.00519
2.00519
2.00519
2.00519
2.00519
2.00519
2.00519
2.00519
2.00519
2.00519
2.00519
2.00519
2.00519
2.00519
2.00519
2.00519
2.00519
2.00519
2.00519
2.00519
2.00519
2.00519
2.00519
2.00519
2.00519
2.00519
2.00519
2.00519
2.00519
2.00519
2.00519
2.00519
2.00519
2.00519
2.00519
2.00519
2.00519
2.00519
2.00519
2.00519
2.00519
2.00519
2.00519
2.00519
2.00519
2.00519
2.00519
2.00519
2.00519
2.00519
2.00519
2.00519
2.00519
2.00519
2.00519
2.00519
2.00519
2.00519
2.00519
2.00519
2.00519
2.00519
2.00519
2.00519
2.00519
2.00519
2.00519
2.00519
2.00519
2.00519
2.00519
2.00519
2.00519
2.00519
2.00519
2.00519
2.00519
2.00519
2.00519
2.00519
2.00519
2.00519
2.00519
2.00519
2.00519
2.00519
2.00519
2.00519
2.00519
2.00519
2.00519
2.00519
2.00519
2.00519
2.00519
2.00519
2.00519
2.0052
2.0052
2.0052
2.0052
2.0052
2.0052
2.0052
2.0052
2.0052
2.0052
2.0052
2.0052
2.0052
2.0052
2.0052
2.0052
2.0052
2.0052
2.0052
2.0052
2.0052
2.0052
2.0052
2.0052
2.0052
2.0052
2.0052
2.0052
2.0052
2.0052
2.0052
2.0052
2.0052
2.0052
2.0052
2.0052
2.0052
2.0052
2.0052
2.0052
2.0052
2.0052
2.0052
2.0052
2.0052
2.0052
2.0052
2.0052
2.0052
2.0052
2.0052
2.0052
2.0052
2.0052
2.0052
2.0052
2.0052
2.0052
2.0052
2.0052
2.0052
2.0052
2.0052
2.0052
2.0052
2.0052
2.0052
2.0052
2.0052
2.0052
2.0052
2.0052
2.0052
2.0052
2.0052
2.0052
2.0052
2.0052
2.0052
2.0052
2.0052
2.0052
2.0052
2.0052
2.0052
2.0052
2.0052
2.0052
2.0052
2.0052
2.0052
2.0052
2.0052
2.0052
2.0052
2.00519
2.00518
2.00515
2.00511
2.00507
2.00527
2.00525
0.0644911
0.160086
0.292224
0.437957
0.573899
0.684603
0.763798
0.811873
0.832859
0.832134
0.815071
0.786343
0.749718
0.708206
0.664393
0.620858
0.580476
0.546611
0.523047
0.511948
0.516535
0.535484
0.56414
0.597289
0.631176
0.664342
0.69778
0.735167
0.783286
0.851888
0.951038
1.0848
1.24534
1.41441
1.5721
1.70482
1.80767
1.88228
1.93361
1.96738
1.98874
2.00175
2.00935
2.0136
2.01584
2.01694
2.01741
2.01758
2.0176
2.01756
2.01751
2.01747
2.01743
2.0174
2.01738
2.01735
2.01734
2.01732
2.0173
2.01729
2.01728
2.01727
2.01726
2.01725
2.01725
2.01724
2.01724
2.01724
2.01723
2.01723
2.01723
2.01723
2.01723
2.01723
2.01723
2.01723
2.01723
2.01723
2.01723
2.01723
2.01723
2.01723
2.01723
2.01723
2.01723
2.01723
2.01723
2.01723
2.01723
2.01723
2.01723
2.01723
2.01723
2.01723
2.01723
2.01723
2.01723
2.01723
2.01723
2.01723
2.01723
2.01723
2.01723
2.01723
2.01723
2.01723
2.01723
2.01723
2.01723
2.01723
2.01723
2.01723
2.01723
2.01723
2.01723
2.01723
2.01723
2.01723
2.01723
2.01723
2.01723
2.01723
2.01723
2.01723
2.01723
2.01723
2.01723
2.01723
2.01723
2.01723
2.01723
2.01723
2.01723
2.01723
2.01723
2.01723
2.01723
2.01723
2.01723
2.01723
2.01723
2.01723
2.01723
2.01723
2.01723
2.01723
2.01723
2.01723
2.01723
2.01723
2.01723
2.01723
2.01723
2.01723
2.01723
2.01723
2.01723
2.01723
2.01723
2.01723
2.01723
2.01723
2.01723
2.01723
2.01723
2.01723
2.01723
2.01723
2.01723
2.01723
2.01723
2.01723
2.01723
2.01723
2.01723
2.01723
2.01723
2.01723
2.01723
2.01723
2.01723
2.01723
2.01723
2.01723
2.01723
2.01723
2.01723
2.01723
2.01723
2.01723
2.01723
2.01723
2.01723
2.01723
2.01723
2.01723
2.01723
2.01723
2.01723
2.01723
2.01723
2.01723
2.01723
2.01723
2.01723
2.01723
2.01723
2.01723
2.01723
2.01723
2.01723
2.01723
2.01723
2.01723
2.01723
2.01723
2.01723
2.01723
2.01723
2.01723
2.01723
2.01723
2.01723
2.01723
2.01723
2.01723
2.01723
2.01723
2.01723
2.01723
2.01723
2.01723
2.01723
2.01723
2.01723
2.01723
2.01723
2.01723
2.01723
2.01723
2.01723
2.01723
2.01723
2.01723
2.01723
2.01723
2.01723
2.01723
2.01723
2.01723
2.01723
2.01723
2.01723
2.01723
2.01723
2.01723
2.01723
2.01723
2.01723
2.01723
2.01723
2.01723
2.01723
2.01723
2.01723
2.01723
2.01723
2.01723
2.01723
2.01723
2.01723
2.01723
2.01723
2.01723
2.01723
2.01723
2.01723
2.01723
2.01723
2.01723
2.01723
2.01723
2.01724
2.01724
2.01724
2.01724
2.01724
2.01724
2.01724
2.01724
2.01724
2.01724
2.01724
2.01724
2.01724
2.01724
2.01724
2.01724
2.01724
2.01724
2.01724
2.01724
2.01724
2.01724
2.01724
2.01724
2.01724
2.01724
2.01724
2.01724
2.01724
2.01724
2.01724
2.01724
2.01724
2.01724
2.01724
2.01724
2.01724
2.01724
2.01724
2.01724
2.01724
2.01723
2.01723
2.01722
2.01722
2.01722
2.0174
2.01715
0.0571149
0.138362
0.254226
0.387914
0.519283
0.632639
0.719526
0.777841
0.80963
0.818995
0.810578
0.788633
0.75661
0.717172
0.67256
0.625081
0.577529
0.533377
0.496823
0.472203
0.465114
0.478561
0.508577
0.54768
0.589423
0.630572
0.671387
0.715359
0.769024
0.841342
0.941256
1.07269
1.2296
1.39637
1.55455
1.69024
1.7973
1.87622
1.93122
1.96778
1.99107
2.00531
2.01364
2.01829
2.02073
2.02191
2.0224
2.02256
2.02256
2.0225
2.02243
2.02237
2.02232
2.02228
2.02225
2.02222
2.0222
2.02218
2.02217
2.02215
2.02214
2.02213
2.02212
2.02211
2.0221
2.0221
2.0221
2.02209
2.02209
2.02209
2.02209
2.02209
2.02209
2.02209
2.02209
2.02209
2.02209
2.02209
2.02209
2.02209
2.02209
2.02209
2.02209
2.02209
2.02209
2.02209
2.02209
2.02209
2.02209
2.02209
2.02209
2.02209
2.02209
2.02208
2.02208
2.02208
2.02208
2.02208
2.02208
2.02208
2.02208
2.02208
2.02208
2.02208
2.02208
2.02208
2.02208
2.02208
2.02208
2.02208
2.02208
2.02208
2.02208
2.02208
2.02208
2.02208
2.02208
2.02209
2.02209
2.02209
2.02209
2.02209
2.02209
2.02209
2.02209
2.02209
2.02209
2.02209
2.02209
2.02209
2.02209
2.02209
2.02209
2.02209
2.02209
2.02209
2.02209
2.02209
2.02209
2.02209
2.02208
2.02208
2.02208
2.02208
2.02208
2.02208
2.02208
2.02208
2.02208
2.02208
2.02208
2.02208
2.02208
2.02208
2.02208
2.02208
2.02208
2.02208
2.02208
2.02208
2.02208
2.02208
2.02208
2.02208
2.02208
2.02208
2.02208
2.02208
2.02208
2.02208
2.02208
2.02208
2.02208
2.02208
2.02208
2.02208
2.02208
2.02208
2.02208
2.02208
2.02208
2.02208
2.02208
2.02208
2.02208
2.02208
2.02209
2.02209
2.02209
2.02209
2.02209
2.02209
2.02209
2.02209
2.02209
2.02209
2.02209
2.02209
2.02209
2.02209
2.02209
2.02209
2.02209
2.02209
2.02209
2.02209
2.02209
2.02209
2.02209
2.02209
2.02209
2.02209
2.02209
2.02209
2.02209
2.02209
2.02209
2.02209
2.02209
2.02209
2.02209
2.02209
2.02209
2.02209
2.02209
2.02209
2.02209
2.02209
2.02209
2.02209
2.02209
2.02209
2.02209
2.02209
2.02209
2.02209
2.02209
2.02209
2.02209
2.02209
2.02209
2.02209
2.02209
2.02209
2.02209
2.02209
2.02209
2.02209
2.02209
2.02209
2.02209
2.02209
2.02209
2.02209
2.02209
2.02209
2.02209
2.02209
2.02209
2.02209
2.02209
2.02209
2.02209
2.02209
2.02209
2.02209
2.02209
2.02209
2.02209
2.02209
2.02209
2.02209
2.02209
2.02209
2.02209
2.02209
2.02209
2.02209
2.02209
2.02209
2.02209
2.02209
2.02209
2.02209
2.02209
2.02209
2.02209
2.02209
2.02209
2.02209
2.02209
2.02209
2.02209
2.02209
2.02209
2.02209
2.02209
2.02209
2.02209
2.02209
2.02209
2.02209
2.02209
2.02209
2.02209
2.02209
2.02209
2.02209
2.0221
2.0221
2.0221
2.0221
2.0221
2.0221
2.0221
2.0221
2.0221
2.0221
2.0221
2.0221
2.0221
2.0221
2.0221
2.0221
2.02211
2.02213
2.02219
2.02225
2.0224
2.02189
)
;
    }
    symY
    {
        type            symmetryPlane;
    }
    symX
    {
        type            symmetryPlane;
    }
}


// ************************************************************************* //
