/*--------------------------------*- C++ -*----------------------------------*\
| =========                 |                                                 |
| \\      /  F ield         | OpenFOAM: The Open Source CFD Toolbox           |
|  \\    /   O peration     | Version:  2412                                  |
|   \\  /    A nd           | Website:  www.openfoam.com                      |
|    \\/     M anipulation  |                                                 |
\*---------------------------------------------------------------------------*/
FoamFile
{
    version     2.0;
    format      ascii;
    arch        "LSB;label=32;scalar=64";
    class       volScalarField;
    location    "100";
    object      p;
}
// * * * * * * * * * * * * * * * * * * * * * * * * * * * * * * * * * * * * * //

dimensions      [0 2 -2 0 0 0 0];

internalField   nonuniform List<scalar> 
22770
(
-124.401
-124.397
-124.388
-124.397
-124.394
-124.385
-124.388
-124.385
-124.372
-124.463
-124.463
-124.458
-124.463
-124.462
-124.458
-124.458
-124.458
-124.452
-124.589
-124.591
-124.589
-124.591
-124.593
-124.591
-124.589
-124.591
-124.587
-124.742
-124.747
-124.747
-124.747
-124.751
-124.75
-124.747
-124.75
-124.746
-124.922
-124.928
-124.929
-124.928
-124.933
-124.933
-124.929
-124.933
-124.924
-125.095
-125.1
-125.101
-125.1
-125.105
-125.104
-125.101
-125.104
-125.089
-125.199
-125.203
-125.204
-125.203
-125.205
-125.205
-125.204
-125.205
-125.186
-125.197
-125.199
-125.201
-125.199
-125.199
-125.2
-125.201
-125.2
-125.182
-125.095
-125.095
-125.096
-125.095
-125.093
-125.094
-125.096
-125.094
-125.082
-124.91
-124.908
-124.91
-124.908
-124.905
-124.908
-124.91
-124.908
-124.904
-124.677
-124.674
-124.678
-124.674
-124.671
-124.677
-124.678
-124.677
-124.683
-124.447
-124.445
-124.45
-124.445
-124.443
-124.452
-124.45
-124.452
-124.469
-124.273
-124.273
-124.279
-124.273
-124.273
-124.285
-124.279
-124.285
-124.311
-124.188
-124.189
-124.196
-124.189
-124.191
-124.205
-124.196
-124.205
-124.237
-124.194
-124.196
-124.204
-124.195
-124.199
-124.214
-124.204
-124.214
-124.248
-124.269
-124.272
-124.283
-124.272
-124.275
-124.291
-124.283
-124.291
-124.326
-124.383
-124.386
-124.398
-124.386
-124.389
-124.405
-124.398
-124.405
-124.437
-124.497
-124.501
-124.513
-124.501
-124.504
-124.518
-124.513
-124.518
-124.546
-124.589
-124.592
-124.603
-124.592
-124.595
-124.607
-124.603
-124.607
-124.629
-124.65
-124.653
-124.662
-124.653
-124.655
-124.665
-124.662
-124.665
-124.681
-124.69
-124.691
-124.698
-124.691
-124.693
-124.7
-124.698
-124.7
-124.711
-124.718
-124.72
-124.725
-124.72
-124.721
-124.726
-124.725
-124.726
-124.734
-124.749
-124.75
-124.755
-124.75
-124.751
-124.755
-124.755
-124.755
-124.761
-124.789
-124.79
-124.794
-124.79
-124.791
-124.795
-124.794
-124.795
-124.799
-124.842
-124.844
-124.847
-124.844
-124.844
-124.847
-124.847
-124.847
-124.851
-124.908
-124.908
-124.911
-124.908
-124.908
-124.91
-124.911
-124.91
-124.915
-124.977
-124.977
-124.981
-124.977
-124.976
-124.98
-124.981
-124.98
-124.985
-125.041
-125.043
-125.05
-125.043
-125.044
-125.05
-125.05
-125.05
-125.055
-125.101
-125.105
-125.113
-125.105
-125.107
-125.112
-125.113
-125.112
-125.113
-125.16
-125.163
-125.165
-125.163
-125.163
-125.161
-125.165
-125.161
-125.156
-125.215
-125.209
-125.199
-125.209
-125.202
-125.19
-125.199
-125.19
-125.179
-125.24
-125.223
-125.2
-125.223
-125.207
-125.187
-125.2
-125.187
-125.175
-125.205
-125.18
-125.152
-125.18
-125.16
-125.137
-125.151
-125.137
-125.127
-125.09
-125.063
-125.035
-125.063
-125.043
-125.023
-125.035
-125.023
-125.015
-124.89
-124.867
-124.844
-124.867
-124.85
-124.835
-124.844
-124.835
-124.83
-124.616
-124.599
-124.583
-124.599
-124.587
-124.576
-124.583
-124.576
-124.573
-124.285
-124.273
-124.263
-124.273
-124.265
-124.259
-124.263
-124.259
-124.257
-123.913
-123.906
-123.9
-123.906
-123.902
-123.898
-123.9
-123.898
-123.897
-123.515
-123.512
-123.509
-123.512
-123.509
-123.507
-123.509
-123.507
-123.507
-123.102
-123.1
-123.099
-123.1
-123.099
-123.099
-123.099
-123.099
-123.099
-122.679
-122.679
-122.679
-122.679
-122.679
-122.679
-122.679
-122.679
-122.679
-122.253
-122.253
-122.254
-122.253
-122.254
-122.254
-122.254
-122.254
-122.255
-121.825
-121.826
-121.826
-121.826
-121.826
-121.827
-121.826
-121.827
-121.827
-121.397
-121.398
-121.398
-121.398
-121.398
-121.399
-121.398
-121.399
-121.399
-120.969
-120.97
-120.971
-120.97
-120.97
-120.971
-120.971
-120.971
-120.971
-120.542
-120.543
-120.543
-120.543
-120.543
-120.544
-120.543
-120.544
-120.544
-120.116
-120.116
-120.117
-120.116
-120.117
-120.117
-120.117
-120.117
-120.117
-119.69
-119.691
-119.691
-119.691
-119.691
-119.691
-119.691
-119.691
-119.691
-119.265
-119.265
-119.266
-119.265
-119.266
-119.266
-119.266
-119.266
-119.266
-118.84
-118.841
-118.841
-118.841
-118.841
-118.841
-118.841
-118.841
-118.841
-118.416
-118.416
-118.416
-118.416
-118.416
-118.416
-118.416
-118.416
-118.416
-117.992
-117.992
-117.992
-117.992
-117.992
-117.992
-117.992
-117.992
-117.992
-117.568
-117.568
-117.568
-117.568
-117.568
-117.568
-117.568
-117.568
-117.568
-117.144
-117.144
-117.144
-117.144
-117.144
-117.144
-117.144
-117.144
-117.144
-116.72
-116.72
-116.72
-116.72
-116.72
-116.72
-116.72
-116.72
-116.72
-116.296
-116.296
-116.296
-116.296
-116.296
-116.296
-116.296
-116.296
-116.296
-115.872
-115.872
-115.872
-115.872
-115.872
-115.872
-115.872
-115.872
-115.872
-115.448
-115.448
-115.448
-115.448
-115.448
-115.448
-115.448
-115.448
-115.448
-115.025
-115.025
-115.025
-115.025
-115.025
-115.025
-115.025
-115.025
-115.025
-114.601
-114.601
-114.601
-114.601
-114.601
-114.601
-114.601
-114.601
-114.601
-114.177
-114.177
-114.177
-114.177
-114.177
-114.177
-114.177
-114.177
-114.177
-113.753
-113.753
-113.753
-113.753
-113.753
-113.753
-113.753
-113.753
-113.753
-113.33
-113.33
-113.33
-113.33
-113.33
-113.33
-113.33
-113.33
-113.33
-112.906
-112.906
-112.906
-112.906
-112.906
-112.906
-112.906
-112.906
-112.906
-112.482
-112.482
-112.482
-112.482
-112.482
-112.482
-112.482
-112.482
-112.482
-112.059
-112.059
-112.059
-112.059
-112.059
-112.059
-112.059
-112.059
-112.059
-111.635
-111.635
-111.635
-111.635
-111.635
-111.635
-111.635
-111.635
-111.635
-111.211
-111.211
-111.211
-111.211
-111.211
-111.211
-111.211
-111.211
-111.211
-110.787
-110.787
-110.787
-110.787
-110.787
-110.787
-110.787
-110.787
-110.787
-110.364
-110.364
-110.364
-110.364
-110.364
-110.364
-110.364
-110.364
-110.364
-109.94
-109.94
-109.94
-109.94
-109.94
-109.94
-109.94
-109.94
-109.94
-109.516
-109.516
-109.516
-109.516
-109.516
-109.516
-109.516
-109.516
-109.516
-109.093
-109.093
-109.093
-109.093
-109.093
-109.093
-109.093
-109.093
-109.093
-108.669
-108.669
-108.669
-108.669
-108.669
-108.669
-108.669
-108.669
-108.669
-108.245
-108.245
-108.245
-108.245
-108.245
-108.245
-108.245
-108.245
-108.245
-107.822
-107.822
-107.822
-107.822
-107.822
-107.822
-107.822
-107.822
-107.822
-107.398
-107.398
-107.398
-107.398
-107.398
-107.398
-107.398
-107.398
-107.398
-106.974
-106.974
-106.974
-106.974
-106.974
-106.974
-106.974
-106.974
-106.974
-106.551
-106.551
-106.551
-106.551
-106.551
-106.551
-106.551
-106.551
-106.551
-106.127
-106.127
-106.127
-106.127
-106.127
-106.127
-106.127
-106.127
-106.127
-105.703
-105.703
-105.703
-105.703
-105.703
-105.703
-105.703
-105.703
-105.703
-105.279
-105.279
-105.279
-105.279
-105.279
-105.279
-105.279
-105.279
-105.279
-104.856
-104.856
-104.856
-104.856
-104.856
-104.856
-104.856
-104.856
-104.856
-104.432
-104.432
-104.432
-104.432
-104.432
-104.432
-104.432
-104.432
-104.432
-104.008
-104.008
-104.008
-104.008
-104.008
-104.008
-104.008
-104.008
-104.008
-103.585
-103.585
-103.585
-103.585
-103.585
-103.585
-103.585
-103.585
-103.585
-103.161
-103.161
-103.161
-103.161
-103.161
-103.161
-103.161
-103.161
-103.161
-102.737
-102.737
-102.737
-102.737
-102.737
-102.737
-102.737
-102.737
-102.737
-102.314
-102.314
-102.314
-102.314
-102.314
-102.314
-102.314
-102.314
-102.314
-101.89
-101.89
-101.89
-101.89
-101.89
-101.89
-101.89
-101.89
-101.89
-101.466
-101.466
-101.466
-101.466
-101.466
-101.466
-101.466
-101.466
-101.466
-101.043
-101.043
-101.043
-101.043
-101.043
-101.043
-101.043
-101.043
-101.043
-100.619
-100.619
-100.619
-100.619
-100.619
-100.619
-100.619
-100.619
-100.619
-100.195
-100.195
-100.195
-100.195
-100.195
-100.195
-100.195
-100.195
-100.195
-99.7714
-99.7714
-99.7714
-99.7714
-99.7714
-99.7714
-99.7714
-99.7714
-99.7714
-99.3477
-99.3477
-99.3477
-99.3477
-99.3477
-99.3477
-99.3477
-99.3477
-99.3477
-98.924
-98.924
-98.924
-98.924
-98.924
-98.924
-98.924
-98.924
-98.924
-98.5003
-98.5003
-98.5003
-98.5003
-98.5003
-98.5003
-98.5003
-98.5003
-98.5003
-98.0767
-98.0767
-98.0767
-98.0767
-98.0767
-98.0767
-98.0767
-98.0767
-98.0767
-97.653
-97.653
-97.653
-97.653
-97.653
-97.653
-97.653
-97.653
-97.653
-97.2293
-97.2293
-97.2293
-97.2293
-97.2293
-97.2293
-97.2293
-97.2293
-97.2293
-96.8056
-96.8056
-96.8056
-96.8056
-96.8056
-96.8056
-96.8056
-96.8056
-96.8056
-96.3819
-96.3819
-96.3819
-96.3819
-96.3819
-96.3819
-96.3819
-96.3819
-96.3819
-95.9582
-95.9582
-95.9582
-95.9582
-95.9582
-95.9582
-95.9582
-95.9582
-95.9582
-95.5345
-95.5345
-95.5345
-95.5345
-95.5345
-95.5345
-95.5345
-95.5345
-95.5345
-95.1108
-95.1108
-95.1108
-95.1108
-95.1108
-95.1108
-95.1108
-95.1108
-95.1108
-94.6871
-94.6871
-94.6871
-94.6871
-94.6871
-94.6871
-94.6871
-94.6871
-94.6871
-94.2634
-94.2634
-94.2634
-94.2634
-94.2634
-94.2634
-94.2634
-94.2634
-94.2634
-93.8397
-93.8397
-93.8397
-93.8397
-93.8397
-93.8397
-93.8397
-93.8397
-93.8397
-93.416
-93.416
-93.416
-93.416
-93.416
-93.416
-93.416
-93.416
-93.416
-92.9923
-92.9923
-92.9923
-92.9923
-92.9923
-92.9923
-92.9923
-92.9923
-92.9923
-92.5687
-92.5687
-92.5687
-92.5687
-92.5687
-92.5687
-92.5687
-92.5687
-92.5687
-92.145
-92.145
-92.145
-92.145
-92.145
-92.145
-92.145
-92.145
-92.145
-91.7213
-91.7213
-91.7213
-91.7213
-91.7213
-91.7213
-91.7213
-91.7213
-91.7213
-91.2976
-91.2976
-91.2976
-91.2976
-91.2976
-91.2976
-91.2976
-91.2976
-91.2976
-90.8739
-90.8739
-90.8739
-90.8739
-90.8739
-90.8739
-90.8739
-90.8739
-90.8739
-90.4502
-90.4502
-90.4502
-90.4502
-90.4502
-90.4502
-90.4502
-90.4502
-90.4502
-90.0265
-90.0265
-90.0265
-90.0265
-90.0265
-90.0265
-90.0265
-90.0265
-90.0265
-89.6028
-89.6028
-89.6028
-89.6028
-89.6028
-89.6028
-89.6028
-89.6028
-89.6028
-89.1791
-89.1791
-89.1791
-89.1791
-89.1791
-89.1791
-89.1791
-89.1791
-89.1791
-88.7554
-88.7554
-88.7554
-88.7554
-88.7554
-88.7554
-88.7554
-88.7554
-88.7554
-88.3317
-88.3317
-88.3317
-88.3317
-88.3317
-88.3317
-88.3317
-88.3317
-88.3317
-87.908
-87.908
-87.908
-87.908
-87.908
-87.908
-87.908
-87.908
-87.908
-87.4843
-87.4843
-87.4843
-87.4843
-87.4843
-87.4843
-87.4843
-87.4843
-87.4843
-87.0606
-87.0606
-87.0606
-87.0606
-87.0606
-87.0606
-87.0606
-87.0606
-87.0606
-86.637
-86.637
-86.637
-86.637
-86.637
-86.637
-86.637
-86.637
-86.637
-86.2133
-86.2133
-86.2133
-86.2133
-86.2133
-86.2133
-86.2133
-86.2133
-86.2133
-85.7896
-85.7896
-85.7896
-85.7896
-85.7896
-85.7896
-85.7896
-85.7896
-85.7896
-85.3659
-85.3659
-85.3659
-85.3659
-85.3659
-85.3659
-85.3659
-85.3659
-85.3659
-84.9422
-84.9422
-84.9422
-84.9422
-84.9422
-84.9422
-84.9422
-84.9422
-84.9422
-84.5185
-84.5185
-84.5185
-84.5185
-84.5185
-84.5185
-84.5185
-84.5185
-84.5185
-84.0948
-84.0948
-84.0948
-84.0948
-84.0948
-84.0948
-84.0948
-84.0948
-84.0948
-83.6711
-83.6711
-83.6711
-83.6711
-83.6711
-83.6711
-83.6711
-83.6711
-83.6711
-83.2474
-83.2474
-83.2474
-83.2474
-83.2474
-83.2474
-83.2474
-83.2474
-83.2474
-82.8237
-82.8237
-82.8237
-82.8237
-82.8237
-82.8237
-82.8237
-82.8237
-82.8237
-82.4
-82.4
-82.4
-82.4
-82.4
-82.4
-82.4
-82.4
-82.4
-81.9763
-81.9763
-81.9763
-81.9763
-81.9763
-81.9763
-81.9763
-81.9763
-81.9763
-81.5526
-81.5526
-81.5526
-81.5526
-81.5526
-81.5526
-81.5526
-81.5526
-81.5526
-81.129
-81.129
-81.129
-81.129
-81.129
-81.129
-81.129
-81.129
-81.129
-80.7053
-80.7053
-80.7053
-80.7053
-80.7053
-80.7053
-80.7053
-80.7053
-80.7053
-80.2816
-80.2816
-80.2816
-80.2816
-80.2816
-80.2816
-80.2816
-80.2816
-80.2816
-79.8579
-79.8579
-79.8579
-79.8579
-79.8579
-79.8579
-79.8579
-79.8579
-79.8579
-79.4342
-79.4342
-79.4342
-79.4342
-79.4342
-79.4342
-79.4342
-79.4342
-79.4342
-79.0105
-79.0105
-79.0105
-79.0105
-79.0105
-79.0105
-79.0105
-79.0105
-79.0105
-78.5868
-78.5868
-78.5868
-78.5868
-78.5868
-78.5868
-78.5868
-78.5868
-78.5868
-78.1631
-78.1631
-78.1631
-78.1631
-78.1631
-78.1631
-78.1631
-78.1631
-78.1631
-77.7394
-77.7394
-77.7394
-77.7394
-77.7394
-77.7394
-77.7394
-77.7394
-77.7394
-77.3157
-77.3157
-77.3157
-77.3157
-77.3157
-77.3157
-77.3157
-77.3157
-77.3157
-76.892
-76.892
-76.892
-76.892
-76.892
-76.892
-76.892
-76.892
-76.892
-76.4683
-76.4683
-76.4683
-76.4683
-76.4683
-76.4683
-76.4683
-76.4683
-76.4683
-76.0447
-76.0447
-76.0447
-76.0447
-76.0447
-76.0447
-76.0447
-76.0447
-76.0447
-75.621
-75.621
-75.621
-75.621
-75.621
-75.621
-75.621
-75.621
-75.621
-75.1973
-75.1973
-75.1973
-75.1973
-75.1973
-75.1973
-75.1973
-75.1973
-75.1973
-74.7736
-74.7736
-74.7736
-74.7736
-74.7736
-74.7736
-74.7736
-74.7736
-74.7736
-74.3499
-74.3499
-74.3499
-74.3499
-74.3499
-74.3499
-74.3499
-74.3499
-74.3499
-73.9262
-73.9262
-73.9262
-73.9262
-73.9262
-73.9262
-73.9262
-73.9262
-73.9262
-73.5025
-73.5025
-73.5025
-73.5025
-73.5025
-73.5025
-73.5025
-73.5025
-73.5025
-73.0788
-73.0788
-73.0788
-73.0788
-73.0788
-73.0788
-73.0788
-73.0788
-73.0788
-72.6551
-72.6551
-72.6551
-72.6551
-72.6551
-72.6551
-72.6551
-72.6551
-72.6551
-72.2314
-72.2314
-72.2314
-72.2314
-72.2314
-72.2314
-72.2314
-72.2314
-72.2314
-71.8077
-71.8077
-71.8077
-71.8077
-71.8077
-71.8077
-71.8077
-71.8077
-71.8077
-71.384
-71.384
-71.384
-71.384
-71.384
-71.384
-71.384
-71.384
-71.384
-70.9603
-70.9603
-70.9603
-70.9603
-70.9603
-70.9603
-70.9603
-70.9603
-70.9603
-70.5367
-70.5367
-70.5367
-70.5367
-70.5367
-70.5367
-70.5367
-70.5367
-70.5367
-70.113
-70.113
-70.113
-70.113
-70.113
-70.113
-70.113
-70.113
-70.113
-69.6893
-69.6893
-69.6893
-69.6893
-69.6893
-69.6893
-69.6893
-69.6893
-69.6893
-69.2656
-69.2656
-69.2656
-69.2656
-69.2656
-69.2656
-69.2656
-69.2656
-69.2656
-68.8419
-68.8419
-68.8419
-68.8419
-68.8419
-68.8419
-68.8419
-68.8419
-68.8419
-68.4182
-68.4182
-68.4182
-68.4182
-68.4182
-68.4182
-68.4182
-68.4182
-68.4182
-67.9945
-67.9945
-67.9945
-67.9945
-67.9945
-67.9945
-67.9945
-67.9945
-67.9945
-67.5708
-67.5708
-67.5708
-67.5708
-67.5708
-67.5708
-67.5708
-67.5708
-67.5708
-67.1471
-67.1471
-67.1471
-67.1471
-67.1471
-67.1471
-67.1471
-67.1471
-67.1471
-66.7234
-66.7234
-66.7234
-66.7234
-66.7234
-66.7234
-66.7234
-66.7234
-66.7234
-66.2997
-66.2997
-66.2997
-66.2997
-66.2997
-66.2997
-66.2997
-66.2997
-66.2997
-65.876
-65.876
-65.876
-65.876
-65.876
-65.876
-65.876
-65.876
-65.876
-65.4524
-65.4524
-65.4524
-65.4524
-65.4524
-65.4524
-65.4524
-65.4524
-65.4524
-65.0287
-65.0287
-65.0287
-65.0287
-65.0287
-65.0287
-65.0287
-65.0287
-65.0287
-64.605
-64.605
-64.605
-64.605
-64.605
-64.605
-64.605
-64.605
-64.605
-64.1813
-64.1813
-64.1813
-64.1813
-64.1813
-64.1813
-64.1813
-64.1813
-64.1813
-63.7576
-63.7576
-63.7576
-63.7576
-63.7576
-63.7576
-63.7576
-63.7576
-63.7576
-63.3339
-63.3339
-63.3339
-63.3339
-63.3339
-63.3339
-63.3339
-63.3339
-63.3339
-62.9102
-62.9102
-62.9102
-62.9102
-62.9102
-62.9102
-62.9102
-62.9102
-62.9102
-62.4865
-62.4865
-62.4865
-62.4865
-62.4865
-62.4865
-62.4865
-62.4865
-62.4865
-62.0628
-62.0628
-62.0628
-62.0628
-62.0628
-62.0628
-62.0628
-62.0628
-62.0628
-61.6391
-61.6391
-61.6391
-61.6391
-61.6391
-61.6391
-61.6391
-61.6391
-61.6391
-61.2154
-61.2154
-61.2154
-61.2154
-61.2154
-61.2154
-61.2154
-61.2154
-61.2154
-60.7917
-60.7917
-60.7917
-60.7917
-60.7917
-60.7917
-60.7917
-60.7917
-60.7917
-60.368
-60.368
-60.368
-60.368
-60.368
-60.368
-60.368
-60.368
-60.368
-59.9443
-59.9443
-59.9443
-59.9443
-59.9443
-59.9443
-59.9443
-59.9443
-59.9443
-59.5207
-59.5207
-59.5207
-59.5207
-59.5207
-59.5207
-59.5207
-59.5207
-59.5207
-59.097
-59.097
-59.097
-59.097
-59.097
-59.097
-59.097
-59.097
-59.097
-58.6733
-58.6733
-58.6733
-58.6733
-58.6733
-58.6733
-58.6733
-58.6733
-58.6733
-58.2496
-58.2496
-58.2496
-58.2496
-58.2496
-58.2496
-58.2496
-58.2496
-58.2496
-57.8259
-57.8259
-57.8259
-57.8259
-57.8259
-57.8259
-57.8259
-57.8259
-57.8259
-57.4022
-57.4022
-57.4022
-57.4022
-57.4022
-57.4022
-57.4022
-57.4022
-57.4022
-56.9785
-56.9785
-56.9785
-56.9785
-56.9785
-56.9785
-56.9785
-56.9785
-56.9785
-56.5548
-56.5548
-56.5548
-56.5548
-56.5548
-56.5548
-56.5548
-56.5548
-56.5548
-56.1311
-56.1311
-56.1311
-56.1311
-56.1311
-56.1311
-56.1311
-56.1311
-56.1311
-55.7074
-55.7074
-55.7074
-55.7074
-55.7074
-55.7074
-55.7074
-55.7074
-55.7074
-55.2837
-55.2837
-55.2837
-55.2837
-55.2837
-55.2837
-55.2837
-55.2837
-55.2837
-54.86
-54.86
-54.86
-54.86
-54.86
-54.86
-54.86
-54.86
-54.86
-54.4363
-54.4363
-54.4363
-54.4363
-54.4363
-54.4363
-54.4363
-54.4363
-54.4363
-54.0126
-54.0126
-54.0126
-54.0126
-54.0126
-54.0126
-54.0126
-54.0126
-54.0126
-53.5889
-53.5889
-53.5889
-53.5889
-53.5889
-53.5889
-53.5889
-53.5889
-53.5889
-53.1652
-53.1652
-53.1652
-53.1652
-53.1652
-53.1652
-53.1652
-53.1652
-53.1652
-52.7415
-52.7415
-52.7415
-52.7415
-52.7415
-52.7415
-52.7415
-52.7415
-52.7415
-52.3178
-52.3178
-52.3178
-52.3178
-52.3178
-52.3178
-52.3178
-52.3178
-52.3178
-51.8941
-51.8941
-51.8941
-51.8941
-51.8941
-51.8941
-51.8941
-51.8941
-51.8941
-51.4705
-51.4705
-51.4705
-51.4705
-51.4705
-51.4705
-51.4705
-51.4705
-51.4705
-51.0468
-51.0468
-51.0468
-51.0468
-51.0468
-51.0468
-51.0468
-51.0468
-51.0468
-50.6231
-50.6231
-50.6231
-50.6231
-50.6231
-50.6231
-50.6231
-50.6231
-50.6231
-50.1994
-50.1994
-50.1994
-50.1994
-50.1994
-50.1994
-50.1994
-50.1994
-50.1994
-49.7757
-49.7757
-49.7757
-49.7757
-49.7757
-49.7757
-49.7757
-49.7757
-49.7757
-49.352
-49.352
-49.352
-49.352
-49.352
-49.352
-49.352
-49.352
-49.352
-48.9283
-48.9283
-48.9283
-48.9283
-48.9283
-48.9283
-48.9283
-48.9283
-48.9283
-48.5046
-48.5046
-48.5046
-48.5046
-48.5046
-48.5046
-48.5046
-48.5046
-48.5046
-48.0809
-48.0809
-48.0809
-48.0809
-48.0809
-48.0809
-48.0809
-48.0809
-48.0809
-47.6572
-47.6572
-47.6572
-47.6572
-47.6572
-47.6572
-47.6572
-47.6572
-47.6572
-47.2335
-47.2335
-47.2335
-47.2335
-47.2335
-47.2335
-47.2335
-47.2335
-47.2335
-46.8098
-46.8098
-46.8098
-46.8098
-46.8098
-46.8098
-46.8098
-46.8098
-46.8098
-46.3861
-46.3861
-46.3861
-46.3861
-46.3861
-46.3861
-46.3861
-46.3861
-46.3861
-45.9624
-45.9624
-45.9624
-45.9624
-45.9624
-45.9624
-45.9624
-45.9624
-45.9624
-45.5387
-45.5387
-45.5387
-45.5387
-45.5387
-45.5387
-45.5387
-45.5387
-45.5387
-45.115
-45.115
-45.115
-45.115
-45.115
-45.115
-45.115
-45.115
-45.115
-44.6913
-44.6913
-44.6913
-44.6913
-44.6913
-44.6913
-44.6913
-44.6913
-44.6913
-44.2676
-44.2676
-44.2676
-44.2676
-44.2676
-44.2676
-44.2676
-44.2676
-44.2676
-43.8439
-43.8439
-43.8439
-43.8439
-43.8439
-43.8439
-43.8439
-43.8439
-43.8439
-43.4202
-43.4202
-43.4202
-43.4202
-43.4202
-43.4202
-43.4202
-43.4202
-43.4202
-42.9965
-42.9965
-42.9965
-42.9965
-42.9965
-42.9965
-42.9965
-42.9965
-42.9965
-42.5728
-42.5728
-42.5728
-42.5728
-42.5728
-42.5728
-42.5728
-42.5728
-42.5728
-42.1491
-42.1491
-42.1491
-42.1491
-42.1491
-42.1491
-42.1491
-42.1491
-42.1491
-41.7254
-41.7254
-41.7254
-41.7254
-41.7254
-41.7254
-41.7254
-41.7254
-41.7254
-41.3017
-41.3017
-41.3017
-41.3017
-41.3017
-41.3017
-41.3017
-41.3017
-41.3017
-40.8781
-40.8781
-40.8781
-40.8781
-40.8781
-40.8781
-40.8781
-40.8781
-40.8781
-40.4544
-40.4544
-40.4544
-40.4544
-40.4544
-40.4544
-40.4544
-40.4544
-40.4544
-40.0307
-40.0307
-40.0307
-40.0307
-40.0307
-40.0307
-40.0307
-40.0307
-40.0307
-39.607
-39.607
-39.607
-39.607
-39.607
-39.607
-39.607
-39.607
-39.607
-39.1833
-39.1833
-39.1833
-39.1833
-39.1833
-39.1833
-39.1833
-39.1833
-39.1833
-38.7596
-38.7596
-38.7596
-38.7596
-38.7596
-38.7596
-38.7596
-38.7596
-38.7596
-38.3359
-38.3359
-38.3359
-38.3359
-38.3359
-38.3359
-38.3359
-38.3359
-38.3359
-37.9122
-37.9122
-37.9122
-37.9122
-37.9122
-37.9122
-37.9122
-37.9122
-37.9122
-37.4885
-37.4885
-37.4885
-37.4885
-37.4885
-37.4885
-37.4885
-37.4885
-37.4885
-37.0648
-37.0648
-37.0648
-37.0648
-37.0648
-37.0648
-37.0648
-37.0648
-37.0648
-36.6411
-36.6411
-36.6411
-36.6411
-36.6411
-36.6411
-36.6411
-36.6411
-36.6411
-36.2174
-36.2174
-36.2174
-36.2174
-36.2174
-36.2174
-36.2174
-36.2174
-36.2174
-35.7937
-35.7937
-35.7937
-35.7937
-35.7937
-35.7937
-35.7937
-35.7937
-35.7937
-35.37
-35.37
-35.37
-35.37
-35.37
-35.37
-35.37
-35.37
-35.37
-34.9463
-34.9463
-34.9463
-34.9463
-34.9463
-34.9463
-34.9463
-34.9463
-34.9463
-34.5226
-34.5226
-34.5226
-34.5226
-34.5226
-34.5226
-34.5226
-34.5226
-34.5226
-34.0989
-34.0989
-34.0989
-34.0989
-34.0989
-34.0989
-34.0989
-34.0989
-34.0989
-33.6752
-33.6752
-33.6752
-33.6752
-33.6752
-33.6752
-33.6752
-33.6752
-33.6752
-33.2515
-33.2515
-33.2515
-33.2515
-33.2515
-33.2515
-33.2515
-33.2515
-33.2515
-32.8278
-32.8278
-32.8278
-32.8278
-32.8278
-32.8278
-32.8278
-32.8278
-32.8278
-32.4041
-32.4041
-32.4041
-32.4041
-32.4041
-32.4041
-32.4041
-32.4041
-32.4041
-31.9804
-31.9804
-31.9804
-31.9804
-31.9804
-31.9804
-31.9804
-31.9804
-31.9804
-31.5567
-31.5567
-31.5567
-31.5567
-31.5567
-31.5567
-31.5567
-31.5567
-31.5567
-31.133
-31.133
-31.133
-31.133
-31.133
-31.133
-31.133
-31.133
-31.133
-30.7093
-30.7093
-30.7093
-30.7093
-30.7093
-30.7093
-30.7093
-30.7093
-30.7093
-30.2856
-30.2856
-30.2856
-30.2856
-30.2856
-30.2856
-30.2856
-30.2856
-30.2856
-29.8619
-29.8619
-29.8619
-29.8619
-29.8619
-29.8619
-29.8619
-29.8619
-29.8619
-29.4382
-29.4382
-29.4382
-29.4382
-29.4382
-29.4382
-29.4382
-29.4382
-29.4382
-29.0145
-29.0145
-29.0145
-29.0145
-29.0145
-29.0145
-29.0145
-29.0145
-29.0145
-28.5908
-28.5908
-28.5908
-28.5908
-28.5908
-28.5908
-28.5908
-28.5908
-28.5908
-28.1671
-28.1671
-28.1671
-28.1671
-28.1671
-28.1671
-28.1671
-28.1671
-28.1671
-27.7434
-27.7434
-27.7434
-27.7434
-27.7434
-27.7434
-27.7434
-27.7434
-27.7434
-27.3197
-27.3197
-27.3197
-27.3197
-27.3197
-27.3197
-27.3197
-27.3197
-27.3197
-26.896
-26.896
-26.896
-26.896
-26.896
-26.896
-26.896
-26.896
-26.896
-26.4723
-26.4723
-26.4723
-26.4723
-26.4723
-26.4723
-26.4723
-26.4723
-26.4723
-26.0486
-26.0486
-26.0486
-26.0486
-26.0486
-26.0486
-26.0486
-26.0486
-26.0486
-25.6249
-25.6249
-25.6249
-25.6249
-25.6249
-25.6249
-25.6249
-25.6249
-25.6249
-25.2012
-25.2012
-25.2012
-25.2012
-25.2012
-25.2012
-25.2012
-25.2012
-25.2012
-24.7775
-24.7775
-24.7775
-24.7775
-24.7775
-24.7775
-24.7775
-24.7775
-24.7775
-24.3538
-24.3538
-24.3538
-24.3538
-24.3538
-24.3538
-24.3538
-24.3538
-24.3538
-23.9301
-23.9301
-23.9301
-23.9301
-23.9301
-23.9301
-23.9301
-23.9301
-23.9301
-23.5064
-23.5064
-23.5064
-23.5064
-23.5064
-23.5064
-23.5064
-23.5064
-23.5064
-23.0827
-23.0827
-23.0827
-23.0827
-23.0827
-23.0827
-23.0827
-23.0827
-23.0827
-22.659
-22.659
-22.659
-22.659
-22.659
-22.659
-22.659
-22.659
-22.659
-22.2353
-22.2353
-22.2353
-22.2353
-22.2353
-22.2353
-22.2353
-22.2353
-22.2353
-21.8116
-21.8116
-21.8116
-21.8116
-21.8116
-21.8116
-21.8116
-21.8116
-21.8116
-21.3879
-21.3879
-21.3879
-21.3879
-21.3879
-21.3879
-21.3879
-21.3879
-21.3879
-20.9643
-20.9643
-20.9643
-20.9643
-20.9643
-20.9643
-20.9643
-20.9643
-20.9643
-20.5406
-20.5406
-20.5406
-20.5406
-20.5406
-20.5406
-20.5406
-20.5406
-20.5406
-20.1169
-20.1169
-20.1169
-20.1169
-20.1169
-20.1169
-20.1169
-20.1169
-20.1169
-19.6932
-19.6932
-19.6932
-19.6932
-19.6932
-19.6932
-19.6932
-19.6932
-19.6932
-19.2695
-19.2695
-19.2695
-19.2695
-19.2695
-19.2695
-19.2695
-19.2695
-19.2695
-18.8458
-18.8458
-18.8458
-18.8458
-18.8458
-18.8458
-18.8458
-18.8458
-18.8458
-18.4221
-18.4221
-18.4221
-18.4221
-18.4221
-18.4221
-18.4221
-18.4221
-18.4221
-17.9984
-17.9984
-17.9984
-17.9984
-17.9984
-17.9984
-17.9984
-17.9984
-17.9984
-17.5747
-17.5747
-17.5747
-17.5747
-17.5747
-17.5747
-17.5747
-17.5747
-17.5747
-17.151
-17.151
-17.151
-17.151
-17.151
-17.151
-17.151
-17.151
-17.151
-16.7273
-16.7273
-16.7273
-16.7273
-16.7273
-16.7273
-16.7273
-16.7273
-16.7273
-16.3036
-16.3036
-16.3036
-16.3036
-16.3036
-16.3036
-16.3036
-16.3036
-16.3036
-15.8799
-15.8799
-15.8799
-15.8799
-15.8799
-15.8799
-15.8799
-15.8799
-15.8799
-15.4562
-15.4562
-15.4562
-15.4562
-15.4562
-15.4562
-15.4562
-15.4562
-15.4562
-15.0325
-15.0325
-15.0325
-15.0325
-15.0325
-15.0325
-15.0325
-15.0325
-15.0325
-14.6088
-14.6088
-14.6088
-14.6088
-14.6088
-14.6088
-14.6088
-14.6088
-14.6088
-14.1851
-14.1851
-14.1851
-14.1851
-14.1851
-14.1851
-14.1851
-14.1851
-14.1851
-13.7614
-13.7614
-13.7614
-13.7614
-13.7614
-13.7614
-13.7614
-13.7614
-13.7614
-13.3377
-13.3377
-13.3377
-13.3377
-13.3377
-13.3377
-13.3377
-13.3377
-13.3377
-12.914
-12.914
-12.914
-12.914
-12.914
-12.914
-12.914
-12.914
-12.914
-12.4903
-12.4903
-12.4903
-12.4903
-12.4903
-12.4903
-12.4903
-12.4903
-12.4903
-12.0666
-12.0666
-12.0666
-12.0666
-12.0666
-12.0666
-12.0666
-12.0666
-12.0666
-11.6429
-11.6429
-11.6429
-11.6429
-11.6429
-11.6429
-11.6429
-11.6429
-11.6429
-11.2192
-11.2192
-11.2192
-11.2192
-11.2192
-11.2192
-11.2192
-11.2192
-11.2192
-10.7955
-10.7955
-10.7955
-10.7955
-10.7955
-10.7955
-10.7955
-10.7955
-10.7955
-10.3718
-10.3718
-10.3718
-10.3718
-10.3718
-10.3718
-10.3718
-10.3718
-10.3718
-9.94805
-9.94805
-9.94805
-9.94805
-9.94805
-9.94805
-9.94805
-9.94805
-9.94805
-9.52435
-9.52435
-9.52435
-9.52435
-9.52435
-9.52435
-9.52435
-9.52435
-9.52435
-9.10065
-9.10065
-9.10065
-9.10065
-9.10065
-9.10065
-9.10065
-9.10065
-9.10065
-8.67695
-8.67695
-8.67695
-8.67695
-8.67695
-8.67695
-8.67695
-8.67695
-8.67695
-8.25325
-8.25325
-8.25325
-8.25325
-8.25325
-8.25325
-8.25325
-8.25325
-8.25325
-7.82955
-7.82955
-7.82955
-7.82955
-7.82955
-7.82955
-7.82955
-7.82955
-7.82955
-7.40585
-7.40585
-7.40585
-7.40585
-7.40585
-7.40585
-7.40585
-7.40585
-7.40585
-6.98215
-6.98215
-6.98215
-6.98215
-6.98215
-6.98215
-6.98215
-6.98215
-6.98215
-6.55845
-6.55845
-6.55845
-6.55845
-6.55845
-6.55845
-6.55845
-6.55845
-6.55845
-6.13475
-6.13475
-6.13475
-6.13475
-6.13475
-6.13475
-6.13475
-6.13475
-6.13475
-5.71104
-5.71104
-5.71104
-5.71104
-5.71104
-5.71104
-5.71104
-5.71104
-5.71104
-5.28735
-5.28735
-5.28735
-5.28735
-5.28735
-5.28735
-5.28735
-5.28735
-5.28735
-4.86363
-4.86363
-4.86363
-4.86363
-4.86363
-4.86363
-4.86363
-4.86363
-4.86363
-4.43995
-4.43995
-4.43995
-4.43995
-4.43995
-4.43995
-4.43995
-4.43995
-4.43995
-4.01621
-4.01621
-4.01621
-4.01621
-4.01621
-4.01621
-4.01621
-4.01621
-4.01621
-3.59258
-3.59258
-3.59257
-3.59258
-3.59258
-3.59257
-3.59257
-3.59257
-3.59257
-3.16873
-3.16873
-3.16873
-3.16873
-3.16873
-3.16873
-3.16873
-3.16873
-3.16872
-2.74524
-2.74524
-2.74524
-2.74524
-2.74524
-2.74523
-2.74524
-2.74523
-2.74521
-2.32104
-2.32106
-2.32106
-2.32106
-2.32107
-2.32108
-2.32106
-2.32108
-2.32105
-1.89798
-1.89799
-1.89799
-1.89799
-1.89801
-1.89801
-1.89799
-1.898
-1.89795
-1.47263
-1.47266
-1.47269
-1.47266
-1.4727
-1.47274
-1.47269
-1.47273
-1.47274
-1.05127
-1.05128
-1.05128
-1.05128
-1.05128
-1.05128
-1.05127
-1.05126
-1.05127
-0.624206
-0.622911
-0.621384
-0.622913
-0.621797
-0.620665
-0.621384
-0.620652
-0.620501
-0.209589
-0.208989
-0.208377
-0.20897
-0.208371
-0.207776
-0.208305
-0.207716
-0.207314
-124.377
-124.375
-124.358
-124.363
-124.359
-124.34
-124.347
-124.343
-124.322
-124.329
-124.324
-124.302
-124.311
-124.304
-124.281
-124.286
-124.278
-124.255
-124.276
-124.266
-124.239
-124.215
-124.207
-124.185
-124.28
-124.262
-124.224
-124.071
-124.069
-124.06
-124.453
-124.454
-124.447
-124.446
-124.446
-124.437
-124.439
-124.439
-124.429
-124.43
-124.43
-124.421
-124.424
-124.423
-124.415
-124.41
-124.409
-124.401
-124.422
-124.42
-124.41
-124.374
-124.376
-124.374
-124.432
-124.429
-124.416
-124.386
-124.388
-124.387
-124.588
-124.59
-124.586
-124.581
-124.582
-124.575
-124.575
-124.575
-124.568
-124.567
-124.566
-124.559
-124.561
-124.56
-124.552
-124.544
-124.543
-124.537
-124.553
-124.551
-124.543
-124.517
-124.518
-124.516
-124.539
-124.536
-124.528
-124.527
-124.527
-124.524
-124.751
-124.754
-124.756
-124.748
-124.748
-124.747
-124.745
-124.745
-124.743
-124.739
-124.738
-124.736
-124.735
-124.733
-124.731
-124.72
-124.719
-124.718
-124.724
-124.723
-124.72
-124.702
-124.703
-124.705
-124.705
-124.704
-124.703
-124.708
-124.708
-124.709
-124.94
-124.941
-124.948
-124.94
-124.939
-124.943
-124.942
-124.939
-124.944
-124.938
-124.936
-124.94
-124.935
-124.933
-124.936
-124.924
-124.923
-124.927
-124.923
-124.921
-124.925
-124.91
-124.91
-124.916
-124.901
-124.901
-124.907
-124.911
-124.911
-124.916
-125.117
-125.115
-125.126
-125.123
-125.118
-125.127
-125.126
-125.121
-125.131
-125.124
-125.121
-125.129
-125.122
-125.119
-125.126
-125.113
-125.111
-125.118
-125.106
-125.104
-125.111
-125.098
-125.098
-125.105
-125.083
-125.083
-125.092
-125.094
-125.093
-125.1
-125.222
-125.216
-125.23
-125.233
-125.225
-125.24
-125.238
-125.231
-125.244
-125.239
-125.234
-125.243
-125.238
-125.234
-125.242
-125.233
-125.229
-125.237
-125.221
-125.219
-125.226
-125.215
-125.214
-125.22
-125.197
-125.197
-125.207
-125.206
-125.205
-125.212
-125.215
-125.208
-125.221
-125.229
-125.22
-125.238
-125.234
-125.227
-125.237
-125.236
-125.231
-125.238
-125.239
-125.236
-125.241
-125.241
-125.237
-125.241
-125.229
-125.225
-125.23
-125.224
-125.221
-125.224
-125.205
-125.205
-125.212
-125.212
-125.21
-125.215
-125.104
-125.096
-125.108
-125.116
-125.106
-125.123
-125.115
-125.11
-125.117
-125.116
-125.113
-125.118
-125.123
-125.121
-125.125
-125.133
-125.13
-125.131
-125.124
-125.121
-125.122
-125.12
-125.117
-125.117
-125.104
-125.103
-125.107
-125.109
-125.107
-125.108
-124.911
-124.902
-124.913
-124.916
-124.909
-124.924
-124.911
-124.908
-124.915
-124.912
-124.912
-124.918
-124.922
-124.923
-124.926
-124.939
-124.937
-124.937
-124.936
-124.933
-124.932
-124.933
-124.93
-124.928
-124.921
-124.92
-124.921
-124.924
-124.922
-124.922
-124.672
-124.665
-124.677
-124.672
-124.669
-124.686
-124.666
-124.668
-124.678
-124.672
-124.675
-124.684
-124.684
-124.687
-124.692
-124.705
-124.705
-124.706
-124.708
-124.706
-124.706
-124.708
-124.705
-124.704
-124.7
-124.699
-124.7
-124.702
-124.7
-124.7
-124.441
-124.438
-124.455
-124.439
-124.443
-124.464
-124.438
-124.445
-124.459
-124.449
-124.454
-124.468
-124.462
-124.466
-124.476
-124.485
-124.486
-124.491
-124.494
-124.493
-124.496
-124.496
-124.494
-124.495
-124.491
-124.491
-124.494
-124.492
-124.491
-124.494
-124.27
-124.271
-124.293
-124.27
-124.279
-124.304
-124.276
-124.285
-124.303
-124.29
-124.296
-124.313
-124.302
-124.307
-124.32
-124.324
-124.326
-124.335
-124.337
-124.337
-124.345
-124.34
-124.339
-124.345
-124.338
-124.339
-124.346
-124.338
-124.339
-124.346
-124.188
-124.193
-124.219
-124.194
-124.204
-124.232
-124.205
-124.214
-124.234
-124.22
-124.226
-124.244
-124.23
-124.235
-124.25
-124.248
-124.252
-124.263
-124.264
-124.266
-124.277
-124.267
-124.269
-124.278
-124.268
-124.271
-124.282
-124.267
-124.27
-124.281
-124.198
-124.207
-124.232
-124.21
-124.22
-124.246
-124.225
-124.232
-124.251
-124.239
-124.244
-124.261
-124.247
-124.253
-124.267
-124.26
-124.266
-124.278
-124.278
-124.283
-124.295
-124.282
-124.287
-124.299
-124.284
-124.29
-124.303
-124.283
-124.289
-124.303
-124.279
-124.289
-124.312
-124.295
-124.304
-124.327
-124.312
-124.318
-124.335
-124.325
-124.33
-124.344
-124.332
-124.338
-124.351
-124.341
-124.348
-124.36
-124.36
-124.367
-124.379
-124.366
-124.374
-124.387
-124.37
-124.378
-124.393
-124.368
-124.377
-124.393
-124.398
-124.406
-124.426
-124.414
-124.422
-124.441
-124.431
-124.436
-124.451
-124.443
-124.448
-124.461
-124.45
-124.458
-124.469
-124.457
-124.466
-124.478
-124.477
-124.486
-124.498
-124.488
-124.496
-124.51
-124.494
-124.504
-124.518
-124.491
-124.502
-124.518
-124.517
-124.522
-124.538
-124.532
-124.538
-124.554
-124.546
-124.55
-124.563
-124.557
-124.562
-124.573
-124.565
-124.572
-124.582
-124.572
-124.581
-124.592
-124.592
-124.602
-124.61
-124.607
-124.617
-124.626
-124.618
-124.628
-124.639
-124.615
-124.627
-124.64
-124.608
-124.612
-124.624
-124.619
-124.625
-124.637
-124.629
-124.634
-124.644
-124.638
-124.644
-124.652
-124.646
-124.654
-124.661
-124.655
-124.664
-124.67
-124.674
-124.683
-124.685
-124.693
-124.702
-124.702
-124.711
-124.718
-124.717
-124.709
-124.718
-124.719
-124.666
-124.67
-124.676
-124.674
-124.678
-124.686
-124.679
-124.684
-124.69
-124.685
-124.691
-124.695
-124.692
-124.698
-124.701
-124.701
-124.708
-124.709
-124.718
-124.724
-124.72
-124.738
-124.741
-124.733
-124.76
-124.759
-124.746
-124.761
-124.761
-124.747
-124.702
-124.704
-124.706
-124.706
-124.708
-124.713
-124.708
-124.711
-124.713
-124.711
-124.714
-124.716
-124.715
-124.719
-124.719
-124.724
-124.727
-124.724
-124.738
-124.739
-124.731
-124.755
-124.753
-124.741
-124.776
-124.768
-124.749
-124.778
-124.769
-124.75
-124.728
-124.728
-124.728
-124.729
-124.731
-124.732
-124.729
-124.73
-124.731
-124.73
-124.731
-124.731
-124.732
-124.733
-124.732
-124.74
-124.739
-124.736
-124.751
-124.748
-124.74
-124.765
-124.758
-124.747
-124.781
-124.769
-124.751
-124.784
-124.77
-124.75
-124.756
-124.756
-124.755
-124.757
-124.757
-124.757
-124.754
-124.755
-124.755
-124.754
-124.754
-124.755
-124.756
-124.755
-124.755
-124.763
-124.76
-124.757
-124.772
-124.766
-124.76
-124.784
-124.775
-124.765
-124.794
-124.781
-124.766
-124.796
-124.781
-124.764
-124.796
-124.795
-124.794
-124.795
-124.795
-124.794
-124.793
-124.793
-124.793
-124.793
-124.792
-124.793
-124.794
-124.793
-124.793
-124.801
-124.797
-124.795
-124.809
-124.802
-124.798
-124.819
-124.809
-124.801
-124.825
-124.813
-124.801
-124.826
-124.812
-124.798
-124.848
-124.848
-124.846
-124.847
-124.847
-124.847
-124.846
-124.846
-124.846
-124.847
-124.846
-124.847
-124.849
-124.847
-124.847
-124.856
-124.852
-124.85
-124.863
-124.857
-124.853
-124.872
-124.863
-124.856
-124.876
-124.865
-124.855
-124.876
-124.864
-124.852
-124.912
-124.912
-124.911
-124.912
-124.911
-124.912
-124.912
-124.911
-124.912
-124.913
-124.912
-124.913
-124.917
-124.915
-124.915
-124.925
-124.92
-124.919
-124.932
-124.925
-124.922
-124.941
-124.932
-124.925
-124.943
-124.933
-124.925
-124.944
-124.933
-124.922
-124.983
-124.982
-124.982
-124.983
-124.982
-124.982
-124.984
-124.983
-124.984
-124.988
-124.986
-124.987
-124.996
-124.992
-124.992
-125.006
-125
-124.999
-125.016
-125.008
-125.005
-125.026
-125.017
-125.011
-125.029
-125.018
-125.011
-125.03
-125.019
-125.01
-125.053
-125.05
-125.049
-125.053
-125.05
-125.05
-125.059
-125.055
-125.056
-125.069
-125.064
-125.066
-125.084
-125.078
-125.079
-125.102
-125.095
-125.094
-125.119
-125.11
-125.108
-125.134
-125.124
-125.12
-125.138
-125.127
-125.123
-125.141
-125.13
-125.124
-125.115
-125.109
-125.106
-125.118
-125.111
-125.11
-125.132
-125.124
-125.125
-125.156
-125.148
-125.15
-125.186
-125.177
-125.179
-125.218
-125.208
-125.209
-125.246
-125.235
-125.234
-125.268
-125.258
-125.255
-125.275
-125.265
-125.263
-125.282
-125.272
-125.268
-125.163
-125.153
-125.15
-125.173
-125.163
-125.162
-125.203
-125.192
-125.192
-125.247
-125.235
-125.235
-125.298
-125.284
-125.283
-125.347
-125.332
-125.329
-125.387
-125.372
-125.368
-125.417
-125.403
-125.399
-125.428
-125.415
-125.412
-125.439
-125.427
-125.424
-125.193
-125.182
-125.18
-125.213
-125.201
-125.203
-125.263
-125.247
-125.247
-125.328
-125.309
-125.306
-125.397
-125.374
-125.368
-125.459
-125.436
-125.426
-125.508
-125.485
-125.475
-125.542
-125.522
-125.512
-125.556
-125.537
-125.529
-125.57
-125.554
-125.546
-125.194
-125.183
-125.184
-125.224
-125.212
-125.217
-125.286
-125.268
-125.27
-125.365
-125.34
-125.334
-125.443
-125.413
-125.401
-125.51
-125.478
-125.462
-125.56
-125.529
-125.511
-125.595
-125.567
-125.549
-125.609
-125.583
-125.567
-125.626
-125.603
-125.587
-125.147
-125.138
-125.142
-125.181
-125.171
-125.178
-125.246
-125.229
-125.231
-125.325
-125.298
-125.292
-125.401
-125.367
-125.353
-125.464
-125.427
-125.407
-125.51
-125.473
-125.451
-125.54
-125.507
-125.483
-125.553
-125.522
-125.5
-125.57
-125.542
-125.52
-125.033
-125.026
-125.032
-125.065
-125.058
-125.066
-125.123
-125.109
-125.111
-125.192
-125.168
-125.162
-125.257
-125.225
-125.211
-125.309
-125.274
-125.254
-125.347
-125.312
-125.289
-125.372
-125.339
-125.314
-125.383
-125.351
-125.328
-125.399
-125.369
-125.345
-124.844
-124.839
-124.844
-124.87
-124.865
-124.872
-124.915
-124.905
-124.907
-124.969
-124.95
-124.945
-125.02
-124.993
-124.982
-125.06
-125.03
-125.013
-125.089
-125.058
-125.038
-125.107
-125.078
-125.057
-125.116
-125.088
-125.067
-125.129
-125.103
-125.08
-124.583
-124.58
-124.584
-124.602
-124.599
-124.604
-124.635
-124.628
-124.63
-124.673
-124.66
-124.656
-124.709
-124.69
-124.682
-124.738
-124.716
-124.703
-124.759
-124.735
-124.72
-124.772
-124.749
-124.733
-124.778
-124.756
-124.739
-124.788
-124.768
-124.75
-124.263
-124.262
-124.265
-124.276
-124.275
-124.279
-124.298
-124.294
-124.295
-124.324
-124.315
-124.313
-124.348
-124.335
-124.329
-124.368
-124.352
-124.343
-124.381
-124.365
-124.354
-124.39
-124.374
-124.362
-124.395
-124.379
-124.367
-124.402
-124.387
-124.374
-123.901
-123.9
-123.902
-123.909
-123.908
-123.911
-123.923
-123.92
-123.921
-123.939
-123.934
-123.932
-123.955
-123.946
-123.942
-123.967
-123.957
-123.951
-123.976
-123.965
-123.957
-123.981
-123.97
-123.962
-123.984
-123.974
-123.965
-123.989
-123.979
-123.97
-123.509
-123.509
-123.511
-123.514
-123.514
-123.516
-123.522
-123.521
-123.522
-123.532
-123.529
-123.528
-123.541
-123.536
-123.534
-123.549
-123.542
-123.539
-123.554
-123.547
-123.543
-123.557
-123.551
-123.546
-123.559
-123.553
-123.547
-123.563
-123.556
-123.55
-123.1
-123.1
-123.101
-123.102
-123.102
-123.104
-123.107
-123.106
-123.107
-123.112
-123.11
-123.11
-123.117
-123.114
-123.113
-123.121
-123.118
-123.116
-123.124
-123.121
-123.118
-123.127
-123.123
-123.12
-123.128
-123.124
-123.121
-123.13
-123.126
-123.122
-122.68
-122.68
-122.68
-122.681
-122.681
-122.682
-122.683
-122.683
-122.683
-122.686
-122.685
-122.685
-122.688
-122.687
-122.686
-122.691
-122.689
-122.688
-122.692
-122.69
-122.689
-122.693
-122.691
-122.69
-122.694
-122.692
-122.69
-122.696
-122.693
-122.691
-122.254
-122.255
-122.255
-122.255
-122.255
-122.256
-122.255
-122.255
-122.256
-122.257
-122.256
-122.257
-122.258
-122.257
-122.257
-122.259
-122.258
-122.258
-122.26
-122.259
-122.258
-122.26
-122.259
-122.259
-122.261
-122.26
-122.259
-122.262
-122.261
-122.259
-121.827
-121.827
-121.827
-121.827
-121.827
-121.827
-121.827
-121.827
-121.827
-121.827
-121.827
-121.827
-121.827
-121.827
-121.827
-121.828
-121.828
-121.827
-121.828
-121.828
-121.828
-121.829
-121.828
-121.828
-121.829
-121.828
-121.828
-121.829
-121.829
-121.828
-121.399
-121.399
-121.399
-121.398
-121.399
-121.399
-121.398
-121.398
-121.398
-121.398
-121.398
-121.398
-121.398
-121.398
-121.398
-121.398
-121.398
-121.398
-121.398
-121.398
-121.398
-121.398
-121.398
-121.398
-121.398
-121.398
-121.398
-121.399
-121.399
-121.398
-120.971
-120.971
-120.971
-120.97
-120.971
-120.971
-120.97
-120.97
-120.97
-120.97
-120.97
-120.97
-120.969
-120.97
-120.97
-120.969
-120.97
-120.97
-120.969
-120.97
-120.97
-120.969
-120.97
-120.97
-120.97
-120.97
-120.97
-120.97
-120.97
-120.97
-120.543
-120.544
-120.544
-120.543
-120.543
-120.543
-120.543
-120.543
-120.543
-120.542
-120.543
-120.543
-120.542
-120.542
-120.542
-120.542
-120.542
-120.542
-120.542
-120.542
-120.542
-120.542
-120.542
-120.542
-120.542
-120.542
-120.542
-120.542
-120.542
-120.542
-120.117
-120.117
-120.117
-120.117
-120.117
-120.117
-120.116
-120.116
-120.116
-120.116
-120.116
-120.116
-120.116
-120.116
-120.116
-120.116
-120.116
-120.116
-120.116
-120.116
-120.116
-120.116
-120.116
-120.116
-120.116
-120.116
-120.116
-120.116
-120.116
-120.116
-119.691
-119.691
-119.691
-119.691
-119.691
-119.691
-119.69
-119.691
-119.691
-119.69
-119.69
-119.69
-119.69
-119.69
-119.69
-119.69
-119.69
-119.69
-119.69
-119.69
-119.69
-119.69
-119.69
-119.69
-119.69
-119.69
-119.69
-119.69
-119.69
-119.69
-119.266
-119.266
-119.266
-119.266
-119.266
-119.266
-119.265
-119.265
-119.265
-119.265
-119.265
-119.265
-119.265
-119.265
-119.265
-119.265
-119.265
-119.265
-119.265
-119.265
-119.265
-119.265
-119.265
-119.265
-119.265
-119.265
-119.265
-119.265
-119.265
-119.265
-118.841
-118.841
-118.841
-118.841
-118.841
-118.841
-118.841
-118.841
-118.841
-118.84
-118.84
-118.841
-118.84
-118.84
-118.84
-118.84
-118.84
-118.84
-118.84
-118.84
-118.84
-118.84
-118.84
-118.84
-118.84
-118.84
-118.84
-118.84
-118.84
-118.84
-118.416
-118.416
-118.416
-118.416
-118.416
-118.416
-118.416
-118.416
-118.416
-118.416
-118.416
-118.416
-118.416
-118.416
-118.416
-118.416
-118.416
-118.416
-118.416
-118.416
-118.416
-118.416
-118.416
-118.416
-118.416
-118.416
-118.416
-118.416
-118.416
-118.416
-117.992
-117.992
-117.992
-117.992
-117.992
-117.992
-117.992
-117.992
-117.992
-117.992
-117.992
-117.992
-117.992
-117.992
-117.992
-117.992
-117.992
-117.992
-117.992
-117.992
-117.992
-117.992
-117.992
-117.992
-117.992
-117.992
-117.992
-117.992
-117.992
-117.992
-117.568
-117.568
-117.568
-117.568
-117.568
-117.568
-117.568
-117.568
-117.568
-117.568
-117.568
-117.568
-117.568
-117.568
-117.568
-117.568
-117.568
-117.568
-117.568
-117.568
-117.568
-117.568
-117.568
-117.568
-117.568
-117.568
-117.568
-117.568
-117.568
-117.568
-117.144
-117.144
-117.144
-117.144
-117.144
-117.144
-117.144
-117.144
-117.144
-117.144
-117.144
-117.144
-117.144
-117.144
-117.144
-117.144
-117.144
-117.144
-117.144
-117.144
-117.144
-117.144
-117.144
-117.144
-117.144
-117.144
-117.144
-117.144
-117.144
-117.144
-116.72
-116.72
-116.72
-116.72
-116.72
-116.72
-116.72
-116.72
-116.72
-116.72
-116.72
-116.72
-116.72
-116.72
-116.72
-116.72
-116.72
-116.72
-116.72
-116.72
-116.72
-116.72
-116.72
-116.72
-116.72
-116.72
-116.72
-116.72
-116.72
-116.72
-116.296
-116.296
-116.296
-116.296
-116.296
-116.296
-116.296
-116.296
-116.296
-116.296
-116.296
-116.296
-116.296
-116.296
-116.296
-116.296
-116.296
-116.296
-116.296
-116.296
-116.296
-116.296
-116.296
-116.296
-116.296
-116.296
-116.296
-116.296
-116.296
-116.296
-115.872
-115.872
-115.872
-115.872
-115.872
-115.872
-115.872
-115.872
-115.872
-115.872
-115.872
-115.872
-115.872
-115.872
-115.872
-115.872
-115.872
-115.872
-115.872
-115.872
-115.872
-115.872
-115.872
-115.872
-115.872
-115.872
-115.872
-115.872
-115.872
-115.872
-115.448
-115.448
-115.448
-115.448
-115.448
-115.448
-115.448
-115.448
-115.448
-115.448
-115.448
-115.448
-115.448
-115.448
-115.448
-115.448
-115.448
-115.448
-115.448
-115.448
-115.448
-115.448
-115.448
-115.448
-115.448
-115.448
-115.448
-115.448
-115.448
-115.448
-115.025
-115.025
-115.025
-115.025
-115.025
-115.025
-115.025
-115.025
-115.025
-115.025
-115.025
-115.025
-115.025
-115.025
-115.025
-115.025
-115.025
-115.025
-115.025
-115.025
-115.025
-115.025
-115.025
-115.025
-115.025
-115.025
-115.025
-115.025
-115.025
-115.025
-114.601
-114.601
-114.601
-114.601
-114.601
-114.601
-114.601
-114.601
-114.601
-114.601
-114.601
-114.601
-114.601
-114.601
-114.601
-114.601
-114.601
-114.601
-114.601
-114.601
-114.601
-114.601
-114.601
-114.601
-114.601
-114.601
-114.601
-114.601
-114.601
-114.601
-114.177
-114.177
-114.177
-114.177
-114.177
-114.177
-114.177
-114.177
-114.177
-114.177
-114.177
-114.177
-114.177
-114.177
-114.177
-114.177
-114.177
-114.177
-114.177
-114.177
-114.177
-114.177
-114.177
-114.177
-114.177
-114.177
-114.177
-114.177
-114.177
-114.177
-113.753
-113.753
-113.753
-113.753
-113.753
-113.753
-113.753
-113.753
-113.753
-113.753
-113.753
-113.753
-113.753
-113.753
-113.753
-113.753
-113.753
-113.753
-113.753
-113.753
-113.753
-113.753
-113.753
-113.753
-113.753
-113.753
-113.753
-113.753
-113.753
-113.753
-113.33
-113.33
-113.33
-113.33
-113.33
-113.33
-113.33
-113.33
-113.33
-113.33
-113.33
-113.33
-113.33
-113.33
-113.33
-113.33
-113.33
-113.33
-113.33
-113.33
-113.33
-113.33
-113.33
-113.33
-113.33
-113.33
-113.33
-113.33
-113.33
-113.33
-112.906
-112.906
-112.906
-112.906
-112.906
-112.906
-112.906
-112.906
-112.906
-112.906
-112.906
-112.906
-112.906
-112.906
-112.906
-112.906
-112.906
-112.906
-112.906
-112.906
-112.906
-112.906
-112.906
-112.906
-112.906
-112.906
-112.906
-112.906
-112.906
-112.906
-112.482
-112.482
-112.482
-112.482
-112.482
-112.482
-112.482
-112.482
-112.482
-112.482
-112.482
-112.482
-112.482
-112.482
-112.482
-112.482
-112.482
-112.482
-112.482
-112.482
-112.482
-112.482
-112.482
-112.482
-112.482
-112.482
-112.482
-112.482
-112.482
-112.482
-112.059
-112.059
-112.059
-112.059
-112.059
-112.059
-112.059
-112.059
-112.059
-112.059
-112.059
-112.059
-112.059
-112.059
-112.059
-112.059
-112.059
-112.059
-112.059
-112.059
-112.059
-112.059
-112.059
-112.059
-112.059
-112.059
-112.059
-112.059
-112.059
-112.059
-111.635
-111.635
-111.635
-111.635
-111.635
-111.635
-111.635
-111.635
-111.635
-111.635
-111.635
-111.635
-111.635
-111.635
-111.635
-111.635
-111.635
-111.635
-111.635
-111.635
-111.635
-111.635
-111.635
-111.635
-111.635
-111.635
-111.635
-111.635
-111.635
-111.635
-111.211
-111.211
-111.211
-111.211
-111.211
-111.211
-111.211
-111.211
-111.211
-111.211
-111.211
-111.211
-111.211
-111.211
-111.211
-111.211
-111.211
-111.211
-111.211
-111.211
-111.211
-111.211
-111.211
-111.211
-111.211
-111.211
-111.211
-111.211
-111.211
-111.211
-110.787
-110.787
-110.787
-110.787
-110.787
-110.787
-110.787
-110.787
-110.787
-110.787
-110.787
-110.787
-110.787
-110.787
-110.787
-110.787
-110.787
-110.787
-110.787
-110.787
-110.787
-110.787
-110.787
-110.787
-110.787
-110.787
-110.787
-110.787
-110.787
-110.787
-110.364
-110.364
-110.364
-110.364
-110.364
-110.364
-110.364
-110.364
-110.364
-110.364
-110.364
-110.364
-110.364
-110.364
-110.364
-110.364
-110.364
-110.364
-110.364
-110.364
-110.364
-110.364
-110.364
-110.364
-110.364
-110.364
-110.364
-110.364
-110.364
-110.364
-109.94
-109.94
-109.94
-109.94
-109.94
-109.94
-109.94
-109.94
-109.94
-109.94
-109.94
-109.94
-109.94
-109.94
-109.94
-109.94
-109.94
-109.94
-109.94
-109.94
-109.94
-109.94
-109.94
-109.94
-109.94
-109.94
-109.94
-109.94
-109.94
-109.94
-109.516
-109.516
-109.516
-109.516
-109.516
-109.516
-109.516
-109.516
-109.516
-109.516
-109.516
-109.516
-109.516
-109.516
-109.516
-109.516
-109.516
-109.516
-109.516
-109.516
-109.516
-109.516
-109.516
-109.516
-109.516
-109.516
-109.516
-109.516
-109.516
-109.516
-109.093
-109.093
-109.093
-109.093
-109.093
-109.093
-109.093
-109.093
-109.093
-109.093
-109.093
-109.093
-109.093
-109.093
-109.093
-109.093
-109.093
-109.093
-109.093
-109.093
-109.093
-109.093
-109.093
-109.093
-109.093
-109.093
-109.093
-109.093
-109.093
-109.093
-108.669
-108.669
-108.669
-108.669
-108.669
-108.669
-108.669
-108.669
-108.669
-108.669
-108.669
-108.669
-108.669
-108.669
-108.669
-108.669
-108.669
-108.669
-108.669
-108.669
-108.669
-108.669
-108.669
-108.669
-108.669
-108.669
-108.669
-108.669
-108.669
-108.669
-108.245
-108.245
-108.245
-108.245
-108.245
-108.245
-108.245
-108.245
-108.245
-108.245
-108.245
-108.245
-108.245
-108.245
-108.245
-108.245
-108.245
-108.245
-108.245
-108.245
-108.245
-108.245
-108.245
-108.245
-108.245
-108.245
-108.245
-108.245
-108.245
-108.245
-107.822
-107.822
-107.822
-107.822
-107.822
-107.822
-107.822
-107.822
-107.822
-107.822
-107.822
-107.822
-107.822
-107.822
-107.822
-107.822
-107.822
-107.822
-107.822
-107.822
-107.822
-107.822
-107.822
-107.822
-107.822
-107.822
-107.822
-107.822
-107.822
-107.822
-107.398
-107.398
-107.398
-107.398
-107.398
-107.398
-107.398
-107.398
-107.398
-107.398
-107.398
-107.398
-107.398
-107.398
-107.398
-107.398
-107.398
-107.398
-107.398
-107.398
-107.398
-107.398
-107.398
-107.398
-107.398
-107.398
-107.398
-107.398
-107.398
-107.398
-106.974
-106.974
-106.974
-106.974
-106.974
-106.974
-106.974
-106.974
-106.974
-106.974
-106.974
-106.974
-106.974
-106.974
-106.974
-106.974
-106.974
-106.974
-106.974
-106.974
-106.974
-106.974
-106.974
-106.974
-106.974
-106.974
-106.974
-106.974
-106.974
-106.974
-106.551
-106.551
-106.551
-106.551
-106.551
-106.551
-106.551
-106.551
-106.551
-106.551
-106.551
-106.551
-106.551
-106.551
-106.551
-106.551
-106.551
-106.551
-106.551
-106.551
-106.551
-106.551
-106.551
-106.551
-106.551
-106.551
-106.551
-106.551
-106.551
-106.551
-106.127
-106.127
-106.127
-106.127
-106.127
-106.127
-106.127
-106.127
-106.127
-106.127
-106.127
-106.127
-106.127
-106.127
-106.127
-106.127
-106.127
-106.127
-106.127
-106.127
-106.127
-106.127
-106.127
-106.127
-106.127
-106.127
-106.127
-106.127
-106.127
-106.127
-105.703
-105.703
-105.703
-105.703
-105.703
-105.703
-105.703
-105.703
-105.703
-105.703
-105.703
-105.703
-105.703
-105.703
-105.703
-105.703
-105.703
-105.703
-105.703
-105.703
-105.703
-105.703
-105.703
-105.703
-105.703
-105.703
-105.703
-105.703
-105.703
-105.703
-105.279
-105.279
-105.279
-105.279
-105.279
-105.279
-105.279
-105.279
-105.279
-105.279
-105.279
-105.279
-105.279
-105.279
-105.279
-105.279
-105.279
-105.279
-105.279
-105.279
-105.279
-105.279
-105.279
-105.279
-105.279
-105.279
-105.279
-105.279
-105.279
-105.279
-104.856
-104.856
-104.856
-104.856
-104.856
-104.856
-104.856
-104.856
-104.856
-104.856
-104.856
-104.856
-104.856
-104.856
-104.856
-104.856
-104.856
-104.856
-104.856
-104.856
-104.856
-104.856
-104.856
-104.856
-104.856
-104.856
-104.856
-104.856
-104.856
-104.856
-104.432
-104.432
-104.432
-104.432
-104.432
-104.432
-104.432
-104.432
-104.432
-104.432
-104.432
-104.432
-104.432
-104.432
-104.432
-104.432
-104.432
-104.432
-104.432
-104.432
-104.432
-104.432
-104.432
-104.432
-104.432
-104.432
-104.432
-104.432
-104.432
-104.432
-104.008
-104.008
-104.008
-104.008
-104.008
-104.008
-104.008
-104.008
-104.008
-104.008
-104.008
-104.008
-104.008
-104.008
-104.008
-104.008
-104.008
-104.008
-104.008
-104.008
-104.008
-104.008
-104.008
-104.008
-104.008
-104.008
-104.008
-104.008
-104.008
-104.008
-103.585
-103.585
-103.585
-103.585
-103.585
-103.585
-103.585
-103.585
-103.585
-103.585
-103.585
-103.585
-103.585
-103.585
-103.585
-103.585
-103.585
-103.585
-103.585
-103.585
-103.585
-103.585
-103.585
-103.585
-103.585
-103.585
-103.585
-103.585
-103.585
-103.585
-103.161
-103.161
-103.161
-103.161
-103.161
-103.161
-103.161
-103.161
-103.161
-103.161
-103.161
-103.161
-103.161
-103.161
-103.161
-103.161
-103.161
-103.161
-103.161
-103.161
-103.161
-103.161
-103.161
-103.161
-103.161
-103.161
-103.161
-103.161
-103.161
-103.161
-102.737
-102.737
-102.737
-102.737
-102.737
-102.737
-102.737
-102.737
-102.737
-102.737
-102.737
-102.737
-102.737
-102.737
-102.737
-102.737
-102.737
-102.737
-102.737
-102.737
-102.737
-102.737
-102.737
-102.737
-102.737
-102.737
-102.737
-102.737
-102.737
-102.737
-102.314
-102.314
-102.314
-102.314
-102.314
-102.314
-102.314
-102.314
-102.314
-102.314
-102.314
-102.314
-102.314
-102.314
-102.314
-102.314
-102.314
-102.314
-102.314
-102.314
-102.314
-102.314
-102.314
-102.314
-102.314
-102.314
-102.314
-102.314
-102.314
-102.314
-101.89
-101.89
-101.89
-101.89
-101.89
-101.89
-101.89
-101.89
-101.89
-101.89
-101.89
-101.89
-101.89
-101.89
-101.89
-101.89
-101.89
-101.89
-101.89
-101.89
-101.89
-101.89
-101.89
-101.89
-101.89
-101.89
-101.89
-101.89
-101.89
-101.89
-101.466
-101.466
-101.466
-101.466
-101.466
-101.466
-101.466
-101.466
-101.466
-101.466
-101.466
-101.466
-101.466
-101.466
-101.466
-101.466
-101.466
-101.466
-101.466
-101.466
-101.466
-101.466
-101.466
-101.466
-101.466
-101.466
-101.466
-101.466
-101.466
-101.466
-101.043
-101.043
-101.043
-101.043
-101.043
-101.043
-101.043
-101.043
-101.043
-101.043
-101.043
-101.043
-101.043
-101.043
-101.043
-101.043
-101.043
-101.043
-101.043
-101.043
-101.043
-101.043
-101.043
-101.043
-101.043
-101.043
-101.043
-101.043
-101.043
-101.043
-100.619
-100.619
-100.619
-100.619
-100.619
-100.619
-100.619
-100.619
-100.619
-100.619
-100.619
-100.619
-100.619
-100.619
-100.619
-100.619
-100.619
-100.619
-100.619
-100.619
-100.619
-100.619
-100.619
-100.619
-100.619
-100.619
-100.619
-100.619
-100.619
-100.619
-100.195
-100.195
-100.195
-100.195
-100.195
-100.195
-100.195
-100.195
-100.195
-100.195
-100.195
-100.195
-100.195
-100.195
-100.195
-100.195
-100.195
-100.195
-100.195
-100.195
-100.195
-100.195
-100.195
-100.195
-100.195
-100.195
-100.195
-100.195
-100.195
-100.195
-99.7714
-99.7714
-99.7714
-99.7714
-99.7714
-99.7714
-99.7714
-99.7714
-99.7714
-99.7714
-99.7714
-99.7714
-99.7714
-99.7714
-99.7714
-99.7714
-99.7714
-99.7714
-99.7714
-99.7714
-99.7714
-99.7714
-99.7714
-99.7714
-99.7714
-99.7714
-99.7714
-99.7714
-99.7714
-99.7714
-99.3477
-99.3477
-99.3477
-99.3477
-99.3477
-99.3477
-99.3477
-99.3477
-99.3477
-99.3477
-99.3477
-99.3477
-99.3477
-99.3477
-99.3477
-99.3477
-99.3477
-99.3477
-99.3477
-99.3477
-99.3477
-99.3477
-99.3477
-99.3477
-99.3477
-99.3477
-99.3477
-99.3477
-99.3477
-99.3477
-98.924
-98.924
-98.924
-98.924
-98.924
-98.924
-98.924
-98.924
-98.924
-98.924
-98.924
-98.924
-98.924
-98.924
-98.924
-98.924
-98.924
-98.924
-98.924
-98.924
-98.924
-98.924
-98.924
-98.924
-98.924
-98.924
-98.924
-98.924
-98.924
-98.924
-98.5003
-98.5003
-98.5003
-98.5003
-98.5003
-98.5003
-98.5003
-98.5003
-98.5003
-98.5003
-98.5003
-98.5003
-98.5003
-98.5003
-98.5003
-98.5003
-98.5003
-98.5003
-98.5003
-98.5003
-98.5003
-98.5003
-98.5003
-98.5003
-98.5003
-98.5003
-98.5003
-98.5003
-98.5003
-98.5003
-98.0767
-98.0767
-98.0767
-98.0767
-98.0767
-98.0767
-98.0767
-98.0767
-98.0767
-98.0767
-98.0767
-98.0767
-98.0767
-98.0767
-98.0767
-98.0767
-98.0767
-98.0767
-98.0767
-98.0767
-98.0767
-98.0767
-98.0767
-98.0767
-98.0767
-98.0767
-98.0767
-98.0767
-98.0767
-98.0767
-97.653
-97.653
-97.653
-97.653
-97.653
-97.653
-97.653
-97.653
-97.653
-97.653
-97.653
-97.653
-97.653
-97.653
-97.653
-97.653
-97.653
-97.653
-97.653
-97.653
-97.653
-97.653
-97.653
-97.653
-97.653
-97.653
-97.653
-97.653
-97.653
-97.653
-97.2293
-97.2293
-97.2293
-97.2293
-97.2293
-97.2293
-97.2293
-97.2293
-97.2293
-97.2293
-97.2293
-97.2293
-97.2293
-97.2293
-97.2293
-97.2293
-97.2293
-97.2293
-97.2293
-97.2293
-97.2293
-97.2293
-97.2293
-97.2293
-97.2293
-97.2293
-97.2293
-97.2293
-97.2293
-97.2293
-96.8056
-96.8056
-96.8056
-96.8056
-96.8056
-96.8056
-96.8056
-96.8056
-96.8056
-96.8056
-96.8056
-96.8056
-96.8056
-96.8056
-96.8056
-96.8056
-96.8056
-96.8056
-96.8056
-96.8056
-96.8056
-96.8056
-96.8056
-96.8056
-96.8056
-96.8056
-96.8056
-96.8056
-96.8056
-96.8056
-96.3819
-96.3819
-96.3819
-96.3819
-96.3819
-96.3819
-96.3819
-96.3819
-96.3819
-96.3819
-96.3819
-96.3819
-96.3819
-96.3819
-96.3819
-96.3819
-96.3819
-96.3819
-96.3819
-96.3819
-96.3819
-96.3819
-96.3819
-96.3819
-96.3819
-96.3819
-96.3819
-96.3819
-96.3819
-96.3819
-95.9582
-95.9582
-95.9582
-95.9582
-95.9582
-95.9582
-95.9582
-95.9582
-95.9582
-95.9582
-95.9582
-95.9582
-95.9582
-95.9582
-95.9582
-95.9582
-95.9582
-95.9582
-95.9582
-95.9582
-95.9582
-95.9582
-95.9582
-95.9582
-95.9582
-95.9582
-95.9582
-95.9582
-95.9582
-95.9582
-95.5345
-95.5345
-95.5345
-95.5345
-95.5345
-95.5345
-95.5345
-95.5345
-95.5345
-95.5345
-95.5345
-95.5345
-95.5345
-95.5345
-95.5345
-95.5345
-95.5345
-95.5345
-95.5345
-95.5345
-95.5345
-95.5345
-95.5345
-95.5345
-95.5345
-95.5345
-95.5345
-95.5345
-95.5345
-95.5345
-95.1108
-95.1108
-95.1108
-95.1108
-95.1108
-95.1108
-95.1108
-95.1108
-95.1108
-95.1108
-95.1108
-95.1108
-95.1108
-95.1108
-95.1108
-95.1108
-95.1108
-95.1108
-95.1108
-95.1108
-95.1108
-95.1108
-95.1108
-95.1108
-95.1108
-95.1108
-95.1108
-95.1108
-95.1108
-95.1108
-94.6871
-94.6871
-94.6871
-94.6871
-94.6871
-94.6871
-94.6871
-94.6871
-94.6871
-94.6871
-94.6871
-94.6871
-94.6871
-94.6871
-94.6871
-94.6871
-94.6871
-94.6871
-94.6871
-94.6871
-94.6871
-94.6871
-94.6871
-94.6871
-94.6871
-94.6871
-94.6871
-94.6871
-94.6871
-94.6871
-94.2634
-94.2634
-94.2634
-94.2634
-94.2634
-94.2634
-94.2634
-94.2634
-94.2634
-94.2634
-94.2634
-94.2634
-94.2634
-94.2634
-94.2634
-94.2634
-94.2634
-94.2634
-94.2634
-94.2634
-94.2634
-94.2634
-94.2634
-94.2634
-94.2634
-94.2634
-94.2634
-94.2634
-94.2634
-94.2634
-93.8397
-93.8397
-93.8397
-93.8397
-93.8397
-93.8397
-93.8397
-93.8397
-93.8397
-93.8397
-93.8397
-93.8397
-93.8397
-93.8397
-93.8397
-93.8397
-93.8397
-93.8397
-93.8397
-93.8397
-93.8397
-93.8397
-93.8397
-93.8397
-93.8397
-93.8397
-93.8397
-93.8397
-93.8397
-93.8397
-93.416
-93.416
-93.416
-93.416
-93.416
-93.416
-93.416
-93.416
-93.416
-93.416
-93.416
-93.416
-93.416
-93.416
-93.416
-93.416
-93.416
-93.416
-93.416
-93.416
-93.416
-93.416
-93.416
-93.416
-93.416
-93.416
-93.416
-93.416
-93.416
-93.416
-92.9923
-92.9923
-92.9923
-92.9923
-92.9923
-92.9923
-92.9923
-92.9923
-92.9923
-92.9923
-92.9923
-92.9923
-92.9923
-92.9923
-92.9923
-92.9923
-92.9923
-92.9923
-92.9923
-92.9923
-92.9923
-92.9923
-92.9923
-92.9923
-92.9923
-92.9923
-92.9923
-92.9923
-92.9923
-92.9923
-92.5687
-92.5687
-92.5687
-92.5687
-92.5687
-92.5687
-92.5687
-92.5687
-92.5687
-92.5687
-92.5687
-92.5687
-92.5687
-92.5687
-92.5687
-92.5687
-92.5687
-92.5687
-92.5687
-92.5687
-92.5687
-92.5687
-92.5687
-92.5687
-92.5687
-92.5687
-92.5687
-92.5687
-92.5687
-92.5687
-92.145
-92.145
-92.145
-92.145
-92.145
-92.145
-92.145
-92.145
-92.145
-92.145
-92.145
-92.145
-92.145
-92.145
-92.145
-92.145
-92.145
-92.145
-92.145
-92.145
-92.145
-92.145
-92.145
-92.145
-92.145
-92.145
-92.145
-92.145
-92.145
-92.145
-91.7213
-91.7213
-91.7213
-91.7213
-91.7213
-91.7213
-91.7213
-91.7213
-91.7213
-91.7213
-91.7213
-91.7213
-91.7213
-91.7213
-91.7213
-91.7213
-91.7213
-91.7213
-91.7213
-91.7213
-91.7213
-91.7213
-91.7213
-91.7213
-91.7213
-91.7213
-91.7213
-91.7213
-91.7213
-91.7213
-91.2976
-91.2976
-91.2976
-91.2976
-91.2976
-91.2976
-91.2976
-91.2976
-91.2976
-91.2976
-91.2976
-91.2976
-91.2976
-91.2976
-91.2976
-91.2976
-91.2976
-91.2976
-91.2976
-91.2976
-91.2976
-91.2976
-91.2976
-91.2976
-91.2976
-91.2976
-91.2976
-91.2976
-91.2976
-91.2976
-90.8739
-90.8739
-90.8739
-90.8739
-90.8739
-90.8739
-90.8739
-90.8739
-90.8739
-90.8739
-90.8739
-90.8739
-90.8739
-90.8739
-90.8739
-90.8739
-90.8739
-90.8739
-90.8739
-90.8739
-90.8739
-90.8739
-90.8739
-90.8739
-90.8739
-90.8739
-90.8739
-90.8739
-90.8739
-90.8739
-90.4502
-90.4502
-90.4502
-90.4502
-90.4502
-90.4502
-90.4502
-90.4502
-90.4502
-90.4502
-90.4502
-90.4502
-90.4502
-90.4502
-90.4502
-90.4502
-90.4502
-90.4502
-90.4502
-90.4502
-90.4502
-90.4502
-90.4502
-90.4502
-90.4502
-90.4502
-90.4502
-90.4502
-90.4502
-90.4502
-90.0265
-90.0265
-90.0265
-90.0265
-90.0265
-90.0265
-90.0265
-90.0265
-90.0265
-90.0265
-90.0265
-90.0265
-90.0265
-90.0265
-90.0265
-90.0265
-90.0265
-90.0265
-90.0265
-90.0265
-90.0265
-90.0265
-90.0265
-90.0265
-90.0265
-90.0265
-90.0265
-90.0265
-90.0265
-90.0265
-89.6028
-89.6028
-89.6028
-89.6028
-89.6028
-89.6028
-89.6028
-89.6028
-89.6028
-89.6028
-89.6028
-89.6028
-89.6028
-89.6028
-89.6028
-89.6028
-89.6028
-89.6028
-89.6028
-89.6028
-89.6028
-89.6028
-89.6028
-89.6028
-89.6028
-89.6028
-89.6028
-89.6028
-89.6028
-89.6028
-89.1791
-89.1791
-89.1791
-89.1791
-89.1791
-89.1791
-89.1791
-89.1791
-89.1791
-89.1791
-89.1791
-89.1791
-89.1791
-89.1791
-89.1791
-89.1791
-89.1791
-89.1791
-89.1791
-89.1791
-89.1791
-89.1791
-89.1791
-89.1791
-89.1791
-89.1791
-89.1791
-89.1791
-89.1791
-89.1791
-88.7554
-88.7554
-88.7554
-88.7554
-88.7554
-88.7554
-88.7554
-88.7554
-88.7554
-88.7554
-88.7554
-88.7554
-88.7554
-88.7554
-88.7554
-88.7554
-88.7554
-88.7554
-88.7554
-88.7554
-88.7554
-88.7554
-88.7554
-88.7554
-88.7554
-88.7554
-88.7554
-88.7554
-88.7554
-88.7554
-88.3317
-88.3317
-88.3317
-88.3317
-88.3317
-88.3317
-88.3317
-88.3317
-88.3317
-88.3317
-88.3317
-88.3317
-88.3317
-88.3317
-88.3317
-88.3317
-88.3317
-88.3317
-88.3317
-88.3317
-88.3317
-88.3317
-88.3317
-88.3317
-88.3317
-88.3317
-88.3317
-88.3317
-88.3317
-88.3317
-87.908
-87.908
-87.908
-87.908
-87.908
-87.908
-87.908
-87.908
-87.908
-87.908
-87.908
-87.908
-87.908
-87.908
-87.908
-87.908
-87.908
-87.908
-87.908
-87.908
-87.908
-87.908
-87.908
-87.908
-87.908
-87.908
-87.908
-87.908
-87.908
-87.908
-87.4843
-87.4843
-87.4843
-87.4843
-87.4843
-87.4843
-87.4843
-87.4843
-87.4843
-87.4843
-87.4843
-87.4843
-87.4843
-87.4843
-87.4843
-87.4843
-87.4843
-87.4843
-87.4843
-87.4843
-87.4843
-87.4843
-87.4843
-87.4843
-87.4843
-87.4843
-87.4843
-87.4843
-87.4843
-87.4843
-87.0606
-87.0606
-87.0606
-87.0606
-87.0606
-87.0606
-87.0606
-87.0606
-87.0606
-87.0606
-87.0606
-87.0606
-87.0606
-87.0606
-87.0606
-87.0606
-87.0606
-87.0606
-87.0606
-87.0606
-87.0606
-87.0606
-87.0606
-87.0606
-87.0606
-87.0606
-87.0606
-87.0606
-87.0606
-87.0606
-86.637
-86.637
-86.637
-86.637
-86.637
-86.637
-86.637
-86.637
-86.637
-86.637
-86.637
-86.637
-86.637
-86.637
-86.637
-86.637
-86.637
-86.637
-86.637
-86.637
-86.637
-86.637
-86.637
-86.637
-86.637
-86.637
-86.637
-86.637
-86.637
-86.637
-86.2133
-86.2133
-86.2133
-86.2133
-86.2133
-86.2133
-86.2133
-86.2133
-86.2133
-86.2133
-86.2133
-86.2133
-86.2133
-86.2133
-86.2133
-86.2133
-86.2133
-86.2133
-86.2133
-86.2133
-86.2133
-86.2133
-86.2133
-86.2133
-86.2133
-86.2133
-86.2133
-86.2133
-86.2133
-86.2133
-85.7896
-85.7896
-85.7896
-85.7896
-85.7896
-85.7896
-85.7896
-85.7896
-85.7896
-85.7896
-85.7896
-85.7896
-85.7896
-85.7896
-85.7896
-85.7896
-85.7896
-85.7896
-85.7896
-85.7896
-85.7896
-85.7896
-85.7896
-85.7896
-85.7896
-85.7896
-85.7896
-85.7896
-85.7896
-85.7896
-85.3659
-85.3659
-85.3659
-85.3659
-85.3659
-85.3659
-85.3659
-85.3659
-85.3659
-85.3659
-85.3659
-85.3659
-85.3659
-85.3659
-85.3659
-85.3659
-85.3659
-85.3659
-85.3659
-85.3659
-85.3659
-85.3659
-85.3659
-85.3659
-85.3659
-85.3659
-85.3659
-85.3659
-85.3659
-85.3659
-84.9422
-84.9422
-84.9422
-84.9422
-84.9422
-84.9422
-84.9422
-84.9422
-84.9422
-84.9422
-84.9422
-84.9422
-84.9422
-84.9422
-84.9422
-84.9422
-84.9422
-84.9422
-84.9422
-84.9422
-84.9422
-84.9422
-84.9422
-84.9422
-84.9422
-84.9422
-84.9422
-84.9422
-84.9422
-84.9422
-84.5185
-84.5185
-84.5185
-84.5185
-84.5185
-84.5185
-84.5185
-84.5185
-84.5185
-84.5185
-84.5185
-84.5185
-84.5185
-84.5185
-84.5185
-84.5185
-84.5185
-84.5185
-84.5185
-84.5185
-84.5185
-84.5185
-84.5185
-84.5185
-84.5185
-84.5185
-84.5185
-84.5185
-84.5185
-84.5185
-84.0948
-84.0948
-84.0948
-84.0948
-84.0948
-84.0948
-84.0948
-84.0948
-84.0948
-84.0948
-84.0948
-84.0948
-84.0948
-84.0948
-84.0948
-84.0948
-84.0948
-84.0948
-84.0948
-84.0948
-84.0948
-84.0948
-84.0948
-84.0948
-84.0948
-84.0948
-84.0948
-84.0948
-84.0948
-84.0948
-83.6711
-83.6711
-83.6711
-83.6711
-83.6711
-83.6711
-83.6711
-83.6711
-83.6711
-83.6711
-83.6711
-83.6711
-83.6711
-83.6711
-83.6711
-83.6711
-83.6711
-83.6711
-83.6711
-83.6711
-83.6711
-83.6711
-83.6711
-83.6711
-83.6711
-83.6711
-83.6711
-83.6711
-83.6711
-83.6711
-83.2474
-83.2474
-83.2474
-83.2474
-83.2474
-83.2474
-83.2474
-83.2474
-83.2474
-83.2474
-83.2474
-83.2474
-83.2474
-83.2474
-83.2474
-83.2474
-83.2474
-83.2474
-83.2474
-83.2474
-83.2474
-83.2474
-83.2474
-83.2474
-83.2474
-83.2474
-83.2474
-83.2474
-83.2474
-83.2474
-82.8237
-82.8237
-82.8237
-82.8237
-82.8237
-82.8237
-82.8237
-82.8237
-82.8237
-82.8237
-82.8237
-82.8237
-82.8237
-82.8237
-82.8237
-82.8237
-82.8237
-82.8237
-82.8237
-82.8237
-82.8237
-82.8237
-82.8237
-82.8237
-82.8237
-82.8237
-82.8237
-82.8237
-82.8237
-82.8237
-82.4
-82.4
-82.4
-82.4
-82.4
-82.4
-82.4
-82.4
-82.4
-82.4
-82.4
-82.4
-82.4
-82.4
-82.4
-82.4
-82.4
-82.4
-82.4
-82.4
-82.4
-82.4
-82.4
-82.4
-82.4
-82.4
-82.4
-82.4
-82.4
-82.4
-81.9763
-81.9763
-81.9763
-81.9763
-81.9763
-81.9763
-81.9763
-81.9763
-81.9763
-81.9763
-81.9763
-81.9763
-81.9763
-81.9763
-81.9763
-81.9763
-81.9763
-81.9763
-81.9763
-81.9763
-81.9763
-81.9763
-81.9763
-81.9763
-81.9763
-81.9763
-81.9763
-81.9763
-81.9763
-81.9763
-81.5526
-81.5526
-81.5526
-81.5526
-81.5526
-81.5526
-81.5526
-81.5526
-81.5526
-81.5526
-81.5526
-81.5526
-81.5526
-81.5526
-81.5526
-81.5526
-81.5526
-81.5526
-81.5526
-81.5526
-81.5526
-81.5526
-81.5526
-81.5526
-81.5526
-81.5526
-81.5526
-81.5526
-81.5526
-81.5526
-81.129
-81.129
-81.129
-81.129
-81.129
-81.129
-81.129
-81.129
-81.129
-81.129
-81.129
-81.129
-81.129
-81.129
-81.129
-81.129
-81.129
-81.129
-81.129
-81.129
-81.129
-81.129
-81.129
-81.129
-81.129
-81.129
-81.129
-81.129
-81.129
-81.129
-80.7053
-80.7053
-80.7053
-80.7053
-80.7053
-80.7053
-80.7053
-80.7053
-80.7053
-80.7053
-80.7053
-80.7053
-80.7053
-80.7053
-80.7053
-80.7053
-80.7053
-80.7053
-80.7053
-80.7053
-80.7053
-80.7053
-80.7053
-80.7053
-80.7053
-80.7053
-80.7053
-80.7053
-80.7053
-80.7053
-80.2816
-80.2816
-80.2816
-80.2816
-80.2816
-80.2816
-80.2816
-80.2816
-80.2816
-80.2816
-80.2816
-80.2816
-80.2816
-80.2816
-80.2816
-80.2816
-80.2816
-80.2816
-80.2816
-80.2816
-80.2816
-80.2816
-80.2816
-80.2816
-80.2816
-80.2816
-80.2816
-80.2816
-80.2816
-80.2816
-79.8579
-79.8579
-79.8579
-79.8579
-79.8579
-79.8579
-79.8579
-79.8579
-79.8579
-79.8579
-79.8579
-79.8579
-79.8579
-79.8579
-79.8579
-79.8579
-79.8579
-79.8579
-79.8579
-79.8579
-79.8579
-79.8579
-79.8579
-79.8579
-79.8579
-79.8579
-79.8579
-79.8579
-79.8579
-79.8579
-79.4342
-79.4342
-79.4342
-79.4342
-79.4342
-79.4342
-79.4342
-79.4342
-79.4342
-79.4342
-79.4342
-79.4342
-79.4342
-79.4342
-79.4342
-79.4342
-79.4342
-79.4342
-79.4342
-79.4342
-79.4342
-79.4342
-79.4342
-79.4342
-79.4342
-79.4342
-79.4342
-79.4342
-79.4342
-79.4342
-79.0105
-79.0105
-79.0105
-79.0105
-79.0105
-79.0105
-79.0105
-79.0105
-79.0105
-79.0105
-79.0105
-79.0105
-79.0105
-79.0105
-79.0105
-79.0105
-79.0105
-79.0105
-79.0105
-79.0105
-79.0105
-79.0105
-79.0105
-79.0105
-79.0105
-79.0105
-79.0105
-79.0105
-79.0105
-79.0105
-78.5868
-78.5868
-78.5868
-78.5868
-78.5868
-78.5868
-78.5868
-78.5868
-78.5868
-78.5868
-78.5868
-78.5868
-78.5868
-78.5868
-78.5868
-78.5868
-78.5868
-78.5868
-78.5868
-78.5868
-78.5868
-78.5868
-78.5868
-78.5868
-78.5868
-78.5868
-78.5868
-78.5868
-78.5868
-78.5868
-78.1631
-78.1631
-78.1631
-78.1631
-78.1631
-78.1631
-78.1631
-78.1631
-78.1631
-78.1631
-78.1631
-78.1631
-78.1631
-78.1631
-78.1631
-78.1631
-78.1631
-78.1631
-78.1631
-78.1631
-78.1631
-78.1631
-78.1631
-78.1631
-78.1631
-78.1631
-78.1631
-78.1631
-78.1631
-78.1631
-77.7394
-77.7394
-77.7394
-77.7394
-77.7394
-77.7394
-77.7394
-77.7394
-77.7394
-77.7394
-77.7394
-77.7394
-77.7394
-77.7394
-77.7394
-77.7394
-77.7394
-77.7394
-77.7394
-77.7394
-77.7394
-77.7394
-77.7394
-77.7394
-77.7394
-77.7394
-77.7394
-77.7394
-77.7394
-77.7394
-77.3157
-77.3157
-77.3157
-77.3157
-77.3157
-77.3157
-77.3157
-77.3157
-77.3157
-77.3157
-77.3157
-77.3157
-77.3157
-77.3157
-77.3157
-77.3157
-77.3157
-77.3157
-77.3157
-77.3157
-77.3157
-77.3157
-77.3157
-77.3157
-77.3157
-77.3157
-77.3157
-77.3157
-77.3157
-77.3157
-76.892
-76.892
-76.892
-76.892
-76.892
-76.892
-76.892
-76.892
-76.892
-76.892
-76.892
-76.892
-76.892
-76.892
-76.892
-76.892
-76.892
-76.892
-76.892
-76.892
-76.892
-76.892
-76.892
-76.892
-76.892
-76.892
-76.892
-76.892
-76.892
-76.892
-76.4683
-76.4683
-76.4683
-76.4683
-76.4683
-76.4683
-76.4683
-76.4683
-76.4683
-76.4683
-76.4683
-76.4683
-76.4683
-76.4683
-76.4683
-76.4683
-76.4683
-76.4683
-76.4683
-76.4683
-76.4683
-76.4683
-76.4683
-76.4683
-76.4683
-76.4683
-76.4683
-76.4683
-76.4683
-76.4683
-76.0447
-76.0447
-76.0447
-76.0447
-76.0447
-76.0447
-76.0447
-76.0447
-76.0447
-76.0447
-76.0447
-76.0447
-76.0447
-76.0447
-76.0447
-76.0447
-76.0447
-76.0447
-76.0447
-76.0447
-76.0447
-76.0447
-76.0447
-76.0447
-76.0447
-76.0447
-76.0447
-76.0447
-76.0447
-76.0447
-75.621
-75.621
-75.621
-75.621
-75.621
-75.621
-75.621
-75.621
-75.621
-75.621
-75.621
-75.621
-75.621
-75.621
-75.621
-75.621
-75.621
-75.621
-75.621
-75.621
-75.621
-75.621
-75.621
-75.621
-75.621
-75.621
-75.621
-75.621
-75.621
-75.621
-75.1973
-75.1973
-75.1973
-75.1973
-75.1973
-75.1973
-75.1973
-75.1973
-75.1973
-75.1973
-75.1973
-75.1973
-75.1973
-75.1973
-75.1973
-75.1973
-75.1973
-75.1973
-75.1973
-75.1973
-75.1973
-75.1973
-75.1973
-75.1973
-75.1973
-75.1973
-75.1973
-75.1973
-75.1973
-75.1973
-74.7736
-74.7736
-74.7736
-74.7736
-74.7736
-74.7736
-74.7736
-74.7736
-74.7736
-74.7736
-74.7736
-74.7736
-74.7736
-74.7736
-74.7736
-74.7736
-74.7736
-74.7736
-74.7736
-74.7736
-74.7736
-74.7736
-74.7736
-74.7736
-74.7736
-74.7736
-74.7736
-74.7736
-74.7736
-74.7736
-74.3499
-74.3499
-74.3499
-74.3499
-74.3499
-74.3499
-74.3499
-74.3499
-74.3499
-74.3499
-74.3499
-74.3499
-74.3499
-74.3499
-74.3499
-74.3499
-74.3499
-74.3499
-74.3499
-74.3499
-74.3499
-74.3499
-74.3499
-74.3499
-74.3499
-74.3499
-74.3499
-74.3499
-74.3499
-74.3499
-73.9262
-73.9262
-73.9262
-73.9262
-73.9262
-73.9262
-73.9262
-73.9262
-73.9262
-73.9262
-73.9262
-73.9262
-73.9262
-73.9262
-73.9262
-73.9262
-73.9262
-73.9262
-73.9262
-73.9262
-73.9262
-73.9262
-73.9262
-73.9262
-73.9262
-73.9262
-73.9262
-73.9262
-73.9262
-73.9262
-73.5025
-73.5025
-73.5025
-73.5025
-73.5025
-73.5025
-73.5025
-73.5025
-73.5025
-73.5025
-73.5025
-73.5025
-73.5025
-73.5025
-73.5025
-73.5025
-73.5025
-73.5025
-73.5025
-73.5025
-73.5025
-73.5025
-73.5025
-73.5025
-73.5025
-73.5025
-73.5025
-73.5025
-73.5025
-73.5025
-73.0788
-73.0788
-73.0788
-73.0788
-73.0788
-73.0788
-73.0788
-73.0788
-73.0788
-73.0788
-73.0788
-73.0788
-73.0788
-73.0788
-73.0788
-73.0788
-73.0788
-73.0788
-73.0788
-73.0788
-73.0788
-73.0788
-73.0788
-73.0788
-73.0788
-73.0788
-73.0788
-73.0788
-73.0788
-73.0788
-72.6551
-72.6551
-72.6551
-72.6551
-72.6551
-72.6551
-72.6551
-72.6551
-72.6551
-72.6551
-72.6551
-72.6551
-72.6551
-72.6551
-72.6551
-72.6551
-72.6551
-72.6551
-72.6551
-72.6551
-72.6551
-72.6551
-72.6551
-72.6551
-72.6551
-72.6551
-72.6551
-72.6551
-72.6551
-72.6551
-72.2314
-72.2314
-72.2314
-72.2314
-72.2314
-72.2314
-72.2314
-72.2314
-72.2314
-72.2314
-72.2314
-72.2314
-72.2314
-72.2314
-72.2314
-72.2314
-72.2314
-72.2314
-72.2314
-72.2314
-72.2314
-72.2314
-72.2314
-72.2314
-72.2314
-72.2314
-72.2314
-72.2314
-72.2314
-72.2314
-71.8077
-71.8077
-71.8077
-71.8077
-71.8077
-71.8077
-71.8077
-71.8077
-71.8077
-71.8077
-71.8077
-71.8077
-71.8077
-71.8077
-71.8077
-71.8077
-71.8077
-71.8077
-71.8077
-71.8077
-71.8077
-71.8077
-71.8077
-71.8077
-71.8077
-71.8077
-71.8077
-71.8077
-71.8077
-71.8077
-71.384
-71.384
-71.384
-71.384
-71.384
-71.384
-71.384
-71.384
-71.384
-71.384
-71.384
-71.384
-71.384
-71.384
-71.384
-71.384
-71.384
-71.384
-71.384
-71.384
-71.384
-71.384
-71.384
-71.384
-71.384
-71.384
-71.384
-71.384
-71.384
-71.384
-70.9603
-70.9603
-70.9603
-70.9603
-70.9603
-70.9603
-70.9603
-70.9603
-70.9603
-70.9603
-70.9603
-70.9603
-70.9603
-70.9603
-70.9603
-70.9603
-70.9603
-70.9603
-70.9603
-70.9603
-70.9603
-70.9603
-70.9603
-70.9603
-70.9603
-70.9603
-70.9603
-70.9603
-70.9603
-70.9603
-70.5367
-70.5367
-70.5367
-70.5367
-70.5367
-70.5367
-70.5367
-70.5367
-70.5367
-70.5367
-70.5367
-70.5367
-70.5367
-70.5367
-70.5367
-70.5367
-70.5367
-70.5367
-70.5367
-70.5367
-70.5367
-70.5367
-70.5367
-70.5367
-70.5367
-70.5367
-70.5367
-70.5367
-70.5367
-70.5367
-70.113
-70.113
-70.113
-70.113
-70.113
-70.113
-70.113
-70.113
-70.113
-70.113
-70.113
-70.113
-70.113
-70.113
-70.113
-70.113
-70.113
-70.113
-70.113
-70.113
-70.113
-70.113
-70.113
-70.113
-70.113
-70.113
-70.113
-70.113
-70.113
-70.113
-69.6893
-69.6893
-69.6893
-69.6893
-69.6893
-69.6893
-69.6893
-69.6893
-69.6893
-69.6893
-69.6893
-69.6893
-69.6893
-69.6893
-69.6893
-69.6893
-69.6893
-69.6893
-69.6893
-69.6893
-69.6893
-69.6893
-69.6893
-69.6893
-69.6893
-69.6893
-69.6893
-69.6893
-69.6893
-69.6893
-69.2656
-69.2656
-69.2656
-69.2656
-69.2656
-69.2656
-69.2656
-69.2656
-69.2656
-69.2656
-69.2656
-69.2656
-69.2656
-69.2656
-69.2656
-69.2656
-69.2656
-69.2656
-69.2656
-69.2656
-69.2656
-69.2656
-69.2656
-69.2656
-69.2656
-69.2656
-69.2656
-69.2656
-69.2656
-69.2656
-68.8419
-68.8419
-68.8419
-68.8419
-68.8419
-68.8419
-68.8419
-68.8419
-68.8419
-68.8419
-68.8419
-68.8419
-68.8419
-68.8419
-68.8419
-68.8419
-68.8419
-68.8419
-68.8419
-68.8419
-68.8419
-68.8419
-68.8419
-68.8419
-68.8419
-68.8419
-68.8419
-68.8419
-68.8419
-68.8419
-68.4182
-68.4182
-68.4182
-68.4182
-68.4182
-68.4182
-68.4182
-68.4182
-68.4182
-68.4182
-68.4182
-68.4182
-68.4182
-68.4182
-68.4182
-68.4182
-68.4182
-68.4182
-68.4182
-68.4182
-68.4182
-68.4182
-68.4182
-68.4182
-68.4182
-68.4182
-68.4182
-68.4182
-68.4182
-68.4182
-67.9945
-67.9945
-67.9945
-67.9945
-67.9945
-67.9945
-67.9945
-67.9945
-67.9945
-67.9945
-67.9945
-67.9945
-67.9945
-67.9945
-67.9945
-67.9945
-67.9945
-67.9945
-67.9945
-67.9945
-67.9945
-67.9945
-67.9945
-67.9945
-67.9945
-67.9945
-67.9945
-67.9945
-67.9945
-67.9945
-67.5708
-67.5708
-67.5708
-67.5708
-67.5708
-67.5708
-67.5708
-67.5708
-67.5708
-67.5708
-67.5708
-67.5708
-67.5708
-67.5708
-67.5708
-67.5708
-67.5708
-67.5708
-67.5708
-67.5708
-67.5708
-67.5708
-67.5708
-67.5708
-67.5708
-67.5708
-67.5708
-67.5708
-67.5708
-67.5708
-67.1471
-67.1471
-67.1471
-67.1471
-67.1471
-67.1471
-67.1471
-67.1471
-67.1471
-67.1471
-67.1471
-67.1471
-67.1471
-67.1471
-67.1471
-67.1471
-67.1471
-67.1471
-67.1471
-67.1471
-67.1471
-67.1471
-67.1471
-67.1471
-67.1471
-67.1471
-67.1471
-67.1471
-67.1471
-67.1471
-66.7234
-66.7234
-66.7234
-66.7234
-66.7234
-66.7234
-66.7234
-66.7234
-66.7234
-66.7234
-66.7234
-66.7234
-66.7234
-66.7234
-66.7234
-66.7234
-66.7234
-66.7234
-66.7234
-66.7234
-66.7234
-66.7234
-66.7234
-66.7234
-66.7234
-66.7234
-66.7234
-66.7234
-66.7234
-66.7234
-66.2997
-66.2997
-66.2997
-66.2997
-66.2997
-66.2997
-66.2997
-66.2997
-66.2997
-66.2997
-66.2997
-66.2997
-66.2997
-66.2997
-66.2997
-66.2997
-66.2997
-66.2997
-66.2997
-66.2997
-66.2997
-66.2997
-66.2997
-66.2997
-66.2997
-66.2997
-66.2997
-66.2997
-66.2997
-66.2997
-65.876
-65.876
-65.876
-65.876
-65.876
-65.876
-65.876
-65.876
-65.876
-65.876
-65.876
-65.876
-65.876
-65.876
-65.876
-65.876
-65.876
-65.876
-65.876
-65.876
-65.876
-65.876
-65.876
-65.876
-65.876
-65.876
-65.876
-65.876
-65.876
-65.876
-65.4524
-65.4524
-65.4524
-65.4524
-65.4524
-65.4524
-65.4524
-65.4524
-65.4524
-65.4524
-65.4524
-65.4524
-65.4524
-65.4524
-65.4524
-65.4524
-65.4524
-65.4524
-65.4524
-65.4524
-65.4524
-65.4524
-65.4524
-65.4524
-65.4524
-65.4524
-65.4524
-65.4524
-65.4524
-65.4524
-65.0287
-65.0287
-65.0287
-65.0287
-65.0287
-65.0287
-65.0287
-65.0287
-65.0287
-65.0287
-65.0287
-65.0287
-65.0287
-65.0287
-65.0287
-65.0287
-65.0287
-65.0287
-65.0287
-65.0287
-65.0287
-65.0287
-65.0287
-65.0287
-65.0287
-65.0287
-65.0287
-65.0287
-65.0287
-65.0287
-64.605
-64.605
-64.605
-64.605
-64.605
-64.605
-64.605
-64.605
-64.605
-64.605
-64.605
-64.605
-64.605
-64.605
-64.605
-64.605
-64.605
-64.605
-64.605
-64.605
-64.605
-64.605
-64.605
-64.605
-64.605
-64.605
-64.605
-64.605
-64.605
-64.605
-64.1813
-64.1813
-64.1813
-64.1813
-64.1813
-64.1813
-64.1813
-64.1813
-64.1813
-64.1813
-64.1813
-64.1813
-64.1813
-64.1813
-64.1813
-64.1813
-64.1813
-64.1813
-64.1813
-64.1813
-64.1813
-64.1813
-64.1813
-64.1813
-64.1813
-64.1813
-64.1813
-64.1813
-64.1813
-64.1813
-63.7576
-63.7576
-63.7576
-63.7576
-63.7576
-63.7576
-63.7576
-63.7576
-63.7576
-63.7576
-63.7576
-63.7576
-63.7576
-63.7576
-63.7576
-63.7576
-63.7576
-63.7576
-63.7576
-63.7576
-63.7576
-63.7576
-63.7576
-63.7576
-63.7576
-63.7576
-63.7576
-63.7576
-63.7576
-63.7576
-63.3339
-63.3339
-63.3339
-63.3339
-63.3339
-63.3339
-63.3339
-63.3339
-63.3339
-63.3339
-63.3339
-63.3339
-63.3339
-63.3339
-63.3339
-63.3339
-63.3339
-63.3339
-63.3339
-63.3339
-63.3339
-63.3339
-63.3339
-63.3339
-63.3339
-63.3339
-63.3339
-63.3339
-63.3339
-63.3339
-62.9102
-62.9102
-62.9102
-62.9102
-62.9102
-62.9102
-62.9102
-62.9102
-62.9102
-62.9102
-62.9102
-62.9102
-62.9102
-62.9102
-62.9102
-62.9102
-62.9102
-62.9102
-62.9102
-62.9102
-62.9102
-62.9102
-62.9102
-62.9102
-62.9102
-62.9102
-62.9102
-62.9102
-62.9102
-62.9102
-62.4865
-62.4865
-62.4865
-62.4865
-62.4865
-62.4865
-62.4865
-62.4865
-62.4865
-62.4865
-62.4865
-62.4865
-62.4865
-62.4865
-62.4865
-62.4865
-62.4865
-62.4865
-62.4865
-62.4865
-62.4865
-62.4865
-62.4865
-62.4865
-62.4865
-62.4865
-62.4865
-62.4865
-62.4865
-62.4865
-62.0628
-62.0628
-62.0628
-62.0628
-62.0628
-62.0628
-62.0628
-62.0628
-62.0628
-62.0628
-62.0628
-62.0628
-62.0628
-62.0628
-62.0628
-62.0628
-62.0628
-62.0628
-62.0628
-62.0628
-62.0628
-62.0628
-62.0628
-62.0628
-62.0628
-62.0628
-62.0628
-62.0628
-62.0628
-62.0628
-61.6391
-61.6391
-61.6391
-61.6391
-61.6391
-61.6391
-61.6391
-61.6391
-61.6391
-61.6391
-61.6391
-61.6391
-61.6391
-61.6391
-61.6391
-61.6391
-61.6391
-61.6391
-61.6391
-61.6391
-61.6391
-61.6391
-61.6391
-61.6391
-61.6391
-61.6391
-61.6391
-61.6391
-61.6391
-61.6391
-61.2154
-61.2154
-61.2154
-61.2154
-61.2154
-61.2154
-61.2154
-61.2154
-61.2154
-61.2154
-61.2154
-61.2154
-61.2154
-61.2154
-61.2154
-61.2154
-61.2154
-61.2154
-61.2154
-61.2154
-61.2154
-61.2154
-61.2154
-61.2154
-61.2154
-61.2154
-61.2154
-61.2154
-61.2154
-61.2154
-60.7917
-60.7917
-60.7917
-60.7917
-60.7917
-60.7917
-60.7917
-60.7917
-60.7917
-60.7917
-60.7917
-60.7917
-60.7917
-60.7917
-60.7917
-60.7917
-60.7917
-60.7917
-60.7917
-60.7917
-60.7917
-60.7917
-60.7917
-60.7917
-60.7917
-60.7917
-60.7917
-60.7917
-60.7917
-60.7917
-60.368
-60.368
-60.368
-60.368
-60.368
-60.368
-60.368
-60.368
-60.368
-60.368
-60.368
-60.368
-60.368
-60.368
-60.368
-60.368
-60.368
-60.368
-60.368
-60.368
-60.368
-60.368
-60.368
-60.368
-60.368
-60.368
-60.368
-60.368
-60.368
-60.368
-59.9443
-59.9443
-59.9443
-59.9443
-59.9443
-59.9443
-59.9443
-59.9443
-59.9443
-59.9443
-59.9443
-59.9443
-59.9443
-59.9443
-59.9443
-59.9443
-59.9443
-59.9443
-59.9443
-59.9443
-59.9443
-59.9443
-59.9443
-59.9443
-59.9443
-59.9443
-59.9443
-59.9443
-59.9443
-59.9443
-59.5207
-59.5207
-59.5207
-59.5207
-59.5207
-59.5207
-59.5207
-59.5207
-59.5207
-59.5207
-59.5207
-59.5207
-59.5207
-59.5207
-59.5207
-59.5207
-59.5207
-59.5207
-59.5207
-59.5207
-59.5207
-59.5207
-59.5207
-59.5207
-59.5207
-59.5207
-59.5207
-59.5207
-59.5207
-59.5207
-59.097
-59.097
-59.097
-59.097
-59.097
-59.097
-59.097
-59.097
-59.097
-59.097
-59.097
-59.097
-59.097
-59.097
-59.097
-59.097
-59.097
-59.097
-59.097
-59.097
-59.097
-59.097
-59.097
-59.097
-59.097
-59.097
-59.097
-59.097
-59.097
-59.097
-58.6733
-58.6733
-58.6733
-58.6733
-58.6733
-58.6733
-58.6733
-58.6733
-58.6733
-58.6733
-58.6733
-58.6733
-58.6733
-58.6733
-58.6733
-58.6733
-58.6733
-58.6733
-58.6733
-58.6733
-58.6733
-58.6733
-58.6733
-58.6733
-58.6733
-58.6733
-58.6733
-58.6733
-58.6733
-58.6733
-58.2496
-58.2496
-58.2496
-58.2496
-58.2496
-58.2496
-58.2496
-58.2496
-58.2496
-58.2496
-58.2496
-58.2496
-58.2496
-58.2496
-58.2496
-58.2496
-58.2496
-58.2496
-58.2496
-58.2496
-58.2496
-58.2496
-58.2496
-58.2496
-58.2496
-58.2496
-58.2496
-58.2496
-58.2496
-58.2496
-57.8259
-57.8259
-57.8259
-57.8259
-57.8259
-57.8259
-57.8259
-57.8259
-57.8259
-57.8259
-57.8259
-57.8259
-57.8259
-57.8259
-57.8259
-57.8259
-57.8259
-57.8259
-57.8259
-57.8259
-57.8259
-57.8259
-57.8259
-57.8259
-57.8259
-57.8259
-57.8259
-57.8259
-57.8259
-57.8259
-57.4022
-57.4022
-57.4022
-57.4022
-57.4022
-57.4022
-57.4022
-57.4022
-57.4022
-57.4022
-57.4022
-57.4022
-57.4022
-57.4022
-57.4022
-57.4022
-57.4022
-57.4022
-57.4022
-57.4022
-57.4022
-57.4022
-57.4022
-57.4022
-57.4022
-57.4022
-57.4022
-57.4022
-57.4022
-57.4022
-56.9785
-56.9785
-56.9785
-56.9785
-56.9785
-56.9785
-56.9785
-56.9785
-56.9785
-56.9785
-56.9785
-56.9785
-56.9785
-56.9785
-56.9785
-56.9785
-56.9785
-56.9785
-56.9785
-56.9785
-56.9785
-56.9785
-56.9785
-56.9785
-56.9785
-56.9785
-56.9785
-56.9785
-56.9785
-56.9785
-56.5548
-56.5548
-56.5548
-56.5548
-56.5548
-56.5548
-56.5548
-56.5548
-56.5548
-56.5548
-56.5548
-56.5548
-56.5548
-56.5548
-56.5548
-56.5548
-56.5548
-56.5548
-56.5548
-56.5548
-56.5548
-56.5548
-56.5548
-56.5548
-56.5548
-56.5548
-56.5548
-56.5548
-56.5548
-56.5548
-56.1311
-56.1311
-56.1311
-56.1311
-56.1311
-56.1311
-56.1311
-56.1311
-56.1311
-56.1311
-56.1311
-56.1311
-56.1311
-56.1311
-56.1311
-56.1311
-56.1311
-56.1311
-56.1311
-56.1311
-56.1311
-56.1311
-56.1311
-56.1311
-56.1311
-56.1311
-56.1311
-56.1311
-56.1311
-56.1311
-55.7074
-55.7074
-55.7074
-55.7074
-55.7074
-55.7074
-55.7074
-55.7074
-55.7074
-55.7074
-55.7074
-55.7074
-55.7074
-55.7074
-55.7074
-55.7074
-55.7074
-55.7074
-55.7074
-55.7074
-55.7074
-55.7074
-55.7074
-55.7074
-55.7074
-55.7074
-55.7074
-55.7074
-55.7074
-55.7074
-55.2837
-55.2837
-55.2837
-55.2837
-55.2837
-55.2837
-55.2837
-55.2837
-55.2837
-55.2837
-55.2837
-55.2837
-55.2837
-55.2837
-55.2837
-55.2837
-55.2837
-55.2837
-55.2837
-55.2837
-55.2837
-55.2837
-55.2837
-55.2837
-55.2837
-55.2837
-55.2837
-55.2837
-55.2837
-55.2837
-54.86
-54.86
-54.86
-54.86
-54.86
-54.86
-54.86
-54.86
-54.86
-54.86
-54.86
-54.86
-54.86
-54.86
-54.86
-54.86
-54.86
-54.86
-54.86
-54.86
-54.86
-54.86
-54.86
-54.86
-54.86
-54.86
-54.86
-54.86
-54.86
-54.86
-54.4363
-54.4363
-54.4363
-54.4363
-54.4363
-54.4363
-54.4363
-54.4363
-54.4363
-54.4363
-54.4363
-54.4363
-54.4363
-54.4363
-54.4363
-54.4363
-54.4363
-54.4363
-54.4363
-54.4363
-54.4363
-54.4363
-54.4363
-54.4363
-54.4363
-54.4363
-54.4363
-54.4363
-54.4363
-54.4363
-54.0126
-54.0126
-54.0126
-54.0126
-54.0126
-54.0126
-54.0126
-54.0126
-54.0126
-54.0126
-54.0126
-54.0126
-54.0126
-54.0126
-54.0126
-54.0126
-54.0126
-54.0126
-54.0126
-54.0126
-54.0126
-54.0126
-54.0126
-54.0126
-54.0126
-54.0126
-54.0126
-54.0126
-54.0126
-54.0126
-53.5889
-53.5889
-53.5889
-53.5889
-53.5889
-53.5889
-53.5889
-53.5889
-53.5889
-53.5889
-53.5889
-53.5889
-53.5889
-53.5889
-53.5889
-53.5889
-53.5889
-53.5889
-53.5889
-53.5889
-53.5889
-53.5889
-53.5889
-53.5889
-53.5889
-53.5889
-53.5889
-53.5889
-53.5889
-53.5889
-53.1652
-53.1652
-53.1652
-53.1652
-53.1652
-53.1652
-53.1652
-53.1652
-53.1652
-53.1652
-53.1652
-53.1652
-53.1652
-53.1652
-53.1652
-53.1652
-53.1652
-53.1652
-53.1652
-53.1652
-53.1652
-53.1652
-53.1652
-53.1652
-53.1652
-53.1652
-53.1652
-53.1652
-53.1652
-53.1652
-52.7415
-52.7415
-52.7415
-52.7415
-52.7415
-52.7415
-52.7415
-52.7415
-52.7415
-52.7415
-52.7415
-52.7415
-52.7415
-52.7415
-52.7415
-52.7415
-52.7415
-52.7415
-52.7415
-52.7415
-52.7415
-52.7415
-52.7415
-52.7415
-52.7415
-52.7415
-52.7415
-52.7415
-52.7415
-52.7415
-52.3178
-52.3178
-52.3178
-52.3178
-52.3178
-52.3178
-52.3178
-52.3178
-52.3178
-52.3178
-52.3178
-52.3178
-52.3178
-52.3178
-52.3178
-52.3178
-52.3178
-52.3178
-52.3178
-52.3178
-52.3178
-52.3178
-52.3178
-52.3178
-52.3178
-52.3178
-52.3178
-52.3178
-52.3178
-52.3178
-51.8941
-51.8941
-51.8941
-51.8941
-51.8941
-51.8941
-51.8941
-51.8941
-51.8941
-51.8941
-51.8941
-51.8941
-51.8941
-51.8941
-51.8941
-51.8941
-51.8941
-51.8941
-51.8941
-51.8941
-51.8941
-51.8941
-51.8941
-51.8941
-51.8941
-51.8941
-51.8941
-51.8941
-51.8941
-51.8941
-51.4705
-51.4705
-51.4705
-51.4705
-51.4705
-51.4705
-51.4705
-51.4705
-51.4705
-51.4705
-51.4705
-51.4705
-51.4705
-51.4705
-51.4705
-51.4705
-51.4705
-51.4705
-51.4705
-51.4705
-51.4705
-51.4705
-51.4705
-51.4705
-51.4705
-51.4705
-51.4705
-51.4705
-51.4705
-51.4705
-51.0468
-51.0468
-51.0468
-51.0468
-51.0468
-51.0468
-51.0468
-51.0468
-51.0468
-51.0468
-51.0468
-51.0468
-51.0468
-51.0468
-51.0468
-51.0468
-51.0468
-51.0468
-51.0468
-51.0468
-51.0468
-51.0468
-51.0468
-51.0468
-51.0468
-51.0468
-51.0468
-51.0468
-51.0468
-51.0468
-50.6231
-50.6231
-50.6231
-50.6231
-50.6231
-50.6231
-50.6231
-50.6231
-50.6231
-50.6231
-50.6231
-50.6231
-50.6231
-50.6231
-50.6231
-50.6231
-50.6231
-50.6231
-50.6231
-50.6231
-50.6231
-50.6231
-50.6231
-50.6231
-50.6231
-50.6231
-50.6231
-50.6231
-50.6231
-50.6231
-50.1994
-50.1994
-50.1994
-50.1994
-50.1994
-50.1994
-50.1994
-50.1994
-50.1994
-50.1994
-50.1994
-50.1994
-50.1994
-50.1994
-50.1994
-50.1994
-50.1994
-50.1994
-50.1994
-50.1994
-50.1994
-50.1994
-50.1994
-50.1994
-50.1994
-50.1994
-50.1994
-50.1994
-50.1994
-50.1994
-49.7757
-49.7757
-49.7757
-49.7757
-49.7757
-49.7757
-49.7757
-49.7757
-49.7757
-49.7757
-49.7757
-49.7757
-49.7757
-49.7757
-49.7757
-49.7757
-49.7757
-49.7757
-49.7757
-49.7757
-49.7757
-49.7757
-49.7757
-49.7757
-49.7757
-49.7757
-49.7757
-49.7757
-49.7757
-49.7757
-49.352
-49.352
-49.352
-49.352
-49.352
-49.352
-49.352
-49.352
-49.352
-49.352
-49.352
-49.352
-49.352
-49.352
-49.352
-49.352
-49.352
-49.352
-49.352
-49.352
-49.352
-49.352
-49.352
-49.352
-49.352
-49.352
-49.352
-49.352
-49.352
-49.352
-48.9283
-48.9283
-48.9283
-48.9283
-48.9283
-48.9283
-48.9283
-48.9283
-48.9283
-48.9283
-48.9283
-48.9283
-48.9283
-48.9283
-48.9283
-48.9283
-48.9283
-48.9283
-48.9283
-48.9283
-48.9283
-48.9283
-48.9283
-48.9283
-48.9283
-48.9283
-48.9283
-48.9283
-48.9283
-48.9283
-48.5046
-48.5046
-48.5046
-48.5046
-48.5046
-48.5046
-48.5046
-48.5046
-48.5046
-48.5046
-48.5046
-48.5046
-48.5046
-48.5046
-48.5046
-48.5046
-48.5046
-48.5046
-48.5046
-48.5046
-48.5046
-48.5046
-48.5046
-48.5046
-48.5046
-48.5046
-48.5046
-48.5046
-48.5046
-48.5046
-48.0809
-48.0809
-48.0809
-48.0809
-48.0809
-48.0809
-48.0809
-48.0809
-48.0809
-48.0809
-48.0809
-48.0809
-48.0809
-48.0809
-48.0809
-48.0809
-48.0809
-48.0809
-48.0809
-48.0809
-48.0809
-48.0809
-48.0809
-48.0809
-48.0809
-48.0809
-48.0809
-48.0809
-48.0809
-48.0809
-47.6572
-47.6572
-47.6572
-47.6572
-47.6572
-47.6572
-47.6572
-47.6572
-47.6572
-47.6572
-47.6572
-47.6572
-47.6572
-47.6572
-47.6572
-47.6572
-47.6572
-47.6572
-47.6572
-47.6572
-47.6572
-47.6572
-47.6572
-47.6572
-47.6572
-47.6572
-47.6572
-47.6572
-47.6572
-47.6572
-47.2335
-47.2335
-47.2335
-47.2335
-47.2335
-47.2335
-47.2335
-47.2335
-47.2335
-47.2335
-47.2335
-47.2335
-47.2335
-47.2335
-47.2335
-47.2335
-47.2335
-47.2335
-47.2335
-47.2335
-47.2335
-47.2335
-47.2335
-47.2335
-47.2335
-47.2335
-47.2335
-47.2335
-47.2335
-47.2335
-46.8098
-46.8098
-46.8098
-46.8098
-46.8098
-46.8098
-46.8098
-46.8098
-46.8098
-46.8098
-46.8098
-46.8098
-46.8098
-46.8098
-46.8098
-46.8098
-46.8098
-46.8098
-46.8098
-46.8098
-46.8098
-46.8098
-46.8098
-46.8098
-46.8098
-46.8098
-46.8098
-46.8098
-46.8098
-46.8098
-46.3861
-46.3861
-46.3861
-46.3861
-46.3861
-46.3861
-46.3861
-46.3861
-46.3861
-46.3861
-46.3861
-46.3861
-46.3861
-46.3861
-46.3861
-46.3861
-46.3861
-46.3861
-46.3861
-46.3861
-46.3861
-46.3861
-46.3861
-46.3861
-46.3861
-46.3861
-46.3861
-46.3861
-46.3861
-46.3861
-45.9624
-45.9624
-45.9624
-45.9624
-45.9624
-45.9624
-45.9624
-45.9624
-45.9624
-45.9624
-45.9624
-45.9624
-45.9624
-45.9624
-45.9624
-45.9624
-45.9624
-45.9624
-45.9624
-45.9624
-45.9624
-45.9624
-45.9624
-45.9624
-45.9624
-45.9624
-45.9624
-45.9624
-45.9624
-45.9624
-45.5387
-45.5387
-45.5387
-45.5387
-45.5387
-45.5387
-45.5387
-45.5387
-45.5387
-45.5387
-45.5387
-45.5387
-45.5387
-45.5387
-45.5387
-45.5387
-45.5387
-45.5387
-45.5387
-45.5387
-45.5387
-45.5387
-45.5387
-45.5387
-45.5387
-45.5387
-45.5387
-45.5387
-45.5387
-45.5387
-45.115
-45.115
-45.115
-45.115
-45.115
-45.115
-45.115
-45.115
-45.115
-45.115
-45.115
-45.115
-45.115
-45.115
-45.115
-45.115
-45.115
-45.115
-45.115
-45.115
-45.115
-45.115
-45.115
-45.115
-45.115
-45.115
-45.115
-45.115
-45.115
-45.115
-44.6913
-44.6913
-44.6913
-44.6913
-44.6913
-44.6913
-44.6913
-44.6913
-44.6913
-44.6913
-44.6913
-44.6913
-44.6913
-44.6913
-44.6913
-44.6913
-44.6913
-44.6913
-44.6913
-44.6913
-44.6913
-44.6913
-44.6913
-44.6913
-44.6913
-44.6913
-44.6913
-44.6913
-44.6913
-44.6913
-44.2676
-44.2676
-44.2676
-44.2676
-44.2676
-44.2676
-44.2676
-44.2676
-44.2676
-44.2676
-44.2676
-44.2676
-44.2676
-44.2676
-44.2676
-44.2676
-44.2676
-44.2676
-44.2676
-44.2676
-44.2676
-44.2676
-44.2676
-44.2676
-44.2676
-44.2676
-44.2676
-44.2676
-44.2676
-44.2676
-43.8439
-43.8439
-43.8439
-43.8439
-43.8439
-43.8439
-43.8439
-43.8439
-43.8439
-43.8439
-43.8439
-43.8439
-43.8439
-43.8439
-43.8439
-43.8439
-43.8439
-43.8439
-43.8439
-43.8439
-43.8439
-43.8439
-43.8439
-43.8439
-43.8439
-43.8439
-43.8439
-43.8439
-43.8439
-43.8439
-43.4202
-43.4202
-43.4202
-43.4202
-43.4202
-43.4202
-43.4202
-43.4202
-43.4202
-43.4202
-43.4202
-43.4202
-43.4202
-43.4202
-43.4202
-43.4202
-43.4202
-43.4202
-43.4202
-43.4202
-43.4202
-43.4202
-43.4202
-43.4202
-43.4202
-43.4202
-43.4202
-43.4202
-43.4202
-43.4202
-42.9965
-42.9965
-42.9965
-42.9965
-42.9965
-42.9965
-42.9965
-42.9965
-42.9965
-42.9965
-42.9965
-42.9965
-42.9965
-42.9965
-42.9965
-42.9965
-42.9965
-42.9965
-42.9965
-42.9965
-42.9965
-42.9965
-42.9965
-42.9965
-42.9965
-42.9965
-42.9965
-42.9965
-42.9965
-42.9965
-42.5728
-42.5728
-42.5728
-42.5728
-42.5728
-42.5728
-42.5728
-42.5728
-42.5728
-42.5728
-42.5728
-42.5728
-42.5728
-42.5728
-42.5728
-42.5728
-42.5728
-42.5728
-42.5728
-42.5728
-42.5728
-42.5728
-42.5728
-42.5728
-42.5728
-42.5728
-42.5728
-42.5728
-42.5728
-42.5728
-42.1491
-42.1491
-42.1491
-42.1491
-42.1491
-42.1491
-42.1491
-42.1491
-42.1491
-42.1491
-42.1491
-42.1491
-42.1491
-42.1491
-42.1491
-42.1491
-42.1491
-42.1491
-42.1491
-42.1491
-42.1491
-42.1491
-42.1491
-42.1491
-42.1491
-42.1491
-42.1491
-42.1491
-42.1491
-42.1491
-41.7254
-41.7254
-41.7254
-41.7254
-41.7254
-41.7254
-41.7254
-41.7254
-41.7254
-41.7254
-41.7254
-41.7254
-41.7254
-41.7254
-41.7254
-41.7254
-41.7254
-41.7254
-41.7254
-41.7254
-41.7254
-41.7254
-41.7254
-41.7254
-41.7254
-41.7254
-41.7254
-41.7254
-41.7254
-41.7254
-41.3017
-41.3017
-41.3017
-41.3017
-41.3017
-41.3017
-41.3017
-41.3017
-41.3017
-41.3017
-41.3017
-41.3017
-41.3017
-41.3017
-41.3017
-41.3017
-41.3017
-41.3017
-41.3017
-41.3017
-41.3017
-41.3017
-41.3017
-41.3018
-41.3017
-41.3017
-41.3018
-41.3018
-41.3018
-41.3018
-40.8781
-40.8781
-40.8781
-40.8781
-40.8781
-40.8781
-40.8781
-40.8781
-40.8781
-40.8781
-40.8781
-40.8781
-40.8781
-40.8781
-40.8781
-40.8781
-40.8781
-40.8781
-40.8781
-40.8781
-40.8781
-40.8781
-40.8781
-40.8781
-40.8781
-40.8781
-40.8781
-40.8781
-40.8781
-40.8781
-40.4544
-40.4544
-40.4544
-40.4544
-40.4544
-40.4544
-40.4544
-40.4544
-40.4544
-40.4544
-40.4544
-40.4544
-40.4544
-40.4544
-40.4544
-40.4544
-40.4544
-40.4544
-40.4544
-40.4544
-40.4544
-40.4544
-40.4544
-40.4544
-40.4544
-40.4544
-40.4544
-40.4544
-40.4544
-40.4544
-40.0307
-40.0307
-40.0307
-40.0307
-40.0307
-40.0307
-40.0307
-40.0307
-40.0307
-40.0307
-40.0307
-40.0307
-40.0307
-40.0307
-40.0307
-40.0307
-40.0307
-40.0307
-40.0307
-40.0307
-40.0307
-40.0307
-40.0307
-40.0307
-40.0307
-40.0307
-40.0307
-40.0307
-40.0307
-40.0307
-39.607
-39.607
-39.607
-39.607
-39.607
-39.607
-39.607
-39.607
-39.607
-39.607
-39.607
-39.607
-39.607
-39.607
-39.607
-39.607
-39.607
-39.607
-39.607
-39.607
-39.607
-39.607
-39.607
-39.607
-39.607
-39.607
-39.607
-39.607
-39.607
-39.607
-39.1833
-39.1833
-39.1833
-39.1833
-39.1833
-39.1833
-39.1833
-39.1833
-39.1833
-39.1833
-39.1833
-39.1833
-39.1833
-39.1833
-39.1833
-39.1833
-39.1833
-39.1833
-39.1833
-39.1833
-39.1833
-39.1833
-39.1833
-39.1833
-39.1833
-39.1833
-39.1833
-39.1833
-39.1833
-39.1833
-38.7596
-38.7596
-38.7596
-38.7596
-38.7596
-38.7596
-38.7596
-38.7596
-38.7596
-38.7596
-38.7596
-38.7596
-38.7596
-38.7596
-38.7596
-38.7596
-38.7596
-38.7596
-38.7596
-38.7596
-38.7596
-38.7596
-38.7596
-38.7596
-38.7596
-38.7596
-38.7596
-38.7596
-38.7596
-38.7596
-38.3359
-38.3359
-38.3359
-38.3359
-38.3359
-38.3359
-38.3359
-38.3359
-38.3359
-38.3359
-38.3359
-38.3359
-38.3359
-38.3359
-38.3359
-38.3359
-38.3359
-38.3359
-38.3359
-38.3359
-38.3359
-38.3359
-38.3359
-38.3359
-38.3359
-38.3359
-38.3359
-38.3359
-38.3359
-38.3359
-37.9122
-37.9122
-37.9122
-37.9122
-37.9122
-37.9122
-37.9122
-37.9122
-37.9122
-37.9122
-37.9122
-37.9122
-37.9122
-37.9122
-37.9122
-37.9122
-37.9122
-37.9122
-37.9122
-37.9122
-37.9122
-37.9122
-37.9122
-37.9122
-37.9122
-37.9122
-37.9122
-37.9122
-37.9122
-37.9122
-37.4885
-37.4885
-37.4885
-37.4885
-37.4885
-37.4885
-37.4885
-37.4885
-37.4885
-37.4885
-37.4885
-37.4885
-37.4885
-37.4885
-37.4885
-37.4885
-37.4885
-37.4885
-37.4885
-37.4885
-37.4885
-37.4885
-37.4885
-37.4885
-37.4885
-37.4885
-37.4885
-37.4885
-37.4885
-37.4885
-37.0648
-37.0648
-37.0648
-37.0648
-37.0648
-37.0648
-37.0648
-37.0648
-37.0648
-37.0648
-37.0648
-37.0648
-37.0648
-37.0648
-37.0648
-37.0648
-37.0648
-37.0648
-37.0648
-37.0648
-37.0648
-37.0648
-37.0648
-37.0648
-37.0648
-37.0648
-37.0648
-37.0648
-37.0648
-37.0648
-36.6411
-36.6411
-36.6411
-36.6411
-36.6411
-36.6411
-36.6411
-36.6411
-36.6411
-36.6411
-36.6411
-36.6411
-36.6411
-36.6411
-36.6411
-36.6411
-36.6411
-36.6411
-36.6411
-36.6411
-36.6411
-36.6411
-36.6411
-36.6411
-36.6411
-36.6411
-36.6411
-36.6411
-36.6411
-36.6411
-36.2174
-36.2174
-36.2174
-36.2174
-36.2174
-36.2174
-36.2174
-36.2174
-36.2174
-36.2174
-36.2174
-36.2174
-36.2174
-36.2174
-36.2174
-36.2174
-36.2174
-36.2174
-36.2174
-36.2174
-36.2174
-36.2174
-36.2174
-36.2174
-36.2174
-36.2174
-36.2174
-36.2174
-36.2174
-36.2174
-35.7937
-35.7937
-35.7937
-35.7937
-35.7937
-35.7937
-35.7937
-35.7937
-35.7937
-35.7937
-35.7937
-35.7937
-35.7937
-35.7937
-35.7937
-35.7937
-35.7937
-35.7937
-35.7937
-35.7937
-35.7937
-35.7937
-35.7937
-35.7937
-35.7937
-35.7937
-35.7937
-35.7937
-35.7937
-35.7937
-35.37
-35.37
-35.37
-35.37
-35.37
-35.37
-35.37
-35.37
-35.37
-35.37
-35.37
-35.37
-35.37
-35.37
-35.37
-35.37
-35.37
-35.37
-35.37
-35.37
-35.37
-35.37
-35.37
-35.37
-35.37
-35.37
-35.37
-35.37
-35.37
-35.37
-34.9463
-34.9463
-34.9463
-34.9463
-34.9463
-34.9463
-34.9463
-34.9463
-34.9463
-34.9463
-34.9463
-34.9463
-34.9463
-34.9463
-34.9463
-34.9463
-34.9463
-34.9463
-34.9463
-34.9463
-34.9463
-34.9463
-34.9463
-34.9463
-34.9463
-34.9463
-34.9463
-34.9463
-34.9463
-34.9463
-34.5226
-34.5226
-34.5226
-34.5226
-34.5226
-34.5226
-34.5226
-34.5226
-34.5226
-34.5226
-34.5226
-34.5226
-34.5226
-34.5226
-34.5226
-34.5226
-34.5226
-34.5226
-34.5226
-34.5226
-34.5226
-34.5226
-34.5226
-34.5226
-34.5226
-34.5226
-34.5226
-34.5226
-34.5226
-34.5226
-34.0989
-34.0989
-34.0989
-34.0989
-34.0989
-34.0989
-34.0989
-34.0989
-34.0989
-34.0989
-34.0989
-34.0989
-34.0989
-34.0989
-34.0989
-34.0989
-34.0989
-34.0989
-34.0989
-34.0989
-34.0989
-34.0989
-34.0989
-34.0989
-34.0989
-34.0989
-34.0989
-34.0989
-34.0989
-34.0989
-33.6752
-33.6752
-33.6752
-33.6752
-33.6752
-33.6752
-33.6752
-33.6752
-33.6752
-33.6752
-33.6752
-33.6752
-33.6752
-33.6752
-33.6752
-33.6752
-33.6752
-33.6752
-33.6752
-33.6752
-33.6752
-33.6752
-33.6752
-33.6752
-33.6752
-33.6752
-33.6752
-33.6752
-33.6752
-33.6752
-33.2515
-33.2515
-33.2515
-33.2515
-33.2515
-33.2515
-33.2515
-33.2515
-33.2515
-33.2515
-33.2515
-33.2515
-33.2515
-33.2515
-33.2515
-33.2515
-33.2515
-33.2515
-33.2515
-33.2515
-33.2515
-33.2515
-33.2515
-33.2515
-33.2515
-33.2515
-33.2515
-33.2515
-33.2515
-33.2515
-32.8278
-32.8278
-32.8278
-32.8278
-32.8278
-32.8278
-32.8278
-32.8278
-32.8278
-32.8278
-32.8278
-32.8278
-32.8278
-32.8278
-32.8278
-32.8278
-32.8278
-32.8278
-32.8278
-32.8278
-32.8278
-32.8278
-32.8278
-32.8278
-32.8278
-32.8278
-32.8278
-32.8278
-32.8278
-32.8278
-32.4041
-32.4041
-32.4041
-32.4041
-32.4041
-32.4041
-32.4041
-32.4041
-32.4041
-32.4041
-32.4041
-32.4041
-32.4041
-32.4041
-32.4041
-32.4041
-32.4041
-32.4041
-32.4041
-32.4041
-32.4041
-32.4041
-32.4041
-32.4041
-32.4041
-32.4041
-32.4041
-32.4041
-32.4041
-32.4041
-31.9804
-31.9804
-31.9804
-31.9804
-31.9804
-31.9804
-31.9804
-31.9804
-31.9804
-31.9804
-31.9804
-31.9804
-31.9804
-31.9804
-31.9804
-31.9804
-31.9804
-31.9804
-31.9804
-31.9804
-31.9804
-31.9804
-31.9804
-31.9804
-31.9804
-31.9804
-31.9804
-31.9804
-31.9804
-31.9804
-31.5567
-31.5567
-31.5567
-31.5567
-31.5567
-31.5567
-31.5567
-31.5567
-31.5567
-31.5567
-31.5567
-31.5567
-31.5567
-31.5567
-31.5567
-31.5567
-31.5567
-31.5567
-31.5567
-31.5567
-31.5567
-31.5567
-31.5567
-31.5567
-31.5567
-31.5567
-31.5567
-31.5567
-31.5567
-31.5567
-31.133
-31.133
-31.133
-31.133
-31.133
-31.133
-31.133
-31.133
-31.133
-31.133
-31.133
-31.133
-31.133
-31.133
-31.133
-31.133
-31.133
-31.133
-31.133
-31.133
-31.133
-31.133
-31.133
-31.133
-31.133
-31.133
-31.133
-31.133
-31.133
-31.133
-30.7093
-30.7093
-30.7093
-30.7093
-30.7093
-30.7093
-30.7093
-30.7093
-30.7093
-30.7093
-30.7093
-30.7093
-30.7093
-30.7093
-30.7093
-30.7093
-30.7093
-30.7093
-30.7093
-30.7093
-30.7093
-30.7093
-30.7093
-30.7093
-30.7093
-30.7093
-30.7093
-30.7093
-30.7093
-30.7093
-30.2856
-30.2856
-30.2856
-30.2856
-30.2856
-30.2856
-30.2856
-30.2856
-30.2856
-30.2856
-30.2856
-30.2856
-30.2856
-30.2856
-30.2856
-30.2856
-30.2856
-30.2856
-30.2856
-30.2856
-30.2856
-30.2856
-30.2856
-30.2856
-30.2856
-30.2856
-30.2856
-30.2856
-30.2856
-30.2856
-29.8619
-29.8619
-29.8619
-29.8619
-29.8619
-29.8619
-29.8619
-29.8619
-29.8619
-29.8619
-29.8619
-29.8619
-29.8619
-29.8619
-29.8619
-29.8619
-29.8619
-29.8619
-29.8619
-29.8619
-29.8619
-29.8619
-29.8619
-29.8619
-29.8619
-29.8619
-29.8619
-29.8619
-29.8619
-29.8619
-29.4382
-29.4382
-29.4382
-29.4382
-29.4382
-29.4382
-29.4382
-29.4382
-29.4382
-29.4382
-29.4382
-29.4382
-29.4382
-29.4382
-29.4382
-29.4382
-29.4382
-29.4382
-29.4382
-29.4382
-29.4382
-29.4382
-29.4382
-29.4382
-29.4382
-29.4382
-29.4382
-29.4382
-29.4382
-29.4382
-29.0145
-29.0145
-29.0145
-29.0145
-29.0145
-29.0145
-29.0145
-29.0145
-29.0145
-29.0145
-29.0145
-29.0145
-29.0145
-29.0145
-29.0145
-29.0145
-29.0145
-29.0145
-29.0145
-29.0145
-29.0145
-29.0145
-29.0145
-29.0145
-29.0145
-29.0145
-29.0145
-29.0145
-29.0145
-29.0145
-28.5908
-28.5908
-28.5908
-28.5908
-28.5908
-28.5908
-28.5908
-28.5908
-28.5908
-28.5908
-28.5908
-28.5908
-28.5908
-28.5908
-28.5908
-28.5908
-28.5908
-28.5908
-28.5908
-28.5908
-28.5908
-28.5908
-28.5908
-28.5908
-28.5908
-28.5908
-28.5908
-28.5908
-28.5908
-28.5908
-28.1671
-28.1671
-28.1671
-28.1671
-28.1671
-28.1671
-28.1671
-28.1671
-28.1671
-28.1671
-28.1671
-28.1671
-28.1671
-28.1671
-28.1671
-28.1671
-28.1671
-28.1671
-28.1671
-28.1671
-28.1671
-28.1671
-28.1671
-28.1671
-28.1671
-28.1671
-28.1671
-28.1671
-28.1671
-28.1671
-27.7434
-27.7434
-27.7434
-27.7434
-27.7434
-27.7434
-27.7434
-27.7434
-27.7434
-27.7434
-27.7434
-27.7434
-27.7434
-27.7434
-27.7434
-27.7434
-27.7434
-27.7434
-27.7434
-27.7434
-27.7434
-27.7434
-27.7434
-27.7434
-27.7434
-27.7434
-27.7434
-27.7434
-27.7434
-27.7434
-27.3197
-27.3197
-27.3197
-27.3197
-27.3197
-27.3197
-27.3197
-27.3197
-27.3197
-27.3197
-27.3197
-27.3197
-27.3197
-27.3197
-27.3197
-27.3197
-27.3197
-27.3197
-27.3197
-27.3197
-27.3197
-27.3197
-27.3197
-27.3197
-27.3197
-27.3197
-27.3197
-27.3197
-27.3197
-27.3197
-26.896
-26.896
-26.896
-26.896
-26.896
-26.896
-26.896
-26.896
-26.896
-26.896
-26.896
-26.896
-26.896
-26.896
-26.896
-26.896
-26.896
-26.896
-26.896
-26.896
-26.896
-26.896
-26.896
-26.896
-26.896
-26.896
-26.896
-26.896
-26.896
-26.896
-26.4723
-26.4723
-26.4723
-26.4723
-26.4723
-26.4723
-26.4723
-26.4723
-26.4723
-26.4723
-26.4723
-26.4723
-26.4723
-26.4723
-26.4723
-26.4723
-26.4723
-26.4723
-26.4723
-26.4723
-26.4723
-26.4723
-26.4723
-26.4723
-26.4723
-26.4723
-26.4723
-26.4723
-26.4723
-26.4723
-26.0486
-26.0486
-26.0486
-26.0486
-26.0486
-26.0486
-26.0486
-26.0486
-26.0486
-26.0486
-26.0486
-26.0486
-26.0486
-26.0486
-26.0486
-26.0486
-26.0486
-26.0486
-26.0486
-26.0486
-26.0486
-26.0486
-26.0486
-26.0486
-26.0486
-26.0486
-26.0486
-26.0486
-26.0486
-26.0486
-25.6249
-25.6249
-25.6249
-25.6249
-25.6249
-25.6249
-25.6249
-25.6249
-25.6249
-25.6249
-25.6249
-25.6249
-25.6249
-25.6249
-25.6249
-25.6249
-25.6249
-25.6249
-25.6249
-25.6249
-25.6249
-25.6249
-25.6249
-25.6249
-25.6249
-25.6249
-25.6249
-25.6249
-25.6249
-25.6249
-25.2012
-25.2012
-25.2012
-25.2012
-25.2012
-25.2012
-25.2012
-25.2012
-25.2012
-25.2012
-25.2012
-25.2012
-25.2012
-25.2012
-25.2012
-25.2012
-25.2012
-25.2012
-25.2012
-25.2012
-25.2012
-25.2012
-25.2012
-25.2012
-25.2012
-25.2012
-25.2012
-25.2012
-25.2012
-25.2012
-24.7775
-24.7775
-24.7775
-24.7775
-24.7775
-24.7775
-24.7775
-24.7775
-24.7775
-24.7775
-24.7775
-24.7775
-24.7775
-24.7775
-24.7775
-24.7775
-24.7775
-24.7775
-24.7775
-24.7775
-24.7775
-24.7775
-24.7775
-24.7775
-24.7775
-24.7775
-24.7775
-24.7775
-24.7775
-24.7775
-24.3538
-24.3538
-24.3538
-24.3538
-24.3538
-24.3538
-24.3538
-24.3538
-24.3538
-24.3538
-24.3538
-24.3538
-24.3538
-24.3538
-24.3538
-24.3538
-24.3538
-24.3538
-24.3538
-24.3538
-24.3538
-24.3538
-24.3538
-24.3538
-24.3538
-24.3538
-24.3538
-24.3538
-24.3538
-24.3538
-23.9301
-23.9301
-23.9301
-23.9301
-23.9301
-23.9301
-23.9301
-23.9301
-23.9301
-23.9301
-23.9301
-23.9301
-23.9301
-23.9301
-23.9301
-23.9301
-23.9301
-23.9301
-23.9301
-23.9301
-23.9301
-23.9301
-23.9301
-23.9301
-23.9301
-23.9301
-23.9301
-23.9301
-23.9301
-23.9301
-23.5064
-23.5064
-23.5064
-23.5064
-23.5064
-23.5064
-23.5064
-23.5064
-23.5064
-23.5064
-23.5064
-23.5064
-23.5064
-23.5064
-23.5064
-23.5064
-23.5064
-23.5064
-23.5064
-23.5064
-23.5064
-23.5064
-23.5064
-23.5064
-23.5064
-23.5064
-23.5064
-23.5064
-23.5064
-23.5064
-23.0827
-23.0827
-23.0827
-23.0827
-23.0827
-23.0827
-23.0827
-23.0827
-23.0827
-23.0827
-23.0827
-23.0827
-23.0827
-23.0827
-23.0827
-23.0827
-23.0827
-23.0827
-23.0827
-23.0827
-23.0827
-23.0827
-23.0827
-23.0827
-23.0827
-23.0827
-23.0827
-23.0827
-23.0827
-23.0827
-22.659
-22.659
-22.659
-22.659
-22.659
-22.659
-22.659
-22.659
-22.659
-22.659
-22.659
-22.659
-22.659
-22.659
-22.659
-22.659
-22.659
-22.659
-22.659
-22.659
-22.659
-22.659
-22.659
-22.659
-22.659
-22.659
-22.659
-22.659
-22.659
-22.659
-22.2353
-22.2353
-22.2353
-22.2353
-22.2353
-22.2353
-22.2353
-22.2353
-22.2353
-22.2353
-22.2353
-22.2353
-22.2353
-22.2353
-22.2353
-22.2353
-22.2353
-22.2353
-22.2353
-22.2353
-22.2353
-22.2353
-22.2353
-22.2353
-22.2353
-22.2353
-22.2353
-22.2353
-22.2353
-22.2353
-21.8116
-21.8116
-21.8116
-21.8116
-21.8116
-21.8116
-21.8116
-21.8116
-21.8116
-21.8116
-21.8116
-21.8116
-21.8116
-21.8116
-21.8116
-21.8116
-21.8116
-21.8116
-21.8116
-21.8116
-21.8116
-21.8116
-21.8116
-21.8116
-21.8116
-21.8116
-21.8116
-21.8116
-21.8116
-21.8116
-21.3879
-21.3879
-21.3879
-21.3879
-21.3879
-21.3879
-21.3879
-21.3879
-21.3879
-21.3879
-21.3879
-21.3879
-21.3879
-21.3879
-21.3879
-21.3879
-21.3879
-21.3879
-21.3879
-21.3879
-21.3879
-21.3879
-21.3879
-21.3879
-21.3879
-21.3879
-21.3879
-21.3879
-21.3879
-21.388
-20.9643
-20.9643
-20.9643
-20.9643
-20.9643
-20.9643
-20.9643
-20.9643
-20.9643
-20.9643
-20.9643
-20.9643
-20.9643
-20.9643
-20.9643
-20.9643
-20.9643
-20.9643
-20.9643
-20.9643
-20.9643
-20.9643
-20.9643
-20.9643
-20.9643
-20.9643
-20.9643
-20.9643
-20.9643
-20.9643
-20.5406
-20.5406
-20.5406
-20.5406
-20.5406
-20.5406
-20.5406
-20.5406
-20.5406
-20.5406
-20.5406
-20.5406
-20.5406
-20.5406
-20.5406
-20.5406
-20.5406
-20.5406
-20.5406
-20.5406
-20.5406
-20.5406
-20.5406
-20.5406
-20.5406
-20.5406
-20.5406
-20.5406
-20.5406
-20.5406
-20.1169
-20.1169
-20.1169
-20.1169
-20.1169
-20.1169
-20.1169
-20.1169
-20.1169
-20.1169
-20.1169
-20.1169
-20.1169
-20.1169
-20.1169
-20.1169
-20.1169
-20.1169
-20.1169
-20.1169
-20.1169
-20.1169
-20.1169
-20.1169
-20.1169
-20.1169
-20.1169
-20.1169
-20.1169
-20.1169
-19.6932
-19.6932
-19.6932
-19.6932
-19.6932
-19.6932
-19.6932
-19.6932
-19.6932
-19.6932
-19.6932
-19.6932
-19.6932
-19.6932
-19.6932
-19.6932
-19.6932
-19.6932
-19.6932
-19.6932
-19.6932
-19.6932
-19.6932
-19.6932
-19.6932
-19.6932
-19.6932
-19.6932
-19.6932
-19.6932
-19.2695
-19.2695
-19.2695
-19.2695
-19.2695
-19.2695
-19.2695
-19.2695
-19.2695
-19.2695
-19.2695
-19.2695
-19.2695
-19.2695
-19.2695
-19.2695
-19.2695
-19.2695
-19.2695
-19.2695
-19.2695
-19.2695
-19.2695
-19.2695
-19.2695
-19.2695
-19.2695
-19.2695
-19.2695
-19.2695
-18.8458
-18.8458
-18.8458
-18.8458
-18.8458
-18.8458
-18.8458
-18.8458
-18.8458
-18.8458
-18.8458
-18.8458
-18.8458
-18.8458
-18.8458
-18.8458
-18.8458
-18.8458
-18.8458
-18.8458
-18.8458
-18.8458
-18.8458
-18.8458
-18.8458
-18.8458
-18.8458
-18.8458
-18.8458
-18.8458
-18.4221
-18.4221
-18.4221
-18.4221
-18.4221
-18.4221
-18.4221
-18.4221
-18.4221
-18.4221
-18.4221
-18.4221
-18.4221
-18.4221
-18.4221
-18.4221
-18.4221
-18.4221
-18.4221
-18.4221
-18.4221
-18.4221
-18.4221
-18.4221
-18.4221
-18.4221
-18.4221
-18.4221
-18.4221
-18.4221
-17.9984
-17.9984
-17.9984
-17.9984
-17.9984
-17.9984
-17.9984
-17.9984
-17.9984
-17.9984
-17.9984
-17.9984
-17.9984
-17.9984
-17.9984
-17.9984
-17.9984
-17.9984
-17.9984
-17.9984
-17.9984
-17.9984
-17.9984
-17.9984
-17.9984
-17.9984
-17.9984
-17.9984
-17.9984
-17.9984
-17.5747
-17.5747
-17.5747
-17.5747
-17.5747
-17.5747
-17.5747
-17.5747
-17.5747
-17.5747
-17.5747
-17.5747
-17.5747
-17.5747
-17.5747
-17.5747
-17.5747
-17.5747
-17.5747
-17.5747
-17.5747
-17.5747
-17.5747
-17.5747
-17.5747
-17.5747
-17.5747
-17.5747
-17.5747
-17.5747
-17.151
-17.151
-17.151
-17.151
-17.151
-17.151
-17.151
-17.151
-17.151
-17.151
-17.151
-17.151
-17.151
-17.151
-17.151
-17.151
-17.151
-17.151
-17.151
-17.151
-17.151
-17.151
-17.151
-17.151
-17.151
-17.151
-17.151
-17.151
-17.151
-17.151
-16.7273
-16.7273
-16.7273
-16.7273
-16.7273
-16.7273
-16.7273
-16.7273
-16.7273
-16.7273
-16.7273
-16.7273
-16.7273
-16.7273
-16.7273
-16.7273
-16.7273
-16.7273
-16.7273
-16.7273
-16.7273
-16.7273
-16.7273
-16.7273
-16.7273
-16.7273
-16.7273
-16.7273
-16.7273
-16.7273
-16.3036
-16.3036
-16.3036
-16.3036
-16.3036
-16.3036
-16.3036
-16.3036
-16.3036
-16.3036
-16.3036
-16.3036
-16.3036
-16.3036
-16.3036
-16.3036
-16.3036
-16.3036
-16.3036
-16.3036
-16.3036
-16.3036
-16.3036
-16.3036
-16.3036
-16.3036
-16.3036
-16.3036
-16.3036
-16.3036
-15.8799
-15.8799
-15.8799
-15.8799
-15.8799
-15.8799
-15.8799
-15.8799
-15.8799
-15.8799
-15.8799
-15.8799
-15.8799
-15.8799
-15.8799
-15.8799
-15.8799
-15.8799
-15.8799
-15.8799
-15.8799
-15.8799
-15.8799
-15.8799
-15.8799
-15.8799
-15.8799
-15.8799
-15.8799
-15.8799
-15.4562
-15.4562
-15.4562
-15.4562
-15.4562
-15.4562
-15.4562
-15.4562
-15.4562
-15.4562
-15.4562
-15.4562
-15.4562
-15.4562
-15.4562
-15.4562
-15.4562
-15.4562
-15.4562
-15.4562
-15.4562
-15.4562
-15.4562
-15.4562
-15.4562
-15.4562
-15.4562
-15.4562
-15.4562
-15.4562
-15.0325
-15.0325
-15.0325
-15.0325
-15.0325
-15.0325
-15.0325
-15.0325
-15.0325
-15.0325
-15.0325
-15.0325
-15.0325
-15.0325
-15.0325
-15.0325
-15.0325
-15.0325
-15.0325
-15.0325
-15.0325
-15.0325
-15.0325
-15.0325
-15.0325
-15.0325
-15.0325
-15.0325
-15.0325
-15.0325
-14.6088
-14.6088
-14.6088
-14.6088
-14.6088
-14.6088
-14.6088
-14.6088
-14.6088
-14.6088
-14.6088
-14.6088
-14.6088
-14.6088
-14.6088
-14.6088
-14.6088
-14.6088
-14.6088
-14.6088
-14.6088
-14.6088
-14.6088
-14.6088
-14.6088
-14.6088
-14.6088
-14.6088
-14.6088
-14.6088
-14.1851
-14.1851
-14.1851
-14.1851
-14.1851
-14.1851
-14.1851
-14.1851
-14.1851
-14.1851
-14.1851
-14.1851
-14.1851
-14.1851
-14.1851
-14.1851
-14.1851
-14.1851
-14.1851
-14.1851
-14.1851
-14.1851
-14.1851
-14.1851
-14.1851
-14.1851
-14.1851
-14.1851
-14.1851
-14.1851
-13.7614
-13.7614
-13.7614
-13.7614
-13.7614
-13.7614
-13.7614
-13.7614
-13.7614
-13.7614
-13.7614
-13.7614
-13.7614
-13.7614
-13.7614
-13.7614
-13.7614
-13.7614
-13.7614
-13.7614
-13.7614
-13.7614
-13.7614
-13.7614
-13.7614
-13.7614
-13.7614
-13.7614
-13.7614
-13.7614
-13.3377
-13.3377
-13.3377
-13.3377
-13.3377
-13.3377
-13.3377
-13.3377
-13.3377
-13.3377
-13.3377
-13.3377
-13.3377
-13.3377
-13.3377
-13.3377
-13.3377
-13.3377
-13.3377
-13.3377
-13.3377
-13.3377
-13.3377
-13.3377
-13.3377
-13.3377
-13.3377
-13.3377
-13.3377
-13.3377
-12.914
-12.914
-12.914
-12.914
-12.914
-12.914
-12.914
-12.914
-12.914
-12.914
-12.914
-12.914
-12.914
-12.914
-12.914
-12.914
-12.914
-12.914
-12.914
-12.914
-12.914
-12.914
-12.914
-12.914
-12.914
-12.914
-12.914
-12.914
-12.914
-12.914
-12.4903
-12.4903
-12.4903
-12.4903
-12.4903
-12.4903
-12.4903
-12.4903
-12.4903
-12.4903
-12.4903
-12.4903
-12.4903
-12.4903
-12.4903
-12.4903
-12.4903
-12.4903
-12.4903
-12.4903
-12.4903
-12.4903
-12.4903
-12.4903
-12.4903
-12.4903
-12.4903
-12.4903
-12.4903
-12.4903
-12.0666
-12.0666
-12.0666
-12.0666
-12.0666
-12.0666
-12.0666
-12.0666
-12.0666
-12.0666
-12.0666
-12.0666
-12.0666
-12.0666
-12.0666
-12.0666
-12.0666
-12.0666
-12.0666
-12.0666
-12.0666
-12.0666
-12.0666
-12.0666
-12.0666
-12.0666
-12.0666
-12.0666
-12.0666
-12.0666
-11.6429
-11.6429
-11.6429
-11.6429
-11.6429
-11.6429
-11.6429
-11.6429
-11.6429
-11.6429
-11.6429
-11.6429
-11.6429
-11.6429
-11.6429
-11.6429
-11.6429
-11.6429
-11.6429
-11.6429
-11.6429
-11.6429
-11.6429
-11.6429
-11.6429
-11.6429
-11.6429
-11.6429
-11.6429
-11.6429
-11.2192
-11.2192
-11.2192
-11.2192
-11.2192
-11.2192
-11.2192
-11.2192
-11.2192
-11.2192
-11.2192
-11.2192
-11.2192
-11.2192
-11.2192
-11.2192
-11.2192
-11.2192
-11.2192
-11.2192
-11.2192
-11.2192
-11.2192
-11.2192
-11.2192
-11.2192
-11.2192
-11.2192
-11.2192
-11.2192
-10.7955
-10.7955
-10.7955
-10.7955
-10.7955
-10.7955
-10.7955
-10.7955
-10.7955
-10.7955
-10.7955
-10.7955
-10.7955
-10.7955
-10.7955
-10.7955
-10.7955
-10.7955
-10.7955
-10.7955
-10.7955
-10.7955
-10.7955
-10.7955
-10.7955
-10.7955
-10.7955
-10.7955
-10.7955
-10.7955
-10.3718
-10.3718
-10.3718
-10.3718
-10.3718
-10.3718
-10.3718
-10.3718
-10.3718
-10.3718
-10.3718
-10.3718
-10.3718
-10.3718
-10.3718
-10.3718
-10.3718
-10.3718
-10.3718
-10.3718
-10.3718
-10.3718
-10.3718
-10.3718
-10.3718
-10.3718
-10.3718
-10.3718
-10.3718
-10.3718
-9.94805
-9.94805
-9.94805
-9.94805
-9.94805
-9.94805
-9.94805
-9.94805
-9.94805
-9.94805
-9.94805
-9.94805
-9.94805
-9.94805
-9.94805
-9.94805
-9.94805
-9.94805
-9.94805
-9.94805
-9.94805
-9.94805
-9.94805
-9.94805
-9.94805
-9.94805
-9.94805
-9.94805
-9.94805
-9.94805
-9.52435
-9.52435
-9.52435
-9.52435
-9.52435
-9.52435
-9.52435
-9.52435
-9.52435
-9.52435
-9.52435
-9.52435
-9.52435
-9.52435
-9.52435
-9.52435
-9.52435
-9.52435
-9.52435
-9.52435
-9.52435
-9.52435
-9.52435
-9.52435
-9.52435
-9.52435
-9.52435
-9.52435
-9.52435
-9.52435
-9.10065
-9.10065
-9.10065
-9.10065
-9.10065
-9.10065
-9.10065
-9.10065
-9.10065
-9.10065
-9.10065
-9.10065
-9.10065
-9.10065
-9.10065
-9.10065
-9.10065
-9.10065
-9.10065
-9.10065
-9.10065
-9.10065
-9.10065
-9.10065
-9.10065
-9.10065
-9.10065
-9.10065
-9.10065
-9.10065
-8.67695
-8.67695
-8.67695
-8.67695
-8.67695
-8.67695
-8.67695
-8.67695
-8.67695
-8.67695
-8.67695
-8.67695
-8.67695
-8.67695
-8.67695
-8.67695
-8.67695
-8.67695
-8.67695
-8.67695
-8.67695
-8.67695
-8.67695
-8.67695
-8.67695
-8.67695
-8.67695
-8.67695
-8.67695
-8.67695
-8.25325
-8.25325
-8.25325
-8.25325
-8.25325
-8.25325
-8.25325
-8.25325
-8.25325
-8.25325
-8.25325
-8.25325
-8.25325
-8.25325
-8.25325
-8.25325
-8.25325
-8.25325
-8.25325
-8.25325
-8.25325
-8.25325
-8.25325
-8.25325
-8.25325
-8.25325
-8.25325
-8.25325
-8.25325
-8.25325
-7.82955
-7.82955
-7.82955
-7.82955
-7.82955
-7.82955
-7.82955
-7.82955
-7.82955
-7.82955
-7.82955
-7.82955
-7.82955
-7.82955
-7.82955
-7.82955
-7.82955
-7.82955
-7.82955
-7.82955
-7.82955
-7.82955
-7.82955
-7.82955
-7.82955
-7.82955
-7.82955
-7.82955
-7.82955
-7.82955
-7.40585
-7.40585
-7.40585
-7.40585
-7.40585
-7.40585
-7.40585
-7.40585
-7.40585
-7.40585
-7.40585
-7.40585
-7.40585
-7.40585
-7.40585
-7.40585
-7.40585
-7.40585
-7.40585
-7.40585
-7.40585
-7.40585
-7.40585
-7.40585
-7.40585
-7.40585
-7.40585
-7.40585
-7.40585
-7.40585
-6.98215
-6.98215
-6.98215
-6.98215
-6.98215
-6.98215
-6.98215
-6.98215
-6.98215
-6.98215
-6.98215
-6.98215
-6.98215
-6.98215
-6.98215
-6.98215
-6.98215
-6.98215
-6.98215
-6.98215
-6.98215
-6.98215
-6.98215
-6.98215
-6.98215
-6.98215
-6.98215
-6.98215
-6.98215
-6.98215
-6.55845
-6.55845
-6.55845
-6.55845
-6.55845
-6.55845
-6.55845
-6.55845
-6.55845
-6.55845
-6.55845
-6.55845
-6.55845
-6.55845
-6.55845
-6.55845
-6.55845
-6.55845
-6.55845
-6.55845
-6.55845
-6.55845
-6.55845
-6.55845
-6.55845
-6.55845
-6.55845
-6.55845
-6.55845
-6.55845
-6.13475
-6.13475
-6.13475
-6.13475
-6.13475
-6.13475
-6.13475
-6.13475
-6.13475
-6.13475
-6.13475
-6.13475
-6.13475
-6.13475
-6.13475
-6.13475
-6.13475
-6.13475
-6.13475
-6.13475
-6.13475
-6.13475
-6.13475
-6.13475
-6.13475
-6.13475
-6.13475
-6.13475
-6.13475
-6.13475
-5.71104
-5.71104
-5.71104
-5.71104
-5.71104
-5.71104
-5.71104
-5.71104
-5.71104
-5.71104
-5.71104
-5.71104
-5.71104
-5.71104
-5.71104
-5.71104
-5.71104
-5.71104
-5.71104
-5.71104
-5.71104
-5.71104
-5.71104
-5.71104
-5.71104
-5.71104
-5.71104
-5.71104
-5.71104
-5.71104
-5.28735
-5.28735
-5.28735
-5.28735
-5.28735
-5.28735
-5.28735
-5.28735
-5.28735
-5.28735
-5.28735
-5.28735
-5.28735
-5.28735
-5.28735
-5.28735
-5.28735
-5.28735
-5.28735
-5.28735
-5.28735
-5.28735
-5.28735
-5.28735
-5.28735
-5.28735
-5.28735
-5.28735
-5.28735
-5.28735
-4.86363
-4.86363
-4.86363
-4.86363
-4.86363
-4.86363
-4.86363
-4.86363
-4.86363
-4.86363
-4.86363
-4.86363
-4.86363
-4.86363
-4.86363
-4.86363
-4.86363
-4.86363
-4.86363
-4.86363
-4.86363
-4.86363
-4.86363
-4.86363
-4.86363
-4.86363
-4.86363
-4.86363
-4.86363
-4.86363
-4.43995
-4.43995
-4.43995
-4.43995
-4.43995
-4.43995
-4.43995
-4.43995
-4.43995
-4.43995
-4.43995
-4.43995
-4.43995
-4.43995
-4.43995
-4.43995
-4.43995
-4.43995
-4.43995
-4.43995
-4.43995
-4.43995
-4.43995
-4.43995
-4.43995
-4.43995
-4.43995
-4.43995
-4.43995
-4.43995
-4.01621
-4.01621
-4.01621
-4.01621
-4.01621
-4.01621
-4.01621
-4.01621
-4.01621
-4.01621
-4.01621
-4.01621
-4.01621
-4.01621
-4.01621
-4.01621
-4.01621
-4.01621
-4.01621
-4.01621
-4.01621
-4.01621
-4.01621
-4.01621
-4.01621
-4.01621
-4.01621
-4.01621
-4.01621
-4.01622
-3.59258
-3.59258
-3.59258
-3.59258
-3.59257
-3.59257
-3.59258
-3.59258
-3.59257
-3.59258
-3.59258
-3.59257
-3.59258
-3.59258
-3.59257
-3.59258
-3.59258
-3.59257
-3.59258
-3.59258
-3.59258
-3.59258
-3.59258
-3.59258
-3.59258
-3.59258
-3.59258
-3.59257
-3.59258
-3.59258
-3.16874
-3.16874
-3.16874
-3.16874
-3.16874
-3.16874
-3.16875
-3.16874
-3.16874
-3.16875
-3.16875
-3.16874
-3.16876
-3.16875
-3.16874
-3.16876
-3.16875
-3.16875
-3.16876
-3.16876
-3.16875
-3.16876
-3.16876
-3.16876
-3.16876
-3.16876
-3.16877
-3.16876
-3.16876
-3.16877
-2.74525
-2.74524
-2.74525
-2.74525
-2.74524
-2.74524
-2.74526
-2.74525
-2.74524
-2.74526
-2.74525
-2.74523
-2.74527
-2.74525
-2.74523
-2.74526
-2.74525
-2.74524
-2.74526
-2.74525
-2.74524
-2.74525
-2.74525
-2.74526
-2.74524
-2.74525
-2.74527
-2.74524
-2.74525
-2.74527
-2.3211
-2.32111
-2.32113
-2.32113
-2.32112
-2.32111
-2.32116
-2.32114
-2.32112
-2.32119
-2.32115
-2.32112
-2.32121
-2.32117
-2.32113
-2.32121
-2.32118
-2.32114
-2.3212
-2.32119
-2.32116
-2.32119
-2.32119
-2.32119
-2.32118
-2.3212
-2.32122
-2.32117
-2.3212
-2.32124
-1.89804
-1.89805
-1.89809
-1.89806
-1.89804
-1.89801
-1.89809
-1.89805
-1.89801
-1.89812
-1.89805
-1.89799
-1.89812
-1.89804
-1.89796
-1.89809
-1.89803
-1.89796
-1.89804
-1.89801
-1.89797
-1.89799
-1.89799
-1.898
-1.89794
-1.89798
-1.89804
-1.89791
-1.89797
-1.89807
-1.47282
-1.47284
-1.47295
-1.47295
-1.47292
-1.4729
-1.47314
-1.47305
-1.47299
-1.47331
-1.47315
-1.47305
-1.47342
-1.47323
-1.47307
-1.47345
-1.47326
-1.4731
-1.47342
-1.47326
-1.47313
-1.47335
-1.47325
-1.47317
-1.47325
-1.47322
-1.47322
-1.47317
-1.4732
-1.47326
-1.0513
-1.05129
-1.05135
-1.05131
-1.05124
-1.05113
-1.05136
-1.05122
-1.05109
-1.05139
-1.05117
-1.051
-1.05133
-1.05109
-1.05088
-1.05118
-1.05095
-1.05075
-1.05097
-1.05079
-1.05063
-1.05073
-1.05062
-1.05055
-1.05049
-1.05049
-1.05053
-1.05032
-1.05042
-1.05055
-0.620282
-0.619686
-0.619368
-0.620679
-0.620185
-0.620107
-0.622082
-0.621389
-0.6213
-0.624033
-0.62306
-0.622698
-0.62592
-0.624638
-0.623954
-0.62728
-0.625814
-0.624815
-0.627913
-0.626394
-0.625206
-0.627856
-0.626402
-0.625174
-0.627361
-0.626035
-0.624886
-0.626846
-0.625646
-0.624603
-0.207471
-0.20688
-0.205621
-0.206884
-0.206146
-0.204924
-0.206326
-0.205358
-0.204194
-0.205773
-0.204609
-0.203428
-0.205188
-0.203814
-0.202652
-0.204525
-0.20301
-0.201849
-0.20378
-0.202184
-0.201044
-0.202968
-0.201362
-0.200262
-0.202243
-0.200632
-0.199561
-0.201744
-0.200152
-0.199095
-124.358
-124.375
-124.377
-124.34
-124.359
-124.363
-124.322
-124.343
-124.347
-124.302
-124.324
-124.329
-124.281
-124.304
-124.311
-124.255
-124.278
-124.286
-124.239
-124.266
-124.276
-124.185
-124.207
-124.215
-124.224
-124.262
-124.28
-124.06
-124.069
-124.071
-124.447
-124.454
-124.453
-124.437
-124.446
-124.446
-124.429
-124.439
-124.439
-124.421
-124.43
-124.43
-124.415
-124.423
-124.424
-124.401
-124.409
-124.41
-124.41
-124.42
-124.422
-124.374
-124.376
-124.374
-124.416
-124.429
-124.432
-124.387
-124.388
-124.386
-124.586
-124.59
-124.588
-124.575
-124.582
-124.581
-124.568
-124.575
-124.575
-124.559
-124.566
-124.567
-124.552
-124.56
-124.561
-124.537
-124.543
-124.544
-124.543
-124.551
-124.553
-124.516
-124.518
-124.517
-124.528
-124.536
-124.539
-124.524
-124.527
-124.527
-124.756
-124.754
-124.751
-124.747
-124.748
-124.748
-124.743
-124.745
-124.745
-124.736
-124.738
-124.739
-124.731
-124.733
-124.735
-124.718
-124.719
-124.72
-124.72
-124.723
-124.724
-124.705
-124.703
-124.702
-124.703
-124.704
-124.705
-124.709
-124.708
-124.708
-124.948
-124.941
-124.94
-124.943
-124.939
-124.94
-124.944
-124.939
-124.942
-124.94
-124.936
-124.938
-124.936
-124.933
-124.935
-124.927
-124.922
-124.924
-124.925
-124.921
-124.923
-124.916
-124.91
-124.91
-124.907
-124.901
-124.901
-124.916
-124.911
-124.911
-125.126
-125.115
-125.117
-125.127
-125.118
-125.123
-125.131
-125.121
-125.126
-125.129
-125.121
-125.124
-125.126
-125.119
-125.122
-125.118
-125.111
-125.113
-125.111
-125.104
-125.106
-125.105
-125.098
-125.098
-125.092
-125.083
-125.083
-125.1
-125.093
-125.094
-125.23
-125.216
-125.222
-125.24
-125.225
-125.233
-125.244
-125.232
-125.238
-125.243
-125.234
-125.239
-125.242
-125.234
-125.238
-125.237
-125.229
-125.233
-125.226
-125.219
-125.221
-125.22
-125.214
-125.215
-125.207
-125.197
-125.197
-125.212
-125.205
-125.206
-125.221
-125.208
-125.215
-125.238
-125.22
-125.23
-125.238
-125.227
-125.234
-125.238
-125.231
-125.236
-125.241
-125.236
-125.239
-125.241
-125.237
-125.241
-125.23
-125.225
-125.229
-125.224
-125.221
-125.224
-125.212
-125.205
-125.205
-125.215
-125.21
-125.212
-125.108
-125.096
-125.104
-125.123
-125.106
-125.116
-125.117
-125.11
-125.116
-125.118
-125.113
-125.116
-125.125
-125.121
-125.124
-125.131
-125.13
-125.133
-125.122
-125.121
-125.124
-125.117
-125.117
-125.12
-125.107
-125.103
-125.104
-125.108
-125.107
-125.109
-124.913
-124.902
-124.911
-124.924
-124.909
-124.916
-124.915
-124.909
-124.911
-124.918
-124.912
-124.912
-124.926
-124.923
-124.923
-124.937
-124.937
-124.939
-124.932
-124.933
-124.936
-124.928
-124.93
-124.934
-124.921
-124.92
-124.921
-124.922
-124.922
-124.924
-124.677
-124.665
-124.672
-124.686
-124.669
-124.672
-124.678
-124.668
-124.666
-124.684
-124.675
-124.672
-124.692
-124.687
-124.684
-124.706
-124.705
-124.705
-124.706
-124.706
-124.708
-124.704
-124.705
-124.708
-124.7
-124.699
-124.7
-124.7
-124.7
-124.702
-124.455
-124.438
-124.441
-124.464
-124.443
-124.44
-124.459
-124.445
-124.438
-124.468
-124.454
-124.449
-124.476
-124.466
-124.462
-124.491
-124.486
-124.485
-124.496
-124.493
-124.494
-124.495
-124.494
-124.496
-124.494
-124.49
-124.491
-124.494
-124.491
-124.492
-124.293
-124.271
-124.27
-124.304
-124.279
-124.271
-124.303
-124.285
-124.276
-124.313
-124.296
-124.29
-124.32
-124.307
-124.302
-124.335
-124.326
-124.324
-124.345
-124.337
-124.337
-124.345
-124.339
-124.34
-124.346
-124.339
-124.338
-124.346
-124.339
-124.338
-124.219
-124.193
-124.188
-124.232
-124.204
-124.194
-124.234
-124.214
-124.205
-124.244
-124.226
-124.22
-124.25
-124.235
-124.23
-124.263
-124.252
-124.248
-124.277
-124.266
-124.264
-124.278
-124.269
-124.267
-124.282
-124.271
-124.267
-124.281
-124.27
-124.267
-124.232
-124.207
-124.198
-124.246
-124.22
-124.209
-124.251
-124.232
-124.225
-124.261
-124.244
-124.239
-124.267
-124.253
-124.247
-124.278
-124.266
-124.26
-124.295
-124.283
-124.278
-124.299
-124.287
-124.282
-124.303
-124.29
-124.284
-124.303
-124.289
-124.283
-124.312
-124.289
-124.279
-124.327
-124.304
-124.294
-124.335
-124.318
-124.312
-124.344
-124.33
-124.325
-124.351
-124.338
-124.332
-124.36
-124.348
-124.34
-124.379
-124.367
-124.36
-124.386
-124.374
-124.366
-124.393
-124.378
-124.37
-124.393
-124.377
-124.368
-124.426
-124.406
-124.398
-124.441
-124.422
-124.414
-124.451
-124.436
-124.431
-124.461
-124.448
-124.443
-124.469
-124.458
-124.45
-124.478
-124.466
-124.457
-124.498
-124.486
-124.478
-124.51
-124.496
-124.488
-124.518
-124.504
-124.494
-124.518
-124.502
-124.492
-124.538
-124.522
-124.517
-124.554
-124.538
-124.532
-124.563
-124.55
-124.546
-124.573
-124.562
-124.557
-124.582
-124.572
-124.565
-124.592
-124.581
-124.572
-124.61
-124.602
-124.592
-124.626
-124.617
-124.607
-124.639
-124.628
-124.618
-124.64
-124.627
-124.615
-124.624
-124.612
-124.608
-124.637
-124.625
-124.619
-124.644
-124.634
-124.629
-124.652
-124.644
-124.638
-124.661
-124.654
-124.646
-124.67
-124.664
-124.655
-124.685
-124.683
-124.674
-124.702
-124.702
-124.693
-124.717
-124.718
-124.711
-124.719
-124.718
-124.71
-124.676
-124.67
-124.666
-124.686
-124.678
-124.674
-124.69
-124.684
-124.679
-124.695
-124.691
-124.685
-124.701
-124.699
-124.692
-124.709
-124.708
-124.701
-124.72
-124.724
-124.718
-124.733
-124.742
-124.738
-124.746
-124.759
-124.76
-124.747
-124.761
-124.761
-124.706
-124.704
-124.702
-124.713
-124.708
-124.706
-124.713
-124.711
-124.708
-124.716
-124.714
-124.711
-124.719
-124.719
-124.716
-124.724
-124.727
-124.724
-124.731
-124.739
-124.738
-124.741
-124.753
-124.755
-124.749
-124.768
-124.776
-124.75
-124.769
-124.778
-124.728
-124.728
-124.728
-124.732
-124.731
-124.729
-124.731
-124.73
-124.729
-124.731
-124.731
-124.73
-124.732
-124.733
-124.732
-124.736
-124.739
-124.74
-124.74
-124.748
-124.751
-124.747
-124.758
-124.765
-124.751
-124.769
-124.781
-124.75
-124.77
-124.783
-124.755
-124.756
-124.756
-124.757
-124.757
-124.757
-124.755
-124.755
-124.754
-124.755
-124.754
-124.754
-124.755
-124.755
-124.756
-124.757
-124.76
-124.763
-124.76
-124.766
-124.772
-124.765
-124.775
-124.784
-124.766
-124.781
-124.794
-124.764
-124.781
-124.796
-124.794
-124.795
-124.796
-124.794
-124.795
-124.795
-124.793
-124.793
-124.793
-124.793
-124.792
-124.793
-124.793
-124.793
-124.794
-124.795
-124.797
-124.801
-124.798
-124.802
-124.809
-124.801
-124.809
-124.819
-124.801
-124.813
-124.825
-124.798
-124.812
-124.826
-124.846
-124.848
-124.848
-124.847
-124.847
-124.847
-124.846
-124.846
-124.846
-124.847
-124.846
-124.847
-124.847
-124.847
-124.849
-124.85
-124.852
-124.855
-124.853
-124.857
-124.863
-124.856
-124.863
-124.872
-124.855
-124.865
-124.876
-124.852
-124.864
-124.876
-124.911
-124.912
-124.912
-124.912
-124.911
-124.912
-124.912
-124.911
-124.912
-124.913
-124.912
-124.913
-124.915
-124.915
-124.917
-124.919
-124.92
-124.925
-124.922
-124.925
-124.932
-124.925
-124.932
-124.941
-124.925
-124.933
-124.943
-124.922
-124.933
-124.944
-124.982
-124.982
-124.983
-124.982
-124.982
-124.983
-124.984
-124.983
-124.985
-124.987
-124.986
-124.988
-124.992
-124.992
-124.996
-124.999
-125
-125.006
-125.004
-125.008
-125.016
-125.011
-125.017
-125.026
-125.011
-125.018
-125.028
-125.01
-125.018
-125.03
-125.049
-125.05
-125.053
-125.05
-125.05
-125.053
-125.056
-125.055
-125.059
-125.066
-125.064
-125.069
-125.079
-125.078
-125.084
-125.094
-125.094
-125.102
-125.107
-125.109
-125.119
-125.12
-125.124
-125.134
-125.123
-125.127
-125.137
-125.124
-125.13
-125.141
-125.106
-125.109
-125.115
-125.11
-125.111
-125.118
-125.125
-125.125
-125.132
-125.15
-125.148
-125.156
-125.179
-125.177
-125.186
-125.208
-125.208
-125.218
-125.234
-125.235
-125.246
-125.255
-125.257
-125.268
-125.263
-125.265
-125.275
-125.268
-125.271
-125.282
-125.15
-125.154
-125.163
-125.162
-125.163
-125.173
-125.192
-125.192
-125.203
-125.235
-125.234
-125.247
-125.283
-125.284
-125.298
-125.329
-125.332
-125.347
-125.368
-125.372
-125.387
-125.399
-125.403
-125.417
-125.412
-125.415
-125.428
-125.424
-125.427
-125.438
-125.18
-125.182
-125.193
-125.203
-125.201
-125.213
-125.247
-125.247
-125.263
-125.306
-125.308
-125.328
-125.368
-125.374
-125.397
-125.426
-125.435
-125.459
-125.475
-125.485
-125.508
-125.512
-125.522
-125.542
-125.529
-125.537
-125.555
-125.546
-125.554
-125.57
-125.184
-125.183
-125.194
-125.217
-125.212
-125.224
-125.27
-125.268
-125.286
-125.334
-125.34
-125.365
-125.401
-125.413
-125.443
-125.462
-125.478
-125.51
-125.511
-125.529
-125.56
-125.549
-125.567
-125.595
-125.567
-125.583
-125.609
-125.587
-125.603
-125.626
-125.142
-125.138
-125.147
-125.178
-125.171
-125.181
-125.231
-125.229
-125.246
-125.292
-125.298
-125.325
-125.353
-125.367
-125.401
-125.407
-125.427
-125.464
-125.451
-125.473
-125.51
-125.483
-125.507
-125.54
-125.5
-125.522
-125.553
-125.52
-125.542
-125.571
-125.032
-125.026
-125.033
-125.066
-125.058
-125.065
-125.111
-125.109
-125.123
-125.162
-125.168
-125.192
-125.211
-125.225
-125.257
-125.254
-125.274
-125.31
-125.289
-125.312
-125.347
-125.314
-125.339
-125.372
-125.328
-125.352
-125.383
-125.345
-125.37
-125.399
-124.844
-124.839
-124.844
-124.872
-124.865
-124.87
-124.907
-124.905
-124.915
-124.945
-124.95
-124.969
-124.982
-124.993
-125.02
-125.013
-125.03
-125.06
-125.038
-125.058
-125.089
-125.057
-125.078
-125.107
-125.067
-125.088
-125.116
-125.081
-125.103
-125.129
-124.584
-124.58
-124.583
-124.604
-124.599
-124.602
-124.63
-124.628
-124.635
-124.656
-124.66
-124.673
-124.682
-124.69
-124.709
-124.703
-124.716
-124.738
-124.72
-124.735
-124.759
-124.733
-124.749
-124.772
-124.739
-124.756
-124.778
-124.75
-124.768
-124.789
-124.265
-124.262
-124.263
-124.279
-124.275
-124.276
-124.295
-124.294
-124.298
-124.313
-124.315
-124.324
-124.329
-124.335
-124.348
-124.343
-124.352
-124.368
-124.354
-124.365
-124.381
-124.362
-124.374
-124.39
-124.367
-124.379
-124.395
-124.374
-124.387
-124.402
-123.902
-123.9
-123.901
-123.911
-123.908
-123.909
-123.921
-123.92
-123.923
-123.932
-123.933
-123.939
-123.942
-123.946
-123.955
-123.951
-123.957
-123.967
-123.957
-123.965
-123.976
-123.962
-123.97
-123.981
-123.965
-123.974
-123.984
-123.97
-123.979
-123.989
-123.511
-123.509
-123.509
-123.516
-123.514
-123.514
-123.522
-123.521
-123.522
-123.528
-123.529
-123.532
-123.534
-123.536
-123.541
-123.539
-123.542
-123.549
-123.543
-123.547
-123.554
-123.546
-123.551
-123.557
-123.547
-123.553
-123.559
-123.55
-123.556
-123.563
-123.101
-123.1
-123.1
-123.104
-123.102
-123.102
-123.107
-123.106
-123.107
-123.11
-123.11
-123.112
-123.113
-123.114
-123.117
-123.116
-123.118
-123.121
-123.118
-123.121
-123.124
-123.12
-123.123
-123.127
-123.121
-123.124
-123.128
-123.122
-123.126
-123.13
-122.68
-122.68
-122.68
-122.682
-122.681
-122.681
-122.683
-122.683
-122.683
-122.685
-122.685
-122.686
-122.686
-122.687
-122.688
-122.688
-122.689
-122.69
-122.689
-122.69
-122.692
-122.69
-122.691
-122.693
-122.69
-122.692
-122.694
-122.691
-122.693
-122.696
-122.255
-122.255
-122.254
-122.256
-122.255
-122.255
-122.256
-122.255
-122.255
-122.257
-122.256
-122.256
-122.257
-122.257
-122.258
-122.258
-122.258
-122.259
-122.258
-122.259
-122.26
-122.259
-122.259
-122.26
-122.259
-122.26
-122.261
-122.259
-122.261
-122.262
-121.827
-121.827
-121.827
-121.827
-121.827
-121.827
-121.827
-121.827
-121.827
-121.827
-121.827
-121.827
-121.827
-121.827
-121.827
-121.827
-121.828
-121.828
-121.828
-121.828
-121.828
-121.828
-121.828
-121.829
-121.828
-121.828
-121.829
-121.828
-121.829
-121.829
-121.399
-121.399
-121.399
-121.399
-121.399
-121.398
-121.398
-121.398
-121.398
-121.398
-121.398
-121.398
-121.398
-121.398
-121.398
-121.398
-121.398
-121.398
-121.398
-121.398
-121.398
-121.398
-121.398
-121.398
-121.398
-121.398
-121.398
-121.398
-121.399
-121.399
-120.971
-120.971
-120.971
-120.971
-120.971
-120.97
-120.97
-120.97
-120.97
-120.97
-120.97
-120.97
-120.97
-120.97
-120.969
-120.97
-120.97
-120.969
-120.97
-120.97
-120.969
-120.97
-120.97
-120.969
-120.97
-120.97
-120.969
-120.97
-120.97
-120.97
-120.544
-120.544
-120.543
-120.543
-120.543
-120.543
-120.543
-120.543
-120.543
-120.543
-120.543
-120.542
-120.542
-120.542
-120.542
-120.542
-120.542
-120.542
-120.542
-120.542
-120.542
-120.542
-120.542
-120.542
-120.542
-120.542
-120.542
-120.542
-120.542
-120.542
-120.117
-120.117
-120.117
-120.117
-120.117
-120.117
-120.116
-120.116
-120.116
-120.116
-120.116
-120.116
-120.116
-120.116
-120.116
-120.116
-120.116
-120.116
-120.116
-120.116
-120.116
-120.116
-120.116
-120.116
-120.116
-120.116
-120.116
-120.116
-120.116
-120.116
-119.691
-119.691
-119.691
-119.691
-119.691
-119.691
-119.691
-119.691
-119.69
-119.69
-119.69
-119.69
-119.69
-119.69
-119.69
-119.69
-119.69
-119.69
-119.69
-119.69
-119.69
-119.69
-119.69
-119.69
-119.69
-119.69
-119.69
-119.69
-119.69
-119.69
-119.266
-119.266
-119.266
-119.266
-119.266
-119.266
-119.265
-119.265
-119.265
-119.265
-119.265
-119.265
-119.265
-119.265
-119.265
-119.265
-119.265
-119.265
-119.265
-119.265
-119.265
-119.265
-119.265
-119.265
-119.265
-119.265
-119.265
-119.265
-119.265
-119.265
-118.841
-118.841
-118.841
-118.841
-118.841
-118.841
-118.841
-118.841
-118.841
-118.841
-118.84
-118.84
-118.84
-118.84
-118.84
-118.84
-118.84
-118.84
-118.84
-118.84
-118.84
-118.84
-118.84
-118.84
-118.84
-118.84
-118.84
-118.84
-118.84
-118.84
-118.416
-118.416
-118.416
-118.416
-118.416
-118.416
-118.416
-118.416
-118.416
-118.416
-118.416
-118.416
-118.416
-118.416
-118.416
-118.416
-118.416
-118.416
-118.416
-118.416
-118.416
-118.416
-118.416
-118.416
-118.416
-118.416
-118.416
-118.416
-118.416
-118.416
-117.992
-117.992
-117.992
-117.992
-117.992
-117.992
-117.992
-117.992
-117.992
-117.992
-117.992
-117.992
-117.992
-117.992
-117.992
-117.992
-117.992
-117.992
-117.992
-117.992
-117.992
-117.992
-117.992
-117.992
-117.992
-117.992
-117.992
-117.992
-117.992
-117.992
-117.568
-117.568
-117.568
-117.568
-117.568
-117.568
-117.568
-117.568
-117.568
-117.568
-117.568
-117.568
-117.568
-117.568
-117.568
-117.568
-117.568
-117.568
-117.568
-117.568
-117.568
-117.568
-117.568
-117.568
-117.568
-117.568
-117.568
-117.568
-117.568
-117.568
-117.144
-117.144
-117.144
-117.144
-117.144
-117.144
-117.144
-117.144
-117.144
-117.144
-117.144
-117.144
-117.144
-117.144
-117.144
-117.144
-117.144
-117.144
-117.144
-117.144
-117.144
-117.144
-117.144
-117.144
-117.144
-117.144
-117.144
-117.144
-117.144
-117.144
-116.72
-116.72
-116.72
-116.72
-116.72
-116.72
-116.72
-116.72
-116.72
-116.72
-116.72
-116.72
-116.72
-116.72
-116.72
-116.72
-116.72
-116.72
-116.72
-116.72
-116.72
-116.72
-116.72
-116.72
-116.72
-116.72
-116.72
-116.72
-116.72
-116.72
-116.296
-116.296
-116.296
-116.296
-116.296
-116.296
-116.296
-116.296
-116.296
-116.296
-116.296
-116.296
-116.296
-116.296
-116.296
-116.296
-116.296
-116.296
-116.296
-116.296
-116.296
-116.296
-116.296
-116.296
-116.296
-116.296
-116.296
-116.296
-116.296
-116.296
-115.872
-115.872
-115.872
-115.872
-115.872
-115.872
-115.872
-115.872
-115.872
-115.872
-115.872
-115.872
-115.872
-115.872
-115.872
-115.872
-115.872
-115.872
-115.872
-115.872
-115.872
-115.872
-115.872
-115.872
-115.872
-115.872
-115.872
-115.872
-115.872
-115.872
-115.448
-115.448
-115.448
-115.448
-115.448
-115.448
-115.448
-115.448
-115.448
-115.448
-115.448
-115.448
-115.448
-115.448
-115.448
-115.448
-115.448
-115.448
-115.448
-115.448
-115.448
-115.448
-115.448
-115.448
-115.448
-115.448
-115.448
-115.448
-115.448
-115.448
-115.025
-115.025
-115.025
-115.025
-115.025
-115.025
-115.025
-115.025
-115.025
-115.025
-115.025
-115.025
-115.025
-115.025
-115.025
-115.025
-115.025
-115.025
-115.025
-115.025
-115.025
-115.025
-115.025
-115.025
-115.025
-115.025
-115.025
-115.025
-115.025
-115.025
-114.601
-114.601
-114.601
-114.601
-114.601
-114.601
-114.601
-114.601
-114.601
-114.601
-114.601
-114.601
-114.601
-114.601
-114.601
-114.601
-114.601
-114.601
-114.601
-114.601
-114.601
-114.601
-114.601
-114.601
-114.601
-114.601
-114.601
-114.601
-114.601
-114.601
-114.177
-114.177
-114.177
-114.177
-114.177
-114.177
-114.177
-114.177
-114.177
-114.177
-114.177
-114.177
-114.177
-114.177
-114.177
-114.177
-114.177
-114.177
-114.177
-114.177
-114.177
-114.177
-114.177
-114.177
-114.177
-114.177
-114.177
-114.177
-114.177
-114.177
-113.753
-113.753
-113.753
-113.753
-113.753
-113.753
-113.753
-113.753
-113.753
-113.753
-113.753
-113.753
-113.753
-113.753
-113.753
-113.753
-113.753
-113.753
-113.753
-113.753
-113.753
-113.753
-113.753
-113.753
-113.753
-113.753
-113.753
-113.753
-113.753
-113.753
-113.33
-113.33
-113.33
-113.33
-113.33
-113.33
-113.33
-113.33
-113.33
-113.33
-113.33
-113.33
-113.33
-113.33
-113.33
-113.33
-113.33
-113.33
-113.33
-113.33
-113.33
-113.33
-113.33
-113.33
-113.33
-113.33
-113.33
-113.33
-113.33
-113.33
-112.906
-112.906
-112.906
-112.906
-112.906
-112.906
-112.906
-112.906
-112.906
-112.906
-112.906
-112.906
-112.906
-112.906
-112.906
-112.906
-112.906
-112.906
-112.906
-112.906
-112.906
-112.906
-112.906
-112.906
-112.906
-112.906
-112.906
-112.906
-112.906
-112.906
-112.482
-112.482
-112.482
-112.482
-112.482
-112.482
-112.482
-112.482
-112.482
-112.482
-112.482
-112.482
-112.482
-112.482
-112.482
-112.482
-112.482
-112.482
-112.482
-112.482
-112.482
-112.482
-112.482
-112.482
-112.482
-112.482
-112.482
-112.482
-112.482
-112.482
-112.059
-112.059
-112.059
-112.059
-112.059
-112.059
-112.059
-112.059
-112.059
-112.059
-112.059
-112.059
-112.059
-112.059
-112.059
-112.059
-112.059
-112.059
-112.059
-112.059
-112.059
-112.059
-112.059
-112.059
-112.059
-112.059
-112.059
-112.059
-112.059
-112.059
-111.635
-111.635
-111.635
-111.635
-111.635
-111.635
-111.635
-111.635
-111.635
-111.635
-111.635
-111.635
-111.635
-111.635
-111.635
-111.635
-111.635
-111.635
-111.635
-111.635
-111.635
-111.635
-111.635
-111.635
-111.635
-111.635
-111.635
-111.635
-111.635
-111.635
-111.211
-111.211
-111.211
-111.211
-111.211
-111.211
-111.211
-111.211
-111.211
-111.211
-111.211
-111.211
-111.211
-111.211
-111.211
-111.211
-111.211
-111.211
-111.211
-111.211
-111.211
-111.211
-111.211
-111.211
-111.211
-111.211
-111.211
-111.211
-111.211
-111.211
-110.787
-110.787
-110.787
-110.787
-110.787
-110.787
-110.787
-110.787
-110.787
-110.787
-110.787
-110.787
-110.787
-110.787
-110.787
-110.787
-110.787
-110.787
-110.787
-110.787
-110.787
-110.787
-110.787
-110.787
-110.787
-110.787
-110.787
-110.787
-110.787
-110.787
-110.364
-110.364
-110.364
-110.364
-110.364
-110.364
-110.364
-110.364
-110.364
-110.364
-110.364
-110.364
-110.364
-110.364
-110.364
-110.364
-110.364
-110.364
-110.364
-110.364
-110.364
-110.364
-110.364
-110.364
-110.364
-110.364
-110.364
-110.364
-110.364
-110.364
-109.94
-109.94
-109.94
-109.94
-109.94
-109.94
-109.94
-109.94
-109.94
-109.94
-109.94
-109.94
-109.94
-109.94
-109.94
-109.94
-109.94
-109.94
-109.94
-109.94
-109.94
-109.94
-109.94
-109.94
-109.94
-109.94
-109.94
-109.94
-109.94
-109.94
-109.516
-109.516
-109.516
-109.516
-109.516
-109.516
-109.516
-109.516
-109.516
-109.516
-109.516
-109.516
-109.516
-109.516
-109.516
-109.516
-109.516
-109.516
-109.516
-109.516
-109.516
-109.516
-109.516
-109.516
-109.516
-109.516
-109.516
-109.516
-109.516
-109.516
-109.093
-109.093
-109.093
-109.093
-109.093
-109.093
-109.093
-109.093
-109.093
-109.093
-109.093
-109.093
-109.093
-109.093
-109.093
-109.093
-109.093
-109.093
-109.093
-109.093
-109.093
-109.093
-109.093
-109.093
-109.093
-109.093
-109.093
-109.093
-109.093
-109.093
-108.669
-108.669
-108.669
-108.669
-108.669
-108.669
-108.669
-108.669
-108.669
-108.669
-108.669
-108.669
-108.669
-108.669
-108.669
-108.669
-108.669
-108.669
-108.669
-108.669
-108.669
-108.669
-108.669
-108.669
-108.669
-108.669
-108.669
-108.669
-108.669
-108.669
-108.245
-108.245
-108.245
-108.245
-108.245
-108.245
-108.245
-108.245
-108.245
-108.245
-108.245
-108.245
-108.245
-108.245
-108.245
-108.245
-108.245
-108.245
-108.245
-108.245
-108.245
-108.245
-108.245
-108.245
-108.245
-108.245
-108.245
-108.245
-108.245
-108.245
-107.822
-107.822
-107.822
-107.822
-107.822
-107.822
-107.822
-107.822
-107.822
-107.822
-107.822
-107.822
-107.822
-107.822
-107.822
-107.822
-107.822
-107.822
-107.822
-107.822
-107.822
-107.822
-107.822
-107.822
-107.822
-107.822
-107.822
-107.822
-107.822
-107.822
-107.398
-107.398
-107.398
-107.398
-107.398
-107.398
-107.398
-107.398
-107.398
-107.398
-107.398
-107.398
-107.398
-107.398
-107.398
-107.398
-107.398
-107.398
-107.398
-107.398
-107.398
-107.398
-107.398
-107.398
-107.398
-107.398
-107.398
-107.398
-107.398
-107.398
-106.974
-106.974
-106.974
-106.974
-106.974
-106.974
-106.974
-106.974
-106.974
-106.974
-106.974
-106.974
-106.974
-106.974
-106.974
-106.974
-106.974
-106.974
-106.974
-106.974
-106.974
-106.974
-106.974
-106.974
-106.974
-106.974
-106.974
-106.974
-106.974
-106.974
-106.551
-106.551
-106.551
-106.551
-106.551
-106.551
-106.551
-106.551
-106.551
-106.551
-106.551
-106.551
-106.551
-106.551
-106.551
-106.551
-106.551
-106.551
-106.551
-106.551
-106.551
-106.551
-106.551
-106.551
-106.551
-106.551
-106.551
-106.551
-106.551
-106.551
-106.127
-106.127
-106.127
-106.127
-106.127
-106.127
-106.127
-106.127
-106.127
-106.127
-106.127
-106.127
-106.127
-106.127
-106.127
-106.127
-106.127
-106.127
-106.127
-106.127
-106.127
-106.127
-106.127
-106.127
-106.127
-106.127
-106.127
-106.127
-106.127
-106.127
-105.703
-105.703
-105.703
-105.703
-105.703
-105.703
-105.703
-105.703
-105.703
-105.703
-105.703
-105.703
-105.703
-105.703
-105.703
-105.703
-105.703
-105.703
-105.703
-105.703
-105.703
-105.703
-105.703
-105.703
-105.703
-105.703
-105.703
-105.703
-105.703
-105.703
-105.279
-105.279
-105.279
-105.279
-105.279
-105.279
-105.279
-105.279
-105.279
-105.279
-105.279
-105.279
-105.279
-105.279
-105.279
-105.279
-105.279
-105.279
-105.279
-105.279
-105.279
-105.279
-105.279
-105.279
-105.279
-105.279
-105.279
-105.279
-105.279
-105.279
-104.856
-104.856
-104.856
-104.856
-104.856
-104.856
-104.856
-104.856
-104.856
-104.856
-104.856
-104.856
-104.856
-104.856
-104.856
-104.856
-104.856
-104.856
-104.856
-104.856
-104.856
-104.856
-104.856
-104.856
-104.856
-104.856
-104.856
-104.856
-104.856
-104.856
-104.432
-104.432
-104.432
-104.432
-104.432
-104.432
-104.432
-104.432
-104.432
-104.432
-104.432
-104.432
-104.432
-104.432
-104.432
-104.432
-104.432
-104.432
-104.432
-104.432
-104.432
-104.432
-104.432
-104.432
-104.432
-104.432
-104.432
-104.432
-104.432
-104.432
-104.008
-104.008
-104.008
-104.008
-104.008
-104.008
-104.008
-104.008
-104.008
-104.008
-104.008
-104.008
-104.008
-104.008
-104.008
-104.008
-104.008
-104.008
-104.008
-104.008
-104.008
-104.008
-104.008
-104.008
-104.008
-104.008
-104.008
-104.008
-104.008
-104.008
-103.585
-103.585
-103.585
-103.585
-103.585
-103.585
-103.585
-103.585
-103.585
-103.585
-103.585
-103.585
-103.585
-103.585
-103.585
-103.585
-103.585
-103.585
-103.585
-103.585
-103.585
-103.585
-103.585
-103.585
-103.585
-103.585
-103.585
-103.585
-103.585
-103.585
-103.161
-103.161
-103.161
-103.161
-103.161
-103.161
-103.161
-103.161
-103.161
-103.161
-103.161
-103.161
-103.161
-103.161
-103.161
-103.161
-103.161
-103.161
-103.161
-103.161
-103.161
-103.161
-103.161
-103.161
-103.161
-103.161
-103.161
-103.161
-103.161
-103.161
-102.737
-102.737
-102.737
-102.737
-102.737
-102.737
-102.737
-102.737
-102.737
-102.737
-102.737
-102.737
-102.737
-102.737
-102.737
-102.737
-102.737
-102.737
-102.737
-102.737
-102.737
-102.737
-102.737
-102.737
-102.737
-102.737
-102.737
-102.737
-102.737
-102.737
-102.314
-102.314
-102.314
-102.314
-102.314
-102.314
-102.314
-102.314
-102.314
-102.314
-102.314
-102.314
-102.314
-102.314
-102.314
-102.314
-102.314
-102.314
-102.314
-102.314
-102.314
-102.314
-102.314
-102.314
-102.314
-102.314
-102.314
-102.314
-102.314
-102.314
-101.89
-101.89
-101.89
-101.89
-101.89
-101.89
-101.89
-101.89
-101.89
-101.89
-101.89
-101.89
-101.89
-101.89
-101.89
-101.89
-101.89
-101.89
-101.89
-101.89
-101.89
-101.89
-101.89
-101.89
-101.89
-101.89
-101.89
-101.89
-101.89
-101.89
-101.466
-101.466
-101.466
-101.466
-101.466
-101.466
-101.466
-101.466
-101.466
-101.466
-101.466
-101.466
-101.466
-101.466
-101.466
-101.466
-101.466
-101.466
-101.466
-101.466
-101.466
-101.466
-101.466
-101.466
-101.466
-101.466
-101.466
-101.466
-101.466
-101.466
-101.043
-101.043
-101.043
-101.043
-101.043
-101.043
-101.043
-101.043
-101.043
-101.043
-101.043
-101.043
-101.043
-101.043
-101.043
-101.043
-101.043
-101.043
-101.043
-101.043
-101.043
-101.043
-101.043
-101.043
-101.043
-101.043
-101.043
-101.043
-101.043
-101.043
-100.619
-100.619
-100.619
-100.619
-100.619
-100.619
-100.619
-100.619
-100.619
-100.619
-100.619
-100.619
-100.619
-100.619
-100.619
-100.619
-100.619
-100.619
-100.619
-100.619
-100.619
-100.619
-100.619
-100.619
-100.619
-100.619
-100.619
-100.619
-100.619
-100.619
-100.195
-100.195
-100.195
-100.195
-100.195
-100.195
-100.195
-100.195
-100.195
-100.195
-100.195
-100.195
-100.195
-100.195
-100.195
-100.195
-100.195
-100.195
-100.195
-100.195
-100.195
-100.195
-100.195
-100.195
-100.195
-100.195
-100.195
-100.195
-100.195
-100.195
-99.7714
-99.7714
-99.7714
-99.7714
-99.7714
-99.7714
-99.7714
-99.7714
-99.7714
-99.7714
-99.7714
-99.7714
-99.7714
-99.7714
-99.7714
-99.7714
-99.7714
-99.7714
-99.7714
-99.7714
-99.7714
-99.7714
-99.7714
-99.7714
-99.7714
-99.7714
-99.7714
-99.7714
-99.7714
-99.7714
-99.3477
-99.3477
-99.3477
-99.3477
-99.3477
-99.3477
-99.3477
-99.3477
-99.3477
-99.3477
-99.3477
-99.3477
-99.3477
-99.3477
-99.3477
-99.3477
-99.3477
-99.3477
-99.3477
-99.3477
-99.3477
-99.3477
-99.3477
-99.3477
-99.3477
-99.3477
-99.3477
-99.3477
-99.3477
-99.3477
-98.924
-98.924
-98.924
-98.924
-98.924
-98.924
-98.924
-98.924
-98.924
-98.924
-98.924
-98.924
-98.924
-98.924
-98.924
-98.924
-98.924
-98.924
-98.924
-98.924
-98.924
-98.924
-98.924
-98.924
-98.924
-98.924
-98.924
-98.924
-98.924
-98.924
-98.5003
-98.5003
-98.5003
-98.5003
-98.5003
-98.5003
-98.5003
-98.5003
-98.5003
-98.5003
-98.5003
-98.5003
-98.5003
-98.5003
-98.5003
-98.5003
-98.5003
-98.5003
-98.5003
-98.5003
-98.5003
-98.5003
-98.5003
-98.5003
-98.5003
-98.5003
-98.5003
-98.5003
-98.5003
-98.5003
-98.0767
-98.0767
-98.0767
-98.0767
-98.0767
-98.0767
-98.0767
-98.0767
-98.0767
-98.0767
-98.0767
-98.0767
-98.0767
-98.0767
-98.0767
-98.0767
-98.0767
-98.0767
-98.0767
-98.0767
-98.0767
-98.0767
-98.0767
-98.0767
-98.0767
-98.0767
-98.0767
-98.0767
-98.0767
-98.0767
-97.653
-97.653
-97.653
-97.653
-97.653
-97.653
-97.653
-97.653
-97.653
-97.653
-97.653
-97.653
-97.653
-97.653
-97.653
-97.653
-97.653
-97.653
-97.653
-97.653
-97.653
-97.653
-97.653
-97.653
-97.653
-97.653
-97.653
-97.653
-97.653
-97.653
-97.2293
-97.2293
-97.2293
-97.2293
-97.2293
-97.2293
-97.2293
-97.2293
-97.2293
-97.2293
-97.2293
-97.2293
-97.2293
-97.2293
-97.2293
-97.2293
-97.2293
-97.2293
-97.2293
-97.2293
-97.2293
-97.2293
-97.2293
-97.2293
-97.2293
-97.2293
-97.2293
-97.2293
-97.2293
-97.2293
-96.8056
-96.8056
-96.8056
-96.8056
-96.8056
-96.8056
-96.8056
-96.8056
-96.8056
-96.8056
-96.8056
-96.8056
-96.8056
-96.8056
-96.8056
-96.8056
-96.8056
-96.8056
-96.8056
-96.8056
-96.8056
-96.8056
-96.8056
-96.8056
-96.8056
-96.8056
-96.8056
-96.8056
-96.8056
-96.8056
-96.3819
-96.3819
-96.3819
-96.3819
-96.3819
-96.3819
-96.3819
-96.3819
-96.3819
-96.3819
-96.3819
-96.3819
-96.3819
-96.3819
-96.3819
-96.3819
-96.3819
-96.3819
-96.3819
-96.3819
-96.3819
-96.3819
-96.3819
-96.3819
-96.3819
-96.3819
-96.3819
-96.3819
-96.3819
-96.3819
-95.9582
-95.9582
-95.9582
-95.9582
-95.9582
-95.9582
-95.9582
-95.9582
-95.9582
-95.9582
-95.9582
-95.9582
-95.9582
-95.9582
-95.9582
-95.9582
-95.9582
-95.9582
-95.9582
-95.9582
-95.9582
-95.9582
-95.9582
-95.9582
-95.9582
-95.9582
-95.9582
-95.9582
-95.9582
-95.9582
-95.5345
-95.5345
-95.5345
-95.5345
-95.5345
-95.5345
-95.5345
-95.5345
-95.5345
-95.5345
-95.5345
-95.5345
-95.5345
-95.5345
-95.5345
-95.5345
-95.5345
-95.5345
-95.5345
-95.5345
-95.5345
-95.5345
-95.5345
-95.5345
-95.5345
-95.5345
-95.5345
-95.5345
-95.5345
-95.5345
-95.1108
-95.1108
-95.1108
-95.1108
-95.1108
-95.1108
-95.1108
-95.1108
-95.1108
-95.1108
-95.1108
-95.1108
-95.1108
-95.1108
-95.1108
-95.1108
-95.1108
-95.1108
-95.1108
-95.1108
-95.1108
-95.1108
-95.1108
-95.1108
-95.1108
-95.1108
-95.1108
-95.1108
-95.1108
-95.1108
-94.6871
-94.6871
-94.6871
-94.6871
-94.6871
-94.6871
-94.6871
-94.6871
-94.6871
-94.6871
-94.6871
-94.6871
-94.6871
-94.6871
-94.6871
-94.6871
-94.6871
-94.6871
-94.6871
-94.6871
-94.6871
-94.6871
-94.6871
-94.6871
-94.6871
-94.6871
-94.6871
-94.6871
-94.6871
-94.6871
-94.2634
-94.2634
-94.2634
-94.2634
-94.2634
-94.2634
-94.2634
-94.2634
-94.2634
-94.2634
-94.2634
-94.2634
-94.2634
-94.2634
-94.2634
-94.2634
-94.2634
-94.2634
-94.2634
-94.2634
-94.2634
-94.2634
-94.2634
-94.2634
-94.2634
-94.2634
-94.2634
-94.2634
-94.2634
-94.2634
-93.8397
-93.8397
-93.8397
-93.8397
-93.8397
-93.8397
-93.8397
-93.8397
-93.8397
-93.8397
-93.8397
-93.8397
-93.8397
-93.8397
-93.8397
-93.8397
-93.8397
-93.8397
-93.8397
-93.8397
-93.8397
-93.8397
-93.8397
-93.8397
-93.8397
-93.8397
-93.8397
-93.8397
-93.8397
-93.8397
-93.416
-93.416
-93.416
-93.416
-93.416
-93.416
-93.416
-93.416
-93.416
-93.416
-93.416
-93.416
-93.416
-93.416
-93.416
-93.416
-93.416
-93.416
-93.416
-93.416
-93.416
-93.416
-93.416
-93.416
-93.416
-93.416
-93.416
-93.416
-93.416
-93.416
-92.9923
-92.9923
-92.9923
-92.9923
-92.9923
-92.9923
-92.9923
-92.9923
-92.9923
-92.9923
-92.9923
-92.9923
-92.9923
-92.9923
-92.9923
-92.9923
-92.9923
-92.9923
-92.9923
-92.9923
-92.9923
-92.9923
-92.9923
-92.9923
-92.9923
-92.9923
-92.9923
-92.9923
-92.9923
-92.9923
-92.5687
-92.5687
-92.5687
-92.5687
-92.5687
-92.5687
-92.5687
-92.5687
-92.5687
-92.5687
-92.5687
-92.5687
-92.5687
-92.5687
-92.5687
-92.5687
-92.5687
-92.5687
-92.5687
-92.5687
-92.5687
-92.5687
-92.5687
-92.5687
-92.5687
-92.5687
-92.5687
-92.5687
-92.5687
-92.5687
-92.145
-92.145
-92.145
-92.145
-92.145
-92.145
-92.145
-92.145
-92.145
-92.145
-92.145
-92.145
-92.145
-92.145
-92.145
-92.145
-92.145
-92.145
-92.145
-92.145
-92.145
-92.145
-92.145
-92.145
-92.145
-92.145
-92.145
-92.145
-92.145
-92.145
-91.7213
-91.7213
-91.7213
-91.7213
-91.7213
-91.7213
-91.7213
-91.7213
-91.7213
-91.7213
-91.7213
-91.7213
-91.7213
-91.7213
-91.7213
-91.7213
-91.7213
-91.7213
-91.7213
-91.7213
-91.7213
-91.7213
-91.7213
-91.7213
-91.7213
-91.7213
-91.7213
-91.7213
-91.7213
-91.7213
-91.2976
-91.2976
-91.2976
-91.2976
-91.2976
-91.2976
-91.2976
-91.2976
-91.2976
-91.2976
-91.2976
-91.2976
-91.2976
-91.2976
-91.2976
-91.2976
-91.2976
-91.2976
-91.2976
-91.2976
-91.2976
-91.2976
-91.2976
-91.2976
-91.2976
-91.2976
-91.2976
-91.2976
-91.2976
-91.2976
-90.8739
-90.8739
-90.8739
-90.8739
-90.8739
-90.8739
-90.8739
-90.8739
-90.8739
-90.8739
-90.8739
-90.8739
-90.8739
-90.8739
-90.8739
-90.8739
-90.8739
-90.8739
-90.8739
-90.8739
-90.8739
-90.8739
-90.8739
-90.8739
-90.8739
-90.8739
-90.8739
-90.8739
-90.8739
-90.8739
-90.4502
-90.4502
-90.4502
-90.4502
-90.4502
-90.4502
-90.4502
-90.4502
-90.4502
-90.4502
-90.4502
-90.4502
-90.4502
-90.4502
-90.4502
-90.4502
-90.4502
-90.4502
-90.4502
-90.4502
-90.4502
-90.4502
-90.4502
-90.4502
-90.4502
-90.4502
-90.4502
-90.4502
-90.4502
-90.4502
-90.0265
-90.0265
-90.0265
-90.0265
-90.0265
-90.0265
-90.0265
-90.0265
-90.0265
-90.0265
-90.0265
-90.0265
-90.0265
-90.0265
-90.0265
-90.0265
-90.0265
-90.0265
-90.0265
-90.0265
-90.0265
-90.0265
-90.0265
-90.0265
-90.0265
-90.0265
-90.0265
-90.0265
-90.0265
-90.0265
-89.6028
-89.6028
-89.6028
-89.6028
-89.6028
-89.6028
-89.6028
-89.6028
-89.6028
-89.6028
-89.6028
-89.6028
-89.6028
-89.6028
-89.6028
-89.6028
-89.6028
-89.6028
-89.6028
-89.6028
-89.6028
-89.6028
-89.6028
-89.6028
-89.6028
-89.6028
-89.6028
-89.6028
-89.6028
-89.6028
-89.1791
-89.1791
-89.1791
-89.1791
-89.1791
-89.1791
-89.1791
-89.1791
-89.1791
-89.1791
-89.1791
-89.1791
-89.1791
-89.1791
-89.1791
-89.1791
-89.1791
-89.1791
-89.1791
-89.1791
-89.1791
-89.1791
-89.1791
-89.1791
-89.1791
-89.1791
-89.1791
-89.1791
-89.1791
-89.1791
-88.7554
-88.7554
-88.7554
-88.7554
-88.7554
-88.7554
-88.7554
-88.7554
-88.7554
-88.7554
-88.7554
-88.7554
-88.7554
-88.7554
-88.7554
-88.7554
-88.7554
-88.7554
-88.7554
-88.7554
-88.7554
-88.7554
-88.7554
-88.7554
-88.7554
-88.7554
-88.7554
-88.7554
-88.7554
-88.7554
-88.3317
-88.3317
-88.3317
-88.3317
-88.3317
-88.3317
-88.3317
-88.3317
-88.3317
-88.3317
-88.3317
-88.3317
-88.3317
-88.3317
-88.3317
-88.3317
-88.3317
-88.3317
-88.3317
-88.3317
-88.3317
-88.3317
-88.3317
-88.3317
-88.3317
-88.3317
-88.3317
-88.3317
-88.3317
-88.3317
-87.908
-87.908
-87.908
-87.908
-87.908
-87.908
-87.908
-87.908
-87.908
-87.908
-87.908
-87.908
-87.908
-87.908
-87.908
-87.908
-87.908
-87.908
-87.908
-87.908
-87.908
-87.908
-87.908
-87.908
-87.908
-87.908
-87.908
-87.908
-87.908
-87.908
-87.4843
-87.4843
-87.4843
-87.4843
-87.4843
-87.4843
-87.4843
-87.4843
-87.4843
-87.4843
-87.4843
-87.4843
-87.4843
-87.4843
-87.4843
-87.4843
-87.4843
-87.4843
-87.4843
-87.4843
-87.4843
-87.4843
-87.4843
-87.4843
-87.4843
-87.4843
-87.4843
-87.4843
-87.4843
-87.4843
-87.0606
-87.0606
-87.0606
-87.0606
-87.0606
-87.0606
-87.0606
-87.0606
-87.0606
-87.0606
-87.0606
-87.0606
-87.0606
-87.0606
-87.0606
-87.0606
-87.0606
-87.0606
-87.0606
-87.0606
-87.0606
-87.0606
-87.0606
-87.0606
-87.0606
-87.0606
-87.0606
-87.0606
-87.0606
-87.0606
-86.637
-86.637
-86.637
-86.637
-86.637
-86.637
-86.637
-86.637
-86.637
-86.637
-86.637
-86.637
-86.637
-86.637
-86.637
-86.637
-86.637
-86.637
-86.637
-86.637
-86.637
-86.637
-86.637
-86.637
-86.637
-86.637
-86.637
-86.637
-86.637
-86.637
-86.2133
-86.2133
-86.2133
-86.2133
-86.2133
-86.2133
-86.2133
-86.2133
-86.2133
-86.2133
-86.2133
-86.2133
-86.2133
-86.2133
-86.2133
-86.2133
-86.2133
-86.2133
-86.2133
-86.2133
-86.2133
-86.2133
-86.2133
-86.2133
-86.2133
-86.2133
-86.2133
-86.2133
-86.2133
-86.2133
-85.7896
-85.7896
-85.7896
-85.7896
-85.7896
-85.7896
-85.7896
-85.7896
-85.7896
-85.7896
-85.7896
-85.7896
-85.7896
-85.7896
-85.7896
-85.7896
-85.7896
-85.7896
-85.7896
-85.7896
-85.7896
-85.7896
-85.7896
-85.7896
-85.7896
-85.7896
-85.7896
-85.7896
-85.7896
-85.7896
-85.3659
-85.3659
-85.3659
-85.3659
-85.3659
-85.3659
-85.3659
-85.3659
-85.3659
-85.3659
-85.3659
-85.3659
-85.3659
-85.3659
-85.3659
-85.3659
-85.3659
-85.3659
-85.3659
-85.3659
-85.3659
-85.3659
-85.3659
-85.3659
-85.3659
-85.3659
-85.3659
-85.3659
-85.3659
-85.3659
-84.9422
-84.9422
-84.9422
-84.9422
-84.9422
-84.9422
-84.9422
-84.9422
-84.9422
-84.9422
-84.9422
-84.9422
-84.9422
-84.9422
-84.9422
-84.9422
-84.9422
-84.9422
-84.9422
-84.9422
-84.9422
-84.9422
-84.9422
-84.9422
-84.9422
-84.9422
-84.9422
-84.9422
-84.9422
-84.9422
-84.5185
-84.5185
-84.5185
-84.5185
-84.5185
-84.5185
-84.5185
-84.5185
-84.5185
-84.5185
-84.5185
-84.5185
-84.5185
-84.5185
-84.5185
-84.5185
-84.5185
-84.5185
-84.5185
-84.5185
-84.5185
-84.5185
-84.5185
-84.5185
-84.5185
-84.5185
-84.5185
-84.5185
-84.5185
-84.5185
-84.0948
-84.0948
-84.0948
-84.0948
-84.0948
-84.0948
-84.0948
-84.0948
-84.0948
-84.0948
-84.0948
-84.0948
-84.0948
-84.0948
-84.0948
-84.0948
-84.0948
-84.0948
-84.0948
-84.0948
-84.0948
-84.0948
-84.0948
-84.0948
-84.0948
-84.0948
-84.0948
-84.0948
-84.0948
-84.0948
-83.6711
-83.6711
-83.6711
-83.6711
-83.6711
-83.6711
-83.6711
-83.6711
-83.6711
-83.6711
-83.6711
-83.6711
-83.6711
-83.6711
-83.6711
-83.6711
-83.6711
-83.6711
-83.6711
-83.6711
-83.6711
-83.6711
-83.6711
-83.6711
-83.6711
-83.6711
-83.6711
-83.6711
-83.6711
-83.6711
-83.2474
-83.2474
-83.2474
-83.2474
-83.2474
-83.2474
-83.2474
-83.2474
-83.2474
-83.2474
-83.2474
-83.2474
-83.2474
-83.2474
-83.2474
-83.2474
-83.2474
-83.2474
-83.2474
-83.2474
-83.2474
-83.2474
-83.2474
-83.2474
-83.2474
-83.2474
-83.2474
-83.2474
-83.2474
-83.2474
-82.8237
-82.8237
-82.8237
-82.8237
-82.8237
-82.8237
-82.8237
-82.8237
-82.8237
-82.8237
-82.8237
-82.8237
-82.8237
-82.8237
-82.8237
-82.8237
-82.8237
-82.8237
-82.8237
-82.8237
-82.8237
-82.8237
-82.8237
-82.8237
-82.8237
-82.8237
-82.8237
-82.8237
-82.8237
-82.8237
-82.4
-82.4
-82.4
-82.4
-82.4
-82.4
-82.4
-82.4
-82.4
-82.4
-82.4
-82.4
-82.4
-82.4
-82.4
-82.4
-82.4
-82.4
-82.4
-82.4
-82.4
-82.4
-82.4
-82.4
-82.4
-82.4
-82.4
-82.4
-82.4
-82.4
-81.9763
-81.9763
-81.9763
-81.9763
-81.9763
-81.9763
-81.9763
-81.9763
-81.9763
-81.9763
-81.9763
-81.9763
-81.9763
-81.9763
-81.9763
-81.9763
-81.9763
-81.9763
-81.9763
-81.9763
-81.9763
-81.9763
-81.9763
-81.9763
-81.9763
-81.9763
-81.9763
-81.9763
-81.9763
-81.9763
-81.5526
-81.5526
-81.5526
-81.5526
-81.5526
-81.5526
-81.5526
-81.5526
-81.5526
-81.5526
-81.5526
-81.5526
-81.5526
-81.5526
-81.5526
-81.5526
-81.5526
-81.5526
-81.5526
-81.5526
-81.5526
-81.5526
-81.5526
-81.5526
-81.5526
-81.5526
-81.5526
-81.5526
-81.5526
-81.5526
-81.129
-81.129
-81.129
-81.129
-81.129
-81.129
-81.129
-81.129
-81.129
-81.129
-81.129
-81.129
-81.129
-81.129
-81.129
-81.129
-81.129
-81.129
-81.129
-81.129
-81.129
-81.129
-81.129
-81.129
-81.129
-81.129
-81.129
-81.129
-81.129
-81.129
-80.7053
-80.7053
-80.7053
-80.7053
-80.7053
-80.7053
-80.7053
-80.7053
-80.7053
-80.7053
-80.7053
-80.7053
-80.7053
-80.7053
-80.7053
-80.7053
-80.7053
-80.7053
-80.7053
-80.7053
-80.7053
-80.7053
-80.7053
-80.7053
-80.7053
-80.7053
-80.7053
-80.7053
-80.7053
-80.7053
-80.2816
-80.2816
-80.2816
-80.2816
-80.2816
-80.2816
-80.2816
-80.2816
-80.2816
-80.2816
-80.2816
-80.2816
-80.2816
-80.2816
-80.2816
-80.2816
-80.2816
-80.2816
-80.2816
-80.2816
-80.2816
-80.2816
-80.2816
-80.2816
-80.2816
-80.2816
-80.2816
-80.2816
-80.2816
-80.2816
-79.8579
-79.8579
-79.8579
-79.8579
-79.8579
-79.8579
-79.8579
-79.8579
-79.8579
-79.8579
-79.8579
-79.8579
-79.8579
-79.8579
-79.8579
-79.8579
-79.8579
-79.8579
-79.8579
-79.8579
-79.8579
-79.8579
-79.8579
-79.8579
-79.8579
-79.8579
-79.8579
-79.8579
-79.8579
-79.8579
-79.4342
-79.4342
-79.4342
-79.4342
-79.4342
-79.4342
-79.4342
-79.4342
-79.4342
-79.4342
-79.4342
-79.4342
-79.4342
-79.4342
-79.4342
-79.4342
-79.4342
-79.4342
-79.4342
-79.4342
-79.4342
-79.4342
-79.4342
-79.4342
-79.4342
-79.4342
-79.4342
-79.4342
-79.4342
-79.4342
-79.0105
-79.0105
-79.0105
-79.0105
-79.0105
-79.0105
-79.0105
-79.0105
-79.0105
-79.0105
-79.0105
-79.0105
-79.0105
-79.0105
-79.0105
-79.0105
-79.0105
-79.0105
-79.0105
-79.0105
-79.0105
-79.0105
-79.0105
-79.0105
-79.0105
-79.0105
-79.0105
-79.0105
-79.0105
-79.0105
-78.5868
-78.5868
-78.5868
-78.5868
-78.5868
-78.5868
-78.5868
-78.5868
-78.5868
-78.5868
-78.5868
-78.5868
-78.5868
-78.5868
-78.5868
-78.5868
-78.5868
-78.5868
-78.5868
-78.5868
-78.5868
-78.5868
-78.5868
-78.5868
-78.5868
-78.5868
-78.5868
-78.5868
-78.5868
-78.5868
-78.1631
-78.1631
-78.1631
-78.1631
-78.1631
-78.1631
-78.1631
-78.1631
-78.1631
-78.1631
-78.1631
-78.1631
-78.1631
-78.1631
-78.1631
-78.1631
-78.1631
-78.1631
-78.1631
-78.1631
-78.1631
-78.1631
-78.1631
-78.1631
-78.1631
-78.1631
-78.1631
-78.1631
-78.1631
-78.1631
-77.7394
-77.7394
-77.7394
-77.7394
-77.7394
-77.7394
-77.7394
-77.7394
-77.7394
-77.7394
-77.7394
-77.7394
-77.7394
-77.7394
-77.7394
-77.7394
-77.7394
-77.7394
-77.7394
-77.7394
-77.7394
-77.7394
-77.7394
-77.7394
-77.7394
-77.7394
-77.7394
-77.7394
-77.7394
-77.7394
-77.3157
-77.3157
-77.3157
-77.3157
-77.3157
-77.3157
-77.3157
-77.3157
-77.3157
-77.3157
-77.3157
-77.3157
-77.3157
-77.3157
-77.3157
-77.3157
-77.3157
-77.3157
-77.3157
-77.3157
-77.3157
-77.3157
-77.3157
-77.3157
-77.3157
-77.3157
-77.3157
-77.3157
-77.3157
-77.3157
-76.892
-76.892
-76.892
-76.892
-76.892
-76.892
-76.892
-76.892
-76.892
-76.892
-76.892
-76.892
-76.892
-76.892
-76.892
-76.892
-76.892
-76.892
-76.892
-76.892
-76.892
-76.892
-76.892
-76.892
-76.892
-76.892
-76.892
-76.892
-76.892
-76.892
-76.4683
-76.4683
-76.4683
-76.4683
-76.4683
-76.4683
-76.4683
-76.4683
-76.4683
-76.4683
-76.4683
-76.4683
-76.4683
-76.4683
-76.4683
-76.4683
-76.4683
-76.4683
-76.4683
-76.4683
-76.4683
-76.4683
-76.4683
-76.4683
-76.4683
-76.4683
-76.4683
-76.4683
-76.4683
-76.4683
-76.0447
-76.0447
-76.0447
-76.0447
-76.0447
-76.0447
-76.0447
-76.0447
-76.0447
-76.0447
-76.0447
-76.0447
-76.0447
-76.0447
-76.0447
-76.0447
-76.0447
-76.0447
-76.0447
-76.0447
-76.0447
-76.0447
-76.0447
-76.0447
-76.0447
-76.0447
-76.0447
-76.0447
-76.0447
-76.0447
-75.621
-75.621
-75.621
-75.621
-75.621
-75.621
-75.621
-75.621
-75.621
-75.621
-75.621
-75.621
-75.621
-75.621
-75.621
-75.621
-75.621
-75.621
-75.621
-75.621
-75.621
-75.621
-75.621
-75.621
-75.621
-75.621
-75.621
-75.621
-75.621
-75.621
-75.1973
-75.1973
-75.1973
-75.1973
-75.1973
-75.1973
-75.1973
-75.1973
-75.1973
-75.1973
-75.1973
-75.1973
-75.1973
-75.1973
-75.1973
-75.1973
-75.1973
-75.1973
-75.1973
-75.1973
-75.1973
-75.1973
-75.1973
-75.1973
-75.1973
-75.1973
-75.1973
-75.1973
-75.1973
-75.1973
-74.7736
-74.7736
-74.7736
-74.7736
-74.7736
-74.7736
-74.7736
-74.7736
-74.7736
-74.7736
-74.7736
-74.7736
-74.7736
-74.7736
-74.7736
-74.7736
-74.7736
-74.7736
-74.7736
-74.7736
-74.7736
-74.7736
-74.7736
-74.7736
-74.7736
-74.7736
-74.7736
-74.7736
-74.7736
-74.7736
-74.3499
-74.3499
-74.3499
-74.3499
-74.3499
-74.3499
-74.3499
-74.3499
-74.3499
-74.3499
-74.3499
-74.3499
-74.3499
-74.3499
-74.3499
-74.3499
-74.3499
-74.3499
-74.3499
-74.3499
-74.3499
-74.3499
-74.3499
-74.3499
-74.3499
-74.3499
-74.3499
-74.3499
-74.3499
-74.3499
-73.9262
-73.9262
-73.9262
-73.9262
-73.9262
-73.9262
-73.9262
-73.9262
-73.9262
-73.9262
-73.9262
-73.9262
-73.9262
-73.9262
-73.9262
-73.9262
-73.9262
-73.9262
-73.9262
-73.9262
-73.9262
-73.9262
-73.9262
-73.9262
-73.9262
-73.9262
-73.9262
-73.9262
-73.9262
-73.9262
-73.5025
-73.5025
-73.5025
-73.5025
-73.5025
-73.5025
-73.5025
-73.5025
-73.5025
-73.5025
-73.5025
-73.5025
-73.5025
-73.5025
-73.5025
-73.5025
-73.5025
-73.5025
-73.5025
-73.5025
-73.5025
-73.5025
-73.5025
-73.5025
-73.5025
-73.5025
-73.5025
-73.5025
-73.5025
-73.5025
-73.0788
-73.0788
-73.0788
-73.0788
-73.0788
-73.0788
-73.0788
-73.0788
-73.0788
-73.0788
-73.0788
-73.0788
-73.0788
-73.0788
-73.0788
-73.0788
-73.0788
-73.0788
-73.0788
-73.0788
-73.0788
-73.0788
-73.0788
-73.0788
-73.0788
-73.0788
-73.0788
-73.0788
-73.0788
-73.0788
-72.6551
-72.6551
-72.6551
-72.6551
-72.6551
-72.6551
-72.6551
-72.6551
-72.6551
-72.6551
-72.6551
-72.6551
-72.6551
-72.6551
-72.6551
-72.6551
-72.6551
-72.6551
-72.6551
-72.6551
-72.6551
-72.6551
-72.6551
-72.6551
-72.6551
-72.6551
-72.6551
-72.6551
-72.6551
-72.6551
-72.2314
-72.2314
-72.2314
-72.2314
-72.2314
-72.2314
-72.2314
-72.2314
-72.2314
-72.2314
-72.2314
-72.2314
-72.2314
-72.2314
-72.2314
-72.2314
-72.2314
-72.2314
-72.2314
-72.2314
-72.2314
-72.2314
-72.2314
-72.2314
-72.2314
-72.2314
-72.2314
-72.2314
-72.2314
-72.2314
-71.8077
-71.8077
-71.8077
-71.8077
-71.8077
-71.8077
-71.8077
-71.8077
-71.8077
-71.8077
-71.8077
-71.8077
-71.8077
-71.8077
-71.8077
-71.8077
-71.8077
-71.8077
-71.8077
-71.8077
-71.8077
-71.8077
-71.8077
-71.8077
-71.8077
-71.8077
-71.8077
-71.8077
-71.8077
-71.8077
-71.384
-71.384
-71.384
-71.384
-71.384
-71.384
-71.384
-71.384
-71.384
-71.384
-71.384
-71.384
-71.384
-71.384
-71.384
-71.384
-71.384
-71.384
-71.384
-71.384
-71.384
-71.384
-71.384
-71.384
-71.384
-71.384
-71.384
-71.384
-71.384
-71.384
-70.9603
-70.9603
-70.9603
-70.9603
-70.9603
-70.9603
-70.9603
-70.9603
-70.9603
-70.9603
-70.9603
-70.9603
-70.9603
-70.9603
-70.9603
-70.9603
-70.9603
-70.9603
-70.9603
-70.9603
-70.9603
-70.9603
-70.9603
-70.9603
-70.9603
-70.9603
-70.9603
-70.9603
-70.9603
-70.9603
-70.5367
-70.5367
-70.5367
-70.5367
-70.5367
-70.5367
-70.5367
-70.5367
-70.5367
-70.5367
-70.5367
-70.5367
-70.5367
-70.5367
-70.5367
-70.5367
-70.5367
-70.5367
-70.5367
-70.5367
-70.5367
-70.5367
-70.5367
-70.5367
-70.5367
-70.5367
-70.5367
-70.5367
-70.5367
-70.5367
-70.113
-70.113
-70.113
-70.113
-70.113
-70.113
-70.113
-70.113
-70.113
-70.113
-70.113
-70.113
-70.113
-70.113
-70.113
-70.113
-70.113
-70.113
-70.113
-70.113
-70.113
-70.113
-70.113
-70.113
-70.113
-70.113
-70.113
-70.113
-70.113
-70.113
-69.6893
-69.6893
-69.6893
-69.6893
-69.6893
-69.6893
-69.6893
-69.6893
-69.6893
-69.6893
-69.6893
-69.6893
-69.6893
-69.6893
-69.6893
-69.6893
-69.6893
-69.6893
-69.6893
-69.6893
-69.6893
-69.6893
-69.6893
-69.6893
-69.6893
-69.6893
-69.6893
-69.6893
-69.6893
-69.6893
-69.2656
-69.2656
-69.2656
-69.2656
-69.2656
-69.2656
-69.2656
-69.2656
-69.2656
-69.2656
-69.2656
-69.2656
-69.2656
-69.2656
-69.2656
-69.2656
-69.2656
-69.2656
-69.2656
-69.2656
-69.2656
-69.2656
-69.2656
-69.2656
-69.2656
-69.2656
-69.2656
-69.2656
-69.2656
-69.2656
-68.8419
-68.8419
-68.8419
-68.8419
-68.8419
-68.8419
-68.8419
-68.8419
-68.8419
-68.8419
-68.8419
-68.8419
-68.8419
-68.8419
-68.8419
-68.8419
-68.8419
-68.8419
-68.8419
-68.8419
-68.8419
-68.8419
-68.8419
-68.8419
-68.8419
-68.8419
-68.8419
-68.8419
-68.8419
-68.8419
-68.4182
-68.4182
-68.4182
-68.4182
-68.4182
-68.4182
-68.4182
-68.4182
-68.4182
-68.4182
-68.4182
-68.4182
-68.4182
-68.4182
-68.4182
-68.4182
-68.4182
-68.4182
-68.4182
-68.4182
-68.4182
-68.4182
-68.4182
-68.4182
-68.4182
-68.4182
-68.4182
-68.4182
-68.4182
-68.4182
-67.9945
-67.9945
-67.9945
-67.9945
-67.9945
-67.9945
-67.9945
-67.9945
-67.9945
-67.9945
-67.9945
-67.9945
-67.9945
-67.9945
-67.9945
-67.9945
-67.9945
-67.9945
-67.9945
-67.9945
-67.9945
-67.9945
-67.9945
-67.9945
-67.9945
-67.9945
-67.9945
-67.9945
-67.9945
-67.9945
-67.5708
-67.5708
-67.5708
-67.5708
-67.5708
-67.5708
-67.5708
-67.5708
-67.5708
-67.5708
-67.5708
-67.5708
-67.5708
-67.5708
-67.5708
-67.5708
-67.5708
-67.5708
-67.5708
-67.5708
-67.5708
-67.5708
-67.5708
-67.5708
-67.5708
-67.5708
-67.5708
-67.5708
-67.5708
-67.5708
-67.1471
-67.1471
-67.1471
-67.1471
-67.1471
-67.1471
-67.1471
-67.1471
-67.1471
-67.1471
-67.1471
-67.1471
-67.1471
-67.1471
-67.1471
-67.1471
-67.1471
-67.1471
-67.1471
-67.1471
-67.1471
-67.1471
-67.1471
-67.1471
-67.1471
-67.1471
-67.1471
-67.1471
-67.1471
-67.1471
-66.7234
-66.7234
-66.7234
-66.7234
-66.7234
-66.7234
-66.7234
-66.7234
-66.7234
-66.7234
-66.7234
-66.7234
-66.7234
-66.7234
-66.7234
-66.7234
-66.7234
-66.7234
-66.7234
-66.7234
-66.7234
-66.7234
-66.7234
-66.7234
-66.7234
-66.7234
-66.7234
-66.7234
-66.7234
-66.7234
-66.2997
-66.2997
-66.2997
-66.2997
-66.2997
-66.2997
-66.2997
-66.2997
-66.2997
-66.2997
-66.2997
-66.2997
-66.2997
-66.2997
-66.2997
-66.2997
-66.2997
-66.2997
-66.2997
-66.2997
-66.2997
-66.2997
-66.2997
-66.2997
-66.2997
-66.2997
-66.2997
-66.2997
-66.2997
-66.2997
-65.876
-65.876
-65.876
-65.876
-65.876
-65.876
-65.876
-65.876
-65.876
-65.876
-65.876
-65.876
-65.876
-65.876
-65.876
-65.876
-65.876
-65.876
-65.876
-65.876
-65.876
-65.876
-65.876
-65.876
-65.876
-65.876
-65.876
-65.876
-65.876
-65.876
-65.4524
-65.4524
-65.4524
-65.4524
-65.4524
-65.4524
-65.4524
-65.4524
-65.4524
-65.4524
-65.4524
-65.4524
-65.4524
-65.4524
-65.4524
-65.4524
-65.4524
-65.4524
-65.4524
-65.4524
-65.4524
-65.4524
-65.4524
-65.4524
-65.4524
-65.4524
-65.4524
-65.4524
-65.4524
-65.4524
-65.0287
-65.0287
-65.0287
-65.0287
-65.0287
-65.0287
-65.0287
-65.0287
-65.0287
-65.0287
-65.0287
-65.0287
-65.0287
-65.0287
-65.0287
-65.0287
-65.0287
-65.0287
-65.0287
-65.0287
-65.0287
-65.0287
-65.0287
-65.0287
-65.0287
-65.0287
-65.0287
-65.0287
-65.0287
-65.0287
-64.605
-64.605
-64.605
-64.605
-64.605
-64.605
-64.605
-64.605
-64.605
-64.605
-64.605
-64.605
-64.605
-64.605
-64.605
-64.605
-64.605
-64.605
-64.605
-64.605
-64.605
-64.605
-64.605
-64.605
-64.605
-64.605
-64.605
-64.605
-64.605
-64.605
-64.1813
-64.1813
-64.1813
-64.1813
-64.1813
-64.1813
-64.1813
-64.1813
-64.1813
-64.1813
-64.1813
-64.1813
-64.1813
-64.1813
-64.1813
-64.1813
-64.1813
-64.1813
-64.1813
-64.1813
-64.1813
-64.1813
-64.1813
-64.1813
-64.1813
-64.1813
-64.1813
-64.1813
-64.1813
-64.1813
-63.7576
-63.7576
-63.7576
-63.7576
-63.7576
-63.7576
-63.7576
-63.7576
-63.7576
-63.7576
-63.7576
-63.7576
-63.7576
-63.7576
-63.7576
-63.7576
-63.7576
-63.7576
-63.7576
-63.7576
-63.7576
-63.7576
-63.7576
-63.7576
-63.7576
-63.7576
-63.7576
-63.7576
-63.7576
-63.7576
-63.3339
-63.3339
-63.3339
-63.3339
-63.3339
-63.3339
-63.3339
-63.3339
-63.3339
-63.3339
-63.3339
-63.3339
-63.3339
-63.3339
-63.3339
-63.3339
-63.3339
-63.3339
-63.3339
-63.3339
-63.3339
-63.3339
-63.3339
-63.3339
-63.3339
-63.3339
-63.3339
-63.3339
-63.3339
-63.3339
-62.9102
-62.9102
-62.9102
-62.9102
-62.9102
-62.9102
-62.9102
-62.9102
-62.9102
-62.9102
-62.9102
-62.9102
-62.9102
-62.9102
-62.9102
-62.9102
-62.9102
-62.9102
-62.9102
-62.9102
-62.9102
-62.9102
-62.9102
-62.9102
-62.9102
-62.9102
-62.9102
-62.9102
-62.9102
-62.9102
-62.4865
-62.4865
-62.4865
-62.4865
-62.4865
-62.4865
-62.4865
-62.4865
-62.4865
-62.4865
-62.4865
-62.4865
-62.4865
-62.4865
-62.4865
-62.4865
-62.4865
-62.4865
-62.4865
-62.4865
-62.4865
-62.4865
-62.4865
-62.4865
-62.4865
-62.4865
-62.4865
-62.4865
-62.4865
-62.4865
-62.0628
-62.0628
-62.0628
-62.0628
-62.0628
-62.0628
-62.0628
-62.0628
-62.0628
-62.0628
-62.0628
-62.0628
-62.0628
-62.0628
-62.0628
-62.0628
-62.0628
-62.0628
-62.0628
-62.0628
-62.0628
-62.0628
-62.0628
-62.0628
-62.0628
-62.0628
-62.0628
-62.0628
-62.0628
-62.0628
-61.6391
-61.6391
-61.6391
-61.6391
-61.6391
-61.6391
-61.6391
-61.6391
-61.6391
-61.6391
-61.6391
-61.6391
-61.6391
-61.6391
-61.6391
-61.6391
-61.6391
-61.6391
-61.6391
-61.6391
-61.6391
-61.6391
-61.6391
-61.6391
-61.6391
-61.6391
-61.6391
-61.6391
-61.6391
-61.6391
-61.2154
-61.2154
-61.2154
-61.2154
-61.2154
-61.2154
-61.2154
-61.2154
-61.2154
-61.2154
-61.2154
-61.2154
-61.2154
-61.2154
-61.2154
-61.2154
-61.2154
-61.2154
-61.2154
-61.2154
-61.2154
-61.2154
-61.2154
-61.2154
-61.2154
-61.2154
-61.2154
-61.2154
-61.2154
-61.2154
-60.7917
-60.7917
-60.7917
-60.7917
-60.7917
-60.7917
-60.7917
-60.7917
-60.7917
-60.7917
-60.7917
-60.7917
-60.7917
-60.7917
-60.7917
-60.7917
-60.7917
-60.7917
-60.7917
-60.7917
-60.7917
-60.7917
-60.7917
-60.7917
-60.7917
-60.7917
-60.7917
-60.7917
-60.7917
-60.7917
-60.368
-60.368
-60.368
-60.368
-60.368
-60.368
-60.368
-60.368
-60.368
-60.368
-60.368
-60.368
-60.368
-60.368
-60.368
-60.368
-60.368
-60.368
-60.368
-60.368
-60.368
-60.368
-60.368
-60.368
-60.368
-60.368
-60.368
-60.368
-60.368
-60.368
-59.9443
-59.9443
-59.9443
-59.9443
-59.9443
-59.9443
-59.9443
-59.9443
-59.9443
-59.9443
-59.9443
-59.9443
-59.9443
-59.9443
-59.9443
-59.9443
-59.9443
-59.9443
-59.9443
-59.9443
-59.9443
-59.9443
-59.9443
-59.9443
-59.9443
-59.9443
-59.9443
-59.9443
-59.9443
-59.9443
-59.5207
-59.5207
-59.5207
-59.5207
-59.5207
-59.5207
-59.5207
-59.5207
-59.5207
-59.5207
-59.5207
-59.5207
-59.5207
-59.5207
-59.5207
-59.5207
-59.5207
-59.5207
-59.5207
-59.5207
-59.5207
-59.5207
-59.5207
-59.5207
-59.5207
-59.5207
-59.5207
-59.5207
-59.5207
-59.5207
-59.097
-59.097
-59.097
-59.097
-59.097
-59.097
-59.097
-59.097
-59.097
-59.097
-59.097
-59.097
-59.097
-59.097
-59.097
-59.097
-59.097
-59.097
-59.097
-59.097
-59.097
-59.097
-59.097
-59.097
-59.097
-59.097
-59.097
-59.097
-59.097
-59.097
-58.6733
-58.6733
-58.6733
-58.6733
-58.6733
-58.6733
-58.6733
-58.6733
-58.6733
-58.6733
-58.6733
-58.6733
-58.6733
-58.6733
-58.6733
-58.6733
-58.6733
-58.6733
-58.6733
-58.6733
-58.6733
-58.6733
-58.6733
-58.6733
-58.6733
-58.6733
-58.6733
-58.6733
-58.6733
-58.6733
-58.2496
-58.2496
-58.2496
-58.2496
-58.2496
-58.2496
-58.2496
-58.2496
-58.2496
-58.2496
-58.2496
-58.2496
-58.2496
-58.2496
-58.2496
-58.2496
-58.2496
-58.2496
-58.2496
-58.2496
-58.2496
-58.2496
-58.2496
-58.2496
-58.2496
-58.2496
-58.2496
-58.2496
-58.2496
-58.2496
-57.8259
-57.8259
-57.8259
-57.8259
-57.8259
-57.8259
-57.8259
-57.8259
-57.8259
-57.8259
-57.8259
-57.8259
-57.8259
-57.8259
-57.8259
-57.8259
-57.8259
-57.8259
-57.8259
-57.8259
-57.8259
-57.8259
-57.8259
-57.8259
-57.8259
-57.8259
-57.8259
-57.8259
-57.8259
-57.8259
-57.4022
-57.4022
-57.4022
-57.4022
-57.4022
-57.4022
-57.4022
-57.4022
-57.4022
-57.4022
-57.4022
-57.4022
-57.4022
-57.4022
-57.4022
-57.4022
-57.4022
-57.4022
-57.4022
-57.4022
-57.4022
-57.4022
-57.4022
-57.4022
-57.4022
-57.4022
-57.4022
-57.4022
-57.4022
-57.4022
-56.9785
-56.9785
-56.9785
-56.9785
-56.9785
-56.9785
-56.9785
-56.9785
-56.9785
-56.9785
-56.9785
-56.9785
-56.9785
-56.9785
-56.9785
-56.9785
-56.9785
-56.9785
-56.9785
-56.9785
-56.9785
-56.9785
-56.9785
-56.9785
-56.9785
-56.9785
-56.9785
-56.9785
-56.9785
-56.9785
-56.5548
-56.5548
-56.5548
-56.5548
-56.5548
-56.5548
-56.5548
-56.5548
-56.5548
-56.5548
-56.5548
-56.5548
-56.5548
-56.5548
-56.5548
-56.5548
-56.5548
-56.5548
-56.5548
-56.5548
-56.5548
-56.5548
-56.5548
-56.5548
-56.5548
-56.5548
-56.5548
-56.5548
-56.5548
-56.5548
-56.1311
-56.1311
-56.1311
-56.1311
-56.1311
-56.1311
-56.1311
-56.1311
-56.1311
-56.1311
-56.1311
-56.1311
-56.1311
-56.1311
-56.1311
-56.1311
-56.1311
-56.1311
-56.1311
-56.1311
-56.1311
-56.1311
-56.1311
-56.1311
-56.1311
-56.1311
-56.1311
-56.1311
-56.1311
-56.1311
-55.7074
-55.7074
-55.7074
-55.7074
-55.7074
-55.7074
-55.7074
-55.7074
-55.7074
-55.7074
-55.7074
-55.7074
-55.7074
-55.7074
-55.7074
-55.7074
-55.7074
-55.7074
-55.7074
-55.7074
-55.7074
-55.7074
-55.7074
-55.7074
-55.7074
-55.7074
-55.7074
-55.7074
-55.7074
-55.7074
-55.2837
-55.2837
-55.2837
-55.2837
-55.2837
-55.2837
-55.2837
-55.2837
-55.2837
-55.2837
-55.2837
-55.2837
-55.2837
-55.2837
-55.2837
-55.2837
-55.2837
-55.2837
-55.2837
-55.2837
-55.2837
-55.2837
-55.2837
-55.2837
-55.2837
-55.2837
-55.2837
-55.2837
-55.2837
-55.2837
-54.86
-54.86
-54.86
-54.86
-54.86
-54.86
-54.86
-54.86
-54.86
-54.86
-54.86
-54.86
-54.86
-54.86
-54.86
-54.86
-54.86
-54.86
-54.86
-54.86
-54.86
-54.86
-54.86
-54.86
-54.86
-54.86
-54.86
-54.86
-54.86
-54.86
-54.4363
-54.4363
-54.4363
-54.4363
-54.4363
-54.4363
-54.4363
-54.4363
-54.4363
-54.4363
-54.4363
-54.4363
-54.4363
-54.4363
-54.4363
-54.4363
-54.4363
-54.4363
-54.4363
-54.4363
-54.4363
-54.4363
-54.4363
-54.4363
-54.4363
-54.4363
-54.4363
-54.4363
-54.4363
-54.4363
-54.0126
-54.0126
-54.0126
-54.0126
-54.0126
-54.0126
-54.0126
-54.0126
-54.0126
-54.0126
-54.0126
-54.0126
-54.0126
-54.0126
-54.0126
-54.0126
-54.0126
-54.0126
-54.0126
-54.0126
-54.0126
-54.0126
-54.0126
-54.0126
-54.0126
-54.0126
-54.0126
-54.0126
-54.0126
-54.0126
-53.5889
-53.5889
-53.5889
-53.5889
-53.5889
-53.5889
-53.5889
-53.5889
-53.5889
-53.5889
-53.5889
-53.5889
-53.5889
-53.5889
-53.5889
-53.5889
-53.5889
-53.5889
-53.5889
-53.5889
-53.5889
-53.5889
-53.5889
-53.5889
-53.5889
-53.5889
-53.5889
-53.5889
-53.5889
-53.5889
-53.1652
-53.1652
-53.1652
-53.1652
-53.1652
-53.1652
-53.1652
-53.1652
-53.1652
-53.1652
-53.1652
-53.1652
-53.1652
-53.1652
-53.1652
-53.1652
-53.1652
-53.1652
-53.1652
-53.1652
-53.1652
-53.1652
-53.1652
-53.1652
-53.1652
-53.1652
-53.1652
-53.1652
-53.1652
-53.1652
-52.7415
-52.7415
-52.7415
-52.7415
-52.7415
-52.7415
-52.7415
-52.7415
-52.7415
-52.7415
-52.7415
-52.7415
-52.7415
-52.7415
-52.7415
-52.7415
-52.7415
-52.7415
-52.7415
-52.7415
-52.7415
-52.7415
-52.7415
-52.7415
-52.7415
-52.7415
-52.7415
-52.7415
-52.7415
-52.7415
-52.3178
-52.3178
-52.3178
-52.3178
-52.3178
-52.3178
-52.3178
-52.3178
-52.3178
-52.3178
-52.3178
-52.3178
-52.3178
-52.3178
-52.3178
-52.3178
-52.3178
-52.3178
-52.3178
-52.3178
-52.3178
-52.3178
-52.3178
-52.3178
-52.3178
-52.3178
-52.3178
-52.3178
-52.3178
-52.3178
-51.8941
-51.8941
-51.8941
-51.8941
-51.8941
-51.8941
-51.8941
-51.8941
-51.8941
-51.8941
-51.8941
-51.8941
-51.8941
-51.8941
-51.8941
-51.8941
-51.8941
-51.8941
-51.8941
-51.8941
-51.8941
-51.8941
-51.8941
-51.8941
-51.8941
-51.8941
-51.8941
-51.8941
-51.8941
-51.8941
-51.4705
-51.4705
-51.4705
-51.4705
-51.4705
-51.4705
-51.4705
-51.4705
-51.4705
-51.4705
-51.4705
-51.4705
-51.4705
-51.4705
-51.4705
-51.4705
-51.4705
-51.4705
-51.4705
-51.4705
-51.4705
-51.4705
-51.4705
-51.4705
-51.4705
-51.4705
-51.4705
-51.4705
-51.4705
-51.4705
-51.0468
-51.0468
-51.0468
-51.0468
-51.0468
-51.0468
-51.0468
-51.0468
-51.0468
-51.0468
-51.0468
-51.0468
-51.0468
-51.0468
-51.0468
-51.0468
-51.0468
-51.0468
-51.0468
-51.0468
-51.0468
-51.0468
-51.0468
-51.0468
-51.0468
-51.0468
-51.0468
-51.0468
-51.0468
-51.0468
-50.6231
-50.6231
-50.6231
-50.6231
-50.6231
-50.6231
-50.6231
-50.6231
-50.6231
-50.6231
-50.6231
-50.6231
-50.6231
-50.6231
-50.6231
-50.6231
-50.6231
-50.6231
-50.6231
-50.6231
-50.6231
-50.6231
-50.6231
-50.6231
-50.6231
-50.6231
-50.6231
-50.6231
-50.6231
-50.6231
-50.1994
-50.1994
-50.1994
-50.1994
-50.1994
-50.1994
-50.1994
-50.1994
-50.1994
-50.1994
-50.1994
-50.1994
-50.1994
-50.1994
-50.1994
-50.1994
-50.1994
-50.1994
-50.1994
-50.1994
-50.1994
-50.1994
-50.1994
-50.1994
-50.1994
-50.1994
-50.1994
-50.1994
-50.1994
-50.1994
-49.7757
-49.7757
-49.7757
-49.7757
-49.7757
-49.7757
-49.7757
-49.7757
-49.7757
-49.7757
-49.7757
-49.7757
-49.7757
-49.7757
-49.7757
-49.7757
-49.7757
-49.7757
-49.7757
-49.7757
-49.7757
-49.7757
-49.7757
-49.7757
-49.7757
-49.7757
-49.7757
-49.7757
-49.7757
-49.7757
-49.352
-49.352
-49.352
-49.352
-49.352
-49.352
-49.352
-49.352
-49.352
-49.352
-49.352
-49.352
-49.352
-49.352
-49.352
-49.352
-49.352
-49.352
-49.352
-49.352
-49.352
-49.352
-49.352
-49.352
-49.352
-49.352
-49.352
-49.352
-49.352
-49.352
-48.9283
-48.9283
-48.9283
-48.9283
-48.9283
-48.9283
-48.9283
-48.9283
-48.9283
-48.9283
-48.9283
-48.9283
-48.9283
-48.9283
-48.9283
-48.9283
-48.9283
-48.9283
-48.9283
-48.9283
-48.9283
-48.9283
-48.9283
-48.9283
-48.9283
-48.9283
-48.9283
-48.9283
-48.9283
-48.9283
-48.5046
-48.5046
-48.5046
-48.5046
-48.5046
-48.5046
-48.5046
-48.5046
-48.5046
-48.5046
-48.5046
-48.5046
-48.5046
-48.5046
-48.5046
-48.5046
-48.5046
-48.5046
-48.5046
-48.5046
-48.5046
-48.5046
-48.5046
-48.5046
-48.5046
-48.5046
-48.5046
-48.5046
-48.5046
-48.5046
-48.0809
-48.0809
-48.0809
-48.0809
-48.0809
-48.0809
-48.0809
-48.0809
-48.0809
-48.0809
-48.0809
-48.0809
-48.0809
-48.0809
-48.0809
-48.0809
-48.0809
-48.0809
-48.0809
-48.0809
-48.0809
-48.0809
-48.0809
-48.0809
-48.0809
-48.0809
-48.0809
-48.0809
-48.0809
-48.0809
-47.6572
-47.6572
-47.6572
-47.6572
-47.6572
-47.6572
-47.6572
-47.6572
-47.6572
-47.6572
-47.6572
-47.6572
-47.6572
-47.6572
-47.6572
-47.6572
-47.6572
-47.6572
-47.6572
-47.6572
-47.6572
-47.6572
-47.6572
-47.6572
-47.6572
-47.6572
-47.6572
-47.6572
-47.6572
-47.6572
-47.2335
-47.2335
-47.2335
-47.2335
-47.2335
-47.2335
-47.2335
-47.2335
-47.2335
-47.2335
-47.2335
-47.2335
-47.2335
-47.2335
-47.2335
-47.2335
-47.2335
-47.2335
-47.2335
-47.2335
-47.2335
-47.2335
-47.2335
-47.2335
-47.2335
-47.2335
-47.2335
-47.2335
-47.2335
-47.2335
-46.8098
-46.8098
-46.8098
-46.8098
-46.8098
-46.8098
-46.8098
-46.8098
-46.8098
-46.8098
-46.8098
-46.8098
-46.8098
-46.8098
-46.8098
-46.8098
-46.8098
-46.8098
-46.8098
-46.8098
-46.8098
-46.8098
-46.8098
-46.8098
-46.8098
-46.8098
-46.8098
-46.8098
-46.8098
-46.8098
-46.3861
-46.3861
-46.3861
-46.3861
-46.3861
-46.3861
-46.3861
-46.3861
-46.3861
-46.3861
-46.3861
-46.3861
-46.3861
-46.3861
-46.3861
-46.3861
-46.3861
-46.3861
-46.3861
-46.3861
-46.3861
-46.3861
-46.3861
-46.3861
-46.3861
-46.3861
-46.3861
-46.3861
-46.3861
-46.3861
-45.9624
-45.9624
-45.9624
-45.9624
-45.9624
-45.9624
-45.9624
-45.9624
-45.9624
-45.9624
-45.9624
-45.9624
-45.9624
-45.9624
-45.9624
-45.9624
-45.9624
-45.9624
-45.9624
-45.9624
-45.9624
-45.9624
-45.9624
-45.9624
-45.9624
-45.9624
-45.9624
-45.9624
-45.9624
-45.9624
-45.5387
-45.5387
-45.5387
-45.5387
-45.5387
-45.5387
-45.5387
-45.5387
-45.5387
-45.5387
-45.5387
-45.5387
-45.5387
-45.5387
-45.5387
-45.5387
-45.5387
-45.5387
-45.5387
-45.5387
-45.5387
-45.5387
-45.5387
-45.5387
-45.5387
-45.5387
-45.5387
-45.5387
-45.5387
-45.5387
-45.115
-45.115
-45.115
-45.115
-45.115
-45.115
-45.115
-45.115
-45.115
-45.115
-45.115
-45.115
-45.115
-45.115
-45.115
-45.115
-45.115
-45.115
-45.115
-45.115
-45.115
-45.115
-45.115
-45.115
-45.115
-45.115
-45.115
-45.115
-45.115
-45.115
-44.6913
-44.6913
-44.6913
-44.6913
-44.6913
-44.6913
-44.6913
-44.6913
-44.6913
-44.6913
-44.6913
-44.6913
-44.6913
-44.6913
-44.6913
-44.6913
-44.6913
-44.6913
-44.6913
-44.6913
-44.6913
-44.6913
-44.6913
-44.6913
-44.6913
-44.6913
-44.6913
-44.6913
-44.6913
-44.6913
-44.2676
-44.2676
-44.2676
-44.2676
-44.2676
-44.2676
-44.2676
-44.2676
-44.2676
-44.2676
-44.2676
-44.2676
-44.2676
-44.2676
-44.2676
-44.2676
-44.2676
-44.2676
-44.2676
-44.2676
-44.2676
-44.2676
-44.2676
-44.2676
-44.2676
-44.2676
-44.2676
-44.2676
-44.2676
-44.2676
-43.8439
-43.8439
-43.8439
-43.8439
-43.8439
-43.8439
-43.8439
-43.8439
-43.8439
-43.8439
-43.8439
-43.8439
-43.8439
-43.8439
-43.8439
-43.8439
-43.8439
-43.8439
-43.8439
-43.8439
-43.8439
-43.8439
-43.8439
-43.8439
-43.8439
-43.8439
-43.8439
-43.8439
-43.8439
-43.8439
-43.4202
-43.4202
-43.4202
-43.4202
-43.4202
-43.4202
-43.4202
-43.4202
-43.4202
-43.4202
-43.4202
-43.4202
-43.4202
-43.4202
-43.4202
-43.4202
-43.4202
-43.4202
-43.4202
-43.4202
-43.4202
-43.4202
-43.4202
-43.4202
-43.4202
-43.4202
-43.4202
-43.4202
-43.4202
-43.4202
-42.9965
-42.9965
-42.9965
-42.9965
-42.9965
-42.9965
-42.9965
-42.9965
-42.9965
-42.9965
-42.9965
-42.9965
-42.9965
-42.9965
-42.9965
-42.9965
-42.9965
-42.9965
-42.9965
-42.9965
-42.9965
-42.9965
-42.9965
-42.9965
-42.9965
-42.9965
-42.9965
-42.9965
-42.9965
-42.9965
-42.5728
-42.5728
-42.5728
-42.5728
-42.5728
-42.5728
-42.5728
-42.5728
-42.5728
-42.5728
-42.5728
-42.5728
-42.5728
-42.5728
-42.5728
-42.5728
-42.5728
-42.5728
-42.5728
-42.5728
-42.5728
-42.5728
-42.5728
-42.5728
-42.5728
-42.5728
-42.5728
-42.5728
-42.5728
-42.5728
-42.1491
-42.1491
-42.1491
-42.1491
-42.1491
-42.1491
-42.1491
-42.1491
-42.1491
-42.1491
-42.1491
-42.1491
-42.1491
-42.1491
-42.1491
-42.1491
-42.1491
-42.1491
-42.1491
-42.1491
-42.1491
-42.1491
-42.1491
-42.1491
-42.1491
-42.1491
-42.1491
-42.1491
-42.1491
-42.1491
-41.7254
-41.7254
-41.7254
-41.7254
-41.7254
-41.7254
-41.7254
-41.7254
-41.7254
-41.7254
-41.7254
-41.7254
-41.7254
-41.7254
-41.7254
-41.7254
-41.7254
-41.7254
-41.7254
-41.7254
-41.7254
-41.7254
-41.7254
-41.7254
-41.7254
-41.7254
-41.7254
-41.7254
-41.7254
-41.7254
-41.3017
-41.3017
-41.3017
-41.3017
-41.3017
-41.3017
-41.3017
-41.3017
-41.3017
-41.3017
-41.3017
-41.3017
-41.3017
-41.3017
-41.3017
-41.3017
-41.3017
-41.3017
-41.3017
-41.3017
-41.3017
-41.3017
-41.3018
-41.3017
-41.3018
-41.3018
-41.3017
-41.3018
-41.3018
-41.3017
-40.8781
-40.8781
-40.8781
-40.8781
-40.8781
-40.8781
-40.8781
-40.8781
-40.8781
-40.8781
-40.8781
-40.8781
-40.8781
-40.8781
-40.8781
-40.8781
-40.8781
-40.8781
-40.8781
-40.8781
-40.8781
-40.8781
-40.8781
-40.8781
-40.8781
-40.8781
-40.8781
-40.8781
-40.8781
-40.8781
-40.4544
-40.4544
-40.4544
-40.4544
-40.4544
-40.4544
-40.4544
-40.4544
-40.4544
-40.4544
-40.4544
-40.4544
-40.4544
-40.4544
-40.4544
-40.4544
-40.4544
-40.4544
-40.4544
-40.4544
-40.4544
-40.4544
-40.4544
-40.4544
-40.4544
-40.4544
-40.4544
-40.4544
-40.4544
-40.4544
-40.0307
-40.0307
-40.0307
-40.0307
-40.0307
-40.0307
-40.0307
-40.0307
-40.0307
-40.0307
-40.0307
-40.0307
-40.0307
-40.0307
-40.0307
-40.0307
-40.0307
-40.0307
-40.0307
-40.0307
-40.0307
-40.0307
-40.0307
-40.0307
-40.0307
-40.0307
-40.0307
-40.0307
-40.0307
-40.0307
-39.607
-39.607
-39.607
-39.607
-39.607
-39.607
-39.607
-39.607
-39.607
-39.607
-39.607
-39.607
-39.607
-39.607
-39.607
-39.607
-39.607
-39.607
-39.607
-39.607
-39.607
-39.607
-39.607
-39.607
-39.607
-39.607
-39.607
-39.607
-39.607
-39.607
-39.1833
-39.1833
-39.1833
-39.1833
-39.1833
-39.1833
-39.1833
-39.1833
-39.1833
-39.1833
-39.1833
-39.1833
-39.1833
-39.1833
-39.1833
-39.1833
-39.1833
-39.1833
-39.1833
-39.1833
-39.1833
-39.1833
-39.1833
-39.1833
-39.1833
-39.1833
-39.1833
-39.1833
-39.1833
-39.1833
-38.7596
-38.7596
-38.7596
-38.7596
-38.7596
-38.7596
-38.7596
-38.7596
-38.7596
-38.7596
-38.7596
-38.7596
-38.7596
-38.7596
-38.7596
-38.7596
-38.7596
-38.7596
-38.7596
-38.7596
-38.7596
-38.7596
-38.7596
-38.7596
-38.7596
-38.7596
-38.7596
-38.7596
-38.7596
-38.7596
-38.3359
-38.3359
-38.3359
-38.3359
-38.3359
-38.3359
-38.3359
-38.3359
-38.3359
-38.3359
-38.3359
-38.3359
-38.3359
-38.3359
-38.3359
-38.3359
-38.3359
-38.3359
-38.3359
-38.3359
-38.3359
-38.3359
-38.3359
-38.3359
-38.3359
-38.3359
-38.3359
-38.3359
-38.3359
-38.3359
-37.9122
-37.9122
-37.9122
-37.9122
-37.9122
-37.9122
-37.9122
-37.9122
-37.9122
-37.9122
-37.9122
-37.9122
-37.9122
-37.9122
-37.9122
-37.9122
-37.9122
-37.9122
-37.9122
-37.9122
-37.9122
-37.9122
-37.9122
-37.9122
-37.9122
-37.9122
-37.9122
-37.9122
-37.9122
-37.9122
-37.4885
-37.4885
-37.4885
-37.4885
-37.4885
-37.4885
-37.4885
-37.4885
-37.4885
-37.4885
-37.4885
-37.4885
-37.4885
-37.4885
-37.4885
-37.4885
-37.4885
-37.4885
-37.4885
-37.4885
-37.4885
-37.4885
-37.4885
-37.4885
-37.4885
-37.4885
-37.4885
-37.4885
-37.4885
-37.4885
-37.0648
-37.0648
-37.0648
-37.0648
-37.0648
-37.0648
-37.0648
-37.0648
-37.0648
-37.0648
-37.0648
-37.0648
-37.0648
-37.0648
-37.0648
-37.0648
-37.0648
-37.0648
-37.0648
-37.0648
-37.0648
-37.0648
-37.0648
-37.0648
-37.0648
-37.0648
-37.0648
-37.0648
-37.0648
-37.0648
-36.6411
-36.6411
-36.6411
-36.6411
-36.6411
-36.6411
-36.6411
-36.6411
-36.6411
-36.6411
-36.6411
-36.6411
-36.6411
-36.6411
-36.6411
-36.6411
-36.6411
-36.6411
-36.6411
-36.6411
-36.6411
-36.6411
-36.6411
-36.6411
-36.6411
-36.6411
-36.6411
-36.6411
-36.6411
-36.6411
-36.2174
-36.2174
-36.2174
-36.2174
-36.2174
-36.2174
-36.2174
-36.2174
-36.2174
-36.2174
-36.2174
-36.2174
-36.2174
-36.2174
-36.2174
-36.2174
-36.2174
-36.2174
-36.2174
-36.2174
-36.2174
-36.2174
-36.2174
-36.2174
-36.2174
-36.2174
-36.2174
-36.2174
-36.2174
-36.2174
-35.7937
-35.7937
-35.7937
-35.7937
-35.7937
-35.7937
-35.7937
-35.7937
-35.7937
-35.7937
-35.7937
-35.7937
-35.7937
-35.7937
-35.7937
-35.7937
-35.7937
-35.7937
-35.7937
-35.7937
-35.7937
-35.7937
-35.7937
-35.7937
-35.7937
-35.7937
-35.7937
-35.7937
-35.7937
-35.7937
-35.37
-35.37
-35.37
-35.37
-35.37
-35.37
-35.37
-35.37
-35.37
-35.37
-35.37
-35.37
-35.37
-35.37
-35.37
-35.37
-35.37
-35.37
-35.37
-35.37
-35.37
-35.37
-35.37
-35.37
-35.37
-35.37
-35.37
-35.37
-35.37
-35.37
-34.9463
-34.9463
-34.9463
-34.9463
-34.9463
-34.9463
-34.9463
-34.9463
-34.9463
-34.9463
-34.9463
-34.9463
-34.9463
-34.9463
-34.9463
-34.9463
-34.9463
-34.9463
-34.9463
-34.9463
-34.9463
-34.9463
-34.9463
-34.9463
-34.9463
-34.9463
-34.9463
-34.9463
-34.9463
-34.9463
-34.5226
-34.5226
-34.5226
-34.5226
-34.5226
-34.5226
-34.5226
-34.5226
-34.5226
-34.5226
-34.5226
-34.5226
-34.5226
-34.5226
-34.5226
-34.5226
-34.5226
-34.5226
-34.5226
-34.5226
-34.5226
-34.5226
-34.5226
-34.5226
-34.5226
-34.5226
-34.5226
-34.5226
-34.5226
-34.5226
-34.0989
-34.0989
-34.0989
-34.0989
-34.0989
-34.0989
-34.0989
-34.0989
-34.0989
-34.0989
-34.0989
-34.0989
-34.0989
-34.0989
-34.0989
-34.0989
-34.0989
-34.0989
-34.0989
-34.0989
-34.0989
-34.0989
-34.0989
-34.0989
-34.0989
-34.0989
-34.0989
-34.0989
-34.0989
-34.0989
-33.6752
-33.6752
-33.6752
-33.6752
-33.6752
-33.6752
-33.6752
-33.6752
-33.6752
-33.6752
-33.6752
-33.6752
-33.6752
-33.6752
-33.6752
-33.6752
-33.6752
-33.6752
-33.6752
-33.6752
-33.6752
-33.6752
-33.6752
-33.6752
-33.6752
-33.6752
-33.6752
-33.6752
-33.6752
-33.6752
-33.2515
-33.2515
-33.2515
-33.2515
-33.2515
-33.2515
-33.2515
-33.2515
-33.2515
-33.2515
-33.2515
-33.2515
-33.2515
-33.2515
-33.2515
-33.2515
-33.2515
-33.2515
-33.2515
-33.2515
-33.2515
-33.2515
-33.2515
-33.2515
-33.2515
-33.2515
-33.2515
-33.2515
-33.2515
-33.2515
-32.8278
-32.8278
-32.8278
-32.8278
-32.8278
-32.8278
-32.8278
-32.8278
-32.8278
-32.8278
-32.8278
-32.8278
-32.8278
-32.8278
-32.8278
-32.8278
-32.8278
-32.8278
-32.8278
-32.8278
-32.8278
-32.8278
-32.8278
-32.8278
-32.8278
-32.8278
-32.8278
-32.8278
-32.8278
-32.8278
-32.4041
-32.4041
-32.4041
-32.4041
-32.4041
-32.4041
-32.4041
-32.4041
-32.4041
-32.4041
-32.4041
-32.4041
-32.4041
-32.4041
-32.4041
-32.4041
-32.4041
-32.4041
-32.4041
-32.4041
-32.4041
-32.4041
-32.4041
-32.4041
-32.4041
-32.4041
-32.4041
-32.4041
-32.4041
-32.4041
-31.9804
-31.9804
-31.9804
-31.9804
-31.9804
-31.9804
-31.9804
-31.9804
-31.9804
-31.9804
-31.9804
-31.9804
-31.9804
-31.9804
-31.9804
-31.9804
-31.9804
-31.9804
-31.9804
-31.9804
-31.9804
-31.9804
-31.9804
-31.9804
-31.9804
-31.9804
-31.9804
-31.9804
-31.9804
-31.9804
-31.5567
-31.5567
-31.5567
-31.5567
-31.5567
-31.5567
-31.5567
-31.5567
-31.5567
-31.5567
-31.5567
-31.5567
-31.5567
-31.5567
-31.5567
-31.5567
-31.5567
-31.5567
-31.5567
-31.5567
-31.5567
-31.5567
-31.5567
-31.5567
-31.5567
-31.5567
-31.5567
-31.5567
-31.5567
-31.5567
-31.133
-31.133
-31.133
-31.133
-31.133
-31.133
-31.133
-31.133
-31.133
-31.133
-31.133
-31.133
-31.133
-31.133
-31.133
-31.133
-31.133
-31.133
-31.133
-31.133
-31.133
-31.133
-31.133
-31.133
-31.133
-31.133
-31.133
-31.133
-31.133
-31.133
-30.7093
-30.7093
-30.7093
-30.7093
-30.7093
-30.7093
-30.7093
-30.7093
-30.7093
-30.7093
-30.7093
-30.7093
-30.7093
-30.7093
-30.7093
-30.7093
-30.7093
-30.7093
-30.7093
-30.7093
-30.7093
-30.7093
-30.7093
-30.7093
-30.7093
-30.7093
-30.7093
-30.7093
-30.7093
-30.7093
-30.2856
-30.2856
-30.2856
-30.2856
-30.2856
-30.2856
-30.2856
-30.2856
-30.2856
-30.2856
-30.2856
-30.2856
-30.2856
-30.2856
-30.2856
-30.2856
-30.2856
-30.2856
-30.2856
-30.2856
-30.2856
-30.2856
-30.2856
-30.2856
-30.2856
-30.2856
-30.2856
-30.2856
-30.2856
-30.2856
-29.8619
-29.8619
-29.8619
-29.8619
-29.8619
-29.8619
-29.8619
-29.8619
-29.8619
-29.8619
-29.8619
-29.8619
-29.8619
-29.8619
-29.8619
-29.8619
-29.8619
-29.8619
-29.8619
-29.8619
-29.8619
-29.8619
-29.8619
-29.8619
-29.8619
-29.8619
-29.8619
-29.8619
-29.8619
-29.8619
-29.4382
-29.4382
-29.4382
-29.4382
-29.4382
-29.4382
-29.4382
-29.4382
-29.4382
-29.4382
-29.4382
-29.4382
-29.4382
-29.4382
-29.4382
-29.4382
-29.4382
-29.4382
-29.4382
-29.4382
-29.4382
-29.4382
-29.4382
-29.4382
-29.4382
-29.4382
-29.4382
-29.4382
-29.4382
-29.4382
-29.0145
-29.0145
-29.0145
-29.0145
-29.0145
-29.0145
-29.0145
-29.0145
-29.0145
-29.0145
-29.0145
-29.0145
-29.0145
-29.0145
-29.0145
-29.0145
-29.0145
-29.0145
-29.0145
-29.0145
-29.0145
-29.0145
-29.0145
-29.0145
-29.0145
-29.0145
-29.0145
-29.0145
-29.0145
-29.0145
-28.5908
-28.5908
-28.5908
-28.5908
-28.5908
-28.5908
-28.5908
-28.5908
-28.5908
-28.5908
-28.5908
-28.5908
-28.5908
-28.5908
-28.5908
-28.5908
-28.5908
-28.5908
-28.5908
-28.5908
-28.5908
-28.5908
-28.5908
-28.5908
-28.5908
-28.5908
-28.5908
-28.5908
-28.5908
-28.5908
-28.1671
-28.1671
-28.1671
-28.1671
-28.1671
-28.1671
-28.1671
-28.1671
-28.1671
-28.1671
-28.1671
-28.1671
-28.1671
-28.1671
-28.1671
-28.1671
-28.1671
-28.1671
-28.1671
-28.1671
-28.1671
-28.1671
-28.1671
-28.1671
-28.1671
-28.1671
-28.1671
-28.1671
-28.1671
-28.1671
-27.7434
-27.7434
-27.7434
-27.7434
-27.7434
-27.7434
-27.7434
-27.7434
-27.7434
-27.7434
-27.7434
-27.7434
-27.7434
-27.7434
-27.7434
-27.7434
-27.7434
-27.7434
-27.7434
-27.7434
-27.7434
-27.7434
-27.7434
-27.7434
-27.7434
-27.7434
-27.7434
-27.7434
-27.7434
-27.7434
-27.3197
-27.3197
-27.3197
-27.3197
-27.3197
-27.3197
-27.3197
-27.3197
-27.3197
-27.3197
-27.3197
-27.3197
-27.3197
-27.3197
-27.3197
-27.3197
-27.3197
-27.3197
-27.3197
-27.3197
-27.3197
-27.3197
-27.3197
-27.3197
-27.3197
-27.3197
-27.3197
-27.3197
-27.3197
-27.3197
-26.896
-26.896
-26.896
-26.896
-26.896
-26.896
-26.896
-26.896
-26.896
-26.896
-26.896
-26.896
-26.896
-26.896
-26.896
-26.896
-26.896
-26.896
-26.896
-26.896
-26.896
-26.896
-26.896
-26.896
-26.896
-26.896
-26.896
-26.896
-26.896
-26.896
-26.4723
-26.4723
-26.4723
-26.4723
-26.4723
-26.4723
-26.4723
-26.4723
-26.4723
-26.4723
-26.4723
-26.4723
-26.4723
-26.4723
-26.4723
-26.4723
-26.4723
-26.4723
-26.4723
-26.4723
-26.4723
-26.4723
-26.4723
-26.4723
-26.4723
-26.4723
-26.4723
-26.4723
-26.4723
-26.4723
-26.0486
-26.0486
-26.0486
-26.0486
-26.0486
-26.0486
-26.0486
-26.0486
-26.0486
-26.0486
-26.0486
-26.0486
-26.0486
-26.0486
-26.0486
-26.0486
-26.0486
-26.0486
-26.0486
-26.0486
-26.0486
-26.0486
-26.0486
-26.0486
-26.0486
-26.0486
-26.0486
-26.0486
-26.0486
-26.0486
-25.6249
-25.6249
-25.6249
-25.6249
-25.6249
-25.6249
-25.6249
-25.6249
-25.6249
-25.6249
-25.6249
-25.6249
-25.6249
-25.6249
-25.6249
-25.6249
-25.6249
-25.6249
-25.6249
-25.6249
-25.6249
-25.6249
-25.6249
-25.6249
-25.6249
-25.6249
-25.6249
-25.6249
-25.6249
-25.6249
-25.2012
-25.2012
-25.2012
-25.2012
-25.2012
-25.2012
-25.2012
-25.2012
-25.2012
-25.2012
-25.2012
-25.2012
-25.2012
-25.2012
-25.2012
-25.2012
-25.2012
-25.2012
-25.2012
-25.2012
-25.2012
-25.2012
-25.2012
-25.2012
-25.2012
-25.2012
-25.2012
-25.2012
-25.2012
-25.2012
-24.7775
-24.7775
-24.7775
-24.7775
-24.7775
-24.7775
-24.7775
-24.7775
-24.7775
-24.7775
-24.7775
-24.7775
-24.7775
-24.7775
-24.7775
-24.7775
-24.7775
-24.7775
-24.7775
-24.7775
-24.7775
-24.7775
-24.7775
-24.7775
-24.7775
-24.7775
-24.7775
-24.7775
-24.7775
-24.7775
-24.3538
-24.3538
-24.3538
-24.3538
-24.3538
-24.3538
-24.3538
-24.3538
-24.3538
-24.3538
-24.3538
-24.3538
-24.3538
-24.3538
-24.3538
-24.3538
-24.3538
-24.3538
-24.3538
-24.3538
-24.3538
-24.3538
-24.3538
-24.3538
-24.3538
-24.3538
-24.3538
-24.3538
-24.3538
-24.3538
-23.9301
-23.9301
-23.9301
-23.9301
-23.9301
-23.9301
-23.9301
-23.9301
-23.9301
-23.9301
-23.9301
-23.9301
-23.9301
-23.9301
-23.9301
-23.9301
-23.9301
-23.9301
-23.9301
-23.9301
-23.9301
-23.9301
-23.9301
-23.9301
-23.9301
-23.9301
-23.9301
-23.9301
-23.9301
-23.9301
-23.5064
-23.5064
-23.5064
-23.5064
-23.5064
-23.5064
-23.5064
-23.5064
-23.5064
-23.5064
-23.5064
-23.5064
-23.5064
-23.5064
-23.5064
-23.5064
-23.5064
-23.5064
-23.5064
-23.5064
-23.5064
-23.5064
-23.5064
-23.5064
-23.5064
-23.5064
-23.5064
-23.5064
-23.5064
-23.5064
-23.0827
-23.0827
-23.0827
-23.0827
-23.0827
-23.0827
-23.0827
-23.0827
-23.0827
-23.0827
-23.0827
-23.0827
-23.0827
-23.0827
-23.0827
-23.0827
-23.0827
-23.0827
-23.0827
-23.0827
-23.0827
-23.0827
-23.0827
-23.0827
-23.0827
-23.0827
-23.0827
-23.0827
-23.0827
-23.0827
-22.659
-22.659
-22.659
-22.659
-22.659
-22.659
-22.659
-22.659
-22.659
-22.659
-22.659
-22.659
-22.659
-22.659
-22.659
-22.659
-22.659
-22.659
-22.659
-22.659
-22.659
-22.659
-22.659
-22.659
-22.659
-22.659
-22.659
-22.659
-22.659
-22.659
-22.2353
-22.2353
-22.2353
-22.2353
-22.2353
-22.2353
-22.2353
-22.2353
-22.2353
-22.2353
-22.2353
-22.2353
-22.2353
-22.2353
-22.2353
-22.2353
-22.2353
-22.2353
-22.2353
-22.2353
-22.2353
-22.2353
-22.2353
-22.2353
-22.2353
-22.2353
-22.2353
-22.2353
-22.2353
-22.2353
-21.8116
-21.8116
-21.8116
-21.8116
-21.8116
-21.8116
-21.8116
-21.8116
-21.8116
-21.8116
-21.8116
-21.8116
-21.8116
-21.8116
-21.8116
-21.8116
-21.8116
-21.8116
-21.8116
-21.8116
-21.8116
-21.8116
-21.8116
-21.8116
-21.8116
-21.8116
-21.8116
-21.8116
-21.8116
-21.8116
-21.3879
-21.3879
-21.3879
-21.3879
-21.3879
-21.3879
-21.3879
-21.3879
-21.3879
-21.3879
-21.3879
-21.3879
-21.3879
-21.3879
-21.3879
-21.3879
-21.3879
-21.3879
-21.3879
-21.3879
-21.3879
-21.3879
-21.3879
-21.3879
-21.3879
-21.3879
-21.3879
-21.388
-21.3879
-21.3879
-20.9643
-20.9643
-20.9643
-20.9643
-20.9643
-20.9643
-20.9643
-20.9643
-20.9643
-20.9643
-20.9643
-20.9643
-20.9643
-20.9643
-20.9643
-20.9643
-20.9643
-20.9643
-20.9643
-20.9643
-20.9643
-20.9643
-20.9643
-20.9643
-20.9643
-20.9643
-20.9643
-20.9643
-20.9643
-20.9643
-20.5406
-20.5406
-20.5406
-20.5406
-20.5406
-20.5406
-20.5406
-20.5406
-20.5406
-20.5406
-20.5406
-20.5406
-20.5406
-20.5406
-20.5406
-20.5406
-20.5406
-20.5406
-20.5406
-20.5406
-20.5406
-20.5406
-20.5406
-20.5406
-20.5406
-20.5406
-20.5406
-20.5406
-20.5406
-20.5406
-20.1169
-20.1169
-20.1169
-20.1169
-20.1169
-20.1169
-20.1169
-20.1169
-20.1169
-20.1169
-20.1169
-20.1169
-20.1169
-20.1169
-20.1169
-20.1169
-20.1169
-20.1169
-20.1169
-20.1169
-20.1169
-20.1169
-20.1169
-20.1169
-20.1169
-20.1169
-20.1169
-20.1169
-20.1169
-20.1169
-19.6932
-19.6932
-19.6932
-19.6932
-19.6932
-19.6932
-19.6932
-19.6932
-19.6932
-19.6932
-19.6932
-19.6932
-19.6932
-19.6932
-19.6932
-19.6932
-19.6932
-19.6932
-19.6932
-19.6932
-19.6932
-19.6932
-19.6932
-19.6932
-19.6932
-19.6932
-19.6932
-19.6932
-19.6932
-19.6932
-19.2695
-19.2695
-19.2695
-19.2695
-19.2695
-19.2695
-19.2695
-19.2695
-19.2695
-19.2695
-19.2695
-19.2695
-19.2695
-19.2695
-19.2695
-19.2695
-19.2695
-19.2695
-19.2695
-19.2695
-19.2695
-19.2695
-19.2695
-19.2695
-19.2695
-19.2695
-19.2695
-19.2695
-19.2695
-19.2695
-18.8458
-18.8458
-18.8458
-18.8458
-18.8458
-18.8458
-18.8458
-18.8458
-18.8458
-18.8458
-18.8458
-18.8458
-18.8458
-18.8458
-18.8458
-18.8458
-18.8458
-18.8458
-18.8458
-18.8458
-18.8458
-18.8458
-18.8458
-18.8458
-18.8458
-18.8458
-18.8458
-18.8458
-18.8458
-18.8458
-18.4221
-18.4221
-18.4221
-18.4221
-18.4221
-18.4221
-18.4221
-18.4221
-18.4221
-18.4221
-18.4221
-18.4221
-18.4221
-18.4221
-18.4221
-18.4221
-18.4221
-18.4221
-18.4221
-18.4221
-18.4221
-18.4221
-18.4221
-18.4221
-18.4221
-18.4221
-18.4221
-18.4221
-18.4221
-18.4221
-17.9984
-17.9984
-17.9984
-17.9984
-17.9984
-17.9984
-17.9984
-17.9984
-17.9984
-17.9984
-17.9984
-17.9984
-17.9984
-17.9984
-17.9984
-17.9984
-17.9984
-17.9984
-17.9984
-17.9984
-17.9984
-17.9984
-17.9984
-17.9984
-17.9984
-17.9984
-17.9984
-17.9984
-17.9984
-17.9984
-17.5747
-17.5747
-17.5747
-17.5747
-17.5747
-17.5747
-17.5747
-17.5747
-17.5747
-17.5747
-17.5747
-17.5747
-17.5747
-17.5747
-17.5747
-17.5747
-17.5747
-17.5747
-17.5747
-17.5747
-17.5747
-17.5747
-17.5747
-17.5747
-17.5747
-17.5747
-17.5747
-17.5747
-17.5747
-17.5747
-17.151
-17.151
-17.151
-17.151
-17.151
-17.151
-17.151
-17.151
-17.151
-17.151
-17.151
-17.151
-17.151
-17.151
-17.151
-17.151
-17.151
-17.151
-17.151
-17.151
-17.151
-17.151
-17.151
-17.151
-17.151
-17.151
-17.151
-17.151
-17.151
-17.151
-16.7273
-16.7273
-16.7273
-16.7273
-16.7273
-16.7273
-16.7273
-16.7273
-16.7273
-16.7273
-16.7273
-16.7273
-16.7273
-16.7273
-16.7273
-16.7273
-16.7273
-16.7273
-16.7273
-16.7273
-16.7273
-16.7273
-16.7273
-16.7273
-16.7273
-16.7273
-16.7273
-16.7273
-16.7273
-16.7273
-16.3036
-16.3036
-16.3036
-16.3036
-16.3036
-16.3036
-16.3036
-16.3036
-16.3036
-16.3036
-16.3036
-16.3036
-16.3036
-16.3036
-16.3036
-16.3036
-16.3036
-16.3036
-16.3036
-16.3036
-16.3036
-16.3036
-16.3036
-16.3036
-16.3036
-16.3036
-16.3036
-16.3036
-16.3036
-16.3036
-15.8799
-15.8799
-15.8799
-15.8799
-15.8799
-15.8799
-15.8799
-15.8799
-15.8799
-15.8799
-15.8799
-15.8799
-15.8799
-15.8799
-15.8799
-15.8799
-15.8799
-15.8799
-15.8799
-15.8799
-15.8799
-15.8799
-15.8799
-15.8799
-15.8799
-15.8799
-15.8799
-15.8799
-15.8799
-15.8799
-15.4562
-15.4562
-15.4562
-15.4562
-15.4562
-15.4562
-15.4562
-15.4562
-15.4562
-15.4562
-15.4562
-15.4562
-15.4562
-15.4562
-15.4562
-15.4562
-15.4562
-15.4562
-15.4562
-15.4562
-15.4562
-15.4562
-15.4562
-15.4562
-15.4562
-15.4562
-15.4562
-15.4562
-15.4562
-15.4562
-15.0325
-15.0325
-15.0325
-15.0325
-15.0325
-15.0325
-15.0325
-15.0325
-15.0325
-15.0325
-15.0325
-15.0325
-15.0325
-15.0325
-15.0325
-15.0325
-15.0325
-15.0325
-15.0325
-15.0325
-15.0325
-15.0325
-15.0325
-15.0325
-15.0325
-15.0325
-15.0325
-15.0325
-15.0325
-15.0325
-14.6088
-14.6088
-14.6088
-14.6088
-14.6088
-14.6088
-14.6088
-14.6088
-14.6088
-14.6088
-14.6088
-14.6088
-14.6088
-14.6088
-14.6088
-14.6088
-14.6088
-14.6088
-14.6088
-14.6088
-14.6088
-14.6088
-14.6088
-14.6088
-14.6088
-14.6088
-14.6088
-14.6088
-14.6088
-14.6088
-14.1851
-14.1851
-14.1851
-14.1851
-14.1851
-14.1851
-14.1851
-14.1851
-14.1851
-14.1851
-14.1851
-14.1851
-14.1851
-14.1851
-14.1851
-14.1851
-14.1851
-14.1851
-14.1851
-14.1851
-14.1851
-14.1851
-14.1851
-14.1851
-14.1851
-14.1851
-14.1851
-14.1851
-14.1851
-14.1851
-13.7614
-13.7614
-13.7614
-13.7614
-13.7614
-13.7614
-13.7614
-13.7614
-13.7614
-13.7614
-13.7614
-13.7614
-13.7614
-13.7614
-13.7614
-13.7614
-13.7614
-13.7614
-13.7614
-13.7614
-13.7614
-13.7614
-13.7614
-13.7614
-13.7614
-13.7614
-13.7614
-13.7614
-13.7614
-13.7614
-13.3377
-13.3377
-13.3377
-13.3377
-13.3377
-13.3377
-13.3377
-13.3377
-13.3377
-13.3377
-13.3377
-13.3377
-13.3377
-13.3377
-13.3377
-13.3377
-13.3377
-13.3377
-13.3377
-13.3377
-13.3377
-13.3377
-13.3377
-13.3377
-13.3377
-13.3377
-13.3377
-13.3377
-13.3377
-13.3377
-12.914
-12.914
-12.914
-12.914
-12.914
-12.914
-12.914
-12.914
-12.914
-12.914
-12.914
-12.914
-12.914
-12.914
-12.914
-12.914
-12.914
-12.914
-12.914
-12.914
-12.914
-12.914
-12.914
-12.914
-12.914
-12.914
-12.914
-12.914
-12.914
-12.914
-12.4903
-12.4903
-12.4903
-12.4903
-12.4903
-12.4903
-12.4903
-12.4903
-12.4903
-12.4903
-12.4903
-12.4903
-12.4903
-12.4903
-12.4903
-12.4903
-12.4903
-12.4903
-12.4903
-12.4903
-12.4903
-12.4903
-12.4903
-12.4903
-12.4903
-12.4903
-12.4903
-12.4903
-12.4903
-12.4903
-12.0666
-12.0666
-12.0666
-12.0666
-12.0666
-12.0666
-12.0666
-12.0666
-12.0666
-12.0666
-12.0666
-12.0666
-12.0666
-12.0666
-12.0666
-12.0666
-12.0666
-12.0666
-12.0666
-12.0666
-12.0666
-12.0666
-12.0666
-12.0666
-12.0666
-12.0666
-12.0666
-12.0666
-12.0666
-12.0666
-11.6429
-11.6429
-11.6429
-11.6429
-11.6429
-11.6429
-11.6429
-11.6429
-11.6429
-11.6429
-11.6429
-11.6429
-11.6429
-11.6429
-11.6429
-11.6429
-11.6429
-11.6429
-11.6429
-11.6429
-11.6429
-11.6429
-11.6429
-11.6429
-11.6429
-11.6429
-11.6429
-11.6429
-11.6429
-11.6429
-11.2192
-11.2192
-11.2192
-11.2192
-11.2192
-11.2192
-11.2192
-11.2192
-11.2192
-11.2192
-11.2192
-11.2192
-11.2192
-11.2192
-11.2192
-11.2192
-11.2192
-11.2192
-11.2192
-11.2192
-11.2192
-11.2192
-11.2192
-11.2192
-11.2192
-11.2192
-11.2192
-11.2192
-11.2192
-11.2192
-10.7955
-10.7955
-10.7955
-10.7955
-10.7955
-10.7955
-10.7955
-10.7955
-10.7955
-10.7955
-10.7955
-10.7955
-10.7955
-10.7955
-10.7955
-10.7955
-10.7955
-10.7955
-10.7955
-10.7955
-10.7955
-10.7955
-10.7955
-10.7955
-10.7955
-10.7955
-10.7955
-10.7955
-10.7955
-10.7955
-10.3718
-10.3718
-10.3718
-10.3718
-10.3718
-10.3718
-10.3718
-10.3718
-10.3718
-10.3718
-10.3718
-10.3718
-10.3718
-10.3718
-10.3718
-10.3718
-10.3718
-10.3718
-10.3718
-10.3718
-10.3718
-10.3718
-10.3718
-10.3718
-10.3718
-10.3718
-10.3718
-10.3718
-10.3718
-10.3718
-9.94805
-9.94805
-9.94805
-9.94805
-9.94805
-9.94805
-9.94805
-9.94805
-9.94805
-9.94805
-9.94805
-9.94805
-9.94805
-9.94805
-9.94805
-9.94805
-9.94805
-9.94805
-9.94805
-9.94805
-9.94805
-9.94805
-9.94805
-9.94805
-9.94805
-9.94805
-9.94805
-9.94805
-9.94805
-9.94805
-9.52435
-9.52435
-9.52435
-9.52435
-9.52435
-9.52435
-9.52435
-9.52435
-9.52435
-9.52435
-9.52435
-9.52435
-9.52435
-9.52435
-9.52435
-9.52435
-9.52435
-9.52435
-9.52435
-9.52435
-9.52435
-9.52435
-9.52435
-9.52435
-9.52435
-9.52435
-9.52435
-9.52435
-9.52435
-9.52435
-9.10065
-9.10065
-9.10065
-9.10065
-9.10065
-9.10065
-9.10065
-9.10065
-9.10065
-9.10065
-9.10065
-9.10065
-9.10065
-9.10065
-9.10065
-9.10065
-9.10065
-9.10065
-9.10065
-9.10065
-9.10065
-9.10065
-9.10065
-9.10065
-9.10065
-9.10065
-9.10065
-9.10065
-9.10065
-9.10065
-8.67695
-8.67695
-8.67695
-8.67695
-8.67695
-8.67695
-8.67695
-8.67695
-8.67695
-8.67695
-8.67695
-8.67695
-8.67695
-8.67695
-8.67695
-8.67695
-8.67695
-8.67695
-8.67695
-8.67695
-8.67695
-8.67695
-8.67695
-8.67695
-8.67695
-8.67695
-8.67695
-8.67695
-8.67695
-8.67695
-8.25325
-8.25325
-8.25325
-8.25325
-8.25325
-8.25325
-8.25325
-8.25325
-8.25325
-8.25325
-8.25325
-8.25325
-8.25325
-8.25325
-8.25325
-8.25325
-8.25325
-8.25325
-8.25325
-8.25325
-8.25325
-8.25325
-8.25325
-8.25325
-8.25325
-8.25325
-8.25325
-8.25325
-8.25325
-8.25325
-7.82955
-7.82955
-7.82955
-7.82955
-7.82955
-7.82955
-7.82955
-7.82955
-7.82955
-7.82955
-7.82955
-7.82955
-7.82955
-7.82955
-7.82955
-7.82955
-7.82955
-7.82955
-7.82955
-7.82955
-7.82955
-7.82955
-7.82955
-7.82955
-7.82955
-7.82955
-7.82955
-7.82955
-7.82955
-7.82955
-7.40585
-7.40585
-7.40585
-7.40585
-7.40585
-7.40585
-7.40585
-7.40585
-7.40585
-7.40585
-7.40585
-7.40585
-7.40585
-7.40585
-7.40585
-7.40585
-7.40585
-7.40585
-7.40585
-7.40585
-7.40585
-7.40585
-7.40585
-7.40585
-7.40585
-7.40585
-7.40585
-7.40585
-7.40585
-7.40585
-6.98215
-6.98215
-6.98215
-6.98215
-6.98215
-6.98215
-6.98215
-6.98215
-6.98215
-6.98215
-6.98215
-6.98215
-6.98215
-6.98215
-6.98215
-6.98215
-6.98215
-6.98215
-6.98215
-6.98215
-6.98215
-6.98215
-6.98215
-6.98215
-6.98215
-6.98215
-6.98215
-6.98215
-6.98215
-6.98215
-6.55845
-6.55845
-6.55845
-6.55845
-6.55845
-6.55845
-6.55845
-6.55845
-6.55845
-6.55845
-6.55845
-6.55845
-6.55845
-6.55845
-6.55845
-6.55845
-6.55845
-6.55845
-6.55845
-6.55845
-6.55845
-6.55845
-6.55845
-6.55845
-6.55845
-6.55845
-6.55845
-6.55845
-6.55845
-6.55845
-6.13475
-6.13475
-6.13475
-6.13475
-6.13475
-6.13475
-6.13475
-6.13475
-6.13475
-6.13475
-6.13475
-6.13475
-6.13475
-6.13475
-6.13475
-6.13475
-6.13475
-6.13475
-6.13475
-6.13475
-6.13475
-6.13475
-6.13475
-6.13475
-6.13475
-6.13475
-6.13475
-6.13475
-6.13475
-6.13475
-5.71104
-5.71104
-5.71104
-5.71104
-5.71104
-5.71104
-5.71104
-5.71104
-5.71104
-5.71104
-5.71104
-5.71104
-5.71104
-5.71104
-5.71104
-5.71104
-5.71104
-5.71104
-5.71104
-5.71104
-5.71104
-5.71104
-5.71104
-5.71104
-5.71104
-5.71104
-5.71104
-5.71104
-5.71104
-5.71104
-5.28735
-5.28735
-5.28735
-5.28735
-5.28735
-5.28735
-5.28735
-5.28735
-5.28735
-5.28735
-5.28735
-5.28735
-5.28735
-5.28735
-5.28735
-5.28735
-5.28735
-5.28735
-5.28735
-5.28735
-5.28735
-5.28735
-5.28735
-5.28735
-5.28735
-5.28735
-5.28735
-5.28735
-5.28735
-5.28735
-4.86363
-4.86363
-4.86363
-4.86363
-4.86363
-4.86363
-4.86363
-4.86363
-4.86363
-4.86363
-4.86363
-4.86363
-4.86363
-4.86363
-4.86363
-4.86363
-4.86363
-4.86363
-4.86363
-4.86363
-4.86363
-4.86363
-4.86363
-4.86363
-4.86363
-4.86363
-4.86363
-4.86363
-4.86363
-4.86363
-4.43995
-4.43995
-4.43995
-4.43995
-4.43995
-4.43995
-4.43995
-4.43995
-4.43995
-4.43995
-4.43995
-4.43995
-4.43995
-4.43995
-4.43995
-4.43995
-4.43995
-4.43995
-4.43995
-4.43995
-4.43995
-4.43995
-4.43995
-4.43995
-4.43995
-4.43995
-4.43995
-4.43995
-4.43995
-4.43995
-4.01621
-4.01621
-4.01621
-4.01621
-4.01621
-4.01621
-4.01621
-4.01621
-4.01621
-4.01621
-4.01621
-4.01621
-4.01621
-4.01621
-4.01621
-4.01621
-4.01621
-4.01621
-4.01621
-4.01621
-4.01621
-4.01621
-4.01621
-4.01621
-4.01621
-4.01621
-4.01621
-4.01622
-4.01621
-4.01621
-3.59258
-3.59258
-3.59258
-3.59257
-3.59258
-3.59258
-3.59257
-3.59258
-3.59258
-3.59257
-3.59258
-3.59258
-3.59257
-3.59258
-3.59258
-3.59258
-3.59258
-3.59258
-3.59258
-3.59258
-3.59258
-3.59258
-3.59258
-3.59258
-3.59258
-3.59258
-3.59258
-3.59258
-3.59258
-3.59257
-3.16874
-3.16874
-3.16874
-3.16874
-3.16874
-3.16874
-3.16874
-3.16874
-3.16875
-3.16874
-3.16875
-3.16875
-3.16874
-3.16875
-3.16876
-3.16875
-3.16875
-3.16876
-3.16875
-3.16876
-3.16876
-3.16876
-3.16876
-3.16876
-3.16877
-3.16876
-3.16876
-3.16877
-3.16876
-3.16876
-2.74525
-2.74524
-2.74525
-2.74524
-2.74524
-2.74525
-2.74524
-2.74525
-2.74526
-2.74523
-2.74525
-2.74526
-2.74523
-2.74525
-2.74527
-2.74524
-2.74525
-2.74526
-2.74525
-2.74525
-2.74526
-2.74526
-2.74525
-2.74525
-2.74527
-2.74525
-2.74524
-2.74527
-2.74525
-2.74524
-2.32113
-2.32111
-2.3211
-2.32111
-2.32112
-2.32112
-2.32112
-2.32114
-2.32116
-2.32112
-2.32115
-2.32119
-2.32113
-2.32117
-2.32121
-2.32114
-2.32118
-2.32121
-2.32116
-2.32119
-2.3212
-2.32119
-2.32119
-2.32119
-2.32122
-2.3212
-2.32118
-2.32124
-2.3212
-2.32117
-1.89808
-1.89805
-1.89804
-1.89801
-1.89804
-1.89806
-1.89801
-1.89806
-1.8981
-1.89799
-1.89805
-1.89812
-1.89797
-1.89805
-1.89812
-1.89796
-1.89803
-1.8981
-1.89797
-1.89802
-1.89805
-1.898
-1.898
-1.898
-1.89804
-1.89799
-1.89795
-1.89807
-1.89799
-1.89792
-1.47293
-1.47284
-1.47281
-1.47289
-1.47292
-1.47295
-1.47299
-1.47305
-1.47313
-1.47304
-1.47315
-1.4733
-1.47307
-1.47323
-1.47341
-1.4731
-1.47326
-1.47345
-1.47313
-1.47327
-1.47342
-1.47317
-1.47325
-1.47335
-1.47322
-1.47323
-1.47325
-1.47327
-1.47321
-1.47318
-1.05134
-1.05132
-1.05132
-1.05113
-1.05127
-1.05134
-1.05109
-1.05125
-1.05139
-1.05101
-1.05121
-1.05142
-1.05089
-1.05113
-1.05138
-1.05077
-1.051
-1.05124
-1.05066
-1.05084
-1.05104
-1.05058
-1.05068
-1.05081
-1.05056
-1.05056
-1.05058
-1.05057
-1.05049
-1.05041
-0.619329
-0.619697
-0.620269
-0.620078
-0.620187
-0.620657
-0.621272
-0.621381
-0.622044
-0.622675
-0.623045
-0.623984
-0.623938
-0.62462
-0.625868
-0.624804
-0.625798
-0.627234
-0.6252
-0.626385
-0.627881
-0.625172
-0.626402
-0.627841
-0.624886
-0.626046
-0.627367
-0.624605
-0.625665
-0.626867
-0.205645
-0.207004
-0.20761
-0.204974
-0.20632
-0.2071
-0.204267
-0.205577
-0.206618
-0.203522
-0.204871
-0.206135
-0.202763
-0.204111
-0.205609
-0.201973
-0.203335
-0.204993
-0.201176
-0.202528
-0.204282
-0.200399
-0.20172
-0.203494
-0.1997
-0.201
-0.202786
-0.199235
-0.200528
-0.202298
)
;

boundaryField
{
    inlet
    {
        type            zeroGradient;
    }
    outlet
    {
        type            fixedValue;
        value           uniform 0;
    }
    pipe
    {
        type            zeroGradient;
    }
    symY
    {
        type            symmetryPlane;
    }
    symX
    {
        type            symmetryPlane;
    }
}


// ************************************************************************* //
