/*--------------------------------*- C++ -*----------------------------------*\
| =========                 |                                                 |
| \\      /  F ield         | OpenFOAM: The Open Source CFD Toolbox           |
|  \\    /   O peration     | Version:  2412                                  |
|   \\  /    A nd           | Website:  www.openfoam.com                      |
|    \\/     M anipulation  |                                                 |
\*---------------------------------------------------------------------------*/
FoamFile
{
    version     2.0;
    format      ascii;
    arch        "LSB;label=32;scalar=64";
    class       volVectorField;
    location    "100";
    object      U;
}
// * * * * * * * * * * * * * * * * * * * * * * * * * * * * * * * * * * * * * //

dimensions      [0 1 -1 0 0 0 0];

internalField   nonuniform List<vector> 
22770
(
(-0.000185356 -0.000184969 10.0024)
(-0.000929561 -0.000269169 10.0027)
(-0.00189695 -0.000360261 10.003)
(-0.000269534 -0.000928609 10.0027)
(-0.00117658 -0.00117565 10.0029)
(-0.00216302 -0.00159893 10.0032)
(-0.000360659 -0.00189584 10.003)
(-0.00159998 -0.00216191 10.0032)
(-0.00294896 -0.00294759 10.0036)
(0.000809233 0.000810039 10.0042)
(0.00122307 0.000466287 10.0068)
(0.000683913 0.000215625 10.0091)
(0.000465451 0.00122474 10.0068)
(0.000342183 0.000344078 10.0089)
(-0.000403483 -0.000412656 10.0107)
(0.000214552 0.000684816 10.0091)
(-0.000415294 -0.000401916 10.0107)
(-0.00152808 -0.00152522 10.0122)
(0.00312265 0.00312352 9.98987)
(0.00667978 0.00226432 10.0006)
(0.00753866 0.00158753 10.0101)
(0.0022631 0.00668053 10.0006)
(0.00453967 0.00454177 10.0086)
(0.00483059 0.00284082 10.0158)
(0.00158542 0.00753482 10.0101)
(0.00283614 0.00482966 10.0158)
(0.00278515 0.00278862 10.021)
(0.0058497 0.00584918 9.94517)
(0.0133386 0.00442272 9.97342)
(0.0156404 0.00304557 10.0014)
(0.00442201 0.0133337 9.97344)
(0.00977949 0.00977898 9.99448)
(0.0111698 0.00642126 10.0155)
(0.00304273 0.0156221 10.0014)
(0.00641542 0.0111598 10.0156)
(0.00757847 0.00757978 10.0309)
(0.00698104 0.00697679 9.87421)
(0.0161583 0.00527968 9.92874)
(0.0178882 0.00316398 9.98973)
(0.00528116 0.0161408 9.92881)
(0.011916 0.0119082 9.96933)
(0.012735 0.0066549 10.0156)
(0.00316109 0.017843 9.98987)
(0.00664958 0.0127073 10.0157)
(0.00753193 0.00752775 10.0493)
(0.00506086 0.00505129 9.80576)
(0.0110293 0.00352415 9.88941)
(0.00831137 0.000947909 9.99486)
(0.0035291 0.0109948 9.88953)
(0.00730054 0.00728194 9.95132)
(0.00422143 0.000762642 10.032)
(0.000945273 0.0082323 9.99512)
(0.000758274 0.00417074 10.0322)
(-0.00172263 -0.00173336 10.0901)
(0.000307292 0.000292819 9.77739)
(-0.00196666 -0.000747203 9.88712)
(-0.0132174 -0.00334339 10.041)
(-0.000739441 -0.00201665 9.88731)
(-0.00425444 -0.0042819 9.96705)
(-0.0148326 -0.010873 10.0848)
(-0.00334722 -0.0133276 10.0414)
(-0.0108804 -0.0149022 10.0851)
(-0.0199578 -0.0199688 10.1675)
(-0.00600783 -0.00602565 9.81578)
(-0.0196334 -0.00643727 9.94577)
(-0.0420077 -0.00859118 10.1445)
(-0.00642947 -0.0196934 9.94606)
(-0.0200111 -0.0200409 10.0376)
(-0.0404515 -0.0253662 10.1886)
(-0.00860086 -0.0421405 10.1452)
(-0.0253866 -0.0405311 10.1889)
(-0.0430551 -0.0430536 10.2904)
(-0.0123577 -0.0123792 9.93151)
(-0.0376979 -0.0121131 10.0751)
(-0.0712591 -0.0134095 10.3098)
(-0.0121071 -0.0377659 10.0756)
(-0.0360737 -0.0360985 10.1721)
(-0.0666198 -0.038917 10.348)
(-0.0134279 -0.0714079 10.3107)
(-0.0389596 -0.0666992 10.3484)
(-0.0653914 -0.0653661 10.4603)
(-0.0171082 -0.017137 10.1166)
(-0.0515377 -0.0162509 10.2675)
(-0.0936333 -0.0164223 10.5261)
(-0.016245 -0.0516206 10.2681)
(-0.0482392 -0.0482623 10.3644)
(-0.0867808 -0.0478186 10.5553)
(-0.0164493 -0.0938012 10.5274)
(-0.0478836 -0.08686 10.5559)
(-0.0813732 -0.0813242 10.6705)
(-0.0190466 -0.0190882 10.3442)
(-0.0576716 -0.0177757 10.4984)
(-0.10382 -0.0167695 10.7703)
(-0.0177641 -0.0577822 10.4991)
(-0.0533532 -0.0533861 10.5941)
(-0.0960883 -0.0496059 10.7923)
(-0.0167983 -0.104017 10.7718)
(-0.0496804 -0.0961769 10.7931)
(-0.0870069 -0.0869441 10.9069)
(-0.0180242 -0.0180809 10.578)
(-0.0554265 -0.016577 10.7351)
(-0.100699 -0.0145497 11.0135)
(-0.0165546 -0.0555721 10.736)
(-0.0507711 -0.0508279 10.8323)
(-0.0932579 -0.0441987 11.0346)
(-0.0145736 -0.10093 11.0155)
(-0.0442641 -0.0933688 11.0356)
(-0.0815829 -0.0815249 11.1503)
(-0.0148785 -0.014948 10.786)
(-0.0468203 -0.0134161 10.9482)
(-0.0871021 -0.0106354 11.2302)
(-0.0133808 -0.0469986 10.9493)
(-0.0422628 -0.0423523 11.0518)
(-0.0806051 -0.0337004 11.2584)
(-0.0106493 -0.0873647 11.2325)
(-0.033739 -0.0807499 11.2595)
(-0.0675748 -0.067544 11.3797)
(-0.0108393 -0.0109171 10.9493)
(-0.0351034 -0.0094253 11.1187)
(-0.0678464 -0.00621158 11.4031)
(-0.00937718 -0.0353059 11.1198)
(-0.0308114 -0.0309342 11.2329)
(-0.0623536 -0.0211813 11.4454)
(-0.00620897 -0.0681298 11.4056)
(-0.0211784 -0.0625363 11.4467)
(-0.0491002 -0.0491131 11.5768)
(-0.00698324 -0.00706345 11.0627)
(-0.0233237 -0.00565016 11.2399)
(-0.0476698 -0.00235014 11.5256)
(-0.00559196 -0.0235371 11.241)
(-0.0193605 -0.0195091 11.3668)
(-0.0429445 -0.00952096 11.5861)
(-0.00232677 -0.0479614 11.5282)
(-0.00947052 -0.043155 11.5875)
(-0.0303251 -0.0303869 11.7303)
(-0.00395293 -0.00402816 11.1322)
(-0.0135643 -0.00272698 11.3157)
(-0.0300305 0.000380613 11.6006)
(-0.00266507 -0.0137699 11.3168)
(-0.0099345 -0.0100962 11.4546)
(-0.0258738 -0.000589095 11.6797)
(0.000418706 -0.0303129 11.6031)
(-0.000499704 -0.0260954 11.6811)
(-0.0144215 -0.0145253 11.8365)
(-0.00194253 -0.00200751 11.1689)
(-0.00671896 -0.000849219 11.356)
(-0.0167182 0.00187792 11.6373)
(-0.000790037 -0.0069018 11.3571)
(-0.00343559 -0.00359513 11.5039)
(-0.0130133 0.00491684 11.7325)
(0.00192274 -0.0169735 11.6398)
(0.00502876 -0.0132283 11.7338)
(-0.00303729 -0.00316803 11.8995)
(-0.000832488 -0.000884737 11.1852)
(-0.00268803 0.000100909 11.3728)
(-0.00802334 0.00235507 11.648)
(0.000152614 -0.00283924 11.3738)
(0.00019774 5.35395e-05 11.5259)
(-0.00471632 0.00725046 11.7547)
(0.00239933 -0.00823762 11.6504)
(0.00736757 -0.0049095 11.756)
(0.00362099 0.00348132 11.9284)
(-0.000353989 -0.000393252 11.1911)
(-0.000779751 0.000404182 11.3767)
(-0.00316723 0.00216911 11.6439)
(0.000445781 -0.000897497 11.3776)
(0.00164575 0.00152447 11.5315)
(-0.000304591 0.007269 11.7574)
(0.00220733 -0.0033341 11.6462)
(0.0073774 -0.000468723 11.7587)
(0.00629414 0.0061623 11.9342)
(-0.000228103 -0.000256534 11.1929)
(-0.000143443 0.000348042 11.3751)
(-0.000862524 0.00164862 11.6335)
(0.000379773 -0.000231477 11.376)
(0.00176595 0.00166934 11.5291)
(0.00148255 0.00601635 11.7501)
(0.00167897 -0.000986379 11.6356)
(0.00610819 0.00135057 11.7513)
(0.00632928 0.00621734 11.9267)
(-0.000248458 -0.000268993 11.1939)
(-8.43623e-05 0.000151961 11.3722)
(5.20822e-05 0.00105526 11.6217)
(0.000175621 -0.00014891 11.3731)
(0.00131086 0.00123639 11.524)
(0.00181429 0.00437999 11.7389)
(0.00107791 -3.80179e-05 11.6237)
(0.00445316 0.00171078 11.74)
(0.00514389 0.00505722 11.9127)
(-0.000295943 -0.000311163 11.1953)
(-0.000174527 -4.90159e-05 11.3698)
(0.000361452 0.000545586 11.6107)
(-3.13149e-05 -0.000222326 11.3706)
(0.000770863 0.000714221 11.5187)
(0.00154396 0.00292545 11.7269)
(0.000562295 0.000296155 11.6126)
(0.00298171 0.00146674 11.7279)
(0.00381958 0.00375548 11.8961)
(-0.000321421 -0.000333129 11.1971)
(-0.000238292 -0.000189495 11.3681)
(0.000488396 0.000184222 11.6011)
(-0.00017599 -0.000274658 11.3689)
(0.000362787 0.000319858 11.5139)
(0.00123498 0.00186956 11.7152)
(0.000197072 0.000440711 11.6029)
(0.00191246 0.00118025 11.7161)
(0.00281778 0.00277062 11.8789)
(-0.000326834 -0.000336396 11.199)
(-0.000250589 -0.000274202 11.3668)
(0.000599794 -4.50669e-05 11.5926)
(-0.000263364 -0.000279547 11.3676)
(0.00011379 8.01761e-05 11.5096)
(0.00107118 0.00120021 11.7041)
(-3.47483e-05 0.000563117 11.5944)
(0.00123368 0.00103022 11.705)
(0.00220055 0.00216537 11.8619)
(-0.000321845 -0.000330041 11.2007)
(-0.000224075 -0.000322665 11.3656)
(0.000720895 -0.000175758 11.5848)
(-0.000313527 -0.00024822 11.3664)
(-4.41154e-06 -3.1886e-05 11.5055)
(0.00102472 0.000830517 11.6934)
(-0.000167045 0.000690785 11.5865)
(0.000857652 0.000992024 11.6943)
(0.00189356 0.00186666 11.8449)
(-0.0002958 -0.000302814 11.2022)
(-0.000151657 -0.000331645 11.3644)
(0.000841889 -0.000230086 11.5774)
(-0.000323906 -0.000172046 11.3652)
(-1.57817e-05 -3.87124e-05 11.5014)
(0.00102504 0.000649156 11.6829)
(-0.000222765 0.000816455 11.579)
(0.000671578 0.000998153 11.6838)
(0.00175321 0.00173211 11.8281)
(-0.000240745 -0.00024667 11.2034)
(-4.99262e-05 -0.000302023 11.3632)
(0.000913361 -0.000239117 11.5702)
(-0.000295522 -6.73296e-05 11.3639)
(1.79493e-05 -1.42689e-06 11.4973)
(0.000965065 0.00052984 11.6725)
(-0.000232929 0.000891626 11.5718)
(0.000548752 0.000942831 11.6733)
(0.00167155 0.00165467 11.8113)
(-0.000190588 -0.000195677 11.2046)
(-2.37088e-05 -0.000270929 11.362)
(0.000848199 -0.00024455 11.5632)
(-0.000265352 -3.89166e-05 11.3627)
(-2.65838e-05 -4.31697e-05 11.4933)
(0.000782223 0.000378584 11.6621)
(-0.000238942 0.000829913 11.5648)
(0.000395008 0.000764515 11.6629)
(0.00166399 0.00165066 11.7945)
(-0.000205106 -0.00020965 11.2058)
(-0.000186829 -0.000286379 11.361)
(0.00063434 -0.000261027 11.5566)
(-0.000281383 -0.0002002 11.3617)
(-0.000219016 -0.000233176 11.4895)
(0.000579204 0.000233287 11.652)
(-0.000255569 0.000620179 11.5581)
(0.000247671 0.000566806 11.6527)
(0.00185485 0.001845 11.7781)
(-0.00028375 -0.00028776 11.207)
(-0.000460786 -0.000330326 11.3602)
(0.000430667 -0.000243167 11.5502)
(-0.000325892 -0.00047178 11.3609)
(-0.000419013 -0.00043042 11.4858)
(0.000579657 0.000252016 11.642)
(-0.000238083 0.000421936 11.5517)
(0.000263815 0.0005729 11.6427)
(0.00226085 0.00225459 11.7621)
(-0.000327955 -0.000331064 11.2083)
(-0.00057178 -0.000314251 11.3595)
(0.000426612 -0.000143601 11.5441)
(-0.000310768 -0.000579343 11.3601)
(-0.000388548 -0.000396461 11.4822)
(0.000842989 0.000473474 11.6324)
(-0.00013955 0.000423506 11.5456)
(0.000481864 0.000840926 11.6331)
(0.00259501 0.00259185 11.7475)
(-0.000257495 -0.00025933 11.2095)
(-0.000389662 -0.000200169 11.3587)
(0.000570989 -2.16199e-06 11.5386)
(-0.000197996 -0.000393461 11.3593)
(-0.000122187 -0.000126594 11.4785)
(0.00111049 0.000707639 11.6236)
(4.21545e-07 0.000571763 11.54)
(0.000712769 0.00111079 11.6243)
(0.00255699 0.00255579 11.7354)
(-0.000124857 -0.000125529 11.2105)
(-0.000102051 -6.44379e-05 11.3577)
(0.000652912 9.4385e-05 11.5341)
(-6.34424e-05 -0.000103042 11.3584)
(0.000144862 0.000142989 11.475)
(0.00114019 0.000769337 11.6165)
(9.56619e-05 0.000655231 11.5355)
(0.000772115 0.00114102 11.6172)
(0.0021619 0.00216131 11.7263)
(-2.27442e-05 -2.27714e-05 11.2111)
(8.58665e-05 2.00651e-05 11.3567)
(0.00059845 0.000120845 11.5308)
(2.03758e-05 8.61719e-05 11.3574)
(0.000264601 0.000264039 11.472)
(0.000959665 0.000666043 11.6113)
(0.000121383 0.000600605 11.5321)
(0.000667494 0.000960425 11.612)
(0.0016218 0.00162131 11.7201)
(2.49204e-05 2.51252e-05 11.2113)
(0.000149826 5.00286e-05 11.3559)
(0.000471362 0.000106147 11.5285)
(5.00397e-05 0.00015046 11.3565)
(0.000263679 0.000263654 11.4698)
(0.00071393 0.000500742 11.6078)
(0.000106361 0.000472849 11.5298)
(0.000501512 0.00071444 11.6085)
(0.0011204 0.00111996 11.716)
(3.78451e-05 3.80894e-05 11.2114)
(0.000145994 5.08531e-05 11.3552)
(0.000339425 7.94847e-05 11.527)
(5.07565e-05 0.00014659 11.3558)
(0.000212738 0.000212877 11.4683)
(0.000491461 0.000344735 11.6056)
(7.95375e-05 0.000340306 11.5284)
(0.000345124 0.000491711 11.6063)
(0.000729079 0.000728718 11.7135)
(3.57888e-05 3.60051e-05 11.2113)
(0.000118889 4.14984e-05 11.3548)
(0.000231215 5.45297e-05 11.5261)
(4.13758e-05 0.000119352 11.3554)
(0.000154676 0.00015483 11.4674)
(0.000320245 0.000223341 11.6042)
(5.44973e-05 0.000231683 11.5275)
(0.000223513 0.000320284 11.6049)
(0.00045141 0.000451147 11.7119)
(2.91528e-05 2.93266e-05 11.2112)
(8.92105e-05 3.07402e-05 11.3545)
(0.0001516 3.52613e-05 11.5256)
(3.06201e-05 8.95479e-05 11.3551)
(0.000105793 0.000105934 11.4668)
(0.000199118 0.0001376 11.6035)
(3.51883e-05 0.00015182 11.5269)
(0.000137641 0.000199048 11.6041)
(0.000265897 0.000265726 11.711)
(2.21716e-05 2.23018e-05 11.2111)
(6.40776e-05 2.15615e-05 11.3543)
(9.63527e-05 2.15854e-05 11.5253)
(2.14575e-05 6.43137e-05 11.3549)
(6.9296e-05 6.94262e-05 11.4665)
(0.00011792 8.03052e-05 11.603)
(2.15092e-05 9.6435e-05 11.5266)
(8.02725e-05 0.000117835 11.6037)
(0.000147197 0.000147104 11.7106)
(1.62064e-05 1.62965e-05 11.211)
(4.4702e-05 1.45836e-05 11.3541)
(5.92144e-05 1.24908e-05 11.5251)
(1.45029e-05 4.48558e-05 11.3548)
(4.37521e-05 4.38616e-05 11.4663)
(6.5692e-05 4.38439e-05 11.6028)
(1.24286e-05 5.92199e-05 11.5265)
(4.3786e-05 6.56193e-05 11.6035)
(7.43469e-05 7.43041e-05 11.7103)
(1.15043e-05 1.15599e-05 11.2109)
(3.03928e-05 9.60555e-06 11.354)
(3.48017e-05 6.84077e-06 11.5251)
(9.54979e-06 3.04772e-05 11.3547)
(2.66775e-05 2.67533e-05 11.4662)
(3.35254e-05 2.18886e-05 11.6027)
(6.79597e-06 3.4756e-05 11.5264)
(2.18396e-05 3.34589e-05 11.6034)
(3.18058e-05 3.1779e-05 11.7102)
(7.95346e-06 7.98352e-06 11.2109)
(2.01576e-05 6.16473e-06 11.354)
(1.93171e-05 3.47104e-06 11.525)
(6.12983e-06 2.01903e-05 11.3546)
(1.56365e-05 1.56798e-05 11.4662)
(1.47176e-05 9.25852e-06 11.6027)
(3.44195e-06 1.92373e-05 11.5264)
(9.22801e-06 1.46542e-05 11.6034)
(8.30663e-06 8.28184e-06 11.7102)
(5.35632e-06 5.37045e-06 11.2108)
(1.30732e-05 3.81648e-06 11.354)
(1.00411e-05 1.46369e-06 11.5251)
(3.79603e-06 1.30749e-05 11.3546)
(8.66381e-06 8.68349e-06 11.4662)
(4.36457e-06 2.2088e-06 11.6027)
(1.44587e-06 9.94992e-06 11.5264)
(2.19178e-06 4.30345e-06 11.6034)
(-3.76792e-06 -3.79267e-06 11.7103)
(3.5031e-06 3.50694e-06 11.2108)
(8.25969e-06 2.24791e-06 11.3539)
(4.6594e-06 3.27876e-07 11.5251)
(2.23798e-06 8.24216e-06 11.3546)
(4.38712e-06 4.38822e-06 11.4662)
(-9.34393e-07 -1.34377e-06 11.6027)
(3.18895e-07 4.56515e-06 11.5264)
(-1.34788e-06 -9.97959e-07 11.6034)
(-8.80782e-06 -8.8394e-06 11.7103)
(2.22008e-06 2.21629e-06 11.2107)
(5.05846e-06 1.24542e-06 11.3539)
(1.6522e-06 -2.26787e-07 11.5251)
(1.24414e-06 5.02633e-06 11.3546)
(1.90535e-06 1.88948e-06 11.4662)
(-3.28136e-06 -2.71041e-06 11.6028)
(-2.27468e-07 1.55404e-06 11.5264)
(-2.69887e-06 -3.35277e-06 11.6035)
(-9.76283e-06 -9.80955e-06 11.7103)
(1.36113e-06 1.35281e-06 11.2107)
(2.99005e-06 6.36991e-07 11.3539)
(8.70221e-08 -4.2908e-07 11.5251)
(6.41722e-07 2.9498e-06 11.3546)
(5.71706e-07 5.42848e-07 11.4662)
(-3.98542e-06 -2.95002e-06 11.6028)
(-4.24084e-07 -9.99586e-09 11.5264)
(-2.92478e-06 -4.06203e-06 11.6035)
(-8.92036e-06 -8.98209e-06 11.7104)
(8.03944e-07 7.94338e-07 11.2107)
(1.69386e-06 2.77398e-07 11.3539)
(-5.86163e-07 -4.83273e-07 11.5251)
(2.85004e-07 1.65306e-06 11.3546)
(-1.15365e-07 -1.49648e-07 11.4662)
(-3.71922e-06 -2.67464e-06 11.6028)
(-4.75147e-07 -6.7494e-07 11.5265)
(-2.6419e-06 -3.7959e-06 11.6035)
(-7.33724e-06 -7.4049e-06 11.7104)
(4.59059e-07 4.49153e-07 11.2106)
(9.1701e-07 8.51732e-08 11.3539)
(-7.93749e-07 -4.4492e-07 11.5251)
(9.43422e-08 8.77921e-07 11.3546)
(-3.98966e-07 -4.35126e-07 11.4662)
(-3.12674e-06 -2.21458e-06 11.6028)
(-4.34408e-07 -8.74268e-07 11.5265)
(-2.17707e-06 -3.20215e-06 11.6035)
(-5.70002e-06 -5.77082e-06 11.7104)
(2.56442e-07 2.45137e-07 11.2106)
(4.77536e-07 -6.62434e-09 11.3539)
(-7.66768e-07 -3.69588e-07 11.5251)
(4.88151e-09 4.36422e-07 11.3546)
(-4.59579e-07 -5.00229e-07 11.4663)
(-2.4633e-06 -1.73571e-06 11.6029)
(-3.55584e-07 -8.47515e-07 11.5265)
(-1.69031e-06 -2.54172e-06 11.6035)
(-4.25858e-06 -4.3393e-06 11.7104)
(1.44309e-07 1.32024e-07 11.2106)
(2.46586e-07 -4.10033e-08 11.3539)
(-6.37798e-07 -2.88054e-07 11.5251)
(-2.76026e-08 2.03607e-07 11.3546)
(-4.12482e-07 -4.57564e-07 11.4663)
(-1.84927e-06 -1.3103e-06 11.6029)
(-2.71262e-07 -7.19803e-07 11.5265)
(-1.25763e-06 -1.93258e-06 11.6036)
(-3.09257e-06 -3.18357e-06 11.7104)
(8.6128e-08 7.42246e-08 11.2106)
(1.35877e-07 -4.50518e-08 11.3539)
(-4.83107e-07 -2.14135e-07 11.5251)
(-3.11647e-08 9.40907e-08 11.3546)
(-3.25228e-07 -3.71686e-07 11.4663)
(-1.33911e-06 -9.62657e-07 11.6029)
(-1.96372e-07 -5.62288e-07 11.5265)
(-9.06906e-07 -1.42327e-06 11.6036)
(-2.20368e-06 -2.29791e-06 11.7105)
(5.81027e-08 4.64147e-08 11.2106)
(8.94455e-08 -3.65544e-08 11.3539)
(-3.40149e-07 -1.54147e-07 11.5251)
(-2.23797e-08 4.8581e-08 11.3546)
(-2.33569e-07 -2.80633e-07 11.4663)
(-9.4273e-07 -6.96034e-07 11.6029)
(-1.35703e-07 -4.17236e-07 11.5265)
(-6.38396e-07 -1.02698e-06 11.6036)
(-1.55185e-06 -1.6482e-06 11.7105)
(4.65419e-08 3.32099e-08 11.2106)
(7.65903e-08 -2.52299e-08 11.3539)
(-2.19412e-07 -1.08895e-07 11.5252)
(-9.22524e-09 3.1689e-08 11.3546)
(-1.5097e-07 -2.02555e-07 11.4663)
(-6.443e-07 -5.00633e-07 11.6029)
(-8.80067e-08 -3.02677e-07 11.5265)
(-4.36741e-07 -7.35375e-07 11.6036)
(-1.08012e-06 -1.18727e-06 11.7105)
(4.28879e-08 2.78076e-08 11.2106)
(7.89097e-08 -1.40985e-08 11.3539)
(-1.23178e-07 -7.49193e-08 11.5252)
(3.96862e-09 2.90963e-08 11.3546)
(-8.21925e-08 -1.39452e-07 11.4663)
(-4.23802e-07 -3.57862e-07 11.6029)
(-5.13689e-08 -2.14347e-07 11.5265)
(-2.86623e-07 -5.23872e-07 11.6036)
(-7.40768e-07 -8.6023e-07 11.7105)
(4.15055e-08 2.61403e-08 11.2106)
(8.42722e-08 -4.4139e-09 11.3539)
(-5.1902e-08 -4.92425e-08 11.5252)
(1.43919e-08 3.30653e-08 11.3546)
(-2.9757e-08 -8.97338e-08 11.4663)
(-2.64985e-07 -2.52242e-07 11.6029)
(-2.48005e-08 -1.45423e-07 11.5265)
(-1.77701e-07 -3.6935e-07 11.6036)
(-4.99489e-07 -6.23451e-07 11.7105)
(3.97884e-08 2.44792e-08 11.2106)
(8.6918e-08 2.11049e-09 11.3539)
(-2.62621e-09 -3.12263e-08 11.5252)
(2.10894e-08 3.55269e-08 11.3546)
(6.53331e-09 -5.43771e-08 11.4663)
(-1.53845e-07 -1.76596e-07 11.6029)
(-6.63983e-09 -9.64803e-08 11.5265)
(-1.01102e-07 -2.59591e-07 11.6036)
(-3.29001e-07 -4.53691e-07 11.7105)
(3.82041e-08 2.17828e-08 11.2106)
(8.85927e-08 5.51402e-09 11.3539)
(3.37691e-08 -1.92433e-08 11.5252)
(2.56008e-08 3.40681e-08 11.3546)
(3.25345e-08 -3.15194e-08 11.4663)
(-7.3359e-08 -1.23619e-07 11.6029)
(6.55902e-09 -6.52768e-08 11.5265)
(-4.46535e-08 -1.84233e-07 11.6036)
(-2.02787e-07 -3.33398e-07 11.7105)
(3.69786e-08 2.02014e-08 11.2106)
(9.04152e-08 8.34672e-09 11.3539)
(6.23693e-08 -9.63152e-09 11.5252)
(2.89727e-08 3.43971e-08 11.3546)
(5.25328e-08 -1.35249e-08 11.4663)
(-1.23899e-08 -8.19091e-08 11.6029)
(1.67366e-08 -3.94102e-08 11.5265)
(-7.89937e-10 -1.2666e-07 11.6036)
(-1.06055e-07 -2.39861e-07 11.7105)
(3.52676e-08 2.01173e-08 11.2106)
(9.05607e-08 1.15842e-08 11.3539)
(8.30054e-08 -7.31286e-10 11.5252)
(3.08975e-08 3.82753e-08 11.3546)
(6.68025e-08 3.4017e-09 11.4663)
(3.28809e-08 -4.54101e-08 11.6029)
(2.38864e-08 -1.30332e-08 11.5265)
(3.21063e-08 -7.71917e-08 11.6036)
(-3.33616e-08 -1.59843e-07 11.7105)
(3.27211e-08 1.93254e-08 11.2106)
(8.78356e-08 1.36147e-08 11.3539)
(9.55131e-08 5.93653e-09 11.5252)
(3.11938e-08 4.02212e-08 11.3546)
(7.49688e-08 1.59415e-08 11.4663)
(6.41418e-08 -1.69585e-08 11.6029)
(2.82864e-08 6.99733e-09 11.5265)
(5.49203e-08 -3.88439e-08 11.6036)
(1.97502e-08 -9.66463e-08 11.7105)
(3.06434e-08 1.72396e-08 11.2106)
(8.54041e-08 1.39449e-08 11.3539)
(1.04911e-07 1.00035e-08 11.5252)
(3.13023e-08 3.80212e-08 11.3546)
(8.08476e-08 2.25573e-08 11.4663)
(8.79704e-08 2.48482e-09 11.6029)
(3.18545e-08 1.67542e-08 11.5265)
(7.30247e-08 -1.40149e-08 11.6036)
(6.2314e-08 -5.24309e-08 11.7105)
(2.89709e-08 1.59947e-08 11.2106)
(8.33252e-08 1.44408e-08 11.3539)
(1.11451e-07 1.36037e-08 11.5252)
(3.13873e-08 3.69229e-08 11.3546)
(8.5407e-08 2.79771e-08 11.4663)
(1.06076e-07 1.85375e-08 11.6029)
(3.48087e-08 2.47743e-08 11.5265)
(8.77493e-08 5.28467e-09 11.6036)
(9.56634e-08 -1.68847e-08 11.7105)
(2.68948e-08 1.60397e-08 11.2106)
(7.97138e-08 1.56995e-08 11.3539)
(1.13076e-07 1.74185e-08 11.5252)
(3.07044e-08 3.87765e-08 11.3546)
(8.71042e-08 3.43634e-08 11.4663)
(1.16984e-07 3.36508e-08 11.6029)
(3.60822e-08 3.53652e-08 11.5265)
(9.6865e-08 2.38551e-08 11.6036)
(1.17203e-07 1.5857e-08 11.7105)
(2.44686e-08 1.53593e-08 11.2106)
(7.44201e-08 1.60243e-08 11.3539)
(1.10109e-07 1.94289e-08 11.5252)
(2.91564e-08 3.86033e-08 11.3546)
(8.53432e-08 3.78155e-08 11.4663)
(1.20422e-07 4.30792e-08 11.6029)
(3.56842e-08 4.12677e-08 11.5265)
(9.98083e-08 3.61642e-08 11.6036)
(1.27939e-07 3.81643e-08 11.7105)
(2.26736e-08 1.3137e-08 11.2106)
(7.01353e-08 1.46337e-08 11.3539)
(1.07278e-07 1.90669e-08 11.5252)
(2.78343e-08 3.38352e-08 11.3546)
(8.31598e-08 3.6093e-08 11.4663)
(1.21679e-07 4.52732e-08 11.6029)
(3.52559e-08 3.82725e-08 11.5265)
(1.01226e-07 3.85775e-08 11.6036)
(1.35725e-07 4.67284e-08 11.7105)
(2.17357e-08 1.22918e-08 11.2106)
(6.778e-08 1.41087e-08 11.3539)
(1.05769e-07 1.92423e-08 11.5252)
(2.71729e-08 3.18332e-08 11.3546)
(8.21884e-08 3.56407e-08 11.4663)
(1.23028e-07 4.76228e-08 11.6029)
(3.52359e-08 3.76351e-08 11.5265)
(1.02921e-07 4.10399e-08 11.6036)
(1.41677e-07 5.39213e-08 11.7105)
(2.07302e-08 1.33142e-08 11.2106)
(6.52409e-08 1.51555e-08 11.3539)
(1.02849e-07 2.07967e-08 11.5252)
(2.63517e-08 3.47171e-08 11.3546)
(8.06511e-08 3.89504e-08 11.4663)
(1.22248e-07 5.29493e-08 11.6029)
(3.45187e-08 4.37349e-08 11.5265)
(1.02439e-07 4.83651e-08 11.6036)
(1.42445e-07 6.54332e-08 11.7105)
(1.8714e-08 1.29112e-08 11.2106)
(5.98997e-08 1.49713e-08 11.3539)
(9.58189e-08 2.08289e-08 11.5252)
(2.44123e-08 3.43227e-08 11.3546)
(7.58319e-08 3.93688e-08 11.4663)
(1.16435e-07 5.43591e-08 11.6029)
(3.25097e-08 4.51125e-08 11.5265)
(9.78357e-08 5.13089e-08 11.6036)
(1.37457e-07 7.04812e-08 11.7105)
(1.71709e-08 1.05636e-08 11.2106)
(5.54645e-08 1.29506e-08 11.3539)
(8.98957e-08 1.88279e-08 11.5252)
(2.28469e-08 2.84569e-08 11.3546)
(7.15029e-08 3.46784e-08 11.4663)
(1.11058e-07 5.00801e-08 11.6029)
(3.11328e-08 3.70713e-08 11.5265)
(9.42895e-08 4.53133e-08 11.6036)
(1.34569e-07 6.4691e-08 11.7105)
(1.66318e-08 9.50648e-09 11.2106)
(5.3478e-08 1.18624e-08 11.3539)
(8.64003e-08 1.77176e-08 11.5252)
(2.22805e-08 2.51321e-08 11.3546)
(6.96024e-08 3.15948e-08 11.4663)
(1.08107e-07 4.7253e-08 11.6029)
(3.08134e-08 3.12765e-08 11.5265)
(9.33073e-08 4.02221e-08 11.6036)
(1.33773e-07 5.9863e-08 11.7105)
(1.55817e-08 9.60988e-09 11.2106)
(5.0375e-08 1.1783e-08 11.3539)
(8.10462e-08 1.76603e-08 11.5252)
(2.12653e-08 2.50243e-08 11.3546)
(6.67845e-08 3.11025e-08 11.4663)
(1.03524e-07 4.7056e-08 11.6029)
(2.9733e-08 3.08146e-08 11.5265)
(9.06303e-08 3.93743e-08 11.6036)
(1.29508e-07 6.01137e-08 11.7105)
(1.38218e-08 8.23554e-09 11.2106)
(4.53167e-08 1.03966e-08 11.3539)
(7.3227e-08 1.59697e-08 11.5252)
(1.93957e-08 2.15058e-08 11.3546)
(6.15244e-08 2.76131e-08 11.4663)
(9.56408e-08 4.29045e-08 11.6029)
(2.75882e-08 2.59544e-08 11.5265)
(8.4726e-08 3.4682e-08 11.6036)
(1.21418e-07 5.48583e-08 11.7105)
(1.31944e-08 5.39311e-09 11.2106)
(4.30048e-08 7.56323e-09 11.3539)
(6.94829e-08 1.25229e-08 11.5252)
(1.84773e-08 1.37308e-08 11.3546)
(5.83923e-08 2.0023e-08 11.4663)
(9.09152e-08 3.38192e-08 11.6029)
(2.64965e-08 1.36435e-08 11.5265)
(8.11385e-08 2.28889e-08 11.6036)
(1.17591e-07 4.05442e-08 11.7105)
(1.3388e-08 3.86008e-09 11.2106)
(4.30633e-08 5.73083e-09 11.3539)
(6.9188e-08 1.01835e-08 11.5252)
(1.84495e-08 8.7859e-09 11.3546)
(5.78172e-08 1.44469e-08 11.4663)
(8.98459e-08 2.70099e-08 11.6029)
(2.63877e-08 5.02982e-09 11.5265)
(8.03687e-08 1.35819e-08 11.6036)
(1.16983e-07 2.94899e-08 11.7105)
(1.32501e-08 4.09618e-09 11.2106)
(4.26782e-08 5.55937e-09 11.3539)
(6.84634e-08 9.72392e-09 11.5252)
(1.82065e-08 8.81477e-09 11.3546)
(5.7162e-08 1.3332e-08 11.4663)
(8.87769e-08 2.51856e-08 11.6029)
(2.58205e-08 4.73505e-09 11.5265)
(7.89429e-08 1.16707e-08 11.6036)
(1.14546e-07 2.73973e-08 11.7105)
(1.27769e-08 3.63252e-09 11.2106)
(4.13346e-08 4.94346e-09 11.3539)
(6.65057e-08 8.6868e-09 11.5252)
(1.75593e-08 7.61232e-09 11.3546)
(5.52868e-08 1.16321e-08 11.4663)
(8.6011e-08 2.2333e-08 11.6029)
(2.47968e-08 3.10454e-09 11.5265)
(7.59279e-08 9.33524e-09 11.6036)
(1.10337e-07 2.37943e-08 11.7105)
(1.30727e-08 1.54853e-09 11.2106)
(4.18701e-08 2.95017e-09 11.3539)
(6.7567e-08 6.32869e-09 11.5252)
(1.77065e-08 2.03065e-09 11.3546)
(5.52797e-08 6.35309e-09 11.4663)
(8.6236e-08 1.60983e-08 11.6029)
(2.50609e-08 -5.7029e-09 11.5265)
(7.60807e-08 1.01863e-09 11.6036)
(1.11737e-07 1.33239e-08 11.7105)
(1.41918e-08 8.16702e-10 11.2106)
(4.46828e-08 2.11196e-09 11.3539)
(7.15119e-08 5.41845e-09 11.5252)
(1.88509e-08 -5.68535e-10 11.3546)
(5.8097e-08 3.60156e-09 11.4663)
(9.01929e-08 1.32132e-08 11.6029)
(2.66158e-08 -1.07913e-08 11.5265)
(7.99714e-08 -4.23009e-09 11.6036)
(1.17484e-07 7.31976e-09 11.7105)
(1.48654e-08 1.83637e-09 11.2106)
(4.66382e-08 2.91145e-09 11.3539)
(7.38582e-08 6.31089e-09 11.5252)
(1.96682e-08 1.6386e-09 11.3546)
(6.04861e-08 5.17047e-09 11.4663)
(9.32142e-08 1.50571e-08 11.6029)
(2.75191e-08 -8.28526e-09 11.5265)
(8.2707e-08 -2.6657e-09 11.6036)
(1.2043e-07 9.72795e-09 11.7105)
(1.41032e-08 1.34116e-09 11.2106)
(4.48299e-08 2.44516e-09 11.3539)
(7.13439e-08 5.73676e-09 11.5252)
(1.89814e-08 4.62194e-10 11.3546)
(5.88891e-08 3.99802e-09 11.4663)
(9.09558e-08 1.35598e-08 11.6029)
(2.66997e-08 -9.76294e-09 11.5265)
(8.06878e-08 -4.16273e-09 11.6036)
(1.1743e-07 8.12309e-09 11.7105)
(1.37555e-08 -6.27215e-10 11.2106)
(4.38417e-08 5.72432e-10 11.3539)
(7.0328e-08 3.60009e-09 11.5252)
(1.85507e-08 -4.84456e-09 11.3546)
(5.76297e-08 -1.00656e-09 11.4663)
(8.94869e-08 7.85108e-09 11.6029)
(2.62598e-08 -1.79472e-08 11.5265)
(7.93399e-08 -1.18191e-08 11.6036)
(1.16405e-07 -8.56756e-10 11.7105)
(1.46149e-08 -8.31393e-11 11.2106)
(4.59517e-08 8.14613e-10 11.3539)
(7.30456e-08 3.70481e-09 11.5252)
(1.92961e-08 -4.18549e-09 11.3546)
(5.94409e-08 -1.10024e-09 11.4663)
(9.17441e-08 7.39212e-09 11.6029)
(2.69804e-08 -1.81318e-08 11.5265)
(8.11115e-08 -1.29713e-08 11.6036)
(1.18365e-07 -2.28833e-09 11.7105)
(1.50468e-08 2.77305e-09 11.2106)
(4.73175e-08 3.33272e-09 11.3539)
(7.47034e-08 6.44001e-09 11.5252)
(1.97521e-08 3.11175e-09 11.3546)
(6.09484e-08 5.10995e-09 11.4663)
(9.35112e-08 1.41407e-08 11.6029)
(2.71998e-08 -7.23687e-09 11.5265)
(8.21382e-08 -3.75915e-09 11.6036)
(1.18202e-07 8.70131e-09 11.7105)
(1.45727e-08 4.45256e-09 11.2106)
(4.62729e-08 5.11254e-09 11.3539)
(7.32725e-08 8.47584e-09 11.5252)
(1.93127e-08 8.22932e-09 11.3546)
(6.00223e-08 1.03022e-08 11.4663)
(9.20961e-08 1.99121e-08 11.6029)
(2.65856e-08 1.48348e-09 11.5265)
(8.07153e-08 4.88874e-09 11.6036)
(1.15413e-07 1.85207e-08 11.7105)
(1.47918e-08 4.35737e-09 11.2106)
(4.67455e-08 5.39701e-09 11.3539)
(7.38108e-08 9.04934e-09 11.5252)
(1.95704e-08 8.48872e-09 11.3546)
(6.05732e-08 1.15779e-08 11.4663)
(9.27108e-08 2.19128e-08 11.6029)
(2.70935e-08 1.84014e-09 11.5265)
(8.19205e-08 6.67591e-09 11.6036)
(1.17316e-07 2.05609e-08 11.7105)
(1.50293e-08 5.17094e-09 11.2106)
(4.73106e-08 6.39969e-09 11.3539)
(7.39368e-08 1.06379e-08 11.5252)
(2.00584e-08 1.04787e-08 11.3546)
(6.18924e-08 1.41913e-08 11.4663)
(9.40051e-08 2.61166e-08 11.6029)
(2.80909e-08 4.05241e-09 11.5265)
(8.47213e-08 9.81656e-09 11.6036)
(1.20423e-07 2.5608e-08 11.7105)
(1.38223e-08 7.06792e-09 11.2106)
(4.42771e-08 8.36972e-09 11.3539)
(6.86356e-08 1.33212e-08 11.5252)
(1.92189e-08 1.55503e-08 11.3546)
(6.00648e-08 1.94156e-08 11.4663)
(9.0594e-08 3.32866e-08 11.6029)
(2.73936e-08 1.16979e-08 11.5265)
(8.35599e-08 1.76527e-08 11.6036)
(1.16949e-07 3.69631e-08 11.7105)
(1.12463e-08 7.18471e-09 11.2106)
(3.72982e-08 8.69864e-09 11.3539)
(5.76881e-08 1.38478e-08 11.5252)
(1.67658e-08 1.63896e-08 11.3546)
(5.35794e-08 2.07814e-08 11.4663)
(8.05126e-08 3.51763e-08 11.6029)
(2.46827e-08 1.35888e-08 11.5265)
(7.64646e-08 2.03709e-08 11.6036)
(1.05915e-07 4.1054e-08 11.7105)
(8.93088e-09 4.86196e-09 11.2106)
(3.06298e-08 6.60898e-09 11.3539)
(4.76311e-08 1.15534e-08 11.5252)
(1.43363e-08 1.04132e-08 11.3545)
(4.66577e-08 1.55363e-08 11.4663)
(7.02453e-08 2.94283e-08 11.6029)
(2.20766e-08 4.66299e-09 11.5265)
(6.91184e-08 1.27013e-08 11.6036)
(9.60773e-08 3.247e-08 11.7105)
(7.40586e-09 3.94058e-09 11.2106)
(2.59939e-08 5.48634e-09 11.3539)
(4.02041e-08 1.02161e-08 11.5252)
(1.26652e-08 7.29626e-09 11.3545)
(4.17014e-08 1.20289e-08 11.4663)
(6.25253e-08 2.5412e-08 11.6029)
(2.02482e-08 -7.05696e-10 11.5265)
(6.38395e-08 6.98789e-09 11.6036)
(8.82257e-08 2.63405e-08 11.7105)
(5.7365e-09 5.16662e-09 11.2106)
(2.11962e-08 6.32444e-09 11.3539)
(3.21612e-08 1.09505e-08 11.5252)
(1.08848e-08 1.0066e-08 11.3545)
(3.67187e-08 1.36585e-08 11.4663)
(5.43545e-08 2.67771e-08 11.6029)
(1.79452e-08 3.21534e-09 11.5265)
(5.76382e-08 9.34292e-09 11.6036)
(7.77534e-08 2.95847e-08 11.7105)
(3.12625e-09 4.87909e-09 11.2106)
(1.38531e-08 6.00737e-09 11.3539)
(2.08796e-08 1.04282e-08 11.5252)
(8.12003e-09 9.63148e-09 11.3545)
(2.89813e-08 1.30183e-08 11.4663)
(4.25117e-08 2.55401e-08 11.6029)
(1.46637e-08 3.30368e-09 11.5265)
(4.84674e-08 9.1604e-09 11.6036)
(6.38905e-08 2.92386e-08 11.7105)
(1.29145e-09 2.52955e-09 11.2106)
(8.25297e-09 3.87822e-09 11.3539)
(1.21949e-08 8.10261e-09 11.5252)
(6.10215e-09 3.53373e-09 11.3545)
(2.28409e-08 7.57448e-09 11.4663)
(3.3107e-08 1.95941e-08 11.6029)
(1.25993e-08 -5.94684e-09 11.5265)
(4.21595e-08 9.65696e-10 11.6036)
(5.52532e-08 1.97774e-08 11.7105)
(5.16292e-10 1.80082e-09 11.2106)
(5.32675e-09 3.10481e-09 11.3539)
(6.24768e-09 7.38401e-09 11.5252)
(5.27326e-09 9.08003e-10 11.3545)
(1.98157e-08 4.98104e-09 11.4663)
(2.72438e-08 1.72136e-08 11.6029)
(1.19515e-08 -1.12933e-08 11.5265)
(3.9708e-08 -4.17299e-09 11.6036)
(5.06011e-08 1.47128e-08 11.7105)
(-1.31019e-09 2.57365e-09 11.2106)
(-8.58198e-11 3.78683e-09 11.3539)
(-3.67018e-09 8.43847e-09 11.5252)
(3.59654e-09 2.57304e-09 11.3545)
(1.49897e-08 6.37423e-09 11.4663)
(1.84472e-08 1.96738e-08 11.6029)
(1.02324e-08 -9.34825e-09 11.5265)
(3.50315e-08 -2.59994e-09 11.6036)
(4.15331e-08 1.85719e-08 11.7105)
(-4.65728e-09 1.67044e-09 11.2106)
(-9.66159e-09 3.06693e-09 11.3539)
(-1.93122e-08 7.84146e-09 11.5252)
(2.94392e-10 4.60411e-10 11.3545)
(5.68371e-09 4.75166e-09 11.4663)
(3.42677e-09 1.84531e-08 11.6029)
(6.68827e-09 -1.20822e-08 11.5265)
(2.51574e-08 -4.5491e-09 11.6036)
(2.5895e-08 1.77631e-08 11.7105)
(-7.31514e-09 -1.29513e-09 11.2106)
(-1.77964e-08 3.42397e-10 11.3539)
(-3.27129e-08 4.84868e-09 11.5252)
(-2.56879e-09 -7.46047e-09 11.3545)
(-2.96147e-09 -2.36295e-09 11.4663)
(-1.04381e-08 1.07561e-08 11.6029)
(3.61927e-09 -2.45614e-08 11.5265)
(1.60186e-08 -1.55654e-08 11.6036)
(1.27044e-08 5.69152e-09 11.7105)
(-9.34923e-09 -3.33318e-09 11.2106)
(-2.41845e-08 -1.80914e-09 11.3539)
(-4.35423e-08 2.44826e-09 11.5252)
(-4.80819e-09 -1.36517e-08 11.3545)
(-9.84582e-09 -8.65346e-09 11.4663)
(-2.17142e-08 3.93031e-09 11.6029)
(1.1811e-09 -3.50559e-08 11.5265)
(8.69978e-09 -2.58997e-08 11.6036)
(1.5637e-09 -5.14718e-09 11.7105)
(-1.18196e-08 -3.66983e-09 11.2106)
(-3.1387e-08 -2.43999e-09 11.3539)
(-5.53857e-08 1.69426e-09 11.5252)
(-7.42607e-09 -1.50998e-08 11.3545)
(-1.73382e-08 -1.09037e-08 11.4663)
(-3.37615e-08 1.45835e-09 11.6029)
(-1.96266e-09 -3.75017e-08 11.5265)
(-1.71708e-11 -2.93837e-08 11.6036)
(-1.23796e-08 -7.77255e-09 11.7105)
(-1.46365e-08 -4.71865e-09 11.2106)
(-3.96418e-08 -3.6129e-09 11.3539)
(-6.85781e-08 9.31591e-11 11.5252)
(-1.05398e-08 -1.78323e-08 11.3545)
(-2.63794e-08 -1.39958e-08 11.4663)
(-4.79559e-08 -2.71256e-09 11.6029)
(-5.73528e-09 -4.12421e-08 11.5265)
(-1.08727e-08 -3.35105e-08 11.6036)
(-2.8666e-08 -1.27003e-08 11.7105)
(-1.64545e-08 -7.82314e-09 11.2106)
(-4.54044e-08 -6.62994e-09 11.3539)
(-7.76308e-08 -3.49402e-09 11.5252)
(-1.27162e-08 -2.61147e-08 11.3546)
(-3.3203e-08 -2.19087e-08 11.4663)
(-5.84116e-08 -1.20267e-08 11.6029)
(-8.14414e-09 -5.3977e-08 11.5265)
(-1.83823e-08 -4.54786e-08 11.6036)
(-3.85089e-08 -2.71641e-08 11.7105)
(-1.71884e-08 -1.03617e-08 11.2106)
(-4.81784e-08 -9.25944e-09 11.3539)
(-8.25524e-08 -6.52121e-09 11.5252)
(-1.36746e-08 -3.35658e-08 11.3546)
(-3.66214e-08 -2.9381e-08 11.4663)
(-6.40321e-08 -2.04188e-08 11.6029)
(-9.05011e-09 -6.63534e-08 11.5265)
(-2.1644e-08 -5.76261e-08 11.6036)
(-4.2808e-08 -4.09518e-08 11.7105)
(-1.82423e-08 -1.14861e-08 11.2106)
(-5.14869e-08 -1.06289e-08 11.3539)
(-8.86935e-08 -8.13296e-09 11.5252)
(-1.48346e-08 -3.72426e-08 11.3546)
(-4.01366e-08 -3.36918e-08 11.4663)
(-7.01569e-08 -2.52862e-08 11.6029)
(-1.05238e-08 -7.26504e-08 11.5265)
(-2.58409e-08 -6.46985e-08 11.6036)
(-4.97101e-08 -4.80358e-08 11.7105)
(-2.08767e-08 -1.37259e-08 11.2106)
(-5.89494e-08 -1.29616e-08 11.3539)
(-1.0048e-07 -1.08721e-08 11.5252)
(-1.76074e-08 -4.33538e-08 11.3546)
(-4.79156e-08 -4.00854e-08 11.4663)
(-8.21579e-08 -3.2774e-08 11.6029)
(-1.38675e-08 -8.14261e-08 11.5265)
(-3.51679e-08 -7.37746e-08 11.6036)
(-6.34957e-08 -5.78767e-08 11.7105)
(-2.31366e-08 -1.71474e-08 11.2106)
(-6.571e-08 -1.64455e-08 11.3539)
(-1.10847e-07 -1.49777e-08 11.5252)
(-2.01362e-08 -5.28042e-08 11.3546)
(-5.54423e-08 -4.96033e-08 11.4663)
(-9.34216e-08 -4.39025e-08 11.6029)
(-1.67521e-08 -9.58593e-08 11.5265)
(-4.37033e-08 -8.80737e-08 11.6036)
(-7.48611e-08 -7.4652e-08 11.7105)
(-2.3666e-08 -1.86177e-08 11.2106)
(-6.80089e-08 -1.83296e-08 11.3539)
(-1.15017e-07 -1.75671e-08 11.5252)
(-2.09823e-08 -5.76731e-08 11.3546)
(-5.86781e-08 -5.54136e-08 11.4663)
(-9.87518e-08 -5.14872e-08 11.6029)
(-1.77259e-08 -1.04686e-07 11.5265)
(-4.73368e-08 -9.80175e-08 11.6036)
(-7.9586e-08 -8.74717e-08 11.7105)
(-2.40359e-08 -1.83485e-08 11.2106)
(-6.93865e-08 -1.85634e-08 11.3539)
(-1.17346e-07 -1.83696e-08 11.5252)
(-2.15115e-08 -5.74926e-08 11.3546)
(-6.05729e-08 -5.66178e-08 11.4663)
(-1.01776e-07 -5.41502e-08 11.6029)
(-1.8411e-08 -1.0503e-07 11.5265)
(-4.9646e-08 -1.00399e-07 11.6036)
(-8.27818e-08 -9.18875e-08 11.7105)
(-2.52995e-08 -1.8597e-08 11.2106)
(-7.2919e-08 -1.90945e-08 11.3539)
(-1.22198e-07 -1.9531e-08 11.5252)
(-2.28482e-08 -5.79771e-08 11.3546)
(-6.44484e-08 -5.79523e-08 11.4663)
(-1.07214e-07 -5.72241e-08 11.6029)
(-1.98776e-08 -1.05254e-07 11.5265)
(-5.40572e-08 -1.01988e-07 11.6036)
(-8.84692e-08 -9.62048e-08 11.7105)
(-2.58206e-08 -1.94801e-08 11.2106)
(-7.47092e-08 -2.01267e-08 11.3539)
(-1.24594e-07 -2.12198e-08 11.5252)
(-2.34502e-08 -6.02959e-08 11.3546)
(-6.6657e-08 -6.06311e-08 11.4663)
(-1.10276e-07 -6.16761e-08 11.6029)
(-2.02812e-08 -1.09205e-07 11.5265)
(-5.59494e-08 -1.06473e-07 11.6036)
(-8.99228e-08 -1.04315e-07 11.7105)
(-2.51713e-08 -1.94508e-08 11.2106)
(-7.33787e-08 -2.02986e-08 11.3539)
(-1.22662e-07 -2.17619e-08 11.5252)
(-2.27669e-08 -6.05834e-08 11.3546)
(-6.53874e-08 -6.13266e-08 11.4663)
(-1.08461e-07 -6.3293e-08 11.6029)
(-1.90154e-08 -1.10902e-07 11.5265)
(-5.32487e-08 -1.08772e-07 11.6036)
(-8.5271e-08 -1.09114e-07 11.7105)
(-2.40346e-08 -1.87538e-08 11.2106)
(-7.03822e-08 -1.97101e-08 11.3539)
(-1.18332e-07 -2.12002e-08 11.5252)
(-2.14537e-08 -5.88856e-08 11.3546)
(-6.19747e-08 -5.98964e-08 11.4663)
(-1.03557e-07 -6.18495e-08 11.6029)
(-1.71174e-08 -1.09164e-07 11.5265)
(-4.82492e-08 -1.07553e-07 11.6036)
(-7.79994e-08 -1.08538e-07 11.7105)
(-2.23396e-08 -1.8967e-08 11.2106)
(-6.58536e-08 -1.98511e-08 11.3539)
(-1.11741e-07 -2.14819e-08 11.5252)
(-1.96744e-08 -5.93223e-08 11.3546)
(-5.72884e-08 -6.00952e-08 11.4663)
(-9.67891e-08 -6.23741e-08 11.6029)
(-1.48465e-08 -1.1038e-07 11.5265)
(-4.23365e-08 -1.08508e-07 11.6036)
(-6.9072e-08 -1.10742e-07 11.7105)
(-1.94443e-08 -2.02249e-08 11.2106)
(-5.80245e-08 -2.09674e-08 11.3539)
(-9.96914e-08 -2.28058e-08 11.5252)
(-1.67389e-08 -6.26858e-08 11.3546)
(-4.94903e-08 -6.2914e-08 11.4663)
(-8.48833e-08 -6.56335e-08 11.6029)
(-1.11878e-08 -1.1632e-07 11.5265)
(-3.26966e-08 -1.13663e-07 11.6036)
(-5.36342e-08 -1.17983e-07 11.7105)
(-1.57454e-08 -1.97336e-08 11.2106)
(-4.76607e-08 -2.05794e-08 11.3539)
(-8.36467e-08 -2.24284e-08 11.5252)
(-1.28926e-08 -6.17304e-08 11.3546)
(-3.88277e-08 -6.20821e-08 11.4663)
(-6.85526e-08 -6.47038e-08 11.6029)
(-6.5917e-09 -1.15805e-07 11.5265)
(-2.00452e-08 -1.1338e-07 11.6036)
(-3.44281e-08 -1.18464e-07 11.7105)
(-1.2628e-08 -1.72529e-08 11.2106)
(-3.83119e-08 -1.82543e-08 11.3539)
(-6.89439e-08 -1.98449e-08 11.5252)
(-9.518e-09 -5.51035e-08 11.3546)
(-2.87939e-08 -5.59722e-08 11.4663)
(-5.30608e-08 -5.78884e-08 11.6029)
(-2.91474e-09 -1.05704e-07 11.5265)
(-9.1292e-09 -1.04224e-07 11.6036)
(-1.88152e-08 -1.08009e-07 11.7105)
(-1.10124e-08 -1.58594e-08 11.2106)
(-3.28225e-08 -1.6676e-08 11.3539)
(-5.91688e-08 -1.79579e-08 11.5252)
(-7.64155e-09 -5.06209e-08 11.3546)
(-2.26375e-08 -5.11492e-08 11.4663)
(-4.26519e-08 -5.23389e-08 11.6029)
(-8.94563e-10 -9.74667e-08 11.5265)
(-2.70426e-09 -9.57066e-08 11.6036)
(-9.07592e-09 -9.82446e-08 11.7105)
(-9.30146e-09 -1.57542e-08 11.2106)
(-2.73602e-08 -1.62025e-08 11.3539)
(-4.92141e-08 -1.71435e-08 11.5252)
(-5.70558e-09 -4.96699e-08 11.3546)
(-1.66501e-08 -4.92028e-08 11.4663)
(-3.22363e-08 -4.95125e-08 11.6029)
(1.49022e-09 -9.50957e-08 11.5265)
(4.35513e-09 -9.19739e-08 11.6036)
(2.55651e-09 -9.39506e-08 11.7105)
(-7.11944e-09 -1.38952e-08 11.2106)
(-2.0807e-08 -1.42378e-08 11.3539)
(-3.8541e-08 -1.46791e-08 11.5252)
(-3.2369e-09 -4.46703e-08 11.3546)
(-9.32484e-09 -4.38502e-08 11.4663)
(-2.0607e-08 -4.28138e-08 11.6029)
(4.48999e-09 -8.77085e-08 11.5265)
(1.30917e-08 -8.41036e-08 11.6036)
(1.54544e-08 -8.44936e-08 11.7105)
(-6.15598e-09 -1.08365e-08 11.2106)
(-1.7272e-08 -1.1119e-08 11.3539)
(-3.25115e-08 -1.08438e-08 11.5252)
(-1.89331e-09 -3.6186e-08 11.3546)
(-4.63426e-09 -3.53359e-08 11.4663)
(-1.30118e-08 -3.2432e-08 11.6029)
(6.00682e-09 -7.41263e-08 11.5265)
(1.84085e-08 -7.06509e-08 11.6036)
(2.24167e-08 -6.77196e-08 11.7105)
(-6.42832e-09 -9.37604e-09 11.2106)
(-1.72555e-08 -9.38327e-09 11.3539)
(-3.15114e-08 -8.64219e-09 11.5252)
(-1.97552e-09 -3.14226e-08 11.3546)
(-3.9776e-09 -2.99897e-08 11.4663)
(-1.11856e-08 -2.59786e-08 11.6029)
(5.77893e-09 -6.519e-08 11.5265)
(1.8698e-08 -6.10027e-08 11.6036)
(2.27457e-08 -5.59218e-08 11.7105)
(-5.78117e-09 -9.34675e-09 11.2106)
(-1.52887e-08 -9.09865e-09 11.3539)
(-2.79136e-08 -8.25694e-09 11.5252)
(-1.40963e-09 -3.08286e-08 11.3546)
(-2.19173e-09 -2.87258e-08 11.4663)
(-7.8785e-09 -2.45436e-08 11.6029)
(6.21037e-09 -6.35509e-08 11.5265)
(2.01163e-08 -5.83445e-08 11.6036)
(2.56193e-08 -5.31869e-08 11.7105)
(-4.47756e-09 -7.93068e-09 11.2106)
(-1.15322e-08 -7.7849e-09 11.3539)
(-2.18556e-08 -6.83338e-09 11.5252)
(-1.66566e-10 -2.71312e-08 11.3546)
(1.42952e-09 -2.52963e-08 11.4663)
(-2.05653e-09 -2.08977e-08 11.6029)
(7.35753e-09 -5.77372e-08 11.5265)
(2.35187e-08 -5.29122e-08 11.6036)
(3.0704e-08 -4.72633e-08 11.7105)
(-3.71718e-09 -4.85861e-09 11.2106)
(-8.85536e-09 -4.94006e-09 11.3539)
(-1.71717e-08 -3.74204e-09 11.5252)
(6.28955e-10 -1.87076e-08 11.3546)
(4.26357e-09 -1.76902e-08 11.4663)
(2.7253e-09 -1.27609e-08 11.6029)
(7.79669e-09 -4.38636e-08 11.5265)
(2.55061e-08 -4.03961e-08 11.6036)
(3.30369e-08 -3.30606e-08 11.7105)
(-3.45042e-09 -2.84143e-09 11.2106)
(-7.61694e-09 -2.8997e-09 11.3539)
(-1.43906e-08 -1.68353e-09 11.5252)
(8.3907e-10 -1.24927e-08 11.3546)
(5.31741e-09 -1.16249e-08 11.4663)
(5.03615e-09 -6.83418e-09 11.6029)
(7.61279e-09 -3.28437e-08 11.5265)
(2.53741e-08 -2.97621e-08 11.6036)
(3.30796e-08 -2.22391e-08 11.7105)
(-2.67167e-09 -3.02923e-09 11.2106)
(-5.22466e-09 -2.83108e-09 11.3539)
(-9.5622e-09 -1.66024e-09 11.5252)
(1.57967e-09 -1.22818e-08 11.3546)
(7.47077e-09 -1.07521e-08 11.4663)
(9.32796e-09 -6.18839e-09 11.6029)
(8.46919e-09 -3.16509e-08 11.5265)
(2.76729e-08 -2.76816e-08 11.6036)
(3.80076e-08 -2.13534e-08 11.7105)
(-1.64032e-09 -2.71452e-09 11.2106)
(-2.12739e-09 -2.45817e-09 11.3539)
(-4.1473e-09 -1.1378e-09 11.5252)
(2.76255e-09 -1.14361e-08 11.3546)
(1.09106e-08 -9.67624e-09 11.4663)
(1.5146e-08 -4.75875e-09 11.6029)
(1.00603e-08 -3.04388e-08 11.5265)
(3.21449e-08 -2.61843e-08 11.6036)
(4.52321e-08 -1.99681e-08 11.7105)
(-1.49868e-09 -1.48512e-09 11.2106)
(-1.26316e-09 -1.29357e-09 11.3539)
(-2.64825e-09 2.87255e-10 11.5252)
(3.14381e-09 -8.21441e-09 11.3546)
(1.24803e-08 -6.71355e-09 11.4663)
(1.76534e-08 -1.16625e-09 11.6029)
(1.05059e-08 -2.55192e-08 11.5265)
(3.39616e-08 -2.1739e-08 11.6036)
(4.73102e-08 -1.41613e-08 11.7105)
(-2.54859e-09 -2.18066e-09 11.2106)
(-3.79635e-09 -1.86615e-09 11.3539)
(-5.93766e-09 -2.92916e-10 11.5252)
(2.15617e-09 -9.76232e-09 11.3546)
(1.01509e-08 -8.01047e-09 11.4663)
(1.46011e-08 -2.57335e-09 11.6029)
(9.34755e-09 -2.71261e-08 11.5265)
(3.10918e-08 -2.30302e-08 11.6036)
(4.32218e-08 -1.52637e-08 11.7105)
(-2.52203e-09 -4.55485e-09 11.2106)
(-3.90274e-09 -4.09987e-09 11.3539)
(-5.64776e-09 -2.79266e-09 11.5252)
(2.00324e-09 -1.61642e-08 11.3546)
(9.50914e-09 -1.39584e-08 11.4663)
(1.40796e-08 -9.2112e-09 11.6029)
(9.19069e-09 -3.69535e-08 11.5265)
(3.03656e-08 -3.21023e-08 11.6036)
(4.32603e-08 -2.58243e-08 11.7105)
(-8.79915e-10 -4.87951e-09 11.2106)
(1.98026e-10 -4.66418e-09 11.3539)
(-2.26676e-11 -3.56941e-09 11.5252)
(3.45322e-09 -1.78357e-08 11.3546)
(1.30581e-08 -1.6168e-08 11.4663)
(1.89286e-08 -1.19418e-08 11.6029)
(1.06996e-08 -4.07807e-08 11.5265)
(3.40653e-08 -3.66001e-08 11.6036)
(4.84322e-08 -3.11992e-08 11.7105)
(3.02442e-10 -3.45713e-09 11.2106)
(3.54297e-09 -3.49728e-09 11.3539)
(4.51061e-09 -2.27747e-09 11.5252)
(4.64416e-09 -1.44086e-08 11.3546)
(1.64579e-08 -1.355e-08 11.4663)
(2.35023e-08 -9.0017e-09 11.6029)
(1.17732e-08 -3.58394e-08 11.5265)
(3.7254e-08 -3.29669e-08 11.6036)
(5.18979e-08 -2.64596e-08 11.7105)
(4.6508e-10 -3.35452e-09 11.2106)
(4.20915e-09 -3.25873e-09 11.3539)
(5.53808e-09 -1.87995e-09 11.5252)
(4.8457e-09 -1.37264e-08 11.3546)
(1.7225e-08 -1.26318e-08 11.4663)
(2.45808e-08 -7.73446e-09 11.6029)
(1.18822e-08 -3.40191e-08 11.5265)
(3.77027e-08 -3.09704e-08 11.6036)
(5.2151e-08 -2.38212e-08 11.7105)
(1.30387e-09 -4.80887e-09 11.2106)
(6.39763e-09 -4.36493e-09 11.3539)
(8.69602e-09 -2.82918e-09 11.5252)
(5.70498e-09 -1.7434e-08 11.3546)
(1.94048e-08 -1.5348e-08 11.4663)
(2.77109e-08 -1.00257e-08 11.6029)
(1.3012e-08 -3.9978e-08 11.5265)
(4.05563e-08 -3.54863e-08 11.6036)
(5.68331e-08 -2.86013e-08 11.7105)
(2.14814e-09 -5.22456e-09 11.2106)
(8.76458e-09 -4.63713e-09 11.3539)
(1.18961e-08 -2.66431e-09 11.5252)
(6.76816e-09 -1.90108e-08 11.3546)
(2.2384e-08 -1.6409e-08 11.4663)
(3.1847e-08 -9.87417e-09 11.6029)
(1.45427e-08 -4.34139e-08 11.5265)
(4.4854e-08 -3.81432e-08 11.6036)
(6.27235e-08 -2.99193e-08 11.7105)
(1.68598e-09 -4.38779e-09 11.2106)
(7.99476e-09 -3.77589e-09 11.3539)
(1.05649e-08 -1.20736e-09 11.5252)
(6.61957e-09 -1.70591e-08 11.3546)
(2.2618e-08 -1.44575e-08 11.4663)
(3.20443e-08 -6.31885e-09 11.6029)
(1.44474e-08 -4.06158e-08 11.5265)
(4.54526e-08 -3.54176e-08 11.6036)
(6.23768e-08 -2.41109e-08 11.7105)
(3.79613e-10 -4.6155e-09 11.2106)
(4.68821e-09 -3.89134e-09 11.3539)
(5.6336e-09 -1.1871e-09 11.5252)
(5.3333e-09 -1.74979e-08 11.3546)
(1.94816e-08 -1.46777e-08 11.4663)
(2.73979e-08 -6.22565e-09 11.6029)
(1.27865e-08 -4.08051e-08 11.5265)
(4.13309e-08 -3.52703e-08 11.6036)
(5.59193e-08 -2.27523e-08 11.7105)
(3.5678e-11 -6.11001e-09 11.2106)
(3.57965e-09 -5.29083e-09 11.3539)
(4.26978e-09 -2.77709e-09 11.5252)
(4.7495e-09 -2.15158e-08 11.3546)
(1.77355e-08 -1.84014e-08 11.4663)
(2.51297e-08 -1.04603e-08 11.6029)
(1.19237e-08 -4.68906e-08 11.5265)
(3.88285e-08 -4.08047e-08 11.6036)
(5.31084e-08 -2.90907e-08 11.7105)
(9.06017e-10 -5.22355e-09 11.2106)
(5.72647e-09 -4.6923e-09 11.3539)
(7.29976e-09 -2.26151e-09 11.5252)
(5.38683e-09 -1.9722e-08 11.3546)
(1.9289e-08 -1.73506e-08 11.4663)
(2.73378e-08 -9.64356e-09 11.6029)
(1.23201e-08 -4.46378e-08 11.5265)
(3.98041e-08 -3.95533e-08 11.6036)
(5.42495e-08 -2.78251e-08 11.7105)
(1.49132e-09 -1.84832e-09 11.2106)
(7.48553e-09 -1.67308e-09 11.3539)
(9.42727e-09 9.34529e-10 11.5252)
(5.85759e-09 -1.08102e-08 11.3546)
(2.08399e-08 -9.64408e-09 11.4663)
(2.91866e-08 -1.58917e-09 11.6029)
(1.21843e-08 -3.07257e-08 11.5265)
(3.9902e-08 -2.75215e-08 11.6036)
(5.28146e-08 -1.40048e-08 11.7105)
(5.5036e-10 -1.70039e-10 11.2106)
(5.25974e-09 1.14963e-10 11.3539)
(6.32978e-09 2.92355e-09 11.5252)
(4.84008e-09 -5.4854e-09 11.3546)
(1.84407e-08 -4.28946e-09 11.4663)
(2.57412e-08 4.08611e-09 11.6029)
(1.05513e-08 -2.09222e-08 11.5265)
(3.57991e-08 -1.78598e-08 11.6036)
(4.62338e-08 -3.1022e-09 11.7105)
(-1.95052e-10 -9.58069e-10 11.2106)
(3.26184e-09 -2.74702e-10 11.3539)
(3.82625e-09 2.75623e-09 11.5252)
(4.004e-09 -6.91663e-09 11.3546)
(1.6166e-08 -4.69829e-09 11.4663)
(2.27847e-08 4.1486e-09 11.6029)
(9.53852e-09 -2.21385e-08 11.5265)
(3.29962e-08 -1.76247e-08 11.6036)
(4.28314e-08 -2.56939e-09 11.7105)
(-2.2159e-10 -7.00362e-10 11.2106)
(3.00006e-09 9.07739e-11 11.3539)
(2.96828e-09 3.46279e-09 11.5252)
(3.95445e-09 -6.44318e-09 11.3546)
(1.58829e-08 -3.86709e-09 11.4663)
(2.19945e-08 5.83826e-09 11.6029)
(9.48351e-09 -2.18628e-08 11.5265)
(3.2732e-08 -1.67702e-08 11.6036)
(4.192e-08 -5.3168e-10 11.7105)
(-1.29413e-09 4.76962e-10 11.2106)
(1.95243e-10 1.22323e-09 11.3539)
(-1.64534e-09 4.9767e-09 11.5252)
(2.93599e-09 -3.31931e-09 11.3546)
(1.33544e-08 -9.66139e-10 11.4663)
(1.78944e-08 9.72442e-09 11.6029)
(8.1295e-09 -1.67025e-08 11.5265)
(2.94638e-08 -1.20154e-08 11.6036)
(3.5969e-08 6.51837e-09 11.7105)
(-3.7932e-09 -1.41714e-10 11.2106)
(-6.5527e-09 6.41443e-10 11.3539)
(-1.14555e-08 4.2238e-09 11.5252)
(2.81527e-10 -4.4551e-09 11.3546)
(6.22884e-09 -2.09428e-09 11.4663)
(7.56268e-09 8.07734e-09 11.6029)
(4.81117e-09 -1.69283e-08 11.5265)
(2.04865e-08 -1.22552e-08 11.6036)
(2.29894e-08 6.25428e-09 11.7105)
(-5.38474e-09 -2.38928e-09 11.2106)
(-1.13169e-08 -1.67871e-09 11.3539)
(-1.82526e-08 1.16715e-09 11.5252)
(-1.76389e-09 -1.03853e-08 11.3546)
(1.40247e-10 -8.1809e-09 11.4663)
(-1.1151e-09 -1.25128e-11 11.6029)
(2.09627e-09 -2.55147e-08 11.5265)
(1.24656e-08 -2.08942e-08 11.6036)
(1.27011e-08 -5.27584e-09 11.7105)
(-5.51123e-09 -3.57789e-09 11.2106)
(-1.2226e-08 -3.266e-09 11.3539)
(-1.96077e-08 -1.13831e-09 11.5252)
(-2.37384e-09 -1.42254e-08 11.3546)
(-2.18501e-09 -1.30269e-08 11.4663)
(-4.48576e-09 -6.81057e-09 11.6029)
(9.77334e-10 -3.18205e-08 11.5265)
(8.66636e-09 -2.85235e-08 11.6036)
(7.89949e-09 -1.5583e-08 11.7105)
(-4.73559e-09 -3.88783e-09 11.2106)
(-1.04238e-08 -3.95052e-09 11.3539)
(-1.69982e-08 -2.27585e-09 11.5252)
(-2.00234e-09 -1.54667e-08 11.3546)
(-1.55178e-09 -1.53969e-08 11.4663)
(-3.55355e-09 -1.04471e-08 11.6029)
(8.25498e-10 -3.36772e-08 11.5265)
(7.88806e-09 -3.21366e-08 11.6036)
(6.89922e-09 -2.06397e-08 11.7105)
(-3.43632e-09 -5.66642e-09 11.2106)
(-7.1896e-09 -5.82905e-09 11.3539)
(-1.21325e-08 -4.77181e-09 11.5252)
(-1.13212e-09 -2.01776e-08 11.3546)
(3.42384e-10 -2.04601e-08 11.4663)
(-6.52911e-10 -1.72524e-08 11.6029)
(1.27609e-09 -4.05668e-08 11.5265)
(8.42791e-09 -3.96869e-08 11.6036)
(8.68589e-09 -3.10535e-08 11.7105)
(-1.51665e-09 -8.90471e-09 11.2106)
(-2.23194e-09 -9.05589e-09 11.3539)
(-4.34112e-09 -8.60352e-09 11.5252)
(4.94903e-10 -2.90837e-08 11.3546)
(4.25776e-09 -2.92443e-08 11.4663)
(5.61657e-09 -2.76623e-08 11.6029)
(2.93462e-09 -5.46071e-08 11.5265)
(1.21911e-08 -5.3601e-08 11.6036)
(1.61687e-08 -4.85538e-08 11.7105)
(4.30172e-10 -1.03179e-08 11.2106)
(2.98545e-09 -1.06726e-08 11.3539)
(3.32816e-09 -1.0413e-08 11.5252)
(2.42388e-09 -3.37376e-08 11.3546)
(9.30943e-09 -3.43255e-08 11.4663)
(1.31152e-08 -3.32352e-08 11.6029)
(5.10375e-09 -6.29053e-08 11.5265)
(1.77732e-08 -6.25407e-08 11.6036)
(2.47731e-08 -5.875e-08 11.7105)
(1.4959e-09 -9.95978e-09 11.2106)
(6.09874e-09 -1.04941e-08 11.3539)
(7.37e-09 -1.00624e-08 11.5252)
(3.59687e-09 -3.3353e-08 11.3546)
(1.27556e-08 -3.45301e-08 11.4663)
(1.77409e-08 -3.29957e-08 11.6029)
(6.18765e-09 -6.29733e-08 11.5265)
(2.10526e-08 -6.3579e-08 11.6036)
(2.84894e-08 -5.85545e-08 11.7105)
(1.29177e-09 -1.09649e-08 11.2106)
(5.82924e-09 -1.14246e-08 11.3539)
(7.17302e-09 -1.10248e-08 11.5252)
(3.36422e-09 -3.59149e-08 11.3546)
(1.24074e-08 -3.699e-08 11.4663)
(1.73783e-08 -3.55949e-08 11.6029)
(5.66735e-09 -6.63181e-08 11.5265)
(1.98504e-08 -6.68582e-08 11.6036)
(2.67266e-08 -6.16508e-08 11.7105)
(1.83713e-09 -1.27832e-08 11.2106)
(7.37061e-09 -1.32381e-08 11.3539)
(1.03931e-08 -1.32028e-08 11.5252)
(3.68934e-09 -4.08726e-08 11.3546)
(1.32389e-08 -4.18769e-08 11.4663)
(1.94502e-08 -4.14431e-08 11.6029)
(5.83671e-09 -7.38449e-08 11.5265)
(2.0147e-08 -7.42254e-08 11.6036)
(2.8701e-08 -7.08424e-08 11.7105)
(4.00373e-09 -1.17322e-08 11.2106)
(1.32086e-08 -1.26066e-08 11.3539)
(1.95717e-08 -1.29399e-08 11.5252)
(5.60964e-09 -3.87409e-08 11.3546)
(1.82981e-08 -4.08113e-08 11.4663)
(2.7407e-08 -4.13482e-08 11.6029)
(7.65412e-09 -7.15798e-08 11.5265)
(2.48266e-08 -7.34749e-08 11.6036)
(3.61646e-08 -7.16423e-08 11.7105)
(6.14108e-09 -8.95851e-09 11.2106)
(1.94403e-08 -1.01601e-08 11.3539)
(2.95856e-08 -1.05032e-08 11.5252)
(7.68174e-09 -3.13253e-08 11.3546)
(2.42863e-08 -3.44639e-08 11.4663)
(3.69071e-08 -3.50953e-08 11.6029)
(9.54715e-09 -6.00539e-08 11.5265)
(3.03128e-08 -6.37554e-08 11.6036)
(4.41773e-08 -6.1761e-08 11.7105)
(7.36534e-09 -7.97341e-09 11.2106)
(2.33515e-08 -9.03242e-09 11.3539)
(3.66919e-08 -9.33736e-09 11.5252)
(8.91844e-09 -2.78213e-08 11.3546)
(2.81154e-08 -3.07532e-08 11.4663)
(4.36745e-08 -3.14272e-08 11.6029)
(1.07241e-08 -5.32725e-08 11.5265)
(3.37765e-08 -5.69658e-08 11.6036)
(5.01517e-08 -5.53268e-08 11.7105)
(8.79704e-09 -8.56522e-09 11.2106)
(2.75812e-08 -9.31452e-09 11.3539)
(4.39592e-08 -9.54725e-09 11.5252)
(1.04035e-08 -2.88852e-08 11.3546)
(3.23622e-08 -3.09744e-08 11.4663)
(5.08511e-08 -3.15416e-08 11.6029)
(1.24512e-08 -5.44985e-08 11.5265)
(3.85132e-08 -5.70476e-08 11.6036)
(5.84028e-08 -5.61896e-08 11.7105)
(9.79239e-09 -7.7858e-09 11.2106)
(3.06634e-08 -8.43231e-09 11.3539)
(4.87802e-08 -8.17172e-09 11.5252)
(1.16487e-08 -2.69914e-08 11.3546)
(3.61506e-08 -2.87526e-08 11.4663)
(5.6679e-08 -2.80483e-08 11.6029)
(1.40396e-08 -5.19013e-08 11.5265)
(4.32366e-08 -5.40035e-08 11.6036)
(6.48782e-08 -5.1401e-08 11.7105)
(9.70775e-09 -5.71323e-09 11.2106)
(3.09605e-08 -6.26579e-09 11.3539)
(4.90615e-08 -5.19932e-09 11.5252)
(1.18408e-08 -2.13518e-08 11.3546)
(3.73968e-08 -2.30122e-08 11.4663)
(5.83787e-08 -2.02114e-08 11.6029)
(1.41899e-08 -4.27205e-08 11.5265)
(4.45927e-08 -4.48234e-08 11.6036)
(6.52009e-08 -3.82464e-08 11.7105)
(9.16629e-09 -4.99614e-09 11.2106)
(2.97033e-08 -5.3002e-09 11.3539)
(4.71278e-08 -3.88703e-09 11.5252)
(1.12503e-08 -1.88061e-08 11.3546)
(3.61392e-08 -1.99281e-08 11.4663)
(5.64542e-08 -1.62995e-08 11.6029)
(1.32115e-08 -3.76332e-08 11.5265)
(4.23298e-08 -3.90246e-08 11.6036)
(6.12814e-08 -3.06665e-08 11.7105)
(9.32197e-09 -5.88814e-09 11.2106)
(3.00926e-08 -5.99941e-09 11.3539)
(4.82175e-08 -4.6714e-09 11.5252)
(1.11522e-08 -2.08191e-08 11.3546)
(3.58289e-08 -2.14022e-08 11.4663)
(5.64965e-08 -1.80513e-08 11.6029)
(1.28163e-08 -3.99957e-08 11.5265)
(4.12095e-08 -4.05472e-08 11.6036)
(6.065e-08 -3.28225e-08 11.7105)
(1.01475e-08 -4.82616e-09 11.2106)
(3.23102e-08 -5.15012e-09 11.3539)
(5.1671e-08 -3.84179e-09 11.5252)
(1.17713e-08 -1.82943e-08 11.3546)
(3.75028e-08 -1.94258e-08 11.4663)
(5.91544e-08 -1.61833e-08 11.6029)
(1.31505e-08 -3.6108e-08 11.5265)
(4.21478e-08 -3.74104e-08 11.6036)
(6.19042e-08 -2.94933e-08 11.7105)
(1.07913e-08 -1.96684e-09 11.2106)
(3.42183e-08 -2.52159e-09 11.3539)
(5.41521e-08 -9.726e-10 11.5252)
(1.22695e-08 -1.06215e-08 11.3546)
(3.91069e-08 -1.26036e-08 11.4663)
(6.12065e-08 -8.84884e-09 11.6029)
(1.30619e-08 -2.38634e-08 11.5265)
(4.23036e-08 -2.6542e-08 11.6036)
(6.07229e-08 -1.67562e-08 11.7105)
(1.03488e-08 -1.43653e-09 11.2106)
(3.32322e-08 -1.76193e-09 11.3539)
(5.29638e-08 -3.15692e-11 11.5252)
(1.1673e-08 -8.36675e-09 11.3546)
(3.76935e-08 -9.93664e-09 11.4663)
(5.92875e-08 -5.87596e-09 11.6029)
(1.19585e-08 -1.88156e-08 11.5265)
(3.94299e-08 -2.10873e-08 11.6036)
(5.63166e-08 -1.04904e-08 11.7105)
(1.01991e-08 -3.36816e-09 11.2106)
(3.28188e-08 -3.29561e-09 11.3539)
(5.2948e-08 -1.48464e-09 11.5252)
(1.13842e-08 -1.30455e-08 11.3546)
(3.68027e-08 -1.35102e-08 11.4663)
(5.84982e-08 -9.28921e-09 11.6029)
(1.16085e-08 -2.52953e-08 11.5265)
(3.82706e-08 -2.598e-08 11.6036)
(5.57713e-08 -1.58717e-08 11.7105)
(1.05582e-08 -3.86622e-09 11.2106)
(3.35951e-08 -3.74182e-09 11.3539)
(5.36167e-08 -1.70815e-09 11.5252)
(1.17397e-08 -1.48764e-08 11.3546)
(3.75647e-08 -1.50594e-08 11.4663)
(5.92404e-08 -1.02033e-08 11.6029)
(1.20896e-08 -2.90204e-08 11.5265)
(3.93669e-08 -2.91935e-08 11.6036)
(5.6999e-08 -1.83584e-08 11.7105)
(9.66767e-09 -3.45752e-09 11.2106)
(3.11604e-08 -3.29808e-09 11.3539)
(4.90311e-08 -7.79557e-10 11.5252)
(1.09903e-08 -1.40194e-08 11.3546)
(3.56562e-08 -1.4159e-08 11.4663)
(5.56044e-08 -7.96301e-09 11.6029)
(1.12346e-08 -2.78701e-08 11.5265)
(3.73469e-08 -2.8031e-08 11.6036)
(5.24841e-08 -1.45251e-08 11.7105)
(7.30275e-09 -5.18259e-09 11.2106)
(2.4502e-08 -4.75135e-09 11.3539)
(3.83117e-08 -2.07362e-09 11.5252)
(8.5991e-09 -1.82699e-08 11.3546)
(2.90476e-08 -1.77085e-08 11.4663)
(4.51408e-08 -1.10795e-08 11.6029)
(8.51778e-09 -3.3478e-08 11.5265)
(2.98861e-08 -3.26295e-08 11.6036)
(4.09359e-08 -1.80641e-08 11.7105)
(5.74842e-09 -8.42047e-09 11.2106)
(1.95274e-08 -7.85056e-09 11.3539)
(3.00355e-08 -5.5502e-09 11.5252)
(6.74875e-09 -2.70638e-08 11.3546)
(2.32711e-08 -2.59784e-08 11.4663)
(3.59238e-08 -2.02699e-08 11.6029)
(6.37158e-09 -4.71744e-08 11.5265)
(2.33085e-08 -4.53544e-08 11.6036)
(3.19323e-08 -3.24528e-08 11.7105)
(5.07113e-09 -9.74203e-09 11.2106)
(1.69593e-08 -9.52433e-09 11.3539)
(2.53829e-08 -7.71898e-09 11.5252)
(5.78473e-09 -3.14639e-08 11.3546)
(1.98907e-08 -3.11361e-08 11.4663)
(3.02601e-08 -2.66174e-08 11.6029)
(5.18271e-09 -5.49417e-08 11.5265)
(1.9318e-08 -5.40062e-08 11.6036)
(2.6187e-08 -4.27902e-08 11.7105)
(3.92228e-09 -9.26829e-09 11.2106)
(1.35977e-08 -9.50063e-09 11.3539)
(1.9974e-08 -8.05645e-09 11.5252)
(4.4519e-09 -3.05977e-08 11.3546)
(1.60227e-08 -3.15632e-08 11.4663)
(2.41813e-08 -2.79615e-08 11.6029)
(3.35793e-09 -5.35696e-08 11.5265)
(1.41944e-08 -5.45438e-08 11.6036)
(1.82206e-08 -4.38476e-08 11.7105)
(1.97207e-09 -1.00111e-08 11.2106)
(8.07793e-09 -1.0412e-08 11.3539)
(1.17332e-08 -9.54592e-09 11.5252)
(2.20999e-09 -3.22637e-08 11.3546)
(9.63649e-09 -3.3823e-08 11.4663)
(1.46651e-08 -3.18588e-08 11.6029)
(4.38091e-10 -5.51433e-08 11.5265)
(5.84214e-09 -5.70361e-08 11.6036)
(6.30631e-09 -4.82128e-08 11.7105)
(5.87011e-10 -1.2412e-08 11.2106)
(3.84111e-09 -1.28554e-08 11.3539)
(5.7739e-09 -1.26778e-08 11.5252)
(4.86474e-10 -3.85876e-08 11.3546)
(4.32342e-09 -4.0226e-08 11.4663)
(7.13882e-09 -4.0138e-08 11.6029)
(-1.61566e-09 -6.44898e-08 11.5265)
(-5.26385e-10 -6.64202e-08 11.6036)
(-1.44355e-09 -6.08285e-08 11.7105)
(1.90983e-10 -1.30086e-08 11.2106)
(2.21979e-09 -1.37898e-08 11.3539)
(3.26146e-09 -1.41404e-08 11.5252)
(-9.46851e-11 -4.07681e-08 11.3546)
(2.07947e-09 -4.31698e-08 11.4663)
(3.78503e-09 -4.44253e-08 11.6029)
(-2.17372e-09 -6.86216e-08 11.5265)
(-2.82666e-09 -7.15244e-08 11.6036)
(-4.11978e-09 -6.82929e-08 11.7105)
(-5.67154e-10 -1.1706e-08 11.2106)
(-1.09699e-10 -1.2871e-08 11.3539)
(-7.95823e-10 -1.35191e-08 11.5252)
(-8.78916e-10 -3.75776e-08 11.3546)
(-3.40478e-10 -4.10785e-08 11.4663)
(-2.99524e-10 -4.31102e-08 11.6029)
(-3.14104e-09 -6.41558e-08 11.5265)
(-5.72184e-09 -6.86628e-08 11.6036)
(-8.93152e-09 -6.61061e-08 11.7105)
(-2.80196e-09 -1.20813e-08 11.2106)
(-6.37891e-09 -1.32972e-08 11.3539)
(-1.03294e-08 -1.42975e-08 11.5252)
(-3.22347e-09 -3.81683e-08 11.3546)
(-6.91191e-09 -4.19342e-08 11.4663)
(-1.02091e-08 -4.50242e-08 11.6029)
(-5.92588e-09 -6.41312e-08 11.5265)
(-1.35677e-08 -6.90754e-08 11.6036)
(-2.04011e-08 -6.76432e-08 11.7105)
(-4.21006e-09 -1.41778e-08 11.2106)
(-1.08457e-08 -1.53803e-08 11.3539)
(-1.71178e-08 -1.68986e-08 11.5252)
(-5.01122e-09 -4.37018e-08 11.3546)
(-1.2453e-08 -4.73997e-08 11.4663)
(-1.84398e-08 -5.19368e-08 11.6029)
(-8.12416e-09 -7.23563e-08 11.5265)
(-2.02833e-08 -7.71092e-08 11.6036)
(-2.91848e-08 -7.81273e-08 11.7105)
(-3.41703e-09 -1.43968e-08 11.2106)
(-9.6296e-09 -1.59598e-08 11.3539)
(-1.62722e-08 -1.79892e-08 11.5252)
(-4.71995e-09 -4.50578e-08 11.3546)
(-1.26503e-08 -4.96095e-08 11.4663)
(-1.9461e-08 -5.54961e-08 11.6029)
(-8.19649e-09 -7.57516e-08 11.5265)
(-2.15041e-08 -8.16127e-08 11.6036)
(-3.08672e-08 -8.48163e-08 11.7105)
(-2.40922e-09 -1.3215e-08 11.2106)
(-7.29046e-09 -1.51085e-08 11.3539)
(-1.35923e-08 -1.73027e-08 11.5252)
(-4.0277e-09 -4.22829e-08 11.3546)
(-1.11914e-08 -4.78364e-08 11.4663)
(-1.79471e-08 -5.42119e-08 11.6029)
(-7.97822e-09 -7.19686e-08 11.5265)
(-2.12774e-08 -7.94243e-08 11.6036)
(-3.12184e-08 -8.29511e-08 11.7105)
(-2.6518e-09 -1.35619e-08 11.2106)
(-7.97198e-09 -1.53838e-08 11.3539)
(-1.48219e-08 -1.76277e-08 11.5252)
(-4.46598e-09 -4.28192e-08 11.3546)
(-1.24394e-08 -4.8359e-08 11.4663)
(-1.99767e-08 -5.50316e-08 11.6029)
(-8.92577e-09 -7.17931e-08 11.5265)
(-2.39811e-08 -7.94271e-08 11.6036)
(-3.54023e-08 -8.30938e-08 11.7105)
(-2.77346e-09 -1.53888e-08 11.2106)
(-8.52721e-09 -1.69777e-08 11.3539)
(-1.59362e-08 -1.92963e-08 11.5252)
(-4.7615e-09 -4.75184e-08 11.3546)
(-1.35294e-08 -5.24337e-08 11.4663)
(-2.17976e-08 -5.93722e-08 11.6029)
(-9.4489e-09 -7.87016e-08 11.5265)
(-2.57647e-08 -8.54127e-08 11.6036)
(-3.76353e-08 -8.97814e-08 11.7105)
(-2.75857e-09 -1.61835e-08 11.2106)
(-8.71751e-09 -1.77271e-08 11.3539)
(-1.66538e-08 -1.99394e-08 11.5252)
(-4.72262e-09 -4.99795e-08 11.3546)
(-1.36841e-08 -5.46217e-08 11.4663)
(-2.23905e-08 -6.11703e-08 11.6029)
(-9.2311e-09 -8.29866e-08 11.5265)
(-2.54682e-08 -8.91727e-08 11.6036)
(-3.73717e-08 -9.32163e-08 11.7105)
(-3.73603e-09 -1.57128e-08 11.2106)
(-1.12732e-08 -1.72591e-08 11.3539)
(-2.07502e-08 -1.91628e-08 11.5252)
(-5.49785e-09 -4.87807e-08 11.3546)
(-1.56336e-08 -5.34126e-08 11.4663)
(-2.5545e-08 -5.90117e-08 11.6029)
(-9.91045e-09 -8.10172e-08 11.5265)
(-2.70521e-08 -8.71638e-08 11.6036)
(-4.04437e-08 -8.94095e-08 11.7105)
(-5.73308e-09 -1.60136e-08 11.2106)
(-1.66956e-08 -1.74532e-08 11.3539)
(-2.89967e-08 -1.93164e-08 11.5252)
(-7.48787e-09 -4.91862e-08 11.3546)
(-2.0967e-08 -5.35743e-08 11.4663)
(-3.35918e-08 -5.90672e-08 11.6029)
(-1.21896e-08 -8.07446e-08 11.5265)
(-3.31546e-08 -8.65088e-08 11.6036)
(-4.96622e-08 -8.80849e-08 11.7105)
(-7.01544e-09 -1.76305e-08 11.2106)
(-2.0523e-08 -1.89873e-08 11.3539)
(-3.44872e-08 -2.112e-08 11.5252)
(-9.05371e-09 -5.32869e-08 11.3546)
(-2.55628e-08 -5.74036e-08 11.4663)
(-4.0122e-08 -6.36112e-08 11.6029)
(-1.40963e-08 -8.64003e-08 11.5265)
(-3.86693e-08 -9.16767e-08 11.6036)
(-5.67362e-08 -9.44566e-08 11.7105)
(-6.59106e-09 -1.77873e-08 11.2106)
(-1.98549e-08 -1.93995e-08 11.3539)
(-3.34287e-08 -2.18895e-08 11.5252)
(-8.98607e-09 -5.40525e-08 11.3546)
(-2.59146e-08 -5.87447e-08 11.4663)
(-4.04828e-08 -6.58483e-08 11.6029)
(-1.42432e-08 -8.78179e-08 11.5265)
(-3.96246e-08 -9.38455e-08 11.6036)
(-5.73917e-08 -9.81754e-08 11.7105)
(-5.66586e-09 -1.59885e-08 11.2106)
(-1.74764e-08 -1.79695e-08 11.3539)
(-2.9995e-08 -2.07031e-08 11.5252)
(-8.28716e-09 -4.94033e-08 11.3546)
(-2.42116e-08 -5.51734e-08 11.4663)
(-3.80218e-08 -6.29477e-08 11.6029)
(-1.38974e-08 -8.07709e-08 11.5265)
(-3.88776e-08 -8.8455e-08 11.6036)
(-5.64473e-08 -9.34319e-08 11.7105)
(-6.05243e-09 -1.51842e-08 11.2106)
(-1.82976e-08 -1.7245e-08 11.3539)
(-3.0662e-08 -2.01829e-08 11.5252)
(-8.80739e-09 -4.67126e-08 11.3546)
(-2.54797e-08 -5.28811e-08 11.4663)
(-3.94533e-08 -6.13654e-08 11.6029)
(-1.48716e-08 -7.53909e-08 11.5265)
(-4.15069e-08 -8.38382e-08 11.6036)
(-6.00265e-08 -8.95225e-08 11.7105)
(-6.49457e-09 -1.60535e-08 11.2106)
(-1.94438e-08 -1.80162e-08 11.3539)
(-3.15641e-08 -2.11851e-08 11.5252)
(-9.42769e-09 -4.85707e-08 11.3546)
(-2.7211e-08 -5.4535e-08 11.4663)
(-4.12976e-08 -6.37581e-08 11.6029)
(-1.57626e-08 -7.7228e-08 11.5265)
(-4.41008e-08 -8.54482e-08 11.6036)
(-6.2708e-08 -9.25272e-08 11.7105)
(-5.81497e-09 -1.60992e-08 11.2106)
(-1.78757e-08 -1.81433e-08 11.3539)
(-2.92954e-08 -2.14842e-08 11.5252)
(-8.90037e-09 -4.89191e-08 11.3546)
(-2.61279e-08 -5.50214e-08 11.4663)
(-3.97078e-08 -6.47072e-08 11.6029)
(-1.52412e-08 -7.82448e-08 11.5265)
(-4.31262e-08 -8.65927e-08 11.6036)
(-6.0929e-08 -9.47233e-08 11.7105)
(-5.42847e-09 -1.53945e-08 11.2106)
(-1.68651e-08 -1.75031e-08 11.3539)
(-2.81017e-08 -2.07324e-08 11.5252)
(-8.45923e-09 -4.71743e-08 11.3546)
(-2.49704e-08 -5.346e-08 11.4663)
(-3.82553e-08 -6.2818e-08 11.6029)
(-1.47341e-08 -7.58547e-08 11.5265)
(-4.17602e-08 -8.44984e-08 11.6036)
(-5.93845e-08 -9.2061e-08 11.7105)
(-6.15842e-09 -1.5781e-08 11.2106)
(-1.87774e-08 -1.7764e-08 11.3539)
(-3.10887e-08 -2.08939e-08 11.5252)
(-9.13286e-09 -4.79255e-08 11.3546)
(-2.66967e-08 -5.39236e-08 11.4663)
(-4.09402e-08 -6.3051e-08 11.6029)
(-1.54875e-08 -7.63883e-08 11.5265)
(-4.37136e-08 -8.46758e-08 11.6036)
(-6.25212e-08 -9.17004e-08 11.7105)
(-6.38541e-09 -1.7235e-08 11.2106)
(-1.96299e-08 -1.91122e-08 11.3539)
(-3.25945e-08 -2.24002e-08 11.5252)
(-9.50655e-09 -5.17659e-08 11.3546)
(-2.79519e-08 -5.74446e-08 11.4663)
(-4.29581e-08 -6.70049e-08 11.6029)
(-1.60107e-08 -8.22146e-08 11.5265)
(-4.53847e-08 -8.99803e-08 11.6036)
(-6.46115e-08 -9.78376e-08 11.7105)
(-5.71589e-09 -1.78477e-08 11.2106)
(-1.80772e-08 -1.98707e-08 11.3539)
(-3.0391e-08 -2.33727e-08 11.5252)
(-8.98701e-09 -5.38102e-08 11.3546)
(-2.68608e-08 -5.97757e-08 11.4663)
(-4.14158e-08 -6.98488e-08 11.6029)
(-1.54753e-08 -8.58886e-08 11.5265)
(-4.42911e-08 -9.40018e-08 11.6036)
(-6.27007e-08 -1.02893e-07 11.7105)
(-4.98918e-09 -1.69167e-08 11.2106)
(-1.60038e-08 -1.91882e-08 11.3539)
(-2.71136e-08 -2.27605e-08 11.5252)
(-8.26689e-09 -5.15699e-08 11.3546)
(-2.4861e-08 -5.82332e-08 11.4663)
(-3.83342e-08 -6.84539e-08 11.6029)
(-1.47532e-08 -8.26132e-08 11.5265)
(-4.22893e-08 -9.1809e-08 11.6036)
(-5.99026e-08 -1.00794e-07 11.7105)
(-4.65347e-09 -1.58202e-08 11.2106)
(-1.48747e-08 -1.82103e-08 11.3539)
(-2.51356e-08 -2.18929e-08 11.5252)
(-7.96049e-09 -4.84352e-08 11.3546)
(-2.38685e-08 -5.55384e-08 11.4663)
(-3.6692e-08 -6.61357e-08 11.6029)
(-1.46216e-08 -7.74017e-08 11.5265)
(-4.18659e-08 -8.73457e-08 11.6036)
(-5.94156e-08 -9.66328e-08 11.7105)
(-4.04293e-09 -1.5725e-08 11.2106)
(-1.30799e-08 -1.80514e-08 11.3539)
(-2.18498e-08 -2.18186e-08 11.5252)
(-7.42345e-09 -4.78681e-08 11.3546)
(-2.23449e-08 -5.48552e-08 11.4663)
(-3.39368e-08 -6.57547e-08 11.6029)
(-1.41152e-08 -7.60884e-08 11.5265)
(-4.05154e-08 -8.59316e-08 11.6036)
(-5.684e-08 -9.59614e-08 11.7105)
(-2.65644e-09 -1.5185e-08 11.2106)
(-9.24843e-09 -1.74872e-08 11.3539)
(-1.57836e-08 -2.11797e-08 11.5252)
(-6.01026e-09 -4.64365e-08 11.3546)
(-1.84927e-08 -5.33015e-08 11.4663)
(-2.79219e-08 -6.39912e-08 11.6029)
(-1.24222e-08 -7.41077e-08 11.5265)
(-3.59671e-08 -8.37752e-08 11.6036)
(-4.98668e-08 -9.3964e-08 11.7105)
(-1.3096e-09 -1.37786e-08 11.2106)
(-5.35265e-09 -1.60559e-08 11.3539)
(-1.00796e-08 -1.94848e-08 11.5252)
(-4.45945e-09 -4.26828e-08 11.3546)
(-1.40435e-08 -4.9482e-08 11.4663)
(-2.14436e-08 -5.9435e-08 11.6029)
(-1.0553e-08 -6.87861e-08 11.5265)
(-3.06331e-08 -7.83776e-08 11.6036)
(-4.25503e-08 -8.75408e-08 11.7105)
(-1.23744e-09 -1.33703e-08 11.2106)
(-4.72576e-09 -1.54523e-08 11.3539)
(-8.85308e-09 -1.86055e-08 11.5252)
(-4.12232e-09 -4.12243e-08 11.3546)
(-1.26796e-08 -4.75263e-08 11.4663)
(-1.92317e-08 -5.67544e-08 11.6029)
(-9.96208e-09 -6.61604e-08 11.5265)
(-2.86025e-08 -7.50874e-08 11.6036)
(-3.97771e-08 -8.31768e-08 11.7105)
(-1.14164e-09 -1.3909e-08 11.2106)
(-4.22155e-09 -1.58098e-08 11.3539)
(-7.49863e-09 -1.88523e-08 11.5252)
(-3.90474e-09 -4.24267e-08 11.3546)
(-1.1844e-08 -4.81924e-08 11.4663)
(-1.74863e-08 -5.71036e-08 11.6029)
(-9.49372e-09 -6.77425e-08 11.5265)
(-2.71006e-08 -7.58872e-08 11.6036)
(-3.70263e-08 -8.38915e-08 11.7105)
(2.26544e-10 -1.3167e-08 11.2106)
(-5.2246e-10 -1.5176e-08 11.3539)
(-1.81455e-09 -1.82528e-08 11.5252)
(-2.54027e-09 -4.06906e-08 11.3546)
(-8.17439e-09 -4.66582e-08 11.4663)
(-1.19074e-08 -5.56093e-08 11.6029)
(-7.88697e-09 -6.57706e-08 11.5265)
(-2.27979e-08 -7.41688e-08 11.6036)
(-3.05392e-08 -8.25978e-08 11.7105)
(1.7809e-09 -1.14873e-08 11.2106)
(3.9637e-09 -1.36152e-08 11.3539)
(5.23413e-09 -1.65869e-08 11.5252)
(-8.87343e-10 -3.62149e-08 11.3546)
(-3.44816e-09 -4.25419e-08 11.4663)
(-4.63409e-09 -5.11996e-08 11.6029)
(-5.99902e-09 -5.91234e-08 11.5265)
(-1.7428e-08 -6.81625e-08 11.6036)
(-2.27811e-08 -7.62962e-08 11.7105)
(2.68505e-09 -1.05319e-08 11.2106)
(6.88745e-09 -1.25464e-08 11.3539)
(1.02834e-08 -1.53451e-08 11.5252)
(2.00365e-10 -3.3213e-08 11.3546)
(-6.46152e-11 -3.93188e-08 11.4663)
(9.10735e-10 -4.75764e-08 11.6029)
(-4.65556e-09 -5.3942e-08 11.5265)
(-1.34207e-08 -6.28285e-08 11.6036)
(-1.6769e-08 -7.06073e-08 11.7105)
(3.77644e-09 -1.02113e-08 11.2106)
(1.01523e-08 -1.20306e-08 11.3539)
(1.56074e-08 -1.46882e-08 11.5252)
(1.47351e-09 -3.20349e-08 11.3546)
(3.64759e-09 -3.76037e-08 11.4663)
(6.76521e-09 -4.55037e-08 11.6029)
(-2.9981e-09 -5.21161e-08 11.5265)
(-8.73564e-09 -6.02589e-08 11.6036)
(-9.56411e-09 -6.80619e-08 11.7105)
(4.76886e-09 -9.32901e-09 11.2106)
(1.31586e-08 -1.10502e-08 11.3539)
(2.04463e-08 -1.34453e-08 11.5252)
(2.76471e-09 -2.96089e-08 11.3546)
(7.45064e-09 -3.48257e-08 11.4663)
(1.26541e-08 -4.19584e-08 11.6029)
(-1.13043e-09 -4.87055e-08 11.5265)
(-3.40457e-09 -5.63257e-08 11.6036)
(-1.77846e-09 -6.34406e-08 11.7105)
(4.95339e-09 -7.9227e-09 11.2106)
(1.41542e-08 -9.54328e-09 11.3539)
(2.23307e-08 -1.15337e-08 11.5252)
(3.34803e-09 -2.55863e-08 11.3546)
(9.5791e-09 -3.05274e-08 11.4663)
(1.6089e-08 -3.6511e-08 11.6029)
(-4.83138e-11 -4.23362e-08 11.5265)
(1.3435e-10 -4.96051e-08 11.6036)
(2.9995e-09 -5.50545e-08 11.7105)
(4.46412e-09 -7.14212e-09 11.2106)
(1.31817e-08 -8.58775e-09 11.3539)
(2.11842e-08 -1.03519e-08 11.5252)
(3.12878e-09 -2.30165e-08 11.3546)
(9.39681e-09 -2.75071e-08 11.4663)
(1.60233e-08 -3.28893e-08 11.6029)
(-2.56118e-12 -3.78989e-08 11.5265)
(6.79986e-10 -4.45288e-08 11.6036)
(3.6227e-09 -4.90804e-08 11.7105)
(4.15548e-09 -7.23698e-09 11.2106)
(1.24956e-08 -8.53736e-09 11.3539)
(2.07747e-08 -1.02698e-08 11.5252)
(2.93356e-09 -2.29265e-08 11.3546)
(9.02802e-09 -2.69751e-08 11.4663)
(1.60006e-08 -3.22564e-08 11.6029)
(6.34734e-11 -3.74243e-08 11.5265)
(1.02124e-09 -4.3384e-08 11.6036)
(4.79749e-09 -4.81985e-08 11.7105)
(4.57784e-09 -6.31768e-09 11.2106)
(1.37257e-08 -7.72465e-09 11.3539)
(2.32088e-08 -9.50306e-09 11.5252)
(3.41169e-09 -2.04722e-08 11.3546)
(1.03973e-08 -2.47334e-08 11.4663)
(1.85555e-08 -3.00965e-08 11.6029)
(8.06348e-10 -3.37378e-08 11.5265)
(3.10926e-09 -3.99973e-08 11.6036)
(8.38257e-09 -4.52757e-08 11.7105)
(5.3261e-09 -4.18092e-09 11.2106)
(1.59605e-08 -5.77723e-09 11.3539)
(2.68914e-08 -7.58586e-09 11.5252)
(4.21636e-09 -1.46382e-08 11.3546)
(1.27771e-08 -1.94792e-08 11.4663)
(2.23703e-08 -2.49502e-08 11.6029)
(1.67584e-09 -2.47663e-08 11.5265)
(5.68944e-09 -3.19592e-08 11.6036)
(1.21041e-08 -3.73304e-08 11.7105)
(5.46754e-09 -2.97125e-09 11.2106)
(1.66642e-08 -4.52709e-09 11.3539)
(2.8601e-08 -6.3336e-09 11.5252)
(4.4303e-09 -1.08475e-08 11.3546)
(1.36495e-08 -1.56935e-08 11.4663)
(2.41909e-08 -2.12668e-08 11.6029)
(1.91834e-09 -1.81534e-08 11.5265)
(6.574e-09 -2.54946e-08 11.6036)
(1.36683e-08 -3.10724e-08 11.7105)
(5.82821e-09 -2.85584e-09 11.2106)
(1.77849e-08 -4.22704e-09 11.3539)
(3.08522e-08 -5.95885e-09 11.5252)
(4.84703e-09 -1.01134e-08 11.3546)
(1.48941e-08 -1.44677e-08 11.4663)
(2.6539e-08 -1.98948e-08 11.6029)
(2.54023e-09 -1.65883e-08 11.5265)
(8.32613e-09 -2.32572e-08 11.6036)
(1.68252e-08 -2.91043e-08 11.7105)
(6.82393e-09 -2.15883e-09 11.2106)
(2.04203e-08 -3.43532e-09 11.3539)
(3.44831e-08 -4.95987e-09 11.5252)
(5.92699e-09 -8.29428e-09 11.3546)
(1.77802e-08 -1.23206e-08 11.4663)
(3.05718e-08 -1.71714e-08 11.6029)
(3.91398e-09 -1.4363e-08 11.5265)
(1.20164e-08 -2.05023e-08 11.6036)
(2.19116e-08 -2.57972e-08 11.7105)
(7.09378e-09 -1.66576e-09 11.2106)
(2.12783e-08 -2.74979e-09 11.3539)
(3.53041e-08 -3.83839e-09 11.5252)
(6.41025e-09 -6.86238e-09 11.3546)
(1.93023e-08 -1.03637e-08 11.4663)
(3.24264e-08 -1.40011e-08 11.6029)
(4.64225e-09 -1.2267e-08 11.5265)
(1.43073e-08 -1.76582e-08 11.6036)
(2.4437e-08 -2.10605e-08 11.7105)
(6.26266e-09 -2.68993e-09 11.2106)
(1.91327e-08 -3.42571e-09 11.3539)
(3.17679e-08 -4.13997e-09 11.5252)
(5.77302e-09 -9.27547e-09 11.3546)
(1.77794e-08 -1.18062e-08 11.4663)
(2.98696e-08 -1.43971e-08 11.6029)
(4.16385e-09 -1.54878e-08 11.5265)
(1.3279e-08 -1.94474e-08 11.6036)
(2.24591e-08 -2.12302e-08 11.7105)
(5.66825e-09 -4.31173e-09 11.2106)
(1.73188e-08 -4.8118e-09 11.3539)
(2.84977e-08 -5.3912e-09 11.5252)
(5.23089e-09 -1.36705e-08 11.3546)
(1.61711e-08 -1.5441e-08 11.4663)
(2.70231e-08 -1.75731e-08 11.6029)
(3.74932e-09 -2.25058e-08 11.5265)
(1.20857e-08 -2.52063e-08 11.6036)
(2.0602e-08 -2.64784e-08 11.7105)
(5.32178e-09 -4.79726e-09 11.2106)
(1.61996e-08 -5.33027e-09 11.3539)
(2.64e-08 -5.81529e-09 11.5252)
(4.92675e-09 -1.53611e-08 11.3546)
(1.52164e-08 -1.70937e-08 11.4663)
(2.52419e-08 -1.88511e-08 11.6029)
(3.57569e-09 -2.56412e-08 11.5265)
(1.15627e-08 -2.81663e-08 11.6036)
(1.9511e-08 -2.88559e-08 11.7105)
(4.73729e-09 -4.21268e-09 11.2106)
(1.46929e-08 -4.83829e-09 11.3539)
(2.40883e-08 -5.17117e-09 11.5252)
(4.40009e-09 -1.38962e-08 11.3546)
(1.39252e-08 -1.59114e-08 11.4663)
(2.32503e-08 -1.72051e-08 11.6029)
(2.9931e-09 -2.32366e-08 11.5265)
(1.0235e-08 -2.62006e-08 11.6036)
(1.70661e-08 -2.5796e-08 11.7105)
(4.03101e-09 -3.98415e-09 11.2106)
(1.28144e-08 -4.58332e-09 11.3539)
(2.13158e-08 -4.91655e-09 11.5252)
(3.63854e-09 -1.30261e-08 11.3546)
(1.19177e-08 -1.50519e-08 11.4663)
(2.02684e-08 -1.63922e-08 11.6029)
(2.00224e-09 -2.13539e-08 11.5265)
(7.60878e-09 -2.43705e-08 11.6036)
(1.30539e-08 -2.37233e-08 11.7105)
(3.73003e-09 -4.60002e-09 11.2106)
(1.19188e-08 -5.09516e-09 11.3539)
(2.02439e-08 -5.47956e-09 11.5252)
(3.23973e-09 -1.44747e-08 11.3546)
(1.07328e-08 -1.62191e-08 11.4663)
(1.87521e-08 -1.77187e-08 11.6029)
(1.53251e-09 -2.3219e-08 11.5265)
(6.21582e-09 -2.58158e-08 11.6036)
(1.15293e-08 -2.56031e-08 11.7105)
(3.97508e-09 -4.44724e-09 11.2106)
(1.24707e-08 -4.96907e-09 11.3539)
(2.10932e-08 -5.3233e-09 11.5252)
(3.45276e-09 -1.41774e-08 11.3546)
(1.1192e-08 -1.59312e-08 11.4663)
(1.94834e-08 -1.73154e-08 11.6029)
(1.83233e-09 -2.28805e-08 11.5265)
(6.91399e-09 -2.54517e-08 11.6036)
(1.26515e-08 -2.52154e-08 11.7105)
(4.09179e-09 -3.55162e-09 11.2106)
(1.27781e-08 -4.11957e-09 11.3539)
(2.11713e-08 -4.37297e-09 11.5252)
(3.5967e-09 -1.17815e-08 11.3546)
(1.16102e-08 -1.36957e-08 11.4663)
(1.97865e-08 -1.47986e-08 11.6029)
(1.91218e-09 -1.92607e-08 11.5265)
(7.22206e-09 -2.20681e-08 11.6036)
(1.25351e-08 -2.11115e-08 11.7105)
(3.20118e-09 -3.96824e-09 11.2106)
(1.04338e-08 -4.40325e-09 11.3539)
(1.76541e-08 -4.61276e-09 11.5252)
(2.71691e-09 -1.25556e-08 11.3546)
(9.32148e-09 -1.41628e-08 11.4663)
(1.63729e-08 -1.51947e-08 11.6029)
(8.66412e-10 -1.9752e-08 11.5265)
(4.47445e-09 -2.2139e-08 11.6036)
(8.43564e-09 -2.08329e-08 11.7105)
(2.50146e-09 -5.38725e-09 11.2106)
(8.40228e-09 -5.71132e-09 11.3539)
(1.48089e-08 -6.02536e-09 11.5252)
(1.90951e-09 -1.62555e-08 11.3546)
(6.98937e-09 -1.75206e-08 11.4663)
(1.31229e-08 -1.88361e-08 11.6029)
(-6.28552e-11 -2.50916e-08 11.5265)
(1.80067e-09 -2.6932e-08 11.6036)
(5.15203e-09 -2.6213e-08 11.7105)
(2.91393e-09 -5.44832e-09 11.2106)
(9.1819e-09 -5.96377e-09 11.3539)
(1.56862e-08 -6.50322e-09 11.5252)
(2.12103e-09 -1.68346e-08 11.3546)
(7.19973e-09 -1.8538e-08 11.4663)
(1.32398e-08 -2.04231e-08 11.6029)
(6.03576e-12 -2.6618e-08 11.5265)
(1.6079e-09 -2.90148e-08 11.6036)
(5.01452e-09 -2.92007e-08 11.7105)
(3.27495e-09 -4.57823e-09 11.2106)
(1.01019e-08 -5.31719e-09 11.3539)
(1.69924e-08 -5.97958e-09 11.5252)
(2.34929e-09 -1.46515e-08 11.3546)
(7.74069e-09 -1.70283e-08 11.4663)
(1.40057e-08 -1.92651e-08 11.6029)
(-1.56962e-11 -2.32876e-08 11.5265)
(1.49165e-09 -2.67508e-08 11.6036)
(4.70882e-09 -2.72004e-08 11.7105)
(2.93225e-09 -4.4866e-09 11.2106)
(9.26e-09 -5.25034e-09 11.3539)
(1.60221e-08 -6.03122e-09 11.5252)
(1.88601e-09 -1.40885e-08 11.3546)
(6.5432e-09 -1.66563e-08 11.4663)
(1.24839e-08 -1.9325e-08 11.6029)
(-8.11585e-10 -2.15468e-08 11.5265)
(-6.67214e-10 -2.54281e-08 11.6036)
(1.73868e-09 -2.63076e-08 11.7105)
(2.87728e-09 -5.15801e-09 11.2106)
(8.98338e-09 -5.87624e-09 11.3539)
(1.56487e-08 -6.84372e-09 11.5252)
(1.65723e-09 -1.57237e-08 11.3546)
(5.74595e-09 -1.82089e-08 11.4663)
(1.13752e-08 -2.14664e-08 11.6029)
(-1.30014e-09 -2.37284e-08 11.5265)
(-2.23652e-09 -2.75064e-08 11.6036)
(-1.25668e-10 -2.93609e-08 11.7105)
(2.97512e-09 -5.47297e-09 11.2106)
(9.10278e-09 -6.22822e-09 11.3539)
(1.57561e-08 -7.27357e-09 11.5252)
(1.67757e-09 -1.67051e-08 11.3546)
(5.61291e-09 -1.92473e-08 11.4663)
(1.11369e-08 -2.27163e-08 11.6029)
(-1.31974e-09 -2.53449e-08 11.5265)
(-2.53031e-09 -2.91742e-08 11.6036)
(-4.21653e-10 -3.14535e-08 11.7105)
(2.62457e-09 -5.22138e-09 11.2106)
(8.1732e-09 -6.03014e-09 11.3539)
(1.43149e-08 -7.01606e-09 11.5252)
(1.34924e-09 -1.60576e-08 11.3546)
(4.74681e-09 -1.87689e-08 11.4663)
(9.80412e-09 -2.20675e-08 11.6029)
(-1.71846e-09 -2.41538e-08 11.5265)
(-3.56463e-09 -2.8256e-08 11.6036)
(-2.18602e-09 -3.00656e-08 11.7105)
(1.90636e-09 -5.29866e-09 11.2106)
(6.14805e-09 -6.11327e-09 11.3539)
(1.11024e-08 -7.18135e-09 11.5252)
(5.33413e-10 -1.61043e-08 11.3546)
(2.46929e-09 -1.88909e-08 11.4663)
(6.2631e-09 -2.2465e-08 11.6029)
(-2.84055e-09 -2.37945e-08 11.5265)
(-6.69691e-09 -2.80237e-08 11.6036)
(-6.9573e-09 -2.99191e-08 11.7105)
(1.51704e-09 -6.21646e-09 11.2106)
(4.8713e-09 -7.01748e-09 11.3539)
(9.27566e-09 -8.28579e-09 11.5252)
(-8.9715e-11 -1.84702e-08 11.3546)
(5.3462e-10 -2.12335e-08 11.4663)
(3.50699e-09 -2.53917e-08 11.6029)
(-3.78186e-09 -2.70395e-08 11.5265)
(-9.51959e-09 -3.12347e-08 11.6036)
(-1.05732e-08 -3.40405e-08 11.7105)
(1.93254e-09 -6.46267e-09 11.2106)
(5.7427e-09 -7.40188e-09 11.3539)
(1.06267e-08 -8.87045e-09 11.5252)
(8.28784e-11 -1.93371e-08 11.3546)
(6.97374e-10 -2.24404e-08 11.4663)
(3.84271e-09 -2.71401e-08 11.6029)
(-3.82227e-09 -2.84229e-08 11.5265)
(-9.97397e-09 -3.31072e-08 11.6036)
(-1.08489e-08 -3.68181e-08 11.7105)
(2.56856e-09 -5.56579e-09 11.2106)
(7.37454e-09 -6.70902e-09 11.3539)
(1.28731e-08 -8.31173e-09 11.5252)
(5.53767e-10 -1.70863e-08 11.3546)
(1.83266e-09 -2.08038e-08 11.4663)
(5.37756e-09 -2.5897e-08 11.6029)
(-3.64458e-09 -2.51084e-08 11.5265)
(-9.65591e-09 -3.07438e-08 11.6036)
(-1.05941e-08 -3.48005e-08 11.7105)
(2.22972e-09 -5.31805e-09 11.2106)
(6.57108e-09 -6.49286e-09 11.3539)
(1.19181e-08 -8.18781e-09 11.5252)
(1.10665e-10 -1.61575e-08 11.3546)
(6.94616e-10 -2.00732e-08 11.4663)
(3.88206e-09 -2.55203e-08 11.6029)
(-4.43478e-09 -2.29775e-08 11.5265)
(-1.18266e-08 -2.90195e-08 11.6036)
(-1.3711e-08 -3.33435e-08 11.7105)
(1.72886e-09 -6.15978e-09 11.2106)
(5.2064e-09 -7.25008e-09 11.3539)
(1.02972e-08 -9.04395e-09 11.5252)
(-5.31332e-10 -1.81664e-08 11.3546)
(-1.10514e-09 -2.18988e-08 11.4663)
(1.59808e-09 -2.76929e-08 11.6029)
(-5.3339e-09 -2.54012e-08 11.5265)
(-1.44008e-08 -3.12339e-08 11.6036)
(-1.68789e-08 -3.61829e-08 11.7105)
(2.00649e-09 -6.54126e-09 11.2106)
(5.7001e-09 -7.65424e-09 11.3539)
(1.07973e-08 -9.53685e-09 11.5252)
(-4.04891e-10 -1.93921e-08 11.3546)
(-1.05812e-09 -2.31408e-08 11.4663)
(1.50963e-09 -2.91826e-08 11.6029)
(-5.32392e-09 -2.76576e-08 11.5265)
(-1.47222e-08 -3.34679e-08 11.6036)
(-1.72246e-08 -3.89423e-08 11.7105)
(2.10944e-09 -6.50921e-09 11.2106)
(5.88012e-09 -7.64002e-09 11.3539)
(1.07379e-08 -9.43971e-09 11.5252)
(-3.17287e-10 -1.94771e-08 11.3546)
(-9.17202e-10 -2.32705e-08 11.4663)
(1.46637e-09 -2.90684e-08 11.6029)
(-5.27891e-09 -2.80503e-08 11.5265)
(-1.46733e-08 -3.39347e-08 11.6036)
(-1.74399e-08 -3.89639e-08 11.7105)
(1.46414e-09 -7.03749e-09 11.2106)
(4.11788e-09 -8.09279e-09 11.3539)
(7.93374e-09 -9.81879e-09 11.5252)
(-9.68767e-10 -2.07984e-08 11.3546)
(-2.6653e-09 -2.44124e-08 11.4663)
(-1.24555e-09 -3.00242e-08 11.6029)
(-6.07382e-09 -2.97204e-08 11.5265)
(-1.68023e-08 -3.53751e-08 11.6036)
(-2.07237e-08 -3.99249e-08 11.7105)
(1.05041e-09 -8.20626e-09 11.2106)
(2.76705e-09 -9.19993e-09 11.3539)
(5.57654e-09 -1.10381e-08 11.5252)
(-1.53428e-09 -2.39458e-08 11.3546)
(-4.41283e-09 -2.73824e-08 11.4663)
(-4.06674e-09 -3.33068e-08 11.6029)
(-6.89342e-09 -3.45043e-08 11.5265)
(-1.92312e-08 -3.98574e-08 11.6036)
(-2.41284e-08 -4.48225e-08 11.7105)
(1.01906e-09 -9.18623e-09 11.2106)
(2.42617e-09 -1.02373e-08 11.3539)
(4.84538e-09 -1.22258e-08 11.5252)
(-1.72249e-09 -2.68285e-08 11.3546)
(-5.19854e-09 -3.03597e-08 11.4663)
(-5.37501e-09 -3.66573e-08 11.6029)
(-7.22637e-09 -3.9131e-08 11.5265)
(-2.04231e-08 -4.45684e-08 11.6036)
(-2.56553e-08 -5.01303e-08 11.7105)
(1.01399e-09 -9.20875e-09 11.2106)
(2.33807e-09 -1.04123e-08 11.3539)
(4.65228e-09 -1.24867e-08 11.5252)
(-1.79788e-09 -2.7115e-08 11.3546)
(-5.50132e-09 -3.10564e-08 11.4663)
(-5.86764e-09 -3.75449e-08 11.6029)
(-7.42128e-09 -3.96102e-08 11.5265)
(-2.10404e-08 -4.56557e-08 11.6036)
(-2.66086e-08 -5.13414e-08 11.7105)
(8.27091e-10 -8.70769e-09 11.2106)
(1.7958e-09 -1.00589e-08 11.3539)
(3.74032e-09 -1.22958e-08 11.5252)
(-2.08491e-09 -2.57703e-08 11.3546)
(-6.3416e-09 -3.01716e-08 11.4663)
(-7.22248e-09 -3.71232e-08 11.6029)
(-7.97378e-09 -3.73645e-08 11.5265)
(-2.26438e-08 -4.41085e-08 11.6036)
(-2.91328e-08 -5.01708e-08 11.7105)
(4.82404e-10 -8.911e-09 11.2106)
(8.47932e-10 -1.02834e-08 11.3539)
(2.61031e-09 -1.26879e-08 11.5252)
(-2.5524e-09 -2.61262e-08 11.3546)
(-7.66741e-09 -3.06368e-08 11.4663)
(-8.94276e-09 -3.80921e-08 11.6029)
(-8.66463e-09 -3.74295e-08 11.5265)
(-2.46294e-08 -4.43663e-08 11.6036)
(-3.16332e-08 -5.11527e-08 11.7105)
(3.67602e-10 -9.3072e-09 11.2106)
(4.84487e-10 -1.06929e-08 11.3539)
(2.35756e-09 -1.32103e-08 11.5252)
(-2.74676e-09 -2.7166e-08 11.3546)
(-8.29293e-09 -3.16957e-08 11.4663)
(-9.6018e-09 -3.94737e-08 11.6029)
(-8.90762e-09 -3.88367e-08 11.5265)
(-2.54393e-08 -4.57919e-08 11.6036)
(-3.23592e-08 -5.32056e-08 11.7105)
(4.39553e-10 -9.1339e-09 11.2106)
(6.0354e-10 -1.06091e-08 11.3539)
(2.37351e-09 -1.32122e-08 11.5252)
(-2.7008e-09 -2.68554e-08 11.3546)
(-8.26891e-09 -3.16231e-08 11.4663)
(-9.70275e-09 -3.96282e-08 11.6029)
(-8.90513e-09 -3.86311e-08 11.5265)
(-2.55464e-08 -4.59033e-08 11.6036)
(-3.26272e-08 -5.35836e-08 11.7105)
(-5.86618e-11 -9.23444e-09 11.2106)
(-7.50189e-10 -1.07666e-08 11.3539)
(3.45089e-10 -1.34555e-08 11.5252)
(-3.21512e-09 -2.7117e-08 11.3546)
(-9.67568e-09 -3.20709e-08 11.4663)
(-1.18238e-08 -4.03328e-08 11.6029)
(-9.5307e-09 -3.88313e-08 11.5265)
(-2.72843e-08 -4.63974e-08 11.6036)
(-3.52896e-08 -5.42789e-08 11.7105)
(-5.13325e-10 -9.90448e-09 11.2106)
(-2.07999e-09 -1.1462e-08 11.3539)
(-1.53232e-09 -1.4287e-08 11.5252)
(-3.77594e-09 -2.88898e-08 11.3546)
(-1.13044e-08 -3.39344e-08 11.4663)
(-1.41597e-08 -4.25985e-08 11.6029)
(-1.0242e-08 -4.12451e-08 11.5265)
(-2.93437e-08 -4.89617e-08 11.6036)
(-3.81307e-08 -5.74317e-08 11.7105)
(-1.27535e-10 -1.01474e-08 11.2106)
(-1.30653e-09 -1.18168e-08 11.3539)
(-7.07102e-10 -1.48267e-08 11.5252)
(-3.55798e-09 -2.97945e-08 11.3546)
(-1.1016e-08 -3.51302e-08 11.4663)
(-1.40365e-08 -4.43108e-08 11.6029)
(-1.01491e-08 -4.30283e-08 11.5265)
(-2.94263e-08 -5.11335e-08 11.6036)
(-3.83785e-08 -6.04152e-08 11.7105)
(3.73001e-10 -9.9092e-09 11.2106)
(-3.94704e-11 -1.16848e-08 11.3539)
(9.76269e-10 -1.47451e-08 11.5252)
(-3.10823e-09 -2.93651e-08 11.3546)
(-9.92558e-09 -3.50035e-08 11.4663)
(-1.2656e-08 -4.43199e-08 11.6029)
(-9.70957e-09 -4.26675e-08 11.5265)
(-2.8379e-08 -5.12355e-08 11.6036)
(-3.71613e-08 -6.07115e-08 11.7105)
(4.95615e-10 -9.6218e-09 11.2106)
(3.80866e-10 -1.14169e-08 11.3539)
(1.65846e-09 -1.44405e-08 11.5252)
(-2.94654e-09 -2.85643e-08 11.3546)
(-9.42879e-09 -3.42924e-08 11.4663)
(-1.19462e-08 -4.35242e-08 11.6029)
(-9.50846e-09 -4.132e-08 11.5265)
(-2.78089e-08 -5.00759e-08 11.6036)
(-3.6571e-08 -5.94111e-08 11.7105)
(7.18735e-10 -9.4709e-09 11.2106)
(1.01638e-09 -1.12215e-08 11.3539)
(2.54169e-09 -1.42218e-08 11.5252)
(-2.69094e-09 -2.81055e-08 11.3546)
(-8.72953e-09 -3.37268e-08 11.4663)
(-1.10182e-08 -4.29097e-08 11.6029)
(-9.18873e-09 -4.07545e-08 11.5265)
(-2.69674e-08 -4.93563e-08 11.6036)
(-3.54743e-08 -5.87308e-08 11.7105)
(8.70381e-10 -9.49209e-09 11.2106)
(1.48724e-09 -1.11542e-08 11.3539)
(3.2845e-09 -1.40299e-08 11.5252)
(-2.42812e-09 -2.81629e-08 11.3546)
(-7.96862e-09 -3.3507e-08 11.4663)
(-9.89886e-09 -4.23297e-08 11.6029)
(-8.68792e-09 -4.10667e-08 11.5265)
(-2.55762e-08 -4.92473e-08 11.6036)
(-3.34949e-08 -5.83143e-08 11.7105)
(8.06624e-10 -9.33953e-09 11.2106)
(1.42717e-09 -1.0904e-08 11.3539)
(3.19361e-09 -1.35378e-08 11.5252)
(-2.29879e-09 -2.77661e-08 11.3546)
(-7.47629e-09 -3.28045e-08 11.4663)
(-9.20622e-09 -4.09164e-08 11.6029)
(-8.24305e-09 -4.06438e-08 11.5265)
(-2.41886e-08 -4.83652e-08 11.6036)
(-3.17359e-08 -5.65057e-08 11.7105)
(6.252e-10 -9.08514e-09 11.2106)
(9.51012e-10 -1.05608e-08 11.3539)
(2.14704e-09 -1.30096e-08 11.5252)
(-2.33738e-09 -2.7072e-08 11.3546)
(-7.51183e-09 -3.1846e-08 11.4663)
(-9.58606e-09 -3.94182e-08 11.6029)
(-8.08999e-09 -3.98514e-08 11.5265)
(-2.36616e-08 -4.7152e-08 11.6036)
(-3.14873e-08 -5.44691e-08 11.7105)
(3.06782e-10 -9.43273e-09 11.2106)
(7.92773e-11 -1.07788e-08 11.3539)
(7.19458e-10 -1.30833e-08 11.5252)
(-2.56628e-09 -2.79257e-08 11.3546)
(-8.09811e-09 -3.2318e-08 11.4663)
(-1.05928e-08 -3.94642e-08 11.6029)
(-8.1527e-09 -4.1201e-08 11.5265)
(-2.37513e-08 -4.79245e-08 11.6036)
(-3.17849e-08 -5.47178e-08 11.7105)
(2.7237e-10 -9.75402e-09 11.2106)
(-5.82705e-11 -1.10319e-08 11.3539)
(4.63588e-10 -1.32257e-08 11.5252)
(-2.54077e-09 -2.88284e-08 11.3546)
(-8.04554e-09 -3.2976e-08 11.4663)
(-1.05784e-08 -3.97668e-08 11.6029)
(-7.92817e-09 -4.27187e-08 11.5265)
(-2.31171e-08 -4.90577e-08 11.6036)
(-3.09151e-08 -5.55059e-08 11.7105)
(7.27178e-10 -9.23939e-09 11.2106)
(1.12167e-09 -1.05625e-08 11.3539)
(1.94091e-09 -1.27056e-08 11.5252)
(-2.04778e-09 -2.75839e-08 11.3546)
(-6.74823e-09 -3.18246e-08 11.4663)
(-8.93058e-09 -3.84239e-08 11.6029)
(-7.30836e-09 -4.12411e-08 11.5265)
(-2.14336e-08 -4.76895e-08 11.6036)
(-2.8799e-08 -5.38808e-08 11.7105)
(9.78548e-10 -8.59327e-09 11.2106)
(1.92773e-09 -9.93343e-09 11.3539)
(3.27783e-09 -1.20272e-08 11.5252)
(-1.73262e-09 -2.57477e-08 11.3546)
(-5.77616e-09 -3.00501e-08 11.4663)
(-7.42271e-09 -3.64981e-08 11.6029)
(-6.8955e-09 -3.83293e-08 11.5265)
(-2.01928e-08 -4.49108e-08 11.6036)
(-2.70773e-08 -5.08893e-08 11.7105)
(1.2174e-09 -8.1812e-09 11.2106)
(2.77976e-09 -9.47736e-09 11.3539)
(5.05338e-09 -1.15245e-08 11.5252)
(-1.42871e-09 -2.43953e-08 11.3546)
(-4.76995e-09 -2.85927e-08 11.4663)
(-5.52161e-09 -3.49142e-08 11.6029)
(-6.4638e-09 -3.58937e-08 11.5265)
(-1.88539e-08 -4.2376e-08 11.6036)
(-2.47784e-08 -4.83455e-08 11.7105)
(1.86681e-09 -7.4504e-09 11.2106)
(4.66571e-09 -8.73878e-09 11.3539)
(8.122e-09 -1.07721e-08 11.5252)
(-7.20333e-10 -2.23251e-08 11.3546)
(-2.75038e-09 -2.64884e-08 11.4663)
(-2.31617e-09 -3.27696e-08 11.6029)
(-5.59889e-09 -3.28126e-08 11.5265)
(-1.64375e-08 -3.9246e-08 11.6036)
(-2.10312e-08 -4.53558e-08 11.7105)
(2.28112e-09 -6.65179e-09 11.2106)
(6.01512e-09 -7.91678e-09 11.3539)
(1.04977e-08 -9.85716e-09 11.5252)
(-1.72664e-10 -2.00248e-08 11.3546)
(-1.0515e-09 -2.4125e-08 11.4663)
(5.03562e-10 -3.0147e-08 11.6029)
(-4.84254e-09 -2.91883e-08 11.5265)
(-1.41805e-08 -3.55628e-08 11.6036)
(-1.75827e-08 -4.14228e-08 11.7105)
(2.32527e-09 -6.08726e-09 11.2106)
(6.36874e-09 -7.29911e-09 11.3539)
(1.14526e-08 -9.14303e-09 11.5252)
(-6.26982e-12 -1.82454e-08 11.3546)
(-3.55275e-10 -2.22155e-08 11.4663)
(1.89867e-09 -2.79877e-08 11.6029)
(-4.52283e-09 -2.60422e-08 11.5265)
(-1.30752e-08 -3.22779e-08 11.6036)
(-1.57979e-08 -3.78484e-08 11.7105)
(2.64613e-09 -5.67601e-09 11.2106)
(7.2907e-09 -6.85762e-09 11.3539)
(1.29325e-08 -8.71057e-09 11.5252)
(3.28123e-10 -1.69738e-08 11.3546)
(6.11866e-10 -2.08689e-08 11.4663)
(3.43128e-09 -2.66893e-08 11.6029)
(-4.14324e-09 -2.39908e-08 11.5265)
(-1.1992e-08 -3.01248e-08 11.6036)
(-1.40985e-08 -3.58716e-08 11.7105)
(3.05368e-09 -5.42637e-09 11.2106)
(8.4479e-09 -6.58949e-09 11.3539)
(1.48344e-08 -8.43564e-09 11.5252)
(7.56544e-10 -1.6214e-08 11.3546)
(1.8155e-09 -2.00469e-08 11.4663)
(5.36298e-09 -2.58583e-08 11.6029)
(-3.61208e-09 -2.27555e-08 11.5265)
(-1.05239e-08 -2.88141e-08 11.6036)
(-1.17858e-08 -3.47188e-08 11.7105)
(3.3749e-09 -4.99411e-09 11.2106)
(9.44108e-09 -6.15314e-09 11.3539)
(1.65305e-08 -7.93199e-09 11.5252)
(1.15288e-09 -1.49769e-08 11.3546)
(3.00495e-09 -1.87961e-08 11.4663)
(7.29422e-09 -2.44195e-08 11.6029)
(-3.07444e-09 -2.07361e-08 11.5265)
(-8.95169e-09 -2.68068e-08 11.6036)
(-9.44978e-09 -3.25428e-08 11.7105)
(3.67661e-09 -4.3205e-09 11.2106)
(1.03202e-08 -5.48439e-09 11.3539)
(1.7771e-08 -7.23466e-09 11.5252)
(1.50719e-09 -1.309e-08 11.3546)
(4.02645e-09 -1.69367e-08 11.4663)
(8.71867e-09 -2.24949e-08 11.6029)
(-2.66049e-09 -1.79014e-08 11.5265)
(-7.78425e-09 -2.40217e-08 11.6036)
(-7.95084e-09 -2.96621e-08 11.7105)
(3.74989e-09 -4.1005e-09 11.2106)
(1.05963e-08 -5.1924e-09 11.3539)
(1.82849e-08 -6.87523e-09 11.5252)
(1.64356e-09 -1.23403e-08 11.3546)
(4.47262e-09 -1.59965e-08 11.4663)
(9.44239e-09 -2.13815e-08 11.6029)
(-2.4202e-09 -1.66458e-08 11.5265)
(-7.06692e-09 -2.25045e-08 11.6036)
(-6.88251e-09 -2.80086e-08 11.7105)
(3.79719e-09 -4.02879e-09 11.2106)
(1.07775e-08 -5.02931e-09 11.3539)
(1.8643e-08 -6.58426e-09 11.5252)
(1.78697e-09 -1.20597e-08 11.3546)
(4.92471e-09 -1.54347e-08 11.4663)
(1.01753e-08 -2.0453e-08 11.6029)
(-2.0763e-09 -1.62117e-08 11.5265)
(-6.06588e-09 -2.16514e-08 11.6036)
(-5.40232e-09 -2.6801e-08 11.7105)
(3.9371e-09 -3.60688e-09 11.2106)
(1.11405e-08 -4.55713e-09 11.3539)
(1.88758e-08 -5.98452e-09 11.5252)
(2.03464e-09 -1.09506e-08 11.3546)
(5.60702e-09 -1.41572e-08 11.4663)
(1.09058e-08 -1.87948e-08 11.6029)
(-1.65177e-09 -1.48776e-08 11.5265)
(-4.87448e-09 -2.00283e-08 11.6036)
(-4.01689e-09 -2.46657e-08 11.7105)
(3.55726e-09 -3.51861e-09 11.2106)
(1.01602e-08 -4.37925e-09 11.3539)
(1.72919e-08 -5.66694e-09 11.5252)
(1.78338e-09 -1.06138e-08 11.3546)
(5.00791e-09 -1.35594e-08 11.4663)
(9.88486e-09 -1.77921e-08 11.6029)
(-1.74774e-09 -1.43668e-08 11.5265)
(-5.02762e-09 -1.91257e-08 11.6036)
(-4.48599e-09 -2.3176e-08 11.7105)
(3.00435e-09 -3.87369e-09 11.2106)
(8.66732e-09 -4.63301e-09 11.3539)
(1.50915e-08 -5.82125e-09 11.5252)
(1.31014e-09 -1.14572e-08 11.3546)
(3.76394e-09 -1.40986e-08 11.4663)
(8.05208e-09 -1.80322e-08 11.6029)
(-2.09563e-09 -1.55284e-08 11.5265)
(-5.89985e-09 -1.98296e-08 11.6036)
(-5.75787e-09 -2.35291e-08 11.7105)
(2.91616e-09 -3.93248e-09 11.2106)
(8.26977e-09 -4.68184e-09 11.3539)
(1.41668e-08 -5.86256e-09 11.5252)
(1.22416e-09 -1.17138e-08 11.3546)
(3.39618e-09 -1.42825e-08 11.4663)
(7.21434e-09 -1.816e-08 11.6029)
(-2.1125e-09 -1.62832e-08 11.5265)
(-6.05453e-09 -2.04187e-08 11.6036)
(-6.18772e-09 -2.40961e-08 11.7105)
(2.80248e-09 -3.82989e-09 11.2106)
(7.88419e-09 -4.58354e-09 11.3539)
(1.33836e-08 -5.71816e-09 11.5252)
(1.14696e-09 -1.1504e-08 11.3546)
(3.1246e-09 -1.40622e-08 11.4663)
(6.60924e-09 -1.77773e-08 11.6029)
(-2.10052e-09 -1.61583e-08 11.5265)
(-6.0519e-09 -2.02622e-08 11.6036)
(-6.41336e-09 -2.3717e-08 11.7105)
(2.48874e-09 -3.77889e-09 11.2106)
(7.02287e-09 -4.5057e-09 11.3539)
(1.20426e-08 -5.57783e-09 11.5252)
(8.85675e-10 -1.13098e-08 11.3546)
(2.42214e-09 -1.37895e-08 11.4663)
(5.49535e-09 -1.73131e-08 11.6029)
(-2.28506e-09 -1.5772e-08 11.5265)
(-6.52622e-09 -1.9771e-08 11.6036)
(-7.25282e-09 -2.29513e-08 11.7105)
(2.41132e-09 -3.7255e-09 11.2106)
(6.70722e-09 -4.42194e-09 11.3539)
(1.12875e-08 -5.49138e-09 11.5252)
(8.14414e-10 -1.11516e-08 11.3546)
(2.13482e-09 -1.35364e-08 11.4663)
(4.81451e-09 -1.70391e-08 11.6029)
(-2.32498e-09 -1.57317e-08 11.5265)
(-6.7153e-09 -1.95596e-08 11.6036)
(-7.69545e-09 -2.27551e-08 11.7105)
(2.24876e-09 -3.85665e-09 11.2106)
(6.21197e-09 -4.49792e-09 11.3539)
(1.04138e-08 -5.51467e-09 11.5252)
(7.05607e-10 -1.14993e-08 11.3546)
(1.79144e-09 -1.36998e-08 11.4663)
(4.17802e-09 -1.70297e-08 11.6029)
(-2.31064e-09 -1.64151e-08 11.5265)
(-6.71274e-09 -1.99453e-08 11.6036)
(-7.74751e-09 -2.29976e-08 11.7105)
(1.8764e-09 -3.93499e-09 11.2106)
(5.20976e-09 -4.52453e-09 11.3539)
(8.85882e-09 -5.43461e-09 11.5252)
(4.3778e-10 -1.16978e-08 11.3546)
(1.09491e-09 -1.37244e-08 11.4663)
(3.08556e-09 -1.67197e-08 11.6029)
(-2.4196e-09 -1.67567e-08 11.5265)
(-6.94364e-09 -2.00138e-08 11.6036)
(-8.19237e-09 -2.2623e-08 11.7105)
(1.48231e-09 -3.82888e-09 11.2106)
(4.06121e-09 -4.40593e-09 11.3539)
(6.82231e-09 -5.28882e-09 11.5252)
(9.44809e-11 -1.14263e-08 11.3546)
(1.16151e-10 -1.33994e-08 11.4663)
(1.34695e-09 -1.62933e-08 11.6029)
(-2.71958e-09 -1.65274e-08 11.5265)
(-7.7791e-09 -1.96624e-08 11.6036)
(-9.70927e-09 -2.20522e-08 11.7105)
(9.15675e-10 -4.12905e-09 11.2106)
(2.44966e-09 -4.66896e-09 11.3539)
(4.3195e-09 -5.55079e-09 11.5252)
(-4.56137e-10 -1.21842e-08 11.3546)
(-1.43013e-09 -1.40413e-08 11.4663)
(-1.03651e-09 -1.69131e-08 11.6029)
(-3.25123e-09 -1.76402e-08 11.5265)
(-9.24978e-09 -2.05861e-08 11.6036)
(-1.18807e-08 -2.2951e-08 11.7105)
(4.58121e-10 -4.52111e-09 11.2106)
(1.11308e-09 -5.04726e-09 11.3539)
(2.30961e-09 -5.93844e-09 11.5252)
(-9.17487e-10 -1.32514e-08 11.3546)
(-2.76407e-09 -1.50402e-08 11.4663)
(-3.02647e-09 -1.791e-08 11.6029)
(-3.67335e-09 -1.92339e-08 11.5265)
(-1.04562e-08 -2.20582e-08 11.6036)
(-1.35772e-08 -2.44809e-08 11.7105)
(3.63942e-10 -4.44733e-09 11.2106)
(6.96477e-10 -5.0304e-09 11.3539)
(1.35365e-09 -5.97901e-09 11.5252)
(-1.04437e-09 -1.31834e-08 11.3546)
(-3.26193e-09 -1.51102e-08 11.4663)
(-4.05842e-09 -1.81122e-08 11.6029)
(-3.82265e-09 -1.94361e-08 11.5265)
(-1.09945e-08 -2.24201e-08 11.6036)
(-1.45925e-08 -2.49925e-08 11.7105)
(6.82619e-11 -4.48182e-09 11.2106)
(-1.72028e-10 -5.08874e-09 11.3539)
(-6.4701e-11 -6.06931e-09 11.5252)
(-1.34847e-09 -1.32861e-08 11.3546)
(-4.15284e-09 -1.5283e-08 11.4663)
(-5.50499e-09 -1.83649e-08 11.6029)
(-4.15029e-09 -1.95872e-08 11.5265)
(-1.19446e-08 -2.26762e-08 11.6036)
(-1.61041e-08 -2.5313e-08 11.7105)
(-2.73723e-10 -4.79475e-09 11.2106)
(-1.14546e-09 -5.38017e-09 11.3539)
(-1.49199e-09 -6.37066e-09 11.5252)
(-1.69893e-09 -1.40846e-08 11.3546)
(-5.14766e-09 -1.60214e-08 11.4663)
(-6.96396e-09 -1.91253e-08 11.6029)
(-4.50088e-09 -2.06775e-08 11.5265)
(-1.29331e-08 -2.36847e-08 11.6036)
(-1.74828e-08 -2.63942e-08 11.7105)
(-2.62556e-10 -4.91663e-09 11.2106)
(-1.26382e-09 -5.50829e-09 11.3539)
(-1.98681e-09 -6.53288e-09 11.5252)
(-1.716e-09 -1.45169e-08 11.3546)
(-5.33983e-09 -1.64483e-08 11.4663)
(-7.52103e-09 -1.96315e-08 11.6029)
(-4.51842e-09 -2.16665e-08 11.5265)
(-1.31211e-08 -2.46198e-08 11.6036)
(-1.79073e-08 -2.74763e-08 11.7105)
(-4.65325e-10 -5.13118e-09 11.2106)
(-1.86878e-09 -5.70198e-09 11.3539)
(-3.08943e-09 -6.68398e-09 11.5252)
(-1.87946e-09 -1.51672e-08 11.3546)
(-5.82953e-09 -1.70245e-08 11.4663)
(-8.43077e-09 -2.00684e-08 11.6029)
(-4.62074e-09 -2.28394e-08 11.5265)
(-1.34245e-08 -2.56642e-08 11.6036)
(-1.8524e-08 -2.831e-08 11.7105)
(-9.88459e-10 -5.54258e-09 11.2106)
(-3.29778e-09 -6.07015e-09 11.3539)
(-5.30554e-09 -6.98752e-09 11.5252)
(-2.34383e-09 -1.62849e-08 11.3546)
(-7.07676e-09 -1.80105e-08 11.4663)
(-1.03659e-08 -2.08561e-08 11.6029)
(-5.02644e-09 -2.45053e-08 11.5265)
(-1.44888e-08 -2.71292e-08 11.6036)
(-2.0214e-08 -2.94427e-08 11.7105)
(-1.34366e-09 -5.9454e-09 11.2106)
(-4.3962e-09 -6.46567e-09 11.3539)
(-7.28937e-09 -7.4072e-09 11.5252)
(-2.71018e-09 -1.74744e-08 11.3546)
(-8.18434e-09 -1.91618e-08 11.4663)
(-1.23139e-08 -2.20552e-08 11.6029)
(-5.41592e-09 -2.65866e-08 11.5265)
(-1.5638e-08 -2.91055e-08 11.6036)
(-2.21211e-08 -3.14341e-08 11.7105)
(-1.76516e-09 -6.50565e-09 11.2106)
(-5.65458e-09 -7.02493e-09 11.3539)
(-9.36496e-09 -7.9843e-09 11.5252)
(-3.13536e-09 -1.91133e-08 11.3546)
(-9.44367e-09 -2.07717e-08 11.4663)
(-1.43709e-08 -2.36887e-08 11.6029)
(-5.82614e-09 -2.92911e-08 11.5265)
(-1.68412e-08 -3.17339e-08 11.6036)
(-2.40049e-08 -3.40881e-08 11.7105)
(-2.23305e-09 -6.93321e-09 11.2106)
(-7.0087e-09 -7.47138e-09 11.3539)
(-1.15251e-08 -8.42134e-09 11.5252)
(-3.58526e-09 -2.04086e-08 11.3546)
(-1.07372e-08 -2.20966e-08 11.4663)
(-1.64359e-08 -2.49536e-08 11.6029)
(-6.23747e-09 -3.14163e-08 11.5265)
(-1.80053e-08 -3.38821e-08 11.6036)
(-2.58853e-08 -3.61142e-08 11.7105)
(-2.50036e-09 -6.97597e-09 11.2106)
(-7.89928e-09 -7.56964e-09 11.3539)
(-1.32878e-08 -8.56516e-09 11.5252)
(-3.87123e-09 -2.07073e-08 11.3546)
(-1.16665e-08 -2.25393e-08 11.4663)
(-1.82242e-08 -2.55007e-08 11.6029)
(-6.55474e-09 -3.22671e-08 11.5265)
(-1.90071e-08 -3.48978e-08 11.6036)
(-2.77647e-08 -3.71698e-08 11.7105)
(-2.85979e-09 -7.20045e-09 11.2106)
(-8.98504e-09 -7.79999e-09 11.3539)
(-1.51351e-08 -8.81118e-09 11.5252)
(-4.23028e-09 -2.13934e-08 11.3546)
(-1.27477e-08 -2.32379e-08 11.4663)
(-2.00644e-08 -2.62266e-08 11.6029)
(-6.90044e-09 -3.35097e-08 11.5265)
(-2.00416e-08 -3.61427e-08 11.6036)
(-2.94926e-08 -3.84405e-08 11.7105)
(-3.19255e-09 -7.44775e-09 11.2106)
(-9.96931e-09 -8.03118e-09 11.3539)
(-1.67341e-08 -9.01403e-09 11.5252)
(-4.52889e-09 -2.21289e-08 11.3546)
(-1.36327e-08 -2.39063e-08 11.4663)
(-2.15183e-08 -2.67887e-08 11.6029)
(-7.10653e-09 -3.47939e-08 11.5265)
(-2.06595e-08 -3.73086e-08 11.6036)
(-3.05279e-08 -3.95112e-08 11.7105)
(-3.27763e-09 -7.29843e-09 11.2106)
(-1.03351e-08 -7.8986e-09 11.3539)
(-1.77135e-08 -8.86861e-09 11.5252)
(-4.57995e-09 -2.18691e-08 11.3546)
(-1.38906e-08 -2.36695e-08 11.4663)
(-2.23007e-08 -2.64846e-08 11.6029)
(-7.08398e-09 -3.4867e-08 11.5265)
(-2.0692e-08 -3.73615e-08 11.6036)
(-3.09592e-08 -3.94462e-08 11.7105)
(-3.63068e-09 -7.32142e-09 11.2106)
(-1.13362e-08 -7.8963e-09 11.3539)
(-1.94135e-08 -8.81816e-09 11.5252)
(-4.86573e-09 -2.19458e-08 11.3546)
(-1.46901e-08 -2.36652e-08 11.4663)
(-2.36944e-08 -2.63237e-08 11.6029)
(-7.27622e-09 -3.51333e-08 11.5265)
(-2.12139e-08 -3.74933e-08 11.6036)
(-3.19598e-08 -3.93324e-08 11.7105)
(-4.08641e-09 -7.61858e-09 11.2106)
(-1.25954e-08 -8.14206e-09 11.3539)
(-2.13236e-08 -9.01474e-09 11.5252)
(-5.2634e-09 -2.27063e-08 11.3546)
(-1.5769e-08 -2.42655e-08 11.4663)
(-2.53318e-08 -2.67623e-08 11.6029)
(-7.57388e-09 -3.6267e-08 11.5265)
(-2.19912e-08 -3.83804e-08 11.6036)
(-3.3117e-08 -4.0035e-08 11.7105)
(-4.21348e-09 -7.6978e-09 11.2106)
(-1.30746e-08 -8.22232e-09 11.3539)
(-2.23691e-08 -9.1103e-09 11.5252)
(-5.37811e-09 -2.30172e-08 11.3546)
(-1.61952e-08 -2.45471e-08 11.4663)
(-2.62495e-08 -2.70551e-08 11.6029)
(-7.63246e-09 -3.70943e-08 11.5265)
(-2.224e-08 -3.91079e-08 11.6036)
(-3.36707e-08 -4.08029e-08 11.7105)
(-4.48524e-09 -7.82875e-09 11.2106)
(-1.38718e-08 -8.34673e-09 11.3539)
(-2.37458e-08 -9.20739e-09 11.5252)
(-5.60431e-09 -2.34274e-08 11.3546)
(-1.68493e-08 -2.49175e-08 11.4663)
(-2.73916e-08 -2.73203e-08 11.6029)
(-7.77719e-09 -3.78906e-08 11.5265)
(-2.26408e-08 -3.98222e-08 11.6036)
(-3.4417e-08 -4.13588e-08 11.7105)
(-4.92652e-09 -8.05755e-09 11.2106)
(-1.51037e-08 -8.55251e-09 11.3539)
(-2.56771e-08 -9.36893e-09 11.5252)
(-5.99493e-09 -2.4049e-08 11.3546)
(-1.79175e-08 -2.54621e-08 11.4663)
(-2.90668e-08 -2.77185e-08 11.6029)
(-8.09643e-09 -3.88205e-08 11.5265)
(-2.34826e-08 -4.06322e-08 11.6036)
(-3.57721e-08 -4.19372e-08 11.7105)
(-5.16877e-09 -8.23413e-09 11.2106)
(-1.58945e-08 -8.72816e-09 11.3539)
(-2.72222e-08 -9.56599e-09 11.5252)
(-6.23984e-09 -2.45987e-08 11.3546)
(-1.86908e-08 -2.59904e-08 11.4663)
(-3.05312e-08 -2.82837e-08 11.6029)
(-8.33498e-09 -3.99392e-08 11.5265)
(-2.42094e-08 -4.1669e-08 11.6036)
(-3.70627e-08 -4.29991e-08 11.7105)
(-5.60215e-09 -8.64608e-09 11.2106)
(-1.71769e-08 -9.11543e-09 11.3539)
(-2.93883e-08 -9.94044e-09 11.5252)
(-6.63548e-09 -2.57999e-08 11.3546)
(-1.98546e-08 -2.70955e-08 11.4663)
(-3.24915e-08 -2.93231e-08 11.6029)
(-8.66259e-09 -4.20075e-08 11.5265)
(-2.51637e-08 -4.35585e-08 11.6036)
(-3.86234e-08 -4.48063e-08 11.7105)
(-6.33322e-09 -9.1588e-09 11.2106)
(-1.92225e-08 -9.59683e-09 11.3539)
(-3.26514e-08 -1.03617e-08 11.5252)
(-7.28448e-09 -2.72689e-08 11.3546)
(-2.16479e-08 -2.84437e-08 11.4663)
(-3.53537e-08 -3.04649e-08 11.6029)
(-9.20108e-09 -4.44315e-08 11.5265)
(-2.66187e-08 -4.57665e-08 11.6036)
(-4.09647e-08 -4.6686e-08 11.7105)
(-6.99251e-09 -9.36639e-09 11.2106)
(-2.12402e-08 -9.82723e-09 11.3539)
(-3.62805e-08 -1.05989e-08 11.5252)
(-7.91272e-09 -2.80412e-08 11.3546)
(-2.35394e-08 -2.92447e-08 11.4663)
(-3.87223e-08 -3.12403e-08 11.6029)
(-9.80038e-09 -4.61437e-08 11.5265)
(-2.83917e-08 -4.74412e-08 11.6036)
(-4.40986e-08 -4.8204e-08 11.7105)
(-7.87022e-09 -9.77749e-09 11.2106)
(-2.38066e-08 -1.02331e-08 11.3539)
(-4.05469e-08 -1.10039e-08 11.5252)
(-8.75753e-09 -2.92595e-08 11.3546)
(-2.59876e-08 -3.04286e-08 11.4663)
(-4.27807e-08 -3.23823e-08 11.6029)
(-1.0605e-08 -4.83175e-08 11.5265)
(-3.06912e-08 -4.95264e-08 11.6036)
(-4.78382e-08 -5.01672e-08 11.7105)
(-8.73451e-09 -1.01901e-08 11.2106)
(-2.63819e-08 -1.06526e-08 11.3539)
(-4.47782e-08 -1.14197e-08 11.5252)
(-9.60136e-09 -3.05125e-08 11.3546)
(-2.84698e-08 -3.16532e-08 11.4663)
(-4.68245e-08 -3.35431e-08 11.6029)
(-1.13732e-08 -5.05317e-08 11.5265)
(-3.2927e-08 -5.16393e-08 11.6036)
(-5.14016e-08 -5.21918e-08 11.7105)
(-9.33309e-09 -1.03166e-08 11.2106)
(-2.82925e-08 -1.07937e-08 11.3539)
(-4.83216e-08 -1.15889e-08 11.5252)
(-1.01779e-08 -3.10465e-08 11.3546)
(-3.03102e-08 -3.22081e-08 11.4663)
(-5.02204e-08 -3.41283e-08 11.6029)
(-1.19002e-08 -5.19705e-08 11.5265)
(-3.4596e-08 -5.30618e-08 11.6036)
(-5.44029e-08 -5.36287e-08 11.7105)
(-1.01121e-08 -1.06751e-08 11.2106)
(-3.06179e-08 -1.11588e-08 11.3539)
(-5.22825e-08 -1.19522e-08 11.5252)
(-1.09408e-08 -3.2105e-08 11.3546)
(-3.25404e-08 -3.32291e-08 11.4663)
(-5.39548e-08 -3.50923e-08 11.6029)
(-1.25857e-08 -5.39365e-08 11.5265)
(-3.65735e-08 -5.48903e-08 11.6036)
(-5.76134e-08 -5.53404e-08 11.7105)
(-1.07812e-08 -1.11782e-08 11.2106)
(-3.27263e-08 -1.1605e-08 11.3539)
(-5.59454e-08 -1.23783e-08 11.5252)
(-1.15617e-08 -3.36099e-08 11.3546)
(-3.4518e-08 -3.45722e-08 11.4663)
(-5.74225e-08 -3.63312e-08 11.6029)
(-1.31099e-08 -5.65931e-08 11.5265)
(-3.82421e-08 -5.73223e-08 11.6036)
(-6.0496e-08 -5.77102e-08 11.7105)
(-1.14132e-08 -1.18689e-08 11.2106)
(-3.46064e-08 -1.22919e-08 11.3539)
(-5.93273e-08 -1.30736e-08 11.5252)
(-1.21992e-08 -3.55245e-08 11.3546)
(-3.63438e-08 -3.6379e-08 11.4663)
(-6.05679e-08 -3.80907e-08 11.6029)
(-1.36527e-08 -5.99857e-08 11.5265)
(-3.97618e-08 -6.04108e-08 11.6036)
(-6.28881e-08 -6.07172e-08 11.7105)
(-1.18397e-08 -1.24028e-08 11.2106)
(-3.62764e-08 -1.27779e-08 11.3539)
(-6.27572e-08 -1.35475e-08 11.5252)
(-1.25637e-08 -3.7414e-08 11.3546)
(-3.7855e-08 -3.81183e-08 11.4663)
(-6.37492e-08 -3.97255e-08 11.6029)
(-1.39023e-08 -6.37314e-08 11.5265)
(-4.09124e-08 -6.39306e-08 11.6036)
(-6.54151e-08 -6.41839e-08 11.7105)
(-1.32808e-08 -1.38103e-08 11.2106)
(-3.99813e-08 -1.41111e-08 11.3539)
(-6.83975e-08 -1.47751e-08 11.5252)
(-1.38988e-08 -4.09662e-08 11.3546)
(-4.11933e-08 -4.13708e-08 11.4663)
(-6.87273e-08 -4.26149e-08 11.6029)
(-1.5047e-08 -6.90762e-08 11.5265)
(-4.36843e-08 -6.87201e-08 11.6036)
(-6.93399e-08 -6.83419e-08 11.7105)
(-1.34233e-08 -1.37736e-08 11.2106)
(-4.13796e-08 -1.41551e-08 11.3539)
(-7.20874e-08 -1.48998e-08 11.5252)
(-1.40986e-08 -4.17978e-08 11.3546)
(-4.27098e-08 -4.23803e-08 11.4663)
(-7.25145e-08 -4.37502e-08 11.6029)
(-1.52797e-08 -7.17868e-08 11.5265)
(-4.5209e-08 -7.16288e-08 11.6036)
(-7.30741e-08 -7.14581e-08 11.7105)
(-1.55833e-08 -1.5584e-08 11.2106)
(-4.65617e-08 -1.58026e-08 11.3539)
(-7.94315e-08 -1.63696e-08 11.5252)
(-1.60745e-08 -4.59604e-08 11.3546)
(-4.73805e-08 -4.60876e-08 11.4663)
(-7.90485e-08 -4.69846e-08 11.6029)
(-1.70524e-08 -7.74989e-08 11.5265)
(-4.93381e-08 -7.66188e-08 11.6036)
(-7.86152e-08 -7.56163e-08 11.7105)
(-1.58421e-08 -1.5173e-08 11.2106)
(-4.86827e-08 -1.5523e-08 11.3539)
(-8.422e-08 -1.61888e-08 11.5252)
(-1.64263e-08 -4.62277e-08 11.3546)
(-4.96805e-08 -4.66433e-08 11.4663)
(-8.40806e-08 -4.77174e-08 11.6029)
(-1.75113e-08 -7.94532e-08 11.5265)
(-5.18231e-08 -7.89621e-08 11.6036)
(-8.40233e-08 -7.82994e-08 11.7105)
(-2.07089e-08 -1.8643e-08 11.2106)
(-5.99108e-08 -1.85867e-08 11.3539)
(-9.85825e-08 -1.88847e-08 11.5252)
(-2.08122e-08 -5.36772e-08 11.3546)
(-5.9688e-08 -5.31285e-08 11.4663)
(-9.66259e-08 -5.34838e-08 11.6029)
(-2.16597e-08 -8.80191e-08 11.5265)
(-6.14054e-08 -8.60868e-08 11.6036)
(-9.5967e-08 -8.39957e-08 11.7105)
(-2.32884e-08 -1.90545e-08 11.2106)
(-6.87483e-08 -1.91226e-08 11.3539)
(-1.12176e-07 -2.0049e-08 11.5252)
(-2.3469e-08 -5.66076e-08 11.3546)
(-6.88075e-08 -5.66056e-08 11.4663)
(-1.10985e-07 -5.8852e-08 11.6029)
(-2.52699e-08 -9.242e-08 11.5265)
(-7.31438e-08 -9.16858e-08 11.6036)
(-1.14489e-07 -9.19821e-08 11.7105)
(-4.19995e-08 -3.49499e-08 11.2106)
(-1.12524e-07 -3.39336e-08 11.3539)
(-1.63857e-07 -3.51235e-08 11.5252)
(-4.10864e-08 -9.26302e-08 11.3546)
(-1.09931e-07 -9.01539e-08 11.4663)
(-1.58552e-07 -9.45051e-08 11.6029)
(-4.35491e-08 -1.32011e-07 11.5265)
(-1.17272e-07 -1.27428e-07 11.6036)
(-1.65635e-07 -1.29198e-07 11.7105)
(-6.12725e-08 -4.99274e-08 11.2106)
(-1.65453e-07 -4.89882e-08 11.3539)
(-2.29122e-07 -5.57615e-08 11.5252)
(-6.03313e-08 -1.33774e-07 11.3546)
(-1.64568e-07 -1.33489e-07 11.4663)
(-2.28949e-07 -1.54834e-07 11.6029)
(-6.87842e-08 -1.78977e-07 11.5265)
(-1.89762e-07 -1.80216e-07 11.6036)
(-2.6036e-07 -2.04093e-07 11.7105)
(-1.45001e-07 -1.25024e-07 11.2106)
(-3.62683e-07 -1.23134e-07 11.3539)
(-4.4941e-07 -1.40683e-07 11.5252)
(-1.42622e-07 -3.07492e-07 11.3546)
(-3.59992e-07 -3.07065e-07 11.4663)
(-4.4588e-07 -3.64594e-07 11.6029)
(-1.62434e-07 -3.62666e-07 11.5265)
(-4.22618e-07 -3.6276e-07 11.6036)
(-5.22141e-07 -4.26955e-07 11.7105)
(-2.50938e-07 -2.12047e-07 11.2106)
(-6.34909e-07 -2.16673e-07 11.3539)
(-7.4171e-07 -2.77778e-07 11.5252)
(-2.53993e-07 -5.28181e-07 11.3546)
(-6.58497e-07 -5.57656e-07 11.4663)
(-7.89306e-07 -7.45363e-07 11.6029)
(-3.18621e-07 -5.74321e-07 11.5265)
(-8.54137e-07 -6.30508e-07 11.6036)
(-1.03836e-06 -8.57655e-07 11.7105)
(-5.88896e-07 -5.1378e-07 11.2106)
(-1.41815e-06 -5.3736e-07 11.3539)
(-1.51771e-06 -7.0105e-07 11.5252)
(-6.08983e-07 -1.2123e-06 11.3546)
(-1.50564e-06 -1.3125e-06 11.4663)
(-1.66155e-06 -1.81592e-06 11.6029)
(-7.79099e-07 -1.19449e-06 11.5265)
(-2.02338e-06 -1.35615e-06 11.6036)
(-2.30335e-06 -1.95491e-06 11.7105)
(-8.33897e-07 -6.83349e-07 11.2106)
(-1.98397e-06 -8.05244e-07 11.3539)
(-1.7012e-06 -1.28321e-06 11.5252)
(-9.48447e-07 -1.57178e-06 11.3546)
(-2.39219e-06 -2.00671e-06 11.4663)
(-2.37021e-06 -3.43074e-06 11.6029)
(-1.4393e-06 -1.05575e-06 11.5265)
(-3.84429e-06 -1.76211e-06 11.6036)
(-4.20337e-06 -3.50881e-06 11.7105)
(-1.24797e-06 -9.63351e-07 11.2106)
(-2.60993e-06 -1.34453e-06 11.3539)
(-8.8559e-07 -2.52094e-06 11.5252)
(-1.61458e-06 -1.83292e-06 11.3546)
(-3.81251e-06 -3.08684e-06 11.4663)
(-2.7599e-06 -6.58117e-06 11.6029)
(-2.81509e-06 3.35895e-07 11.5265)
(-7.36052e-06 -1.60662e-06 11.6036)
(-7.20497e-06 -5.88408e-06 11.7105)
(1.02619e-06 1.6031e-06 11.2107)
(3.99646e-06 4.79974e-07 11.354)
(1.19508e-05 -2.24857e-06 11.5252)
(-6.60558e-08 5.56618e-06 11.3546)
(5.25896e-07 1.9855e-06 11.4663)
(6.43703e-06 -5.99394e-06 11.6029)
(-2.84543e-06 1.4431e-05 11.5265)
(-7.56358e-06 8.75813e-06 11.6036)
(-3.95406e-06 -1.289e-06 11.7105)
(7.6498e-06 8.69107e-06 11.2106)
(2.35056e-05 6.09815e-06 11.3539)
(4.70767e-05 9.56624e-07 11.5251)
(5.11656e-06 2.63383e-05 11.3545)
(1.5761e-05 1.83771e-05 11.4662)
(3.49871e-05 3.3778e-06 11.6029)
(-1.27457e-07 5.15975e-05 11.5265)
(5.45903e-07 3.91996e-05 11.6035)
(1.51976e-05 2.0057e-05 11.7104)
(2.52376e-05 2.73319e-05 11.2105)
(7.41101e-05 2.31612e-05 11.3538)
(0.000134274 1.63651e-05 11.525)
(2.11911e-05 7.98518e-05 11.3544)
(6.16914e-05 6.69717e-05 11.4661)
(0.000113728 4.72367e-05 11.6028)
(1.41876e-05 0.000143545 11.5264)
(4.15369e-05 0.000122291 11.6035)
(8.57546e-05 9.55647e-05 11.7103)
(4.54365e-05 4.8643e-05 11.2099)
(0.000132394 4.29887e-05 11.3533)
(0.000234052 3.73996e-05 11.5245)
(3.9993e-05 0.000141287 11.3539)
(0.000117166 0.000125232 11.4656)
(0.0002102 0.000108877 11.6023)
(3.40232e-05 0.000248848 11.5259)
(0.000100076 0.000223736 11.603)
(0.000183853 0.000199449 11.7098)
(-4.92303e-05 -4.38618e-05 11.2094)
(-8.77862e-05 -2.58992e-05 11.3528)
(3.79823e-05 1.29679e-05 11.524)
(-3.09258e-05 -7.20302e-05 11.3534)
(-3.48316e-05 -2.05881e-05 11.4652)
(0.00010007 8.50313e-05 11.6018)
(7.29873e-06 6.62104e-05 11.5254)
(6.96582e-05 0.000125542 11.6025)
(0.000210119 0.00023871 11.7093)
(-7.1481e-05 -6.66372e-05 11.2107)
(-0.000143541 -5.0278e-05 11.3531)
(-3.4236e-05 -1.43836e-05 11.5227)
(-5.46688e-05 -0.000129756 11.3537)
(-9.65757e-05 -8.44743e-05 11.4647)
(2.0557e-05 6.10201e-06 11.5999)
(-1.92346e-05 -9.89827e-06 11.524)
(-6.83327e-06 4.22447e-05 11.6006)
(9.7995e-05 0.000122374 11.7065)
(-0.000385562 -0.0030132 10.0034)
(-0.0019086 -0.00309637 10.0036)
(-0.00290253 -0.00410029 10.004)
(-0.000609383 -0.00430049 10.0039)
(-0.0025806 -0.00447962 10.0041)
(-0.00378791 -0.00535159 10.0045)
(-0.000867521 -0.00568331 10.0044)
(-0.00332046 -0.00580616 10.0047)
(-0.00487043 -0.0065156 10.0051)
(-0.00113854 -0.00710639 10.0051)
(-0.00408953 -0.00718326 10.0053)
(-0.00604245 -0.00778825 10.0059)
(-0.00143567 -0.00878599 10.0058)
(-0.00493089 -0.00876286 10.0061)
(-0.00733594 -0.00923201 10.0068)
(-0.00162475 -0.00965696 10.0064)
(-0.00550148 -0.00965811 10.0068)
(-0.00830884 -0.0101804 10.0076)
(-0.0021838 -0.013552 10.0073)
(-0.0071093 -0.013252 10.0078)
(-0.0107834 -0.0133221 10.0087)
(-0.001215 -0.00524908 10.0074)
(-0.00436634 -0.00575338 10.0078)
(-0.00685763 -0.00739869 10.0088)
(-0.0065371 -0.0422005 10.007)
(-0.0194981 -0.0389158 10.0074)
(-0.0287128 -0.0343093 10.0078)
(0.00562081 0.0412591 9.93621)
(0.014667 0.0350987 9.92684)
(0.0192142 0.0240674 9.90392)
(7.18049e-05 -0.000941065 10.0116)
(-0.00102765 -0.00193909 10.0128)
(-0.00200099 -0.00308046 10.0139)
(-0.000337302 -0.00317488 10.0141)
(-0.00224217 -0.00412191 10.0149)
(-0.00356118 -0.00493 10.0159)
(-0.000812415 -0.00560447 10.0165)
(-0.00356351 -0.0062599 10.0171)
(-0.0053722 -0.00671973 10.0181)
(-0.00125549 -0.00793697 10.0185)
(-0.00478415 -0.00831083 10.019)
(-0.00712589 -0.00855437 10.0201)
(-0.00169524 -0.0105923 10.0201)
(-0.00600842 -0.0106236 10.0205)
(-0.00889119 -0.0105814 10.0218)
(-0.00185244 -0.0112548 10.021)
(-0.00648878 -0.0111869 10.0216)
(-0.00967111 -0.0112231 10.0231)
(-0.0026411 -0.017224 10.022)
(-0.00879584 -0.0166299 10.0227)
(-0.0131951 -0.015961 10.0244)
(-0.00108297 -0.00523396 10.0224)
(-0.00431421 -0.00567096 10.0232)
(-0.00668231 -0.00709653 10.0251)
(-0.0061032 -0.0367989 10.0168)
(-0.0184063 -0.0333916 10.0169)
(-0.0259135 -0.0288815 10.0161)
(0.0022784 0.0143622 9.84545)
(0.00471653 0.0104911 9.82145)
(0.00384423 0.00385401 9.76424)
(0.00107875 0.0048952 10.0197)
(0.00144525 0.00211328 10.0235)
(0.000905238 0.000128009 10.027)
(0.000260794 0.000613854 10.028)
(-0.000831316 -0.00180455 10.0302)
(-0.00219856 -0.00331399 10.0326)
(-0.000631111 -0.00398796 10.0346)
(-0.00323904 -0.00564628 10.0355)
(-0.00546239 -0.00652031 10.0374)
(-0.00139423 -0.00820204 10.0387)
(-0.00530624 -0.00914024 10.0389)
(-0.00831487 -0.00956007 10.0405)
(-0.00205421 -0.0124505 10.0406)
(-0.007147 -0.0127078 10.0406)
(-0.0108499 -0.0126006 10.042)
(-0.00227646 -0.0138059 10.0407)
(-0.00783786 -0.0137584 10.0408)
(-0.0118384 -0.0136013 10.0423)
(-0.0031499 -0.0206603 10.0399)
(-0.0104578 -0.0199577 10.0402)
(-0.0157699 -0.0189597 10.042)
(-0.00176095 -0.0110462 10.0392)
(-0.00653011 -0.011342 10.0398)
(-0.010388 -0.012325 10.0416)
(-0.00571591 -0.0325814 10.0231)
(-0.0173209 -0.0293699 10.0211)
(-0.0237761 -0.025409 10.015)
(2.89012e-05 -0.00263795 9.71814)
(-0.00187026 -0.00502505 9.67629)
(-0.00595329 -0.0086434 9.57935)
(0.00183663 0.0107162 10.0288)
(0.00365063 0.00602646 10.0372)
(0.00277077 0.00239233 10.0476)
(0.000378291 0.00298515 10.0495)
(-0.000148707 -0.000744866 10.0532)
(-0.00275241 -0.00375922 10.0599)
(-0.00104494 -0.00476098 10.0628)
(-0.00390189 -0.00702675 10.0633)
(-0.00779758 -0.00896461 10.0673)
(-0.00213963 -0.011251 10.0688)
(-0.00686841 -0.0122567 10.0678)
(-0.0116427 -0.0133019 10.0698)
(-0.00292221 -0.0167663 10.0692)
(-0.00910095 -0.0167947 10.0679)
(-0.014466 -0.0169598 10.0688)
(-0.00311723 -0.0186946 10.0664)
(-0.00981134 -0.0183156 10.0654)
(-0.015292 -0.0181754 10.0662)
(-0.00378568 -0.0246684 10.0619)
(-0.0119561 -0.0236864 10.0617)
(-0.0183247 -0.0225837 10.063)
(-0.00267246 -0.018501 10.0586)
(-0.00898242 -0.0184914 10.0587)
(-0.0146329 -0.0188938 10.0601)
(-0.0053935 -0.0300771 10.0261)
(-0.0160739 -0.0271916 10.0203)
(-0.0220929 -0.0238965 10.0051)
(-0.00148438 -0.0138996 9.56988)
(-0.00585326 -0.0150273 9.50936)
(-0.0114553 -0.0160288 9.3728)
(0.00101077 0.00874985 10.0489)
(0.00214893 0.00355432 10.0619)
(-0.00130022 -0.0019502 10.0848)
(-0.00117418 -0.00343927 10.0872)
(-0.00334561 -0.00683107 10.091)
(-0.00964161 -0.0114204 10.1045)
(-0.00306594 -0.0144255 10.1062)
(-0.00831162 -0.0157001 10.1046)
(-0.0161017 -0.0185187 10.1104)
(-0.00432273 -0.0224829 10.1096)
(-0.0117613 -0.0220498 10.1057)
(-0.0201433 -0.0234405 10.1062)
(-0.00496247 -0.02775 10.1032)
(-0.0137028 -0.026329 10.0993)
(-0.022121 -0.0265381 10.0972)
(-0.00486129 -0.0288468 10.0928)
(-0.0137377 -0.0272608 10.0901)
(-0.0216956 -0.0269608 10.0879)
(-0.00493759 -0.0317322 10.082)
(-0.0143535 -0.0299877 10.0808)
(-0.0223019 -0.0287958 10.0802)
(-0.0038924 -0.0276925 10.074)
(-0.0117701 -0.0270622 10.0733)
(-0.0193852 -0.0267507 10.0727)
(-0.0053049 -0.0299513 10.0167)
(-0.0150772 -0.02742 10.0053)
(-0.0213456 -0.0247882 9.9768)
(-0.00248599 -0.0209634 9.40235)
(-0.00782668 -0.021036 9.3237)
(-0.0137931 -0.019944 9.15021)
(-0.0021199 -0.00705267 10.0957)
(-0.00537143 -0.0104843 10.1106)
(-0.014231 -0.0167059 10.1487)
(-0.0049463 -0.0238088 10.1509)
(-0.012388 -0.0245673 10.1518)
(-0.0250063 -0.0291065 10.1714)
(-0.00713715 -0.0373001 10.1688)
(-0.0181236 -0.0353092 10.1619)
(-0.0320392 -0.0373188 10.1662)
(-0.00830085 -0.0452473 10.1596)
(-0.0214173 -0.041335 10.1501)
(-0.0352865 -0.041638 10.1448)
(-0.00848426 -0.0480563 10.1365)
(-0.022239 -0.0435224 10.1284)
(-0.0351603 -0.0426573 10.1188)
(-0.00776939 -0.0461335 10.1113)
(-0.02072 -0.0421182 10.106)
(-0.0321806 -0.0408803 10.0969)
(-0.00686521 -0.0435959 10.0902)
(-0.0186995 -0.0403591 10.0875)
(-0.0289138 -0.0387141 10.0824)
(-0.00554418 -0.0392007 10.0751)
(-0.0154451 -0.0374843 10.0729)
(-0.0252045 -0.0361909 10.0677)
(-0.00558765 -0.0325997 9.98319)
(-0.0148588 -0.0302409 9.96439)
(-0.0219322 -0.0280033 9.91799)
(-0.00316801 -0.0250346 9.21346)
(-0.00853823 -0.0242621 9.11808)
(-0.0142022 -0.0217017 8.91121)
(-0.00705052 -0.0361926 10.1845)
(-0.018078 -0.036018 10.1963)
(-0.0344897 -0.0406945 10.2472)
(-0.0104007 -0.0571363 10.2488)
(-0.0263662 -0.0534472 10.2424)
(-0.0467914 -0.0549229 10.2629)
(-0.0126991 -0.0721467 10.2525)
(-0.0324619 -0.0648953 10.2357)
(-0.0537817 -0.0633597 10.2333)
(-0.0135704 -0.0782399 10.2156)
(-0.0351407 -0.0690965 10.1975)
(-0.0555909 -0.0659173 10.1803)
(-0.0130947 -0.0765829 10.1626)
(-0.0343395 -0.0674757 10.1487)
(-0.0526345 -0.063628 10.1255)
(-0.0115766 -0.0695386 10.1131)
(-0.0306848 -0.0619506 10.1042)
(-0.0462284 -0.058449 10.083)
(-0.00947007 -0.0597783 10.0764)
(-0.0252842 -0.0542964 10.0719)
(-0.0381742 -0.0514461 10.0584)
(-0.00756454 -0.0524377 10.0511)
(-0.0202662 -0.0491257 10.0465)
(-0.0321174 -0.0464254 10.0325)
(-0.00622243 -0.0373941 9.91484)
(-0.0157064 -0.0348419 9.88703)
(-0.0237826 -0.032527 9.81803)
(-0.00366396 -0.0269596 9.00043)
(-0.00874832 -0.0254732 8.89)
(-0.0137307 -0.0220109 8.65292)
(-0.0125439 -0.0729857 10.3231)
(-0.0328607 -0.0683818 10.3266)
(-0.0574171 -0.0690647 10.3838)
(-0.0163251 -0.0977768 10.3842)
(-0.0420789 -0.0885736 10.3648)
(-0.070361 -0.0841012 10.3799)
(-0.0185867 -0.113585 10.3566)
(-0.0484243 -0.100063 10.3257)
(-0.077255 -0.0924155 10.3103)
(-0.0190684 -0.11701 10.2741)
(-0.050412 -0.101795 10.2451)
(-0.077544 -0.092609 10.2097)
(-0.0179031 -0.109903 10.1762)
(-0.0480694 -0.0954817 10.1556)
(-0.0719914 -0.0866661 10.113)
(-0.0156261 -0.0964815 10.0917)
(-0.0423625 -0.0846144 10.0789)
(-0.0621603 -0.0774092 10.0402)
(-0.0123843 -0.0785611 10.0336)
(-0.0335585 -0.0702512 10.0264)
(-0.0492036 -0.0652952 9.99971)
(-0.00973252 -0.0661746 9.99381)
(-0.0260296 -0.0608335 9.98553)
(-0.0396571 -0.0562612 9.95682)
(-0.00705834 -0.0432214 9.80515)
(-0.0175567 -0.0400422 9.76688)
(-0.0264926 -0.0371371 9.67075)
(-0.00402448 -0.0273046 8.76304)
(-0.00896909 -0.0251491 8.63921)
(-0.0130419 -0.0212136 8.37432)
(-0.0171866 -0.109341 10.5103)
(-0.0459823 -0.100669 10.5019)
(-0.0776039 -0.0955658 10.558)
(-0.0211937 -0.137655 10.555)
(-0.0557889 -0.123219 10.5182)
(-0.0907207 -0.110852 10.5247)
(-0.0234003 -0.154506 10.4797)
(-0.0624075 -0.135122 10.4325)
(-0.0979668 -0.119697 10.3999)
(-0.0235095 -0.15599 10.3331)
(-0.0639358 -0.135113 10.2932)
(-0.0973672 -0.118258 10.236)
(-0.0218109 -0.144103 10.1749)
(-0.060641 -0.124687 10.1485)
(-0.0902484 -0.109533 10.0835)
(-0.0190546 -0.124495 10.0442)
(-0.0536517 -0.108387 10.0281)
(-0.0778934 -0.0963551 9.96804)
(-0.0150503 -0.098404 9.95743)
(-0.0422385 -0.0870748 9.94737)
(-0.0607164 -0.0791789 9.90195)
(-0.0116746 -0.0794127 9.8979)
(-0.0319642 -0.0718804 9.88439)
(-0.047056 -0.0650484 9.83432)
(-0.00780308 -0.0491478 9.65196)
(-0.0198501 -0.045063 9.60214)
(-0.0294289 -0.0411588 9.47481)
(-0.00415865 -0.0265176 8.50432)
(-0.00918351 -0.0237844 8.36864)
(-0.0123014 -0.0196841 8.07762)
(-0.0196735 -0.136793 10.7361)
(-0.0538481 -0.125363 10.7148)
(-0.0902924 -0.114128 10.7659)
(-0.0236911 -0.168489 10.7554)
(-0.0638426 -0.150109 10.7012)
(-0.103609 -0.129831 10.6987)
(-0.0258828 -0.187702 10.6211)
(-0.0709209 -0.16401 10.5591)
(-0.111747 -0.140386 10.5105)
(-0.0257277 -0.189488 10.3952)
(-0.072459 -0.164393 10.3477)
(-0.111441 -0.139372 10.2719)
(-0.02376 -0.175273 10.1615)
(-0.0690622 -0.152073 10.1331)
(-0.104258 -0.129947 10.0486)
(-0.0209189 -0.151283 9.97159)
(-0.0619355 -0.131761 9.95494)
(-0.0909359 -0.11418 9.87327)
(-0.0167263 -0.11815 9.84635)
(-0.0493371 -0.10416 9.83396)
(-0.0709677 -0.0925847 9.7657)
(-0.0128299 -0.0916003 9.75975)
(-0.0366448 -0.0821634 9.74004)
(-0.0531691 -0.072761 9.66278)
(-0.00799379 -0.0546548 9.45548)
(-0.0214421 -0.0497651 9.39391)
(-0.0316833 -0.0446068 9.23295)
(-0.00379951 -0.0250349 8.22858)
(-0.00876172 -0.0220442 8.08283)
(-0.0111969 -0.0180191 7.76753)
(-0.0193198 -0.149395 10.9831)
(-0.0541297 -0.136803 10.9518)
(-0.0922714 -0.120466 10.9987)
(-0.0231217 -0.184082 10.9764)
(-0.0639297 -0.163776 10.9095)
(-0.105749 -0.13676 10.9015)
(-0.0252809 -0.207338 10.7796)
(-0.0714535 -0.181425 10.7095)
(-0.115225 -0.150199 10.6524)
(-0.0249699 -0.212416 10.4659)
(-0.0734234 -0.185076 10.4189)
(-0.116433 -0.152165 10.3351)
(-0.0229533 -0.199512 10.1437)
(-0.0706634 -0.174217 10.1211)
(-0.110753 -0.144868 10.0278)
(-0.0203631 -0.17429 9.87919)
(-0.0644767 -0.152757 9.86826)
(-0.0983653 -0.129122 9.77216)
(-0.0165564 -0.136543 9.70123)
(-0.0523322 -0.120836 9.68992)
(-0.0776632 -0.104918 9.59986)
(-0.012477 -0.102408 9.57726)
(-0.0380726 -0.0918911 9.55261)
(-0.0564396 -0.0796654 9.44675)
(-0.00701393 -0.0595577 9.21678)
(-0.0206702 -0.0544939 9.14539)
(-0.0320646 -0.047977 8.95268)
(-0.00252363 -0.0233115 7.93933)
(-0.00656027 -0.0207744 7.78641)
(-0.00905854 -0.0170452 7.45073)
(-0.016283 -0.14556 11.2291)
(-0.0469061 -0.133349 11.1947)
(-0.0833466 -0.113575 11.2424)
(-0.0196085 -0.182086 11.2051)
(-0.055834 -0.16194 11.1339)
(-0.0964241 -0.13007 11.1271)
(-0.021581 -0.210122 10.9523)
(-0.0634051 -0.184106 10.8844)
(-0.107092 -0.146735 10.8306)
(-0.0210992 -0.220929 10.5506)
(-0.0657876 -0.193321 10.5158)
(-0.110372 -0.153459 10.4412)
(-0.0190771 -0.213052 10.1313)
(-0.0639091 -0.187321 10.1267)
(-0.107265 -0.150895 10.0441)
(-0.0168457 -0.190532 9.77657)
(-0.0592433 -0.168525 9.78266)
(-0.0975401 -0.138498 9.69019)
(-0.0137791 -0.151836 9.52674)
(-0.0489106 -0.135755 9.52498)
(-0.0784726 -0.114906 9.42456)
(-0.00987592 -0.111418 9.35078)
(-0.0342712 -0.101106 9.32685)
(-0.0553288 -0.0858322 9.20027)
(-0.00419445 -0.063827 8.93749)
(-0.0158624 -0.0597318 8.86208)
(-0.0294529 -0.0517892 8.64751)
(0.000176189 -0.0218063 7.63782)
(-0.00136418 -0.0208439 7.48315)
(-0.00522888 -0.0175628 7.13561)
(-0.011473 -0.128155 11.4524)
(-0.0344002 -0.117188 11.4236)
(-0.0661673 -0.0958485 11.4783)
(-0.0139728 -0.164289 11.4251)
(-0.0414971 -0.145705 11.3604)
(-0.077805 -0.11144 11.3619)
(-0.0154459 -0.196027 11.131)
(-0.0483096 -0.171523 11.077)
(-0.0887839 -0.130329 11.0392)
(-0.0145864 -0.213207 10.6502)
(-0.0505239 -0.186803 10.6407)
(-0.0937023 -0.141823 10.5945)
(-0.0123899 -0.212815 10.1329)
(-0.0491748 -0.187854 10.1615)
(-0.0933246 -0.145295 10.1145)
(-0.0103386 -0.196664 9.6764)
(-0.0459208 -0.175397 9.71644)
(-0.0871762 -0.139017 9.65557)
(-0.00802469 -0.161567 9.33299)
(-0.0380663 -0.146423 9.35627)
(-0.0718686 -0.12017 9.27023)
(-0.00455585 -0.117789 9.0854)
(-0.0242429 -0.109079 9.07463)
(-0.0489447 -0.0905038 8.94763)
(0.000919694 -0.0673222 8.62111)
(-0.00617477 -0.0655418 8.55338)
(-0.0233181 -0.055985 8.33745)
(0.004672 -0.0208675 7.32303)
(0.00742783 -0.0227762 7.1759)
(0.000505499 -0.0198993 6.83204)
(-0.00603267 -0.102572 11.6359)
(-0.0198096 -0.0929889 11.6203)
(-0.0450445 -0.0718556 11.6876)
(-0.00740343 -0.135331 11.619)
(-0.0241617 -0.119086 11.5709)
(-0.0540288 -0.0849111 11.5861)
(-0.00803241 -0.168068 11.3022)
(-0.0291343 -0.1461 11.2729)
(-0.0638948 -0.103917 11.2606)
(-0.00650512 -0.190034 10.7583)
(-0.0302947 -0.165738 10.7861)
(-0.0692962 -0.118478 10.7831)
(-0.00386121 -0.197324 10.1521)
(-0.0287586 -0.173924 10.2297)
(-0.0708668 -0.127327 10.24)
(-0.00159817 -0.189607 9.59174)
(-0.0262195 -0.169804 9.68638)
(-0.0680249 -0.12802 9.68726)
(0.000321901 -0.162662 9.13656)
(-0.0207053 -0.149255 9.20734)
(-0.0577439 -0.117572 9.17073)
(0.00329886 -0.119995 8.79363)
(-0.00861132 -0.11387 8.81634)
(-0.0373754 -0.0918136 8.72114)
(0.00819151 -0.0695209 8.27552)
(0.0077909 -0.0710769 8.23425)
(-0.0140183 -0.0596009 8.04782)
(0.0108871 -0.0205461 6.99377)
(0.0192951 -0.0263579 6.86834)
(0.00772259 -0.0235814 6.55155)
(-0.00109784 -0.0743664 11.7689)
(-0.00622451 -0.0664502 11.7729)
(-0.0243066 -0.0466139 11.8553)
(-0.00113405 -0.101188 11.7721)
(-0.00720502 -0.0876586 11.748)
(-0.0296696 -0.0557261 11.7793)
(-0.000658226 -0.131436 11.4499)
(-0.00936635 -0.112585 11.4525)
(-0.0369843 -0.0723304 11.4702)
(0.00172149 -0.154826 10.8619)
(-0.00867034 -0.133275 10.9357)
(-0.0414305 -0.0871665 10.983)
(0.00497535 -0.167617 10.1845)
(-0.00626824 -0.146439 10.3239)
(-0.0436586 -0.0990991 10.4034)
(0.00784494 -0.16786 9.53123)
(-0.00347544 -0.149953 9.69968)
(-0.0428458 -0.105235 9.78417)
(0.00995534 -0.152149 8.95865)
(0.000475385 -0.140645 9.10251)
(-0.0375491 -0.104541 9.15096)
(0.0126361 -0.115887 8.49747)
(0.0103819 -0.112493 8.58011)
(-0.0216518 -0.0871083 8.55581)
(0.0166656 -0.0694192 7.91592)
(0.0239178 -0.0744991 7.92612)
(-0.00271189 -0.0608219 7.80639)
(0.0180706 -0.0204807 6.65272)
(0.0324865 -0.0304801 6.56792)
(0.0154335 -0.0273091 6.30792)
(0.00242255 -0.0483719 11.8501)
(0.00419905 -0.0421551 11.8776)
(-0.00715112 -0.0242908 11.9741)
(0.00379631 -0.0677464 11.8761)
(0.00670334 -0.0568731 11.8788)
(-0.0085149 -0.0287981 11.9266)
(0.00551445 -0.0922458 11.5595)
(0.00788635 -0.0767402 11.597)
(-0.0123121 -0.0408823 11.6451)
(0.00869449 -0.113049 10.9448)
(0.0108041 -0.0948199 11.0686)
(-0.0146067 -0.0531485 11.1658)
(0.0124615 -0.127633 10.218)
(0.0144113 -0.109356 10.4261)
(-0.0161826 -0.0651132 10.5754)
(0.0160855 -0.133029 9.4944)
(0.0182439 -0.117443 9.7483)
(-0.015827 -0.0737078 9.92339)
(0.0189023 -0.128586 8.81864)
(0.0217113 -0.118806 9.05679)
(-0.0141128 -0.0807969 9.21349)
(0.0216959 -0.103207 8.22703)
(0.0295215 -0.101866 8.39716)
(-0.00351509 -0.0740359 8.48012)
(0.0247075 -0.065603 7.56629)
(0.0392121 -0.0733455 7.65586)
(0.00911719 -0.0574196 7.63997)
(0.0248372 -0.0199539 6.31027)
(0.0444227 -0.0334018 6.28864)
(0.0223784 -0.029331 6.11806)
(0.00427129 -0.0277548 11.8865)
(0.0105436 -0.0227443 11.9367)
(0.00472573 -0.00736988 12.0451)
(0.00686343 -0.039438 11.9302)
(0.0160547 -0.0308547 11.9587)
(0.00703661 -0.00756452 12.0217)
(0.00972556 -0.0560552 11.6217)
(0.020448 -0.0438131 11.694)
(0.00698368 -0.0140419 11.7699)
(0.0134257 -0.070993 10.9933)
(0.0253856 -0.0564503 11.1666)
(0.00740683 -0.0217108 11.3084)
(0.017372 -0.0834954 10.2382)
(0.0300966 -0.0686551 10.5135)
(0.00742717 -0.0308984 10.7253)
(0.0215148 -0.0902951 9.47098)
(0.0351642 -0.0774356 9.81095)
(0.00849609 -0.0388938 10.0695)
(0.0252003 -0.0936496 8.72416)
(0.0391417 -0.0854445 9.06574)
(0.00883924 -0.0492989 9.33254)
(0.0285608 -0.0806985 8.01305)
(0.0454924 -0.0804061 8.29142)
(0.0147397 -0.052075 8.5025)
(0.0305603 -0.0564435 7.2585)
(0.0508029 -0.065207 7.45239)
(0.0202083 -0.0473296 7.5696)
(0.0295933 -0.0180869 5.98703)
(0.0524878 -0.0333124 6.05207)
(0.0274485 -0.0279437 6.00182)
(0.00474657 -0.0134986 11.8905)
(0.013032 -0.00925141 11.9585)
(0.011174 0.00331549 12.0759)
(0.00809401 -0.0185021 11.9405)
(0.0205333 -0.0117481 11.9923)
(0.016129 0.00652509 12.0679)
(0.011725 -0.0266776 11.6359)
(0.0273651 -0.0174728 11.7406)
(0.0193262 0.00540944 11.8399)
(0.0155167 -0.0341744 11.0013)
(0.0336128 -0.0233785 11.2197)
(0.022243 0.00296724 11.3977)
(0.0191973 -0.0418773 10.2343)
(0.0389128 -0.0307082 10.5688)
(0.0240851 -0.00186014 10.8305)
(0.0232982 -0.0469323 9.44648)
(0.044657 -0.0370335 9.86272)
(0.0261992 -0.00719178 10.189)
(0.0275013 -0.0527617 8.6655)
(0.0494864 -0.0461258 9.10464)
(0.0268945 -0.0164189 9.46418)
(0.0315573 -0.0497281 7.87322)
(0.0550729 -0.0496004 8.2661)
(0.0295815 -0.0244612 8.60227)
(0.0327496 -0.0406808 7.02729)
(0.0562493 -0.0483108 7.34045)
(0.0288637 -0.0301235 7.60286)
(0.0309433 -0.0138852 5.71399)
(0.0542906 -0.0283802 5.88577)
(0.0293788 -0.0220315 5.98138)
(0.00430598 -0.00485815 11.8745)
(0.0125897 -0.00123065 11.9549)
(0.0131346 0.00840609 12.0778)
(0.0078507 -0.00484168 11.9187)
(0.02079 0.000422107 11.9898)
(0.0194246 0.0138763 12.0756)
(0.0117232 -0.00559453 11.6099)
(0.0289012 0.000889384 11.7424)
(0.0248175 0.0169036 11.8617)
(0.0151541 -0.00607807 10.9727)
(0.0354899 0.00122345 11.2283)
(0.0293734 0.0188448 11.4349)
(0.0181763 -0.00829298 10.2038)
(0.0406481 -0.000639104 10.585)
(0.0325393 0.0182734 10.8842)
(0.0216043 -0.0100578 9.41067)
(0.046056 -0.0031297 9.88645)
(0.0353177 0.0161559 10.2629)
(0.0255235 -0.0141808 8.6225)
(0.0510268 -0.00938282 9.14127)
(0.0366848 0.0102279 9.56751)
(0.0296599 -0.0158502 7.80103)
(0.0557526 -0.0159913 8.29775)
(0.037421 0.00147766 8.73029)
(0.0302599 -0.0190691 6.89733)
(0.0538207 -0.0246403 7.32852)
(0.0326853 -0.00999869 7.71854)
(0.027823 -0.00647013 5.52955)
(0.0483992 -0.0183928 5.82118)
(0.0271386 -0.012925 6.07048)
(0.00339622 -0.000213205 11.849)
(0.010399 0.00271462 11.9368)
(0.0122037 0.00979408 12.062)
(0.00659259 0.00316485 11.8776)
(0.0182176 0.00696367 11.9635)
(0.0188387 0.0162625 12.0567)
(0.0102154 0.00783709 11.5572)
(0.0264034 0.0119114 11.7125)
(0.0252186 0.0219158 11.8481)
(0.0129799 0.0124681 10.9192)
(0.0325042 0.0166964 11.2034)
(0.0304987 0.0267643 11.4316)
(0.0151456 0.0145744 10.1537)
(0.0369147 0.019122 10.5685)
(0.0342529 0.0292503 10.8948)
(0.0174995 0.0158075 9.363)
(0.0411523 0.0200163 9.88111)
(0.0371195 0.029709 10.2938)
(0.0203139 0.0144838 8.58041)
(0.0450835 0.017362 9.1577)
(0.0385759 0.0268188 9.63189)
(0.0234302 0.0121749 7.77008)
(0.0481665 0.0114499 8.34734)
(0.0379664 0.0195668 8.84672)
(0.0233772 0.00273564 6.8632)
(0.0442139 -0.00117235 7.39019)
(0.031287 0.00678468 7.87155)
(0.0205843 0.0024316 5.46995)
(0.036324 -0.00632064 5.86958)
(0.0217824 -0.00359561 6.2339)
(0.00234009 0.00204222 11.8208)
(0.00770163 0.00426612 11.9131)
(0.0101024 0.00929749 12.0362)
(0.00491974 0.00741079 11.8283)
(0.0144433 0.00981143 11.9234)
(0.0164419 0.0159647 12.023)
(0.00797093 0.0153585 11.4929)
(0.0218704 0.0174128 11.6644)
(0.0228797 0.0228217 11.8124)
(0.0100094 0.0227991 10.8561)
(0.0270809 0.0246546 11.1586)
(0.0282456 0.0291947 11.4019)
(0.0113706 0.0272599 10.0973)
(0.0305186 0.0295556 10.5321)
(0.0320292 0.033328 10.8766)
(0.0126402 0.0300871 9.31335)
(0.0333182 0.0325087 9.8568)
(0.0345944 0.0353097 10.2937)
(0.0140437 0.0304318 8.5422)
(0.0355339 0.032361 9.15679)
(0.0356596 0.0344128 9.66357)
(0.0154773 0.0285173 7.76085)
(0.0364319 0.0281648 8.39349)
(0.0340573 0.0290132 8.93629)
(0.0144856 0.0178291 6.8916)
(0.0311844 0.0158418 7.48686)
(0.0268705 0.0175468 8.02422)
(0.0114127 0.00945723 5.5228)
(0.0219985 0.00422124 5.99536)
(0.015603 0.00384778 6.42994)
(0.00137134 0.00308205 11.7934)
(0.00531392 0.00470746 11.8869)
(0.00800008 0.00814517 12.0058)
(0.00337883 0.00945851 11.7782)
(0.0108058 0.0108073 11.8785)
(0.0136667 0.0146264 11.982)
(0.00573755 0.018925 11.4276)
(0.0170785 0.0194234 11.6087)
(0.0196905 0.0218025 11.765)
(0.00718489 0.0272926 10.7944)
(0.0213762 0.027595 11.1057)
(0.02476 0.0286248 11.3584)
(0.0079601 0.0323942 10.0447)
(0.0239365 0.0333661 10.4878)
(0.0282573 0.033271 10.8429)
(0.00841307 0.0354066 9.27065)
(0.0254789 0.0370196 9.82477)
(0.030349 0.0358127 10.2761)
(0.00863081 0.0360715 8.51429)
(0.0260354 0.0380149 9.14714)
(0.0308654 0.0359052 9.67398)
(0.00846337 0.0340877 7.76616)
(0.0248526 0.0351443 8.43035)
(0.0285615 0.0319413 8.99964)
(0.006475 0.02455 6.95082)
(0.0187757 0.0250685 7.58827)
(0.0216157 0.022693 8.15671)
(0.00290676 0.0129242 5.64282)
(0.00894518 0.0114852 6.15759)
(0.0100672 0.00873592 6.62654)
(0.000670533 0.00355699 11.7681)
(0.00351775 0.00465662 11.8597)
(0.00633888 0.00704992 11.9743)
(0.00217187 0.0103625 11.7306)
(0.00795035 0.0109322 11.8338)
(0.0112781 0.0131819 11.938)
(0.00392803 0.020176 11.3672)
(0.0130702 0.0196845 11.5522)
(0.01672 0.0202324 11.7131)
(0.0049844 0.0282418 10.7402)
(0.0166012 0.027746 11.0527)
(0.0212932 0.0267879 11.3098)
(0.00541932 0.0328809 10.0015)
(0.0185042 0.0332959 10.4439)
(0.0243682 0.0312374 10.8038)
(0.00538646 0.0351622 9.23925)
(0.0191499 0.0366593 9.79338)
(0.0259621 0.0336744 10.2515)
(0.00486197 0.0353101 8.49916)
(0.0185145 0.0377933 9.13619)
(0.0259886 0.0340604 9.67336)
(0.00361058 0.032777 7.78217)
(0.0158306 0.0355637 8.45952)
(0.0232762 0.0310166 9.04338)
(0.000894257 0.0250082 7.01949)
(0.00932208 0.028012 7.67934)
(0.0168834 0.0239172 8.26398)
(-0.00330615 0.0132175 5.78614)
(-0.000865715 0.0152511 6.32415)
(0.00583033 0.01134 6.80583)
(0.00023045 0.00379993 11.7448)
(0.0023443 0.00448043 11.8337)
(0.00518763 0.00629668 11.943)
(0.00132211 0.0107195 11.6868)
(0.00596008 0.0107217 11.79)
(0.00953291 0.0120515 11.8936)
(0.00265296 0.0202172 11.314)
(0.010155 0.0192294 11.4985)
(0.014336 0.0187121 11.6614)
(0.00347959 0.0273368 10.6954)
(0.0130902 0.0265617 11.0038)
(0.0183493 0.024625 11.2619)
(0.00374852 0.0309851 9.96898)
(0.0145411 0.0313213 10.4051)
(0.0209692 0.0285113 10.7654)
(0.00348554 0.032162 9.21947)
(0.014633 0.0338825 9.76714)
(0.022115 0.0304912 10.2265)
(0.00261596 0.0314999 8.49546)
(0.0133281 0.0346261 9.12816)
(0.0217974 0.0308021 9.66866)
(0.000839554 0.0283525 7.80502)
(0.009841 0.0325441 8.484)
(0.0189442 0.0282971 9.07429)
(-0.00220867 0.0221957 7.08597)
(0.00330084 0.027055 7.75598)
(0.0132118 0.0229151 8.34873)
(-0.00689296 0.0116864 5.92362)
(-0.00698991 0.0162856 6.4766)
(0.00299599 0.0122907 6.96198)
(-2.73935e-05 0.00397134 11.7232)
(0.00167177 0.00436678 11.8088)
(0.00448288 0.00585517 11.9124)
(0.000801586 0.0108292 11.6467)
(0.00471082 0.0104797 11.7481)
(0.0083174 0.0112657 11.8504)
(0.00184352 0.0196625 11.2682)
(0.00819445 0.0184613 11.4492)
(0.0125098 0.0173859 11.6122)
(0.00253262 0.0256071 10.6597)
(0.0106724 0.0248224 10.9611)
(0.0159774 0.0225127 11.2176)
(0.00272492 0.0281405 9.94617)
(0.011808 0.028602 10.3732)
(0.0181633 0.0257031 10.731)
(0.00238028 0.0282358 9.20942)
(0.0115898 0.0302359 9.74755)
(0.0189464 0.0271205 10.2045)
(0.00141787 0.0268379 8.50006)
(0.0100099 0.0304316 9.12444)
(0.0184384 0.0272259 9.66367)
(-0.000489154 0.0232829 7.83087)
(0.0062807 0.028276 8.50587)
(0.0156459 0.0250246 9.09748)
(-0.00353617 0.0184119 7.14519)
(4.73349e-05 0.024273 7.81908)
(0.0106064 0.0209143 8.41595)
(-0.00839369 0.00959251 6.04258)
(-0.0100422 0.0156585 6.6081)
(0.00135565 0.0122328 7.096)
(-0.000166729 0.00409531 11.7026)
(0.00132336 0.0042822 11.7847)
(0.00406688 0.0055993 11.8827)
(0.000509012 0.0107855 11.6099)
(0.00396577 0.0102325 11.7086)
(0.00745168 0.0107043 11.8092)
(0.00135917 0.018807 11.2291)
(0.00691424 0.0175526 11.4051)
(0.0110987 0.016233 11.5668)
(0.00195543 0.0236051 10.6319)
(0.00903166 0.0229265 10.925)
(0.0140747 0.0205733 11.1783)
(0.00210726 0.0251245 9.93128)
(0.00993252 0.0257589 10.3482)
(0.0158768 0.0230775 10.7016)
(0.00175226 0.02436 9.20659)
(0.00955438 0.0265641 9.73428)
(0.0163924 0.0239731 10.1866)
(0.000823958 0.022449 8.50974)
(0.00793813 0.026261 9.12474)
(0.0158161 0.0238688 9.65998)
(-0.00100031 0.0187391 7.85688)
(0.00431274 0.0239848 8.52595)
(0.0132027 0.0218371 9.11592)
(-0.00384184 0.0148928 7.19582)
(-0.00137849 0.0210389 7.87089)
(0.00887028 0.0186758 8.47005)
(-0.00857841 0.00766338 6.14089)
(-0.0109732 0.0142693 6.71875)
(0.00060099 0.0116651 7.21176)
(-0.000243742 0.00415105 11.6829)
(0.00115238 0.00416496 11.7613)
(0.00381472 0.0054546 11.8541)
(0.000343381 0.0106197 11.5762)
(0.00352094 0.00997823 11.6716)
(0.00679518 0.0102783 11.7706)
(0.00107189 0.0177934 11.1959)
(0.00606736 0.0166078 11.3662)
(0.00996788 0.0152199 11.5261)
(0.00159801 0.0215806 10.6107)
(0.00788602 0.0210712 10.895)
(0.0125139 0.0188351 11.1442)
(0.00172116 0.0222638 9.92251)
(0.00859278 0.0230689 10.3294)
(0.0139826 0.020714 10.6773)
(0.00138375 0.0208959 9.20864)
(0.00813421 0.0232141 9.72625)
(0.0143069 0.0211746 10.1726)
(0.000540072 0.0186936 8.52194)
(0.00659663 0.0225243 9.12793)
(0.0137324 0.0208928 9.65773)
(-0.00111222 0.0150343 7.88122)
(0.00324658 0.0201666 8.54421)
(0.0113537 0.0189659 9.13096)
(-0.00365312 0.0120763 7.23808)
(-0.00176784 0.0180516 7.91339)
(0.00775192 0.0165892 8.51404)
(-0.0080818 0.00613426 6.22099)
(-0.0106671 0.0126632 6.81139)
(0.000401086 0.0108832 7.31324)
(-0.000278377 0.00411255 11.6639)
(0.00110582 0.00403706 11.7387)
(0.00365998 0.00543142 11.8269)
(0.000267372 0.0103322 11.5455)
(0.00327046 0.00971197 11.6376)
(0.00624223 0.00990678 11.7353)
(0.000907534 0.0166293 11.1681)
(0.00546374 0.0155991 11.3326)
(0.00895826 0.0142072 11.4903)
(0.00135891 0.0195029 10.5949)
(0.00697762 0.0191887 10.8708)
(0.0110866 0.0171259 11.1156)
(0.00144203 0.0194926 9.9183)
(0.00747838 0.0204411 10.3158)
(0.0122349 0.0184285 10.6578)
(0.00112171 0.0177298 9.21366)
(0.00696148 0.020084 9.72204)
(0.0124066 0.0185393 10.1619)
(0.000372089 0.0154182 8.53472)
(0.00554222 0.0191339 9.13259)
(0.0118612 0.0181248 9.65635)
(-0.00108289 0.0119923 7.90264)
(0.00254525 0.0168179 8.56004)
(0.00976076 0.0163321 9.14278)
(-0.00329359 0.00990554 7.27245)
(-0.00172578 0.015497 7.94767)
(0.00693965 0.0147345 8.54932)
(-0.00734097 0.00491067 6.28604)
(-0.00986093 0.0110459 6.88884)
(0.000377659 0.0099664 7.40282)
(-0.000241951 0.00397523 11.6459)
(0.00121074 0.00395406 11.7171)
(0.00355038 0.00549533 11.8017)
(0.0002841 0.00979297 11.5181)
(0.00315059 0.00928091 11.6071)
(0.00567573 0.00938241 11.7041)
(0.000816304 0.0150749 11.1453)
(0.00491525 0.0142179 11.3044)
(0.0078507 0.0128446 11.4604)
(0.00114979 0.0170319 10.5837)
(0.00602749 0.0168958 10.8519)
(0.00949024 0.0150239 11.0925)
(0.00115912 0.0164353 9.91742)
(0.00626468 0.0174767 10.3064)
(0.0102972 0.0158121 10.6427)
(0.000839422 0.0144691 9.22016)
(0.0056832 0.0167863 9.72032)
(0.0103324 0.0156782 10.1539)
(0.000177667 0.0122371 8.54668)
(0.0043986 0.015748 9.1374)
(0.00983269 0.0152158 9.65509)
(-0.0010768 0.00925684 7.92034)
(0.00180563 0.0136956 8.57271)
(0.00807408 0.0136905 9.1511)
(-0.00296109 0.00809073 7.29928)
(-0.00170543 0.013239 7.97412)
(0.00607556 0.012948 8.57626)
(-0.00664088 0.0037594 6.33837)
(-0.00913258 0.00939399 6.95289)
(0.000132797 0.00881815 7.48096)
(-0.000101685 0.0037113 11.6292)
(0.0014493 0.00385608 11.6973)
(0.00337842 0.0054263 11.7796)
(0.000376516 0.00871293 11.4948)
(0.00304079 0.00836869 11.5812)
(0.00496596 0.00842831 11.6787)
(0.000740406 0.0127533 11.1275)
(0.00424758 0.0120713 11.2821)
(0.00650702 0.010867 11.437)
(0.00090172 0.0138253 10.5765)
(0.00485924 0.0138558 10.8379)
(0.00758786 0.0122869 11.0752)
(0.000810446 0.0128297 9.91889)
(0.00480001 0.0139348 10.3003)
(0.00805026 0.012681 10.6316)
(0.000482117 0.0109065 9.22708)
(0.004166 0.0131355 9.72005)
(0.00797545 0.0124438 10.1479)
(-9.46659e-05 0.00897396 8.55698)
(0.00304017 0.0122183 9.14145)
(0.00753898 0.0120402 9.65346)
(-0.00114907 0.00664388 7.93403)
(0.000887538 0.0106587 8.58184)
(0.00616517 0.0109181 9.15583)
(-0.00272925 0.0063878 7.31912)
(-0.00191056 0.0110682 7.9932)
(0.00492809 0.0110094 8.59511)
(-0.00609921 0.00252014 6.37974)
(-0.00875274 0.00763013 7.00464)
(-0.000552028 0.00732676 7.54679)
(9.64028e-05 0.00324882 11.6146)
(0.00163254 0.00355715 11.6802)
(0.00300297 0.0049617 11.7622)
(0.000465453 0.0069595 11.4763)
(0.0027688 0.00685267 11.5608)
(0.00406941 0.00700673 11.6601)
(0.000637205 0.0096551 11.1149)
(0.00341423 0.00927732 11.2656)
(0.00502735 0.00849356 11.4206)
(0.000622033 0.0100875 10.5728)
(0.00356415 0.0103186 10.8285)
(0.00561755 0.00928834 11.0634)
(0.000440666 0.00900648 9.9219)
(0.00327245 0.0101745 10.2968)
(0.00579858 0.0094309 10.6241)
(0.000116219 0.00738751 9.23374)
(0.00263885 0.00949352 9.72049)
(0.00565079 0.00919657 10.1435)
(-0.000370747 0.00592174 8.56535)
(0.00169564 0.00884233 9.14438)
(0.00528044 0.00890673 9.65143)
(-0.00122957 0.00431761 7.94406)
(-2.07518e-05 0.00785106 8.58769)
(0.00426147 0.00819891 9.1575)
(-0.00253672 0.00478431 7.33309)
(-0.00221476 0.00891562 8.00588)
(0.00358511 0.00889045 8.60676)
(-0.00563765 0.00124791 6.41194)
(-0.00854871 0.00578671 7.0452)
(-0.0015037 0.00557106 7.59922)
(0.00023778 0.00258783 11.6031)
(0.00158112 0.00297053 11.6669)
(0.00243075 0.00408878 11.7497)
(0.000474019 0.00491694 11.4631)
(0.00229116 0.00507007 11.5465)
(0.00309632 0.00537297 11.6479)
(0.000508719 0.00646849 11.1068)
(0.00254039 0.00649862 11.2546)
(0.00364371 0.00620286 11.4102)
(0.000381531 0.00658904 10.5717)
(0.00240495 0.00704545 10.8225)
(0.00391584 0.0066051 11.0558)
(0.000156196 0.00570091 9.92554)
(0.00200925 0.0068889 10.295)
(0.00392576 0.00661977 10.6192)
(-0.000139729 0.00452425 9.23961)
(0.00143818 0.00643087 9.72113)
(0.00374592 0.00642926 10.1402)
(-0.000533787 0.00354607 8.57185)
(0.000682808 0.0060513 9.14624)
(0.00343723 0.00624391 9.64926)
(-0.00121005 0.00256572 7.95114)
(-0.000640456 0.00552097 8.59102)
(0.00269766 0.00584639 9.15715)
(-0.00227087 0.00342789 7.34266)
(-0.00234799 0.00688018 8.01371)
(0.00234411 0.00679364 8.6129)
(-0.00507732 0.000159989 6.43688)
(-0.00810738 0.00403461 7.07593)
(-0.00229073 0.00383836 7.63815)
(0.00026723 0.00187566 11.595)
(0.00131777 0.00224219 11.6577)
(0.00180343 0.00305823 11.7416)
(0.000406277 0.00316085 11.4544)
(0.00172903 0.00347784 11.5373)
(0.00220438 0.00384422 11.6404)
(0.000381511 0.00396053 11.102)
(0.00177945 0.00427381 11.2476)
(0.00251172 0.00430465 11.4039)
(0.000224093 0.00397155 10.5718)
(0.00154479 0.00456057 10.8189)
(0.00262126 0.00450475 11.0511)
(6.245e-06 0.00336944 9.92894)
(0.00115726 0.00445764 10.2941)
(0.0025602 0.00447694 10.616)
(-0.000241442 0.00260801 9.24436)
(0.000687406 0.00419703 9.72167)
(0.00238668 0.00433675 10.1379)
(-0.000546448 0.00201648 8.5767)
(0.00010879 0.00400959 9.1473)
(0.00213943 0.0042238 9.64727)
(-0.00105932 0.00146803 7.95605)
(-0.000877019 0.00376811 8.5927)
(0.0016108 0.00401543 9.15586)
(-0.00189105 0.00241371 7.34921)
(-0.00217978 0.00509804 8.01827)
(0.00141777 0.00494521 8.61552)
(-0.0043211 -0.000561297 6.45619)
(-0.00718134 0.00256701 7.09843)
(-0.0026062 0.00240613 7.66512)
(0.000224687 0.00126864 11.5898)
(0.000978345 0.0015641 11.6516)
(0.00124678 0.00212443 11.7364)
(0.000308736 0.00193111 11.4491)
(0.00121562 0.00227308 11.5315)
(0.00148868 0.00260874 11.6358)
(0.000274049 0.00232347 11.0991)
(0.00119729 0.00271525 11.2433)
(0.00166598 0.00287263 11.4)
(0.000136927 0.00231254 10.5722)
(0.000973849 0.00287734 10.8166)
(0.00170454 0.00297576 11.0483)
(-4.2114e-05 0.0019496 9.9316)
(0.000653798 0.00282625 10.2935)
(0.00163016 0.00294459 10.6139)
(-0.000233436 0.00149325 9.24786)
(0.000295666 0.0026939 9.72201)
(0.00148731 0.00285028 10.1362)
(-0.000458394 0.00115824 8.58014)
(-0.000126349 0.0026151 9.14785)
(0.00130191 0.00278396 9.64563)
(-0.000830376 0.000867948 7.95938)
(-0.000830639 0.00252484 8.59344)
(0.000934473 0.00267914 9.15438)
(-0.00145063 0.00170575 7.35374)
(-0.0017845 0.00364292 8.02084)
(0.000824733 0.00345494 8.61626)
(-0.00342819 -0.00089332 6.47099)
(-0.00586263 0.00148153 7.1144)
(-0.00245323 0.00138151 7.68282)
(0.000165354 0.00082236 11.5865)
(0.000672391 0.00103287 11.6478)
(0.000815228 0.00139694 11.7332)
(0.000217989 0.00115679 11.4459)
(0.000812154 0.00143625 11.5279)
(0.000963437 0.00169646 11.6329)
(0.00019057 0.00135009 11.0973)
(0.000783076 0.00169013 11.2406)
(0.00107001 0.00185153 11.3977)
(8.95537e-05 0.00134413 10.5725)
(0.000611 0.00179097 10.8151)
(0.00108126 0.0019089 11.0465)
(-4.19697e-05 0.00114348 9.93342)
(0.000373689 0.00177505 10.2932)
(0.00101717 0.001886 10.6126)
(-0.000179346 0.000884312 9.25025)
(0.000118199 0.00171399 9.72219)
(0.000912583 0.00182858 10.1351)
(-0.000336696 0.00070355 8.58246)
(-0.000173809 0.00168804 9.1481)
(0.000783847 0.00179248 9.64439)
(-0.000593399 0.000555428 7.96159)
(-0.000653435 0.00166604 8.59371)
(0.000539197 0.00174228 9.15307)
(-0.00103014 0.00121321 7.35685)
(-0.00131466 0.00251813 8.02226)
(0.000479813 0.0023295 8.61618)
(-0.00253695 -0.00093651 6.48211)
(-0.0044279 0.000762048 7.12545)
(-0.00202311 0.000724525 7.69405)
(0.000112582 0.000518664 11.5846)
(0.000437286 0.000654219 11.6455)
(0.000508913 0.000877484 11.7312)
(0.000146199 0.000687475 11.4438)
(0.000521107 0.00088273 11.5258)
(0.000600413 0.00106036 11.6312)
(0.000128176 0.000789201 11.0961)
(0.000499411 0.00103399 11.2389)
(0.000666319 0.00115139 11.3963)
(6.11908e-05 0.000790728 10.5727)
(0.000381823 0.0011016 10.8141)
(0.000669186 0.00118863 11.0454)
(-2.72692e-05 0.000689829 9.93457)
(0.000219544 0.00110496 10.2929)
(0.000622215 0.00117613 10.6118)
(-0.000119523 0.000550793 9.25178)
(4.79749e-05 0.00108129 9.72225)
(0.000552182 0.00114464 10.1343)
(-0.000223687 0.000458154 8.58395)
(-0.000143557 0.00107835 9.14819)
(0.000469267 0.00112756 9.6435)
(-0.000391975 0.000385031 7.963)
(-0.000454322 0.00108228 8.59375)
(0.000314507 0.00110579 9.15205)
(-0.000682215 0.000862098 7.35896)
(-0.000886559 0.00168782 8.02304)
(0.000287785 0.00152166 8.61584)
(-0.00176215 -0.00081999 6.49021)
(-0.00312397 0.000330064 7.13294)
(-0.00151612 0.000338047 7.70108)
(7.26567e-05 0.00031888 11.5833)
(0.00027191 0.000398484 11.6441)
(0.000304348 0.000527251 11.73)
(9.42953e-05 0.000404222 11.4426)
(0.00032309 0.000526608 11.5244)
(0.000360864 0.000635701 11.6302)
(8.35081e-05 0.000465102 11.0953)
(0.00031085 0.000618985 11.2379)
(0.000401844 0.000688298 11.3954)
(4.22857e-05 0.00047401 10.5727)
(0.000236645 0.000668054 10.8135)
(0.000402751 0.00071588 11.0448)
(-1.26229e-05 0.000428703 9.93523)
(0.000133235 0.000680435 10.2927)
(0.00037255 0.000713812 10.6112)
(-7.05769e-05 0.00035981 9.2527)
(2.45099e-05 0.000675437 9.72225)
(0.000329387 0.00069957 10.1338)
(-0.000135661 0.00031595 8.58485)
(-9.44835e-05 0.000681246 9.14818)
(0.000279951 0.000693949 9.64288)
(-0.000240322 0.000281332 7.96386)
(-0.000285936 0.000692054 8.5937)
(0.000187303 0.000686491 9.15131)
(-0.00042251 0.00060741 7.36036)
(-0.00055237 0.0010994 8.02347)
(0.000180438 0.000966371 8.61549)
(-0.00115534 -0.000644526 6.49594)
(-0.0020779 9.5767e-05 7.13793)
(-0.00105782 0.000128817 7.70546)
(4.46448e-05 0.000190091 11.5826)
(0.000161769 0.000232023 11.6433)
(0.000173781 0.000301308 11.7293)
(5.88521e-05 0.000232405 11.4418)
(0.000194125 0.000301378 11.5237)
(0.000208927 0.000363059 11.6296)
(5.32027e-05 0.000272109 11.0948)
(0.000189731 0.000359168 11.2372)
(0.000234798 0.000393737 11.3949)
(2.96089e-05 0.000289144 10.5726)
(0.000146121 0.00039791 10.8131)
(0.000235211 0.000415076 11.0444)
(-1.56181e-06 0.000274246 9.93557)
(8.44878e-05 0.000414344 10.2925)
(0.000217987 0.000421299 10.6108)
(-3.55253e-05 0.00024479 9.25321)
(1.9243e-05 0.000417381 9.72222)
(0.000193789 0.000418059 10.1334)
(-7.37705e-05 0.000226969 8.58536)
(-5.06619e-05 0.00042553 9.14814)
(0.000166811 0.000418816 9.64246)
(-0.000135313 0.000211404 7.96436)
(-0.000162592 0.000435849 8.59362)
(0.000114547 0.000418033 9.1508)
(-0.000243069 0.000423082 7.36126)
(-0.000317153 0.000697148 8.02372)
(0.000117969 0.000598347 8.61521)
(-0.000716003 -0.000469475 6.49987)
(-0.00131017 -1.60794e-05 7.14121)
(-0.000697802 2.62813e-05 7.70819)
(2.59199e-05 0.000108923 11.5822)
(9.11854e-05 0.000127261 11.6428)
(9.33135e-05 0.000160762 11.729)
(3.54768e-05 0.00012926 11.4414)
(0.000112502 0.000161972 11.5232)
(0.000115368 0.000193576 11.6293)
(3.35702e-05 0.000156455 11.0944)
(0.000114109 0.000199514 11.2368)
(0.000132635 0.000213104 11.3946)
(2.16385e-05 0.000179697 10.5725)
(9.12288e-05 0.000231016 10.8127)
(0.000133255 0.000229996 11.0441)
(6.05408e-06 0.000181515 9.93571)
(5.71906e-05 0.000249367 10.2923)
(0.000124655 0.000241186 10.6106)
(-1.23945e-05 0.000173074 9.25347)
(2.00021e-05 0.000255059 9.72217)
(0.000112717 0.000244237 10.1332)
(-3.3467e-05 0.000168188 8.58562)
(-1.86988e-05 0.000262832 9.14809)
(9.97084e-05 0.000248061 9.64218)
(-6.74642e-05 0.000161334 7.96463)
(-8.04167e-05 0.000270555 8.59355)
(7.22266e-05 0.000249938 9.15046)
(-0.000126963 0.000291716 7.36183)
(-0.000164 0.00043076 8.02386)
(7.9672e-05 0.000361386 8.61503)
(-0.000417335 -0.000321747 6.50251)
(-0.000782954 -5.90791e-05 7.14336)
(-0.000438512 -1.71847e-05 7.70992)
(1.41318e-05 5.90349e-05 11.582)
(4.79052e-05 6.36878e-05 11.6426)
(4.55386e-05 7.6524e-05 11.7288)
(2.06703e-05 6.92859e-05 11.4411)
(6.22871e-05 7.87228e-05 11.5229)
(5.92722e-05 9.22841e-05 11.6291)
(2.12861e-05 8.96304e-05 11.0941)
(6.74448e-05 0.000104823 11.2365)
(7.15651e-05 0.000106798 11.3945)
(1.65697e-05 0.000114083 10.5724)
(5.78387e-05 0.000128535 10.8125)
(7.31035e-05 0.000120595 11.0439)
(1.03064e-05 0.000124213 9.93573)
(4.10804e-05 0.000147589 10.2922)
(6.97878e-05 0.000133302 10.6104)
(1.22156e-06 0.000126093 9.25357)
(2.12696e-05 0.000154132 9.72212)
(6.5187e-05 0.00013921 10.133)
(-9.51006e-06 0.000127007 8.58574)
(1.44429e-06 0.000160831 9.14804)
(6.02339e-05 0.000144051 9.64199)
(-2.6871e-05 0.000123744 7.96477)
(-3.0122e-05 0.000165908 8.59349)
(4.71449e-05 0.000146625 9.15025)
(-5.68905e-05 0.000199429 7.36219)
(-7.11983e-05 0.000259549 8.02396)
(5.51584e-05 0.000212574 8.61493)
(-0.0002259 -0.000208824 6.50425)
(-0.000440415 -6.69854e-05 7.14475)
(-0.000262605 -3.06944e-05 7.711)
(7.30271e-06 2.9303e-05 11.5819)
(2.28981e-05 2.68344e-05 11.6425)
(1.85153e-05 2.8646e-05 11.7287)
(1.18279e-05 3.53109e-05 11.4409)
(3.2611e-05 3.162e-05 11.5228)
(2.69808e-05 3.59203e-05 11.629)
(1.3782e-05 5.12949e-05 11.0939)
(3.8828e-05 5.0752e-05 11.2363)
(3.57513e-05 4.68901e-05 11.3944)
(1.29335e-05 7.34466e-05 10.5722)
(3.67947e-05 6.74768e-05 10.8123)
(3.83826e-05 5.84331e-05 11.0438)
(1.15281e-05 8.66563e-05 9.93569)
(3.02469e-05 8.54322e-05 10.2922)
(3.82576e-05 7.02967e-05 10.6103)
(7.76791e-06 9.30776e-05 9.25359)
(2.10112e-05 9.2447e-05 9.72208)
(3.77987e-05 7.70511e-05 10.1329)
(2.97281e-06 9.62708e-05 8.58578)
(1.21503e-05 9.80913e-05 9.148)
(3.71642e-05 8.1902e-05 9.64187)
(-4.88532e-06 9.43952e-05 7.96483)
(-2.21063e-06 0.000101059 8.59345)
(3.19816e-05 8.43236e-05 9.15012)
(-1.80411e-05 0.00013524 7.36241)
(-1.93543e-05 0.000152708 8.02404)
(3.90467e-05 0.000121446 8.61488)
(-0.000110567 -0.000128369 6.50537)
(-0.000229203 -5.92061e-05 7.14564)
(-0.000148732 -3.0605e-05 7.7117)
(3.52994e-06 1.2424e-05 11.5819)
(9.07328e-06 6.89925e-06 11.6424)
(4.09432e-06 3.47103e-06 11.7287)
(6.68468e-06 1.60135e-05 11.4408)
(1.56333e-05 7.07686e-06 11.5227)
(9.39742e-06 7.11868e-06 11.629)
(9.14527e-06 2.87856e-05 11.0938)
(2.15611e-05 2.07136e-05 11.2362)
(1.55357e-05 1.5169e-05 11.3943)
(1.00718e-05 4.75659e-05 10.5721)
(2.32792e-05 3.33591e-05 10.8122)
(1.88198e-05 2.48009e-05 11.0437)
(1.08183e-05 6.08812e-05 9.93562)
(2.22728e-05 4.84908e-05 10.2921)
(2.05455e-05 3.48471e-05 10.6102)
(9.86855e-06 6.87282e-05 9.25356)
(1.91765e-05 5.54055e-05 9.72204)
(2.22086e-05 4.13063e-05 10.1328)
(8.2774e-06 7.25033e-05 8.58577)
(1.63407e-05 6.00507e-05 9.14796)
(2.36388e-05 4.56445e-05 9.64179)
(5.49532e-06 7.11474e-05 7.96486)
(1.12151e-05 6.15323e-05 8.59342)
(2.24852e-05 4.7558e-05 9.15004)
(1.26578e-06 9.10105e-05 7.36255)
(6.55774e-06 8.78314e-05 8.02409)
(2.8161e-05 6.7178e-05 8.61486)
(-4.55607e-05 -7.42449e-05 6.50608)
(-0.000105916 -4.62537e-05 7.14622)
(-7.82408e-05 -2.5348e-05 7.71214)
(1.34719e-06 3.48004e-06 11.5819)
(1.51121e-06 -2.75713e-06 11.6424)
(-2.96076e-06 -8.32335e-06 11.7287)
(3.58143e-06 5.41305e-06 11.4407)
(6.06713e-06 -4.2744e-06 11.5227)
(4.68667e-07 -6.2827e-06 11.629)
(6.09982e-06 1.55401e-05 11.0937)
(1.13892e-05 5.34505e-06 11.2361)
(4.91831e-06 8.57439e-08 11.3943)
(7.74675e-06 3.09409e-05 10.572)
(1.47016e-05 1.51545e-05 10.8121)
(8.34527e-06 7.88501e-06 11.0437)
(9.26677e-06 4.29264e-05 9.93555)
(1.63751e-05 2.7096e-05 10.292)
(1.09237e-05 1.58921e-05 10.6102)
(9.64167e-06 5.05051e-05 9.25351)
(1.64863e-05 3.334e-05 9.722)
(1.3385e-05 2.13898e-05 10.1327)
(9.61481e-06 5.40333e-05 8.58575)
(1.66485e-05 3.70395e-05 9.14793)
(1.55594e-05 2.49678e-05 9.64174)
(9.30184e-06 5.28671e-05 7.96486)
(1.60618e-05 3.75668e-05 8.5934)
(1.62231e-05 2.63155e-05 9.15)
(9.33608e-06 6.08554e-05 7.36263)
(1.72468e-05 4.93756e-05 8.02414)
(2.05539e-05 3.58051e-05 8.61487)
(-1.16421e-05 -3.97272e-05 6.50652)
(-3.83295e-05 -3.337e-05 7.14659)
(-3.67106e-05 -1.90105e-05 7.71242)
(1.3726e-07 -8.39322e-07 11.5819)
(-2.07406e-06 -6.66371e-06 11.6425)
(-5.52707e-06 -1.23354e-05 11.7287)
(1.76089e-06 2.6596e-07 11.4407)
(1.29167e-06 -8.44191e-06 11.5227)
(-3.19858e-06 -1.12663e-05 11.629)
(4.03067e-06 8.11989e-06 11.0936)
(5.85797e-06 -1.73022e-06 11.236)
(4.11739e-09 -6.43923e-06 11.3943)
(5.87519e-06 2.02777e-05 10.5719)
(9.5325e-06 6.17581e-06 10.8121)
(3.08564e-06 -2.30584e-07 11.0436)
(7.52629e-06 3.03485e-05 9.93548)
(1.21528e-05 1.50621e-05 10.292)
(5.80792e-06 6.01538e-06 10.6101)
(8.40436e-06 3.6902e-05 9.25346)
(1.36391e-05 2.02646e-05 9.72196)
(8.33048e-06 1.04686e-05 10.1327)
(9.02406e-06 3.98295e-05 8.58572)
(1.50362e-05 2.31097e-05 9.1479)
(1.05487e-05 1.33145e-05 9.64171)
(9.74277e-06 3.87442e-05 7.96485)
(1.63608e-05 2.30712e-05 8.59339)
(1.18543e-05 1.42204e-05 9.14998)
(1.1492e-05 4.05225e-05 7.36269)
(1.9779e-05 2.71326e-05 8.02418)
(1.50828e-05 1.82144e-05 8.61488)
(4.23546e-06 -1.89062e-05 6.5068)
(-4.183e-06 -2.2713e-05 7.14683)
(-1.36548e-05 -1.33869e-05 7.7126)
(-4.32337e-07 -2.64248e-06 11.5819)
(-3.19609e-06 -7.68505e-06 11.6425)
(-5.68587e-06 -1.25118e-05 11.7287)
(7.69821e-07 -1.87993e-06 11.4407)
(-6.62412e-07 -9.09612e-06 11.5226)
(-4.09738e-06 -1.20707e-05 11.629)
(2.68854e-06 4.15653e-06 11.0936)
(3.06936e-06 -4.46329e-06 11.236)
(-1.83786e-06 -8.47467e-06 11.3942)
(4.40739e-06 1.34885e-05 10.5719)
(6.44553e-06 2.09038e-06 10.812)
(6.85109e-07 -3.65863e-06 11.0436)
(5.89257e-06 2.14914e-05 9.93543)
(9.10303e-06 8.46728e-06 10.292)
(3.13444e-06 1.12198e-06 10.6101)
(6.86255e-06 2.67699e-05 9.25342)
(1.09627e-05 1.25343e-05 9.72193)
(5.37954e-06 4.65526e-06 10.1327)
(7.65793e-06 2.90361e-05 8.58569)
(1.26642e-05 1.4639e-05 9.14788)
(7.32479e-06 6.87125e-06 9.64168)
(8.67656e-06 2.80266e-05 7.96484)
(1.45449e-05 1.43077e-05 8.59338)
(8.69642e-06 7.47355e-06 9.14997)
(1.08557e-05 2.69392e-05 7.36272)
(1.83889e-05 1.4611e-05 8.02421)
(1.10822e-05 8.72839e-06 8.6149)
(1.02695e-05 -7.14464e-06 6.50697)
(1.08721e-05 -1.47497e-05 7.14698)
(-1.88127e-06 -9.00793e-06 7.71272)
(-6.31916e-07 -3.11245e-06 11.5819)
(-3.18303e-06 -7.20837e-06 11.6425)
(-4.90922e-06 -1.09825e-05 11.7287)
(2.9101e-07 -2.49713e-06 11.4406)
(-1.26256e-06 -8.14612e-06 11.5226)
(-3.82634e-06 -1.08228e-05 11.629)
(1.8198e-06 2.1064e-06 11.0935)
(1.66912e-06 -4.89948e-06 11.236)
(-2.22452e-06 -8.18065e-06 11.3942)
(3.26756e-06 9.0981e-06 10.5718)
(4.49559e-06 2.06626e-07 10.812)
(-2.56155e-07 -4.55046e-06 11.0436)
(4.4948e-06 1.52146e-05 9.93538)
(6.81458e-06 4.80237e-06 10.2919)
(1.75284e-06 -9.72024e-07 10.6101)
(5.36701e-06 1.92624e-05 9.25338)
(8.5612e-06 7.87147e-06 9.72191)
(3.5872e-06 1.74097e-06 10.1327)
(6.11777e-06 2.09348e-05 8.58567)
(1.01403e-05 9.39513e-06 9.14787)
(5.15889e-06 3.42461e-06 9.64167)
(7.09892e-06 2.0039e-05 7.96484)
(1.19539e-05 8.96007e-06 8.59338)
(6.35449e-06 3.82102e-06 9.14996)
(9.12484e-06 1.79445e-05 7.36274)
(1.54212e-05 7.74002e-06 8.02423)
(8.11326e-06 3.86917e-06 8.61492)
(1.12999e-05 -1.04041e-06 6.50707)
(1.56188e-05 -9.20679e-06 7.14707)
(3.31975e-06 -5.84344e-06 7.7128)
(-6.04285e-07 -2.8981e-06 11.5819)
(-2.72565e-06 -6.03121e-06 11.6425)
(-3.92059e-06 -8.86432e-06 11.7288)
(8.23572e-08 -2.40317e-06 11.4406)
(-1.29127e-06 -6.69427e-06 11.5226)
(-3.17199e-06 -8.85227e-06 11.629)
(1.24488e-06 1.05813e-06 11.0935)
(9.43656e-07 -4.34255e-06 11.236)
(-2.03059e-06 -6.93236e-06 11.3942)
(2.38975e-06 6.18627e-06 10.5718)
(3.17429e-06 -5.99052e-07 10.812)
(-5.42867e-07 -4.25026e-06 11.0436)
(3.35413e-06 1.07233e-05 9.93534)
(5.04409e-06 2.72704e-06 10.2919)
(1.01595e-06 -1.61533e-06 10.6101)
(4.0666e-06 1.37224e-05 9.25336)
(6.49598e-06 4.99256e-06 9.72189)
(2.43252e-06 4.03944e-07 10.1327)
(4.69293e-06 1.49201e-05 8.58565)
(7.80325e-06 6.08357e-06 9.14786)
(3.64039e-06 1.65247e-06 9.64166)
(5.51529e-06 1.41662e-05 7.96483)
(9.32478e-06 5.65769e-06 8.59338)
(4.5942e-06 1.91191e-06 9.14996)
(7.18719e-06 1.19947e-05 7.36276)
(1.21577e-05 4.06233e-06 8.02424)
(5.89579e-06 1.53993e-06 8.61493)
(1.01326e-05 1.70045e-06 6.50714)
(1.5356e-05 -5.562e-06 7.14713)
(4.95578e-06 -3.68073e-06 7.71285)
(-5.09207e-07 -2.4325e-06 11.5819)
(-2.15808e-06 -4.75971e-06 11.6425)
(-2.97762e-06 -6.81524e-06 11.7288)
(-3.8407e-09 -2.04273e-06 11.4406)
(-1.10215e-06 -5.21066e-06 11.5226)
(-2.46392e-06 -6.85958e-06 11.629)
(8.55763e-07 5.09935e-07 11.0935)
(5.55491e-07 -3.51784e-06 11.2359)
(-1.65828e-06 -5.4844e-06 11.3942)
(1.7236e-06 4.20506e-06 10.5718)
(2.24198e-06 -8.43249e-07 10.8119)
(-5.66298e-07 -3.54058e-06 11.0436)
(2.45329e-06 7.49659e-06 9.93531)
(3.67231e-06 1.53564e-06 10.2919)
(5.95539e-07 -1.63331e-06 10.61)
(3.00513e-06 9.66961e-06 9.25333)
(4.80215e-06 3.17858e-06 9.72188)
(1.64761e-06 -1.62296e-07 10.1326)
(3.49679e-06 1.05172e-05 8.58564)
(5.8211e-06 3.95436e-06 9.14785)
(2.54541e-06 7.49665e-07 9.64166)
(4.14158e-06 9.91887e-06 7.96482)
(7.01448e-06 3.59426e-06 8.59338)
(3.27069e-06 9.26209e-07 9.14996)
(5.43841e-06 8.06482e-06 7.36277)
(9.20989e-06 2.13914e-06 8.02426)
(4.24028e-06 5.01019e-07 8.61494)
(8.24042e-06 2.5953e-06 6.50718)
(1.30636e-05 -3.28518e-06 7.14717)
(4.85965e-06 -2.27991e-06 7.71289)
(-3.94821e-07 -1.93126e-06 11.5819)
(-1.62258e-06 -3.62509e-06 11.6425)
(-2.18888e-06 -5.08661e-06 11.7288)
(-2.94585e-08 -1.64168e-06 11.4406)
(-8.60802e-07 -3.93934e-06 11.5226)
(-1.83956e-06 -5.15376e-06 11.629)
(5.90316e-07 2.01029e-07 11.0934)
(3.40453e-07 -2.73562e-06 11.2359)
(-1.27568e-06 -4.18965e-06 11.3942)
(1.22906e-06 2.82415e-06 10.5717)
(1.57862e-06 -8.64098e-07 10.8119)
(-4.93083e-07 -2.80649e-06 11.0436)
(1.77005e-06 5.17349e-06 9.93529)
(2.637e-06 8.22888e-07 10.2919)
(3.45659e-07 -1.44502e-06 10.61)
(2.18532e-06 6.72786e-06 9.25332)
(3.48244e-06 1.9936e-06 9.72187)
(1.10595e-06 -3.90372e-07 10.1326)
(2.56011e-06 7.33059e-06 8.58562)
(4.25238e-06 2.54469e-06 9.14784)
(1.75861e-06 2.69234e-07 9.64165)
(3.05041e-06 6.88511e-06 7.96482)
(5.15887e-06 2.2699e-06 8.59338)
(2.29616e-06 3.99807e-07 9.14996)
(4.02402e-06 5.45622e-06 7.36277)
(6.80915e-06 1.11842e-06 8.02426)
(3.01951e-06 5.8585e-08 8.61495)
(6.3465e-06 2.57271e-06 6.5072)
(1.03006e-05 -1.96024e-06 7.1472)
(4.07833e-06 -1.42867e-06 7.71291)
(-2.88638e-07 -1.4794e-06 11.5819)
(-1.17782e-06 -2.69501e-06 11.6425)
(-1.57568e-06 -3.72678e-06 11.7288)
(-2.86971e-08 -1.28491e-06 11.4406)
(-6.38436e-07 -2.93108e-06 11.5226)
(-1.34159e-06 -3.8051e-06 11.629)
(4.10684e-07 1.42549e-08 11.0934)
(2.1575e-07 -2.0961e-06 11.2359)
(-9.52708e-07 -3.14542e-06 11.3942)
(8.71177e-07 1.85266e-06 10.5717)
(1.10526e-06 -8.0651e-07 10.8119)
(-4.03915e-07 -2.17925e-06 11.0436)
(1.26617e-06 3.51182e-06 9.93528)
(1.8723e-06 3.77311e-07 10.2919)
(1.87551e-07 -1.22037e-06 10.61)
(1.57429e-06 4.6189e-06 9.2533)
(2.49346e-06 1.20296e-06 9.72186)
(7.2668e-07 -4.72864e-07 10.1326)
(1.85739e-06 5.05527e-06 8.58562)
(3.06908e-06 1.59519e-06 9.14784)
(1.19441e-06 3.99857e-10 9.64165)
(2.22765e-06 4.74506e-06 7.96481)
(3.75226e-06 1.40105e-06 8.59337)
(1.59011e-06 1.04341e-07 9.14997)
(2.94972e-06 3.71173e-06 7.36278)
(4.98063e-06 5.61864e-07 8.02427)
(2.13249e-06 -1.28522e-07 8.61496)
(4.7465e-06 2.17225e-06 6.50721)
(7.7968e-06 -1.22062e-06 7.14721)
(3.15912e-06 -9.36632e-07 7.71293)
(-2.02193e-07 -1.10489e-06 11.5819)
(-8.35957e-07 -1.97081e-06 11.6425)
(-1.1222e-06 -2.70164e-06 11.7288)
(-1.9741e-08 -9.92524e-07 11.4406)
(-4.60914e-07 -2.16354e-06 11.5226)
(-9.69173e-07 -2.7851e-06 11.629)
(2.88414e-07 -9.78567e-08 11.0934)
(1.37175e-07 -1.60193e-06 11.2359)
(-7.0691e-07 -2.34464e-06 11.3942)
(6.15786e-07 1.17755e-06 10.5717)
(7.66125e-07 -7.2493e-07 10.8119)
(-3.30672e-07 -1.68054e-06 11.0436)
(9.01131e-07 2.34304e-06 9.93527)
(1.31526e-06 9.80042e-08 10.2919)
(7.80889e-08 -1.0122e-06 10.61)
(1.12858e-06 3.13355e-06 9.2533)
(1.7691e-06 6.77435e-07 9.72186)
(4.54858e-07 -4.85668e-07 10.1326)
(1.34305e-06 3.45671e-06 8.58561)
(2.20083e-06 9.57084e-07 9.14784)
(7.87241e-07 -1.48137e-07 9.64165)
(1.62551e-06 3.2556e-06 7.96481)
(2.72162e-06 8.2815e-07 8.59337)
(1.08091e-06 -6.28633e-08 9.14997)
(2.16371e-06 2.53555e-06 7.36278)
(3.64086e-06 2.38256e-07 8.02427)
(1.49014e-06 -2.12404e-07 8.61496)
(3.50815e-06 1.6821e-06 6.50722)
(5.79294e-06 -8.32468e-07 7.14723)
(2.34135e-06 -6.64001e-07 7.71294)
(-1.36263e-07 -8.16146e-07 11.5819)
(-5.84695e-07 -1.43139e-06 11.6425)
(-7.94333e-07 -1.95736e-06 11.7288)
(-9.33488e-09 -7.6848e-07 11.4406)
(-3.27799e-07 -1.59952e-06 11.5226)
(-6.9675e-07 -2.04291e-06 11.629)
(2.06015e-07 -1.66495e-07 11.0934)
(8.71695e-08 -1.23524e-06 11.2359)
(-5.23624e-07 -1.75702e-06 11.3942)
(4.37787e-07 7.12625e-07 10.5717)
(5.2879e-07 -6.46258e-07 10.8119)
(-2.70173e-07 -1.3073e-06 11.0436)
(6.43606e-07 1.53231e-06 9.93526)
(9.2124e-07 -7.79106e-08 10.2919)
(8.51586e-09 -8.45061e-07 10.61)
(8.12341e-07 2.10261e-06 9.25329)
(1.25457e-06 3.29176e-07 9.72186)
(2.6918e-07 -4.74632e-07 10.1326)
(9.76549e-07 2.34884e-06 8.58561)
(1.58172e-06 5.29701e-07 9.14783)
(5.03581e-07 -2.33633e-07 9.64165)
(1.19557e-06 2.22927e-06 7.96481)
(1.98589e-06 4.49362e-07 8.59337)
(7.23081e-07 -1.61263e-07 9.14997)
(1.60228e-06 1.73363e-06 7.36278)
(2.68299e-06 3.5845e-08 8.02428)
(1.03037e-06 -2.58168e-07 8.61497)
(2.59892e-06 1.2359e-06 6.50723)
(4.2985e-06 -6.34061e-07 7.14723)
(1.70079e-06 -5.12445e-07 7.71295)
(-8.6093e-08 -6.07092e-07 11.5819)
(-3.99691e-07 -1.04453e-06 11.6426)
(-5.50952e-07 -1.43201e-06 11.7288)
(2.65497e-09 -6.07149e-07 11.4406)
(-2.23505e-07 -1.19759e-06 11.5226)
(-4.87687e-07 -1.51742e-06 11.629)
(1.54572e-07 -2.12675e-07 11.0934)
(6.61686e-08 -9.72776e-07 11.2359)
(-3.73083e-07 -1.33883e-06 11.3942)
(3.20601e-07 3.90596e-07 10.5717)
(3.79554e-07 -5.83572e-07 10.8119)
(-2.02059e-07 -1.03958e-06 11.0436)
(4.7112e-07 9.70581e-07 9.93526)
(6.64587e-07 -1.93651e-07 10.2918)
(-1.16607e-08 -7.22966e-07 10.61)
(5.98622e-07 1.38844e-06 9.25328)
(9.14234e-07 9.2969e-08 9.72185)
(1.68206e-07 -4.63454e-07 10.1326)
(7.26408e-07 1.58194e-06 8.5856)
(1.16584e-06 2.37733e-07 9.14783)
(3.31696e-07 -2.91454e-07 9.64165)
(8.99054e-07 1.52204e-06 7.96481)
(1.4842e-06 1.92371e-07 8.59337)
(4.94562e-07 -2.28491e-07 9.14997)
(1.21073e-06 1.17946e-06 7.36278)
(2.01793e-06 -1.04054e-07 8.02428)
(7.17994e-07 -2.9624e-07 8.61497)
(1.95374e-06 8.80267e-07 6.50723)
(3.23481e-06 -5.31473e-07 7.14724)
(1.24165e-06 -4.26804e-07 7.71295)
(-4.81379e-08 -4.53652e-07 11.5819)
(-2.61973e-07 -7.6627e-07 11.6426)
(-3.66578e-07 -1.05659e-06 11.7288)
(1.51592e-08 -4.8533e-07 11.4406)
(-1.38611e-07 -9.06407e-07 11.5226)
(-3.22829e-07 -1.13785e-06 11.629)
(1.24448e-07 -2.34743e-07 11.0934)
(6.77035e-08 -7.76959e-07 11.2359)
(-2.45481e-07 -1.03071e-06 11.3942)
(2.45893e-07 1.77321e-07 10.5717)
(2.95115e-07 -5.25198e-07 10.8119)
(-1.29245e-07 -8.34579e-07 11.0436)
(3.58044e-07 5.90177e-07 9.93525)
(5.07056e-07 -2.60375e-07 10.2918)
(8.90664e-10 -6.1965e-07 10.61)
(4.56097e-07 9.00145e-07 9.25328)
(6.98084e-07 -5.90661e-08 9.72185)
(1.23691e-07 -4.3937e-07 10.1326)
(5.56838e-07 1.05459e-06 8.5856)
(8.94109e-07 4.47019e-08 9.14783)
(2.34998e-07 -3.18768e-07 9.64165)
(6.94753e-07 1.03437e-06 7.96481)
(1.14762e-06 2.12438e-08 8.59337)
(3.54047e-07 -2.66653e-07 9.14997)
(9.37177e-07 7.91453e-07 7.36278)
(1.55975e-06 -2.02157e-07 8.02428)
(5.10394e-07 -3.23581e-07 8.61497)
(1.50117e-06 6.18567e-07 6.50724)
(2.49405e-06 -4.69767e-07 7.14724)
(9.29174e-07 -3.70388e-07 7.71295)
(-2.09271e-08 -3.35341e-07 11.5819)
(-1.61312e-07 -5.6053e-07 11.6426)
(-2.29498e-07 -7.79021e-07 11.7288)
(2.52698e-08 -3.83518e-07 11.4406)
(-7.24423e-08 -6.85462e-07 11.5226)
(-1.97131e-07 -8.51384e-07 11.629)
(1.05344e-07 -2.29096e-07 11.0934)
(7.76302e-08 -6.17332e-07 11.2359)
(-1.44608e-07 -7.88421e-07 11.3942)
(1.95574e-07 5.14994e-08 10.5717)
(2.45613e-07 -4.57888e-07 10.8119)
(-6.66659e-08 -6.5973e-07 11.0436)
(2.79781e-07 3.46832e-07 9.93525)
(4.05045e-07 -2.79717e-07 10.2918)
(1.99561e-08 -5.13357e-07 10.61)
(3.5528e-07 5.779e-07 9.25328)
(5.52066e-07 -1.39133e-07 9.72185)
(1.00454e-07 -3.88276e-07 10.1326)
(4.34748e-07 7.00093e-07 8.5856)
(7.05274e-07 -6.68418e-08 9.14783)
(1.72563e-07 -3.05949e-07 9.64165)
(5.45893e-07 7.02051e-07 7.96481)
(9.09112e-07 -8.00235e-08 8.59337)
(2.58171e-07 -2.67403e-07 9.14997)
(7.37689e-07 5.20934e-07 7.36278)
(1.23199e-06 -2.61513e-07 8.02428)
(3.64402e-07 -3.278e-07 8.61497)
(1.178e-06 4.37046e-07 6.50724)
(1.9733e-06 -4.1938e-07 7.14724)
(7.16331e-07 -3.21286e-07 7.71296)
(-2.30819e-09 -2.47109e-07 11.5819)
(-8.93919e-08 -4.09921e-07 11.6426)
(-1.2869e-07 -5.75317e-07 11.7288)
(3.23703e-08 -3.00285e-07 11.4406)
(-2.29959e-08 -5.17552e-07 11.5226)
(-1.02792e-07 -6.36658e-07 11.629)
(9.21709e-08 -2.07422e-07 11.0934)
(8.86497e-08 -4.86338e-07 11.2359)
(-6.67218e-08 -5.99926e-07 11.3942)
(1.60152e-07 -1.57128e-08 10.5717)
(2.14526e-07 -3.87142e-07 10.8119)
(-1.55175e-08 -5.14385e-07 11.0436)
(2.23602e-07 1.97405e-07 9.93525)
(3.34889e-07 -2.67452e-07 10.2918)
(3.95042e-08 -4.13259e-07 10.61)
(2.81401e-07 3.7067e-07 9.25328)
(4.47142e-07 -1.6916e-07 9.72185)
(8.80683e-08 -3.25301e-07 10.1326)
(3.4341e-07 4.66438e-07 8.5856)
(5.65341e-07 -1.19899e-07 9.14783)
(1.29709e-07 -2.69109e-07 9.64165)
(4.32541e-07 4.78748e-07 7.96481)
(7.2832e-07 -1.28936e-07 8.59337)
(1.8759e-07 -2.4184e-07 9.14997)
(5.85238e-07 3.3511e-07 7.36278)
(9.82722e-07 -2.85826e-07 8.02428)
(2.54907e-07 -3.08388e-07 8.61497)
(9.37948e-07 3.15858e-07 6.50724)
(1.59006e-06 -3.67105e-07 7.14724)
(5.62674e-07 -2.68066e-07 7.71296)
(1.17976e-08 -1.85369e-07 11.5819)
(-3.37292e-08 -3.02685e-07 11.6426)
(-4.71591e-08 -4.28066e-07 11.7288)
(3.9392e-08 -2.37702e-07 11.4406)
(1.98256e-08 -3.93579e-07 11.5226)
(-2.28157e-08 -4.78573e-07 11.629)
(8.57724e-08 -1.84255e-07 11.0934)
(1.06836e-07 -3.84834e-07 11.2359)
(4.53775e-09 -4.57934e-07 11.3942)
(1.38466e-07 -5.3443e-08 10.5717)
(2.04455e-07 -3.26008e-07 10.8119)
(3.92789e-08 -4.01223e-07 11.0436)
(1.87214e-07 1.01122e-07 9.93525)
(2.97345e-07 -2.46775e-07 10.2918)
(7.3127e-08 -3.31621e-07 10.61)
(2.31697e-07 2.31726e-07 9.25328)
(3.83204e-07 -1.78592e-07 9.72185)
(9.84857e-08 -2.69959e-07 10.1326)
(2.79445e-07 3.06823e-07 8.5856)
(4.72561e-07 -1.45587e-07 9.14783)
(1.16017e-07 -2.31616e-07 9.64165)
(3.49451e-07 3.23908e-07 7.9648)
(5.99244e-07 -1.52038e-07 8.59337)
(1.48456e-07 -2.11859e-07 9.14997)
(4.69327e-07 2.06424e-07 7.36278)
(7.95542e-07 -2.89298e-07 8.02428)
(1.81386e-07 -2.7967e-07 8.61497)
(7.54446e-07 2.35499e-07 6.50724)
(1.29838e-06 -3.13905e-07 7.14724)
(4.49134e-07 -2.15026e-07 7.71296)
(2.32327e-08 -1.33838e-07 11.5819)
(1.21578e-08 -2.18347e-07 11.6426)
(2.08629e-08 -3.10427e-07 11.7288)
(4.66841e-08 -1.81839e-07 11.4406)
(5.92345e-08 -2.93127e-07 11.5226)
(4.63806e-08 -3.49469e-07 11.629)
(8.40561e-08 -1.54049e-07 11.0934)
(1.3064e-07 -2.97632e-07 11.2359)
(6.92306e-08 -3.37589e-07 11.3942)
(1.25951e-07 -6.67266e-08 10.5717)
(2.08918e-07 -2.66558e-07 10.8119)
(9.28893e-08 -2.99889e-07 11.0436)
(1.63805e-07 4.38076e-08 9.93524)
(2.81703e-07 -2.16836e-07 10.2918)
(1.10958e-07 -2.52808e-07 10.61)
(1.97741e-07 1.40581e-07 9.25327)
(3.46732e-07 -1.71847e-07 9.72185)
(1.17936e-07 -2.11136e-07 10.1326)
(2.33563e-07 1.97785e-07 8.58559)
(4.12036e-07 -1.51912e-07 9.14783)
(1.15782e-07 -1.8702e-07 9.64165)
(2.87023e-07 2.15249e-07 7.9648)
(5.06716e-07 -1.58078e-07 8.59337)
(1.25976e-07 -1.74801e-07 9.14997)
(3.792e-07 1.17616e-07 7.36278)
(6.53257e-07 -2.78165e-07 8.02428)
(1.31019e-07 -2.41537e-07 8.61498)
(6.09201e-07 1.80928e-07 6.50724)
(1.06724e-06 -2.62089e-07 7.14724)
(3.59592e-07 -1.62574e-07 7.71296)
(3.14877e-08 -8.35845e-08 11.5819)
(4.79384e-08 -1.44313e-07 11.6426)
(7.31335e-08 -2.06982e-07 11.7288)
(5.22076e-08 -1.23755e-07 11.4406)
(9.13234e-08 -2.02499e-07 11.5226)
(9.97628e-08 -2.33234e-07 11.629)
(8.27655e-08 -1.11273e-07 11.0934)
(1.51248e-07 -2.12871e-07 11.2359)
(1.18825e-07 -2.23813e-07 11.3942)
(1.15945e-07 -5.4764e-08 10.5717)
(2.13941e-07 -1.99696e-07 10.8119)
(1.32703e-07 -1.96778e-07 11.0436)
(1.44534e-07 2.18991e-08 9.93524)
(2.69388e-07 -1.71106e-07 10.2918)
(1.36606e-07 -1.64308e-07 10.61)
(1.69132e-07 9.04272e-08 9.25327)
(3.15988e-07 -1.44369e-07 9.72185)
(1.27384e-07 -1.36962e-07 10.1326)
(1.94561e-07 1.30396e-07 8.58559)
(3.60691e-07 -1.36233e-07 9.14783)
(1.0889e-07 -1.24364e-07 9.64165)
(2.34067e-07 1.43443e-07 7.9648)
(4.28807e-07 -1.45627e-07 8.59337)
(1.0137e-07 -1.2118e-07 9.14997)
(3.0395e-07 6.02035e-08 7.36278)
(5.362e-07 -2.52401e-07 8.02428)
(8.72364e-08 -1.88824e-07 8.61498)
(4.89107e-07 1.43385e-07 6.50724)
(8.75694e-07 -2.12392e-07 7.14724)
(2.80859e-07 -1.09963e-07 7.71296)
(3.69252e-08 -4.30636e-08 11.5819)
(7.38284e-08 -8.51284e-08 11.6426)
(1.11172e-07 -1.24468e-07 11.7288)
(5.58955e-08 -7.40177e-08 11.4406)
(1.15106e-07 -1.27886e-07 11.5226)
(1.38898e-07 -1.39093e-07 11.629)
(8.14033e-08 -6.95429e-08 11.0934)
(1.66444e-07 -1.39471e-07 11.2359)
(1.55308e-07 -1.29383e-07 11.3942)
(1.07822e-07 -3.34922e-08 10.5717)
(2.16598e-07 -1.36734e-07 10.8119)
(1.61607e-07 -1.08157e-07 11.0436)
(1.28997e-07 1.87333e-08 9.93524)
(2.57421e-07 -1.22117e-07 10.2918)
(1.54144e-07 -8.47044e-08 10.61)
(1.45877e-07 6.56824e-08 9.25327)
(2.88076e-07 -1.0824e-07 9.72185)
(1.316e-07 -6.64647e-08 10.1326)
(1.62507e-07 9.16323e-08 8.58559)
(3.14941e-07 -1.08621e-07 9.14783)
(9.92907e-08 -6.08699e-08 9.64165)
(1.89942e-07 9.8964e-08 7.9648)
(3.5998e-07 -1.21269e-07 8.59337)
(7.60179e-08 -6.35296e-08 9.14997)
(2.40917e-07 2.65357e-08 7.36278)
(4.34999e-07 -2.16139e-07 8.02428)
(4.67885e-08 -1.28518e-07 8.61498)
(3.87723e-07 1.16345e-07 6.50724)
(7.09688e-07 -1.65558e-07 7.14724)
(2.06233e-07 -5.70728e-08 7.71296)
(4.19269e-08 -1.92886e-08 11.5819)
(9.59089e-08 -4.58988e-08 11.6426)
(1.44385e-07 -6.73508e-08 11.7288)
(6.0459e-08 -4.36775e-08 11.4406)
(1.37728e-07 -7.75528e-08 11.5226)
(1.75119e-07 -7.35047e-08 11.629)
(8.31278e-08 -4.50189e-08 11.0934)
(1.84761e-07 -9.01133e-08 11.2359)
(1.92142e-07 -6.41155e-08 11.3942)
(1.05483e-07 -2.38065e-08 10.5717)
(2.27582e-07 -9.49154e-08 10.8119)
(1.95414e-07 -4.77812e-08 11.0436)
(1.22112e-07 1.06654e-08 9.93524)
(2.59182e-07 -9.06309e-08 10.2918)
(1.81675e-07 -3.16312e-08 10.61)
(1.33882e-07 4.2428e-08 9.25327)
(2.78804e-07 -8.59243e-08 9.72185)
(1.50365e-07 -2.02921e-08 10.1326)
(1.43889e-07 5.95098e-08 8.58559)
(2.91675e-07 -9.11898e-08 9.14783)
(1.07154e-07 -1.8768e-08 9.64165)
(1.60955e-07 6.42154e-08 7.9648)
(3.16078e-07 -1.0408e-07 8.59337)
(6.87551e-08 -2.32431e-08 9.14997)
(1.94889e-07 4.27875e-09 7.36278)
(3.61082e-07 -1.8383e-07 8.02428)
(2.35006e-08 -7.94902e-08 8.61498)
(3.06175e-07 9.42809e-08 6.50724)
(5.72742e-07 -1.27463e-07 7.14724)
(1.42881e-07 -1.35866e-08 7.71296)
(4.63462e-08 -6.80491e-10 11.5819)
(1.14799e-07 -1.55074e-08 11.6426)
(1.71638e-07 -2.09086e-08 11.7288)
(6.50716e-08 -2.02414e-08 11.4406)
(1.58448e-07 -3.84795e-08 11.5226)
(2.05793e-07 -1.94702e-08 11.629)
(8.60654e-08 -2.62351e-08 11.0934)
(2.03532e-07 -5.15082e-08 11.2359)
(2.2426e-07 -9.52054e-09 11.3942)
(1.05688e-07 -1.66582e-08 10.5717)
(2.41772e-07 -6.18152e-08 10.8119)
(2.25803e-07 3.58412e-09 11.0436)
(1.19068e-07 3.64512e-09 9.93524)
(2.66998e-07 -6.5709e-08 10.2918)
(2.07466e-07 1.41726e-08 10.61)
(1.27003e-07 2.32534e-08 9.25327)
(2.78546e-07 -6.8493e-08 9.72185)
(1.69448e-07 1.96478e-08 10.1326)
(1.3193e-07 3.35115e-08 8.58559)
(2.80736e-07 -7.77346e-08 9.14783)
(1.17843e-07 1.7053e-08 9.64165)
(1.4081e-07 3.65409e-08 7.9648)
(2.88409e-07 -9.08404e-08 8.59337)
(6.74388e-08 1.00873e-08 9.14997)
(1.60928e-07 -1.09821e-08 7.36278)
(3.08282e-07 -1.55997e-07 8.02428)
(9.80521e-09 -3.76832e-08 8.61498)
(2.41176e-07 7.48815e-08 6.50724)
(4.61617e-07 -9.81827e-08 7.14724)
(8.99989e-08 2.14983e-08 7.71296)
(4.83902e-08 1.99963e-08 11.5819)
(1.26576e-07 1.35013e-08 11.6426)
(1.8673e-07 2.28254e-08 11.7288)
(6.68145e-08 5.79858e-09 11.4406)
(1.70629e-07 -8.91166e-10 11.5226)
(2.2202e-07 3.21261e-08 11.629)
(8.57475e-08 -2.28303e-09 11.0934)
(2.12572e-07 -1.22814e-08 11.2359)
(2.39702e-07 4.49139e-08 11.3942)
(1.02081e-07 -7.91842e-10 10.5717)
(2.44965e-07 -2.48164e-08 10.8119)
(2.37577e-07 5.80665e-08 11.0436)
(1.11628e-07 8.44333e-09 9.93524)
(2.62713e-07 -3.37327e-08 10.2918)
(2.1342e-07 6.66607e-08 10.61)
(1.15432e-07 1.76195e-08 9.25327)
(2.66043e-07 -4.20552e-08 9.72185)
(1.68857e-07 6.9005e-08 10.1326)
(1.15899e-07 2.08031e-08 8.58559)
(2.59526e-07 -5.5308e-08 9.14783)
(1.11031e-07 6.30475e-08 9.64165)
(1.18873e-07 2.03193e-08 7.9648)
(2.5586e-07 -7.08156e-08 8.59337)
(5.35895e-08 5.17493e-08 9.14997)
(1.29804e-07 -1.79689e-08 7.36278)
(2.60107e-07 -1.25973e-07 8.02428)
(-9.05163e-09 7.07164e-09 8.61498)
(1.86761e-07 5.91314e-08 6.50724)
(3.68786e-07 -7.39363e-08 7.14724)
(4.18462e-08 5.21941e-08 7.71296)
(4.81221e-08 3.31566e-08 11.5819)
(1.30375e-07 3.31796e-08 11.6426)
(1.90399e-07 5.20061e-08 11.7288)
(6.56623e-08 2.32191e-08 11.4406)
(1.72984e-07 2.53128e-08 11.5226)
(2.24704e-07 6.65368e-08 11.629)
(8.22576e-08 1.44933e-08 11.0934)
(2.10503e-07 1.61092e-08 11.2359)
(2.40185e-07 8.15313e-08 11.3942)
(9.51998e-08 1.14187e-08 10.5717)
(2.36199e-07 3.77218e-09 10.8119)
(2.34046e-07 9.56121e-08 11.0436)
(1.01004e-07 1.38856e-08 9.93524)
(2.46123e-07 -6.75656e-09 10.2918)
(2.04745e-07 1.04534e-07 10.61)
(1.00992e-07 1.65538e-08 9.25327)
(2.4151e-07 -1.70883e-08 9.72185)
(1.55001e-07 1.07061e-07 10.1326)
(9.76528e-08 1.53774e-08 8.58559)
(2.27505e-07 -3.14212e-08 9.14783)
(9.26113e-08 1.01543e-07 9.64165)
(9.60422e-08 1.23959e-08 7.9648)
(2.15398e-07 -4.76696e-08 8.59337)
(3.0295e-08 8.98241e-08 9.14997)
(1.00421e-07 -1.88389e-08 7.36278)
(2.0969e-07 -9.45992e-08 8.02428)
(-3.43383e-08 5.01546e-08 8.61498)
(1.40091e-07 4.62851e-08 6.50724)
(2.8611e-07 -5.24716e-08 7.14724)
(-5.15209e-09 8.12053e-08 7.71296)
(4.78979e-08 3.29905e-08 11.5819)
(1.32566e-07 3.85269e-08 11.6426)
(1.93555e-07 6.25556e-08 11.7288)
(6.48929e-08 2.49077e-08 11.4406)
(1.74402e-07 3.39327e-08 11.5226)
(2.27933e-07 7.93557e-08 11.629)
(7.99871e-08 1.53896e-08 11.0934)
(2.09181e-07 2.5643e-08 11.2359)
(2.4321e-07 9.45513e-08 11.3942)
(9.08237e-08 9.54871e-09 10.5717)
(2.30862e-07 1.3593e-08 10.8119)
(2.3615e-07 1.08222e-07 11.0436)
(9.44365e-08 8.33095e-09 9.93524)
(2.36174e-07 2.59666e-09 10.2918)
(2.05292e-07 1.16784e-07 10.61)
(9.21006e-08 8.15728e-09 9.25327)
(2.26565e-07 -7.79206e-09 9.72185)
(1.53463e-07 1.19808e-07 10.1326)
(8.6039e-08 6.18626e-09 8.58559)
(2.06921e-07 -2.06427e-08 9.14783)
(8.81262e-08 1.16462e-07 9.64165)
(8.04233e-08 3.89067e-09 7.9648)
(1.86941e-07 -3.43815e-08 8.59337)
(2.06363e-08 1.08006e-07 9.14997)
(7.86192e-08 -1.9166e-08 7.36278)
(1.70961e-07 -7.10089e-08 8.02428)
(-4.89298e-08 7.76209e-08 8.61498)
(1.0295e-07 3.5303e-08 6.50724)
(2.18102e-07 -3.61076e-08 7.14724)
(-4.29458e-08 1.01931e-07 7.71296)
(4.80034e-08 3.40885e-08 11.5819)
(1.34848e-07 4.2955e-08 11.6426)
(1.96198e-07 7.18024e-08 11.7288)
(6.45685e-08 2.66727e-08 11.4406)
(1.76115e-07 4.04267e-08 11.5226)
(2.30734e-07 9.04905e-08 11.629)
(7.85254e-08 1.5747e-08 11.0934)
(2.0894e-07 3.24061e-08 11.2359)
(2.45871e-07 1.05828e-07 11.3942)
(8.77688e-08 7.02399e-09 10.5717)
(2.27739e-07 2.01467e-08 10.8119)
(2.38055e-07 1.18877e-07 11.0436)
(8.96942e-08 2.24341e-09 9.93524)
(2.2973e-07 8.27056e-09 10.2918)
(2.05942e-07 1.26565e-07 10.61)
(8.55651e-08 -6.14531e-10 9.25327)
(2.16465e-07 -2.58278e-09 9.72185)
(1.52578e-07 1.29073e-07 10.1326)
(7.7416e-08 -3.22576e-09 8.58559)
(1.92548e-07 -1.44628e-08 9.14783)
(8.53215e-08 1.26294e-07 9.64166)
(6.87265e-08 -4.4825e-09 7.9648)
(1.66245e-07 -2.59711e-08 8.59337)
(1.44154e-08 1.19515e-07 9.14998)
(6.20459e-08 -2.00894e-08 7.36278)
(1.41467e-07 -5.34622e-08 8.02428)
(-5.84183e-08 9.67657e-08 8.61498)
(7.36935e-08 2.56228e-08 6.50723)
(1.63044e-07 -2.385e-08 7.14724)
(-7.24062e-08 1.17024e-07 7.71296)
(4.68202e-08 4.30765e-08 11.5819)
(1.33574e-07 5.32394e-08 11.6426)
(1.92256e-07 8.68691e-08 11.7288)
(6.23651e-08 3.68414e-08 11.4406)
(1.7271e-07 5.31496e-08 11.5226)
(2.24883e-07 1.07916e-07 11.629)
(7.45605e-08 2.50896e-08 11.0934)
(2.01954e-07 4.60309e-08 11.2359)
(2.37606e-07 1.24534e-07 11.3942)
(8.14613e-08 1.38371e-08 10.5717)
(2.16143e-07 3.41694e-08 10.8119)
(2.2675e-07 1.38357e-07 11.0436)
(8.09404e-08 5.44308e-09 9.93524)
(2.13214e-07 2.18638e-08 10.2918)
(1.91553e-07 1.46534e-07 10.61)
(7.44985e-08 -8.40856e-10 9.25327)
(1.95429e-07 1.03363e-08 9.72185)
(1.35924e-07 1.49254e-07 10.1326)
(6.4375e-08 -5.78845e-09 8.58559)
(1.67915e-07 -1.89109e-09 9.14783)
(6.77656e-08 1.46365e-07 9.64166)
(5.38341e-08 -8.16474e-09 7.9648)
(1.3845e-07 -1.34892e-08 8.59337)
(-3.09831e-09 1.38688e-07 9.14998)
(4.49392e-08 -1.92073e-08 7.36278)
(1.10641e-07 -3.59111e-08 8.02428)
(-7.40003e-08 1.17882e-07 8.61498)
(4.89821e-08 1.83375e-08 6.50723)
(1.16819e-07 -1.316e-08 7.14724)
(-9.83124e-08 1.29893e-07 7.71296)
(4.41773e-08 4.67871e-08 11.5819)
(1.27526e-07 5.8321e-08 11.6426)
(1.82717e-07 9.33642e-08 11.7288)
(5.85568e-08 4.24586e-08 11.4406)
(1.63991e-07 6.0514e-08 11.5226)
(2.13144e-07 1.15639e-07 11.629)
(6.90701e-08 3.17889e-08 11.0934)
(1.89522e-07 5.52195e-08 11.2359)
(2.23718e-07 1.33225e-07 11.3942)
(7.38905e-08 2.07534e-08 10.5717)
(1.99291e-07 4.53224e-08 10.8119)
(2.10746e-07 1.48176e-07 11.0436)
(7.12877e-08 1.1625e-08 9.93524)
(1.91846e-07 3.44888e-08 10.2918)
(1.73784e-07 1.57861e-07 10.61)
(6.29078e-08 4.18419e-09 9.25327)
(1.69966e-07 2.41023e-08 9.72185)
(1.17066e-07 1.62386e-07 10.1326)
(5.10916e-08 -1.86055e-09 8.58559)
(1.39181e-07 1.29435e-08 9.14783)
(4.85265e-08 1.61473e-07 9.64166)
(3.89172e-08 -5.45308e-09 7.9648)
(1.06999e-07 1.93357e-09 8.59337)
(-2.24054e-08 1.55347e-07 9.14998)
(2.82456e-08 -1.47017e-08 7.36278)
(7.72806e-08 -1.7193e-08 8.02428)
(-9.17311e-08 1.37716e-07 8.61498)
(2.7104e-08 1.3725e-08 6.50723)
(7.39793e-08 -2.01802e-09 7.14724)
(-1.22558e-07 1.42868e-07 7.71296)
(4.27259e-08 3.72396e-08 11.5819)
(1.23693e-07 5.07951e-08 11.6426)
(1.78564e-07 8.49687e-08 11.7288)
(5.68026e-08 3.25266e-08 11.4406)
(1.59589e-07 5.25873e-08 11.5226)
(2.09386e-07 1.06287e-07 11.629)
(6.69264e-08 2.19359e-08 11.0934)
(1.84386e-07 4.72929e-08 11.2359)
(2.21145e-07 1.22756e-07 11.3942)
(7.13812e-08 1.14958e-08 10.5717)
(1.93572e-07 3.82175e-08 10.8119)
(2.10059e-07 1.36939e-07 11.0436)
(6.85779e-08 3.37007e-09 9.93524)
(1.85695e-07 2.85917e-08 10.2918)
(1.7529e-07 1.46472e-07 10.61)
(5.98995e-08 -2.4744e-09 9.25327)
(1.63092e-07 2.00747e-08 9.72185)
(1.20381e-07 1.51952e-07 10.1326)
(4.73137e-08 -6.35471e-09 8.58559)
(1.30597e-07 1.17825e-08 9.14783)
(5.23432e-08 1.53619e-07 9.64166)
(3.33934e-08 -7.73891e-09 7.9648)
(9.48074e-08 4.40543e-09 8.59337)
(-2.03942e-08 1.51689e-07 9.14998)
(1.97459e-08 -1.28851e-08 7.36278)
(5.96789e-08 -8.28645e-09 8.02428)
(-9.3169e-08 1.41299e-07 8.61498)
(1.20976e-08 9.95951e-09 6.50723)
(4.35662e-08 4.82893e-09 7.14724)
(-1.35756e-07 1.47572e-07 7.71296)
(4.25126e-08 2.85598e-08 11.5819)
(1.22945e-07 4.31592e-08 11.6426)
(1.77707e-07 7.78197e-08 11.7288)
(5.66409e-08 2.13491e-08 11.4406)
(1.59114e-07 4.31373e-08 11.5226)
(2.09367e-07 9.80061e-08 11.629)
(6.68405e-08 8.57463e-09 11.0934)
(1.84279e-07 3.63078e-08 11.2359)
(2.22429e-07 1.12997e-07 11.3942)
(7.14363e-08 -3.29654e-09 10.5717)
(1.94031e-07 2.64368e-08 10.8119)
(2.13044e-07 1.25788e-07 11.0436)
(6.88526e-08 -1.18939e-08 9.93524)
(1.86813e-07 1.66133e-08 10.2918)
(1.8013e-07 1.34252e-07 10.61)
(6.02953e-08 -1.6837e-08 9.25327)
(1.64567e-07 8.91582e-09 9.72185)
(1.26904e-07 1.39326e-07 10.1326)
(4.74734e-08 -1.83041e-08 8.58559)
(1.31518e-07 2.81416e-09 9.14783)
(5.99119e-08 1.41662e-07 9.64166)
(3.2561e-08 -1.62209e-08 7.9648)
(9.33251e-08 -1.06541e-09 8.59337)
(-1.31659e-08 1.41916e-07 9.14998)
(1.67212e-08 -1.58324e-08 7.36278)
(5.34012e-08 -7.31227e-09 8.02428)
(-8.76721e-08 1.3717e-07 8.61499)
(3.3579e-09 5.44357e-09 6.50723)
(2.47058e-08 7.17417e-09 7.14725)
(-1.40327e-07 1.46695e-07 7.71297)
(4.10216e-08 2.76935e-08 11.5819)
(1.19482e-07 4.21506e-08 11.6426)
(1.7163e-07 7.8739e-08 11.7288)
(5.45671e-08 1.99728e-08 11.4406)
(1.5443e-07 4.24406e-08 11.5226)
(2.02196e-07 9.96091e-08 11.629)
(6.39378e-08 6.66253e-09 11.0934)
(1.7788e-07 3.61058e-08 11.2359)
(2.1409e-07 1.15329e-07 11.3942)
(6.7418e-08 -5.89764e-09 10.5717)
(1.85511e-07 2.70928e-08 10.8119)
(2.03503e-07 1.29038e-07 11.0436)
(6.36621e-08 -1.53636e-08 9.93524)
(1.76082e-07 1.81098e-08 10.2918)
(1.69703e-07 1.38502e-07 10.61)
(5.40875e-08 -2.09879e-08 9.25327)
(1.52065e-07 1.11041e-08 9.72185)
(1.16501e-07 1.4428e-07 10.1326)
(4.06846e-08 -2.26668e-08 8.58559)
(1.18228e-07 5.50035e-09 9.14783)
(5.08549e-08 1.46557e-07 9.64166)
(2.57356e-08 -2.01264e-08 7.9648)
(8.03341e-08 1.89226e-09 8.59337)
(-1.95396e-08 1.45717e-07 9.14998)
(1.0208e-08 -1.71402e-08 7.36278)
(4.13908e-08 -2.56515e-09 8.02428)
(-9.03284e-08 1.40116e-07 8.61499)
(-4.5589e-09 2.47642e-09 6.50723)
(9.03644e-09 1.00605e-08 7.14725)
(-1.4412e-07 1.46173e-07 7.71297)
(3.81778e-08 2.25405e-08 11.5819)
(1.1189e-07 3.70743e-08 11.6426)
(1.60688e-07 7.2565e-08 11.7288)
(5.06514e-08 1.55496e-08 11.4406)
(1.4432e-07 3.81543e-08 11.5226)
(1.89141e-07 9.32148e-08 11.629)
(5.86998e-08 3.8272e-09 11.0934)
(1.64722e-07 3.37276e-08 11.2359)
(1.99195e-07 1.09531e-07 11.3942)
(6.05897e-08 -6.78747e-09 10.5717)
(1.68883e-07 2.75652e-08 10.8119)
(1.87196e-07 1.24772e-07 11.0436)
(5.52368e-08 -1.45961e-08 9.93524)
(1.56008e-07 2.16707e-08 10.2918)
(1.52701e-07 1.36694e-07 10.61)
(4.42893e-08 -1.90905e-08 9.25327)
(1.29174e-07 1.74857e-08 9.72185)
(9.97788e-08 1.45337e-07 10.1326)
(3.00184e-08 -2.02134e-08 8.58559)
(9.38216e-08 1.40652e-08 9.14783)
(3.54357e-08 1.50274e-07 9.64166)
(1.48928e-08 -1.7778e-08 7.9648)
(5.6149e-08 1.14662e-08 8.59337)
(-3.26293e-08 1.51186e-07 9.14998)
(-1.94816e-12 -1.46959e-08 7.36278)
(1.95181e-08 7.40011e-09 8.02428)
(-9.9574e-08 1.46454e-07 8.61499)
(-1.40769e-08 1.40074e-09 6.50723)
(-1.07493e-08 1.59146e-08 7.14725)
(-1.50823e-07 1.48861e-07 7.71297)
(3.67668e-08 6.27036e-09 11.5819)
(1.073e-07 2.12497e-08 11.6426)
(1.55787e-07 5.32188e-08 11.7288)
(4.86351e-08 -2.72153e-09 11.4406)
(1.38359e-07 2.00337e-08 11.5226)
(1.83644e-07 7.09488e-08 11.629)
(5.61002e-08 -1.47388e-08 11.0934)
(1.57456e-07 1.5039e-08 11.2359)
(1.9401e-07 8.52078e-08 11.3942)
(5.74919e-08 -2.41438e-08 10.5717)
(1.60662e-07 9.9643e-09 10.8119)
(1.83369e-07 9.95774e-08 11.0436)
(5.18671e-08 -2.95505e-08 9.93524)
(1.47219e-07 6.48664e-09 10.2918)
(1.51021e-07 1.12089e-07 10.61)
(4.07197e-08 -3.07507e-08 9.25327)
(1.19932e-07 5.79321e-09 9.72185)
(1.00441e-07 1.22949e-07 10.1326)
(2.61332e-08 -2.81614e-08 8.58559)
(8.38654e-08 6.74598e-09 9.14783)
(3.78106e-08 1.31799e-07 9.64166)
(1.03933e-08 -2.21686e-08 7.9648)
(4.49395e-08 8.90072e-09 8.59337)
(-2.98359e-08 1.38037e-07 9.14998)
(-5.34165e-09 -1.56753e-08 7.36278)
(6.85979e-09 9.75015e-09 8.02428)
(-9.75696e-08 1.39661e-07 8.61499)
(-2.05966e-08 4.83722e-11 6.50723)
(-2.5412e-08 1.93084e-08 7.14725)
(-1.51834e-07 1.46117e-07 7.71297)
(3.64926e-08 -5.89775e-09 11.5819)
(1.06082e-07 8.47249e-09 11.6426)
(1.54936e-07 3.89591e-08 11.7288)
(4.80243e-08 -1.74543e-08 11.4406)
(1.36522e-07 4.87919e-09 11.5226)
(1.82691e-07 5.46072e-08 11.629)
(5.52264e-08 -3.10286e-08 11.0934)
(1.55224e-07 -1.35157e-09 11.2359)
(1.93399e-07 6.7155e-08 11.3942)
(5.64952e-08 -4.08973e-08 10.5717)
(1.58382e-07 -6.59066e-09 10.8119)
(1.83623e-07 8.03678e-08 11.0436)
(5.08824e-08 -4.56151e-08 9.93524)
(1.45156e-07 -9.22599e-09 10.2918)
(1.52572e-07 9.25267e-08 10.61)
(3.97627e-08 -4.49561e-08 9.25327)
(1.18033e-07 -8.007e-09 9.72185)
(1.03496e-07 1.03949e-07 10.1326)
(2.50563e-08 -3.94465e-08 8.58559)
(8.16594e-08 -4.03163e-09 9.14783)
(4.2263e-08 1.14415e-07 9.64166)
(8.86856e-09 -2.98679e-08 7.9648)
(4.14619e-08 2.08666e-09 8.59337)
(-2.45146e-08 1.23586e-07 9.14998)
(-7.78765e-09 -1.93552e-08 7.36278)
(9.44066e-10 7.88729e-09 8.02428)
(-9.22084e-08 1.30025e-07 8.61499)
(-2.48345e-08 -1.98911e-09 6.50723)
(-3.58262e-08 2.0848e-08 7.14725)
(-1.49612e-07 1.41566e-07 7.71297)
(3.53771e-08 -6.32176e-09 11.5819)
(1.0352e-07 6.34242e-09 11.6426)
(1.50583e-07 3.75102e-08 11.7288)
(4.61604e-08 -1.81152e-08 11.4406)
(1.32308e-07 2.78692e-09 11.5226)
(1.76635e-07 5.32969e-08 11.629)
(5.248e-08 -3.18633e-08 11.0934)
(1.49102e-07 -2.99478e-09 11.2359)
(1.8549e-07 6.63774e-08 11.3942)
(5.27663e-08 -4.20937e-08 10.5717)
(1.50222e-07 -7.54683e-09 10.8119)
(1.7382e-07 8.04057e-08 11.0436)
(4.61974e-08 -4.72931e-08 9.93524)
(1.35038e-07 -9.40853e-09 10.2918)
(1.41271e-07 9.36021e-08 10.61)
(3.42877e-08 -4.71237e-08 9.25327)
(1.06428e-07 -7.49344e-09 9.72185)
(9.17097e-08 1.05889e-07 10.1326)
(1.91494e-08 -4.19836e-08 8.58559)
(6.94436e-08 -3.00835e-09 9.14783)
(3.15202e-08 1.1655e-07 9.64166)
(3.0201e-09 -3.23478e-08 7.9648)
(2.97249e-08 3.48595e-09 8.59337)
(-3.24294e-08 1.24957e-07 9.14998)
(-1.31159e-08 -2.07078e-08 7.36278)
(-9.44486e-09 1.02269e-08 8.02428)
(-9.59367e-08 1.29999e-07 8.61499)
(-2.97406e-08 -2.80375e-09 6.50723)
(-4.57948e-08 2.35072e-08 7.14725)
(-1.5004e-07 1.39664e-07 7.71297)
(3.38281e-08 -8.04366e-09 11.5819)
(9.91297e-08 3.58702e-09 11.6426)
(1.43997e-07 3.29402e-08 11.7288)
(4.38826e-08 -1.96304e-08 11.4406)
(1.25965e-07 -1.11316e-10 11.5226)
(1.6799e-07 4.78255e-08 11.629)
(4.94522e-08 -3.27446e-08 11.0934)
(1.40739e-07 -5.38241e-09 11.2359)
(1.75031e-07 6.07168e-08 11.3942)
(4.90148e-08 -4.21378e-08 10.5717)
(1.39882e-07 -8.87918e-09 10.8119)
(1.61942e-07 7.52133e-08 11.0436)
(4.18496e-08 -4.65498e-08 9.93524)
(1.22974e-07 -9.36079e-09 10.2918)
(1.28594e-07 8.96753e-08 10.61)
(2.95004e-08 -4.5859e-08 9.25327)
(9.3082e-08 -5.986e-09 9.72185)
(7.89804e-08 1.03768e-07 10.1326)
(1.40888e-08 -4.05422e-08 8.58559)
(5.54421e-08 -1.45752e-10 9.14783)
(1.95144e-08 1.16434e-07 9.64166)
(-2.15807e-09 -3.11129e-08 7.9648)
(1.5824e-08 7.34076e-09 8.59338)
(-4.28645e-08 1.26525e-07 9.14998)
(-1.81949e-08 -1.98311e-08 7.36278)
(-2.23353e-08 1.46095e-08 8.02428)
(-1.03556e-07 1.32482e-07 8.61499)
(-3.44363e-08 -2.98448e-09 6.50723)
(-5.69312e-08 2.70137e-08 7.14725)
(-1.53806e-07 1.40807e-07 7.71297)
(3.44008e-08 -1.97949e-08 11.5819)
(9.96813e-08 -7.84137e-09 11.6426)
(1.4643e-07 1.84133e-08 11.7288)
(4.48411e-08 -3.29452e-08 11.4406)
(1.2731e-07 -1.37608e-08 11.5226)
(1.71565e-07 3.0883e-08 11.629)
(5.11227e-08 -4.65231e-08 11.0934)
(1.43487e-07 -2.0388e-08 11.2359)
(1.80535e-07 4.16259e-08 11.3942)
(5.1749e-08 -5.52727e-08 10.5717)
(1.44745e-07 -2.44551e-08 10.8119)
(1.70163e-07 5.4399e-08 11.0436)
(4.58856e-08 -5.80997e-08 9.93524)
(1.30311e-07 -2.46523e-08 10.2918)
(1.39771e-07 6.78093e-08 10.61)
(3.46996e-08 -5.51374e-08 9.25327)
(1.02445e-07 -2.00456e-08 9.72185)
(9.24669e-08 8.20314e-08 10.1326)
(1.98205e-08 -4.71997e-08 8.58559)
(6.53832e-08 -1.18996e-08 9.14783)
(3.37501e-08 9.65562e-08 9.64166)
(3.03607e-09 -3.51967e-08 7.9648)
(2.41328e-08 -1.03566e-09 8.59338)
(-3.01133e-08 1.10435e-07 9.14998)
(-1.47463e-08 -2.16326e-08 7.36278)
(-1.79966e-08 1.03925e-08 8.02428)
(-9.4504e-08 1.21833e-07 8.61499)
(-3.39006e-08 -3.82692e-09 6.50723)
(-5.85297e-08 2.63775e-08 7.14725)
(-1.50098e-07 1.359e-07 7.71297)
(3.66395e-08 -2.77777e-08 11.5819)
(1.05066e-07 -1.57523e-08 11.6426)
(1.54827e-07 1.0249e-08 11.7288)
(4.80252e-08 -4.33304e-08 11.4406)
(1.34988e-07 -2.39484e-08 11.5226)
(1.8238e-07 2.15009e-08 11.629)
(5.55557e-08 -5.88476e-08 11.0934)
(1.54075e-07 -3.26051e-08 11.2359)
(1.93959e-07 3.06647e-08 11.3942)
(5.77051e-08 -6.87012e-08 10.5717)
(1.58706e-07 -3.84475e-08 10.8119)
(1.86264e-07 4.16223e-08 11.0436)
(5.33885e-08 -7.16286e-08 9.93524)
(1.47661e-07 -3.99358e-08 10.2918)
(1.58206e-07 5.30733e-08 10.61)
(4.35172e-08 -6.76948e-08 9.25327)
(1.22499e-07 -3.57634e-08 9.72185)
(1.12435e-07 6.55641e-08 10.1326)
(2.93943e-08 -5.77352e-08 8.58559)
(8.66289e-08 -2.69282e-08 9.14783)
(5.41191e-08 7.9137e-08 9.64166)
(1.24772e-08 -4.2947e-08 7.9648)
(4.42064e-08 -1.40166e-08 8.59338)
(-1.0882e-08 9.35717e-08 9.14998)
(-6.70923e-09 -2.62626e-08 7.36278)
(-2.21589e-09 1.05116e-09 8.02428)
(-7.83559e-08 1.0801e-07 8.61499)
(-2.92336e-08 -5.91864e-09 6.50723)
(-5.14956e-08 2.20631e-08 7.14725)
(-1.4074e-07 1.27892e-07 7.71297)
(3.76614e-08 -2.57189e-08 11.5819)
(1.08225e-07 -1.44121e-08 11.6426)
(1.57941e-07 1.36442e-08 11.7288)
(4.92873e-08 -4.23681e-08 11.4406)
(1.38751e-07 -2.30726e-08 11.5226)
(1.85552e-07 2.54693e-08 11.629)
(5.69732e-08 -5.93246e-08 11.0934)
(1.58252e-07 -3.24046e-08 11.2359)
(1.96725e-07 3.51232e-08 11.3942)
(5.9124e-08 -7.07112e-08 10.5717)
(1.62995e-07 -3.90246e-08 10.8119)
(1.8811e-07 4.64705e-08 11.0436)
(5.4663e-08 -7.49747e-08 9.93524)
(1.5183e-07 -4.13087e-08 10.2918)
(1.58926e-07 5.79989e-08 10.61)
(4.46886e-08 -7.20084e-08 9.25327)
(1.26719e-07 -3.799e-08 9.72185)
(1.12462e-07 6.99217e-08 10.1326)
(3.07836e-08 -6.2559e-08 8.58559)
(9.15644e-08 -3.01941e-08 9.14783)
(5.45843e-08 8.18827e-08 9.64166)
(1.46109e-08 -4.75855e-08 7.9648)
(5.07639e-08 -1.83922e-08 8.59338)
(-8.46901e-09 9.35268e-08 9.14998)
(-3.45585e-09 -2.96667e-08 7.36278)
(6.27244e-09 -3.76078e-09 8.02428)
(-7.30247e-08 1.04588e-07 8.61499)
(-2.54597e-08 -7.55755e-09 6.50723)
(-4.3479e-08 1.80868e-08 7.14725)
(-1.33852e-07 1.22143e-07 7.71297)
(3.65721e-08 -2.69377e-08 11.5819)
(1.0558e-07 -1.57118e-08 11.6426)
(1.53373e-07 1.2064e-08 11.7288)
(4.78249e-08 -4.29992e-08 11.4406)
(1.35114e-07 -2.37595e-08 11.5226)
(1.79581e-07 2.40667e-08 11.629)
(5.49579e-08 -5.9046e-08 11.0934)
(1.53231e-07 -3.19885e-08 11.2359)
(1.89228e-07 3.4522e-08 11.3942)
(5.63276e-08 -6.93852e-08 10.5717)
(1.56137e-07 -3.70958e-08 10.8119)
(1.78996e-07 4.7279e-08 11.0436)
(5.09853e-08 -7.27557e-08 9.93524)
(1.42991e-07 -3.77607e-08 10.2918)
(1.48416e-07 6.07271e-08 10.61)
(4.02755e-08 -6.93269e-08 9.25327)
(1.16358e-07 -3.31412e-08 9.72185)
(1.01203e-07 7.46004e-08 10.1326)
(2.61072e-08 -5.99557e-08 8.58559)
(8.09061e-08 -2.47714e-08 9.14783)
(4.36146e-08 8.79326e-08 9.64166)
(1.0436e-08 -4.56272e-08 7.9648)
(4.16567e-08 -1.35649e-08 8.59338)
(-1.77233e-08 9.96626e-08 9.14998)
(-6.18644e-09 -2.87901e-08 7.36278)
(8.47942e-10 -8.30144e-10 8.02428)
(-7.86815e-08 1.09028e-07 8.61499)
(-2.58022e-08 -7.81098e-09 6.50723)
(-4.36299e-08 1.80796e-08 7.14725)
(-1.34247e-07 1.225e-07 7.71297)
(3.61888e-08 -3.74441e-08 11.5819)
(1.0429e-07 -2.57496e-08 11.6426)
(1.52507e-07 1.17724e-10 11.7288)
(4.74602e-08 -5.4591e-08 11.4406)
(1.33925e-07 -3.52039e-08 11.5226)
(1.78866e-07 1.04966e-08 11.629)
(5.46937e-08 -7.06572e-08 11.0934)
(1.52293e-07 -4.38881e-08 11.2359)
(1.89121e-07 1.98437e-08 11.3942)
(5.62557e-08 -8.00554e-08 10.5717)
(1.55692e-07 -4.85772e-08 10.8119)
(1.79957e-07 3.21702e-08 11.0436)
(5.12135e-08 -8.17058e-08 9.93524)
(1.43201e-07 -4.80163e-08 10.2918)
(1.50665e-07 4.59951e-08 10.61)
(4.07735e-08 -7.60525e-08 9.25327)
(1.17112e-07 -4.15114e-08 9.72185)
(1.04517e-07 6.12587e-08 10.1326)
(2.66756e-08 -6.43083e-08 8.58559)
(8.17729e-08 -3.07364e-08 9.14783)
(4.72889e-08 7.71107e-08 9.64166)
(1.07659e-08 -4.7856e-08 7.9648)
(4.20902e-08 -1.69471e-08 8.59338)
(-1.46695e-08 9.22436e-08 9.14998)
(-6.2583e-09 -2.94881e-08 7.36278)
(7.2374e-10 -2.02717e-09 8.02428)
(-7.69622e-08 1.05127e-07 8.61499)
(-2.59542e-08 -8.09995e-09 6.50723)
(-4.33629e-08 1.75139e-08 7.14725)
(-1.33407e-07 1.20842e-07 7.71297)
(3.70266e-08 -3.95672e-08 11.5819)
(1.06482e-07 -2.87341e-08 11.6426)
(1.55071e-07 -2.39652e-09 11.7288)
(4.84702e-08 -5.92424e-08 11.4406)
(1.36624e-07 -4.03526e-08 11.5226)
(1.81595e-07 6.87307e-09 11.629)
(5.5984e-08 -7.78375e-08 11.0934)
(1.55778e-07 -5.11994e-08 11.2359)
(1.91936e-07 1.49678e-08 11.3942)
(5.79758e-08 -8.92688e-08 10.5717)
(1.60241e-07 -5.78283e-08 10.8119)
(1.82812e-07 2.60008e-08 11.0436)
(5.34069e-08 -9.20252e-08 9.93524)
(1.48954e-07 -5.85986e-08 10.2918)
(1.53496e-07 3.87223e-08 10.61)
(4.33849e-08 -8.6308e-08 9.25327)
(1.2389e-07 -5.24529e-08 9.72185)
(1.07224e-07 5.33121e-08 10.1326)
(2.94852e-08 -7.32524e-08 8.58559)
(8.89904e-08 -4.08768e-08 9.14783)
(4.98091e-08 6.91844e-08 9.64166)
(1.34063e-08 -5.45153e-08 7.9648)
(4.875e-08 -2.51331e-08 8.59338)
(-1.24488e-08 8.5347e-08 9.14998)
(-4.26366e-09 -3.33941e-08 7.36278)
(5.67781e-09 -7.33656e-09 8.02428)
(-7.5178e-08 1.00581e-07 8.61499)
(-2.51029e-08 -9.64428e-09 6.50723)
(-4.11161e-08 1.5279e-08 7.14725)
(-1.32773e-07 1.19407e-07 7.71297)
(3.69657e-08 -2.6187e-08 11.5819)
(1.07228e-07 -1.71761e-08 11.6426)
(1.53885e-07 1.21977e-08 11.7288)
(4.81052e-08 -4.53514e-08 11.4406)
(1.36742e-07 -2.78718e-08 11.5226)
(1.79021e-07 2.31587e-08 11.629)
(5.51464e-08 -6.47395e-08 11.0934)
(1.54922e-07 -3.88469e-08 11.2359)
(1.87192e-07 3.26063e-08 11.3942)
(5.64928e-08 -7.81223e-08 10.5717)
(1.58085e-07 -4.65183e-08 10.8119)
(1.75195e-07 4.44535e-08 11.0436)
(5.11699e-08 -8.35391e-08 9.93524)
(1.45376e-07 -4.89759e-08 10.2918)
(1.42815e-07 5.73397e-08 10.61)
(4.04779e-08 -8.07735e-08 9.25327)
(1.19215e-07 -4.49772e-08 9.72185)
(9.40894e-08 7.11996e-08 10.1326)
(2.62412e-08 -7.05711e-08 8.58559)
(8.40504e-08 -3.58742e-08 9.14783)
(3.57085e-08 8.51348e-08 9.64166)
(1.03641e-08 -5.40385e-08 7.9648)
(4.47312e-08 -2.26017e-08 8.59338)
(-2.53783e-08 9.79942e-08 9.14998)
(-6.55671e-09 -3.384e-08 7.36278)
(3.62117e-09 -6.60135e-09 8.02428)
(-8.48446e-08 1.08818e-07 8.61499)
(-2.64606e-08 -9.89675e-09 6.50723)
(-4.12543e-08 1.51083e-08 7.14725)
(-1.37783e-07 1.22902e-07 7.71297)
(3.61267e-08 -1.39885e-08 11.5819)
(1.05376e-07 -5.41303e-09 11.6426)
(1.50045e-07 2.48134e-08 11.7288)
(4.69727e-08 -3.0721e-08 11.4406)
(1.34082e-07 -1.40278e-08 11.5226)
(1.7399e-07 3.73715e-08 11.629)
(5.35847e-08 -4.85635e-08 11.0934)
(1.51131e-07 -2.37052e-08 11.2359)
(1.80543e-07 4.82983e-08 11.3942)
(5.43611e-08 -6.13881e-08 10.5717)
(1.5282e-07 -3.08453e-08 10.8119)
(1.66573e-07 6.13422e-08 11.0436)
(4.83662e-08 -6.73816e-08 9.93524)
(1.38481e-07 -3.35923e-08 10.2918)
(1.32068e-07 7.5078e-08 10.61)
(3.70141e-08 -6.63751e-08 9.25327)
(1.10835e-07 -3.06965e-08 9.72185)
(8.12959e-08 8.92857e-08 10.1326)
(2.22513e-08 -5.89242e-08 8.58559)
(7.47047e-08 -2.34716e-08 9.14783)
(2.12575e-08 1.02919e-07 9.64166)
(6.10732e-09 -4.58497e-08 7.9648)
(3.53187e-08 -1.28077e-08 8.59338)
(-4.06594e-08 1.14511e-07 9.14998)
(-1.06609e-08 -2.93681e-08 7.36278)
(-4.57367e-09 -4.70357e-11 8.02428)
(-9.92435e-08 1.22736e-07 8.61499)
(-2.97062e-08 -8.60408e-09 6.50723)
(-4.64441e-08 1.79715e-08 7.14725)
(-1.48305e-07 1.31788e-07 7.71297)
(3.71254e-08 -1.41488e-08 11.5819)
(1.07627e-07 -4.15142e-09 11.6426)
(1.5389e-07 2.56312e-08 11.7288)
(4.86354e-08 -3.13065e-08 11.4406)
(1.37864e-07 -1.35337e-08 11.5226)
(1.79486e-07 3.76944e-08 11.629)
(5.60665e-08 -4.96016e-08 11.0934)
(1.56717e-07 -2.43307e-08 11.2359)
(1.87906e-07 4.76988e-08 11.3942)
(5.7828e-08 -6.253e-08 10.5717)
(1.60506e-07 -3.27156e-08 10.8119)
(1.75959e-07 5.95925e-08 11.0436)
(5.28198e-08 -6.82186e-08 9.93524)
(1.48229e-07 -3.65908e-08 10.2918)
(1.4311e-07 7.2023e-08 10.61)
(4.21983e-08 -6.66145e-08 9.25327)
(1.21999e-07 -3.43708e-08 9.72185)
(9.28539e-08 8.53529e-08 10.1326)
(2.75663e-08 -5.8457e-08 8.58559)
(8.59066e-08 -2.71413e-08 9.14783)
(3.15061e-08 9.91934e-08 9.64166)
(1.06744e-08 -4.48614e-08 7.9648)
(4.47113e-08 -1.56955e-08 8.59338)
(-3.39407e-08 1.12381e-07 9.14998)
(-7.72742e-09 -2.82724e-08 7.36278)
(1.33619e-09 -1.60479e-09 8.02429)
(-9.78871e-08 1.2335e-07 8.61499)
(-2.90065e-08 -8.15979e-09 6.50723)
(-4.4691e-08 1.74402e-08 7.14725)
(-1.52373e-07 1.35069e-07 7.71297)
(3.88085e-08 -1.25921e-08 11.5819)
(1.12168e-07 -1.13795e-09 11.6426)
(1.59942e-07 3.14471e-08 11.7288)
(5.12688e-08 -3.09566e-08 11.4406)
(1.44813e-07 -1.10086e-08 11.5226)
(1.87937e-07 4.44429e-08 11.629)
(5.97284e-08 -5.09487e-08 11.0934)
(1.6622e-07 -2.30294e-08 11.2359)
(1.98416e-07 5.44918e-08 11.3942)
(6.25249e-08 -6.54575e-08 10.5717)
(1.72492e-07 -3.30899e-08 10.8119)
(1.88044e-07 6.57361e-08 11.0436)
(5.83407e-08 -7.22729e-08 9.93524)
(1.62293e-07 -3.8811e-08 10.2918)
(1.55962e-07 7.6689e-08 10.61)
(4.82406e-08 -7.10962e-08 9.25327)
(1.37376e-07 -3.81617e-08 9.72185)
(1.05446e-07 8.80085e-08 10.1326)
(3.3724e-08 -6.25365e-08 8.58559)
(1.01461e-07 -3.19402e-08 9.14783)
(4.27796e-08 9.97867e-08 9.64166)
(1.64391e-08 -4.78998e-08 7.9648)
(5.89102e-08 -2.0709e-08 8.59338)
(-2.51333e-08 1.11592e-07 9.14998)
(-3.06326e-09 -3.00123e-08 7.36278)
(1.23019e-08 -5.81912e-09 8.02429)
(-9.27657e-08 1.22834e-07 8.61499)
(-2.65639e-08 -8.84269e-09 6.50723)
(-3.94118e-08 1.51784e-08 7.14725)
(-1.52944e-07 1.36765e-07 7.71297)
(3.80332e-08 -2.65041e-09 11.5819)
(1.11211e-07 9.53329e-09 11.6426)
(1.56459e-07 4.71815e-08 11.7288)
(5.04112e-08 -1.98471e-08 11.4406)
(1.43872e-07 2.00786e-09 11.5226)
(1.84135e-07 6.34525e-08 11.629)
(5.84136e-08 -3.96716e-08 11.0934)
(1.64498e-07 -8.52817e-09 11.2359)
(1.93385e-07 7.63887e-08 11.3942)
(6.02497e-08 -5.50087e-08 10.5717)
(1.69034e-07 -1.77893e-08 10.8119)
(1.80815e-07 9.01226e-08 11.0436)
(5.47371e-08 -6.34318e-08 9.93524)
(1.56415e-07 -2.35218e-08 10.2918)
(1.45975e-07 1.02646e-07 10.61)
(4.33072e-08 -6.43265e-08 9.25327)
(1.29216e-07 -2.39067e-08 9.72185)
(9.30535e-08 1.14046e-07 10.1326)
(2.80096e-08 -5.80688e-08 8.58559)
(9.22482e-08 -1.99397e-08 9.14783)
(2.93163e-08 1.23794e-07 9.64166)
(1.0982e-08 -4.55146e-08 7.9648)
(5.07581e-08 -1.20953e-08 8.59338)
(-3.76101e-08 1.31167e-07 9.14998)
(-7.09975e-09 -2.88946e-08 7.36278)
(7.36078e-09 -9.40153e-10 8.02429)
(-1.02358e-07 1.36028e-07 8.61499)
(-2.85354e-08 -8.21561e-09 6.50723)
(-4.05597e-08 1.67233e-08 7.14725)
(-1.58881e-07 1.43107e-07 7.71297)
(3.46326e-08 8.18581e-10 11.5819)
(1.02623e-07 1.40387e-08 11.6426)
(1.42903e-07 5.2869e-08 11.7288)
(4.59666e-08 -1.48377e-08 11.4406)
(1.32807e-07 8.59539e-09 11.5226)
(1.68077e-07 7.05865e-08 11.629)
(5.24617e-08 -3.30817e-08 11.0934)
(1.50019e-07 4.67516e-10 11.2359)
(1.74564e-07 8.56554e-08 11.3942)
(5.22782e-08 -4.70842e-08 10.5717)
(1.50208e-07 -5.97e-09 10.8119)
(1.59072e-07 1.02291e-07 11.0436)
(4.45225e-08 -5.47178e-08 9.93524)
(1.32849e-07 -8.93693e-09 10.2918)
(1.21556e-07 1.18277e-07 10.61)
(3.10288e-08 -5.55414e-08 9.25327)
(1.01495e-07 -7.25133e-09 9.72185)
(6.67567e-08 1.33008e-07 10.1326)
(1.4393e-08 -5.00152e-08 8.58559)
(6.22321e-08 -2.46723e-09 9.14783)
(2.39357e-09 1.45088e-07 9.64166)
(-2.72358e-09 -3.90285e-08 7.9648)
(2.15021e-08 4.27825e-09 8.59338)
(-6.33637e-08 1.52829e-07 9.14999)
(-1.91867e-08 -2.46909e-08 7.36278)
(-1.70962e-08 1.20195e-08 8.02429)
(-1.24356e-07 1.55172e-07 8.61499)
(-3.66835e-08 -6.47595e-09 6.50723)
(-5.51353e-08 2.37918e-08 7.14725)
(-1.73318e-07 1.55582e-07 7.71297)
(3.15772e-08 -1.01174e-08 11.5819)
(9.41987e-08 4.46331e-09 11.6426)
(1.32084e-07 4.15022e-08 11.7288)
(4.20976e-08 -2.62857e-08 11.4406)
(1.2265e-07 -1.51919e-09 11.5226)
(1.56226e-07 5.79951e-08 11.629)
(4.76079e-08 -4.37817e-08 11.0934)
(1.37841e-07 -8.88636e-09 11.2359)
(1.62283e-07 7.26857e-08 11.3942)
(4.63071e-08 -5.61213e-08 10.5717)
(1.35929e-07 -1.33045e-08 10.8119)
(1.47054e-07 9.00681e-08 11.0436)
(3.74849e-08 -6.1464e-08 9.93524)
(1.16516e-07 -1.32882e-08 10.2918)
(1.10273e-07 1.08033e-07 10.61)
(2.29593e-08 -5.96471e-08 9.25327)
(8.316e-08 -8.0745e-09 9.72185)
(5.62197e-08 1.26013e-07 10.1326)
(5.32742e-09 -5.15336e-08 8.58559)
(4.19938e-08 4.74258e-10 9.14783)
(-8.03821e-09 1.42481e-07 9.64166)
(-1.26858e-08 -3.84782e-08 7.9648)
(-2.41529e-10 1.06264e-08 8.59338)
(-7.46619e-08 1.55276e-07 9.14999)
(-2.9566e-08 -2.29542e-08 7.36278)
(-3.89524e-08 2.04333e-08 8.02429)
(-1.37102e-07 1.62177e-07 8.61499)
(-4.59365e-08 -4.963e-09 6.50723)
(-7.29629e-08 3.12535e-08 7.14725)
(-1.85694e-07 1.64564e-07 7.71297)
(2.93395e-08 -1.73853e-08 11.5819)
(8.81238e-08 -2.93677e-09 11.6426)
(1.23712e-07 3.41077e-08 11.7288)
(3.91593e-08 -3.49841e-08 11.4406)
(1.15198e-07 -9.87841e-09 11.5226)
(1.46972e-07 4.98447e-08 11.629)
(4.38984e-08 -5.32221e-08 11.0934)
(1.28953e-07 -1.73877e-08 11.2359)
(1.52368e-07 6.4178e-08 11.3942)
(4.18066e-08 -6.57253e-08 10.5717)
(1.25659e-07 -2.11637e-08 10.8119)
(1.36792e-07 8.17663e-08 11.0436)
(3.22303e-08 -7.0589e-08 9.93524)
(1.04923e-07 -1.97678e-08 10.2918)
(9.99467e-08 1.00647e-07 10.61)
(1.69452e-08 -6.75415e-08 9.25327)
(7.01734e-08 -1.24874e-08 9.72185)
(4.60245e-08 1.20265e-07 10.1326)
(-1.50792e-09 -5.74691e-08 8.58559)
(2.7399e-08 -1.18588e-09 9.14783)
(-1.80889e-08 1.3909e-07 9.64166)
(-2.04381e-08 -4.20231e-08 7.9648)
(-1.67483e-08 1.22197e-08 8.59338)
(-8.47795e-08 1.55063e-07 9.14999)
(-3.8242e-08 -2.41236e-08 7.36278)
(-5.737e-08 2.52852e-08 8.02429)
(-1.47632e-07 1.65971e-07 8.61499)
(-5.50101e-08 -4.50197e-09 6.50723)
(-9.16444e-08 3.8191e-08 7.14725)
(-1.96767e-07 1.72301e-07 7.71297)
(2.61222e-08 -1.25401e-08 11.5819)
(8.00815e-08 3.4582e-10 11.6426)
(1.10327e-07 3.92562e-08 11.7288)
(3.46854e-08 -3.01689e-08 11.4406)
(1.04256e-07 -5.95474e-09 11.5226)
(1.3046e-07 5.57735e-08 11.629)
(3.79533e-08 -4.8764e-08 11.0934)
(1.14668e-07 -1.27377e-08 11.2359)
(1.32483e-07 7.13526e-08 11.3942)
(3.42105e-08 -6.21955e-08 10.5717)
(1.07772e-07 -1.56891e-08 10.8119)
(1.13506e-07 9.05794e-08 11.0436)
(2.30291e-08 -6.82959e-08 9.93524)
(8.3524e-08 -1.33999e-08 10.2918)
(7.3799e-08 1.11453e-07 10.61)
(6.35877e-09 -6.64963e-08 9.25327)
(4.58867e-08 -5.41997e-09 9.72185)
(1.83291e-08 1.32943e-07 10.1326)
(-1.30288e-08 -5.75347e-08 8.58559)
(1.47906e-09 6.30803e-09 9.14783)
(-4.54105e-08 1.52857e-07 9.64166)
(-3.22308e-08 -4.26913e-08 7.9648)
(-4.25683e-08 1.99229e-08 8.59338)
(-1.09477e-07 1.68653e-07 9.14999)
(-4.95571e-08 -2.43629e-08 7.36278)
(-8.12914e-08 3.32631e-08 8.02429)
(-1.67843e-07 1.77997e-07 8.61499)
(-6.5036e-08 -3.69934e-09 6.50723)
(-1.11858e-07 4.60769e-08 7.14725)
(-2.11041e-07 1.81908e-07 7.71297)
(2.19621e-08 -1.11173e-08 11.5819)
(6.88457e-08 1.22791e-09 11.6426)
(9.32351e-08 3.93378e-08 11.7288)
(2.92903e-08 -2.73275e-08 11.4406)
(8.98793e-08 -3.81118e-09 11.5226)
(1.10195e-07 5.5995e-08 11.629)
(3.12534e-08 -4.42714e-08 11.0934)
(9.69824e-08 -8.79908e-09 11.2359)
(1.09398e-07 7.25255e-08 11.3942)
(2.61999e-08 -5.63056e-08 10.5717)
(8.67828e-08 -9.587e-09 10.8119)
(8.81887e-08 9.34432e-08 11.0436)
(1.38767e-08 -6.15759e-08 9.93524)
(5.95323e-08 -5.09821e-09 10.2918)
(4.70704e-08 1.1679e-07 10.61)
(-3.71104e-09 -5.96797e-08 9.25327)
(1.94805e-08 4.73523e-09 9.72185)
(-8.87913e-09 1.41138e-07 10.1326)
(-2.37487e-08 -5.13442e-08 8.58559)
(-2.64492e-08 1.78005e-08 9.14783)
(-7.22436e-08 1.63822e-07 9.64166)
(-4.33187e-08 -3.77563e-08 7.9648)
(-7.08902e-08 3.19164e-08 8.59338)
(-1.34983e-07 1.81792e-07 9.14999)
(-6.06508e-08 -2.11201e-08 7.36278)
(-1.0848e-07 4.46654e-08 8.02429)
(-1.90563e-07 1.92018e-07 8.61499)
(-7.52505e-08 -2.08622e-09 6.50723)
(-1.35073e-07 5.55829e-08 7.14725)
(-2.28264e-07 1.94103e-07 7.71297)
(1.9805e-08 -2.26873e-08 11.5819)
(6.21261e-08 -9.33891e-09 11.6426)
(8.47604e-08 2.6426e-08 11.7288)
(2.69403e-08 -3.9717e-08 11.4406)
(8.26466e-08 -1.56457e-08 11.5226)
(1.01765e-07 4.12593e-08 11.629)
(2.89815e-08 -5.62964e-08 11.0934)
(8.98024e-08 -2.08927e-08 11.2359)
(1.02072e-07 5.64143e-08 11.3942)
(2.43592e-08 -6.70271e-08 10.5717)
(8.04642e-08 -2.10634e-08 10.8119)
(8.31321e-08 7.66112e-08 11.0436)
(1.27829e-08 -7.02911e-08 9.93524)
(5.4597e-08 -1.51894e-08 10.2918)
(4.48756e-08 1.00015e-07 10.61)
(-4.0845e-09 -6.59604e-08 9.25327)
(1.57238e-08 -3.24388e-09 9.72185)
(-8.59988e-09 1.2559e-07 10.1326)
(-2.38604e-08 -5.50721e-08 8.58559)
(-3.01903e-08 1.26962e-08 9.14783)
(-7.09983e-08 1.51122e-07 9.64167)
(-4.40549e-08 -3.91982e-08 7.9648)
(-7.65219e-08 3.02928e-08 8.59338)
(-1.35033e-07 1.73799e-07 9.14999)
(-6.30214e-08 -2.09223e-08 7.36278)
(-1.17853e-07 4.67411e-08 8.02429)
(-1.94195e-07 1.9013e-07 8.61499)
(-7.9894e-08 -1.37803e-09 6.50723)
(-1.48561e-07 6.05697e-08 7.14725)
(-2.362e-07 1.98318e-07 7.71297)
(1.9329e-08 -3.11645e-08 11.5819)
(6.00445e-08 -1.71839e-08 11.6426)
(8.13941e-08 1.91427e-08 11.7288)
(2.66705e-08 -5.09593e-08 11.4406)
(8.10812e-08 -2.56874e-08 11.5226)
(9.91666e-08 3.27545e-08 11.629)
(2.91525e-08 -6.97259e-08 11.0934)
(8.93025e-08 -3.27207e-08 11.2359)
(1.00706e-07 4.6504e-08 11.3942)
(2.52436e-08 -8.16839e-08 10.5717)
(8.16187e-08 -3.41326e-08 10.8119)
(8.3545e-08 6.53828e-08 11.0436)
(1.4507e-08 -8.49943e-08 9.93524)
(5.76937e-08 -2.87629e-08 10.2918)
(4.7306e-08 8.76413e-08 10.61)
(-1.58051e-09 -7.94458e-08 9.25327)
(2.05012e-08 -1.63668e-08 9.72185)
(-4.32452e-09 1.12547e-07 10.1326)
(-2.08975e-08 -6.61504e-08 8.58559)
(-2.46768e-08 1.17337e-09 9.14783)
(-6.54856e-08 1.38285e-07 9.64167)
(-4.12071e-08 -4.70481e-08 7.9648)
(-7.19569e-08 2.16519e-08 8.59338)
(-1.2947e-07 1.62653e-07 9.14999)
(-6.11677e-08 -2.52651e-08 7.36278)
(-1.16595e-07 4.22078e-08 8.02429)
(-1.90351e-07 1.82973e-07 8.615)
(-8.03139e-08 -2.71772e-09 6.50723)
(-1.53503e-07 6.11013e-08 7.14725)
(-2.37112e-07 1.97614e-07 7.71298)
(1.72169e-08 -2.8842e-08 11.5819)
(5.4662e-08 -1.47711e-08 11.6426)
(7.13242e-08 2.51055e-08 11.7288)
(2.4039e-08 -4.86462e-08 11.4406)
(7.44812e-08 -2.22869e-08 11.5226)
(8.77378e-08 4.0364e-08 11.629)
(2.58043e-08 -6.76205e-08 11.0934)
(8.1105e-08 -2.844e-08 11.2359)
(8.76939e-08 5.57355e-08 11.3942)
(2.09577e-08 -8.01415e-08 10.5717)
(7.15171e-08 -2.9036e-08 10.8119)
(6.88834e-08 7.62462e-08 11.0436)
(9.21493e-09 -8.4269e-08 9.93524)
(4.56181e-08 -2.31144e-08 10.2918)
(3.13084e-08 9.97718e-08 10.61)
(-7.70821e-09 -7.96577e-08 9.25327)
(6.98108e-09 -1.07317e-08 9.72185)
(-2.06138e-08 1.25091e-07 10.1326)
(-2.732e-08 -6.73528e-08 8.58559)
(-3.83532e-08 6.09563e-09 9.14783)
(-8.03968e-08 1.49808e-07 9.64167)
(-4.70658e-08 -4.88868e-08 7.9648)
(-8.40118e-08 2.53415e-08 8.59338)
(-1.41069e-07 1.71464e-07 9.14999)
(-6.56135e-08 -2.67833e-08 7.36278)
(-1.2566e-07 4.48183e-08 8.02429)
(-1.97349e-07 1.87909e-07 8.615)
(-8.31004e-08 -3.07388e-09 6.50723)
(-1.60099e-07 6.3395e-08 7.14725)
(-2.40029e-07 1.99151e-07 7.71298)
(1.28721e-08 -3.07161e-08 11.5819)
(4.29062e-08 -1.55625e-08 11.6426)
(5.30342e-08 2.51641e-08 11.7288)
(1.85099e-08 -4.88128e-08 11.4406)
(5.97746e-08 -2.08996e-08 11.5226)
(6.67828e-08 4.16167e-08 11.629)
(1.87787e-08 -6.54309e-08 11.0934)
(6.28646e-08 -2.4078e-08 11.2359)
(6.4346e-08 5.89376e-08 11.3942)
(1.21322e-08 -7.55783e-08 10.5717)
(4.92862e-08 -2.10708e-08 10.8119)
(4.36457e-08 8.21994e-08 11.0436)
(-1.43714e-09 -7.79065e-08 9.93524)
(1.93988e-08 -1.16468e-08 10.2918)
(4.97681e-09 1.08959e-07 10.61)
(-1.9906e-08 -7.24446e-08 9.25327)
(-2.24359e-08 3.38876e-09 9.72185)
(-4.69057e-08 1.37281e-07 10.1326)
(-4.03426e-08 -6.0379e-08 8.58559)
(-6.91859e-08 2.14911e-08 9.14783)
(-1.05337e-07 1.63996e-07 9.64167)
(-5.98083e-08 -4.32036e-08 7.9648)
(-1.13614e-07 4.00796e-08 8.59338)
(-1.63059e-07 1.85927e-07 9.14999)
(-7.66605e-08 -2.32079e-08 7.36278)
(-1.50758e-07 5.67924e-08 8.02429)
(-2.14291e-07 2.00328e-07 8.615)
(-9.0598e-08 -1.72347e-09 6.50723)
(-1.76849e-07 7.07188e-08 7.14725)
(-2.49338e-07 2.06287e-07 7.71298)
(9.23302e-09 -4.66689e-08 11.5819)
(3.22386e-08 -2.96567e-08 11.6426)
(3.8551e-08 9.10864e-09 11.7288)
(1.39077e-08 -6.61532e-08 11.4406)
(4.68548e-08 -3.6103e-08 11.5226)
(5.09453e-08 2.37345e-08 11.629)
(1.31366e-08 -8.23492e-08 11.0934)
(4.7651e-08 -3.86305e-08 11.2359)
(4.82236e-08 4.01785e-08 11.3942)
(5.45374e-09 -9.06459e-08 10.5717)
(3.2066e-08 -3.33006e-08 10.8119)
(2.85385e-08 6.38542e-08 11.0436)
(-8.9471e-09 -9.00785e-08 9.93524)
(5.6922e-10 -2.03071e-08 10.2918)
(-8.09983e-09 9.23407e-08 10.61)
(-2.80746e-08 -8.10673e-08 9.25327)
(-4.25427e-08 -1.02025e-09 9.72185)
(-5.75456e-08 1.23678e-07 10.1326)
(-4.9018e-08 -6.53446e-08 8.58559)
(-9.03216e-08 2.15709e-08 9.14783)
(-1.13978e-07 1.54567e-07 9.64167)
(-6.88175e-08 -4.50075e-08 7.9648)
(-1.35401e-07 4.41865e-08 8.59338)
(-1.70645e-07 1.81461e-07 9.14999)
(-8.55373e-08 -2.28348e-08 7.36278)
(-1.7203e-07 6.36213e-08 8.02429)
(-2.21588e-07 2.00639e-07 8.615)
(-9.7968e-08 -8.92851e-10 6.50723)
(-1.94237e-07 7.74318e-08 7.14725)
(-2.55453e-07 2.09268e-07 7.71298)
(6.21218e-09 -6.07464e-08 11.5819)
(2.35704e-08 -4.30368e-08 11.6426)
(2.63935e-08 -4.39647e-09 11.7288)
(9.95341e-09 -8.24834e-08 11.4406)
(3.61189e-08 -5.09532e-08 11.5226)
(3.7461e-08 8.91906e-09 11.629)
(8.19939e-09 -9.95621e-08 11.0934)
(3.48767e-08 -5.35584e-08 11.2359)
(3.40446e-08 2.46453e-08 11.3942)
(-4.19197e-10 -1.07567e-07 10.5717)
(1.75389e-08 -4.69295e-08 10.8119)
(1.45346e-08 4.85103e-08 11.0436)
(-1.55842e-08 -1.05656e-07 9.93524)
(-1.53588e-08 -3.15179e-08 10.2918)
(-2.11148e-08 7.81439e-08 10.61)
(-3.53268e-08 -9.42724e-08 9.25327)
(-5.9606e-08 -8.98207e-09 9.72185)
(-6.89069e-08 1.11469e-07 10.1326)
(-5.67691e-08 -7.53016e-08 8.58559)
(-1.08377e-07 1.75256e-08 9.14783)
(-1.23364e-07 1.45036e-07 9.64167)
(-7.6976e-08 -5.12759e-08 7.9648)
(-1.54435e-07 4.43342e-08 8.59338)
(-1.78118e-07 1.75328e-07 9.14999)
(-9.3928e-08 -2.5545e-08 7.36278)
(-1.91803e-07 6.76921e-08 8.02429)
(-2.27486e-07 1.98695e-07 8.615)
(-1.05895e-07 -1.13896e-09 6.50723)
(-2.13163e-07 8.39425e-08 7.14725)
(-2.60475e-07 2.11406e-07 7.71298)
(1.95546e-09 -6.31895e-08 11.5819)
(1.24382e-08 -4.62666e-08 11.6426)
(9.16546e-09 -5.86799e-09 11.7288)
(4.15244e-09 -8.46088e-08 11.4406)
(2.13639e-08 -5.31313e-08 11.5226)
(1.6889e-08 8.26018e-09 11.629)
(6.15109e-10 -1.00911e-07 11.0934)
(1.60772e-08 -5.39338e-08 11.2359)
(1.02668e-08 2.54453e-08 11.3942)
(-9.90986e-09 -1.08353e-07 10.5717)
(-5.40785e-09 -4.49436e-08 10.8119)
(-1.20051e-08 5.14567e-08 11.0436)
(-2.68202e-08 -1.06225e-07 9.93524)
(-4.21237e-08 -2.70134e-08 10.2918)
(-4.94285e-08 8.3692e-08 10.61)
(-4.79322e-08 -9.48936e-08 9.25327)
(-8.92696e-08 -2.32403e-09 9.72185)
(-9.73405e-08 1.19424e-07 10.1326)
(-7.01271e-08 -7.61682e-08 8.58559)
(-1.39393e-07 2.56572e-08 9.14783)
(-1.49811e-07 1.54435e-07 9.64167)
(-9.02741e-08 -5.22236e-08 7.9648)
(-1.84774e-07 5.32227e-08 8.59338)
(-2.00274e-07 1.84683e-07 9.14999)
(-1.0624e-07 -2.58306e-08 7.36278)
(-2.19336e-07 7.69385e-08 8.02429)
(-2.43535e-07 2.06431e-07 8.615)
(-1.16122e-07 -3.98066e-10 6.50723)
(-2.35693e-07 9.27036e-08 7.14725)
(-2.69337e-07 2.16413e-07 7.71298)
(-3.02612e-09 -6.67106e-08 11.5819)
(-1.37604e-09 -5.02915e-08 11.6426)
(-1.12134e-08 -1.14164e-08 11.7288)
(-2.54037e-09 -8.71382e-08 11.4406)
(3.31405e-09 -5.61787e-08 11.5226)
(-7.24926e-09 2.21257e-09 11.629)
(-7.86482e-09 -1.01587e-07 11.0934)
(-6.27652e-09 -5.48587e-08 11.2359)
(-1.6856e-08 1.99226e-08 11.3942)
(-2.01317e-08 -1.07017e-07 10.5717)
(-3.18351e-08 -4.29241e-08 10.8119)
(-4.10193e-08 4.73718e-08 11.0436)
(-3.84763e-08 -1.03178e-07 9.93524)
(-7.20081e-08 -2.17086e-08 10.2918)
(-7.8972e-08 8.20601e-08 10.61)
(-6.06092e-08 -9.07498e-08 9.25327)
(-1.2166e-07 5.98231e-09 9.72185)
(-1.25996e-07 1.20841e-07 10.1326)
(-8.33347e-08 -7.1716e-08 8.58559)
(-1.73033e-07 3.63148e-08 9.14783)
(-1.76386e-07 1.58963e-07 9.64167)
(-1.03472e-07 -4.82832e-08 7.9648)
(-2.18144e-07 6.51884e-08 8.59338)
(-2.23658e-07 1.91843e-07 9.14999)
(-1.18755e-07 -2.30353e-08 7.36278)
(-2.50487e-07 8.88691e-08 8.02429)
(-2.62286e-07 2.14986e-07 8.615)
(-1.26647e-07 9.98749e-10 6.50723)
(-2.61228e-07 1.02814e-07 7.14725)
(-2.8107e-07 2.23542e-07 7.71298)
(-5.86302e-09 -8.274e-08 11.5819)
(-1.01988e-08 -6.55432e-08 11.6426)
(-2.17464e-08 -3.0454e-08 11.7288)
(-6.07891e-09 -1.0431e-07 11.4406)
(-7.10696e-09 -7.30258e-08 11.5226)
(-1.8209e-08 -1.94613e-08 11.629)
(-1.18712e-08 -1.18125e-07 11.0934)
(-1.76375e-08 -7.16772e-08 11.2359)
(-2.67494e-08 -3.66888e-09 11.3942)
(-2.42525e-08 -1.21619e-07 10.5717)
(-4.31288e-08 -5.82999e-08 10.8119)
(-4.81628e-08 2.27544e-08 11.0436)
(-4.22806e-08 -1.14917e-07 9.93524)
(-8.24428e-08 -3.45915e-08 10.2918)
(-8.23472e-08 5.74782e-08 10.61)
(-6.40082e-08 -9.909e-08 9.25327)
(-1.31214e-07 -3.68897e-09 9.72185)
(-1.25635e-07 9.76838e-08 10.1326)
(-8.6609e-08 -7.66281e-08 8.58559)
(-1.82563e-07 3.05791e-08 9.14783)
(-1.73561e-07 1.39099e-07 9.64167)
(-1.07223e-07 -5.02486e-08 7.9648)
(-2.29197e-07 6.38321e-08 8.59338)
(-2.20586e-07 1.77271e-07 9.14999)
(-1.23583e-07 -2.28956e-08 7.36278)
(-2.64475e-07 9.18356e-08 8.02429)
(-2.61331e-07 2.07209e-07 8.615)
(-1.3257e-07 1.7436e-09 6.50723)
(-2.77863e-07 1.08791e-07 7.14725)
(-2.83317e-07 2.22543e-07 7.71298)
(-6.81972e-09 -9.93431e-08 11.5819)
(-1.37433e-08 -8.14904e-08 11.6426)
(-2.52301e-08 -4.7935e-08 11.7288)
(-7.1826e-09 -1.23424e-07 11.4406)
(-1.08833e-08 -9.11921e-08 11.5226)
(-2.09826e-08 -3.89173e-08 11.629)
(-1.28973e-08 -1.38287e-07 11.0934)
(-2.10295e-08 -9.07417e-08 11.2359)
(-2.79106e-08 -2.47323e-08 11.3942)
(-2.48824e-08 -1.41498e-07 10.5717)
(-4.53568e-08 -7.70656e-08 10.8119)
(-4.67691e-08 6.13177e-10 11.0436)
(-4.22673e-08 -1.33295e-07 9.93524)
(-8.30605e-08 -5.20739e-08 10.2918)
(-7.78747e-08 3.48451e-08 10.61)
(-6.33726e-08 -1.14823e-07 9.25327)
(-1.30394e-07 -1.89834e-08 9.72185)
(-1.1812e-07 7.53047e-08 10.1326)
(-8.56691e-08 -8.87602e-08 8.58559)
(-1.81231e-07 1.84733e-08 9.14783)
(-1.637e-07 1.17989e-07 9.64167)
(-1.06583e-07 -5.82718e-08 7.9648)
(-2.29051e-07 5.5858e-08 8.59338)
(-2.09769e-07 1.58977e-07 9.14999)
(-1.24062e-07 -2.68756e-08 7.36278)
(-2.67777e-07 8.88063e-08 8.02429)
(-2.51648e-07 1.93983e-07 8.615)
(-1.35086e-07 8.13994e-10 6.50723)
(-2.87089e-07 1.11067e-07 7.14725)
(-2.78364e-07 2.16806e-07 7.71298)
(-8.96291e-09 -1.07541e-07 11.5819)
(-1.94461e-08 -9.0101e-08 11.6426)
(-3.41912e-08 -5.55557e-08 11.7288)
(-1.02075e-08 -1.32736e-07 11.4406)
(-1.8705e-08 -1.00121e-07 11.5226)
(-3.19548e-08 -4.6697e-08 11.629)
(-1.68737e-08 -1.47912e-07 11.0934)
(-3.11617e-08 -9.89728e-08 11.2359)
(-4.07328e-08 -3.19823e-08 11.3942)
(-2.98263e-08 -1.51037e-07 10.5717)
(-5.77697e-08 -8.37632e-08 10.8119)
(-6.10482e-08 -5.31899e-09 11.0436)
(-4.79941e-08 -1.42423e-07 9.93524)
(-9.74356e-08 -5.67818e-08 10.2918)
(-9.27893e-08 3.07593e-08 10.61)
(-6.95636e-08 -1.23214e-07 9.25327)
(-1.45921e-07 -2.17752e-08 9.72185)
(-1.32221e-07 7.28985e-08 10.1326)
(-9.18075e-08 -9.61539e-08 8.58559)
(-1.96563e-07 1.7198e-08 9.14783)
(-1.75112e-07 1.16349e-07 9.64167)
(-1.12048e-07 -6.42032e-08 7.9648)
(-2.426e-07 5.56544e-08 8.59338)
(-2.1654e-07 1.568e-07 9.14999)
(-1.28359e-07 -3.04976e-08 7.36278)
(-2.78505e-07 8.97443e-08 8.02429)
(-2.52733e-07 1.90334e-07 8.615)
(-1.38274e-07 -1.37595e-10 6.50723)
(-2.9583e-07 1.13526e-07 7.14725)
(-2.75071e-07 2.12299e-07 7.71298)
(-1.3437e-08 -1.16836e-07 11.5819)
(-3.14546e-08 -9.96848e-08 11.6426)
(-5.19911e-08 -6.62022e-08 11.7288)
(-1.62541e-08 -1.40967e-07 11.4406)
(-3.45507e-08 -1.08542e-07 11.5226)
(-5.33265e-08 -5.75801e-08 11.629)
(-2.46607e-08 -1.53674e-07 11.0934)
(-5.11121e-08 -1.04517e-07 11.2359)
(-6.50438e-08 -4.17209e-08 11.3942)
(-3.94046e-08 -1.5386e-07 10.5717)
(-8.18414e-08 -8.52593e-08 10.8119)
(-8.7442e-08 -1.27026e-08 11.0436)
(-5.91336e-08 -1.42559e-07 9.93524)
(-1.25168e-07 -5.38885e-08 10.2918)
(-1.19951e-07 2.67851e-08 10.61)
(-8.17659e-08 -1.21428e-07 9.25327)
(-1.76121e-07 -1.50374e-08 9.72185)
(-1.58434e-07 7.2672e-08 10.1326)
(-1.04276e-07 -9.34806e-08 8.58559)
(-2.27285e-07 2.65612e-08 9.14783)
(-1.98593e-07 1.19228e-07 9.64167)
(-1.23764e-07 -6.16859e-08 7.9648)
(-2.71327e-07 6.58618e-08 8.59338)
(-2.35376e-07 1.61376e-07 9.14999)
(-1.3819e-07 -2.89132e-08 7.36278)
(-3.0243e-07 9.88356e-08 8.02429)
(-2.64825e-07 1.94571e-07 8.615)
(-1.44889e-07 3.66326e-10 6.50723)
(-3.1198e-07 1.19724e-07 7.14725)
(-2.78537e-07 2.1336e-07 7.71298)
(-1.70403e-08 -1.34403e-07 11.5819)
(-4.18733e-08 -1.17177e-07 11.6426)
(-6.51815e-08 -8.72022e-08 11.7288)
(-2.101e-08 -1.59209e-07 11.4406)
(-4.74542e-08 -1.27164e-07 11.5226)
(-6.78988e-08 -8.09208e-08 11.629)
(-3.05235e-08 -1.70446e-07 11.0934)
(-6.61587e-08 -1.22147e-07 11.2359)
(-7.96547e-08 -6.6207e-08 11.3942)
(-4.6226e-08 -1.678e-07 10.5717)
(-9.83532e-08 -1.00237e-07 10.8119)
(-1.00585e-07 -3.71457e-08 11.0436)
(-6.65754e-08 -1.52895e-07 9.93524)
(-1.42431e-07 -6.50179e-08 10.2918)
(-1.30417e-07 3.75678e-09 10.61)
(-8.95739e-08 -1.27942e-07 9.25327)
(-1.93663e-07 -2.17639e-08 9.72185)
(-1.65694e-07 5.24599e-08 10.1326)
(-1.12281e-07 -9.65371e-08 8.58559)
(-2.44986e-07 2.43905e-08 9.14783)
(-2.03052e-07 1.03133e-07 9.64167)
(-1.31824e-07 -6.21438e-08 7.9648)
(-2.89193e-07 6.78159e-08 8.59338)
(-2.38028e-07 1.50402e-07 9.14999)
(-1.45942e-07 -2.79001e-08 7.36278)
(-3.1993e-07 1.03786e-07 8.02429)
(-2.6657e-07 1.88841e-07 8.615)
(-1.51234e-07 1.2491e-09 6.50723)
(-3.26758e-07 1.2518e-07 7.14725)
(-2.79028e-07 2.11239e-07 7.71298)
(-1.82967e-08 -1.4735e-07 11.5819)
(-4.64092e-08 -1.31256e-07 11.6426)
(-7.00295e-08 -1.04465e-07 11.7288)
(-2.28518e-08 -1.75274e-07 11.4406)
(-5.30731e-08 -1.44497e-07 11.5226)
(-7.27124e-08 -1.01319e-07 11.629)
(-3.27678e-08 -1.8834e-07 11.0934)
(-7.22112e-08 -1.41409e-07 11.2359)
(-8.34138e-08 -8.9264e-08 11.3942)
(-4.86234e-08 -1.86211e-07 10.5717)
(-1.04037e-07 -1.20164e-07 10.8119)
(-1.0215e-07 -6.22007e-08 11.0436)
(-6.88712e-08 -1.70424e-07 9.93524)
(-1.47123e-07 -8.41746e-08 10.2918)
(-1.29051e-07 -2.22348e-08 10.61)
(-9.17264e-08 -1.43197e-07 9.25327)
(-1.97381e-07 -3.86903e-08 9.72185)
(-1.61324e-07 2.68548e-08 10.1326)
(-1.14503e-07 -1.08332e-07 8.58559)
(-2.48474e-07 1.12022e-08 9.14783)
(-1.96316e-07 7.95836e-08 9.64167)
(-1.34511e-07 -6.98357e-08 7.9648)
(-2.93813e-07 5.96006e-08 8.59338)
(-2.30229e-07 1.3086e-07 9.14999)
(-1.49458e-07 -3.15212e-08 7.36278)
(-3.27088e-07 1.01207e-07 8.02429)
(-2.59307e-07 1.75476e-07 8.615)
(-1.55491e-07 4.73482e-10 6.50723)
(-3.36915e-07 1.27541e-07 7.14725)
(-2.74567e-07 2.0529e-07 7.71298)
(-1.92835e-08 -1.48588e-07 11.5819)
(-4.95655e-08 -1.34942e-07 11.6426)
(-7.40472e-08 -1.10154e-07 11.7288)
(-2.43188e-08 -1.77609e-07 11.4406)
(-5.71875e-08 -1.49624e-07 11.5226)
(-7.70972e-08 -1.08519e-07 11.629)
(-3.45413e-08 -1.91695e-07 11.0934)
(-7.68189e-08 -1.47603e-07 11.2359)
(-8.75804e-08 -9.77273e-08 11.3942)
(-5.05341e-08 -1.90662e-07 10.5717)
(-1.08647e-07 -1.27299e-07 10.8119)
(-1.05463e-07 -7.18501e-08 11.0436)
(-7.07226e-08 -1.758e-07 9.93524)
(-1.51283e-07 -9.18288e-08 10.2918)
(-1.30883e-07 -3.27319e-08 10.61)
(-9.34152e-08 -1.49104e-07 9.25327)
(-2.00826e-07 -4.63666e-08 9.72185)
(-1.61095e-07 1.58024e-08 10.1326)
(-1.16057e-07 -1.14227e-07 8.58559)
(-2.51227e-07 4.1093e-09 9.14783)
(-1.93543e-07 6.82352e-08 9.64166)
(-1.36098e-07 -7.49221e-08 7.9648)
(-2.96234e-07 5.39509e-08 8.59338)
(-2.2474e-07 1.19548e-07 9.14999)
(-1.51368e-07 -3.46731e-08 7.36278)
(-3.30068e-07 9.82844e-08 8.02429)
(-2.51753e-07 1.6499e-07 8.61499)
(-1.58191e-07 -2.91932e-10 6.50723)
(-3.42339e-07 1.28345e-07 7.14725)
(-2.67355e-07 1.97498e-07 7.71298)
(-2.09764e-08 -1.48142e-07 11.5819)
(-5.48093e-08 -1.36629e-07 11.6426)
(-8.10551e-08 -1.15801e-07 11.7288)
(-2.63242e-08 -1.76362e-07 11.4406)
(-6.32456e-08 -1.5161e-07 11.5226)
(-8.45171e-08 -1.15794e-07 11.629)
(-3.65415e-08 -1.89497e-07 11.0934)
(-8.29015e-08 -1.49536e-07 11.2359)
(-9.43695e-08 -1.06222e-07 11.3942)
(-5.22586e-08 -1.87722e-07 10.5717)
(-1.14093e-07 -1.29187e-07 10.8119)
(-1.10615e-07 -8.15143e-08 11.0436)
(-7.18994e-08 -1.72514e-07 9.93524)
(-1.55473e-07 -9.36381e-08 10.2918)
(-1.33533e-07 -4.31732e-08 10.61)
(-9.39016e-08 -1.46006e-07 9.25327)
(-2.03416e-07 -4.81977e-08 9.72185)
(-1.60723e-07 4.89717e-09 10.1326)
(-1.15903e-07 -1.11792e-07 8.58559)
(-2.52248e-07 2.24492e-09 9.14783)
(-1.90037e-07 5.72408e-08 9.64166)
(-1.35581e-07 -7.34722e-08 7.9648)
(-2.96186e-07 5.2154e-08 8.59338)
(-2.18421e-07 1.08868e-07 9.14999)
(-1.50988e-07 -3.42716e-08 7.36278)
(-3.29965e-07 9.68896e-08 8.02429)
(-2.43249e-07 1.55197e-07 8.61499)
(-1.58632e-07 -5.29203e-10 6.50723)
(-3.43951e-07 1.28153e-07 7.14725)
(-2.58437e-07 1.89246e-07 7.71298)
(-2.10258e-08 -1.54217e-07 11.5819)
(-5.6336e-08 -1.43789e-07 11.6426)
(-8.15795e-08 -1.28276e-07 11.7288)
(-2.59079e-08 -1.83988e-07 11.4406)
(-6.37392e-08 -1.61556e-07 11.5226)
(-8.34175e-08 -1.31764e-07 11.629)
(-3.51746e-08 -1.98038e-07 11.0934)
(-8.10922e-08 -1.6177e-07 11.2359)
(-9.01209e-08 -1.25597e-07 11.3942)
(-4.94616e-08 -1.96432e-07 10.5717)
(-1.08769e-07 -1.43276e-07 10.8119)
(-1.0187e-07 -1.04259e-07 11.0436)
(-6.73509e-08 -1.80589e-07 9.93524)
(-1.45871e-07 -1.08874e-07 10.2918)
(-1.19574e-07 -6.88303e-08 10.61)
(-8.76286e-08 -1.52804e-07 9.25327)
(-1.89645e-07 -6.36642e-08 9.72185)
(-1.41838e-07 -2.26413e-08 10.1326)
(-1.08351e-07 -1.16926e-07 8.58559)
(-2.35499e-07 -1.23394e-08 9.14783)
(-1.67524e-07 2.94921e-08 9.64166)
(-1.27595e-07 -7.68895e-08 7.9648)
(-2.78625e-07 3.96226e-08 8.59338)
(-1.9447e-07 8.297e-08 9.14999)
(-1.43681e-07 -3.62023e-08 7.36278)
(-3.14389e-07 8.75012e-08 8.02429)
(-2.2059e-07 1.33297e-07 8.61499)
(-1.5344e-07 -1.64412e-09 6.50723)
(-3.33921e-07 1.22742e-07 7.14725)
(-2.40596e-07 1.73425e-07 7.71297)
(-1.891e-08 -1.58552e-07 11.5819)
(-5.20428e-08 -1.48878e-07 11.6426)
(-7.38938e-08 -1.36414e-07 11.7288)
(-2.27121e-08 -1.90883e-07 11.4406)
(-5.68974e-08 -1.6978e-07 11.5226)
(-7.26139e-08 -1.42456e-07 11.629)
(-3.04762e-08 -2.07317e-07 11.0934)
(-7.06833e-08 -1.73154e-07 11.2359)
(-7.55153e-08 -1.3937e-07 11.3942)
(-4.29068e-08 -2.07396e-07 10.5717)
(-9.40231e-08 -1.5777e-07 10.8119)
(-8.29607e-08 -1.21567e-07 11.0436)
(-5.88717e-08 -1.92223e-07 9.93524)
(-1.2652e-07 -1.25883e-07 10.2918)
(-9.64047e-08 -8.97805e-08 10.61)
(-7.74255e-08 -1.63978e-07 9.25327)
(-1.66193e-07 -8.20822e-08 9.72185)
(-1.15093e-07 -4.68101e-08 10.1326)
(-9.69552e-08 -1.2653e-07 8.58559)
(-2.09312e-07 -3.07705e-08 9.14783)
(-1.38313e-07 3.16661e-09 9.64166)
(-1.15823e-07 -8.41409e-08 7.9648)
(-2.51885e-07 2.27689e-08 8.59338)
(-1.64391e-07 5.62125e-08 9.14999)
(-1.32643e-07 -4.07905e-08 7.36278)
(-2.90085e-07 7.38626e-08 8.02429)
(-1.91766e-07 1.08722e-07 8.61499)
(-1.44898e-07 -3.94273e-09 6.50723)
(-3.1677e-07 1.1409e-07 7.14725)
(-2.17425e-07 1.54459e-07 7.71297)
(-1.61783e-08 -1.57734e-07 11.5819)
(-4.5318e-08 -1.4862e-07 11.6426)
(-6.39267e-08 -1.3639e-07 11.7288)
(-1.88645e-08 -1.91232e-07 11.4406)
(-4.76178e-08 -1.70828e-07 11.5226)
(-6.00642e-08 -1.42798e-07 11.629)
(-2.53004e-08 -2.09195e-07 11.0934)
(-5.8571e-08 -1.75932e-07 11.2359)
(-6.05825e-08 -1.40593e-07 11.3942)
(-3.63194e-08 -2.10783e-07 10.5717)
(-7.90437e-08 -1.62673e-07 10.8119)
(-6.59969e-08 -1.24191e-07 11.0436)
(-5.09639e-08 -1.96838e-07 9.93524)
(-1.08921e-07 -1.32931e-07 10.2918)
(-7.78971e-08 -9.44e-08 10.61)
(-6.83769e-08 -1.69411e-07 9.25327)
(-1.4635e-07 -9.10537e-08 9.72185)
(-9.53813e-08 -5.39844e-08 10.1326)
(-8.70105e-08 -1.32272e-07 8.58559)
(-1.87669e-07 -4.13234e-08 9.14783)
(-1.17344e-07 -7.07154e-09 9.64166)
(-1.05296e-07 -8.94889e-08 7.9648)
(-2.28963e-07 1.12965e-08 8.59338)
(-1.41909e-07 4.25458e-08 9.14999)
(-1.22036e-07 -4.47486e-08 7.36278)
(-2.67007e-07 6.27779e-08 8.02429)
(-1.67975e-07 9.1956e-08 8.61499)
(-1.35576e-07 -5.9608e-09 6.50723)
(-2.97216e-07 1.05291e-07 7.14725)
(-1.94868e-07 1.36836e-07 7.71297)
(-1.30517e-08 -1.60366e-07 11.5819)
(-3.77365e-08 -1.51002e-07 11.6426)
(-5.26937e-08 -1.40342e-07 11.7288)
(-1.45258e-08 -1.94953e-07 11.4406)
(-3.74969e-08 -1.74588e-07 11.5226)
(-4.64864e-08 -1.47686e-07 11.629)
(-1.95256e-08 -2.13902e-07 11.0934)
(-4.55907e-08 -1.81074e-07 11.2359)
(-4.46265e-08 -1.46582e-07 11.3942)
(-2.89543e-08 -2.15979e-07 10.5717)
(-6.31693e-08 -1.69147e-07 10.8119)
(-4.78494e-08 -1.31423e-07 11.0436)
(-4.20556e-08 -2.02052e-07 9.93524)
(-9.03937e-08 -1.40638e-07 10.2918)
(-5.79816e-08 -1.03034e-07 10.61)
(-5.81004e-08 -1.7432e-07 9.25327)
(-1.2563e-07 -9.97521e-08 9.72185)
(-7.4301e-08 -6.41315e-08 10.1326)
(-7.5692e-08 -1.36659e-07 8.58559)
(-1.65399e-07 -5.07427e-08 9.14783)
(-9.56991e-08 -1.87321e-08 9.64166)
(-9.34126e-08 -9.32613e-08 7.9648)
(-2.05946e-07 1.43106e-09 8.59338)
(-1.20179e-07 2.93875e-08 9.14998)
(-1.10247e-07 -4.78652e-08 7.36278)
(-2.44291e-07 5.28926e-08 8.02429)
(-1.46341e-07 7.75017e-08 8.61499)
(-1.25088e-07 -8.22584e-09 6.50723)
(-2.7723e-07 9.64262e-08 7.14725)
(-1.74455e-07 1.21557e-07 7.71297)
(-8.06708e-09 -1.69423e-07 11.5819)
(-2.53976e-08 -1.59171e-07 11.6426)
(-3.2859e-08 -1.51081e-07 11.7288)
(-7.70855e-09 -2.06027e-07 11.4406)
(-2.08313e-08 -1.85288e-07 11.5226)
(-2.20406e-08 -1.60294e-07 11.629)
(-1.04828e-08 -2.26453e-07 11.0934)
(-2.38273e-08 -1.94153e-07 11.2359)
(-1.51379e-08 -1.61557e-07 11.3942)
(-1.73883e-08 -2.29025e-07 10.5717)
(-3.58123e-08 -1.8448e-07 10.8119)
(-1.32474e-08 -1.49181e-07 11.0436)
(-2.79715e-08 -2.14626e-07 9.93524)
(-5.75676e-08 -1.5788e-07 10.2918)
(-1.89466e-08 -1.23919e-07 10.61)
(-4.18373e-08 -1.85603e-07 9.25327)
(-8.8347e-08 -1.18227e-07 9.72185)
(-3.24479e-08 -8.78448e-08 10.1326)
(-5.79994e-08 -1.46019e-07 8.58559)
(-1.25702e-07 -6.95045e-08 9.14783)
(-5.33687e-08 -4.42233e-08 9.64166)
(-7.53996e-08 -1.00356e-07 7.9648)
(-1.66693e-07 -1.64113e-08 8.59338)
(-8.02258e-08 3.73992e-09 9.14998)
(-9.32932e-08 -5.26905e-08 7.36278)
(-2.08811e-07 3.7277e-08 8.02429)
(-1.11664e-07 5.36566e-08 8.61499)
(-1.1117e-07 -1.11322e-08 6.50723)
(-2.49961e-07 8.44879e-08 7.14725)
(-1.48341e-07 1.01856e-07 7.71297)
(-2.15194e-09 -1.70273e-07 11.5819)
(-9.80143e-09 -1.60026e-07 11.6426)
(-9.05327e-09 -1.52046e-07 11.7288)
(9.49664e-11 -2.08268e-07 11.4406)
(-5.79276e-10 -1.87638e-07 11.5226)
(6.57071e-09 -1.61521e-07 11.629)
(-5.34507e-10 -2.3045e-07 11.0934)
(1.6955e-09 -1.98705e-07 11.2359)
(1.80457e-08 -1.64102e-07 11.3942)
(-5.14568e-09 -2.34594e-07 10.5717)
(-4.83181e-09 -1.91911e-07 10.8119)
(2.38604e-08 -1.54195e-07 11.0436)
(-1.36232e-08 -2.21393e-07 9.93524)
(-2.14545e-08 -1.68508e-07 10.2918)
(2.10058e-08 -1.32561e-07 10.61)
(-2.5723e-08 -1.93065e-07 9.25327)
(-4.80368e-08 -1.31819e-07 9.72185)
(8.94667e-09 -1.00819e-07 10.1326)
(-4.06567e-08 -1.5345e-07 8.58559)
(-8.28254e-08 -8.54541e-08 9.14783)
(-1.19576e-08 -6.15536e-08 9.64166)
(-5.7554e-08 -1.06975e-07 7.9648)
(-1.23614e-07 -3.35519e-08 8.59338)
(-4.04268e-08 -1.71481e-08 9.14998)
(-7.59937e-08 -5.7891e-08 7.36278)
(-1.6881e-07 2.06707e-08 8.02429)
(-7.54853e-08 3.13199e-08 8.61499)
(-9.64342e-08 -1.44559e-08 6.50723)
(-2.18697e-07 7.11025e-08 7.14725)
(-1.20066e-07 8.18524e-08 7.71297)
(2.16746e-09 -1.57648e-07 11.5819)
(2.77924e-09 -1.48323e-07 11.6426)
(8.17167e-09 -1.37772e-07 11.7288)
(5.50639e-09 -1.94541e-07 11.4406)
(1.46382e-08 -1.74659e-07 11.5226)
(2.56897e-08 -1.45154e-07 11.629)
(5.94331e-09 -2.17049e-07 11.0934)
(1.94077e-08 -1.85929e-07 11.2359)
(3.80452e-08 -1.46519e-07 11.3942)
(2.25407e-09 -2.2265e-07 10.5717)
(1.49297e-08 -1.80777e-07 10.8119)
(4.34622e-08 -1.36589e-07 11.0436)
(-5.54811e-09 -2.11801e-07 9.93524)
(-9.28981e-11 -1.60255e-07 10.2918)
(3.93013e-08 -1.16472e-07 10.61)
(-1.706e-08 -1.86504e-07 9.25327)
(-2.5137e-08 -1.2742e-07 9.72185)
(2.58479e-08 -8.80144e-08 10.1326)
(-3.12669e-08 -1.50235e-07 8.58559)
(-5.80118e-08 -8.5741e-08 9.14783)
(4.51352e-09 -5.39539e-08 9.64166)
(-4.71363e-08 -1.06743e-07 7.9648)
(-9.62929e-08 -3.88163e-08 8.59338)
(-2.27517e-08 -1.66383e-08 9.14998)
(-6.43603e-08 -5.94991e-08 7.36278)
(-1.39044e-07 1.12449e-08 8.02429)
(-5.53071e-08 2.36525e-08 8.61499)
(-8.43664e-08 -1.64094e-08 6.50723)
(-1.89652e-07 5.9812e-08 7.14725)
(-9.83565e-08 6.74077e-08 7.71297)
(4.57542e-09 -1.45299e-07 11.5819)
(1.01663e-08 -1.35864e-07 11.6426)
(1.82197e-08 -1.24045e-07 11.7288)
(8.62987e-09 -1.78781e-07 11.4406)
(2.34811e-08 -1.59141e-07 11.5226)
(3.63708e-08 -1.28937e-07 11.629)
(9.73397e-09 -1.98917e-07 11.0934)
(2.943e-08 -1.68473e-07 11.2359)
(4.85043e-08 -1.28247e-07 11.3942)
(6.60408e-09 -2.03335e-07 10.5717)
(2.5602e-08 -1.62664e-07 10.8119)
(5.2671e-08 -1.1707e-07 11.0436)
(-8.04569e-10 -1.92812e-07 9.93524)
(1.08442e-08 -1.42993e-07 10.2918)
(4.65566e-08 -9.68033e-08 10.61)
(-1.19484e-08 -1.69514e-07 9.25327)
(-1.3888e-08 -1.12547e-07 9.72185)
(3.10273e-08 -6.957e-08 10.1326)
(-2.56672e-08 -1.36705e-07 8.58559)
(-4.58613e-08 -7.48155e-08 9.14783)
(8.27019e-09 -3.83558e-08 9.64166)
(-4.08005e-08 -9.76912e-08 7.9648)
(-8.21952e-08 -3.32349e-08 8.59338)
(-1.89905e-08 -5.87296e-09 9.14998)
(-5.6981e-08 -5.53254e-08 7.36278)
(-1.21779e-07 1.0544e-08 8.02429)
(-4.92307e-08 2.74448e-08 8.61499)
(-7.58052e-08 -1.63149e-08 6.50723)
(-1.68842e-07 5.30984e-08 7.14725)
(-8.74056e-08 6.20897e-08 7.71297)
(7.80588e-09 -1.41199e-07 11.5819)
(1.91162e-08 -1.3037e-07 11.6426)
(3.24481e-08 -1.18453e-07 11.7288)
(1.30909e-08 -1.72716e-07 11.4406)
(3.52513e-08 -1.5222e-07 11.5226)
(5.32733e-08 -1.22181e-07 11.629)
(1.55343e-08 -1.91251e-07 11.0934)
(4.41098e-08 -1.60902e-07 11.2359)
(6.76713e-08 -1.21041e-07 11.3942)
(1.38339e-08 -1.94433e-07 10.5717)
(4.31231e-08 -1.5528e-07 10.8119)
(7.34354e-08 -1.10218e-07 11.0436)
(7.76782e-09 -1.83292e-07 9.93524)
(3.08949e-08 -1.36697e-07 10.2918)
(6.79683e-08 -9.1225e-08 10.61)
(-2.26499e-09 -1.60194e-07 9.25327)
(8.06205e-09 -1.08007e-07 9.72185)
(5.17894e-08 -6.57701e-08 10.1326)
(-1.52991e-08 -1.28458e-07 8.58559)
(-2.29964e-08 -7.2537e-08 9.14783)
(2.69762e-08 -3.63387e-08 9.64166)
(-3.03159e-08 -9.13629e-08 7.9648)
(-5.95284e-08 -3.35603e-08 8.59338)
(-3.59951e-09 -5.50787e-09 9.14998)
(-4.69337e-08 -5.16414e-08 7.36278)
(-1.00096e-07 7.31106e-09 8.02429)
(-3.75994e-08 2.59294e-08 8.61499)
(-6.66793e-08 -1.57234e-08 6.50723)
(-1.48351e-07 4.66592e-08 7.14725)
(-7.8148e-08 5.75953e-08 7.71297)
(1.16722e-08 -1.32484e-07 11.5819)
(2.99806e-08 -1.2084e-07 11.6426)
(4.83895e-08 -1.06639e-07 11.7288)
(1.81953e-08 -1.63713e-07 11.4406)
(4.90999e-08 -1.42147e-07 11.5226)
(7.20096e-08 -1.08887e-07 11.629)
(2.1849e-08 -1.82983e-07 11.0934)
(6.08502e-08 -1.51617e-07 11.2359)
(8.83041e-08 -1.07441e-07 11.3942)
(2.13025e-08 -1.87384e-07 10.5717)
(6.23977e-08 -1.47827e-07 10.8119)
(9.47969e-08 -9.74527e-08 11.0436)
(1.6119e-08 -1.77683e-07 9.93524)
(5.21492e-08 -1.31864e-07 10.2918)
(8.88149e-08 -8.04738e-08 10.61)
(6.71197e-09 -1.56019e-07 9.25327)
(3.06241e-08 -1.06019e-07 9.72185)
(7.0942e-08 -5.7896e-08 10.1326)
(-5.95109e-09 -1.25516e-07 8.58559)
(9.94263e-11 -7.33222e-08 9.14783)
(4.35605e-08 -3.17729e-08 9.64166)
(-2.0828e-08 -8.94946e-08 7.9648)
(-3.67633e-08 -3.67903e-08 8.59338)
(9.87076e-09 -4.10675e-09 9.14998)
(-3.75971e-08 -5.08292e-08 7.36278)
(-7.85559e-08 2.08065e-09 8.02429)
(-2.73612e-08 2.49318e-08 8.61499)
(-5.81016e-08 -1.60071e-08 6.50723)
(-1.29198e-07 4.01074e-08 7.14725)
(-7.11457e-08 5.4996e-08 7.71297)
(1.33913e-08 -1.14425e-07 11.5819)
(3.61846e-08 -1.02747e-07 11.6426)
(5.58616e-08 -8.39215e-08 11.7288)
(2.02645e-08 -1.43037e-07 11.4406)
(5.62666e-08 -1.20882e-07 11.5226)
(7.9802e-08 -8.24605e-08 11.629)
(2.38859e-08 -1.61433e-07 11.0934)
(6.80468e-08 -1.28897e-07 11.2359)
(9.49278e-08 -7.81465e-08 11.3942)
(2.28133e-08 -1.66588e-07 10.5717)
(6.85036e-08 -1.25179e-07 10.8119)
(9.86436e-08 -6.63044e-08 11.0436)
(1.66812e-08 -1.59062e-07 9.93524)
(5.63345e-08 -1.10742e-07 10.2918)
(8.87783e-08 -4.88998e-08 10.61)
(6.26891e-09 -1.40676e-07 9.25327)
(3.28796e-08 -8.77824e-08 9.72185)
(6.69449e-08 -2.77034e-08 10.1326)
(-6.94829e-09 -1.14171e-07 8.58559)
(1.48309e-09 -5.9306e-08 9.14783)
(3.6751e-08 -5.14203e-09 9.64166)
(-2.14627e-08 -8.23049e-08 7.9648)
(-3.42699e-08 -2.80315e-08 8.59338)
(2.40475e-09 1.66509e-08 9.14998)
(-3.67408e-08 -4.72051e-08 7.36278)
(-7.27242e-08 5.20586e-09 8.02428)
(-3.30767e-08 3.78187e-08 8.61499)
(-5.49387e-08 -1.48835e-08 6.50723)
(-1.18764e-07 3.79685e-08 7.14725)
(-7.28776e-08 5.9231e-08 7.71297)
(1.2928e-08 -1.00762e-07 11.5819)
(3.62083e-08 -8.84779e-08 11.6426)
(5.49282e-08 -6.75648e-08 11.7288)
(1.94725e-08 -1.25509e-07 11.4406)
(5.54716e-08 -1.02739e-07 11.5226)
(7.7508e-08 -6.30728e-08 11.629)
(2.23159e-08 -1.41001e-07 11.0934)
(6.53833e-08 -1.07706e-07 11.2359)
(9.02068e-08 -5.57459e-08 11.3942)
(1.99712e-08 -1.44527e-07 10.5717)
(6.28165e-08 -1.0177e-07 10.8119)
(9.04022e-08 -4.11199e-08 11.0436)
(1.22324e-08 -1.36972e-07 9.93524)
(4.69199e-08 -8.63105e-08 10.2918)
(7.63914e-08 -2.1438e-08 10.61)
(2.40424e-10 -1.20245e-07 9.25327)
(1.99058e-08 -6.37921e-08 9.72185)
(5.05363e-08 1.08949e-09 10.1326)
(-1.40681e-08 -9.69238e-08 8.58559)
(-1.37213e-08 -3.74559e-08 9.14783)
(1.72742e-08 2.3551e-08 9.64166)
(-2.87269e-08 -6.94691e-08 7.9648)
(-4.92551e-08 -1.02611e-08 8.59338)
(-1.83015e-08 4.31481e-08 9.14998)
(-4.27879e-08 -3.95833e-08 7.36278)
(-8.40578e-08 1.68464e-08 8.02428)
(-5.21025e-08 5.92718e-08 8.61499)
(-5.78094e-08 -1.21699e-08 6.50723)
(-1.21781e-07 4.17958e-08 7.14725)
(-8.54638e-08 7.18655e-08 7.71297)
(1.33248e-08 -9.81795e-08 11.5819)
(3.76388e-08 -8.4981e-08 11.6426)
(5.77188e-08 -6.46489e-08 11.7288)
(1.97191e-08 -1.22031e-07 11.4406)
(5.66135e-08 -9.85853e-08 11.5226)
(7.99462e-08 -6.00098e-08 11.629)
(2.21837e-08 -1.36703e-07 11.0934)
(6.57071e-08 -1.02967e-07 11.2359)
(9.19202e-08 -5.24333e-08 11.3942)
(1.9278e-08 -1.39488e-07 10.5717)
(6.19123e-08 -9.64082e-08 10.8119)
(9.09993e-08 -3.74108e-08 11.0436)
(1.08688e-08 -1.31335e-07 9.93524)
(4.44747e-08 -8.03332e-08 10.2918)
(7.54809e-08 -1.70767e-08 10.61)
(-1.87315e-09 -1.1422e-07 9.25327)
(1.56831e-08 -5.71951e-08 9.72185)
(4.75861e-08 6.65142e-09 10.1326)
(-1.69849e-08 -9.0864e-08 8.58559)
(-1.98564e-08 -3.03036e-08 9.14783)
(1.15765e-08 3.09878e-08 9.64166)
(-3.2421e-08 -6.3921e-08 7.9648)
(-5.7118e-08 -2.90803e-09 8.59338)
(-2.73769e-08 5.28868e-08 9.14998)
(-4.69327e-08 -3.53286e-08 7.36278)
(-9.25512e-08 2.34065e-08 8.02428)
(-6.44992e-08 7.07235e-08 8.61499)
(-6.12047e-08 -1.00709e-08 6.50723)
(-1.27358e-07 4.55547e-08 7.14725)
(-9.82753e-08 8.27671e-08 7.71297)
(1.44414e-08 -9.09646e-08 11.5819)
(4.12176e-08 -7.82311e-08 11.6426)
(6.30657e-08 -5.70643e-08 11.7288)
(2.07035e-08 -1.14487e-07 11.4406)
(6.00854e-08 -9.14175e-08 11.5226)
(8.51452e-08 -5.17776e-08 11.629)
(2.27959e-08 -1.29581e-07 11.0934)
(6.86201e-08 -9.60279e-08 11.2359)
(9.62434e-08 -4.39029e-08 11.3942)
(1.93289e-08 -1.33331e-07 10.5717)
(6.38385e-08 -9.016e-08 10.8119)
(9.36989e-08 -2.9e-08 11.0436)
(1.01686e-08 -1.26409e-07 9.93524)
(4.50499e-08 -7.50083e-08 10.2918)
(7.59451e-08 -9.01277e-09 10.61)
(-3.43697e-09 -1.10465e-07 9.25327)
(1.45923e-08 -5.26633e-08 9.72185)
(4.53785e-08 1.43967e-08 10.1326)
(-1.94643e-08 -8.79802e-08 8.58559)
(-2.28763e-08 -2.62273e-08 9.14783)
(6.46849e-09 3.87092e-08 9.64166)
(-3.57853e-08 -6.16077e-08 7.9648)
(-6.22474e-08 1.10766e-09 8.59338)
(-3.54571e-08 6.11647e-08 9.14998)
(-5.10441e-08 -3.35187e-08 7.36278)
(-9.96488e-08 2.74831e-08 8.02428)
(-7.54274e-08 8.02242e-08 8.61499)
(-6.55105e-08 -8.83294e-09 6.50723)
(-1.34882e-07 4.92984e-08 7.14725)
(-1.11061e-07 9.35854e-08 7.71297)
(1.44232e-08 -7.22166e-08 11.5819)
(4.25209e-08 -6.1249e-08 11.6426)
(6.37469e-08 -3.76652e-08 11.7288)
(2.00459e-08 -9.3011e-08 11.4406)
(6.00321e-08 -7.17062e-08 11.5226)
(8.40411e-08 -2.98078e-08 11.629)
(2.11011e-08 -1.07098e-07 11.0934)
(6.63694e-08 -7.49373e-08 11.2359)
(9.22002e-08 -1.97113e-08 11.3942)
(1.62076e-08 -1.117e-07 10.5717)
(5.85739e-08 -6.89758e-08 10.8119)
(8.55911e-08 -3.28979e-09 11.0436)
(5.37574e-09 -1.07188e-07 9.93524)
(3.63089e-08 -5.48556e-08 10.2918)
(6.32886e-08 1.7536e-08 10.61)
(-9.87509e-09 -9.47574e-08 9.25327)
(2.57142e-09 -3.4507e-08 9.72185)
(2.85796e-08 4.08763e-08 10.1326)
(-2.71886e-08 -7.64063e-08 8.58559)
(-3.72415e-08 -1.08746e-08 9.14783)
(-1.31941e-08 6.38657e-08 9.64166)
(-4.41267e-08 -5.40882e-08 7.9648)
(-7.73811e-08 1.32029e-08 8.59338)
(-5.60514e-08 8.3581e-08 9.14998)
(-5.91499e-08 -2.92302e-08 7.36278)
(-1.13749e-07 3.63484e-08 8.02428)
(-9.5062e-08 9.85295e-08 8.61499)
(-7.23743e-08 -6.54138e-09 6.50723)
(-1.45945e-07 5.52046e-08 7.14725)
(-1.27493e-07 1.07251e-07 7.71297)
(1.3813e-08 -5.67726e-08 11.5819)
(4.14447e-08 -4.68412e-08 11.6426)
(6.16926e-08 -2.38896e-08 11.7288)
(1.88512e-08 -7.46709e-08 11.4406)
(5.73938e-08 -5.49969e-08 11.5226)
(8.00364e-08 -1.49002e-08 11.629)
(1.91367e-08 -8.70999e-08 11.0934)
(6.16673e-08 -5.68767e-08 11.2359)
(8.56899e-08 -3.66431e-09 11.3942)
(1.32836e-08 -9.13797e-08 10.5717)
(5.13228e-08 -5.04542e-08 10.8119)
(7.61184e-08 1.36845e-08 11.0436)
(1.40842e-09 -8.78691e-08 9.93524)
(2.63211e-08 -3.66657e-08 10.2918)
(5.07049e-08 3.54187e-08 10.61)
(-1.48755e-08 -7.76449e-08 9.25327)
(-1.00389e-08 -1.73725e-08 9.72185)
(1.29941e-08 5.95385e-08 10.1326)
(-3.31258e-08 -6.23999e-08 8.58559)
(-5.19933e-08 4.60712e-09 9.14783)
(-3.14727e-08 8.30672e-08 9.64166)
(-5.08376e-08 -4.38089e-08 7.9648)
(-9.34546e-08 2.64397e-08 8.59338)
(-7.63672e-08 1.02813e-07 9.14998)
(-6.63163e-08 -2.30606e-08 7.36278)
(-1.29815e-07 4.66218e-08 8.02428)
(-1.16059e-07 1.16765e-07 8.61499)
(-7.90837e-08 -3.9092e-09 6.50723)
(-1.59247e-07 6.19885e-08 7.14725)
(-1.46064e-07 1.22509e-07 7.71297)
(1.50678e-08 -5.48784e-08 11.5819)
(4.44733e-08 -4.4506e-08 11.6426)
(6.78632e-08 -2.4061e-08 11.7288)
(2.05876e-08 -7.21226e-08 11.4406)
(6.15118e-08 -5.29224e-08 11.5226)
(8.75423e-08 -1.59704e-08 11.629)
(2.15296e-08 -8.418e-08 11.0934)
(6.71197e-08 -5.54614e-08 11.2359)
(9.47058e-08 -5.89291e-09 11.3942)
(1.64945e-08 -8.82193e-08 10.5717)
(5.8375e-08 -5.00168e-08 10.8119)
(8.67406e-08 1.00519e-08 11.0436)
(5.49023e-09 -8.4535e-08 9.93524)
(3.49433e-08 -3.72199e-08 10.2918)
(6.25299e-08 3.04496e-08 10.61)
(-1.01718e-08 -7.41848e-08 9.25327)
(-5.56485e-10 -1.86039e-08 9.72185)
(2.48112e-08 5.39442e-08 10.1326)
(-2.84425e-08 -5.887e-08 8.58559)
(-4.31845e-08 3.35971e-09 9.14783)
(-2.16884e-08 7.82642e-08 9.64166)
(-4.71765e-08 -4.04313e-08 7.9648)
(-8.74434e-08 2.6004e-08 8.59338)
(-7.11307e-08 1.00656e-07 9.14998)
(-6.47726e-08 -2.03535e-08 7.36278)
(-1.28619e-07 4.75486e-08 8.02428)
(-1.17719e-07 1.18845e-07 8.61499)
(-8.04002e-08 -2.34194e-09 6.50723)
(-1.63439e-07 6.43891e-08 7.14725)
(-1.55062e-07 1.29595e-07 7.71297)
(1.73525e-08 -5.39087e-08 11.5819)
(5.05537e-08 -4.32601e-08 11.6426)
(7.75876e-08 -2.28544e-08 11.7288)
(2.38248e-08 -7.18245e-08 11.4406)
(6.99098e-08 -5.2497e-08 11.5226)
(9.96418e-08 -1.49673e-08 11.629)
(2.58797e-08 -8.50177e-08 11.0934)
(7.81365e-08 -5.64739e-08 11.2359)
(1.0897e-07 -5.75153e-09 11.3942)
(2.20661e-08 -9.02199e-08 10.5717)
(7.20813e-08 -5.2919e-08 10.8119)
(1.02729e-07 8.74099e-09 11.0436)
(1.21519e-08 -8.74204e-08 9.93524)
(5.10435e-08 -4.20832e-08 10.2918)
(7.94827e-08 2.72521e-08 10.61)
(-2.72516e-09 -7.74316e-08 9.25327)
(1.71142e-08 -2.49645e-08 9.72185)
(4.16235e-08 4.8875e-08 10.1326)
(-2.07528e-08 -6.18124e-08 8.58559)
(-2.53804e-08 -3.67994e-09 9.14783)
(-6.34232e-09 7.19493e-08 9.64166)
(-4.00141e-08 -4.25302e-08 7.9648)
(-7.15564e-08 1.94479e-08 8.59338)
(-5.89156e-08 9.44899e-08 9.14998)
(-5.92031e-08 -2.14761e-08 7.36278)
(-1.17302e-07 4.27261e-08 8.02428)
(-1.10758e-07 1.15096e-07 8.61499)
(-7.79381e-08 -2.45111e-09 6.50723)
(-1.59899e-07 6.29696e-08 7.14725)
(-1.56328e-07 1.31387e-07 7.71297)
(1.79052e-08 -4.79141e-08 11.5819)
(5.28406e-08 -3.77038e-08 11.6426)
(7.94766e-08 -1.50769e-08 11.7288)
(2.46566e-08 -6.58661e-08 11.4406)
(7.28104e-08 -4.65385e-08 11.5226)
(1.01345e-07 -6.07974e-09 11.629)
(2.69037e-08 -7.99147e-08 11.0934)
(8.13598e-08 -5.08305e-08 11.2359)
(1.09874e-07 4.07418e-09 11.3942)
(2.30851e-08 -8.65334e-08 10.5717)
(7.51795e-08 -4.80793e-08 10.8119)
(1.02116e-07 1.93171e-08 11.0436)
(1.29821e-08 -8.53385e-08 9.93524)
(5.36568e-08 -3.83348e-08 10.2918)
(7.69852e-08 3.82164e-08 10.61)
(-2.11366e-09 -7.68647e-08 9.25327)
(1.9307e-08 -2.25478e-08 9.72185)
(3.75654e-08 5.95567e-08 10.1326)
(-2.01469e-08 -6.2538e-08 8.58559)
(-2.30267e-08 -2.85973e-09 9.14783)
(-1.09228e-08 8.13259e-08 9.64166)
(-3.90126e-08 -4.40147e-08 7.9648)
(-6.81362e-08 1.86129e-08 8.59338)
(-6.26361e-08 1.01389e-07 9.14998)
(-5.75111e-08 -2.28427e-08 7.36278)
(-1.12426e-07 4.07379e-08 8.02428)
(-1.12928e-07 1.18755e-07 8.61499)
(-7.59968e-08 -2.72385e-09 6.50723)
(-1.55175e-07 6.12612e-08 7.14725)
(-1.57888e-07 1.3312e-07 7.71297)
(1.65357e-08 -4.88782e-08 11.5819)
(4.95262e-08 -3.85015e-08 11.6426)
(7.37448e-08 -1.60683e-08 11.7288)
(2.30981e-08 -6.60307e-08 11.4406)
(6.88054e-08 -4.65959e-08 11.5226)
(9.41489e-08 -6.8283e-09 11.629)
(2.51209e-08 -7.9132e-08 11.0934)
(7.64795e-08 -4.98488e-08 11.2359)
(1.01165e-07 4.19088e-09 11.3942)
(2.09904e-08 -8.47943e-08 10.5717)
(6.91503e-08 -4.58245e-08 10.8119)
(9.18593e-08 2.09193e-08 11.0436)
(1.05413e-08 -8.28411e-08 9.93524)
(4.64147e-08 -3.47942e-08 10.2918)
(6.53923e-08 4.18275e-08 10.61)
(-4.80228e-09 -7.39995e-08 9.25327)
(1.11847e-08 -1.8025e-08 9.72185)
(2.51447e-08 6.53017e-08 10.1326)
(-2.28333e-08 -5.97557e-08 8.58559)
(-3.11968e-08 2.0432e-09 9.14783)
(-2.34337e-08 8.87884e-08 9.64166)
(-4.13118e-08 -4.17963e-08 7.9648)
(-7.51179e-08 2.30019e-08 8.59338)
(-7.4245e-08 1.09571e-07 9.14998)
(-5.89746e-08 -2.17188e-08 7.36278)
(-1.16805e-07 4.34735e-08 8.02428)
(-1.22329e-07 1.2612e-07 8.61499)
(-7.61293e-08 -2.44954e-09 6.50723)
(-1.5563e-07 6.18125e-08 7.14725)
(-1.63496e-07 1.37884e-07 7.71297)
(1.65888e-08 -6.15303e-08 11.5819)
(4.91691e-08 -5.04832e-08 11.6426)
(7.43303e-08 -3.02985e-08 11.7288)
(2.34549e-08 -8.01415e-08 11.4406)
(6.91159e-08 -6.0444e-08 11.5226)
(9.5245e-08 -2.30109e-08 11.629)
(2.60288e-08 -9.35998e-08 11.0934)
(7.791e-08 -6.46052e-08 11.2359)
(1.03386e-07 -1.34472e-08 11.3942)
(2.27198e-08 -9.8528e-08 10.5717)
(7.22467e-08 -6.06136e-08 10.8119)
(9.58106e-08 2.52871e-09 11.0436)
(1.32896e-08 -9.487e-08 9.93524)
(5.14899e-08 -4.87622e-08 10.2918)
(7.1296e-08 2.35224e-08 10.61)
(-1.08921e-09 -8.36138e-08 9.25327)
(1.80298e-08 -3.03645e-08 9.72185)
(3.25447e-08 4.8244e-08 10.1326)
(-1.85211e-08 -6.65725e-08 8.58559)
(-2.34348e-08 -7.90089e-09 9.14783)
(-1.57411e-08 7.43899e-08 9.64166)
(-3.70362e-08 -4.58442e-08 7.9648)
(-6.7748e-08 1.59761e-08 8.59338)
(-6.79572e-08 9.92392e-08 9.14998)
(-5.54271e-08 -2.3594e-08 7.36278)
(-1.11028e-07 3.92817e-08 8.02429)
(-1.19103e-07 1.20606e-07 8.61499)
(-7.37491e-08 -3.00014e-09 6.50723)
(-1.51692e-07 5.9772e-08 7.14725)
(-1.63689e-07 1.37081e-07 7.71297)
(1.84243e-08 -6.8388e-08 11.5819)
(5.36381e-08 -5.79277e-08 11.6426)
(8.07505e-08 -3.80755e-08 11.7288)
(2.5763e-08 -9.00533e-08 11.4406)
(7.47501e-08 -7.07445e-08 11.5226)
(1.02547e-07 -3.24909e-08 11.629)
(2.90462e-08 -1.06266e-07 11.0934)
(8.52183e-08 -7.75327e-08 11.2359)
(1.11642e-07 -2.47556e-08 11.3942)
(2.67119e-08 -1.13095e-07 10.5717)
(8.17226e-08 -7.57914e-08 10.8119)
(1.05103e-07 -1.05817e-08 11.0436)
(1.83581e-08 -1.10113e-07 9.93524)
(6.33849e-08 -6.54228e-08 10.2918)
(8.15659e-08 8.8829e-09 10.61)
(4.99294e-09 -9.81454e-08 9.25327)
(3.21219e-08 -4.73394e-08 9.72185)
(4.34703e-08 3.26848e-08 10.1326)
(-1.1723e-08 -7.90271e-08 8.58559)
(-7.98843e-09 -2.38413e-08 9.14783)
(-4.70265e-09 5.8956e-08 9.64166)
(-3.00522e-08 -5.51621e-08 7.9648)
(-5.24107e-08 2.48986e-09 8.59338)
(-5.76721e-08 8.54784e-08 9.14998)
(-4.90381e-08 -2.93499e-08 7.36278)
(-9.7775e-08 2.94459e-08 8.02429)
(-1.1087e-07 1.10527e-07 8.61499)
(-6.90724e-08 -5.29688e-09 6.50723)
(-1.42914e-07 5.46255e-08 7.14725)
(-1.59677e-07 1.32973e-07 7.71297)
(1.94098e-08 -6.24868e-08 11.5819)
(5.68485e-08 -5.34212e-08 11.6426)
(8.3723e-08 -3.13456e-08 11.7288)
(2.67334e-08 -8.42199e-08 11.4406)
(7.7937e-08 -6.60178e-08 11.5226)
(1.04815e-07 -2.47432e-08 11.629)
(2.99207e-08 -1.01212e-07 11.0934)
(8.81737e-08 -7.3202e-08 11.2359)
(1.12599e-07 -1.62069e-08 11.3942)
(2.73919e-08 -1.09415e-07 10.5717)
(8.42624e-08 -7.24042e-08 10.8119)
(1.04213e-07 -1.58314e-09 11.0436)
(1.87903e-08 -1.08137e-07 9.93524)
(6.54787e-08 -6.33439e-08 10.2918)
(7.86987e-08 1.78418e-08 10.61)
(5.28029e-09 -9.79628e-08 9.25327)
(3.41156e-08 -4.68638e-08 9.72185)
(3.91589e-08 4.08748e-08 10.1326)
(-1.12732e-08 -8.05148e-08 8.58559)
(-5.34374e-09 -2.52315e-08 9.14783)
(-9.22183e-09 6.54132e-08 9.64166)
(-2.89775e-08 -5.77322e-08 7.9648)
(-4.81034e-08 -6.66361e-10 8.59338)
(-6.07743e-08 8.91981e-08 9.14998)
(-4.69516e-08 -3.18981e-08 7.36278)
(-9.12338e-08 2.52589e-08 8.02429)
(-1.11465e-07 1.10909e-07 8.61499)
(-6.61932e-08 -6.52733e-09 6.50723)
(-1.35271e-07 5.08886e-08 7.14725)
(-1.58022e-07 1.31179e-07 7.71297)
(1.94014e-08 -5.89046e-08 11.5819)
(5.70063e-08 -4.98732e-08 11.6426)
(8.31361e-08 -2.74119e-08 11.7288)
(2.66096e-08 -7.88689e-08 11.4406)
(7.7644e-08 -6.10219e-08 11.5226)
(1.03418e-07 -1.98167e-08 11.629)
(2.95886e-08 -9.42621e-08 11.0934)
(8.71758e-08 -6.69314e-08 11.2359)
(1.10118e-07 -1.01898e-08 11.3942)
(2.67688e-08 -1.01232e-07 10.5717)
(8.23142e-08 -6.51529e-08 10.8119)
(1.00454e-07 5.53776e-09 11.0436)
(1.7827e-08 -9.94248e-08 9.93524)
(6.2524e-08 -5.56181e-08 10.2918)
(7.36475e-08 2.59164e-08 10.61)
(4.05549e-09 -8.96683e-08 9.25327)
(3.04135e-08 -3.93339e-08 9.72185)
(3.29989e-08 4.95322e-08 10.1326)
(-1.2559e-08 -7.35663e-08 8.58559)
(-9.14991e-09 -1.86808e-08 9.14783)
(-1.60873e-08 7.40482e-08 9.64166)
(-2.99973e-08 -5.28652e-08 7.9648)
(-5.10351e-08 4.06393e-09 8.59338)
(-6.76303e-08 9.69529e-08 9.14998)
(-4.73018e-08 -2.95824e-08 7.36278)
(-9.21049e-08 2.73242e-08 8.02429)
(-1.17064e-07 1.16673e-07 8.61499)
(-6.53595e-08 -6.24629e-09 6.50723)
(-1.32815e-07 5.01881e-08 7.14725)
(-1.6058e-07 1.33615e-07 7.71297)
(2.10151e-08 -6.70656e-08 11.5819)
(6.07931e-08 -5.64365e-08 11.6426)
(8.96654e-08 -3.47743e-08 11.7288)
(2.88632e-08 -8.8179e-08 11.4406)
(8.29306e-08 -6.89852e-08 11.5226)
(1.11671e-07 -2.82344e-08 11.629)
(3.26115e-08 -1.04031e-07 11.0934)
(9.4201e-08 -7.59719e-08 11.2359)
(1.20362e-07 -1.98514e-08 11.3942)
(3.07228e-08 -1.10532e-07 10.5717)
(9.13821e-08 -7.48598e-08 10.8119)
(1.1293e-07 -5.25516e-09 11.0436)
(2.27521e-08 -1.07429e-07 9.93524)
(7.36785e-08 -6.55212e-08 10.2918)
(8.81236e-08 1.41122e-08 10.61)
(9.79084e-09 -9.58135e-08 9.25327)
(4.31895e-08 -4.87997e-08 9.72185)
(4.85233e-08 3.73116e-08 10.1326)
(-6.4388e-09 -7.76442e-08 8.58559)
(4.16882e-09 -2.70391e-08 9.14783)
(-1.13782e-09 6.2535e-08 9.64166)
(-2.41201e-08 -5.50502e-08 7.9648)
(-3.86428e-08 -2.62167e-09 8.59338)
(-5.52685e-08 8.75225e-08 9.14998)
(-4.23089e-08 -3.04683e-08 7.36278)
(-8.19667e-08 2.24671e-08 8.02429)
(-1.09097e-07 1.10405e-07 8.61499)
(-6.16756e-08 -6.69725e-09 6.50723)
(-1.25417e-07 4.68739e-08 7.14725)
(-1.57535e-07 1.30952e-07 7.71297)
(2.31401e-08 -7.26763e-08 11.5819)
(6.65632e-08 -6.06767e-08 11.6426)
(9.81997e-08 -3.66136e-08 11.7288)
(3.17911e-08 -9.56817e-08 11.4406)
(9.08225e-08 -7.44272e-08 11.5226)
(1.22458e-07 -2.97476e-08 11.629)
(3.63549e-08 -1.13259e-07 11.0934)
(1.04249e-07 -8.27682e-08 11.2359)
(1.33046e-07 -2.16653e-08 11.3942)
(3.52523e-08 -1.20819e-07 10.5717)
(1.03477e-07 -8.29227e-08 10.8119)
(1.2703e-07 -7.73091e-09 11.0436)
(2.78814e-08 -1.17912e-07 9.93524)
(8.74745e-08 -7.45672e-08 10.2918)
(1.0293e-07 1.05066e-08 10.61)
(1.52961e-08 -1.05538e-07 9.25327)
(5.80954e-08 -5.82589e-08 9.72185)
(6.32147e-08 3.23372e-08 10.1326)
(-8.16668e-10 -8.56902e-08 8.58559)
(1.93454e-08 -3.62618e-08 9.14783)
(1.26676e-08 5.63107e-08 9.64166)
(-1.86707e-08 -6.08211e-08 7.9648)
(-2.42668e-08 -1.08607e-08 8.59338)
(-4.31532e-08 8.0726e-08 9.14998)
(-3.74133e-08 -3.39003e-08 7.36278)
(-6.97279e-08 1.59157e-08 8.02429)
(-9.96676e-08 1.04451e-07 8.61499)
(-5.80104e-08 -8.08636e-09 6.50723)
(-1.17146e-07 4.28445e-08 7.14725)
(-1.52705e-07 1.27868e-07 7.71297)
(2.2892e-08 -6.88198e-08 11.5819)
(6.72051e-08 -5.64009e-08 11.6426)
(9.75348e-08 -2.7486e-08 11.7288)
(3.13984e-08 -9.13195e-08 11.4406)
(9.13505e-08 -6.85548e-08 11.5226)
(1.21244e-07 -1.79358e-08 11.629)
(3.54681e-08 -1.089e-07 11.0934)
(1.03848e-07 -7.57575e-08 11.2359)
(1.30284e-07 -7.34626e-09 11.3942)
(3.34241e-08 -1.16986e-07 10.5717)
(1.01251e-07 -7.50888e-08 10.8119)
(1.21717e-07 8.98591e-09 11.0436)
(2.48032e-08 -1.14996e-07 9.93524)
(8.28279e-08 -6.63391e-08 10.2918)
(9.45698e-08 2.90341e-08 10.61)
(1.0992e-08 -1.03753e-07 9.25327)
(5.12407e-08 -5.03181e-08 9.72185)
(5.23122e-08 5.14858e-08 10.1326)
(-5.83645e-09 -8.51288e-08 8.58559)
(1.15324e-08 -2.95489e-08 9.14783)
(8.06331e-10 7.42266e-08 9.64166)
(-2.34593e-08 -6.12317e-08 7.9648)
(-3.09037e-08 -6.24218e-09 8.59338)
(-5.3611e-08 9.51394e-08 9.14998)
(-4.0846e-08 -3.45467e-08 7.36278)
(-7.29971e-08 1.81081e-08 8.02429)
(-1.06582e-07 1.1329e-07 8.61499)
(-5.9317e-08 -8.14105e-09 6.50723)
(-1.16201e-07 4.28831e-08 7.14725)
(-1.54999e-07 1.30671e-07 7.71297)
(2.05667e-08 -6.80909e-08 11.5819)
(6.17088e-08 -5.52057e-08 11.6426)
(8.84299e-08 -2.49412e-08 11.7288)
(2.81771e-08 -8.96458e-08 11.4406)
(8.36618e-08 -6.59236e-08 11.5226)
(1.09469e-07 -1.43188e-08 11.629)
(3.10173e-08 -1.06125e-07 11.0934)
(9.31818e-08 -7.12709e-08 11.2359)
(1.15412e-07 -1.93676e-09 11.3942)
(2.7418e-08 -1.1317e-07 10.5717)
(8.68878e-08 -6.83322e-08 10.8119)
(1.03461e-07 1.70043e-08 11.0436)
(1.71208e-08 -1.10438e-07 9.93524)
(6.45241e-08 -5.72684e-08 10.2918)
(7.31429e-08 4.02811e-08 10.61)
(1.8193e-09 -9.89299e-08 9.25327)
(2.95649e-08 -3.93692e-08 9.72185)
(2.85427e-08 6.59936e-08 10.1326)
(-1.59485e-08 -8.06021e-08 8.58559)
(-1.1943e-08 -1.76306e-08 9.14783)
(-2.39392e-08 9.12084e-08 9.64166)
(-3.36034e-08 -5.75757e-08 7.9648)
(-5.36727e-08 5.1953e-09 8.59338)
(-7.7351e-08 1.1288e-07 9.14998)
(-4.97944e-08 -3.23005e-08 7.36278)
(-9.17633e-08 2.71612e-08 8.02429)
(-1.26527e-07 1.2908e-07 8.61499)
(-6.52834e-08 -7.26694e-09 6.50723)
(-1.26621e-07 4.76342e-08 7.14725)
(-1.67074e-07 1.40623e-07 7.71297)
(1.93791e-08 -7.57976e-08 11.5819)
(5.84771e-08 -6.23809e-08 11.6426)
(8.48113e-08 -3.34678e-08 11.7288)
(2.6468e-08 -9.80881e-08 11.4406)
(7.93043e-08 -7.39337e-08 11.5226)
(1.049e-07 -2.40101e-08 11.629)
(2.87418e-08 -1.14473e-07 11.0934)
(8.75846e-08 -7.92865e-08 11.2359)
(1.10174e-07 -1.22576e-08 11.3942)
(2.46064e-08 -1.20754e-07 10.5717)
(8.01708e-08 -7.5529e-08 10.8119)
(9.7957e-08 6.79735e-09 11.0436)
(1.3909e-08 -1.16693e-07 9.93524)
(5.68756e-08 -6.29068e-08 10.2918)
(6.76363e-08 3.11232e-08 10.61)
(-1.75478e-09 -1.03444e-07 9.25327)
(2.09837e-08 -4.2872e-08 9.72185)
(2.28842e-08 5.90045e-08 10.1326)
(-1.99872e-08 -8.32226e-08 8.58559)
(-2.16897e-08 -1.8509e-08 9.14783)
(-3.04315e-08 8.76051e-08 9.64166)
(-3.82991e-08 -5.8455e-08 7.9648)
(-6.48528e-08 7.05837e-09 8.59338)
(-8.5585e-08 1.13624e-07 9.14998)
(-5.51821e-08 -3.19913e-08 7.36278)
(-1.03988e-07 3.11032e-08 8.02429)
(-1.36956e-07 1.34077e-07 8.61499)
(-7.06212e-08 -6.67049e-09 6.50723)
(-1.37216e-07 5.17674e-08 7.14725)
(-1.77719e-07 1.47922e-07 7.71297)
(1.95186e-08 -7.36479e-08 11.5819)
(5.90685e-08 -6.12531e-08 11.6426)
(8.57322e-08 -3.17053e-08 11.7288)
(2.6185e-08 -9.67105e-08 11.4406)
(7.91395e-08 -7.33485e-08 11.5226)
(1.05189e-07 -2.23605e-08 11.629)
(2.7957e-08 -1.14134e-07 11.0934)
(8.65817e-08 -7.94016e-08 11.2359)
(1.09521e-07 -1.08997e-08 11.3942)
(2.33232e-08 -1.21589e-07 10.5717)
(7.83597e-08 -7.64317e-08 10.8119)
(9.61672e-08 7.65373e-09 11.0436)
(1.21333e-08 -1.18563e-07 9.93524)
(5.4314e-08 -6.44488e-08 10.2918)
(6.46161e-08 3.15304e-08 10.61)
(-4.02491e-09 -1.05935e-07 9.25327)
(1.75868e-08 -4.46449e-08 9.72185)
(1.85818e-08 5.92295e-08 10.1326)
(-2.28097e-08 -8.57166e-08 8.58559)
(-2.62045e-08 -1.98543e-08 9.14783)
(-3.60348e-08 8.81714e-08 9.64166)
(-4.17692e-08 -6.03496e-08 7.9648)
(-7.09839e-08 6.92215e-09 8.59338)
(-9.25722e-08 1.15414e-07 9.14998)
(-5.9434e-08 -3.2953e-08 7.36278)
(-1.12244e-07 3.27343e-08 8.02429)
(-1.45447e-07 1.3823e-07 8.61499)
(-7.55888e-08 -6.66537e-09 6.50723)
(-1.47178e-07 5.52123e-08 7.14725)
(-1.87603e-07 1.55082e-07 7.71297)
(1.85478e-08 -5.57776e-08 11.5819)
(5.76301e-08 -4.55534e-08 11.6426)
(8.14838e-08 -1.31926e-08 11.7288)
(2.41071e-08 -7.72096e-08 11.4406)
(7.51587e-08 -5.56677e-08 11.5226)
(9.78503e-08 -1.82956e-09 11.629)
(2.43765e-08 -9.45478e-08 11.0934)
(7.92524e-08 -6.0866e-08 11.2359)
(9.81365e-08 1.15114e-08 11.3942)
(1.79143e-08 -1.03524e-07 10.5717)
(6.71188e-08 -5.80382e-08 10.8119)
(8.00069e-08 3.15126e-08 11.0436)
(4.78766e-09 -1.03221e-07 9.93524)
(3.90484e-08 -4.70171e-08 10.2918)
(4.37215e-08 5.63044e-08 10.61)
(-1.30935e-08 -9.40839e-08 9.25327)
(-1.03005e-09 -2.89471e-08 9.72185)
(-5.91607e-09 8.41098e-08 10.1326)
(-3.29844e-08 -7.77057e-08 8.58559)
(-4.66212e-08 -6.60181e-09 9.14783)
(-6.2038e-08 1.11826e-07 9.64166)
(-5.20878e-08 -5.58197e-08 7.9648)
(-9.09944e-08 1.73391e-08 8.59338)
(-1.17344e-07 1.36182e-07 9.14998)
(-6.88058e-08 -3.07573e-08 7.36278)
(-1.2963e-07 4.04927e-08 8.02429)
(-1.66461e-07 1.54539e-07 8.61499)
(-8.29946e-08 -5.43436e-09 6.50723)
(-1.60168e-07 6.07669e-08 7.14725)
(-2.02608e-07 1.66272e-07 7.71297)
(1.6005e-08 -4.12054e-08 11.5819)
(5.15641e-08 -3.16201e-08 11.6426)
(7.13891e-08 1.36219e-09 11.7288)
(2.03193e-08 -5.91109e-08 11.4406)
(6.59532e-08 -3.85201e-08 11.5226)
(8.42586e-08 1.46019e-08 11.629)
(1.9005e-08 -7.38905e-08 11.0934)
(6.6167e-08 -4.11573e-08 11.2359)
(8.0549e-08 3.00728e-08 11.3942)
(1.0695e-08 -8.16506e-08 10.5717)
(4.96028e-08 -3.64308e-08 10.8119)
(5.81709e-08 5.22353e-08 11.0436)
(-4.32537e-09 -8.16826e-08 9.93524)
(1.70552e-08 -2.43937e-08 10.2918)
(1.79301e-08 7.92074e-08 10.61)
(-2.38992e-08 -7.44483e-08 9.25327)
(-2.68827e-08 -6.38526e-09 9.72185)
(-3.48596e-08 1.08825e-07 10.1326)
(-4.50079e-08 -6.13038e-08 8.58559)
(-7.49685e-08 1.47086e-08 9.14783)
(-9.29119e-08 1.37521e-07 9.64166)
(-6.46225e-08 -4.36658e-08 7.9648)
(-1.19797e-07 3.6044e-08 8.59338)
(-1.48372e-07 1.61499e-07 9.14999)
(-8.08708e-08 -2.34535e-08 7.36278)
(-1.56149e-07 5.51432e-08 8.02429)
(-1.94995e-07 1.77411e-07 8.61499)
(-9.29061e-08 -2.49768e-09 6.50723)
(-1.80173e-07 7.01067e-08 7.14725)
(-2.24204e-07 1.83294e-07 7.71297)
(1.47941e-08 -4.17453e-08 11.5819)
(4.82793e-08 -3.08642e-08 11.6426)
(6.76034e-08 1.4032e-09 11.7288)
(1.87972e-08 -5.86046e-08 11.4406)
(6.18844e-08 -3.7127e-08 11.5226)
(7.99446e-08 1.45864e-08 11.629)
(1.71672e-08 -7.21959e-08 11.0934)
(6.12452e-08 -3.91124e-08 11.2359)
(7.5916e-08 3.00438e-08 11.3942)
(8.62313e-09 -7.87706e-08 10.5717)
(4.39999e-08 -3.36602e-08 10.8119)
(5.35434e-08 5.23693e-08 11.0436)
(-6.5335e-09 -7.77278e-08 9.93524)
(1.08715e-08 -2.08411e-08 10.2918)
(1.33538e-08 7.97782e-08 10.61)
(-2.63236e-08 -6.95968e-08 9.25327)
(-3.39178e-08 -1.92876e-09 9.72185)
(-3.99309e-08 1.10451e-07 10.1326)
(-4.79868e-08 -5.58904e-08 8.58559)
(-8.3616e-08 2.02845e-08 9.14783)
(-9.9677e-08 1.41184e-07 9.64166)
(-6.86936e-08 -3.83115e-08 7.9648)
(-1.31035e-07 4.2833e-08 8.59338)
(-1.58295e-07 1.68267e-07 9.14999)
(-8.64486e-08 -1.90149e-08 7.36278)
(-1.70383e-07 6.27727e-08 8.02429)
(-2.09037e-07 1.87664e-07 8.61499)
(-9.96213e-08 9.83644e-12 6.50723)
(-1.95497e-07 7.72045e-08 7.14725)
(-2.40693e-07 1.95648e-07 7.71297)
(1.47465e-08 -4.22824e-08 11.5819)
(4.81312e-08 -3.05276e-08 11.6426)
(6.71406e-08 3.36721e-09 11.7288)
(1.87682e-08 -6.04528e-08 11.4406)
(6.17646e-08 -3.75137e-08 11.5226)
(7.94771e-08 1.66287e-08 11.629)
(1.71936e-08 -7.55887e-08 11.0934)
(6.11727e-08 -4.0522e-08 11.2359)
(7.52298e-08 3.17997e-08 11.3942)
(8.78168e-09 -8.34996e-08 10.5717)
(4.40317e-08 -3.60812e-08 10.8119)
(5.25074e-08 5.3725e-08 11.0436)
(-6.2631e-09 -8.32238e-08 9.93524)
(1.09343e-08 -2.4004e-08 10.2918)
(1.17803e-08 8.07575e-08 10.61)
(-2.60749e-08 -7.50328e-08 9.25327)
(-3.41787e-08 -5.19944e-09 9.72185)
(-4.23721e-08 1.11307e-07 10.1326)
(-4.80409e-08 -6.03323e-08 8.58559)
(-8.49095e-08 1.77727e-08 9.14783)
(-1.03474e-07 1.42458e-07 9.64166)
(-6.94862e-08 -4.10785e-08 7.9648)
(-1.34447e-07 4.19898e-08 8.59338)
(-1.64144e-07 1.70943e-07 9.14999)
(-8.85448e-08 -1.99678e-08 7.36278)
(-1.77152e-07 6.42965e-08 8.02429)
(-2.17743e-07 1.93182e-07 8.61499)
(-1.0354e-07 4.13888e-10 6.50723)
(-2.06242e-07 8.13099e-08 7.14725)
(-2.52992e-07 2.05018e-07 7.71297)
(1.27751e-08 -3.50132e-08 11.5819)
(4.37037e-08 -2.35523e-08 11.6426)
(5.89879e-08 1.35181e-08 11.7288)
(1.60424e-08 -5.21095e-08 11.4406)
(5.54954e-08 -2.87403e-08 11.5226)
(6.90473e-08 2.87888e-08 11.629)
(1.34652e-08 -6.69378e-08 11.0934)
(5.24645e-08 -3.04436e-08 11.2359)
(6.19853e-08 4.60183e-08 11.3942)
(3.79038e-09 -7.54701e-08 10.5717)
(3.23708e-08 -2.51027e-08 10.8119)
(3.60618e-08 7.00143e-08 11.0436)
(-1.26087e-08 -7.65415e-08 9.93524)
(-3.8548e-09 -1.26089e-08 10.2918)
(-7.70293e-09 9.89247e-08 10.61)
(-3.36173e-08 -7.01228e-08 9.25327)
(-5.15888e-08 5.96667e-09 9.72185)
(-6.39387e-08 1.30672e-07 10.1326)
(-5.62747e-08 -5.73527e-08 8.58559)
(-1.03653e-07 2.79739e-08 9.14783)
(-1.25543e-07 1.61734e-07 9.64166)
(-7.76378e-08 -3.9697e-08 7.9648)
(-1.52692e-07 5.06343e-08 8.59338)
(-1.84807e-07 1.885e-07 9.14999)
(-9.58241e-08 -1.92699e-08 7.36278)
(-1.93212e-07 7.13428e-08 8.02429)
(-2.35548e-07 2.076e-07 8.61499)
(-1.09479e-07 1.3956e-09 6.50723)
(-2.19324e-07 8.70899e-08 7.14725)
(-2.67165e-07 2.1596e-07 7.71297)
(8.36367e-09 -3.29449e-08 11.5819)
(3.22123e-08 -2.18289e-08 11.6426)
(4.16896e-08 1.42509e-08 11.7288)
(1.01601e-08 -4.76362e-08 11.4406)
(4.0342e-08 -2.47705e-08 11.5226)
(4.797e-08 3.005e-08 11.629)
(5.89135e-09 -5.99027e-08 11.0934)
(3.32519e-08 -2.36735e-08 11.2359)
(3.74979e-08 4.87994e-08 11.3942)
(-5.67529e-09 -6.63813e-08 10.5717)
(8.84027e-09 -1.51956e-08 10.8119)
(8.73227e-09 7.51638e-08 11.0436)
(-2.38926e-08 -6.63012e-08 9.93524)
(-3.14608e-08 3.01005e-10 10.2918)
(-3.69036e-08 1.07274e-07 10.61)
(-4.63737e-08 -5.97894e-08 9.25327)
(-8.23653e-08 2.11313e-08 9.72185)
(-9.37705e-08 1.42466e-07 10.1326)
(-6.98367e-08 -4.7976e-08 8.58559)
(-1.35938e-07 4.42415e-08 9.14783)
(-1.54757e-07 1.76539e-07 9.64166)
(-9.10569e-08 -3.22519e-08 7.9648)
(-1.84183e-07 6.63949e-08 8.59338)
(-2.121e-07 2.0518e-07 9.14999)
(-1.07931e-07 -1.4521e-08 7.36278)
(-2.211e-07 8.46987e-08 8.02429)
(-2.59321e-07 2.24239e-07 8.61499)
(-1.18625e-07 3.54835e-09 6.50723)
(-2.39782e-07 9.6267e-08 7.14725)
(-2.8484e-07 2.29498e-07 7.71297)
(4.79224e-09 -4.35571e-08 11.5819)
(2.20492e-08 -3.29398e-08 11.6426)
(2.83142e-08 -1.46386e-09 11.7288)
(5.37419e-09 -5.92641e-08 11.4406)
(2.72792e-08 -3.75172e-08 11.5226)
(3.20135e-08 1.12018e-08 11.629)
(-1.58796e-11 -7.13606e-08 11.0934)
(1.7687e-08 -3.66559e-08 11.2359)
(2.02939e-08 2.79926e-08 11.3942)
(-1.25096e-08 -7.68333e-08 10.5717)
(-8.47657e-09 -2.70988e-08 10.8119)
(-8.19401e-09 5.36573e-08 11.0436)
(-3.12819e-08 -7.49458e-08 9.93524)
(-4.96915e-08 -9.28013e-09 10.2918)
(-5.2203e-08 8.6745e-08 10.61)
(-5.40735e-08 -6.596e-08 9.25327)
(-1.00962e-07 1.48024e-08 9.72185)
(-1.06757e-07 1.2477e-07 10.1326)
(-7.7753e-08 -5.13956e-08 8.58559)
(-1.54754e-07 4.18823e-08 9.14783)
(-1.65734e-07 1.63561e-07 9.64166)
(-9.91944e-08 -3.31621e-08 7.9648)
(-2.03309e-07 6.81646e-08 8.59338)
(-2.22161e-07 1.98507e-07 9.14999)
(-1.16123e-07 -1.37113e-08 7.36278)
(-2.40196e-07 8.98411e-08 8.02429)
(-2.69799e-07 2.24407e-07 8.61499)
(-1.2589e-07 4.69838e-09 6.50723)
(-2.56447e-07 1.02556e-07 7.14725)
(-2.95556e-07 2.35288e-07 7.71297)
(3.11161e-09 -5.24454e-08 11.5819)
(1.68957e-08 -4.35711e-08 11.6426)
(2.17643e-08 -1.52931e-08 11.7288)
(2.88061e-09 -7.04554e-08 11.4406)
(2.02544e-08 -5.08171e-08 11.5226)
(2.37511e-08 -5.60586e-09 11.629)
(-3.11194e-09 -8.41248e-08 11.0934)
(9.38892e-09 -5.16562e-08 11.2359)
(1.11314e-08 8.86269e-09 11.3942)
(-1.58852e-08 -9.04345e-08 10.5717)
(-1.71998e-08 -4.289e-08 10.8119)
(-1.72377e-08 3.29242e-08 11.0436)
(-3.46178e-08 -8.83887e-08 9.93524)
(-5.80806e-08 -2.46987e-08 10.2918)
(-6.01699e-08 6.56045e-08 10.61)
(-5.72439e-08 -7.80735e-08 9.25327)
(-1.08733e-07 1.06364e-09 9.72185)
(-1.13033e-07 1.04647e-07 10.1326)
(-8.08963e-08 -6.10292e-08 8.58559)
(-1.62251e-07 3.12447e-08 9.14783)
(-1.70231e-07 1.46047e-07 9.64166)
(-1.02674e-07 -3.95474e-08 7.9648)
(-2.11483e-07 6.18618e-08 8.59338)
(-2.25409e-07 1.85424e-07 9.14999)
(-1.20374e-07 -1.67378e-08 7.36278)
(-2.5019e-07 8.85265e-08 8.02429)
(-2.72914e-07 2.17681e-07 8.61499)
(-1.30978e-07 4.28656e-09 6.50723)
(-2.68505e-07 1.05816e-07 7.14725)
(-3.00347e-07 2.36252e-07 7.71297)
(2.42088e-09 -5.48477e-08 11.5819)
(1.48879e-08 -4.83411e-08 11.6426)
(1.88184e-08 -2.14779e-08 11.7288)
(1.52499e-09 -7.35366e-08 11.4406)
(1.6619e-08 -5.67589e-08 11.5226)
(1.89282e-08 -1.30281e-08 11.629)
(-4.99414e-09 -8.77553e-08 11.0934)
(4.41562e-09 -5.83778e-08 11.2359)
(4.68585e-09 6.86685e-10 11.3942)
(-1.80632e-08 -9.46782e-08 10.5717)
(-2.29565e-08 -5.01533e-08 10.8119)
(-2.48408e-08 2.43563e-08 11.0436)
(-3.68263e-08 -9.31339e-08 9.93524)
(-6.40571e-08 -3.21067e-08 10.2918)
(-6.82367e-08 5.71469e-08 10.61)
(-5.93173e-08 -8.30577e-08 9.25327)
(-1.14465e-07 -6.04912e-09 9.72185)
(-1.20675e-07 9.67443e-08 10.1326)
(-8.28044e-08 -6.59122e-08 8.58559)
(-1.675e-07 2.49322e-08 9.14783)
(-1.7652e-07 1.38974e-07 9.64166)
(-1.04545e-07 -4.37344e-08 7.9648)
(-2.16295e-07 5.707e-08 8.59338)
(-2.29579e-07 1.79388e-07 9.14999)
(-1.2249e-07 -1.92766e-08 7.36278)
(-2.55102e-07 8.63492e-08 8.02429)
(-2.74975e-07 2.13084e-07 8.61499)
(-1.3384e-07 3.93548e-09 6.50723)
(-2.74861e-07 1.07151e-07 7.14725)
(-3.01561e-07 2.34521e-07 7.71297)
(2.58003e-09 -6.35132e-08 11.5819)
(1.4441e-08 -5.83812e-08 11.6426)
(1.89125e-08 -3.56764e-08 11.7288)
(1.39902e-09 -8.31598e-08 11.4406)
(1.51961e-08 -6.87759e-08 11.5226)
(1.78861e-08 -2.99457e-08 11.629)
(-5.08662e-09 -9.75492e-08 11.0934)
(2.69681e-09 -7.15116e-08 11.2359)
(3.37985e-09 -1.82461e-08 11.3942)
(-1.77172e-08 -1.03907e-07 10.5717)
(-2.41239e-08 -6.36964e-08 10.8119)
(-2.53982e-08 4.07597e-09 11.0436)
(-3.5675e-08 -1.01207e-07 9.93524)
(-6.3891e-08 -4.53098e-08 10.2918)
(-6.71649e-08 3.6475e-08 10.61)
(-5.71918e-08 -8.96458e-08 9.25327)
(-1.12595e-07 -1.8211e-08 9.72185)
(-1.17607e-07 7.67277e-08 10.1326)
(-7.98502e-08 -7.08978e-08 8.58559)
(-1.64156e-07 1.44887e-08 9.14783)
(-1.71715e-07 1.20845e-07 9.64166)
(-1.01253e-07 -4.72149e-08 7.9648)
(-2.12345e-07 4.89508e-08 8.59338)
(-2.23855e-07 1.64435e-07 9.14999)
(-1.19647e-07 -2.15096e-08 7.36278)
(-2.51953e-07 8.10523e-08 8.02429)
(-2.694e-07 2.02482e-07 8.61499)
(-1.32456e-07 2.90196e-09 6.50723)
(-2.74425e-07 1.05347e-07 7.14725)
(-2.97719e-07 2.29115e-07 7.71297)
(4.5709e-09 -8.22676e-08 11.5819)
(1.85166e-08 -7.73822e-08 11.6426)
(2.71691e-08 -5.96014e-08 11.7288)
(3.92773e-09 -1.04721e-07 11.4406)
(2.04284e-08 -9.16083e-08 11.5226)
(2.76435e-08 -5.79555e-08 11.629)
(-1.52167e-09 -1.20451e-07 11.0934)
(1.01991e-08 -9.69844e-08 11.2359)
(1.59489e-08 -5.0016e-08 11.3942)
(-1.25528e-08 -1.2657e-07 10.5717)
(-1.30951e-08 -9.0756e-08 10.8119)
(-8.70827e-09 -3.09304e-08 11.0436)
(-2.84986e-08 -1.22096e-07 9.93524)
(-4.84717e-08 -7.27068e-08 10.2918)
(-4.5661e-08 -8.81491e-10 10.61)
(-4.79739e-08 -1.07482e-07 9.25327)
(-9.28564e-08 -4.4548e-08 9.72185)
(-9.17201e-08 3.84973e-08 10.1326)
(-6.90794e-08 -8.481e-08 8.58559)
(-1.41404e-07 -9.27938e-09 9.14783)
(-1.43089e-07 8.39616e-08 9.64166)
(-8.99406e-08 -5.6855e-08 7.9648)
(-1.89048e-07 2.92799e-08 8.59338)
(-1.95289e-07 1.31657e-07 9.14999)
(-1.09232e-07 -2.711e-08 7.36278)
(-2.31487e-07 6.6809e-08 8.02429)
(-2.44601e-07 1.76782e-07 8.61499)
(-1.24951e-07 4.9726e-10 6.50723)
(-2.61274e-07 9.76746e-08 7.14725)
(-2.81513e-07 2.13716e-07 7.71297)
(7.14649e-09 -9.42617e-08 11.5819)
(2.48337e-08 -8.98797e-08 11.6426)
(3.69787e-08 -7.29067e-08 11.7288)
(7.14268e-09 -1.1959e-07 11.4406)
(2.82001e-08 -1.06958e-07 11.5226)
(3.89618e-08 -7.32234e-08 11.629)
(2.61936e-09 -1.37494e-07 11.0934)
(2.00718e-08 -1.14705e-07 11.2359)
(2.90601e-08 -6.75024e-08 11.3942)
(-7.18023e-09 -1.44752e-07 10.5717)
(-5.64236e-10 -1.10377e-07 10.8119)
(6.46533e-09 -5.07015e-08 11.0436)
(-2.17677e-08 -1.40229e-07 9.93524)
(-3.29202e-08 -9.34997e-08 10.2918)
(-2.82311e-08 -2.27974e-08 10.61)
(-3.98586e-08 -1.24347e-07 9.25327)
(-7.42763e-08 -6.55311e-08 9.72185)
(-7.19917e-08 1.47651e-08 10.1326)
(-5.97258e-08 -9.91984e-08 8.58559)
(-1.20246e-07 -2.93926e-08 9.14783)
(-1.21098e-07 5.90355e-08 9.64166)
(-7.96899e-08 -6.78222e-08 7.9648)
(-1.66382e-07 1.12449e-08 8.59338)
(-1.71513e-07 1.06676e-07 9.14999)
(-9.88061e-08 -3.42301e-08 7.36278)
(-2.09401e-07 5.21641e-08 8.02429)
(-2.20459e-07 1.53995e-07 8.61499)
(-1.16014e-07 -2.88008e-09 6.50723)
(-2.44209e-07 8.82693e-08 7.14725)
(-2.61764e-07 1.96854e-07 7.71297)
(8.07374e-09 -9.49502e-08 11.5819)
(2.78446e-08 -9.13408e-08 11.6426)
(3.96659e-08 -7.1815e-08 11.7288)
(8.02151e-09 -1.21233e-07 11.4406)
(3.09701e-08 -1.08766e-07 11.5226)
(4.07318e-08 -7.15491e-08 11.629)
(3.3647e-09 -1.40239e-07 11.0934)
(2.23269e-08 -1.16958e-07 11.2359)
(2.94287e-08 -6.5218e-08 11.3942)
(-6.66213e-09 -1.48615e-07 10.5717)
(9.86793e-10 -1.13091e-07 10.8119)
(5.03909e-09 -4.77745e-08 11.0436)
(-2.15014e-08 -1.45041e-07 9.93524)
(-3.20805e-08 -9.66722e-08 10.2918)
(-3.13288e-08 -1.95407e-08 10.61)
(-3.96605e-08 -1.29855e-07 9.25327)
(-7.35592e-08 -6.92916e-08 9.72185)
(-7.57138e-08 1.76589e-08 10.1326)
(-5.91009e-08 -1.05091e-07 8.58559)
(-1.1836e-07 -3.40575e-08 9.14783)
(-1.23491e-07 6.02506e-08 9.64166)
(-7.78838e-08 -7.34827e-08 7.9648)
(-1.61536e-07 5.42905e-09 8.59338)
(-1.70059e-07 1.04494e-07 9.14999)
(-9.50711e-08 -3.86096e-08 7.36278)
(-2.00136e-07 4.55208e-08 8.02429)
(-2.13073e-07 1.47076e-07 8.61499)
(-1.10337e-07 -5.16079e-09 6.50723)
(-2.31468e-07 8.17406e-08 7.14725)
(-2.48791e-07 1.85703e-07 7.71297)
(7.16041e-09 -9.81221e-08 11.5819)
(2.57299e-08 -9.45202e-08 11.6426)
(3.59616e-08 -7.49389e-08 11.7288)
(6.68424e-09 -1.23731e-07 11.4406)
(2.7746e-08 -1.11287e-07 11.5226)
(3.55112e-08 -7.44265e-08 11.629)
(1.53559e-09 -1.41678e-07 11.0934)
(1.78709e-08 -1.1836e-07 11.2359)
(2.27909e-08 -6.73049e-08 11.3942)
(-9.05506e-09 -1.48843e-07 10.5717)
(-4.79784e-09 -1.13035e-07 10.8119)
(-2.83168e-09 -4.85846e-08 11.0436)
(-2.4432e-08 -1.44203e-07 9.93524)
(-3.90529e-08 -9.51407e-08 10.2918)
(-4.00244e-08 -1.87261e-08 10.61)
(-4.29522e-08 -1.28351e-07 9.25327)
(-8.1202e-08 -6.66289e-08 9.72185)
(-8.458e-08 1.99987e-08 10.1326)
(-6.23696e-08 -1.03435e-07 8.58559)
(-1.25688e-07 -3.09029e-08 9.14783)
(-1.3165e-07 6.35469e-08 9.64166)
(-8.05315e-08 -7.22545e-08 7.9648)
(-1.6711e-07 8.05305e-09 8.59338)
(-1.76247e-07 1.07585e-07 9.14999)
(-9.62834e-08 -3.82923e-08 7.36278)
(-2.02056e-07 4.6414e-08 8.02429)
(-2.15269e-07 1.48213e-07 8.61499)
(-1.09062e-07 -5.80318e-09 6.50723)
(-2.27645e-07 7.97849e-08 7.14725)
(-2.44542e-07 1.82136e-07 7.71297)
(7.28542e-09 -1.07734e-07 11.5819)
(2.58121e-08 -1.04143e-07 11.6426)
(3.78325e-08 -8.71828e-08 11.7288)
(6.77617e-09 -1.34377e-07 11.4406)
(2.79347e-08 -1.22445e-07 11.5226)
(3.7775e-08 -8.85862e-08 11.629)
(1.76931e-09 -1.52519e-07 11.0934)
(1.86951e-08 -1.30323e-07 11.2359)
(2.6223e-08 -8.30731e-08 11.3942)
(-8.47979e-09 -1.59142e-07 10.5717)
(-2.72653e-09 -1.25153e-07 10.8119)
(2.5244e-09 -6.5564e-08 11.0436)
(-2.33249e-08 -1.53269e-07 9.93524)
(-3.5258e-08 -1.06734e-07 10.2918)
(-3.23405e-08 -3.62403e-08 10.61)
(-4.13108e-08 -1.35601e-07 9.25327)
(-7.57099e-08 -7.70272e-08 9.72185)
(-7.48875e-08 2.89133e-09 10.1326)
(-6.04103e-08 -1.08529e-07 8.58559)
(-1.19143e-07 -3.94237e-08 9.14783)
(-1.20997e-07 4.81378e-08 9.64166)
(-7.86184e-08 -7.52308e-08 7.9648)
(-1.60555e-07 1.85088e-09 8.59338)
(-1.66152e-07 9.51478e-08 9.14999)
(-9.46732e-08 -3.9575e-08 7.36278)
(-1.96278e-07 4.24835e-08 8.02429)
(-2.07023e-07 1.39399e-07 8.61499)
(-1.07566e-07 -6.46051e-09 6.50723)
(-2.22387e-07 7.69673e-08 7.14725)
(-2.38182e-07 1.7612e-07 7.71297)
(9.16229e-09 -1.0668e-07 11.5819)
(3.05733e-08 -1.04793e-07 11.6426)
(4.56283e-08 -8.92348e-08 11.7288)
(8.74644e-09 -1.35358e-07 11.4406)
(3.30375e-08 -1.25277e-07 11.5226)
(4.60442e-08 -9.23172e-08 11.629)
(3.98037e-09 -1.55875e-07 11.0934)
(2.45841e-08 -1.35607e-07 11.2359)
(3.50261e-08 -8.88289e-08 11.3942)
(-5.82403e-09 -1.64774e-07 10.5717)
(4.40275e-09 -1.33013e-07 10.8119)
(1.19119e-08 -7.37098e-08 11.0436)
(-2.01339e-08 -1.60584e-07 9.93524)
(-2.65699e-08 -1.16747e-07 10.2918)
(-2.23394e-08 -4.66861e-08 10.61)
(-3.75989e-08 -1.43652e-07 9.25327)
(-6.54997e-08 -8.82797e-08 9.72185)
(-6.43857e-08 -9.33166e-09 10.1326)
(-5.63787e-08 -1.16132e-07 8.58559)
(-1.07918e-07 -5.07039e-08 9.14783)
(-1.10206e-07 3.50555e-08 9.64166)
(-7.46292e-08 -8.13099e-08 7.9648)
(-1.49313e-07 -8.10625e-09 8.59338)
(-1.55517e-07 8.25367e-08 9.14999)
(-9.12149e-08 -4.34548e-08 7.36278)
(-1.86361e-07 3.50529e-08 8.02429)
(-1.9723e-07 1.29059e-07 8.61499)
(-1.05209e-07 -8.24293e-09 6.50723)
(-2.15424e-07 7.26772e-08 7.14725)
(-2.30912e-07 1.69608e-07 7.71297)
(1.0946e-08 -9.2141e-08 11.5819)
(3.58469e-08 -9.25607e-08 11.6426)
(5.29764e-08 -7.64017e-08 11.7288)
(1.04461e-08 -1.19574e-07 11.4406)
(3.8055e-08 -1.1217e-07 11.5226)
(5.29249e-08 -7.85071e-08 11.629)
(5.51749e-09 -1.40281e-07 11.0934)
(2.9125e-08 -1.22843e-07 11.2359)
(4.07463e-08 -7.46049e-08 11.3942)
(-4.49579e-09 -1.50739e-07 10.5717)
(8.28306e-09 -1.21763e-07 10.8119)
(1.57922e-08 -5.99358e-08 11.0436)
(-1.90385e-08 -1.49139e-07 9.93524)
(-2.34036e-08 -1.07862e-07 10.2918)
(-2.05651e-08 -3.41552e-08 10.61)
(-3.667e-08 -1.35457e-07 9.25327)
(-6.27916e-08 -8.22967e-08 9.72185)
(-6.43627e-08 1.1774e-09 10.1326)
(-5.5449e-08 -1.11417e-07 8.58559)
(-1.05079e-07 -4.78917e-08 9.14783)
(-1.10903e-07 4.26962e-08 9.64166)
(-7.34754e-08 -7.96084e-08 7.9648)
(-1.45539e-07 -8.2329e-09 8.59338)
(-1.55473e-07 8.64869e-08 9.14999)
(-8.96857e-08 -4.34761e-08 7.36278)
(-1.81114e-07 3.29956e-08 8.02429)
(-1.95244e-07 1.28929e-07 8.61499)
(-1.03582e-07 -8.63645e-09 6.50723)
(-2.09531e-07 7.00455e-08 7.14725)
(-2.26908e-07 1.66272e-07 7.71297)
(1.21916e-08 -8.19e-08 11.5819)
(3.92897e-08 -8.29204e-08 11.6426)
(5.84707e-08 -6.80971e-08 11.7288)
(1.18452e-08 -1.06443e-07 11.4406)
(4.15783e-08 -1.00605e-07 11.5226)
(5.84455e-08 -6.93891e-08 11.629)
(7.09551e-09 -1.25071e-07 11.0934)
(3.26545e-08 -1.10143e-07 11.2359)
(4.60552e-08 -6.49285e-08 11.3942)
(-2.71032e-09 -1.34434e-07 10.5717)
(1.1669e-08 -1.08852e-07 10.8119)
(2.05982e-08 -5.02747e-08 11.0436)
(-1.70448e-08 -1.32985e-07 9.93524)
(-2.02429e-08 -9.57041e-08 10.2918)
(-1.64909e-08 -2.50229e-08 10.61)
(-3.44598e-08 -1.208e-07 9.25327)
(-5.98529e-08 -7.17633e-08 9.72185)
(-6.12478e-08 9.28736e-09 10.1326)
(-5.30608e-08 -9.94237e-08 8.58559)
(-1.02282e-07 -3.97086e-08 9.14783)
(-1.08902e-07 4.94195e-08 9.64166)
(-7.10194e-08 -7.11854e-08 7.9648)
(-1.4272e-07 -2.96322e-09 8.59338)
(-1.54531e-07 9.14921e-08 9.14998)
(-8.7318e-08 -3.90523e-08 7.36278)
(-1.77965e-07 3.50683e-08 8.02429)
(-1.94731e-07 1.31836e-07 8.61499)
(-1.0148e-07 -7.70892e-09 6.50723)
(-2.05687e-07 6.92102e-08 7.14725)
(-2.25706e-07 1.66263e-07 7.71297)
(1.44898e-08 -8.35239e-08 11.5819)
(4.51205e-08 -8.35405e-08 11.6426)
(6.82893e-08 -7.04582e-08 11.7288)
(1.49902e-08 -1.08117e-07 11.4406)
(4.92342e-08 -1.01897e-07 11.5226)
(7.01568e-08 -7.27412e-08 11.629)
(1.13179e-08 -1.26788e-07 11.0934)
(4.25079e-08 -1.12404e-07 11.2359)
(5.99114e-08 -6.96676e-08 11.3942)
(2.81918e-09 -1.35943e-07 10.5717)
(2.4066e-08 -1.12287e-07 10.8119)
(3.67132e-08 -5.67542e-08 11.0436)
(-1.01214e-08 -1.34014e-07 9.93524)
(-5.25359e-09 -1.00321e-07 10.2918)
(1.58063e-09 -3.34487e-08 10.61)
(-2.62908e-08 -1.2116e-07 9.25327)
(-4.27602e-08 -7.72862e-08 9.72185)
(-4.21269e-08 -7.41555e-10 10.1326)
(-4.41051e-08 -9.90815e-08 8.58559)
(-8.42491e-08 -4.5648e-08 9.14783)
(-9.02067e-08 3.87554e-08 9.64166)
(-6.20336e-08 -7.03889e-08 7.9648)
(-1.25431e-07 -8.73093e-09 8.59338)
(-1.38148e-07 8.15287e-08 9.14998)
(-7.92106e-08 -3.8289e-08 7.36278)
(-1.63211e-07 2.99841e-08 8.02429)
(-1.82545e-07 1.23883e-07 8.61499)
(-9.53006e-08 -7.7526e-09 6.50723)
(-1.95089e-07 6.50394e-08 7.14725)
(-2.19023e-07 1.61232e-07 7.71297)
(1.6595e-08 -8.06706e-08 11.5819)
(5.1175e-08 -7.98525e-08 11.6426)
(7.64657e-08 -6.41241e-08 11.7288)
(1.78972e-08 -1.05619e-07 11.4406)
(5.71174e-08 -9.80286e-08 11.5226)
(7.97678e-08 -6.52967e-08 11.629)
(1.50587e-08 -1.25245e-07 11.0934)
(5.2191e-08 -1.09172e-07 11.2359)
(7.03238e-08 -6.19013e-08 11.3942)
(7.3936e-09 -1.35532e-07 10.5717)
(3.5335e-08 -1.10282e-07 10.8119)
(4.71789e-08 -4.93555e-08 11.0436)
(-4.87485e-09 -1.34656e-07 9.93524)
(7.25167e-09 -9.99416e-08 10.2918)
(1.14204e-08 -2.72285e-08 10.61)
(-2.05249e-08 -1.22577e-07 9.25327)
(-2.94232e-08 -7.85757e-08 9.72185)
(-3.33036e-08 3.61368e-09 10.1326)
(-3.79539e-08 -1.00797e-07 8.58559)
(-7.04843e-08 -4.84466e-08 9.14783)
(-8.23357e-08 4.07467e-08 9.64166)
(-5.56229e-08 -7.19442e-08 7.9648)
(-1.11762e-07 -1.26463e-08 8.59338)
(-1.30973e-07 8.10356e-08 9.14998)
(-7.28091e-08 -3.94769e-08 7.36278)
(-1.50505e-07 2.55271e-08 8.02429)
(-1.75927e-07 1.21594e-07 8.61499)
(-8.96703e-08 -8.59746e-09 6.50723)
(-1.85174e-07 6.10034e-08 7.14725)
(-2.14129e-07 1.58551e-07 7.71297)
(1.65972e-08 -6.78452e-08 11.5819)
(5.26187e-08 -6.67054e-08 11.6426)
(7.61459e-08 -4.54188e-08 11.7288)
(1.7837e-08 -9.04964e-08 11.4406)
(5.83896e-08 -8.16984e-08 11.5226)
(7.84319e-08 -4.27391e-08 11.629)
(1.46037e-08 -1.09085e-07 11.0934)
(5.24303e-08 -9.0858e-08 11.2359)
(6.67031e-08 -3.59604e-08 11.3942)
(6.14943e-09 -1.19686e-07 10.5717)
(3.36285e-08 -9.10825e-08 10.8119)
(4.00375e-08 -2.06172e-08 11.0436)
(-7.20729e-09 -1.20357e-07 9.93524)
(2.98676e-09 -8.10857e-08 10.2918)
(1.54417e-10 3.13799e-09 10.61)
(-2.39173e-08 -1.10849e-07 9.25327)
(-3.6028e-08 -6.139e-08 9.72185)
(-4.81422e-08 3.39107e-08 10.1326)
(-4.19e-08 -9.2361e-08 8.58559)
(-7.81333e-08 -3.4349e-08 9.14783)
(-9.89389e-08 6.86305e-08 9.64166)
(-5.91674e-08 -6.68809e-08 7.9648)
(-1.18242e-07 -2.81118e-09 8.59338)
(-1.46531e-07 1.03694e-07 9.14998)
(-7.47935e-08 -3.70518e-08 7.36278)
(-1.53397e-07 3.06461e-08 8.02429)
(-1.87371e-07 1.3638e-07 8.61499)
(-8.92221e-08 -7.76835e-09 6.50723)
(-1.83146e-07 6.15991e-08 7.14725)
(-2.18801e-07 1.6392e-07 7.71297)
(1.51195e-08 -5.97467e-08 11.5819)
(4.93857e-08 -5.79271e-08 11.6426)
(7.01561e-08 -3.50875e-08 11.7288)
(1.57599e-08 -7.99872e-08 11.4406)
(5.36235e-08 -7.0301e-08 11.5226)
(7.03732e-08 -3.0478e-08 11.629)
(1.16711e-08 -9.6695e-08 11.0934)
(4.55487e-08 -7.72212e-08 11.2359)
(5.61635e-08 -2.15462e-08 11.3942)
(2.09336e-09 -1.06135e-07 10.5717)
(2.40654e-08 -7.55615e-08 10.8119)
(2.6707e-08 -3.93431e-09 11.0436)
(-1.25203e-08 -1.06583e-07 9.93524)
(-9.48338e-09 -6.43331e-08 10.2918)
(-1.59366e-08 2.20493e-08 10.61)
(-3.03888e-08 -9.78859e-08 9.25327)
(-5.10621e-08 -4.43105e-08 9.72185)
(-6.66285e-08 5.46298e-08 10.1326)
(-4.91331e-08 -8.11874e-08 8.58559)
(-9.47007e-08 -1.80702e-08 9.14783)
(-1.19159e-07 9.02929e-08 9.64166)
(-6.64613e-08 -5.83955e-08 7.9648)
(-1.34613e-07 1.12037e-08 8.59338)
(-1.67284e-07 1.24838e-07 9.14998)
(-8.10972e-08 -3.19353e-08 7.36278)
(-1.67002e-07 4.07241e-08 8.02429)
(-2.06323e-07 1.54703e-07 8.61499)
(-9.28428e-08 -5.97619e-09 6.50723)
(-1.90068e-07 6.60211e-08 7.14725)
(-2.31517e-07 1.75399e-07 7.71297)
(1.45254e-08 -6.21746e-08 11.5819)
(4.786e-08 -5.96758e-08 11.6426)
(6.90081e-08 -3.84223e-08 11.7288)
(1.49133e-08 -8.21242e-08 11.4406)
(5.16396e-08 -7.20908e-08 11.5226)
(6.88837e-08 -3.46126e-08 11.629)
(1.06059e-08 -9.82978e-08 11.0934)
(4.32662e-08 -7.88254e-08 11.2359)
(5.4833e-08 -2.62709e-08 11.3942)
(8.83226e-10 -1.07083e-07 10.5717)
(2.17965e-08 -7.67699e-08 10.8119)
(2.60513e-08 -9.02292e-09 11.0436)
(-1.37697e-08 -1.06765e-07 9.93524)
(-1.14972e-08 -6.49406e-08 10.2918)
(-1.56857e-08 1.70234e-08 10.61)
(-3.17071e-08 -9.71812e-08 9.25327)
(-5.29245e-08 -4.40828e-08 9.72185)
(-6.58734e-08 5.04381e-08 10.1326)
(-5.07174e-08 -7.95971e-08 8.58559)
(-9.69755e-08 -1.6698e-08 9.14783)
(-1.19061e-07 8.80587e-08 9.64166)
(-6.86153e-08 -5.61975e-08 7.9648)
(-1.38112e-07 1.3834e-08 8.59338)
(-1.69471e-07 1.25721e-07 9.14998)
(-8.3957e-08 -2.97256e-08 7.36278)
(-1.72068e-07 4.42072e-08 8.02429)
(-2.12151e-07 1.59138e-07 8.61499)
(-9.58165e-08 -4.70657e-09 6.50723)
(-1.9511e-07 6.88479e-08 7.14725)
(-2.4002e-07 1.82101e-07 7.71297)
(1.46299e-08 -5.7421e-08 11.5819)
(4.84818e-08 -5.57861e-08 11.6426)
(6.97023e-08 -3.40385e-08 11.7288)
(1.47475e-08 -7.74475e-08 11.4406)
(5.17595e-08 -6.81594e-08 11.5226)
(6.89188e-08 -3.01388e-08 11.629)
(1.01875e-08 -9.42789e-08 11.0934)
(4.30115e-08 -7.53145e-08 11.2359)
(5.40805e-08 -2.19535e-08 11.3942)
(2.77431e-10 -1.04195e-07 10.5717)
(2.1332e-08 -7.4087e-08 10.8119)
(2.44369e-08 -5.22904e-09 11.0436)
(-1.45345e-08 -1.05182e-07 9.93524)
(-1.20242e-08 -6.32749e-08 10.2918)
(-1.81173e-08 2.01539e-08 10.61)
(-3.26466e-08 -9.6723e-08 9.25327)
(-5.35049e-08 -4.32984e-08 9.72185)
(-6.90072e-08 5.29265e-08 10.1326)
(-5.19154e-08 -7.97464e-08 8.58559)
(-9.77999e-08 -1.63539e-08 9.14783)
(-1.22772e-07 9.01367e-08 9.64166)
(-7.02284e-08 -5.63887e-08 7.9648)
(-1.39658e-07 1.43222e-08 8.59338)
(-1.73811e-07 1.27988e-07 9.14998)
(-8.61997e-08 -2.96426e-08 7.36278)
(-1.74979e-07 4.53348e-08 8.02429)
(-2.17458e-07 1.62658e-07 8.61499)
(-9.8761e-08 -4.33739e-09 6.50723)
(-1.99595e-07 7.07732e-08 7.14725)
(-2.47e-07 1.87812e-07 7.71297)
(1.3866e-08 -4.13976e-08 11.5819)
(4.74101e-08 -4.14513e-08 11.6426)
(6.58991e-08 -1.71136e-08 11.7288)
(1.32225e-08 -5.97112e-08 11.4406)
(4.87739e-08 -5.18926e-08 11.5226)
(6.2375e-08 -1.13123e-08 11.629)
(7.71719e-09 -7.62685e-08 11.0934)
(3.7689e-08 -5.8262e-08 11.2359)
(4.41043e-08 -1.428e-09 11.3942)
(-3.26173e-09 -8.7399e-08 10.5717)
(1.3418e-08 -5.72824e-08 10.8119)
(1.0539e-08 1.65333e-08 11.0436)
(-1.91452e-08 -9.07668e-08 9.93524)
(-2.24576e-08 -4.76178e-08 10.2918)
(-3.57396e-08 4.26044e-08 10.61)
(-3.81451e-08 -8.54714e-08 9.25327)
(-6.58253e-08 -2.95882e-08 9.72185)
(-8.92858e-08 7.52004e-08 10.1326)
(-5.79024e-08 -7.20409e-08 8.58559)
(-1.10796e-07 -5.28093e-09 9.14783)
(-1.43861e-07 1.10925e-07 9.64166)
(-7.61372e-08 -5.19687e-08 7.9648)
(-1.51699e-07 2.24056e-08 8.59338)
(-1.93361e-07 1.45722e-07 9.14999)
(-9.14327e-08 -2.74794e-08 7.36278)
(-1.84501e-07 5.06796e-08 8.02429)
(-2.33377e-07 1.75901e-07 8.61499)
(-1.0286e-07 -3.20327e-09 6.50723)
(-2.05609e-07 7.38996e-08 7.14725)
(-2.57636e-07 1.96102e-07 7.71297)
(1.21961e-08 -3.29908e-08 11.5819)
(4.32743e-08 -3.31229e-08 11.6426)
(5.89784e-08 -8.8863e-09 11.7288)
(1.09211e-08 -4.85166e-08 11.4406)
(4.28742e-08 -4.12937e-08 11.5226)
(5.31864e-08 -2.02002e-09 11.629)
(4.76938e-09 -6.28143e-08 11.0934)
(2.9954e-08 -4.58354e-08 11.2359)
(3.26998e-08 9.09857e-09 11.3942)
(-6.81761e-09 -7.2502e-08 10.5717)
(3.90458e-09 -4.3554e-08 10.8119)
(-2.84797e-09 2.83036e-08 11.0436)
(-2.32049e-08 -7.55128e-08 9.93524)
(-3.34707e-08 -3.32952e-08 10.2918)
(-5.06764e-08 5.55738e-08 10.61)
(-4.25639e-08 -7.10836e-08 9.25327)
(-7.79178e-08 -1.55004e-08 9.72185)
(-1.05351e-07 8.91356e-08 10.1326)
(-6.25489e-08 -5.96807e-08 8.58559)
(-1.23443e-07 7.70908e-09 9.14783)
(-1.60685e-07 1.25483e-07 9.64166)
(-8.0899e-08 -4.26527e-08 7.9648)
(-1.64249e-07 3.34087e-08 8.59338)
(-2.10462e-07 1.60337e-07 9.14999)
(-9.61356e-08 -2.19014e-08 7.36278)
(-1.95964e-07 5.8793e-08 8.02429)
(-2.4964e-07 1.89505e-07 8.61499)
(-1.06952e-07 -1.11486e-09 6.50723)
(-2.13928e-07 7.84504e-08 7.14725)
(-2.70412e-07 2.06476e-07 7.71297)
(1.19502e-08 -4.05854e-08 11.5819)
(4.22443e-08 -3.92491e-08 11.6426)
(5.88731e-08 -1.66512e-08 11.7288)
(1.09088e-08 -5.61686e-08 11.4406)
(4.23608e-08 -4.804e-08 11.5226)
(5.3755e-08 -1.09449e-08 11.629)
(5.26745e-09 -6.9888e-08 11.0934)
(3.05532e-08 -5.28775e-08 11.2359)
(3.47459e-08 -9.74593e-10 11.3942)
(-5.47954e-09 -7.84243e-08 10.5717)
(6.37669e-09 -5.05979e-08 10.8119)
(1.49496e-09 1.7254e-08 11.0436)
(-2.07942e-08 -7.98258e-08 9.93524)
(-2.86623e-08 -4.00379e-08 10.2918)
(-4.3757e-08 4.37881e-08 10.61)
(-3.91566e-08 -7.35105e-08 9.25327)
(-7.1033e-08 -2.15317e-08 9.72185)
(-9.65109e-08 7.73659e-08 10.1326)
(-5.86217e-08 -6.02458e-08 8.58559)
(-1.1566e-07 2.92268e-09 9.14783)
(-1.51599e-07 1.15099e-07 9.64166)
(-7.72837e-08 -4.17814e-08 7.9648)
(-1.57461e-07 3.03791e-08 8.59338)
(-2.03563e-07 1.53061e-07 9.14999)
(-9.3778e-08 -2.03929e-08 7.36278)
(-1.92117e-07 5.77159e-08 8.02429)
(-2.47449e-07 1.86778e-07 8.61499)
(-1.06588e-07 -9.32682e-11 6.50723)
(-2.13933e-07 7.88654e-08 7.14725)
(-2.73988e-07 2.08768e-07 7.71297)
(1.26453e-08 -4.6641e-08 11.5819)
(4.38444e-08 -4.43755e-08 11.6426)
(6.10432e-08 -2.04803e-08 11.7288)
(1.19757e-08 -6.44606e-08 11.4406)
(4.48115e-08 -5.48059e-08 11.5226)
(5.6678e-08 -1.54033e-08 11.629)
(6.90159e-09 -8.0218e-08 11.0934)
(3.42361e-08 -6.12998e-08 11.2359)
(3.85302e-08 -6.43724e-09 11.3942)
(-3.0759e-09 -9.01145e-08 10.5717)
(1.16593e-08 -6.04574e-08 10.8119)
(6.28439e-09 1.06756e-08 11.0436)
(-1.75604e-08 -9.19179e-08 9.93524)
(-2.16242e-08 -5.08718e-08 10.2918)
(-3.79529e-08 3.60707e-08 10.61)
(-3.51562e-08 -8.48714e-08 9.25327)
(-6.23941e-08 -3.25712e-08 9.72185)
(-8.98546e-08 6.8728e-08 10.1326)
(-5.40755e-08 -6.97062e-08 8.58559)
(-1.05968e-07 -7.37619e-09 9.14783)
(-1.44443e-07 1.06058e-07 9.64166)
(-7.25914e-08 -4.8496e-08 7.9648)
(-1.47759e-07 2.18074e-08 8.59338)
(-1.96642e-07 1.44653e-07 9.14999)
(-8.9594e-08 -2.41281e-08 7.36278)
(-1.84009e-07 5.17474e-08 8.02429)
(-2.42068e-07 1.80803e-07 8.61499)
(-1.03995e-07 -1.27414e-09 6.50723)
(-2.09752e-07 7.63107e-08 7.14725)
(-2.7281e-07 2.07529e-07 7.71297)
(1.14562e-08 -4.48537e-08 11.5819)
(4.12607e-08 -4.21722e-08 11.6426)
(5.52987e-08 -1.43782e-08 11.7288)
(1.04588e-08 -6.23522e-08 11.4406)
(4.13573e-08 -5.13884e-08 11.5226)
(4.96025e-08 -7.40705e-09 11.629)
(4.8908e-09 -7.80552e-08 11.0934)
(2.94882e-08 -5.69051e-08 11.2359)
(2.97166e-08 3.38009e-09 11.3942)
(-5.76144e-09 -8.82782e-08 10.5717)
(5.24649e-09 -5.52654e-08 10.8119)
(-4.55742e-09 2.23144e-08 11.0436)
(-2.09937e-08 -9.07512e-08 9.93524)
(-2.98328e-08 -4.52662e-08 10.2918)
(-5.06586e-08 4.91293e-08 10.61)
(-3.91796e-08 -8.46051e-08 9.25327)
(-7.18752e-08 -2.7138e-08 9.72185)
(-1.03504e-07 8.23086e-08 10.1326)
(-5.81923e-08 -7.04515e-08 8.58559)
(-1.15426e-07 -2.87335e-09 9.14783)
(-1.57451e-07 1.1867e-07 9.64166)
(-7.60377e-08 -4.99614e-08 7.9648)
(-1.55325e-07 2.4723e-08 8.59338)
(-2.07041e-07 1.54507e-07 9.14999)
(-9.16035e-08 -2.5478e-08 7.36278)
(-1.87995e-07 5.29954e-08 8.02429)
(-2.48382e-07 1.86471e-07 8.61499)
(-1.04323e-07 -1.6231e-09 6.50723)
(-2.09952e-07 7.63904e-08 7.14725)
(-2.74967e-07 2.09177e-07 7.71297)
(8.06838e-09 -5.0017e-08 11.5819)
(3.2254e-08 -4.62009e-08 11.6426)
(4.11746e-08 -1.77732e-08 11.7288)
(6.20285e-09 -6.59858e-08 11.4406)
(3.01724e-08 -5.36958e-08 11.5226)
(3.32213e-08 -9.98927e-09 11.629)
(-3.7925e-10 -7.93807e-08 11.0934)
(1.58776e-08 -5.66743e-08 11.2359)
(1.15377e-08 2.3695e-09 11.3942)
(-1.21943e-08 -8.70678e-08 10.5717)
(-1.09404e-08 -5.18913e-08 10.8119)
(-2.39062e-08 2.36679e-08 11.0436)
(-2.85461e-08 -8.73677e-08 9.93524)
(-4.84053e-08 -3.87328e-08 10.2918)
(-7.03887e-08 5.33183e-08 10.61)
(-4.75883e-08 -7.98376e-08 9.25327)
(-9.21567e-08 -1.81293e-08 9.72185)
(-1.2274e-07 8.92429e-08 10.1326)
(-6.69324e-08 -6.53153e-08 8.58559)
(-1.36142e-07 7.43438e-09 9.14783)
(-1.75366e-07 1.27689e-07 9.64166)
(-8.43264e-08 -4.55321e-08 7.9648)
(-1.74627e-07 3.47314e-08 8.59338)
(-2.22743e-07 1.6439e-07 9.14999)
(-9.84394e-08 -2.26845e-08 7.36278)
(-2.03505e-07 6.08547e-08 8.02429)
(-2.60561e-07 1.95395e-07 8.61499)
(-1.0834e-07 -6.40371e-10 6.50723)
(-2.18501e-07 8.04329e-08 7.14725)
(-2.81529e-07 2.14454e-07 7.71297)
(5.44089e-09 -6.76143e-08 11.5819)
(2.43899e-08 -6.27103e-08 11.6426)
(3.08296e-08 -3.70339e-08 11.7288)
(2.86219e-09 -8.55341e-08 11.4406)
(2.07248e-08 -7.22241e-08 11.5226)
(2.18407e-08 -3.18885e-08 11.629)
(-4.34352e-09 -9.91293e-08 11.0934)
(5.23713e-09 -7.55305e-08 11.2359)
(4.49975e-10 -2.12248e-08 11.3942)
(-1.66228e-08 -1.05513e-07 10.5717)
(-2.20885e-08 -6.9496e-08 10.8119)
(-3.32039e-08 -3.99814e-10 11.0436)
(-3.31547e-08 -1.03202e-07 9.93524)
(-5.93752e-08 -5.37102e-08 10.2918)
(-7.67656e-08 3.01177e-08 10.61)
(-5.21943e-08 -9.20655e-08 9.25327)
(-1.02563e-07 -2.94902e-08 9.72185)
(-1.25842e-07 6.83988e-08 10.1326)
(-7.14741e-08 -7.34964e-08 8.58559)
(-1.45996e-07 3.35089e-10 9.14783)
(-1.75864e-07 1.10746e-07 9.64166)
(-8.88079e-08 -4.9876e-08 7.9648)
(-1.84161e-07 3.19485e-08 8.59338)
(-2.22098e-07 1.52686e-07 9.14999)
(-1.02705e-07 -2.40319e-08 7.36278)
(-2.12568e-07 6.15896e-08 8.02429)
(-2.60417e-07 1.89455e-07 8.61499)
(-1.11612e-07 -6.19557e-10 6.50723)
(-2.25327e-07 8.25216e-08 7.14725)
(-2.82358e-07 2.13324e-07 7.71297)
(3.78863e-09 -7.86583e-08 11.5819)
(1.92088e-08 -7.452e-08 11.6426)
(2.40633e-08 -5.05262e-08 11.7288)
(4.53182e-10 -9.916e-08 11.4406)
(1.39032e-08 -8.63699e-08 11.5226)
(1.40969e-08 -4.76006e-08 11.629)
(-7.46685e-09 -1.14414e-07 11.0934)
(-2.9333e-09 -9.09393e-08 11.2359)
(-7.55316e-09 -3.86834e-08 11.3942)
(-2.03299e-08 -1.21564e-07 10.5717)
(-3.10966e-08 -8.50757e-08 10.8119)
(-4.05619e-08 -1.89504e-08 11.0436)
(-3.72213e-08 -1.18976e-07 9.93524)
(-6.87004e-08 -6.83639e-08 10.2918)
(-8.26619e-08 1.14149e-08 10.61)
(-5.64599e-08 -1.06349e-07 9.25327)
(-1.11838e-07 -4.21598e-08 9.72185)
(-1.29654e-07 5.0549e-08 10.1326)
(-7.58208e-08 -8.50867e-08 8.58559)
(-1.55033e-07 -9.25802e-09 9.14783)
(-1.77337e-07 9.47868e-08 9.64166)
(-9.31641e-08 -5.79145e-08 7.9648)
(-1.93005e-07 2.61955e-08 8.59338)
(-2.21459e-07 1.3979e-07 9.14999)
(-1.06996e-07 -2.8287e-08 7.36278)
(-2.21322e-07 5.98977e-08 8.02429)
(-2.58428e-07 1.80984e-07 8.61499)
(-1.15505e-07 -1.784e-09 6.50723)
(-2.3353e-07 8.41623e-08 7.14725)
(-2.80837e-07 2.10272e-07 7.71297)
(1.07798e-09 -7.64274e-08 11.5819)
(1.20671e-08 -7.44876e-08 11.6426)
(1.31923e-08 -5.0707e-08 11.7288)
(-3.47004e-09 -9.64608e-08 11.4406)
(3.92979e-09 -8.58934e-08 11.5226)
(6.99278e-10 -4.7804e-08 11.629)
(-1.27245e-08 -1.11349e-07 11.0934)
(-1.58329e-08 -8.97351e-08 11.2359)
(-2.31935e-08 -3.84756e-08 11.3942)
(-2.69558e-08 -1.18756e-07 10.5717)
(-4.68132e-08 -8.30635e-08 10.8119)
(-5.79969e-08 -1.80788e-08 11.0436)
(-4.50403e-08 -1.1696e-07 9.93524)
(-8.68214e-08 -6.55956e-08 10.2918)
(-1.01012e-07 1.3221e-08 10.61)
(-6.51536e-08 -1.05433e-07 9.25327)
(-1.31526e-07 -3.88845e-08 9.72185)
(-1.4753e-07 5.31699e-08 10.1326)
(-8.4877e-08 -8.5377e-08 8.58559)
(-1.7499e-07 -5.78315e-09 9.14783)
(-1.93017e-07 9.75952e-08 9.64166)
(-1.01914e-07 -5.90327e-08 7.9648)
(-2.11592e-07 2.96725e-08 8.59338)
(-2.33112e-07 1.41844e-07 9.14999)
(-1.14696e-07 -2.92463e-08 7.36278)
(-2.36921e-07 6.3533e-08 8.02429)
(-2.64793e-07 1.81438e-07 8.61499)
(-1.21383e-07 -1.77715e-09 6.50723)
(-2.44849e-07 8.79214e-08 7.14725)
(-2.81816e-07 2.0918e-07 7.71297)
(-2.83778e-09 -7.70108e-08 11.5819)
(1.25769e-09 -7.66436e-08 11.6426)
(-2.64307e-09 -5.6053e-08 11.7288)
(-8.67282e-09 -9.58457e-08 11.4406)
(-1.01013e-08 -8.76077e-08 11.5226)
(-1.8224e-08 -5.44688e-08 11.629)
(-1.91064e-08 -1.09128e-07 11.0934)
(-3.26548e-08 -9.03267e-08 11.2359)
(-4.41e-08 -4.55314e-08 11.3942)
(-3.43341e-08 -1.15047e-07 10.5717)
(-6.57996e-08 -8.21097e-08 10.8119)
(-7.96055e-08 -2.48738e-08 11.0436)
(-5.30648e-08 -1.12183e-07 9.93524)
(-1.07126e-07 -6.29367e-08 10.2918)
(-1.21905e-07 7.5018e-09 10.61)
(-7.34671e-08 -1.00238e-07 9.25327)
(-1.52239e-07 -3.47537e-08 9.72185)
(-1.66404e-07 4.90728e-08 10.1326)
(-9.31392e-08 -8.04972e-08 8.58559)
(-1.95216e-07 -5.5114e-10 9.14783)
(-2.08938e-07 9.53633e-08 9.64166)
(-1.09819e-07 -5.5177e-08 7.9648)
(-2.305e-07 3.54309e-08 8.59338)
(-2.45431e-07 1.41352e-07 9.14999)
(-1.21876e-07 -2.69236e-08 7.36278)
(-2.53523e-07 6.90743e-08 8.02429)
(-2.72753e-07 1.82064e-07 8.61499)
(-1.27011e-07 -9.99735e-10 6.50723)
(-2.57224e-07 9.23405e-08 7.14725)
(-2.84296e-07 2.09256e-07 7.71297)
(-5.29333e-09 -8.86513e-08 11.5819)
(-6.34247e-09 -8.88102e-08 11.6426)
(-1.17517e-08 -7.31976e-08 11.7288)
(-1.16824e-08 -1.08446e-07 11.4406)
(-1.90335e-08 -1.01714e-07 11.5226)
(-2.80615e-08 -7.48776e-08 11.629)
(-2.22883e-08 -1.2148e-07 11.0934)
(-4.1902e-08 -1.05199e-07 11.2359)
(-5.30577e-08 -6.85387e-08 11.3942)
(-3.72209e-08 -1.26261e-07 10.5717)
(-7.4113e-08 -9.67983e-08 10.8119)
(-8.59397e-08 -4.97893e-08 11.0436)
(-5.51782e-08 -1.21502e-07 9.93524)
(-1.13427e-07 -7.65188e-08 10.2918)
(-1.24287e-07 -1.82092e-08 10.61)
(-7.46397e-08 -1.07137e-07 9.25327)
(-1.56156e-07 -4.64415e-08 9.72185)
(-1.64464e-07 2.39498e-08 10.1326)
(-9.35925e-08 -8.4799e-08 8.58559)
(-1.97306e-07 -9.53442e-09 9.14783)
(-2.03434e-07 7.25927e-08 9.64166)
(-1.10121e-07 -5.71457e-08 7.9648)
(-2.32107e-07 2.97789e-08 8.59338)
(-2.38064e-07 1.22815e-07 9.14998)
(-1.22679e-07 -2.71896e-08 7.36278)
(-2.56177e-07 6.69624e-08 8.02429)
(-2.65644e-07 1.69198e-07 8.61499)
(-1.28643e-07 -8.06584e-10 6.50723)
(-2.61621e-07 9.30364e-08 7.14725)
(-2.79065e-07 2.02423e-07 7.71297)
(-5.91629e-09 -9.5029e-08 11.5819)
(-9.08919e-09 -9.62487e-08 11.6426)
(-1.42961e-08 -8.33864e-08 11.7288)
(-1.25183e-08 -1.16733e-07 11.4406)
(-2.23164e-08 -1.11275e-07 11.5226)
(-3.03825e-08 -8.73484e-08 11.629)
(-2.30807e-08 -1.3121e-07 11.0934)
(-4.50797e-08 -1.16316e-07 11.2359)
(-5.44759e-08 -8.32659e-08 11.3942)
(-3.76578e-08 -1.36914e-07 10.5717)
(-7.65032e-08 -1.09017e-07 10.8119)
(-8.56905e-08 -6.67377e-08 11.0436)
(-5.50227e-08 -1.32339e-07 9.93524)
(-1.14503e-07 -8.91423e-08 10.2918)
(-1.21732e-07 -3.68375e-08 10.61)
(-7.3814e-08 -1.17232e-07 9.25327)
(-1.55747e-07 -5.8582e-08 9.72185)
(-1.59301e-07 4.42928e-09 10.1326)
(-9.22194e-08 -9.31635e-08 8.58559)
(-1.95691e-07 -2.01683e-08 9.14783)
(-1.95746e-07 5.31865e-08 9.64166)
(-1.08519e-07 -6.30586e-08 7.9648)
(-2.30041e-07 2.16388e-08 8.59338)
(-2.28389e-07 1.04941e-07 9.14998)
(-1.21359e-07 -3.04179e-08 7.36278)
(-2.54884e-07 6.21073e-08 8.02429)
(-2.55093e-07 1.54777e-07 8.61499)
(-1.28324e-07 -1.88977e-09 6.50723)
(-2.62861e-07 9.19045e-08 7.14725)
(-2.70325e-07 1.93503e-07 7.71297)
(-7.32731e-09 -8.99236e-08 11.5819)
(-1.31285e-08 -9.28706e-08 11.6426)
(-2.07656e-08 -8.04415e-08 11.7288)
(-1.45643e-08 -1.1185e-07 11.4406)
(-2.80207e-08 -1.07962e-07 11.5226)
(-3.82468e-08 -8.476e-08 11.629)
(-2.58099e-08 -1.27015e-07 11.0934)
(-5.25201e-08 -1.13224e-07 11.2359)
(-6.35732e-08 -8.09536e-08 11.3942)
(-4.11238e-08 -1.33963e-07 10.5717)
(-8.56785e-08 -1.06283e-07 10.8119)
(-9.57381e-08 -6.47565e-08 11.0436)
(-5.9141e-08 -1.30896e-07 9.93524)
(-1.25214e-07 -8.67886e-08 10.2918)
(-1.3215e-07 -3.52036e-08 10.61)
(-7.83618e-08 -1.17277e-07 9.25327)
(-1.67397e-07 -5.67256e-08 9.72185)
(-1.69012e-07 5.45414e-09 10.1326)
(-9.67432e-08 -9.44892e-08 8.58559)
(-2.07141e-07 -1.89643e-08 9.14783)
(-2.03233e-07 5.30126e-08 9.64166)
(-1.12377e-07 -6.50905e-08 7.9648)
(-2.39735e-07 2.21357e-08 8.59338)
(-2.31951e-07 1.02756e-07 9.14998)
(-1.23899e-07 -3.2109e-08 7.36278)
(-2.61411e-07 6.22656e-08 8.02429)
(-2.53567e-07 1.50043e-07 8.61499)
(-1.29269e-07 -2.50214e-09 6.50723)
(-2.66028e-07 9.22137e-08 7.14725)
(-2.64179e-07 1.86875e-07 7.71297)
(-1.08377e-08 -8.84852e-08 11.5819)
(-2.2759e-08 -9.22874e-08 11.6426)
(-3.52739e-08 -8.20593e-08 11.7288)
(-1.90244e-08 -1.08892e-07 11.4406)
(-4.0048e-08 -1.06321e-07 11.5226)
(-5.50013e-08 -8.69349e-08 11.629)
(-3.11969e-08 -1.22311e-07 11.0934)
(-6.66926e-08 -1.10058e-07 11.2359)
(-8.16039e-08 -8.29932e-08 11.3942)
(-4.74381e-08 -1.27779e-07 10.5717)
(-1.01748e-07 -1.01396e-07 10.8119)
(-1.14015e-07 -6.62857e-08 11.0436)
(-6.62394e-08 -1.23805e-07 9.93524)
(-1.42718e-07 -8.02519e-08 10.2918)
(-1.49512e-07 -3.57719e-08 10.61)
(-8.59748e-08 -1.10069e-07 9.25327)
(-1.85626e-07 -4.90345e-08 9.72185)
(-1.8434e-07 5.91438e-09 10.1326)
(-1.04433e-07 -8.80164e-08 8.58559)
(-2.25114e-07 -1.08529e-08 9.14783)
(-2.15606e-07 5.41725e-08 9.64166)
(-1.1954e-07 -6.01538e-08 7.9648)
(-2.5621e-07 2.96792e-08 8.59338)
(-2.40543e-07 1.03918e-07 9.14998)
(-1.29756e-07 -2.9263e-08 7.36278)
(-2.74818e-07 6.81508e-08 8.02429)
(-2.57343e-07 1.50151e-07 8.61499)
(-1.32699e-07 -1.7301e-09 6.50723)
(-2.7421e-07 9.54085e-08 7.14725)
(-2.62017e-07 1.84141e-07 7.71297)
(-1.35162e-08 -9.87253e-08 11.5819)
(-3.07569e-08 -1.02706e-07 11.6426)
(-4.57101e-08 -9.65051e-08 11.7288)
(-2.23458e-08 -1.19919e-07 11.4406)
(-4.95223e-08 -1.18261e-07 11.5226)
(-6.65032e-08 -1.04101e-07 11.629)
(-3.49035e-08 -1.3291e-07 11.0934)
(-7.68321e-08 -1.22324e-07 11.2359)
(-9.25887e-08 -1.0209e-07 11.3942)
(-5.12179e-08 -1.37085e-07 10.5717)
(-1.11517e-07 -1.12996e-07 10.8119)
(-1.22791e-07 -8.65576e-08 11.0436)
(-6.9724e-08 -1.31146e-07 9.93524)
(-1.51205e-07 -9.03007e-08 10.2918)
(-1.54745e-07 -5.62615e-08 10.61)
(-8.89936e-08 -1.15031e-07 9.25327)
(-1.92424e-07 -5.68954e-08 9.72185)
(-1.85461e-07 -1.36418e-08 10.1326)
(-1.07047e-07 -9.05582e-08 8.58559)
(-2.30473e-07 -1.60146e-08 9.14783)
(-2.13018e-07 3.68319e-08 9.64166)
(-1.21987e-07 -6.06909e-08 7.9648)
(-2.60897e-07 2.73844e-08 8.59338)
(-2.3546e-07 8.99343e-08 9.14998)
(-1.3219e-07 -2.85675e-08 7.36278)
(-2.79518e-07 6.83693e-08 8.02429)
(-2.51216e-07 1.40096e-07 8.61499)
(-1.34742e-07 -1.17278e-09 6.50723)
(-2.78541e-07 9.66918e-08 7.14725)
(-2.5572e-07 1.77337e-07 7.71297)
(-1.39685e-08 -1.05218e-07 11.5819)
(-3.30497e-08 -1.10479e-07 11.6426)
(-4.8514e-08 -1.06911e-07 11.7288)
(-2.3346e-08 -1.29483e-07 11.4406)
(-5.32163e-08 -1.29191e-07 11.5226)
(-7.04922e-08 -1.17493e-07 11.629)
(-3.62202e-08 -1.44976e-07 11.0934)
(-8.13499e-08 -1.35729e-07 11.2359)
(-9.70744e-08 -1.1819e-07 11.3942)
(-5.24912e-08 -1.50777e-07 10.5717)
(-1.16005e-07 -1.28056e-07 10.8119)
(-1.26785e-07 -1.04919e-07 11.0436)
(-7.05967e-08 -1.4526e-07 9.93524)
(-1.54851e-07 -1.05869e-07 10.2918)
(-1.57264e-07 -7.59876e-08 10.61)
(-8.92664e-08 -1.28183e-07 9.25327)
(-1.94755e-07 -7.16509e-08 9.72185)
(-1.85741e-07 -3.36084e-08 10.1326)
(-1.0676e-07 -1.01397e-07 8.58559)
(-2.31493e-07 -2.85596e-08 9.14783)
(-2.10626e-07 1.78676e-08 9.64166)
(-1.21429e-07 -6.8278e-08 7.9648)
(-2.61158e-07 1.82254e-08 8.59338)
(-2.30426e-07 7.33128e-08 9.14998)
(-1.31805e-07 -3.26061e-08 7.36278)
(-2.79961e-07 6.33361e-08 8.02429)
(-2.4404e-07 1.27284e-07 8.61499)
(-1.34934e-07 -2.45903e-09 6.50723)
(-2.80238e-07 9.55939e-08 7.14725)
(-2.48167e-07 1.69212e-07 7.71297)
(-1.43583e-08 -1.01109e-07 11.5819)
(-3.42627e-08 -1.08301e-07 11.6426)
(-5.10958e-08 -1.04783e-07 11.7288)
(-2.44897e-08 -1.25814e-07 11.4406)
(-5.64518e-08 -1.27483e-07 11.5226)
(-7.52832e-08 -1.15846e-07 11.629)
(-3.80857e-08 -1.42122e-07 11.0934)
(-8.66375e-08 -1.34638e-07 11.2359)
(-1.04146e-07 -1.16975e-07 11.3942)
(-5.49288e-08 -1.49159e-07 10.5717)
(-1.23065e-07 -1.27734e-07 10.8119)
(-1.35896e-07 -1.04165e-07 11.0436)
(-7.33338e-08 -1.45064e-07 9.93524)
(-1.63158e-07 -1.0629e-07 10.2918)
(-1.67706e-07 -7.56101e-08 10.61)
(-9.19766e-08 -1.29367e-07 9.25327)
(-2.03512e-07 -7.27559e-08 9.72185)
(-1.96286e-07 -3.36597e-08 10.1326)
(-1.09099e-07 -1.03713e-07 8.58559)
(-2.39693e-07 -3.02402e-08 9.14783)
(-2.1962e-07 1.70609e-08 9.64166)
(-1.23102e-07 -7.10983e-08 7.9648)
(-2.67731e-07 1.62892e-08 8.59338)
(-2.36033e-07 7.12231e-08 9.14998)
(-1.32661e-07 -3.48225e-08 7.36278)
(-2.84177e-07 6.1894e-08 8.02429)
(-2.44877e-07 1.23496e-07 8.61499)
(-1.3517e-07 -3.2942e-09 6.50723)
(-2.82441e-07 9.52913e-08 7.14725)
(-2.44138e-07 1.63965e-07 7.71297)
(-1.59397e-08 -9.92894e-08 11.5819)
(-3.85099e-08 -1.07112e-07 11.6426)
(-5.8014e-08 -1.04383e-07 11.7288)
(-2.67783e-08 -1.22182e-07 11.4406)
(-6.26811e-08 -1.25027e-07 11.5226)
(-8.44659e-08 -1.15361e-07 11.629)
(-4.09748e-08 -1.36594e-07 11.0934)
(-9.4637e-08 -1.3079e-07 11.2359)
(-1.1519e-07 -1.16093e-07 11.3942)
(-5.82093e-08 -1.42076e-07 10.5717)
(-1.32422e-07 -1.22633e-07 10.8119)
(-1.48196e-07 -1.02788e-07 11.0436)
(-7.67102e-08 -1.37154e-07 9.93524)
(-1.73252e-07 -1.00369e-07 10.2918)
(-1.80407e-07 -7.36736e-08 10.61)
(-9.51322e-08 -1.21617e-07 9.25327)
(-2.13613e-07 -6.66771e-08 9.72185)
(-2.08444e-07 -3.13162e-08 10.1326)
(-1.11756e-07 -9.71011e-08 8.58559)
(-2.49077e-07 -2.46956e-08 9.14783)
(-2.30315e-07 1.95046e-08 9.64166)
(-1.25068e-07 -6.64147e-08 7.9648)
(-2.75768e-07 2.06697e-08 8.59338)
(-2.44336e-07 7.32925e-08 9.14998)
(-1.33825e-07 -3.2467e-08 7.36278)
(-2.90289e-07 6.46873e-08 8.02429)
(-2.49589e-07 1.24522e-07 8.61499)
(-1.35402e-07 -2.94939e-09 6.50723)
(-2.85937e-07 9.63896e-08 7.14725)
(-2.43855e-07 1.62541e-07 7.71297)
(-1.66565e-08 -1.07689e-07 11.5819)
(-4.09022e-08 -1.14642e-07 11.6426)
(-6.09873e-08 -1.13426e-07 11.7288)
(-2.76374e-08 -1.30964e-07 11.4406)
(-6.5564e-08 -1.33307e-07 11.5226)
(-8.79117e-08 -1.2578e-07 11.629)
(-4.17077e-08 -1.4491e-07 11.0934)
(-9.74129e-08 -1.39243e-07 11.2359)
(-1.18279e-07 -1.27675e-07 11.3942)
(-5.84456e-08 -1.49219e-07 10.5717)
(-1.3422e-07 -1.30794e-07 10.8119)
(-1.49949e-07 -1.15237e-07 11.0436)
(-7.60934e-08 -1.42623e-07 9.93524)
(-1.73319e-07 -1.07898e-07 10.2918)
(-1.80084e-07 -8.66808e-08 10.61)
(-9.35059e-08 -1.25206e-07 9.25327)
(-2.11647e-07 -7.33283e-08 9.72185)
(-2.05845e-07 -4.4315e-08 10.1326)
(-1.09235e-07 -9.89325e-08 8.58559)
(-2.45426e-07 -3.02233e-08 9.14783)
(-2.25899e-07 7.37536e-09 9.64166)
(-1.22023e-07 -6.69345e-08 7.9648)
(-2.71363e-07 1.64651e-08 8.59338)
(-2.39082e-07 6.30173e-08 9.14998)
(-1.30723e-07 -3.23068e-08 7.36278)
(-2.86242e-07 6.19023e-08 8.02429)
(-2.44533e-07 1.16863e-07 8.61499)
(-1.32635e-07 -3.08866e-09 6.50723)
(-2.83054e-07 9.46327e-08 7.14725)
(-2.39425e-07 1.57335e-07 7.71297)
(-1.63112e-08 -1.13524e-07 11.5819)
(-4.0451e-08 -1.19495e-07 11.6426)
(-5.97947e-08 -1.17566e-07 11.7288)
(-2.71493e-08 -1.3775e-07 11.4406)
(-6.48164e-08 -1.38677e-07 11.5226)
(-8.59856e-08 -1.30038e-07 11.629)
(-4.09669e-08 -1.52267e-07 11.0934)
(-9.61569e-08 -1.44958e-07 11.2359)
(-1.15559e-07 -1.3238e-07 11.3942)
(-5.72982e-08 -1.56693e-07 10.5717)
(-1.32189e-07 -1.36697e-07 10.8119)
(-1.46292e-07 -1.20576e-07 11.0436)
(-7.44526e-08 -1.49761e-07 9.93524)
(-1.70347e-07 -1.1384e-07 10.2918)
(-1.75462e-07 -9.28281e-08 10.61)
(-9.13521e-08 -1.31519e-07 9.25327)
(-2.07748e-07 -7.90683e-08 9.72185)
(-2.00365e-07 -5.13034e-08 10.1326)
(-1.06628e-07 -1.03936e-07 8.58559)
(-2.40803e-07 -3.54562e-08 9.14783)
(-2.19756e-07 -2.747e-10 9.64166)
(-1.19089e-07 -7.03583e-08 7.9648)
(-2.66438e-07 1.2049e-08 8.59338)
(-2.3258e-07 5.52452e-08 9.14998)
(-1.27667e-07 -3.41885e-08 7.36278)
(-2.81657e-07 5.86046e-08 8.02428)
(-2.38052e-07 1.10034e-07 8.61499)
(-1.29826e-07 -3.96946e-09 6.50723)
(-2.79896e-07 9.26303e-08 7.14725)
(-2.34138e-07 1.52453e-07 7.71297)
(-1.71618e-08 -1.10154e-07 11.5819)
(-4.23935e-08 -1.15625e-07 11.6426)
(-6.30229e-08 -1.10944e-07 11.7288)
(-2.82467e-08 -1.33054e-07 11.4406)
(-6.72995e-08 -1.32815e-07 11.5226)
(-8.92887e-08 -1.21314e-07 11.629)
(-4.25018e-08 -1.46576e-07 11.0934)
(-9.95908e-08 -1.3743e-07 11.2359)
(-1.19251e-07 -1.21852e-07 11.3942)
(-5.94946e-08 -1.50674e-07 10.5717)
(-1.37e-07 -1.27939e-07 10.8119)
(-1.50695e-07 -1.08641e-07 11.0436)
(-7.74281e-08 -1.44145e-07 9.93524)
(-1.76811e-07 -1.04507e-07 10.2918)
(-1.80714e-07 -8.02192e-08 10.61)
(-9.50341e-08 -1.26924e-07 9.25327)
(-2.15678e-07 -7.00196e-08 9.72185)
(-2.06143e-07 -3.90647e-08 10.1326)
(-1.10638e-07 -1.00815e-07 8.58559)
(-2.49363e-07 -2.76348e-08 9.14783)
(-2.25249e-07 1.02452e-08 9.64166)
(-1.22753e-07 -6.87483e-08 7.9648)
(-2.74193e-07 1.78513e-08 8.59338)
(-2.36588e-07 6.26176e-08 9.14998)
(-1.30157e-07 -3.35165e-08 7.36278)
(-2.86996e-07 6.21417e-08 8.02428)
(-2.39442e-07 1.13209e-07 8.61499)
(-1.3047e-07 -3.69315e-09 6.50723)
(-2.81917e-07 9.3903e-08 7.14725)
(-2.32477e-07 1.51333e-07 7.71297)
(-2.00233e-08 -1.0811e-07 11.5819)
(-4.98084e-08 -1.13107e-07 11.6426)
(-7.42586e-08 -1.08086e-07 11.7288)
(-3.1843e-08 -1.29034e-07 11.4406)
(-7.64141e-08 -1.28186e-07 11.5226)
(-1.01905e-07 -1.1742e-07 11.629)
(-4.69617e-08 -1.40482e-07 11.0934)
(-1.1048e-07 -1.30518e-07 11.2359)
(-1.32709e-07 -1.16558e-07 11.3942)
(-6.49762e-08 -1.42888e-07 10.5717)
(-1.49758e-07 -1.18746e-07 10.8119)
(-1.64472e-07 -1.01792e-07 11.0436)
(-8.39461e-08 -1.35405e-07 9.93524)
(-1.91346e-07 -9.3458e-08 10.2918)
(-1.94241e-07 -7.19021e-08 10.61)
(-1.02433e-07 -1.18161e-07 9.25327)
(-2.31575e-07 -5.79578e-08 9.72185)
(-2.18815e-07 -2.97448e-08 10.1326)
(-1.18513e-07 -9.29841e-08 8.58559)
(-2.65794e-07 -1.56163e-08 9.14783)
(-2.36541e-07 1.97689e-08 9.64166)
(-1.30442e-07 -6.27093e-08 7.9648)
(-2.89916e-07 2.85476e-08 8.59337)
(-2.45954e-07 7.1259e-08 9.14998)
(-1.36724e-07 -2.98542e-08 7.36278)
(-3.00249e-07 7.02075e-08 8.02428)
(-2.45952e-07 1.19672e-07 8.61499)
(-1.34482e-07 -2.46159e-09 6.50723)
(-2.90034e-07 9.80437e-08 7.14725)
(-2.34658e-07 1.53609e-07 7.71297)
(-2.23707e-08 -1.14344e-07 11.5819)
(-5.63729e-08 -1.19014e-07 11.6426)
(-8.24762e-08 -1.16307e-07 11.7288)
(-3.47797e-08 -1.34849e-07 11.4406)
(-8.41464e-08 -1.34115e-07 11.5226)
(-1.10705e-07 -1.26738e-07 11.629)
(-5.03783e-08 -1.45078e-07 11.0934)
(-1.18879e-07 -1.35711e-07 11.2359)
(-1.4095e-07 -1.26488e-07 11.3942)
(-6.87311e-08 -1.45916e-07 10.5717)
(-1.58189e-07 -1.22656e-07 10.8119)
(-1.7098e-07 -1.11916e-07 11.0436)
(-8.78263e-08 -1.36755e-07 9.93524)
(-1.99234e-07 -9.57566e-08 10.2918)
(-1.9814e-07 -8.17209e-08 10.61)
(-1.06349e-07 -1.17909e-07 9.25327)
(-2.38697e-07 -5.85525e-08 9.72185)
(-2.19869e-07 -3.86966e-08 10.1326)
(-1.2251e-07 -9.14432e-08 8.58559)
(-2.72384e-07 -1.4489e-08 9.14783)
(-2.3531e-07 1.2352e-08 9.64166)
(-1.34641e-07 -6.04439e-08 7.9648)
(-2.96527e-07 3.11824e-08 8.59337)
(-2.43627e-07 6.59807e-08 9.14998)
(-1.4108e-07 -2.75796e-08 7.36278)
(-3.07187e-07 7.37821e-08 8.02428)
(-2.43816e-07 1.16724e-07 8.61499)
(-1.38288e-07 -1.22644e-09 6.50723)
(-2.96269e-07 1.01078e-07 7.14725)
(-2.33142e-07 1.52126e-07 7.71297)
(-2.27574e-08 -1.16573e-07 11.5819)
(-5.7982e-08 -1.22186e-07 11.6426)
(-8.34326e-08 -1.21479e-07 11.7288)
(-3.55665e-08 -1.37795e-07 11.4406)
(-8.65796e-08 -1.38282e-07 11.5226)
(-1.11881e-07 -1.33194e-07 11.629)
(-5.14367e-08 -1.48529e-07 11.0934)
(-1.21746e-07 -1.40556e-07 11.2359)
(-1.4191e-07 -1.34178e-07 11.3942)
(-6.98515e-08 -1.4974e-07 10.5717)
(-1.60977e-07 -1.27953e-07 10.8119)
(-1.71159e-07 -1.20816e-07 11.0436)
(-8.88166e-08 -1.40714e-07 9.93524)
(-2.01497e-07 -1.01152e-07 10.2918)
(-1.97056e-07 -9.14902e-08 10.61)
(-1.07158e-07 -1.21591e-07 9.25327)
(-2.40311e-07 -6.35425e-08 9.72185)
(-2.17314e-07 -4.8828e-08 10.1326)
(-1.23286e-07 -9.43253e-08 8.58559)
(-2.73636e-07 -1.84181e-08 9.14783)
(-2.31394e-07 2.55133e-09 9.64166)
(-1.35715e-07 -6.21569e-08 7.9648)
(-2.98118e-07 2.892e-08 8.59337)
(-2.38831e-07 5.74055e-08 9.14998)
(-1.42844e-07 -2.8061e-08 7.36278)
(-3.09992e-07 7.35665e-08 8.02428)
(-2.38903e-07 1.10492e-07 8.61499)
(-1.40905e-07 -1.00433e-09 6.50723)
(-3.0083e-07 1.02662e-07 7.14725)
(-2.29567e-07 1.4897e-07 7.71297)
(-2.28388e-08 -1.08044e-07 11.5819)
(-5.82655e-08 -1.15695e-07 11.6426)
(-8.40768e-08 -1.1562e-07 11.7288)
(-3.61848e-08 -1.2902e-07 11.4406)
(-8.82757e-08 -1.31723e-07 11.5226)
(-1.13881e-07 -1.27556e-07 11.629)
(-5.25818e-08 -1.40314e-07 11.0934)
(-1.24838e-07 -1.34454e-07 11.2359)
(-1.45313e-07 -1.28878e-07 11.3942)
(-7.14384e-08 -1.42911e-07 10.5717)
(-1.65293e-07 -1.22799e-07 10.8119)
(-1.75874e-07 -1.16177e-07 11.0436)
(-9.06875e-08 -1.35762e-07 9.93524)
(-2.06731e-07 -9.72032e-08 10.2918)
(-2.02677e-07 -8.76475e-08 10.61)
(-1.09143e-07 -1.18653e-07 9.25327)
(-2.4601e-07 -6.08961e-08 9.72185)
(-2.23078e-07 -4.59431e-08 10.1326)
(-1.2522e-07 -9.32297e-08 8.58559)
(-2.7923e-07 -1.69881e-08 9.14783)
(-2.36251e-07 4.20865e-09 9.64166)
(-1.37477e-07 -6.23352e-08 7.9648)
(-3.03014e-07 2.94831e-08 8.59337)
(-2.41644e-07 5.75111e-08 9.14998)
(-1.44419e-07 -2.85059e-08 7.36278)
(-3.13857e-07 7.40111e-08 8.02428)
(-2.38961e-07 1.08906e-07 8.61499)
(-1.42512e-07 -9.60385e-10 6.50723)
(-3.04044e-07 1.03677e-07 7.14725)
(-2.27129e-07 1.46259e-07 7.71297)
(-2.43338e-08 -9.96633e-08 11.5819)
(-6.21639e-08 -1.08728e-07 11.6426)
(-9.02006e-08 -1.10339e-07 11.7288)
(-3.82356e-08 -1.18352e-07 11.4406)
(-9.37386e-08 -1.23237e-07 11.5226)
(-1.21765e-07 -1.22219e-07 11.629)
(-5.50688e-08 -1.27939e-07 11.0934)
(-1.31513e-07 -1.2485e-07 11.2359)
(-1.54437e-07 -1.23335e-07 11.3942)
(-7.41995e-08 -1.29754e-07 10.5717)
(-1.72794e-07 -1.12679e-07 10.8119)
(-1.85676e-07 -1.10684e-07 11.0436)
(-9.35148e-08 -1.22893e-07 9.93524)
(-2.14549e-07 -8.72659e-08 10.2918)
(-2.12414e-07 -8.23423e-08 10.61)
(-1.11827e-07 -1.07162e-07 9.25327)
(-2.53607e-07 -5.18728e-08 9.72185)
(-2.31997e-07 -4.10898e-08 10.1326)
(-1.27588e-07 -8.40068e-08 8.58559)
(-2.86135e-07 -9.47624e-09 9.14783)
(-2.43694e-07 8.30717e-09 9.64166)
(-1.39432e-07 -5.59685e-08 7.9648)
(-3.08913e-07 3.50593e-08 8.59337)
(-2.47057e-07 6.05073e-08 9.14998)
(-1.45954e-07 -2.51707e-08 7.36278)
(-3.18556e-07 7.74719e-08 8.02428)
(-2.41715e-07 1.10407e-07 8.61499)
(-1.43625e-07 -8.16237e-11 6.50723)
(-3.07298e-07 1.05279e-07 7.14725)
(-2.26552e-07 1.45531e-07 7.71297)
(-2.54116e-08 -1.00843e-07 11.5819)
(-6.53107e-08 -1.10207e-07 11.6426)
(-9.39081e-08 -1.14608e-07 11.7288)
(-3.94401e-08 -1.18449e-07 11.4406)
(-9.72882e-08 -1.24605e-07 11.5226)
(-1.25885e-07 -1.27665e-07 11.629)
(-5.60947e-08 -1.26688e-07 11.0934)
(-1.34706e-07 -1.25957e-07 11.2359)
(-1.58011e-07 -1.29774e-07 11.3942)
(-7.46913e-08 -1.27206e-07 10.5717)
(-1.74746e-07 -1.136e-07 10.8119)
(-1.87721e-07 -1.18116e-07 11.0436)
(-9.31542e-08 -1.19287e-07 9.93524)
(-2.14515e-07 -8.81325e-08 10.2918)
(-2.12155e-07 -9.06415e-08 10.61)
(-1.10498e-07 -1.02908e-07 9.25327)
(-2.51306e-07 -5.28107e-08 9.72185)
(-2.29205e-07 -4.98999e-08 10.1326)
(-1.25442e-07 -7.96505e-08 8.58559)
(-2.81954e-07 -1.04947e-08 9.14783)
(-2.38794e-07 -3.70817e-10 9.64166)
(-1.36883e-07 -5.21557e-08 7.9648)
(-3.03864e-07 3.40355e-08 8.59337)
(-2.41044e-07 5.2742e-08 9.14998)
(-1.43534e-07 -2.25191e-08 7.36278)
(-3.13937e-07 7.65359e-08 8.02428)
(-2.35789e-07 1.04181e-07 8.61499)
(-1.41833e-07 8.25992e-10 6.50723)
(-3.04252e-07 1.04351e-07 7.14725)
(-2.21531e-07 1.40917e-07 7.71297)
(-2.47834e-08 -1.03147e-07 11.5819)
(-6.42634e-08 -1.12716e-07 11.6426)
(-9.18359e-08 -1.18573e-07 11.7288)
(-3.86653e-08 -1.22067e-07 11.4406)
(-9.60686e-08 -1.28621e-07 11.5226)
(-1.23626e-07 -1.33093e-07 11.629)
(-5.49477e-08 -1.31472e-07 11.0934)
(-1.32863e-07 -1.31414e-07 11.2359)
(-1.55336e-07 -1.36802e-07 11.3942)
(-7.28818e-08 -1.32748e-07 10.5717)
(-1.71742e-07 -1.20355e-07 10.8119)
(-1.84278e-07 -1.26796e-07 11.0436)
(-9.04869e-08 -1.25007e-07 9.93524)
(-2.09923e-07 -9.58257e-08 10.2918)
(-2.07651e-07 -1.00776e-07 10.61)
(-1.06912e-07 -1.08152e-07 9.25327)
(-2.44986e-07 -6.08502e-08 9.72185)
(-2.23513e-07 -6.10417e-08 10.1326)
(-1.21071e-07 -8.3795e-08 8.58559)
(-2.74134e-07 -1.81854e-08 9.14783)
(-2.31949e-07 -1.18387e-08 9.64166)
(-1.32052e-07 -5.4873e-08 7.9648)
(-2.95192e-07 2.73506e-08 8.59337)
(-2.33322e-07 4.18558e-08 9.14998)
(-1.38746e-07 -2.38694e-08 7.36278)
(-3.05465e-07 7.13878e-08 8.02428)
(-2.27699e-07 9.50659e-08 8.61499)
(-1.37833e-07 2.45511e-10 6.50723)
(-2.97642e-07 1.0107e-07 7.14725)
(-2.14479e-07 1.34594e-07 7.71297)
(-2.42431e-08 -1.00474e-07 11.5819)
(-6.28588e-08 -1.10247e-07 11.6426)
(-9.02658e-08 -1.15056e-07 11.7288)
(-3.80855e-08 -1.19464e-07 11.4406)
(-9.47347e-08 -1.25983e-07 11.5226)
(-1.222e-07 -1.291e-07 11.629)
(-5.43596e-08 -1.29255e-07 11.0934)
(-1.31796e-07 -1.28896e-07 11.2359)
(-1.54415e-07 -1.32569e-07 11.3942)
(-7.23107e-08 -1.31183e-07 10.5717)
(-1.71091e-07 -1.18209e-07 10.8119)
(-1.84147e-07 -1.2257e-07 11.0436)
(-8.99321e-08 -1.24235e-07 9.93524)
(-2.09758e-07 -9.42435e-08 10.2918)
(-2.08376e-07 -9.68612e-08 10.61)
(-1.063e-07 -1.08184e-07 9.25327)
(-2.4511e-07 -6.00043e-08 9.72185)
(-2.24767e-07 -5.78389e-08 10.1326)
(-1.20207e-07 -8.45353e-08 8.58559)
(-2.74004e-07 -1.82594e-08 9.14783)
(-2.32969e-07 -9.901e-09 9.64166)
(-1.30652e-07 -5.6022e-08 7.9648)
(-2.93969e-07 2.62859e-08 8.59337)
(-2.33046e-07 4.19026e-08 9.14998)
(-1.36547e-07 -2.48298e-08 7.36278)
(-3.02402e-07 6.9613e-08 8.02428)
(-2.25243e-07 9.28143e-08 8.61498)
(-1.34948e-07 -1.51802e-10 6.50723)
(-2.93013e-07 9.90248e-08 7.14725)
(-2.09832e-07 1.30428e-07 7.71297)
(-2.51698e-08 -9.99785e-08 11.5819)
(-6.52121e-08 -1.09409e-07 11.6426)
(-9.43095e-08 -1.13823e-07 11.7288)
(-3.91926e-08 -1.17631e-07 11.4406)
(-9.76234e-08 -1.23843e-07 11.5226)
(-1.26893e-07 -1.27106e-07 11.629)
(-5.56949e-08 -1.25973e-07 11.0934)
(-1.35314e-07 -1.25346e-07 11.2359)
(-1.59638e-07 -1.29633e-07 11.3942)
(-7.3945e-08 -1.26622e-07 10.5717)
(-1.75367e-07 -1.13292e-07 10.8119)
(-1.89778e-07 -1.18612e-07 11.0436)
(-9.18847e-08 -1.18878e-07 9.93524)
(-2.14802e-07 -8.82999e-08 10.2918)
(-2.14208e-07 -9.20013e-08 10.61)
(-1.08482e-07 -1.02717e-07 9.25327)
(-2.50712e-07 -5.36348e-08 9.72185)
(-2.3048e-07 -5.24764e-08 10.1326)
(-1.22381e-07 -7.96727e-08 8.58559)
(-2.79657e-07 -1.22115e-08 9.14783)
(-2.3815e-07 -4.65431e-09 9.64166)
(-1.32435e-07 -5.23923e-08 7.9648)
(-2.98889e-07 3.11673e-08 8.59337)
(-2.37134e-07 4.62268e-08 9.14998)
(-1.37454e-07 -2.28537e-08 7.36278)
(-3.05541e-07 7.25362e-08 8.02428)
(-2.2735e-07 9.53169e-08 8.61498)
(-1.34398e-07 2.72228e-10 6.50723)
(-2.93106e-07 9.9478e-08 7.14725)
(-2.08852e-07 1.2989e-07 7.71297)
(-2.57977e-08 -1.07355e-07 11.5819)
(-6.71849e-08 -1.16323e-07 11.6426)
(-9.6852e-08 -1.22219e-07 11.7288)
(-3.99156e-08 -1.25698e-07 11.4406)
(-9.98024e-08 -1.31676e-07 11.5226)
(-1.29663e-07 -1.36742e-07 11.629)
(-5.64017e-08 -1.33961e-07 11.0934)
(-1.37374e-07 -1.33426e-07 11.2359)
(-1.61989e-07 -1.40087e-07 11.3942)
(-7.45027e-08 -1.33831e-07 10.5717)
(-1.76871e-07 -1.20997e-07 10.8119)
(-1.91019e-07 -1.29379e-07 11.0436)
(-9.21433e-08 -1.24748e-07 9.93524)
(-2.15378e-07 -9.51075e-08 10.2918)
(-2.13841e-07 -1.02587e-07 10.61)
(-1.08377e-07 -1.06919e-07 9.25327)
(-2.50227e-07 -5.91759e-08 9.72185)
(-2.28406e-07 -6.23198e-08 10.1326)
(-1.21952e-07 -8.2168e-08 8.58559)
(-2.78317e-07 -1.62513e-08 9.14783)
(-2.34754e-07 -1.31465e-08 9.64165)
(-1.31796e-07 -5.34511e-08 7.9648)
(-2.97148e-07 2.86395e-08 8.59337)
(-2.33176e-07 3.95936e-08 9.14998)
(-1.36652e-07 -2.29862e-08 7.36278)
(-3.0376e-07 7.12334e-08 8.02428)
(-2.23604e-07 9.06987e-08 8.61498)
(-1.33208e-07 2.27602e-10 6.50723)
(-2.91045e-07 9.85097e-08 7.14725)
(-2.05538e-07 1.26678e-07 7.71296)
(-2.51753e-08 -1.12833e-07 11.582)
(-6.59918e-08 -1.22171e-07 11.6426)
(-9.44711e-08 -1.29186e-07 11.7288)
(-3.92216e-08 -1.32637e-07 11.4406)
(-9.84102e-08 -1.39064e-07 11.5227)
(-1.2694e-07 -1.44924e-07 11.629)
(-5.55223e-08 -1.41958e-07 11.0934)
(-1.35536e-07 -1.41952e-07 11.2359)
(-1.58777e-07 -1.49408e-07 11.3942)
(-7.32783e-08 -1.42352e-07 10.5717)
(-1.74276e-07 -1.30265e-07 10.8119)
(-1.87101e-07 -1.39643e-07 11.0436)
(-9.04669e-08 -1.33161e-07 9.93524)
(-2.118e-07 -1.04586e-07 10.2918)
(-2.09095e-07 -1.13439e-07 10.61)
(-1.0624e-07 -1.14536e-07 9.25327)
(-2.45687e-07 -6.82002e-08 9.72185)
(-2.22889e-07 -7.32499e-08 10.1326)
(-1.19496e-07 -8.83286e-08 8.58559)
(-2.73142e-07 -2.41127e-08 9.14783)
(-2.28689e-07 -2.3508e-08 9.64165)
(-1.2929e-07 -5.77313e-08 7.9648)
(-2.91971e-07 2.25532e-08 8.59337)
(-2.26978e-07 3.05707e-08 9.14998)
(-1.34435e-07 -2.53327e-08 7.36278)
(-2.99374e-07 6.72998e-08 8.02428)
(-2.17804e-07 8.3929e-08 8.61498)
(-1.31576e-07 -6.58187e-10 6.50724)
(-2.88271e-07 9.66559e-08 7.14725)
(-2.01211e-07 1.22743e-07 7.71296)
(-2.44407e-08 -1.08859e-07 11.582)
(-6.39901e-08 -1.19432e-07 11.6426)
(-9.17066e-08 -1.26151e-07 11.7288)
(-3.84687e-08 -1.28535e-07 11.4406)
(-9.64157e-08 -1.36265e-07 11.5227)
(-1.24189e-07 -1.41594e-07 11.629)
(-5.47429e-08 -1.382e-07 11.0934)
(-1.336e-07 -1.39444e-07 11.2359)
(-1.5632e-07 -1.45964e-07 11.3942)
(-7.2454e-08 -1.39427e-07 10.5717)
(-1.72436e-07 -1.28444e-07 10.8119)
(-1.85206e-07 -1.36394e-07 11.0436)
(-8.95734e-08 -1.31385e-07 9.93524)
(-2.10068e-07 -1.03688e-07 10.2918)
(-2.07872e-07 -1.1065e-07 10.61)
(-1.05244e-07 -1.14015e-07 9.25327)
(-2.43984e-07 -6.83249e-08 9.72185)
(-2.22185e-07 -7.1204e-08 10.1326)
(-1.18353e-07 -8.89427e-08 8.58559)
(-2.71295e-07 -2.5225e-08 9.14783)
(-2.28044e-07 -2.25239e-08 9.64165)
(-1.27964e-07 -5.90401e-08 7.9648)
(-2.89743e-07 2.07248e-08 8.59337)
(-2.25753e-07 3.01924e-08 9.14998)
(-1.32948e-07 -2.65533e-08 7.36278)
(-2.96691e-07 6.53903e-08 8.02428)
(-2.15567e-07 8.21036e-08 8.61498)
(-1.30194e-07 -1.17579e-09 6.50724)
(-2.85784e-07 9.53497e-08 7.14724)
(-1.98245e-07 1.20068e-07 7.71296)
(-2.44367e-08 -1.01874e-07 11.582)
(-6.39069e-08 -1.13549e-07 11.6426)
(-9.23042e-08 -1.20934e-07 11.7288)
(-3.85303e-08 -1.20574e-07 11.4406)
(-9.6721e-08 -1.29766e-07 11.5227)
(-1.25514e-07 -1.36278e-07 11.629)
(-5.47941e-08 -1.29839e-07 11.0934)
(-1.34102e-07 -1.32817e-07 11.2359)
(-1.58285e-07 -1.40571e-07 11.3942)
(-7.24093e-08 -1.31253e-07 10.5717)
(-1.73007e-07 -1.22195e-07 10.8119)
(-1.8775e-07 -1.31233e-07 11.0436)
(-8.93596e-08 -1.23956e-07 9.93524)
(-2.10523e-07 -9.827e-08 10.2918)
(-2.10784e-07 -1.05914e-07 10.61)
(-1.04776e-07 -1.07861e-07 9.25327)
(-2.44105e-07 -6.41019e-08 9.72185)
(-2.25163e-07 -6.71332e-08 10.1326)
(-1.1756e-07 -8.44303e-08 8.58559)
(-2.70873e-07 -2.24331e-08 9.14783)
(-2.3071e-07 -1.93422e-08 9.64165)
(-1.26814e-07 -5.63297e-08 7.9648)
(-2.88642e-07 2.20052e-08 8.59337)
(-2.27685e-07 3.22498e-08 9.14997)
(-1.3147e-07 -2.55687e-08 7.36278)
(-2.94871e-07 6.52588e-08 8.02428)
(-2.1621e-07 8.2832e-08 8.61498)
(-1.28492e-07 -1.36334e-09 6.50724)
(-2.83377e-07 9.42622e-08 7.14724)
(-1.97107e-07 1.19104e-07 7.71296)
(-2.37732e-08 -9.98997e-08 11.582)
(-6.22769e-08 -1.11787e-07 11.6426)
(-8.95385e-08 -1.20629e-07 11.7288)
(-3.75806e-08 -1.17994e-07 11.4406)
(-9.45448e-08 -1.28001e-07 11.5227)
(-1.22422e-07 -1.36487e-07 11.629)
(-5.33634e-08 -1.26781e-07 11.0934)
(-1.30992e-07 -1.31273e-07 11.2359)
(-1.54613e-07 -1.41416e-07 11.3942)
(-7.02813e-08 -1.27862e-07 10.5717)
(-1.6854e-07 -1.21185e-07 10.8119)
(-1.83253e-07 -1.32958e-07 11.0436)
(-8.63928e-08 -1.20425e-07 9.93524)
(-2.04405e-07 -9.80443e-08 10.2918)
(-2.05331e-07 -1.08673e-07 10.61)
(-1.00971e-07 -1.04464e-07 9.25327)
(-2.36352e-07 -6.47741e-08 9.72185)
(-2.18904e-07 -7.08364e-08 10.1326)
(-1.13116e-07 -8.14749e-08 8.58559)
(-2.61943e-07 -2.39663e-08 9.14783)
(-2.24088e-07 -2.36109e-08 9.64165)
(-1.22122e-07 -5.4125e-08 7.9648)
(-2.79396e-07 1.98106e-08 8.59337)
(-2.21385e-07 2.79526e-08 9.14997)
(-1.27018e-07 -2.43678e-08 7.36278)
(-2.86371e-07 6.27046e-08 8.02428)
(-2.10946e-07 7.89909e-08 8.61498)
(-1.24819e-07 -1.31777e-09 6.50724)
(-2.76748e-07 9.16748e-08 7.14724)
(-1.93281e-07 1.15932e-07 7.71296)
(-2.1587e-08 -9.78601e-08 11.582)
(-5.66921e-08 -1.09538e-07 11.6426)
(-8.08358e-08 -1.18496e-07 11.7288)
(-3.47634e-08 -1.1603e-07 11.4406)
(-8.75978e-08 -1.25965e-07 11.5227)
(-1.12396e-07 -1.34292e-07 11.629)
(-4.98128e-08 -1.25135e-07 11.0934)
(-1.22628e-07 -1.29823e-07 11.2359)
(-1.43711e-07 -1.39646e-07 11.3942)
(-6.5873e-08 -1.26574e-07 10.5717)
(-1.58743e-07 -1.20687e-07 10.8119)
(-1.71917e-07 -1.32066e-07 11.0436)
(-8.11387e-08 -1.19497e-07 9.93524)
(-1.93296e-07 -9.87347e-08 10.2918)
(-1.9406e-07 -1.09048e-07 10.61)
(-9.49789e-08 -1.03853e-07 9.25327)
(-2.24246e-07 -6.66279e-08 9.72185)
(-2.08216e-07 -7.26224e-08 10.1326)
(-1.06638e-07 -8.10721e-08 8.58559)
(-2.49364e-07 -2.68042e-08 9.14783)
(-2.14388e-07 -2.66723e-08 9.64165)
(-1.15544e-07 -5.388e-08 7.9648)
(-2.6708e-07 1.63172e-08 8.59337)
(-2.12996e-07 2.40432e-08 9.14997)
(-1.20865e-07 -2.43387e-08 7.36278)
(-2.75274e-07 5.89964e-08 8.02428)
(-2.04105e-07 7.50268e-08 8.61498)
(-1.19869e-07 -1.64789e-09 6.50724)
(-2.68354e-07 8.83934e-08 7.14724)
(-1.88669e-07 1.12796e-07 7.71296)
(-1.92633e-08 -9.18587e-08 11.582)
(-5.03226e-08 -1.03222e-07 11.6426)
(-7.20908e-08 -1.10433e-07 11.7288)
(-3.18357e-08 -1.10024e-07 11.4406)
(-7.99588e-08 -1.19275e-07 11.5227)
(-1.0259e-07 -1.25153e-07 11.629)
(-4.63639e-08 -1.19774e-07 11.0934)
(-1.141e-07 -1.2347e-07 11.2359)
(-1.33671e-07 -1.29967e-07 11.3942)
(-6.20179e-08 -1.22199e-07 10.5717)
(-1.49801e-07 -1.15211e-07 10.8119)
(-1.62539e-07 -1.22384e-07 11.0436)
(-7.70449e-08 -1.16282e-07 9.93524)
(-1.8443e-07 -9.45429e-08 10.2918)
(-1.86106e-07 -1.00002e-07 10.61)
(-9.07512e-08 -1.01847e-07 9.25327)
(-2.15746e-07 -6.39693e-08 9.72185)
(-2.02074e-07 -6.48418e-08 10.1326)
(-1.02283e-07 -8.02175e-08 8.58559)
(-2.41227e-07 -2.58769e-08 9.14783)
(-2.09923e-07 -2.07813e-08 9.64165)
(-1.10985e-07 -5.39267e-08 7.9648)
(-2.59012e-07 1.55032e-08 8.59337)
(-2.09622e-07 2.74772e-08 9.14997)
(-1.16051e-07 -2.47701e-08 7.36278)
(-2.66992e-07 5.68207e-08 8.02428)
(-2.01141e-07 7.57086e-08 8.61498)
(-1.15144e-07 -2.04071e-09 6.50724)
(-2.60444e-07 8.55576e-08 7.14724)
(-1.85818e-07 1.1121e-07 7.71296)
(-1.83374e-08 -8.78963e-08 11.582)
(-4.74754e-08 -9.8439e-08 11.6426)
(-6.84806e-08 -1.04369e-07 11.7288)
(-3.04037e-08 -1.04857e-07 11.4406)
(-7.59503e-08 -1.13171e-07 11.5227)
(-9.80321e-08 -1.17725e-07 11.629)
(-4.45015e-08 -1.13744e-07 11.0934)
(-1.0914e-07 -1.16481e-07 11.2359)
(-1.28483e-07 -1.21435e-07 11.3942)
(-5.98804e-08 -1.15624e-07 10.5717)
(-1.44304e-07 -1.0777e-07 10.8119)
(-1.57218e-07 -1.13066e-07 11.0436)
(-7.48343e-08 -1.0964e-07 9.93524)
(-1.7884e-07 -8.72158e-08 10.2918)
(-1.81207e-07 -9.04581e-08 10.61)
(-8.85876e-08 -9.57268e-08 9.25327)
(-2.10396e-07 -5.73533e-08 9.72185)
(-1.98073e-07 -5.57347e-08 10.1326)
(-1.00166e-07 -7.517e-08 8.58559)
(-2.36256e-07 -2.05903e-08 9.14783)
(-2.07126e-07 -1.2787e-08 9.64165)
(-1.08789e-07 -5.04011e-08 7.9648)
(-2.54343e-07 1.88997e-08 8.59337)
(-2.08083e-07 3.36956e-08 9.14997)
(-1.1357e-07 -2.30358e-08 7.36278)
(-2.62349e-07 5.79226e-08 8.02428)
(-2.00486e-07 7.95924e-08 8.61498)
(-1.12214e-07 -1.82304e-09 6.50724)
(-2.5555e-07 8.44507e-08 7.14724)
(-1.85285e-07 1.12228e-07 7.71296)
(-1.7444e-08 -8.95372e-08 11.582)
(-4.49676e-08 -9.92416e-08 11.6426)
(-6.42842e-08 -1.05316e-07 11.7288)
(-2.89014e-08 -1.06117e-07 11.4406)
(-7.18335e-08 -1.13798e-07 11.5227)
(-9.22339e-08 -1.1847e-07 11.629)
(-4.23244e-08 -1.14473e-07 11.0934)
(-1.03241e-07 -1.16963e-07 11.2359)
(-1.20926e-07 -1.22113e-07 11.3942)
(-5.70296e-08 -1.15688e-07 10.5717)
(-1.36574e-07 -1.08203e-07 10.8119)
(-1.47939e-07 -1.13784e-07 11.0436)
(-7.13948e-08 -1.09037e-07 9.93524)
(-1.69438e-07 -8.77322e-08 10.2918)
(-1.7056e-07 -9.14731e-08 10.61)
(-8.47239e-08 -9.45855e-08 9.25327)
(-1.99758e-07 -5.80459e-08 9.72185)
(-1.86784e-07 -5.71461e-08 10.1326)
(-9.61252e-08 -7.37252e-08 8.58559)
(-2.25145e-07 -2.15234e-08 9.14783)
(-1.9623e-07 -1.44756e-08 9.64165)
(-1.04863e-07 -4.89734e-08 7.9648)
(-2.43743e-07 1.76933e-08 8.59337)
(-1.98813e-07 3.19853e-08 9.14997)
(-1.1001e-07 -2.20256e-08 7.36278)
(-2.53231e-07 5.63809e-08 8.02428)
(-1.93996e-07 7.8081e-08 8.61498)
(-1.09166e-07 -1.57557e-09 6.50724)
(-2.48682e-07 8.2488e-08 7.14724)
(-1.82168e-07 1.11038e-07 7.71296)
(-1.5366e-08 -8.82921e-08 11.582)
(-3.96063e-08 -9.82245e-08 11.6426)
(-5.6161e-08 -1.04621e-07 11.7288)
(-2.62047e-08 -1.06007e-07 11.4406)
(-6.49598e-08 -1.13948e-07 11.5227)
(-8.26819e-08 -1.18293e-07 11.629)
(-3.89318e-08 -1.15743e-07 11.0934)
(-9.4705e-08 -1.18585e-07 11.2359)
(-1.10182e-07 -1.22789e-07 11.3942)
(-5.28735e-08 -1.18187e-07 10.5717)
(-1.26339e-07 -1.11444e-07 10.8119)
(-1.36331e-07 -1.15579e-07 11.0436)
(-6.65296e-08 -1.12386e-07 9.93524)
(-1.5762e-07 -9.24605e-08 10.2918)
(-1.58532e-07 -9.45141e-08 10.61)
(-7.92812e-08 -9.82635e-08 9.25327)
(-1.86697e-07 -6.3809e-08 9.72185)
(-1.74887e-07 -6.13196e-08 10.1326)
(-9.0363e-08 -7.71414e-08 8.58559)
(-2.11448e-07 -2.7719e-08 9.14783)
(-1.85016e-07 -1.9415e-08 9.64165)
(-9.91523e-08 -5.16463e-08 7.9648)
(-2.30302e-07 1.17351e-08 8.59337)
(-1.88902e-07 2.68709e-08 9.14997)
(-1.04821e-07 -2.37547e-08 7.36278)
(-2.41202e-07 5.12596e-08 8.02428)
(-1.86092e-07 7.36636e-08 8.61498)
(-1.05099e-07 -2.41316e-09 6.50724)
(-2.39674e-07 7.88102e-08 7.14724)
(-1.77519e-07 1.08355e-07 7.71296)
(-1.30526e-08 -8.03476e-08 11.582)
(-3.32329e-08 -9.10653e-08 11.6426)
(-4.71254e-08 -9.67751e-08 11.7288)
(-2.331e-08 -9.76799e-08 11.4406)
(-5.72519e-08 -1.0655e-07 11.5227)
(-7.25545e-08 -1.09735e-07 11.629)
(-3.54593e-08 -1.07872e-07 11.0934)
(-8.57944e-08 -1.11777e-07 11.2359)
(-9.95913e-08 -1.1405e-07 11.3942)
(-4.88507e-08 -1.11399e-07 10.5717)
(-1.16459e-07 -1.05989e-07 10.8119)
(-1.26e-07 -1.07302e-07 11.0436)
(-6.20532e-08 -1.07122e-07 9.93524)
(-1.47052e-07 -8.88903e-08 10.2918)
(-1.49085e-07 -8.73264e-08 10.61)
(-7.44432e-08 -9.47822e-08 9.25327)
(-1.75658e-07 -6.23699e-08 9.72185)
(-1.66686e-07 -5.57416e-08 10.1326)
(-8.52671e-08 -7.54635e-08 8.58559)
(-2.00102e-07 -2.84537e-08 9.14783)
(-1.7804e-07 -1.58511e-08 9.64165)
(-9.39397e-08 -5.14425e-08 7.9648)
(-2.1879e-07 9.13351e-09 8.59337)
(-1.82868e-07 2.81576e-08 9.14997)
(-9.97408e-08 -2.43352e-08 7.36278)
(-2.29911e-07 4.75321e-08 8.02428)
(-1.80845e-07 7.27042e-08 8.61498)
(-1.00773e-07 -2.9164e-09 6.50724)
(-2.29973e-07 7.51686e-08 7.14724)
(-1.73481e-07 1.06157e-07 7.71296)
(-1.12475e-08 -7.30479e-08 11.582)
(-2.81697e-08 -8.38161e-08 11.6426)
(-3.99689e-08 -8.93158e-08 11.7288)
(-2.08166e-08 -8.87069e-08 11.4406)
(-5.06719e-08 -9.80674e-08 11.5227)
(-6.41794e-08 -1.01259e-07 11.629)
(-3.22304e-08 -9.78684e-08 11.0934)
(-7.76771e-08 -1.02818e-07 11.2359)
(-9.03535e-08 -1.0501e-07 11.3942)
(-4.48791e-08 -1.0099e-07 10.5717)
(-1.06968e-07 -9.73772e-08 10.8119)
(-1.1642e-07 -9.83415e-08 11.0436)
(-5.74372e-08 -9.70731e-08 9.93524)
(-1.36432e-07 -8.14576e-08 10.2918)
(-1.39719e-07 -7.91629e-08 10.61)
(-6.92959e-08 -8.5934e-08 9.25327)
(-1.642e-07 -5.67871e-08 9.72185)
(-1.58064e-07 -4.90076e-08 10.1326)
(-7.9749e-08 -6.85208e-08 8.58559)
(-1.8816e-07 -2.52223e-08 9.14783)
(-1.70559e-07 -1.09773e-08 9.64165)
(-8.82712e-08 -4.68657e-08 7.9648)
(-2.06797e-07 9.80868e-09 8.59337)
(-1.76773e-07 3.09337e-08 9.14997)
(-9.42425e-08 -2.22877e-08 7.36278)
(-2.18431e-07 4.577e-08 8.02428)
(-1.76148e-07 7.33588e-08 8.61498)
(-9.59981e-08 -2.76061e-09 6.50724)
(-2.19974e-07 7.19151e-08 7.14724)
(-1.70089e-07 1.05031e-07 7.71296)
(-8.91057e-09 -7.1057e-08 11.582)
(-2.19954e-08 -8.10484e-08 11.6426)
(-3.07385e-08 -8.68252e-08 11.7288)
(-1.75109e-08 -8.66454e-08 11.4406)
(-4.22933e-08 -9.54838e-08 11.5227)
(-5.29761e-08 -9.87963e-08 11.629)
(-2.78216e-08 -9.60042e-08 11.0934)
(-6.68828e-08 -1.00937e-07 11.2359)
(-7.73067e-08 -1.03063e-07 11.3942)
(-3.92697e-08 -9.93006e-08 10.5717)
(-9.36796e-08 -9.66307e-08 10.8119)
(-1.01832e-07 -9.73942e-08 11.0436)
(-5.0677e-08 -9.55093e-08 9.93524)
(-1.20796e-07 -8.21484e-08 10.2918)
(-1.24125e-07 -7.97139e-08 10.61)
(-6.1551e-08 -8.45086e-08 9.25327)
(-1.46649e-07 -5.89736e-08 9.72185)
(-1.4226e-07 -5.12256e-08 10.1326)
(-7.13405e-08 -6.73058e-08 8.58559)
(-1.69488e-07 -2.88098e-08 9.14783)
(-1.55504e-07 -1.4635e-08 9.64165)
(-7.96696e-08 -4.59987e-08 7.9648)
(-1.88106e-07 5.10917e-09 8.59337)
(-1.63539e-07 2.63639e-08 9.14997)
(-8.60421e-08 -2.19946e-08 7.36278)
(-2.01048e-07 4.03587e-08 8.02428)
(-1.65812e-07 6.85319e-08 8.61498)
(-8.90558e-08 -3.11628e-09 6.50724)
(-2.0565e-07 6.65774e-08 7.14724)
(-1.63508e-07 1.00931e-07 7.71296)
(-6.25578e-09 -6.72449e-08 11.582)
(-1.48945e-08 -7.64124e-08 11.6426)
(-2.02707e-08 -8.10674e-08 11.7288)
(-1.38222e-08 -8.27844e-08 11.4406)
(-3.27934e-08 -9.06068e-08 11.5227)
(-4.0155e-08 -9.21685e-08 11.629)
(-2.30785e-08 -9.26355e-08 11.0934)
(-5.50714e-08 -9.65441e-08 11.2359)
(-6.27496e-08 -9.63091e-08 11.3942)
(-3.35102e-08 -9.66352e-08 10.5717)
(-7.98705e-08 -9.33444e-08 10.8119)
(-8.63346e-08 -9.12183e-08 11.0436)
(-4.40886e-08 -9.36516e-08 9.93524)
(-1.05461e-07 -8.04492e-08 10.2918)
(-1.08594e-07 -7.4889e-08 10.61)
(-5.43328e-08 -8.34509e-08 9.25327)
(-1.30314e-07 -5.90467e-08 9.72185)
(-1.27537e-07 -4.83224e-08 10.1326)
(-6.37106e-08 -6.69087e-08 8.58559)
(-1.52677e-07 -3.06834e-08 9.14783)
(-1.42178e-07 -1.39557e-08 9.64165)
(-7.18613e-08 -4.60882e-08 7.9648)
(-1.71357e-07 1.6125e-09 8.59337)
(-1.51993e-07 2.48667e-08 9.14997)
(-7.83917e-08 -2.24967e-08 7.36278)
(-1.8508e-07 3.55883e-08 8.02428)
(-1.56359e-07 6.54037e-08 8.61498)
(-8.22729e-08 -3.80274e-09 6.50724)
(-1.91948e-07 6.15016e-08 7.14724)
(-1.56975e-07 9.74446e-08 7.71296)
(-4.60699e-09 -5.86662e-08 11.582)
(-9.97182e-09 -6.71981e-08 11.6426)
(-1.35453e-08 -6.94339e-08 11.7288)
(-1.14269e-08 -7.26024e-08 11.4406)
(-2.60814e-08 -7.94842e-08 11.5227)
(-3.16582e-08 -7.82382e-08 11.629)
(-2.00784e-08 -8.17187e-08 11.0934)
(-4.70019e-08 -8.44635e-08 11.2359)
(-5.32866e-08 -8.07498e-08 11.3942)
(-3.01527e-08 -8.58222e-08 10.5717)
(-7.11325e-08 -8.12474e-08 10.8119)
(-7.69328e-08 -7.48217e-08 11.0436)
(-4.06625e-08 -8.37867e-08 9.93524)
(-9.67564e-08 -6.9306e-08 10.2918)
(-1.00225e-07 -5.87341e-08 10.61)
(-5.09957e-08 -7.52772e-08 9.25327)
(-1.22039e-07 -4.97528e-08 9.72185)
(-1.20791e-07 -3.35857e-08 10.1326)
(-6.04186e-08 -6.09662e-08 8.58559)
(-1.44766e-07 -2.40798e-08 9.14783)
(-1.3708e-07 -1.86234e-09 9.64165)
(-6.83746e-08 -4.25193e-08 7.9648)
(-1.63277e-07 4.95753e-09 8.59337)
(-1.48048e-07 3.3168e-08 9.14997)
(-7.44068e-08 -2.09771e-08 7.36278)
(-1.76158e-07 3.55964e-08 8.02428)
(-1.52895e-07 6.90908e-08 8.61498)
(-7.77762e-08 -3.55818e-09 6.50724)
(-1.82189e-07 5.88456e-08 7.14724)
(-1.53471e-07 9.68355e-08 7.71296)
(-4.2353e-09 -5.23344e-08 11.582)
(-8.61088e-09 -6.01037e-08 11.6426)
(-1.19998e-08 -6.14703e-08 11.7288)
(-1.05862e-08 -6.47592e-08 11.4406)
(-2.35768e-08 -7.08323e-08 11.5227)
(-2.90308e-08 -6.89101e-08 11.629)
(-1.88526e-08 -7.2868e-08 11.0934)
(-4.3489e-08 -7.48289e-08 11.2359)
(-4.97526e-08 -7.03209e-08 11.3942)
(-2.87218e-08 -7.64519e-08 10.5717)
(-6.70117e-08 -7.11749e-08 10.8119)
(-7.29048e-08 -6.3703e-08 11.0436)
(-3.92386e-08 -7.45093e-08 9.93524)
(-9.24524e-08 -5.94602e-08 10.2918)
(-9.62069e-08 -4.75155e-08 10.61)
(-4.96959e-08 -6.6781e-08 9.25327)
(-1.17841e-07 -4.08288e-08 9.72185)
(-1.17266e-07 -2.29492e-08 10.1326)
(-5.92164e-08 -5.39026e-08 8.58559)
(-1.40734e-07 -1.6795e-08 9.14783)
(-1.34424e-07 7.50106e-09 9.64165)
(-6.70792e-08 -3.74319e-08 7.9648)
(-1.59188e-07 9.9061e-09 8.59337)
(-1.46414e-07 4.05519e-08 9.14997)
(-7.26817e-08 -1.82451e-08 7.36278)
(-1.71462e-07 3.75711e-08 8.02428)
(-1.5199e-07 7.37589e-08 8.61498)
(-7.51511e-08 -2.90924e-09 6.50724)
(-1.75958e-07 5.76963e-08 7.14724)
(-1.52284e-07 9.80608e-08 7.71296)
(-3.76364e-09 -5.14249e-08 11.582)
(-7.30604e-09 -5.85269e-08 11.6426)
(-9.28919e-09 -6.06178e-08 11.7288)
(-9.57869e-09 -6.32908e-08 11.4406)
(-2.07803e-08 -6.89751e-08 11.5227)
(-2.45973e-08 -6.79901e-08 11.629)
(-1.72474e-08 -7.09186e-08 11.0934)
(-3.8951e-08 -7.28952e-08 11.2359)
(-4.33065e-08 -6.95367e-08 11.3942)
(-2.65341e-08 -7.40969e-08 10.5717)
(-6.06578e-08 -6.93978e-08 10.8119)
(-6.43912e-08 -6.33328e-08 11.0436)
(-3.65554e-08 -7.18688e-08 9.93524)
(-8.44132e-08 -5.80553e-08 10.2918)
(-8.59258e-08 -4.78531e-08 10.61)
(-4.66815e-08 -6.40106e-08 9.25327)
(-1.08523e-07 -3.99309e-08 9.72185)
(-1.05946e-07 -2.40765e-08 10.1326)
(-5.61009e-08 -5.12088e-08 8.58559)
(-1.30848e-07 -1.64582e-08 9.14783)
(-1.2317e-07 5.78412e-09 9.64165)
(-6.41127e-08 -3.50931e-08 7.9648)
(-1.49615e-07 9.66021e-09 8.59337)
(-1.36572e-07 3.86277e-08 9.14997)
(-7.00279e-08 -1.66534e-08 7.36278)
(-1.62972e-07 3.66066e-08 8.02428)
(-1.44854e-07 7.1925e-08 8.61498)
(-7.27451e-08 -2.34336e-09 6.50724)
(-1.68783e-07 5.58538e-08 7.14724)
(-1.48371e-07 9.6575e-08 7.71296)
(-2.6257e-09 -4.70105e-08 11.582)
(-4.28338e-09 -5.44881e-08 11.6426)
(-4.07991e-09 -5.71209e-08 11.7288)
(-7.96191e-09 -5.86523e-08 11.4406)
(-1.64251e-08 -6.49287e-08 11.5227)
(-1.77684e-08 -6.43871e-08 11.629)
(-1.51087e-08 -6.65497e-08 11.0934)
(-3.30903e-08 -6.93277e-08 11.2359)
(-3.4945e-08 -6.62472e-08 11.3942)
(-2.38742e-08 -7.03753e-08 10.5717)
(-5.33049e-08 -6.67898e-08 10.8119)
(-5.47579e-08 -6.08716e-08 11.0436)
(-3.34717e-08 -6.90183e-08 9.93524)
(-7.57308e-08 -5.67033e-08 10.2918)
(-7.5444e-08 -4.66212e-08 10.61)
(-4.33173e-08 -6.20513e-08 9.25327)
(-9.88489e-08 -3.98585e-08 9.72185)
(-9.51654e-08 -2.42824e-08 10.1326)
(-5.26571e-08 -4.99687e-08 8.58559)
(-1.20685e-07 -1.74908e-08 9.14783)
(-1.12665e-07 4.17421e-09 9.64165)
(-6.08245e-08 -3.43447e-08 7.9648)
(-1.39629e-07 7.84504e-09 8.59337)
(-1.26987e-07 3.59378e-08 9.14997)
(-6.71606e-08 -1.63e-08 7.36278)
(-1.53971e-07 3.43221e-08 8.02428)
(-1.36958e-07 6.88173e-08 8.61498)
(-7.05717e-08 -2.23247e-09 6.50724)
(-1.61715e-07 5.36412e-08 7.14724)
(-1.43307e-07 9.4198e-08 7.71296)
(-1.5993e-09 -3.59601e-08 11.582)
(-1.29092e-09 -4.46414e-08 11.6426)
(1.55005e-11 -4.72842e-08 11.7288)
(-6.71529e-09 -4.6885e-08 11.4406)
(-1.28957e-08 -5.45775e-08 11.5227)
(-1.32414e-08 -5.40348e-08 11.629)
(-1.36686e-08 -5.51351e-08 11.0934)
(-2.90795e-08 -5.93921e-08 11.2359)
(-3.03347e-08 -5.57847e-08 11.3942)
(-2.22979e-08 -6.02147e-08 10.5717)
(-4.89794e-08 -5.80946e-08 10.8119)
(-5.05179e-08 -5.0911e-08 11.0436)
(-3.18339e-08 -6.07236e-08 9.93524)
(-7.12392e-08 -4.98184e-08 10.2918)
(-7.18819e-08 -3.76893e-08 10.61)
(-4.16462e-08 -5.59519e-08 9.25327)
(-9.4192e-08 -3.51092e-08 9.72185)
(-9.23045e-08 -1.68755e-08 10.1326)
(-5.09213e-08 -4.61198e-08 8.58559)
(-1.15692e-07 -1.50199e-08 9.14783)
(-1.10173e-07 9.56063e-09 9.64165)
(-5.89518e-08 -3.24404e-08 7.9648)
(-1.33994e-07 8.16832e-09 8.59337)
(-1.24296e-07 3.88492e-08 9.14997)
(-6.51094e-08 -1.57066e-08 7.36278)
(-1.47518e-07 3.29446e-08 8.02428)
(-1.33684e-07 6.89662e-08 8.61498)
(-6.84967e-08 -2.09442e-09 6.50724)
(-1.54878e-07 5.14474e-08 7.14724)
(-1.39508e-07 9.22864e-08 7.71296)
(-1.21034e-09 -2.67823e-08 11.582)
(-6.50908e-11 -3.59989e-08 11.6426)
(1.625e-09 -3.94107e-08 11.7288)
(-6.07154e-09 -3.59434e-08 11.4406)
(-1.11573e-08 -4.47372e-08 11.5227)
(-1.13288e-08 -4.56365e-08 11.629)
(-1.27086e-08 -4.31955e-08 11.0934)
(-2.66822e-08 -4.90885e-08 11.2359)
(-2.81319e-08 -4.71168e-08 11.3942)
(-2.09944e-08 -4.8066e-08 10.5717)
(-4.59201e-08 -4.81083e-08 10.8119)
(-4.81593e-08 -4.25008e-08 11.0436)
(-3.02098e-08 -4.91933e-08 9.93524)
(-6.75366e-08 -4.08866e-08 10.2918)
(-6.94993e-08 -3.00089e-08 10.61)
(-3.97337e-08 -4.58502e-08 9.25327)
(-8.98799e-08 -2.784e-08 9.72185)
(-9.00299e-08 -1.0347e-08 10.1326)
(-4.87818e-08 -3.80966e-08 8.58559)
(-1.10831e-07 -9.86219e-09 9.14783)
(-1.08097e-07 1.46263e-08 9.64165)
(-5.66798e-08 -2.69239e-08 7.9648)
(-1.28671e-07 1.09659e-08 8.59337)
(-1.22422e-07 4.22106e-08 9.14997)
(-6.28305e-08 -1.28883e-08 7.36278)
(-1.41819e-07 3.3282e-08 8.02428)
(-1.31813e-07 7.03627e-08 8.61498)
(-6.6343e-08 -1.39697e-09 6.50724)
(-1.48811e-07 4.98468e-08 7.14724)
(-1.37066e-07 9.15979e-08 7.71296)
(-1.62911e-10 -2.44774e-08 11.582)
(2.62448e-09 -3.31522e-08 11.6426)
(6.09858e-09 -3.74007e-08 11.7288)
(-4.40427e-09 -3.28972e-08 11.4406)
(-7.03588e-09 -4.16141e-08 11.5227)
(-5.47809e-09 -4.36906e-08 11.629)
(-1.02458e-08 -3.96165e-08 11.0934)
(-2.07784e-08 -4.60954e-08 11.2359)
(-2.07278e-08 -4.55951e-08 11.3942)
(-1.75883e-08 -4.41101e-08 10.5717)
(-3.79642e-08 -4.56918e-08 10.8119)
(-3.91441e-08 -4.18451e-08 11.0436)
(-2.58331e-08 -4.50706e-08 9.93524)
(-5.74785e-08 -3.94275e-08 10.2918)
(-5.90727e-08 -3.0642e-08 10.61)
(-3.45102e-08 -4.18304e-08 9.25327)
(-7.80136e-08 -2.75413e-08 9.72185)
(-7.87462e-08 -1.23898e-08 10.1326)
(-4.30252e-08 -3.44792e-08 8.58559)
(-9.78764e-08 -1.07524e-08 9.14783)
(-9.68106e-08 1.14281e-08 9.64165)
(-5.08755e-08 -2.40386e-08 7.9648)
(-1.15681e-07 9.04564e-09 8.59337)
(-1.12196e-07 3.83917e-08 9.14997)
(-5.75557e-08 -1.11167e-08 7.36278)
(-1.29983e-07 3.05295e-08 8.02428)
(-1.23735e-07 6.64614e-08 8.61498)
(-6.22379e-08 -8.73116e-10 6.50724)
(-1.39231e-07 4.67307e-08 7.14724)
(-1.31694e-07 8.83054e-08 7.71296)
(1.68911e-09 -2.26598e-08 11.582)
(7.3918e-09 -3.05208e-08 11.6426)
(1.28197e-08 -3.39247e-08 11.7288)
(-1.88375e-09 -3.18117e-08 11.4406)
(-8.13197e-10 -3.943e-08 11.5227)
(2.5234e-09 -4.00656e-08 11.629)
(-6.98335e-09 -3.95587e-08 11.0934)
(-1.30441e-08 -4.48325e-08 11.2359)
(-1.17748e-08 -4.23578e-08 11.3942)
(-1.35183e-08 -4.49711e-08 10.5717)
(-2.87503e-08 -4.56399e-08 10.8119)
(-2.96067e-08 -3.94192e-08 11.0436)
(-2.10148e-08 -4.65837e-08 9.93524)
(-4.69419e-08 -4.07229e-08 10.2918)
(-4.93623e-08 -2.94656e-08 10.61)
(-2.90468e-08 -4.36426e-08 9.25327)
(-6.6405e-08 -3.00664e-08 9.72185)
(-6.92492e-08 -1.27236e-08 10.1326)
(-3.70869e-08 -3.62036e-08 8.58559)
(-8.55341e-08 -1.42827e-08 9.14783)
(-8.77837e-08 9.53097e-09 9.64165)
(-4.47071e-08 -2.53924e-08 7.9648)
(-1.03063e-07 4.84383e-09 8.59337)
(-1.03836e-07 3.51589e-08 9.14997)
(-5.15408e-08 -1.2064e-08 7.36278)
(-1.17785e-07 2.60111e-08 8.02428)
(-1.16314e-07 6.248e-08 8.61498)
(-5.70838e-08 -1.41701e-09 6.50724)
(-1.28711e-07 4.26397e-08 7.14724)
(-1.2595e-07 8.47023e-08 7.71296)
(2.67361e-09 -1.9908e-08 11.582)
(1.03635e-08 -2.66109e-08 11.6426)
(1.62226e-08 -2.73228e-08 11.7288)
(-5.23791e-10 -2.84985e-08 11.4406)
(2.95728e-09 -3.43866e-08 11.5227)
(6.48311e-09 -3.17666e-08 11.629)
(-5.37621e-09 -3.59846e-08 11.0934)
(-8.90827e-09 -3.90783e-08 11.2359)
(-7.89794e-09 -3.27296e-08 11.3942)
(-1.18307e-08 -4.13771e-08 10.5717)
(-2.4746e-08 -3.95431e-08 10.8119)
(-2.64716e-08 -2.87743e-08 11.0436)
(-1.94054e-08 -4.32706e-08 9.93524)
(-4.34835e-08 -3.47809e-08 10.2918)
(-4.74558e-08 -1.84471e-08 10.61)
(-2.75408e-08 -4.09222e-08 9.25327)
(-6.35455e-08 -2.4847e-08 9.72185)
(-6.86307e-08 -2.17836e-09 10.1326)
(-3.55251e-08 -3.43609e-08 8.58559)
(-8.28522e-08 -1.04512e-08 9.14783)
(-8.79993e-08 1.85486e-08 9.64165)
(-4.27742e-08 -2.44989e-08 7.9648)
(-9.97067e-08 6.73883e-09 8.59337)
(-1.04e-07 4.15264e-08 9.14997)
(-4.8913e-08 -1.18951e-08 7.36278)
(-1.12854e-07 2.57535e-08 8.02428)
(-1.15515e-07 6.52534e-08 8.61497)
(-5.37629e-08 -1.46345e-09 6.50724)
(-1.21984e-07 4.06237e-08 7.14724)
(-1.23519e-07 8.3923e-08 7.71296)
(2.27534e-09 -2.28176e-08 11.582)
(9.5913e-09 -2.76744e-08 11.6426)
(1.45554e-08 -2.64937e-08 11.7288)
(-7.9244e-10 -3.02451e-08 11.4406)
(2.49053e-09 -3.38802e-08 11.5227)
(5.07404e-09 -2.94056e-08 11.629)
(-5.64997e-09 -3.61876e-08 11.0934)
(-9.40871e-09 -3.6796e-08 11.2359)
(-9.23135e-09 -2.87595e-08 11.3942)
(-1.22899e-08 -3.98786e-08 10.5717)
(-2.56935e-08 -3.53769e-08 10.8119)
(-2.79515e-08 -2.30675e-08 11.0436)
(-2.01882e-08 -4.03358e-08 9.93524)
(-4.52007e-08 -2.90436e-08 10.2918)
(-4.93176e-08 -1.1259e-08 10.61)
(-2.8659e-08 -3.71236e-08 9.25327)
(-6.60933e-08 -1.81912e-08 9.72185)
(-7.10094e-08 5.94218e-09 10.1326)
(-3.68174e-08 -3.04318e-08 8.58559)
(-8.59233e-08 -3.78315e-09 9.14783)
(-9.09035e-08 2.68178e-08 9.64165)
(-4.39022e-08 -2.11958e-08 7.9648)
(-1.02599e-07 1.23551e-08 8.59337)
(-1.07196e-07 4.89777e-08 9.14997)
(-4.93987e-08 -9.89015e-09 7.36278)
(-1.14478e-07 2.92047e-08 8.02428)
(-1.18333e-07 7.07344e-08 8.61497)
(-5.29886e-08 -8.19982e-10 6.50724)
(-1.20755e-07 4.12104e-08 7.14724)
(-1.24518e-07 8.61365e-08 7.71296)
(1.95368e-09 -3.18618e-08 11.582)
(8.62679e-09 -3.49821e-08 11.6426)
(1.33807e-08 -3.31972e-08 11.7288)
(-1.00744e-09 -4.02116e-08 11.4406)
(1.92741e-09 -4.16685e-08 11.5227)
(4.51667e-09 -3.62944e-08 11.629)
(-5.79558e-09 -4.62593e-08 11.0934)
(-9.59349e-09 -4.44546e-08 11.2359)
(-8.90539e-09 -3.56568e-08 11.3942)
(-1.24168e-08 -4.92259e-08 10.5717)
(-2.54912e-08 -4.22466e-08 10.8119)
(-2.6501e-08 -2.95676e-08 11.0436)
(-2.03207e-08 -4.8284e-08 9.93524)
(-4.46576e-08 -3.46455e-08 10.2918)
(-4.67396e-08 -1.71152e-08 10.61)
(-2.88349e-08 -4.31995e-08 9.25327)
(-6.53531e-08 -2.22468e-08 9.72185)
(-6.76017e-08 1.00216e-09 10.1326)
(-3.70674e-08 -3.44582e-08 8.58559)
(-8.52283e-08 -6.20161e-09 9.14783)
(-8.72969e-08 2.30942e-08 9.64165)
(-4.42146e-08 -2.33165e-08 7.9648)
(-1.02179e-07 1.14086e-08 8.59337)
(-1.0421e-07 4.67229e-08 9.14997)
(-4.9634e-08 -1.06071e-08 7.36278)
(-1.14294e-07 2.91805e-08 8.02428)
(-1.16699e-07 6.98767e-08 8.61497)
(-5.27094e-08 -8.59718e-10 6.50724)
(-1.19938e-07 4.11796e-08 7.14724)
(-1.24067e-07 8.61893e-08 7.71296)
(1.80558e-09 -3.621e-08 11.582)
(8.22473e-09 -3.87414e-08 11.6426)
(1.29776e-08 -3.57792e-08 11.7288)
(-1.1885e-09 -4.54046e-08 11.4406)
(1.66091e-09 -4.57356e-08 11.5227)
(4.6141e-09 -3.86194e-08 11.629)
(-6.09663e-09 -5.20124e-08 11.0934)
(-9.8364e-09 -4.85961e-08 11.2359)
(-8.3742e-09 -3.78168e-08 11.3942)
(-1.2925e-08 -5.52333e-08 10.5717)
(-2.58387e-08 -4.61956e-08 10.8119)
(-2.56086e-08 -3.15027e-08 11.0436)
(-2.11072e-08 -5.42081e-08 9.93524)
(-4.52353e-08 -3.81684e-08 10.2918)
(-4.56172e-08 -1.88222e-08 10.61)
(-2.99322e-08 -4.86175e-08 9.25327)
(-6.62688e-08 -2.51078e-08 9.72185)
(-6.63904e-08 -4.86493e-10 10.1326)
(-3.84539e-08 -3.89208e-08 8.58559)
(-8.65331e-08 -8.18857e-09 9.14783)
(-8.6127e-08 2.18158e-08 9.64165)
(-4.57964e-08 -2.64625e-08 7.9648)
(-1.03868e-07 1.04257e-08 8.59337)
(-1.03219e-07 4.57538e-08 9.14997)
(-5.12494e-08 -1.23584e-08 7.36278)
(-1.16282e-07 2.91073e-08 8.02428)
(-1.16085e-07 6.94533e-08 8.61497)
(-5.40222e-08 -1.32303e-09 6.50724)
(-1.21791e-07 4.17918e-08 7.14724)
(-1.24137e-07 8.66675e-08 7.71296)
(9.87157e-10 -3.24873e-08 11.582)
(6.49804e-09 -3.53525e-08 11.6426)
(1.0134e-08 -3.06395e-08 11.7288)
(-2.34918e-09 -4.06592e-08 11.4406)
(-6.98232e-10 -4.10367e-08 11.5227)
(1.35191e-09 -3.20577e-08 11.629)
(-7.7651e-09 -4.65853e-08 11.0934)
(-1.31462e-08 -4.28345e-08 11.2359)
(-1.23463e-08 -2.9934e-08 11.3942)
(-1.52748e-08 -4.97236e-08 10.5717)
(-3.04101e-08 -3.97033e-08 10.8119)
(-3.05734e-08 -2.249e-08 11.0436)
(-2.42199e-08 -4.92227e-08 9.93524)
(-5.12366e-08 -3.13667e-08 10.2918)
(-5.16699e-08 -9.03675e-09 10.61)
(-3.37682e-08 -4.46389e-08 9.25327)
(-7.35713e-08 -1.85046e-08 9.72185)
(-7.32802e-08 9.4891e-09 10.1326)
(-4.28091e-08 -3.6259e-08 8.58559)
(-9.46419e-08 -2.29577e-09 9.14783)
(-9.32557e-08 3.11591e-08 9.64165)
(-5.03079e-08 -2.50625e-08 7.9648)
(-1.11946e-07 1.52394e-08 8.59337)
(-1.09706e-07 5.35365e-08 9.14997)
(-5.54452e-08 -1.17782e-08 7.36278)
(-1.23356e-07 3.27115e-08 8.02428)
(-1.21113e-07 7.47956e-08 8.61497)
(-5.73164e-08 -8.83523e-10 6.50724)
(-1.26835e-07 4.42643e-08 7.14724)
(-1.26925e-07 8.93612e-08 7.71296)
(-3.36888e-10 -2.9276e-08 11.582)
(3.15902e-09 -3.23356e-08 11.6426)
(4.9658e-09 -2.76117e-08 11.7288)
(-4.0932e-09 -3.63582e-08 11.4406)
(-5.01229e-09 -3.70382e-08 11.5227)
(-4.79242e-09 -2.85686e-08 11.629)
(-9.96381e-09 -4.13647e-08 11.0934)
(-1.84441e-08 -3.79482e-08 11.2359)
(-1.93264e-08 -2.58263e-08 11.3942)
(-1.79515e-08 -4.39151e-08 10.5717)
(-3.66787e-08 -3.40771e-08 10.8119)
(-3.8216e-08 -1.77311e-08 11.0436)
(-2.73424e-08 -4.32727e-08 9.93524)
(-5.83623e-08 -2.52576e-08 10.2918)
(-5.97218e-08 -3.61604e-09 10.61)
(-3.72703e-08 -3.9054e-08 9.25327)
(-8.13558e-08 -1.22738e-08 9.72185)
(-8.14599e-08 1.54479e-08 10.1326)
(-4.65986e-08 -3.15165e-08 8.58559)
(-1.02816e-07 3.68076e-09 9.14783)
(-1.01308e-07 3.74178e-08 9.64165)
(-5.42645e-08 -2.15456e-08 7.9648)
(-1.20164e-07 2.05715e-08 8.59337)
(-1.17329e-07 5.97279e-08 9.14997)
(-5.9372e-08 -9.74263e-09 7.36278)
(-1.31083e-07 3.69471e-08 8.02428)
(-1.27764e-07 8.02896e-08 8.61497)
(-6.06989e-08 -9.43568e-11 6.50724)
(-1.32812e-07 4.70933e-08 7.14724)
(-1.3133e-07 9.31303e-08 7.71296)
(-8.44092e-10 -3.12635e-08 11.582)
(1.67099e-09 -3.39929e-08 11.6426)
(3.52792e-09 -3.02105e-08 11.7288)
(-4.63994e-09 -3.81337e-08 11.4406)
(-6.53001e-09 -3.87644e-08 11.5227)
(-6.08234e-09 -3.16262e-08 11.629)
(-1.04442e-08 -4.27221e-08 11.0934)
(-1.97086e-08 -3.96273e-08 11.2359)
(-2.00759e-08 -2.9313e-08 11.3942)
(-1.82317e-08 -4.47512e-08 10.5717)
(-3.73309e-08 -3.56477e-08 10.8119)
(-3.80201e-08 -2.16293e-08 11.0436)
(-2.73144e-08 -4.35416e-08 9.93524)
(-5.81605e-08 -2.66712e-08 10.2918)
(-5.83769e-08 -7.83657e-09 10.61)
(-3.69635e-08 -3.87648e-08 9.25327)
(-8.03707e-08 -1.34552e-08 9.72185)
(-7.91367e-08 1.11933e-08 10.1326)
(-4.62189e-08 -3.07612e-08 8.58559)
(-1.01528e-07 2.89771e-09 9.14783)
(-9.8606e-08 3.36481e-08 9.64165)
(-5.417e-08 -2.05197e-08 7.9648)
(-1.19379e-07 2.03934e-08 8.59337)
(-1.15159e-07 5.70934e-08 9.14997)
(-5.99507e-08 -8.76626e-09 7.36278)
(-1.31642e-07 3.74437e-08 8.02428)
(-1.27088e-07 7.9246e-08 8.61497)
(-6.21388e-08 5.01299e-10 6.50724)
(-1.34951e-07 4.81573e-08 7.14724)
(-1.32334e-07 9.37756e-08 7.71296)
(-4.39844e-10 -3.09529e-08 11.582)
(2.59605e-09 -3.35547e-08 11.6426)
(5.3432e-09 -2.96225e-08 11.7288)
(-4.13472e-09 -3.78941e-08 11.4406)
(-5.33616e-09 -3.83216e-08 11.5227)
(-3.76004e-09 -3.09392e-08 11.629)
(-9.80162e-09 -4.26566e-08 11.0934)
(-1.81803e-08 -3.93211e-08 11.2359)
(-1.73322e-08 -2.8786e-08 11.3942)
(-1.73987e-08 -4.49317e-08 10.5717)
(-3.54043e-08 -3.56319e-08 10.8119)
(-3.49194e-08 -2.15082e-08 11.0436)
(-2.62925e-08 -4.39861e-08 9.93524)
(-5.58476e-08 -2.70453e-08 10.2918)
(-5.50347e-08 -8.30926e-09 10.61)
(-3.58075e-08 -3.93834e-08 9.25327)
(-7.78031e-08 -1.41819e-08 9.72185)
(-7.57239e-08 1.00595e-08 10.1326)
(-4.50544e-08 -3.13593e-08 8.58559)
(-9.89657e-08 1.97909e-09 9.14783)
(-9.53266e-08 3.1945e-08 9.64165)
(-5.31973e-08 -2.09109e-08 7.9648)
(-1.1724e-07 1.95498e-08 8.59337)
(-1.12289e-07 5.51733e-08 9.14997)
(-5.94719e-08 -8.91019e-09 7.36278)
(-1.30543e-07 3.69519e-08 8.02428)
(-1.25053e-07 7.77609e-08 8.61497)
(-6.2573e-08 6.12831e-10 6.50724)
(-1.35669e-07 4.84822e-08 7.14724)
(-1.31878e-07 9.3657e-08 7.71296)
(-5.01864e-10 -2.6428e-08 11.582)
(2.61391e-09 -2.91678e-08 11.6426)
(4.72457e-09 -2.41094e-08 11.7288)
(-4.384e-09 -3.30092e-08 11.4406)
(-5.82997e-09 -3.32633e-08 11.5227)
(-4.93843e-09 -2.4671e-08 11.629)
(-1.03489e-08 -3.78344e-08 11.0934)
(-1.94684e-08 -3.39248e-08 11.2359)
(-1.93702e-08 -2.18853e-08 11.3942)
(-1.83594e-08 -4.05797e-08 10.5717)
(-3.77484e-08 -3.01726e-08 10.8119)
(-3.8072e-08 -1.41538e-08 11.0436)
(-2.77193e-08 -4.04055e-08 9.93524)
(-5.93776e-08 -2.17878e-08 10.2918)
(-5.93253e-08 -7.49955e-10 10.61)
(-3.76425e-08 -3.67559e-08 9.25327)
(-8.23368e-08 -9.43518e-09 9.72185)
(-8.08142e-08 1.74157e-08 10.1326)
(-4.70869e-08 -2.97739e-08 8.58559)
(-1.03943e-07 5.86691e-09 9.14783)
(-1.00542e-07 3.8472e-08 9.64165)
(-5.5095e-08 -2.02297e-08 7.9648)
(-1.21785e-07 2.23258e-08 8.59337)
(-1.16715e-07 6.01607e-08 9.14997)
(-6.09021e-08 -8.72156e-09 7.36278)
(-1.33811e-07 3.86137e-08 8.02428)
(-1.27941e-07 8.06088e-08 8.61497)
(-6.34152e-08 8.29744e-10 6.50724)
(-1.37319e-07 4.93685e-08 7.14724)
(-1.32853e-07 9.45171e-08 7.71296)
(-1.8311e-09 -2.59544e-08 11.582)
(-7.57504e-10 -2.83068e-08 11.6426)
(-5.2424e-10 -2.31936e-08 11.7288)
(-6.05832e-09 -3.13599e-08 11.4406)
(-1.00562e-08 -3.12593e-08 11.5227)
(-1.10648e-08 -2.32303e-08 11.629)
(-1.24361e-08 -3.49023e-08 11.0934)
(-2.46369e-08 -3.06374e-08 11.2359)
(-2.61668e-08 -1.96617e-08 11.3942)
(-2.09367e-08 -3.65078e-08 10.5717)
(-4.39493e-08 -2.55561e-08 10.8119)
(-4.53205e-08 -1.09739e-08 11.0436)
(-3.07927e-08 -3.5578e-08 9.93524)
(-6.65804e-08 -1.60497e-08 10.2918)
(-6.67539e-08 3.42668e-09 10.61)
(-4.11342e-08 -3.17168e-08 9.25327)
(-9.03413e-08 -3.02622e-09 9.72185)
(-8.81257e-08 2.24032e-08 10.1326)
(-5.08087e-08 -2.51257e-08 8.58559)
(-1.12333e-07 1.23488e-08 9.14783)
(-1.07466e-07 4.38996e-08 9.64165)
(-5.87521e-08 -1.65487e-08 7.9648)
(-1.29932e-07 2.8159e-08 8.59337)
(-1.22944e-07 6.54761e-08 9.14997)
(-6.41028e-08 -6.47741e-09 7.36278)
(-1.40842e-07 4.30062e-08 8.02428)
(-1.32958e-07 8.50418e-08 8.61497)
(-6.55812e-08 1.6951e-09 6.50724)
(-1.41857e-07 5.17793e-08 7.14724)
(-1.35628e-07 9.70364e-08 7.71296)
(-2.91141e-09 -3.22181e-08 11.582)
(-3.78892e-09 -3.40583e-08 11.6426)
(-4.14807e-09 -3.01012e-08 11.7288)
(-7.32693e-09 -3.77113e-08 11.4406)
(-1.34071e-08 -3.73225e-08 11.5227)
(-1.47612e-08 -3.088e-08 11.629)
(-1.38199e-08 -4.06951e-08 11.0934)
(-2.80245e-08 -3.64494e-08 11.2359)
(-2.93092e-08 -2.77382e-08 11.3942)
(-2.23459e-08 -4.1308e-08 10.5717)
(-4.70135e-08 -3.06496e-08 10.8119)
(-4.72828e-08 -1.91223e-08 11.0436)
(-3.21189e-08 -3.9106e-08 9.93524)
(-6.90415e-08 -2.00856e-08 10.2918)
(-6.71406e-08 -4.43248e-09 10.61)
(-4.23586e-08 -3.38406e-08 9.25327)
(-9.21744e-08 -5.80174e-09 9.72185)
(-8.69647e-08 1.52697e-08 10.1326)
(-5.20132e-08 -2.59136e-08 8.58559)
(-1.13837e-07 1.09624e-08 9.14783)
(-1.0529e-07 3.80166e-08 9.64165)
(-6.00858e-08 -1.62933e-08 7.9648)
(-1.31631e-07 2.81334e-08 8.59337)
(-1.20663e-07 6.13627e-08 9.14997)
(-6.56589e-08 -5.70097e-09 7.36278)
(-1.43164e-07 4.40127e-08 8.02428)
(-1.31566e-07 8.29261e-08 8.61497)
(-6.71585e-08 2.34401e-09 6.50724)
(-1.44484e-07 5.31125e-08 7.14724)
(-1.3545e-07 9.66995e-08 7.71295)
(-2.99571e-09 -3.52235e-08 11.582)
(-4.38874e-09 -3.76499e-08 11.6426)
(-4.62706e-09 -3.46903e-08 11.7288)
(-7.63802e-09 -4.22984e-08 11.4406)
(-1.44857e-08 -4.24463e-08 11.5227)
(-1.55432e-08 -3.67807e-08 11.629)
(-1.42788e-08 -4.66883e-08 11.0934)
(-2.93321e-08 -4.28625e-08 11.2359)
(-3.0108e-08 -3.48689e-08 11.3942)
(-2.28287e-08 -4.83275e-08 10.5717)
(-4.82121e-08 -3.80048e-08 10.8119)
(-4.77222e-08 -2.73061e-08 11.0436)
(-3.25069e-08 -4.65387e-08 9.93524)
(-6.9822e-08 -2.78215e-08 10.2918)
(-6.68814e-08 -1.32653e-08 10.61)
(-4.25915e-08 -4.09196e-08 9.25327)
(-9.23934e-08 -1.32187e-08 9.72185)
(-8.58096e-08 6.32865e-09 10.1326)
(-5.21224e-08 -3.18534e-08 8.58559)
(-1.13581e-07 4.62037e-09 9.14783)
(-1.03235e-07 2.96049e-08 9.64165)
(-6.01935e-08 -2.05008e-08 7.9648)
(-1.31244e-07 2.35294e-08 8.59337)
(-1.1796e-07 5.42322e-08 9.14997)
(-6.59548e-08 -7.98359e-09 7.36278)
(-1.43198e-07 4.15254e-08 8.02428)
(-1.28759e-07 7.79141e-08 8.61497)
(-6.7797e-08 1.74495e-09 6.50724)
(-1.45468e-07 5.28013e-08 7.14724)
(-1.33582e-07 9.45909e-08 7.71295)
(-3.35056e-09 -3.10834e-08 11.582)
(-5.26058e-09 -3.4838e-08 11.6426)
(-6.14072e-09 -3.20645e-08 11.7288)
(-8.4194e-09 -3.80076e-08 11.4406)
(-1.63866e-08 -3.96052e-08 11.5227)
(-1.80865e-08 -3.42533e-08 11.629)
(-1.55042e-08 -4.26712e-08 11.0934)
(-3.22715e-08 -4.02361e-08 11.2359)
(-3.36825e-08 -3.24522e-08 11.3942)
(-2.44753e-08 -4.5065e-08 10.5717)
(-5.20952e-08 -3.5843e-08 10.8119)
(-5.22358e-08 -2.51283e-08 11.0436)
(-3.44771e-08 -4.43353e-08 9.93524)
(-7.44213e-08 -2.62467e-08 10.2918)
(-7.20174e-08 -1.13559e-08 10.61)
(-4.47363e-08 -3.98789e-08 9.25327)
(-9.73149e-08 -1.22987e-08 9.72185)
(-9.09985e-08 7.88075e-09 10.1326)
(-5.42429e-08 -3.18974e-08 8.58559)
(-1.18284e-07 4.89486e-09 9.14783)
(-1.07717e-07 3.05925e-08 9.64165)
(-6.20731e-08 -2.12606e-08 7.9648)
(-1.35121e-07 2.33292e-08 8.59337)
(-1.20921e-07 5.43943e-08 9.14997)
(-6.74286e-08 -8.82311e-09 7.36278)
(-1.45832e-07 4.12369e-08 8.02428)
(-1.29728e-07 7.70724e-08 8.61497)
(-6.884e-08 1.51642e-09 6.50724)
(-1.46947e-07 5.29759e-08 7.14724)
(-1.32707e-07 9.32247e-08 7.71295)
(-4.55853e-09 -2.76448e-08 11.582)
(-8.38272e-09 -3.2249e-08 11.6426)
(-1.08669e-08 -3.05039e-08 11.7288)
(-1.01038e-08 -3.30584e-08 11.4406)
(-2.07347e-08 -3.6035e-08 11.5227)
(-2.4133e-08 -3.26669e-08 11.629)
(-1.76162e-08 -3.63846e-08 11.0934)
(-3.76722e-08 -3.57616e-08 11.2359)
(-4.07213e-08 -3.06457e-08 11.3942)
(-2.69245e-08 -3.79186e-08 10.5717)
(-5.83052e-08 -3.07122e-08 10.8119)
(-5.98761e-08 -2.31297e-08 11.0436)
(-3.71168e-08 -3.69787e-08 9.93524)
(-8.10741e-08 -2.08322e-08 10.2918)
(-7.97329e-08 -9.14776e-09 10.61)
(-4.73975e-08 -3.30412e-08 9.25327)
(-1.03974e-07 -7.06988e-09 9.72185)
(-9.82383e-08 1.02013e-08 10.1326)
(-5.67582e-08 -2.62346e-08 8.58559)
(-1.24499e-07 9.49121e-09 9.14783)
(-1.13988e-07 3.28499e-08 9.64165)
(-6.4299e-08 -1.7251e-08 7.9648)
(-1.40477e-07 2.69144e-08 8.59337)
(-1.25783e-07 5.63421e-08 9.14997)
(-6.92428e-08 -6.71104e-09 7.36278)
(-1.49948e-07 4.3512e-08 8.02428)
(-1.32714e-07 7.83412e-08 8.61497)
(-7.00317e-08 2.11302e-09 6.50724)
(-1.49264e-07 5.39997e-08 7.14724)
(-1.33213e-07 9.32991e-08 7.71295)
(-5.27821e-09 -3.02545e-08 11.582)
(-1.0562e-08 -3.50163e-08 11.6426)
(-1.37313e-08 -3.50223e-08 11.7288)
(-1.10554e-08 -3.58559e-08 11.4406)
(-2.35632e-08 -3.94219e-08 11.5227)
(-2.77232e-08 -3.84092e-08 11.629)
(-1.86327e-08 -3.90781e-08 11.0934)
(-4.07206e-08 -3.95323e-08 11.2359)
(-4.44478e-08 -3.7403e-08 11.3942)
(-2.77754e-08 -4.02617e-08 10.5717)
(-6.09979e-08 -3.46488e-08 10.8119)
(-6.30578e-08 -3.07051e-08 11.0436)
(-3.75674e-08 -3.87335e-08 9.93524)
(-8.2862e-08 -2.46991e-08 10.2918)
(-8.17609e-08 -1.71965e-08 10.61)
(-4.73273e-08 -3.40617e-08 9.25327)
(-1.04554e-07 -1.06401e-08 9.72185)
(-9.88055e-08 2.15615e-09 10.1326)
(-5.6205e-08 -2.65285e-08 8.58559)
(-1.23931e-07 6.46125e-09 9.14783)
(-1.1318e-07 2.54317e-08 9.64165)
(-6.34505e-08 -1.70067e-08 7.9648)
(-1.39159e-07 2.46217e-08 8.59337)
(-1.24034e-07 5.01964e-08 9.14997)
(-6.83418e-08 -6.2767e-09 7.36278)
(-1.48399e-07 4.19874e-08 8.02428)
(-1.30614e-07 7.38864e-08 8.61497)
(-6.92278e-08 2.28757e-09 6.50724)
(-1.47725e-07 5.30606e-08 7.14724)
(-1.31025e-07 9.05618e-08 7.71295)
(-5.3439e-09 -3.25451e-08 11.582)
(-1.10392e-08 -3.73531e-08 11.6426)
(-1.41129e-08 -3.79025e-08 11.7288)
(-1.11855e-08 -3.87381e-08 11.4406)
(-2.42568e-08 -4.23686e-08 11.5227)
(-2.82224e-08 -4.19228e-08 11.629)
(-1.87267e-08 -4.24358e-08 11.0934)
(-4.14108e-08 -4.29945e-08 11.2359)
(-4.48941e-08 -4.15973e-08 11.3942)
(-2.76936e-08 -4.39109e-08 10.5717)
(-6.13907e-08 -3.8531e-08 10.8119)
(-6.32052e-08 -3.56007e-08 11.0436)
(-3.72017e-08 -4.2405e-08 9.93524)
(-8.27077e-08 -2.88194e-08 10.2918)
(-8.13831e-08 -2.27011e-08 10.61)
(-4.66245e-08 -3.74166e-08 9.25327)
(-1.03717e-07 -1.47254e-08 9.72185)
(-9.77505e-08 -3.74177e-09 10.1326)
(-5.51854e-08 -2.92143e-08 8.58559)
(-1.22425e-07 2.73132e-09 9.14783)
(-1.1139e-07 1.94508e-08 9.64165)
(-6.22025e-08 -1.88068e-08 7.9648)
(-1.37154e-07 2.15449e-08 8.59337)
(-1.21564e-07 4.45985e-08 9.14997)
(-6.7021e-08 -7.21989e-09 7.36278)
(-1.46219e-07 3.97449e-08 8.02428)
(-1.27656e-07 6.92958e-08 8.61497)
(-6.80573e-08 1.9537e-09 6.50724)
(-1.45825e-07 5.17796e-08 7.14724)
(-1.28165e-07 8.76004e-08 7.71295)
(-5.92803e-09 -3.05867e-08 11.582)
(-1.24899e-08 -3.56344e-08 11.6426)
(-1.64673e-08 -3.54661e-08 11.7288)
(-1.20118e-08 -3.62043e-08 11.4406)
(-2.6311e-08 -3.99413e-08 11.5227)
(-3.10663e-08 -3.88765e-08 11.629)
(-1.98547e-08 -3.95438e-08 11.0934)
(-4.41783e-08 -4.0014e-08 11.2359)
(-4.82785e-08 -3.79974e-08 11.3942)
(-2.91837e-08 -4.10367e-08 10.5717)
(-6.49548e-08 -3.51994e-08 10.8119)
(-6.71463e-08 -3.15928e-08 11.0436)
(-3.90579e-08 -3.98875e-08 9.93524)
(-8.7059e-08 -2.53768e-08 10.2918)
(-8.57554e-08 -1.85003e-08 10.61)
(-4.87677e-08 -3.54931e-08 9.25327)
(-1.0863e-07 -1.14783e-08 9.72185)
(-1.02202e-07 2.98137e-10 10.1326)
(-5.74025e-08 -2.80249e-08 8.58559)
(-1.27384e-07 5.44618e-09 9.14783)
(-1.15352e-07 2.28176e-08 9.64165)
(-6.41528e-08 -1.82832e-08 7.9648)
(-1.41374e-07 2.34617e-08 8.59337)
(-1.24314e-07 4.67184e-08 9.14997)
(-6.83126e-08 -7.03831e-09 7.36278)
(-1.48868e-07 4.08013e-08 8.02428)
(-1.28593e-07 6.97028e-08 8.61497)
(-6.83987e-08 2.13451e-09 6.50724)
(-1.46401e-07 5.2057e-08 7.14724)
(-1.27034e-07 8.63726e-08 7.71295)
(-7.48233e-09 -2.95335e-08 11.582)
(-1.66219e-08 -3.4843e-08 11.6426)
(-2.29859e-08 -3.51551e-08 11.7288)
(-1.40924e-08 -3.45818e-08 11.4406)
(-3.17636e-08 -3.86443e-08 11.5227)
(-3.89452e-08 -3.86755e-08 11.629)
(-2.24872e-08 -3.73423e-08 11.0934)
(-5.08749e-08 -3.81073e-08 11.2359)
(-5.71204e-08 -3.76058e-08 11.3942)
(-3.23876e-08 -3.83906e-08 10.5717)
(-7.27926e-08 -3.25989e-08 10.8119)
(-7.64995e-08 -3.08361e-08 11.0436)
(-4.27696e-08 -3.70027e-08 9.93524)
(-9.57921e-08 -2.21089e-08 10.2918)
(-9.50572e-08 -1.71846e-08 10.61)
(-5.28395e-08 -3.26322e-08 9.25327)
(-1.17854e-07 -7.73695e-09 9.72185)
(-1.10872e-07 2.17241e-09 10.1326)
(-6.15737e-08 -2.54681e-08 8.58559)
(-1.36512e-07 9.3592e-09 9.14783)
(-1.2288e-07 2.50735e-08 9.64165)
(-6.8052e-08 -1.63042e-08 7.9648)
(-1.49657e-07 2.70978e-08 8.59337)
(-1.30233e-07 4.8998e-08 9.14997)
(-7.14593e-08 -5.87424e-09 7.36278)
(-1.55359e-07 4.3588e-08 8.02428)
(-1.32344e-07 7.14395e-08 8.61497)
(-7.00867e-08 2.51375e-09 6.50724)
(-1.49703e-07 5.34157e-08 7.14724)
(-1.27815e-07 8.6627e-08 7.71295)
(-8.77855e-09 -3.32358e-08 11.582)
(-2.02967e-08 -3.87543e-08 11.6426)
(-2.78444e-08 -4.07231e-08 11.7288)
(-1.58304e-08 -3.83262e-08 11.4406)
(-3.64524e-08 -4.29668e-08 11.5227)
(-4.47213e-08 -4.5296e-08 11.629)
(-2.45716e-08 -4.07139e-08 11.0934)
(-5.6243e-08 -4.24079e-08 11.2359)
(-6.3138e-08 -4.49344e-08 11.3942)
(-3.46778e-08 -4.1161e-08 10.5717)
(-7.83571e-08 -3.65331e-08 10.8119)
(-8.19846e-08 -3.85493e-08 11.0436)
(-4.50764e-08 -3.90061e-08 9.93524)
(-1.01061e-07 -2.53752e-08 10.2918)
(-9.9317e-08 -2.48567e-08 10.61)
(-5.50439e-08 -3.37814e-08 9.25327)
(-1.22518e-07 -1.01295e-08 9.72185)
(-1.13524e-07 -4.97812e-09 10.1326)
(-6.36485e-08 -2.58047e-08 8.58559)
(-1.40529e-07 8.00996e-09 9.14783)
(-1.2397e-07 1.89708e-08 9.64165)
(-7.00383e-08 -1.6019e-08 7.9648)
(-1.53199e-07 2.68271e-08 8.59337)
(-1.30179e-07 4.44007e-08 9.14997)
(-7.33437e-08 -5.30111e-09 7.36278)
(-1.58538e-07 4.41727e-08 8.02428)
(-1.31705e-07 6.85078e-08 8.61497)
(-7.15316e-08 2.89611e-09 6.50724)
(-1.51961e-07 5.41765e-08 7.14724)
(-1.26736e-07 8.49681e-08 7.71295)
(-9.04271e-09 -3.51641e-08 11.582)
(-2.13407e-08 -4.13685e-08 11.6426)
(-2.87721e-08 -4.45608e-08 11.7288)
(-1.64082e-08 -4.07519e-08 11.4406)
(-3.8257e-08 -4.63102e-08 11.5227)
(-4.62507e-08 -5.00739e-08 11.629)
(-2.53609e-08 -4.34945e-08 11.0934)
(-5.85602e-08 -4.62685e-08 11.2359)
(-6.50064e-08 -5.05566e-08 11.3942)
(-3.5507e-08 -4.41835e-08 10.5717)
(-8.0797e-08 -4.07532e-08 10.8119)
(-8.37971e-08 -4.49341e-08 11.0436)
(-4.57764e-08 -4.20809e-08 9.93524)
(-1.03247e-07 -2.96942e-08 10.2918)
(-1.00661e-07 -3.17284e-08 10.61)
(-5.5526e-08 -3.66279e-08 9.25327)
(-1.24228e-07 -1.41974e-08 9.72185)
(-1.14092e-07 -1.1941e-08 10.1326)
(-6.39497e-08 -2.80904e-08 8.58559)
(-1.41775e-07 4.61895e-09 9.14783)
(-1.23619e-07 1.23852e-08 9.64165)
(-7.03172e-08 -1.75069e-08 7.9648)
(-1.54234e-07 2.45048e-08 8.59337)
(-1.28967e-07 3.87486e-08 9.14997)
(-7.38171e-08 -5.96315e-09 7.36278)
(-1.59742e-07 4.3143e-08 8.02428)
(-1.2987e-07 6.43987e-08 8.61497)
(-7.23095e-08 2.82019e-09 6.50724)
(-1.5354e-07 5.43558e-08 7.14724)
(-1.2487e-07 8.2777e-08 7.71295)
(-9.2079e-09 -3.13806e-08 11.582)
(-2.18693e-08 -3.87532e-08 11.6426)
(-2.99218e-08 -4.22851e-08 11.7288)
(-1.69772e-08 -3.72292e-08 11.4406)
(-3.99045e-08 -4.40167e-08 11.5227)
(-4.86526e-08 -4.82275e-08 11.629)
(-2.63039e-08 -4.06381e-08 11.0934)
(-6.12926e-08 -4.45428e-08 11.2359)
(-6.86464e-08 -4.91756e-08 11.3942)
(-3.67284e-08 -4.23312e-08 10.5717)
(-8.44207e-08 -3.97659e-08 10.8119)
(-8.85078e-08 -4.40735e-08 11.0436)
(-4.71272e-08 -4.13258e-08 9.93524)
(-1.07454e-07 -2.9443e-08 10.2918)
(-1.06049e-07 -3.13239e-08 10.61)
(-5.68463e-08 -3.68561e-08 9.25327)
(-1.28609e-07 -1.45823e-08 9.72185)
(-1.19543e-07 -1.19386e-08 10.1326)
(-6.50841e-08 -2.90501e-08 8.58559)
(-1.45848e-07 3.77566e-09 9.14783)
(-1.28367e-07 1.19664e-08 9.64165)
(-7.11425e-08 -1.8774e-08 7.9648)
(-1.57504e-07 2.34895e-08 8.59337)
(-1.32205e-07 3.78271e-08 9.14997)
(-7.42807e-08 -6.95309e-09 7.36278)
(-1.61867e-07 4.23847e-08 8.02428)
(-1.31041e-07 6.29164e-08 8.61497)
(-7.2499e-08 2.51668e-09 6.50724)
(-1.54549e-07 5.42161e-08 7.14724)
(-1.23902e-07 8.09839e-08 7.71295)
(-1.04268e-08 -2.77547e-08 11.582)
(-2.50781e-08 -3.58929e-08 11.6426)
(-3.50165e-08 -4.02401e-08 11.7288)
(-1.86586e-08 -3.24532e-08 11.4406)
(-4.43937e-08 -4.03915e-08 11.5227)
(-5.52141e-08 -4.62649e-08 11.629)
(-2.8366e-08 -3.49602e-08 11.0934)
(-6.68404e-08 -4.03069e-08 11.2359)
(-7.62951e-08 -4.71624e-08 11.3942)
(-3.90504e-08 -3.62018e-08 10.5717)
(-9.07262e-08 -3.51783e-08 10.8119)
(-9.67861e-08 -4.20571e-08 11.0436)
(-4.9538e-08 -3.52735e-08 9.93524)
(-1.14103e-07 -2.48195e-08 10.2918)
(-1.14358e-07 -2.92976e-08 10.61)
(-5.91575e-08 -3.14305e-08 9.25327)
(-1.35132e-07 -1.02887e-08 9.72185)
(-1.27266e-07 -9.98021e-09 10.1326)
(-6.7112e-08 -2.47095e-08 8.58559)
(-1.51785e-07 7.4183e-09 9.14783)
(-1.34962e-07 1.37285e-08 9.64165)
(-7.27347e-08 -1.58218e-08 7.9648)
(-1.6246e-07 2.62259e-08 8.59337)
(-1.37216e-07 3.92205e-08 9.14997)
(-7.53278e-08 -5.49651e-09 7.36278)
(-1.65508e-07 4.40461e-08 8.02428)
(-1.34007e-07 6.3691e-08 8.61497)
(-7.28756e-08 2.81254e-09 6.50724)
(-1.56438e-07 5.48619e-08 7.14724)
(-1.24278e-07 8.06472e-08 7.71295)
(-1.15976e-08 -2.99409e-08 11.582)
(-2.83466e-08 -3.81627e-08 11.6426)
(-3.93355e-08 -4.39466e-08 11.7288)
(-2.0098e-08 -3.39729e-08 11.4406)
(-4.83784e-08 -4.25237e-08 11.5227)
(-6.02653e-08 -5.06566e-08 11.629)
(-2.98922e-08 -3.55111e-08 11.0934)
(-7.10873e-08 -4.20802e-08 11.2359)
(-8.14292e-08 -5.2046e-08 11.3942)
(-4.04327e-08 -3.57387e-08 10.5717)
(-9.46464e-08 -3.65296e-08 10.8119)
(-1.01282e-07 -4.7326e-08 11.0436)
(-5.05355e-08 -3.39099e-08 9.93524)
(-1.17138e-07 -2.57681e-08 10.2918)
(-1.17574e-07 -3.47937e-08 10.61)
(-5.96284e-08 -2.94227e-08 9.25327)
(-1.36945e-07 -1.09243e-08 9.72185)
(-1.28858e-07 -1.54503e-08 10.1326)
(-6.70537e-08 -2.24292e-08 8.5856)
(-1.52386e-07 7.02401e-09 9.14783)
(-1.34988e-07 8.64625e-09 9.64165)
(-7.22788e-08 -1.37141e-08 7.9648)
(-1.6219e-07 2.60083e-08 8.59337)
(-1.361e-07 3.49294e-08 9.14996)
(-7.46551e-08 -3.99594e-09 7.36278)
(-1.64836e-07 4.39036e-08 8.02428)
(-1.32324e-07 6.04611e-08 8.61497)
(-7.20815e-08 3.33405e-09 6.50724)
(-1.55609e-07 5.45615e-08 7.14724)
(-1.22337e-07 7.83724e-08 7.71295)
(-1.16964e-08 -3.34828e-08 11.582)
(-2.90228e-08 -4.16816e-08 11.6426)
(-4.0052e-08 -4.82153e-08 11.7288)
(-2.0322e-08 -3.86451e-08 11.4406)
(-4.94799e-08 -4.7187e-08 11.5227)
(-6.14222e-08 -5.6026e-08 11.629)
(-3.01038e-08 -4.1028e-08 11.0934)
(-7.23445e-08 -4.7663e-08 11.2359)
(-8.27984e-08 -5.84876e-08 11.3942)
(-4.0427e-08 -4.16526e-08 10.5717)
(-9.5642e-08 -4.27313e-08 10.8119)
(-1.02484e-07 -5.46821e-08 11.0436)
(-5.01309e-08 -3.9679e-08 9.93525)
(-1.17477e-07 -3.21825e-08 10.2918)
(-1.18225e-07 -4.27668e-08 10.61)
(-5.87177e-08 -3.44948e-08 9.25327)
(-1.36374e-07 -1.70691e-08 9.72185)
(-1.28666e-07 -2.3616e-08 10.1326)
(-6.56388e-08 -2.6339e-08 8.5856)
(-1.50855e-07 1.63204e-09 9.14783)
(-1.33798e-07 7.97365e-10 9.64165)
(-7.0472e-08 -1.62461e-08 7.9648)
(-1.59881e-07 2.17464e-08 8.59337)
(-1.33932e-07 2.79848e-08 9.14996)
(-7.26499e-08 -5.24601e-09 7.36278)
(-1.62123e-07 4.09685e-08 8.02428)
(-1.29371e-07 5.50713e-08 8.61497)
(-7.01241e-08 2.8804e-09 6.50724)
(-1.53028e-07 5.28976e-08 7.14724)
(-1.19242e-07 7.49686e-08 7.71295)
(-1.17828e-08 -3.42331e-08 11.582)
(-2.93e-08 -4.23742e-08 11.6426)
(-4.06397e-08 -4.81116e-08 11.7288)
(-2.0586e-08 -3.97489e-08 11.4406)
(-5.02709e-08 -4.79658e-08 11.5227)
(-6.24983e-08 -5.57761e-08 11.629)
(-3.05793e-08 -4.2478e-08 11.0934)
(-7.37914e-08 -4.85151e-08 11.2359)
(-8.45231e-08 -5.81638e-08 11.3942)
(-4.11152e-08 -4.34355e-08 10.5717)
(-9.77815e-08 -4.35995e-08 10.8119)
(-1.04899e-07 -5.42728e-08 11.0436)
(-5.0987e-08 -4.17121e-08 9.93525)
(-1.20252e-07 -3.30111e-08 10.2918)
(-1.21221e-07 -4.22956e-08 10.61)
(-5.96448e-08 -3.66249e-08 9.25327)
(-1.39551e-07 -1.78418e-08 9.72185)
(-1.31904e-07 -2.31883e-08 10.1326)
(-6.64593e-08 -2.83936e-08 8.5856)
(-1.53971e-07 8.78889e-10 9.14783)
(-1.36713e-07 9.5213e-10 9.64164)
(-7.09374e-08 -1.79895e-08 7.9648)
(-1.62272e-07 2.09759e-08 8.59337)
(-1.3581e-07 2.75565e-08 9.14996)
(-7.25019e-08 -6.35495e-09 7.36278)
(-1.6313e-07 4.02458e-08 8.02428)
(-1.29618e-07 5.38095e-08 8.61497)
(-6.92401e-08 2.52425e-09 6.50724)
(-1.52394e-07 5.22674e-08 7.14724)
(-1.17705e-07 7.29922e-08 7.71295)
(-1.28763e-08 -3.55143e-08 11.582)
(-3.21132e-08 -4.337e-08 11.6426)
(-4.49937e-08 -4.86245e-08 11.7288)
(-2.20574e-08 -4.02737e-08 11.4406)
(-5.40176e-08 -4.81027e-08 11.5227)
(-6.77167e-08 -5.57853e-08 11.629)
(-3.24988e-08 -4.20328e-08 11.0934)
(-7.85989e-08 -4.75619e-08 11.2359)
(-9.04953e-08 -5.74645e-08 11.3942)
(-4.35446e-08 -4.2063e-08 10.5717)
(-1.03728e-07 -4.14349e-08 10.8119)
(-1.1146e-07 -5.27017e-08 11.0436)
(-5.39084e-08 -3.96741e-08 9.93525)
(-1.27282e-07 -2.97512e-08 10.2918)
(-1.28102e-07 -3.98213e-08 10.61)
(-6.29435e-08 -3.43073e-08 9.25328)
(-1.47396e-07 -1.38398e-08 9.72185)
(-1.38724e-07 -1.99953e-08 10.1326)
(-6.98884e-08 -2.62049e-08 8.5856)
(-1.62097e-07 5.13219e-09 9.14783)
(-1.43036e-07 4.46714e-09 9.64164)
(-7.41243e-08 -1.62859e-08 7.9648)
(-1.69901e-07 2.48812e-08 8.59337)
(-1.41117e-07 3.08391e-08 9.14996)
(-7.49761e-08 -5.38553e-09 7.36278)
(-1.69267e-07 4.31788e-08 8.02428)
(-1.33228e-07 5.61986e-08 8.61497)
(-7.03901e-08 2.80316e-09 6.50724)
(-1.55744e-07 5.37006e-08 7.14724)
(-1.1877e-07 7.3609e-08 7.71295)
(-1.40396e-08 -4.1472e-08 11.582)
(-3.53648e-08 -4.9026e-08 11.6426)
(-4.95744e-08 -5.50685e-08 11.7288)
(-2.36518e-08 -4.67459e-08 11.4406)
(-5.82787e-08 -5.42908e-08 11.5227)
(-7.32513e-08 -6.30715e-08 11.629)
(-3.45048e-08 -4.8384e-08 11.0934)
(-8.37556e-08 -5.36634e-08 11.2359)
(-9.6503e-08 -6.5157e-08 11.3942)
(-4.58993e-08 -4.77792e-08 10.5717)
(-1.095e-07 -4.68619e-08 10.8119)
(-1.17357e-07 -6.02769e-08 11.0436)
(-5.64707e-08 -4.43553e-08 9.93525)
(-1.33328e-07 -3.40431e-08 10.2918)
(-1.33334e-07 -4.67848e-08 10.61)
(-6.55815e-08 -3.77085e-08 9.25328)
(-1.5341e-07 -1.67427e-08 9.72185)
(-1.42907e-07 -2.58981e-08 10.1326)
(-7.24837e-08 -2.82987e-08 8.5856)
(-1.67865e-07 3.71201e-09 9.14783)
(-1.46081e-07 -2.08414e-11 9.64164)
(-7.65592e-08 -1.72526e-08 7.96481)
(-1.75263e-07 2.48121e-08 8.59337)
(-1.43169e-07 2.79564e-08 9.14996)
(-7.705e-08 -5.56189e-09 7.36278)
(-1.73928e-07 4.40648e-08 8.02428)
(-1.34474e-07 5.48004e-08 8.61497)
(-7.16193e-08 2.85731e-09 6.50724)
(-1.58807e-07 5.46632e-08 7.14724)
(-1.19009e-07 7.29796e-08 7.71295)
(-1.45893e-08 -4.7552e-08 11.582)
(-3.71091e-08 -5.51797e-08 11.6426)
(-5.16373e-08 -6.19305e-08 11.7288)
(-2.45258e-08 -5.37437e-08 11.4406)
(-6.07568e-08 -6.13419e-08 11.5227)
(-7.58584e-08 -7.08083e-08 11.629)
(-3.5665e-08 -5.57753e-08 11.0934)
(-8.68551e-08 -6.10685e-08 11.2359)
(-9.94089e-08 -7.35116e-08 11.3942)
(-4.72481e-08 -5.50835e-08 10.5717)
(-1.12972e-07 -5.41095e-08 10.8119)
(-1.20192e-07 -6.88855e-08 11.0436)
(-5.78809e-08 -5.11049e-08 9.93525)
(-1.36898e-07 -4.06364e-08 10.2918)
(-1.35741e-07 -5.51861e-08 10.61)
(-6.69693e-08 -4.34539e-08 9.25328)
(-1.56902e-07 -2.22315e-08 9.72185)
(-1.44643e-07 -3.36145e-08 10.1326)
(-7.3836e-08 -3.26688e-08 8.5856)
(-1.71245e-07 -2.74238e-10 9.14783)
(-1.47074e-07 -6.58656e-09 9.64164)
(-7.79215e-08 -2.00729e-08 7.96481)
(-1.78637e-07 2.25655e-08 8.59337)
(-1.43521e-07 2.29889e-08 9.14996)
(-7.84584e-08 -6.91046e-09 7.36278)
(-1.77395e-07 4.35483e-08 8.02428)
(-1.34374e-07 5.1823e-08 8.61497)
(-7.29217e-08 2.53277e-09 6.50724)
(-1.62119e-07 5.54031e-08 7.14724)
(-1.18796e-07 7.19614e-08 7.71295)
(-1.5011e-08 -4.80452e-08 11.582)
(-3.82731e-08 -5.63303e-08 11.6426)
(-5.32283e-08 -6.30029e-08 11.7288)
(-2.52724e-08 -5.42708e-08 11.4406)
(-6.26813e-08 -6.24972e-08 11.5227)
(-7.80244e-08 -7.18903e-08 11.629)
(-3.67543e-08 -5.63456e-08 11.0934)
(-8.95792e-08 -6.21441e-08 11.2359)
(-1.02145e-07 -7.45471e-08 11.3942)
(-4.86602e-08 -5.58476e-08 10.5717)
(-1.16438e-07 -5.50876e-08 10.8119)
(-1.2341e-07 -6.98571e-08 11.0436)
(-5.95442e-08 -5.21526e-08 9.93525)
(-1.40985e-07 -4.14764e-08 10.2918)
(-1.39251e-07 -5.60309e-08 10.61)
(-6.88044e-08 -4.47635e-08 9.25328)
(-1.61428e-07 -2.29028e-08 9.72185)
(-1.48139e-07 -3.43105e-08 10.1326)
(-7.57543e-08 -3.41211e-08 8.5856)
(-1.75972e-07 -7.10473e-10 9.14783)
(-1.50179e-07 -7.18683e-09 9.64164)
(-7.98315e-08 -2.14115e-08 7.96481)
(-1.83284e-07 2.24928e-08 8.59337)
(-1.45838e-07 2.24018e-08 9.14996)
(-8.02702e-08 -7.74308e-09 7.36278)
(-1.81709e-07 4.40681e-08 8.02428)
(-1.35666e-07 5.12131e-08 8.61497)
(-7.45421e-08 2.40238e-09 6.50724)
(-1.65939e-07 5.65713e-08 7.14724)
(-1.19141e-07 7.14949e-08 7.71295)
(-1.59264e-08 -4.49776e-08 11.582)
(-4.07651e-08 -5.41646e-08 11.6426)
(-5.72586e-08 -6.14471e-08 11.7288)
(-2.66252e-08 -5.08264e-08 11.4406)
(-6.63215e-08 -6.00921e-08 11.5227)
(-8.3234e-08 -7.05727e-08 11.629)
(-3.85204e-08 -5.27524e-08 11.0934)
(-9.42602e-08 -5.95935e-08 11.2359)
(-1.08284e-07 -7.33413e-08 11.3942)
(-5.07802e-08 -5.24174e-08 10.5717)
(-1.21982e-07 -5.25149e-08 10.8119)
(-1.30153e-07 -6.87563e-08 11.0436)
(-6.19056e-08 -4.91539e-08 9.93525)
(-1.47116e-07 -3.89903e-08 10.2918)
(-1.46152e-07 -5.49567e-08 10.61)
(-7.12711e-08 -4.24078e-08 9.25328)
(-1.6781e-07 -2.06224e-08 9.72185)
(-1.54702e-07 -3.32495e-08 10.1326)
(-7.81777e-08 -3.25147e-08 8.5856)
(-1.82241e-07 1.29882e-09 9.14783)
(-1.55941e-07 -6.16794e-09 9.64164)
(-8.20708e-08 -2.05413e-08 7.96481)
(-1.89104e-07 2.42062e-08 8.59337)
(-1.50399e-07 2.33105e-08 9.14996)
(-8.22004e-08 -7.48395e-09 7.36278)
(-1.86776e-07 4.54987e-08 8.02428)
(-1.38659e-07 5.19118e-08 8.61497)
(-7.59826e-08 2.34769e-09 6.50724)
(-1.6985e-07 5.77727e-08 7.14724)
(-1.20271e-07 7.1698e-08 7.71295)
(-1.68672e-08 -4.44795e-08 11.582)
(-4.33865e-08 -5.41382e-08 11.6426)
(-6.07779e-08 -6.27627e-08 11.7288)
(-2.78531e-08 -4.97133e-08 11.4406)
(-6.96775e-08 -5.98668e-08 11.5227)
(-8.74464e-08 -7.23872e-08 11.629)
(-3.99215e-08 -5.09702e-08 11.0934)
(-9.8043e-08 -5.90876e-08 11.2359)
(-1.12727e-07 -7.55007e-08 11.3942)
(-5.22062e-08 -5.01133e-08 10.5717)
(-1.25799e-07 -5.17771e-08 10.8119)
(-1.34315e-07 -7.12425e-08 11.0436)
(-6.31881e-08 -4.65469e-08 9.93525)
(-1.50576e-07 -3.81071e-08 10.2918)
(-1.49543e-07 -5.76648e-08 10.61)
(-7.23085e-08 -3.97692e-08 9.25328)
(-1.70664e-07 -1.97164e-08 9.72185)
(-1.57018e-07 -3.60249e-08 10.1326)
(-7.89633e-08 -3.01373e-08 8.5856)
(-1.84475e-07 2.15563e-09 9.14783)
(-1.57151e-07 -8.78478e-09 9.64164)
(-8.26914e-08 -1.86931e-08 7.96481)
(-1.90933e-07 2.49939e-08 8.59337)
(-1.50724e-07 2.11069e-08 9.14996)
(-8.27701e-08 -6.34002e-09 7.36278)
(-1.88508e-07 4.62359e-08 8.02428)
(-1.38436e-07 5.03065e-08 8.61497)
(-7.65228e-08 2.69061e-09 6.50724)
(-1.71604e-07 5.83912e-08 7.14724)
(-1.19694e-07 7.06045e-08 7.71295)
(-1.7146e-08 -4.60438e-08 11.582)
(-4.43409e-08 -5.58455e-08 11.6426)
(-6.15663e-08 -6.54389e-08 11.7288)
(-2.81877e-08 -5.11991e-08 11.4406)
(-7.07944e-08 -6.17493e-08 11.5227)
(-8.82729e-08 -7.55231e-08 11.629)
(-4.02075e-08 -5.21984e-08 11.0934)
(-9.90884e-08 -6.09814e-08 11.2359)
(-1.13389e-07 -7.90371e-08 11.3942)
(-5.23091e-08 -5.10008e-08 10.5717)
(-1.26497e-07 -5.36105e-08 10.8119)
(-1.34569e-07 -7.51605e-08 11.0436)
(-6.30068e-08 -4.70604e-08 9.93525)
(-1.50707e-07 -3.98233e-08 10.2918)
(-1.49188e-07 -6.18497e-08 10.61)
(-7.18216e-08 -3.99011e-08 9.25328)
(-1.70175e-07 -2.12417e-08 9.72185)
(-1.55985e-07 -4.03048e-08 10.1326)
(-7.82504e-08 -2.99071e-08 8.5856)
(-1.83521e-07 9.23843e-10 9.14783)
(-1.55517e-07 -1.29247e-08 9.64164)
(-8.19191e-08 -1.822e-08 7.96481)
(-1.89871e-07 2.41457e-08 8.59337)
(-1.487e-07 1.74226e-08 9.14996)
(-8.21496e-08 -5.82441e-09 7.36278)
(-1.87811e-07 4.58371e-08 8.02428)
(-1.36296e-07 4.74879e-08 8.61497)
(-7.62588e-08 2.921e-09 6.50724)
(-1.71782e-07 5.84135e-08 7.14724)
(-1.17955e-07 6.88924e-08 7.71295)
(-1.71863e-08 -4.63124e-08 11.582)
(-4.45804e-08 -5.64522e-08 11.6426)
(-6.20839e-08 -6.62459e-08 11.7288)
(-2.82846e-08 -5.21426e-08 11.4406)
(-7.12379e-08 -6.2963e-08 11.5227)
(-8.90785e-08 -7.67911e-08 11.629)
(-4.03317e-08 -5.38415e-08 11.0934)
(-9.97023e-08 -6.27657e-08 11.2359)
(-1.14471e-07 -8.06969e-08 11.3942)
(-5.24242e-08 -5.32554e-08 10.5717)
(-1.27197e-07 -5.58602e-08 10.8119)
(-1.35857e-07 -7.70997e-08 11.0436)
(-6.30744e-08 -4.96871e-08 9.93525)
(-1.51405e-07 -4.2326e-08 10.2918)
(-1.50563e-07 -6.39288e-08 10.61)
(-7.18092e-08 -4.25768e-08 9.25328)
(-1.70765e-07 -2.37552e-08 9.72185)
(-1.57241e-07 -4.24052e-08 10.1326)
(-7.81158e-08 -3.23082e-08 8.5856)
(-1.83866e-07 -1.37728e-09 9.14783)
(-1.56354e-07 -1.49904e-08 9.64164)
(-8.16128e-08 -2.00586e-08 7.96481)
(-1.89814e-07 2.22454e-08 8.59337)
(-1.48793e-07 1.53729e-08 9.14996)
(-8.16378e-08 -6.83516e-09 7.36279)
(-1.87273e-07 4.45564e-08 8.02428)
(-1.35447e-07 4.54504e-08 8.61497)
(-7.5632e-08 2.65486e-09 6.50724)
(-1.71059e-07 5.78091e-08 7.14724)
(-1.16357e-07 6.70191e-08 7.71295)
(-1.79521e-08 -4.6251e-08 11.582)
(-4.66418e-08 -5.68325e-08 11.6426)
(-6.55275e-08 -6.70038e-08 11.7288)
(-2.92011e-08 -5.18698e-08 11.4406)
(-7.37201e-08 -6.32589e-08 11.5227)
(-9.31102e-08 -7.76966e-08 11.629)
(-4.13639e-08 -5.33339e-08 11.0934)
(-1.02488e-07 -6.28802e-08 11.2359)
(-1.1887e-07 -8.15393e-08 11.3942)
(-5.35463e-08 -5.25834e-08 10.5717)
(-1.30188e-07 -5.57576e-08 10.8119)
(-1.40404e-07 -7.77633e-08 11.0436)
(-6.42448e-08 -4.89542e-08 9.93525)
(-1.5447e-07 -4.20058e-08 10.2918)
(-1.54982e-07 -6.42874e-08 10.61)
(-7.29665e-08 -4.19096e-08 9.25328)
(-1.73731e-07 -2.32825e-08 9.72185)
(-1.61231e-07 -4.24448e-08 10.1326)
(-7.91711e-08 -3.18027e-08 8.5856)
(-1.86517e-07 -8.39596e-10 9.14783)
(-1.59629e-07 -1.48146e-08 9.64164)
(-8.24559e-08 -1.97736e-08 7.96481)
(-1.91926e-07 2.27229e-08 8.59337)
(-1.51087e-07 1.55596e-08 9.14996)
(-8.21544e-08 -6.78001e-09 7.36279)
(-1.88633e-07 4.48488e-08 8.02428)
(-1.36476e-07 4.54067e-08 8.61497)
(-7.5709e-08 2.57148e-09 6.50724)
(-1.71525e-07 5.78269e-08 7.14724)
(-1.15961e-07 6.63557e-08 7.71295)
(-1.87825e-08 -4.88271e-08 11.582)
(-4.89793e-08 -5.9807e-08 11.6426)
(-6.89951e-08 -7.1013e-08 11.7288)
(-3.0142e-08 -5.42584e-08 11.4406)
(-7.63381e-08 -6.64204e-08 11.5227)
(-9.70353e-08 -8.22654e-08 11.629)
(-4.22887e-08 -5.52103e-08 11.0934)
(-1.05074e-07 -6.59067e-08 11.2359)
(-1.22823e-07 -8.63643e-08 11.3942)
(-5.43211e-08 -5.38125e-08 10.5717)
(-1.32391e-07 -5.84786e-08 10.8119)
(-1.43927e-07 -8.26099e-08 11.0436)
(-6.47374e-08 -4.95258e-08 9.93525)
(-1.55972e-07 -4.43139e-08 10.2918)
(-1.57666e-07 -6.8912e-08 10.61)
(-7.3111e-08 -4.19358e-08 9.25328)
(-1.74356e-07 -2.51496e-08 9.72185)
(-1.62839e-07 -4.66326e-08 10.1326)
(-7.89924e-08 -3.14735e-08 8.5856)
(-1.86312e-07 -2.26142e-09 9.14783)
(-1.60149e-07 -1.83674e-08 9.64164)
(-8.20688e-08 -1.93128e-08 7.96481)
(-1.91148e-07 2.17222e-08 8.59337)
(-1.5072e-07 1.27803e-08 9.14996)
(-8.1703e-08 -6.39169e-09 7.36279)
(-1.87626e-07 4.42198e-08 8.02428)
(-1.35509e-07 4.34119e-08 8.61497)
(-7.52796e-08 2.67859e-09 6.50724)
(-1.70565e-07 5.73615e-08 7.14724)
(-1.14617e-07 6.48525e-08 7.71295)
(-1.87163e-08 -5.18334e-08 11.582)
(-4.91717e-08 -6.33598e-08 11.6426)
(-6.95262e-08 -7.56031e-08 11.7288)
(-3.00812e-08 -5.84407e-08 11.4406)
(-7.66552e-08 -7.13229e-08 11.5227)
(-9.79979e-08 -8.80741e-08 11.629)
(-4.20786e-08 -6.02927e-08 11.0934)
(-1.05203e-07 -7.1882e-08 11.2359)
(-1.23992e-07 -9.31971e-08 11.3942)
(-5.37609e-08 -5.93674e-08 10.5717)
(-1.3193e-07 -6.52247e-08 10.8119)
(-1.44971e-07 -9.02134e-08 11.0436)
(-6.36682e-08 -5.50342e-08 9.93525)
(-1.54565e-07 -5.1398e-08 10.2918)
(-1.58249e-07 -7.68994e-08 10.61)
(-7.14639e-08 -4.6899e-08 9.25328)
(-1.71828e-07 -3.20583e-08 9.72185)
(-1.62724e-07 -5.45278e-08 10.1326)
(-7.68422e-08 -3.5474e-08 8.5856)
(-1.82758e-07 -8.47666e-09 9.14783)
(-1.59224e-07 -2.56392e-08 9.64164)
(-7.96358e-08 -2.21183e-08 7.96481)
(-1.86952e-07 1.66507e-08 8.59337)
(-1.49037e-07 6.65439e-09 9.14996)
(-7.9315e-08 -7.982e-09 7.36279)
(-1.83386e-07 4.06172e-08 8.02428)
(-1.33246e-07 3.8924e-08 8.61497)
(-7.33451e-08 2.0013e-09 6.50724)
(-1.67095e-07 5.52821e-08 7.14724)
(-1.12285e-07 6.21614e-08 7.71295)
(-1.82128e-08 -5.18438e-08 11.582)
(-4.80034e-08 -6.39314e-08 11.6426)
(-6.82364e-08 -7.623e-08 11.7288)
(-2.94717e-08 -5.89863e-08 11.4406)
(-7.53422e-08 -7.25064e-08 11.5227)
(-9.68236e-08 -8.90647e-08 11.629)
(-4.12698e-08 -6.14266e-08 11.0934)
(-1.03614e-07 -7.37338e-08 11.2359)
(-1.22991e-07 -9.46136e-08 11.3942)
(-5.26359e-08 -6.105e-08 10.5717)
(-1.29877e-07 -6.78039e-08 10.8119)
(-1.44124e-07 -9.21185e-08 11.0436)
(-6.21408e-08 -5.71316e-08 9.93525)
(-1.51887e-07 -5.46443e-08 10.2918)
(-1.57482e-07 -7.92912e-08 10.61)
(-6.94927e-08 -4.92308e-08 9.25328)
(-1.6842e-07 -3.58098e-08 9.72185)
(-1.61906e-07 -5.734e-08 10.1326)
(-7.44517e-08 -3.78152e-08 8.5856)
(-1.78611e-07 -1.2493e-08 9.14783)
(-1.58153e-07 -2.87553e-08 9.64164)
(-7.6931e-08 -2.41926e-08 7.96481)
(-1.82181e-07 1.2708e-08 8.59337)
(-1.47499e-07 3.3976e-09 9.14996)
(-7.65039e-08 -9.45497e-09 7.36279)
(-1.7831e-07 3.72215e-08 8.02428)
(-1.31145e-07 3.57773e-08 8.61497)
(-7.08719e-08 1.29231e-09 6.50724)
(-1.62572e-07 5.28899e-08 7.14724)
(-1.09914e-07 5.95369e-08 7.71295)
(-1.79257e-08 -4.98396e-08 11.582)
(-4.72573e-08 -6.22027e-08 11.6426)
(-6.75393e-08 -7.43336e-08 11.7288)
(-2.90231e-08 -5.64266e-08 11.4406)
(-7.43098e-08 -7.03873e-08 11.5227)
(-9.60086e-08 -8.68651e-08 11.629)
(-4.0587e-08 -5.84631e-08 11.0934)
(-1.02166e-07 -7.14318e-08 11.2359)
(-1.22074e-07 -9.22536e-08 11.3942)
(-5.16433e-08 -5.78941e-08 10.5717)
(-1.27909e-07 -6.56139e-08 10.8119)
(-1.43125e-07 -8.98382e-08 11.0436)
(-6.07989e-08 -5.40732e-08 9.93525)
(-1.49319e-07 -5.28853e-08 10.2918)
(-1.56409e-07 -7.73611e-08 10.61)
(-6.7777e-08 -4.66071e-08 9.25328)
(-1.65204e-07 -3.47584e-08 9.72185)
(-1.60752e-07 -5.60141e-08 10.1326)
(-7.23685e-08 -3.58954e-08 8.5856)
(-1.74754e-07 -1.23401e-08 9.14783)
(-1.56885e-07 -2.82122e-08 9.64164)
(-7.453e-08 -2.3118e-08 7.96481)
(-1.77775e-07 1.19178e-08 8.59337)
(-1.46057e-07 3.08271e-09 9.14996)
(-7.39084e-08 -9.20122e-09 7.36279)
(-1.73574e-07 3.56386e-08 8.02428)
(-1.29418e-07 3.46937e-08 8.61497)
(-6.83764e-08 1.00786e-09 6.50724)
(-1.58074e-07 5.09535e-08 7.14724)
(-1.07944e-07 5.78519e-08 7.71295)
(-1.74521e-08 -4.93894e-08 11.582)
(-4.61096e-08 -6.16022e-08 11.6426)
(-6.60827e-08 -7.38801e-08 11.7288)
(-2.82913e-08 -5.61206e-08 11.4406)
(-7.26392e-08 -7.0027e-08 11.5227)
(-9.42028e-08 -8.6619e-08 11.629)
(-3.94903e-08 -5.83074e-08 11.0934)
(-9.97686e-08 -7.14367e-08 11.2359)
(-1.1983e-07 -9.2339e-08 11.3942)
(-5.00708e-08 -5.7791e-08 10.5717)
(-1.24581e-07 -6.60955e-08 10.8119)
(-1.40364e-07 -9.03876e-08 11.0436)
(-5.86853e-08 -5.39353e-08 9.93525)
(-1.44924e-07 -5.3913e-08 10.2918)
(-1.53112e-07 -7.85204e-08 10.61)
(-6.51075e-08 -4.64272e-08 9.25328)
(-1.59721e-07 -3.63426e-08 9.72185)
(-1.57008e-07 -5.78259e-08 10.1326)
(-6.92042e-08 -3.57328e-08 8.5856)
(-1.6834e-07 -1.44584e-08 9.14783)
(-1.52865e-07 -3.05835e-08 9.64164)
(-7.10121e-08 -2.30683e-08 7.96481)
(-1.70758e-07 9.35775e-09 8.59337)
(-1.42018e-07 3.42641e-10 9.14996)
(-7.02418e-08 -9.34221e-09 7.36279)
(-1.66413e-07 3.28272e-08 8.02428)
(-1.2563e-07 3.18485e-08 8.61497)
(-6.48949e-08 6.00305e-10 6.50724)
(-1.51503e-07 4.81451e-08 7.14724)
(-1.04724e-07 5.51455e-08 7.71295)
(-1.66298e-08 -5.00398e-08 11.582)
(-4.40003e-08 -6.16669e-08 11.6426)
(-6.29209e-08 -7.34824e-08 11.7288)
(-2.70383e-08 -5.69497e-08 11.4406)
(-6.95393e-08 -7.01991e-08 11.5227)
(-9.00757e-08 -8.60257e-08 11.629)
(-3.7745e-08 -5.92761e-08 11.0934)
(-9.56023e-08 -7.18335e-08 11.2359)
(-1.14876e-07 -9.18038e-08 11.3942)
(-4.77778e-08 -5.87533e-08 10.5717)
(-1.19326e-07 -6.68188e-08 10.8119)
(-1.34764e-07 -9.01102e-08 11.0436)
(-5.58624e-08 -5.47822e-08 9.93525)
(-1.38651e-07 -5.50642e-08 10.2918)
(-1.47137e-07 -7.87519e-08 10.61)
(-6.18137e-08 -4.71023e-08 9.25328)
(-1.52601e-07 -3.79474e-08 9.72185)
(-1.50979e-07 -5.87297e-08 10.1326)
(-6.55524e-08 -3.62191e-08 8.5856)
(-1.60642e-07 -1.65096e-08 9.14783)
(-1.47073e-07 -3.22001e-08 9.64164)
(-6.71588e-08 -2.34182e-08 7.96481)
(-1.62838e-07 6.91614e-09 8.59337)
(-1.3672e-07 -1.89125e-09 9.14996)
(-6.6388e-08 -9.64948e-09 7.36279)
(-1.58708e-07 3.01286e-08 8.02428)
(-1.21011e-07 2.92985e-08 8.61496)
(-6.13797e-08 1.95288e-10 6.50724)
(-1.44767e-07 4.54285e-08 7.14724)
(-1.01199e-07 5.26587e-08 7.71295)
(-1.58288e-08 -4.95101e-08 11.582)
(-4.17573e-08 -6.0396e-08 11.6426)
(-5.9744e-08 -7.07899e-08 11.7288)
(-2.57759e-08 -5.61845e-08 11.4406)
(-6.61663e-08 -6.84368e-08 11.5227)
(-8.57198e-08 -8.24018e-08 11.629)
(-3.60456e-08 -5.8354e-08 11.0934)
(-9.12227e-08 -6.98046e-08 11.2359)
(-1.09659e-07 -8.75645e-08 11.3942)
(-4.57065e-08 -5.77225e-08 10.5717)
(-1.14158e-07 -6.47472e-08 10.8119)
(-1.29088e-07 -8.55355e-08 11.0436)
(-5.35349e-08 -5.37514e-08 9.93525)
(-1.32991e-07 -5.32263e-08 10.2918)
(-1.41475e-07 -7.42956e-08 10.61)
(-5.93325e-08 -4.62082e-08 9.25328)
(-1.46714e-07 -3.66031e-08 9.72185)
(-1.45727e-07 -5.48558e-08 10.1326)
(-6.29788e-08 -3.55835e-08 8.5856)
(-1.547e-07 -1.59078e-08 9.14783)
(-1.42447e-07 -2.93458e-08 9.64164)
(-6.45042e-08 -2.30967e-08 7.96481)
(-1.56894e-07 6.61128e-09 8.59337)
(-1.32752e-07 -4.19028e-10 9.14996)
(-6.36474e-08 -9.57095e-09 7.36279)
(-1.52779e-07 2.89564e-08 8.02428)
(-1.17627e-07 2.92306e-08 8.61496)
(-5.86975e-08 8.1241e-11 6.50724)
(-1.39235e-07 4.35879e-08 7.14724)
(-9.84856e-08 5.12643e-08 7.71295)
(-1.54527e-08 -4.87582e-08 11.582)
(-4.06728e-08 -5.89584e-08 11.6426)
(-5.8723e-08 -6.81939e-08 11.7288)
(-2.50778e-08 -5.55105e-08 11.4406)
(-6.43137e-08 -6.67637e-08 11.5227)
(-8.40221e-08 -7.92036e-08 11.629)
(-3.50557e-08 -5.78178e-08 11.0934)
(-8.86709e-08 -6.80619e-08 11.2359)
(-1.07413e-07 -8.39251e-08 11.3942)
(-4.44963e-08 -5.72611e-08 10.5717)
(-1.11085e-07 -6.30223e-08 10.8119)
(-1.26506e-07 -8.15768e-08 11.0436)
(-5.2207e-08 -5.33278e-08 9.93525)
(-1.29608e-07 -5.16471e-08 10.2918)
(-1.38822e-07 -7.02901e-08 10.61)
(-5.79511e-08 -4.58391e-08 9.25328)
(-1.43182e-07 -3.53105e-08 9.72185)
(-1.43235e-07 -5.11312e-08 10.1326)
(-6.1551e-08 -3.53124e-08 8.5856)
(-1.51082e-07 -1.5083e-08 9.14783)
(-1.40255e-07 -2.62423e-08 9.64164)
(-6.29759e-08 -2.29802e-08 7.96481)
(-1.53152e-07 6.77898e-09 8.59337)
(-1.3089e-07 1.72262e-09 9.14996)
(-6.19281e-08 -9.64596e-09 7.36279)
(-1.48793e-07 2.83345e-08 8.02428)
(-1.15964e-07 3.01595e-08 8.61496)
(-5.67393e-08 -1.65428e-10 6.50724)
(-1.34993e-07 4.21572e-08 7.14724)
(-9.68631e-08 5.07686e-08 7.71295)
(-1.52987e-08 -5.03723e-08 11.582)
(-4.0207e-08 -5.98242e-08 11.6426)
(-5.81661e-08 -6.84344e-08 11.7288)
(-2.4617e-08 -5.7062e-08 11.4406)
(-6.3033e-08 -6.74546e-08 11.5227)
(-8.26746e-08 -7.90636e-08 11.629)
(-3.42695e-08 -5.91399e-08 11.0934)
(-8.65215e-08 -6.85403e-08 11.2359)
(-1.05213e-07 -8.34688e-08 11.3942)
(-4.34028e-08 -5.81911e-08 10.5717)
(-1.08087e-07 -6.32726e-08 10.8119)
(-1.23474e-07 -8.0835e-08 11.0436)
(-5.08573e-08 -5.38149e-08 9.93525)
(-1.2586e-07 -5.17401e-08 10.2918)
(-1.35113e-07 -6.94446e-08 10.61)
(-5.64137e-08 -4.59399e-08 9.25328)
(-1.38855e-07 -3.53594e-08 9.72185)
(-1.39134e-07 -5.03698e-08 10.1326)
(-5.99099e-08 -3.51611e-08 8.5856)
(-1.46429e-07 -1.52338e-08 9.14783)
(-1.36136e-07 -2.57114e-08 9.64164)
(-6.13201e-08 -2.27473e-08 7.96481)
(-1.48471e-07 6.37855e-09 8.59337)
(-1.27176e-07 1.90738e-09 9.14996)
(-6.03252e-08 -9.49243e-09 7.36279)
(-1.4435e-07 2.75716e-08 8.02428)
(-1.13014e-07 2.99076e-08 8.61496)
(-5.52349e-08 -2.31737e-10 6.50724)
(-1.31028e-07 4.09197e-08 7.14724)
(-9.48646e-08 4.9966e-08 7.71295)
(-1.48134e-08 -5.23125e-08 11.582)
(-3.89272e-08 -6.12204e-08 11.6426)
(-5.61435e-08 -6.92934e-08 11.7288)
(-2.38e-08 -5.90938e-08 11.4406)
(-6.08553e-08 -6.88515e-08 11.5227)
(-7.96835e-08 -7.96055e-08 11.629)
(-3.31001e-08 -6.11033e-08 11.0934)
(-8.3404e-08 -6.98885e-08 11.2359)
(-1.01314e-07 -8.38116e-08 11.3942)
(-4.18823e-08 -5.99188e-08 10.5717)
(-1.04056e-07 -6.4557e-08 10.8119)
(-1.18783e-07 -8.1047e-08 11.0436)
(-4.90397e-08 -5.52193e-08 9.93525)
(-1.21035e-07 -5.29939e-08 10.2918)
(-1.29879e-07 -6.96923e-08 10.61)
(-5.43861e-08 -4.69862e-08 9.25328)
(-1.33458e-07 -3.65996e-08 9.72185)
(-1.33702e-07 -5.0795e-08 10.1326)
(-5.78006e-08 -3.58464e-08 8.5856)
(-1.40779e-07 -1.64755e-08 9.14783)
(-1.30886e-07 -2.63885e-08 9.64164)
(-5.92861e-08 -2.31218e-08 7.96481)
(-1.42969e-07 5.12814e-09 8.59337)
(-1.22513e-07 9.83916e-10 9.14996)
(-5.85393e-08 -9.65585e-09 7.36279)
(-1.39429e-07 2.63244e-08 8.02428)
(-1.09297e-07 2.88728e-08 8.61496)
(-5.3904e-08 -3.38118e-10 6.50724)
(-1.2722e-07 3.96994e-08 7.14724)
(-9.25391e-08 4.89972e-08 7.71294)
(-1.40077e-08 -5.11052e-08 11.582)
(-3.67934e-08 -6.00041e-08 11.6426)
(-5.32881e-08 -6.74916e-08 11.7288)
(-2.2755e-08 -5.84384e-08 11.4406)
(-5.8113e-08 -6.79905e-08 11.5227)
(-7.62554e-08 -7.76931e-08 11.629)
(-3.18258e-08 -6.11877e-08 11.0934)
(-8.00923e-08 -6.95889e-08 11.2359)
(-9.74929e-08 -8.19757e-08 11.3942)
(-4.04045e-08 -6.07323e-08 10.5717)
(-1.00251e-07 -6.49239e-08 10.8119)
(-1.14775e-07 -7.94381e-08 11.0436)
(-4.74094e-08 -5.66185e-08 9.93525)
(-1.16849e-07 -5.40164e-08 10.2918)
(-1.25905e-07 -6.84767e-08 10.61)
(-5.26504e-08 -4.87432e-08 9.25328)
(-1.28994e-07 -3.81663e-08 9.72185)
(-1.29932e-07 -5.00919e-08 10.1326)
(-5.60006e-08 -3.76921e-08 8.5856)
(-1.36131e-07 -1.84345e-08 9.14783)
(-1.27393e-07 -2.62722e-08 9.64164)
(-5.74631e-08 -2.47607e-08 7.96481)
(-1.3822e-07 2.97849e-09 8.59337)
(-1.19307e-07 4.7881e-10 9.14996)
(-5.67623e-08 -1.07853e-08 7.36279)
(-1.34729e-07 2.42626e-08 8.02428)
(-1.06433e-07 2.78026e-08 8.61496)
(-5.23857e-08 -8.26333e-10 6.50724)
(-1.23067e-07 3.80031e-08 7.14724)
(-9.02909e-08 4.76821e-08 7.71294)
(-1.34591e-08 -4.72945e-08 11.582)
(-3.52239e-08 -5.63529e-08 11.6426)
(-5.11109e-08 -6.35488e-08 11.7288)
(-2.2015e-08 -5.40821e-08 11.4406)
(-5.60632e-08 -6.38436e-08 11.5227)
(-7.3581e-08 -7.32411e-08 11.629)
(-3.0905e-08 -5.66587e-08 11.0934)
(-7.75699e-08 -6.53195e-08 11.2359)
(-9.44376e-08 -7.7254e-08 11.3942)
(-3.93321e-08 -5.63845e-08 10.5717)
(-9.73408e-08 -6.09158e-08 10.8119)
(-1.11521e-07 -7.47817e-08 11.0436)
(-4.6237e-08 -5.27855e-08 9.93525)
(-1.13651e-07 -5.06225e-08 10.2918)
(-1.22646e-07 -6.42366e-08 10.61)
(-5.14152e-08 -4.57025e-08 9.25328)
(-1.25596e-07 -3.56516e-08 9.72185)
(-1.26841e-07 -4.65865e-08 10.1326)
(-5.47281e-08 -3.55999e-08 8.5856)
(-1.32601e-07 -1.69601e-08 9.14783)
(-1.2459e-07 -2.37387e-08 9.64164)
(-5.61733e-08 -2.36244e-08 7.96481)
(-1.34621e-07 3.38675e-09 8.59337)
(-1.16858e-07 1.89989e-09 9.14996)
(-5.54968e-08 -1.04741e-08 7.36279)
(-1.31158e-07 2.37199e-08 8.02428)
(-1.04341e-07 2.81036e-08 8.61496)
(-5.12719e-08 -9.72605e-10 6.50724)
(-1.19797e-07 3.68787e-08 7.14724)
(-8.85961e-08 4.70403e-08 7.71294)
(-1.28301e-08 -4.37295e-08 11.582)
(-3.34338e-08 -5.27793e-08 11.6426)
(-4.80877e-08 -6.01209e-08 11.7288)
(-2.11157e-08 -4.95427e-08 11.4406)
(-5.35797e-08 -5.95449e-08 11.5227)
(-6.97435e-08 -6.93056e-08 11.629)
(-2.97079e-08 -5.14546e-08 11.0934)
(-7.43282e-08 -6.06569e-08 11.2359)
(-8.98408e-08 -7.30734e-08 11.3942)
(-3.78286e-08 -5.08955e-08 10.5717)
(-9.33492e-08 -5.63256e-08 10.8119)
(-1.06311e-07 -7.0738e-08 11.0436)
(-4.44583e-08 -4.74499e-08 9.93525)
(-1.08984e-07 -4.65472e-08 10.2918)
(-1.17052e-07 -6.07371e-08 10.61)
(-4.94248e-08 -4.09564e-08 9.25328)
(-1.20415e-07 -3.24521e-08 9.72185)
(-1.2118e-07 -4.39482e-08 10.1326)
(-5.26318e-08 -3.18033e-08 8.5856)
(-1.27168e-07 -1.48838e-08 9.14783)
(-1.19221e-07 -2.21273e-08 9.64164)
(-5.41165e-08 -2.10064e-08 7.96481)
(-1.29283e-07 4.25606e-09 8.59337)
(-1.1216e-07 2.46341e-09 9.14996)
(-5.36477e-08 -9.10084e-09 7.36279)
(-1.26296e-07 2.34671e-08 8.02428)
(-1.00652e-07 2.77187e-08 8.61496)
(-4.98463e-08 -6.69858e-10 6.50724)
(-1.15868e-07 3.58156e-08 7.14724)
(-8.61405e-08 4.59859e-08 7.71294)
(-1.17029e-08 -4.02265e-08 11.582)
(-3.04487e-08 -4.92298e-08 11.6426)
(-4.34548e-08 -5.67749e-08 11.7288)
(-1.9645e-08 -4.60371e-08 11.4406)
(-4.97998e-08 -5.60566e-08 11.5227)
(-6.42803e-08 -6.59241e-08 11.629)
(-2.78714e-08 -4.83134e-08 11.0934)
(-6.97286e-08 -5.76289e-08 11.2359)
(-8.37318e-08 -6.99543e-08 11.3942)
(-3.56124e-08 -4.82875e-08 10.5717)
(-8.79771e-08 -5.4063e-08 10.8119)
(-9.98108e-08 -6.82021e-08 11.0436)
(-4.19086e-08 -4.54271e-08 9.93525)
(-1.02953e-07 -4.52268e-08 10.2918)
(-1.1046e-07 -5.90448e-08 10.61)
(-4.66156e-08 -3.94872e-08 9.25328)
(-1.13911e-07 -3.20788e-08 9.72185)
(-1.14819e-07 -4.32257e-08 10.1326)
(-4.96798e-08 -3.08032e-08 8.5856)
(-1.20451e-07 -1.53689e-08 9.14783)
(-1.13364e-07 -2.23515e-08 9.64164)
(-5.11747e-08 -2.04016e-08 7.96481)
(-1.22675e-07 3.07906e-09 8.59337)
(-1.07041e-07 1.44196e-09 9.14996)
(-5.09094e-08 -8.85014e-09 7.36279)
(-1.20182e-07 2.18165e-08 8.02428)
(-9.64593e-08 2.6188e-08 8.61496)
(-4.76112e-08 -7.5655e-10 6.50724)
(-1.10831e-07 3.40248e-08 7.14724)
(-8.31779e-08 4.4371e-08 7.71294)
(-1.06603e-08 -3.56422e-08 11.582)
(-2.75304e-08 -4.45737e-08 11.6426)
(-3.90619e-08 -5.17682e-08 11.7288)
(-1.82341e-08 -4.09321e-08 11.4406)
(-4.59974e-08 -5.09032e-08 11.5227)
(-5.89607e-08 -6.03352e-08 11.629)
(-2.61177e-08 -4.31783e-08 11.0934)
(-6.51377e-08 -5.24765e-08 11.2359)
(-7.77694e-08 -6.41251e-08 11.3942)
(-3.35802e-08 -4.35188e-08 10.5717)
(-8.28004e-08 -4.93719e-08 10.8119)
(-9.35962e-08 -6.25456e-08 11.0436)
(-3.97045e-08 -4.13378e-08 9.93525)
(-9.7447e-08 -4.13731e-08 10.2918)
(-1.04408e-07 -5.39878e-08 10.61)
(-4.43359e-08 -3.62819e-08 9.25328)
(-1.08306e-07 -2.93053e-08 9.72185)
(-1.09273e-07 -3.91299e-08 10.1326)
(-4.73921e-08 -2.85647e-08 8.5856)
(-1.14915e-07 -1.38148e-08 9.14783)
(-1.08517e-07 -1.94947e-08 9.64164)
(-4.89175e-08 -1.9084e-08 7.96481)
(-1.17296e-07 3.41282e-09 8.59337)
(-1.02944e-07 2.87901e-09 9.14996)
(-4.87243e-08 -8.27405e-09 7.36279)
(-1.1505e-07 2.11062e-08 8.02428)
(-9.31144e-08 2.61782e-08 8.61496)
(-4.56821e-08 -6.6798e-10 6.50724)
(-1.06335e-07 3.26671e-08 7.14724)
(-8.06744e-08 4.32814e-08 7.71294)
(-1.01266e-08 -3.10776e-08 11.582)
(-2.59076e-08 -3.99202e-08 11.6426)
(-3.66626e-08 -4.69028e-08 11.7288)
(-1.7401e-08 -3.52289e-08 11.4406)
(-4.3644e-08 -4.52574e-08 11.5227)
(-5.58127e-08 -5.46877e-08 11.629)
(-2.50069e-08 -3.67458e-08 11.0934)
(-6.20923e-08 -4.62623e-08 11.2359)
(-7.40034e-08 -5.79291e-08 11.3942)
(-3.22613e-08 -3.6825e-08 10.5717)
(-7.92441e-08 -4.30607e-08 10.8119)
(-8.94749e-08 -5.61674e-08 11.0436)
(-3.82831e-08 -3.49053e-08 9.93525)
(-9.36013e-08 -3.54675e-08 10.2918)
(-1.00237e-07 -4.78599e-08 10.61)
(-4.28952e-08 -3.06111e-08 9.25328)
(-1.04368e-07 -2.42552e-08 9.72185)
(-1.0534e-07 -3.36936e-08 10.1326)
(-4.5977e-08 -2.40439e-08 8.5856)
(-1.11022e-07 -9.99522e-09 9.14783)
(-1.05041e-07 -1.51401e-08 9.64164)
(-4.75326e-08 -1.59516e-08 7.96481)
(-1.1352e-07 5.74685e-09 8.59337)
(-1.00054e-07 5.83337e-09 9.14996)
(-4.73561e-08 -6.60092e-09 7.36279)
(-1.11419e-07 2.18556e-08 8.02428)
(-9.08221e-08 2.75394e-08 8.61496)
(-4.43617e-08 -2.05539e-10 6.50724)
(-1.02956e-07 3.20555e-08 7.14724)
(-7.89061e-08 4.30771e-08 7.71294)
(-9.59614e-09 -2.85778e-08 11.582)
(-2.44772e-08 -3.74038e-08 11.6426)
(-3.46522e-08 -4.48232e-08 11.7288)
(-1.66354e-08 -3.25602e-08 11.4406)
(-4.16778e-08 -4.27224e-08 11.5227)
(-5.34036e-08 -5.27055e-08 11.629)
(-2.39694e-08 -3.41288e-08 11.0934)
(-5.94965e-08 -4.3947e-08 11.2359)
(-7.11519e-08 -5.61324e-08 11.3942)
(-3.09368e-08 -3.43741e-08 10.5717)
(-7.59894e-08 -4.11546e-08 10.8119)
(-8.62074e-08 -5.46941e-08 11.0436)
(-3.66891e-08 -3.26881e-08 9.93525)
(-8.97047e-08 -3.40944e-08 10.2918)
(-9.66265e-08 -4.68344e-08 10.61)
(-4.10681e-08 -2.86857e-08 9.25328)
(-9.99065e-08 -2.34646e-08 9.72185)
(-1.01529e-07 -3.31754e-08 10.1326)
(-4.3982e-08 -2.24702e-08 8.5856)
(-1.06157e-07 -9.80261e-09 9.14783)
(-1.01224e-07 -1.51155e-08 9.64164)
(-4.54623e-08 -1.47972e-08 7.96481)
(-1.08486e-07 5.35662e-09 8.59337)
(-9.64802e-08 5.40822e-09 9.14996)
(-4.53147e-08 -5.94102e-09 7.36279)
(-1.06485e-07 2.09084e-08 8.02428)
(-8.77481e-08 2.6692e-08 8.61496)
(-4.24713e-08 -6.71487e-11 6.50724)
(-9.8431e-08 3.06421e-08 7.14724)
(-7.64921e-08 4.18691e-08 7.71294)
(-8.85743e-09 -2.70783e-08 11.582)
(-2.2534e-08 -3.58938e-08 11.6426)
(-3.17191e-08 -4.36092e-08 11.7288)
(-1.56155e-08 -3.09488e-08 11.4406)
(-3.90799e-08 -4.12444e-08 11.5227)
(-4.9902e-08 -5.15208e-08 11.629)
(-2.26272e-08 -3.25774e-08 11.0934)
(-5.61721e-08 -4.26974e-08 11.2359)
(-6.71492e-08 -5.51249e-08 11.3942)
(-2.92415e-08 -3.29738e-08 10.5717)
(-7.19226e-08 -4.03207e-08 10.8119)
(-8.18176e-08 -5.40396e-08 11.0436)
(-3.46591e-08 -3.14977e-08 9.93525)
(-8.49371e-08 -3.38031e-08 10.2918)
(-9.20068e-08 -4.66761e-08 10.61)
(-3.87523e-08 -2.77313e-08 9.25328)
(-9.45551e-08 -2.3736e-08 9.72185)
(-9.68781e-08 -3.35726e-08 10.1326)
(-4.14761e-08 -2.17431e-08 8.5856)
(-1.00428e-07 -1.05939e-08 9.14783)
(-9.67412e-08 -1.60318e-08 9.64164)
(-4.29052e-08 -1.42953e-08 7.96481)
(-1.02671e-07 4.14031e-09 8.59337)
(-9.23742e-08 4.08913e-09 9.14996)
(-4.28839e-08 -5.69878e-09 7.36279)
(-1.00952e-07 1.93758e-08 8.02428)
(-8.42302e-08 2.51578e-08 8.61496)
(-4.04083e-08 -7.43429e-11 6.50724)
(-9.36767e-08 2.901e-08 7.14724)
(-7.38466e-08 4.04043e-08 7.71294)
(-8.10617e-09 -2.43698e-08 11.582)
(-2.04635e-08 -3.32267e-08 11.6426)
(-2.87019e-08 -4.07112e-08 11.7288)
(-1.45783e-08 -2.77556e-08 11.4406)
(-3.63322e-08 -3.8184e-08 11.5227)
(-4.62392e-08 -4.82028e-08 11.629)
(-2.12945e-08 -2.91847e-08 11.0934)
(-5.2761e-08 -3.95554e-08 11.2359)
(-6.30115e-08 -5.16158e-08 11.3942)
(-2.76272e-08 -2.96556e-08 10.5717)
(-6.79277e-08 -3.74338e-08 10.8119)
(-7.74362e-08 -5.06323e-08 11.0436)
(-3.28137e-08 -2.85153e-08 9.93525)
(-8.04848e-08 -3.14695e-08 10.2918)
(-8.76312e-08 -4.36873e-08 10.61)
(-3.67312e-08 -2.52963e-08 9.25328)
(-8.97756e-08 -2.21655e-08 9.72185)
(-9.27207e-08 -3.12704e-08 10.1326)
(-3.93355e-08 -1.99815e-08 8.5856)
(-9.54454e-08 -9.91717e-09 9.14783)
(-9.29254e-08 -1.46138e-08 9.64164)
(-4.0705e-08 -1.3219e-08 7.96481)
(-9.75974e-08 3.91606e-09 8.59337)
(-8.89467e-08 4.51168e-09 9.14996)
(-4.07101e-08 -5.20857e-09 7.36279)
(-9.59459e-08 1.83854e-08 8.02428)
(-8.1247e-08 2.45836e-08 8.61496)
(-3.84691e-08 4.52459e-11 6.50724)
(-8.91558e-08 2.76022e-08 7.14724)
(-7.14397e-08 3.91799e-08 7.71294)
(-7.56881e-09 -2.10134e-08 11.582)
(-1.90288e-08 -2.99332e-08 11.6426)
(-2.70168e-08 -3.73644e-08 11.7288)
(-1.38402e-08 -2.4296e-08 11.4406)
(-3.45027e-08 -3.48015e-08 11.5227)
(-4.43164e-08 -4.47662e-08 11.629)
(-2.03371e-08 -2.5938e-08 11.0934)
(-5.04971e-08 -3.64183e-08 11.2359)
(-6.09016e-08 -4.82638e-08 11.3942)
(-2.64464e-08 -2.67972e-08 10.5717)
(-6.52518e-08 -3.48021e-08 10.8119)
(-7.52338e-08 -4.75869e-08 11.0436)
(-3.14318e-08 -2.6149e-08 9.93525)
(-7.74294e-08 -2.95292e-08 10.2918)
(-8.54203e-08 -4.11553e-08 10.61)
(-3.51579e-08 -2.34887e-08 9.25328)
(-8.63562e-08 -2.10125e-08 9.72185)
(-9.05572e-08 -2.94147e-08 10.1326)
(-3.75741e-08 -1.87516e-08 8.5856)
(-9.16623e-08 -9.59437e-09 9.14783)
(-9.08189e-08 -1.35347e-08 9.64164)
(-3.87592e-08 -1.25409e-08 7.96481)
(-9.34529e-08 3.43134e-09 8.59337)
(-8.68768e-08 4.76943e-09 9.14996)
(-3.86114e-08 -5.03837e-09 7.36279)
(-9.1488e-08 1.71631e-08 8.02428)
(-7.9175e-08 2.40304e-08 8.61496)
(-3.63361e-08 -9.26779e-11 6.50724)
(-8.45886e-08 2.59309e-08 7.14724)
(-6.9344e-08 3.79775e-08 7.71294)
(-7.16167e-09 -1.93309e-08 11.582)
(-1.79394e-08 -2.79854e-08 11.6426)
(-2.54894e-08 -3.53971e-08 11.7288)
(-1.3187e-08 -2.22605e-08 11.4406)
(-3.28665e-08 -3.25827e-08 11.5227)
(-4.23137e-08 -4.26111e-08 11.629)
(-1.93966e-08 -2.36928e-08 11.0934)
(-4.82406e-08 -3.41435e-08 11.2359)
(-5.84168e-08 -4.60951e-08 11.3942)
(-2.51924e-08 -2.4457e-08 10.5717)
(-6.2348e-08 -3.26956e-08 10.8119)
(-7.2307e-08 -4.56161e-08 11.0436)
(-2.98697e-08 -2.38575e-08 9.93525)
(-7.38948e-08 -2.78151e-08 10.2918)
(-8.21408e-08 -3.96204e-08 10.61)
(-3.33128e-08 -2.14151e-08 9.25328)
(-8.22523e-08 -1.98682e-08 9.72185)
(-8.70699e-08 -2.84878e-08 10.1326)
(-3.54987e-08 -1.70629e-08 8.5856)
(-8.7113e-08 -9.15195e-09 9.14783)
(-8.73024e-08 -1.32937e-08 9.64164)
(-3.65342e-08 -1.13691e-08 7.96481)
(-8.86315e-08 3.11963e-09 8.59337)
(-8.35328e-08 4.33391e-09 9.14995)
(-3.63391e-08 -4.47661e-09 7.36279)
(-8.66048e-08 1.61077e-08 8.02428)
(-7.62097e-08 2.29689e-08 8.61496)
(-3.41645e-08 -5.99106e-11 6.50724)
(-7.99164e-08 2.43376e-08 7.14724)
(-6.6867e-08 3.64959e-08 7.71294)
(-6.56561e-09 -1.87002e-08 11.582)
(-1.63654e-08 -2.68074e-08 11.6426)
(-2.30485e-08 -3.37779e-08 11.7288)
(-1.22673e-08 -2.13267e-08 11.4406)
(-3.05284e-08 -3.10587e-08 11.5227)
(-3.90526e-08 -4.05507e-08 11.629)
(-1.81386e-08 -2.25102e-08 11.0934)
(-4.51518e-08 -3.24295e-08 11.2359)
(-5.44823e-08 -4.38246e-08 11.3942)
(-2.35982e-08 -2.30643e-08 10.5717)
(-5.85857e-08 -3.09688e-08 10.8119)
(-6.78955e-08 -4.33565e-08 11.0436)
(-2.79886e-08 -2.23581e-08 9.93525)
(-6.95976e-08 -2.62907e-08 10.2918)
(-7.75169e-08 -3.76585e-08 10.61)
(-3.12106e-08 -1.99439e-08 9.25328)
(-7.75957e-08 -1.8723e-08 9.72185)
(-8.25206e-08 -2.7066e-08 10.1326)
(-3.32584e-08 -1.57561e-08 8.5856)
(-8.22901e-08 -8.54212e-09 9.14783)
(-8.30722e-08 -1.25721e-08 9.64164)
(-3.42476e-08 -1.03625e-08 7.96481)
(-8.38293e-08 3.09163e-09 8.59337)
(-7.9804e-08 4.29901e-09 9.14995)
(-3.41089e-08 -3.90798e-09 7.36279)
(-8.20033e-08 1.53892e-08 8.02428)
(-7.30984e-08 2.22356e-08 8.61496)
(-3.21447e-08 5.76566e-11 6.50724)
(-7.57566e-08 2.30775e-08 7.14724)
(-6.44753e-08 3.53152e-08 7.71294)
(-5.93357e-09 -1.75577e-08 11.582)
(-1.47007e-08 -2.51471e-08 11.6426)
(-2.09033e-08 -3.13099e-08 11.7288)
(-1.13673e-08 -2.05446e-08 11.4406)
(-2.82558e-08 -2.94647e-08 11.5227)
(-3.63105e-08 -3.77799e-08 11.629)
(-1.7002e-08 -2.22289e-08 11.0934)
(-4.23824e-08 -3.11029e-08 11.2359)
(-5.13467e-08 -4.09606e-08 11.3942)
(-2.228e-08 -2.32376e-08 10.5717)
(-5.54841e-08 -2.99925e-08 10.8119)
(-6.46103e-08 -4.05476e-08 11.0436)
(-2.6565e-08 -2.28644e-08 9.93525)
(-6.63553e-08 -2.57034e-08 10.2918)
(-7.43467e-08 -3.51137e-08 10.61)
(-2.97336e-08 -2.06306e-08 9.25328)
(-7.43497e-08 -1.8525e-08 9.72185)
(-7.96599e-08 -2.49746e-08 10.1326)
(-3.17378e-08 -1.64831e-08 8.5856)
(-7.90772e-08 -8.74746e-09 9.14783)
(-8.05912e-08 -1.11143e-08 9.64164)
(-3.26473e-08 -1.10035e-08 7.96481)
(-8.05687e-08 2.47813e-09 8.59337)
(-7.76466e-08 4.96747e-09 9.14995)
(-3.23775e-08 -4.36368e-09 7.36279)
(-7.85642e-08 1.43881e-08 8.02428)
(-7.11596e-08 2.20089e-08 8.61496)
(-3.031e-08 -1.59884e-10 6.50724)
(-7.21379e-08 2.18079e-08 7.14724)
(-6.26463e-08 3.43505e-08 7.71294)
(-5.88442e-09 -1.67911e-08 11.582)
(-1.44977e-08 -2.38128e-08 11.6426)
(-2.08367e-08 -2.92241e-08 11.7288)
(-1.11243e-08 -1.94845e-08 11.4406)
(-2.75662e-08 -2.7654e-08 11.5227)
(-3.57064e-08 -3.51081e-08 11.629)
(-1.66014e-08 -2.09411e-08 11.0934)
(-4.12762e-08 -2.89364e-08 11.2359)
(-5.02544e-08 -3.78315e-08 11.3942)
(-2.1797e-08 -2.17827e-08 10.5717)
(-5.41242e-08 -2.75845e-08 10.8119)
(-6.31575e-08 -3.70919e-08 11.0436)
(-2.60847e-08 -2.13637e-08 9.93525)
(-6.49246e-08 -2.32384e-08 10.2918)
(-7.27205e-08 -3.15748e-08 10.61)
(-2.9306e-08 -1.92373e-08 9.25328)
(-7.29801e-08 -1.62223e-08 9.72185)
(-7.80469e-08 -2.16439e-08 10.1326)
(-3.1355e-08 -1.53458e-08 8.5856)
(-7.78071e-08 -6.84615e-09 9.14783)
(-7.91424e-08 -8.29206e-09 9.64164)
(-3.22384e-08 -1.0231e-08 7.96481)
(-7.93244e-08 3.75459e-09 8.59337)
(-7.64413e-08 7.00725e-09 9.14995)
(-3.18277e-08 -4.02754e-09 7.36279)
(-7.71754e-08 1.48429e-08 8.02428)
(-7.01731e-08 2.30371e-08 8.61496)
(-2.94879e-08 -1.31512e-10 6.50724)
(-7.0351e-08 2.1445e-08 7.14724)
(-6.16821e-08 3.42866e-08 7.71294)
(-6.11098e-09 -1.78787e-08 11.582)
(-1.50597e-08 -2.43264e-08 11.6426)
(-2.15528e-08 -2.93882e-08 11.7288)
(-1.11868e-08 -2.01677e-08 11.4406)
(-2.76548e-08 -2.77289e-08 11.5227)
(-3.5833e-08 -3.48608e-08 11.629)
(-1.64962e-08 -2.10781e-08 11.0934)
(-4.08525e-08 -2.85164e-08 11.2359)
(-4.96826e-08 -3.72033e-08 11.3942)
(-2.1553e-08 -2.13376e-08 10.5717)
(-5.32167e-08 -2.66778e-08 10.8119)
(-6.18552e-08 -3.61171e-08 11.0436)
(-2.57437e-08 -2.04358e-08 9.93525)
(-6.36169e-08 -2.19699e-08 10.2918)
(-7.0773e-08 -3.04114e-08 10.61)
(-2.89174e-08 -1.80145e-08 9.25328)
(-7.14006e-08 -1.47897e-08 9.72185)
(-7.56498e-08 -2.04787e-08 10.1326)
(-3.09664e-08 -1.40657e-08 8.5856)
(-7.61226e-08 -5.47866e-09 9.14783)
(-7.65839e-08 -7.30164e-09 9.64164)
(-3.18828e-08 -9.12503e-09 7.96481)
(-7.77038e-08 4.83524e-09 8.59337)
(-7.40593e-08 7.67891e-09 9.14995)
(-3.15021e-08 -3.30219e-09 7.36279)
(-7.57315e-08 1.54211e-08 8.02428)
(-6.82855e-08 2.32509e-08 8.61496)
(-2.91138e-08 1.53934e-10 6.50724)
(-6.90249e-08 2.14061e-08 7.14724)
(-6.0388e-08 3.40004e-08 7.71294)
(-6.03675e-09 -1.9367e-08 11.582)
(-1.50063e-08 -2.55192e-08 11.6426)
(-2.15758e-08 -3.04922e-08 11.7288)
(-1.09994e-08 -2.23294e-08 11.4406)
(-2.73117e-08 -2.94368e-08 11.5227)
(-3.55615e-08 -3.62251e-08 11.629)
(-1.6173e-08 -2.3787e-08 11.0934)
(-4.01585e-08 -3.06531e-08 11.2359)
(-4.90581e-08 -3.8832e-08 11.3942)
(-2.10772e-08 -2.4333e-08 10.5717)
(-5.21296e-08 -2.90849e-08 10.8119)
(-6.08232e-08 -3.79375e-08 11.0436)
(-2.51178e-08 -2.34109e-08 9.93525)
(-6.21309e-08 -2.44512e-08 10.2918)
(-6.93372e-08 -3.23548e-08 10.61)
(-2.81604e-08 -2.06703e-08 9.25328)
(-6.95609e-08 -1.71346e-08 9.72185)
(-7.38691e-08 -2.24545e-08 10.1326)
(-3.01221e-08 -1.61657e-08 8.5856)
(-7.40311e-08 -7.51031e-09 9.14783)
(-7.45612e-08 -9.20584e-09 9.64164)
(-3.10137e-08 -1.05424e-08 7.96481)
(-7.55139e-08 3.23373e-09 8.59337)
(-7.19458e-08 5.95765e-09 9.14995)
(-3.06794e-08 -4.06568e-09 7.36279)
(-7.36256e-08 1.42617e-08 8.02428)
(-6.62773e-08 2.18149e-08 8.61496)
(-2.83912e-08 -9.86245e-11 6.50724)
(-6.71648e-08 2.06568e-08 7.14724)
(-5.87316e-08 3.29803e-08 7.71294)
(-5.94045e-09 -1.94111e-08 11.582)
(-1.47978e-08 -2.54362e-08 11.6426)
(-2.13974e-08 -3.00009e-08 11.7288)
(-1.08104e-08 -2.25464e-08 11.4406)
(-2.68538e-08 -2.94017e-08 11.5227)
(-3.50923e-08 -3.55804e-08 11.629)
(-1.58968e-08 -2.41979e-08 11.0934)
(-3.94724e-08 -3.07022e-08 11.2359)
(-4.83443e-08 -3.81202e-08 11.3942)
(-2.0731e-08 -2.49269e-08 10.5717)
(-5.12536e-08 -2.92455e-08 10.8119)
(-5.99173e-08 -3.72236e-08 11.0436)
(-2.47232e-08 -2.41569e-08 9.93525)
(-6.11199e-08 -2.47394e-08 10.2918)
(-6.83095e-08 -3.17349e-08 10.61)
(-2.77359e-08 -2.15128e-08 9.25328)
(-6.84549e-08 -1.75565e-08 9.72185)
(-7.27651e-08 -2.20244e-08 10.1326)
(-2.96765e-08 -1.70313e-08 8.5856)
(-7.28438e-08 -8.06089e-09 9.14783)
(-7.33846e-08 -9.06324e-09 9.64164)
(-3.05478e-08 -1.13187e-08 7.96481)
(-7.42307e-08 2.59431e-09 8.59337)
(-7.06664e-08 5.73673e-09 9.14995)
(-3.02027e-08 -4.62358e-09 7.36279)
(-7.22582e-08 1.36026e-08 8.02428)
(-6.49168e-08 2.11834e-08 8.61496)
(-2.79608e-08 -2.92883e-10 6.50724)
(-6.58383e-08 2.01446e-08 7.14724)
(-5.73787e-08 3.21415e-08 7.71294)
(-6.07392e-09 -1.86095e-08 11.582)
(-1.51445e-08 -2.44768e-08 11.6426)
(-2.19681e-08 -2.87083e-08 11.7288)
(-1.08812e-08 -2.12477e-08 11.4406)
(-2.70273e-08 -2.79371e-08 11.5227)
(-3.53936e-08 -3.38518e-08 11.629)
(-1.59142e-08 -2.24311e-08 11.0934)
(-3.94744e-08 -2.87984e-08 11.2359)
(-4.83633e-08 -3.60407e-08 11.3942)
(-2.07165e-08 -2.28181e-08 10.5717)
(-5.11264e-08 -2.703e-08 10.8119)
(-5.96715e-08 -3.49212e-08 11.0436)
(-2.47021e-08 -2.1931e-08 9.93525)
(-6.09155e-08 -2.24245e-08 10.2918)
(-6.78477e-08 -2.94071e-08 10.61)
(-2.77221e-08 -1.94342e-08 9.25328)
(-6.82087e-08 -1.53897e-08 9.72185)
(-7.21458e-08 -1.99005e-08 10.1326)
(-2.96681e-08 -1.53366e-08 8.5856)
(-7.25636e-08 -6.27611e-09 9.14783)
(-7.26654e-08 -7.36457e-09 9.64164)
(-3.05289e-08 -1.01588e-08 7.96481)
(-7.38954e-08 3.82561e-09 8.59337)
(-6.9885e-08 6.83579e-09 9.14995)
(-3.01574e-08 -4.06197e-09 7.36279)
(-7.18396e-08 1.41734e-08 8.02428)
(-6.40846e-08 2.15572e-08 8.61496)
(-2.78794e-08 -1.42596e-10 6.50724)
(-6.52893e-08 2.01847e-08 7.14724)
(-5.64275e-08 3.1834e-08 7.71294)
(-6.07898e-09 -1.8874e-08 11.582)
(-1.52789e-08 -2.44946e-08 11.6426)
(-2.22585e-08 -2.8789e-08 11.7288)
(-1.08367e-08 -2.17914e-08 11.4406)
(-2.70589e-08 -2.81689e-08 11.5227)
(-3.55555e-08 -3.41124e-08 11.629)
(-1.57985e-08 -2.31914e-08 11.0934)
(-3.93433e-08 -2.92288e-08 11.2359)
(-4.83009e-08 -3.65087e-08 11.3942)
(-2.05066e-08 -2.36591e-08 10.5717)
(-5.0767e-08 -2.76022e-08 10.8119)
(-5.92852e-08 -3.55961e-08 11.0436)
(-2.43777e-08 -2.27141e-08 9.93525)
(-6.02766e-08 -2.30766e-08 10.2918)
(-6.70777e-08 -3.02973e-08 10.61)
(-2.72745e-08 -2.00604e-08 9.25328)
(-6.72713e-08 -1.60696e-08 9.72185)
(-7.09938e-08 -2.09825e-08 10.1326)
(-2.91087e-08 -1.5772e-08 8.5856)
(-7.13596e-08 -6.95343e-09 9.14783)
(-7.12021e-08 -8.57975e-09 9.64164)
(-2.98894e-08 -1.04192e-08 7.96481)
(-7.25e-08 3.17143e-09 8.59337)
(-6.8239e-08 5.57148e-09 9.14995)
(-2.94824e-08 -4.2173e-09 7.36279)
(-7.03526e-08 1.35284e-08 8.02428)
(-6.24249e-08 2.02945e-08 8.61496)
(-2.7213e-08 -2.44219e-10 6.50724)
(-6.37757e-08 1.95844e-08 7.14724)
(-5.48354e-08 3.06715e-08 7.71294)
(-5.95117e-09 -1.98827e-08 11.582)
(-1.50344e-08 -2.50645e-08 11.6426)
(-2.17563e-08 -2.91323e-08 11.7288)
(-1.0587e-08 -2.29469e-08 11.4406)
(-2.65082e-08 -2.87705e-08 11.5227)
(-3.46165e-08 -3.43633e-08 11.629)
(-1.54268e-08 -2.44015e-08 11.0934)
(-3.84974e-08 -2.98275e-08 11.2359)
(-4.69506e-08 -3.67601e-08 11.3942)
(-2.00157e-08 -2.48051e-08 10.5717)
(-4.96524e-08 -2.81583e-08 10.8119)
(-5.75589e-08 -3.58961e-08 11.0436)
(-2.37854e-08 -2.37114e-08 9.93525)
(-5.89499e-08 -2.35841e-08 10.2918)
(-6.50657e-08 -3.07261e-08 10.61)
(-2.66081e-08 -2.08501e-08 9.25328)
(-6.58114e-08 -1.65309e-08 9.72185)
(-6.88175e-08 -2.15998e-08 10.1326)
(-2.84041e-08 -1.6327e-08 8.5856)
(-6.98548e-08 -7.38178e-09 9.14783)
(-6.89908e-08 -9.41533e-09 9.64164)
(-2.91855e-08 -1.07534e-08 7.96481)
(-7.10356e-08 2.7591e-09 8.59337)
(-6.61106e-08 4.54341e-09 9.14995)
(-2.88222e-08 -4.4028e-09 7.36279)
(-6.90108e-08 1.3091e-08 8.02428)
(-6.04892e-08 1.91481e-08 8.61496)
(-2.66512e-08 -3.27345e-10 6.50724)
(-6.26297e-08 1.91749e-08 7.14724)
(-5.32059e-08 2.96041e-08 7.71294)
(-5.94503e-09 -2.01532e-08 11.582)
(-1.49914e-08 -2.48816e-08 11.6426)
(-2.15755e-08 -2.82682e-08 11.7288)
(-1.04622e-08 -2.29581e-08 11.4406)
(-2.61289e-08 -2.81599e-08 11.5227)
(-3.38959e-08 -3.2947e-08 11.629)
(-1.52283e-08 -2.41249e-08 11.0934)
(-3.78887e-08 -2.88096e-08 11.2359)
(-4.57931e-08 -3.49062e-08 11.3942)
(-1.98096e-08 -2.42795e-08 10.5717)
(-4.8966e-08 -2.67808e-08 10.8119)
(-5.61115e-08 -3.37045e-08 11.0436)
(-2.36385e-08 -2.30443e-08 9.93525)
(-5.83586e-08 -2.19784e-08 10.2918)
(-6.35205e-08 -2.83986e-08 10.61)
(-2.65676e-08 -2.01644e-08 9.25328)
(-6.54432e-08 -1.48794e-08 9.72185)
(-6.73341e-08 -1.93827e-08 10.1326)
(-2.84736e-08 -1.57398e-08 8.5856)
(-6.97446e-08 -5.88784e-09 9.14783)
(-6.76581e-08 -7.58299e-09 9.64164)
(-2.93189e-08 -1.03315e-08 7.96481)
(-7.11022e-08 3.91942e-09 8.59337)
(-6.49246e-08 5.73929e-09 9.14995)
(-2.8942e-08 -4.15102e-09 7.36279)
(-6.91049e-08 1.38008e-08 8.02428)
(-5.94114e-08 1.95191e-08 8.61496)
(-2.66936e-08 -1.70158e-10 6.50724)
(-6.2613e-08 1.94644e-08 7.14724)
(-5.21711e-08 2.9238e-08 7.71294)
(-6.24703e-09 -2.00672e-08 11.582)
(-1.58339e-08 -2.45395e-08 11.6426)
(-2.30574e-08 -2.76068e-08 11.7288)
(-1.07746e-08 -2.30459e-08 11.4406)
(-2.69819e-08 -2.77961e-08 11.5227)
(-3.53176e-08 -3.21793e-08 11.629)
(-1.55807e-08 -2.43686e-08 11.0934)
(-3.87878e-08 -2.8405e-08 11.2359)
(-4.7105e-08 -3.40165e-08 11.3942)
(-2.02507e-08 -2.46153e-08 10.5717)
(-4.99874e-08 -2.62731e-08 10.8119)
(-5.72895e-08 -3.26588e-08 11.0436)
(-2.42026e-08 -2.34024e-08 9.93525)
(-5.95646e-08 -2.13272e-08 10.2918)
(-6.45589e-08 -2.72114e-08 10.61)
(-2.72565e-08 -2.04883e-08 9.25328)
(-6.68426e-08 -1.40948e-08 9.72185)
(-6.82163e-08 -1.81286e-08 10.1326)
(-2.92421e-08 -1.59987e-08 8.5856)
(-7.12652e-08 -5.03055e-09 9.14783)
(-6.83541e-08 -6.39245e-09 9.64164)
(-3.00739e-08 -1.05126e-08 7.96481)
(-7.25873e-08 4.74094e-09 8.59337)
(-6.53764e-08 6.69623e-09 9.14995)
(-2.95552e-08 -4.27659e-09 7.36279)
(-7.03253e-08 1.44292e-08 8.02428)
(-5.9519e-08 2.00374e-08 8.61496)
(-2.69896e-08 -2.13056e-10 6.50724)
(-6.32196e-08 1.97967e-08 7.14724)
(-5.17364e-08 2.91439e-08 7.71294)
(-6.7968e-09 -2.12975e-08 11.582)
(-1.73341e-08 -2.55354e-08 11.6426)
(-2.51923e-08 -2.86614e-08 11.7288)
(-1.13521e-08 -2.4171e-08 11.4406)
(-2.84937e-08 -2.86745e-08 11.5227)
(-3.73613e-08 -3.32042e-08 11.629)
(-1.61773e-08 -2.52312e-08 11.0934)
(-4.02494e-08 -2.90282e-08 11.2359)
(-4.88722e-08 -3.49346e-08 11.3942)
(-2.08687e-08 -2.51425e-08 10.5717)
(-5.13534e-08 -2.6546e-08 10.8119)
(-5.86225e-08 -3.33975e-08 11.0436)
(-2.48338e-08 -2.3597e-08 9.93525)
(-6.08074e-08 -2.12325e-08 10.2918)
(-6.5367e-08 -2.77489e-08 10.61)
(-2.78995e-08 -2.04084e-08 9.25328)
(-6.79642e-08 -1.36893e-08 9.72185)
(-6.84944e-08 -1.84786e-08 10.1326)
(-2.98995e-08 -1.57486e-08 8.5856)
(-7.23044e-08 -4.40508e-09 9.14783)
(-6.81974e-08 -6.59336e-09 9.64164)
(-3.07462e-08 -1.02074e-08 7.96481)
(-7.36006e-08 5.47191e-09 8.59337)
(-6.49487e-08 6.59042e-09 9.14995)
(-3.02182e-08 -4.03282e-09 7.36279)
(-7.13345e-08 1.5115e-08 8.02428)
(-5.89979e-08 1.99156e-08 8.61496)
(-2.75319e-08 -7.58297e-11 6.50724)
(-6.40558e-08 2.02945e-08 7.14724)
(-5.11312e-08 2.88749e-08 7.71294)
(-7.20504e-09 -2.3099e-08 11.582)
(-1.84995e-08 -2.71817e-08 11.6426)
(-2.66525e-08 -3.04078e-08 11.7288)
(-1.17619e-08 -2.58728e-08 11.4406)
(-2.96004e-08 -3.0246e-08 11.5227)
(-3.86145e-08 -3.49232e-08 11.629)
(-1.6566e-08 -2.66294e-08 11.0934)
(-4.12214e-08 -3.03479e-08 11.2359)
(-4.97929e-08 -3.65618e-08 11.3942)
(-2.1216e-08 -2.61423e-08 10.5717)
(-5.21276e-08 -2.75084e-08 10.8119)
(-5.90986e-08 -3.48719e-08 11.0436)
(-2.51259e-08 -2.4194e-08 9.93525)
(-6.13566e-08 -2.18105e-08 10.2918)
(-6.53541e-08 -2.90413e-08 10.61)
(-2.8148e-08 -2.06485e-08 9.25328)
(-6.83221e-08 -1.39111e-08 9.72185)
(-6.80267e-08 -1.95868e-08 10.1326)
(-3.01441e-08 -1.57089e-08 8.5856)
(-7.25699e-08 -4.32048e-09 9.14783)
(-6.73858e-08 -7.52667e-09 9.64164)
(-3.10468e-08 -9.99117e-09 7.96481)
(-7.39241e-08 5.79501e-09 8.59337)
(-6.39601e-08 5.83178e-09 9.14995)
(-3.06339e-08 -3.77162e-09 7.36279)
(-7.1873e-08 1.55755e-08 8.02428)
(-5.80221e-08 1.93334e-08 8.61496)
(-2.80661e-08 1.2886e-10 6.50724)
(-6.48542e-08 2.08042e-08 7.14724)
(-5.03271e-08 2.84829e-08 7.71294)
(-7.39211e-09 -2.38282e-08 11.582)
(-1.91387e-08 -2.8035e-08 11.6426)
(-2.7757e-08 -3.13413e-08 11.7288)
(-1.20108e-08 -2.71949e-08 11.4406)
(-3.03886e-08 -3.15886e-08 11.5227)
(-3.98721e-08 -3.61956e-08 11.629)
(-1.68601e-08 -2.84816e-08 11.0934)
(-4.21218e-08 -3.20868e-08 11.2359)
(-5.11415e-08 -3.81121e-08 11.3942)
(-2.15353e-08 -2.83765e-08 10.5717)
(-5.30778e-08 -2.95045e-08 10.8119)
(-6.04399e-08 -3.65918e-08 11.0436)
(-2.54414e-08 -2.65838e-08 9.93525)
(-6.22894e-08 -2.38662e-08 10.2918)
(-6.65801e-08 -3.07996e-08 10.61)
(-2.84347e-08 -2.29402e-08 9.25328)
(-6.91689e-08 -1.5831e-08 9.72185)
(-6.90134e-08 -2.1261e-08 10.1326)
(-3.03816e-08 -1.76753e-08 8.5856)
(-7.32653e-08 -5.93581e-09 9.14783)
(-6.80043e-08 -9.03199e-09 9.64164)
(-3.12238e-08 -1.14493e-08 7.96481)
(-7.44149e-08 4.61287e-09 8.59337)
(-6.40987e-08 4.53771e-09 9.14995)
(-3.07566e-08 -4.60795e-09 7.36279)
(-7.21546e-08 1.49053e-08 8.02428)
(-5.76553e-08 1.82455e-08 8.61496)
(-2.81687e-08 -1.00566e-10 6.50724)
(-6.50006e-08 2.0674e-08 7.14724)
(-4.95332e-08 2.76669e-08 7.71294)
(-7.77775e-09 -2.39475e-08 11.582)
(-2.02257e-08 -2.82842e-08 11.6426)
(-2.94696e-08 -3.16876e-08 11.7288)
(-1.24761e-08 -2.72581e-08 11.4406)
(-3.16694e-08 -3.18035e-08 11.5227)
(-4.17637e-08 -3.65814e-08 11.629)
(-1.73933e-08 -2.84526e-08 11.0934)
(-4.35505e-08 -3.22125e-08 11.2359)
(-5.31118e-08 -3.84871e-08 11.3942)
(-2.21218e-08 -2.82696e-08 10.5717)
(-5.46021e-08 -2.952e-08 10.8119)
(-6.23746e-08 -3.69297e-08 11.0436)
(-2.60549e-08 -2.6442e-08 9.93525)
(-6.38428e-08 -2.37788e-08 10.2918)
(-6.83576e-08 -3.10752e-08 10.61)
(-2.90438e-08 -2.28204e-08 9.25328)
(-7.06725e-08 -1.56801e-08 9.72185)
(-7.05138e-08 -2.14811e-08 10.1326)
(-3.09511e-08 -1.76237e-08 8.5856)
(-7.46334e-08 -5.76081e-09 9.14783)
(-6.91277e-08 -9.23152e-09 9.64164)
(-3.17201e-08 -1.14803e-08 7.96481)
(-7.55689e-08 4.78047e-09 8.59337)
(-6.47641e-08 4.31196e-09 9.14995)
(-3.1159e-08 -4.71314e-09 7.36279)
(-7.30426e-08 1.50323e-08 8.02428)
(-5.78043e-08 1.79275e-08 8.61496)
(-2.84614e-08 -1.65951e-10 6.50724)
(-6.55738e-08 2.08157e-08 7.14724)
(-4.91088e-08 2.72182e-08 7.71294)
(-8.15301e-09 -2.49998e-08 11.582)
(-2.12748e-08 -2.92813e-08 11.6426)
(-3.08505e-08 -3.28673e-08 11.7288)
(-1.28863e-08 -2.80056e-08 11.4406)
(-3.27814e-08 -3.26035e-08 11.5227)
(-4.31234e-08 -3.77299e-08 11.629)
(-1.78102e-08 -2.87348e-08 11.0934)
(-4.46461e-08 -3.26922e-08 11.2359)
(-5.43164e-08 -3.9552e-08 11.3942)
(-2.25118e-08 -2.80594e-08 10.5717)
(-5.55889e-08 -2.96427e-08 10.8119)
(-6.3287e-08 -3.7887e-08 11.0436)
(-2.63807e-08 -2.58253e-08 9.93525)
(-6.46423e-08 -2.35927e-08 10.2918)
(-6.88785e-08 -3.19331e-08 10.61)
(-2.92877e-08 -2.19592e-08 9.25328)
(-7.12482e-08 -1.52948e-08 9.72185)
(-7.0611e-08 -2.22622e-08 10.1326)
(-3.11205e-08 -1.67156e-08 8.5856)
(-7.50091e-08 -5.297e-09 9.14783)
(-6.88492e-08 -9.95425e-09 9.64164)
(-3.18477e-08 -1.0708e-08 7.96481)
(-7.58213e-08 5.21979e-09 8.59337)
(-6.42168e-08 3.64474e-09 9.14995)
(-3.12874e-08 -4.21296e-09 7.36279)
(-7.32705e-08 1.53656e-08 8.02428)
(-5.71193e-08 1.72988e-08 8.61496)
(-2.86145e-08 3.54719e-11 6.50724)
(-6.58222e-08 2.10243e-08 7.14724)
(-4.83417e-08 2.66165e-08 7.71294)
(-8.17217e-09 -2.67559e-08 11.582)
(-2.14974e-08 -3.09116e-08 11.6426)
(-3.12369e-08 -3.46238e-08 11.7288)
(-1.29164e-08 -3.0436e-08 11.4406)
(-3.30591e-08 -3.48106e-08 11.5227)
(-4.35729e-08 -3.99062e-08 11.629)
(-1.7824e-08 -3.16632e-08 11.0934)
(-4.49317e-08 -3.53272e-08 11.2359)
(-5.47775e-08 -4.20996e-08 11.3942)
(-2.24665e-08 -3.1204e-08 10.5717)
(-5.57975e-08 -3.25012e-08 10.8119)
(-6.36628e-08 -4.06795e-08 11.0436)
(-2.62374e-08 -2.88709e-08 9.93525)
(-6.46937e-08 -2.6439e-08 10.2918)
(-6.90813e-08 -3.48218e-08 10.61)
(-2.90232e-08 -2.46197e-08 9.25328)
(-7.10927e-08 -1.78991e-08 9.72185)
(-7.05744e-08 -2.50802e-08 10.1326)
(-3.07385e-08 -1.87833e-08 8.5856)
(-7.46399e-08 -7.47412e-09 9.14783)
(-6.85315e-08 -1.25351e-08 9.64164)
(-3.13789e-08 -1.20908e-08 7.96481)
(-7.52771e-08 3.59071e-09 8.59337)
(-6.36082e-08 1.45196e-09 9.14995)
(-3.0784e-08 -4.94445e-09 7.36279)
(-7.26294e-08 1.43204e-08 8.02428)
(-5.62456e-08 1.56137e-08 8.61496)
(-2.81476e-08 -2.16868e-10 6.50724)
(-6.51923e-08 2.05215e-08 7.14724)
(-4.72998e-08 2.55057e-08 7.71294)
(-8.24252e-09 -2.839e-08 11.582)
(-2.17236e-08 -3.23018e-08 11.6426)
(-3.16452e-08 -3.56198e-08 11.7288)
(-1.29635e-08 -3.23525e-08 11.4406)
(-3.32237e-08 -3.63313e-08 11.5227)
(-4.38815e-08 -4.084e-08 11.629)
(-1.78597e-08 -3.37238e-08 11.0934)
(-4.50806e-08 -3.68681e-08 11.2359)
(-5.50268e-08 -4.29618e-08 11.3942)
(-2.25053e-08 -3.32625e-08 10.5717)
(-5.59713e-08 -3.39467e-08 10.8119)
(-6.38815e-08 -4.14162e-08 11.0436)
(-2.6289e-08 -3.07967e-08 9.93525)
(-6.49325e-08 -2.77015e-08 10.2918)
(-6.92993e-08 -3.54166e-08 10.61)
(-2.90897e-08 -2.6303e-08 9.25328)
(-7.1409e-08 -1.89318e-08 9.72185)
(-7.07867e-08 -2.55511e-08 10.1326)
(-3.0804e-08 -2.0147e-08 8.5856)
(-7.4998e-08 -8.26515e-09 9.14783)
(-6.86862e-08 -1.29436e-08 9.64164)
(-3.14097e-08 -1.3082e-08 7.96481)
(-7.5592e-08 3.02779e-09 8.59337)
(-6.3605e-08 1.02444e-09 9.14995)
(-3.07436e-08 -5.52857e-09 7.36279)
(-7.28071e-08 1.39698e-08 8.02428)
(-5.59869e-08 1.50927e-08 8.61496)
(-2.80341e-08 -4.09876e-10 6.50724)
(-6.52127e-08 2.03841e-08 7.14724)
(-4.67521e-08 2.49159e-08 7.71294)
(-8.63952e-09 -3.0186e-08 11.582)
(-2.27392e-08 -3.37933e-08 11.6426)
(-3.31941e-08 -3.6644e-08 11.7288)
(-1.33559e-08 -3.39524e-08 11.4406)
(-3.4191e-08 -3.7532e-08 11.5227)
(-4.5309e-08 -4.15282e-08 11.629)
(-1.82695e-08 -3.49307e-08 11.0934)
(-4.60314e-08 -3.76243e-08 11.2359)
(-5.63047e-08 -4.32479e-08 11.3942)
(-2.29663e-08 -3.39946e-08 10.5717)
(-5.69659e-08 -3.41605e-08 10.8119)
(-6.50059e-08 -4.1233e-08 11.0436)
(-2.68277e-08 -3.10908e-08 9.93525)
(-6.60329e-08 -2.73955e-08 10.2918)
(-7.0293e-08 -3.47913e-08 10.61)
(-2.97165e-08 -2.62741e-08 9.25328)
(-7.26491e-08 -1.82269e-08 9.72185)
(-7.16716e-08 -2.46023e-08 10.1326)
(-3.14987e-08 -1.9942e-08 8.5856)
(-7.63592e-08 -7.33626e-09 9.14783)
(-6.94732e-08 -1.18577e-08 9.64163)
(-3.21191e-08 -1.28393e-08 7.96481)
(-7.69955e-08 3.98318e-09 8.59337)
(-6.42698e-08 2.02743e-09 9.14995)
(-3.13879e-08 -5.3522e-09 7.36279)
(-7.41165e-08 1.47666e-08 8.02428)
(-5.64444e-08 1.57957e-08 8.61496)
(-2.85079e-08 -3.1807e-10 6.50724)
(-6.62303e-08 2.08968e-08 7.14724)
(-4.68502e-08 2.51154e-08 7.71294)
(-9.07392e-09 -3.31361e-08 11.582)
(-2.39844e-08 -3.65561e-08 11.6426)
(-3.52388e-08 -3.9384e-08 11.7288)
(-1.38436e-08 -3.75408e-08 11.4406)
(-3.55467e-08 -4.08055e-08 11.5227)
(-4.75191e-08 -4.46195e-08 11.629)
(-1.87921e-08 -3.88631e-08 11.0934)
(-4.74392e-08 -4.11368e-08 11.2359)
(-5.85291e-08 -4.65128e-08 11.3942)
(-2.35072e-08 -3.79297e-08 10.5717)
(-5.835e-08 -3.76104e-08 10.8119)
(-6.70741e-08 -4.44205e-08 11.0436)
(-2.73592e-08 -3.46962e-08 9.93525)
(-6.73167e-08 -3.04972e-08 10.2918)
(-7.20614e-08 -3.76816e-08 10.61)
(-3.02152e-08 -2.92869e-08 9.25328)
(-7.37758e-08 -2.07662e-08 9.72185)
(-7.30456e-08 -2.70209e-08 10.1326)
(-3.1949e-08 -2.221e-08 8.5856)
(-7.73067e-08 -9.18701e-09 9.14783)
(-7.0425e-08 -1.36903e-08 9.64163)
(-3.25115e-08 -1.4323e-08 7.96481)
(-7.7772e-08 2.84936e-09 8.59337)
(-6.48322e-08 8.16816e-10 9.14995)
(-3.17049e-08 -6.11101e-09 7.36279)
(-7.47272e-08 1.42829e-08 8.02428)
(-5.66712e-08 1.51446e-08 8.61496)
(-2.86956e-08 -5.51043e-10 6.50724)
(-6.66164e-08 2.08439e-08 7.14724)
(-4.67481e-08 2.4805e-08 7.71294)
(-9.49279e-09 -3.67083e-08 11.582)
(-2.51913e-08 -3.9982e-08 11.6426)
(-3.70658e-08 -4.27578e-08 11.7288)
(-1.42826e-08 -4.16384e-08 11.4406)
(-3.67657e-08 -4.46773e-08 11.5227)
(-4.93808e-08 -4.82598e-08 11.629)
(-1.92254e-08 -4.31578e-08 11.0934)
(-4.86084e-08 -4.51534e-08 11.2359)
(-6.03083e-08 -5.02745e-08 11.3942)
(-2.39052e-08 -4.21065e-08 10.5717)
(-5.93862e-08 -4.14877e-08 10.8119)
(-6.86295e-08 -4.80757e-08 11.0436)
(-2.76929e-08 -3.84786e-08 9.93525)
(-6.81529e-08 -3.39882e-08 10.2918)
(-7.3291e-08 -4.10328e-08 10.61)
(-3.04743e-08 -3.24585e-08 9.25328)
(-7.43868e-08 -2.3683e-08 9.72185)
(-7.38969e-08 -2.99052e-08 10.1326)
(-3.21482e-08 -2.4631e-08 8.5856)
(-7.77213e-08 -1.13982e-08 9.14783)
(-7.09043e-08 -1.59895e-08 9.64163)
(-3.26877e-08 -1.59439e-08 7.96481)
(-7.80735e-08 1.4023e-09 8.59337)
(-6.5001e-08 -8.26591e-10 9.14995)
(-3.19048e-08 -6.97378e-09 7.36279)
(-7.50269e-08 1.35805e-08 8.02428)
(-5.66212e-08 1.41819e-08 8.61496)
(-2.89518e-08 -8.20282e-10 6.50724)
(-6.70176e-08 2.07477e-08 7.14724)
(-4.66116e-08 2.44378e-08 7.71294)
(-9.90224e-09 -3.93726e-08 11.582)
(-2.6326e-08 -4.25993e-08 11.6426)
(-3.88171e-08 -4.50767e-08 11.7288)
(-1.47002e-08 -4.45369e-08 11.4406)
(-3.78796e-08 -4.74549e-08 11.5227)
(-5.11108e-08 -5.05734e-08 11.629)
(-1.96374e-08 -4.60383e-08 11.0934)
(-4.96777e-08 -4.78647e-08 11.2359)
(-6.19638e-08 -5.24908e-08 11.3942)
(-2.42987e-08 -4.47873e-08 10.5717)
(-6.03715e-08 -4.39527e-08 10.8119)
(-7.01404e-08 -5.00437e-08 11.0436)
(-2.80548e-08 -4.08369e-08 9.93525)
(-6.90337e-08 -3.60845e-08 10.2918)
(-7.46132e-08 -4.26642e-08 10.61)
(-3.08032e-08 -3.44183e-08 9.25328)
(-7.51549e-08 -2.53507e-08 9.72185)
(-7.49901e-08 -3.11598e-08 10.1326)
(-3.24517e-08 -2.61515e-08 8.5856)
(-7.83792e-08 -1.26127e-08 9.14783)
(-7.17342e-08 -1.6883e-08 9.64163)
(-3.29834e-08 -1.70035e-08 7.96481)
(-7.86385e-08 6.37692e-10 8.59337)
(-6.55407e-08 -1.40926e-09 9.14995)
(-3.22237e-08 -7.55803e-09 7.36279)
(-7.55469e-08 1.32621e-08 8.02428)
(-5.68806e-08 1.38524e-08 8.61496)
(-2.93518e-08 -9.77224e-10 6.50724)
(-6.76225e-08 2.08346e-08 7.14724)
(-4.66903e-08 2.4323e-08 7.71294)
(-1.02722e-08 -4.09766e-08 11.582)
(-2.74551e-08 -4.43186e-08 11.6426)
(-4.09327e-08 -4.67261e-08 11.7288)
(-1.51403e-08 -4.68913e-08 11.4406)
(-3.9207e-08 -4.97855e-08 11.5227)
(-5.35438e-08 -5.26201e-08 11.629)
(-2.01168e-08 -4.89828e-08 11.0934)
(-5.11341e-08 -5.06353e-08 11.2359)
(-6.46158e-08 -5.48059e-08 11.3942)
(-2.47846e-08 -4.80676e-08 10.5717)
(-6.18713e-08 -4.69501e-08 10.8119)
(-7.28694e-08 -5.24535e-08 11.0436)
(-2.85071e-08 -4.41463e-08 9.93525)
(-7.04755e-08 -3.90513e-08 10.2918)
(-7.72564e-08 -4.497e-08 10.61)
(-3.11831e-08 -3.74695e-08 9.25328)
(-7.64342e-08 -2.80524e-08 9.72185)
(-7.73785e-08 -3.31917e-08 10.1326)
(-3.27292e-08 -2.87106e-08 8.5856)
(-7.94019e-08 -1.48615e-08 9.14783)
(-7.3709e-08 -1.85156e-08 9.64163)
(-3.31452e-08 -1.89062e-08 7.96481)
(-7.9338e-08 -1.02933e-09 8.59337)
(-6.69733e-08 -2.5781e-09 9.14995)
(-3.22812e-08 -8.71993e-09 7.36279)
(-7.59016e-08 1.22438e-08 8.02428)
(-5.76797e-08 1.31517e-08 8.61496)
(-2.93564e-08 -1.44337e-09 6.50724)
(-6.76959e-08 2.04289e-08 7.14724)
(-4.68488e-08 2.39837e-08 7.71294)
(-1.0625e-08 -4.27256e-08 11.582)
(-2.85077e-08 -4.60361e-08 11.6426)
(-4.26487e-08 -4.84344e-08 11.7288)
(-1.55072e-08 -4.8977e-08 11.4406)
(-4.03023e-08 -5.18053e-08 11.5227)
(-5.53524e-08 -5.45352e-08 11.629)
(-2.04657e-08 -5.12176e-08 11.0934)
(-5.22039e-08 -5.27935e-08 11.2359)
(-6.64127e-08 -5.68603e-08 11.3942)
(-2.50755e-08 -5.02691e-08 10.5717)
(-6.28194e-08 -4.90976e-08 10.8119)
(-7.45195e-08 -5.4534e-08 11.0436)
(-2.87003e-08 -4.61612e-08 9.93525)
(-7.12165e-08 -4.10636e-08 10.2918)
(-7.86476e-08 -4.69767e-08 10.61)
(-3.12566e-08 -3.91951e-08 9.25328)
(-7.69143e-08 -2.98401e-08 9.72185)
(-7.84393e-08 -3.50255e-08 10.1326)
(-3.26868e-08 -3.00944e-08 8.5856)
(-7.96174e-08 -1.6355e-08 9.14783)
(-7.44225e-08 -2.00836e-08 9.64163)
(-3.30194e-08 -1.99257e-08 7.96481)
(-7.93371e-08 -2.1736e-09 8.59337)
(-6.73689e-08 -3.7956e-09 9.14995)
(-3.21283e-08 -9.36417e-09 7.36279)
(-7.57705e-08 1.14959e-08 8.02428)
(-5.78088e-08 1.23421e-08 8.61496)
(-2.92633e-08 -1.74547e-09 6.50724)
(-6.75669e-08 2.00724e-08 7.14724)
(-4.67744e-08 2.35496e-08 7.71294)
(-1.07576e-08 -4.43986e-08 11.582)
(-2.89607e-08 -4.74998e-08 11.6426)
(-4.32665e-08 -4.96827e-08 11.7288)
(-1.55689e-08 -5.07758e-08 11.4406)
(-4.05711e-08 -5.33379e-08 11.5227)
(-5.57206e-08 -5.57242e-08 11.629)
(-2.04425e-08 -5.29562e-08 11.0934)
(-5.22768e-08 -5.42597e-08 11.2359)
(-6.65357e-08 -5.79988e-08 11.3942)
(-2.49507e-08 -5.18001e-08 10.5717)
(-6.26783e-08 -5.03991e-08 10.8119)
(-7.43897e-08 -5.55833e-08 11.0436)
(-2.84711e-08 -4.74071e-08 9.93525)
(-7.08766e-08 -4.21595e-08 10.2918)
(-7.83068e-08 -4.79424e-08 10.61)
(-3.09393e-08 -4.01367e-08 9.25328)
(-7.64248e-08 -3.07254e-08 9.72185)
(-7.79599e-08 -3.59116e-08 10.1326)
(-3.23172e-08 -3.07504e-08 8.5856)
(-7.90566e-08 -1.70424e-08 9.14783)
(-7.38911e-08 -2.0886e-08 9.64163)
(-3.26499e-08 -2.03405e-08 7.96481)
(-7.88024e-08 -2.6797e-09 8.59337)
(-6.68694e-08 -4.48857e-09 9.14995)
(-3.18247e-08 -9.58545e-09 7.36279)
(-7.53642e-08 1.11714e-08 8.02428)
(-5.74004e-08 1.18217e-08 8.61496)
(-2.91231e-08 -1.85534e-09 6.50724)
(-6.74306e-08 1.99177e-08 7.14724)
(-4.65413e-08 2.32466e-08 7.71294)
(-1.06728e-08 -4.51577e-08 11.582)
(-2.88688e-08 -4.80903e-08 11.6426)
(-4.34099e-08 -4.99257e-08 11.7288)
(-1.54294e-08 -5.22625e-08 11.4406)
(-4.03707e-08 -5.44176e-08 11.5227)
(-5.57644e-08 -5.61266e-08 11.629)
(-2.02556e-08 -5.51038e-08 11.0934)
(-5.20134e-08 -5.57699e-08 11.2359)
(-6.65523e-08 -5.85746e-08 11.3942)
(-2.47286e-08 -5.43949e-08 10.5717)
(-6.23965e-08 -5.22019e-08 10.8119)
(-7.44291e-08 -5.6269e-08 11.0436)
(-2.82282e-08 -5.01629e-08 9.93525)
(-7.06232e-08 -4.40674e-08 10.2918)
(-7.84187e-08 -4.86752e-08 10.61)
(-3.06828e-08 -4.27615e-08 9.25328)
(-7.6223e-08 -3.25516e-08 9.72185)
(-7.81555e-08 -3.66288e-08 10.1326)
(-3.20413e-08 -3.29975e-08 8.5856)
(-7.88873e-08 -1.86382e-08 9.14783)
(-7.41268e-08 -2.1545e-08 9.64163)
(-3.23375e-08 -2.20345e-08 7.96481)
(-7.86046e-08 -3.94324e-09 8.59337)
(-6.70542e-08 -5.06985e-09 9.14995)
(-3.14619e-08 -1.06171e-08 7.36279)
(-7.50696e-08 1.03169e-08 8.02428)
(-5.74361e-08 1.13407e-08 8.61496)
(-2.87534e-08 -2.28419e-09 6.50724)
(-6.70794e-08 1.94675e-08 7.14724)
(-4.64244e-08 2.28896e-08 7.71294)
(-1.08051e-08 -4.55878e-08 11.582)
(-2.92449e-08 -4.82634e-08 11.6426)
(-4.4103e-08 -4.96904e-08 11.7288)
(-1.55032e-08 -5.27718e-08 11.4406)
(-4.05952e-08 -5.45198e-08 11.5227)
(-5.62522e-08 -5.56733e-08 11.629)
(-2.02982e-08 -5.56393e-08 11.0934)
(-5.21478e-08 -5.5765e-08 11.2359)
(-6.68688e-08 -5.79275e-08 11.3942)
(-2.47789e-08 -5.48994e-08 10.5717)
(-6.25288e-08 -5.20454e-08 10.8119)
(-7.46301e-08 -5.54221e-08 11.0436)
(-2.83234e-08 -5.06119e-08 9.93525)
(-7.0848e-08 -4.37653e-08 10.2918)
(-7.85865e-08 -4.76804e-08 10.61)
(-3.08432e-08 -4.31562e-08 9.25328)
(-7.66032e-08 -3.21496e-08 9.72185)
(-7.83604e-08 -3.5572e-08 10.1326)
(-3.22592e-08 -3.33505e-08 8.5856)
(-7.94284e-08 -1.82052e-08 9.14783)
(-7.44102e-08 -2.05377e-08 9.64163)
(-3.25752e-08 -2.23486e-08 7.96481)
(-7.9249e-08 -3.55718e-09 8.59337)
(-6.74109e-08 -4.22892e-09 9.14995)
(-3.16638e-08 -1.08702e-08 7.36279)
(-7.57059e-08 1.06022e-08 8.02428)
(-5.7794e-08 1.19241e-08 8.61496)
(-2.88705e-08 -2.44942e-09 6.50724)
(-6.75892e-08 1.96101e-08 7.14724)
(-4.66863e-08 2.31166e-08 7.71294)
(-1.10312e-08 -4.67834e-08 11.582)
(-2.98402e-08 -4.91176e-08 11.6426)
(-4.48282e-08 -5.02954e-08 11.7288)
(-1.56564e-08 -5.37305e-08 11.4406)
(-4.09556e-08 -5.50932e-08 11.5227)
(-5.66053e-08 -5.59788e-08 11.629)
(-2.03946e-08 -5.62034e-08 11.0934)
(-5.22964e-08 -5.5947e-08 11.2359)
(-6.6824e-08 -5.79249e-08 11.3942)
(-2.48479e-08 -5.50108e-08 10.5717)
(-6.25204e-08 -5.1781e-08 10.8119)
(-7.42034e-08 -5.50935e-08 11.0436)
(-2.8397e-08 -5.03274e-08 9.93525)
(-7.07679e-08 -4.31079e-08 10.2918)
(-7.78662e-08 -4.70927e-08 10.61)
(-3.09554e-08 -4.26078e-08 9.25328)
(-7.65527e-08 -3.1227e-08 9.72185)
(-7.74876e-08 -3.48281e-08 10.1326)
(-3.24383e-08 -3.27094e-08 8.5856)
(-7.95133e-08 -1.71762e-08 9.14783)
(-7.35652e-08 -1.97526e-08 9.64163)
(-3.28383e-08 -2.17786e-08 7.96481)
(-7.9559e-08 -2.58065e-09 8.59337)
(-6.67776e-08 -3.50707e-09 9.14995)
(-3.2005e-08 -1.04753e-08 7.36279)
(-7.62778e-08 1.14101e-08 8.02428)
(-5.75014e-08 1.25082e-08 8.61496)
(-2.92535e-08 -2.29852e-09 6.50724)
(-6.83851e-08 2.01294e-08 7.14724)
(-4.67799e-08 2.34617e-08 7.71294)
(-1.1038e-08 -4.83374e-08 11.582)
(-2.99803e-08 -5.04539e-08 11.6426)
(-4.51036e-08 -5.15676e-08 11.7288)
(-1.56193e-08 -5.59263e-08 11.4406)
(-4.09668e-08 -5.69079e-08 11.5227)
(-5.67097e-08 -5.74957e-08 11.629)
(-2.03139e-08 -5.88916e-08 11.0934)
(-5.21829e-08 -5.81011e-08 11.2359)
(-6.67428e-08 -5.96413e-08 11.3942)
(-2.47279e-08 -5.79318e-08 10.5717)
(-6.22918e-08 -5.40803e-08 10.8119)
(-7.3919e-08 -5.68884e-08 11.0436)
(-2.82463e-08 -5.31839e-08 9.93525)
(-7.04497e-08 -4.53322e-08 10.2918)
(-7.73995e-08 -4.88487e-08 10.61)
(-3.07868e-08 -4.51266e-08 9.25328)
(-7.61883e-08 -3.31715e-08 9.72185)
(-7.68874e-08 -3.64276e-08 10.1326)
(-3.22713e-08 -3.46853e-08 8.5856)
(-7.91631e-08 -1.86882e-08 9.14783)
(-7.28991e-08 -2.10888e-08 9.64163)
(-3.26987e-08 -2.31092e-08 7.96481)
(-7.92961e-08 -3.57869e-09 8.59337)
(-6.61355e-08 -4.50264e-09 9.14995)
(-3.19169e-08 -1.11586e-08 7.36279)
(-7.61718e-08 1.09415e-08 8.02428)
(-5.69786e-08 1.19131e-08 8.61496)
(-2.92403e-08 -2.5202e-09 6.50724)
(-6.85102e-08 2.00616e-08 7.14724)
(-4.65222e-08 2.32478e-08 7.71294)
(-1.11272e-08 -4.9494e-08 11.582)
(-3.02333e-08 -5.14181e-08 11.6426)
(-4.5528e-08 -5.22091e-08 11.7288)
(-1.56586e-08 -5.73209e-08 11.4406)
(-4.10679e-08 -5.7971e-08 11.5227)
(-5.69252e-08 -5.8051e-08 11.629)
(-2.03273e-08 -6.04269e-08 11.0934)
(-5.21846e-08 -5.91768e-08 11.2359)
(-6.67808e-08 -6.01018e-08 11.3942)
(-2.47451e-08 -5.95019e-08 10.5717)
(-6.22616e-08 -5.50669e-08 10.8119)
(-7.38245e-08 -5.7204e-08 11.0436)
(-2.82951e-08 -5.4693e-08 9.93525)
(-7.0467e-08 -4.61617e-08 10.2918)
(-7.72418e-08 -4.9008e-08 10.61)
(-3.08886e-08 -4.64846e-08 9.25328)
(-7.63143e-08 -3.38054e-08 9.72185)
(-7.672e-08 -3.64473e-08 10.1326)
(-3.24328e-08 -3.58174e-08 8.5856)
(-7.94221e-08 -1.91091e-08 9.14783)
(-7.27492e-08 -2.10207e-08 9.64163)
(-3.29127e-08 -2.39574e-08 7.96481)
(-7.96816e-08 -3.79386e-09 8.59337)
(-6.60054e-08 -4.4148e-09 9.14995)
(-3.21736e-08 -1.16713e-08 7.36279)
(-7.66707e-08 1.09318e-08 8.02428)
(-5.68748e-08 1.19768e-08 8.61495)
(-2.95494e-08 -2.70633e-09 6.50724)
(-6.91711e-08 2.02432e-08 7.14724)
(-4.65393e-08 2.32983e-08 7.71294)
(-1.14159e-08 -5.04246e-08 11.582)
(-3.09746e-08 -5.21485e-08 11.6426)
(-4.6637e-08 -5.25888e-08 11.7288)
(-1.5923e-08 -5.80239e-08 11.4406)
(-4.17004e-08 -5.84089e-08 11.5227)
(-5.78358e-08 -5.81065e-08 11.629)
(-2.05922e-08 -6.07804e-08 11.0934)
(-5.27506e-08 -5.92233e-08 11.2359)
(-6.74897e-08 -5.98065e-08 11.3942)
(-2.50466e-08 -5.94834e-08 10.5717)
(-6.28344e-08 -5.46734e-08 10.8119)
(-7.43567e-08 -5.65268e-08 11.0436)
(-2.86653e-08 -5.43772e-08 9.93525)
(-7.11285e-08 -4.53797e-08 10.2918)
(-7.76538e-08 -4.79967e-08 10.61)
(-3.13479e-08 -4.59985e-08 9.25328)
(-7.71243e-08 -3.27568e-08 9.72185)
(-7.70686e-08 -3.52131e-08 10.1326)
(-3.29814e-08 -3.52985e-08 8.5856)
(-8.04003e-08 -1.79478e-08 9.14783)
(-7.30807e-08 -1.97204e-08 9.64163)
(-3.3531e-08 -2.35169e-08 7.96481)
(-8.08052e-08 -2.67788e-09 8.59337)
(-6.6343e-08 -3.22419e-09 9.14995)
(-3.28293e-08 -1.13693e-08 7.36279)
(-7.78838e-08 1.18778e-08 8.02428)
(-5.72058e-08 1.2899e-08 8.61495)
(-3.02045e-08 -2.55839e-09 6.50724)
(-7.04098e-08 2.09254e-08 7.14724)
(-4.68447e-08 2.38104e-08 7.71294)
(-1.16654e-08 -5.22343e-08 11.582)
(-3.17286e-08 -5.37959e-08 11.6426)
(-4.79308e-08 -5.42121e-08 11.7288)
(-1.62007e-08 -6.03968e-08 11.4406)
(-4.25071e-08 -6.04942e-08 11.5227)
(-5.92048e-08 -6.00181e-08 11.629)
(-2.08951e-08 -6.35159e-08 11.0934)
(-5.36022e-08 -6.15541e-08 11.2359)
(-6.88649e-08 -6.18918e-08 11.3942)
(-2.53739e-08 -6.23152e-08 10.5717)
(-6.3711e-08 -5.7023e-08 10.8119)
(-7.56471e-08 -5.86079e-08 11.0436)
(-2.90055e-08 -5.70343e-08 9.93525)
(-7.20041e-08 -4.75228e-08 10.2918)
(-7.8787e-08 -4.99091e-08 10.61)
(-3.1688e-08 -4.82627e-08 9.25328)
(-7.79722e-08 -3.45216e-08 9.72185)
(-7.79911e-08 -3.68194e-08 10.1326)
(-3.33104e-08 -3.70391e-08 8.5856)
(-8.12001e-08 -1.92308e-08 9.14783)
(-7.3772e-08 -2.09248e-08 9.64163)
(-3.38436e-08 -2.46916e-08 7.96481)
(-8.15457e-08 -3.44871e-09 8.59337)
(-6.68147e-08 -3.98758e-09 9.14995)
(-3.3121e-08 -1.19933e-08 7.36279)
(-7.85527e-08 1.15966e-08 8.02427)
(-5.74796e-08 1.25561e-08 8.61495)
(-3.047e-08 -2.7694e-09 6.50724)
(-7.09914e-08 2.09916e-08 7.14724)
(-4.69464e-08 2.37515e-08 7.71294)
(-1.1961e-08 -5.50356e-08 11.582)
(-3.25972e-08 -5.62998e-08 11.6426)
(-4.92519e-08 -5.65171e-08 11.7288)
(-1.64766e-08 -6.36181e-08 11.4406)
(-4.32935e-08 -6.32861e-08 11.5227)
(-6.04011e-08 -6.24211e-08 11.629)
(-2.11533e-08 -6.68812e-08 11.0934)
(-5.43143e-08 -6.43931e-08 11.2359)
(-6.98912e-08 -6.43056e-08 11.3942)
(-2.56177e-08 -6.55406e-08 10.5717)
(-6.43546e-08 -5.96627e-08 10.8119)
(-7.6455e-08 -6.08628e-08 11.0436)
(-2.92368e-08 -5.98845e-08 9.93525)
(-7.25994e-08 -4.97711e-08 10.2918)
(-7.93714e-08 -5.18754e-08 10.61)
(-3.1914e-08 -5.057e-08 9.25328)
(-7.85479e-08 -3.62519e-08 9.72185)
(-7.8374e-08 -3.84015e-08 10.1326)
(-3.35418e-08 -3.87152e-08 8.5856)
(-8.17873e-08 -2.0382e-08 9.14782)
(-7.39988e-08 -2.20702e-08 9.64163)
(-3.40959e-08 -2.57344e-08 7.96481)
(-8.21756e-08 -4.03459e-09 8.59337)
(-6.69447e-08 -4.68905e-09 9.14995)
(-3.34108e-08 -1.24735e-08 7.36279)
(-7.92466e-08 1.15017e-08 8.02427)
(-5.75692e-08 1.22668e-08 8.61495)
(-3.08179e-08 -2.87934e-09 6.50724)
(-7.17644e-08 2.1211e-08 7.14724)
(-4.70634e-08 2.37709e-08 7.71294)
(-1.2451e-08 -5.8118e-08 11.582)
(-3.39042e-08 -5.89985e-08 11.6426)
(-5.12482e-08 -5.86617e-08 11.7288)
(-1.69296e-08 -6.69692e-08 11.4406)
(-4.44577e-08 -6.60706e-08 11.5227)
(-6.2185e-08 -6.44249e-08 11.629)
(-2.1591e-08 -7.01972e-08 11.0934)
(-5.53806e-08 -6.70059e-08 11.2359)
(-7.14386e-08 -6.60773e-08 11.3942)
(-2.60724e-08 -6.85792e-08 10.5717)
(-6.53868e-08 -6.18654e-08 10.8119)
(-7.77613e-08 -6.22332e-08 11.0436)
(-2.97383e-08 -6.24841e-08 9.93525)
(-7.36828e-08 -5.14264e-08 10.2918)
(-8.04838e-08 -5.2769e-08 10.61)
(-3.24872e-08 -5.26353e-08 9.25328)
(-7.97516e-08 -3.73161e-08 9.72185)
(-7.93415e-08 -3.88173e-08 10.1326)
(-3.41931e-08 -4.02161e-08 8.5856)
(-8.31354e-08 -2.08811e-08 9.14782)
(-7.48601e-08 -2.20868e-08 9.64163)
(-3.48101e-08 -2.66959e-08 7.96481)
(-8.36428e-08 -4.06011e-09 8.59337)
(-6.77096e-08 -4.43308e-09 9.14995)
(-3.4159e-08 -1.29423e-08 7.36279)
(-8.07703e-08 1.18374e-08 8.02427)
(-5.82281e-08 1.26655e-08 8.61495)
(-3.1575e-08 -2.96772e-09 6.50724)
(-7.32874e-08 2.17572e-08 7.14724)
(-4.76352e-08 2.41925e-08 7.71294)
(-1.30833e-08 -6.09188e-08 11.582)
(-3.57436e-08 -6.15903e-08 11.6426)
(-5.44513e-08 -6.0884e-08 11.7288)
(-1.76225e-08 -7.07295e-08 11.4406)
(-4.64292e-08 -6.93258e-08 11.5227)
(-6.5569e-08 -6.69665e-08 11.629)
(-2.23462e-08 -7.46466e-08 11.0934)
(-5.74757e-08 -7.06486e-08 11.2359)
(-7.48889e-08 -6.87747e-08 11.3942)
(-2.69034e-08 -7.33321e-08 10.5717)
(-6.76015e-08 -6.55441e-08 10.8119)
(-8.11448e-08 -6.48064e-08 11.0436)
(-3.06443e-08 -6.71089e-08 9.93525)
(-7.60049e-08 -5.47795e-08 10.2918)
(-8.36848e-08 -5.49663e-08 10.61)
(-3.34524e-08 -5.67335e-08 9.25328)
(-8.21398e-08 -4.00509e-08 9.72185)
(-8.22458e-08 -4.04554e-08 10.1326)
(-3.51803e-08 -4.34852e-08 8.5856)
(-8.5509e-08 -2.281e-08 9.14782)
(-7.73642e-08 -2.30797e-08 9.64163)
(-3.57644e-08 -2.89642e-08 7.96481)
(-8.58837e-08 -5.12631e-09 8.59337)
(-6.97253e-08 -4.80603e-09 9.14995)
(-3.50142e-08 -1.41755e-08 7.36279)
(-8.27326e-08 1.15736e-08 8.02427)
(-5.96742e-08 1.27865e-08 8.61495)
(-3.22636e-08 -3.36007e-09 6.50724)
(-7.48183e-08 2.20384e-08 7.14724)
(-4.8459e-08 2.45317e-08 7.71294)
(-1.39242e-08 -6.39527e-08 11.582)
(-3.8105e-08 -6.44225e-08 11.6426)
(-5.81994e-08 -6.34943e-08 11.7288)
(-1.85324e-08 -7.43513e-08 11.4406)
(-4.89216e-08 -7.25785e-08 11.5227)
(-6.94442e-08 -6.98049e-08 11.629)
(-2.33158e-08 -7.85535e-08 11.0934)
(-6.00524e-08 -7.40311e-08 11.2359)
(-7.87117e-08 -7.16971e-08 11.3942)
(-2.79278e-08 -7.72244e-08 10.5717)
(-7.02078e-08 -6.87531e-08 10.8119)
(-8.47182e-08 -6.7579e-08 11.0436)
(-3.17037e-08 -7.07155e-08 9.93525)
(-7.85926e-08 -5.7563e-08 10.2918)
(-8.686e-08 -5.73862e-08 10.61)
(-3.45311e-08 -5.98369e-08 9.25328)
(-8.46677e-08 -4.22411e-08 9.72185)
(-8.49246e-08 -4.23666e-08 10.1326)
(-3.62629e-08 -4.59412e-08 8.5856)
(-8.79429e-08 -2.42977e-08 9.14782)
(-7.95219e-08 -2.4388e-08 9.64163)
(-3.68346e-08 -3.06861e-08 7.96481)
(-8.81956e-08 -5.87318e-09 8.59337)
(-7.13912e-08 -5.4735e-09 9.14995)
(-3.60499e-08 -1.51248e-08 7.36279)
(-8.48815e-08 1.15408e-08 8.02427)
(-6.08958e-08 1.27296e-08 8.61495)
(-3.32222e-08 -3.64094e-09 6.50724)
(-7.672e-08 2.25199e-08 7.14724)
(-4.92827e-08 2.48745e-08 7.71294)
(-1.46824e-08 -6.69243e-08 11.582)
(-4.03213e-08 -6.71746e-08 11.6426)
(-6.15329e-08 -6.60457e-08 11.7288)
(-1.93215e-08 -7.77176e-08 11.4406)
(-5.11693e-08 -7.56031e-08 11.5227)
(-7.27003e-08 -7.24693e-08 11.629)
(-2.41098e-08 -8.19811e-08 11.0934)
(-6.22705e-08 -7.70194e-08 11.2359)
(-8.17371e-08 -7.43592e-08 11.3942)
(-2.87065e-08 -8.04407e-08 10.5717)
(-7.23311e-08 -7.14493e-08 10.8119)
(-8.73441e-08 -7.00625e-08 11.0436)
(-3.24455e-08 -7.35223e-08 9.93525)
(-8.05877e-08 -5.97829e-08 10.2918)
(-8.89936e-08 -5.95587e-08 10.61)
(-3.52374e-08 -6.21157e-08 9.25328)
(-8.65425e-08 -4.38895e-08 9.72185)
(-8.6549e-08 -4.41334e-08 10.1326)
(-3.69576e-08 -4.76492e-08 8.5856)
(-8.97465e-08 -2.53379e-08 9.14782)
(-8.07026e-08 -2.56921e-08 9.64163)
(-3.75623e-08 -3.18442e-08 7.96481)
(-9.00057e-08 -6.32827e-09 8.59337)
(-7.22534e-08 -6.28896e-09 9.14995)
(-3.68568e-08 -1.57689e-08 7.36279)
(-8.67567e-08 1.16281e-08 8.02427)
(-6.1568e-08 1.24163e-08 8.61495)
(-3.41339e-08 -3.87782e-09 6.50724)
(-7.86485e-08 2.30096e-08 7.14724)
(-4.98655e-08 2.49945e-08 7.71294)
(-1.52262e-08 -6.95372e-08 11.582)
(-4.20402e-08 -6.96184e-08 11.6426)
(-6.44306e-08 -6.8342e-08 11.7288)
(-1.99039e-08 -8.13956e-08 11.4406)
(-5.29915e-08 -7.88478e-08 11.5227)
(-7.56881e-08 -7.52234e-08 11.629)
(-2.47041e-08 -8.64759e-08 11.0934)
(-6.4137e-08 -8.08269e-08 11.2359)
(-8.4677e-08 -7.7488e-08 11.3942)
(-2.92854e-08 -8.53464e-08 10.5717)
(-7.41674e-08 -7.54702e-08 10.8119)
(-9.00601e-08 -7.33349e-08 11.0436)
(-3.29784e-08 -7.83717e-08 9.93525)
(-8.23361e-08 -6.36392e-08 10.2918)
(-9.13464e-08 -6.27321e-08 10.61)
(-3.57064e-08 -6.64579e-08 9.25328)
(-8.81614e-08 -4.7239e-08 9.72185)
(-8.84284e-08 -4.69716e-08 10.1326)
(-3.7358e-08 -5.11205e-08 8.5856)
(-9.12103e-08 -2.79033e-08 9.14782)
(-8.20434e-08 -2.79999e-08 9.64163)
(-3.79077e-08 -3.42149e-08 7.96481)
(-9.13141e-08 -7.93609e-09 8.59337)
(-7.30451e-08 -7.92287e-09 9.14995)
(-3.71852e-08 -1.69778e-08 7.36279)
(-8.79519e-08 1.10298e-08 8.02427)
(-6.18857e-08 1.15346e-08 8.61495)
(-3.45267e-08 -4.19228e-09 6.50724)
(-7.98588e-08 2.32185e-08 7.14724)
(-4.99663e-08 2.47833e-08 7.71293)
(-1.58803e-08 -7.24583e-08 11.582)
(-4.39613e-08 -7.22596e-08 11.6426)
(-6.74573e-08 -7.07402e-08 11.7288)
(-2.05705e-08 -8.50076e-08 11.4406)
(-5.49392e-08 -8.19917e-08 11.5227)
(-7.86993e-08 -7.78901e-08 11.629)
(-2.53683e-08 -9.04703e-08 11.0934)
(-6.60811e-08 -8.41683e-08 11.2359)
(-8.75309e-08 -8.02898e-08 11.3942)
(-2.99401e-08 -8.94216e-08 10.5717)
(-7.6074e-08 -7.87369e-08 10.8119)
(-9.25989e-08 -7.60905e-08 11.0436)
(-3.36123e-08 -8.22582e-08 9.93525)
(-8.41918e-08 -6.66065e-08 10.2918)
(-9.34728e-08 -6.53047e-08 10.61)
(-3.63167e-08 -6.99491e-08 9.25328)
(-8.99676e-08 -4.97658e-08 9.72185)
(-9.00981e-08 -4.92721e-08 10.1326)
(-3.79449e-08 -5.40846e-08 8.5856)
(-9.29724e-08 -2.99102e-08 9.14782)
(-8.32636e-08 -2.99835e-08 9.64163)
(-3.8475e-08 -3.65761e-08 7.96481)
(-9.30299e-08 -9.39385e-09 8.59337)
(-7.38549e-08 -9.56364e-09 9.14995)
(-3.77363e-08 -1.86282e-08 7.36279)
(-8.95909e-08 1.01865e-08 8.02427)
(-6.23113e-08 1.03055e-08 8.61495)
(-3.50847e-08 -5.0234e-09 6.50724)
(-8.13974e-08 2.30598e-08 7.14724)
(-5.00695e-08 2.40695e-08 7.71293)
(-1.63886e-08 -7.58482e-08 11.582)
(-4.55877e-08 -7.52747e-08 11.6426)
(-6.99123e-08 -7.35441e-08 11.7288)
(-2.10585e-08 -8.86232e-08 11.4406)
(-5.64487e-08 -8.50888e-08 11.5227)
(-8.08486e-08 -8.06068e-08 11.629)
(-2.58113e-08 -9.39556e-08 11.0934)
(-6.74029e-08 -8.7066e-08 11.2359)
(-8.92128e-08 -8.28878e-08 11.3942)
(-3.03278e-08 -9.2445e-08 10.5717)
(-7.71528e-08 -8.115e-08 10.8119)
(-9.36443e-08 -7.8412e-08 11.0436)
(-3.39348e-08 -8.46012e-08 9.93525)
(-8.50191e-08 -6.83535e-08 10.2918)
(-9.38086e-08 -6.72583e-08 10.61)
(-3.65826e-08 -7.14941e-08 9.25328)
(-9.05842e-08 -5.0771e-08 9.72185)
(-8.97442e-08 -5.0804e-08 10.1326)
(-3.81757e-08 -5.48217e-08 8.5856)
(-9.34674e-08 -3.01669e-08 9.14782)
(-8.23497e-08 -3.1077e-08 9.64163)
(-3.87019e-08 -3.65859e-08 7.96481)
(-9.35368e-08 -8.97348e-09 8.59337)
(-7.26012e-08 -1.02239e-08 9.14995)
(-3.80093e-08 -1.8114e-08 7.36279)
(-9.02882e-08 1.11086e-08 8.02427)
(-6.10175e-08 1.00297e-08 8.61495)
(-3.55009e-08 -4.50083e-09 6.50724)
(-8.25573e-08 2.40521e-08 7.14724)
(-4.92212e-08 2.39518e-08 7.71293)
(-1.68389e-08 -8.10424e-08 11.582)
(-4.69299e-08 -7.99546e-08 11.6426)
(-7.20205e-08 -7.80309e-08 11.7288)
(-2.14577e-08 -9.5219e-08 11.4406)
(-5.76834e-08 -9.09164e-08 11.5227)
(-8.28819e-08 -8.58392e-08 11.629)
(-2.61403e-08 -1.01428e-07 11.0934)
(-6.85032e-08 -9.35748e-08 11.2359)
(-9.10047e-08 -8.86353e-08 11.3942)
(-3.05697e-08 -1.00218e-07 10.5717)
(-7.80545e-08 -8.78676e-08 10.8119)
(-9.50008e-08 -8.43606e-08 11.0436)
(-3.40678e-08 -9.2123e-08 9.93525)
(-8.56887e-08 -7.48338e-08 10.2918)
(-9.46339e-08 -7.31601e-08 10.61)
(-3.661e-08 -7.8319e-08 9.25328)
(-9.10421e-08 -5.66733e-08 9.72185)
(-9.00242e-08 -5.64414e-08 10.1326)
(-3.81266e-08 -6.0646e-08 8.5856)
(-9.37828e-08 -3.52453e-08 9.14782)
(-8.21381e-08 -3.62556e-08 9.64163)
(-3.86293e-08 -4.12228e-08 7.96481)
(-9.38061e-08 -1.30469e-08 8.59337)
(-7.19993e-08 -1.47541e-08 9.14995)
(-3.79606e-08 -2.13341e-08 7.36279)
(-9.05764e-08 8.29771e-09 8.02427)
(-6.01054e-08 6.43591e-09 8.61495)
(-3.55338e-08 -6.08982e-09 6.50724)
(-8.29555e-08 2.2768e-08 7.14724)
(-4.81401e-08 2.16958e-08 7.71293)
(-1.70682e-08 -8.62172e-08 11.582)
(-4.80451e-08 -8.4602e-08 11.6426)
(-7.40071e-08 -8.22376e-08 11.7288)
(-2.16242e-08 -1.01215e-07 11.4406)
(-5.86068e-08 -9.60091e-08 11.5227)
(-8.4488e-08 -8.99943e-08 11.629)
(-2.62185e-08 -1.07783e-07 11.0934)
(-6.9178e-08 -9.87367e-08 11.2359)
(-9.21013e-08 -9.27053e-08 11.3942)
(-3.05468e-08 -1.06332e-07 10.5717)
(-7.84449e-08 -9.25976e-08 10.8119)
(-9.54394e-08 -8.80536e-08 11.0436)
(-3.39315e-08 -9.74199e-08 9.93525)
(-8.58042e-08 -7.87016e-08 10.2918)
(-9.43421e-08 -7.62451e-08 10.61)
(-3.63636e-08 -8.23048e-08 9.25328)
(-9.09182e-08 -5.93612e-08 9.72184)
(-8.89843e-08 -5.87559e-08 10.1326)
(-3.77814e-08 -6.3018e-08 8.5856)
(-9.34724e-08 -3.65837e-08 9.14782)
(-8.04191e-08 -3.77609e-08 9.64163)
(-3.82142e-08 -4.19643e-08 7.96481)
(-9.34099e-08 -1.30999e-08 8.59337)
(-6.97767e-08 -1.55471e-08 9.14995)
(-3.75582e-08 -2.0842e-08 7.36279)
(-9.0317e-08 9.1582e-09 8.02427)
(-5.77318e-08 6.10424e-09 8.61495)
(-3.53436e-08 -5.36135e-09 6.50724)
(-8.33251e-08 2.3782e-08 7.14724)
(-4.63784e-08 2.13663e-08 7.71293)
(-1.80769e-08 -9.32493e-08 11.582)
(-5.04726e-08 -9.08423e-08 11.6426)
(-7.76078e-08 -8.76849e-08 11.7288)
(-2.25592e-08 -1.09272e-07 11.4406)
(-6.08428e-08 -1.03005e-07 11.5227)
(-8.79796e-08 -9.58816e-08 11.629)
(-2.71041e-08 -1.16229e-07 11.0934)
(-7.12965e-08 -1.05898e-07 11.2359)
(-9.53382e-08 -9.87103e-08 11.3942)
(-3.142e-08 -1.14704e-07 10.5717)
(-8.05188e-08 -9.94735e-08 10.8119)
(-9.82938e-08 -9.38292e-08 11.0436)
(-3.48243e-08 -1.05421e-07 9.93525)
(-8.79304e-08 -8.50187e-08 10.2918)
(-9.6785e-08 -8.16324e-08 10.61)
(-3.73039e-08 -8.97664e-08 9.25328)
(-9.31727e-08 -6.50091e-08 9.72184)
(-9.10189e-08 -6.37134e-08 10.1326)
(-3.87769e-08 -6.98092e-08 8.5856)
(-9.58607e-08 -4.1521e-08 9.14782)
(-8.20275e-08 -4.23049e-08 9.64163)
(-3.92402e-08 -4.78704e-08 7.96481)
(-9.58309e-08 -1.72512e-08 8.59337)
(-7.08786e-08 -1.96671e-08 9.14995)
(-3.85363e-08 -2.53405e-08 7.36279)
(-9.25292e-08 6.12949e-09 8.02427)
(-5.81139e-08 2.62672e-09 8.61495)
(-3.61814e-08 -7.69488e-09 6.50724)
(-8.50912e-08 2.24103e-08 7.14724)
(-4.58584e-08 1.89889e-08 7.71293)
(-1.84404e-08 -9.74077e-08 11.582)
(-5.23681e-08 -9.48604e-08 11.6426)
(-8.12708e-08 -9.14056e-08 11.7288)
(-2.29927e-08 -1.14412e-07 11.4406)
(-6.29125e-08 -1.07503e-07 11.5227)
(-9.16324e-08 -9.95155e-08 11.629)
(-2.75252e-08 -1.21922e-07 11.0934)
(-7.33683e-08 -1.10492e-07 11.2359)
(-9.87511e-08 -1.02199e-07 11.3942)
(-3.17626e-08 -1.2027e-07 10.5717)
(-8.24351e-08 -1.03596e-07 10.8119)
(-1.01171e-07 -9.68e-08 11.0436)
(-3.50107e-08 -1.10109e-07 9.93525)
(-8.95622e-08 -8.80997e-08 10.2918)
(-9.88622e-08 -8.37154e-08 10.61)
(-3.7285e-08 -9.29066e-08 9.25328)
(-9.44307e-08 -6.66176e-08 9.72184)
(-9.20923e-08 -6.46464e-08 10.1326)
(-3.85374e-08 -7.10253e-08 8.5856)
(-9.67234e-08 -4.14512e-08 9.14782)
(-8.20426e-08 -4.20499e-08 9.64163)
(-3.88153e-08 -4.72079e-08 7.96481)
(-9.63774e-08 -1.56532e-08 8.59337)
(-6.99569e-08 -1.84623e-08 9.14995)
(-3.80485e-08 -2.34677e-08 7.36279)
(-9.29963e-08 8.6048e-09 8.02427)
(-5.66048e-08 4.18551e-09 8.61495)
(-3.58715e-08 -6.11182e-09 6.50724)
(-8.59279e-08 2.44821e-08 7.14724)
(-4.44897e-08 1.98223e-08 7.71293)
(-2.00688e-08 -1.04843e-07 11.582)
(-5.61097e-08 -1.01463e-07 11.6426)
(-8.68383e-08 -9.72773e-08 11.7288)
(-2.4575e-08 -1.2311e-07 11.4406)
(-6.66005e-08 -1.15234e-07 11.5227)
(-9.75319e-08 -1.06387e-07 11.629)
(-2.90527e-08 -1.31298e-07 11.0934)
(-7.70103e-08 -1.18787e-07 11.2359)
(-1.04738e-07 -1.09647e-07 11.3942)
(-3.32228e-08 -1.29977e-07 10.5717)
(-8.59755e-08 -1.12087e-07 10.8119)
(-1.06989e-07 -1.04465e-07 11.0436)
(-3.63888e-08 -1.19953e-07 9.93525)
(-9.29737e-08 -9.65663e-08 10.2918)
(-1.04351e-07 -9.14185e-08 10.61)
(-3.85816e-08 -1.02767e-07 9.25328)
(-9.77029e-08 -7.49347e-08 9.72184)
(-9.71141e-08 -7.2238e-08 10.1326)
(-3.97646e-08 -8.06767e-08 8.5856)
(-9.98452e-08 -4.94303e-08 9.14782)
(-8.64353e-08 -4.93323e-08 9.64163)
(-3.99788e-08 -5.61607e-08 7.96481)
(-9.92994e-08 -2.29063e-08 8.59337)
(-7.34979e-08 -2.51221e-08 9.14995)
(-3.90826e-08 -3.06444e-08 7.36279)
(-9.55021e-08 2.94929e-09 8.02427)
(-5.88715e-08 -1.23594e-09 8.61495)
(-3.6664e-08 -1.00788e-08 6.50724)
(-8.76996e-08 2.15306e-08 7.14724)
(-4.49222e-08 1.64339e-08 7.71293)
(-2.07944e-08 -1.07073e-07 11.582)
(-5.93129e-08 -1.03675e-07 11.6426)
(-9.22899e-08 -9.9138e-08 11.7288)
(-2.54313e-08 -1.24916e-07 11.4406)
(-7.01642e-08 -1.16444e-07 11.5227)
(-1.02904e-07 -1.06935e-07 11.629)
(-2.98884e-08 -1.32368e-07 11.0934)
(-8.0687e-08 -1.18723e-07 11.2359)
(-1.09848e-07 -1.08976e-07 11.3942)
(-3.391e-08 -1.29893e-07 10.5717)
(-8.95781e-08 -1.10355e-07 10.8119)
(-1.11596e-07 -1.02264e-07 11.0436)
(-3.67871e-08 -1.18297e-07 9.93525)
(-9.63256e-08 -9.29103e-08 10.2918)
(-1.08193e-07 -8.73913e-08 10.61)
(-3.86022e-08 -9.92355e-08 9.25328)
(-1.00636e-07 -6.93555e-08 9.72184)
(-9.9946e-08 -6.63661e-08 10.1326)
(-3.93742e-08 -7.52989e-08 8.5856)
(-1.02221e-07 -4.22242e-08 9.14782)
(-8.81393e-08 -4.20093e-08 9.64163)
(-3.92403e-08 -4.94489e-08 7.96481)
(-1.01095e-07 -1.47893e-08 8.59337)
(-7.41121e-08 -1.71677e-08 9.14995)
(-3.82382e-08 -2.40117e-08 7.36279)
(-9.70093e-08 1.05685e-08 8.02427)
(-5.87735e-08 5.961e-09 8.61495)
(-3.61328e-08 -5.81243e-09 6.50724)
(-8.95467e-08 2.66276e-08 7.14724)
(-4.49331e-08 2.08712e-08 7.71293)
(-2.49772e-08 -1.16344e-07 11.582)
(-6.89616e-08 -1.11528e-07 11.6426)
(-1.05967e-07 -1.06201e-07 11.7288)
(-3.00561e-08 -1.34584e-07 11.4406)
(-8.12326e-08 -1.24666e-07 11.5227)
(-1.18816e-07 -1.15373e-07 11.629)
(-3.51088e-08 -1.41915e-07 11.0934)
(-9.35968e-08 -1.26477e-07 11.2359)
(-1.27908e-07 -1.17634e-07 11.3942)
(-3.98368e-08 -1.39638e-07 10.5717)
(-1.04547e-07 -1.17381e-07 10.8119)
(-1.316e-07 -1.10438e-07 11.0436)
(-4.3386e-08 -1.28804e-07 9.93525)
(-1.13319e-07 -9.93782e-08 10.2918)
(-1.29704e-07 -9.46321e-08 10.61)
(-4.56811e-08 -1.10966e-07 9.25328)
(-1.19124e-07 -7.57158e-08 9.72184)
(-1.22072e-07 -7.24764e-08 10.1326)
(-4.65273e-08 -8.83017e-08 8.5856)
(-1.21078e-07 -4.8878e-08 9.14782)
(-1.09617e-07 -4.71099e-08 9.64163)
(-4.58737e-08 -6.31741e-08 7.96481)
(-1.18691e-07 -2.19207e-08 8.59337)
(-9.33551e-08 -2.15551e-08 9.14995)
(-4.35372e-08 -3.64743e-08 7.36279)
(-1.11157e-07 3.84894e-09 8.02427)
(-7.36599e-08 2.42797e-09 8.61495)
(-3.91546e-08 -1.38612e-08 6.50724)
(-9.76677e-08 2.2155e-08 7.14724)
(-5.2818e-08 1.86816e-08 7.71293)
(-3.05148e-08 -1.16516e-07 11.582)
(-8.5336e-08 -1.12718e-07 11.6426)
(-1.2997e-07 -1.09581e-07 11.7288)
(-3.75751e-08 -1.28868e-07 11.4406)
(-1.02681e-07 -1.19287e-07 11.5227)
(-1.46779e-07 -1.14768e-07 11.629)
(-4.45874e-08 -1.30092e-07 11.0934)
(-1.20233e-07 -1.13947e-07 11.2359)
(-1.59463e-07 -1.12482e-07 11.3942)
(-5.1228e-08 -1.22351e-07 10.5717)
(-1.36437e-07 -9.70632e-08 10.8119)
(-1.66197e-07 -9.94526e-08 11.0436)
(-5.61761e-08 -1.07096e-07 9.93525)
(-1.49726e-07 -7.15649e-08 10.2918)
(-1.65903e-07 -7.63468e-08 10.61)
(-5.90834e-08 -8.60098e-08 9.25328)
(-1.58264e-07 -4.19164e-08 9.72184)
(-1.57669e-07 -4.66941e-08 10.1326)
(-5.94167e-08 -6.15573e-08 8.5856)
(-1.60024e-07 -1.14518e-08 9.14782)
(-1.42157e-07 -1.52968e-08 9.64163)
(-5.69691e-08 -3.63221e-08 7.96481)
(-1.53803e-07 1.58423e-08 8.59337)
(-1.20351e-07 1.32008e-08 9.14995)
(-5.18056e-08 -1.29297e-08 7.36279)
(-1.39137e-07 3.6825e-08 8.02427)
(-9.35389e-08 3.47904e-08 8.61495)
(-4.36557e-08 9.33165e-10 6.50724)
(-1.15368e-07 4.31861e-08 7.14724)
(-6.49036e-08 4.05737e-08 7.71293)
(-5.11905e-08 -1.50487e-07 11.582)
(-1.35523e-07 -1.44385e-07 11.6426)
(-1.95519e-07 -1.47898e-07 11.7288)
(-6.31485e-08 -1.53607e-07 11.4406)
(-1.65755e-07 -1.43929e-07 11.5227)
(-2.25823e-07 -1.56204e-07 11.629)
(-7.60211e-08 -1.43065e-07 11.0934)
(-1.98188e-07 -1.26888e-07 11.2359)
(-2.51053e-07 -1.50748e-07 11.3942)
(-8.91899e-08 -1.26877e-07 10.5717)
(-2.30242e-07 -9.72293e-08 10.8119)
(-2.68847e-07 -1.30821e-07 11.0436)
(-9.99893e-08 -1.08479e-07 9.93525)
(-2.58084e-07 -6.09471e-08 10.2918)
(-2.76134e-07 -9.72444e-08 10.61)
(-1.07032e-07 -8.94833e-08 9.25328)
(-2.76903e-07 -2.51307e-08 9.72184)
(-2.70042e-07 -5.59602e-08 10.1326)
(-1.08439e-07 -7.12992e-08 8.5856)
(-2.81361e-07 6.14034e-09 9.14782)
(-2.50431e-07 -1.46015e-08 9.64163)
(-1.0297e-07 -5.47329e-08 7.96481)
(-2.6769e-07 2.86561e-08 8.59337)
(-2.17664e-07 1.99617e-08 9.14995)
(-8.95549e-08 -3.6586e-08 7.36279)
(-2.32607e-07 4.28528e-08 8.02427)
(-1.71314e-07 4.39351e-08 8.61495)
(-6.65587e-08 -1.88972e-08 6.50724)
(-1.71737e-07 4.3898e-08 7.14723)
(-1.11001e-07 4.89548e-08 7.71293)
(-8.88561e-08 -1.71795e-07 11.582)
(-2.37783e-07 -1.7458e-07 11.6426)
(-3.31316e-07 -2.06925e-07 11.7288)
(-1.16427e-07 -1.39923e-07 11.4406)
(-3.05896e-07 -1.41114e-07 11.5227)
(-3.92485e-07 -2.05817e-07 11.629)
(-1.46449e-07 -9.21743e-08 11.0934)
(-3.79042e-07 -8.4603e-08 11.2359)
(-4.45576e-07 -1.82998e-07 11.3942)
(-1.77556e-07 -4.50259e-08 10.5717)
(-4.52772e-07 -1.12969e-08 10.8119)
(-4.86792e-07 -1.36778e-07 11.0436)
(-2.03363e-07 -4.8831e-09 9.93525)
(-5.17105e-07 6.67501e-08 10.2918)
(-5.07137e-07 -6.59227e-08 10.61)
(-2.19891e-07 2.637e-08 9.25328)
(-5.59415e-07 1.35269e-07 9.72184)
(-4.98722e-07 1.7153e-08 10.1326)
(-2.21985e-07 4.75264e-08 8.5856)
(-5.65967e-07 1.8614e-07 9.14782)
(-4.60286e-07 9.58125e-08 9.64163)
(-2.06292e-07 5.90648e-08 7.96481)
(-5.27676e-07 2.10617e-07 8.59337)
(-3.92733e-07 1.5457e-07 9.14994)
(-1.71793e-07 5.94044e-08 7.36279)
(-4.41489e-07 2.01573e-07 8.02427)
(-3.00586e-07 1.78783e-07 8.61495)
(-1.15597e-07 4.00639e-08 6.50724)
(-3.00746e-07 1.45712e-07 7.14724)
(-1.87371e-07 1.4673e-07 7.71293)
(-2.07133e-07 -3.08611e-07 11.582)
(-5.31087e-07 -3.2324e-07 11.6426)
(-7.04145e-07 -4.28347e-07 11.7288)
(-2.76425e-07 -2.10962e-07 11.4406)
(-7.02567e-07 -2.39029e-07 11.5227)
(-8.61807e-07 -4.45957e-07 11.629)
(-3.55747e-07 -8.37783e-08 11.0934)
(-8.93717e-07 -1.03342e-07 11.2359)
(-1.00547e-06 -4.0334e-07 11.3942)
(-4.41605e-07 2.21474e-08 10.5717)
(-1.09222e-06 5.86734e-08 10.8119)
(-1.12623e-06 -3.11937e-07 11.0436)
(-5.16673e-07 8.83724e-08 9.93525)
(-1.26972e-06 2.17629e-07 10.2918)
(-1.19936e-06 -1.6771e-07 10.61)
(-5.68426e-07 1.1345e-07 9.25328)
(-1.39092e-06 3.40794e-07 9.72184)
(-1.20294e-06 2.50808e-10 10.1326)
(-5.81219e-07 1.01273e-07 8.5856)
(-1.41754e-06 4.12045e-07 9.14782)
(-1.13101e-06 1.5414e-07 9.64163)
(-5.44072e-07 6.21968e-08 7.96481)
(-1.323e-06 4.15886e-07 8.59336)
(-9.82355e-07 2.6081e-07 9.14994)
(-4.50279e-07 1.96457e-08 7.36279)
(-1.09094e-06 3.55734e-07 8.02427)
(-7.58471e-07 2.98767e-07 8.61495)
(-2.88591e-07 -1.02044e-08 6.50724)
(-6.94909e-07 2.31027e-07 7.14723)
(-4.51364e-07 2.42531e-07 7.71293)
(-4.50689e-07 -3.50853e-07 11.582)
(-1.17041e-06 -4.56154e-07 11.6426)
(-1.5238e-06 -7.86122e-07 11.7288)
(-6.41727e-07 -4.48661e-08 11.4406)
(-1.63017e-06 -1.93208e-07 11.5227)
(-1.92298e-06 -7.93946e-07 11.629)
(-8.61485e-07 3.04173e-07 11.0934)
(-2.14211e-06 1.69876e-07 11.2359)
(-2.29415e-06 -6.7525e-07 11.3942)
(-1.1001e-06 5.81182e-07 10.5717)
(-2.67485e-06 5.85788e-07 10.8119)
(-2.61343e-06 -4.48519e-07 11.0436)
(-1.31041e-06 7.45763e-07 9.93526)
(-3.15056e-06 9.88442e-07 10.2918)
(-2.81118e-06 -9.13507e-08 10.61)
(-1.45654e-06 8.00564e-07 9.25329)
(-3.47366e-06 1.29862e-06 9.72185)
(-2.82767e-06 3.2592e-07 10.1326)
(-1.49513e-06 7.5831e-07 8.5856)
(-3.5423e-06 1.47514e-06 9.14782)
(-2.64651e-06 7.07512e-07 9.64162)
(-1.39603e-06 6.4317e-07 7.96481)
(-3.28806e-06 1.4733e-06 8.59337)
(-2.26804e-06 9.64603e-07 9.14994)
(-1.14702e-06 4.70876e-07 7.36279)
(-2.68528e-06 1.26304e-06 8.02427)
(-1.71787e-06 1.01605e-06 8.61495)
(-7.22281e-07 2.44684e-07 6.50724)
(-1.68001e-06 8.07094e-07 7.14724)
(-1.00242e-06 7.66756e-07 7.71293)
(-1.10905e-06 -6.28748e-07 11.582)
(-2.81511e-06 -9.49796e-07 11.6426)
(-3.58269e-06 -1.8655e-06 11.7288)
(-1.61885e-06 8.50836e-08 11.4406)
(-4.03545e-06 -3.9719e-07 11.5227)
(-4.66472e-06 -2.02645e-06 11.629)
(-2.22308e-06 8.90262e-07 11.0934)
(-5.41943e-06 4.12622e-07 11.2359)
(-5.6893e-06 -1.83435e-06 11.3942)
(-2.88907e-06 1.4796e-06 10.5717)
(-6.86912e-06 1.34515e-06 10.8119)
(-6.58885e-06 -1.37745e-06 11.0435)
(-3.48779e-06 1.76302e-06 9.93526)
(-8.17202e-06 2.24476e-06 10.2918)
(-7.17802e-06 -5.88284e-07 10.61)
(-3.91827e-06 1.75694e-06 9.25329)
(-9.07433e-06 2.91735e-06 9.72184)
(-7.29854e-06 3.65127e-07 10.1326)
(-4.05966e-06 1.50531e-06 8.58561)
(-9.30481e-06 3.26602e-06 9.14782)
(-6.90124e-06 1.25157e-06 9.64161)
(-3.82512e-06 1.08546e-06 7.96482)
(-8.67774e-06 3.18693e-06 8.59336)
(-5.97907e-06 1.85747e-06 9.14993)
(-3.16705e-06 6.19739e-07 7.36279)
(-7.09762e-06 2.66019e-06 8.02427)
(-4.56528e-06 2.01858e-06 8.61493)
(-2.00366e-06 2.09904e-07 6.50724)
(-4.39174e-06 1.66539e-06 7.14723)
(-2.62739e-06 1.55983e-06 7.71292)
(-2.33519e-06 5.83362e-07 11.582)
(-5.97768e-06 -5.86488e-07 11.6426)
(-7.49222e-06 -3.11807e-06 11.7288)
(-3.68693e-06 2.38832e-06 11.4406)
(-9.16541e-06 7.77112e-07 11.5227)
(-1.02616e-05 -3.52621e-06 11.629)
(-5.30334e-06 4.26478e-06 11.0934)
(-1.27983e-05 2.63685e-06 11.2359)
(-1.29454e-05 -3.18009e-06 11.3942)
(-7.09267e-06 5.55132e-06 10.5717)
(-1.66109e-05 4.74913e-06 10.8119)
(-1.5346e-05 -2.25113e-06 11.0435)
(-8.71965e-06 6.08629e-06 9.93528)
(-2.00445e-05 6.81081e-06 10.2918)
(-1.69639e-05 -4.9315e-07 10.61)
(-9.91093e-06 5.94774e-06 9.25331)
(-2.24421e-05 8.39024e-06 9.72185)
(-1.73837e-05 1.72656e-06 10.1326)
(-1.03469e-05 5.2507e-06 8.58563)
(-2.31144e-05 9.24995e-06 9.14783)
(-1.64757e-05 3.85765e-06 9.64159)
(-9.79753e-06 4.16357e-06 7.96484)
(-2.15985e-05 9.09613e-06 8.59337)
(-1.42346e-05 5.35836e-06 9.14991)
(-8.15265e-06 2.83887e-06 7.36281)
(-1.77034e-05 7.72981e-06 8.02428)
(-1.08139e-05 5.72249e-06 8.61492)
(-5.208e-06 1.37072e-06 6.50726)
(-1.10328e-05 4.92568e-06 7.14724)
(-6.22762e-06 4.37101e-06 7.71291)
(-4.91883e-06 4.29617e-06 11.582)
(-1.23866e-05 1.08922e-06 11.6426)
(-1.51343e-05 -5.26259e-06 11.7288)
(-8.24282e-06 8.15098e-06 11.4406)
(-2.02257e-05 3.69509e-06 11.5227)
(-2.20715e-05 -6.8817e-06 11.629)
(-1.23099e-05 1.19023e-05 11.0934)
(-2.93185e-05 7.29385e-06 11.2359)
(-2.90021e-05 -6.77982e-06 11.3942)
(-1.68605e-05 1.40783e-05 10.5717)
(-3.89586e-05 1.13349e-05 10.8119)
(-3.53906e-05 -5.46718e-06 11.0435)
(-2.10769e-05 1.44302e-05 9.93531)
(-4.77363e-05 1.52722e-05 10.2918)
(-3.99368e-05 -2.19842e-06 10.6099)
(-2.4251e-05 1.32584e-05 9.25334)
(-5.40104e-05 1.82692e-05 9.72184)
(-4.15705e-05 2.3176e-06 10.1325)
(-2.55727e-05 1.09333e-05 8.58567)
(-5.60767e-05 1.98464e-05 9.14782)
(-3.99021e-05 6.90693e-06 9.64152)
(-2.44465e-05 7.91857e-06 7.96487)
(-5.27714e-05 1.93524e-05 8.59336)
(-3.48618e-05 1.03564e-05 9.14984)
(-2.05423e-05 4.7839e-06 7.36284)
(-4.35307e-05 1.64175e-05 8.02427)
(-2.67242e-05 1.15495e-05 8.61486)
(-1.32896e-05 1.95354e-06 6.50727)
(-2.72573e-05 1.05997e-05 7.14723)
(-1.53958e-05 9.20054e-06 7.71287)
(-7.58192e-06 2.56305e-05 11.582)
(-1.88678e-05 1.67521e-05 11.6426)
(-2.12615e-05 2.08842e-06 11.7288)
(-1.50693e-05 3.50433e-05 11.4407)
(-3.65064e-05 2.30453e-05 11.5227)
(-3.66809e-05 -1.17682e-06 11.629)
(-2.44198e-05 4.28395e-05 11.0935)
(-5.74307e-05 3.01095e-05 11.2359)
(-5.29676e-05 -1.84399e-06 11.3942)
(-3.50014e-05 4.62814e-05 10.5718)
(-7.99551e-05 3.72046e-05 10.8119)
(-6.8736e-05 -8.69478e-07 11.0434)
(-4.49885e-05 4.51379e-05 9.93541)
(-0.000100857 4.36583e-05 10.2919)
(-8.08445e-05 3.90325e-06 10.6099)
(-5.27465e-05 4.03876e-05 9.25347)
(-0.000116383 4.81547e-05 9.72186)
(-8.66267e-05 1.15053e-05 10.1324)
(-5.64294e-05 3.31376e-05 8.58579)
(-0.000122632 4.99778e-05 9.14784)
(-8.49261e-05 1.9804e-05 9.6414)
(-5.46597e-05 2.45747e-05 7.96499)
(-0.000116898 4.7831e-05 8.59339)
(-7.53896e-05 2.63279e-05 9.14972)
(-4.66549e-05 1.57282e-05 7.36295)
(-9.78702e-05 4.0548e-05 8.02429)
(-5.86684e-05 2.83645e-05 8.61475)
(-3.10002e-05 7.18166e-06 6.50735)
(-6.29007e-05 2.65536e-05 7.14725)
(-3.46655e-05 2.25351e-05 7.7128)
(-8.8254e-06 7.77327e-05 11.582)
(-2.04322e-05 5.85562e-05 11.6425)
(-1.62977e-05 3.0273e-05 11.7287)
(-2.33424e-05 9.77687e-05 11.4407)
(-5.47111e-05 7.14195e-05 11.5226)
(-4.58784e-05 2.42947e-05 11.6289)
(-4.20905e-05 0.000112495 11.0936)
(-9.68597e-05 8.3542e-05 11.2359)
(-7.95225e-05 2.13761e-05 11.394)
(-6.36842e-05 0.000116835 10.572)
(-0.000143422 9.35718e-05 10.8119)
(-0.000114313 1.91213e-05 11.0433)
(-8.4602e-05 0.00011058 9.93559)
(-0.000187929 0.000100938 10.2919)
(-0.000143566 2.25628e-05 10.6096)
(-0.000101516 9.59991e-05 9.25369)
(-0.000222765 0.000104203 9.72187)
(-0.000161282 3.11711e-05 10.1321)
(-0.000110684 7.58905e-05 8.58603)
(-0.000239841 0.000102837 9.14785)
(-0.000164138 4.21269e-05 9.6411)
(-0.000109198 5.32992e-05 7.96522)
(-0.000233229 9.50304e-05 8.59338)
(-0.000150513 5.14335e-05 9.1494)
(-9.51012e-05 3.14657e-05 7.36313)
(-0.000199393 7.91374e-05 8.02428)
(-0.000120842 5.41716e-05 8.61446)
(-6.48883e-05 1.26676e-05 6.50746)
(-0.000131632 5.21943e-05 7.14722)
(-7.37484e-05 4.39594e-05 7.71258)
(1.90525e-06 0.000208685 11.5819)
(1.1924e-05 0.00017511 11.6425)
(4.41812e-05 0.000133902 11.7286)
(-1.95056e-05 0.000259809 11.4407)
(-3.85267e-05 0.000211723 11.5226)
(4.26003e-06 0.000136523 11.6288)
(-4.88458e-05 0.000294986 11.0937)
(-0.000104935 0.000238345 11.236)
(-4.8274e-05 0.000135884 11.3939)
(-8.37201e-05 0.000305733 10.5723)
(-0.000181989 0.00025316 10.812)
(-0.000108951 0.000127932 11.0431)
(-0.00011902 0.000291249 9.93602)
(-0.000259742 0.000256203 10.292)
(-0.000166684 0.000121798 10.6094)
(-0.000149583 0.000256012 9.25421)
(-0.000326156 0.000248018 9.72202)
(-0.000210704 0.000119817 10.1318)
(-0.000169707 0.000206305 8.5866)
(-0.000368089 0.000230345 9.14799)
(-0.000233613 0.00012098 9.64068)
(-0.000174619 0.000148951 7.96578)
(-0.000374889 0.000202865 8.59351)
(-0.000230266 0.000121829 9.14895)
(-0.000160278 9.10742e-05 7.36363)
(-0.000338479 0.000163935 8.02438)
(-0.000198993 0.000115428 8.61402)
(-0.00011885 3.84159e-05 6.50782)
(-0.000243287 0.000108195 7.14729)
(-0.000134433 9.06937e-05 7.71224)
(2.40011e-05 0.000357751 11.5815)
(7.46454e-05 0.00031822 11.642)
(0.000153839 0.000276214 11.7281)
(2.69216e-06 0.000445184 11.4404)
(2.38204e-05 0.000383614 11.5222)
(0.000119728 0.000296055 11.6283)
(-2.96125e-05 0.000504012 11.0937)
(-5.19898e-05 0.000426856 11.2357)
(5.96043e-05 0.000303695 11.3935)
(-6.99841e-05 0.000519297 10.5725)
(-0.000147332 0.000441799 10.8119)
(-2.21012e-05 0.000290026 11.0428)
(-0.000113537 0.000489228 9.93651)
(-0.000251531 0.000429202 10.2921)
(-0.000111853 0.000266254 10.609)
(-0.000155034 0.000422703 9.25493)
(-0.000350951 0.000395087 9.72221)
(-0.000194548 0.000239741 10.1314)
(-0.000188646 0.00033333 8.58748)
(-0.000429315 0.000347944 9.14825)
(-0.000256721 0.000215666 9.64016)
(-0.000208488 0.000234645 7.96673)
(-0.000470848 0.000293509 8.59378)
(-0.000286339 0.000195685 9.14835)
(-0.000207445 0.000139212 7.36453)
(-0.000459543 0.000233267 8.02461)
(-0.000275002 0.000174867 8.6134)
(-0.000170591 5.71916e-05 6.50855)
(-0.000364805 0.000159638 7.14744)
(-0.000208369 0.000138903 7.71168)
(4.34197e-05 0.000419742 11.581)
(0.000158443 0.000470684 11.6415)
(0.000379865 0.000576887 11.7276)
(7.98182e-05 0.000832207 11.4401)
(0.000255237 0.000828197 11.5219)
(0.000535363 0.000840779 11.6279)
(0.000105913 0.00118787 11.0936)
(0.000317847 0.00112018 11.2356)
(0.000635129 0.00103981 11.3932)
(0.000119674 0.00139672 10.5728)
(0.000333693 0.00129378 10.812)
(0.000662542 0.00114497 11.0426)
(0.00011486 0.0014139 9.9372)
(0.000291983 0.00131776 10.2924)
(0.000607403 0.00113722 10.6089)
(8.61623e-05 0.00125385 9.25592)
(0.000186914 0.00120458 9.72277)
(0.00047434 0.0010303 10.1313)
(2.88467e-05 0.000972603 8.58869)
(2.27513e-05 0.00099364 9.1489)
(0.000283896 0.000856085 9.64002)
(-5.49712e-05 0.000643787 7.96802)
(-0.000180033 0.000741401 8.59441)
(6.89121e-05 0.000653412 9.14808)
(-0.000152359 0.000335862 7.36578)
(-0.000382496 0.000499719 8.02514)
(-0.00012895 0.000457435 8.61297)
(-0.000232576 0.00011957 6.50957)
(-0.000513717 0.000307597 7.14778)
(-0.000253319 0.00028922 7.71115)
(2.90469e-05 0.000329235 11.5781)
(9.97018e-05 0.00037351 11.6384)
(0.000310134 0.000431817 11.724)
(8.96685e-05 0.000713432 11.4365)
(0.000249032 0.000693781 11.5183)
(0.000519865 0.000675842 11.6242)
(0.000154771 0.00103778 11.0903)
(0.000391348 0.000956035 11.2323)
(0.000689652 0.000878044 11.39)
(0.000215771 0.00121815 10.5706)
(0.00049837 0.00110861 10.8099)
(0.000791957 0.0010046 11.0405)
(0.000255122 0.00121817 9.93656)
(0.000539764 0.00112865 10.2918)
(0.000804212 0.00103391 10.6083)
(0.000252952 0.00105807 9.25698)
(0.00048466 0.00103349 9.72379)
(0.000715327 0.000972594 10.1323)
(0.000191568 0.000797918 8.59114)
(0.00031386 0.000864164 9.15134)
(0.000531991 0.000845852 9.64235)
(6.72312e-05 0.000513808 7.97134)
(3.60326e-05 0.000674399 8.59774)
(0.000277962 0.000685931 9.15115)
(-0.000106545 0.000265108 7.3693)
(-0.0003092 0.000507705 8.02865)
(-6.19112e-06 0.000523929 8.61608)
(-0.000299737 0.000113997 6.51249)
(-0.000649949 0.00039306 7.15066)
(-0.000263139 0.00037792 7.71356)
(-0.00410187 -0.0029007 10.004)
(-0.00309752 -0.00190722 10.0036)
(-0.00301417 -0.000385036 10.0034)
(-0.00535325 -0.00378584 10.0045)
(-0.00448075 -0.0025789 10.0041)
(-0.00430121 -0.000608731 10.0039)
(-0.00651734 -0.00486819 10.0051)
(-0.00580725 -0.00331853 10.0047)
(-0.00568379 -0.00086677 10.0044)
(-0.00779005 -0.0060401 10.0059)
(-0.00718434 -0.00408746 10.0053)
(-0.00710673 -0.00113773 10.0051)
(-0.00923382 -0.00733361 10.0068)
(-0.00876393 -0.00492878 10.0061)
(-0.00878629 -0.00143483 10.0058)
(-0.0101821 -0.00830669 10.0076)
(-0.00965913 -0.00549948 10.0068)
(-0.00965725 -0.00162395 10.0064)
(-0.0133236 -0.0107816 10.0087)
(-0.0132529 -0.00710755 10.0078)
(-0.0135523 -0.0021831 10.0073)
(-0.00739981 -0.00685628 10.0088)
(-0.0057541 -0.00436497 10.0078)
(-0.0052493 -0.00121445 10.0074)
(-0.0343101 -0.0287119 10.0078)
(-0.0389163 -0.0194971 10.0074)
(-0.0422007 -0.00653669 10.007)
(0.0240667 0.019215 9.90392)
(0.0350983 0.0146679 9.92684)
(0.041259 0.00562115 9.93621)
(-0.0030835 -0.00199668 10.0139)
(-0.00193969 -0.00102363 10.0128)
(-0.000940292 7.33694e-05 10.0116)
(-0.00493343 -0.00355592 10.0159)
(-0.00412224 -0.00223695 10.0149)
(-0.00317273 -0.000335228 10.014)
(-0.00672357 -0.00536615 10.0181)
(-0.0062603 -0.00355744 10.0171)
(-0.00560162 -0.000809982 10.0165)
(-0.00855869 -0.00711931 10.0201)
(-0.00831167 -0.0047776 10.019)
(-0.0079343 -0.00125285 10.0185)
(-0.010586 -0.00888448 10.0218)
(-0.010625 -0.00600178 10.0205)
(-0.0105904 -0.00169256 10.0201)
(-0.0112277 -0.00966481 10.0231)
(-0.0111888 -0.00648252 10.0216)
(-0.0112538 -0.00184991 10.021)
(-0.0159651 -0.0131897 10.0244)
(-0.0166319 -0.00879045 10.0227)
(-0.0172237 -0.00263891 10.022)
(-0.00709964 -0.00667841 10.0251)
(-0.00567266 -0.00431011 10.0232)
(-0.00523406 -0.00108129 10.0224)
(-0.0288838 -0.0259107 10.0161)
(-0.0333929 -0.0184033 10.0169)
(-0.0367991 -0.00610199 10.0168)
(0.00385208 0.00384677 9.76424)
(0.0104901 0.00471909 9.82145)
(0.014362 0.00227941 9.84545)
(0.000125047 0.000912011 10.027)
(0.00211822 0.00145368 10.0235)
(0.00490563 0.00108239 10.0196)
(-0.00331814 -0.00218933 10.0326)
(-0.00179906 -0.000820013 10.0301)
(0.000628691 0.000265775 10.028)
(-0.00652558 -0.00545107 10.0374)
(-0.00564111 -0.00322554 10.0354)
(-0.00397222 -0.00062534 10.0345)
(-0.0095669 -0.00830197 10.0405)
(-0.00913706 -0.00529167 10.0389)
(-0.0081882 -0.00138815 10.0387)
(-0.0126086 -0.0108363 10.042)
(-0.0127071 -0.00713228 10.0406)
(-0.0124402 -0.00204815 10.0406)
(-0.01361 -0.0118252 10.0423)
(-0.0137599 -0.00782391 10.0408)
(-0.0137994 -0.00227076 10.0407)
(-0.0189679 -0.0157583 10.042)
(-0.0199605 -0.0104457 10.0402)
(-0.020657 -0.0031449 10.0399)
(-0.0123316 -0.010379 10.0416)
(-0.0113449 -0.00652071 10.0398)
(-0.0110448 -0.00175705 10.0392)
(-0.0254142 -0.0237692 10.015)
(-0.0293724 -0.0173138 10.0211)
(-0.0325808 -0.00571302 10.0231)
(-0.00864807 -0.00594707 9.57935)
(-0.00502743 -0.00186419 9.67629)
(-0.00263807 3.12889e-05 9.71813)
(0.00239307 0.00277888 10.0476)
(0.00604566 0.00366425 10.0372)
(0.0107511 0.00184342 10.0288)
(-0.00376132 -0.00273919 10.0599)
(-0.00072465 -0.000129036 10.0532)
(0.00302816 0.000387687 10.0495)
(-0.00896908 -0.00778025 10.0673)
(-0.00700803 -0.00387799 10.0633)
(-0.00471824 -0.00103435 10.0627)
(-0.0133097 -0.0116223 10.0698)
(-0.0122434 -0.00684299 10.0678)
(-0.0112146 -0.00212887 10.0688)
(-0.0169706 -0.0144441 10.0688)
(-0.0167875 -0.00907539 10.0679)
(-0.0167393 -0.00291172 10.0692)
(-0.0181882 -0.0152701 10.0662)
(-0.018314 -0.00978703 10.0654)
(-0.0186771 -0.00310741 10.0664)
(-0.0225969 -0.0183047 10.063)
(-0.0236886 -0.0119345 10.0617)
(-0.0246587 -0.00377693 10.0619)
(-0.0189052 -0.0146166 10.0601)
(-0.0184949 -0.00896522 10.0587)
(-0.0184963 -0.00266537 10.0586)
(-0.0239062 -0.0220796 10.0051)
(-0.0271952 -0.0160605 10.0203)
(-0.0300749 -0.00538802 10.0261)
(-0.0160377 -0.0114434 9.3728)
(-0.0150315 -0.00584179 9.50935)
(-0.0138995 -0.00147985 9.56987)
(-0.00194232 -0.00129116 10.0847)
(0.00359824 0.00216828 10.0619)
(0.00882479 0.0010209 10.0487)
(-0.0114185 -0.00962345 10.1045)
(-0.00678687 -0.00331579 10.0909)
(-0.00335416 -0.00115996 10.0871)
(-0.0185203 -0.0160773 10.1104)
(-0.0156606 -0.00827591 10.1046)
(-0.0143442 -0.00305007 10.1061)
(-0.0234476 -0.0201157 10.1062)
(-0.0220208 -0.0117241 10.1057)
(-0.0224153 -0.00430711 10.1096)
(-0.0265496 -0.0220919 10.0972)
(-0.0263115 -0.0136663 10.0993)
(-0.0277005 -0.00494791 10.1032)
(-0.0269759 -0.0216663 10.0879)
(-0.0272537 -0.0137034 10.0901)
(-0.0288149 -0.00484795 10.0928)
(-0.0288126 -0.022274 10.0802)
(-0.0299879 -0.0143228 10.0808)
(-0.0317141 -0.00492554 10.082)
(-0.0267665 -0.0193612 10.0727)
(-0.0270657 -0.011745 10.0733)
(-0.0276832 -0.00388222 10.074)
(-0.0248023 -0.0213254 9.9768)
(-0.0274248 -0.0150572 10.0053)
(-0.0299466 -0.00529678 10.0167)
(-0.0199574 -0.013775 9.15021)
(-0.0210423 -0.00780953 9.3237)
(-0.0209629 -0.00247932 9.40234)
(-0.0166911 -0.0142178 10.1487)
(-0.0104109 -0.00534381 10.1105)
(-0.00693217 -0.00210597 10.0954)
(-0.0291009 -0.0249787 10.1714)
(-0.0244963 -0.0123451 10.1517)
(-0.0236797 -0.00492684 10.1507)
(-0.0373186 -0.0320061 10.1662)
(-0.035248 -0.0180744 10.1618)
(-0.0371786 -0.00711622 10.1687)
(-0.0416439 -0.035253 10.1448)
(-0.0412903 -0.0213687 10.1502)
(-0.0451497 -0.00828158 10.1596)
(-0.0426675 -0.035128 10.1188)
(-0.0434946 -0.0221946 10.1285)
(-0.0479863 -0.00846795 10.1366)
(-0.0408945 -0.0321494 10.0969)
(-0.0421051 -0.0206803 10.106)
(-0.0460893 -0.00775558 10.1114)
(-0.0387312 -0.0288835 10.0824)
(-0.0403564 -0.0186645 10.0876)
(-0.043571 -0.00685293 10.0903)
(-0.0362081 -0.025177 10.0678)
(-0.0374867 -0.0154158 10.0729)
(-0.0391876 -0.00553334 10.0751)
(-0.0280195 -0.0219086 9.91799)
(-0.0302456 -0.0148351 9.96441)
(-0.0325931 -0.00557877 9.98321)
(-0.0217171 -0.0141811 8.91121)
(-0.0242692 -0.00851812 9.11809)
(-0.0250338 -0.00316079 9.21347)
(-0.0406812 -0.034463 10.2472)
(-0.03592 -0.0180363 10.1961)
(-0.0360338 -0.00703224 10.184)
(-0.0549221 -0.0467468 10.2629)
(-0.0533582 -0.0263036 10.2422)
(-0.0569709 -0.0103741 10.2485)
(-0.0633638 -0.053736 10.2333)
(-0.064821 -0.0323945 10.2357)
(-0.0719958 -0.0126719 10.2524)
(-0.0659252 -0.0555522 10.1804)
(-0.069044 -0.0350805 10.1976)
(-0.0781232 -0.0135484 10.2157)
(-0.0636368 -0.0526044 10.1255)
(-0.0674433 -0.0342907 10.1488)
(-0.0765029 -0.0130795 10.1628)
(-0.0584589 -0.0462039 10.083)
(-0.0619348 -0.0306466 10.1043)
(-0.0694904 -0.0115666 10.1133)
(-0.0514582 -0.0381514 10.0584)
(-0.0542918 -0.0252535 10.0719)
(-0.0597526 -0.00946252 10.0766)
(-0.0464389 -0.0320954 10.0325)
(-0.0491268 -0.0202408 10.0466)
(-0.0524244 -0.00755747 10.0511)
(-0.0325401 -0.0237636 9.81804)
(-0.0348456 -0.0156857 9.88706)
(-0.0373874 -0.00621656 9.91488)
(-0.022023 -0.013714 8.65293)
(-0.0254792 -0.00873112 8.89002)
(-0.0269585 -0.00365939 9.00045)
(-0.0690671 -0.0573638 10.3837)
(-0.0682702 -0.0327934 10.3262)
(-0.0728027 -0.0125169 10.3224)
(-0.084119 -0.070288 10.3799)
(-0.0884798 -0.0419842 10.3646)
(-0.0975902 -0.0162887 10.3837)
(-0.0924341 -0.0771876 10.3103)
(-0.0999887 -0.0483291 10.3257)
(-0.113421 -0.0185516 10.3565)
(-0.0926266 -0.0774959 10.2097)
(-0.101745 -0.0503347 10.2453)
(-0.116889 -0.0190436 10.2742)
(-0.0866765 -0.071964 10.113)
(-0.0954524 -0.0480158 10.1557)
(-0.109826 -0.0178909 10.1765)
(-0.0774137 -0.0621484 10.0403)
(-0.0846003 -0.0423299 10.079)
(-0.0964385 -0.0156238 10.092)
(-0.065298 -0.0491977 9.99976)
(-0.0702462 -0.0335399 10.0266)
(-0.078541 -0.0123867 10.0337)
(-0.0562654 -0.0396503 9.95685)
(-0.0608329 -0.0260163 9.98558)
(-0.066165 -0.00973446 9.9939)
(-0.0371412 -0.026487 9.67077)
(-0.0400436 -0.0175463 9.76692)
(-0.0432165 -0.00706002 9.80522)
(-0.0212167 -0.0130374 8.37434)
(-0.025152 -0.00896111 8.63924)
(-0.0273034 -0.00402636 8.76309)
(-0.0955878 -0.0775079 10.5579)
(-0.100559 -0.0458809 10.5013)
(-0.109144 -0.0171464 10.5094)
(-0.110896 -0.0906039 10.5246)
(-0.123134 -0.0556527 10.5178)
(-0.137456 -0.0211424 10.5543)
(-0.119738 -0.0978651 10.3999)
(-0.135058 -0.0622727 10.4325)
(-0.154337 -0.0233517 10.4796)
(-0.118292 -0.0972988 10.2361)
(-0.135075 -0.0638308 10.2934)
(-0.155872 -0.0234781 10.3334)
(-0.10955 -0.0902164 10.0836)
(-0.124667 -0.0605748 10.1488)
(-0.144033 -0.0217993 10.1753)
(-0.0963564 -0.0778917 9.96813)
(-0.108378 -0.0536216 10.0284)
(-0.12446 -0.0190599 10.0446)
(-0.0791708 -0.0607304 9.90201)
(-0.0870701 -0.0422336 9.94753)
(-0.0983912 -0.015065 9.95771)
(-0.0650401 -0.0470697 9.83435)
(-0.0718776 -0.031967 9.88446)
(-0.0794076 -0.0116888 9.89804)
(-0.0411505 -0.0294419 9.47483)
(-0.0450609 -0.0198539 9.60218)
(-0.049145 -0.00781541 9.65205)
(-0.0196751 -0.0123132 8.07764)
(-0.023783 -0.0091879 8.36867)
(-0.0265164 -0.00416949 8.50438)
(-0.114174 -0.0901532 10.7657)
(-0.125253 -0.0537063 10.7141)
(-0.136581 -0.0196192 10.7348)
(-0.129906 -0.103442 10.6987)
(-0.150033 -0.0636563 10.7007)
(-0.168276 -0.0236221 10.7546)
(-0.140455 -0.111603 10.5106)
(-0.163957 -0.0707351 10.5591)
(-0.187526 -0.0258166 10.6209)
(-0.139428 -0.111343 10.272)
(-0.164369 -0.0723132 10.3479)
(-0.189372 -0.0256844 10.3956)
(-0.129977 -0.104212 10.0487)
(-0.152063 -0.068971 10.1335)
(-0.175207 -0.0237443 10.1621)
(-0.114183 -0.0909384 9.87338)
(-0.131757 -0.0618983 9.95526)
(-0.151252 -0.0209283 9.97214)
(-0.0925675 -0.0709996 9.76577)
(-0.104155 -0.0493404 9.83416)
(-0.118141 -0.0167517 9.84673)
(-0.07274 -0.053204 9.66282)
(-0.0821577 -0.0366615 9.74014)
(-0.0915976 -0.0128567 9.75994)
(-0.0445854 -0.0317159 9.23298)
(-0.0497593 -0.0214589 9.39396)
(-0.0546526 -0.00801739 9.45559)
(-0.017998 -0.0112252 7.76755)
(-0.0220388 -0.00877707 8.08286)
(-0.0250333 -0.0038197 8.22865)
(-0.12053 -0.0920996 10.9985)
(-0.136691 -0.0539602 10.9507)
(-0.149157 -0.0192548 10.9814)
(-0.136859 -0.10554 10.9014)
(-0.163704 -0.0636975 10.9089)
(-0.183849 -0.0230356 10.9753)
(-0.150293 -0.115038 10.6524)
(-0.181381 -0.0712158 10.7094)
(-0.207148 -0.0251961 10.7793)
(-0.152243 -0.116302 10.3352)
(-0.185064 -0.0732319 10.4192)
(-0.212293 -0.0249116 10.4663)
(-0.144912 -0.11069 10.0279)
(-0.174217 -0.0705399 10.1216)
(-0.199442 -0.0229292 10.1444)
(-0.129128 -0.0983677 9.7723)
(-0.152758 -0.0644237 9.86865)
(-0.174257 -0.020372 9.87988)
(-0.104893 -0.0777104 9.59995)
(-0.120831 -0.0523356 9.69017)
(-0.136532 -0.0165887 9.70172)
(-0.0796316 -0.0564953 9.4468)
(-0.0918829 -0.0380974 9.55273)
(-0.102404 -0.012514 9.57751)
(-0.0479424 -0.0321168 8.9527)
(-0.054485 -0.0206953 9.14544)
(-0.0595544 -0.00704709 9.21692)
(-0.0170131 -0.00910174 7.45075)
(-0.0207667 -0.00658206 7.78644)
(-0.0233091 -0.00255153 7.93943)
(-0.113641 -0.0831625 11.2421)
(-0.133219 -0.0467308 11.1934)
(-0.145294 -0.0162167 11.227)
(-0.130179 -0.0961874 11.127)
(-0.161859 -0.0555755 11.1331)
(-0.181826 -0.0195122 11.2036)
(-0.146841 -0.106873 10.8306)
(-0.184061 -0.06313 10.8842)
(-0.209912 -0.0214825 10.9518)
(-0.153549 -0.110215 10.4414)
(-0.193312 -0.0655605 10.5161)
(-0.220794 -0.0210285 10.551)
(-0.150945 -0.10719 10.0443)
(-0.187323 -0.0637587 10.1272)
(-0.212973 -0.0190445 10.1321)
(-0.138503 -0.0975449 9.69036)
(-0.168527 -0.0591743 9.78313)
(-0.190493 -0.0168517 9.77738)
(-0.114872 -0.0785359 9.42468)
(-0.135748 -0.0489094 9.52531)
(-0.15182 -0.0138146 9.52735)
(-0.0857831 -0.0554076 9.20033)
(-0.101095 -0.0342996 9.32702)
(-0.111411 -0.00992004 9.35112)
(-0.0517395 -0.0295267 8.64754)
(-0.0597202 -0.0158918 8.86216)
(-0.063821 -0.00423486 8.93769)
(-0.0175195 -0.00528712 7.13563)
(-0.0208351 -0.0013882 7.48319)
(-0.0218028 0.000142728 7.63795)
(-0.0958966 -0.0660024 11.478)
(-0.117025 -0.0342435 11.4221)
(-0.127866 -0.0114104 11.4499)
(-0.111537 -0.0775711 11.3618)
(-0.145602 -0.0412418 11.3594)
(-0.164 -0.0138756 11.4233)
(-0.130425 -0.0885577 11.0393)
(-0.171464 -0.048025 11.0768)
(-0.195794 -0.0153426 11.1304)
(-0.141902 -0.0935417 10.5947)
(-0.186784 -0.0502856 10.641)
(-0.213057 -0.0145102 10.6506)
(-0.145333 -0.0932543 10.1147)
(-0.187848 -0.0490163 10.162)
(-0.212725 -0.0123532 10.1338)
(-0.139008 -0.0871948 9.65579)
(-0.175393 -0.045847 9.71701)
(-0.196617 -0.0103428 9.67735)
(-0.120116 -0.0719554 9.2704)
(-0.146411 -0.0380645 9.35669)
(-0.161543 -0.00806206 9.33373)
(-0.0904315 -0.049054 8.94772)
(-0.109063 -0.0242761 9.07486)
(-0.117777 -0.00460535 9.08583)
(-0.0559133 -0.0234209 8.33751)
(-0.0655261 -0.00620944 8.55351)
(-0.0673128 0.000873514 8.62137)
(-0.0198407 0.000426931 6.83207)
(-0.0227659 0.00740139 7.17597)
(-0.0208626 0.00463437 7.3232)
(-0.0718648 -0.0449305 11.6873)
(-0.0927965 -0.0196953 11.6185)
(-0.102261 -0.00597915 11.633)
(-0.0849723 -0.0538326 11.5859)
(-0.118958 -0.0239425 11.5698)
(-0.135015 -0.00731523 11.6168)
(-0.103977 -0.0636956 11.2607)
(-0.146019 -0.0288739 11.2726)
(-0.167816 -0.00793532 11.3015)
(-0.118524 -0.0691622 10.7834)
(-0.165699 -0.0300762 10.7865)
(-0.18987 -0.00643286 10.7587)
(-0.127333 -0.0708259 10.2403)
(-0.173901 -0.0286185 10.2304)
(-0.197224 -0.00382748 10.1531)
(-0.12798 -0.0680763 9.68758)
(-0.169787 -0.026161 9.68708)
(-0.189553 -0.00160462 9.59283)
(-0.117487 -0.0578681 9.17097)
(-0.149233 -0.0207155 9.20789)
(-0.162632 0.000281359 9.13744)
(-0.0917066 -0.0375285 8.7213)
(-0.113845 -0.00865778 8.81667)
(-0.119979 0.0032438 8.79419)
(-0.0594959 -0.0141637 8.04792)
(-0.0710537 0.00774318 8.23445)
(-0.0695088 0.00813928 8.27587)
(-0.0234984 0.00761194 6.55161)
(-0.0263434 0.0192599 6.86847)
(-0.0205398 0.010845 6.99401)
(-0.0465731 -0.0242586 11.8549)
(-0.0662483 -0.0061708 11.7711)
(-0.0740359 -0.00106843 11.7657)
(-0.0557365 -0.0295369 11.7791)
(-0.0875048 -0.00704832 11.7467)
(-0.100864 -0.00106799 11.7697)
(-0.0723419 -0.0368414 11.4703)
(-0.112477 -0.00916001 11.4522)
(-0.131176 -0.000579136 11.4492)
(-0.0871654 -0.0413488 10.9834)
(-0.133209 -0.00849931 10.9362)
(-0.154655 0.00178065 10.8624)
(-0.0990598 -0.0436673 10.4039)
(-0.146393 -0.00616982 10.3248)
(-0.167511 0.0049997 10.1856)
(-0.105152 -0.0429449 9.78462)
(-0.149917 -0.00345168 9.70056)
(-0.167802 0.00783208 9.53249)
(-0.104416 -0.0377222 9.15132)
(-0.140608 0.000437637 9.10323)
(-0.152116 0.00990953 8.95971)
(-0.0869574 -0.0218603 8.55607)
(-0.112456 0.0103098 8.58059)
(-0.115869 0.0125741 8.49817)
(-0.0606727 -0.00291292 7.80658)
(-0.0744639 0.0238452 7.92645)
(-0.0694054 0.0166057 7.91638)
(-0.0271914 0.0152775 6.30803)
(-0.0304573 0.0324315 6.56813)
(-0.0204733 0.0180223 6.65303)
(-0.024203 -0.00716744 11.9737)
(-0.0419419 0.00418847 11.8758)
(-0.0480544 0.00242084 11.8467)
(-0.0287559 -0.0084539 11.9264)
(-0.0566999 0.00678545 11.8775)
(-0.067436 0.00383187 11.8736)
(-0.0408434 -0.0122403 11.6453)
(-0.0766081 0.00802201 11.5967)
(-0.091995 0.00556974 11.5588)
(-0.0530992 -0.0145883 11.1663)
(-0.09473 0.0109129 11.0693)
(-0.11288 0.00873667 10.9454)
(-0.0650306 -0.0162459 10.576)
(-0.109287 0.0144571 10.4271)
(-0.127525 0.0124748 10.2194)
(-0.0735861 -0.0159743 9.924)
(-0.117387 0.018224 9.74943)
(-0.132969 0.0160664 9.4959)
(-0.0806339 -0.0143334 9.214)
(-0.118753 0.021637 9.05774)
(-0.128553 0.0188522 8.81991)
(-0.0738429 -0.0037783 8.48052)
(-0.101815 0.0294152 8.39785)
(-0.10319 0.0216275 8.22791)
(-0.0572245 0.00885823 7.64028)
(-0.0732953 0.0391051 7.65636)
(-0.0655889 0.0246396 7.5669)
(-0.029174 0.0221714 6.11826)
(-0.0333667 0.0443381 6.28899)
(-0.0199457 0.0247815 6.31069)
(-0.00724704 0.00465753 12.0448)
(-0.0225289 0.0104819 11.9349)
(-0.0274762 0.00424429 11.8832)
(-0.0074822 0.00703191 12.0216)
(-0.0306731 0.0160684 11.9574)
(-0.0391661 0.00687201 11.9276)
(-0.0139659 0.00698671 11.7701)
(-0.0436701 0.0205116 11.6939)
(-0.0558298 0.00975748 11.6211)
(-0.0216274 0.00736866 11.3089)
(-0.0563446 0.0254334 11.1674)
(-0.0708371 0.0134521 10.9941)
(-0.0307886 0.00732215 10.726)
(-0.0685698 0.0300945 10.5148)
(-0.0833919 0.0173772 10.2398)
(-0.0387498 0.00831881 10.0702)
(-0.0773639 0.0351076 9.81237)
(-0.0902343 0.0214941 9.47275)
(-0.0491162 0.00859216 9.33321)
(-0.0853807 0.0390361 9.06697)
(-0.0936189 0.025152 8.72569)
(-0.0518579 0.0144424 8.50303)
(-0.0803437 0.0453545 8.29234)
(-0.0806832 0.0284912 8.01413)
(-0.0471029 0.019908 7.57005)
(-0.0651435 0.0506611 7.45311)
(-0.0564314 0.0304874 7.25927)
(-0.0277549 0.0272003 6.00214)
(-0.0332639 0.0523708 6.05259)
(-0.0180782 0.029532 5.98759)
(0.00344852 0.0110768 12.0756)
(-0.00905112 0.0129398 11.9568)
(-0.0132712 0.00470842 11.8873)
(0.00662728 0.0160748 12.0678)
(-0.0115741 0.0204932 11.9911)
(-0.0182829 0.00808343 11.9381)
(0.00550091 0.0192786 11.8402)
(-0.017334 0.0273692 11.7406)
(-0.0264928 0.0117378 11.6355)
(0.00306235 0.0221689 11.3984)
(-0.0232703 0.0336131 11.2207)
(-0.0340418 0.0155314 11.0024)
(-0.0017468 0.0239635 10.8314)
(-0.0306174 0.0388797 10.5704)
(-0.0417844 0.0191995 10.2361)
(-0.00705142 0.0260222 10.1899)
(-0.0369542 0.044583 9.86444)
(-0.0468721 0.0232827 9.44853)
(-0.0162444 0.0266568 9.465)
(-0.0460568 0.0493692 9.10619)
(-0.0527324 0.0274631 8.66732)
(-0.0242512 0.0292899 8.60293)
(-0.0495344 0.0549206 8.26728)
(-0.0497165 0.0314963 7.87452)
(-0.0298958 0.0285587 7.60342)
(-0.0482423 0.0560857 7.34139)
(-0.0406746 0.032679 7.02823)
(-0.0218336 0.0291173 5.98181)
(-0.0283227 0.0541499 5.88648)
(-0.0138779 0.0308817 5.7147)
(0.00852734 0.0130284 12.0775)
(-0.00106046 0.012491 11.9532)
(-0.00468184 0.00426977 11.8716)
(0.0139752 0.0193447 12.0755)
(0.000570744 0.020716 11.9887)
(-0.00467643 0.00783086 11.9164)
(0.0169913 0.0247448 11.8621)
(0.0010079 0.0288658 11.7426)
(-0.00545945 0.0117248 11.6097)
(0.0189314 0.0292887 11.4356)
(0.0013189 0.0354619 11.2296)
(-0.00597595 0.0151631 10.974)
(0.0183696 0.0324276 10.8851)
(-0.000556341 0.0406042 10.5868)
(-0.00821611 0.0181811 10.2058)
(0.0162699 0.0351706 10.2639)
(-0.00305521 0.0459866 9.88843)
(-0.0100014 0.0215996 9.41295)
(0.0103679 0.0364925 9.56845)
(-0.00931798 0.0509243 9.14312)
(-0.0141504 0.0255033 8.62461)
(0.0016484 0.0371801 8.73106)
(-0.0159316 0.0556148 8.2992)
(-0.0158403 0.029619 7.80259)
(-0.00980637 0.0324225 7.71919)
(-0.0245796 0.0536622 7.32966)
(-0.019071 0.0302032 6.89844)
(-0.012749 0.0269026 6.071)
(-0.018337 0.0482557 5.82206)
(-0.00646875 0.0277699 5.53038)
(0.00989203 0.0121056 12.0618)
(0.00284962 0.0103075 11.9353)
(-8.4227e-05 0.00336674 11.8463)
(0.0163431 0.018755 12.0567)
(0.00707889 0.0181316 11.9625)
(0.0032783 0.00657123 11.8755)
(0.0219868 0.0251432 11.8486)
(0.0119998 0.0263499 11.7129)
(0.00792287 0.0102132 11.5571)
(0.0268304 0.0304236 11.4324)
(0.0167693 0.0324665 11.2048)
(0.0125384 0.0129881 10.9206)
(0.0293195 0.0341694 10.8958)
(0.0191865 0.036876 10.5705)
(0.0146328 0.0151555 10.1559)
(0.0297867 0.0370197 10.2949)
(0.0200755 0.0411036 9.88329)
(0.0158565 0.0175066 9.36542)
(0.0269122 0.0384495 9.63292)
(0.0174143 0.0450153 9.1598)
(0.0145161 0.0203134 8.58273)
(0.0196811 0.0378043 8.84758)
(0.0114952 0.0480698 8.34905)
(0.0121872 0.0234154 7.7719)
(0.00691773 0.0311013 7.87225)
(-0.00112943 0.0440914 7.39151)
(0.00272937 0.0233452 6.86448)
(-0.00346712 0.021606 6.23444)
(-0.00627883 0.0362047 5.87056)
(0.00242501 0.0205494 5.47084)
(0.00937195 0.0100217 12.036)
(0.00436296 0.00762131 11.9116)
(0.00213137 0.00231893 11.8182)
(0.0160246 0.0163692 12.0229)
(0.00988918 0.0143624 11.9226)
(0.0074807 0.00489902 11.8265)
(0.0228709 0.022816 11.8128)
(0.017473 0.0218159 11.6649)
(0.0154049 0.0079677 11.4929)
(0.0292379 0.0281909 11.4028)
(0.0247053 0.0270466 11.1601)
(0.0228433 0.0100173 10.8575)
(0.03337 0.031979 10.8776)
(0.0296019 0.0304939 10.5342)
(0.0273027 0.0113834 10.0994)
(0.0353532 0.0345426 10.2948)
(0.0325522 0.0332955 9.85909)
(0.0301291 0.0126546 9.31583)
(0.0344623 0.0355978 9.66465)
(0.0323999 0.0355049 9.15904)
(0.0304659 0.0140566 8.54465)
(0.0290725 0.0339759 8.93721)
(0.0281956 0.0363858 8.3954)
(0.0285358 0.0154836 7.76287)
(0.0176171 0.0267709 8.02495)
(0.0158655 0.0311152 7.48833)
(0.0178259 0.014479 6.89304)
(0.00391875 0.0155017 6.43047)
(0.00424277 0.0219234 5.99638)
(0.00944686 0.0114001 5.52369)
(0.00819815 0.00793898 12.0055)
(0.00477547 0.00525062 11.8856)
(0.00314216 0.00135516 11.7911)
(0.0146691 0.0136105 11.982)
(0.0108548 0.0107356 11.8778)
(0.00949724 0.00336032 11.7765)
(0.0218318 0.0196433 11.7655)
(0.0194605 0.0170309 11.6093)
(0.0189453 0.00573349 11.4277)
(0.0286498 0.0247263 11.3592)
(0.0276287 0.0213504 11.1072)
(0.0273196 0.00719109 10.7959)
(0.0332926 0.0282352 10.8439)
(0.0333993 0.0239257 10.4898)
(0.0324271 0.00797242 10.0469)
(0.0358319 0.0303346 10.2772)
(0.0370521 0.0254773 9.8271)
(0.0354448 0.00842893 9.27313)
(0.0359235 0.030853 9.67507)
(0.0380446 0.026037 9.14948)
(0.0361082 0.00864843 8.51678)
(0.0319599 0.0285433 9.0006)
(0.0351659 0.0248484 8.43241)
(0.0341145 0.00847977 7.76831)
(0.0227131 0.0215886 8.15747)
(0.0250787 0.0187565 7.58987)
(0.0245555 0.00648462 6.95241)
(0.00875471 0.0100363 6.62705)
(0.0114886 0.00891802 6.15862)
(0.0129169 0.00291191 5.64369)
(0.00708558 0.00629559 11.9741)
(0.00470765 0.00347075 11.8585)
(0.00359895 0.000656458 11.7659)
(0.01321 0.0112351 11.938)
(0.0109638 0.00789306 11.8332)
(0.010382 0.0021577 11.7291)
(0.0202485 0.0166875 11.7136)
(0.0197032 0.013031 11.5528)
(0.0201817 0.00392365 11.3674)
(0.0268017 0.0212755 11.3106)
(0.0277682 0.016583 11.0542)
(0.0282602 0.00498837 10.7416)
(0.0312472 0.0243648 10.8048)
(0.0333211 0.0185026 10.4459)
(0.0329095 0.00542899 10.0036)
(0.0336802 0.0259706 10.2526)
(0.0366867 0.0191606 9.79571)
(0.0351997 0.00539992 9.24169)
(0.0340615 0.0260056 9.67445)
(0.0378193 0.0185332 9.13856)
(0.0353497 0.00487803 8.50163)
(0.0310117 0.023297 9.04437)
(0.0355825 0.0158511 8.46166)
(0.0328113 0.00362771 7.78438)
(0.0239053 0.0169048 8.26478)
(0.0280171 0.00933629 7.68105)
(0.0250236 0.000908942 7.0212)
(0.0113207 0.00585233 6.80633)
(0.0152438 -0.000855255 6.32518)
(0.0132172 -0.0032923 5.78703)
(0.00632076 0.00515582 11.9428)
(0.00451754 0.00230714 11.8326)
(0.00383048 0.000218722 11.7427)
(0.0120691 0.00950123 11.8937)
(0.0107418 0.00591497 11.7896)
(0.0107275 0.00130995 11.6855)
(0.0187203 0.0143148 11.6618)
(0.0192385 0.0101239 11.4991)
(0.020216 0.00264774 11.3142)
(0.0246324 0.0183419 11.2627)
(0.0265785 0.0130775 11.0053)
(0.0273524 0.00348095 10.6968)
(0.0285157 0.0209759 10.7664)
(0.0313438 0.0145442 10.4071)
(0.0310133 0.00375479 9.97101)
(0.0304917 0.0221343 10.2276)
(0.0339091 0.0146484 9.76943)
(0.0322002 0.00349512 9.22185)
(0.0307967 0.0218274 9.66974)
(0.0346527 0.0133525 9.13051)
(0.0315418 0.00262777 8.4979)
(0.0282824 0.0189831 9.0753)
(0.0325646 0.00987065 8.48618)
(0.0283913 0.000852646 7.80727)
(0.022888 0.0132582 8.34956)
(0.027061 0.00333032 7.75777)
(0.0222184 -0.00219615 7.08778)
(0.0122494 0.00305008 6.96248)
(0.0162748 -0.0069582 6.47765)
(0.0116927 -0.00687872 5.92458)
(0.00587172 0.00445834 11.9122)
(0.00439224 0.00164086 11.8078)
(0.00399483 -3.74628e-05 11.7212)
(0.0112759 0.00829528 11.8505)
(0.0104902 0.00467372 11.7477)
(0.0108312 0.000788797 11.6455)
(0.0173896 0.0124971 11.6126)
(0.0184673 0.00816929 11.4499)
(0.0196588 0.0018361 11.2685)
(0.0225171 0.0159763 11.2184)
(0.0248383 0.0106632 10.9626)
(0.0256219 0.00253097 10.661)
(0.0257059 0.0181744 10.7319)
(0.0286251 0.0118127 10.3752)
(0.0281689 0.00272772 9.94812)
(0.0271203 0.0189688 10.2056)
(0.0302639 0.0116054 9.74978)
(0.0282742 0.00238591 9.21174)
(0.02722 0.0184712 9.66474)
(0.0304604 0.0100337 9.12676)
(0.0268802 0.00142513 8.50247)
(0.0250091 0.0156889 9.09849)
(0.0282999 0.00631007 8.50806)
(0.0233226 -0.000481233 7.83313)
(0.0208839 0.0106605 8.4168)
(0.0242829 7.93521e-05 7.82093)
(0.0184381 -0.00352865 7.14708)
(0.0121829 0.00142376 7.09651)
(0.0156493 -0.0100034 6.60919)
(0.00960303 -0.00838385 6.04364)
(0.005611 0.00404741 11.8826)
(0.0043004 0.00129733 11.7837)
(0.004113 -0.000175471 11.7007)
(0.01071 0.00743574 11.8093)
(0.0102371 0.00393555 11.7082)
(0.0107836 0.000496991 11.6088)
(0.0162342 0.0110913 11.5673)
(0.0175567 0.00689369 11.4057)
(0.0188038 0.00135051 11.2294)
(0.0205764 0.0140769 11.179)
(0.0229421 0.00902474 10.9263)
(0.0236199 0.00195186 10.6332)
(0.0230805 0.0158891 10.7025)
(0.0257827 0.00993753 10.3501)
(0.0251532 0.00210761 9.93317)
(0.0239742 0.0164138 10.1876)
(0.0265933 0.0095685 9.73646)
(0.0243977 0.00175494 9.20886)
(0.0238654 0.0158462 9.66104)
(0.0262916 0.00795879 9.12702)
(0.0224899 0.000827694 8.51213)
(0.0218251 0.0132423 9.11694)
(0.0240114 0.00433784 8.52815)
(0.0187774 -0.000996699 7.85916)
(0.0186488 0.00892158 8.47093)
(0.0210527 -0.00135044 7.8728)
(0.0149194 -0.00383922 7.19778)
(0.0116161 0.000670202 7.21229)
(0.0142642 -0.0109364 6.7199)
(0.00767585 -0.00857434 6.14205)
(0.00546295 0.00379911 11.854)
(0.00417806 0.00113028 11.7603)
(0.00416349 -0.000251512 11.681)
(0.0102809 0.00678335 11.7707)
(0.0099789 0.00349671 11.6713)
(0.0106147 0.000332948 11.5751)
(0.0152195 0.00996351 11.5264)
(0.0166107 0.0060509 11.3668)
(0.0177912 0.00106354 11.1961)
(0.0188378 0.0125178 11.1449)
(0.0210859 0.00788093 10.8963)
(0.0215959 0.00159383 10.6118)
(0.0207179 0.0139945 10.6782)
(0.0230926 0.0085978 10.3312)
(0.0222925 0.00172026 9.92434)
(0.0211778 0.0143257 10.1736)
(0.0232437 0.00814661 9.72836)
(0.0209325 0.00138467 9.21086)
(0.0208929 0.0137578 9.65878)
(0.022556 0.00661393 9.13018)
(0.0187327 0.000541544 8.52431)
(0.0189593 0.0113866 9.13198)
(0.0201951 0.00326662 8.54641)
(0.01507 -0.00111154 7.88353)
(0.016569 0.00779501 8.51494)
(0.0180684 -0.00174613 7.91535)
(0.0121014 -0.00365423 7.24011)
(0.0108411 0.000463219 7.3138)
(0.0126629 -0.010637 6.81263)
(0.00614739 -0.00808288 6.22227)
(0.00543697 0.00364803 11.8267)
(0.0040448 0.00108686 11.7378)
(0.00412024 -0.000285782 11.6622)
(0.00990689 0.00623422 11.7353)
(0.00970928 0.00325111 11.6373)
(0.0103249 0.000257786 11.5445)
(0.0142055 0.00895638 11.4907)
(0.0156012 0.00545093 11.3331)
(0.0166278 0.000899664 11.1683)
(0.017128 0.0110914 11.1162)
(0.0192031 0.00697424 10.872)
(0.0195186 0.00135458 10.596)
(0.0184335 0.0122457 10.6587)
(0.0204651 0.00748341 10.3176)
(0.019521 0.00144056 9.92008)
(0.0185448 0.012422 10.1629)
(0.0201141 0.00697217 9.7241)
(0.0177653 0.00112169 9.21585)
(0.0181289 0.011881 9.65739)
(0.0191667 0.00555618 9.13481)
(0.0154553 0.000372271 8.53709)
(0.0163314 0.00978548 9.1438)
(0.0168479 0.00255999 8.56225)
(0.0120253 -0.00108398 7.90498)
(0.0147229 0.0069719 8.55024)
(0.0155167 -0.00171138 7.94967)
(0.00992873 -0.00329719 7.27455)
(0.00993554 0.000427289 7.40342)
(0.0110515 -0.00984023 6.89017)
(0.00492411 -0.00734603 6.28744)
(0.00549812 0.00354246 11.8016)
(0.00395599 0.00119498 11.7163)
(0.00397744 -0.00024937 11.6442)
(0.00938083 0.00567167 11.7041)
(0.00927539 0.00313623 11.6068)
(0.00978332 0.000275498 11.5172)
(0.0128422 0.00785119 11.4607)
(0.0142196 0.00490654 11.3049)
(0.0150746 0.000809361 11.1454)
(0.0150255 0.00949518 11.0931)
(0.0169107 0.00602614 10.853)
(0.0170483 0.00114585 10.5847)
(0.0158177 0.0103059 10.6435)
(0.0175014 0.00626958 10.3081)
(0.0164634 0.00115762 9.91914)
(0.0156858 0.0103438 10.1548)
(0.0168169 0.00569181 9.72234)
(0.0145031 0.000838995 9.22232)
(0.0152236 0.00984615 9.6561)
(0.0157814 0.00440872 9.1396)
(0.0122721 0.000177144 8.54905)
(0.0136958 0.00808982 9.15212)
(0.0137265 0.00181454 8.57493)
(0.00928702 -0.00107897 7.92272)
(0.0129458 0.00609563 8.57721)
(0.0132618 -0.00169911 7.97618)
(0.0081123 -0.00296626 7.30145)
(0.00880143 0.000165931 7.48161)
(0.00940633 -0.00912385 6.95432)
(0.00377345 -0.00664892 6.33989)
(0.0054267 0.00337434 11.7795)
(0.00385296 0.00143767 11.6965)
(0.00370807 -0.000108249 11.6276)
(0.00842626 0.0049653 11.6787)
(0.00836153 0.00303174 11.5808)
(0.00870173 0.000369862 11.4939)
(0.0108654 0.00650931 11.4373)
(0.0120724 0.00424335 11.2824)
(0.0127536 0.000735329 11.1276)
(0.0122886 0.00759221 11.0758)
(0.0138698 0.00486002 10.839)
(0.0138419 0.000898887 10.5775)
(0.0126867 0.00805605 10.6324)
(0.0139585 0.00480447 10.3019)
(0.0128562 0.00080934 9.92057)
(0.0124524 0.00798201 10.1488)
(0.0131645 0.00417201 9.72202)
(0.0109375 0.000481558 9.22923)
(0.0120504 0.00754593 9.65446)
(0.0122499 0.00304597 9.14363)
(0.00900516 -9.57e-05 8.55936)
(0.0109279 0.00617221 9.15685)
(0.0106885 0.000890467 8.58408)
(0.00667028 -0.00115205 7.93644)
(0.0110157 0.00493634 8.59607)
(0.0110931 -0.00191218 7.9953)
(0.00640775 -0.00273555 7.32136)
(0.00732443 -0.000537143 7.54748)
(0.0076486 -0.00875719 7.00619)
(0.00253432 -0.00610971 6.38138)
(0.00496082 0.00300153 11.762)
(0.00355149 0.0016253 11.6794)
(0.00324188 9.17106e-05 11.6131)
(0.00700532 0.0040706 11.6601)
(0.00684501 0.00276448 11.5605)
(0.00694836 0.000461532 11.4754)
(0.00849338 0.00503032 11.4209)
(0.0092769 0.00341364 11.266)
(0.00965482 0.000634533 11.1149)
(0.00929062 0.0056209 11.0639)
(0.0103289 0.00356638 10.8295)
(0.0101019 0.000620643 10.5737)
(0.00943619 0.00580166 10.6248)
(0.0101938 0.00327613 10.2984)
(0.00902881 0.000440043 9.92355)
(0.00920474 0.00565339 10.1443)
(0.0095176 0.00264239 9.72244)
(0.00741293 0.00011555 9.23587)
(0.00891724 0.00528241 9.65242)
(0.00886869 0.00169775 9.14655)
(0.00594705 -0.000372267 8.56773)
(0.00821055 0.00426215 9.15852)
(0.00787655 -2.23523e-05 8.58994)
(0.00433898 -0.0012332 7.9465)
(0.00890199 0.0035846 8.60773)
(0.00893993 -0.00222197 8.00802)
(0.00480205 -0.00254383 7.33538)
(0.00557965 -0.00150432 7.59996)
(0.00580772 -0.00856394 7.04685)
(0.00126082 -0.00565031 6.41368)
(0.00408774 0.00243028 11.7496)
(0.00296517 0.00157698 11.6661)
(0.00258029 0.000235363 11.6016)
(0.00537236 0.00309776 11.6479)
(0.00506344 0.00228956 11.5462)
(0.00490748 0.000472344 11.4621)
(0.00620355 0.00364623 11.4105)
(0.00649721 0.0025416 11.2549)
(0.00646689 0.00050804 11.1068)
(0.00660749 0.00391815 11.0563)
(0.00705174 0.00240755 10.8235)
(0.00659886 0.000381345 10.5725)
(0.00662419 0.00392723 10.6199)
(0.00690233 0.00201203 10.2966)
(0.00571715 0.000155919 9.92715)
(0.00643587 0.00374634 10.1411)
(0.00644856 0.00144011 9.72305)
(0.00454279 -0.000140462 9.24173)
(0.00625259 0.0034365 9.65024)
(0.0060712 0.00068294 9.1484)
(0.00356467 -0.000535478 8.57425)
(0.00585672 0.00269508 9.15816)
(0.00554093 -0.000644032 8.59326)
(0.0025817 -0.0012137 7.95361)
(0.00680592 0.0023391 8.61388)
(0.00690148 -0.00235725 8.01588)
(0.00344276 -0.00227779 7.345)
(0.00385163 -0.00230068 7.63893)
(0.00405414 -0.00812827 7.07767)
(0.00017004 -0.00509067 6.43872)
(0.00305769 0.00180293 11.7415)
(0.00223855 0.0013156 11.6569)
(0.00186973 0.000266498 11.5935)
(0.00384399 0.00220519 11.6404)
(0.00347342 0.00172857 11.5369)
(0.00315424 0.000405899 11.4535)
(0.00430528 0.00251326 11.4041)
(0.0042727 0.00178099 11.2479)
(0.00395862 0.000381842 11.102)
(0.00450669 0.00262273 11.0516)
(0.00456441 0.00154708 10.8198)
(0.00397692 0.00022457 10.5726)
(0.00448028 0.002561 10.6167)
(0.00446616 0.00115934 10.2956)
(0.00337993 6.27697e-06 9.93054)
(0.00434148 0.00238647 10.1388)
(0.00420897 0.00068865 9.72357)
(0.0026205 -0.000241971 9.24647)
(0.00422999 0.0021381 9.64824)
(0.00402345 0.000108455 9.14946)
(0.00202934 -0.00054782 8.5791)
(0.00402311 0.00160779 9.15687)
(0.00378243 -0.000880415 8.59495)
(0.00147944 -0.0010623 7.95853)
(0.00495531 0.00141225 8.6165)
(0.00511468 -0.00218799 8.02046)
(0.00242549 -0.00189677 7.35159)
(0.00241874 -0.00261857 7.66593)
(0.00258204 -0.00720199 7.10025)
(-0.000554737 -0.00433323 6.45811)
(0.0021244 0.0012462 11.7363)
(0.00156204 0.000977168 11.6509)
(0.00126491 0.000224553 11.5883)
(0.00260875 0.00148891 11.6358)
(0.00227078 0.00121544 11.5311)
(0.00192726 0.000308748 11.4482)
(0.00287318 0.00166675 11.4003)
(0.00271473 0.00119846 11.2435)
(0.00232218 0.000274585 11.099)
(0.00297723 0.00170544 11.0488)
(0.00287971 0.000975563 10.8175)
(0.00231536 0.000137597 10.573)
(0.00294691 0.00163075 10.6146)
(0.00283139 0.000655385 10.295)
(0.00195605 -4.18231e-05 9.93318)
(0.00285334 0.00148721 10.1371)
(0.00270148 0.000296707 9.7239)
(0.00150141 -0.0002336 9.24997)
(0.00278789 0.00130101 9.6466)
(0.00262415 -0.000126414 9.15)
(0.00116695 -0.000459184 8.58254)
(0.00268408 0.000932395 9.15539)
(0.00253435 -0.000832857 8.5957)
(0.000875918 -0.000832327 7.96188)
(0.00346185 0.000820771 8.61725)
(0.00365467 -0.00179018 8.02305)
(0.00171465 -0.00145461 7.35614)
(0.0013907 -0.00246352 7.68365)
(0.00149132 -0.00587911 7.11628)
(-0.000889844 -0.00343764 6.47299)
(0.00139722 0.000814669 11.733)
(0.00103187 0.000671705 11.6471)
(0.000820321 0.000165364 11.5851)
(0.00169671 0.000963372 11.633)
(0.00143519 0.000812028 11.5276)
(0.00115486 0.000218062 11.4449)
(0.00185216 0.0010704 11.3979)
(0.00168988 0.000783832 11.2408)
(0.00134945 0.000191047 11.0972)
(0.00190988 0.00108184 11.047)
(0.00179241 0.000612223 10.816)
(0.00134589 9.01883e-05 10.5733)
(0.00188747 0.00101774 10.6133)
(0.00177802 0.000374938 10.2946)
(0.00114751 -4.15625e-05 9.93499)
(0.0018304 0.000912803 10.136)
(0.00171846 0.000119185 9.72407)
(0.000889607 -0.000179244 9.25236)
(0.00179471 0.000783618 9.64536)
(0.00169353 -0.000173448 9.15024)
(0.000709343 -0.000336998 8.58487)
(0.00174504 0.000538308 9.15408)
(0.0016719 -0.000654367 8.59596)
(0.000560867 -0.000594446 7.96409)
(0.00233348 0.000477833 8.61717)
(0.00252571 -0.00131768 8.02448)
(0.0012196 -0.0010325 7.35927)
(0.000729874 -0.00202969 7.6949)
(0.000767402 -0.00443893 7.12737)
(-0.000935177 -0.00254339 6.48416)
(0.000877804 0.000508436 11.7311)
(0.000653855 0.000436867 11.6447)
(0.000517705 0.000112625 11.5831)
(0.00106072 0.00060026 11.6312)
(0.00088219 0.00052098 11.5254)
(0.000686634 0.000146285 11.4429)
(0.00115204 0.00066657 11.3965)
(0.00103372 0.000499898 11.2392)
(0.000788935 0.000128559 11.096)
(0.00118926 0.000669661 11.0459)
(0.00110233 0.000382765 10.815)
(0.000791946 6.17058e-05 10.5734)
(0.00117693 0.000622771 10.6125)
(0.00110659 0.000220605 10.2943)
(0.000692453 -2.6869e-05 9.93613)
(0.00114558 0.000552638 10.1352)
(0.00108374 4.89587e-05 9.72413)
(0.00055421 -0.000119297 9.25388)
(0.00112863 0.000469533 9.64446)
(0.00108144 -0.000142845 9.15032)
(0.000461928 -0.000223686 8.58635)
(0.00110703 0.000314493 9.15305)
(0.00108559 -0.000454242 8.596)
(0.00038863 -0.000392394 7.9655)
(0.00152349 0.000287338 8.61682)
(0.00169229 -0.00088748 8.02527)
(0.000866463 -0.000683382 7.36139)
(0.000340372 -0.00151929 7.70193)
(0.00033232 -0.00313004 7.13489)
(-0.000819849 -0.00176605 6.4923)
(0.000527478 0.000303956 11.7299)
(0.000398493 0.000271659 11.6433)
(0.000318543 7.27305e-05 11.5819)
(0.000635969 0.000360688 11.6302)
(0.00052634 0.000322928 11.5241)
(0.000403971 9.44078e-05 11.4417)
(0.000688701 0.000402048 11.3956)
(0.000618695 0.000311126 11.2381)
(0.000465193 8.3776e-05 11.0952)
(0.000716225 0.000403218 11.0453)
(0.000668299 0.000237402 10.8144)
(0.000474883 4.26271e-05 10.5734)
(0.000714076 0.000373074 10.6119)
(0.000681342 0.000134192 10.2941)
(0.000430457 -1.22998e-05 9.93679)
(0.000699855 0.000329904 10.1346)
(0.000676784 2.54941e-05 9.72412)
(0.000362014 -7.03157e-05 9.2548)
(0.000694253 0.000280434 9.64384)
(0.000682901 -9.35666e-05 9.15032)
(0.000318367 -0.00013549 8.58725)
(0.000686795 0.000187751 9.15231)
(0.000693783 -0.000285234 8.59595)
(0.000283647 -0.000240344 7.96636)
(0.000966854 0.000180883 8.61647)
(0.00110179 -0.000551946 8.0257)
(0.000610263 -0.000422885 7.3628)
(0.000129227 -0.00105862 7.70632)
(9.61729e-05 -0.0020803 7.1399)
(-0.000644899 -0.00115738 6.49805)
(0.000301436 0.000173479 11.7292)
(0.000232204 0.00016164 11.6425)
(0.000190054 4.4742e-05 11.5812)
(0.000363189 0.000208759 11.6296)
(0.00030128 0.000193973 11.5233)
(0.0002324 5.89887e-05 11.4409)
(0.000393793 0.000234954 11.3951)
(0.000359071 0.000189857 11.2374)
(0.000272386 5.33673e-05 11.0947)
(0.000415107 0.000235642 11.0449)
(0.000398061 0.000146692 10.8139)
(0.00028974 2.97903e-05 10.5734)
(0.00042122 0.000218467 10.6116)
(0.000414923 8.53069e-05 10.2939)
(0.000275366 -1.32722e-06 9.93712)
(0.000417951 0.000194298 10.1343)
(0.000418141 2.01479e-05 9.72409)
(0.000246166 -3.52687e-05 9.25531)
(0.000418682 0.000167367 9.64342)
(0.000426382 -4.97164e-05 9.15028)
(0.000228468 -7.35137e-05 8.58776)
(0.000417837 0.0001152 9.1518)
(0.000436652 -0.000161632 8.59587)
(0.000212842 -0.000135103 7.96686)
(0.000598121 0.000118846 8.6162)
(0.000698255 -0.000316071 8.02594)
(0.000424866 -0.00024296 7.3637)
(2.5686e-05 -0.00069725 7.70906)
(-1.66022e-05 -0.00131035 7.14319)
(-0.000469992 -0.000716773 6.502)
(0.000160824 9.31123e-05 11.7288)
(0.000127435 9.11378e-05 11.642)
(0.000109013 2.60032e-05 11.5808)
(0.000193624 0.000115258 11.6293)
(0.000161901 0.000112408 11.5228)
(0.000129325 3.55956e-05 11.4404)
(0.00021303 0.00013279 11.3949)
(0.000199598 0.000114193 11.237)
(0.000156706 3.36702e-05 11.0943)
(0.000229867 0.000133627 11.0446)
(0.000231122 9.16661e-05 10.8136)
(0.000180091 2.1759e-05 10.5733)
(0.000240966 0.000125075 10.6113)
(0.000249704 5.786e-05 10.2938)
(0.000182193 6.27079e-06 9.93726)
(0.000243967 0.000113194 10.134)
(0.000255405 2.07683e-05 9.72404)
(0.000173905 -1.21186e-05 9.25556)
(0.000247755 0.000100289 9.64314)
(0.000263137 -1.78547e-05 9.15022)
(0.00016909 -3.31526e-05 8.58802)
(0.000249542 7.29699e-05 9.15146)
(0.000270759 -7.94503e-05 8.59579)
(0.000162201 -6.71327e-05 7.96714)
(0.000360873 8.07266e-05 8.61602)
(0.000431049 -0.000162714 8.02609)
(0.00029279 -0.000126603 7.36427)
(-1.81928e-05 -0.000437335 7.71078)
(-6.00039e-05 -0.00078196 7.14534)
(-0.000322231 -0.000417343 6.50464)
(7.65596e-05 4.54149e-05 11.7286)
(6.38089e-05 4.78947e-05 11.6418)
(5.91782e-05 1.41878e-05 11.5806)
(9.23206e-05 5.92248e-05 11.6291)
(7.87224e-05 6.22466e-05 11.5225)
(6.93719e-05 2.07501e-05 11.4401)
(0.00010663 7.16915e-05 11.3947)
(0.000104932 6.75475e-05 11.2367)
(8.98316e-05 2.13577e-05 11.0941)
(0.000120379 7.33807e-05 11.0444)
(0.000128549 5.81948e-05 10.8134)
(0.000114372 1.66895e-05 10.5731)
(0.000133014 7.0131e-05 10.6111)
(0.000147713 4.16154e-05 10.2937)
(0.000124634 1.0522e-05 9.93728)
(0.000138873 6.56185e-05 10.1339)
(0.000154212 2.1899e-05 9.72399)
(0.000126604 1.49997e-06 9.25566)
(0.000143678 6.08021e-05 9.64295)
(0.000160826 2.16426e-06 9.15017)
(0.000127556 -9.1849e-06 8.58814)
(0.000146152 4.79016e-05 9.15125)
(0.000165799 -2.92372e-05 8.59574)
(0.000124272 -2.65054e-05 7.96728)
(0.000211957 5.62476e-05 8.61591)
(0.000259397 -6.99294e-05 8.02619)
(0.000200067 -5.64413e-05 7.36463)
(-3.18264e-05 -0.0002612 7.71187)
(-6.80039e-05 -0.000438915 7.14673)
(-0.000209203 -0.000225521 6.50638)
(2.86805e-05 1.84299e-05 11.7286)
(2.69471e-05 2.28874e-05 11.6417)
(2.94691e-05 7.33728e-06 11.5805)
(3.59359e-05 2.69512e-05 11.629)
(3.17181e-05 3.25915e-05 11.5224)
(3.54406e-05 1.18725e-05 11.44)
(4.67127e-05 3.58251e-05 11.3946)
(5.07983e-05 3.89267e-05 11.2365)
(5.14654e-05 1.38379e-05 11.0939)
(5.82073e-05 3.85654e-05 11.0443)
(6.74705e-05 3.70655e-05 10.8132)
(7.36589e-05 1.30423e-05 10.573)
(7.00043e-05 3.85308e-05 10.611)
(8.54388e-05 3.06472e-05 10.2936)
(8.69361e-05 1.17054e-05 9.93724)
(7.67156e-05 3.81793e-05 10.1338)
(9.24158e-05 2.15108e-05 9.72395)
(9.34119e-05 7.99977e-06 9.25568)
(8.15138e-05 3.76799e-05 9.64283)
(9.79935e-05 1.27564e-05 9.15013)
(9.66272e-05 3.25341e-06 8.58818)
(8.38293e-05 3.26785e-05 9.15112)
(0.000100872 -1.43103e-06 8.59569)
(9.4733e-05 -4.54758e-06 7.96734)
(0.000120794 4.006e-05 8.61586)
(0.000152429 -1.82165e-05 8.02626)
(0.000135617 -1.7593e-05 7.36485)
(-3.17305e-05 -0.000147316 7.71256)
(-6.0119e-05 -0.000227636 7.14763)
(-0.000128638 -0.000110032 6.5075)
(3.50711e-06 4.02677e-06 11.7285)
(7.01728e-06 9.05194e-06 11.6417)
(1.25942e-05 3.54682e-06 11.5804)
(7.09958e-06 9.35851e-06 11.629)
(7.18657e-06 1.5617e-05 11.5223)
(1.61859e-05 6.70397e-06 11.4399)
(1.50722e-05 1.55719e-05 11.3946)
(2.0746e-05 2.16275e-05 11.2364)
(2.89448e-05 9.18957e-06 11.0937)
(2.46315e-05 1.89456e-05 11.0442)
(3.33611e-05 2.34581e-05 10.8131)
(4.77337e-05 1.01594e-05 10.5729)
(3.46152e-05 2.07673e-05 10.6109)
(4.84622e-05 2.25536e-05 10.2935)
(6.10792e-05 1.0956e-05 9.93717)
(4.10214e-05 2.25362e-05 10.1337)
(5.53398e-05 1.95533e-05 9.7239)
(6.89577e-05 1.00523e-05 9.25565)
(4.52943e-05 2.40904e-05 9.64275)
(5.99316e-05 1.68258e-05 9.15009)
(7.27425e-05 8.50765e-06 8.58817)
(4.71047e-05 2.31021e-05 9.15104)
(6.13349e-05 1.18616e-05 8.59567)
(7.13677e-05 5.78659e-06 7.96736)
(6.65597e-05 2.90544e-05 8.61585)
(8.75384e-05 7.5091e-06 8.02632)
(9.12291e-05 1.66935e-06 7.36499)
(-2.63828e-05 -7.69343e-05 7.713)
(-4.6996e-05 -0.000104504 7.14821)
(-7.44239e-05 -4.50034e-05 6.50821)
(-8.28835e-06 -3.01811e-06 11.7286)
(-2.64682e-06 1.48819e-06 11.6417)
(3.64267e-06 1.3528e-06 11.5804)
(-6.28921e-06 4.2643e-07 11.629)
(-4.16983e-06 6.04567e-06 11.5223)
(5.58151e-06 3.58776e-06 11.4398)
(2.87493e-08 4.93147e-06 11.3945)
(5.38419e-06 1.14211e-05 11.2363)
(1.56813e-05 6.13057e-06 11.0936)
(7.76682e-06 8.43724e-06 11.0442)
(1.51556e-05 1.48138e-05 10.813)
(3.10722e-05 7.81289e-06 10.5728)
(1.57131e-05 1.11074e-05 10.6109)
(2.70561e-05 1.65716e-05 10.2935)
(4.30698e-05 9.3727e-06 9.9371)
(2.11516e-05 1.36689e-05 10.1336)
(3.32646e-05 1.67715e-05 9.72386)
(5.06657e-05 9.78692e-06 9.2556)
(2.46596e-05 1.59563e-05 9.6427)
(3.69208e-05 1.7035e-05 9.15006)
(5.41958e-05 9.80247e-06 8.58815)
(2.59099e-05 1.67643e-05 9.151)
(3.7385e-05 1.65889e-05 8.59565)
(5.30113e-05 9.54594e-06 7.96736)
(3.52473e-05 2.13252e-05 8.61585)
(4.91045e-05 1.80194e-05 8.02637)
(6.09771e-05 9.67926e-06 7.36507)
(-1.99136e-05 -3.55677e-05 7.71329)
(-3.39484e-05 -3.71414e-05 7.14858)
(-3.98424e-05 -1.11343e-05 6.50866)
(-1.229e-05 -5.58325e-06 11.7286)
(-6.55929e-06 -2.09907e-06 11.6417)
(-6.85562e-07 1.35638e-07 11.5804)
(-1.12415e-05 -3.24779e-06 11.629)
(-8.33766e-06 1.27161e-06 11.5223)
(4.26502e-07 1.75975e-06 11.4398)
(-6.4499e-06 -2.00788e-08 11.3945)
(-1.78634e-06 5.86635e-06 11.2363)
(8.23098e-06 4.06223e-06 11.0935)
(-2.91746e-07 3.13162e-06 11.0441)
(6.3007e-06 9.59717e-06 10.8129)
(2.0377e-05 5.93307e-06 10.5727)
(5.88794e-06 5.96002e-06 10.6108)
(1.50242e-05 1.22792e-05 10.2934)
(3.04516e-05 7.59976e-06 9.93703)
(1.02696e-05 8.5777e-06 10.1336)
(2.02175e-05 1.386e-05 9.72383)
(3.70163e-05 8.51285e-06 9.25555)
(1.30467e-05 1.09008e-05 9.64267)
(2.30253e-05 1.53532e-05 9.15004)
(3.99431e-05 9.17334e-06 8.58812)
(1.38619e-05 1.23327e-05 9.15098)
(2.29294e-05 1.67978e-05 8.59564)
(3.88405e-05 9.94338e-06 7.96735)
(1.77203e-05 1.57512e-05 8.61587)
(2.69065e-05 2.04081e-05 8.0264)
(4.05885e-05 1.1775e-05 7.36513)
(-1.41593e-05 -1.26694e-05 7.71347)
(-2.31514e-05 -3.21213e-06 7.14881)
(-1.89763e-05 4.66469e-06 6.50893)
(-1.24442e-05 -5.75344e-06 11.7286)
(-7.57632e-06 -3.22994e-06 11.6417)
(-2.49087e-06 -4.41125e-07 11.5804)
(-1.20058e-05 -4.16532e-06 11.629)
(-8.97095e-06 -6.88271e-07 11.5223)
(-1.71874e-06 7.61233e-07 11.4397)
(-8.42578e-06 -1.90758e-06 11.3945)
(-4.5456e-06 3.05627e-06 11.2362)
(4.25594e-06 2.71914e-06 11.0935)
(-3.65663e-06 6.72815e-07 11.0441)
(2.27611e-06 6.46395e-06 10.8129)
(1.35753e-05 4.45498e-06 10.5727)
(1.05449e-06 3.23908e-06 10.6108)
(8.44066e-06 9.16627e-06 10.2934)
(2.1579e-05 5.93522e-06 9.93697)
(4.51174e-06 5.57578e-06 10.1335)
(1.25317e-05 1.11237e-05 9.7238)
(2.68669e-05 6.93653e-06 9.25551)
(6.6622e-06 7.62163e-06 9.64264)
(1.45993e-05 1.29152e-05 9.15002)
(2.91289e-05 7.76998e-06 8.58809)
(7.17848e-06 9.10844e-06 9.15097)
(1.4211e-05 1.49005e-05 8.59563)
(2.81011e-05 8.83419e-06 7.96735)
(8.30901e-06 1.16574e-05 8.61589)
(1.44316e-05 1.88969e-05 8.02643)
(2.69797e-05 1.10796e-05 7.36516)
(-9.65683e-06 -1.03509e-06 7.71359)
(-1.50816e-05 1.16521e-05 7.14896)
(-7.18191e-06 1.06102e-05 6.5091)
(-1.08979e-05 -4.98932e-06 11.7286)
(-7.09508e-06 -3.22657e-06 11.6417)
(-2.96734e-06 -6.46013e-07 11.5804)
(-1.07328e-05 -3.91204e-06 11.629)
(-8.00512e-06 -1.30287e-06 11.5223)
(-2.33845e-06 2.7688e-07 11.4397)
(-8.09793e-06 -2.31583e-06 11.3945)
(-4.87821e-06 1.63631e-06 11.2362)
(2.21871e-06 1.83679e-06 11.0934)
(-4.51123e-06 -3.01893e-07 11.0441)
(3.23262e-07 4.47928e-06 10.8129)
(9.19476e-06 3.2978e-06 10.5726)
(-9.97132e-07 1.80793e-06 10.6108)
(4.80096e-06 6.83963e-06 10.2934)
(1.531e-05 4.52179e-06 9.93692)
(1.64854e-06 3.72984e-06 10.1335)
(7.89549e-06 8.67167e-06 9.72378)
(1.93615e-05 5.4212e-06 9.25547)
(3.26939e-06 5.3964e-06 9.64263)
(9.38652e-06 1.03325e-05 9.15)
(2.10245e-05 6.20554e-06 8.58807)
(3.58423e-06 6.6966e-06 9.15096)
(8.9e-06 1.22382e-05 8.59563)
(2.01067e-05 7.22618e-06 7.96734)
(3.51929e-06 8.59466e-06 8.6159)
(7.60563e-06 1.5829e-05 8.02645)
(1.79751e-05 9.30594e-06 7.36518)
(-6.38168e-06 4.02732e-06 7.71367)
(-9.45224e-06 1.62405e-05 7.14906)
(-1.05758e-06 1.15744e-05 6.50921)
(-8.77623e-06 -4.00548e-06 11.7286)
(-5.92063e-06 -2.77464e-06 11.6417)
(-2.76762e-06 -6.19889e-07 11.5805)
(-8.75884e-06 -3.26242e-06 11.629)
(-6.56184e-06 -1.34312e-06 11.5223)
(-2.25678e-06 6.57925e-08 11.4397)
(-6.84709e-06 -2.11736e-06 11.3945)
(-4.26914e-06 8.99132e-07 11.2362)
(1.18213e-06 1.24734e-06 11.0934)
(-4.20077e-06 -5.88862e-07 11.0441)
(-4.92881e-07 3.14956e-06 10.8128)
(6.30118e-06 2.40517e-06 10.5726)
(-1.62006e-06 1.04914e-06 10.6108)
(2.76975e-06 5.06084e-06 10.2933)
(1.08343e-05 3.37729e-06 9.93689)
(3.41073e-07 2.54646e-06 10.1335)
(5.03341e-06 6.58222e-06 9.72376)
(1.38292e-05 4.11516e-06 9.25544)
(1.52911e-06 3.84144e-06 9.64262)
(6.08921e-06 7.96112e-06 9.14999)
(1.50122e-05 4.77127e-06 8.58805)
(1.7141e-06 4.88797e-06 9.15096)
(5.61515e-06 9.56158e-06 8.59562)
(1.42332e-05 5.62733e-06 7.96733)
(1.24507e-06 6.30423e-06 8.61592)
(3.95472e-06 1.24931e-05 8.02647)
(1.20236e-05 7.3422e-06 7.3652)
(-4.12323e-06 5.54237e-06 7.71372)
(-5.74895e-06 1.58557e-05 7.14912)
(1.69503e-06 1.03602e-05 6.50927)
(-6.72571e-06 -3.06614e-06 11.7286)
(-4.65279e-06 -2.21117e-06 11.6418)
(-2.31489e-06 -5.25565e-07 11.5805)
(-6.76645e-06 -2.55663e-06 11.629)
(-5.08927e-06 -1.16286e-06 11.5223)
(-1.90724e-06 -2.2443e-08 11.4397)
(-5.40123e-06 -1.73795e-06 11.3945)
(-3.41246e-06 5.03219e-07 11.2362)
(6.43345e-07 8.46375e-07 11.0934)
(-3.48572e-06 -6.07385e-07 11.0441)
(-7.37921e-07 2.21517e-06 10.8128)
(4.33662e-06 1.7272e-06 10.5725)
(-1.62096e-06 6.17336e-07 10.6108)
(1.61031e-06 3.688e-06 10.2933)
(7.62211e-06 2.47406e-06 9.93686)
(-2.03628e-07 1.74285e-06 10.1335)
(3.22981e-06 4.87546e-06 9.72375)
(9.78412e-06 3.05046e-06 9.25542)
(6.48258e-07 2.72146e-06 9.64262)
(3.96647e-06 5.95813e-06 9.14998)
(1.06119e-05 3.56917e-06 8.58803)
(7.54957e-07 3.53098e-06 9.15096)
(3.56034e-06 7.2209e-06 8.59562)
(9.98586e-06 4.24357e-06 7.96732)
(2.46072e-07 4.59667e-06 8.61593)
(2.04908e-06 9.49733e-06 8.02648)
(8.09417e-06 5.57626e-06 7.36521)
(-2.64825e-06 5.35234e-06 7.71375)
(-3.43324e-06 1.34762e-05 7.14916)
(2.59671e-06 8.43599e-06 6.50931)
(-4.98474e-06 -2.28917e-06 11.7286)
(-3.51264e-06 -1.68446e-06 11.6418)
(-1.81362e-06 -4.15431e-07 11.5805)
(-5.04604e-06 -1.94635e-06 11.629)
(-3.80895e-06 -9.32681e-07 11.5223)
(-1.50249e-06 -5.2694e-08 11.4397)
(-4.08898e-06 -1.37018e-06 11.3945)
(-2.60533e-06 2.74918e-07 11.2362)
(3.49198e-07 5.7233e-07 11.0934)
(-2.72832e-06 -5.53712e-07 11.0441)
(-7.39429e-07 1.53708e-06 10.8128)
(2.97488e-06 1.22254e-06 10.5725)
(-1.40305e-06 3.39127e-07 10.6108)
(9.26004e-07 2.63522e-06 10.2933)
(5.31775e-06 1.78148e-06 9.93684)
(-3.98626e-07 1.16706e-06 10.1335)
(2.06797e-06 3.53265e-06 9.72374)
(6.85693e-06 2.2198e-06 9.2554)
(2.015e-07 1.89655e-06 9.64261)
(2.57746e-06 4.36193e-06 9.14997)
(7.43533e-06 2.61994e-06 8.58802)
(2.63239e-07 2.51499e-06 9.15096)
(2.25498e-06 5.33297e-06 8.59562)
(6.95818e-06 3.13784e-06 7.96732)
(-1.57164e-07 3.32628e-06 8.61594)
(1.04801e-06 7.05494e-06 8.02649)
(5.48966e-06 4.14366e-06 7.36521)
(-1.74067e-06 4.49789e-06 7.71378)
(-2.08259e-06 1.06471e-05 7.14918)
(2.57766e-06 6.51441e-06 6.50933)
(-3.61232e-06 -1.68802e-06 11.7287)
(-2.57503e-06 -1.24769e-06 11.6418)
(-1.35866e-06 -3.12334e-07 11.5805)
(-3.68263e-06 -1.46303e-06 11.629)
(-2.78873e-06 -7.2087e-07 11.5223)
(-1.13807e-06 -5.59756e-08 11.4397)
(-3.02703e-06 -1.06481e-06 11.3945)
(-1.9465e-06 1.363e-07 11.2362)
(1.76318e-07 3.86413e-07 11.0933)
(-2.07958e-06 -4.86097e-07 11.0441)
(-6.61254e-07 1.04615e-06 10.8128)
(2.02041e-06 8.56589e-07 10.5725)
(-1.15378e-06 1.54828e-07 10.6107)
(5.04121e-07 1.84929e-06 10.2933)
(3.67372e-06 1.26796e-06 9.93682)
(-4.54065e-07 7.57844e-07 10.1335)
(1.30014e-06 2.51876e-06 9.72373)
(4.7637e-06 1.5974e-06 9.25539)
(-3.90274e-08 1.29919e-06 9.64261)
(1.64991e-06 3.15055e-06 9.14997)
(5.17263e-06 1.90429e-06 8.58801)
(-2.27868e-09 1.77271e-06 9.15096)
(1.4069e-06 3.89496e-06 8.59562)
(4.82725e-06 2.30041e-06 7.96732)
(-3.1073e-07 2.3977e-06 8.61594)
(5.12048e-07 5.18967e-06 8.02649)
(3.75206e-06 3.05197e-06 7.36522)
(-1.20553e-06 3.52341e-06 7.71379)
(-1.32225e-06 8.09212e-06 7.1492)
(2.18084e-06 4.89038e-06 6.50935)
(-2.58465e-06 -1.23725e-06 11.7287)
(-1.84944e-06 -9.08886e-07 11.6418)
(-9.86767e-07 -2.26734e-07 11.5805)
(-2.66003e-06 -1.09347e-06 11.629)
(-2.01757e-06 -5.47377e-07 11.5223)
(-8.45692e-07 -4.82575e-08 11.4397)
(-2.2232e-06 -8.22089e-07 11.3945)
(-1.44557e-06 5.22389e-08 11.2362)
(6.74125e-08 2.61995e-07 11.0933)
(-1.5773e-06 -4.15901e-07 11.0441)
(-5.71469e-07 7.00202e-07 10.8128)
(1.35078e-06 5.98434e-07 10.5725)
(-9.41931e-07 4.22903e-08 10.6107)
(2.34251e-07 1.28427e-06 10.2933)
(2.51181e-06 8.99496e-07 9.93681)
(-4.62697e-07 4.82264e-07 10.1335)
(7.84175e-07 1.78525e-06 9.72372)
(3.28529e-06 1.14755e-06 9.25538)
(-1.82028e-07 8.85755e-07 9.64261)
(1.02204e-06 2.27099e-06 9.14997)
(3.58051e-06 1.38498e-06 8.58801)
(-1.60139e-07 1.25215e-06 9.15097)
(8.44799e-07 2.84877e-06 8.59562)
(3.34291e-06 1.69152e-06 7.96731)
(-3.78276e-07 1.73475e-06 8.61595)
(2.01312e-07 3.8273e-06 8.0265)
(2.58007e-06 2.25588e-06 7.36522)
(-9.04703e-07 2.66871e-06 7.7138)
(-9.19007e-07 6.05206e-06 7.14921)
(1.69254e-06 3.63522e-06 6.50935)
(-1.83831e-06 -9.11282e-07 11.7287)
(-1.30969e-06 -6.59393e-07 11.6418)
(-6.99928e-07 -1.61427e-07 11.5805)
(-1.91573e-06 -8.2293e-07 11.629)
(-1.45207e-06 -4.16468e-07 11.5223)
(-6.22126e-07 -3.87754e-08 11.4397)
(-1.63329e-06 -6.40572e-07 11.3945)
(-1.076e-06 -5.90328e-10 11.2362)
(-1.59512e-10 1.78116e-07 11.0933)
(-1.20183e-06 -3.56779e-07 11.0441)
(-4.89147e-07 4.59696e-07 10.8128)
(8.87746e-07 4.18516e-07 10.5725)
(-7.73213e-07 -2.81307e-08 10.6107)
(6.19244e-08 8.86937e-07 10.2933)
(1.70311e-06 6.39681e-07 9.93681)
(-4.50723e-07 2.96297e-07 10.1335)
(4.38611e-07 1.26737e-06 9.72372)
(2.25595e-06 8.28615e-07 9.25538)
(-2.67098e-07 6.01473e-07 9.64261)
(5.97429e-07 1.64806e-06 9.14996)
(2.47377e-06 1.01536e-06 8.588)
(-2.56995e-07 8.91787e-07 9.15097)
(4.69441e-07 2.10709e-06 8.59562)
(2.31792e-06 1.25765e-06 7.96731)
(-4.18196e-07 1.26722e-06 8.61595)
(4.70013e-09 2.85837e-06 8.0265)
(1.78052e-06 1.68834e-06 7.36522)
(-7.37718e-07 2.00777e-06 7.71381)
(-7.11512e-07 4.53522e-06 7.14922)
(1.24734e-06 2.71459e-06 6.50936)
(-1.29807e-06 -6.81408e-07 11.7287)
(-9.12709e-07 -4.81625e-07 11.6418)
(-4.81394e-07 -1.14247e-07 11.5805)
(-1.37297e-06 -6.30236e-07 11.629)
(-1.03691e-06 -3.21391e-07 11.5223)
(-4.48524e-07 -3.06151e-08 11.4397)
(-1.19528e-06 -5.09647e-07 11.3945)
(-7.97696e-07 -3.30608e-08 11.2362)
(-3.18101e-08 1.21785e-07 11.0933)
(-9.12015e-07 -3.11604e-07 11.0441)
(-4.09017e-07 2.96637e-07 10.8128)
(5.80713e-07 2.9527e-07 10.5725)
(-6.27557e-07 -7.40243e-08 10.6107)
(-3.63861e-08 6.14499e-07 10.2933)
(1.15517e-06 4.60106e-07 9.9368)
(-4.15565e-07 1.68393e-07 10.1335)
(2.18553e-07 9.10226e-07 9.72372)
(1.55334e-06 6.06975e-07 9.25537)
(-3.02245e-07 4.03255e-07 9.64261)
(3.19768e-07 1.21549e-06 9.14996)
(1.71555e-06 7.57019e-07 8.588)
(-3.04504e-07 6.395e-07 9.15097)
(2.23982e-07 1.58947e-06 8.59562)
(1.61634e-06 9.52938e-07 7.96731)
(-4.3995e-07 9.34432e-07 8.61595)
(-1.26112e-07 2.17784e-06 8.0265)
(1.22987e-06 1.28854e-06 7.36522)
(-6.37175e-07 1.52896e-06 7.71382)
(-6.01602e-07 3.45309e-06 7.14922)
(8.92995e-07 2.05951e-06 6.50936)
(-9.06776e-07 -5.11925e-07 11.7287)
(-6.21718e-07 -3.52578e-07 11.6418)
(-3.16259e-07 -7.95244e-08 11.5805)
(-9.75299e-07 -4.83194e-07 11.629)
(-7.29689e-07 -2.47476e-07 11.5223)
(-3.11694e-07 -2.21946e-08 11.4397)
(-8.66839e-07 -4.02907e-07 11.3945)
(-5.83099e-07 -4.49351e-08 11.2361)
(-3.61101e-08 8.66777e-08 11.0933)
(-6.84787e-07 -2.62434e-07 11.0441)
(-3.30219e-07 1.96505e-07 10.8128)
(3.86199e-07 2.14723e-07 10.5725)
(-5.00854e-07 -8.72384e-08 10.6107)
(-8.24715e-08 4.39587e-07 10.2933)
(7.92857e-07 3.40609e-07 9.9368)
(-3.6762e-07 9.70019e-08 10.1335)
(8.57925e-08 6.75709e-07 9.72372)
(1.08123e-06 4.57658e-07 9.25537)
(-3.06233e-07 2.7968e-07 9.64261)
(1.43849e-07 9.2524e-07 9.14996)
(1.20134e-06 5.80446e-07 8.588)
(-3.20943e-07 4.73339e-07 9.15097)
(6.72053e-08 1.23498e-06 8.59562)
(1.13818e-06 7.41476e-07 7.96731)
(-4.48302e-07 7.03759e-07 8.61596)
(-2.12805e-07 1.70286e-06 8.0265)
(8.4797e-07 1.00752e-06 7.36522)
(-5.65679e-07 1.19722e-06 7.71382)
(-5.32129e-07 2.69607e-06 7.14922)
(6.33619e-07 1.59853e-06 6.50937)
(-6.25169e-07 -3.78802e-07 11.7287)
(-4.10518e-07 -2.55384e-07 11.6418)
(-1.94411e-07 -5.31105e-08 11.5805)
(-6.85174e-07 -3.61001e-07 11.629)
(-5.0214e-07 -1.85019e-07 11.5223)
(-2.04713e-07 -1.28552e-08 11.4397)
(-6.21641e-07 -3.04307e-07 11.3945)
(-4.15971e-07 -3.83431e-08 11.2361)
(-2.36773e-08 6.71259e-08 11.0933)
(-5.08334e-07 -1.99881e-07 11.0441)
(-2.55177e-07 1.44826e-07 10.8128)
(2.68102e-07 1.64672e-07 10.5725)
(-3.94705e-07 -6.54895e-08 10.6107)
(-9.44323e-08 3.37308e-07 10.2933)
(5.57518e-07 2.6369e-07 9.93679)
(-3.18093e-07 7.84549e-08 10.1335)
(1.20493e-08 5.3116e-07 9.72371)
(7.6678e-07 3.59313e-07 9.25537)
(-2.95255e-07 2.2205e-07 9.64261)
(3.75771e-08 7.38413e-07 9.14996)
(8.53905e-07 4.61444e-07 8.588)
(-3.21839e-07 3.79634e-07 9.15097)
(-2.94211e-08 9.97048e-07 8.59562)
(8.1164e-07 5.95326e-07 7.96731)
(-4.49097e-07 5.5455e-07 8.61596)
(-2.67837e-07 1.37201e-06 8.0265)
(5.81362e-07 8.09056e-07 7.36522)
(-5.08884e-07 9.74408e-07 7.71382)
(-4.77934e-07 2.1668e-06 7.14923)
(4.53233e-07 1.27315e-06 6.50937)
(-4.2178e-07 -2.77474e-07 11.7287)
(-2.58436e-07 -1.83994e-07 11.6418)
(-1.05657e-07 -3.43657e-08 11.5805)
(-4.71855e-07 -2.64437e-07 11.629)
(-3.32786e-07 -1.35164e-07 11.5223)
(-1.20439e-07 -5.22663e-09 11.4397)
(-4.36166e-07 -2.21351e-07 11.3945)
(-2.83866e-07 -2.50662e-08 11.2361)
(-5.46191e-10 5.52049e-08 11.0933)
(-3.68389e-07 -1.39757e-07 11.0441)
(-1.84284e-07 1.18814e-07 10.8128)
(2.02311e-07 1.3162e-07 10.5725)
(-3.031e-07 -3.25351e-08 10.6107)
(-8.34151e-08 2.75743e-07 10.2933)
(4.09269e-07 2.11272e-07 9.93679)
(-2.66696e-07 8.34771e-08 10.1335)
(-2.10328e-08 4.38181e-07 9.72371)
(5.60425e-07 2.90605e-07 9.25537)
(-2.72349e-07 1.99061e-07 9.64261)
(-1.98872e-08 6.12635e-07 9.14996)
(6.20784e-07 3.76303e-07 8.58799)
(-3.10554e-07 3.28613e-07 9.15097)
(-8.30114e-08 8.30449e-07 8.59562)
(5.88678e-07 4.88489e-07 7.96731)
(-4.40959e-07 4.60404e-07 8.61596)
(-2.95588e-07 1.13381e-06 8.02651)
(3.96052e-07 6.62251e-07 7.36522)
(-4.59704e-07 8.26259e-07 7.71382)
(-4.26547e-07 1.78708e-06 7.14923)
(3.3228e-07 1.03587e-06 6.50937)
(-2.66673e-07 -2.02811e-07 11.7287)
(-1.43844e-07 -1.32097e-07 11.6418)
(-3.63495e-08 -2.15931e-08 11.5805)
(-3.05253e-07 -1.91694e-07 11.629)
(-1.99823e-07 -9.63231e-08 11.5223)
(-4.84106e-08 4.34777e-10 11.4397)
(-2.8531e-07 -1.5703e-07 11.3945)
(-1.72303e-07 -1.04174e-08 11.2361)
(3.32595e-08 4.75891e-08 11.0933)
(-2.46704e-07 -9.09224e-08 11.0441)
(-1.12983e-07 1.0628e-07 10.8128)
(1.75442e-07 1.09122e-07 10.5725)
(-2.14208e-07 -3.07777e-09 10.6107)
(-5.35057e-08 2.37412e-07 10.2933)
(3.23158e-07 1.74605e-07 9.93679)
(-2.06429e-07 9.24894e-08 10.1335)
(-2.30651e-08 3.75781e-07 9.72371)
(4.3004e-07 2.41359e-07 9.25536)
(-2.33325e-07 1.87668e-07 9.64261)
(-4.08505e-08 5.2413e-07 9.14996)
(4.67523e-07 3.13806e-07 8.58799)
(-2.83143e-07 2.9599e-07 9.15097)
(-1.04563e-07 7.08351e-07 8.59562)
(4.37773e-07 4.08012e-07 7.96731)
(-4.18468e-07 3.96686e-07 8.61596)
(-3.00313e-07 9.55296e-07 8.02651)
(2.69166e-07 5.49987e-07 7.36522)
(-4.135e-07 7.21892e-07 7.71382)
(-3.75812e-07 1.50248e-06 7.14923)
(2.52107e-07 8.56039e-07 6.50937)
(-1.4562e-07 -1.38124e-07 11.7287)
(-5.46462e-08 -8.86172e-08 11.6418)
(1.95253e-08 -1.0695e-08 11.5805)
(-1.72766e-07 -1.25583e-07 11.629)
(-9.31869e-08 -5.93846e-08 11.5223)
(1.36998e-08 7.31061e-09 11.4397)
(-1.61932e-07 -9.43541e-08 11.3945)
(-7.78968e-08 1.14971e-08 11.2361)
(7.15e-08 4.58478e-08 11.0933)
(-1.43265e-07 -3.73166e-08 11.0441)
(-4.60238e-08 1.10134e-07 10.8128)
(1.7155e-07 9.72781e-08 10.5725)
(-1.35004e-07 3.7534e-08 10.6107)
(-1.65252e-08 2.23042e-07 10.2933)
(2.75682e-07 1.5273e-07 9.93679)
(-1.49451e-07 1.17939e-07 10.1335)
(-1.06201e-08 3.42873e-07 9.72371)
(3.48172e-07 2.09942e-07 9.25536)
(-1.93137e-07 1.96645e-07 9.64261)
(-4.34613e-08 4.69523e-07 9.14996)
(3.66327e-07 2.71397e-07 8.58799)
(-2.531e-07 2.85555e-07 9.15097)
(-1.09216e-07 6.23888e-07 8.59562)
(3.34769e-07 3.49793e-07 7.96731)
(-3.89626e-07 3.60519e-07 8.61596)
(-2.90125e-07 8.22712e-07 8.02651)
(1.83604e-07 4.64531e-07 7.36522)
(-3.71559e-07 6.4685e-07 7.71382)
(-3.26647e-07 1.28123e-06 7.14923)
(1.98431e-07 7.15463e-07 6.50937)
(-5.36861e-08 -7.528e-08 11.7287)
(1.32478e-08 -4.79864e-08 11.6418)
(6.20994e-08 1.27996e-10 11.5805)
(-7.0774e-08 -5.776e-08 11.629)
(-9.97983e-09 -2.0037e-08 11.5223)
(6.37147e-08 1.65522e-08 11.4397)
(-6.56709e-08 -2.49345e-08 11.3945)
(-1.5583e-09 4.30873e-08 11.2361)
(1.06592e-07 5.00173e-08 11.0933)
(-6.16275e-08 2.91743e-08 11.0441)
(1.13481e-08 1.31051e-07 10.8128)
(1.77045e-07 9.50747e-08 10.5725)
(-7.23394e-08 9.71438e-08 10.6107)
(1.86895e-08 2.3214e-07 10.2933)
(2.48858e-07 1.43851e-07 9.93679)
(-1.0498e-07 1.67433e-07 10.1335)
(5.7187e-09 3.38579e-07 9.72371)
(2.94726e-07 1.94188e-07 9.25536)
(-1.62272e-07 2.33065e-07 9.64261)
(-3.90507e-08 4.47668e-07 9.14996)
(2.97258e-07 2.46985e-07 8.58799)
(-2.30682e-07 3.0342e-07 9.15097)
(-1.07555e-07 5.75366e-07 8.59562)
(2.62432e-07 3.11805e-07 7.96731)
(-3.64457e-07 3.53806e-07 8.61596)
(-2.74008e-07 7.31377e-07 8.02651)
(1.25845e-07 4.02973e-07 7.36522)
(-3.39469e-07 5.95032e-07 7.71383)
(-2.84441e-07 1.10814e-06 7.14923)
(1.59984e-07 6.05975e-07 6.50937)
(1.49895e-08 -2.38651e-08 11.7287)
(6.25943e-08 -1.46157e-08 11.6418)
(9.2307e-08 8.78715e-09 11.5805)
(6.81768e-09 -9.0124e-10 11.629)
(5.25915e-08 1.46186e-08 11.5223)
(1.01568e-07 2.49205e-08 11.4397)
(9.00675e-09 3.51442e-08 11.3945)
(5.7796e-08 7.40132e-08 11.2361)
(1.35501e-07 5.53283e-08 11.0933)
(3.21998e-09 8.86853e-08 11.0441)
(5.8303e-08 1.55443e-07 10.8128)
(1.8533e-07 9.61142e-08 10.5725)
(-2.11577e-08 1.52728e-07 10.6107)
(4.98339e-08 2.48429e-07 10.2933)
(2.33292e-07 1.4015e-07 9.93679)
(-6.76104e-08 2.16552e-07 10.1335)
(2.25089e-08 3.45004e-07 9.72371)
(2.58819e-07 1.85293e-07 9.25536)
(-1.35963e-07 2.73565e-07 9.64261)
(-3.14246e-08 4.4077e-07 9.14996)
(2.49109e-07 2.3127e-07 8.58799)
(-2.12396e-07 3.30481e-07 9.15097)
(-1.02547e-07 5.4713e-07 8.59562)
(2.10834e-07 2.85101e-07 7.96731)
(-3.42195e-07 3.63686e-07 8.61596)
(-2.54611e-07 6.6853e-07 8.02651)
(8.76778e-08 3.5704e-07 7.36522)
(-3.17264e-07 5.608e-07 7.71383)
(-2.49704e-07 9.71851e-07 7.14923)
(1.30783e-07 5.18981e-07 6.50937)
(7.1142e-08 1.09933e-08 11.7287)
(1.01096e-07 9.51633e-09 11.6418)
(1.1586e-07 1.47269e-08 11.5805)
(7.16142e-08 3.80211e-08 11.629)
(1.02216e-07 4.08555e-08 11.5223)
(1.31785e-07 3.11736e-08 11.4397)
(7.3425e-08 7.63745e-08 11.3945)
(1.06434e-07 9.84623e-08 11.2361)
(1.59936e-07 5.97581e-08 11.0933)
(6.2009e-08 1.28982e-07 11.0441)
(9.91147e-08 1.75563e-07 10.8128)
(1.9483e-07 9.7718e-08 10.5725)
(2.88499e-08 1.89491e-07 10.6107)
(7.94365e-08 2.62685e-07 10.2933)
(2.24739e-07 1.3849e-07 9.93679)
(-2.72715e-08 2.4837e-07 10.1335)
(4.14909e-08 3.52061e-07 9.72371)
(2.34481e-07 1.79893e-07 9.25536)
(-1.04104e-07 2.99864e-07 9.64261)
(-1.95856e-08 4.38149e-07 9.14996)
(2.15173e-07 2.20865e-07 8.58799)
(-1.88443e-07 3.48567e-07 9.15097)
(-9.3845e-08 5.28444e-07 8.59562)
(1.73689e-07 2.66184e-07 7.96731)
(-3.1627e-07 3.72883e-07 8.61596)
(-2.33418e-07 6.2363e-07 8.02651)
(6.28126e-08 3.22952e-07 7.36522)
(-3.00802e-07 5.33329e-07 7.71383)
(-2.23412e-07 8.63688e-07 7.14923)
(1.06642e-07 4.50162e-07 6.50937)
(1.14812e-07 4.08449e-08 11.7287)
(1.30179e-07 3.0164e-08 11.6418)
(1.32678e-07 2.01954e-08 11.5805)
(1.2274e-07 7.22145e-08 11.629)
(1.40023e-07 6.43298e-08 11.5223)
(1.53713e-07 3.74301e-08 11.4397)
(1.24885e-07 1.13481e-07 11.3945)
(1.44026e-07 1.21585e-07 11.2361)
(1.77819e-07 6.51223e-08 11.0933)
(1.09622e-07 1.6629e-07 11.0441)
(1.31519e-07 1.96084e-07 10.8128)
(2.0189e-07 1.01315e-07 10.5725)
(6.98542e-08 2.24608e-07 10.6107)
(1.03661e-07 2.79047e-07 10.2933)
(2.18377e-07 1.39864e-07 9.93679)
(6.26871e-09 2.79664e-07 10.1335)
(5.75813e-08 3.62779e-07 9.72371)
(2.16368e-07 1.78469e-07 9.25536)
(-7.71275e-08 3.26207e-07 9.64261)
(-8.7077e-09 4.40994e-07 9.14996)
(1.90124e-07 2.15382e-07 8.58799)
(-1.67481e-07 3.67125e-07 9.15097)
(-8.50094e-08 5.17955e-07 8.59562)
(1.46417e-07 2.53657e-07 7.9673)
(-2.91602e-07 3.84401e-07 8.61596)
(-2.12308e-07 5.92013e-07 8.02651)
(4.72677e-08 2.97936e-07 7.36522)
(-2.88385e-07 5.11216e-07 7.71383)
(-2.03099e-07 7.77084e-07 7.14923)
(8.6347e-08 3.9541e-07 6.50937)
(1.42605e-07 7.05401e-08 11.7287)
(1.48064e-07 4.94573e-08 11.6418)
(1.406e-07 2.57652e-08 11.5805)
(1.55734e-07 1.07037e-07 11.629)
(1.64023e-07 8.68105e-08 11.5223)
(1.64984e-07 4.39333e-08 11.4397)
(1.57751e-07 1.52544e-07 11.3945)
(1.68069e-07 1.44584e-07 11.2361)
(1.8613e-07 7.11721e-08 11.0933)
(1.39299e-07 2.07566e-07 11.0441)
(1.52444e-07 2.17552e-07 10.8128)
(2.02642e-07 1.06018e-07 10.5725)
(9.43909e-08 2.65948e-07 10.6107)
(1.19299e-07 2.97469e-07 10.2933)
(2.09731e-07 1.42749e-07 9.93679)
(2.52311e-08 3.19091e-07 10.1335)
(6.81943e-08 3.76776e-07 9.72371)
(1.99752e-07 1.79006e-07 9.25536)
(-6.24487e-08 3.61651e-07 9.64261)
(-9.45375e-10 4.48554e-07 9.14996)
(1.69387e-07 2.12707e-07 8.58799)
(-1.56178e-07 3.94714e-07 9.15097)
(-7.81174e-08 5.14421e-07 8.59562)
(1.25016e-07 2.45477e-07 7.9673)
(-2.74743e-07 4.03363e-07 8.61596)
(-1.9403e-07 5.71183e-07 8.02651)
(3.70281e-08 2.80096e-07 7.36522)
(-2.82141e-07 4.95388e-07 7.71383)
(-1.89292e-07 7.08391e-07 7.14923)
(6.83456e-08 3.52935e-07 6.50937)
(1.565e-07 8.8502e-08 11.7287)
(1.55066e-07 6.13138e-08 11.6418)
(1.40814e-07 2.87023e-08 11.5805)
(1.72452e-07 1.27669e-07 11.629)
(1.74613e-07 1.00084e-07 11.5223)
(1.66607e-07 4.70641e-08 11.4397)
(1.74085e-07 1.7545e-07 11.3945)
(1.7855e-07 1.56903e-07 11.2361)
(1.85106e-07 7.32375e-08 11.0933)
(1.53762e-07 2.31347e-07 11.0441)
(1.6143e-07 2.27028e-07 10.8128)
(1.96142e-07 1.06031e-07 10.5725)
(1.06245e-07 2.89417e-07 10.6107)
(1.25784e-07 3.02956e-07 10.2933)
(1.96793e-07 1.40311e-07 9.93679)
(3.45786e-08 3.4171e-07 10.1335)
(7.25322e-08 3.77708e-07 9.72371)
(1.81909e-07 1.73893e-07 9.25536)
(-5.48661e-08 3.83055e-07 9.64261)
(3.17085e-09 4.44596e-07 9.14996)
(1.49885e-07 2.04713e-07 8.58799)
(-1.50127e-07 4.13008e-07 9.15097)
(-7.28121e-08 5.03444e-07 8.59562)
(1.0658e-07 2.33645e-07 7.9673)
(-2.62817e-07 4.18997e-07 8.61596)
(-1.77603e-07 5.49938e-07 8.02651)
(2.97019e-08 2.62103e-07 7.36522)
(-2.79954e-07 4.83971e-07 7.71383)
(-1.7894e-07 6.51336e-07 7.14923)
(5.26584e-08 3.17074e-07 6.50937)
(1.67389e-07 9.15809e-08 11.7287)
(1.59143e-07 6.44439e-08 11.6418)
(1.40508e-07 2.85436e-08 11.5805)
(1.86044e-07 1.30562e-07 11.629)
(1.81919e-07 1.02747e-07 11.5223)
(1.67575e-07 4.64346e-08 11.4397)
(1.88577e-07 1.77683e-07 11.3945)
(1.86766e-07 1.56976e-07 11.2361)
(1.84667e-07 7.10584e-08 11.0933)
(1.68638e-07 2.31876e-07 11.0441)
(1.69984e-07 2.22875e-07 10.8128)
(1.92285e-07 1.01416e-07 10.5725)
(1.21329e-07 2.8776e-07 10.6107)
(1.33996e-07 2.93833e-07 10.2933)
(1.88627e-07 1.32995e-07 9.93678)
(4.98241e-08 3.38511e-07 10.1335)
(8.0666e-08 3.63775e-07 9.72371)
(1.7035e-07 1.63867e-07 9.25536)
(-3.94775e-08 3.79704e-07 9.64261)
(1.21258e-08 4.26524e-07 9.14996)
(1.37172e-07 1.9218e-07 8.58799)
(-1.3582e-07 4.10144e-07 9.15097)
(-6.28815e-08 4.80879e-07 8.59562)
(9.45273e-08 2.18238e-07 7.9673)
(-2.45684e-07 4.19103e-07 8.61597)
(-1.59449e-07 5.22141e-07 8.02651)
(2.62818e-08 2.42683e-07 7.36522)
(-2.75887e-07 4.6848e-07 7.71383)
(-1.69711e-07 5.99091e-07 7.14923)
(3.97065e-08 2.85004e-07 6.50937)
(1.75086e-07 9.52925e-08 11.7287)
(1.61983e-07 6.72932e-08 11.6418)
(1.4022e-07 2.88263e-08 11.5805)
(1.95687e-07 1.34157e-07 11.629)
(1.86713e-07 1.04809e-07 11.5223)
(1.67805e-07 4.61817e-08 11.4397)
(1.9877e-07 1.80532e-07 11.3945)
(1.92046e-07 1.56407e-07 11.2361)
(1.83703e-07 6.94057e-08 11.0933)
(1.79024e-07 2.33083e-07 11.0441)
(1.75602e-07 2.18368e-07 10.8128)
(1.88954e-07 9.76717e-08 10.5725)
(1.31807e-07 2.86722e-07 10.6107)
(1.39602e-07 2.8472e-07 10.2933)
(1.82389e-07 1.26944e-07 9.93678)
(6.07099e-08 3.35277e-07 10.1335)
(8.652e-08 3.49847e-07 9.72371)
(1.6198e-07 1.55394e-07 9.25536)
(-2.77336e-08 3.74757e-07 9.64262)
(1.94125e-08 4.07965e-07 9.14996)
(1.28359e-07 1.81145e-07 8.58799)
(-1.23419e-07 4.0363e-07 9.15098)
(-5.34605e-08 4.57193e-07 8.59562)
(8.658e-08 2.04151e-07 7.9673)
(-2.28864e-07 4.13838e-07 8.61597)
(-1.41894e-07 4.9316e-07 8.02651)
(2.55643e-08 2.24575e-07 7.36522)
(-2.69406e-07 4.51133e-07 7.71383)
(-1.59744e-07 5.50719e-07 7.14923)
(2.98827e-08 2.56337e-07 6.50937)
(1.75006e-07 1.05162e-07 11.7287)
(1.60413e-07 7.31345e-08 11.6418)
(1.36318e-07 3.06154e-08 11.5805)
(1.95649e-07 1.44983e-07 11.629)
(1.84969e-07 1.10438e-07 11.5223)
(1.62748e-07 4.76807e-08 11.4397)
(1.97883e-07 1.91906e-07 11.3945)
(1.89528e-07 1.60404e-07 11.2361)
(1.76607e-07 6.99778e-08 11.0933)
(1.77225e-07 2.44402e-07 11.0441)
(1.72745e-07 2.19711e-07 10.8128)
(1.79611e-07 9.67726e-08 10.5725)
(1.2947e-07 2.97294e-07 10.6107)
(1.36718e-07 2.82793e-07 10.2933)
(1.71043e-07 1.24388e-07 9.93678)
(5.8709e-08 3.44416e-07 10.1335)
(8.46369e-08 3.44199e-07 9.72371)
(1.49841e-07 1.51011e-07 9.25536)
(-2.79686e-08 3.81642e-07 9.64262)
(1.98679e-08 3.98042e-07 9.14996)
(1.17209e-07 1.74736e-07 8.58799)
(-1.2093e-07 4.06851e-07 9.15098)
(-4.98303e-08 4.41728e-07 8.59562)
(7.768e-08 1.95036e-07 7.9673)
(-2.19947e-07 4.13721e-07 8.61597)
(-1.3007e-07 4.71134e-07 8.02651)
(2.37778e-08 2.11695e-07 7.36522)
(-2.65026e-07 4.36125e-07 7.71383)
(-1.5259e-07 5.10241e-07 7.14923)
(2.12601e-08 2.34048e-07 6.50937)
(1.68964e-07 1.07606e-07 11.7287)
(1.5334e-07 7.45065e-08 11.6418)
(1.28051e-07 3.05571e-08 11.5805)
(1.89391e-07 1.47234e-07 11.629)
(1.77656e-07 1.11195e-07 11.5223)
(1.53589e-07 4.71757e-08 11.4397)
(1.91403e-07 1.93823e-07 11.3945)
(1.82124e-07 1.59436e-07 11.2361)
(1.66383e-07 6.85055e-08 11.0933)
(1.71076e-07 2.45539e-07 11.0441)
(1.66056e-07 2.16091e-07 10.8128)
(1.68412e-07 9.38191e-08 10.5725)
(1.24357e-07 2.9739e-07 10.6107)
(1.31207e-07 2.76024e-07 10.2933)
(1.59142e-07 1.19775e-07 9.93678)
(5.53406e-08 3.43604e-07 10.1335)
(8.09253e-08 3.34102e-07 9.72371)
(1.3817e-07 1.44669e-07 9.25536)
(-2.90465e-08 3.80207e-07 9.64262)
(1.89842e-08 3.84738e-07 9.14996)
(1.07049e-07 1.66643e-07 8.58799)
(-1.19491e-07 4.04614e-07 9.15098)
(-4.72256e-08 4.24872e-07 8.59562)
(6.99577e-08 1.85022e-07 7.9673)
(-2.13155e-07 4.11435e-07 8.61597)
(-1.20215e-07 4.50279e-07 8.02651)
(2.22792e-08 1.9921e-07 7.36522)
(-2.61134e-07 4.23507e-07 7.71383)
(-1.45828e-07 4.75677e-07 7.14923)
(1.46101e-08 2.14819e-07 6.50937)
(1.6674e-07 9.83479e-08 11.7287)
(1.47705e-07 6.97434e-08 11.6418)
(1.21666e-07 2.81889e-08 11.5805)
(1.88184e-07 1.35916e-07 11.629)
(1.72771e-07 1.05122e-07 11.5223)
(1.46917e-07 4.42358e-08 11.4397)
(1.9162e-07 1.80121e-07 11.3945)
(1.78263e-07 1.51175e-07 11.2361)
(1.59431e-07 6.46464e-08 11.0933)
(1.73587e-07 2.29086e-07 11.0441)
(1.63912e-07 2.0491e-07 10.8128)
(1.61197e-07 8.86957e-08 10.5725)
(1.29842e-07 2.78317e-07 10.6107)
(1.30994e-07 2.61648e-07 10.2933)
(1.51726e-07 1.13296e-07 9.93678)
(6.39064e-08 3.22837e-07 10.1335)
(8.30084e-08 3.16778e-07 9.72371)
(1.31017e-07 1.36854e-07 9.25536)
(-1.77886e-08 3.5937e-07 9.64262)
(2.34706e-08 3.65044e-07 9.14996)
(1.00907e-07 1.57631e-07 8.58799)
(-1.06838e-07 3.85447e-07 9.15098)
(-4.069e-08 4.03232e-07 8.59562)
(6.53593e-08 1.74728e-07 7.9673)
(-1.99092e-07 3.96192e-07 8.61597)
(-1.09477e-07 4.27141e-07 8.02651)
(2.18549e-08 1.87367e-07 7.36522)
(-2.53545e-07 4.06335e-07 7.71383)
(-1.39302e-07 4.4445e-07 7.14923)
(9.59168e-09 1.98378e-07 6.50937)
(1.6572e-07 9.17487e-08 11.7287)
(1.43627e-07 6.64887e-08 11.6418)
(1.16558e-07 2.6827e-08 11.5805)
(1.87741e-07 1.27631e-07 11.629)
(1.68334e-07 1.00621e-07 11.5223)
(1.40241e-07 4.24017e-08 11.4397)
(1.91922e-07 1.69645e-07 11.3945)
(1.73789e-07 1.44629e-07 11.2361)
(1.51343e-07 6.20799e-08 11.0933)
(1.75357e-07 2.16099e-07 11.0441)
(1.60178e-07 1.95774e-07 10.8128)
(1.52158e-07 8.51752e-08 10.5725)
(1.3368e-07 2.62756e-07 10.6107)
(1.28488e-07 2.49639e-07 10.2933)
(1.42316e-07 1.08746e-07 9.93678)
(7.0276e-08 3.05e-07 10.1335)
(8.22511e-08 3.01815e-07 9.72371)
(1.22122e-07 1.31209e-07 9.25536)
(-8.71486e-09 3.39907e-07 9.64262)
(2.51854e-08 3.4734e-07 9.14996)
(9.34833e-08 1.5078e-07 8.58799)
(-9.52853e-08 3.65316e-07 9.15098)
(-3.61151e-08 3.82996e-07 8.59562)
(6.00708e-08 1.66505e-07 7.9673)
(-1.84481e-07 3.77823e-07 8.61597)
(-1.0027e-07 4.04971e-07 8.02651)
(2.08021e-08 1.7747e-07 7.36522)
(-2.43058e-07 3.87299e-07 7.71383)
(-1.3231e-07 4.16462e-07 7.14923)
(5.83415e-09 1.84675e-07 6.50937)
(1.5991e-07 9.171e-08 11.7287)
(1.37034e-07 6.60183e-08 11.6418)
(1.08706e-07 2.66519e-08 11.5805)
(1.8171e-07 1.27338e-07 11.629)
(1.60886e-07 9.93453e-08 11.5223)
(1.30621e-07 4.18195e-08 11.4397)
(1.85919e-07 1.68767e-07 11.3945)
(1.66266e-07 1.41736e-07 11.2361)
(1.40532e-07 6.07702e-08 11.0933)
(1.7011e-07 2.1444e-07 11.0441)
(1.53622e-07 1.90649e-07 10.8128)
(1.40899e-07 8.282e-08 10.5725)
(1.30005e-07 2.60018e-07 10.6107)
(1.23598e-07 2.41858e-07 10.2933)
(1.31325e-07 1.05199e-07 9.93678)
(6.89394e-08 3.00713e-07 10.1335)
(7.98161e-08 2.91141e-07 9.72371)
(1.12271e-07 1.26395e-07 9.25536)
(-6.85653e-09 3.33378e-07 9.64262)
(2.56951e-08 3.33645e-07 9.14996)
(8.56134e-08 1.44779e-07 8.58799)
(-8.96989e-08 3.55783e-07 9.15098)
(-3.26527e-08 3.66189e-07 8.59562)
(5.46741e-08 1.59328e-07 7.9673)
(-1.7438e-07 3.65303e-07 8.61597)
(-9.28166e-08 3.8531e-07 8.02651)
(1.91669e-08 1.6909e-07 7.36522)
(-2.33072e-07 3.69428e-07 7.71383)
(-1.26061e-07 3.91212e-07 7.14923)
(2.6955e-09 1.73579e-07 6.50937)
(1.50363e-07 8.39627e-08 11.7287)
(1.27258e-07 6.05236e-08 11.6418)
(9.88712e-08 2.42715e-08 11.5805)
(1.71621e-07 1.17683e-07 11.629)
(1.50611e-07 9.16594e-08 11.5223)
(1.19709e-07 3.83535e-08 11.4397)
(1.76237e-07 1.57153e-07 11.3945)
(1.56756e-07 1.30979e-07 11.2361)
(1.29451e-07 5.57575e-08 11.0933)
(1.62086e-07 2.00792e-07 11.0441)
(1.46248e-07 1.7609e-07 10.8128)
(1.30301e-07 7.5789e-08 10.5725)
(1.24909e-07 2.44577e-07 10.6107)
(1.19216e-07 2.23198e-07 10.2933)
(1.21708e-07 9.60011e-08 9.93678)
(6.76181e-08 2.84101e-07 10.1335)
(7.87813e-08 2.68663e-07 9.72371)
(1.04189e-07 1.15159e-07 9.25536)
(-4.24535e-09 3.16315e-07 9.64262)
(2.82528e-08 3.08398e-07 9.14996)
(7.95103e-08 1.31995e-07 8.58799)
(-8.33895e-08 3.38888e-07 9.15098)
(-2.67719e-08 3.39598e-07 8.59562)
(5.0784e-08 1.45829e-07 7.9673)
(-1.64121e-07 3.49357e-07 8.61597)
(-8.34654e-08 3.59004e-07 8.02651)
(1.83933e-08 1.55771e-07 7.36522)
(-2.2237e-07 3.51985e-07 7.71383)
(-1.17789e-07 3.64422e-07 7.14923)
(1.02346e-09 1.60426e-07 6.50937)
(1.4642e-07 6.49664e-08 11.7287)
(1.2172e-07 4.9063e-08 11.6418)
(9.4281e-08 1.96466e-08 11.5805)
(1.67555e-07 9.42334e-08 11.629)
(1.4505e-07 7.6351e-08 11.5223)
(1.14344e-07 3.20789e-08 11.4397)
(1.73237e-07 1.29117e-07 11.3945)
(1.52227e-07 1.11041e-07 11.2361)
(1.23936e-07 4.74275e-08 11.0933)
(1.61573e-07 1.68298e-07 11.0441)
(1.43956e-07 1.51004e-07 10.8128)
(1.24971e-07 6.50633e-08 10.5725)
(1.28315e-07 2.08463e-07 10.6107)
(1.19953e-07 1.93057e-07 10.2933)
(1.16852e-07 8.28949e-08 9.93678)
(7.56441e-08 2.4606e-07 10.1335)
(8.29829e-08 2.34371e-07 9.72371)
(1.00132e-07 9.99746e-08 9.25536)
(8.21464e-09 2.7863e-07 9.64262)
(3.57517e-08 2.71624e-07 9.14996)
(7.65503e-08 1.15413e-07 8.58799)
(-6.77503e-08 3.0412e-07 9.15098)
(-1.67892e-08 3.02564e-07 8.59562)
(4.90779e-08 1.28726e-07 7.9673)
(-1.47034e-07 3.19963e-07 8.61597)
(-7.16073e-08 3.24398e-07 8.02651)
(1.85019e-08 1.39305e-07 7.36522)
(-2.08138e-07 3.28581e-07 7.71383)
(-1.08232e-07 3.3404e-07 7.14923)
(1.55426e-10 1.456e-07 6.50937)
(1.45736e-07 5.11777e-08 11.7287)
(1.2039e-07 4.02147e-08 11.6418)
(9.37832e-08 1.63836e-08 11.5805)
(1.66847e-07 7.71233e-08 11.629)
(1.4379e-07 6.40428e-08 11.5223)
(1.13625e-07 2.73525e-08 11.4397)
(1.73068e-07 1.0845e-07 11.3945)
(1.51686e-07 9.46008e-08 11.2361)
(1.2337e-07 4.09258e-08 11.0933)
(1.62699e-07 1.44228e-07 11.0441)
(1.44836e-07 1.30156e-07 10.8128)
(1.24667e-07 5.65995e-08 10.5725)
(1.31609e-07 1.81477e-07 10.6107)
(1.22758e-07 1.67882e-07 10.2933)
(1.16826e-07 7.25132e-08 9.93678)
(8.19157e-08 2.16896e-07 10.1335)
(8.79358e-08 2.05203e-07 9.72371)
(1.00433e-07 8.78046e-08 9.25536)
(1.79514e-08 2.48142e-07 9.64262)
(4.32053e-08 2.392e-07 9.14996)
(7.72099e-08 1.0162e-07 8.58799)
(-5.43745e-08 2.73438e-07 9.15098)
(-6.72875e-09 2.67993e-07 8.59562)
(5.00991e-08 1.13645e-07 7.9673)
(-1.30244e-07 2.91201e-07 8.61597)
(-5.90241e-08 2.89591e-07 8.02651)
(2.03454e-08 1.23515e-07 7.36522)
(-1.91886e-07 3.03942e-07 7.71383)
(-9.65141e-08 3.01756e-07 7.14923)
(7.5159e-10 1.3016e-07 6.50937)
(1.4206e-07 4.85339e-08 11.7287)
(1.1861e-07 3.71768e-08 11.6418)
(9.25789e-08 1.54506e-08 11.5805)
(1.62323e-07 7.36042e-08 11.629)
(1.41599e-07 5.90023e-08 11.5223)
(1.12314e-07 2.54805e-08 11.4397)
(1.67943e-07 1.04047e-07 11.3945)
(1.49664e-07 8.71234e-08 11.2361)
(1.22334e-07 3.78859e-08 11.0933)
(1.57304e-07 1.39189e-07 11.0441)
(1.43516e-07 1.20107e-07 10.8128)
(1.24066e-07 5.22596e-08 10.5725)
(1.26636e-07 1.7587e-07 10.6107)
(1.22601e-07 1.55239e-07 10.2933)
(1.16689e-07 6.68854e-08 9.93678)
(7.83134e-08 2.10337e-07 10.1335)
(8.95024e-08 1.89841e-07 9.72371)
(1.00783e-07 8.08829e-08 9.25536)
(1.7068e-08 2.39696e-07 9.64262)
(4.69218e-08 2.20747e-07 9.14996)
(7.80564e-08 9.33899e-08 8.58799)
(-5.11634e-08 2.61879e-07 9.15098)
(-5.88814e-10 2.45991e-07 8.59562)
(5.13548e-08 1.03969e-07 7.9673)
(-1.21892e-07 2.75564e-07 8.61597)
(-5.01223e-08 2.64e-07 8.02651)
(2.20948e-08 1.12371e-07 7.36522)
(-1.7954e-07 2.84319e-07 7.71383)
(-8.66859e-08 2.73535e-07 7.14923)
(1.50486e-09 1.17769e-07 6.50937)
(1.36384e-07 4.29597e-08 11.7287)
(1.14773e-07 3.2978e-08 11.6418)
(9.00234e-08 1.38053e-08 11.5805)
(1.55224e-07 6.63875e-08 11.629)
(1.36797e-07 5.28654e-08 11.5223)
(1.09211e-07 2.2938e-08 11.4397)
(1.59997e-07 9.54586e-08 11.3945)
(1.44448e-07 7.88786e-08 11.2361)
(1.1902e-07 3.43057e-08 11.0933)
(1.49097e-07 1.29522e-07 11.0441)
(1.38496e-07 1.09751e-07 10.8128)
(1.20758e-07 4.75576e-08 10.5725)
(1.19019e-07 1.65559e-07 10.6107)
(1.18408e-07 1.42922e-07 10.2933)
(1.13637e-07 6.11244e-08 9.93678)
(7.21613e-08 1.99853e-07 10.1335)
(8.66307e-08 1.75722e-07 9.72371)
(9.82794e-08 7.415e-08 9.25536)
(1.31101e-08 2.29318e-07 9.64262)
(4.60818e-08 2.04981e-07 9.14996)
(7.63417e-08 8.57391e-08 8.58799)
(-5.20556e-08 2.51489e-07 9.15098)
(1.28215e-09 2.28506e-07 8.59562)
(5.05847e-08 9.54639e-08 7.9673)
(-1.18428e-07 2.64611e-07 8.61597)
(-4.48887e-08 2.44488e-07 8.02651)
(2.25544e-08 1.02991e-07 7.36522)
(-1.7141e-07 2.70881e-07 7.71384)
(-7.89222e-08 2.51443e-07 7.14923)
(2.11556e-09 1.07483e-07 6.50937)
(1.38827e-07 2.98441e-08 11.7287)
(1.15676e-07 2.56642e-08 11.6418)
(9.19993e-08 1.08803e-08 11.5805)
(1.58045e-07 5.05914e-08 11.629)
(1.38157e-07 4.38473e-08 11.5223)
(1.11559e-07 1.93935e-08 11.4397)
(1.63613e-07 7.69976e-08 11.3945)
(1.46277e-07 6.82359e-08 11.2361)
(1.21636e-07 3.02186e-08 11.0933)
(1.53905e-07 1.08579e-07 11.0441)
(1.4081e-07 9.76708e-08 10.8128)
(1.23385e-07 4.30603e-08 10.5725)
(1.25362e-07 1.4272e-07 10.6107)
(1.21198e-07 1.29723e-07 10.2933)
(1.16065e-07 5.63835e-08 9.93678)
(8.00259e-08 1.762e-07 10.1335)
(8.99702e-08 1.61813e-07 9.72371)
(1.00334e-07 6.92719e-08 9.25536)
(2.21865e-08 2.0633e-07 9.64262)
(4.98908e-08 1.90631e-07 9.14996)
(7.79727e-08 8.07203e-08 8.58799)
(-4.24666e-08 2.30732e-07 9.15098)
(5.52237e-09 2.13733e-07 8.59562)
(5.18243e-08 9.00418e-08 7.9673)
(-1.09047e-07 2.47115e-07 8.61597)
(-3.9878e-08 2.28995e-07 8.02651)
(2.35947e-08 9.68081e-08 7.36522)
(-1.62862e-07 2.56617e-07 7.71384)
(-7.32974e-08 2.34449e-07 7.14923)
(2.63637e-09 1.00111e-07 6.50937)
(1.45919e-07 2.37601e-08 11.7287)
(1.20643e-07 2.26664e-08 11.6418)
(9.68228e-08 9.91132e-09 11.5805)
(1.66195e-07 4.35516e-08 11.629)
(1.43714e-07 4.04409e-08 11.5223)
(1.16693e-07 1.8415e-08 11.4397)
(1.72503e-07 6.87729e-08 11.3945)
(1.51993e-07 6.45557e-08 11.2361)
(1.26739e-07 2.9405e-08 11.0933)
(1.63292e-07 9.91631e-08 11.0441)
(1.46286e-07 9.3988e-08 10.8128)
(1.28179e-07 4.26578e-08 10.5725)
(1.34871e-07 1.32142e-07 10.6107)
(1.26069e-07 1.26162e-07 10.2933)
(1.2032e-07 5.65116e-08 9.93678)
(8.94525e-08 1.64458e-07 10.1335)
(9.398e-08 1.58173e-07 9.72371)
(1.03872e-07 6.98453e-08 9.25536)
(3.14353e-08 1.93477e-07 9.64262)
(5.32306e-08 1.86404e-07 9.14996)
(8.07085e-08 8.13151e-08 8.58799)
(-3.3246e-08 2.17027e-07 9.15098)
(8.72279e-09 2.08113e-07 8.59562)
(5.3785e-08 9.00243e-08 7.9673)
(-9.95248e-08 2.33535e-07 8.61597)
(-3.6074e-08 2.21088e-07 8.02651)
(2.50572e-08 9.53373e-08 7.36522)
(-1.54107e-07 2.44404e-07 7.71384)
(-6.86544e-08 2.23305e-07 7.14923)
(3.44853e-09 9.62753e-08 6.50937)
(1.4817e-07 2.75701e-08 11.7287)
(1.23216e-07 2.48993e-08 11.6418)
(9.84858e-08 1.10618e-08 11.5805)
(1.68179e-07 4.8269e-08 11.629)
(1.45663e-07 4.32185e-08 11.5223)
(1.17506e-07 1.986e-08 11.4397)
(1.73855e-07 7.44066e-08 11.3945)
(1.53143e-07 6.79821e-08 11.2361)
(1.26579e-07 3.12374e-08 11.0933)
(1.63765e-07 1.05844e-07 11.0441)
(1.46593e-07 9.82323e-08 10.8128)
(1.27243e-07 4.49857e-08 10.5725)
(1.34342e-07 1.39638e-07 10.6107)
(1.25588e-07 1.3121e-07 10.2933)
(1.18909e-07 5.93597e-08 9.93678)
(8.81288e-08 1.71964e-07 10.1335)
(9.30406e-08 1.63699e-07 9.72371)
(1.02319e-07 7.31312e-08 9.25536)
(3.00826e-08 1.9965e-07 9.64262)
(5.20836e-08 1.91614e-07 9.14996)
(7.93223e-08 8.4861e-08 8.58799)
(-3.36028e-08 2.20215e-07 9.15098)
(7.68931e-09 2.11847e-07 8.59562)
(5.2754e-08 9.34149e-08 7.9673)
(-9.78352e-08 2.3219e-07 8.61597)
(-3.6372e-08 2.21916e-07 8.02651)
(2.44517e-08 9.79454e-08 7.36522)
(-1.4986e-07 2.37912e-07 7.71384)
(-6.76162e-08 2.1936e-07 7.14923)
(3.10841e-09 9.69498e-08 6.50937)
(1.44136e-07 2.51844e-08 11.7287)
(1.20362e-07 2.29559e-08 11.6418)
(9.55106e-08 1.02907e-08 11.5805)
(1.63452e-07 4.55707e-08 11.629)
(1.42532e-07 4.07723e-08 11.5223)
(1.14409e-07 1.881e-08 11.4397)
(1.68764e-07 7.17913e-08 11.3945)
(1.50098e-07 6.49981e-08 11.2361)
(1.23655e-07 2.98016e-08 11.0933)
(1.58629e-07 1.03596e-07 11.0441)
(1.44011e-07 9.46645e-08 10.8128)
(1.2469e-07 4.30167e-08 10.5725)
(1.29506e-07 1.38052e-07 10.6107)
(1.23733e-07 1.27133e-07 10.2933)
(1.16837e-07 5.68288e-08 9.93678)
(8.38736e-08 1.71302e-07 10.1335)
(9.18778e-08 1.59366e-07 9.72371)
(1.00787e-07 7.01727e-08 9.25536)
(2.64987e-08 1.99956e-07 9.64262)
(5.16191e-08 1.87541e-07 9.14996)
(7.82931e-08 8.18079e-08 8.58799)
(-3.62825e-08 2.21116e-07 9.15098)
(7.83364e-09 2.08533e-07 8.59562)
(5.21505e-08 9.08197e-08 7.9673)
(-9.88741e-08 2.32813e-07 8.61597)
(-3.56784e-08 2.19439e-07 8.02651)
(2.42728e-08 9.62593e-08 7.36522)
(-1.48458e-07 2.3602e-07 7.71384)
(-6.64182e-08 2.16635e-07 7.14923)
(3.10508e-09 9.61868e-08 6.50937)
(1.43498e-07 1.37692e-08 11.7287)
(1.19462e-07 1.6134e-08 11.6418)
(9.53229e-08 7.61081e-09 11.5805)
(1.62872e-07 3.20831e-08 11.629)
(1.42329e-07 3.23171e-08 11.5223)
(1.151e-07 1.54362e-08 11.4397)
(1.68709e-07 5.65536e-08 11.3945)
(1.50841e-07 5.49326e-08 11.2361)
(1.25402e-07 2.56562e-08 11.0933)
(1.595e-07 8.70478e-08 11.0441)
(1.45858e-07 8.30937e-08 10.8128)
(1.27324e-07 3.80415e-08 10.5725)
(1.31656e-07 1.20959e-07 10.6107)
(1.26688e-07 1.14439e-07 10.2933)
(1.20028e-07 5.11142e-08 9.93678)
(8.72739e-08 1.54805e-07 10.1335)
(9.58118e-08 1.463e-07 9.72371)
(1.04096e-07 6.3967e-08 9.25536)
(3.07876e-08 1.85425e-07 9.64262)
(5.60212e-08 1.75081e-07 9.14996)
(8.12975e-08 7.5565e-08 8.58799)
(-3.19451e-08 2.09847e-07 9.15098)
(1.19556e-08 1.97772e-07 8.59562)
(5.44904e-08 8.50643e-08 7.9673)
(-9.55233e-08 2.25435e-07 8.61597)
(-3.25185e-08 2.11394e-07 8.02651)
(2.56992e-08 9.167e-08 7.36522)
(-1.46609e-07 2.322e-07 7.71384)
(-6.48792e-08 2.11988e-07 7.14923)
(3.53722e-09 9.35751e-08 6.50937)
(1.44764e-07 1.21558e-08 11.7287)
(1.2153e-07 1.51746e-08 11.6418)
(9.81087e-08 7.56245e-09 11.5805)
(1.63402e-07 2.98834e-08 11.629)
(1.43743e-07 3.05881e-08 11.5223)
(1.17676e-07 1.51031e-08 11.4397)
(1.68202e-07 5.39676e-08 11.3945)
(1.51409e-07 5.26518e-08 11.2361)
(1.27685e-07 2.5111e-08 11.0933)
(1.57708e-07 8.45261e-08 11.0441)
(1.45425e-07 8.0722e-08 10.8128)
(1.29308e-07 3.74724e-08 10.5725)
(1.28498e-07 1.18895e-07 10.6107)
(1.25313e-07 1.1239e-07 10.2933)
(1.21748e-07 5.06774e-08 9.93678)
(8.30988e-08 1.53311e-07 10.1335)
(9.37231e-08 1.44677e-07 9.72371)
(1.05577e-07 6.36948e-08 9.25536)
(2.62753e-08 1.8433e-07 9.64262)
(5.38718e-08 1.73663e-07 9.14996)
(8.25462e-08 7.52388e-08 8.58799)
(-3.57662e-08 2.08853e-07 9.15098)
(1.0544e-08 1.961e-07 8.59562)
(5.55053e-08 8.43938e-08 7.9673)
(-9.75893e-08 2.24674e-07 8.61597)
(-3.26522e-08 2.09196e-07 8.02651)
(2.65655e-08 9.04213e-08 7.36522)
(-1.47088e-07 2.31938e-07 7.71384)
(-6.39943e-08 2.09744e-07 7.14923)
(4.03882e-09 9.20383e-08 6.50937)
(1.42755e-07 2.57802e-08 11.7287)
(1.22337e-07 2.27916e-08 11.6418)
(9.9089e-08 1.08272e-08 11.5805)
(1.60012e-07 4.61204e-08 11.629)
(1.43236e-07 3.97299e-08 11.5223)
(1.18172e-07 1.89681e-08 11.4397)
(1.62682e-07 7.31347e-08 11.3945)
(1.49274e-07 6.38007e-08 11.2361)
(1.27607e-07 2.97898e-08 11.0933)
(1.49272e-07 1.06978e-07 11.0441)
(1.413e-07 9.44223e-08 10.8128)
(1.28809e-07 4.32293e-08 10.5725)
(1.16703e-07 1.44368e-07 10.6107)
(1.1915e-07 1.28822e-07 10.2933)
(1.20986e-07 5.76064e-08 9.93678)
(6.82275e-08 1.80573e-07 10.1335)
(8.60644e-08 1.63287e-07 9.72371)
(1.04697e-07 7.16162e-08 9.25536)
(9.69864e-09 2.11263e-07 9.64262)
(4.54759e-08 1.92879e-07 9.14996)
(8.17089e-08 8.36256e-08 8.58799)
(-5.19312e-08 2.32683e-07 9.15098)
(2.50127e-09 2.13577e-07 8.59562)
(5.48103e-08 9.22894e-08 7.9673)
(-1.10864e-07 2.42364e-07 8.61598)
(-3.89871e-08 2.22266e-07 8.02651)
(2.60247e-08 9.66964e-08 7.36522)
(-1.54737e-07 2.4087e-07 7.71384)
(-6.7299e-08 2.15833e-07 7.14923)
(3.64803e-09 9.54679e-08 6.50937)
(1.38838e-07 3.72938e-08 11.7287)
(1.20158e-07 2.97292e-08 11.6418)
(9.72088e-08 1.34138e-08 11.5805)
(1.55176e-07 6.00991e-08 11.629)
(1.40195e-07 4.88767e-08 11.5223)
(1.16158e-07 2.24352e-08 11.4397)
(1.56547e-07 9.00036e-08 11.3945)
(1.45123e-07 7.57608e-08 11.2361)
(1.25452e-07 3.44013e-08 11.0933)
(1.41297e-07 1.26841e-07 11.0441)
(1.35711e-07 1.09601e-07 10.8128)
(1.2663e-07 4.91926e-08 10.5725)
(1.06362e-07 1.6703e-07 10.6107)
(1.11954e-07 1.47293e-07 10.2933)
(1.18873e-07 6.49584e-08 9.93678)
(5.52803e-08 2.05504e-07 10.1335)
(7.72561e-08 1.84626e-07 9.72371)
(1.02705e-07 8.02058e-08 9.25536)
(-5.75874e-09 2.3759e-07 9.64262)
(3.55345e-08 2.16104e-07 9.14996)
(7.98856e-08 9.30193e-08 8.58799)
(-6.90404e-08 2.58957e-07 9.15098)
(-7.62935e-09 2.36975e-07 8.59562)
(5.32367e-08 1.01841e-07 7.9673)
(-1.27493e-07 2.66336e-07 8.61598)
(-4.79364e-08 2.43183e-07 8.02651)
(2.48744e-08 1.05375e-07 7.36522)
(-1.67254e-07 2.5786e-07 7.71384)
(-7.30687e-08 2.29832e-07 7.14923)
(3.03364e-09 1.01593e-07 6.50937)
(1.41478e-07 3.98866e-08 11.7287)
(1.20855e-07 3.29897e-08 11.6418)
(9.7637e-08 1.4508e-08 11.5805)
(1.58305e-07 6.36069e-08 11.629)
(1.40717e-07 5.42696e-08 11.5223)
(1.16115e-07 2.45887e-08 11.4397)
(1.599e-07 9.44973e-08 11.3945)
(1.44944e-07 8.39251e-08 11.2361)
(1.2466e-07 3.80012e-08 11.0933)
(1.44558e-07 1.32235e-07 11.0441)
(1.34381e-07 1.20918e-07 10.8128)
(1.25141e-07 5.45527e-08 10.5725)
(1.08919e-07 1.73318e-07 10.6107)
(1.09126e-07 1.61895e-07 10.2933)
(1.16882e-07 7.21674e-08 9.93678)
(5.62643e-08 2.1298e-07 10.1335)
(7.28497e-08 2.0247e-07 9.72371)
(1.00382e-07 8.91743e-08 9.25536)
(-7.28691e-09 2.46974e-07 9.64262)
(2.93461e-08 2.36759e-07 9.14996)
(7.74409e-08 1.03447e-07 8.58799)
(-7.41253e-08 2.71036e-07 9.15098)
(-1.55715e-08 2.59553e-07 8.59562)
(5.08812e-08 1.13076e-07 7.9673)
(-1.36678e-07 2.81137e-07 8.61598)
(-5.69614e-08 2.65976e-07 8.02651)
(2.27627e-08 1.16456e-07 7.36522)
(-1.78988e-07 2.73308e-07 7.71384)
(-8.1395e-08 2.48957e-07 7.14923)
(1.52357e-09 1.10757e-07 6.50937)
(1.45155e-07 4.79316e-08 11.7287)
(1.21978e-07 3.92326e-08 11.6418)
(9.68849e-08 1.70337e-08 11.5805)
(1.63143e-07 7.4092e-08 11.629)
(1.41743e-07 6.35411e-08 11.5223)
(1.14551e-07 2.85702e-08 11.4397)
(1.65154e-07 1.07183e-07 11.3945)
(1.45327e-07 9.66325e-08 11.2361)
(1.22111e-07 4.37789e-08 11.0933)
(1.49615e-07 1.46793e-07 11.0441)
(1.33671e-07 1.37254e-07 10.8128)
(1.2189e-07 6.23885e-08 10.5725)
(1.12773e-07 1.89128e-07 10.6107)
(1.06916e-07 1.81623e-07 10.2933)
(1.13283e-07 8.20186e-08 9.93678)
(5.80894e-08 2.2925e-07 10.1335)
(6.88241e-08 2.24915e-07 9.72371)
(9.67563e-08 1.00762e-07 9.25536)
(-8.14665e-09 2.63006e-07 9.64262)
(2.35456e-08 2.60981e-07 9.14996)
(7.40576e-08 1.16188e-07 8.58799)
(-7.7986e-08 2.8643e-07 9.15098)
(-2.27981e-08 2.84412e-07 8.59562)
(4.79595e-08 1.26256e-07 7.9673)
(-1.43391e-07 2.96255e-07 8.61598)
(-6.50024e-08 2.90115e-07 8.02651)
(2.05195e-08 1.29099e-07 7.36522)
(-1.88456e-07 2.88081e-07 7.71384)
(-8.90911e-08 2.69718e-07 7.14923)
(7.97877e-11 1.21272e-07 6.50937)
(1.40342e-07 6.35563e-08 11.7287)
(1.16904e-07 4.8637e-08 11.6418)
(8.90668e-08 2.07933e-08 11.5805)
(1.58593e-07 9.38113e-08 11.629)
(1.35993e-07 7.63602e-08 11.5223)
(1.05366e-07 3.37533e-08 11.4397)
(1.60371e-07 1.30937e-07 11.3945)
(1.39094e-07 1.12955e-07 11.2361)
(1.12003e-07 5.04804e-08 11.0933)
(1.44272e-07 1.74299e-07 11.0441)
(1.2718e-07 1.56884e-07 10.8128)
(1.11645e-07 7.05645e-08 10.5725)
(1.06354e-07 2.19451e-07 10.6107)
(1.00239e-07 2.03985e-07 10.2933)
(1.03607e-07 9.14422e-08 9.93678)
(5.02469e-08 2.60781e-07 10.1335)
(6.21118e-08 2.4918e-07 9.72371)
(8.82483e-08 1.11147e-07 9.25536)
(-1.72998e-08 2.9368e-07 9.64262)
(1.66172e-08 2.86097e-07 9.14996)
(6.7146e-08 1.2732e-07 8.58799)
(-8.81495e-08 3.14027e-07 9.15098)
(-3.02339e-08 3.09325e-07 8.59562)
(4.28189e-08 1.37885e-07 7.9673)
(-1.54168e-07 3.18768e-07 8.61598)
(-7.2991e-08 3.13705e-07 8.02651)
(1.70022e-08 1.40881e-07 7.36522)
(-1.98899e-07 3.04109e-07 7.71384)
(-9.7038e-08 2.89796e-07 7.14923)
(-1.9964e-09 1.32069e-07 6.50937)
(1.2688e-07 6.80425e-08 11.7287)
(1.04032e-07 5.0934e-08 11.6418)
(7.48313e-08 2.14824e-08 11.5805)
(1.44236e-07 9.94582e-08 11.629)
(1.21904e-07 7.95212e-08 11.5223)
(8.92767e-08 3.46534e-08 11.4397)
(1.45771e-07 1.38037e-07 11.3945)
(1.24929e-07 1.16702e-07 11.2361)
(9.51111e-08 5.13679e-08 11.0933)
(1.30248e-07 1.82812e-07 11.0441)
(1.14119e-07 1.60691e-07 10.8128)
(9.5043e-08 7.10612e-08 10.5725)
(9.35338e-08 2.29319e-07 10.6107)
(8.91435e-08 2.07451e-07 10.2933)
(8.82874e-08 9.1299e-08 9.93678)
(3.88696e-08 2.72098e-07 10.1335)
(5.32208e-08 2.52372e-07 9.72371)
(7.50909e-08 1.10411e-07 9.25536)
(-2.76261e-08 3.0656e-07 9.64262)
(9.85179e-09 2.89874e-07 9.14996)
(5.67238e-08 1.26493e-07 8.58799)
(-9.80496e-08 3.28413e-07 9.15099)
(-3.54657e-08 3.15093e-07 8.59562)
(3.54036e-08 1.37997e-07 7.9673)
(-1.63972e-07 3.3419e-07 8.61598)
(-7.76368e-08 3.22835e-07 8.02651)
(1.25762e-08 1.43071e-07 7.36522)
(-2.08265e-07 3.18392e-07 7.71384)
(-1.01957e-07 3.02346e-07 7.14923)
(-3.98303e-09 1.3703e-07 6.50937)
(1.16351e-07 5.66457e-08 11.7287)
(9.2363e-08 4.39619e-08 11.6418)
(6.30391e-08 1.85593e-08 11.5805)
(1.33738e-07 8.58278e-08 11.629)
(1.10395e-07 7.07405e-08 11.5223)
(7.6909e-08 3.08879e-08 11.4397)
(1.36454e-07 1.2233e-07 11.3945)
(1.14894e-07 1.05631e-07 11.2361)
(8.32552e-08 4.64467e-08 11.0933)
(1.23378e-07 1.65211e-07 11.0441)
(1.06758e-07 1.46814e-07 10.8128)
(8.43495e-08 6.46121e-08 10.5725)
(9.01277e-08 2.10511e-07 10.6107)
(8.51874e-08 1.90723e-07 10.2933)
(7.91686e-08 8.32213e-08 9.93678)
(3.90494e-08 2.53553e-07 10.1335)
(5.27905e-08 2.33644e-07 9.72371)
(6.77725e-08 1.00971e-07 9.25536)
(-2.47403e-08 2.90381e-07 9.64262)
(1.21752e-08 2.70992e-07 9.14996)
(5.12583e-08 1.16508e-07 8.58799)
(-9.44722e-08 3.17037e-07 9.15099)
(-3.19429e-08 2.98817e-07 8.59562)
(3.16963e-08 1.28715e-07 7.9673)
(-1.62501e-07 3.29587e-07 8.61598)
(-7.48589e-08 3.1249e-07 8.02651)
(1.03799e-08 1.36205e-07 7.36522)
(-2.11095e-07 3.21721e-07 7.71384)
(-1.02153e-07 3.01386e-07 7.14923)
(-5.08289e-09 1.34666e-07 6.50937)
(1.07354e-07 4.92175e-08 11.7287)
(8.32249e-08 3.86416e-08 11.6418)
(5.39514e-08 1.66635e-08 11.5805)
(1.24536e-07 7.6778e-08 11.629)
(1.01069e-07 6.33018e-08 11.5223)
(6.73202e-08 2.8027e-08 11.4397)
(1.27655e-07 1.11653e-07 11.3945)
(1.06498e-07 9.55587e-08 11.2361)
(7.4197e-08 4.23319e-08 11.0933)
(1.15789e-07 1.53151e-07 11.0441)
(1.00286e-07 1.33816e-07 10.8128)
(7.64469e-08 5.9012e-08 10.5725)
(8.44962e-08 1.97463e-07 10.6107)
(8.13506e-08 1.74766e-07 10.2933)
(7.27683e-08 7.60882e-08 9.93678)
(3.59496e-08 2.40055e-07 10.1335)
(5.17812e-08 2.14974e-07 9.72371)
(6.30474e-08 9.23846e-08 9.25536)
(-2.51581e-08 2.77082e-07 9.64262)
(1.40929e-08 2.50432e-07 9.14996)
(4.81738e-08 1.06693e-07 8.58799)
(-9.24645e-08 3.04948e-07 9.15099)
(-2.7452e-08 2.77901e-07 8.59562)
(3.00831e-08 1.18267e-07 7.9673)
(-1.59082e-07 3.20646e-07 8.61598)
(-6.89558e-08 2.93879e-07 8.02651)
(1.008e-08 1.26185e-07 7.36522)
(-2.09135e-07 3.18919e-07 7.71384)
(-9.74023e-08 2.89845e-07 7.14923)
(-4.77402e-09 1.27227e-07 6.50936)
(9.34584e-08 5.29428e-08 11.7287)
(7.19458e-08 3.92969e-08 11.6418)
(4.27195e-08 1.71887e-08 11.5805)
(1.08715e-07 8.08547e-08 11.629)
(8.78246e-08 6.29153e-08 11.5223)
(5.42052e-08 2.79529e-08 11.4397)
(1.10339e-07 1.16281e-07 11.3945)
(9.24977e-08 9.38056e-08 11.2361)
(6.03226e-08 4.14363e-08 11.0933)
(9.76263e-08 1.58694e-07 11.0441)
(8.67105e-08 1.30581e-07 10.8128)
(6.28695e-08 5.71299e-08 10.5725)
(6.64653e-08 2.0396e-07 10.6107)
(6.93633e-08 1.69962e-07 10.2933)
(6.04341e-08 7.31662e-08 9.93678)
(1.92388e-08 2.46986e-07 10.1335)
(4.25235e-08 2.08385e-07 9.72371)
(5.27737e-08 8.83636e-08 9.25536)
(-3.90425e-08 2.83332e-07 9.64262)
(8.32973e-09 2.41642e-07 9.14996)
(4.05229e-08 1.01571e-07 8.58799)
(-1.02133e-07 3.09133e-07 9.15099)
(-2.93842e-08 2.66605e-07 8.59562)
(2.52494e-08 1.12035e-07 7.9673)
(-1.63876e-07 3.2156e-07 8.61598)
(-6.72536e-08 2.80448e-07 8.02651)
(7.88172e-09 1.1912e-07 7.36522)
(-2.09406e-07 3.17125e-07 7.71384)
(-9.35025e-08 2.76652e-07 7.14923)
(-5.14659e-09 1.20282e-07 6.50936)
(7.64751e-08 5.15067e-08 11.7287)
(5.69963e-08 3.71818e-08 11.6418)
(2.85485e-08 1.62584e-08 11.5805)
(8.98752e-08 7.88888e-08 11.629)
(7.11282e-08 5.96906e-08 11.5223)
(3.85509e-08 2.63553e-08 11.4397)
(9.05563e-08 1.14155e-07 11.3945)
(7.54488e-08 8.92618e-08 11.2361)
(4.4437e-08 3.89806e-08 11.0933)
(7.79253e-08 1.56672e-07 11.0441)
(7.05862e-08 1.2457e-07 10.8128)
(4.77379e-08 5.3622e-08 10.5725)
(4.79776e-08 2.02353e-07 10.6107)
(5.53203e-08 1.62438e-07 10.2933)
(4.68945e-08 6.85521e-08 9.93678)
(2.93409e-09 2.46157e-07 10.1335)
(3.13102e-08 1.99367e-07 9.72371)
(4.15274e-08 8.26544e-08 9.25536)
(-5.25941e-08 2.83497e-07 9.64262)
(6.98357e-10 2.313e-07 9.14996)
(3.20234e-08 9.4838e-08 8.58799)
(-1.12381e-07 3.10206e-07 9.15099)
(-3.29186e-08 2.55097e-07 8.59562)
(1.9711e-08 1.04503e-07 7.9673)
(-1.70066e-07 3.22995e-07 8.61598)
(-6.65693e-08 2.67868e-07 8.02651)
(5.36065e-09 1.11053e-07 7.36522)
(-2.10834e-07 3.17236e-07 7.71384)
(-8.92755e-08 2.63386e-07 7.14923)
(-5.34154e-09 1.12198e-07 6.50936)
(6.71647e-08 3.97885e-08 11.7287)
(4.60064e-08 3.03533e-08 11.6418)
(1.81919e-08 1.34417e-08 11.5805)
(8.05e-08 6.49818e-08 11.629)
(5.97187e-08 5.1481e-08 11.5223)
(2.73713e-08 2.29586e-08 11.4397)
(8.2058e-08 9.80547e-08 11.3945)
(6.46589e-08 7.95545e-08 11.2361)
(3.34026e-08 3.49765e-08 11.0933)
(7.1389e-08 1.3848e-07 11.0441)
(6.13315e-08 1.13291e-07 10.8128)
(3.7507e-08 4.89955e-08 10.5725)
(4.42735e-08 1.82574e-07 10.6107)
(4.82885e-08 1.49684e-07 10.2933)
(3.79787e-08 6.33569e-08 9.93678)
(2.28734e-09 2.25936e-07 10.1335)
(2.69468e-08 1.8551e-07 9.72371)
(3.42461e-08 7.69569e-08 9.25536)
(-5.06162e-08 2.64554e-07 9.64262)
(-1.0699e-09 2.16853e-07 9.14996)
(2.65647e-08 8.87264e-08 8.58798)
(-1.08965e-07 2.9454e-07 9.15099)
(-3.24474e-08 2.40632e-07 8.59562)
(1.61296e-08 9.79387e-08 7.9673)
(-1.6681e-07 3.12084e-07 8.61598)
(-6.41753e-08 2.53838e-07 8.02651)
(3.5967e-09 1.0402e-07 7.36522)
(-2.0871e-07 3.11672e-07 7.71384)
(-8.54466e-08 2.5007e-07 7.14923)
(-5.58093e-09 1.04776e-07 6.50936)
(6.11546e-08 3.49624e-08 11.7287)
(3.7703e-08 2.79474e-08 11.6418)
(9.21297e-09 1.27135e-08 11.5805)
(7.44039e-08 5.93056e-08 11.629)
(4.99334e-08 4.86947e-08 11.5223)
(1.60295e-08 2.21726e-08 11.4397)
(7.61509e-08 9.11653e-08 11.3945)
(5.41448e-08 7.62023e-08 11.2361)
(2.05542e-08 3.41719e-08 11.0933)
(6.63678e-08 1.3025e-07 11.0441)
(5.09742e-08 1.09335e-07 10.8128)
(2.4225e-08 4.82667e-08 10.5725)
(4.06698e-08 1.72928e-07 10.6107)
(3.89425e-08 1.45006e-07 10.2933)
(2.53771e-08 6.27288e-08 9.93678)
(5.87266e-10 2.14921e-07 10.1335)
(1.92399e-08 1.79826e-07 9.72371)
(2.3292e-08 7.63044e-08 9.25535)
(-5.01837e-08 2.52449e-07 9.64263)
(-6.41435e-09 2.09886e-07 9.14996)
(1.79503e-08 8.76797e-08 8.58798)
(-1.06339e-07 2.82066e-07 9.15099)
(-3.48236e-08 2.32143e-07 8.59562)
(1.02515e-08 9.60475e-08 7.9673)
(-1.62238e-07 3.00899e-07 8.61598)
(-6.32964e-08 2.43816e-07 8.02651)
(6.5575e-10 1.00737e-07 7.36522)
(-2.04011e-07 3.03988e-07 7.71384)
(-8.17925e-08 2.38878e-07 7.14923)
(-6.09955e-09 9.96607e-08 6.50936)
(4.90547e-08 4.14656e-08 11.7287)
(2.50246e-08 3.13177e-08 11.6418)
(-5.4228e-09 1.42239e-08 11.5805)
(6.16002e-08 6.75289e-08 11.629)
(3.50939e-08 5.3127e-08 11.5223)
(-1.68179e-09 2.40763e-08 11.4397)
(6.28814e-08 1.00773e-07 11.3945)
(3.83569e-08 8.12966e-08 11.2361)
(1.1013e-09 3.63655e-08 11.0933)
(5.33278e-08 1.40955e-07 11.0441)
(3.55334e-08 1.14725e-07 10.8128)
(4.59385e-09 5.06199e-08 10.5725)
(2.85244e-08 1.83995e-07 10.6107)
(2.50012e-08 1.50132e-07 10.2933)
(7.0121e-09 6.5064e-08 9.93678)
(-9.89334e-09 2.2515e-07 10.1335)
(7.86855e-09 1.83959e-07 9.72371)
(7.43955e-09 7.83848e-08 9.25535)
(-5.80168e-08 2.60293e-07 9.64263)
(-1.4639e-08 2.12094e-07 9.14996)
(5.52132e-09 8.92831e-08 8.58798)
(-1.1066e-07 2.85975e-07 9.15099)
(-3.96734e-08 2.31514e-07 8.59562)
(1.70245e-09 9.68361e-08 7.9673)
(-1.62588e-07 2.99727e-07 8.61598)
(-6.46305e-08 2.39572e-07 8.02651)
(-4.05098e-09 1.00295e-07 7.36522)
(-2.00632e-07 2.98027e-07 7.71384)
(-7.98463e-08 2.30323e-07 7.14923)
(-7.57056e-09 9.71835e-08 6.50936)
(3.01462e-08 4.08885e-08 11.7287)
(5.65297e-09 3.00727e-08 11.6418)
(-2.60789e-08 1.35374e-08 11.5805)
(4.17722e-08 6.71686e-08 11.629)
(1.38045e-08 5.17368e-08 11.5223)
(-2.51999e-08 2.312e-08 11.4397)
(4.32493e-08 1.00495e-07 11.3945)
(1.70913e-08 7.90436e-08 11.2361)
(-2.34002e-08 3.47691e-08 11.0933)
(3.54301e-08 1.4043e-07 11.0441)
(1.62481e-08 1.1081e-07 10.8128)
(-1.91454e-08 4.79107e-08 10.5725)
(1.36899e-08 1.829e-07 10.6107)
(9.21881e-09 1.43918e-07 10.2933)
(-1.44957e-08 6.09424e-08 9.93678)
(-2.08101e-08 2.23399e-07 10.1335)
(-3.67596e-09 1.75233e-07 9.72371)
(-1.06464e-08 7.2807e-08 9.25535)
(-6.49178e-08 2.57905e-07 9.64263)
(-2.16e-08 2.01376e-07 9.14996)
(-8.39106e-09 8.2576e-08 8.58798)
(-1.13787e-07 2.82969e-07 9.15099)
(-4.2283e-08 2.19791e-07 8.59562)
(-7.71036e-09 8.97539e-08 7.9673)
(-1.62038e-07 2.95966e-07 8.61598)
(-6.35211e-08 2.27819e-07 8.02651)
(-8.96289e-09 9.36267e-08 7.36522)
(-1.9664e-07 2.92267e-07 7.71384)
(-7.60627e-08 2.1872e-07 7.14923)
(-8.80862e-09 9.13679e-08 6.50936)
(1.50975e-08 2.57952e-08 11.7287)
(-1.15732e-08 2.08459e-08 11.6418)
(-4.34677e-08 9.72456e-09 11.5805)
(2.63295e-08 4.89625e-08 11.629)
(-4.6161e-09 3.99569e-08 11.5223)
(-4.51473e-08 1.81127e-08 11.4397)
(2.90325e-08 7.89302e-08 11.3945)
(-5.51391e-10 6.38077e-08 11.2361)
(-4.41866e-08 2.81085e-08 11.0933)
(2.44697e-08 1.15386e-07 11.0441)
(1.42193e-09 9.12929e-08 10.8128)
(-3.92967e-08 3.90937e-08 10.5725)
(7.77965e-09 1.54826e-07 10.6107)
(-1.18761e-09 1.19831e-07 10.2933)
(-3.26932e-08 4.97937e-08 9.93678)
(-2.08837e-08 1.93658e-07 10.1335)
(-8.82379e-09 1.47253e-07 9.72371)
(-2.58806e-08 5.95397e-08 9.25535)
(-5.95493e-08 2.28613e-07 9.64263)
(-2.17112e-08 1.71237e-07 9.14996)
(-2.0044e-08 6.7973e-08 8.58798)
(-1.0467e-07 2.56693e-07 9.15099)
(-3.85178e-08 1.9013e-07 8.59562)
(-1.55513e-08 7.49939e-08 7.9673)
(-1.51755e-07 2.74906e-07 8.61598)
(-5.74809e-08 2.01693e-07 8.02651)
(-1.30876e-08 8.02481e-08 7.36522)
(-1.87729e-07 2.77965e-07 7.71384)
(-6.99803e-08 1.99155e-07 7.14923)
(-9.92723e-09 8.11057e-08 6.50936)
(2.04922e-09 1.32173e-08 11.7287)
(-2.5736e-08 1.23647e-08 11.6418)
(-5.76569e-08 6.54989e-09 11.5805)
(1.28796e-08 3.37866e-08 11.629)
(-1.98002e-08 2.85054e-08 11.5223)
(-6.12244e-08 1.355e-08 11.4397)
(1.63123e-08 6.08011e-08 11.3945)
(-1.49506e-08 4.83841e-08 11.2361)
(-6.05495e-08 2.16631e-08 11.0933)
(1.40177e-08 9.42596e-08 11.0441)
(-1.04923e-08 7.11665e-08 10.8128)
(-5.4707e-08 3.03243e-08 10.5725)
(1.06814e-09 1.30947e-07 10.6107)
(-9.2506e-09 9.46773e-08 10.2933)
(-4.61714e-08 3.85244e-08 9.93678)
(-2.27185e-08 1.67629e-07 10.1335)
(-1.23369e-08 1.17299e-07 9.72371)
(-3.67204e-08 4.58444e-08 9.25535)
(-5.60835e-08 2.01289e-07 9.64263)
(-2.02774e-08 1.37586e-07 9.14996)
(-2.79176e-08 5.22228e-08 8.58798)
(-9.61265e-08 2.29417e-07 9.15099)
(-3.24271e-08 1.54763e-07 8.59562)
(-2.04162e-08 5.80316e-08 7.9673)
(-1.39235e-07 2.50005e-07 8.61598)
(-4.79021e-08 1.6767e-07 8.02651)
(-1.49762e-08 6.33655e-08 7.36521)
(-1.74658e-07 2.58803e-07 7.71384)
(-5.97245e-08 1.71374e-07 7.14923)
(-9.72689e-09 6.65458e-08 6.50936)
(-1.51795e-08 1.06815e-08 11.7287)
(-4.13704e-08 8.76471e-09 11.6418)
(-7.33289e-08 5.32052e-09 11.5805)
(-5.74543e-09 3.06861e-08 11.629)
(-3.70784e-08 2.28395e-08 11.5223)
(-7.87988e-08 1.11832e-08 11.4397)
(-2.77823e-09 5.69139e-08 11.3945)
(-3.19285e-08 3.97164e-08 11.2361)
(-7.83092e-08 1.76515e-08 11.0933)
(-4.23951e-09 8.95676e-08 11.0441)
(-2.53908e-08 5.88074e-08 10.8128)
(-7.13042e-08 2.42277e-08 10.5725)
(-1.47851e-08 1.25278e-07 10.6107)
(-2.06249e-08 7.81453e-08 10.2933)
(-6.05714e-08 3.01286e-08 9.93678)
(-3.46534e-08 1.60518e-07 10.1335)
(-1.90699e-08 9.63433e-08 9.72371)
(-4.81664e-08 3.50782e-08 9.25535)
(-6.26158e-08 1.91908e-07 9.64263)
(-2.17936e-08 1.12227e-07 9.14996)
(-3.60014e-08 3.92825e-08 8.58798)
(-9.61954e-08 2.16892e-07 9.15099)
(-2.87612e-08 1.25531e-07 8.59562)
(-2.51386e-08 4.33025e-08 7.9673)
(-1.32721e-07 2.33804e-07 8.61598)
(-3.97133e-08 1.35997e-07 8.02651)
(-1.66537e-08 4.76473e-08 7.36521)
(-1.6296e-07 2.40352e-07 7.71384)
(-4.92043e-08 1.40869e-07 7.14923)
(-9.38514e-09 5.14426e-08 6.50936)
(-3.50052e-08 3.60391e-09 11.7287)
(-5.96231e-08 2.80251e-09 11.6418)
(-9.0497e-08 2.84951e-09 11.5805)
(-2.75609e-08 2.14721e-08 11.629)
(-5.75576e-08 1.40431e-08 11.5223)
(-9.84207e-08 7.24261e-09 11.4397)
(-2.50828e-08 4.54707e-08 11.3945)
(-5.25751e-08 2.71963e-08 11.2361)
(-9.87157e-08 1.17491e-08 11.0933)
(-2.52591e-08 7.58043e-08 11.0441)
(-4.414e-08 4.18776e-08 10.8128)
(-9.11263e-08 1.59053e-08 10.5725)
(-3.25376e-08 1.09378e-07 10.6107)
(-3.56423e-08 5.64849e-08 10.2933)
(-7.85444e-08 1.92516e-08 9.93678)
(-4.75055e-08 1.43096e-07 10.1335)
(-2.92553e-08 7.00756e-08 9.72371)
(-6.31631e-08 2.17224e-08 9.25535)
(-6.97193e-08 1.73711e-07 9.64263)
(-2.62807e-08 8.21497e-08 9.14996)
(-4.72457e-08 2.37693e-08 8.58798)
(-9.71583e-08 1.98644e-07 9.15099)
(-2.72214e-08 9.29099e-08 8.59562)
(-3.22479e-08 2.62937e-08 7.9673)
(-1.27367e-07 2.16e-07 8.61598)
(-3.2499e-08 1.02456e-07 8.02651)
(-1.95424e-08 3.00259e-08 7.36521)
(-1.51995e-07 2.22765e-07 7.71384)
(-3.81338e-08 1.08996e-07 7.14923)
(-9.11336e-09 3.46873e-08 6.50936)
(-4.53342e-08 -1.49758e-08 11.7287)
(-7.18559e-08 -8.84908e-09 11.6418)
(-1.01403e-07 -1.93002e-09 11.5805)
(-3.78694e-08 -1.4611e-09 11.629)
(-7.01608e-08 -1.47216e-09 11.5223)
(-1.10443e-07 7.48463e-10 11.4397)
(-3.37822e-08 1.77845e-08 11.3945)
(-6.39313e-08 6.90597e-09 11.2361)
(-1.10679e-07 3.12258e-09 11.0933)
(-3.05409e-08 4.31793e-08 11.0441)
(-5.27016e-08 1.61498e-08 10.8128)
(-1.02346e-07 4.81803e-09 10.5725)
(-3.28234e-08 7.234e-08 10.6107)
(-4.02266e-08 2.5181e-08 10.2933)
(-8.84507e-08 5.66991e-09 9.93678)
(-4.203e-08 1.03182e-07 10.1335)
(-2.9156e-08 3.38456e-08 9.72371)
(-7.12905e-08 5.84439e-09 9.25535)
(-5.87587e-08 1.3333e-07 9.64263)
(-2.15992e-08 4.24058e-08 9.14996)
(-5.32673e-08 6.08333e-09 8.58798)
(-8.21601e-08 1.60751e-07 9.15099)
(-1.87064e-08 5.16896e-08 8.59562)
(-3.59799e-08 7.39845e-09 7.9673)
(-1.10611e-07 1.83288e-07 8.61598)
(-2.11019e-08 6.22283e-08 8.02651)
(-2.09277e-08 1.07644e-08 7.36521)
(-1.36045e-07 1.97659e-07 7.71384)
(-2.57209e-08 7.30881e-08 7.14923)
(-8.5721e-09 1.64709e-08 6.50936)
(-4.93454e-08 -3.11828e-08 11.7287)
(-7.83336e-08 -1.92427e-08 11.6418)
(-1.07552e-07 -5.9145e-09 11.5805)
(-4.1029e-08 -2.11655e-08 11.629)
(-7.63961e-08 -1.54928e-08 11.5223)
(-1.1718e-07 -4.80286e-09 11.4397)
(-3.51592e-08 -6.04416e-09 11.3945)
(-6.87179e-08 -1.18063e-08 11.2361)
(-1.17026e-07 -4.4628e-09 11.0933)
(-2.88989e-08 1.49717e-08 11.0441)
(-5.48549e-08 -7.99348e-09 10.8128)
(-1.07769e-07 -5.15109e-09 10.5725)
(-2.71146e-08 3.98911e-08 10.6107)
(-3.89404e-08 -4.73828e-09 10.2933)
(-9.2641e-08 -6.80914e-09 9.93678)
(-3.16532e-08 6.71385e-08 10.1335)
(-2.42064e-08 -1.72092e-09 9.72371)
(-7.4104e-08 -9.10955e-09 9.25535)
(-4.37422e-08 9.48497e-08 9.64263)
(-1.28656e-08 2.10202e-09 9.14996)
(-5.47344e-08 -1.11617e-08 8.58798)
(-6.30753e-08 1.21706e-07 9.15099)
(-6.46037e-09 8.30865e-09 8.59562)
(-3.62085e-08 -1.16687e-08 7.9673)
(-8.87841e-08 1.46709e-07 8.61598)
(-6.14895e-09 1.83119e-08 8.02651)
(-1.99011e-08 -9.43522e-09 7.36521)
(-1.15259e-07 1.67995e-07 7.71384)
(-1.0262e-08 3.29977e-08 7.14923)
(-6.78295e-09 -3.41871e-09 6.50936)
(-5.82494e-08 -3.92162e-08 11.7287)
(-8.68244e-08 -2.57494e-08 11.6418)
(-1.16518e-07 -8.21211e-09 11.5805)
(-5.06309e-08 -3.10567e-08 11.629)
(-8.58988e-08 -2.50158e-08 11.5223)
(-1.27874e-07 -8.50373e-09 11.4397)
(-4.45368e-08 -1.82401e-08 11.3945)
(-7.767e-08 -2.55229e-08 11.2361)
(-1.28151e-07 -1.01556e-08 11.0933)
(-3.67479e-08 3.02319e-10 11.0441)
(-6.16121e-08 -2.67905e-08 10.8128)
(-1.18243e-07 -1.33527e-08 10.5725)
(-3.19132e-08 2.25998e-08 10.6107)
(-4.21692e-08 -2.91825e-08 10.2933)
(-1.0158e-07 -1.77706e-08 9.93678)
(-3.20638e-08 4.69953e-08 10.1335)
(-2.29644e-08 -3.19485e-08 9.72371)
(-8.08383e-08 -2.28669e-08 9.25535)
(-3.86343e-08 7.14742e-08 9.64263)
(-6.88873e-09 -3.35559e-08 9.14996)
(-5.89467e-08 -2.74015e-08 8.58798)
(-5.18472e-08 9.49563e-08 9.15099)
(3.86525e-09 -3.17596e-08 8.59562)
(-3.798e-08 -2.98702e-08 7.9673)
(-7.18703e-08 1.17093e-07 8.61598)
(7.69934e-09 -2.42509e-08 8.02651)
(-1.95744e-08 -2.87886e-08 7.36521)
(-9.5233e-08 1.38468e-07 7.71384)
(4.86061e-09 -8.17092e-09 7.14923)
(-5.27362e-09 -2.26286e-08 6.50936)
(-7.50407e-08 -5.17215e-08 11.7287)
(-1.01933e-07 -3.54221e-08 11.6418)
(-1.31606e-07 -1.19187e-08 11.5805)
(-6.89308e-08 -4.63613e-08 11.629)
(-1.02189e-07 -3.83244e-08 11.5223)
(-1.44665e-07 -1.39204e-08 11.4397)
(-6.27173e-08 -3.6471e-08 11.3945)
(-9.29919e-08 -4.36546e-08 11.2361)
(-1.44949e-07 -1.79096e-08 11.0933)
(-5.28664e-08 -2.09244e-08 11.0441)
(-7.38482e-08 -5.07098e-08 10.8128)
(-1.33793e-07 -2.40621e-08 10.5725)
(-4.38369e-08 -1.45713e-09 10.6107)
(-4.96121e-08 -5.94187e-08 10.2933)
(-1.14863e-07 -3.16794e-08 9.93678)
(-3.80746e-08 2.06679e-08 10.1335)
(-2.47851e-08 -6.8429e-08 9.72371)
(-9.10452e-08 -3.99248e-08 9.25535)
(-3.78782e-08 4.34886e-08 9.64262)
(-2.65257e-09 -7.5313e-08 9.14996)
(-6.56913e-08 -4.71694e-08 8.58798)
(-4.40587e-08 6.59604e-08 9.15099)
(1.38427e-08 -7.71144e-08 8.59562)
(-4.13063e-08 -5.14459e-08 7.9673)
(-5.72466e-08 8.78501e-08 8.61598)
(2.24038e-08 -7.08673e-08 8.02651)
(-1.97531e-08 -5.09813e-08 7.36521)
(-7.57354e-08 1.09907e-07 7.71384)
(2.17127e-08 -5.22753e-08 7.14923)
(-3.53801e-09 -4.36273e-08 6.50936)
(-8.7617e-08 -7.2761e-08 11.7287)
(-1.15143e-07 -4.91036e-08 11.6418)
(-1.44087e-07 -1.72328e-08 11.5805)
(-8.20281e-08 -7.19039e-08 11.629)
(-1.15694e-07 -5.621e-08 11.5223)
(-1.583e-07 -2.10418e-08 11.4397)
(-7.46441e-08 -6.66702e-08 11.3945)
(-1.04979e-07 -6.66056e-08 11.2361)
(-1.58412e-07 -2.72066e-08 11.0933)
(-6.16738e-08 -5.56532e-08 11.0441)
(-8.26199e-08 -7.93287e-08 10.8128)
(-1.46278e-07 -3.58838e-08 10.5725)
(-4.75561e-08 -4.00862e-08 10.6107)
(-5.37714e-08 -9.38552e-08 10.2933)
(-1.2568e-07 -4.60494e-08 9.93678)
(-3.54781e-08 -2.05132e-08 10.1335)
(-2.35308e-08 -1.08277e-07 9.72371)
(-9.96173e-08 -5.67132e-08 9.25535)
(-2.86119e-08 1.5462e-09 9.64262)
(4.11141e-09 -1.19638e-07 9.14996)
(-7.16147e-08 -6.60283e-08 8.58798)
(-2.88285e-08 2.52938e-08 9.15099)
(2.55074e-08 -1.24491e-07 8.59562)
(-4.44453e-08 -7.19425e-08 7.9673)
(-3.76521e-08 5.0236e-08 8.61598)
(3.79331e-08 -1.19302e-07 8.02651)
(-2.02281e-08 -7.238e-08 7.36521)
(-5.4376e-08 7.7361e-08 7.71384)
(3.87545e-08 -9.81429e-08 7.14923)
(-2.15541e-09 -6.43889e-08 6.50936)
(-9.29344e-08 -8.86439e-08 11.7287)
(-1.21915e-07 -5.88485e-08 11.6418)
(-1.49837e-07 -2.08398e-08 11.5805)
(-8.76209e-08 -9.18315e-08 11.629)
(-1.23298e-07 -6.9591e-08 11.5223)
(-1.65655e-07 -2.61206e-08 11.4397)
(-7.96178e-08 -9.08565e-08 11.3945)
(-1.12432e-07 -8.40995e-08 11.2361)
(-1.66735e-07 -3.39335e-08 11.0933)
(-6.48854e-08 -8.39108e-08 11.0441)
(-8.88634e-08 -1.01044e-07 10.8128)
(-1.55074e-07 -4.42801e-08 10.5725)
(-4.7796e-08 -7.18535e-08 10.6107)
(-5.77806e-08 -1.19702e-07 10.2933)
(-1.343e-07 -5.60078e-08 9.93678)
(-3.16938e-08 -5.49936e-08 10.1335)
(-2.45489e-08 -1.38181e-07 9.72371)
(-1.07334e-07 -6.81827e-08 9.25535)
(-2.01322e-08 -3.47226e-08 9.64262)
(6.97574e-09 -1.53467e-07 9.14996)
(-7.77438e-08 -7.91292e-08 8.58798)
(-1.52391e-08 -1.16241e-08 9.15099)
(3.29766e-08 -1.6208e-07 8.59562)
(-4.84079e-08 -8.68305e-08 7.9673)
(-1.8965e-08 1.44707e-08 8.61598)
(5.02382e-08 -1.6007e-07 8.02651)
(-2.15257e-08 -8.91626e-08 7.36521)
(-3.29402e-08 4.54281e-08 7.71384)
(5.453e-08 -1.3976e-07 7.14923)
(-1.17671e-09 -8.24291e-08 6.50936)
(-9.68379e-08 -9.45515e-08 11.7287)
(-1.25939e-07 -6.29245e-08 11.6418)
(-1.53093e-07 -2.2284e-08 11.5805)
(-9.18432e-08 -1.00018e-07 11.629)
(-1.27915e-07 -7.597e-08 11.5223)
(-1.6979e-07 -2.85227e-08 11.4397)
(-8.36336e-08 -1.01533e-07 11.3945)
(-1.17023e-07 -9.30744e-08 11.2361)
(-1.71377e-07 -3.73546e-08 11.0933)
(-6.80341e-08 -9.69289e-08 11.0441)
(-9.28416e-08 -1.12583e-07 10.8128)
(-1.59969e-07 -4.86831e-08 10.5725)
(-4.92401e-08 -8.70246e-08 10.6107)
(-6.05149e-08 -1.33718e-07 10.2933)
(-1.39144e-07 -6.12816e-08 9.93678)
(-3.05551e-08 -7.2315e-08 10.1335)
(-2.53417e-08 -1.54771e-07 9.72371)
(-1.11771e-07 -7.43219e-08 9.25535)
(-1.53946e-08 -5.44802e-08 9.64262)
(8.68883e-09 -1.73123e-07 9.14996)
(-8.13853e-08 -8.62682e-08 8.58798)
(-6.02095e-09 -3.42432e-08 9.15099)
(3.77263e-08 -1.8563e-07 8.59562)
(-5.08989e-08 -9.53883e-08 7.9673)
(-4.7716e-09 -1.13027e-08 8.61598)
(5.86372e-08 -1.8842e-07 8.02651)
(-2.25552e-08 -9.96841e-08 7.36521)
(-1.45466e-08 1.76343e-08 7.71384)
(6.64784e-08 -1.7297e-07 7.14923)
(-7.39835e-10 -9.53617e-08 6.50936)
(-1.03347e-07 -1.01432e-07 11.7287)
(-1.32256e-07 -6.74273e-08 11.6418)
(-1.58474e-07 -2.41334e-08 11.5805)
(-9.87691e-08 -1.09646e-07 11.629)
(-1.34569e-07 -8.25855e-08 11.5223)
(-1.75457e-07 -3.12096e-08 11.4397)
(-9.01367e-08 -1.14041e-07 11.3945)
(-1.23317e-07 -1.01992e-07 11.2361)
(-1.76906e-07 -4.088e-08 11.0933)
(-7.31663e-08 -1.12324e-07 11.0441)
(-9.81599e-08 -1.23761e-07 10.8128)
(-1.65164e-07 -5.29625e-08 10.5725)
(-5.1996e-08 -1.04977e-07 10.6107)
(-6.43085e-08 -1.46987e-07 10.2933)
(-1.43799e-07 -6.61532e-08 9.93678)
(-3.01046e-08 -9.22626e-08 10.1335)
(-2.7306e-08 -1.69978e-07 9.72371)
(-1.15688e-07 -7.96833e-08 9.25535)
(-1.12911e-08 -7.58089e-08 9.64262)
(9.00953e-09 -1.90158e-07 9.14996)
(-8.43933e-08 -9.21684e-08 8.58798)
(2.04289e-09 -5.64679e-08 9.15099)
(4.07909e-08 -2.04682e-07 8.59562)
(-5.28448e-08 -1.02005e-07 7.9673)
(7.64544e-09 -3.41105e-08 8.61598)
(6.49385e-08 -2.10152e-07 8.02651)
(-2.31879e-08 -1.07465e-07 7.36521)
(1.66503e-09 -5.96805e-09 7.71384)
(7.60795e-08 -1.98469e-07 7.14923)
(-2.18139e-10 -1.04957e-07 6.50936)
(-1.04416e-07 -1.12818e-07 11.7287)
(-1.35618e-07 -7.30954e-08 11.6418)
(-1.61019e-07 -2.64655e-08 11.5805)
(-9.95834e-08 -1.24742e-07 11.629)
(-1.38158e-07 -9.01305e-08 11.5223)
(-1.78706e-07 -3.40955e-08 11.4397)
(-9.00061e-08 -1.33132e-07 11.3945)
(-1.26938e-07 -1.11286e-07 11.2361)
(-1.80864e-07 -4.40874e-08 11.0933)
(-7.12677e-08 -1.35394e-07 11.0441)
(-1.0152e-07 -1.34477e-07 10.8128)
(-1.69767e-07 -5.61464e-08 10.5725)
(-4.75155e-08 -1.31492e-07 10.6107)
(-6.70639e-08 -1.58688e-07 10.2933)
(-1.48739e-07 -6.89901e-08 9.93678)
(-2.25978e-08 -1.21182e-07 10.1335)
(-2.89917e-08 -1.82242e-07 9.72371)
(-1.20558e-07 -8.2005e-08 9.25535)
(-6.52194e-10 -1.05687e-07 9.64262)
(8.67346e-09 -2.02851e-07 9.14996)
(-8.86917e-08 -9.40593e-08 8.58798)
(1.53781e-08 -8.57165e-08 9.15099)
(4.20469e-08 -2.18071e-07 8.59562)
(-5.61185e-08 -1.03963e-07 7.9673)
(2.28903e-08 -6.14343e-08 8.61598)
(6.82536e-08 -2.24955e-07 8.02651)
(-2.50839e-08 -1.10254e-07 7.36521)
(1.75744e-08 -3.0242e-08 7.71384)
(8.17107e-08 -2.15934e-07 7.14923)
(-7.12801e-10 -1.09636e-07 6.50936)
(-9.80801e-08 -1.18511e-07 11.7287)
(-1.33103e-07 -7.4905e-08 11.6418)
(-1.585e-07 -2.71924e-08 11.5805)
(-9.19223e-08 -1.32365e-07 11.629)
(-1.35366e-07 -9.23897e-08 11.5223)
(-1.7648e-07 -3.47996e-08 11.4397)
(-8.12551e-08 -1.43069e-07 11.3945)
(-1.24426e-07 -1.13703e-07 11.2361)
(-1.79446e-07 -4.44553e-08 11.0933)
(-6.15491e-08 -1.47745e-07 11.0441)
(-9.97453e-08 -1.36562e-07 10.8128)
(-1.69435e-07 -5.5753e-08 10.5725)
(-3.71e-08 -1.46192e-07 10.6107)
(-6.62985e-08 -1.60116e-07 10.2933)
(-1.49491e-07 -6.75802e-08 9.93678)
(-1.15838e-08 -1.38148e-07 10.1335)
(-2.92636e-08 -1.83115e-07 9.72371)
(-1.22209e-07 -7.95734e-08 9.25535)
(1.10338e-08 -1.24777e-07 9.64262)
(7.85619e-09 -2.03771e-07 9.14996)
(-9.08609e-08 -9.10128e-08 8.58798)
(2.81177e-08 -1.06644e-07 9.15098)
(4.15909e-08 -2.20171e-07 8.59562)
(-5.8286e-08 -1.01015e-07 7.9673)
(3.72402e-08 -8.3315e-08 8.61598)
(6.9287e-08 -2.29719e-07 8.02651)
(-2.65924e-08 -1.08462e-07 7.36521)
(3.27049e-08 -5.15533e-08 7.71384)
(8.50654e-08 -2.25176e-07 7.14923)
(-1.24435e-09 -1.10399e-07 6.50936)
(-8.91086e-08 -1.16837e-07 11.7287)
(-1.27129e-07 -7.28257e-08 11.6418)
(-1.534e-07 -2.64143e-08 11.5805)
(-8.15371e-08 -1.30318e-07 11.629)
(-1.28885e-07 -8.93461e-08 11.5223)
(-1.71384e-07 -3.3523e-08 11.4397)
(-7.01415e-08 -1.40902e-07 11.3945)
(-1.18305e-07 -1.09369e-07 11.2361)
(-1.75043e-07 -4.2428e-08 11.0933)
(-5.03323e-08 -1.45564e-07 11.0441)
(-9.47324e-08 -1.3054e-07 10.8128)
(-1.66137e-07 -5.26823e-08 10.5725)
(-2.64885e-08 -1.44356e-07 10.6107)
(-6.29639e-08 -1.5228e-07 10.2933)
(-1.47477e-07 -6.33523e-08 9.93678)
(-1.96473e-09 -1.37439e-07 10.1335)
(-2.77089e-08 -1.73792e-07 9.72371)
(-1.21481e-07 -7.42663e-08 9.25535)
(1.98903e-08 -1.26354e-07 9.64262)
(7.72197e-09 -1.93965e-07 9.14996)
(-9.1183e-08 -8.49232e-08 8.58798)
(3.6882e-08 -1.11887e-07 9.15098)
(4.02605e-08 -2.11505e-07 8.59562)
(-5.92785e-08 -9.47723e-08 7.9673)
(4.69043e-08 -9.35034e-08 8.61598)
(6.78397e-08 -2.24319e-07 8.02651)
(-2.78041e-08 -1.02984e-07 7.36521)
(4.40036e-08 -6.69328e-08 7.71384)
(8.49319e-08 -2.25937e-07 7.14923)
(-2.17133e-09 -1.07241e-07 6.50936)
(-7.8409e-08 -1.19519e-07 11.7287)
(-1.19056e-07 -7.3255e-08 11.6418)
(-1.45673e-07 -2.67513e-08 11.5805)
(-6.97746e-08 -1.33631e-07 11.629)
(-1.20432e-07 -8.94881e-08 11.5223)
(-1.63811e-07 -3.36469e-08 11.4397)
(-5.77145e-08 -1.44974e-07 11.3945)
(-1.10375e-07 -1.08985e-07 11.2361)
(-1.68487e-07 -4.21881e-08 11.0933)
(-3.7601e-08 -1.50562e-07 11.0441)
(-8.79621e-08 -1.29403e-07 10.8128)
(-1.61134e-07 -5.18977e-08 10.5725)
(-1.3912e-08 -1.5031e-07 10.6107)
(-5.78579e-08 -1.50196e-07 10.2933)
(-1.4423e-07 -6.19084e-08 9.93678)
(1.00164e-08 -1.44268e-07 10.1335)
(-2.46011e-08 -1.70603e-07 9.72371)
(-1.19928e-07 -7.20723e-08 9.25535)
(3.08434e-08 -1.33893e-07 9.64262)
(8.85956e-09 -1.8958e-07 9.14996)
(-9.10503e-08 -8.19656e-08 8.58798)
(4.66766e-08 -1.20118e-07 9.15098)
(3.97686e-08 -2.0613e-07 8.59562)
(-6.01005e-08 -9.10866e-08 7.9673)
(5.60702e-08 -1.02656e-07 8.61598)
(6.64615e-08 -2.18789e-07 8.02651)
(-2.89401e-08 -9.88672e-08 7.36521)
(5.31503e-08 -7.81588e-08 7.71384)
(8.3739e-08 -2.22575e-07 7.14923)
(-3.1084e-09 -1.03583e-07 6.50936)
(-5.87009e-08 -1.28116e-07 11.7287)
(-1.03596e-07 -7.66979e-08 11.6418)
(-1.30143e-07 -2.82884e-08 11.5805)
(-4.74775e-08 -1.43944e-07 11.629)
(-1.02828e-07 -9.32643e-08 11.5223)
(-1.46705e-07 -3.51454e-08 11.4397)
(-3.33259e-08 -1.57449e-07 11.3945)
(-9.20011e-08 -1.12921e-07 11.2361)
(-1.51195e-07 -4.34499e-08 11.0933)
(-1.1692e-08 -1.65483e-07 11.0441)
(-7.00358e-08 -1.3329e-07 10.8128)
(-1.44919e-07 -5.26645e-08 10.5725)
(1.26678e-08 -1.67608e-07 10.6107)
(-4.15412e-08 -1.53704e-07 10.2933)
(-1.30131e-07 -6.19569e-08 9.93678)
(3.61141e-08 -1.63382e-07 10.1335)
(-1.08036e-08 -1.73252e-07 9.72371)
(-1.08764e-07 -7.12057e-08 9.25535)
(5.52072e-08 -1.53712e-07 9.64262)
(1.92462e-08 -1.90891e-07 9.14996)
(-8.32293e-08 -8.0064e-08 8.58798)
(6.78483e-08 -1.39233e-07 9.15098)
(4.6145e-08 -2.05734e-07 8.59562)
(-5.55935e-08 -8.82453e-08 7.9673)
(7.27478e-08 -1.19772e-07 8.61598)
(6.8852e-08 -2.16592e-07 8.02651)
(-2.73192e-08 -9.53176e-08 7.36521)
(6.44625e-08 -9.21285e-08 7.71384)
(8.28262e-08 -2.19238e-07 7.14923)
(-3.41529e-09 -9.98439e-08 6.50936)
(-3.48293e-08 -1.27575e-07 11.7287)
(-8.27326e-08 -7.53091e-08 11.6418)
(-1.09481e-07 -2.77589e-08 11.5805)
(-2.06837e-08 -1.43192e-07 11.629)
(-7.92747e-08 -9.13476e-08 11.5223)
(-1.23269e-07 -3.42725e-08 11.4397)
(-4.81188e-09 -1.57036e-07 11.3945)
(-6.75654e-08 -1.10324e-07 11.2361)
(-1.26629e-07 -4.20579e-08 11.0933)
(1.71775e-08 -1.65843e-07 11.0441)
(-4.64611e-08 -1.29758e-07 10.8128)
(-1.208e-07 -5.04625e-08 10.5725)
(4.03179e-08 -1.69223e-07 10.6107)
(-2.04932e-08 -1.49078e-07 10.2933)
(-1.08015e-07 -5.87771e-08 9.93678)
(6.13018e-08 -1.66898e-07 10.1335)
(6.37504e-09 -1.67638e-07 9.72371)
(-9.00454e-08 -6.70063e-08 9.25535)
(7.71624e-08 -1.59734e-07 9.64262)
(3.18389e-08 -1.84655e-07 9.14996)
(-6.89242e-08 -7.50714e-08 8.58798)
(8.63728e-08 -1.48115e-07 9.15098)
(5.40599e-08 -1.99448e-07 8.59562)
(-4.61593e-08 -8.28404e-08 7.9673)
(8.80599e-08 -1.30922e-07 8.61598)
(7.24966e-08 -2.10748e-07 8.02651)
(-2.24978e-08 -9.0039e-08 7.36521)
(7.57457e-08 -1.03735e-07 7.71384)
(8.28149e-08 -2.14051e-07 7.14923)
(-2.34255e-09 -9.52731e-08 6.50936)
(-1.67655e-08 -1.14185e-07 11.7287)
(-6.37807e-08 -6.73352e-08 11.6418)
(-9.09985e-08 -2.45894e-08 11.5805)
(-1.42701e-09 -1.26981e-07 11.629)
(-5.87052e-08 -8.15299e-08 11.5223)
(-1.02312e-07 -3.03479e-08 11.4397)
(1.42076e-08 -1.38174e-07 11.3945)
(-4.70753e-08 -9.83926e-08 11.2361)
(-1.04673e-07 -3.72744e-08 11.0933)
(3.43087e-08 -1.44592e-07 11.0441)
(-2.76621e-08 -1.15459e-07 10.8128)
(-9.91128e-08 -4.4635e-08 10.5725)
(5.41244e-08 -1.46378e-07 10.6107)
(-4.83394e-09 -1.3239e-07 10.2933)
(-8.78925e-08 -5.18572e-08 9.93678)
(7.10315e-08 -1.44121e-07 10.1335)
(1.80946e-08 -1.4898e-07 9.72371)
(-7.26938e-08 -5.90461e-08 9.25535)
(8.31861e-08 -1.39419e-07 9.64262)
(3.91442e-08 -1.65129e-07 9.14996)
(-5.52864e-08 -6.62615e-08 8.58798)
(8.99263e-08 -1.33095e-07 9.15098)
(5.70029e-08 -1.80668e-07 8.59562)
(-3.68433e-08 -7.36194e-08 7.9673)
(9.09197e-08 -1.2387e-07 8.61598)
(7.17872e-08 -1.94508e-07 8.02651)
(-1.76587e-08 -8.10035e-08 7.36521)
(7.97045e-08 -1.05912e-07 7.71384)
(7.96274e-08 -2.02112e-07 7.14923)
(-1.42439e-09 -8.73421e-08 6.50936)
(-4.9616e-09 -1.02515e-07 11.7287)
(-5.00058e-08 -6.06599e-08 11.6418)
(-7.72214e-08 -2.21727e-08 11.5805)
(1.10701e-08 -1.12506e-07 11.629)
(-4.30076e-08 -7.28279e-08 11.5223)
(-8.52863e-08 -2.71764e-08 11.4397)
(2.63812e-08 -1.20676e-07 11.3945)
(-3.08916e-08 -8.72937e-08 11.2361)
(-8.55982e-08 -3.32709e-08 11.0933)
(4.47204e-08 -1.24263e-07 11.0441)
(-1.25193e-08 -1.01777e-07 10.8128)
(-7.92747e-08 -3.97511e-08 10.5725)
(6.13952e-08 -1.23761e-07 10.6107)
(7.86308e-09 -1.16111e-07 10.2933)
(-6.8734e-08 -4.61162e-08 9.93678)
(7.43279e-08 -1.2018e-07 10.1335)
(2.7238e-08 -1.30345e-07 9.72371)
(-5.56134e-08 -5.24647e-08 9.25535)
(8.23403e-08 -1.15556e-07 9.64262)
(4.4173e-08 -1.44696e-07 9.14996)
(-4.14732e-08 -5.89083e-08 8.58798)
(8.57585e-08 -1.11329e-07 9.15098)
(5.79294e-08 -1.5946e-07 8.59562)
(-2.71155e-08 -6.55672e-08 7.9673)
(8.55223e-08 -1.06872e-07 8.61598)
(6.92527e-08 -1.7411e-07 8.02651)
(-1.22759e-08 -7.24915e-08 7.36521)
(7.64102e-08 -9.77646e-08 7.71384)
(7.50394e-08 -1.85157e-07 7.14923)
(-2.27837e-11 -7.89621e-08 6.50936)
(1.05339e-08 -9.70354e-08 11.7287)
(-3.51644e-08 -5.65287e-08 11.6418)
(-6.24103e-08 -2.08201e-08 11.5805)
(2.85311e-08 -1.05164e-07 11.629)
(-2.51698e-08 -6.65574e-08 11.5223)
(-6.6579e-08 -2.48862e-08 11.4397)
(4.47667e-08 -1.11453e-07 11.3945)
(-1.17323e-08 -7.83372e-08 11.2361)
(-6.43305e-08 -2.98055e-08 11.0933)
(6.2551e-08 -1.13405e-07 11.0441)
(6.16169e-09 -8.98299e-08 10.8128)
(-5.69621e-08 -3.49152e-08 10.5725)
(7.69938e-08 -1.11591e-07 10.6107)
(2.42691e-08 -1.01041e-07 10.2933)
(-4.70706e-08 -3.98533e-08 9.93678)
(8.61335e-08 -1.06948e-07 10.1335)
(3.99516e-08 -1.1221e-07 9.72371)
(-3.62857e-08 -4.48111e-08 9.25535)
(8.92799e-08 -1.01331e-07 9.64262)
(5.20025e-08 -1.23939e-07 9.14996)
(-2.58366e-08 -5.00277e-08 8.58798)
(8.72084e-08 -9.63558e-08 9.15098)
(6.02848e-08 -1.36936e-07 8.59562)
(-1.60958e-08 -5.5849e-08 7.9673)
(8.17235e-08 -9.22667e-08 8.61598)
(6.64006e-08 -1.51198e-07 8.02651)
(-6.31135e-09 -6.24089e-08 7.36521)
(6.99547e-08 -8.62464e-08 7.71384)
(6.85756e-08 -1.64314e-07 7.14923)
(1.43881e-09 -6.91915e-08 6.50936)
(2.64178e-08 -8.44684e-08 11.7287)
(-2.00915e-08 -4.78097e-08 11.6418)
(-4.82189e-08 -1.74294e-08 11.5805)
(4.61016e-08 -8.96109e-08 11.629)
(-8.18893e-09 -5.47747e-08 11.5223)
(-4.98546e-08 -2.00951e-08 11.4397)
(6.24978e-08 -9.3067e-08 11.3945)
(5.38651e-09 -6.28978e-08 11.2361)
(-4.63927e-08 -2.33176e-08 11.0933)
(7.86412e-08 -9.25399e-08 11.0441)
(2.16322e-08 -7.03366e-08 10.8128)
(-3.89295e-08 -2.64101e-08 10.5725)
(8.9526e-08 -8.88514e-08 10.6107)
(3.63785e-08 -7.7513e-08 10.2933)
(-3.00977e-08 -2.93238e-08 9.93678)
(9.37339e-08 -8.32695e-08 10.1335)
(4.74974e-08 -8.5174e-08 9.72371)
(-2.14571e-08 -3.24782e-08 9.25535)
(9.12627e-08 -7.77871e-08 9.64262)
(5.45471e-08 -9.44521e-08 9.14996)
(-1.4012e-08 -3.64576e-08 8.58798)
(8.3834e-08 -7.40456e-08 9.15098)
(5.81552e-08 -1.06509e-07 8.59562)
(-7.83751e-09 -4.17864e-08 7.9673)
(7.41554e-08 -7.2043e-08 8.61598)
(6.04028e-08 -1.2167e-07 8.02651)
(-1.80926e-09 -4.87716e-08 7.36521)
(6.02791e-08 -6.95669e-08 7.71384)
(6.04412e-08 -1.38234e-07 7.14923)
(2.56525e-09 -5.70772e-08 6.50936)
(3.43372e-08 -6.31988e-08 11.7287)
(-1.05469e-08 -3.49666e-08 11.6418)
(-4.02654e-08 -1.23799e-08 11.5805)
(5.46542e-08 -6.34726e-08 11.629)
(2.53441e-09 -3.80248e-08 11.5223)
(-3.99754e-08 -1.34261e-08 11.4397)
(7.03155e-08 -6.19805e-08 11.3945)
(1.60317e-08 -4.17706e-08 11.2361)
(-3.54186e-08 -1.48309e-08 11.0933)
(8.40633e-08 -5.67136e-08 11.0441)
(3.07929e-08 -4.46448e-08 10.8128)
(-2.75139e-08 -1.60048e-08 10.5725)
(9.08879e-08 -4.91696e-08 10.6107)
(4.27626e-08 -4.75041e-08 10.2933)
(-1.90423e-08 -1.71537e-08 9.93678)
(9.00536e-08 -4.14331e-08 10.1335)
(5.04094e-08 -5.15557e-08 9.72371)
(-1.15671e-08 -1.8818e-08 9.25535)
(8.25618e-08 -3.61618e-08 9.64262)
(5.34738e-08 -5.85433e-08 9.14996)
(-5.95785e-09 -2.1663e-08 8.58798)
(7.09433e-08 -3.5454e-08 9.15098)
(5.30314e-08 -7.00861e-08 8.59562)
(-2.16331e-09 -2.63931e-08 7.9673)
(5.85924e-08 -3.95138e-08 8.61598)
(5.17301e-08 -8.69285e-08 8.02651)
(1.03849e-09 -3.3466e-08 7.36521)
(4.51904e-08 -4.60615e-08 7.71384)
(5.00719e-08 -1.08413e-07 7.14923)
(2.89212e-09 -4.31437e-08 6.50936)
(3.48286e-08 -4.95813e-08 11.7287)
(-7.51876e-09 -2.72056e-08 11.6418)
(-3.78888e-08 -9.52254e-09 11.5805)
(5.49888e-08 -4.66645e-08 11.629)
(6.57921e-09 -2.78458e-08 11.5223)
(-3.57752e-08 -9.66738e-09 11.4397)
(6.99765e-08 -4.1534e-08 11.3945)
(2.05477e-08 -2.89023e-08 11.2361)
(-2.97012e-08 -1.01642e-08 11.0933)
(8.21908e-08 -3.26422e-08 11.0441)
(3.50512e-08 -2.91484e-08 10.8128)
(-2.07188e-08 -1.0599e-08 10.5725)
(8.65775e-08 -2.17565e-08 10.6107)
(4.60025e-08 -2.95432e-08 10.2933)
(-1.18367e-08 -1.1198e-08 9.93678)
(8.26028e-08 -1.11702e-08 10.1335)
(5.17991e-08 -3.12444e-08 9.72371)
(-4.64455e-09 -1.23715e-08 9.25535)
(7.14269e-08 -3.79338e-09 9.64262)
(5.24111e-08 -3.58312e-08 9.14996)
(-3.03385e-11 -1.45974e-08 8.58798)
(5.61044e-08 -2.18693e-09 9.15098)
(4.9112e-08 -4.49318e-08 8.59562)
(2.16319e-09 -1.83171e-08 7.9673)
(4.09483e-08 -7.3004e-09 8.61598)
(4.47587e-08 -5.97768e-08 8.02651)
(3.36285e-09 -2.40307e-08 7.36521)
(2.75742e-08 -1.89135e-08 7.71384)
(4.10583e-08 -8.13462e-08 7.14923)
(3.3408e-09 -3.25119e-08 6.50936)
(3.87546e-08 -4.77509e-08 11.7287)
(-2.64279e-09 -2.56933e-08 11.6418)
(-3.25816e-08 -9.07551e-09 11.5805)
(5.89063e-08 -4.45617e-08 11.629)
(1.24608e-08 -2.58863e-08 11.5223)
(-2.91248e-08 -9.00976e-09 11.4397)
(7.36962e-08 -3.88064e-08 11.3945)
(2.6929e-08 -2.6243e-08 11.2361)
(-2.21342e-08 -9.28812e-09 11.0933)
(8.52662e-08 -2.90886e-08 11.0441)
(4.13775e-08 -2.57361e-08 10.8128)
(-1.27614e-08 -9.56159e-09 10.5725)
(8.85549e-08 -1.69585e-08 10.6107)
(5.16676e-08 -2.51661e-08 10.2933)
(-4.0363e-09 -1.00131e-08 9.93678)
(8.27598e-08 -4.33569e-09 10.1335)
(5.62663e-08 -2.53379e-08 9.72371)
(2.38383e-09 -1.09142e-08 9.25535)
(6.88793e-08 6.19829e-09 9.64262)
(5.48745e-08 -2.75195e-08 9.14996)
(5.66113e-09 -1.24986e-08 8.58798)
(4.96771e-08 1.207e-08 9.15098)
(4.86758e-08 -3.31188e-08 8.59562)
(6.12564e-09 -1.50824e-08 7.9673)
(2.95034e-08 1.15215e-08 8.61598)
(4.0627e-08 -4.34734e-08 8.02651)
(5.26899e-09 -1.90035e-08 7.36521)
(1.19455e-08 3.22413e-09 7.71384)
(3.33749e-08 -6.03333e-08 7.14923)
(3.48043e-09 -2.50543e-08 6.50936)
(4.4793e-08 -4.12622e-08 11.7287)
(4.86676e-09 -2.18078e-08 11.6418)
(-2.46273e-08 -7.44609e-09 11.5805)
(6.49588e-08 -3.71264e-08 11.629)
(2.07987e-08 -2.1485e-08 11.5223)
(-1.97404e-08 -7.12944e-09 11.4397)
(7.90955e-08 -3.0246e-08 11.3945)
(3.53473e-08 -2.1085e-08 11.2361)
(-1.1933e-08 -7.09285e-09 11.0933)
(8.90566e-08 -1.92317e-08 11.0441)
(4.90407e-08 -1.95837e-08 10.8128)
(-2.36377e-09 -6.9744e-09 10.5725)
(8.98838e-08 -5.70792e-09 10.6107)
(5.78792e-08 -1.78499e-08 10.2933)
(5.85134e-09 -7.01435e-09 9.93678)
(8.11185e-08 8.27956e-09 10.1335)
(6.04212e-08 -1.68065e-08 9.72371)
(1.10389e-08 -7.51317e-09 9.25535)
(6.40448e-08 2.0112e-08 9.64262)
(5.67819e-08 -1.77274e-08 9.14996)
(1.25495e-08 -8.78734e-09 8.58798)
(4.17928e-08 2.73471e-08 9.15098)
(4.83743e-08 -2.19247e-08 8.59562)
(1.09579e-08 -1.10653e-08 7.9673)
(1.87723e-08 2.86869e-08 8.61598)
(3.79548e-08 -3.03972e-08 8.02651)
(7.93192e-09 -1.45596e-08 7.36521)
(-1.48965e-09 2.28322e-08 7.71384)
(2.83232e-08 -4.42673e-08 7.14923)
(4.22928e-09 -1.96361e-08 6.50936)
(4.67988e-08 -2.48102e-08 11.7287)
(1.06448e-08 -1.28348e-08 11.6418)
(-1.85787e-08 -3.82683e-09 11.5805)
(6.61257e-08 -1.77604e-08 11.629)
(2.6803e-08 -1.09104e-08 11.5223)
(-1.24105e-08 -2.89012e-09 11.4397)
(7.85955e-08 -7.64777e-09 11.3945)
(4.08812e-08 -8.56705e-09 11.2361)
(-3.85631e-09 -2.14336e-09 11.0933)
(8.57339e-08 6.78692e-09 11.0441)
(5.3265e-08 -4.85196e-09 10.8128)
(5.87539e-09 -1.24335e-09 10.5725)
(8.29064e-08 2.34208e-08 10.6107)
(6.01775e-08 -8.66364e-10 10.2933)
(1.35777e-08 -5.2308e-10 9.93678)
(7.02789e-08 3.95078e-08 10.1335)
(6.06493e-08 2.05911e-09 9.72371)
(1.77269e-08 -3.82723e-10 9.25535)
(5.00162e-08 5.18025e-08 9.64262)
(5.49365e-08 2.0821e-09 9.14996)
(1.78742e-08 -1.24886e-09 8.58798)
(2.57634e-08 5.74847e-08 9.15098)
(4.47088e-08 -2.39976e-09 8.59562)
(1.4688e-08 -3.51282e-09 7.9673)
(1.98662e-09 5.51929e-08 8.61598)
(3.28184e-08 -1.23201e-08 8.02651)
(9.82012e-09 -7.34973e-09 7.36521)
(-1.71113e-08 4.44666e-08 7.71384)
(2.24965e-08 -2.82452e-08 7.14923)
(4.55269e-09 -1.30279e-08 6.50936)
(4.63673e-08 -1.37875e-08 11.7287)
(1.35452e-08 -6.5152e-09 11.6418)
(-1.45863e-08 -1.53482e-09 11.5805)
(6.44142e-08 -5.22774e-09 11.629)
(2.94554e-08 -3.46639e-09 11.5223)
(-7.63222e-09 -1.65467e-10 11.4397)
(7.52847e-08 6.8921e-09 11.3945)
(4.26644e-08 4.63876e-10 11.2361)
(1.14326e-09 1.13987e-09 11.0933)
(8.01501e-08 2.35184e-08 11.0441)
(5.35375e-08 6.02563e-09 10.8128)
(1.05255e-08 2.64551e-09 10.5725)
(7.46442e-08 4.25011e-08 10.6107)
(5.85726e-08 1.20405e-08 10.2933)
(1.74648e-08 3.99269e-09 9.93678)
(5.91381e-08 6.09508e-08 10.1335)
(5.69971e-08 1.69882e-08 9.72371)
(2.06902e-08 4.73753e-09 9.25535)
(3.59376e-08 7.54332e-08 9.64262)
(4.95343e-08 1.88381e-08 9.14996)
(1.98778e-08 4.37842e-09 8.58798)
(9.19837e-09 8.27547e-08 9.15098)
(3.81721e-08 1.56819e-08 8.59562)
(1.58264e-08 2.54403e-09 7.9673)
(-1.59458e-08 8.09189e-08 8.61598)
(2.58057e-08 6.10658e-09 8.02651)
(1.02102e-08 -1.05625e-09 7.36521)
(-3.39862e-08 6.78712e-08 7.71384)
(1.61713e-08 -1.124e-08 7.14923)
(4.48485e-09 -6.85976e-09 6.50936)
(5.35337e-08 -1.41074e-08 11.7287)
(2.01998e-08 -5.64369e-09 11.6418)
(-7.01335e-09 -1.44461e-09 11.5805)
(7.23132e-08 -5.89914e-09 11.629)
(3.74835e-08 -1.95092e-09 11.5223)
(1.74214e-09 3.25927e-10 11.4397)
(8.36569e-08 6.03187e-09 11.3945)
(5.11414e-08 3.14094e-09 11.2361)
(1.14094e-08 2.2909e-09 11.0933)
(8.84211e-08 2.25409e-08 11.0441)
(6.14329e-08 1.01999e-08 10.8128)
(2.06969e-08 4.67317e-09 10.5725)
(8.21049e-08 4.17981e-08 10.6107)
(6.49696e-08 1.80249e-08 10.2933)
(2.66956e-08 7.00588e-09 9.93678)
(6.4792e-08 6.13796e-08 10.1335)
(6.12869e-08 2.51457e-08 9.72371)
(2.82952e-08 8.77785e-09 9.25535)
(3.8628e-08 7.83691e-08 9.64262)
(5.10981e-08 2.94028e-08 9.14996)
(2.54667e-08 9.40729e-09 8.58798)
(7.53729e-09 8.97656e-08 9.15098)
(3.6673e-08 2.87156e-08 8.59562)
(1.92932e-08 8.32689e-09 7.9673)
(-2.32644e-08 9.29848e-08 8.61598)
(2.13525e-08 2.12618e-08 8.02651)
(1.15873e-08 5.1591e-09 7.36522)
(-4.64922e-08 8.48229e-08 7.71384)
(9.90415e-09 4.75844e-09 7.14923)
(4.45732e-09 -7.47371e-10 6.50936)
(6.29716e-08 -1.19657e-08 11.7287)
(2.83526e-08 -3.42309e-09 11.6418)
(7.44678e-10 -5.5244e-10 11.5805)
(8.30906e-08 -3.12779e-09 11.629)
(4.71036e-08 1.49852e-09 11.5223)
(1.11064e-08 1.90593e-09 11.4397)
(9.50617e-08 9.36891e-09 11.3945)
(6.11852e-08 8.24882e-09 11.2361)
(2.14963e-08 4.83821e-09 11.0933)
(9.95781e-08 2.64011e-08 11.0441)
(7.08357e-08 1.73109e-08 10.8128)
(3.07276e-08 8.45064e-09 10.5725)
(9.19623e-08 4.61341e-08 10.6107)
(7.27622e-08 2.72614e-08 10.2933)
(3.59754e-08 1.20795e-08 9.93678)
(7.24462e-08 6.61465e-08 10.1335)
(6.66283e-08 3.63492e-08 9.72371)
(3.62191e-08 1.50413e-08 9.25535)
(4.32731e-08 8.36952e-08 9.64262)
(5.36158e-08 4.22481e-08 9.14996)
(3.15999e-08 1.65033e-08 8.58798)
(8.58789e-09 9.61353e-08 9.15098)
(3.64e-08 4.2783e-08 8.59562)
(2.34147e-08 1.58163e-08 7.9673)
(-2.6333e-08 1.01664e-07 8.61598)
(1.84713e-08 3.61406e-08 8.02651)
(1.3696e-08 1.24734e-08 7.36522)
(-5.45538e-08 9.75704e-08 7.71384)
(5.14928e-09 1.98776e-08 7.14923)
(4.96079e-09 5.71323e-09 6.50936)
(6.44394e-08 -4.28923e-09 11.7287)
(3.09804e-08 1.16811e-09 11.6418)
(2.23819e-09 1.39826e-09 11.5805)
(8.41859e-08 6.49959e-09 11.629)
(4.94954e-08 7.71071e-09 11.5223)
(1.24277e-08 4.59257e-09 11.4397)
(9.5287e-08 2.12202e-08 11.3945)
(6.28506e-08 1.64375e-08 11.2361)
(2.22711e-08 8.41645e-09 11.0933)
(9.8403e-08 4.07087e-08 11.0441)
(7.14453e-08 2.77141e-08 10.8128)
(3.09415e-08 1.30089e-08 10.5725)
(8.89975e-08 6.27271e-08 10.6107)
(7.21417e-08 3.9901e-08 10.2933)
(3.57705e-08 1.75946e-08 9.93678)
(6.75721e-08 8.42585e-08 10.1335)
(6.48739e-08 5.09843e-08 9.72371)
(3.58186e-08 2.14199e-08 9.25535)
(3.68552e-08 1.02071e-07 9.64262)
(5.07032e-08 5.82969e-08 9.14996)
(3.12083e-08 2.36578e-08 8.58798)
(1.14152e-09 1.13339e-07 9.15098)
(3.22857e-08 5.95197e-08 8.59562)
(2.30945e-08 2.35668e-08 7.9673)
(-3.4561e-08 1.16474e-07 8.61598)
(1.31544e-08 5.27968e-08 8.02651)
(1.32316e-08 2.05676e-08 7.36522)
(-6.33534e-08 1.10159e-07 7.71384)
(-8.95362e-10 3.55193e-08 7.14923)
(4.36335e-09 1.34923e-08 6.50936)
(5.90984e-08 -6.01028e-09 11.7287)
(2.73732e-08 -3.58686e-10 11.6418)
(-1.3915e-09 7.68109e-10 11.5805)
(7.78382e-08 5.01526e-09 11.629)
(4.5464e-08 6.30093e-09 11.5223)
(8.69516e-09 3.92044e-09 11.4397)
(8.82398e-08 2.0631e-08 11.3945)
(5.86272e-08 1.53308e-08 11.2361)
(1.85543e-08 7.66065e-09 11.0933)
(9.08897e-08 4.14686e-08 11.0441)
(6.72402e-08 2.69814e-08 10.8128)
(2.73278e-08 1.20343e-08 10.5725)
(8.12488e-08 6.52593e-08 10.6107)
(6.81884e-08 3.9693e-08 10.2933)
(3.24123e-08 1.63501e-08 9.93678)
(5.97516e-08 8.89551e-08 10.1335)
(6.12069e-08 5.16679e-08 9.72371)
(3.29321e-08 2.00391e-08 9.25535)
(2.88622e-08 1.09168e-07 9.64262)
(4.736e-08 6.05844e-08 9.14996)
(2.89451e-08 2.25333e-08 8.58798)
(-7.1142e-09 1.22764e-07 9.15098)
(2.9102e-08 6.42816e-08 8.59562)
(2.15323e-08 2.34102e-08 7.9673)
(-4.30071e-08 1.27744e-07 8.61598)
(9.68053e-09 6.07159e-08 8.02651)
(1.22958e-08 2.21223e-08 7.36522)
(-7.15856e-08 1.21925e-07 7.71384)
(-4.94993e-09 4.65652e-08 7.14923)
(3.91538e-09 1.72725e-08 6.50936)
(5.97744e-08 -1.92001e-08 11.7287)
(2.76232e-08 -8.04665e-09 11.6418)
(-5.41218e-11 -2.26213e-09 11.5805)
(7.85348e-08 -1.03153e-08 11.629)
(4.62599e-08 -2.88918e-09 11.5223)
(1.07203e-08 2.65443e-10 11.4397)
(8.9388e-08 3.59779e-09 11.3945)
(6.00242e-08 4.81145e-09 11.2361)
(2.11899e-08 3.35413e-09 11.0933)
(9.28159e-08 2.32545e-08 11.0441)
(6.92437e-08 1.53155e-08 10.8128)
(3.02285e-08 7.05557e-09 10.5725)
(8.42097e-08 4.67699e-08 10.6107)
(7.07488e-08 2.7352e-08 10.2933)
(3.52547e-08 1.08077e-08 9.93678)
(6.35683e-08 7.16081e-08 10.1335)
(6.42258e-08 3.95686e-08 9.72371)
(3.54232e-08 1.42142e-08 9.25535)
(3.28877e-08 9.47955e-08 9.64262)
(5.03591e-08 5.00177e-08 9.14996)
(3.08901e-08 1.69465e-08 8.58798)
(-4.17595e-09 1.13317e-07 9.15098)
(3.1331e-08 5.68343e-08 8.59562)
(2.28347e-08 1.87096e-08 7.9673)
(-4.2938e-08 1.24657e-07 8.61598)
(1.022e-08 5.80937e-08 8.02651)
(1.28322e-08 1.91867e-08 7.36522)
(-7.55134e-08 1.26162e-07 7.71384)
(-6.89469e-09 5.05715e-08 7.14923)
(3.87751e-09 1.72845e-08 6.50936)
(6.51604e-08 -2.53384e-08 11.7287)
(3.28914e-08 -1.14703e-08 11.6418)
(6.20492e-09 -3.31541e-09 11.5805)
(8.35884e-08 -1.77193e-08 11.629)
(5.10907e-08 -7.43366e-09 11.5223)
(1.67465e-08 -1.19829e-09 11.4397)
(9.37874e-08 -4.95516e-09 11.3945)
(6.40164e-08 -6.48634e-10 11.2361)
(2.66239e-08 1.57517e-09 11.0933)
(9.63041e-08 1.39565e-08 11.0441)
(7.21098e-08 9.34974e-09 10.8128)
(3.48604e-08 5.1406e-09 10.5725)
(8.66976e-08 3.72474e-08 10.6107)
(7.24798e-08 2.13536e-08 10.2933)
(3.90169e-08 8.94183e-09 9.93678)
(6.51757e-08 6.23535e-08 10.1335)
(6.48858e-08 3.38838e-08 9.72371)
(3.83158e-08 1.25123e-08 9.25535)
(3.38216e-08 8.63453e-08 9.64262)
(5.03798e-08 4.4939e-08 9.14996)
(3.29553e-08 1.53432e-08 8.58798)
(-3.60766e-09 1.06444e-07 9.15098)
(3.12549e-08 5.27171e-08 8.59562)
(2.41781e-08 1.71489e-08 7.9673)
(-4.27881e-08 1.2082e-07 8.61598)
(1.01822e-08 5.57218e-08 8.02651)
(1.36222e-08 1.77305e-08 7.36522)
(-7.71542e-08 1.27703e-07 7.71384)
(-7.42628e-09 5.19647e-08 7.14923)
(4.21227e-09 1.66416e-08 6.50936)
(6.76859e-08 -1.87595e-08 11.7287)
(3.71952e-08 -8.04309e-09 11.6418)
(1.06572e-08 -1.7211e-09 11.5805)
(8.52185e-08 -9.60081e-09 11.629)
(5.45027e-08 -3.25042e-09 11.5223)
(2.08038e-08 7.03884e-10 11.4397)
(9.39234e-08 4.89214e-09 11.3945)
(6.61149e-08 4.62069e-09 11.2361)
(3.00256e-08 3.94748e-09 11.0933)
(9.43036e-08 2.58011e-08 11.0441)
(7.25367e-08 1.61231e-08 10.8128)
(3.76051e-08 8.19136e-09 10.5725)
(8.22329e-08 5.09216e-08 10.6107)
(7.11639e-08 2.98219e-08 10.2933)
(4.11659e-08 1.27813e-08 9.93678)
(5.84608e-08 7.7008e-08 10.1335)
(6.21823e-08 4.37641e-08 9.72371)
(3.99333e-08 1.70625e-08 9.25535)
(2.58318e-08 1.0055e-07 9.64262)
(4.67315e-08 5.52761e-08 9.14996)
(3.41158e-08 2.03008e-08 8.58798)
(-1.15007e-08 1.18507e-07 9.15098)
(2.73094e-08 6.21593e-08 8.59562)
(2.49171e-08 2.19079e-08 7.9673)
(-4.93793e-08 1.2921e-07 8.61598)
(6.64824e-09 6.29679e-08 8.02651)
(1.38737e-08 2.16219e-08 7.36522)
(-8.15176e-08 1.32477e-07 7.71384)
(-9.90906e-09 5.65729e-08 7.14923)
(4.10444e-09 1.90978e-08 6.50936)
(6.74325e-08 -1.52276e-08 11.7287)
(3.8056e-08 -6.13492e-09 11.6418)
(1.1722e-08 -1.03213e-09 11.5805)
(8.43671e-08 -4.74532e-09 11.629)
(5.48463e-08 -1.46822e-10 11.5223)
(2.18306e-08 1.85944e-09 11.4397)
(9.22831e-08 1.13909e-08 11.3945)
(6.57224e-08 9.32944e-09 11.2361)
(3.09004e-08 5.75777e-09 11.0933)
(9.15716e-08 3.40245e-08 11.0441)
(7.11528e-08 2.27187e-08 10.8128)
(3.83239e-08 1.08049e-08 10.5725)
(7.81153e-08 6.07732e-08 10.6107)
(6.86435e-08 3.83912e-08 10.2933)
(4.1747e-08 1.6256e-08 9.93678)
(5.28342e-08 8.82387e-08 10.1335)
(5.84381e-08 5.41176e-08 9.72371)
(4.03828e-08 2.13438e-08 9.25535)
(1.86751e-08 1.12737e-07 9.64262)
(4.20434e-08 6.69584e-08 9.14996)
(3.44008e-08 2.51643e-08 8.58798)
(-1.97391e-08 1.30936e-07 9.15098)
(2.22473e-08 7.43167e-08 8.59562)
(2.5028e-08 2.70345e-08 7.9673)
(-5.7546e-08 1.40794e-07 8.61598)
(1.94713e-09 7.42408e-08 8.02651)
(1.3854e-08 2.64532e-08 7.36522)
(-8.77706e-08 1.41119e-07 7.71384)
(-1.31378e-08 6.48879e-08 7.14923)
(4.05894e-09 2.27527e-08 6.50936)
(7.34328e-08 -2.02271e-08 11.7287)
(4.19392e-08 -7.76348e-09 11.6418)
(1.54937e-08 -1.74741e-09 11.5805)
(9.10477e-08 -9.97743e-09 11.629)
(5.89739e-08 -7.96025e-10 11.5223)
(2.54559e-08 1.73328e-09 11.4397)
(9.95215e-08 5.94003e-09 11.3945)
(6.95409e-08 1.01321e-08 11.2361)
(3.39497e-08 6.53241e-09 11.0933)
(9.92115e-08 2.83163e-08 11.0441)
(7.42366e-08 2.52764e-08 10.8128)
(4.06349e-08 1.27509e-08 10.5725)
(8.57868e-08 5.49587e-08 10.6107)
(7.06357e-08 4.28997e-08 10.2933)
(4.33256e-08 1.95096e-08 9.93678)
(5.98395e-08 8.28563e-08 10.1335)
(5.91575e-08 6.07447e-08 9.72371)
(4.12477e-08 2.59155e-08 9.25535)
(2.4126e-08 1.08798e-07 9.64262)
(4.11507e-08 7.56723e-08 9.14996)
(3.46319e-08 3.09207e-08 8.58798)
(-1.69718e-08 1.2966e-07 9.15098)
(1.9549e-08 8.48535e-08 8.59562)
(2.4747e-08 3.35645e-08 7.9673)
(-5.84975e-08 1.42905e-07 8.61598)
(-2.32493e-09 8.58727e-08 8.02651)
(1.31342e-08 3.31567e-08 7.36522)
(-9.21097e-08 1.46477e-07 7.71384)
(-1.79213e-08 7.58349e-08 7.14923)
(3.30542e-09 2.86041e-08 6.50936)
(8.05942e-08 -1.94021e-08 11.7287)
(4.6923e-08 -6.23156e-09 11.6418)
(1.90552e-08 -9.43047e-10 11.5805)
(9.94645e-08 -7.83184e-09 11.629)
(6.44639e-08 2.56166e-09 11.5223)
(2.89927e-08 3.49651e-09 11.4397)
(1.08537e-07 9.21215e-09 11.3945)
(7.48937e-08 1.56394e-08 11.2361)
(3.70288e-08 9.53468e-09 11.0933)
(1.08231e-07 3.25148e-08 11.0441)
(7.88843e-08 3.31373e-08 10.8128)
(4.31444e-08 1.72453e-08 10.5725)
(9.39605e-08 5.97002e-08 10.6107)
(7.40173e-08 5.30027e-08 10.2933)
(4.52308e-08 2.55238e-08 9.93678)
(6.65063e-08 8.76307e-08 10.1335)
(6.07762e-08 7.26477e-08 9.72371)
(4.25323e-08 3.3281e-08 9.25535)
(2.87698e-08 1.13152e-07 9.64262)
(4.08892e-08 8.87533e-08 9.14996)
(3.52941e-08 3.92054e-08 8.58798)
(-1.45595e-08 1.33436e-07 9.15098)
(1.76015e-08 9.83913e-08 8.59562)
(2.48444e-08 4.224e-08 7.9673)
(-5.83086e-08 1.46747e-07 8.61598)
(-5.62282e-09 9.91377e-08 8.02651)
(1.28045e-08 4.15108e-08 7.36522)
(-9.46201e-08 1.51493e-07 7.71384)
(-2.18203e-08 8.77521e-08 7.14923)
(2.82756e-09 3.56373e-08 6.50936)
(7.95225e-08 -1.01104e-08 11.7287)
(4.67144e-08 -1.07623e-09 11.6418)
(1.68501e-08 1.34717e-09 11.5805)
(9.85107e-08 4.70802e-09 11.629)
(6.41728e-08 1.00903e-08 11.5223)
(2.65125e-08 6.77437e-09 11.4397)
(1.07147e-07 2.51206e-08 11.3945)
(7.44471e-08 2.56986e-08 11.2361)
(3.43084e-08 1.38891e-08 11.0933)
(1.05927e-07 5.17884e-08 11.0441)
(7.81717e-08 4.56884e-08 10.8128)
(4.042e-08 2.26647e-08 10.5725)
(9.02772e-08 8.17149e-08 10.6107)
(7.28724e-08 6.771e-08 10.2933)
(4.26904e-08 3.18757e-08 9.93678)
(6.12558e-08 1.11006e-07 10.1335)
(5.91724e-08 8.88996e-08 9.72371)
(4.03284e-08 4.03818e-08 9.25535)
(2.23462e-08 1.35887e-07 9.64262)
(3.85989e-08 1.05641e-07 9.14996)
(3.35163e-08 4.69296e-08 8.58798)
(-2.14566e-08 1.53246e-07 9.15098)
(1.43833e-08 1.14934e-07 8.59562)
(2.34717e-08 5.04182e-08 7.9673)
(-6.49725e-08 1.61465e-07 8.61598)
(-9.84161e-09 1.14338e-07 8.02651)
(1.16063e-08 4.9915e-08 7.36522)
(-1.00032e-07 1.60116e-07 7.71384)
(-2.64982e-08 1.00303e-07 7.14923)
(1.84535e-09 4.35314e-08 6.50936)
(7.11334e-08 -8.63892e-09 11.7287)
(4.06775e-08 -9.24117e-10 11.6418)
(1.05399e-08 1.44028e-09 11.5805)
(8.879e-08 7.08327e-09 11.629)
(5.72689e-08 1.0567e-08 11.5223)
(1.94525e-08 6.87712e-09 11.4397)
(9.64789e-08 2.89711e-08 11.3945)
(6.72418e-08 2.65037e-08 11.2361)
(2.6916e-08 1.38647e-08 11.0933)
(9.46703e-08 5.74261e-08 11.0441)
(7.1207e-08 4.66486e-08 10.8128)
(3.31099e-08 2.2265e-08 10.5725)
(7.88342e-08 8.93484e-08 10.6107)
(6.66383e-08 6.87528e-08 10.2933)
(3.58717e-08 3.09706e-08 9.93678)
(4.99531e-08 1.20761e-07 10.1335)
(5.38321e-08 9.02176e-08 9.72371)
(3.44178e-08 3.90809e-08 9.25535)
(1.1254e-08 1.47655e-07 9.64262)
(3.42313e-08 1.0788e-07 9.14996)
(2.87881e-08 4.56713e-08 8.58798)
(-3.21848e-08 1.66485e-07 9.15098)
(1.0804e-08 1.18982e-07 8.59562)
(2.00779e-08 5.00419e-08 7.9673)
(-7.47924e-08 1.75005e-07 8.61598)
(-1.31255e-08 1.20908e-07 8.02651)
(9.52524e-09 5.13324e-08 7.36522)
(-1.07667e-07 1.71303e-07 7.71384)
(-2.97927e-08 1.09233e-07 7.14923)
(8.70845e-10 4.74112e-08 6.50936)
(6.83346e-08 -1.72586e-08 11.7287)
(3.85888e-08 -6.18621e-09 11.6418)
(9.5707e-09 -6.21221e-10 11.5805)
(8.55901e-08 -3.21866e-09 11.629)
(5.55051e-08 3.82586e-09 11.5223)
(1.89396e-08 4.16745e-09 11.4397)
(9.34236e-08 1.73377e-08 11.3945)
(6.61793e-08 1.82511e-08 11.2361)
(2.7042e-08 1.0388e-08 11.0933)
(9.21772e-08 4.48457e-08 11.0441)
(7.10983e-08 3.68437e-08 10.8128)
(3.37285e-08 1.78897e-08 10.5725)
(7.73541e-08 7.65929e-08 10.6107)
(6.76209e-08 5.7676e-08 10.2933)
(3.67554e-08 2.57432e-08 9.93678)
(4.94726e-08 1.09086e-07 10.1335)
(5.58673e-08 7.86666e-08 9.72371)
(3.53105e-08 3.32602e-08 9.25535)
(1.12774e-08 1.38674e-07 9.64262)
(3.68139e-08 9.70976e-08 9.14996)
(2.94855e-08 3.98148e-08 8.58798)
(-3.27433e-08 1.61864e-07 9.15098)
(1.30937e-08 1.10605e-07 8.59562)
(2.04582e-08 4.48908e-08 7.9673)
(-7.74141e-08 1.75654e-07 8.61598)
(-1.21381e-08 1.16735e-07 8.02651)
(9.4591e-09 4.79264e-08 7.36522)
(-1.12722e-07 1.77096e-07 7.71384)
(-3.0958e-08 1.1111e-07 7.14923)
(5.03808e-10 4.71584e-08 6.50936)
(6.9394e-08 -1.60264e-08 11.7287)
(4.11718e-08 -5.88658e-09 11.6418)
(1.3212e-08 -2.37725e-10 11.5805)
(8.62269e-08 -2.25089e-09 11.629)
(5.81182e-08 3.28378e-09 11.5223)
(2.31173e-08 4.209e-09 11.4397)
(9.34172e-08 1.80683e-08 11.3945)
(6.87744e-08 1.68597e-08 11.2361)
(3.16952e-08 1.00669e-08 11.0933)
(9.12186e-08 4.55351e-08 11.0441)
(7.34849e-08 3.47675e-08 10.8128)
(3.86224e-08 1.7274e-08 10.5725)
(7.52904e-08 7.74334e-08 10.6107)
(6.96711e-08 5.50922e-08 10.2933)
(4.15599e-08 2.49153e-08 9.93678)
(4.64548e-08 1.10159e-07 10.1335)
(5.74407e-08 7.55985e-08 9.72371)
(3.96763e-08 3.22311e-08 9.25535)
(7.61927e-09 1.39985e-07 9.64262)
(3.81386e-08 9.35551e-08 9.14996)
(3.30897e-08 3.84436e-08 8.58798)
(-3.65294e-08 1.63551e-07 9.15098)
(1.45097e-08 1.06716e-07 8.59562)
(2.30994e-08 4.30996e-08 7.9673)
(-8.09678e-08 1.78478e-07 8.61598)
(-1.06491e-08 1.13162e-07 8.02651)
(1.11237e-08 4.58307e-08 7.36522)
(-1.16583e-07 1.82292e-07 7.71384)
(-2.99521e-08 1.09868e-07 7.14923)
(1.21873e-09 4.5648e-08 6.50936)
(6.56676e-08 3.08049e-12 11.7287)
(4.17406e-08 2.68473e-09 11.6418)
(1.43033e-08 3.39019e-09 11.5805)
(8.04774e-08 1.61843e-08 11.629)
(5.70654e-08 1.28335e-08 11.5223)
(2.33542e-08 8.20254e-09 11.4397)
(8.52089e-08 3.90819e-08 11.3945)
(6.60905e-08 2.75701e-08 11.2361)
(3.10967e-08 1.44926e-08 11.0933)
(7.99978e-08 6.93175e-08 11.0441)
(6.91215e-08 4.68768e-08 10.8128)
(3.74404e-08 2.22429e-08 10.5725)
(6.10045e-08 1.03618e-07 10.6107)
(6.38697e-08 6.85793e-08 10.2933)
(4.01079e-08 3.04493e-08 9.93678)
(2.96941e-08 1.37566e-07 10.1335)
(5.08806e-08 8.99212e-08 9.72371)
(3.8263e-08 3.81672e-08 9.25535)
(-1.01392e-08 1.66692e-07 9.64262)
(3.15152e-08 1.07462e-07 9.14996)
(3.19623e-08 4.44219e-08 8.58798)
(-5.3342e-08 1.87176e-07 9.15098)
(8.62184e-09 1.1855e-07 8.59562)
(2.23587e-08 4.84818e-08 7.9673)
(-9.49674e-08 1.96552e-07 8.61598)
(-1.50217e-08 1.21309e-07 8.02651)
(1.06501e-08 4.99567e-08 7.36521)
(-1.25709e-07 1.93377e-07 7.71384)
(-3.21052e-08 1.13506e-07 7.14923)
(9.33995e-10 4.79884e-08 6.50936)
(5.6867e-08 1.18343e-08 11.7287)
(3.68458e-08 8.99312e-09 11.6418)
(1.01853e-08 5.75066e-09 11.5805)
(6.9686e-08 3.00881e-08 11.629)
(5.08022e-08 2.05306e-08 11.5223)
(1.87241e-08 1.10555e-08 11.4397)
(7.24921e-08 5.55424e-08 11.3945)
(5.86999e-08 3.69869e-08 11.2361)
(2.61846e-08 1.79286e-08 11.0933)
(6.52252e-08 8.84373e-08 11.0441)
(6.07518e-08 5.8133e-08 10.8128)
(3.25308e-08 2.62787e-08 10.5725)
(4.42898e-08 1.25257e-07 10.6107)
(5.48122e-08 8.16018e-08 10.2933)
(3.54934e-08 3.50456e-08 9.93678)
(1.13704e-08 1.61313e-07 10.1335)
(4.13973e-08 1.04331e-07 9.72371)
(3.42264e-08 4.32069e-08 9.25535)
(-2.9604e-08 1.91775e-07 9.64262)
(2.22035e-08 1.22616e-07 9.14996)
(2.87052e-08 4.96682e-08 8.58798)
(-7.29411e-08 2.12301e-07 9.15098)
(2.79822e-10 1.33386e-07 8.59562)
(2.00124e-08 5.36761e-08 7.9673)
(-1.12825e-07 2.19713e-07 8.61598)
(-2.15534e-08 1.34159e-07 8.02651)
(9.28178e-09 5.46293e-08 7.36521)
(-1.387e-07 2.10606e-07 7.71384)
(-3.55681e-08 1.21684e-07 7.14923)
(4.87836e-10 5.13288e-08 6.50936)
(5.35915e-08 1.20232e-08 11.7287)
(3.39122e-08 9.64927e-09 11.6418)
(7.83469e-09 5.84016e-09 11.5805)
(6.61855e-08 3.07377e-08 11.629)
(4.7957e-08 2.22636e-08 11.5223)
(1.66552e-08 1.16575e-08 11.4397)
(6.89859e-08 5.69258e-08 11.3945)
(5.59689e-08 4.02044e-08 11.2361)
(2.44245e-08 1.92337e-08 11.0933)
(6.17332e-08 9.0603e-08 11.0441)
(5.80223e-08 6.29707e-08 10.8128)
(3.10287e-08 2.83854e-08 10.5725)
(4.07179e-08 1.28379e-07 10.6107)
(5.1957e-08 8.8095e-08 10.2933)
(3.41995e-08 3.79613e-08 9.93678)
(7.28621e-09 1.65894e-07 10.1335)
(3.83638e-08 1.1254e-07 9.72371)
(3.30526e-08 4.68882e-08 9.25535)
(-3.48458e-08 1.9867e-07 9.64262)
(1.86652e-08 1.32463e-07 9.14996)
(2.76091e-08 5.4048e-08 8.58798)
(-8.02534e-08 2.22392e-07 9.15098)
(-4.03715e-09 1.44603e-07 8.59562)
(1.89901e-08 5.85172e-08 7.9673)
(-1.22934e-07 2.33004e-07 8.61598)
(-2.6536e-08 1.4593e-07 8.02651)
(8.27339e-09 5.95811e-08 7.36521)
(-1.50254e-07 2.25267e-07 7.71384)
(-4.01371e-08 1.31769e-07 7.14923)
(-2.16141e-10 5.56219e-08 6.50936)
(5.21688e-08 1.54495e-08 11.7287)
(3.24364e-08 1.23291e-08 11.6418)
(6.03821e-09 7.04659e-09 11.5805)
(6.44576e-08 3.53126e-08 11.629)
(4.5715e-08 2.63331e-08 11.5223)
(1.38814e-08 1.35431e-08 11.4397)
(6.67169e-08 6.26942e-08 11.3945)
(5.28533e-08 4.59283e-08 11.2361)
(2.0654e-08 2.19541e-08 11.0933)
(5.87426e-08 9.75502e-08 11.0441)
(5.40041e-08 7.0458e-08 10.8128)
(2.65509e-08 3.20281e-08 10.5725)
(3.67587e-08 1.36373e-07 10.6107)
(4.71475e-08 9.72351e-08 10.2933)
(2.94615e-08 4.24633e-08 9.93678)
(2.23209e-09 1.74729e-07 10.1335)
(3.28579e-08 1.22986e-07 9.72371)
(2.85286e-08 5.2083e-08 9.25535)
(-4.11286e-08 2.0821e-07 9.64262)
(1.28277e-08 1.43828e-07 9.14996)
(2.36944e-08 5.96334e-08 8.58798)
(-8.77576e-08 2.32723e-07 9.15098)
(-9.7514e-09 1.56491e-07 8.59562)
(1.59742e-08 6.42386e-08 7.9673)
(-1.31518e-07 2.44771e-07 8.61598)
(-3.18042e-08 1.579e-07 8.02651)
(6.32432e-09 6.51027e-08 7.36521)
(-1.59946e-07 2.3866e-07 7.71384)
(-4.44095e-08 1.42763e-07 7.14923)
(-1.08922e-09 6.04271e-08 6.50936)
(4.40876e-08 2.48353e-08 11.7287)
(2.64786e-08 1.72468e-08 11.6418)
(-6.82624e-10 9.1063e-09 11.5805)
(5.52695e-08 4.7067e-08 11.629)
(3.84795e-08 3.27637e-08 11.5223)
(5.82456e-09 1.61341e-08 11.4397)
(5.64622e-08 7.69825e-08 11.3945)
(4.48558e-08 5.38201e-08 11.2361)
(1.16925e-08 2.49823e-08 11.0933)
(4.74947e-08 1.14391e-07 11.0441)
(4.57491e-08 7.95986e-08 10.8128)
(1.72979e-08 3.52914e-08 10.5725)
(2.47367e-08 1.55357e-07 10.6107)
(3.91645e-08 1.07245e-07 10.2933)
(2.0613e-08 4.57275e-08 9.93678)
(-1.02203e-08 1.9497e-07 10.1335)
(2.57053e-08 1.33452e-07 9.72371)
(2.07552e-08 5.51839e-08 9.25535)
(-5.34426e-08 2.28446e-07 9.64262)
(6.64149e-09 1.54335e-07 9.14996)
(1.75021e-08 6.2647e-08 8.58798)
(-9.94642e-08 2.51579e-07 9.15099)
(-1.51369e-08 1.66803e-07 8.59562)
(1.15924e-08 6.73698e-08 7.9673)
(-1.42461e-07 2.60949e-07 8.61598)
(-3.66393e-08 1.67881e-07 8.02651)
(3.59022e-09 6.86517e-08 7.36521)
(-1.69642e-07 2.51521e-07 7.71384)
(-4.86519e-08 1.51854e-07 7.14923)
(-2.3887e-09 6.43547e-08 6.50936)
(2.84094e-08 2.30863e-08 11.7287)
(1.38404e-08 1.47854e-08 11.6418)
(-1.25335e-08 7.96388e-09 11.5805)
(3.7816e-08 4.47634e-08 11.629)
(2.46936e-08 2.92337e-08 11.5223)
(-6.92986e-09 1.42947e-08 11.4397)
(3.84055e-08 7.45336e-08 11.3945)
(3.13168e-08 4.87832e-08 11.2361)
(-9.74191e-10 2.20557e-08 11.0933)
(2.99984e-08 1.11977e-07 11.0441)
(3.37309e-08 7.24927e-08 10.8128)
(5.35371e-09 3.07564e-08 10.5725)
(9.06104e-09 1.5335e-07 10.6107)
(2.97319e-08 9.78594e-08 10.2933)
(9.97791e-09 3.93405e-08 9.93678)
(-2.32862e-08 1.94054e-07 10.1335)
(1.92381e-08 1.22216e-07 9.72371)
(1.20084e-08 4.70877e-08 9.25535)
(-6.39554e-08 2.29431e-07 9.64262)
(3.1844e-09 1.42667e-07 9.14996)
(1.09764e-08 5.35445e-08 8.58798)
(-1.08006e-07 2.55216e-07 9.15099)
(-1.61851e-08 1.56846e-07 8.59562)
(7.37384e-09 5.86157e-08 7.9673)
(-1.49767e-07 2.67659e-07 8.61598)
(-3.65026e-08 1.61949e-07 8.02651)
(1.52527e-09 6.18821e-08 7.36521)
(-1.76271e-07 2.60361e-07 7.71384)
(-4.87845e-08 1.51702e-07 7.14923)
(-2.87114e-09 6.12656e-08 6.50936)
(1.63892e-08 6.31563e-09 11.7287)
(3.60125e-09 4.02443e-09 11.6418)
(-2.03916e-08 3.65826e-09 11.5805)
(2.40504e-08 2.34737e-08 11.629)
(1.35504e-08 1.44703e-08 11.5223)
(-1.565e-08 8.21822e-09 11.4397)
(2.45447e-08 4.90551e-08 11.3945)
(2.06558e-08 2.95231e-08 11.2361)
(-9.75627e-09 1.38391e-08 11.0933)
(1.76924e-08 8.2853e-08 11.0441)
(2.48971e-08 4.8377e-08 10.8128)
(-3.10056e-09 2.00227e-08 10.5725)
(1.60774e-10 1.2189e-07 10.6107)
(2.39472e-08 6.92177e-08 10.2933)
(2.26569e-09 2.60963e-08 9.93678)
(-2.77506e-08 1.6247e-07 10.1335)
(1.72539e-08 9.03813e-08 9.72371)
(5.50596e-09 3.17455e-08 9.25535)
(-6.40443e-08 2.00587e-07 9.64262)
(4.90228e-09 1.10008e-07 9.14996)
(6.08572e-09 3.70633e-08 8.58798)
(-1.05186e-07 2.32309e-07 9.15099)
(-1.17967e-08 1.26671e-07 8.59562)
(4.28516e-09 4.23693e-08 7.9673)
(-1.46815e-07 2.53437e-07 8.61598)
(-3.12304e-08 1.38231e-07 8.02651)
(1.23488e-10 4.77708e-08 7.36521)
(-1.76211e-07 2.57161e-07 7.71384)
(-4.53036e-08 1.39242e-07 7.14923)
(-3.0621e-09 5.19616e-08 6.50936)
(1.03141e-08 -7.72668e-09 11.7287)
(-6.24456e-10 -5.2904e-09 11.6418)
(-2.20255e-08 2.52585e-10 11.5805)
(1.63621e-08 5.55488e-09 11.629)
(8.31469e-09 1.22751e-09 11.5223)
(-1.79246e-08 3.13829e-09 11.4397)
(1.60701e-08 2.75262e-08 11.3945)
(1.5126e-08 1.20744e-08 11.2361)
(-1.23795e-08 6.87912e-09 11.0933)
(9.24182e-09 5.83793e-08 11.0441)
(1.97628e-08 2.68021e-08 10.8128)
(-6.01548e-09 1.10979e-08 10.5725)
(-7.05894e-09 9.55293e-08 10.6107)
(2.00847e-08 4.39461e-08 10.2933)
(-7.43647e-10 1.53266e-08 9.93678)
(-3.25246e-08 1.35515e-07 10.1335)
(1.53397e-08 6.20846e-08 9.72371)
(2.72618e-09 1.93352e-08 9.25535)
(-6.55243e-08 1.74426e-07 9.64262)
(5.77836e-09 7.9773e-08 9.14996)
(3.92481e-09 2.32477e-08 8.58798)
(-1.02979e-07 2.08624e-07 9.15099)
(-7.65484e-09 9.61053e-08 8.59562)
(3.08539e-09 2.76246e-08 7.9673)
(-1.41567e-07 2.3477e-07 8.61598)
(-2.43242e-08 1.10006e-07 8.02651)
(1.59334e-10 3.29839e-08 7.36521)
(-1.71145e-07 2.47374e-07 7.71384)
(-3.80387e-08 1.18611e-07 7.14923)
(-2.221e-09 3.9314e-08 6.50936)
(8.14601e-09 -1.43735e-08 11.7287)
(-2.25006e-10 -1.04031e-08 11.6418)
(-1.93811e-08 -1.48471e-09 11.5805)
(1.24821e-08 -2.72346e-09 11.629)
(7.4735e-09 -6.1097e-09 11.5223)
(-1.59746e-08 4.19432e-10 11.4397)
(1.07508e-08 1.80161e-08 11.3945)
(1.3209e-08 2.61048e-09 11.2361)
(-1.12914e-08 3.1657e-09 11.0933)
(2.65729e-09 4.82898e-08 11.0441)
(1.69346e-08 1.55464e-08 10.8128)
(-5.99242e-09 6.46791e-09 10.5725)
(-1.41772e-08 8.54081e-08 10.6107)
(1.68949e-08 3.12519e-08 10.2933)
(-1.6375e-09 9.91879e-09 9.93678)
(-3.91661e-08 1.25531e-07 10.1335)
(1.26934e-08 4.80498e-08 9.72371)
(1.2853e-09 1.31609e-08 9.25535)
(-7.03185e-08 1.64318e-07 9.64262)
(4.60264e-09 6.40742e-08 9.14996)
(2.4647e-09 1.61985e-08 8.58798)
(-1.04631e-07 1.9796e-07 9.15099)
(-6.49625e-09 7.82629e-08 8.59562)
(2.11934e-09 1.93887e-08 7.9673)
(-1.39504e-07 2.2334e-07 8.61598)
(-2.02771e-08 9.00343e-08 8.02651)
(1.65407e-11 2.33935e-08 7.36521)
(-1.66196e-07 2.36975e-07 7.71384)
(-3.18301e-08 9.86808e-08 7.14923)
(-1.65828e-09 2.8896e-08 6.50936)
(9.49954e-09 -2.82276e-08 11.7287)
(2.59264e-09 -1.88838e-08 11.6418)
(-1.39012e-08 -4.76501e-09 11.5805)
(1.23176e-08 -1.9783e-08 11.629)
(9.10347e-09 -1.70855e-08 11.5223)
(-1.13976e-08 -3.84164e-09 11.4397)
(9.76163e-09 -1.8543e-09 11.3945)
(1.36339e-08 -1.06207e-08 11.2361)
(-8.09929e-09 -1.97235e-09 11.0933)
(1.38649e-09 2.60651e-08 11.0441)
(1.62807e-08 3.79004e-10 10.8128)
(-4.53511e-09 5.95408e-10 10.5725)
(-1.48407e-08 6.17076e-08 10.6107)
(1.56509e-08 1.463e-08 10.2933)
(-1.75908e-09 3.53169e-09 9.93678)
(-3.85168e-08 1.01602e-07 10.1335)
(1.13513e-08 3.04962e-08 9.72371)
(6.58337e-11 6.42882e-09 9.25535)
(-6.81268e-08 1.41626e-07 9.64262)
(3.97764e-09 4.617e-08 9.14996)
(7.74496e-10 9.15861e-09 8.58798)
(-1.00855e-07 1.77957e-07 9.15099)
(-5.53491e-09 6.04089e-08 8.59562)
(6.31207e-10 1.20006e-08 7.9673)
(-1.34081e-07 2.07278e-07 8.61598)
(-1.69871e-08 7.23704e-08 8.02651)
(-5.71074e-10 1.54401e-08 7.36521)
(-1.59865e-07 2.25533e-07 7.71384)
(-2.62211e-08 8.15366e-08 7.14923)
(-1.26389e-09 2.02351e-08 6.50936)
(1.8938e-08 -4.98167e-08 11.7287)
(1.06251e-08 -3.08644e-08 11.6418)
(-3.90086e-09 -9.38283e-09 11.5805)
(2.21363e-08 -4.60383e-08 11.629)
(1.77388e-08 -3.17997e-08 11.5223)
(-1.01702e-09 -9.31925e-09 11.4397)
(2.06485e-08 -3.29083e-08 11.3945)
(2.2582e-08 -2.79102e-08 11.2361)
(1.92074e-09 -8.08218e-09 11.0933)
(1.39352e-08 -9.59427e-09 11.0441)
(2.52982e-08 -1.91884e-08 10.8128)
(4.38313e-09 -5.84431e-09 10.5725)
(-3.84359e-12 2.23784e-08 10.6107)
(2.4595e-08 -6.6676e-09 10.2933)
(5.64943e-09 -2.90376e-09 9.93678)
(-2.13397e-08 6.0382e-08 10.1335)
(2.01492e-08 8.32741e-09 9.72371)
(5.75449e-09 2.65763e-10 9.25535)
(-4.92203e-08 1.01092e-07 9.64262)
(1.23043e-08 2.41132e-08 9.14996)
(4.76362e-09 3.41964e-09 8.58798)
(-8.17361e-08 1.41237e-07 9.15098)
(1.93394e-09 3.94628e-08 8.59562)
(3.09387e-09 6.53037e-09 7.9673)
(-1.17004e-07 1.775e-07 8.61598)
(-1.04507e-08 5.34114e-08 8.02651)
(7.26633e-10 9.91603e-09 7.36521)
(-1.47773e-07 2.06176e-07 7.71384)
(-2.08353e-08 6.54095e-08 7.14923)
(-7.0957e-10 1.42075e-08 6.50936)
(2.88797e-08 -6.05373e-08 11.7287)
(1.94802e-08 -3.67727e-08 11.6418)
(5.19283e-09 -1.13308e-08 11.5805)
(3.2689e-08 -5.87725e-08 11.629)
(2.70045e-08 -3.88121e-08 11.5223)
(8.27914e-09 -1.14648e-08 11.4397)
(3.16973e-08 -4.80064e-08 11.3945)
(3.18155e-08 -3.59425e-08 11.2361)
(1.08174e-08 -1.0206e-08 11.0933)
(2.54453e-08 -2.70983e-08 11.0441)
(3.41423e-08 -2.7953e-08 10.8128)
(1.24576e-08 -7.62843e-09 10.5725)
(1.19906e-08 2.55861e-09 10.6107)
(3.27922e-08 -1.59707e-08 10.2933)
(1.26773e-08 -4.13331e-09 9.93678)
(-8.61429e-09 3.83484e-08 10.1335)
(2.74527e-08 -1.59293e-09 9.72371)
(1.16014e-08 -4.01627e-10 9.25535)
(-3.54766e-08 7.70559e-08 9.64262)
(1.88797e-08 1.33589e-08 9.14996)
(9.34434e-09 3.00335e-09 8.58798)
(-6.67022e-08 1.15838e-07 9.15098)
(8.12371e-09 2.76071e-08 8.59562)
(6.36815e-09 5.90057e-09 7.9673)
(-1.00845e-07 1.52719e-07 8.61598)
(-4.34104e-09 4.05166e-08 8.02651)
(2.88965e-09 8.44047e-09 7.36521)
(-1.33409e-07 1.86009e-07 7.71384)
(-1.52091e-08 5.2437e-08 7.14923)
(3.43745e-10 1.12667e-08 6.50936)
(3.14433e-08 -5.84933e-08 11.7287)
(2.34472e-08 -3.59455e-08 11.6418)
(8.47417e-09 -1.06204e-08 11.5805)
(3.4349e-08 -5.56972e-08 11.629)
(2.97697e-08 -3.74016e-08 11.5223)
(1.02425e-08 -1.04386e-08 11.4397)
(3.21638e-08 -4.39078e-08 11.3945)
(3.31985e-08 -3.38336e-08 11.2361)
(1.11891e-08 -8.75888e-09 11.0933)
(2.45555e-08 -2.18696e-08 11.0441)
(3.41893e-08 -2.49912e-08 10.8128)
(1.14456e-08 -5.65354e-09 10.5725)
(9.93602e-09 8.50067e-09 10.6107)
(3.17983e-08 -1.22433e-08 10.2933)
(1.07687e-08 -1.61536e-09 9.93678)
(-1.11723e-08 4.38478e-08 10.1335)
(2.60553e-08 2.39565e-09 9.72371)
(9.39856e-09 2.54769e-09 9.25535)
(-3.71671e-08 8.0284e-08 9.64262)
(1.763e-08 1.65737e-08 9.14996)
(7.40969e-09 6.19879e-09 8.58798)
(-6.58737e-08 1.14641e-07 9.15098)
(7.5296e-09 2.87172e-08 8.59562)
(5.02975e-09 8.97245e-09 7.9673)
(-9.60326e-08 1.4529e-07 8.61598)
(-3.68772e-09 3.82471e-08 8.02651)
(2.20191e-09 1.09215e-08 7.36521)
(-1.24428e-07 1.72593e-07 7.71384)
(-1.3153e-08 4.5976e-08 7.14923)
(5.22731e-11 1.23608e-08 6.50936)
(2.85917e-08 -6.21432e-08 11.7287)
(2.2566e-08 -3.88496e-08 11.6418)
(8.06549e-09 -1.17042e-08 11.5805)
(3.04606e-08 -5.95506e-08 11.629)
(2.82042e-08 -4.07712e-08 11.5223)
(9.39886e-09 -1.1781e-08 11.4397)
(2.76311e-08 -4.76319e-08 11.3945)
(3.11629e-08 -3.77376e-08 11.2361)
(9.83827e-09 -1.04688e-08 11.0933)
(1.97285e-08 -2.53227e-08 11.0441)
(3.19734e-08 -2.95743e-08 10.8128)
(9.5624e-09 -7.90575e-09 10.5725)
(5.3379e-09 5.44522e-09 10.6107)
(2.97816e-08 -1.75709e-08 10.2933)
(8.48782e-09 -4.47613e-09 9.93678)
(-1.50214e-08 4.12849e-08 10.1335)
(2.44554e-08 -3.55193e-09 9.72371)
(7.00966e-09 -8.25559e-10 9.25535)
(-3.99615e-08 7.80783e-08 9.64262)
(1.68049e-08 1.04359e-08 9.14996)
(5.23414e-09 2.6323e-09 8.58798)
(-6.71122e-08 1.12236e-07 9.15098)
(7.69229e-09 2.28458e-08 8.59562)
(3.37239e-09 5.79988e-09 7.9673)
(-9.46142e-08 1.41584e-07 8.61598)
(-2.42186e-09 3.2765e-08 8.02651)
(1.34427e-09 8.69279e-09 7.36521)
(-1.19195e-07 1.65179e-07 7.71384)
(-1.08672e-08 4.01774e-08 7.14923)
(-1.40719e-10 1.13561e-08 6.50936)
(3.17839e-08 -7.41912e-08 11.7287)
(2.61706e-08 -4.59651e-08 11.6418)
(1.33574e-08 -1.44838e-08 11.5805)
(3.38029e-08 -7.42602e-08 11.629)
(3.27615e-08 -4.99357e-08 11.5223)
(1.59405e-08 -1.53604e-08 11.4397)
(3.16322e-08 -6.49247e-08 11.3945)
(3.65767e-08 -4.90608e-08 11.2361)
(1.71533e-08 -1.49235e-08 11.0933)
(2.47311e-08 -4.50066e-08 11.0441)
(3.80698e-08 -4.31144e-08 10.8128)
(1.68898e-08 -1.32884e-08 10.5725)
(1.17411e-08 -1.59315e-08 10.6107)
(3.63926e-08 -3.30486e-08 10.2933)
(1.5161e-08 -1.06773e-08 9.93678)
(-7.21498e-09 1.94802e-08 10.1335)
(3.14058e-08 -2.01989e-08 9.72371)
(1.25166e-08 -7.56829e-09 9.25535)
(-3.11565e-08 5.75282e-08 9.64262)
(2.36348e-08 -6.22336e-09 9.14996)
(9.31199e-09 -4.16606e-09 8.58798)
(-5.82716e-08 9.46651e-08 9.15098)
(1.37725e-08 7.58212e-09 8.59562)
(5.98332e-09 -5.07621e-10 7.9673)
(-8.68938e-08 1.28013e-07 8.61598)
(2.37512e-09 2.02823e-08 8.02651)
(2.63219e-09 3.58132e-09 7.36521)
(-1.13138e-07 1.55525e-07 7.71384)
(-7.8904e-09 3.16149e-08 7.14923)
(1.42669e-10 8.35299e-09 6.50936)
(4.04663e-08 -7.59247e-08 11.7287)
(3.59338e-08 -4.66187e-08 11.6418)
(2.49326e-08 -1.45079e-08 11.5805)
(4.23061e-08 -7.75195e-08 11.629)
(4.28523e-08 -5.1912e-08 11.5223)
(2.845e-08 -1.58164e-08 11.4397)
(3.95851e-08 -6.98491e-08 11.3945)
(4.61813e-08 -5.22507e-08 11.2361)
(2.96065e-08 -1.5726e-08 11.0933)
(3.15654e-08 -5.1447e-08 11.0441)
(4.64039e-08 -4.71747e-08 10.8128)
(2.83689e-08 -1.42183e-08 10.5725)
(1.7195e-08 -2.35841e-08 10.6107)
(4.30175e-08 -3.76148e-08 10.2933)
(2.50189e-08 -1.1533e-08 9.93678)
(-2.98689e-09 1.08771e-08 10.1335)
(3.61576e-08 -2.51566e-08 9.72371)
(2.0367e-08 -8.2702e-09 9.25535)
(-2.76382e-08 4.82195e-08 9.64262)
(2.69377e-08 -1.16805e-08 9.14996)
(1.50332e-08 -4.89982e-09 8.58798)
(-5.46226e-08 8.49884e-08 9.15098)
(1.64119e-08 1.41035e-09 8.59562)
(9.68678e-09 -1.54492e-09 7.9673)
(-8.23066e-08 1.18873e-07 8.61598)
(5.06006e-09 1.35112e-08 8.02651)
(4.71733e-09 2.02827e-09 7.36521)
(-1.08212e-07 1.48181e-07 7.71384)
(-5.21111e-09 2.53794e-08 7.14923)
(8.83812e-10 6.64783e-09 6.50936)
(4.94102e-08 -6.43778e-08 11.7287)
(4.73068e-08 -3.97485e-08 11.6418)
(3.74014e-08 -1.17151e-08 11.5805)
(5.09174e-08 -6.44096e-08 11.629)
(5.45163e-08 -4.4019e-08 11.5223)
(4.21899e-08 -1.25644e-08 11.4397)
(4.69684e-08 -5.51783e-08 11.3945)
(5.69576e-08 -4.28921e-08 11.2361)
(4.34634e-08 -1.17997e-08 11.0933)
(3.64933e-08 -3.51851e-08 11.0441)
(5.50635e-08 -3.58689e-08 10.8128)
(4.13502e-08 -9.34042e-09 10.5725)
(1.88623e-08 -6.1055e-09 10.6107)
(4.87371e-08 -2.41978e-08 10.2933)
(3.63462e-08 -5.59777e-09 9.93678)
(-4.69e-09 2.84946e-08 10.1335)
(3.88514e-08 -1.01431e-08 9.72371)
(2.94986e-08 -1.42895e-09 9.25535)
(-3.17532e-08 6.42973e-08 9.64262)
(2.69298e-08 3.4516e-09 9.14996)
(2.1746e-08 2.37769e-09 8.58798)
(-5.94885e-08 9.74509e-08 9.15098)
(1.46034e-08 1.44783e-08 8.59562)
(1.39917e-08 5.30447e-09 7.9673)
(-8.59637e-08 1.25631e-07 8.61598)
(2.85514e-09 2.21288e-08 8.02651)
(6.82594e-09 7.46027e-09 7.36521)
(-1.08702e-07 1.48146e-07 7.71384)
(-6.31507e-09 2.76027e-08 7.14923)
(1.26956e-09 9.65721e-09 6.50936)
(5.69647e-08 -5.75199e-08 11.7287)
(5.63399e-08 -3.53424e-08 11.6418)
(4.74104e-08 -1.02311e-08 11.5805)
(5.86793e-08 -5.64173e-08 11.629)
(6.45561e-08 -3.81988e-08 11.5223)
(5.41602e-08 -1.04625e-08 11.4397)
(5.45082e-08 -4.59085e-08 11.3945)
(6.69782e-08 -3.51252e-08 11.2361)
(5.63924e-08 -8.83263e-09 11.0933)
(4.29709e-08 -2.48111e-08 11.0441)
(6.39051e-08 -2.58261e-08 10.8128)
(5.42139e-08 -5.3089e-09 10.5725)
(2.35001e-08 5.15578e-09 10.6107)
(5.54107e-08 -1.17746e-08 10.2933)
(4.81915e-08 -4.52025e-10 9.93678)
(-2.47888e-09 4.03786e-08 10.1335)
(4.26087e-08 4.43382e-09 9.72371)
(3.95169e-08 4.74341e-09 9.25535)
(-3.23863e-08 7.64534e-08 9.64262)
(2.76605e-08 1.95763e-08 9.14996)
(2.93799e-08 9.27286e-09 8.58798)
(-6.27599e-08 1.09223e-07 9.15098)
(1.27958e-08 3.09236e-08 8.59562)
(1.90177e-08 1.24805e-08 7.9673)
(-9.05551e-08 1.35889e-07 8.61598)
(-4.12117e-10 3.68204e-08 8.02651)
(9.44713e-09 1.41566e-08 7.36521)
(-1.12276e-07 1.54124e-07 7.71384)
(-9.16494e-09 3.70278e-08 7.14923)
(1.9646e-09 1.46259e-08 6.50936)
(6.76307e-08 -5.89835e-08 11.7287)
(6.60659e-08 -3.48237e-08 11.6418)
(5.74805e-08 -1.01901e-08 11.5805)
(7.03656e-08 -5.82273e-08 11.629)
(7.57124e-08 -3.66808e-08 11.5223)
(6.58932e-08 -9.78754e-09 11.4397)
(6.69905e-08 -4.81844e-08 11.3945)
(7.8586e-08 -3.21234e-08 11.2361)
(6.88588e-08 -7.20004e-09 11.0933)
(5.57633e-08 -2.77642e-08 11.0441)
(7.4967e-08 -2.10379e-08 10.8128)
(6.65791e-08 -2.43246e-09 10.5725)
(3.59705e-08 1.57993e-09 10.6107)
(6.49738e-08 -4.98031e-09 10.2933)
(5.96905e-08 3.80599e-09 9.93678)
(8.80554e-09 3.66711e-08 10.1335)
(4.99738e-08 1.34887e-08 9.72371)
(4.93781e-08 1.04159e-08 9.25535)
(-2.32671e-08 7.35938e-08 9.64262)
(3.20116e-08 3.09713e-08 9.14996)
(3.70193e-08 1.62755e-08 8.58798)
(-5.70171e-08 1.08381e-07 9.15098)
(1.35554e-08 4.44476e-08 8.59562)
(2.40855e-08 2.04361e-08 7.9673)
(-8.92178e-08 1.37751e-07 8.61598)
(-3.117e-09 5.16295e-08 8.02651)
(1.18355e-08 2.24583e-08 7.36521)
(-1.15058e-07 1.583e-07 7.71384)
(-1.40699e-08 5.06675e-08 7.14923)
(2.17937e-09 2.2106e-08 6.50936)
(7.51801e-08 -5.15021e-08 11.7287)
(7.32966e-08 -2.96921e-08 11.6418)
(6.35456e-08 -8.01039e-09 11.5805)
(7.87532e-08 -4.85709e-08 11.629)
(8.3702e-08 -2.92497e-08 11.5223)
(7.28944e-08 -6.4895e-09 11.4397)
(7.53457e-08 -3.6543e-08 11.3945)
(8.64873e-08 -2.2043e-08 11.2361)
(7.62428e-08 -2.52644e-09 11.0933)
(6.31682e-08 -1.44049e-08 11.0441)
(8.19449e-08 -8.09016e-09 10.8128)
(7.40251e-08 3.84139e-09 10.5725)
(4.14261e-08 1.60578e-08 10.6107)
(7.02662e-08 1.07018e-08 10.2933)
(6.68189e-08 1.16664e-08 9.93678)
(1.18028e-08 5.12951e-08 10.1335)
(5.29627e-08 3.13383e-08 9.72371)
(5.57527e-08 1.96626e-08 9.25535)
(-2.27717e-08 8.72184e-08 9.64262)
(3.25294e-08 5.01264e-08 9.14996)
(4.22246e-08 2.64465e-08 8.58798)
(-5.85406e-08 1.19959e-07 9.15098)
(1.17796e-08 6.38556e-08 8.59562)
(2.77683e-08 3.09888e-08 7.9673)
(-9.19325e-08 1.47056e-07 8.61598)
(-6.83887e-09 7.02221e-08 8.02651)
(1.3819e-08 3.26875e-08 7.36521)
(-1.18807e-07 1.65518e-07 7.71384)
(-1.89957e-08 6.69266e-08 7.14923)
(2.53309e-09 3.10169e-08 6.50936)
(7.4504e-08 -3.35748e-08 11.7287)
(7.46216e-08 -1.95072e-08 11.6418)
(6.31328e-08 -3.85711e-09 11.5805)
(7.77466e-08 -2.57568e-08 11.629)
(8.46346e-08 -1.5491e-08 11.5223)
(7.23465e-08 -9.12627e-10 11.4397)
(7.31055e-08 -8.70471e-09 11.3945)
(8.66366e-08 -4.44518e-09 11.2361)
(7.54371e-08 4.55855e-09 11.0933)
(5.87594e-08 1.82994e-08 11.0441)
(8.09167e-08 1.33203e-08 10.8128)
(7.31154e-08 1.23903e-08 10.5725)
(3.40541e-08 5.26027e-08 10.6107)
(6.77701e-08 3.54476e-08 10.2933)
(6.59256e-08 2.14436e-08 9.93678)
(1.2588e-09 8.96493e-08 10.1335)
(4.9094e-08 5.84531e-08 9.72371)
(5.50126e-08 3.03425e-08 9.25535)
(-3.57285e-08 1.24545e-07 9.64262)
(2.73353e-08 7.80934e-08 9.14996)
(4.17417e-08 3.77164e-08 8.58798)
(-7.24775e-08 1.52924e-07 9.15098)
(5.40916e-09 9.08983e-08 8.59562)
(2.748e-08 4.24718e-08 7.9673)
(-1.04995e-07 1.72239e-07 8.61598)
(-1.40065e-08 9.44641e-08 8.02651)
(1.34022e-08 4.39763e-08 7.36521)
(-1.28349e-07 1.80096e-07 7.71384)
(-2.59857e-08 8.59929e-08 7.14923)
(1.87886e-09 4.12107e-08 6.50936)
(6.91563e-08 -2.4959e-08 11.7287)
(7.17e-08 -1.47777e-08 11.6418)
(6.02455e-08 -2.13777e-09 11.5805)
(7.1229e-08 -1.50207e-08 11.629)
(8.07922e-08 -9.2679e-09 11.5223)
(6.87616e-08 1.29068e-09 11.4397)
(6.54899e-08 4.51886e-09 11.3945)
(8.20085e-08 3.27087e-09 11.2361)
(7.11891e-08 7.10415e-09 11.0933)
(5.00354e-08 3.39354e-08 11.0441)
(7.5701e-08 2.21983e-08 10.8128)
(6.83783e-08 1.49765e-08 10.5725)
(2.42668e-08 7.04497e-08 10.6107)
(6.22354e-08 4.51749e-08 10.2933)
(6.10152e-08 2.38267e-08 9.93678)
(-9.62155e-09 1.09499e-07 10.1335)
(4.334e-08 6.89442e-08 9.72371)
(5.0368e-08 3.24921e-08 9.25535)
(-4.79266e-08 1.4611e-07 9.64262)
(2.15168e-08 8.97128e-08 9.14996)
(3.77415e-08 3.99171e-08 8.58798)
(-8.59744e-08 1.7554e-07 9.15098)
(-4.56463e-10 1.04215e-07 8.59562)
(2.44213e-08 4.5402e-08 7.9673)
(-1.18938e-07 1.94405e-07 8.61598)
(-2.00466e-08 1.09685e-07 8.02651)
(1.14065e-08 4.83566e-08 7.36521)
(-1.40263e-07 1.97806e-07 7.71384)
(-3.18424e-08 1.01834e-07 7.14923)
(8.82727e-10 4.74014e-08 6.50936)
(6.91087e-08 -2.92341e-08 11.7287)
(7.25139e-08 -1.71821e-08 11.6418)
(6.23989e-08 -3.21713e-09 11.5805)
(7.10784e-08 -2.06097e-08 11.629)
(8.2228e-08 -1.26257e-08 11.5223)
(7.17077e-08 -1.8974e-10 11.4397)
(6.57482e-08 -2.3375e-09 11.3945)
(8.41913e-08 -1.26078e-09 11.2361)
(7.47713e-08 5.06247e-09 11.0933)
(5.10236e-08 2.58207e-08 11.0441)
(7.86632e-08 1.6149e-08 10.8128)
(7.21993e-08 1.21415e-08 10.5725)
(2.62845e-08 6.1568e-08 10.6107)
(6.59435e-08 3.76401e-08 10.2933)
(6.46636e-08 2.01444e-08 9.93678)
(-6.85019e-09 1.01063e-07 10.1335)
(4.7588e-08 6.06539e-08 9.72371)
(5.34657e-08 2.81751e-08 9.25535)
(-4.52958e-08 1.39986e-07 9.64262)
(2.55778e-08 8.21063e-08 9.14996)
(4.00232e-08 3.55517e-08 8.58798)
(-8.51494e-08 1.73858e-07 9.15098)
(2.33543e-09 9.93272e-08 8.59562)
(2.57658e-08 4.18029e-08 7.9673)
(-1.2194e-07 1.98591e-07 8.61598)
(-1.96643e-08 1.097e-07 8.02651)
(1.17512e-08 4.66109e-08 7.36521)
(-1.47637e-07 2.07715e-07 7.71384)
(-3.45828e-08 1.08437e-07 7.14923)
(5.42494e-10 4.87824e-08 6.50936)
(7.02444e-08 -2.58946e-08 11.7287)
(7.57383e-08 -1.56017e-08 11.6418)
(6.678e-08 -2.41471e-09 11.5805)
(7.16939e-08 -1.73088e-08 11.629)
(8.55408e-08 -1.15957e-08 11.5223)
(7.68276e-08 3.91343e-10 11.4397)
(6.56885e-08 8.58386e-10 11.3945)
(8.74883e-08 -9.1876e-10 11.2361)
(8.04442e-08 5.34721e-09 11.0933)
(5.00023e-08 2.89389e-08 11.0441)
(8.17305e-08 1.5748e-08 10.8128)
(7.81094e-08 1.20931e-08 10.5725)
(2.42327e-08 6.46587e-08 10.6107)
(6.86684e-08 3.64914e-08 10.2933)
(7.04093e-08 1.97548e-08 9.93678)
(-9.70758e-09 1.0411e-07 10.1335)
(4.9837e-08 5.87119e-08 9.72371)
(5.8662e-08 2.74252e-08 9.25535)
(-4.86411e-08 1.42957e-07 9.64262)
(2.75445e-08 7.94658e-08 9.14996)
(4.43324e-08 3.43507e-08 8.58798)
(-8.86104e-08 1.76972e-07 9.15098)
(4.21302e-09 9.63796e-08 8.59562)
(2.89483e-08 4.02039e-08 7.9673)
(-1.25506e-07 2.02909e-07 8.61598)
(-1.81367e-08 1.0756e-07 8.02651)
(1.37505e-08 4.49063e-08 7.36521)
(-1.52511e-07 2.14944e-07 7.71384)
(-3.43203e-08 1.09622e-07 7.14923)
(1.32153e-09 4.80013e-08 6.50936)
(6.68046e-08 -1.09085e-08 11.7287)
(7.65834e-08 -7.50044e-09 11.6418)
(6.83971e-08 9.62821e-10 11.5805)
(6.61368e-08 2.54347e-10 11.629)
(8.46009e-08 -2.2014e-09 11.5223)
(7.75181e-08 4.23198e-09 11.4397)
(5.75858e-08 2.12372e-08 11.3945)
(8.46492e-08 9.97399e-09 11.2361)
(8.00879e-08 9.68828e-09 11.0933)
(3.88317e-08 5.22701e-08 11.0441)
(7.69149e-08 2.83026e-08 10.8128)
(7.68833e-08 1.69737e-08 10.5725)
(1.00063e-08 9.05259e-08 10.6107)
(6.21696e-08 5.05977e-08 10.2933)
(6.86457e-08 2.51179e-08 9.93678)
(-2.63461e-08 1.31273e-07 10.1335)
(4.24697e-08 7.37398e-08 9.72371)
(5.67776e-08 3.30561e-08 9.25535)
(-6.61747e-08 1.69449e-07 9.64262)
(2.01738e-08 9.40794e-08 9.14996)
(4.27314e-08 3.98874e-08 8.58798)
(-1.05103e-07 2.00419e-07 9.15098)
(-2.23927e-09 1.08879e-07 8.59562)
(2.78629e-08 4.50703e-08 7.9673)
(-1.39196e-07 2.20961e-07 8.61598)
(-2.28624e-08 1.16427e-07 8.02651)
(1.31376e-08 4.85827e-08 7.36521)
(-1.61733e-07 2.26456e-07 7.71384)
(-3.68937e-08 1.14344e-07 7.14923)
(1.00571e-09 5.01758e-08 6.50936)
(6.08086e-08 -4.25896e-09 11.7287)
(7.36935e-08 -3.94281e-09 11.6418)
(6.67658e-08 2.19483e-09 11.5805)
(5.84681e-08 8.34535e-09 11.629)
(8.04761e-08 2.52979e-09 11.5223)
(7.5442e-08 5.85875e-09 11.4397)
(4.84165e-08 3.11796e-08 11.3945)
(7.93497e-08 1.61563e-08 11.2361)
(7.75293e-08 1.17701e-08 11.0933)
(2.81556e-08 6.41036e-08 11.0441)
(7.04832e-08 3.59577e-08 10.8128)
(7.39063e-08 1.94559e-08 10.5725)
(-2.00589e-09 1.04183e-07 10.6107)
(5.48914e-08 5.96384e-08 10.2933)
(6.54527e-08 2.7921e-08 9.93678)
(-3.94666e-08 1.46642e-07 10.1335)
(3.46052e-08 8.39247e-08 9.72371)
(5.3654e-08 3.60846e-08 9.25535)
(-8.02456e-08 1.86329e-07 9.64262)
(1.23053e-08 1.05093e-07 9.14996)
(3.99675e-08 4.30054e-08 8.58798)
(-1.19647e-07 2.18274e-07 9.15098)
(-9.37087e-09 1.20112e-07 8.59562)
(2.57287e-08 4.81863e-08 7.9673)
(-1.52992e-07 2.38608e-07 8.61598)
(-2.84932e-08 1.26706e-07 8.02651)
(1.18688e-08 5.14419e-08 7.36521)
(-1.72484e-07 2.40774e-07 7.71384)
(-4.00104e-08 1.21466e-07 7.14923)
(5.99919e-10 5.22442e-08 6.50936)
(6.11179e-08 -1.0969e-08 11.7287)
(7.36075e-08 -7.2154e-09 11.6418)
(6.77255e-08 7.47324e-10 11.5805)
(5.89966e-08 7.40734e-10 11.629)
(8.08667e-08 -5.90193e-10 11.5223)
(7.70181e-08 4.56209e-09 11.4397)
(4.95771e-08 2.27238e-08 11.3945)
(8.0169e-08 1.33722e-08 11.2361)
(7.95419e-08 1.07381e-08 11.0933)
(3.02087e-08 5.47469e-08 11.0441)
(7.15874e-08 3.34711e-08 10.8128)
(7.60649e-08 1.87191e-08 10.5725)
(1.05159e-09 9.4255e-08 10.6107)
(5.61306e-08 5.7511e-08 10.2933)
(6.75066e-08 2.74933e-08 9.93678)
(-3.58313e-08 1.37113e-07 10.1335)
(3.58274e-08 8.25378e-08 9.72371)
(5.53462e-08 3.60306e-08 9.25535)
(-7.69701e-08 1.78862e-07 9.64262)
(1.2981e-08 1.05037e-07 9.14996)
(4.11347e-08 4.34689e-08 8.58798)
(-1.18289e-07 2.1486e-07 9.15098)
(-9.83203e-09 1.22074e-07 8.59562)
(2.63066e-08 4.92204e-08 7.9673)
(-1.5529e-07 2.40649e-07 8.61598)
(-3.03587e-08 1.31011e-07 8.02651)
(1.18474e-08 5.30422e-08 7.36521)
(-1.7877e-07 2.48297e-07 7.71384)
(-4.28357e-08 1.27222e-07 7.14923)
(2.86182e-10 5.40945e-08 6.50936)
(6.21877e-08 -1.25193e-08 11.7287)
(7.3964e-08 -7.47758e-09 11.6418)
(6.78171e-08 8.32665e-10 11.5805)
(6.00862e-08 -6.60314e-10 11.629)
(8.06691e-08 -2.26495e-10 11.5223)
(7.63059e-08 5.03127e-09 11.4397)
(5.05737e-08 2.1261e-08 11.3945)
(7.93583e-08 1.44025e-08 11.2361)
(7.80121e-08 1.16882e-08 11.0933)
(3.11235e-08 5.30892e-08 11.0441)
(7.02072e-08 3.51712e-08 10.8128)
(7.3963e-08 2.02319e-08 10.5725)
(1.82687e-09 9.22753e-08 10.6107)
(5.43101e-08 5.97667e-08 10.2933)
(6.52042e-08 2.95426e-08 9.93678)
(-3.516e-08 1.3476e-07 10.1335)
(3.36458e-08 8.51285e-08 9.72371)
(5.31978e-08 3.85057e-08 9.25535)
(-7.64752e-08 1.76304e-07 9.64262)
(1.07351e-08 1.07853e-07 9.14996)
(3.93813e-08 4.61328e-08 8.58798)
(-1.18117e-07 2.12716e-07 9.15098)
(-1.18652e-08 1.25177e-07 8.59562)
(2.50628e-08 5.18922e-08 7.9673)
(-1.55855e-07 2.40524e-07 8.61598)
(-3.2152e-08 1.34764e-07 8.02651)
(1.11753e-08 5.55313e-08 7.36521)
(-1.81691e-07 2.52346e-07 7.71384)
(-4.46216e-08 1.32104e-07 7.14923)
(1.12444e-11 5.62535e-08 6.50936)
(5.55524e-08 -5.73723e-09 11.7287)
(6.80947e-08 -3.89936e-09 11.6418)
(6.05243e-08 2.40913e-09 11.5805)
(5.27167e-08 8.49958e-09 11.629)
(7.33213e-08 5.086e-09 11.5223)
(6.7141e-08 7.27401e-09 11.4397)
(4.24509e-08 3.27038e-08 11.3945)
(7.11086e-08 2.13261e-08 11.2361)
(6.76096e-08 1.45676e-08 11.0933)
(2.2459e-08 6.6643e-08 11.0441)
(6.17017e-08 4.34462e-08 10.8128)
(6.32673e-08 2.36232e-08 10.5725)
(-7.09878e-09 1.07279e-07 10.6107)
(4.61928e-08 6.89083e-08 10.2933)
(5.51676e-08 3.3239e-08 9.93678)
(-4.39261e-08 1.5004e-07 10.1335)
(2.66089e-08 9.44889e-08 9.72371)
(4.46477e-08 4.22716e-08 9.25535)
(-8.43706e-08 1.90339e-07 9.64262)
(5.05879e-09 1.16638e-07 9.14996)
(3.28724e-08 4.98261e-08 8.58798)
(-1.24509e-07 2.23996e-07 9.15098)
(-1.62041e-08 1.3272e-07 8.59562)
(2.07537e-08 5.53759e-08 7.9673)
(-1.6053e-07 2.4795e-07 8.61598)
(-3.53031e-08 1.40703e-07 8.02651)
(8.79002e-09 5.87472e-08 7.36521)
(-1.84874e-07 2.56346e-07 7.71384)
(-4.68995e-08 1.36351e-07 7.14923)
(-9.62412e-10 5.89569e-08 6.50936)
(4.12876e-08 -9.37942e-09 11.7287)
(5.4497e-08 -6.93258e-09 11.6418)
(4.63582e-08 1.09211e-09 11.5805)
(3.73281e-08 5.03107e-09 11.629)
(5.8112e-08 2.07218e-09 11.5223)
(5.0837e-08 5.79991e-09 11.4397)
(2.69848e-08 2.95479e-08 11.3945)
(5.57475e-08 1.78925e-08 11.2361)
(5.04149e-08 1.26669e-08 11.0933)
(8.20945e-09 6.366e-08 11.0441)
(4.76873e-08 3.89667e-08 10.8128)
(4.6408e-08 2.0894e-08 10.5725)
(-1.89683e-08 1.04372e-07 10.6107)
(3.4759e-08 6.2905e-08 10.2933)
(3.98053e-08 2.94245e-08 9.93678)
(-5.27335e-08 1.47396e-07 10.1335)
(1.83121e-08 8.69519e-08 9.72371)
(3.1777e-08 3.7373e-08 9.25535)
(-9.02531e-08 1.8835e-07 9.64262)
(9.85487e-11 1.08363e-07 9.14996)
(2.31213e-08 4.42325e-08 8.58798)
(-1.2806e-07 2.23113e-07 9.15098)
(-1.82323e-08 1.25088e-07 8.59562)
(1.4349e-08 4.99502e-08 7.9673)
(-1.62374e-07 2.48479e-07 8.61598)
(-3.53351e-08 1.35222e-07 8.02651)
(5.58408e-09 5.44904e-08 7.36521)
(-1.85671e-07 2.57618e-07 7.71384)
(-4.6219e-08 1.34045e-07 7.14923)
(-1.75263e-09 5.67724e-08 6.50936)
(3.07614e-08 -2.73717e-08 11.7287)
(4.28537e-08 -1.77439e-08 11.6418)
(3.54148e-08 -3.22345e-09 11.5805)
(2.60303e-08 -1.65949e-08 11.629)
(4.52432e-08 -1.14578e-08 11.5223)
(3.77112e-08 3.14323e-10 11.4397)
(1.64563e-08 4.28721e-09 11.3945)
(4.31851e-08 1.05407e-09 11.2361)
(3.61944e-08 5.69307e-09 11.0933)
(2.60664e-10 3.4891e-08 11.0441)
(3.7062e-08 1.82781e-08 10.8128)
(3.20323e-08 1.20975e-08 10.5725)
(-2.26413e-08 7.28622e-08 10.6107)
(2.7419e-08 3.83383e-08 10.2933)
(2.62952e-08 1.87506e-08 9.93678)
(-5.13687e-08 1.14846e-07 10.1335)
(1.50629e-08 5.94046e-08 9.72371)
(2.00797e-08 2.5103e-08 9.25535)
(-8.4248e-08 1.5725e-07 9.64262)
(7.98153e-10 7.97433e-08 9.14996)
(1.39558e-08 3.11394e-08 8.58798)
(-1.19184e-07 1.9646e-07 9.15098)
(-1.46393e-08 9.82151e-08 8.59562)
(8.11465e-09 3.71503e-08 7.9673)
(-1.53538e-07 2.28993e-07 8.61598)
(-3.04929e-08 1.1347e-07 8.02651)
(2.2629e-09 4.3479e-08 7.36521)
(-1.80009e-07 2.47747e-07 7.71384)
(-4.2518e-08 1.21198e-07 7.14923)
(-2.69346e-09 4.94413e-08 6.50936)
(2.38796e-08 -3.99462e-08 11.7287)
(3.54549e-08 -2.5824e-08 11.6418)
(2.89659e-08 -6.21472e-09 11.5805)
(1.86038e-08 -3.23172e-08 11.629)
(3.68846e-08 -2.25682e-08 11.5223)
(2.98023e-08 -3.995e-09 11.4397)
(9.38587e-09 -1.47871e-08 11.3945)
(3.50101e-08 -1.36804e-08 11.2361)
(2.76411e-08 -2.1988e-10 11.0933)
(-5.35579e-09 1.26295e-08 11.0441)
(3.02087e-08 -3.65125e-10 10.8128)
(2.34385e-08 4.38478e-09 10.5725)
(-2.56424e-08 4.7911e-08 10.6107)
(2.28886e-08 1.58118e-08 10.2933)
(1.82547e-08 9.23977e-09 9.93678)
(-5.07782e-08 8.80287e-08 10.1335)
(1.34014e-08 3.33445e-08 9.72371)
(1.31663e-08 1.39175e-08 9.25535)
(-7.96317e-08 1.29629e-07 9.64262)
(2.49593e-09 5.10997e-08 9.14996)
(8.6001e-09 1.85262e-08 8.58798)
(-1.10654e-07 1.69578e-07 9.15098)
(-9.55406e-09 6.86244e-08 8.59562)
(4.60815e-09 2.36863e-08 7.9673)
(-1.42151e-07 2.0546e-07 8.61598)
(-2.2837e-08 8.56444e-08 8.02651)
(8.25997e-10 3.01292e-08 7.36521)
(-1.6934e-07 2.31697e-07 7.71384)
(-3.47573e-08 1.00039e-07 7.14923)
(-2.54129e-09 3.81778e-08 6.50936)
(1.37472e-08 -4.15137e-08 11.7287)
(2.72941e-08 -2.83484e-08 11.6418)
(2.16792e-08 -7.05703e-09 11.5805)
(7.24082e-09 -3.49021e-08 11.629)
(2.74818e-08 -2.70582e-08 11.5223)
(2.14317e-08 -5.82698e-09 11.4397)
(-2.51726e-09 -1.84891e-08 11.3945)
(2.55132e-08 -2.0627e-08 11.2361)
(1.90457e-08 -3.30608e-09 11.0933)
(-1.69918e-08 7.94298e-09 11.0441)
(2.16635e-08 -1.00042e-08 10.8128)
(1.52536e-08 -1.46959e-10 10.5725)
(-3.58706e-08 4.22605e-08 10.6107)
(1.62775e-08 3.37064e-09 10.2933)
(1.10018e-08 3.21248e-09 9.93678)
(-5.84118e-08 8.11082e-08 10.1335)
(9.61641e-09 1.80093e-08 9.72371)
(7.26582e-09 6.37646e-09 9.25535)
(-8.33737e-08 1.20758e-07 9.64262)
(2.03795e-09 3.27347e-08 9.14996)
(4.3451e-09 9.55691e-09 8.58798)
(-1.09494e-07 1.58016e-07 9.15098)
(-6.57452e-09 4.73087e-08 8.59562)
(2.10106e-09 1.33947e-08 7.9673)
(-1.35929e-07 1.9085e-07 8.61598)
(-1.67022e-08 6.21728e-08 8.02651)
(-3.12621e-12 1.89016e-08 7.36521)
(-1.59412e-07 2.15909e-07 7.71384)
(-2.70074e-08 7.72938e-08 7.14923)
(-2.21059e-09 2.70658e-08 6.50936)
(-1.10495e-09 -4.88224e-08 11.7287)
(1.50892e-08 -3.41316e-08 11.6418)
(1.13139e-08 -9.41304e-09 11.5805)
(-9.75467e-09 -4.4784e-08 11.629)
(1.34397e-08 -3.56212e-08 11.5223)
(9.6001e-09 -9.49681e-09 11.4397)
(-2.02809e-08 -3.08065e-08 11.3945)
(1.10676e-08 -3.24655e-08 11.2361)
(6.74196e-09 -8.58063e-09 11.0933)
(-3.40177e-08 -6.63732e-09 11.0441)
(8.209e-09 -2.54504e-08 10.8128)
(3.21738e-09 -7.28666e-09 10.5725)
(-5.03736e-08 2.59142e-08 10.6107)
(5.18992e-09 -1.56572e-08 10.2933)
(-1.09383e-11 -5.81052e-09 9.93678)
(-6.89332e-08 6.37847e-08 10.1335)
(1.84422e-09 -4.20356e-09 9.72371)
(-1.99769e-09 -4.37786e-09 9.25535)
(-8.9132e-08 1.03298e-07 9.64262)
(-1.56997e-09 8.24076e-09 9.14996)
(-2.63814e-09 -2.5971e-09 8.58798)
(-1.1011e-07 1.41142e-07 9.15098)
(-5.6476e-09 2.16851e-08 8.59562)
(-2.30993e-09 4.10197e-10 7.9673)
(-1.31228e-07 1.75045e-07 8.61598)
(-1.14672e-08 3.66683e-08 8.02651)
(-1.69174e-09 5.73493e-09 7.36521)
(-1.50214e-07 2.01053e-07 7.71384)
(-1.88779e-08 5.37254e-08 7.14923)
(-1.87662e-09 1.47009e-08 6.50936)
(-9.48592e-09 -6.60095e-08 11.7287)
(6.59248e-09 -4.46807e-08 11.6418)
(4.79984e-09 -1.3639e-08 11.5805)
(-1.88245e-08 -6.65367e-08 11.629)
(4.58451e-09 -4.97893e-08 11.5223)
(2.65651e-09 -1.51997e-08 11.4397)
(-2.86657e-08 -5.72374e-08 11.3945)
(2.91349e-09 -5.07179e-08 11.2361)
(-1.1834e-11 -1.59466e-08 11.0933)
(-4.0233e-08 -3.76024e-08 11.0441)
(1.7343e-09 -4.80351e-08 10.8128)
(-3.12872e-09 -1.6436e-08 10.5725)
(-5.28394e-08 -8.70821e-09 10.6107)
(1.25964e-09 -4.23552e-08 10.2933)
(-5.68506e-09 -1.66293e-08 9.93678)
(-6.67322e-08 2.71998e-08 10.1335)
(1.07188e-09 -3.419e-08 9.72371)
(-6.7233e-09 -1.661e-08 9.25535)
(-8.21732e-08 6.70592e-08 9.64262)
(9.30738e-10 -2.36896e-08 9.14996)
(-6.14943e-09 -1.58101e-08 8.58798)
(-9.93324e-08 1.07873e-07 9.15098)
(-2.23713e-10 -1.046e-08 8.59562)
(-4.43852e-09 -1.33499e-08 7.9673)
(-1.1839e-07 1.47008e-07 8.61598)
(-3.69624e-09 6.2453e-09 8.02651)
(-2.37563e-09 -8.01795e-09 7.36521)
(-1.37571e-07 1.80237e-07 7.71384)
(-1.02229e-08 2.74937e-08 7.14923)
(-1.42716e-09 1.84584e-09 6.50936)
(-1.189e-08 -7.56148e-08 11.7287)
(2.89774e-09 -5.04721e-08 11.6418)
(2.00149e-09 -1.58148e-08 11.5805)
(-2.09521e-08 -7.93603e-08 11.629)
(9.49699e-10 -5.82756e-08 11.5223)
(-3.73308e-10 -1.84232e-08 11.4397)
(-2.9998e-08 -7.38085e-08 11.3945)
(-1.01125e-10 -6.23896e-08 11.2361)
(-2.91556e-09 -2.03464e-08 11.0933)
(-4.009e-08 -5.80639e-08 11.0441)
(-1.49408e-10 -6.30442e-08 10.8128)
(-5.7777e-09 -2.20151e-08 10.5725)
(-5.04876e-08 -3.2808e-08 10.6107)
(9.47496e-10 -6.06837e-08 10.2933)
(-7.94283e-09 -2.33134e-08 9.93678)
(-6.14918e-08 1.03982e-10 10.1335)
(2.50411e-09 -5.57461e-08 9.72371)
(-8.45272e-09 -2.43614e-08 9.25535)
(-7.36691e-08 3.79203e-08 9.64262)
(4.47262e-09 -4.81302e-08 9.14996)
(-7.23309e-09 -2.47056e-08 8.58798)
(-8.74469e-08 7.81052e-08 9.15098)
(5.75279e-09 -3.71626e-08 8.59562)
(-4.78436e-09 -2.34232e-08 7.9673)
(-1.03525e-07 1.18945e-07 8.61598)
(4.73464e-09 -2.15173e-08 8.02651)
(-1.80999e-09 -1.92438e-08 7.36521)
(-1.22279e-07 1.57344e-07 7.71384)
(-4.80137e-10 1.30322e-09 7.14923)
(-2.93532e-10 -9.99209e-09 6.50936)
(-1.83186e-08 -7.36381e-08 11.7287)
(-3.0693e-09 -4.98778e-08 11.6418)
(-4.06939e-09 -1.54848e-08 11.5805)
(-2.80924e-08 -7.84461e-08 11.629)
(-6.19415e-09 -5.90221e-08 11.5223)
(-7.96329e-09 -1.86629e-08 11.4397)
(-3.73927e-08 -7.45086e-08 11.3945)
(-7.62086e-09 -6.5028e-08 11.2361)
(-1.14008e-08 -2.13384e-08 11.0933)
(-4.70349e-08 -6.06462e-08 11.0441)
(-7.17303e-09 -6.78676e-08 10.8128)
(-1.44574e-08 -2.38649e-08 10.5725)
(-5.60606e-08 -3.75742e-08 10.6107)
(-4.72304e-09 -6.79459e-08 10.2933)
(-1.60712e-08 -2.60766e-08 9.93678)
(-6.46763e-08 -7.32116e-09 10.1335)
(-9.5782e-10 -6.57464e-08 9.72371)
(-1.53392e-08 -2.81189e-08 9.25535)
(-7.32992e-08 2.72057e-08 9.64262)
(3.71166e-09 -6.12734e-08 9.14996)
(-1.23551e-08 -2.95104e-08 8.58798)
(-8.25921e-08 6.35616e-08 9.15098)
(7.91276e-09 -5.37655e-08 8.59562)
(-7.91157e-09 -2.94133e-08 7.9673)
(-9.38809e-08 1.0045e-07 8.61598)
(9.93134e-09 -4.15313e-08 8.02651)
(-2.98049e-09 -2.65073e-08 7.36521)
(-1.08874e-07 1.36641e-07 7.71384)
(7.04725e-09 -2.10068e-08 7.14923)
(-5.13274e-11 -1.85303e-08 6.50936)
(-3.25205e-08 -7.71729e-08 11.7287)
(-1.56819e-08 -5.29617e-08 11.6418)
(-1.61691e-08 -1.6795e-08 11.5805)
(-4.37598e-08 -8.37828e-08 11.629)
(-2.03065e-08 -6.39092e-08 11.5223)
(-2.16655e-08 -2.08174e-08 11.4397)
(-5.32675e-08 -8.17802e-08 11.3945)
(-2.18112e-08 -7.23215e-08 11.2361)
(-2.56453e-08 -2.46292e-08 11.0933)
(-6.16388e-08 -7.00362e-08 11.0441)
(-2.00126e-08 -7.80811e-08 10.8128)
(-2.83196e-08 -2.85949e-08 10.5725)
(-6.77824e-08 -4.90583e-08 10.6107)
(-1.49185e-08 -8.13494e-08 10.2933)
(-2.86496e-08 -3.23619e-08 9.93678)
(-7.22133e-08 -2.06429e-08 10.1335)
(-7.71568e-09 -8.2306e-08 9.72371)
(-2.58111e-08 -3.59105e-08 9.25535)
(-7.59458e-08 1.23579e-08 9.64262)
(9.85169e-10 -8.04744e-08 9.14996)
(-2.0158e-08 -3.85502e-08 8.58798)
(-8.00209e-08 4.745e-08 9.15098)
(9.33568e-09 -7.482e-08 8.59562)
(-1.28041e-08 -3.9182e-08 7.9673)
(-8.59298e-08 8.32553e-08 8.61598)
(1.51975e-08 -6.36076e-08 8.02651)
(-4.95717e-09 -3.64567e-08 7.36521)
(-9.63723e-08 1.18093e-07 7.71384)
(1.50357e-08 -4.32444e-08 7.14923)
(1.35154e-10 -2.8111e-08 6.50936)
(-4.26922e-08 -9.14632e-08 11.7287)
(-2.56084e-08 -6.15847e-08 11.6418)
(-2.44466e-08 -2.02213e-08 11.5805)
(-5.499e-08 -1.01695e-07 11.629)
(-3.12e-08 -7.52434e-08 11.5223)
(-3.11844e-08 -2.53652e-08 11.4397)
(-6.41357e-08 -1.03261e-07 11.3945)
(-3.24613e-08 -8.66905e-08 11.2361)
(-3.56396e-08 -3.04554e-08 11.0933)
(-7.06303e-08 -9.48965e-08 11.0441)
(-2.92619e-08 -9.56977e-08 10.8128)
(-3.8275e-08 -3.58357e-08 10.5725)
(-7.32696e-08 -7.66508e-08 10.6107)
(-2.16871e-08 -1.02087e-07 10.2933)
(-3.79653e-08 -4.09595e-08 9.93678)
(-7.31335e-08 -4.97869e-08 10.1335)
(-1.11833e-08 -1.05617e-07 9.72371)
(-3.38879e-08 -4.56756e-08 9.25535)
(-7.19087e-08 -1.68184e-08 9.64262)
(1.09252e-09 -1.05494e-07 9.14996)
(-2.64542e-08 -4.91194e-08 8.58798)
(-7.14995e-08 1.98483e-08 9.15098)
(1.27593e-08 -1.00472e-07 8.59562)
(-1.69637e-08 -5.01644e-08 7.9673)
(-7.40628e-08 5.84061e-08 8.61598)
(2.1388e-08 -8.87168e-08 8.02651)
(-6.88643e-09 -4.73333e-08 7.36521)
(-8.28389e-08 9.67777e-08 7.71384)
(2.27186e-08 -6.63485e-08 7.14923)
(5.4842e-11 -3.81195e-08 6.50936)
(-4.54735e-08 -1.00374e-07 11.7287)
(-2.80598e-08 -6.64148e-08 11.6418)
(-2.48334e-08 -2.1888e-08 11.5805)
(-5.91406e-08 -1.13557e-07 11.629)
(-3.54053e-08 -8.2254e-08 11.5223)
(-3.35378e-08 -2.78541e-08 11.4397)
(-6.90724e-08 -1.18076e-07 11.3945)
(-3.79588e-08 -9.58699e-08 11.2361)
(-3.98177e-08 -3.37206e-08 11.0933)
(-7.5711e-08 -1.12353e-07 11.0441)
(-3.55145e-08 -1.06766e-07 10.8128)
(-4.39865e-08 -3.9718e-08 10.5725)
(-7.75538e-08 -9.61886e-08 10.6107)
(-2.78936e-08 -1.14692e-07 10.2933)
(-4.45811e-08 -4.52657e-08 9.93678)
(-7.55587e-08 -7.07638e-08 10.1335)
(-1.65512e-08 -1.1957e-07 9.72371)
(-4.06159e-08 -5.0327e-08 9.25535)
(-7.15002e-08 -3.8635e-08 9.64262)
(-2.34547e-09 -1.20765e-07 9.14996)
(-3.24661e-08 -5.42757e-08 8.58798)
(-6.73186e-08 -2.19654e-09 9.15098)
(1.23149e-08 -1.17208e-07 8.59562)
(-2.14957e-08 -5.60808e-08 7.9673)
(-6.54275e-08 3.71513e-08 8.61597)
(2.46035e-08 -1.06937e-07 8.02651)
(-9.28138e-09 -5.42885e-08 7.36521)
(-7.08356e-08 7.76726e-08 7.71384)
(2.90844e-08 -8.5223e-08 7.14923)
(-2.76119e-10 -4.5954e-08 6.50936)
(-4.72471e-08 -9.84194e-08 11.7287)
(-2.77845e-08 -6.53891e-08 11.6418)
(-2.31675e-08 -2.12411e-08 11.5805)
(-6.23932e-08 -1.12133e-07 11.629)
(-3.67504e-08 -8.18118e-08 11.5223)
(-3.33263e-08 -2.73962e-08 11.4397)
(-7.36471e-08 -1.17273e-07 11.3945)
(-4.06707e-08 -9.59225e-08 11.2361)
(-4.105e-08 -3.33508e-08 11.0933)
(-8.1471e-08 -1.12052e-07 11.0441)
(-3.93674e-08 -1.07058e-07 10.8128)
(-4.64803e-08 -3.92546e-08 10.5725)
(-8.39328e-08 -9.64033e-08 10.6107)
(-3.24368e-08 -1.15058e-07 10.2933)
(-4.79462e-08 -4.45663e-08 9.93678)
(-8.16963e-08 -7.18702e-08 10.1335)
(-2.10641e-08 -1.2017e-07 9.72371)
(-4.43815e-08 -4.94213e-08 9.25535)
(-7.60959e-08 -4.14038e-08 9.64262)
(-6.1356e-09 -1.22298e-07 9.14996)
(-3.61069e-08 -5.34046e-08 8.58798)
(-6.89383e-08 -7.6584e-09 9.15098)
(1.00186e-08 -1.20812e-07 8.59562)
(-2.4516e-08 -5.58197e-08 7.9673)
(-6.2791e-08 2.78864e-08 8.61597)
(2.47421e-08 -1.13958e-07 8.02651)
(-1.12647e-08 -5.53834e-08 7.36521)
(-6.3199e-08 6.43059e-08 7.71384)
(3.22535e-08 -9.68264e-08 7.14923)
(-1.00426e-09 -4.92741e-08 6.50936)
(-5.31016e-08 -9.93046e-08 11.7287)
(-3.10566e-08 -6.6555e-08 11.6418)
(-2.52847e-08 -2.1661e-08 11.5805)
(-6.9705e-08 -1.13628e-07 11.629)
(-4.11675e-08 -8.35751e-08 11.5223)
(-3.62022e-08 -2.80508e-08 11.4397)
(-8.17995e-08 -1.1941e-07 11.3945)
(-4.56342e-08 -9.84015e-08 11.2361)
(-4.43562e-08 -3.4266e-08 11.0933)
(-8.98611e-08 -1.14958e-07 11.0441)
(-4.43487e-08 -1.10369e-07 10.8128)
(-4.99305e-08 -4.04601e-08 10.5725)
(-9.17267e-08 -1.00096e-07 10.6107)
(-3.69059e-08 -1.1922e-07 10.2933)
(-5.12528e-08 -4.60192e-08 9.93678)
(-8.81029e-08 -7.62455e-08 10.1335)
(-2.47432e-08 -1.25111e-07 9.72371)
(-4.7308e-08 -5.10403e-08 9.25535)
(-8.05775e-08 -4.63414e-08 9.64262)
(-8.66877e-09 -1.27767e-07 9.14996)
(-3.85145e-08 -5.5098e-08 8.58798)
(-7.09551e-08 -1.31854e-08 9.15098)
(8.92517e-09 -1.26639e-07 8.59562)
(-2.63149e-08 -5.74664e-08 7.9673)
(-6.14816e-08 2.1451e-08 8.61597)
(2.54079e-08 -1.20395e-07 8.02651)
(-1.22752e-08 -5.70888e-08 7.36521)
(-5.78446e-08 5.5434e-08 7.71384)
(3.49511e-08 -1.05067e-07 7.14923)
(-1.29395e-09 -5.15726e-08 6.50936)
(-5.58693e-08 -1.07732e-07 11.7287)
(-3.36255e-08 -7.15127e-08 11.6418)
(-2.70598e-08 -2.36063e-08 11.5805)
(-7.30999e-08 -1.23853e-07 11.629)
(-4.43684e-08 -8.97117e-08 11.5223)
(-3.87839e-08 -3.04064e-08 11.4397)
(-8.51397e-08 -1.31644e-07 11.3945)
(-4.89812e-08 -1.0595e-07 11.2361)
(-4.74755e-08 -3.70883e-08 11.0933)
(-9.23841e-08 -1.29363e-07 11.0441)
(-4.72953e-08 -1.19553e-07 10.8128)
(-5.32945e-08 -4.38041e-08 10.5725)
(-9.2592e-08 -1.16484e-07 10.6107)
(-3.89279e-08 -1.30024e-07 10.2933)
(-5.45066e-08 -4.98286e-08 9.93678)
(-8.68297e-08 -9.39028e-08 10.1335)
(-2.54383e-08 -1.37104e-07 9.72371)
(-5.01661e-08 -5.51343e-08 9.25535)
(-7.70923e-08 -6.4068e-08 9.64262)
(-8.09274e-09 -1.40176e-07 9.14996)
(-4.07859e-08 -5.91293e-08 8.58798)
(-6.57664e-08 -2.95326e-08 9.15098)
(1.03972e-08 -1.38447e-07 8.59562)
(-2.79364e-08 -6.10883e-08 7.9673)
(-5.54185e-08 7.58965e-09 8.61597)
(2.74422e-08 -1.30639e-07 8.02651)
(-1.326e-08 -5.99503e-08 7.36521)
(-5.1572e-08 4.43969e-08 7.71384)
(3.70991e-08 -1.13333e-07 7.14923)
(-1.80466e-09 -5.35365e-08 6.50936)
(-5.50327e-08 -1.10589e-07 11.7287)
(-3.43779e-08 -7.32297e-08 11.6418)
(-2.8184e-08 -2.42446e-08 11.5805)
(-7.15214e-08 -1.27045e-07 11.629)
(-4.49702e-08 -9.17574e-08 11.5223)
(-4.01388e-08 -3.11667e-08 11.4397)
(-8.28473e-08 -1.35727e-07 11.3945)
(-4.92583e-08 -1.08716e-07 11.2361)
(-4.88493e-08 -3.80708e-08 11.0933)
(-8.92478e-08 -1.34803e-07 11.0441)
(-4.70495e-08 -1.2336e-07 10.8128)
(-5.44902e-08 -4.50791e-08 10.5725)
(-8.85889e-08 -1.23683e-07 10.6107)
(-3.80378e-08 -1.35171e-07 10.2933)
(-5.53982e-08 -5.14589e-08 9.93678)
(-8.18995e-08 -1.0308e-07 10.1335)
(-2.39609e-08 -1.43844e-07 9.72371)
(-5.07118e-08 -5.7172e-08 9.25535)
(-7.12522e-08 -7.51698e-08 9.64262)
(-5.93101e-09 -1.48506e-07 9.14996)
(-4.10291e-08 -6.16416e-08 8.58798)
(-5.89678e-08 -4.20824e-08 9.15098)
(1.3324e-08 -1.48064e-07 8.59562)
(-2.79568e-08 -6.39998e-08 7.9673)
(-4.76045e-08 -5.15843e-09 8.61597)
(3.10555e-08 -1.40786e-07 8.02651)
(-1.30228e-08 -6.30685e-08 7.36521)
(-4.37549e-08 3.3114e-08 7.71384)
(4.07752e-08 -1.22619e-07 7.14923)
(-1.56751e-09 -5.63775e-08 6.50936)
(-5.82811e-08 -1.04408e-07 11.7287)
(-3.8253e-08 -7.03374e-08 11.6418)
(-3.33903e-08 -2.31475e-08 11.5805)
(-7.39594e-08 -1.19225e-07 11.629)
(-4.86123e-08 -8.80999e-08 11.5223)
(-4.54334e-08 -2.98681e-08 11.4397)
(-8.45028e-08 -1.26923e-07 11.3945)
(-5.21799e-08 -1.04862e-07 11.2361)
(-5.36883e-08 -3.67743e-08 11.0933)
(-8.99742e-08 -1.25695e-07 11.0441)
(-4.88344e-08 -1.19896e-07 10.8128)
(-5.84322e-08 -4.40096e-08 10.5725)
(-8.83384e-08 -1.15242e-07 10.6107)
(-3.85007e-08 -1.32773e-07 10.2933)
(-5.82473e-08 -5.08482e-08 9.93678)
(-8.06134e-08 -9.64874e-08 10.1335)
(-2.29839e-08 -1.43199e-07 9.72371)
(-5.2451e-08 -5.72348e-08 9.25535)
(-6.86872e-08 -7.16768e-08 9.64262)
(-3.72526e-09 -1.50264e-07 9.14996)
(-4.17884e-08 -6.24795e-08 8.58798)
(-5.48968e-08 -4.27394e-08 9.15098)
(1.63861e-08 -1.52629e-07 8.59562)
(-2.80083e-08 -6.56642e-08 7.9673)
(-4.19247e-08 -1.05727e-08 8.61597)
(3.46903e-08 -1.48112e-07 8.02651)
(-1.26849e-08 -6.54326e-08 7.36521)
(-3.66729e-08 2.35531e-08 7.71384)
(4.44365e-08 -1.31953e-07 7.14923)
(-1.26654e-09 -5.9151e-08 6.50936)
(-6.93006e-08 -1.03059e-07 11.7287)
(-4.82628e-08 -7.05525e-08 11.6418)
(-4.36997e-08 -2.33952e-08 11.5805)
(-8.5552e-08 -1.17663e-07 11.629)
(-5.94053e-08 -8.86297e-08 11.5223)
(-5.66967e-08 -3.04169e-08 11.4397)
(-9.58157e-08 -1.25425e-07 11.3945)
(-6.26539e-08 -1.0636e-07 11.2361)
(-6.50126e-08 -3.79567e-08 11.0933)
(-9.99867e-08 -1.24751e-07 11.0441)
(-5.78891e-08 -1.23101e-07 10.8128)
(-6.90571e-08 -4.62248e-08 10.5725)
(-9.60662e-08 -1.15327e-07 10.6107)
(-4.52509e-08 -1.38266e-07 10.2933)
(-6.75364e-08 -5.43482e-08 9.93678)
(-8.53696e-08 -9.79006e-08 10.1335)
(-2.70201e-08 -1.51232e-07 9.72371)
(-5.98833e-08 -6.20741e-08 9.25535)
(-7.03104e-08 -7.45933e-08 9.64262)
(-4.84294e-09 -1.60511e-07 9.14996)
(-4.70891e-08 -6.84358e-08 8.58798)
(-5.35205e-08 -4.72685e-08 9.15098)
(1.79656e-08 -1.64336e-07 8.59562)
(-3.11622e-08 -7.21666e-08 7.9673)
(-3.7657e-08 -1.67736e-08 8.61597)
(3.83968e-08 -1.60315e-07 8.02651)
(-1.38287e-08 -7.17647e-08 7.36521)
(-3.00179e-08 1.50342e-08 7.71384)
(4.91342e-08 -1.43679e-07 7.14923)
(-1.12421e-09 -6.44792e-08 6.50936)
(-7.68472e-08 -1.11759e-07 11.7287)
(-5.55518e-08 -7.61695e-08 11.6418)
(-4.98238e-08 -2.57458e-08 11.5805)
(-9.33934e-08 -1.28308e-07 11.629)
(-6.6789e-08 -9.59441e-08 11.5223)
(-6.30695e-08 -3.35666e-08 11.4397)
(-1.02908e-07 -1.38052e-07 11.3945)
(-6.92334e-08 -1.15802e-07 11.2361)
(-7.10882e-08 -4.21508e-08 11.0933)
(-1.05265e-07 -1.39447e-07 11.0441)
(-6.28711e-08 -1.35133e-07 10.8128)
(-7.46369e-08 -5.17371e-08 10.5725)
(-9.84501e-08 -1.31862e-07 10.6107)
(-4.79948e-08 -1.53051e-07 10.2933)
(-7.24419e-08 -6.12642e-08 9.93678)
(-8.43019e-08 -1.1559e-07 10.1335)
(-2.71376e-08 -1.6846e-07 9.72371)
(-6.393e-08 -7.02903e-08 9.25535)
(-6.58082e-08 -9.24093e-08 9.64262)
(-2.42657e-09 -1.79416e-07 9.14996)
(-5.00924e-08 -7.75799e-08 8.58798)
(-4.63494e-08 -6.40371e-08 9.15098)
(2.23813e-08 -1.83758e-07 8.59562)
(-3.30096e-08 -8.17162e-08 7.9673)
(-2.91056e-08 -3.16177e-08 8.61597)
(4.4071e-08 -1.78819e-07 8.02651)
(-1.45291e-08 -8.0963e-08 7.36521)
(-2.15071e-08 2.63418e-09 7.71383)
(5.47697e-08 -1.59467e-07 7.14923)
(-9.56531e-10 -7.22216e-08 6.50936)
(-7.68875e-08 -1.16888e-07 11.7287)
(-5.5554e-08 -7.93469e-08 11.6418)
(-4.81651e-08 -2.69763e-08 11.5805)
(-9.34018e-08 -1.35123e-07 11.629)
(-6.66268e-08 -1.00688e-07 11.5223)
(-6.11571e-08 -3.54823e-08 11.4397)
(-1.0258e-07 -1.46653e-07 11.3945)
(-6.87178e-08 -1.22263e-07 11.2361)
(-6.89679e-08 -4.48259e-08 11.0933)
(-1.04388e-07 -1.49813e-07 11.0441)
(-6.19452e-08 -1.43345e-07 10.8128)
(-7.26141e-08 -5.51878e-08 10.5725)
(-9.6693e-08 -1.43798e-07 10.6107)
(-4.65563e-08 -1.62975e-07 10.2933)
(-7.07598e-08 -6.5456e-08 9.93678)
(-8.13023e-08 -1.28794e-07 10.1335)
(-2.51589e-08 -1.801e-07 9.72371)
(-6.27052e-08 -7.52278e-08 9.25535)
(-6.12954e-08 -1.06533e-07 9.64262)
(4.15607e-10 -1.92737e-07 9.14996)
(-4.92923e-08 -8.33781e-08 8.58798)
(-4.00586e-08 -7.86207e-08 9.15098)
(2.64753e-08 -1.98667e-07 8.59562)
(-3.24544e-08 -8.84556e-08 7.9673)
(-2.09294e-08 -4.57622e-08 8.61597)
(4.95861e-08 -1.94876e-07 8.02651)
(-1.38797e-08 -8.86135e-08 7.36521)
(-1.25594e-08 -9.78029e-09 7.71383)
(6.10566e-08 -1.75168e-07 7.14923)
(-1.69898e-10 -8.01604e-08 6.50936)
(-7.64281e-08 -1.12143e-07 11.7287)
(-5.33053e-08 -7.67832e-08 11.6418)
(-4.46191e-08 -2.58989e-08 11.5805)
(-9.37982e-08 -1.30656e-07 11.629)
(-6.51208e-08 -9.86658e-08 11.5223)
(-5.80212e-08 -3.46421e-08 11.4397)
(-1.03813e-07 -1.42627e-07 11.3945)
(-6.79868e-08 -1.20795e-07 11.2361)
(-6.64846e-08 -4.42051e-08 11.0933)
(-1.06523e-07 -1.46259e-07 11.0441)
(-6.20306e-08 -1.42319e-07 10.8128)
(-7.09422e-08 -5.47044e-08 10.5725)
(-9.94421e-08 -1.40837e-07 10.6107)
(-4.72964e-08 -1.62351e-07 10.2933)
(-6.98855e-08 -6.50558e-08 9.93678)
(-8.41213e-08 -1.26825e-07 10.1335)
(-2.61031e-08 -1.80096e-07 9.72371)
(-6.24827e-08 -7.49864e-08 9.25535)
(-6.32627e-08 -1.0624e-07 9.64262)
(-2.70176e-10 -1.93993e-07 9.14996)
(-4.94627e-08 -8.35223e-08 8.58798)
(-4.01671e-08 -8.084e-08 9.15098)
(2.65912e-08 -2.02112e-07 8.59562)
(-3.27376e-08 -8.94539e-08 7.9673)
(-1.83663e-08 -5.12996e-08 8.61597)
(5.11653e-08 -2.01447e-07 8.02651)
(-1.4012e-08 -9.09912e-08 7.36521)
(-6.96188e-09 -1.85483e-08 7.71383)
(6.4392e-08 -1.85253e-07 7.14923)
(-3.15532e-11 -8.43548e-08 6.50936)
(-8.12275e-08 -1.09087e-07 11.7287)
(-5.52424e-08 -7.56003e-08 11.6418)
(-4.5187e-08 -2.55277e-08 11.5805)
(-9.98504e-08 -1.28017e-07 11.629)
(-6.77396e-08 -9.79702e-08 11.5223)
(-5.85404e-08 -3.4518e-08 11.4397)
(-1.10649e-07 -1.40385e-07 11.3945)
(-7.10044e-08 -1.20645e-07 11.2361)
(-6.69385e-08 -4.43706e-08 11.0933)
(-1.13775e-07 -1.44519e-07 11.0441)
(-6.5239e-08 -1.42772e-07 10.8128)
(-7.13993e-08 -5.52047e-08 10.5725)
(-1.06485e-07 -1.39632e-07 10.6107)
(-5.03954e-08 -1.63405e-07 10.2933)
(-7.03647e-08 -6.58879e-08 9.93678)
(-9.02961e-08 -1.26181e-07 10.1335)
(-2.8876e-08 -1.81764e-07 9.72371)
(-6.29448e-08 -7.61313e-08 9.25535)
(-6.80313e-08 -1.06253e-07 9.64262)
(-2.31887e-09 -1.96264e-07 9.14996)
(-4.98539e-08 -8.49756e-08 8.58798)
(-4.2951e-08 -8.17911e-08 9.15098)
(2.56741e-08 -2.05139e-07 8.59562)
(-3.29962e-08 -9.11964e-08 7.9673)
(-1.8373e-08 -5.36913e-08 8.61597)
(5.17829e-08 -2.05736e-07 8.02651)
(-1.39814e-08 -9.31776e-08 7.36521)
(-3.55529e-09 -2.36945e-08 7.71383)
(6.68332e-08 -1.91907e-07 7.14923)
(2.35404e-10 -8.74146e-08 6.50936)
(-8.39511e-08 -1.14097e-07 11.7287)
(-5.67758e-08 -7.86388e-08 11.6418)
(-4.52618e-08 -2.68389e-08 11.5805)
(-1.03094e-07 -1.34544e-07 11.629)
(-6.91359e-08 -1.01952e-07 11.5223)
(-5.79759e-08 -3.61964e-08 11.4397)
(-1.13837e-07 -1.48362e-07 11.3945)
(-7.20787e-08 -1.25544e-07 11.2361)
(-6.57638e-08 -4.64161e-08 11.0933)
(-1.16458e-07 -1.53907e-07 11.0441)
(-6.59224e-08 -1.48589e-07 10.8128)
(-6.98701e-08 -5.76264e-08 10.5725)
(-1.08092e-07 -1.50124e-07 10.6107)
(-5.05954e-08 -1.69973e-07 10.2933)
(-6.87187e-08 -6.8626e-08 9.93678)
(-9.05021e-08 -1.37155e-07 10.1335)
(-2.84804e-08 -1.88707e-07 9.72371)
(-6.13992e-08 -7.90611e-08 9.25535)
(-6.6748e-08 -1.16847e-07 9.64262)
(-1.43709e-09 -2.03119e-07 9.14996)
(-4.85449e-08 -8.78902e-08 8.58798)
(-4.04871e-08 -9.11315e-08 9.15098)
(2.68279e-08 -2.11477e-07 8.59562)
(-3.20161e-08 -9.39529e-08 7.9673)
(-1.52262e-08 -6.13701e-08 8.61597)
(5.31422e-08 -2.11378e-07 8.02651)
(-1.33685e-08 -9.56816e-08 7.36521)
(8.6576e-11 -3.00542e-08 7.71383)
(6.83915e-08 -1.97296e-07 7.14923)
(4.93218e-10 -8.97796e-08 6.50936)
(-8.18326e-08 -1.1716e-07 11.7287)
(-5.49858e-08 -7.99144e-08 11.6418)
(-4.26325e-08 -2.72945e-08 11.5805)
(-1.01193e-07 -1.38803e-07 11.629)
(-6.763e-08 -1.03863e-07 11.5223)
(-5.55722e-08 -3.68351e-08 11.4397)
(-1.12174e-07 -1.53927e-07 11.3945)
(-7.10511e-08 -1.28028e-07 11.2361)
(-6.38129e-08 -4.71709e-08 11.0933)
(-1.15054e-07 -1.60765e-07 11.0441)
(-6.55171e-08 -1.51495e-07 10.8128)
(-6.85003e-08 -5.83885e-08 10.5725)
(-1.06868e-07 -1.5809e-07 10.6107)
(-5.07853e-08 -1.73141e-07 10.2933)
(-6.78972e-08 -6.93147e-08 9.93678)
(-8.92477e-08 -1.45901e-07 10.1335)
(-2.91772e-08 -1.92031e-07 9.72371)
(-6.10141e-08 -7.96487e-08 9.25535)
(-6.52391e-08 -1.25915e-07 9.64262)
(-2.27172e-09 -2.06501e-07 9.14996)
(-4.8439e-08 -8.84733e-08 8.58798)
(-3.84062e-08 -9.99422e-08 9.15098)
(2.63309e-08 -2.14861e-07 8.59562)
(-3.20222e-08 -9.46444e-08 7.9673)
(-1.22333e-08 -6.90515e-08 8.61597)
(5.33713e-08 -2.14685e-07 8.02651)
(-1.32628e-08 -9.6628e-08 7.36521)
(3.58483e-09 -3.58639e-08 7.71383)
(6.93635e-08 -2.00421e-07 7.14923)
(6.48374e-10 -9.10385e-08 6.50936)
(-8.03094e-08 -1.13414e-07 11.7287)
(-5.37074e-08 -7.75815e-08 11.6418)
(-4.17542e-08 -2.63296e-08 11.5805)
(-9.95775e-08 -1.34483e-07 11.629)
(-6.65682e-08 -1.01056e-07 11.5223)
(-5.50368e-08 -3.56421e-08 11.4397)
(-1.10712e-07 -1.49312e-07 11.3945)
(-7.0298e-08 -1.24824e-07 11.2361)
(-6.36559e-08 -4.57283e-08 11.0933)
(-1.1392e-07 -1.56063e-07 11.0441)
(-6.51274e-08 -1.47945e-07 10.8128)
(-6.86261e-08 -5.66616e-08 10.5725)
(-1.06169e-07 -1.53651e-07 10.6107)
(-5.07741e-08 -1.69399e-07 10.2933)
(-6.81801e-08 -6.73368e-08 9.93678)
(-8.89233e-08 -1.42251e-07 10.1335)
(-2.93834e-08 -1.88379e-07 9.72371)
(-6.13374e-08 -7.75271e-08 9.25535)
(-6.49411e-08 -1.2368e-07 9.64261)
(-2.63369e-09 -2.03398e-07 9.14996)
(-4.86979e-08 -8.63639e-08 8.58798)
(-3.77015e-08 -9.9702e-08 9.15098)
(2.58928e-08 -2.12816e-07 8.59562)
(-3.2183e-08 -9.28218e-08 7.9673)
(-1.07506e-08 -7.11992e-08 8.61597)
(5.30892e-08 -2.14123e-07 8.02651)
(-1.33487e-08 -9.5377e-08 7.36521)
(6.05798e-09 -4.00755e-08 7.71383)
(6.94275e-08 -2.01655e-07 7.14923)
(5.58079e-10 -9.0733e-08 6.50936)
(-8.43126e-08 -1.12802e-07 11.7287)
(-5.72241e-08 -7.76567e-08 11.6418)
(-4.5636e-08 -2.6426e-08 11.5805)
(-1.03858e-07 -1.33514e-07 11.629)
(-7.04515e-08 -1.0094e-07 11.5223)
(-5.9342e-08 -3.57082e-08 11.4397)
(-1.14952e-07 -1.48065e-07 11.3945)
(-7.41212e-08 -1.24748e-07 11.2361)
(-6.80159e-08 -4.58722e-08 11.0933)
(-1.1772e-07 -1.54768e-07 11.0441)
(-6.84527e-08 -1.48217e-07 10.8128)
(-7.27011e-08 -5.70406e-08 10.5725)
(-1.0916e-07 -1.52575e-07 10.6107)
(-5.32686e-08 -1.70301e-07 10.2933)
(-7.16933e-08 -6.80682e-08 9.93678)
(-9.08394e-08 -1.41624e-07 10.1335)
(-3.09575e-08 -1.90063e-07 9.72371)
(-6.40734e-08 -7.8649e-08 9.25536)
(-6.5756e-08 -1.23693e-07 9.64261)
(-3.22449e-09 -2.05734e-07 9.14996)
(-5.05688e-08 -8.77994e-08 8.58798)
(-3.74422e-08 -1.00525e-07 9.15098)
(2.61791e-08 -2.15485e-07 8.59562)
(-3.32272e-08 -9.43246e-08 7.9673)
(-9.29939e-09 -7.29393e-08 8.61597)
(5.4033e-08 -2.16792e-07 8.02651)
(-1.36404e-08 -9.67113e-08 7.36521)
(8.62293e-09 -4.32761e-08 7.71383)
(7.06406e-08 -2.04314e-07 7.14923)
(6.67222e-10 -9.182e-08 6.50936)
(-8.69684e-08 -1.20603e-07 11.7287)
(-5.99515e-08 -8.22357e-08 11.6418)
(-4.78284e-08 -2.82391e-08 11.5805)
(-1.07057e-07 -1.42675e-07 11.629)
(-7.37932e-08 -1.06434e-07 11.5223)
(-6.23974e-08 -3.79061e-08 11.4397)
(-1.1813e-07 -1.58421e-07 11.3945)
(-7.76917e-08 -1.31212e-07 11.2361)
(-7.1745e-08 -4.85051e-08 11.0933)
(-1.20245e-07 -1.66169e-07 11.0441)
(-7.17845e-08 -1.55746e-07 10.8128)
(-7.68743e-08 -6.01913e-08 10.5725)
(-1.10362e-07 -1.64695e-07 10.6107)
(-5.58719e-08 -1.78826e-07 10.2933)
(-7.59421e-08 -7.17229e-08 9.93678)
(-9.03538e-08 -1.53873e-07 10.1335)
(-3.2422e-08 -1.9924e-07 9.72371)
(-6.79911e-08 -8.2688e-08 9.25536)
(-6.35534e-08 -1.3529e-07 9.64261)
(-3.47971e-09 -2.14989e-07 9.14996)
(-5.37822e-08 -9.19428e-08 8.58798)
(-3.3988e-08 -1.10645e-07 9.15097)
(2.68898e-08 -2.24063e-07 8.59562)
(-3.54882e-08 -9.82391e-08 7.9673)
(-5.38991e-09 -8.10275e-08 8.61597)
(5.53457e-08 -2.23857e-07 8.02651)
(-1.48767e-08 -9.99701e-08 7.36521)
(1.21497e-08 -4.91086e-08 7.71383)
(7.1843e-08 -2.09084e-07 7.14923)
(2.6168e-10 -9.39664e-08 6.50936)
(-8.45379e-08 -1.26508e-07 11.7287)
(-5.80799e-08 -8.55817e-08 11.6418)
(-4.51694e-08 -2.9466e-08 11.5805)
(-1.04584e-07 -1.49629e-07 11.629)
(-7.19915e-08 -1.10549e-07 11.5223)
(-5.98293e-08 -3.94465e-08 11.4397)
(-1.15634e-07 -1.66269e-07 11.3945)
(-7.60914e-08 -1.35921e-07 11.2361)
(-6.94908e-08 -5.02842e-08 11.0933)
(-1.17778e-07 -1.74658e-07 11.0441)
(-7.05255e-08 -1.60807e-07 10.8128)
(-7.51692e-08 -6.21029e-08 10.5725)
(-1.07927e-07 -1.73519e-07 10.6107)
(-5.49816e-08 -1.84012e-07 10.2933)
(-7.48812e-08 -7.36657e-08 9.93678)
(-8.78604e-08 -1.62746e-07 10.1335)
(-3.19035e-08 -2.04459e-07 9.72371)
(-6.75448e-08 -8.46288e-08 9.25536)
(-6.08785e-08 -1.4397e-07 9.64261)
(-3.03973e-09 -2.20248e-07 9.14996)
(-5.38172e-08 -9.39787e-08 8.58798)
(-3.08917e-08 -1.18891e-07 9.15097)
(2.76631e-08 -2.29442e-07 8.59562)
(-3.57677e-08 -1.00475e-07 7.9673)
(-1.63074e-09 -8.83162e-08 8.61597)
(5.67499e-08 -2.29277e-07 8.02651)
(-1.50597e-08 -1.02474e-07 7.36521)
(1.59836e-08 -5.47252e-08 7.71383)
(7.3638e-08 -2.13906e-07 7.14923)
(2.9314e-10 -9.64866e-08 6.50936)
(-8.13328e-08 -1.23617e-07 11.7287)
(-5.43866e-08 -8.40283e-08 11.6418)
(-4.10666e-08 -2.87766e-08 11.5805)
(-1.0129e-07 -1.46213e-07 11.629)
(-6.81542e-08 -1.08707e-07 11.5223)
(-5.52582e-08 -3.8651e-08 11.4397)
(-1.126e-07 -1.62273e-07 11.3945)
(-7.24759e-08 -1.33513e-07 11.2361)
(-6.48145e-08 -4.92441e-08 11.0933)
(-1.15455e-07 -1.69951e-07 11.0441)
(-6.75651e-08 -1.57497e-07 10.8128)
(-7.07547e-08 -6.06404e-08 10.5725)
(-1.06642e-07 -1.68192e-07 10.6107)
(-5.29949e-08 -1.7964e-07 10.2933)
(-7.10467e-08 -7.16915e-08 9.93678)
(-8.76727e-08 -1.57264e-07 10.1335)
(-3.0914e-08 -1.99227e-07 9.72371)
(-6.45296e-08 -8.22156e-08 9.25536)
(-6.13976e-08 -1.39137e-07 9.64261)
(-2.95534e-09 -2.14878e-07 9.14996)
(-5.17128e-08 -9.13869e-08 8.58798)
(-3.14577e-08 -1.15709e-07 9.15097)
(2.71684e-08 -2.25036e-07 8.59562)
(-3.45369e-08 -9.82076e-08 7.9673)
(-1.50555e-09 -8.77617e-08 8.61597)
(5.62703e-08 -2.27026e-07 8.02651)
(-1.4553e-08 -1.01102e-07 7.36521)
(1.74469e-08 -5.709e-08 7.71383)
(7.37363e-08 -2.14719e-07 7.14923)
(3.29961e-10 -9.65733e-08 6.50936)
(-8.14941e-08 -1.19446e-07 11.7287)
(-5.28011e-08 -8.16851e-08 11.6418)
(-3.87192e-08 -2.78779e-08 11.5805)
(-1.02281e-07 -1.41785e-07 11.629)
(-6.71487e-08 -1.06137e-07 11.5223)
(-5.29393e-08 -3.76675e-08 11.4397)
(-1.14468e-07 -1.57441e-07 11.3945)
(-7.22943e-08 -1.30477e-07 11.2361)
(-6.2835e-08 -4.80823e-08 11.0933)
(-1.18331e-07 -1.64665e-07 11.0441)
(-6.84098e-08 -1.53748e-07 10.8128)
(-6.92941e-08 -5.91925e-08 10.5725)
(-1.10472e-07 -1.62437e-07 10.6107)
(-5.48782e-08 -1.74989e-07 10.2933)
(-7.01543e-08 -6.98812e-08 9.93678)
(-9.222e-08 -1.51164e-07 10.1335)
(-3.37322e-08 -1.93653e-07 9.72371)
(-6.41563e-08 -8.00168e-08 9.25536)
(-6.63077e-08 -1.32982e-07 9.64261)
(-6.3356e-09 -2.08562e-07 9.14996)
(-5.17499e-08 -8.8877e-08 8.58798)
(-3.61313e-08 -1.10038e-07 9.15097)
(2.37571e-08 -2.18488e-07 8.59562)
(-3.48314e-08 -9.554e-08 7.9673)
(-4.99147e-09 -8.33581e-08 8.61597)
(5.34739e-08 -2.21196e-07 8.0265)
(-1.48698e-08 -9.86343e-08 7.36522)
(1.61991e-08 -5.54941e-08 7.71383)
(7.22472e-08 -2.11309e-07 7.14923)
(7.95901e-11 -9.49887e-08 6.50936)
(-7.81814e-08 -1.19579e-07 11.7287)
(-4.89923e-08 -8.14035e-08 11.6418)
(-3.40016e-08 -2.78503e-08 11.5805)
(-9.90239e-08 -1.42329e-07 11.629)
(-6.29555e-08 -1.05875e-07 11.5223)
(-4.73924e-08 -3.76012e-08 11.4397)
(-1.11367e-07 -1.5833e-07 11.3945)
(-6.81907e-08 -1.3e-07 11.2361)
(-5.69653e-08 -4.7872e-08 11.0933)
(-1.15638e-07 -1.65855e-07 11.0441)
(-6.48959e-08 -1.52845e-07 10.8128)
(-6.36385e-08 -5.87261e-08 10.5725)
(-1.08335e-07 -1.63754e-07 10.6107)
(-5.23281e-08 -1.73399e-07 10.2933)
(-6.51606e-08 -6.90487e-08 9.93678)
(-9.07924e-08 -1.52286e-07 10.1335)
(-3.23107e-08 -1.91076e-07 9.72371)
(-6.01694e-08 -7.87115e-08 9.25536)
(-6.56783e-08 -1.33467e-07 9.64261)
(-6.19356e-09 -2.04807e-07 9.14996)
(-4.89464e-08 -8.7011e-08 8.58799)
(-3.64345e-08 -1.09519e-07 9.15097)
(2.26129e-08 -2.1357e-07 8.59562)
(-3.32314e-08 -9.31622e-08 7.9673)
(-6.23501e-09 -8.19084e-08 8.61596)
(5.13501e-08 -2.15524e-07 8.0265)
(-1.43527e-08 -9.59241e-08 7.36522)
(1.46482e-08 -5.39828e-08 7.71383)
(6.98416e-08 -2.06167e-07 7.14923)
(-1.44324e-10 -9.24608e-08 6.50936)
(-6.922e-08 -1.17086e-07 11.7287)
(-4.10597e-08 -7.9256e-08 11.6418)
(-2.59408e-08 -2.70437e-08 11.5805)
(-8.90938e-08 -1.39479e-07 11.629)
(-5.39218e-08 -1.03174e-07 11.5223)
(-3.80245e-08 -3.64899e-08 11.4397)
(-1.01157e-07 -1.55291e-07 11.3945)
(-5.89349e-08 -1.26554e-07 11.2361)
(-4.69995e-08 -4.6331e-08 11.0933)
(-1.05971e-07 -1.62776e-07 11.0441)
(-5.63269e-08 -1.48464e-07 10.8128)
(-5.37749e-08 -5.6601e-08 10.5725)
(-1.00069e-07 -1.60763e-07 10.6107)
(-4.5261e-08 -1.67985e-07 10.2933)
(-5.60889e-08 -6.6279e-08 9.93678)
(-8.4531e-08 -1.49503e-07 10.1335)
(-2.73698e-08 -1.8469e-07 9.72371)
(-5.2499e-08 -7.53198e-08 9.25536)
(-6.17492e-08 -1.30933e-07 9.64261)
(-3.58028e-09 -1.97645e-07 9.14996)
(-4.31076e-08 -8.31801e-08 8.58799)
(-3.47514e-08 -1.0719e-07 9.15097)
(2.30945e-08 -2.05978e-07 8.59562)
(-2.94099e-08 -8.9143e-08 7.9673)
(-6.31179e-09 -7.9512e-08 8.61596)
(5.01591e-08 -2.07958e-07 8.0265)
(-1.24223e-08 -9.20626e-08 7.36522)
(1.33072e-08 -5.14929e-08 7.71383)
(6.77235e-08 -1.9941e-07 7.14923)
(2.47653e-10 -8.92003e-08 6.50936)
(-6.07188e-08 -1.08774e-07 11.7287)
(-3.3446e-08 -7.37168e-08 11.6418)
(-1.93302e-08 -2.48856e-08 11.5805)
(-7.98151e-08 -1.29547e-07 11.629)
(-4.57859e-08 -9.61877e-08 11.5223)
(-3.10002e-08 -3.36654e-08 11.4397)
(-9.19224e-08 -1.44011e-07 11.3945)
(-5.11108e-08 -1.18029e-07 11.2361)
(-4.01584e-08 -4.27495e-08 11.0933)
(-9.76124e-08 -1.50441e-07 11.0441)
(-4.95203e-08 -1.38352e-07 10.8128)
(-4.74179e-08 -5.21621e-08 10.5725)
(-9.34494e-08 -1.47883e-07 10.6107)
(-4.00771e-08 -1.56431e-07 10.2933)
(-5.04646e-08 -6.10204e-08 9.93678)
(-8.02263e-08 -1.36818e-07 10.1335)
(-2.40753e-08 -1.72041e-07 9.72371)
(-4.78376e-08 -6.9371e-08 9.25536)
(-5.98617e-08 -1.19294e-07 9.64261)
(-2.37519e-09 -1.84531e-07 9.14996)
(-3.95647e-08 -7.67617e-08 8.58799)
(-3.50418e-08 -9.74217e-08 9.15097)
(2.22413e-08 -1.93186e-07 8.59562)
(-2.70908e-08 -8.26206e-08 7.9673)
(-8.27711e-09 -7.23006e-08 8.61596)
(4.76178e-08 -1.96325e-07 8.0265)
(-1.13701e-08 -8.58651e-08 7.36522)
(1.05851e-08 -4.70827e-08 7.71383)
(6.42828e-08 -1.90002e-07 7.14922)
(1.94531e-10 -8.39858e-08 6.50936)
(-5.73821e-08 -1.03057e-07 11.7287)
(-3.0525e-08 -7.01523e-08 11.6418)
(-1.75196e-08 -2.36211e-08 11.5805)
(-7.5821e-08 -1.22242e-07 11.629)
(-4.22612e-08 -9.1218e-08 11.5223)
(-2.85675e-08 -3.1826e-08 11.4397)
(-8.7626e-08 -1.35202e-07 11.3945)
(-4.74024e-08 -1.1166e-07 11.2361)
(-3.73637e-08 -4.03396e-08 11.0933)
(-9.33952e-08 -1.40425e-07 11.0441)
(-4.59689e-08 -1.30737e-07 10.8128)
(-4.44177e-08 -4.92383e-08 10.5725)
(-8.98427e-08 -1.37112e-07 10.6107)
(-3.70684e-08 -1.47825e-07 10.2933)
(-4.7474e-08 -5.76947e-08 9.93678)
(-7.77043e-08 -1.25843e-07 10.1335)
(-2.19935e-08 -1.62735e-07 9.72371)
(-4.50791e-08 -6.57355e-08 9.25536)
(-5.88416e-08 -1.08678e-07 9.64261)
(-1.46182e-09 -1.74769e-07 9.14996)
(-3.72655e-08 -7.28809e-08 8.58799)
(-3.5694e-08 -8.77491e-08 9.15097)
(2.18527e-08 -1.83207e-07 8.59562)
(-2.54457e-08 -7.84805e-08 7.9673)
(-1.03539e-08 -6.41228e-08 8.61596)
(4.59371e-08 -1.86485e-07 8.0265)
(-1.04785e-08 -8.15122e-08 7.36522)
(7.75275e-09 -4.13891e-08 7.71383)
(6.16598e-08 -1.81231e-07 7.14922)
(3.14681e-10 -7.97353e-08 6.50936)
(-5.33491e-08 -1.03653e-07 11.7287)
(-2.74628e-08 -7.00789e-08 11.6418)
(-1.48347e-08 -2.37239e-08 11.5805)
(-7.08554e-08 -1.22318e-07 11.629)
(-3.81048e-08 -9.03768e-08 11.5223)
(-2.47276e-08 -3.1608e-08 11.4397)
(-8.19057e-08 -1.34658e-07 11.3945)
(-4.25912e-08 -1.09879e-07 11.2361)
(-3.27164e-08 -3.97404e-08 11.0933)
(-8.72082e-08 -1.3927e-07 11.0441)
(-4.09656e-08 -1.27982e-07 10.8128)
(-3.93914e-08 -4.82442e-08 10.5725)
(-8.36505e-08 -1.35388e-07 10.6107)
(-3.23867e-08 -1.44086e-07 10.2933)
(-4.25523e-08 -5.63152e-08 9.93678)
(-7.20941e-08 -1.23539e-07 10.1335)
(-1.80556e-08 -1.57973e-07 9.72371)
(-4.07178e-08 -6.39612e-08 9.25536)
(-5.44047e-08 -1.05716e-07 9.64261)
(1.24323e-09 -1.69002e-07 9.14996)
(-3.37994e-08 -7.06701e-08 8.58799)
(-3.3091e-08 -8.40802e-08 9.15097)
(2.29119e-08 -1.76517e-07 8.59562)
(-2.30804e-08 -7.58318e-08 7.9673)
(-1.01325e-08 -5.99364e-08 8.61596)
(4.51634e-08 -1.79072e-07 8.0265)
(-9.32193e-09 -7.84219e-08 7.36522)
(5.69956e-09 -3.72032e-08 7.71383)
(5.92501e-08 -1.73665e-07 7.14922)
(4.46409e-10 -7.63156e-08 6.50936)
(-4.54813e-08 -1.02039e-07 11.7287)
(-2.04642e-08 -6.82461e-08 11.6418)
(-7.63759e-09 -2.29926e-08 11.5805)
(-6.2428e-08 -1.2041e-07 11.629)
(-3.05871e-08 -8.78977e-08 11.5223)
(-1.68804e-08 -3.05525e-08 11.4397)
(-7.35217e-08 -1.32314e-07 11.3945)
(-3.54135e-08 -1.06331e-07 11.2361)
(-2.49479e-08 -3.81644e-08 11.0933)
(-7.95902e-08 -1.36327e-07 11.0441)
(-3.49456e-08 -1.22945e-07 10.8128)
(-3.22656e-08 -4.59213e-08 10.5725)
(-7.75536e-08 -1.31721e-07 10.6107)
(-2.81568e-08 -1.37275e-07 10.2933)
(-3.65002e-08 -5.31276e-08 9.93678)
(-6.80163e-08 -1.19164e-07 10.1335)
(-1.59801e-08 -1.49376e-07 9.72371)
(-3.60365e-08 -5.99078e-08 9.25536)
(-5.25521e-08 -1.00767e-07 9.64261)
(1.2248e-09 -1.58945e-07 9.14996)
(-3.05992e-08 -6.59645e-08 8.58799)
(-3.32883e-08 -7.88072e-08 9.15097)
(2.12201e-08 -1.65664e-07 8.59562)
(-2.12646e-08 -7.08147e-08 7.9673)
(-1.19115e-08 -5.44895e-08 8.61596)
(4.23553e-08 -1.68261e-07 8.0265)
(-8.63e-09 -7.35317e-08 7.36522)
(2.73003e-09 -3.18223e-08 7.71383)
(5.59935e-08 -1.63841e-07 7.14922)
(3.94634e-10 -7.19721e-08 6.50936)
(-3.62507e-08 -9.43008e-08 11.7287)
(-1.1409e-08 -6.30064e-08 11.6418)
(1.3182e-09 -2.09421e-08 11.5805)
(-5.25231e-08 -1.11281e-07 11.629)
(-2.07168e-08 -8.12582e-08 11.5223)
(-6.75541e-09 -2.78581e-08 11.4397)
(-6.38185e-08 -1.21761e-07 11.3945)
(-2.57909e-08 -9.78123e-08 11.2361)
(-1.45115e-08 -3.45786e-08 11.0933)
(-7.11531e-08 -1.24306e-07 11.0441)
(-2.66481e-08 -1.12082e-07 10.8128)
(-2.22259e-08 -4.11638e-08 10.5725)
(-7.14149e-08 -1.18399e-07 10.6107)
(-2.21113e-08 -1.23824e-07 10.2933)
(-2.75295e-08 -4.70753e-08 9.93678)
(-6.48478e-08 -1.05051e-07 10.1335)
(-1.26722e-08 -1.33478e-07 9.72371)
(-2.87169e-08 -5.26101e-08 9.25536)
(-5.24314e-08 -8.66465e-08 9.64261)
(1.57395e-09 -1.41327e-07 9.14996)
(-2.52833e-08 -5.77066e-08 8.58799)
(-3.58264e-08 -6.56855e-08 9.15097)
(1.8849e-08 -1.47566e-07 8.59562)
(-1.80509e-08 -6.21807e-08 7.9673)
(-1.63788e-08 -4.34993e-08 8.61596)
(3.79729e-08 -1.51302e-07 8.0265)
(-7.41208e-09 -6.53003e-08 7.36522)
(-2.32097e-09 -2.38329e-08 7.71383)
(5.09741e-08 -1.50064e-07 7.14922)
(2.2839e-10 -6.51978e-08 6.50936)
(-2.87987e-08 -8.75942e-08 11.7287)
(-4.01963e-09 -5.85629e-08 11.6418)
(8.38551e-09 -1.93265e-08 11.5805)
(-4.42828e-08 -1.03252e-07 11.629)
(-1.21864e-08 -7.53791e-08 11.5223)
(1.93336e-09 -2.55891e-08 11.4397)
(-5.54378e-08 -1.12433e-07 11.3945)
(-1.70137e-08 -9.01751e-08 11.2361)
(-4.90996e-09 -3.14874e-08 11.0933)
(-6.34531e-08 -1.1384e-07 11.0441)
(-1.85659e-08 -1.0243e-07 10.8128)
(-1.23936e-08 -3.70681e-08 10.5725)
(-6.53007e-08 -1.07019e-07 10.6107)
(-1.5635e-08 -1.12031e-07 10.2933)
(-1.81905e-08 -4.1902e-08 9.93678)
(-6.10472e-08 -9.30445e-08 10.1335)
(-8.55627e-09 -1.19573e-07 9.72371)
(-2.05953e-08 -4.63533e-08 9.25536)
(-5.14561e-08 -7.43111e-08 9.64261)
(2.90556e-09 -1.25535e-07 9.14996)
(-1.89683e-08 -5.04876e-08 8.58799)
(-3.77819e-08 -5.34208e-08 9.15097)
(1.73651e-08 -1.30419e-07 8.59562)
(-1.38907e-08 -5.42301e-08 7.9673)
(-2.08154e-08 -3.1884e-08 8.61596)
(3.40444e-08 -1.33828e-07 8.0265)
(-5.45748e-09 -5.70942e-08 7.36522)
(-8.01286e-09 -1.41453e-08 7.71382)
(4.58004e-08 -1.34351e-07 7.14922)
(4.16267e-10 -5.76951e-08 6.50936)
(-1.98288e-08 -8.47129e-08 11.7287)
(3.64098e-09 -5.58527e-08 11.6418)
(1.55079e-08 -1.84022e-08 11.5805)
(-3.43252e-08 -9.98589e-08 11.629)
(-3.45084e-09 -7.16036e-08 11.5223)
(1.02202e-08 -2.41087e-08 11.4397)
(-4.50724e-08 -1.08672e-07 11.3945)
(-8.1336e-09 -8.50924e-08 11.2361)
(3.85111e-09 -2.93016e-08 11.0933)
(-5.33408e-08 -1.09892e-07 11.0441)
(-1.03875e-08 -9.5857e-08 10.8128)
(-3.76659e-09 -3.40229e-08 10.5725)
(-5.6234e-08 -1.02971e-07 10.6107)
(-8.94962e-09 -1.03785e-07 10.2933)
(-1.02415e-08 -3.78972e-08 9.93678)
(-5.38018e-08 -8.88126e-08 10.1335)
(-3.90641e-09 -1.09447e-07 9.72371)
(-1.38099e-08 -4.13067e-08 9.25536)
(-4.66837e-08 -6.95711e-08 9.64261)
(4.97671e-09 -1.13411e-07 9.14996)
(-1.37505e-08 -4.43491e-08 8.58799)
(-3.60932e-08 -4.77431e-08 9.15097)
(1.65169e-08 -1.16315e-07 8.59562)
(-1.04989e-08 -4.70779e-08 7.9673)
(-2.26589e-08 -2.50458e-08 8.61596)
(3.02936e-08 -1.18076e-07 8.0265)
(-4.01908e-09 -4.91402e-08 7.36522)
(-1.29559e-08 -6.30099e-09 7.71382)
(3.99496e-08 -1.18155e-07 7.14922)
(2.63471e-10 -4.95589e-08 6.50936)
(-9.83555e-09 -7.83837e-08 11.7287)
(1.15213e-08 -5.12593e-08 11.6418)
(2.21319e-08 -1.67222e-08 11.5805)
(-2.26544e-08 -9.20785e-08 11.629)
(5.92009e-09 -6.54325e-08 11.5223)
(1.8318e-08 -2.17153e-08 11.4397)
(-3.26686e-08 -9.97468e-08 11.3945)
(1.72307e-09 -7.7199e-08 11.2361)
(1.28394e-08 -2.60793e-08 11.0933)
(-4.11963e-08 -1.00157e-07 11.0441)
(-1.02114e-09 -8.61462e-08 10.8128)
(5.57843e-09 -2.98615e-08 10.5725)
(-4.55762e-08 -9.28615e-08 10.6107)
(-1.06858e-09 -9.22893e-08 10.2933)
(-1.26393e-09 -3.28038e-08 9.93678)
(-4.56024e-08 -7.88319e-08 10.1335)
(1.6693e-09 -9.63426e-08 9.72371)
(-5.88781e-09 -3.53243e-08 9.25536)
(-4.15834e-08 -6.01502e-08 9.64261)
(7.76853e-09 -9.90049e-08 9.14996)
(-7.44403e-09 -3.76336e-08 8.58799)
(-3.42786e-08 -3.91482e-08 9.15097)
(1.64126e-08 -1.00997e-07 8.59562)
(-6.2039e-09 -3.97991e-08 7.9673)
(-2.39471e-08 -1.71349e-08 8.61596)
(2.74181e-08 -1.02255e-07 8.0265)
(-1.87811e-09 -4.15234e-08 7.36522)
(-1.69879e-08 1.35022e-09 7.71382)
(3.49726e-08 -1.02461e-07 7.14922)
(5.50945e-10 -4.19589e-08 6.50936)
(-3.47509e-09 -6.72365e-08 11.7287)
(1.64138e-08 -4.44084e-08 11.6418)
(2.51509e-08 -1.41965e-08 11.5805)
(-1.46283e-08 -7.82529e-08 11.629)
(1.23052e-08 -5.63848e-08 11.5223)
(2.28181e-08 -1.83169e-08 11.4397)
(-2.38604e-08 -8.35669e-08 11.3945)
(8.90714e-09 -6.59303e-08 11.2361)
(1.8535e-08 -2.17708e-08 11.0933)
(-3.25111e-08 -8.20637e-08 11.0441)
(6.21755e-09 -7.27412e-08 10.8128)
(1.22333e-08 -2.46379e-08 10.5725)
(-3.81677e-08 -7.36257e-08 10.6107)
(5.34572e-09 -7.70423e-08 10.2933)
(5.79092e-09 -2.68013e-08 9.93678)
(-4.0419e-08 -5.9523e-08 10.1335)
(6.55865e-09 -7.96962e-08 9.72371)
(8.36464e-10 -2.86979e-08 9.25536)
(-3.91155e-08 -4.19797e-08 9.64261)
(1.04472e-08 -8.16033e-08 9.14996)
(-1.71329e-09 -3.05341e-08 8.58799)
(-3.46282e-08 -2.33107e-08 9.15097)
(1.64343e-08 -8.35522e-08 8.59562)
(-2.02485e-09 -3.24099e-08 7.9673)
(-2.69014e-08 -4.65615e-09 8.61596)
(2.46815e-08 -8.54646e-08 8.0265)
(3.26228e-10 -3.40114e-08 7.36522)
(-2.16058e-08 1.01064e-08 7.71382)
(3.00939e-08 -8.71623e-08 7.14922)
(9.14321e-10 -3.46478e-08 6.50936)
(-2.43497e-09 -6.0122e-08 11.7287)
(1.675e-08 -4.00236e-08 11.6418)
(2.42075e-08 -1.26943e-08 11.5805)
(-1.28428e-08 -6.95961e-08 11.629)
(1.32788e-08 -5.06486e-08 11.5223)
(2.24605e-08 -1.63086e-08 11.4397)
(-2.16064e-08 -7.35039e-08 11.3945)
(1.02728e-08 -5.8931e-08 11.2361)
(1.87355e-08 -1.93122e-08 11.0933)
(-3.00342e-08 -7.09434e-08 11.0441)
(7.77397e-09 -6.46967e-08 10.8128)
(1.30171e-08 -2.18407e-08 10.5725)
(-3.59345e-08 -6.18736e-08 10.6107)
(6.79004e-09 -6.81896e-08 10.2933)
(7.07911e-09 -2.37906e-08 9.93678)
(-3.89327e-08 -4.75464e-08 10.1335)
(7.50579e-09 -7.01799e-08 9.72371)
(2.40862e-09 -2.55297e-08 9.25536)
(-3.8938e-08 -3.01165e-08 9.64261)
(1.05403e-08 -7.13552e-08 9.14996)
(-1.52102e-10 -2.71391e-08 8.58799)
(-3.61803e-08 -1.18989e-08 9.15097)
(1.53336e-08 -7.23838e-08 8.59562)
(-7.30714e-10 -2.85627e-08 7.9673)
(-3.0272e-08 5.88193e-09 8.61596)
(2.20607e-08 -7.32592e-08 8.0265)
(1.08243e-09 -2.9468e-08 7.36522)
(-2.62056e-08 1.88379e-08 7.71382)
(2.60522e-08 -7.42914e-08 7.14922)
(1.02179e-09 -2.92941e-08 6.50936)
(5.44938e-11 -5.95282e-08 11.7287)
(1.78788e-08 -3.92124e-08 11.6418)
(2.48757e-08 -1.25844e-08 11.5805)
(-9.22894e-09 -6.89041e-08 11.629)
(1.56448e-08 -4.94403e-08 11.5223)
(2.43018e-08 -1.60328e-08 11.4397)
(-1.69555e-08 -7.28125e-08 11.3945)
(1.35971e-08 -5.73687e-08 11.2361)
(2.15783e-08 -1.88959e-08 11.0933)
(-2.44907e-08 -7.04243e-08 11.0441)
(1.17048e-08 -6.2907e-08 10.8128)
(1.65274e-08 -2.13328e-08 10.5725)
(-2.98647e-08 -6.15657e-08 10.6107)
(1.08639e-08 -6.62078e-08 10.2933)
(1.08121e-08 -2.32269e-08 9.93678)
(-3.29233e-08 -4.72469e-08 10.1335)
(1.1298e-08 -6.78211e-08 9.72371)
(5.90099e-09 -2.48631e-08 9.25536)
(-3.37296e-08 -2.93687e-08 9.64261)
(1.34649e-08 -6.82591e-08 9.14996)
(2.71748e-09 -2.62145e-08 8.58799)
(-3.27253e-08 -1.0114e-08 9.15097)
(1.67788e-08 -6.80304e-08 8.59562)
(1.27827e-09 -2.71821e-08 7.9673)
(-2.95951e-08 9.10847e-09 8.61596)
(2.14844e-08 -6.70764e-08 8.0265)
(2.05638e-09 -2.7351e-08 7.36522)
(-2.86077e-08 2.37088e-08 7.71382)
(2.3315e-08 -6.57946e-08 7.14922)
(1.15592e-09 -2.61047e-08 6.50936)
(5.3583e-09 -5.6317e-08 11.7287)
(2.20914e-08 -3.68582e-08 11.6418)
(2.90002e-08 -1.17603e-08 11.5805)
(-2.72525e-09 -6.54053e-08 11.629)
(2.12128e-08 -4.66928e-08 11.5223)
(2.99395e-08 -1.50287e-08 11.4397)
(-9.69698e-09 -6.91421e-08 11.3945)
(1.99597e-08 -5.41259e-08 11.2361)
(2.83125e-08 -1.7654e-08 11.0933)
(-1.70555e-08 -6.6682e-08 11.0441)
(1.81734e-08 -5.90478e-08 10.8128)
(2.37731e-08 -1.97605e-08 10.5725)
(-2.29697e-08 -5.78392e-08 10.6107)
(1.66998e-08 -6.16653e-08 10.2933)
(1.78819e-08 -2.12908e-08 9.93678)
(-2.71531e-08 -4.36603e-08 10.1335)
(1.58705e-08 -6.26457e-08 9.72371)
(1.21666e-08 -2.25834e-08 9.25536)
(-2.95056e-08 -2.60412e-08 9.64261)
(1.64754e-08 -6.25991e-08 9.14996)
(7.68906e-09 -2.37321e-08 8.58799)
(-3.02184e-08 -7.08471e-09 9.15097)
(1.81997e-08 -6.20744e-08 8.59562)
(4.69534e-09 -2.46472e-08 7.9673)
(-2.8889e-08 1.21327e-08 8.61596)
(2.13078e-08 -6.08772e-08 8.0265)
(3.89834e-09 -2.48974e-08 7.36522)
(-2.99346e-08 2.74772e-08 7.71382)
(2.16739e-08 -5.89326e-08 7.14922)
(1.74419e-09 -2.36513e-08 6.50936)
(9.70058e-09 -4.75603e-08 11.7287)
(2.68359e-08 -3.13351e-08 11.6418)
(3.37201e-08 -9.64378e-09 11.5805)
(1.83154e-09 -5.571e-08 11.629)
(2.63388e-08 -4.03771e-08 11.5223)
(3.53388e-08 -1.25645e-08 11.4397)
(-5.45081e-09 -5.85601e-08 11.3945)
(2.48582e-08 -4.67967e-08 11.2361)
(3.39049e-08 -1.47322e-08 11.0933)
(-1.37661e-08 -5.52409e-08 11.0441)
(2.22453e-08 -5.04476e-08 10.8128)
(2.91777e-08 -1.62351e-08 10.5725)
(-2.12085e-08 -4.57224e-08 10.6107)
(1.94458e-08 -5.1658e-08 10.2933)
(2.27459e-08 -1.70924e-08 9.93678)
(-2.72129e-08 -3.1337e-08 10.1335)
(1.70798e-08 -5.13552e-08 9.72371)
(1.62013e-08 -1.77446e-08 9.25536)
(-3.12227e-08 -1.42358e-08 9.64261)
(1.60684e-08 -5.05444e-08 9.14996)
(1.07264e-08 -1.84153e-08 8.58799)
(-3.31295e-08 3.31183e-09 9.15097)
(1.63552e-08 -5.00677e-08 8.59562)
(6.65939e-09 -1.91953e-08 7.9673)
(-3.24605e-08 2.01964e-08 8.61596)
(1.83848e-08 -4.98505e-08 8.0265)
(4.74277e-09 -1.973e-08 7.36522)
(-3.33073e-08 3.2958e-08 7.71382)
(1.83753e-08 -4.96689e-08 7.14922)
(1.76083e-09 -1.92675e-08 6.50936)
(1.17183e-08 -4.12059e-08 11.7287)
(2.95365e-08 -2.73768e-08 11.6418)
(3.65513e-08 -8.25564e-09 11.5805)
(3.96132e-09 -4.87572e-08 11.629)
(2.95635e-08 -3.57505e-08 11.5223)
(3.91559e-08 -1.08871e-08 11.4397)
(-3.45437e-09 -5.10126e-08 11.3945)
(2.81882e-08 -4.13529e-08 11.2361)
(3.83724e-08 -1.26987e-08 11.0933)
(-1.22769e-08 -4.72155e-08 11.0441)
(2.5211e-08 -4.40683e-08 10.8128)
(3.39312e-08 -1.37756e-08 10.5725)
(-2.06053e-08 -3.73107e-08 10.6107)
(2.16134e-08 -4.42404e-08 10.2933)
(2.73714e-08 -1.41661e-08 9.93678)
(-2.77769e-08 -2.26351e-08 10.1335)
(1.80745e-08 -4.28496e-08 9.72371)
(2.03012e-08 -1.43173e-08 9.25536)
(-3.31539e-08 -5.3529e-09 9.64261)
(1.57053e-08 -4.09803e-08 9.14996)
(1.3968e-08 -1.4502e-08 8.58799)
(-3.63793e-08 1.21411e-08 9.15097)
(1.46657e-08 -3.96562e-08 8.59562)
(8.83668e-09 -1.48401e-08 7.9673)
(-3.66364e-08 2.84894e-08 8.61596)
(1.5565e-08 -3.91382e-08 8.0265)
(5.793e-09 -1.51148e-08 7.36522)
(-3.74028e-08 3.96726e-08 7.71382)
(1.5134e-08 -3.9799e-08 7.14922)
(1.92627e-09 -1.48306e-08 6.50936)
(1.62349e-08 -3.94151e-08 11.7287)
(3.327e-08 -2.56844e-08 11.6418)
(4.02624e-08 -7.7578e-09 11.5805)
(9.2699e-09 -4.68759e-08 11.629)
(3.43525e-08 -3.35055e-08 11.5223)
(4.40985e-08 -1.00928e-08 11.4397)
(2.40269e-09 -4.92034e-08 11.3945)
(3.35452e-08 -3.84485e-08 11.2361)
(4.4189e-08 -1.15253e-08 11.0933)
(-6.21127e-09 -4.56656e-08 11.0441)
(3.05923e-08 -4.0438e-08 10.8128)
(4.01873e-08 -1.2134e-08 10.5725)
(-1.47865e-08 -3.60712e-08 10.6107)
(2.64442e-08 -3.97883e-08 10.2933)
(3.35525e-08 -1.20009e-08 9.93678)
(-2.2742e-08 -2.15325e-08 10.1335)
(2.1897e-08 -3.74067e-08 9.72371)
(2.58639e-08 -1.15717e-08 9.25536)
(-2.94367e-08 -3.95594e-09 9.64261)
(1.80091e-08 -3.44025e-08 9.14996)
(1.84635e-08 -1.11331e-08 8.58799)
(-3.457e-08 1.43871e-08 9.15097)
(1.50572e-08 -3.18675e-08 8.59562)
(1.19508e-08 -1.08988e-08 7.9673)
(-3.72931e-08 3.19046e-08 8.61596)
(1.38939e-08 -3.0259e-08 8.0265)
(7.32157e-09 -1.07189e-08 7.36522)
(-4.02671e-08 4.42579e-08 7.71382)
(1.19109e-08 -3.0426e-08 7.14922)
(2.15872e-09 -1.02791e-08 6.50936)
(2.22318e-08 -3.50089e-08 11.7287)
(3.7953e-08 -2.2219e-08 11.6418)
(4.43098e-08 -6.42981e-09 11.5805)
(1.58794e-08 -4.16717e-08 11.629)
(3.9255e-08 -2.89997e-08 11.5223)
(4.81793e-08 -8.26144e-09 11.4397)
(9.0479e-09 -4.34768e-08 11.3945)
(3.80831e-08 -3.28194e-08 11.2361)
(4.79582e-08 -9.10292e-09 11.0933)
(-6.67124e-11 -3.9682e-08 11.0441)
(3.43032e-08 -3.36129e-08 10.8128)
(4.3553e-08 -9.01289e-09 10.5725)
(-9.75768e-09 -3.01303e-08 10.6107)
(2.89539e-08 -3.17892e-08 10.2933)
(3.64706e-08 -8.16645e-09 9.93678)
(-1.92376e-08 -1.59464e-08 10.1335)
(2.29577e-08 -2.83903e-08 9.72371)
(2.82788e-08 -7.07003e-09 9.25536)
(-2.76544e-08 1.0616e-09 9.64261)
(1.76008e-08 -2.46233e-08 9.14996)
(2.03043e-08 -6.12778e-09 8.58799)
(-3.44253e-08 1.88065e-08 9.15097)
(1.33541e-08 -2.1642e-08 8.59562)
(1.31599e-08 -5.58529e-09 7.9673)
(-3.8573e-08 3.60579e-08 8.61596)
(1.10953e-08 -1.98935e-08 8.0265)
(7.85448e-09 -5.35116e-09 7.36522)
(-4.28268e-08 4.87468e-08 7.71382)
(8.49192e-09 -2.02628e-08 7.14922)
(2.1403e-09 -5.15578e-09 6.50936)
(2.50154e-08 -2.79561e-08 11.7287)
(3.97871e-08 -1.78417e-08 11.6418)
(4.4685e-08 -4.76663e-09 11.5805)
(1.9287e-08 -3.25003e-08 11.629)
(4.12006e-08 -2.288e-08 11.5223)
(4.83814e-08 -5.90735e-09 11.4397)
(1.25699e-08 -3.24035e-08 11.3945)
(3.98982e-08 -2.49969e-08 11.2361)
(4.80081e-08 -6.05586e-09 11.0933)
(3.13682e-09 -2.70404e-08 11.0441)
(3.58089e-08 -2.42326e-08 10.8128)
(4.36653e-08 -5.31003e-09 10.5725)
(-7.43003e-09 -1.65467e-08 10.6107)
(2.99157e-08 -2.11432e-08 10.2933)
(3.67649e-08 -3.92349e-09 9.93678)
(-1.81978e-08 -2.28995e-09 10.1335)
(2.32409e-08 -1.68654e-08 9.72371)
(2.876e-08 -2.41747e-09 9.25536)
(-2.80122e-08 1.38077e-08 9.64261)
(1.69624e-08 -1.27177e-08 9.14996)
(2.08729e-08 -1.16855e-09 8.58799)
(-3.60796e-08 2.96945e-08 9.15097)
(1.16132e-08 -9.85591e-09 8.59562)
(1.36385e-08 -4.4088e-10 7.9673)
(-4.13226e-08 4.42716e-08 8.61596)
(8.21274e-09 -8.72038e-09 8.0265)
(7.96594e-09 -1.43098e-10 7.36522)
(-4.59573e-08 5.41266e-08 7.71382)
(4.91491e-09 -1.03136e-08 7.14922)
(1.92312e-09 -1.7487e-10 6.50936)
(2.28467e-08 -2.6905e-08 11.7287)
(3.6674e-08 -1.75082e-08 11.6418)
(4.01946e-08 -4.78324e-09 11.5805)
(1.76668e-08 -3.0066e-08 11.629)
(3.82592e-08 -2.14878e-08 11.5223)
(4.37192e-08 -5.58549e-09 11.4397)
(1.1572e-08 -2.86522e-08 11.3945)
(3.74487e-08 -2.27858e-08 11.2361)
(4.36442e-08 -5.52618e-09 11.0933)
(2.94833e-09 -2.22805e-08 11.0441)
(3.4176e-08 -2.16024e-08 10.8128)
(4.00347e-08 -4.78576e-09 10.5725)
(-6.89953e-09 -1.11926e-08 10.6107)
(2.91806e-08 -1.84796e-08 10.2933)
(3.40933e-08 -3.58552e-09 9.93678)
(-1.72284e-08 3.33271e-09 10.1335)
(2.31804e-08 -1.43275e-08 9.72371)
(2.70975e-08 -2.32166e-09 9.25536)
(-2.71763e-08 1.94862e-08 9.64261)
(1.72295e-08 -1.00665e-08 9.14996)
(2.0069e-08 -1.18615e-09 8.58799)
(-3.59931e-08 3.5295e-08 9.15097)
(1.17224e-08 -6.54449e-09 8.59562)
(1.34289e-08 -2.09305e-10 7.9673)
(-4.23904e-08 4.9645e-08 8.61596)
(7.56622e-09 -4.16788e-09 8.0265)
(8.00444e-09 7.63484e-10 7.36522)
(-4.80196e-08 5.8746e-08 7.71382)
(3.23957e-09 -4.30546e-09 7.14922)
(2.0093e-09 1.75072e-09 6.50936)
(2.08619e-08 -3.23554e-08 11.7287)
(3.30811e-08 -2.0662e-08 11.6418)
(3.57622e-08 -6.08242e-09 11.5805)
(1.60862e-08 -3.57884e-08 11.629)
(3.45667e-08 -2.47468e-08 11.5223)
(3.85406e-08 -6.96499e-09 11.4397)
(1.0719e-08 -3.47415e-08 11.3945)
(3.40864e-08 -2.64187e-08 11.2361)
(3.81747e-08 -7.11289e-09 11.0933)
(3.32907e-09 -2.88649e-08 11.0441)
(3.16683e-08 -2.59443e-08 10.8128)
(3.47524e-08 -6.74585e-09 10.5725)
(-4.99218e-09 -1.82718e-08 10.6107)
(2.78702e-08 -2.37169e-08 10.2933)
(2.94108e-08 -6.00327e-09 9.93678)
(-1.38813e-08 -3.91099e-09 10.1335)
(2.31833e-08 -2.02779e-08 9.72371)
(2.33132e-08 -5.14824e-09 9.25536)
(-2.28936e-08 1.27416e-08 9.64261)
(1.82441e-08 -1.61283e-08 9.14996)
(1.73293e-08 -4.1739e-09 8.58799)
(-3.17647e-08 2.9965e-08 9.15097)
(1.31145e-08 -1.16894e-08 8.59562)
(1.1729e-08 -2.97201e-09 7.9673)
(-3.95776e-08 4.65722e-08 8.61596)
(8.4837e-09 -7.08147e-09 8.0265)
(7.1199e-09 -1.21984e-09 7.36522)
(-4.76388e-08 5.87905e-08 7.71382)
(2.84513e-09 -3.44451e-09 7.14922)
(1.75895e-09 1.27319e-09 6.50936)
(1.98765e-08 -3.40317e-08 11.7287)
(3.09188e-08 -2.18284e-08 11.6418)
(3.29771e-08 -6.48831e-09 11.5805)
(1.56583e-08 -3.72409e-08 11.629)
(3.25058e-08 -2.59326e-08 11.5223)
(3.54798e-08 -7.43567e-09 11.4397)
(1.08171e-08 -3.61274e-08 11.3945)
(3.23702e-08 -2.78288e-08 11.2361)
(3.51421e-08 -7.73944e-09 11.0933)
(4.03848e-09 -3.02996e-08 11.0441)
(3.05331e-08 -2.77557e-08 10.8128)
(3.19962e-08 -7.6123e-09 10.5725)
(-3.71347e-09 -1.99273e-08 10.6107)
(2.74386e-08 -2.61061e-08 10.2933)
(2.70754e-08 -7.17433e-09 9.93678)
(-1.20725e-08 -5.97915e-09 10.1335)
(2.34181e-08 -2.34179e-08 9.72371)
(2.14807e-08 -6.6776e-09 9.25536)
(-2.06367e-08 1.01076e-08 9.64261)
(1.91483e-08 -2.00617e-08 9.14996)
(1.60134e-08 -6.11623e-09 8.58799)
(-2.91245e-08 2.68194e-08 9.15097)
(1.46277e-08 -1.62204e-08 8.59562)
(1.09304e-08 -5.273e-09 7.9673)
(-3.68316e-08 4.34727e-08 8.61596)
(1.02725e-08 -1.1543e-08 8.0265)
(6.81614e-09 -3.68887e-09 7.36522)
(-4.57003e-08 5.70694e-08 7.71382)
(4.25498e-09 -6.15668e-09 7.14922)
(1.89183e-09 -7.76094e-10 6.50936)
(1.7103e-08 -2.94845e-08 11.7287)
(2.85524e-08 -1.98128e-08 11.6418)
(3.0181e-08 -5.66568e-09 11.5805)
(1.3061e-08 -3.13612e-08 11.629)
(3.02106e-08 -2.33825e-08 11.5223)
(3.28128e-08 -6.50865e-09 11.4397)
(8.27747e-09 -2.89761e-08 11.3945)
(3.03621e-08 -2.48555e-08 11.2361)
(3.28695e-08 -6.78637e-09 11.0933)
(1.44662e-09 -2.1977e-08 11.0441)
(2.89221e-08 -2.44844e-08 10.8128)
(3.02606e-08 -6.7208e-09 10.5725)
(-6.45509e-09 -1.08152e-08 10.6107)
(2.62545e-08 -2.27566e-08 10.2933)
(2.58668e-08 -6.4387e-09 9.93678)
(-1.49351e-08 3.19891e-09 10.1335)
(2.27316e-08 -2.03605e-08 9.72371)
(2.07246e-08 -6.21777e-09 9.25536)
(-2.33083e-08 1.83371e-08 9.64261)
(1.89409e-08 -1.78576e-08 9.14996)
(1.56089e-08 -6.04636e-09 8.58799)
(-3.11343e-08 3.29837e-08 9.15097)
(1.48883e-08 -1.54649e-08 8.59562)
(1.07826e-08 -5.73757e-09 7.9673)
(-3.78013e-08 4.6546e-08 8.61596)
(1.09704e-08 -1.26417e-08 8.0265)
(6.79172e-09 -4.76446e-09 7.36522)
(-4.52078e-08 5.69761e-08 7.71382)
(5.35484e-09 -8.77476e-09 7.14922)
(2.02648e-09 -2.37905e-09 6.50936)
(1.21172e-08 -2.74654e-08 11.7287)
(2.47639e-08 -1.91274e-08 11.6418)
(2.67294e-08 -5.45608e-09 11.5805)
(7.41281e-09 -2.90297e-08 11.629)
(2.58686e-08 -2.2767e-08 11.5223)
(2.90137e-08 -6.42027e-09 11.4397)
(2.21387e-09 -2.62405e-08 11.3945)
(2.57778e-08 -2.44147e-08 11.2361)
(2.89641e-08 -6.91821e-09 11.0933)
(-4.77701e-09 -1.88652e-08 11.0441)
(2.44e-08 -2.4363e-08 10.8128)
(2.64539e-08 -7.19419e-09 10.5725)
(-1.25141e-08 -7.36057e-09 10.6107)
(2.2112e-08 -2.30461e-08 10.2933)
(2.23576e-08 -7.31671e-09 9.93678)
(-2.05365e-08 6.96963e-09 10.1335)
(1.91733e-08 -2.10831e-08 9.72371)
(1.77137e-08 -7.50177e-09 9.25536)
(-2.82976e-08 2.23308e-08 9.64261)
(1.62288e-08 -1.89094e-08 9.14996)
(1.32398e-08 -7.67462e-09 8.58799)
(-3.53119e-08 3.69441e-08 9.15097)
(1.32445e-08 -1.67344e-08 8.59562)
(9.15944e-09 -7.55149e-09 7.9673)
(-4.07858e-08 4.99326e-08 8.61596)
(1.0459e-08 -1.4177e-08 8.0265)
(5.95648e-09 -6.62762e-09 7.36522)
(-4.6256e-08 5.86559e-08 7.71382)
(6.04967e-09 -1.07996e-08 7.14922)
(1.93841e-09 -4.17659e-09 6.50936)
(1.08882e-08 -3.02651e-08 11.7287)
(2.34516e-08 -2.07979e-08 11.6418)
(2.596e-08 -6.19055e-09 11.5805)
(6.26703e-09 -3.2538e-08 11.629)
(2.48426e-08 -2.49813e-08 11.5223)
(2.85865e-08 -7.38444e-09 11.4397)
(1.38581e-09 -3.05165e-08 11.3945)
(2.51572e-08 -2.72968e-08 11.2361)
(2.89205e-08 -8.17335e-09 11.0933)
(-5.07557e-09 -2.39625e-08 11.0441)
(2.42442e-08 -2.80493e-08 10.8128)
(2.66777e-08 -8.80227e-09 10.5725)
(-1.20824e-08 -1.31307e-08 10.6107)
(2.244e-08 -2.75409e-08 10.2933)
(2.27057e-08 -9.28075e-09 9.93678)
(-1.93883e-08 9.70497e-10 10.1335)
(1.9981e-08 -2.61702e-08 9.72371)
(1.80508e-08 -9.76151e-09 9.25536)
(-2.66613e-08 1.68069e-08 9.64261)
(1.73406e-08 -2.42029e-08 9.14996)
(1.34848e-08 -1.00937e-08 8.58799)
(-3.36946e-08 3.27034e-08 9.15097)
(1.44295e-08 -2.17282e-08 8.59562)
(9.29458e-09 -1.00025e-08 7.9673)
(-3.98603e-08 4.74565e-08 8.61596)
(1.15157e-08 -1.84187e-08 8.0265)
(5.97173e-09 -8.95813e-09 7.36522)
(-4.60832e-08 5.79933e-08 7.71382)
(6.98209e-09 -1.39924e-08 7.14922)
(1.99686e-09 -6.21667e-09 6.50936)
(1.2773e-08 -2.96108e-08 11.7287)
(2.4711e-08 -2.03804e-08 11.6418)
(2.7277e-08 -6.03405e-09 11.5805)
(8.71053e-09 -3.19261e-08 11.629)
(2.66103e-08 -2.4698e-08 11.5223)
(3.03807e-08 -7.28066e-09 11.4397)
(4.23125e-09 -3.0221e-08 11.3945)
(2.73408e-08 -2.73182e-08 11.2361)
(3.11351e-08 -8.17192e-09 11.0933)
(-1.9912e-09 -2.42008e-08 11.0441)
(2.66978e-08 -2.85054e-08 10.8128)
(2.91579e-08 -8.92868e-09 10.5725)
(-8.96528e-09 -1.4074e-08 10.6107)
(2.4988e-08 -2.85614e-08 10.2933)
(2.52342e-08 -9.56939e-09 9.93678)
(-1.63782e-08 -7.66075e-10 10.1335)
(2.24036e-08 -2.78995e-08 9.72371)
(2.0401e-08 -1.02623e-08 9.25536)
(-2.38866e-08 1.43246e-08 9.64261)
(1.95787e-08 -2.6705e-08 9.14996)
(1.54566e-08 -1.09059e-08 8.58799)
(-3.11874e-08 2.9755e-08 9.15097)
(1.65229e-08 -2.4956e-08 8.59562)
(1.07686e-08 -1.1189e-08 7.9673)
(-3.76911e-08 4.47084e-08 8.61596)
(1.34479e-08 -2.21311e-08 8.0265)
(6.93765e-09 -1.05624e-08 7.36522)
(-4.46334e-08 5.64333e-08 7.71382)
(8.74931e-09 -1.75563e-08 7.14922)
(2.54997e-09 -8.12187e-09 6.50936)
(1.21458e-08 -2.45857e-08 11.7287)
(2.44322e-08 -1.76118e-08 11.6418)
(2.66152e-08 -4.9427e-09 11.5805)
(7.85884e-09 -2.61648e-08 11.629)
(2.58512e-08 -2.16283e-08 11.5223)
(2.9102e-08 -6.10448e-09 11.4397)
(3.06854e-09 -2.3958e-08 11.3945)
(2.62005e-08 -2.41662e-08 11.2361)
(2.93486e-08 -7.00503e-09 11.0933)
(-3.47728e-09 -1.76707e-08 11.0441)
(2.53601e-08 -2.5486e-08 10.8128)
(2.71277e-08 -7.86876e-09 10.5725)
(-1.06991e-08 -7.64033e-09 10.6107)
(2.36716e-08 -2.59196e-08 10.2933)
(2.32531e-08 -8.7158e-09 9.93678)
(-1.8194e-08 5.06954e-09 10.1335)
(2.13896e-08 -2.58983e-08 9.72371)
(1.87319e-08 -9.70344e-09 9.25536)
(-2.54582e-08 1.89747e-08 9.64261)
(1.89872e-08 -2.56381e-08 9.14996)
(1.42669e-08 -1.06757e-08 8.58799)
(-3.21854e-08 3.269e-08 9.15097)
(1.63853e-08 -2.50446e-08 8.59562)
(1.00955e-08 -1.13201e-08 7.9673)
(-3.79698e-08 4.55451e-08 8.61596)
(1.37469e-08 -2.34708e-08 8.0265)
(6.65578e-09 -1.10483e-08 7.36522)
(-4.4055e-08 5.55437e-08 7.71382)
(9.50362e-09 -1.99554e-08 7.14922)
(2.56341e-09 -8.96876e-09 6.50937)
(7.10119e-09 -2.45162e-08 11.7287)
(2.01314e-08 -1.81176e-08 11.6418)
(2.22069e-08 -5.23713e-09 11.5805)
(2.37119e-09 -2.59934e-08 11.629)
(2.11353e-08 -2.22963e-08 11.5223)
(2.42707e-08 -6.55468e-09 11.4397)
(-2.45767e-09 -2.36929e-08 11.3945)
(2.15603e-08 -2.52855e-08 11.2361)
(2.44865e-08 -7.78439e-09 11.0933)
(-8.57338e-09 -1.7465e-08 11.0441)
(2.12999e-08 -2.74158e-08 10.8128)
(2.25747e-08 -9.20094e-09 10.5725)
(-1.49015e-08 -7.62372e-09 10.6107)
(2.06145e-08 -2.89221e-08 10.2933)
(1.93013e-08 -1.07415e-08 9.93678)
(-2.11935e-08 4.86458e-09 10.1335)
(1.95104e-08 -3.00348e-08 9.72371)
(1.56231e-08 -1.24418e-08 9.25536)
(-2.72442e-08 1.85801e-08 9.64261)
(1.8371e-08 -3.06345e-08 9.14996)
(1.21125e-08 -1.39793e-08 8.58799)
(-3.28914e-08 3.2156e-08 9.15097)
(1.69221e-08 -3.03839e-08 8.59562)
(8.88451e-09 -1.48332e-08 7.9673)
(-3.77438e-08 4.48675e-08 8.61596)
(1.51057e-08 -2.85856e-08 8.0265)
(6.26229e-09 -1.43496e-08 7.36522)
(-4.29969e-08 5.44254e-08 7.71382)
(1.13009e-08 -2.43578e-08 7.14922)
(2.75744e-09 -1.16154e-08 6.50937)
(3.69836e-09 -3.1222e-08 11.7287)
(1.66539e-08 -2.22901e-08 11.6418)
(1.91953e-08 -6.92571e-09 11.5805)
(-1.09687e-09 -3.38112e-08 11.629)
(1.77591e-08 -2.7339e-08 11.5223)
(2.12795e-08 -8.63418e-09 11.4397)
(-5.44345e-09 -3.25546e-08 11.3945)
(1.87167e-08 -3.13677e-08 11.2361)
(2.17832e-08 -1.03604e-08 11.0933)
(-1.05229e-08 -2.73156e-08 11.0441)
(1.93636e-08 -3.47391e-08 10.8128)
(2.02314e-08 -1.24045e-08 10.5725)
(-1.5299e-08 -1.82276e-08 10.6107)
(1.98706e-08 -3.75334e-08 10.2933)
(1.73686e-08 -1.46127e-08 9.93678)
(-1.98506e-08 -5.98493e-09 10.1335)
(2.01053e-08 -3.97189e-08 9.72371)
(1.4146e-08 -1.69263e-08 9.25536)
(-2.43295e-08 8.213e-09 9.64261)
(2.01652e-08 -4.09273e-08 9.14996)
(1.11336e-08 -1.88851e-08 8.58799)
(-2.90157e-08 2.31215e-08 9.15097)
(1.95392e-08 -4.05851e-08 8.59562)
(8.41461e-09 -1.98952e-08 7.9673)
(-3.38902e-08 3.78371e-08 8.61596)
(1.80139e-08 -3.78364e-08 8.0265)
(6.20147e-09 -1.91719e-08 7.36522)
(-4.00495e-08 5.00118e-08 7.71382)
(1.38806e-08 -3.15251e-08 7.14922)
(3.03087e-09 -1.55891e-08 6.50937)
(3.27103e-09 -3.50731e-08 11.7287)
(1.6398e-08 -2.44031e-08 11.6418)
(1.98055e-08 -7.64586e-09 11.5805)
(-2.02129e-09 -3.88477e-08 11.629)
(1.68866e-08 -3.0359e-08 11.5223)
(2.12079e-08 -9.70179e-09 11.4397)
(-6.66488e-09 -3.87551e-08 11.3945)
(1.73273e-08 -3.52835e-08 11.2361)
(2.09847e-08 -1.17623e-08 11.0933)
(-1.18379e-08 -3.45224e-08 11.0441)
(1.76052e-08 -3.94405e-08 10.8128)
(1.87365e-08 -1.4085e-08 10.5725)
(-1.63887e-08 -2.61705e-08 10.6107)
(1.80292e-08 -4.28795e-08 10.2933)
(1.53823e-08 -1.65028e-08 9.93678)
(-2.03464e-08 -1.43438e-08 10.1335)
(1.84698e-08 -4.56308e-08 9.72371)
(1.19772e-08 -1.90033e-08 9.25536)
(-2.39315e-08 -2.28766e-10 9.64261)
(1.91845e-08 -4.73542e-08 9.14996)
(9.12629e-09 -2.1229e-08 8.58799)
(-2.74635e-08 1.50038e-08 9.15097)
(1.9651e-08 -4.74822e-08 8.59562)
(6.90418e-09 -2.25999e-08 7.9673)
(-3.11466e-08 3.07374e-08 8.61596)
(1.93742e-08 -4.49863e-08 8.0265)
(5.44759e-09 -2.23035e-08 7.36522)
(-3.68673e-08 4.5034e-08 7.71382)
(1.61929e-08 -3.80353e-08 7.14922)
(3.06509e-09 -1.88989e-08 6.50937)
(2.4147e-09 -3.30139e-08 11.7287)
(1.68582e-08 -2.3397e-08 11.6418)
(2.10077e-08 -7.15559e-09 11.5805)
(-3.51407e-09 -3.69449e-08 11.629)
(1.68125e-08 -2.96252e-08 11.5223)
(2.20988e-08 -9.31686e-09 11.4397)
(-8.73314e-09 -3.70289e-08 11.3945)
(1.67899e-08 -3.47674e-08 11.2361)
(2.15007e-08 -1.14388e-08 11.0933)
(-1.44811e-08 -3.29024e-08 11.0441)
(1.66291e-08 -3.90142e-08 10.8128)
(1.88475e-08 -1.37447e-08 10.5725)
(-1.93976e-08 -2.46493e-08 10.6107)
(1.67441e-08 -4.24562e-08 10.2933)
(1.51343e-08 -1.6084e-08 9.93678)
(-2.33772e-08 -1.31024e-08 10.1335)
(1.71428e-08 -4.52774e-08 9.72371)
(1.14632e-08 -1.85202e-08 9.25536)
(-2.64321e-08 3.59056e-10 9.64261)
(1.80494e-08 -4.73966e-08 9.14996)
(8.48452e-09 -2.07851e-08 8.58799)
(-2.88459e-08 1.44699e-08 9.15097)
(1.89814e-08 -4.84243e-08 8.59562)
(6.29264e-09 -2.24512e-08 7.9673)
(-3.10166e-08 2.86167e-08 8.61596)
(1.94807e-08 -4.73743e-08 8.0265)
(4.98806e-09 -2.27691e-08 7.36522)
(-3.50264e-08 4.15637e-08 7.71382)
(1.7338e-08 -4.21037e-08 7.14922)
(2.94685e-09 -2.03062e-08 6.50937)
(-1.38246e-09 -3.28335e-08 11.7287)
(1.49631e-08 -2.3814e-08 11.6418)
(1.99982e-08 -7.33799e-09 11.5805)
(-8.12359e-09 -3.72121e-08 11.629)
(1.4553e-08 -3.05289e-08 11.5223)
(2.11472e-08 -9.71129e-09 11.4397)
(-1.37674e-08 -3.76868e-08 11.3945)
(1.44756e-08 -3.61948e-08 11.2361)
(2.07485e-08 -1.20729e-08 11.0933)
(-1.96261e-08 -3.39557e-08 11.0441)
(1.44998e-08 -4.09931e-08 10.8128)
(1.8317e-08 -1.46436e-08 10.5725)
(-2.42003e-08 -2.60224e-08 10.6107)
(1.50213e-08 -4.4939e-08 10.2933)
(1.48185e-08 -1.7217e-08 9.93678)
(-2.74295e-08 -1.46529e-08 10.1335)
(1.58827e-08 -4.81565e-08 9.72371)
(1.13333e-08 -1.98215e-08 9.25536)
(-2.94943e-08 -1.22671e-09 9.64261)
(1.73477e-08 -5.04492e-08 9.14996)
(8.47859e-09 -2.21629e-08 8.58799)
(-3.07178e-08 1.29131e-08 9.15097)
(1.88988e-08 -5.14445e-08 8.59562)
(6.35218e-09 -2.37704e-08 7.9673)
(-3.14409e-08 2.69996e-08 8.61596)
(2.00306e-08 -5.0347e-08 8.0265)
(5.09874e-09 -2.39914e-08 7.36522)
(-3.37737e-08 3.93673e-08 7.71382)
(1.85953e-08 -4.53511e-08 7.14922)
(3.12171e-09 -2.1557e-08 6.50937)
(-3.85603e-09 -3.75287e-08 11.7287)
(1.33999e-08 -2.66223e-08 11.6418)
(1.93974e-08 -8.43525e-09 11.5805)
(-1.14216e-08 -4.33584e-08 11.629)
(1.24208e-08 -3.4367e-08 11.5223)
(2.00738e-08 -1.11865e-08 11.4397)
(-1.74076e-08 -4.52624e-08 11.3945)
(1.20479e-08 -4.11124e-08 11.2361)
(1.92901e-08 -1.39417e-08 11.0933)
(-2.31283e-08 -4.28932e-08 11.0441)
(1.20823e-08 -4.70042e-08 10.8128)
(1.65722e-08 -1.6911e-08 10.5725)
(-2.69476e-08 -3.59955e-08 10.6107)
(1.29821e-08 -5.18858e-08 10.2933)
(1.29982e-08 -1.98071e-08 9.93679)
(-2.89938e-08 -2.50432e-08 10.1335)
(1.45447e-08 -5.56468e-08 9.72371)
(9.6581e-09 -2.2587e-08 9.25536)
(-2.9696e-08 -1.11815e-08 9.64261)
(1.67949e-08 -5.79069e-08 9.14996)
(7.13164e-09 -2.48622e-08 8.58799)
(-2.97526e-08 4.33577e-09 9.15096)
(1.90118e-08 -5.81722e-08 8.59562)
(5.43006e-09 -2.6157e-08 7.9673)
(-2.98309e-08 2.04819e-08 8.61596)
(2.05931e-08 -5.56898e-08 8.0265)
(4.57371e-09 -2.58044e-08 7.36522)
(-3.19586e-08 3.52939e-08 7.71382)
(1.9325e-08 -4.88376e-08 7.14922)
(2.93053e-09 -2.25854e-08 6.50937)
(-4.15536e-09 -4.00515e-08 11.7287)
(1.30339e-08 -2.81512e-08 11.6418)
(1.94412e-08 -8.99006e-09 11.5805)
(-1.18405e-08 -4.66121e-08 11.629)
(1.18728e-08 -3.64743e-08 11.5223)
(1.99287e-08 -1.19511e-08 11.4397)
(-1.78491e-08 -4.93905e-08 11.3945)
(1.14186e-08 -4.38821e-08 11.2361)
(1.89948e-08 -1.49208e-08 11.0933)
(-2.3478e-08 -4.79526e-08 11.0441)
(1.14521e-08 -5.04581e-08 10.8128)
(1.61622e-08 -1.80817e-08 10.5725)
(-2.70344e-08 -4.19471e-08 10.6107)
(1.24755e-08 -5.60108e-08 10.2933)
(1.2553e-08 -2.11408e-08 9.93679)
(-2.86085e-08 -3.17398e-08 10.1335)
(1.42446e-08 -6.04126e-08 9.72371)
(9.26271e-09 -2.40628e-08 9.25536)
(-2.86888e-08 -1.83622e-08 9.64261)
(1.68944e-08 -6.31807e-08 9.14996)
(6.84606e-09 -2.64915e-08 8.58799)
(-2.79776e-08 -2.88914e-09 9.15096)
(1.96847e-08 -6.37001e-08 8.59562)
(5.29058e-09 -2.78947e-08 7.9673)
(-2.72627e-08 1.39869e-08 8.61596)
(2.18264e-08 -6.10054e-08 8.0265)
(4.61598e-09 -2.75495e-08 7.36522)
(-2.91529e-08 3.05917e-08 7.71382)
(2.08287e-08 -5.30368e-08 7.14922)
(3.08519e-09 -2.40258e-08 6.50937)
(-6.31316e-09 -3.79682e-08 11.7287)
(1.12557e-08 -2.7343e-08 11.6418)
(1.75332e-08 -8.64983e-09 11.5805)
(-1.40561e-08 -4.41058e-08 11.629)
(9.9173e-09 -3.55437e-08 11.5223)
(1.78553e-08 -1.15941e-08 11.4397)
(-2.0057e-08 -4.66496e-08 11.3945)
(9.53812e-09 -4.29684e-08 11.2361)
(1.69633e-08 -1.4581e-08 11.0933)
(-2.5571e-08 -4.51559e-08 11.0441)
(9.83137e-09 -4.96954e-08 10.8128)
(1.43512e-08 -1.77951e-08 10.5725)
(-2.88584e-08 -3.93855e-08 10.6107)
(1.12674e-08 -5.55836e-08 10.2933)
(1.11064e-08 -2.096e-08 9.93679)
(-2.99744e-08 -2.98343e-08 10.1335)
(1.36266e-08 -6.056e-08 9.72371)
(8.26973e-09 -2.4065e-08 9.25536)
(-2.93057e-08 -1.76088e-08 9.64261)
(1.68923e-08 -6.41993e-08 9.14996)
(6.31379e-09 -2.67365e-08 8.58799)
(-2.75842e-08 -3.71678e-09 9.15096)
(2.02463e-08 -6.58157e-08 8.59562)
(5.1396e-09 -2.84545e-08 7.9673)
(-2.57718e-08 1.13221e-08 8.61596)
(2.28752e-08 -6.42484e-08 8.0265)
(4.68895e-09 -2.84227e-08 7.36522)
(-2.66406e-08 2.65719e-08 7.71382)
(2.2183e-08 -5.69894e-08 7.14922)
(3.23779e-09 -2.51071e-08 6.50937)
(-1.26419e-08 -3.83515e-08 11.7287)
(6.31385e-09 -2.8036e-08 11.6418)
(1.30495e-08 -8.9357e-09 11.5805)
(-2.14436e-08 -4.48599e-08 11.629)
(3.87446e-09 -3.6678e-08 11.5223)
(1.23232e-08 -1.2117e-08 11.4397)
(-2.79704e-08 -4.77554e-08 11.3945)
(2.9505e-09 -4.47215e-08 11.2361)
(1.07427e-08 -1.54395e-08 11.0933)
(-3.33972e-08 -4.66775e-08 11.0441)
(3.30702e-09 -5.22639e-08 10.8128)
(7.87566e-09 -1.91176e-08 10.5725)
(-3.5867e-08 -4.13353e-08 10.6107)
(5.46355e-09 -5.90797e-08 10.2933)
(4.91269e-09 -2.28027e-08 9.93679)
(-3.55413e-08 -3.21514e-08 10.1335)
(9.01408e-09 -6.49694e-08 9.72371)
(2.88297e-09 -2.64079e-08 9.25536)
(-3.30802e-08 -2.02079e-08 9.64261)
(1.38626e-08 -6.92684e-08 9.14996)
(2.12286e-09 -2.94464e-08 8.58799)
(-2.93999e-08 -6.52653e-09 9.15096)
(1.89472e-08 -7.11364e-08 8.59562)
(2.36137e-09 -3.12457e-08 7.9673)
(-2.55549e-08 8.33395e-09 8.61596)
(2.31638e-08 -6.93819e-08 8.0265)
(3.35129e-09 -3.09714e-08 7.36522)
(-2.45817e-08 2.31455e-08 7.71382)
(2.36037e-08 -6.15192e-08 7.14922)
(3.02388e-09 -2.70609e-08 6.50937)
(-1.69533e-08 -4.4097e-08 11.7287)
(2.95159e-09 -3.16626e-08 11.6418)
(1.08708e-08 -1.03671e-08 11.5805)
(-2.65321e-08 -5.19998e-08 11.629)
(-4.17153e-11 -4.14078e-08 11.5223)
(9.69692e-09 -1.40221e-08 11.4397)
(-3.32173e-08 -5.61802e-08 11.3945)
(-1.09026e-09 -5.06493e-08 11.2361)
(7.837e-09 -1.78895e-08 11.0933)
(-3.82058e-08 -5.62707e-08 11.0441)
(-4.48574e-10 -5.9484e-08 10.8128)
(4.75e-09 -2.21964e-08 10.5725)
(-3.95042e-08 -5.17806e-08 10.6107)
(2.45033e-09 -6.75147e-08 10.2933)
(1.73287e-09 -2.64904e-08 9.93679)
(-3.75061e-08 -4.29025e-08 10.1335)
(7.12681e-09 -7.43119e-08 9.72371)
(-1.07032e-10 -3.05965e-08 9.25536)
(-3.31655e-08 -3.05609e-08 9.6426)
(1.32493e-08 -7.90112e-08 9.14996)
(-3.96157e-10 -3.39043e-08 8.58799)
(-2.78176e-08 -1.57351e-08 9.15096)
(1.95168e-08 -8.06125e-08 8.59562)
(5.5304e-10 -3.56898e-08 7.9673)
(-2.28803e-08 7.86961e-10 8.61596)
(2.46532e-08 -7.78508e-08 8.0265)
(2.35169e-09 -3.50269e-08 7.36522)
(-2.14656e-08 1.75796e-08 7.71382)
(2.54886e-08 -6.81205e-08 7.14922)
(2.80279e-09 -3.02126e-08 6.50937)
(-1.71781e-08 -4.78001e-08 11.7287)
(3.39734e-09 -3.39463e-08 11.6418)
(1.26155e-08 -1.11936e-08 11.5805)
(-2.7157e-08 -5.67988e-08 11.629)
(1.95837e-10 -4.46156e-08 11.5223)
(1.14574e-08 -1.52196e-08 11.4397)
(-3.40352e-08 -6.20514e-08 11.3945)
(-9.88221e-10 -5.47626e-08 11.2361)
(9.50369e-09 -1.94464e-08 11.0933)
(-3.90996e-08 -6.31018e-08 11.0441)
(-4.76831e-10 -6.442e-08 10.8128)
(6.10842e-09 -2.40702e-08 10.5725)
(-4.01965e-08 -5.93509e-08 10.6107)
(2.39819e-09 -7.31478e-08 10.2933)
(2.66426e-09 -2.86149e-08 9.93679)
(-3.7675e-08 -5.09276e-08 10.1335)
(7.14675e-09 -8.05532e-08 9.72371)
(3.93665e-10 -3.29381e-08 9.25536)
(-3.25378e-08 -3.87346e-08 9.6426)
(1.36137e-08 -8.5768e-08 9.14996)
(-2.32253e-10 -3.65091e-08 8.58799)
(-2.61323e-08 -2.3698e-08 9.15096)
(2.05359e-08 -8.77758e-08 8.59562)
(5.50455e-10 -3.86009e-08 7.9673)
(-2.00061e-08 -6.39835e-09 8.61595)
(2.6478e-08 -8.51546e-08 8.0265)
(2.40358e-09 -3.82471e-08 7.36522)
(-1.79213e-08 1.19321e-08 7.71382)
(2.78898e-08 -7.47639e-08 7.14922)
(3.02638e-09 -3.34481e-08 6.50937)
(-1.76917e-08 -4.58668e-08 11.7287)
(4.43759e-09 -3.28774e-08 11.6418)
(1.4629e-08 -1.06698e-08 11.5805)
(-2.86614e-08 -5.5181e-08 11.629)
(3.0243e-10 -4.38732e-08 11.5223)
(1.27829e-08 -1.48023e-08 11.4397)
(-3.64355e-08 -6.08087e-08 11.3945)
(-1.79328e-09 -5.42848e-08 11.2361)
(9.99329e-09 -1.90809e-08 11.0933)
(-4.23433e-08 -6.21873e-08 11.0441)
(-2.13321e-09 -6.40743e-08 10.8128)
(5.80172e-09 -2.36656e-08 10.5725)
(-4.39602e-08 -5.87409e-08 10.6107)
(1.42635e-10 -7.28496e-08 10.2933)
(1.76019e-09 -2.81135e-08 9.93679)
(-4.14826e-08 -5.07327e-08 10.1335)
(4.7178e-09 -8.03516e-08 9.72371)
(-8.5515e-10 -3.23562e-08 9.25536)
(-3.5729e-08 -3.92006e-08 9.6426)
(1.14179e-08 -8.59384e-08 9.14996)
(-1.52895e-09 -3.59493e-08 8.58799)
(-2.80463e-08 -2.51342e-08 9.15096)
(1.89783e-08 -8.87375e-08 8.59562)
(-5.35152e-10 -3.8302e-08 7.9673)
(-2.0173e-08 -9.11231e-09 8.61595)
(2.59523e-08 -8.73303e-08 8.0265)
(1.69864e-09 -3.84858e-08 7.36522)
(-1.61398e-08 8.11666e-09 7.71382)
(2.85818e-08 -7.82879e-08 7.14922)
(2.77104e-09 -3.44738e-08 6.50937)
(-2.19654e-08 -4.48631e-08 11.7287)
(2.26029e-09 -3.26673e-08 11.6418)
(1.33878e-08 -1.05927e-08 11.5805)
(-3.40114e-08 -5.44784e-08 11.629)
(-2.63843e-09 -4.39185e-08 11.5223)
(1.12392e-08 -1.48407e-08 11.4397)
(-4.24681e-08 -6.03879e-08 11.3945)
(-5.20773e-09 -5.45982e-08 11.2361)
(8.23991e-09 -1.924e-08 11.0933)
(-4.87195e-08 -6.20841e-08 11.0441)
(-5.77602e-09 -6.46787e-08 10.8128)
(3.94255e-09 -2.39626e-08 10.5725)
(-5.01545e-08 -5.89422e-08 10.6107)
(-3.4035e-09 -7.37345e-08 10.2933)
(-6.37981e-11 -2.85445e-08 9.93679)
(-4.69689e-08 -5.11963e-08 10.1335)
(1.51625e-09 -8.14908e-08 9.72371)
(-2.49875e-09 -3.28961e-08 9.25536)
(-4.01055e-08 -3.98953e-08 9.6426)
(8.86684e-09 -8.72484e-08 9.14995)
(-2.86627e-09 -3.65608e-08 8.58799)
(-3.09601e-08 -2.60918e-08 9.15096)
(1.73272e-08 -9.01764e-08 8.59562)
(-1.48727e-09 -3.89138e-08 7.9673)
(-2.12409e-08 -1.04601e-08 8.61595)
(2.53627e-08 -8.90151e-08 8.0265)
(1.19709e-09 -3.91072e-08 7.36522)
(-1.51144e-08 5.83597e-09 7.71382)
(2.91402e-08 -8.06302e-08 7.14922)
(2.66135e-09 -3.5263e-08 6.50937)
(-2.55679e-08 -4.88417e-08 11.7287)
(-2.15185e-10 -3.51805e-08 11.6418)
(1.19083e-08 -1.16061e-08 11.5805)
(-3.81982e-08 -5.93982e-08 11.629)
(-5.29834e-09 -4.70158e-08 11.5223)
(9.90042e-09 -1.60824e-08 11.4397)
(-4.67412e-08 -6.62003e-08 11.3945)
(-7.75369e-09 -5.82889e-08 11.2361)
(7.1599e-09 -2.07201e-08 11.0933)
(-5.26535e-08 -6.87648e-08 11.0441)
(-8.00267e-09 -6.90042e-08 10.8128)
(3.09396e-09 -2.57117e-08 10.5725)
(-5.32197e-08 -6.63007e-08 10.6107)
(-5.0991e-09 -7.86227e-08 10.2933)
(-6.93332e-10 -3.05391e-08 9.93679)
(-4.88232e-08 -5.88284e-08 10.1335)
(5.1728e-10 -8.66991e-08 9.72371)
(-2.92462e-09 -3.50542e-08 9.25536)
(-4.06226e-08 -4.72228e-08 9.6426)
(8.53501e-09 -9.24062e-08 9.14995)
(-3.10418e-09 -3.87125e-08 8.58799)
(-3.03315e-08 -3.24821e-08 9.15096)
(1.7492e-08 -9.48384e-08 8.59562)
(-1.57624e-09 -4.08775e-08 7.9673)
(-1.98799e-08 -1.55108e-08 8.61595)
(2.58469e-08 -9.28027e-08 8.0265)
(1.18588e-09 -4.06868e-08 7.36522)
(-1.33388e-08 2.16923e-09 7.71382)
(2.9749e-08 -8.34254e-08 7.14922)
(2.66988e-09 -3.63338e-08 6.50937)
(-2.62156e-08 -5.22738e-08 11.7287)
(-6.99239e-10 -3.69342e-08 11.6418)
(1.20945e-08 -1.22141e-08 11.5805)
(-3.93782e-08 -6.38024e-08 11.629)
(-6.39781e-09 -4.93595e-08 11.5223)
(9.42525e-09 -1.68757e-08 11.4397)
(-4.82756e-08 -7.16453e-08 11.3945)
(-9.38689e-09 -6.12448e-08 11.2361)
(6.01036e-09 -2.16868e-08 11.0933)
(-5.43381e-08 -7.52296e-08 11.0441)
(-1.00223e-08 -7.25556e-08 10.8128)
(1.37915e-09 -2.68265e-08 10.5725)
(-5.47369e-08 -7.36208e-08 10.6107)
(-7.23548e-09 -8.27052e-08 10.2933)
(-2.7194e-09 -3.17716e-08 9.93679)
(-4.98284e-08 -6.6688e-08 10.1335)
(-1.48382e-09 -9.11979e-08 9.72371)
(-4.96058e-09 -3.63718e-08 9.25536)
(-4.08666e-08 -5.51733e-08 9.6426)
(7.00267e-09 -9.70869e-08 9.14995)
(-4.86748e-09 -4.01028e-08 8.58799)
(-2.96322e-08 -3.99487e-08 9.15096)
(1.67045e-08 -9.93657e-08 8.59562)
(-2.85421e-09 -4.22791e-08 7.9673)
(-1.81855e-08 -2.17216e-08 8.61595)
(2.58845e-08 -9.67197e-08 8.0265)
(5.32012e-10 -4.20015e-08 7.36522)
(-1.11642e-08 -2.02051e-09 7.71382)
(3.03535e-08 -8.6093e-08 7.14922)
(2.52019e-09 -3.73249e-08 6.50937)
(-2.67034e-08 -5.17574e-08 11.7287)
(-1.18834e-09 -3.66365e-08 11.6418)
(1.14595e-08 -1.20193e-08 11.5805)
(-3.99956e-08 -6.32035e-08 11.629)
(-7.24873e-09 -4.90312e-08 11.5223)
(8.23329e-09 -1.66438e-08 11.4397)
(-4.90135e-08 -7.11806e-08 11.3945)
(-1.04576e-08 -6.10461e-08 11.2361)
(4.38205e-09 -2.14495e-08 11.0933)
(-5.5117e-08 -7.50548e-08 11.0441)
(-1.1146e-08 -7.26491e-08 10.8128)
(-5.05669e-10 -2.66335e-08 10.5725)
(-5.54103e-08 -7.39265e-08 10.6107)
(-8.23308e-09 -8.3267e-08 10.2933)
(-4.6561e-09 -3.16793e-08 9.93679)
(-5.02057e-08 -6.76991e-08 10.1335)
(-2.1341e-09 -9.2392e-08 9.72371)
(-6.72435e-09 -3.64481e-08 9.25536)
(-4.06831e-08 -5.71036e-08 9.6426)
(6.78805e-09 -9.90434e-08 9.14995)
(-6.27683e-09 -4.03874e-08 8.58799)
(-2.86763e-08 -4.28975e-08 9.15096)
(1.69258e-08 -1.02078e-07 8.59562)
(-3.81117e-09 -4.28119e-08 7.9673)
(-1.64205e-08 -2.56113e-08 8.61595)
(2.65083e-08 -9.99658e-08 8.0265)
(2.41276e-11 -4.27543e-08 7.36522)
(-8.80065e-09 -6.20031e-09 7.71382)
(3.11812e-08 -8.93052e-08 7.14922)
(2.36646e-09 -3.81952e-08 6.50937)
(-3.07396e-08 -5.25664e-08 11.7287)
(-4.7082e-09 -3.75721e-08 11.6418)
(7.76174e-09 -1.23869e-08 11.5805)
(-4.4309e-08 -6.39554e-08 11.629)
(-1.11142e-08 -5.00947e-08 11.5223)
(4.06418e-09 -1.71067e-08 11.4397)
(-5.32432e-08 -7.19919e-08 11.3945)
(-1.41716e-08 -6.25303e-08 11.2361)
(1.29267e-10 -2.21421e-08 11.0933)
(-5.88353e-08 -7.61194e-08 11.0441)
(-1.42328e-08 -7.49021e-08 10.8128)
(-4.53286e-09 -2.77381e-08 10.5725)
(-5.81847e-08 -7.54469e-08 10.6107)
(-1.03148e-08 -8.65816e-08 10.2933)
(-8.18895e-09 -3.33204e-08 9.93679)
(-5.17233e-08 -6.98104e-08 10.1335)
(-3.06227e-09 -9.69172e-08 9.72371)
(-9.52876e-09 -3.86726e-08 9.25536)
(-4.08657e-08 -5.98779e-08 9.6426)
(7.06502e-09 -1.04629e-07 9.14995)
(-8.2377e-09 -4.31127e-08 8.58799)
(-2.75816e-08 -4.63161e-08 9.15096)
(1.82564e-08 -1.08303e-07 8.59562)
(-4.92947e-09 -4.57807e-08 7.9673)
(-1.41552e-08 -2.9517e-08 8.61595)
(2.85527e-08 -1.06211e-07 8.0265)
(-3.2776e-10 -4.56319e-08 7.36522)
(-5.7643e-09 -1.04512e-08 7.71382)
(3.33573e-08 -9.47778e-08 7.14922)
(2.49677e-09 -4.05929e-08 6.50937)
(-3.51216e-08 -5.86705e-08 11.7287)
(-8.59924e-09 -4.14136e-08 11.6418)
(4.31403e-09 -1.38667e-08 11.5805)
(-4.94559e-08 -7.11791e-08 11.629)
(-1.58158e-08 -5.48779e-08 11.5223)
(-4.41391e-10 -1.89963e-08 11.4397)
(-5.85345e-08 -8.02603e-08 11.3945)
(-1.91292e-08 -6.84554e-08 11.2361)
(-5.12121e-09 -2.45634e-08 11.0933)
(-6.35819e-08 -8.53603e-08 11.0441)
(-1.88148e-08 -8.21806e-08 10.8128)
(-1.01684e-08 -3.08306e-08 10.5725)
(-6.16107e-08 -8.54558e-08 10.6107)
(-1.38881e-08 -9.52826e-08 10.2933)
(-1.3711e-08 -3.71275e-08 9.93679)
(-5.33029e-08 -8.01777e-08 10.1335)
(-5.14235e-09 -1.06851e-07 9.72371)
(-1.44352e-08 -4.31312e-08 9.25536)
(-4.04017e-08 -7.00535e-08 9.6426)
(6.65459e-09 -1.15328e-07 9.14995)
(-1.2115e-08 -4.79925e-08 8.58799)
(-2.53112e-08 -5.56773e-08 9.15096)
(1.93508e-08 -1.19035e-07 8.59561)
(-7.5327e-09 -5.07391e-08 7.9673)
(-1.06838e-08 -3.75504e-08 8.61595)
(3.07461e-08 -1.16038e-07 8.0265)
(-1.62277e-09 -5.01936e-08 7.36522)
(-1.95356e-09 -1.66861e-08 7.71382)
(3.58054e-08 -1.02476e-07 7.14922)
(2.24197e-09 -4.41259e-08 6.50937)
(-3.69344e-08 -6.48978e-08 11.7287)
(-1.03417e-08 -4.53414e-08 11.6418)
(3.19395e-09 -1.53321e-08 11.5805)
(-5.16105e-08 -7.85027e-08 11.629)
(-1.79377e-08 -5.98099e-08 11.5223)
(-2.06831e-09 -2.08961e-08 11.4397)
(-6.07127e-08 -8.85946e-08 11.3945)
(-2.13278e-08 -7.44725e-08 11.2361)
(-7.12583e-09 -2.69507e-08 11.0933)
(-6.54386e-08 -9.45643e-08 11.0441)
(-2.07753e-08 -8.932e-08 10.8128)
(-1.24636e-08 -3.3747e-08 10.5725)
(-6.2725e-08 -9.53015e-08 10.6107)
(-1.52732e-08 -1.03519e-07 10.2933)
(-1.61154e-08 -4.05609e-08 9.93679)
(-5.33099e-08 -9.03556e-08 10.1335)
(-5.73458e-09 -1.16113e-07 9.72371)
(-1.67145e-08 -4.70575e-08 9.25536)
(-3.9094e-08 -8.02197e-08 9.6426)
(7.1207e-09 -1.25418e-07 9.14995)
(-1.40359e-08 -5.23828e-08 8.58799)
(-2.25995e-08 -6.54303e-08 9.15096)
(2.10358e-08 -1.29624e-07 8.59561)
(-8.88431e-09 -5.5487e-08 7.9673)
(-6.6664e-09 -4.62994e-08 8.61595)
(3.35677e-08 -1.26541e-07 8.0265)
(-2.22584e-09 -5.50882e-08 7.36522)
(2.57539e-09 -2.36304e-08 7.71382)
(3.91435e-08 -1.11654e-07 7.14922)
(2.31083e-09 -4.86135e-08 6.50937)
(-3.81031e-08 -6.60406e-08 11.7287)
(-1.10672e-08 -4.64612e-08 11.6418)
(2.85019e-09 -1.56973e-08 11.5805)
(-5.2946e-08 -7.9877e-08 11.629)
(-1.88376e-08 -6.1389e-08 11.5223)
(-2.53169e-09 -2.14881e-08 11.4397)
(-6.21126e-08 -9.02433e-08 11.3945)
(-2.22122e-08 -7.65689e-08 11.2361)
(-7.63273e-09 -2.77911e-08 11.0933)
(-6.67961e-08 -9.64559e-08 11.0441)
(-2.15033e-08 -9.19364e-08 10.8128)
(-1.3011e-08 -3.4838e-08 10.5725)
(-6.38291e-08 -9.74651e-08 10.6107)
(-1.56923e-08 -1.0669e-07 10.2933)
(-1.66837e-08 -4.19004e-08 9.93679)
(-5.3908e-08 -9.29332e-08 10.1335)
(-5.65512e-09 -1.19963e-07 9.72371)
(-1.72572e-08 -4.86926e-08 9.25536)
(-3.88439e-08 -8.34652e-08 9.6426)
(7.83575e-09 -1.30199e-07 9.14995)
(-1.44809e-08 -5.43989e-08 8.58799)
(-2.11835e-08 -6.96103e-08 9.15096)
(2.24982e-08 -1.35614e-07 8.59561)
(-9.15642e-09 -5.80308e-08 7.9673)
(-3.92732e-09 -5.15867e-08 8.61595)
(3.58768e-08 -1.33864e-07 8.0265)
(-2.25915e-09 -5.82582e-08 7.36522)
(6.45548e-09 -2.96237e-08 7.71382)
(4.20987e-08 -1.19867e-07 7.14922)
(2.50739e-09 -5.23153e-08 6.50937)
(-4.17351e-08 -6.52651e-08 11.7287)
(-1.33315e-08 -4.64042e-08 11.6418)
(1.24969e-09 -1.56547e-08 11.5805)
(-5.74977e-08 -7.95354e-08 11.629)
(-2.2011e-08 -6.18847e-08 11.5223)
(-4.86874e-09 -2.17128e-08 11.4397)
(-6.72686e-08 -9.03795e-08 11.3945)
(-2.59983e-08 -7.77165e-08 11.2361)
(-1.05913e-08 -2.83352e-08 11.0933)
(-7.22148e-08 -9.70937e-08 11.0441)
(-2.55624e-08 -9.37821e-08 10.8128)
(-1.63974e-08 -3.57399e-08 10.5725)
(-6.89962e-08 -9.85913e-08 10.6107)
(-1.95826e-08 -1.09242e-07 10.2933)
(-2.01922e-08 -4.31629e-08 9.93679)
(-5.82838e-08 -9.45352e-08 10.1335)
(-8.97635e-09 -1.23235e-07 9.72371)
(-2.05312e-08 -5.03076e-08 9.25536)
(-4.19755e-08 -8.55665e-08 9.6426)
(5.52278e-09 -1.34172e-07 9.14995)
(-1.71973e-08 -5.63561e-08 8.58799)
(-2.26669e-08 -7.22883e-08 9.15096)
(2.15438e-08 -1.40301e-07 8.59561)
(-1.1075e-08 -6.02948e-08 7.9673)
(-3.3887e-09 -5.49487e-08 8.61595)
(3.649e-08 -1.39341e-07 8.0265)
(-3.21471e-09 -6.08319e-08 7.36522)
(9.07778e-09 -3.39549e-08 7.71382)
(4.41799e-08 -1.26211e-07 7.14922)
(2.38391e-09 -5.52152e-08 6.50937)
(-4.46403e-08 -6.73007e-08 11.7287)
(-1.53047e-08 -4.7875e-08 11.6418)
(1.3727e-10 -1.62743e-08 11.5805)
(-6.0908e-08 -8.24318e-08 11.629)
(-2.42311e-08 -6.41079e-08 11.5223)
(-6.01031e-09 -2.26619e-08 11.4397)
(-7.08074e-08 -9.41386e-08 11.3945)
(-2.82285e-08 -8.07758e-08 11.2361)
(-1.17057e-08 -2.96618e-08 11.0933)
(-7.55409e-08 -1.01721e-07 11.0441)
(-2.76037e-08 -9.77447e-08 10.8128)
(-1.75221e-08 -3.74912e-08 10.5725)
(-7.16484e-08 -1.0396e-07 10.6107)
(-2.12074e-08 -1.14068e-07 10.2933)
(-2.13184e-08 -4.53227e-08 9.93679)
(-5.99148e-08 -1.00374e-07 10.1335)
(-9.97346e-09 -1.28761e-07 9.72371)
(-2.16045e-08 -5.28157e-08 9.25536)
(-4.23776e-08 -9.15052e-08 9.6426)
(5.2492e-09 -1.40152e-07 9.14995)
(-1.81305e-08 -5.90919e-08 8.58799)
(-2.18525e-08 -7.79475e-08 9.15096)
(2.19993e-08 -1.4646e-07 8.59561)
(-1.17773e-08 -6.31427e-08 7.9673)
(-1.51166e-09 -6.01395e-08 8.61595)
(3.76889e-08 -1.45476e-07 8.0265)
(-3.60261e-09 -6.36789e-08 7.36522)
(1.18701e-08 -3.87629e-08 7.71382)
(4.60301e-08 -1.32275e-07 7.14922)
(2.33258e-09 -5.79883e-08 6.50937)
(-4.50517e-08 -7.00744e-08 11.7287)
(-1.5648e-08 -4.9634e-08 11.6418)
(3.53972e-10 -1.69747e-08 11.5805)
(-6.12578e-08 -8.58968e-08 11.629)
(-2.42965e-08 -6.64641e-08 11.5223)
(-5.37008e-09 -2.36039e-08 11.4397)
(-7.09656e-08 -9.82906e-08 11.3945)
(-2.79631e-08 -8.37565e-08 11.2362)
(-1.06546e-08 -3.08566e-08 11.0933)
(-7.54212e-08 -1.06544e-07 11.0441)
(-2.70295e-08 -1.01357e-07 10.8128)
(-1.62226e-08 -3.89383e-08 10.5725)
(-7.1135e-08 -1.09358e-07 10.6107)
(-2.03474e-08 -1.18285e-07 10.2933)
(-1.99537e-08 -4.70076e-08 9.93679)
(-5.89073e-08 -1.06176e-07 10.1335)
(-8.90312e-09 -1.33541e-07 9.72371)
(-2.03376e-08 -5.47252e-08 9.25536)
(-4.08337e-08 -9.74871e-08 9.6426)
(6.5544e-09 -1.45405e-07 9.14995)
(-1.70737e-08 -6.12409e-08 8.58799)
(-1.97267e-08 -8.38435e-08 9.15096)
(2.36052e-08 -1.52063e-07 8.59561)
(-1.0983e-08 -6.55254e-08 7.9673)
(1.24478e-09 -6.55795e-08 8.61595)
(3.96397e-08 -1.51257e-07 8.0265)
(-3.01945e-09 -6.62785e-08 7.36522)
(1.49817e-08 -4.34439e-08 7.71381)
(4.82172e-08 -1.37948e-07 7.14922)
(2.71015e-09 -6.06889e-08 6.50937)
(-4.575e-08 -7.06356e-08 11.7287)
(-1.61469e-08 -4.9961e-08 11.6418)
(-8.55764e-12 -1.70421e-08 11.5805)
(-6.23341e-08 -8.67417e-08 11.629)
(-2.52599e-08 -6.70444e-08 11.5223)
(-6.22131e-09 -2.37593e-08 11.4397)
(-7.23675e-08 -9.93795e-08 11.3945)
(-2.93351e-08 -8.45461e-08 11.2362)
(-1.19655e-08 -3.10733e-08 11.0933)
(-7.70578e-08 -1.07773e-07 11.0441)
(-2.86903e-08 -1.02272e-07 10.8128)
(-1.78742e-08 -3.91758e-08 10.5725)
(-7.28344e-08 -1.1067e-07 10.6107)
(-2.21018e-08 -1.19283e-07 10.2933)
(-2.17324e-08 -4.72418e-08 9.93679)
(-6.04332e-08 -1.07614e-07 10.1335)
(-1.04718e-08 -1.34668e-07 9.72371)
(-2.2008e-08 -5.49802e-08 9.25536)
(-4.18581e-08 -9.92056e-08 9.6426)
(5.40382e-09 -1.46832e-07 9.14995)
(-1.84268e-08 -6.15798e-08 8.58799)
(-1.99337e-08 -8.60462e-08 9.15096)
(2.30587e-08 -1.54038e-07 8.59561)
(-1.18901e-08 -6.60781e-08 7.9673)
(2.08593e-09 -6.84445e-08 8.61595)
(3.98701e-08 -1.53992e-07 8.0265)
(-3.43925e-09 -6.71721e-08 7.36522)
(1.68746e-08 -4.68832e-08 7.71381)
(4.91876e-08 -1.41497e-07 7.14922)
(2.64258e-09 -6.20247e-08 6.50937)
(-4.93343e-08 -7.15963e-08 11.7287)
(-1.89797e-08 -5.08236e-08 11.6418)
(-2.61293e-09 -1.73564e-08 11.5805)
(-6.64987e-08 -8.78368e-08 11.629)
(-2.86491e-08 -6.8055e-08 11.5223)
(-9.22041e-09 -2.41665e-08 11.4397)
(-7.68867e-08 -1.00408e-07 11.3945)
(-3.30212e-08 -8.56119e-08 11.2362)
(-1.51539e-08 -3.15512e-08 11.0933)
(-8.16819e-08 -1.08576e-07 11.0441)
(-3.24282e-08 -1.033e-07 10.8128)
(-2.1062e-08 -3.97123e-08 10.5725)
(-7.72564e-08 -1.11151e-07 10.6107)
(-2.56131e-08 -1.20209e-07 10.2933)
(-2.47136e-08 -4.78216e-08 9.93679)
(-6.434e-08 -1.07793e-07 10.1335)
(-1.35254e-08 -1.35506e-07 9.72371)
(-2.45767e-08 -5.56026e-08 9.25536)
(-4.49712e-08 -9.9239e-08 9.6426)
(3.07055e-09 -1.47675e-07 9.14995)
(-2.04191e-08 -6.22676e-08 8.58799)
(-2.19633e-08 -8.6228e-08 9.15096)
(2.16583e-08 -1.55074e-07 8.59561)
(-1.32165e-08 -6.68538e-08 7.9673)
(1.46996e-09 -6.91345e-08 8.61595)
(3.95488e-08 -1.55512e-07 8.0265)
(-4.0589e-09 -6.80999e-08 7.36522)
(1.78171e-08 -4.86557e-08 7.71381)
(4.98931e-08 -1.43929e-07 7.14922)
(2.56086e-09 -6.32271e-08 6.50937)
(-5.28554e-08 -7.56206e-08 11.7287)
(-2.17655e-08 -5.34542e-08 11.6418)
(-4.70315e-09 -1.83609e-08 11.5805)
(-7.05855e-08 -9.24334e-08 11.629)
(-3.17948e-08 -7.10934e-08 11.5223)
(-1.14126e-08 -2.53632e-08 11.4397)
(-8.12152e-08 -1.05243e-07 11.3945)
(-3.62641e-08 -8.88329e-08 11.2362)
(-1.72588e-08 -3.2869e-08 11.0933)
(-8.59621e-08 -1.13337e-07 11.0441)
(-3.55912e-08 -1.06484e-07 10.8128)
(-2.3009e-08 -4.10841e-08 10.5725)
(-8.11443e-08 -1.15522e-07 10.6107)
(-2.85025e-08 -1.23121e-07 10.2933)
(-2.64428e-08 -4.91633e-08 9.93679)
(-6.75741e-08 -1.11495e-07 10.1335)
(-1.59554e-08 -1.37941e-07 9.72371)
(-2.60477e-08 -5.68399e-08 9.25536)
(-4.73628e-08 -1.02084e-07 9.6426)
(1.2055e-09 -1.49542e-07 9.14995)
(-2.15797e-08 -6.33438e-08 8.58799)
(-2.34574e-08 -8.81937e-08 9.15096)
(2.04091e-08 -1.56445e-07 8.59561)
(-1.40261e-08 -6.7784e-08 7.9673)
(8.86822e-10 -7.04659e-08 8.61595)
(3.89981e-08 -1.56644e-07 8.0265)
(-4.49757e-09 -6.89479e-08 7.36522)
(1.82029e-08 -4.99868e-08 7.71381)
(5.00372e-08 -1.45365e-07 7.14922)
(2.44261e-09 -6.41319e-08 6.50937)
(-5.38144e-08 -7.95376e-08 11.7287)
(-2.22041e-08 -5.56131e-08 11.6418)
(-4.2254e-09 -1.90908e-08 11.5805)
(-7.24086e-08 -9.72418e-08 11.629)
(-3.3114e-08 -7.3815e-08 11.5223)
(-1.16523e-08 -2.62886e-08 11.4397)
(-8.37924e-08 -1.10633e-07 11.3945)
(-3.84474e-08 -9.1791e-08 11.2362)
(-1.82366e-08 -3.38489e-08 11.0933)
(-8.91827e-08 -1.18919e-07 11.0441)
(-3.85803e-08 -1.09276e-07 10.8128)
(-2.4642e-08 -4.19368e-08 10.5725)
(-8.47675e-08 -1.20849e-07 10.6107)
(-3.20747e-08 -1.25347e-07 10.2933)
(-2.85082e-08 -4.97156e-08 9.93679)
(-7.128e-08 -1.16149e-07 10.1335)
(-1.98238e-08 -1.39308e-07 9.72371)
(-2.82733e-08 -5.69794e-08 9.25536)
(-5.081e-08 -1.05727e-07 9.6426)
(-2.54476e-09 -1.49933e-07 9.14995)
(-2.36837e-08 -6.30865e-08 8.58799)
(-2.62777e-08 -9.06364e-08 9.15096)
(1.72355e-08 -1.55976e-07 8.59561)
(-1.57489e-08 -6.72537e-08 7.9673)
(-9.28281e-10 -7.16502e-08 8.61595)
(3.68125e-08 -1.55648e-07 8.0265)
(-5.60534e-09 -6.83739e-08 7.36522)
(1.75065e-08 -5.02704e-08 7.71381)
(4.90346e-08 -1.44443e-07 7.14922)
(1.97254e-09 -6.37995e-08 6.50937)
(-5.2845e-08 -7.97886e-08 11.7287)
(-2.09537e-08 -5.56516e-08 11.6418)
(-2.51703e-09 -1.90043e-08 11.5805)
(-7.17996e-08 -9.76161e-08 11.629)
(-3.22872e-08 -7.38628e-08 11.5223)
(-1.01623e-08 -2.61652e-08 11.4397)
(-8.37031e-08 -1.11028e-07 11.3945)
(-3.8197e-08 -9.15761e-08 11.2362)
(-1.70829e-08 -3.3538e-08 11.0933)
(-8.97786e-08 -1.19135e-07 11.0441)
(-3.90687e-08 -1.08446e-07 10.8128)
(-2.3871e-08 -4.12396e-08 10.5725)
(-8.61213e-08 -1.20722e-07 10.6107)
(-3.33587e-08 -1.23608e-07 10.2933)
(-2.81127e-08 -4.84774e-08 9.93679)
(-7.33247e-08 -1.15623e-07 10.1335)
(-2.18006e-08 -1.3653e-07 9.72371)
(-2.82398e-08 -5.51401e-08 9.25536)
(-5.32908e-08 -1.04847e-07 9.6426)
(-5.04396e-09 -1.46255e-07 9.14995)
(-2.39557e-08 -6.07225e-08 8.58799)
(-2.88354e-08 -8.9538e-08 9.15096)
(1.45033e-08 -1.51796e-07 8.59561)
(-1.62295e-08 -6.46215e-08 7.9673)
(-3.14863e-09 -7.05424e-08 8.61595)
(3.42824e-08 -1.51566e-07 8.0265)
(-6.15883e-09 -6.58581e-08 7.36522)
(1.60351e-08 -4.94256e-08 7.71381)
(4.71903e-08 -1.41329e-07 7.14922)
(1.50542e-09 -6.19477e-08 6.50937)
(-5.22824e-08 -7.80669e-08 11.7287)
(-2.01474e-08 -5.46523e-08 11.6418)
(-1.59486e-09 -1.85988e-08 11.5805)
(-7.12479e-08 -9.55508e-08 11.629)
(-3.14886e-08 -7.25196e-08 11.5223)
(-8.97516e-09 -2.56013e-08 11.4397)
(-8.33082e-08 -1.08646e-07 11.3945)
(-3.75313e-08 -8.97401e-08 11.2362)
(-1.56904e-08 -3.27191e-08 11.0933)
(-8.97045e-08 -1.16464e-07 11.0441)
(-3.87192e-08 -1.05934e-07 10.8128)
(-2.23472e-08 -4.00397e-08 10.5725)
(-8.65291e-08 -1.17823e-07 10.6107)
(-3.34987e-08 -1.20288e-07 10.2933)
(-2.65846e-08 -4.68075e-08 9.93679)
(-7.42908e-08 -1.12606e-07 10.1335)
(-2.25595e-08 -1.3237e-07 9.72371)
(-2.68811e-08 -5.29609e-08 9.25536)
(-5.48039e-08 -1.01836e-07 9.6426)
(-6.4268e-09 -1.4135e-07 9.14995)
(-2.2931e-08 -5.80805e-08 8.58799)
(-3.07423e-08 -8.66762e-08 9.15096)
(1.26197e-08 -1.46409e-07 8.59561)
(-1.56452e-08 -6.16478e-08 7.9673)
(-5.10584e-09 -6.79686e-08 8.61595)
(3.21775e-08 -1.46166e-07 8.0265)
(-5.99835e-09 -6.28202e-08 7.36522)
(1.44231e-08 -4.7562e-08 7.71381)
(4.52892e-08 -1.36843e-07 7.14922)
(1.31562e-09 -5.93614e-08 6.50937)
(-5.11838e-08 -7.73607e-08 11.7287)
(-1.92239e-08 -5.38993e-08 11.6418)
(-6.72123e-10 -1.83141e-08 11.5805)
(-7.02207e-08 -9.48228e-08 11.629)
(-3.07399e-08 -7.1518e-08 11.5223)
(-8.17468e-09 -2.51691e-08 11.4397)
(-8.24454e-08 -1.07945e-07 11.3945)
(-3.7135e-08 -8.8375e-08 11.2362)
(-1.51144e-08 -3.2059e-08 11.0933)
(-8.90798e-08 -1.15827e-07 11.0441)
(-3.8798e-08 -1.04075e-07 10.8128)
(-2.19813e-08 -3.90539e-08 10.5725)
(-8.62179e-08 -1.1725e-07 10.6107)
(-3.412e-08 -1.17793e-07 10.2933)
(-2.63889e-08 -4.54121e-08 9.93679)
(-7.43555e-08 -1.12035e-07 10.1335)
(-2.37093e-08 -1.29094e-07 9.72371)
(-2.6838e-08 -5.1079e-08 9.25536)
(-5.52705e-08 -1.01123e-07 9.6426)
(-8.11599e-09 -1.37209e-07 9.14995)
(-2.30319e-08 -5.56611e-08 8.58799)
(-3.16553e-08 -8.56556e-08 9.15096)
(1.04195e-08 -1.41423e-07 8.59561)
(-1.58932e-08 -5.87183e-08 7.9673)
(-6.44468e-09 -6.65535e-08 8.61595)
(2.96368e-08 -1.40528e-07 8.0265)
(-6.37501e-09 -5.94958e-08 7.36522)
(1.28214e-08 -4.59439e-08 7.71381)
(4.26966e-08 -1.3123e-07 7.14922)
(8.23664e-10 -5.59959e-08 6.50937)
(-4.84905e-08 -7.63872e-08 11.7287)
(-1.75858e-08 -5.29414e-08 11.6418)
(4.85691e-10 -1.79676e-08 11.5805)
(-6.68951e-08 -9.34369e-08 11.629)
(-2.86279e-08 -7.00182e-08 11.5223)
(-6.58578e-09 -2.45619e-08 11.4397)
(-7.87903e-08 -1.06255e-07 11.3945)
(-3.48297e-08 -8.62658e-08 11.2362)
(-1.32103e-08 -3.11305e-08 11.0933)
(-8.53824e-08 -1.1395e-07 11.0441)
(-3.65908e-08 -1.01288e-07 10.8128)
(-1.98664e-08 -3.77248e-08 10.5725)
(-8.28827e-08 -1.1532e-07 10.6107)
(-3.23367e-08 -1.14306e-07 10.2933)
(-2.42355e-08 -4.36501e-08 9.93679)
(-7.17185e-08 -1.10176e-07 10.1335)
(-2.26367e-08 -1.2493e-07 9.72371)
(-2.48753e-08 -4.88742e-08 9.25536)
(-5.357e-08 -9.94009e-08 9.6426)
(-7.92366e-09 -1.32433e-07 9.14995)
(-2.14787e-08 -5.30568e-08 8.58799)
(-3.09695e-08 -8.40754e-08 9.15096)
(9.70106e-09 -1.3615e-07 8.59561)
(-1.4907e-08 -5.57815e-08 7.9673)
(-6.65817e-09 -6.49856e-08 8.61595)
(2.81202e-08 -1.34924e-07 8.0265)
(-5.98314e-09 -5.63373e-08 7.36522)
(1.18037e-08 -4.43497e-08 7.71381)
(4.06197e-08 -1.25696e-07 7.14922)
(6.64762e-10 -5.28267e-08 6.50937)
(-4.59297e-08 -7.31974e-08 11.7287)
(-1.63671e-08 -5.08149e-08 11.6418)
(6.60353e-10 -1.71743e-08 11.5805)
(-6.33445e-08 -8.90882e-08 11.629)
(-2.66799e-08 -6.68605e-08 11.5223)
(-5.81831e-09 -2.33396e-08 11.4397)
(-7.4644e-08 -1.00921e-07 11.3945)
(-3.2382e-08 -8.20682e-08 11.2362)
(-1.18398e-08 -2.94452e-08 11.0933)
(-8.09964e-08 -1.07834e-07 11.0441)
(-3.39141e-08 -9.60757e-08 10.8128)
(-1.79234e-08 -3.55458e-08 10.5725)
(-7.88007e-08 -1.08778e-07 10.6107)
(-2.98152e-08 -1.08212e-07 10.2933)
(-2.19158e-08 -4.10128e-08 9.93679)
(-6.84195e-08 -1.03677e-07 10.1335)
(-2.06084e-08 -1.18184e-07 9.72371)
(-2.24838e-08 -4.58508e-08 9.25536)
(-5.13511e-08 -9.3446e-08 9.6426)
(-6.73149e-09 -1.25376e-07 9.14995)
(-1.93394e-08 -4.97532e-08 8.58799)
(-2.99558e-08 -7.91284e-08 9.15096)
(9.82819e-09 -1.29173e-07 8.59561)
(-1.33136e-08 -5.23465e-08 7.9673)
(-6.77356e-09 -6.13764e-08 8.61595)
(2.71672e-08 -1.28395e-07 8.0265)
(-5.12847e-09 -5.29232e-08 7.36522)
(1.0819e-08 -4.22039e-08 7.71381)
(3.87797e-08 -1.20082e-07 7.14922)
(7.32352e-10 -4.96641e-08 6.50937)
(-4.58226e-08 -7.01292e-08 11.7287)
(-1.71121e-08 -4.87379e-08 11.6418)
(-1.01684e-09 -1.64016e-08 11.5805)
(-6.2938e-08 -8.50617e-08 11.629)
(-2.75532e-08 -6.38861e-08 11.5223)
(-7.86266e-09 -2.22127e-08 11.4397)
(-7.4117e-08 -9.60172e-08 11.3945)
(-3.34285e-08 -7.82072e-08 11.2362)
(-1.41135e-08 -2.79597e-08 11.0933)
(-8.04222e-08 -1.02203e-07 11.0441)
(-3.50918e-08 -9.13855e-08 10.8128)
(-2.01576e-08 -3.37216e-08 10.5725)
(-7.83889e-08 -1.02684e-07 10.6107)
(-3.11143e-08 -1.02811e-07 10.2933)
(-2.38973e-08 -3.88976e-08 9.93679)
(-6.83558e-08 -9.74588e-08 10.1335)
(-2.20444e-08 -1.12231e-07 9.72371)
(-2.40666e-08 -4.34888e-08 9.25536)
(-5.17839e-08 -8.74621e-08 9.6426)
(-8.31826e-09 -1.19047e-07 9.14995)
(-2.04726e-08 -4.71844e-08 8.58799)
(-3.09357e-08 -7.3752e-08 9.15096)
(8.06698e-09 -1.22669e-07 8.59561)
(-1.40378e-08 -4.95864e-08 7.9673)
(-8.16518e-09 -5.69399e-08 8.61595)
(2.52405e-08 -1.21964e-07 8.0265)
(-5.52614e-09 -5.00051e-08 7.36522)
(9.26639e-09 -3.92244e-08 7.71381)
(3.67189e-08 -1.14249e-07 7.14922)
(4.50948e-10 -4.67336e-08 6.50937)
(-4.59736e-08 -6.98739e-08 11.7287)
(-1.8204e-08 -4.83983e-08 11.6418)
(-2.71927e-09 -1.63358e-08 11.5805)
(-6.2645e-08 -8.42125e-08 11.629)
(-2.84687e-08 -6.29178e-08 11.5223)
(-9.56731e-09 -2.19163e-08 11.4397)
(-7.34497e-08 -9.45495e-08 11.3945)
(-3.41621e-08 -7.65771e-08 11.2362)
(-1.5696e-08 -2.74276e-08 11.0933)
(-7.93983e-08 -1.00169e-07 11.0441)
(-3.56386e-08 -8.91216e-08 10.8128)
(-2.14949e-08 -3.29687e-08 10.5725)
(-7.7177e-08 -1.00202e-07 10.6107)
(-3.15496e-08 -9.99651e-08 10.2933)
(-2.49418e-08 -3.79513e-08 9.93679)
(-6.7196e-08 -9.4652e-08 10.1335)
(-2.24564e-08 -1.08832e-07 9.72371)
(-2.48382e-08 -4.23556e-08 9.25536)
(-5.0935e-08 -8.44374e-08 9.6426)
(-8.87497e-09 -1.15128e-07 9.14995)
(-2.10221e-08 -4.58399e-08 8.58799)
(-3.06837e-08 -7.06354e-08 9.15096)
(7.18173e-09 -1.18279e-07 8.59561)
(-1.44327e-08 -4.80054e-08 7.9673)
(-8.70315e-09 -5.39444e-08 8.61595)
(2.3927e-08 -1.17215e-07 8.0265)
(-5.83582e-09 -4.81595e-08 7.36522)
(8.02661e-09 -3.67931e-08 7.71381)
(3.49844e-08 -1.09527e-07 7.14922)
(1.75853e-10 -4.46722e-08 6.50937)
(-4.44953e-08 -7.01424e-08 11.7287)
(-1.78319e-08 -4.83934e-08 11.6418)
(-2.75984e-09 -1.6376e-08 11.5805)
(-6.04957e-08 -8.39721e-08 11.629)
(-2.76206e-08 -6.24123e-08 11.5223)
(-9.23585e-09 -2.17768e-08 11.4397)
(-7.08263e-08 -9.37642e-08 11.3945)
(-3.29617e-08 -7.54802e-08 11.2362)
(-1.49863e-08 -2.70742e-08 11.0933)
(-7.64888e-08 -9.88479e-08 11.0441)
(-3.42553e-08 -8.73769e-08 10.8128)
(-2.04615e-08 -3.23684e-08 10.5725)
(-7.43223e-08 -9.84172e-08 10.6107)
(-3.02308e-08 -9.75696e-08 10.2933)
(-2.37355e-08 -3.71034e-08 9.93679)
(-6.47343e-08 -9.25165e-08 10.1335)
(-2.14606e-08 -1.05832e-07 9.72371)
(-2.36568e-08 -4.12751e-08 9.25536)
(-4.9166e-08 -8.20739e-08 9.6426)
(-8.37864e-09 -1.11617e-07 9.14995)
(-2.00473e-08 -4.45802e-08 8.58799)
(-2.97993e-08 -6.81783e-08 9.15096)
(7.0952e-09 -1.14402e-07 8.59561)
(-1.37805e-08 -4.6626e-08 7.9673)
(-8.74157e-09 -5.14771e-08 8.61595)
(2.3253e-08 -1.13143e-07 8.0265)
(-5.52547e-09 -4.67292e-08 7.36522)
(7.1048e-09 -3.45214e-08 7.71381)
(3.37954e-08 -1.05535e-07 7.14922)
(1.88666e-10 -4.32527e-08 6.50937)
(-4.218e-08 -6.79022e-08 11.7287)
(-1.61427e-08 -4.6774e-08 11.6418)
(-1.35543e-09 -1.5742e-08 11.5805)
(-5.79867e-08 -8.12406e-08 11.629)
(-2.60498e-08 -6.0324e-08 11.5223)
(-8.07855e-09 -2.09533e-08 11.4397)
(-6.83994e-08 -9.0572e-08 11.3945)
(-3.17607e-08 -7.28166e-08 11.2362)
(-1.42161e-08 -2.60051e-08 11.0933)
(-7.43858e-08 -9.5196e-08 11.0441)
(-3.35936e-08 -8.40187e-08 10.8128)
(-2.00751e-08 -3.09871e-08 10.5725)
(-7.28134e-08 -9.43815e-08 10.6107)
(-3.02147e-08 -9.3451e-08 10.2933)
(-2.36853e-08 -3.53758e-08 9.93679)
(-6.39963e-08 -8.82604e-08 10.1335)
(-2.20781e-08 -1.00983e-07 9.72371)
(-2.38685e-08 -3.92091e-08 9.25536)
(-4.92248e-08 -7.78202e-08 9.6426)
(-9.58621e-09 -1.06216e-07 9.14995)
(-2.04275e-08 -4.22412e-08 8.58799)
(-3.05835e-08 -6.41885e-08 9.15096)
(5.41301e-09 -1.0875e-07 8.59561)
(-1.42324e-08 -4.4158e-08 7.9673)
(-1.01091e-08 -4.80176e-08 8.61595)
(2.12944e-08 -1.07608e-07 8.0265)
(-5.96782e-09 -4.43147e-08 7.36522)
(5.42017e-09 -3.17895e-08 7.71381)
(3.1814e-08 -1.00599e-07 7.14922)
(-1.74522e-10 -4.11402e-08 6.50937)
(-4.00126e-08 -6.43218e-08 11.7287)
(-1.41954e-08 -4.45556e-08 11.6418)
(4.53678e-10 -1.4945e-08 11.5805)
(-5.54703e-08 -7.70532e-08 11.629)
(-2.38287e-08 -5.75981e-08 11.5223)
(-5.89611e-09 -1.99718e-08 11.4397)
(-6.57926e-08 -8.58654e-08 11.3945)
(-2.9547e-08 -6.95363e-08 11.2362)
(-1.1885e-08 -2.48148e-08 11.0933)
(-7.19759e-08 -9.00941e-08 11.0441)
(-3.16729e-08 -8.01418e-08 10.8128)
(-1.77834e-08 -2.9554e-08 10.5725)
(-7.09221e-08 -8.90482e-08 10.6107)
(-2.88559e-08 -8.89724e-08 10.2933)
(-2.16321e-08 -3.36932e-08 9.93679)
(-6.28665e-08 -8.29013e-08 10.1335)
(-2.14759e-08 -9.59539e-08 9.72371)
(-2.22239e-08 -3.72851e-08 9.25536)
(-4.89989e-08 -7.26477e-08 9.6426)
(-9.80394e-09 -1.00751e-07 9.14995)
(-1.93004e-08 -4.01194e-08 8.58799)
(-3.12554e-08 -5.94291e-08 9.15096)
(4.44261e-09 -1.03052e-07 8.59561)
(-1.36433e-08 -4.19056e-08 7.96731)
(-1.14949e-08 -4.38913e-08 8.61595)
(1.97557e-08 -1.01994e-07 8.0265)
(-5.83574e-09 -4.20623e-08 7.36522)
(3.69005e-09 -2.86609e-08 7.71381)
(3.00601e-08 -9.56573e-08 7.14922)
(-3.30531e-10 -3.9147e-08 6.50937)
(-3.66184e-08 -6.1458e-08 11.7287)
(-1.11837e-08 -4.2728e-08 11.6418)
(3.42668e-09 -1.43531e-08 11.5805)
(-5.13613e-08 -7.37126e-08 11.629)
(-1.99282e-08 -5.53295e-08 11.5223)
(-1.84573e-09 -1.92124e-08 11.4397)
(-6.12286e-08 -8.21648e-08 11.3945)
(-2.51393e-08 -6.67942e-08 11.2362)
(-7.0917e-09 -2.38728e-08 11.0933)
(-6.7313e-08 -8.62025e-08 11.0441)
(-2.72099e-08 -7.69228e-08 10.8128)
(-1.26604e-08 -2.8405e-08 10.5725)
(-6.65807e-08 -8.51289e-08 10.6107)
(-2.48214e-08 -8.52864e-08 10.2933)
(-1.66513e-08 -3.2339e-08 9.93679)
(-5.92547e-08 -7.90862e-08 10.1335)
(-1.82597e-08 -9.18062e-08 9.72371)
(-1.78483e-08 -3.57253e-08 9.25536)
(-4.64372e-08 -6.90065e-08 9.6426)
(-7.73696e-09 -9.61868e-08 9.14995)
(-1.58781e-08 -3.83584e-08 8.58799)
(-2.99862e-08 -5.60016e-08 9.15095)
(5.18235e-09 -9.81679e-08 8.59561)
(-1.13674e-08 -3.99846e-08 7.96731)
(-1.16177e-08 -4.0764e-08 8.61595)
(1.9212e-08 -9.69829e-08 8.0265)
(-4.72865e-09 -4.00586e-08 7.36522)
(2.43244e-09 -2.60274e-08 7.71381)
(2.85807e-08 -9.09807e-08 7.14922)
(-1.60726e-10 -3.72574e-08 6.50937)
(-3.18837e-08 -5.82413e-08 11.7287)
(-7.00969e-09 -4.03724e-08 11.6418)
(7.47173e-09 -1.35144e-08 11.5805)
(-4.61267e-08 -7.02152e-08 11.629)
(-1.52209e-08 -5.25924e-08 11.5223)
(2.78352e-09 -1.81857e-08 11.4397)
(-5.58494e-08 -7.85142e-08 11.3945)
(-2.04181e-08 -6.36338e-08 11.2362)
(-2.31507e-09 -2.26319e-08 11.0933)
(-6.21998e-08 -8.25352e-08 11.0441)
(-2.29354e-08 -7.32899e-08 10.8128)
(-8.08527e-09 -2.68995e-08 10.5725)
(-6.21725e-08 -8.15553e-08 10.6107)
(-2.13845e-08 -8.1158e-08 10.2933)
(-1.25571e-08 -3.05572e-08 9.93679)
(-5.5888e-08 -7.56905e-08 10.1335)
(-1.59343e-08 -8.71942e-08 9.72371)
(-1.44638e-08 -3.36734e-08 9.25536)
(-4.43259e-08 -6.58205e-08 9.6426)
(-6.6351e-09 -9.11438e-08 9.14995)
(-1.33495e-08 -3.60873e-08 8.58799)
(-2.91841e-08 -5.3024e-08 9.15095)
(5.10714e-09 -9.28006e-08 8.59561)
(-9.74674e-09 -3.75662e-08 7.96731)
(-1.202e-08 -3.79271e-08 8.61594)
(1.81214e-08 -9.14539e-08 8.0265)
(-3.95946e-09 -3.76003e-08 7.36522)
(1.0407e-09 -2.33163e-08 7.71381)
(2.68042e-08 -8.5616e-08 7.14922)
(-9.29029e-11 -3.49315e-08 6.50937)
(-2.73753e-08 -5.35676e-08 11.7287)
(-3.12514e-09 -3.72962e-08 11.6418)
(1.08646e-08 -1.24056e-08 11.5805)
(-4.08581e-08 -6.47774e-08 11.629)
(-1.05309e-08 -4.8792e-08 11.5223)
(7.042e-09 -1.67632e-08 11.4397)
(-5.02322e-08 -7.24712e-08 11.3945)
(-1.53995e-08 -5.90919e-08 11.2362)
(2.46623e-09 -2.08728e-08 11.0933)
(-5.67057e-08 -7.60754e-08 11.0441)
(-1.80745e-08 -6.80186e-08 10.8128)
(-3.14224e-09 -2.47829e-08 10.5725)
(-5.7345e-08 -7.49317e-08 10.6107)
(-1.71711e-08 -7.52281e-08 10.2933)
(-7.8383e-09 -2.81094e-08 9.93679)
(-5.21681e-08 -6.92216e-08 10.1335)
(-1.27179e-08 -8.07538e-08 9.72371)
(-1.03182e-08 -3.09533e-08 9.25536)
(-4.19618e-08 -5.9841e-08 9.6426)
(-4.68839e-09 -8.44395e-08 9.14995)
(-1.00557e-08 -3.31863e-08 8.58799)
(-2.82547e-08 -4.78493e-08 9.15095)
(5.66902e-09 -8.61374e-08 8.59561)
(-7.4832e-09 -3.46195e-08 7.96731)
(-1.24482e-08 -3.38096e-08 8.61594)
(1.73723e-08 -8.51554e-08 8.0265)
(-2.79255e-09 -3.47602e-08 7.36522)
(-4.00399e-10 -2.0328e-08 7.71381)
(2.50951e-08 -8.00997e-08 7.14922)
(1.22711e-10 -3.24299e-08 6.50937)
(-2.48117e-08 -4.9346e-08 11.7287)
(-8.63978e-10 -3.47023e-08 11.6418)
(1.26792e-08 -1.15109e-08 11.5805)
(-3.76336e-08 -5.97276e-08 11.629)
(-7.47968e-09 -4.54592e-08 11.5223)
(9.77679e-09 -1.55803e-08 11.4397)
(-4.65984e-08 -6.66826e-08 11.3945)
(-1.18509e-08 -5.5013e-08 11.2362)
(5.94895e-09 -1.93969e-08 11.0933)
(-5.29785e-08 -6.9735e-08 11.0441)
(-1.43774e-08 -6.3259e-08 10.8128)
(8.15916e-10 -2.3039e-08 10.5725)
(-5.39399e-08 -6.8292e-08 10.6107)
(-1.37339e-08 -6.98955e-08 10.2933)
(-3.78149e-09 -2.61499e-08 9.93679)
(-4.94625e-08 -6.25927e-08 10.1335)
(-9.91229e-09 -7.49987e-08 9.72371)
(-6.52823e-09 -2.8834e-08 9.25536)
(-4.02531e-08 -5.35459e-08 9.6426)
(-2.80206e-09 -7.8438e-08 9.14995)
(-6.86214e-09 -3.09656e-08 8.58799)
(-2.77016e-08 -4.22166e-08 9.15095)
(6.4578e-09 -8.00928e-08 8.59561)
(-5.13472e-09 -3.23409e-08 7.96731)
(-1.30214e-08 -2.91365e-08 8.61594)
(1.70142e-08 -7.93174e-08 8.0265)
(-1.42441e-09 -3.2488e-08 7.36522)
(-1.8086e-09 -1.69661e-08 7.71381)
(2.37873e-08 -7.49108e-08 7.14922)
(5.46873e-10 -3.03217e-08 6.50937)
(-2.28685e-08 -4.7488e-08 11.7287)
(1.0074e-09 -3.32858e-08 11.6418)
(1.45187e-08 -1.10312e-08 11.5805)
(-3.56559e-08 -5.77336e-08 11.629)
(-5.52753e-09 -4.37462e-08 11.5223)
(1.17255e-08 -1.49647e-08 11.4397)
(-4.46876e-08 -6.45287e-08 11.3945)
(-1.0066e-08 -5.29286e-08 11.2362)
(7.80982e-09 -1.86196e-08 11.0933)
(-5.12633e-08 -6.74398e-08 11.0441)
(-1.29418e-08 -6.07677e-08 10.8128)
(2.47161e-09 -2.20883e-08 10.5725)
(-5.25521e-08 -6.58553e-08 10.6107)
(-1.27739e-08 -6.69474e-08 10.2933)
(-2.40386e-09 -2.50179e-08 9.93679)
(-4.85287e-08 -5.99892e-08 10.1335)
(-9.47325e-09 -7.15224e-08 9.72371)
(-5.44819e-09 -2.74981e-08 9.25536)
(-3.98772e-08 -5.07295e-08 9.6426)
(-2.93625e-09 -7.43832e-08 9.14995)
(-6.06688e-09 -2.93938e-08 8.58799)
(-2.80055e-08 -3.91771e-08 9.15095)
(5.70832e-09 -7.54559e-08 8.59561)
(-4.61425e-09 -3.05209e-08 7.96731)
(-1.41026e-08 -2.59801e-08 8.61594)
(1.56469e-08 -7.41867e-08 8.0265)
(-1.19303e-09 -3.04281e-08 7.36522)
(-3.52569e-09 -1.39675e-08 7.71381)
(2.19226e-08 -6.96121e-08 7.14922)
(5.13009e-10 -2.81175e-08 6.50937)
(-1.99477e-08 -4.63249e-08 11.7287)
(3.59354e-09 -3.23222e-08 11.6418)
(1.71148e-08 -1.07073e-08 11.5805)
(-3.24357e-08 -5.64349e-08 11.629)
(-2.5671e-09 -4.25125e-08 11.5223)
(1.47826e-08 -1.45108e-08 11.4397)
(-4.13879e-08 -6.30747e-08 11.3945)
(-7.04672e-09 -5.13176e-08 11.2362)
(1.10778e-08 -1.79864e-08 11.0933)
(-4.81553e-08 -6.58306e-08 11.0441)
(-1.01839e-08 -5.86849e-08 10.8128)
(5.72282e-09 -2.12177e-08 10.5725)
(-4.99326e-08 -6.40773e-08 10.6107)
(-1.05688e-08 -6.43219e-08 10.2933)
(5.66918e-10 -2.38883e-08 9.93679)
(-4.66296e-08 -5.80295e-08 10.1335)
(-8.037e-09 -6.83035e-08 9.72371)
(-2.97466e-09 -2.60901e-08 9.25536)
(-3.88525e-08 -4.85682e-08 9.6426)
(-2.36157e-09 -7.05785e-08 9.14995)
(-4.20432e-09 -2.77375e-08 8.58799)
(-2.79036e-08 -3.68085e-08 9.15095)
(5.44094e-09 -7.11367e-08 8.59561)
(-3.41313e-09 -2.86739e-08 7.96731)
(-1.48826e-08 -2.33958e-08 8.61594)
(1.46112e-08 -6.94829e-08 8.0265)
(-6.28473e-10 -2.84793e-08 7.36522)
(-5.04315e-09 -1.12312e-08 7.71381)
(2.03323e-08 -6.47503e-08 7.14922)
(5.96971e-10 -2.61768e-08 6.50937)
(-1.69161e-08 -4.36084e-08 11.7287)
(6.25356e-09 -3.0557e-08 11.6418)
(1.95469e-08 -1.0064e-08 11.5805)
(-2.89023e-08 -5.3176e-08 11.629)
(6.46046e-10 -4.02155e-08 11.5223)
(1.78798e-08 -1.36377e-08 11.4397)
(-3.76449e-08 -5.93391e-08 11.3945)
(-3.59096e-09 -4.83984e-08 11.2362)
(1.46332e-08 -1.68265e-08 11.0933)
(-4.45439e-08 -6.16908e-08 11.0441)
(-6.83662e-09 -5.50628e-08 10.8128)
(9.52263e-09 -1.97043e-08 10.5725)
(-4.68466e-08 -5.96616e-08 10.6107)
(-7.69869e-09 -5.99819e-08 10.2933)
(4.31187e-09 -2.20097e-08 9.93679)
(-4.43861e-08 -5.353e-08 10.1335)
(-5.918e-09 -6.33075e-08 9.72371)
(3.83828e-10 -2.38699e-08 9.25536)
(-3.76183e-08 -4.42053e-08 9.6426)
(-1.20888e-09 -6.51116e-08 9.14995)
(-1.49383e-09 -2.52531e-08 8.58799)
(-2.7721e-08 -3.28035e-08 9.15095)
(5.54327e-09 -6.5475e-08 8.59561)
(-1.52549e-09 -2.60704e-08 7.96731)
(-1.57042e-08 -1.99498e-08 8.61594)
(1.37165e-08 -6.39481e-08 8.0265)
(3.50335e-10 -2.59389e-08 7.36522)
(-6.59422e-09 -8.39258e-09 7.71381)
(1.87373e-08 -5.97121e-08 7.14922)
(8.13207e-10 -2.39395e-08 6.50937)
(-1.54631e-08 -4.0409e-08 11.7287)
(7.68767e-09 -2.83822e-08 11.6418)
(2.07949e-08 -9.25134e-09 11.5805)
(-2.7516e-08 -4.96477e-08 11.629)
(1.89696e-09 -3.76126e-08 11.5223)
(1.89714e-08 -1.26274e-08 11.4397)
(-3.64837e-08 -5.55609e-08 11.3945)
(-2.73113e-09 -4.5322e-08 11.2362)
(1.54368e-08 -1.55837e-08 11.0933)
(-4.37461e-08 -5.77532e-08 11.0441)
(-6.49009e-09 -5.14606e-08 10.8128)
(1.0056e-08 -1.81871e-08 10.5725)
(-4.65482e-08 -5.56546e-08 10.6107)
(-7.92578e-09 -5.58176e-08 10.2933)
(4.65174e-09 -2.01958e-08 9.93679)
(-4.46559e-08 -4.95448e-08 10.1335)
(-6.72002e-09 -5.85805e-08 9.72371)
(5.87618e-10 -2.17557e-08 9.25536)
(-3.84742e-08 -4.03117e-08 9.6426)
(-2.53057e-09 -5.98543e-08 9.14995)
(-1.40082e-09 -2.28565e-08 8.58799)
(-2.91106e-08 -2.90692e-08 9.15095)
(3.80076e-09 -5.9785e-08 8.59561)
(-1.51969e-09 -2.34316e-08 7.96731)
(-1.751e-08 -1.64535e-08 8.61594)
(1.16631e-08 -5.80281e-08 8.0265)
(2.62952e-10 -2.31596e-08 7.36522)
(-8.56173e-09 -5.30436e-09 7.71381)
(1.66087e-08 -5.39915e-08 7.14922)
(6.46828e-10 -2.12495e-08 6.50937)
(-1.40596e-08 -3.85401e-08 11.7287)
(8.70384e-09 -2.7015e-08 11.6418)
(2.15831e-08 -8.78945e-09 11.5805)
(-2.58317e-08 -4.75209e-08 11.629)
(3.15806e-09 -3.58572e-08 11.5223)
(2.00193e-08 -1.19903e-08 11.4397)
(-3.46492e-08 -5.32872e-08 11.3945)
(-1.39206e-09 -4.31829e-08 11.2362)
(1.66504e-08 -1.47575e-08 11.0933)
(-4.18908e-08 -5.54646e-08 11.0441)
(-5.23814e-09 -4.89589e-08 10.8128)
(1.137e-08 -1.71579e-08 10.5725)
(-4.48508e-08 -5.34542e-08 10.6107)
(-6.93983e-09 -5.29616e-08 10.2933)
(5.96579e-09 -1.89622e-08 9.93679)
(-4.33009e-08 -4.74696e-08 10.1335)
(-6.13506e-09 -5.53351e-08 9.72371)
(1.75359e-09 -2.03035e-08 9.25536)
(-3.76278e-08 -3.83132e-08 9.6426)
(-2.50011e-09 -5.61608e-08 9.14995)
(-5.02206e-10 -2.11519e-08 8.58799)
(-2.89401e-08 -2.70449e-08 9.15095)
(3.16707e-09 -5.55902e-08 8.59561)
(-9.55202e-10 -2.14592e-08 7.96731)
(-1.81608e-08 -1.434e-08 8.61594)
(1.03299e-08 -5.33464e-08 8.0265)
(4.36763e-10 -2.09341e-08 7.36522)
(-9.92583e-09 -3.09189e-09 7.71381)
(1.47645e-08 -4.90549e-08 7.14922)
(5.31636e-10 -1.88959e-08 6.50937)
(-1.18241e-08 -3.67828e-08 11.7287)
(9.9878e-09 -2.57253e-08 11.6418)
(2.23632e-08 -8.35452e-09 11.5805)
(-2.28858e-08 -4.52968e-08 11.629)
(5.06137e-09 -3.40668e-08 11.5223)
(2.13419e-08 -1.13377e-08 11.4397)
(-3.12253e-08 -5.07698e-08 11.3945)
(9.4519e-10 -4.09423e-08 11.2362)
(1.84618e-08 -1.3885e-08 11.0933)
(-3.82141e-08 -5.28502e-08 11.0441)
(-2.68695e-09 -4.63422e-08 10.8128)
(1.35755e-08 -1.60657e-08 10.5725)
(-4.12704e-08 -5.09424e-08 10.6107)
(-4.47195e-09 -5.00606e-08 10.2933)
(8.36631e-09 -1.76766e-08 9.93679)
(-4.01507e-08 -4.52174e-08 10.1335)
(-4.05858e-09 -5.22291e-08 9.72371)
(4.08727e-09 -1.88505e-08 9.25536)
(-3.52039e-08 -3.63914e-08 9.6426)
(-1.07428e-09 -5.28867e-08 9.14995)
(1.49307e-09 -1.95658e-08 8.58799)
(-2.7445e-08 -2.54244e-08 9.15095)
(3.77166e-09 -5.2135e-08 8.59561)
(4.9193e-10 -1.97572e-08 7.96731)
(-1.77048e-08 -1.2871e-08 8.61594)
(1.00121e-08 -4.96606e-08 8.0265)
(1.2177e-09 -1.91333e-08 7.36522)
(-1.04968e-08 -1.52865e-09 7.71381)
(1.36311e-08 -4.51078e-08 7.14922)
(7.16952e-10 -1.70283e-08 6.50937)
(-1.02765e-08 -3.39137e-08 11.7287)
(1.06049e-08 -2.36612e-08 11.6418)
(2.22236e-08 -7.57863e-09 11.5805)
(-2.09905e-08 -4.18793e-08 11.629)
(5.65226e-09 -3.14342e-08 11.5223)
(2.08846e-08 -1.0308e-08 11.4397)
(-2.9191e-08 -4.70029e-08 11.3945)
(1.39084e-09 -3.78271e-08 11.2362)
(1.77046e-08 -1.26122e-08 11.0933)
(-3.61593e-08 -4.89265e-08 11.0441)
(-2.40332e-09 -4.28374e-08 10.8128)
(1.26853e-08 -1.45642e-08 10.5725)
(-3.94002e-08 -4.70989e-08 10.6107)
(-4.38097e-09 -4.62883e-08 10.2933)
(7.51153e-09 -1.59836e-08 9.93679)
(-3.86393e-08 -4.16909e-08 10.1335)
(-4.16447e-09 -4.83149e-08 9.72371)
(3.4091e-09 -1.70077e-08 9.25536)
(-3.41619e-08 -3.33762e-08 9.6426)
(-1.43388e-09 -4.89526e-08 9.14995)
(1.0309e-09 -1.76158e-08 8.58799)
(-2.69411e-08 -2.30332e-08 9.15095)
(3.09304e-09 -4.82485e-08 8.59561)
(2.03813e-10 -1.7739e-08 7.96731)
(-1.77993e-08 -1.11198e-08 8.61594)
(8.95462e-09 -4.58219e-08 8.0265)
(1.01476e-09 -1.70685e-08 7.36522)
(-1.11305e-08 -1.84599e-10 7.71381)
(1.22336e-08 -4.12673e-08 7.14922)
(5.41239e-10 -1.49639e-08 6.50937)
(-1.06989e-08 -3.172e-08 11.7287)
(9.38938e-09 -2.22552e-08 11.6418)
(2.02296e-08 -7.10155e-09 11.5805)
(-2.09748e-08 -3.90459e-08 11.629)
(4.57863e-09 -2.94454e-08 11.5223)
(1.88177e-08 -9.61458e-09 11.4397)
(-2.88065e-08 -4.36771e-08 11.3945)
(5.19892e-10 -3.53807e-08 11.2362)
(1.57254e-08 -1.17478e-08 11.0933)
(-3.5399e-08 -4.53144e-08 11.0441)
(-2.996e-09 -4.00996e-08 10.8128)
(1.09787e-08 -1.3597e-08 10.5725)
(-3.83913e-08 -4.34615e-08 10.6107)
(-4.70699e-09 -4.34454e-08 10.2933)
(6.18042e-09 -1.49907e-08 9.93679)
(-3.75469e-08 -3.82894e-08 10.1335)
(-4.30456e-09 -4.55245e-08 9.72371)
(2.47972e-09 -1.60419e-08 9.25536)
(-3.31846e-08 -3.04318e-08 9.6426)
(-1.50662e-09 -4.62956e-08 9.14995)
(4.53703e-10 -1.66888e-08 8.58799)
(-2.62531e-08 -2.07009e-08 9.15095)
(2.94331e-09 -4.57205e-08 8.59561)
(-1.07214e-10 -1.68021e-08 7.96731)
(-1.75261e-08 -9.46988e-09 8.61594)
(8.56039e-09 -4.33587e-08 8.0265)
(8.56133e-10 -1.60495e-08 7.36522)
(-1.12641e-08 8.07857e-10 7.71381)
(1.15298e-08 -3.87929e-08 7.14922)
(4.68882e-10 -1.38073e-08 6.50937)
(-1.17728e-08 -3.17392e-08 11.7287)
(7.52444e-09 -2.22597e-08 11.6418)
(1.78432e-08 -7.18298e-09 11.5805)
(-2.15355e-08 -3.86878e-08 11.629)
(3.07803e-09 -2.90942e-08 11.5223)
(1.66499e-08 -9.58853e-09 11.4397)
(-2.88114e-08 -4.29983e-08 11.3945)
(-4.78973e-10 -3.47568e-08 11.2362)
(1.39814e-08 -1.1657e-08 11.0933)
(-3.47654e-08 -4.44306e-08 11.0441)
(-3.4078e-09 -3.93373e-08 10.8128)
(9.7696e-09 -1.35085e-08 10.5725)
(-3.71821e-08 -4.25209e-08 10.6107)
(-4.57191e-09 -4.26753e-08 10.2933)
(5.49845e-09 -1.49655e-08 9.93679)
(-3.59335e-08 -3.74149e-08 10.1335)
(-3.74253e-09 -4.48209e-08 9.72371)
(2.22067e-09 -1.61097e-08 9.25536)
(-3.14139e-08 -2.97041e-08 9.6426)
(-7.42319e-10 -4.56633e-08 9.14995)
(4.70832e-10 -1.68222e-08 8.58799)
(-2.4636e-08 -2.01584e-08 9.15095)
(3.64398e-09 -4.50931e-08 8.59561)
(4.66808e-11 -1.69335e-08 7.96731)
(-1.63931e-08 -9.15559e-09 8.61594)
(8.93562e-09 -4.26196e-08 8.0265)
(9.9585e-10 -1.60702e-08 7.36522)
(-1.07588e-08 9.25677e-10 7.71381)
(1.14266e-08 -3.77875e-08 7.14922)
(5.54172e-10 -1.35827e-08 6.50937)
(-1.2398e-08 -3.2291e-08 11.7287)
(6.26023e-09 -2.23592e-08 11.6418)
(1.63428e-08 -7.22912e-09 11.5805)
(-2.21515e-08 -3.9298e-08 11.629)
(1.52542e-09 -2.91462e-08 11.5223)
(1.46413e-08 -9.62029e-09 11.4397)
(-2.94021e-08 -4.36736e-08 11.3945)
(-2.2502e-09 -3.47792e-08 11.2362)
(1.1594e-08 -1.16868e-08 11.0933)
(-3.52342e-08 -4.51649e-08 11.0441)
(-5.25179e-09 -3.93363e-08 10.8128)
(7.21013e-09 -1.35457e-08 10.5725)
(-3.74836e-08 -4.32978e-08 10.6107)
(-6.34073e-09 -4.26443e-08 10.2933)
(2.9992e-09 -1.50102e-08 9.93679)
(-3.60371e-08 -3.8195e-08 10.1335)
(-5.32216e-09 -4.47417e-08 9.72371)
(-8.69303e-12 -1.61572e-08 9.25536)
(-3.13312e-08 -3.04327e-08 9.6426)
(-2.02918e-09 -4.5493e-08 9.14995)
(-1.33615e-09 -1.68701e-08 8.58799)
(-2.43956e-08 -2.07749e-08 9.15095)
(2.71524e-09 -4.47767e-08 8.59561)
(-1.23284e-09 -1.69639e-08 7.96731)
(-1.60666e-08 -9.58081e-09 8.61594)
(8.32919e-09 -4.20835e-08 8.0265)
(2.65397e-10 -1.60533e-08 7.36522)
(-1.04671e-08 8.13491e-10 7.71381)
(1.10443e-08 -3.68749e-08 7.14922)
(3.24831e-10 -1.34275e-08 6.50937)
(-1.26289e-08 -3.15465e-08 11.7287)
(5.44081e-09 -2.18315e-08 11.6418)
(1.52181e-08 -7.03423e-09 11.5805)
(-2.21691e-08 -3.83407e-08 11.629)
(6.76087e-10 -2.84275e-08 11.5223)
(1.33488e-08 -9.36011e-09 11.4397)
(-2.92767e-08 -4.25806e-08 11.3945)
(-3.08496e-09 -3.3905e-08 11.2362)
(1.02446e-08 -1.13677e-08 11.0933)
(-3.49795e-08 -4.39874e-08 11.0441)
(-6.0261e-09 -3.83227e-08 10.8128)
(5.92691e-09 -1.31648e-08 10.5725)
(-3.71661e-08 -4.21173e-08 10.6107)
(-7.04504e-09 -4.15229e-08 10.2933)
(1.84838e-09 -1.4576e-08 9.93679)
(-3.57145e-08 -3.71158e-08 10.1335)
(-5.9411e-09 -4.35577e-08 9.72371)
(-9.97472e-10 -1.56859e-08 9.25536)
(-3.10223e-08 -2.95701e-08 9.6426)
(-2.57895e-09 -4.43281e-08 9.14995)
(-2.14005e-09 -1.6393e-08 8.58799)
(-2.40986e-08 -2.02304e-08 9.15095)
(2.23048e-09 -4.37268e-08 8.59561)
(-1.83498e-09 -1.65411e-08 7.96731)
(-1.58075e-08 -9.44581e-09 8.61594)
(7.90571e-09 -4.12366e-08 8.0265)
(-1.47593e-10 -1.57504e-08 7.36522)
(-1.01844e-08 6.34932e-10 7.71381)
(1.07453e-08 -3.62374e-08 7.14922)
(1.59728e-10 -1.32964e-08 6.50937)
(-1.33991e-08 -3.03823e-08 11.7287)
(4.22078e-09 -2.12018e-08 11.6418)
(1.36782e-08 -6.83617e-09 11.5805)
(-2.26151e-08 -3.68679e-08 11.629)
(-3.65622e-10 -2.7574e-08 11.5223)
(1.19253e-08 -9.09785e-09 11.4397)
(-2.94102e-08 -4.09242e-08 11.3945)
(-3.84273e-09 -3.29204e-08 11.2362)
(9.09672e-09 -1.10731e-08 11.0933)
(-3.47725e-08 -4.22884e-08 11.0441)
(-6.44025e-09 -3.72967e-08 10.8128)
(5.15804e-09 -1.28673e-08 10.5725)
(-3.66741e-08 -4.05322e-08 10.6107)
(-7.14514e-09 -4.05503e-08 10.2933)
(1.44187e-09 -1.43094e-08 9.93679)
(-3.50246e-08 -3.57831e-08 10.1335)
(-5.82449e-09 -4.27101e-08 9.72371)
(-1.13065e-09 -1.54704e-08 9.25536)
(-3.0257e-08 -2.85925e-08 9.64259)
(-2.35312e-09 -4.36385e-08 9.14995)
(-2.11065e-09 -1.62419e-08 8.58799)
(-2.33619e-08 -1.96638e-08 9.15095)
(2.46885e-09 -4.31989e-08 8.59561)
(-1.74515e-09 -1.64532e-08 7.96731)
(-1.51734e-08 -9.31212e-09 8.61594)
(8.06641e-09 -4.08787e-08 8.0265)
(-7.60163e-11 -1.57412e-08 7.36522)
(-9.61229e-09 3.58507e-10 7.71381)
(1.08584e-08 -3.60719e-08 7.14922)
(2.29802e-10 -1.34118e-08 6.50937)
(-1.40483e-08 -3.02685e-08 11.7287)
(3.11262e-09 -2.0942e-08 11.6418)
(1.23698e-08 -6.76541e-09 11.5805)
(-2.3302e-08 -3.69107e-08 11.629)
(-1.76227e-09 -2.73609e-08 11.5223)
(1.01174e-08 -9.04161e-09 11.4397)
(-3.00688e-08 -4.12435e-08 11.3945)
(-5.43666e-09 -3.28585e-08 11.2362)
(6.90799e-09 -1.10679e-08 11.0933)
(-3.52554e-08 -4.29853e-08 11.0441)
(-8.06035e-09 -3.7471e-08 10.8128)
(2.79932e-09 -1.29438e-08 10.5725)
(-3.68597e-08 -4.165e-08 10.6107)
(-8.62589e-09 -4.09966e-08 10.2933)
(-8.6645e-10 -1.44772e-08 9.93679)
(-3.48485e-08 -3.72633e-08 10.1335)
(-7.03029e-09 -4.33764e-08 9.72371)
(-3.18958e-09 -1.57064e-08 9.25536)
(-2.97315e-08 -3.0279e-08 9.64259)
(-3.23873e-09 -4.43944e-08 9.14995)
(-3.77169e-09 -1.64895e-08 8.58799)
(-2.25967e-08 -2.13299e-08 9.15095)
(1.87956e-09 -4.38539e-08 8.59561)
(-2.92622e-09 -1.66474e-08 7.96731)
(-1.43717e-08 -1.07577e-08 8.61594)
(7.6961e-09 -4.12449e-08 8.0265)
(-7.80163e-10 -1.5821e-08 7.36522)
(-8.90251e-09 -6.46674e-10 7.71381)
(1.06503e-08 -3.60062e-08 7.14922)
(-2.93816e-11 -1.3358e-08 6.50937)
(-1.38355e-08 -3.03343e-08 11.7287)
(2.43529e-09 -2.08485e-08 11.6418)
(1.12866e-08 -6.77055e-09 11.5805)
(-2.26818e-08 -3.6955e-08 11.629)
(-2.25816e-09 -2.72138e-08 11.5223)
(8.99705e-09 -9.02677e-09 11.4397)
(-2.90823e-08 -4.14259e-08 11.3945)
(-5.70595e-09 -3.27915e-08 11.2362)
(5.85555e-09 -1.10764e-08 11.0933)
(-3.38812e-08 -4.34549e-08 11.0441)
(-8.05145e-09 -3.76086e-08 10.8128)
(1.9067e-09 -1.30152e-08 10.5725)
(-3.51624e-08 -4.25285e-08 10.6107)
(-8.3539e-09 -4.14424e-08 10.2933)
(-1.57005e-09 -1.46456e-08 9.93679)
(-3.29222e-08 -3.86011e-08 10.1335)
(-6.56577e-09 -4.41782e-08 9.72371)
(-3.71044e-09 -1.59852e-08 9.25536)
(-2.77112e-08 -3.20406e-08 9.64259)
(-2.66024e-09 -4.55121e-08 9.14995)
(-4.14094e-09 -1.68775e-08 8.58799)
(-2.06155e-08 -2.33771e-08 9.15095)
(2.49353e-09 -4.51561e-08 8.59561)
(-3.17576e-09 -1.71094e-08 7.96731)
(-1.25827e-08 -1.28383e-08 8.61594)
(8.23669e-09 -4.25191e-08 8.0265)
(-9.35804e-10 -1.63027e-08 7.36522)
(-7.48621e-09 -2.33464e-09 7.71381)
(1.10545e-08 -3.69118e-08 7.14922)
(-6.19256e-11 -1.37676e-08 6.50937)
(-1.39218e-08 -2.93439e-08 11.7287)
(1.38409e-09 -2.02948e-08 11.6418)
(9.55152e-09 -6.60247e-09 11.5805)
(-2.21216e-08 -3.55337e-08 11.629)
(-2.88251e-09 -2.63676e-08 11.5223)
(7.46903e-09 -8.76268e-09 11.4397)
(-2.79457e-08 -3.97609e-08 11.3945)
(-5.80861e-09 -3.18112e-08 11.2362)
(4.72945e-09 -1.07692e-08 11.0933)
(-3.21767e-08 -4.17426e-08 11.0441)
(-7.57472e-09 -3.66697e-08 10.8128)
(1.29032e-09 -1.27309e-08 10.5725)
(-3.30291e-08 -4.10195e-08 10.6107)
(-7.37242e-09 -4.07384e-08 10.2933)
(-1.71706e-09 -1.44553e-08 9.93679)
(-3.0537e-08 -3.75555e-08 10.1335)
(-5.21514e-09 -4.38866e-08 9.72371)
(-3.50327e-09 -1.59523e-08 9.25536)
(-2.52438e-08 -3.16934e-08 9.64259)
(-1.14689e-09 -4.577e-08 9.14995)
(-3.73629e-09 -1.70418e-08 8.58799)
(-1.82188e-08 -2.38745e-08 9.15095)
(3.9586e-09 -4.60118e-08 8.59561)
(-2.73081e-09 -1.74881e-08 7.96731)
(-1.04214e-08 -1.42008e-08 8.61594)
(9.46632e-09 -4.38966e-08 8.0265)
(-5.93199e-10 -1.68724e-08 7.36522)
(-5.67446e-09 -4.22226e-09 7.71381)
(1.19412e-08 -3.85141e-08 7.14922)
(1.45761e-10 -1.44561e-08 6.50937)
(-1.5888e-08 -2.85444e-08 11.7287)
(-1.04148e-09 -1.97956e-08 11.6418)
(6.63172e-09 -6.43647e-09 11.5805)
(-2.40991e-08 -3.45972e-08 11.629)
(-5.65013e-09 -2.57741e-08 11.5223)
(3.93636e-09 -8.58255e-09 11.4397)
(-2.98334e-08 -3.87888e-08 11.3945)
(-8.70049e-09 -3.12721e-08 11.2362)
(8.4991e-10 -1.06391e-08 11.0933)
(-3.37633e-08 -4.08508e-08 11.0441)
(-1.0296e-08 -3.63384e-08 10.8128)
(-2.61385e-09 -1.27324e-08 10.5725)
(-3.41618e-08 -4.03431e-08 10.6107)
(-9.66404e-09 -4.07477e-08 10.2933)
(-5.33854e-09 -1.46443e-08 9.93679)
(-3.11106e-08 -3.72182e-08 10.1335)
(-6.90664e-09 -4.43318e-08 9.72371)
(-6.56197e-09 -1.63585e-08 9.25536)
(-2.52338e-08 -3.18033e-08 9.64259)
(-2.14412e-09 -4.66674e-08 9.14995)
(-6.05546e-09 -1.76549e-08 8.58799)
(-1.76483e-08 -2.451e-08 9.15095)
(3.64866e-09 -4.73001e-08 8.59561)
(-4.24071e-09 -1.8245e-08 7.96731)
(-9.35707e-09 -1.53967e-08 8.61594)
(9.72316e-09 -4.54536e-08 8.0265)
(-1.33673e-09 -1.76843e-08 7.36522)
(-4.21823e-09 -5.90909e-09 7.71381)
(1.25656e-08 -4.01165e-08 7.14922)
(6.87975e-12 -1.52104e-08 6.50937)
(-1.83e-08 -2.95445e-08 11.7287)
(-3.86347e-09 -2.04667e-08 11.6418)
(3.58064e-09 -6.74483e-09 11.5805)
(-2.64085e-08 -3.56748e-08 11.629)
(-8.52786e-09 -2.65234e-08 11.5223)
(6.74959e-10 -8.95856e-09 11.4397)
(-3.18668e-08 -3.99651e-08 11.3945)
(-1.13736e-08 -3.22122e-08 11.2362)
(-2.3721e-09 -1.11456e-08 11.0933)
(-3.52882e-08 -4.21688e-08 11.0441)
(-1.25217e-08 -3.75852e-08 10.8128)
(-5.60958e-09 -1.34362e-08 10.5725)
(-3.50114e-08 -4.18407e-08 10.6107)
(-1.1275e-08 -4.23864e-08 10.2933)
(-7.95354e-09 -1.55855e-08 9.93679)
(-3.12195e-08 -3.88947e-08 10.1335)
(-7.81901e-09 -4.63802e-08 9.72371)
(-8.69082e-09 -1.75444e-08 9.25536)
(-2.46384e-08 -3.3633e-08 9.64259)
(-2.38085e-09 -4.9068e-08 9.14995)
(-7.64715e-09 -1.90421e-08 8.58799)
(-1.64864e-08 -2.64529e-08 9.15095)
(3.97974e-09 -4.99271e-08 8.59561)
(-5.28297e-09 -1.97535e-08 7.96731)
(-7.84353e-09 -1.74562e-08 8.61594)
(1.04533e-08 -4.81427e-08 8.0265)
(-1.87284e-09 -1.92002e-08 7.36522)
(-2.51162e-09 -8.05288e-09 7.71381)
(1.35013e-08 -4.26292e-08 7.14922)
(-7.07261e-11 -1.6579e-08 6.50937)
(-1.99415e-08 -3.11666e-08 11.7287)
(-5.98805e-09 -2.15571e-08 11.6418)
(1.3675e-09 -7.19798e-09 11.5805)
(-2.77851e-08 -3.74046e-08 11.629)
(-1.04592e-08 -2.77578e-08 11.5223)
(-1.4239e-09 -9.50642e-09 11.4397)
(-3.28703e-08 -4.17946e-08 11.3945)
(-1.29073e-08 -3.36462e-08 11.2362)
(-4.14851e-09 -1.18223e-08 11.0933)
(-3.57843e-08 -4.40984e-08 11.0441)
(-1.35228e-08 -3.92701e-08 10.8128)
(-6.97724e-09 -1.42724e-08 10.5725)
(-3.49416e-08 -4.38725e-08 10.6107)
(-1.16988e-08 -4.43672e-08 10.2933)
(-8.90917e-09 -1.6602e-08 9.93679)
(-3.05905e-08 -4.10208e-08 10.1335)
(-7.7115e-09 -4.86837e-08 9.72371)
(-9.29284e-09 -1.87535e-08 9.25536)
(-2.35249e-08 -3.58453e-08 9.64259)
(-1.80982e-09 -5.16849e-08 9.14995)
(-7.97697e-09 -2.045e-08 8.58799)
(-1.49872e-08 -2.87366e-08 9.15095)
(4.92701e-09 -5.28131e-08 8.59561)
(-5.40874e-09 -2.13428e-08 7.96731)
(-6.08294e-09 -1.97742e-08 8.61594)
(1.16478e-08 -5.12052e-08 8.0265)
(-1.84608e-09 -2.09293e-08 7.36522)
(-6.4558e-10 -1.02965e-08 7.7138)
(1.4796e-08 -4.56164e-08 7.14922)
(9.77484e-11 -1.83157e-08 6.50937)
(-2.14329e-08 -3.18214e-08 11.7287)
(-7.63253e-09 -2.19101e-08 11.6418)
(-2.74687e-10 -7.30885e-09 11.5805)
(-2.95423e-08 -3.83023e-08 11.629)
(-1.25904e-08 -2.83286e-08 11.5223)
(-3.70233e-09 -9.71536e-09 11.4397)
(-3.48031e-08 -4.29277e-08 11.3945)
(-1.53723e-08 -3.44492e-08 11.2362)
(-6.9058e-09 -1.2135e-08 11.0933)
(-3.77303e-08 -4.54069e-08 11.0441)
(-1.61034e-08 -4.02789e-08 10.8128)
(-9.98116e-09 -1.46842e-08 10.5725)
(-3.67171e-08 -4.52968e-08 10.6107)
(-1.4148e-08 -4.55437e-08 10.2933)
(-1.18888e-08 -1.70945e-08 9.93679)
(-3.20134e-08 -4.25167e-08 10.1335)
(-9.79242e-09 -5.0004e-08 9.72371)
(-1.19814e-08 -1.93183e-08 9.25536)
(-2.44232e-08 -3.74027e-08 9.64259)
(-3.33984e-09 -5.31589e-08 9.14995)
(-1.01592e-08 -2.1094e-08 8.58799)
(-1.52305e-08 -3.03705e-08 9.15095)
(4.07281e-09 -5.44751e-08 8.59561)
(-6.94335e-09 -2.20993e-08 7.96731)
(-5.63197e-09 -2.15303e-08 8.61594)
(1.15153e-08 -5.30904e-08 8.0265)
(-2.69219e-09 -2.18369e-08 7.36522)
(4.71013e-10 -1.21108e-08 7.7138)
(1.53262e-08 -4.76591e-08 7.14922)
(-1.15751e-10 -1.93843e-08 6.50937)
(-2.3308e-08 -3.22195e-08 11.7287)
(-9.51304e-09 -2.22575e-08 11.6418)
(-2.13619e-09 -7.44914e-09 11.5805)
(-3.15481e-08 -3.88224e-08 11.629)
(-1.47077e-08 -2.88165e-08 11.5223)
(-5.82837e-09 -9.9355e-09 11.4397)
(-3.68365e-08 -4.35716e-08 11.3945)
(-1.75476e-08 -3.51091e-08 11.2362)
(-9.13098e-09 -1.24496e-08 11.0933)
(-3.96474e-08 -4.61649e-08 11.0441)
(-1.81719e-08 -4.1115e-08 10.8128)
(-1.21573e-08 -1.50989e-08 10.5725)
(-3.83746e-08 -4.61557e-08 10.6107)
(-1.59646e-08 -4.65491e-08 10.2933)
(-1.38872e-08 -1.76034e-08 9.93679)
(-3.32848e-08 -4.34648e-08 10.1335)
(-1.12556e-08 -5.11707e-08 9.72371)
(-1.36993e-08 -1.99145e-08 9.25536)
(-2.52214e-08 -3.84421e-08 9.64259)
(-4.35885e-09 -5.44763e-08 9.14995)
(-1.15255e-08 -2.17758e-08 8.58799)
(-1.54848e-08 -3.15188e-08 9.15095)
(3.56442e-09 -5.59476e-08 8.59561)
(-7.90934e-09 -2.28684e-08 7.96731)
(-5.2939e-09 -2.28305e-08 8.61594)
(1.15409e-08 -5.4756e-08 8.0265)
(-3.23611e-09 -2.2718e-08 7.36522)
(1.43993e-09 -1.36202e-08 7.7138)
(1.58937e-08 -4.95591e-08 7.14922)
(-2.3667e-10 -2.04181e-08 6.50937)
(-2.47029e-08 -3.34353e-08 11.7287)
(-1.1085e-08 -2.3102e-08 11.6418)
(-3.68154e-09 -7.80175e-09 11.5805)
(-3.28293e-08 -4.01754e-08 11.629)
(-1.61652e-08 -2.97961e-08 11.5223)
(-7.26213e-09 -1.03633e-08 11.4397)
(-3.78934e-08 -4.50724e-08 11.3945)
(-1.8726e-08 -3.62553e-08 11.2362)
(-1.0292e-08 -1.29658e-08 11.0933)
(-4.0359e-08 -4.78264e-08 11.0441)
(-1.8975e-08 -4.24529e-08 10.8128)
(-1.29846e-08 -1.57126e-08 10.5725)
(-3.8657e-08 -4.79721e-08 10.6107)
(-1.63654e-08 -4.80858e-08 10.2933)
(-1.4396e-08 -1.83136e-08 9.93679)
(-3.31194e-08 -4.53945e-08 10.1335)
(-1.12785e-08 -5.28804e-08 9.72371)
(-1.39593e-08 -2.07111e-08 9.25536)
(-2.4647e-08 -4.04153e-08 9.64259)
(-4.08143e-09 -5.63126e-08 9.14995)
(-1.16218e-08 -2.26387e-08 8.58799)
(-1.45931e-08 -3.34497e-08 9.15095)
(4.0512e-09 -5.78561e-08 8.59561)
(-7.91472e-09 -2.37853e-08 7.96731)
(-4.20805e-09 -2.46742e-08 8.61594)
(1.21655e-08 -5.67055e-08 8.0265)
(-3.20276e-09 -2.3688e-08 7.36522)
(2.65748e-09 -1.53483e-08 7.7138)
(1.66311e-08 -5.15474e-08 7.14922)
(-1.5373e-10 -2.14626e-08 6.50937)
(-2.543e-08 -3.47446e-08 11.7287)
(-1.21066e-08 -2.37393e-08 11.6418)
(-4.72697e-09 -8.02462e-09 11.5805)
(-3.37531e-08 -4.18219e-08 11.629)
(-1.75846e-08 -3.06552e-08 11.5223)
(-8.87689e-09 -1.0663e-08 11.4397)
(-3.89424e-08 -4.70715e-08 11.3945)
(-2.04442e-08 -3.73582e-08 11.2362)
(-1.23607e-08 -1.33438e-08 11.0933)
(-4.13945e-08 -5.01506e-08 11.0441)
(-2.08214e-08 -4.37871e-08 10.8128)
(-1.531e-08 -1.61599e-08 10.5725)
(-3.95344e-08 -5.05549e-08 10.6107)
(-1.81435e-08 -4.96137e-08 10.2933)
(-1.67388e-08 -1.88079e-08 9.93679)
(-3.37051e-08 -4.81233e-08 10.1335)
(-1.28243e-08 -5.45455e-08 9.72371)
(-1.60882e-08 -2.123e-08 9.25536)
(-2.48548e-08 -4.31452e-08 9.64259)
(-5.25097e-09 -5.80325e-08 9.14995)
(-1.33588e-08 -2.31701e-08 8.58799)
(-1.43752e-08 -3.60142e-08 9.15095)
(3.35651e-09 -5.95375e-08 8.59561)
(-9.14869e-09 -2.43202e-08 7.96731)
(-3.56905e-09 -2.68918e-08 8.61594)
(1.1974e-08 -5.82563e-08 8.0265)
(-3.89028e-09 -2.42294e-08 7.36522)
(3.60369e-09 -1.70332e-08 7.7138)
(1.68894e-08 -5.2861e-08 7.14922)
(-3.59555e-10 -2.20143e-08 6.50937)
(-2.61657e-08 -3.53705e-08 11.7287)
(-1.33165e-08 -2.41191e-08 11.6418)
(-6.25862e-09 -8.15764e-09 11.5805)
(-3.43701e-08 -4.23931e-08 11.629)
(-1.88732e-08 -3.10031e-08 11.5223)
(-1.06488e-08 -1.07867e-08 11.4397)
(-3.94393e-08 -4.76272e-08 11.3945)
(-2.16944e-08 -3.77228e-08 11.2362)
(-1.42189e-08 -1.34686e-08 11.0933)
(-4.17034e-08 -5.0713e-08 11.0441)
(-2.19099e-08 -4.42034e-08 10.8128)
(-1.70939e-08 -1.62933e-08 10.5725)
(-3.96316e-08 -5.11757e-08 10.6107)
(-1.89908e-08 -5.01295e-08 10.2933)
(-1.8322e-08 -1.89606e-08 9.93679)
(-3.35788e-08 -4.88728e-08 10.1335)
(-1.33806e-08 -5.52129e-08 9.72371)
(-1.73884e-08 -2.14195e-08 9.25536)
(-2.44896e-08 -4.4102e-08 9.64259)
(-5.51475e-09 -5.89034e-08 9.14995)
(-1.43383e-08 -2.34147e-08 8.58799)
(-1.37581e-08 -3.72313e-08 9.15095)
(3.36272e-09 -6.06409e-08 8.59561)
(-9.80586e-09 -2.46451e-08 7.96731)
(-2.71404e-09 -2.83734e-08 8.61594)
(1.22207e-08 -5.95795e-08 8.0265)
(-4.25055e-09 -2.46554e-08 7.36522)
(4.64106e-09 -1.86252e-08 7.7138)
(1.73278e-08 -5.43185e-08 7.14922)
(-4.60184e-10 -2.25645e-08 6.50937)
(-2.80131e-08 -3.6204e-08 11.7287)
(-1.55537e-08 -2.48092e-08 11.6418)
(-8.89424e-09 -8.43226e-09 11.5805)
(-3.60021e-08 -4.29871e-08 11.629)
(-2.10263e-08 -3.15681e-08 11.5223)
(-1.33051e-08 -1.10411e-08 11.4397)
(-4.0785e-08 -4.79729e-08 11.3945)
(-2.35456e-08 -3.82141e-08 11.2362)
(-1.66352e-08 -1.37269e-08 11.0933)
(-4.26365e-08 -5.0836e-08 11.0441)
(-2.32856e-08 -4.46886e-08 10.8128)
(-1.90922e-08 -1.65913e-08 10.5725)
(-4.01133e-08 -5.11619e-08 10.6107)
(-1.98175e-08 -5.06972e-08 10.2933)
(-1.98273e-08 -1.93328e-08 9.93679)
(-3.36235e-08 -4.88491e-08 10.1335)
(-1.3682e-08 -5.5956e-08 9.72371)
(-1.84032e-08 -2.18949e-08 9.25536)
(-2.41584e-08 -4.42238e-08 9.64259)
(-5.36205e-09 -5.98914e-08 9.14995)
(-1.49265e-08 -2.40077e-08 8.58799)
(-1.31177e-08 -3.76543e-08 9.15095)
(3.85675e-09 -6.19107e-08 8.59561)
(-1.00649e-08 -2.53442e-08 7.96731)
(-1.81026e-09 -2.92129e-08 8.61594)
(1.29307e-08 -6.11294e-08 8.0265)
(-4.27887e-09 -2.54386e-08 7.36522)
(5.75236e-09 -1.99367e-08 7.7138)
(1.8118e-08 -5.60942e-08 7.14922)
(-3.67282e-10 -2.34065e-08 6.50937)
(-3.06053e-08 -3.84199e-08 11.7287)
(-1.83071e-08 -2.61336e-08 11.6418)
(-1.17839e-08 -8.91488e-09 11.5805)
(-3.89283e-08 -4.54309e-08 11.629)
(-2.43373e-08 -3.30538e-08 11.5223)
(-1.6938e-08 -1.16015e-08 11.4397)
(-4.38611e-08 -5.05328e-08 11.3945)
(-2.71609e-08 -3.98448e-08 11.2362)
(-2.07501e-08 -1.43675e-08 11.0933)
(-4.55884e-08 -5.3393e-08 11.0441)
(-2.6888e-08 -4.64421e-08 10.8128)
(-2.33621e-08 -1.73224e-08 10.5725)
(-4.26816e-08 -5.36068e-08 10.6107)
(-2.30874e-08 -5.25344e-08 10.2933)
(-2.39012e-08 -2.01426e-08 9.93679)
(-3.56111e-08 -5.10761e-08 10.1335)
(-1.63593e-08 -5.78177e-08 9.72371)
(-2.196e-08 -2.27602e-08 9.25536)
(-2.54512e-08 -4.61548e-08 9.64259)
(-7.28416e-09 -6.17086e-08 9.14995)
(-1.77304e-08 -2.48873e-08 8.58799)
(-1.36988e-08 -3.92574e-08 9.15095)
(2.74332e-09 -6.36171e-08 8.59561)
(-1.19894e-08 -2.61933e-08 7.96731)
(-1.73472e-09 -3.05332e-08 8.61594)
(1.25901e-08 -6.2676e-08 8.0265)
(-5.31394e-09 -2.62092e-08 7.36522)
(6.36873e-09 -2.1105e-08 7.7138)
(1.83619e-08 -5.74606e-08 7.14922)
(-6.72877e-10 -2.40577e-08 6.50937)
(-3.2902e-08 -4.12483e-08 11.7287)
(-2.08969e-08 -2.78874e-08 11.6418)
(-1.44491e-08 -9.55907e-09 11.5805)
(-4.13368e-08 -4.84756e-08 11.629)
(-2.71838e-08 -3.4977e-08 11.5223)
(-1.9955e-08 -1.23318e-08 11.4397)
(-4.62561e-08 -5.36587e-08 11.3945)
(-3.00328e-08 -4.18793e-08 11.2362)
(-2.38757e-08 -1.51658e-08 11.0933)
(-4.77854e-08 -5.64442e-08 11.0441)
(-2.95754e-08 -4.85133e-08 10.8128)
(-2.63841e-08 -1.81672e-08 10.5725)
(-4.45364e-08 -5.64431e-08 10.6107)
(-2.54161e-08 -5.45706e-08 10.2933)
(-2.66387e-08 -2.10067e-08 9.93679)
(-3.70209e-08 -5.35837e-08 10.1335)
(-1.82172e-08 -5.97621e-08 9.72371)
(-2.42807e-08 -2.36226e-08 9.25536)
(-2.6365e-08 -4.82654e-08 9.64259)
(-8.59023e-09 -6.35261e-08 9.14995)
(-1.95491e-08 -2.57415e-08 8.58799)
(-1.41e-08 -4.09571e-08 9.15095)
(2.02726e-09 -6.53038e-08 8.59561)
(-1.326e-08 -2.70405e-08 7.96731)
(-1.63266e-09 -3.18489e-08 8.61594)
(1.24533e-08 -6.42463e-08 8.0265)
(-6.02291e-09 -2.70545e-08 7.36522)
(6.88844e-09 -2.21308e-08 7.7138)
(1.86999e-08 -5.8913e-08 7.14922)
(-8.82728e-10 -2.48795e-08 6.50937)
(-3.50901e-08 -4.31564e-08 11.7287)
(-2.33721e-08 -2.91769e-08 11.6418)
(-1.70718e-08 -1.00185e-08 11.5805)
(-4.34953e-08 -5.03734e-08 11.629)
(-2.97364e-08 -3.63008e-08 11.5223)
(-2.26891e-08 -1.28266e-08 11.4397)
(-4.83102e-08 -5.54513e-08 11.3945)
(-3.2439e-08 -4.31728e-08 11.2362)
(-2.64531e-08 -1.56671e-08 11.0933)
(-4.96147e-08 -5.80005e-08 11.0441)
(-3.16763e-08 -4.96882e-08 10.8128)
(-2.86224e-08 -1.86398e-08 10.5725)
(-4.60783e-08 -5.76858e-08 10.6107)
(-2.71217e-08 -5.55666e-08 10.2933)
(-2.84458e-08 -2.14226e-08 9.93679)
(-3.824e-08 -5.45027e-08 10.1335)
(-1.94881e-08 -6.05716e-08 9.72371)
(-2.56411e-08 -2.39784e-08 9.25536)
(-2.72296e-08 -4.89217e-08 9.64259)
(-9.42941e-09 -6.42138e-08 9.14995)
(-2.04951e-08 -2.60655e-08 8.58799)
(-1.45822e-08 -4.14636e-08 9.15095)
(1.60353e-09 -6.59937e-08 8.59561)
(-1.38465e-08 -2.73961e-08 7.96731)
(-1.71328e-09 -3.23458e-08 8.61594)
(1.24337e-08 -6.5089e-08 8.0265)
(-6.30574e-09 -2.75219e-08 7.36522)
(7.194e-09 -2.27461e-08 7.7138)
(1.90289e-08 -6.00507e-08 7.14922)
(-9.33709e-10 -2.55388e-08 6.50937)
(-3.78607e-08 -4.43389e-08 11.7287)
(-2.61316e-08 -2.9848e-08 11.6418)
(-1.98585e-08 -1.02146e-08 11.5805)
(-4.67623e-08 -5.17975e-08 11.629)
(-3.32603e-08 -3.71353e-08 11.5223)
(-2.63529e-08 -1.30894e-08 11.4397)
(-5.19495e-08 -5.70267e-08 11.3945)
(-3.6493e-08 -4.41133e-08 11.2362)
(-3.0735e-08 -1.59684e-08 11.0933)
(-5.33966e-08 -5.95868e-08 11.0441)
(-3.59597e-08 -5.0625e-08 10.8128)
(-3.31682e-08 -1.89379e-08 10.5725)
(-4.97538e-08 -5.91422e-08 10.6107)
(-3.12991e-08 -5.63815e-08 10.2933)
(-3.28674e-08 -2.1664e-08 9.93679)
(-4.15637e-08 -5.57085e-08 10.1335)
(-2.32626e-08 -6.11734e-08 9.72371)
(-2.9577e-08 -2.41232e-08 9.25536)
(-2.99979e-08 -4.9796e-08 9.64259)
(-1.25467e-08 -6.45554e-08 9.14995)
(-2.36717e-08 -2.61012e-08 8.58799)
(-1.66412e-08 -4.19865e-08 9.15095)
(-6.74868e-10 -6.6094e-08 8.59561)
(-1.6103e-08 -2.73408e-08 7.96731)
(-2.95006e-09 -3.25652e-08 8.61594)
(1.10956e-08 -6.50489e-08 8.0265)
(-7.58984e-09 -2.7436e-08 7.36522)
(6.80391e-09 -2.28552e-08 7.7138)
(1.85932e-08 -6.00976e-08 7.14922)
(-1.39302e-09 -2.55438e-08 6.50937)
(-4.00402e-08 -4.57426e-08 11.7287)
(-2.85567e-08 -3.06658e-08 11.6418)
(-2.23343e-08 -1.05074e-08 11.5805)
(-4.90982e-08 -5.342e-08 11.629)
(-3.60129e-08 -3.80936e-08 11.5223)
(-2.9237e-08 -1.34407e-08 11.4397)
(-5.43442e-08 -5.88355e-08 11.3945)
(-3.93736e-08 -4.51926e-08 11.2362)
(-3.38102e-08 -1.63618e-08 11.0933)
(-5.56864e-08 -6.1504e-08 11.0441)
(-3.87804e-08 -5.17644e-08 10.8128)
(-3.62149e-08 -1.93423e-08 10.5725)
(-5.17996e-08 -6.10697e-08 10.6107)
(-3.38971e-08 -5.75026e-08 10.2933)
(-3.56911e-08 -2.20401e-08 9.93679)
(-4.32633e-08 -5.75219e-08 10.1335)
(-2.55076e-08 -6.21813e-08 9.72371)
(-3.20342e-08 -2.44317e-08 9.25536)
(-3.12951e-08 -5.13589e-08 9.64259)
(-1.43599e-08 -6.53602e-08 9.14995)
(-2.56631e-08 -2.63092e-08 8.58799)
(-1.75292e-08 -4.31715e-08 9.15095)
(-2.01267e-09 -6.66349e-08 8.59561)
(-1.75651e-08 -2.74409e-08 7.96731)
(-3.4504e-09 -3.33051e-08 8.61594)
(1.02691e-08 -6.53306e-08 8.0265)
(-8.49131e-09 -2.74548e-08 7.36522)
(6.65681e-09 -2.32229e-08 7.7138)
(1.82714e-08 -6.02778e-08 7.14922)
(-1.76856e-09 -2.558e-08 6.50937)
(-4.10421e-08 -4.6706e-08 11.7287)
(-3.0204e-08 -3.12246e-08 11.6418)
(-2.42297e-08 -1.07183e-08 11.5805)
(-4.98378e-08 -5.44099e-08 11.629)
(-3.75503e-08 -3.86726e-08 11.5223)
(-3.11332e-08 -1.3662e-08 11.4397)
(-5.48194e-08 -5.98965e-08 11.3945)
(-4.06691e-08 -4.58163e-08 11.2362)
(-3.55134e-08 -1.65883e-08 11.0933)
(-5.58459e-08 -6.26413e-08 11.0441)
(-3.97528e-08 -5.2426e-08 10.8128)
(-3.75995e-08 -1.9558e-08 10.5725)
(-5.16762e-08 -6.22865e-08 10.6107)
(-3.45417e-08 -5.81955e-08 10.2933)
(-3.67243e-08 -2.22309e-08 9.93679)
(-4.29213e-08 -5.87974e-08 10.1335)
(-2.58816e-08 -6.28919e-08 9.72371)
(-3.27559e-08 -2.45879e-08 9.25537)
(-3.08256e-08 -5.2642e-08 9.64259)
(-1.45388e-08 -6.60621e-08 9.14995)
(-2.61475e-08 -2.64333e-08 8.58799)
(-1.70212e-08 -4.43765e-08 9.15095)
(-2.06774e-09 -6.72923e-08 8.59561)
(-1.7885e-08 -2.75418e-08 7.96731)
(-2.96915e-09 -3.43008e-08 8.61594)
(1.02965e-08 -6.59024e-08 8.0265)
(-8.68209e-09 -2.75538e-08 7.36522)
(7.01373e-09 -2.38905e-08 7.7138)
(1.83499e-08 -6.07583e-08 7.14922)
(-1.86512e-09 -2.57211e-08 6.50937)
(-4.1822e-08 -4.64886e-08 11.7287)
(-3.15963e-08 -3.09086e-08 11.6418)
(-2.60066e-08 -1.05656e-08 11.5805)
(-5.06737e-08 -5.42353e-08 11.629)
(-3.93565e-08 -3.83602e-08 11.5223)
(-3.35936e-08 -1.3497e-08 11.4397)
(-5.57346e-08 -5.98415e-08 11.3945)
(-4.27882e-08 -4.55617e-08 11.2362)
(-3.84902e-08 -1.64176e-08 11.0933)
(-5.6748e-08 -6.27263e-08 11.0441)
(-4.19955e-08 -5.22376e-08 10.8128)
(-4.08118e-08 -1.93742e-08 10.5725)
(-5.25037e-08 -6.25311e-08 10.6107)
(-3.67177e-08 -5.80759e-08 10.2933)
(-3.98714e-08 -2.20229e-08 9.93679)
(-4.36099e-08 -5.92114e-08 10.1335)
(-2.78176e-08 -6.28407e-08 9.72371)
(-3.55649e-08 -2.43489e-08 9.25537)
(-3.13116e-08 -5.32204e-08 9.64259)
(-1.61158e-08 -6.60768e-08 9.14995)
(-2.84196e-08 -2.6162e-08 8.58799)
(-1.72576e-08 -4.50837e-08 9.15095)
(-3.21493e-09 -6.73571e-08 8.59561)
(-1.95104e-08 -2.72483e-08 7.96731)
(-2.93795e-09 -3.50535e-08 8.61594)
(9.61709e-09 -6.59797e-08 8.0265)
(-9.62984e-09 -2.72537e-08 7.36522)
(7.22318e-09 -2.45422e-08 7.7138)
(1.80608e-08 -6.08233e-08 7.14922)
(-2.2571e-09 -2.54649e-08 6.50937)
(-4.29581e-08 -4.61056e-08 11.7287)
(-3.3362e-08 -3.06629e-08 11.6418)
(-2.82496e-08 -1.04873e-08 11.5805)
(-5.16005e-08 -5.36882e-08 11.629)
(-4.1174e-08 -3.80052e-08 11.5223)
(-3.60953e-08 -1.33859e-08 11.4397)
(-5.6453e-08 -5.92082e-08 11.3945)
(-4.45265e-08 -4.5187e-08 11.2362)
(-4.10624e-08 -1.63069e-08 11.0933)
(-5.71843e-08 -6.20802e-08 11.0441)
(-4.35057e-08 -5.19186e-08 10.8128)
(-4.32586e-08 -1.92934e-08 10.5725)
(-5.266e-08 -6.19693e-08 10.6107)
(-3.79157e-08 -5.78883e-08 10.2933)
(-4.20484e-08 -2.19965e-08 9.93679)
(-4.35155e-08 -5.88292e-08 10.1335)
(-2.86766e-08 -6.28431e-08 9.72371)
(-3.73765e-08 -2.43896e-08 9.25537)
(-3.10221e-08 -5.31001e-08 9.64259)
(-1.66462e-08 -6.6291e-08 9.14995)
(-2.98201e-08 -2.62658e-08 8.58799)
(-1.68298e-08 -4.52792e-08 9.15095)
(-3.46138e-09 -6.77688e-08 8.59561)
(-2.04914e-08 -2.73897e-08 7.96731)
(-2.39949e-09 -3.55616e-08 8.61594)
(9.60755e-09 -6.65405e-08 8.0265)
(-1.01977e-08 -2.74009e-08 7.36522)
(7.80861e-09 -2.53311e-08 7.7138)
(1.82023e-08 -6.14877e-08 7.14922)
(-2.4885e-09 -2.56053e-08 6.50937)
(-4.39507e-08 -4.6631e-08 11.7287)
(-3.50682e-08 -3.10426e-08 11.6418)
(-3.03796e-08 -1.06773e-08 11.5805)
(-5.21652e-08 -5.40551e-08 11.629)
(-4.25842e-08 -3.8298e-08 11.5223)
(-3.80877e-08 -1.35653e-08 11.4397)
(-5.65553e-08 -5.94613e-08 11.3945)
(-4.54957e-08 -4.54687e-08 11.2362)
(-4.27167e-08 -1.65116e-08 11.0933)
(-5.6757e-08 -6.22864e-08 11.0441)
(-4.39366e-08 -5.22767e-08 10.8128)
(-4.44709e-08 -1.95629e-08 10.5725)
(-5.17455e-08 -6.22167e-08 10.6107)
(-3.78294e-08 -5.84103e-08 10.2933)
(-4.28248e-08 -2.23645e-08 9.93679)
(-4.22312e-08 -5.91931e-08 10.1335)
(-2.817e-08 -6.35847e-08 9.72371)
(-3.77958e-08 -2.48732e-08 9.25537)
(-2.95344e-08 -5.3636e-08 9.64259)
(-1.58727e-08 -6.72673e-08 9.14995)
(-2.99938e-08 -2.68553e-08 8.58799)
(-1.53255e-08 -4.60154e-08 9.15095)
(-2.59153e-09 -6.89532e-08 8.59561)
(-2.05275e-08 -2.80537e-08 7.96731)
(-1.03563e-09 -3.64998e-08 8.61594)
(1.04413e-08 -6.78702e-08 8.0265)
(-1.01665e-08 -2.80881e-08 7.36522)
(8.88814e-09 -2.64645e-08 7.7138)
(1.88582e-08 -6.28903e-08 7.14922)
(-2.45277e-09 -2.62579e-08 6.50937)
(-4.47241e-08 -4.74815e-08 11.7287)
(-3.6445e-08 -3.14082e-08 11.6418)
(-3.20538e-08 -1.08133e-08 11.5805)
(-5.29353e-08 -5.50538e-08 11.629)
(-4.42343e-08 -3.87553e-08 11.5223)
(-4.0296e-08 -1.37411e-08 11.4397)
(-5.72839e-08 -6.06157e-08 11.3945)
(-4.73066e-08 -4.60537e-08 11.2362)
(-4.53014e-08 -1.67417e-08 11.0933)
(-5.73204e-08 -6.35773e-08 11.0441)
(-4.57249e-08 -5.30045e-08 10.8128)
(-4.72048e-08 -1.98585e-08 10.5725)
(-5.20627e-08 -6.3615e-08 10.6107)
(-3.94214e-08 -5.92804e-08 10.2933)
(-4.54659e-08 -2.27234e-08 9.93679)
(-4.22508e-08 -6.06494e-08 10.1335)
(-2.94397e-08 -6.4582e-08 9.72371)
(-4.01212e-08 -2.52878e-08 9.25537)
(-2.92511e-08 -5.50927e-08 9.64259)
(-1.6734e-08 -6.83578e-08 9.14995)
(-3.18417e-08 -2.7317e-08 8.58799)
(-1.47755e-08 -4.74197e-08 9.15095)
(-3.01433e-09 -7.00927e-08 8.59561)
(-2.18098e-08 -2.85462e-08 7.96731)
(-2.74559e-10 -3.77879e-08 8.61594)
(1.04384e-08 -6.89971e-08 8.0265)
(-1.08568e-08 -2.85851e-08 7.36522)
(9.70563e-09 -2.75853e-08 7.7138)
(1.91305e-08 -6.39186e-08 7.14922)
(-2.679e-09 -2.67085e-08 6.50937)
(-4.55489e-08 -4.78567e-08 11.7287)
(-3.78748e-08 -3.16373e-08 11.6418)
(-3.38722e-08 -1.09063e-08 11.5805)
(-5.35703e-08 -5.53516e-08 11.629)
(-4.56831e-08 -3.89411e-08 11.5223)
(-4.23231e-08 -1.3831e-08 11.4397)
(-5.77314e-08 -6.08599e-08 11.3945)
(-4.86537e-08 -4.62433e-08 11.2362)
(-4.73675e-08 -1.68427e-08 11.0933)
(-5.75145e-08 -6.377e-08 11.0441)
(-4.68505e-08 -5.32243e-08 10.8128)
(-4.91491e-08 -1.99814e-08 10.5725)
(-5.20097e-08 -6.37915e-08 10.6107)
(-4.02613e-08 -5.95678e-08 10.2933)
(-4.71753e-08 -2.28788e-08 9.93679)
(-4.19773e-08 -6.0868e-08 10.1335)
(-2.99673e-08 -6.49819e-08 9.72371)
(-4.1527e-08 -2.54918e-08 9.25537)
(-2.87859e-08 -5.54335e-08 9.64259)
(-1.6961e-08 -6.89242e-08 9.14995)
(-3.29134e-08 -2.75888e-08 8.58799)
(-1.41449e-08 -4.79633e-08 9.15095)
(-2.97266e-09 -7.08774e-08 8.59561)
(-2.25448e-08 -2.89125e-08 7.96731)
(4.96649e-10 -3.85885e-08 8.61594)
(1.07232e-08 -7.00292e-08 8.0265)
(-1.12627e-08 -2.90678e-08 7.36522)
(1.05411e-08 -2.86299e-08 7.7138)
(1.95739e-08 -6.51908e-08 7.14922)
(-2.81038e-09 -2.73202e-08 6.50937)
(-4.69424e-08 -4.81904e-08 11.7287)
(-3.97668e-08 -3.19746e-08 11.6418)
(-3.61502e-08 -1.10549e-08 11.5805)
(-5.46788e-08 -5.54858e-08 11.629)
(-4.742e-08 -3.91848e-08 11.5223)
(-4.45721e-08 -1.39703e-08 11.4397)
(-5.85158e-08 -6.08155e-08 11.3945)
(-5.0057e-08 -4.64507e-08 11.2362)
(-4.9356e-08 -1.69942e-08 11.0933)
(-5.78879e-08 -6.35757e-08 11.0441)
(-4.77882e-08 -5.34522e-08 10.8128)
(-5.07311e-08 -2.01726e-08 10.5725)
(-5.19762e-08 -6.35196e-08 10.6107)
(-4.06975e-08 -5.98841e-08 10.2933)
(-4.83103e-08 -2.31325e-08 9.93679)
(-4.15879e-08 -6.06125e-08 10.1335)
(-2.99522e-08 -6.54553e-08 9.72371)
(-4.22441e-08 -2.58289e-08 9.25537)
(-2.81305e-08 -5.53065e-08 9.64259)
(-1.65861e-08 -6.9608e-08 9.14995)
(-3.32875e-08 -2.80253e-08 8.58799)
(-1.3323e-08 -4.80833e-08 9.15095)
(-2.35939e-09 -7.18121e-08 8.59561)
(-2.26703e-08 -2.9456e-08 7.96731)
(1.41592e-09 -3.90554e-08 8.61594)
(1.14636e-08 -7.12404e-08 8.0265)
(-1.12208e-08 -2.9726e-08 7.36522)
(1.14886e-08 -2.954e-08 7.7138)
(2.03175e-08 -6.66989e-08 7.14922)
(-2.70966e-09 -2.81063e-08 6.50937)
(-4.87499e-08 -4.94259e-08 11.7287)
(-4.19332e-08 -3.26429e-08 11.6418)
(-3.85361e-08 -1.13043e-08 11.5805)
(-5.67048e-08 -5.69394e-08 11.629)
(-5.00504e-08 -3.99955e-08 11.5223)
(-4.76552e-08 -1.42818e-08 11.4397)
(-6.06392e-08 -6.24644e-08 11.3945)
(-5.29416e-08 -4.74393e-08 11.2362)
(-5.29061e-08 -1.73785e-08 11.0933)
(-5.98889e-08 -6.53707e-08 11.0441)
(-5.06549e-08 -5.46301e-08 10.8128)
(-5.4445e-08 -2.06397e-08 10.5725)
(-5.36587e-08 -6.53937e-08 10.6107)
(-4.32876e-08 -6.12392e-08 10.2933)
(-5.18704e-08 -2.36724e-08 9.93679)
(-4.28076e-08 -6.24652e-08 10.1335)
(-3.20658e-08 -6.69383e-08 9.72371)
(-4.53674e-08 -2.64221e-08 9.25537)
(-2.88246e-08 -5.70306e-08 9.64259)
(-1.80954e-08 -7.1135e-08 9.14995)
(-3.57711e-08 -2.86393e-08 8.58799)
(-1.35064e-08 -4.95832e-08 9.15095)
(-3.22441e-09 -7.32868e-08 8.59561)
(-2.44054e-08 -3.00571e-08 7.96731)
(1.67772e-09 -4.02792e-08 8.61594)
(1.12172e-08 -7.25823e-08 8.0265)
(-1.21808e-08 -3.02891e-08 7.36522)
(1.20639e-08 -3.05283e-08 7.7138)
(2.05379e-08 -6.78866e-08 7.14922)
(-3.02497e-09 -2.86362e-08 6.50937)
(-5.05708e-08 -5.12643e-08 11.7287)
(-4.43865e-08 -3.3725e-08 11.6418)
(-4.13477e-08 -1.17134e-08 11.5805)
(-5.84268e-08 -5.8896e-08 11.629)
(-5.26199e-08 -4.11541e-08 11.5223)
(-5.07946e-08 -1.47316e-08 11.4397)
(-6.21777e-08 -6.45122e-08 11.3945)
(-5.53993e-08 -4.8705e-08 11.2362)
(-5.60989e-08 -1.78749e-08 11.0933)
(-6.10744e-08 -6.74584e-08 11.0441)
(-5.27782e-08 -5.60165e-08 10.8128)
(-5.74373e-08 -2.11899e-08 10.5725)
(-5.43997e-08 -6.74746e-08 10.6107)
(-4.49274e-08 -6.27556e-08 10.2933)
(-5.44723e-08 -2.42749e-08 9.93679)
(-4.30717e-08 -6.44807e-08 10.1335)
(-3.31612e-08 -6.85765e-08 9.72371)
(-4.746e-08 -2.70736e-08 9.25537)
(-2.86486e-08 -5.89234e-08 9.64259)
(-1.8646e-08 -7.28602e-08 9.14995)
(-3.73075e-08 -2.93333e-08 8.58799)
(-1.29767e-08 -5.1298e-08 9.15095)
(-3.29341e-09 -7.50436e-08 8.59561)
(-2.53976e-08 -3.07805e-08 7.96731)
(2.44461e-09 -4.17565e-08 8.61594)
(1.15289e-08 -7.42929e-08 8.0265)
(-1.26747e-08 -3.10251e-08 7.36522)
(1.28887e-08 -3.1717e-08 7.7138)
(2.10583e-08 -6.94501e-08 7.14922)
(-3.14997e-09 -2.93615e-08 6.50937)
(-5.3227e-08 -5.28671e-08 11.7287)
(-4.78145e-08 -3.47833e-08 11.6418)
(-4.53765e-08 -1.2119e-08 11.5805)
(-6.08512e-08 -6.03763e-08 11.629)
(-5.60517e-08 -4.21258e-08 11.5223)
(-5.50385e-08 -1.51225e-08 11.4397)
(-6.42799e-08 -6.5845e-08 11.3945)
(-5.85207e-08 -4.96332e-08 11.2362)
(-6.01535e-08 -1.82649e-08 11.0933)
(-6.26655e-08 -6.86017e-08 11.0441)
(-5.53143e-08 -5.69325e-08 10.8128)
(-6.09844e-08 -2.1596e-08 10.5725)
(-5.54204e-08 -6.8444e-08 10.6107)
(-4.67457e-08 -6.37178e-08 10.2933)
(-5.73346e-08 -2.47176e-08 9.93679)
(-4.35369e-08 -6.53339e-08 10.1335)
(-3.42405e-08 -6.96551e-08 9.72371)
(-4.95817e-08 -2.75814e-08 9.25537)
(-2.86226e-08 -5.97552e-08 9.64259)
(-1.90549e-08 -7.4126e-08 9.14995)
(-3.87296e-08 -2.99314e-08 8.58799)
(-1.25466e-08 -5.22037e-08 9.15095)
(-3.15841e-09 -7.6545e-08 8.59561)
(-2.62229e-08 -3.14898e-08 7.96731)
(3.17692e-09 -4.27929e-08 8.61594)
(1.20705e-08 -7.60286e-08 8.0265)
(-1.30202e-08 -3.18516e-08 7.36522)
(1.37582e-08 -3.28536e-08 7.7138)
(2.17968e-08 -7.13507e-08 7.14922)
(-3.17959e-09 -3.02998e-08 6.50937)
(-5.74389e-08 -5.43684e-08 11.7287)
(-5.25416e-08 -3.56104e-08 11.6418)
(-5.05869e-08 -1.23898e-08 11.5805)
(-6.5416e-08 -6.20321e-08 11.629)
(-6.159e-08 -4.30355e-08 11.5223)
(-6.13985e-08 -1.54408e-08 11.4397)
(-6.89976e-08 -6.76036e-08 11.3945)
(-6.44403e-08 -5.06629e-08 11.2362)
(-6.71825e-08 -1.86427e-08 11.0933)
(-6.71625e-08 -7.03589e-08 11.0441)
(-6.11083e-08 -5.80819e-08 10.8128)
(-6.80964e-08 -2.20461e-08 10.5725)
(-5.93769e-08 -7.01113e-08 10.6107)
(-5.19467e-08 -6.49823e-08 10.2933)
(-6.39539e-08 -2.52396e-08 9.93679)
(-4.67005e-08 -6.68347e-08 10.1335)
(-3.84913e-08 -7.10213e-08 9.72371)
(-5.52207e-08 -2.81714e-08 9.25537)
(-3.08545e-08 -6.1055e-08 9.64259)
(-2.21216e-08 -7.55607e-08 9.14995)
(-4.30642e-08 -3.05752e-08 8.58799)
(-1.38153e-08 -5.33129e-08 9.15095)
(-4.97993e-09 -7.80109e-08 8.59561)
(-2.91219e-08 -3.21598e-08 7.96731)
(2.82654e-09 -4.37511e-08 8.61594)
(1.14079e-08 -7.74864e-08 8.0265)
(-1.45254e-08 -3.25203e-08 7.36522)
(1.41439e-08 -3.37651e-08 7.7138)
(2.19973e-08 -7.27796e-08 7.14922)
(-3.62236e-09 -3.0956e-08 6.50937)
(-6.20685e-08 -5.64031e-08 11.7287)
(-5.77972e-08 -3.68241e-08 11.6418)
(-5.62413e-08 -1.28508e-08 11.5805)
(-7.02222e-08 -6.43044e-08 11.629)
(-6.74084e-08 -4.43913e-08 11.5223)
(-6.79025e-08 -1.59797e-08 11.4397)
(-7.37585e-08 -7.00771e-08 11.3945)
(-7.03649e-08 -5.22276e-08 11.2362)
(-7.40338e-08 -1.92902e-08 11.0933)
(-7.15016e-08 -7.29513e-08 11.0441)
(-6.66602e-08 -5.98809e-08 10.8128)
(-7.4795e-08 -2.28271e-08 10.5725)
(-6.30014e-08 -7.27312e-08 10.6107)
(-5.67419e-08 -6.70187e-08 10.2933)
(-7.0068e-08 -2.61587e-08 9.93679)
(-4.94177e-08 -6.93637e-08 10.1335)
(-4.22682e-08 -7.3258e-08 9.72371)
(-6.0412e-08 -2.92182e-08 9.25537)
(-3.25915e-08 -6.33704e-08 9.64259)
(-2.47438e-08 -7.79167e-08 9.14995)
(-4.7107e-08 -3.17163e-08 8.58799)
(-1.4607e-08 -5.53024e-08 9.15095)
(-6.43084e-09 -8.03751e-08 8.59561)
(-3.19004e-08 -3.33464e-08 7.96731)
(2.8625e-09 -4.53528e-08 8.61594)
(1.10479e-08 -7.9751e-08 8.0265)
(-1.6033e-08 -3.36985e-08 7.36522)
(1.47758e-08 -3.50395e-08 7.7138)
(2.24531e-08 -7.48969e-08 7.14922)
(-4.05571e-09 -3.20904e-08 6.50937)
(-6.61995e-08 -5.8426e-08 11.7287)
(-6.28001e-08 -3.80444e-08 11.6418)
(-6.16386e-08 -1.33201e-08 11.5805)
(-7.42623e-08 -6.65348e-08 11.629)
(-7.26883e-08 -4.57606e-08 11.5223)
(-7.38599e-08 -1.65324e-08 11.4397)
(-7.75034e-08 -7.25359e-08 11.3945)
(-7.5464e-08 -5.38324e-08 11.2362)
(-8.00376e-08 -1.99592e-08 11.0933)
(-7.46289e-08 -7.56053e-08 11.0441)
(-7.11622e-08 -6.17649e-08 10.8128)
(-8.04117e-08 -2.36386e-08 10.5725)
(-6.53058e-08 -7.55325e-08 10.6107)
(-6.03656e-08 -6.92089e-08 10.2933)
(-7.49832e-08 -2.71248e-08 9.93679)
(-5.08068e-08 -7.22277e-08 10.1335)
(-4.48791e-08 -7.57491e-08 9.72371)
(-6.4431e-08 -3.0343e-08 9.25537)
(-3.31003e-08 -6.6191e-08 9.64259)
(-2.63272e-08 -8.06575e-08 9.14995)
(-5.01485e-08 -3.29916e-08 8.58799)
(-1.43785e-08 -5.79567e-08 9.15095)
(-7.08142e-09 -8.32744e-08 8.59561)
(-3.3976e-08 -3.4746e-08 7.96731)
(3.63531e-09 -4.76929e-08 8.61594)
(1.11909e-08 -8.2671e-08 8.0265)
(-1.71913e-08 -3.51773e-08 7.36522)
(1.58253e-08 -3.6923e-08 7.7138)
(2.31565e-08 -7.76593e-08 7.14922)
(-4.44082e-09 -3.35774e-08 6.50937)
(-7.01405e-08 -5.99777e-08 11.7287)
(-6.75605e-08 -3.87754e-08 11.6418)
(-6.67992e-08 -1.35748e-08 11.5805)
(-7.84643e-08 -6.84635e-08 11.629)
(-7.82628e-08 -4.6732e-08 11.5223)
(-8.02606e-08 -1.68911e-08 11.4397)
(-8.17916e-08 -7.48824e-08 11.3945)
(-8.14539e-08 -5.51396e-08 11.2362)
(-8.72255e-08 -2.04577e-08 11.0933)
(-7.86198e-08 -7.83234e-08 11.0441)
(-7.70444e-08 -6.34368e-08 10.8128)
(-8.77991e-08 -2.4297e-08 10.5725)
(-6.86657e-08 -7.85389e-08 10.6107)
(-6.56532e-08 -7.12459e-08 10.2933)
(-8.19708e-08 -2.79454e-08 9.93679)
(-5.32706e-08 -7.5391e-08 10.1335)
(-4.91732e-08 -7.81108e-08 9.72371)
(-7.049e-08 -3.13189e-08 9.25537)
(-3.4508e-08 -6.93526e-08 9.64259)
(-2.93528e-08 -8.32588e-08 9.14995)
(-5.48886e-08 -3.40997e-08 8.58799)
(-1.4687e-08 -6.09329e-08 9.15095)
(-8.71491e-09 -8.59926e-08 8.59561)
(-3.71678e-08 -3.59515e-08 7.96731)
(4.31533e-09 -5.02985e-08 8.61594)
(1.09034e-08 -8.53678e-08 8.0265)
(-1.88022e-08 -3.64413e-08 7.36522)
(1.70795e-08 -3.9006e-08 7.7138)
(2.38193e-08 -8.021e-08 7.14922)
(-4.82084e-09 -3.48736e-08 6.50937)
(-7.41486e-08 -6.17253e-08 11.7287)
(-7.25074e-08 -3.97887e-08 11.6418)
(-7.222e-08 -1.39844e-08 11.5805)
(-8.25705e-08 -7.04954e-08 11.629)
(-8.38041e-08 -4.79334e-08 11.5223)
(-8.66504e-08 -1.73949e-08 11.4397)
(-8.57618e-08 -7.72632e-08 11.3945)
(-8.71259e-08 -5.66755e-08 11.2362)
(-9.40863e-08 -2.11115e-08 11.0933)
(-8.20923e-08 -8.10607e-08 11.0441)
(-8.23794e-08 -6.53966e-08 10.8128)
(-9.46378e-08 -2.51482e-08 10.5725)
(-7.13773e-08 -8.16262e-08 10.6107)
(-7.02728e-08 -7.3688e-08 10.2933)
(-8.835e-08 -2.90184e-08 9.93679)
(-5.50575e-08 -7.87754e-08 10.1335)
(-5.28342e-08 -8.10424e-08 9.72371)
(-7.60677e-08 -3.26196e-08 9.25537)
(-3.53332e-08 -7.29443e-08 9.64259)
(-3.19367e-08 -8.66124e-08 9.14995)
(-5.94415e-08 -3.56093e-08 8.58799)
(-1.46244e-08 -6.45926e-08 9.15095)
(-1.02252e-08 -8.96316e-08 8.59561)
(-4.05832e-08 -3.7624e-08 7.96731)
(5.15771e-09 -5.3795e-08 8.61594)
(1.04381e-08 -8.90725e-08 8.0265)
(-2.0985e-08 -3.8206e-08 7.36522)
(1.84883e-08 -4.20007e-08 7.7138)
(2.42879e-08 -8.36809e-08 7.14922)
(-5.75133e-09 -3.66397e-08 6.50937)
(-7.72738e-08 -6.40502e-08 11.7287)
(-7.67233e-08 -4.11431e-08 11.6418)
(-7.68945e-08 -1.44986e-08 11.5805)
(-8.53387e-08 -7.29655e-08 11.629)
(-8.80999e-08 -4.94364e-08 11.5223)
(-9.17887e-08 -1.80064e-08 11.4397)
(-8.80468e-08 -7.99436e-08 11.3945)
(-9.11329e-08 -5.84512e-08 11.2362)
(-9.92532e-08 -2.18725e-08 11.0933)
(-8.35721e-08 -8.39823e-08 11.0441)
(-8.56851e-08 -6.75492e-08 10.8128)
(-9.94083e-08 -2.61115e-08 10.5725)
(-7.18462e-08 -8.48076e-08 10.6107)
(-7.25868e-08 -7.63032e-08 10.2933)
(-9.23938e-08 -3.02186e-08 9.93679)
(-5.44232e-08 -8.21833e-08 10.1335)
(-5.3998e-08 -8.41485e-08 9.72371)
(-7.91523e-08 -3.40701e-08 9.25537)
(-3.36411e-08 -7.65058e-08 9.64259)
(-3.19211e-08 -9.01639e-08 9.14995)
(-6.14405e-08 -3.72922e-08 8.58799)
(-1.20501e-08 -6.81958e-08 9.15095)
(-9.13472e-09 -9.35188e-08 8.59561)
(-4.14819e-08 -3.94949e-08 7.96731)
(8.28401e-09 -5.73204e-08 8.61594)
(1.23336e-08 -9.31589e-08 8.0265)
(-2.09405e-08 -4.02123e-08 7.36522)
(2.14893e-08 -4.53531e-08 7.7138)
(2.6343e-08 -8.78277e-08 7.14922)
(-5.29896e-09 -3.87397e-08 6.50937)
(-8.06575e-08 -6.72693e-08 11.7287)
(-8.13087e-08 -4.29417e-08 11.6418)
(-8.20154e-08 -1.52443e-08 11.5805)
(-8.90623e-08 -7.66961e-08 11.629)
(-9.36266e-08 -5.15005e-08 11.5223)
(-9.8353e-08 -1.88601e-08 11.4397)
(-9.18056e-08 -8.42218e-08 11.3945)
(-9.71349e-08 -6.09217e-08 11.2362)
(-1.0676e-07 -2.28836e-08 11.0933)
(-8.69475e-08 -8.87831e-08 11.0441)
(-9.16487e-08 -7.05101e-08 10.8128)
(-1.07297e-07 -2.73219e-08 10.5725)
(-7.45261e-08 -9.00904e-08 10.6107)
(-7.8052e-08 -7.98052e-08 10.2933)
(-1.00105e-07 -3.16488e-08 9.93679)
(-5.62049e-08 -8.78461e-08 10.1335)
(-5.86304e-08 -8.81904e-08 9.72371)
(-8.6215e-08 -3.57277e-08 9.25537)
(-3.44443e-08 -8.23799e-08 9.64259)
(-3.55126e-08 -9.46661e-08 9.14995)
(-6.75131e-08 -3.91676e-08 8.58799)
(-1.19028e-08 -7.40335e-08 9.15095)
(-1.15851e-08 -9.83163e-08 8.59561)
(-4.63256e-08 -4.15559e-08 7.96731)
(9.35171e-09 -6.27305e-08 8.61594)
(1.11707e-08 -9.79524e-08 8.0265)
(-2.42614e-08 -4.23852e-08 7.36522)
(2.33429e-08 -4.97423e-08 7.7138)
(2.65485e-08 -9.21535e-08 7.14922)
(-6.8314e-09 -4.0892e-08 6.50937)
(-8.3471e-08 -7.05924e-08 11.7287)
(-8.54124e-08 -4.47411e-08 11.6418)
(-8.67311e-08 -1.58267e-08 11.5805)
(-9.14518e-08 -8.01481e-08 11.629)
(-9.79531e-08 -5.34393e-08 11.5223)
(-1.03845e-07 -1.95302e-08 11.4397)
(-9.36936e-08 -8.78219e-08 11.3945)
(-1.01321e-07 -6.30665e-08 11.2362)
(-1.12585e-07 -2.36636e-08 11.0933)
(-8.79614e-08 -9.24964e-08 11.0441)
(-9.51814e-08 -7.29137e-08 10.8128)
(-1.12876e-07 -2.82384e-08 10.5725)
(-7.43983e-08 -9.38916e-08 10.6107)
(-8.05031e-08 -8.25296e-08 10.2933)
(-1.04883e-07 -3.27202e-08 9.93679)
(-5.47761e-08 -9.1697e-08 10.1335)
(-5.9703e-08 -9.12733e-08 9.72371)
(-8.973e-08 -3.6969e-08 9.25537)
(-3.17205e-08 -8.62609e-08 9.64259)
(-3.50825e-08 -9.81128e-08 9.14995)
(-6.94875e-08 -4.05828e-08 8.58799)
(-8.07762e-09 -7.79422e-08 9.15095)
(-9.76383e-09 -1.02109e-07 8.59561)
(-4.67407e-08 -4.31448e-08 7.96731)
(1.3817e-08 -6.66969e-08 8.61593)
(1.39485e-08 -1.02085e-07 8.0265)
(-2.348e-08 -4.41673e-08 7.36522)
(2.7458e-08 -5.38026e-08 7.7138)
(2.92827e-08 -9.6626e-08 7.14922)
(-5.84634e-09 -4.29268e-08 6.50937)
(-8.85596e-08 -7.45801e-08 11.7287)
(-9.19198e-08 -4.73845e-08 11.6418)
(-9.41822e-08 -1.70024e-08 11.5805)
(-9.67561e-08 -8.43438e-08 11.629)
(-1.05193e-07 -5.60756e-08 11.5223)
(-1.12424e-07 -2.07325e-08 11.4397)
(-9.88338e-08 -9.22363e-08 11.3945)
(-1.08648e-07 -6.5874e-08 11.2362)
(-1.21592e-07 -2.49537e-08 11.0933)
(-9.24729e-08 -9.71234e-08 11.0441)
(-1.02054e-07 -7.6031e-08 10.8128)
(-1.21768e-07 -2.96805e-08 10.5725)
(-7.80288e-08 -9.87955e-08 10.6107)
(-8.6574e-08 -8.61028e-08 10.2933)
(-1.13291e-07 -3.43691e-08 9.93679)
(-5.74085e-08 -9.69382e-08 10.1335)
(-6.48148e-08 -9.54232e-08 9.72371)
(-9.74371e-08 -3.88767e-08 9.25537)
(-3.3329e-08 -9.1855e-08 9.64259)
(-3.9173e-08 -1.02881e-07 9.14995)
(-7.6347e-08 -4.27847e-08 8.58799)
(-8.65953e-09 -8.38004e-08 9.15095)
(-1.27768e-08 -1.07425e-07 8.59561)
(-5.25657e-08 -4.56424e-08 7.96731)
(1.44088e-08 -7.25015e-08 8.61593)
(1.23023e-08 -1.0768e-07 8.0265)
(-2.77878e-08 -4.68947e-08 7.36522)
(2.93723e-08 -5.89334e-08 7.7138)
(2.93799e-08 -1.02011e-07 7.14922)
(-7.95364e-09 -4.57415e-08 6.50937)
(-9.3022e-08 -7.76186e-08 11.7287)
(-9.71644e-08 -4.88814e-08 11.6418)
(-9.97268e-08 -1.7289e-08 11.5805)
(-1.01044e-07 -8.75484e-08 11.629)
(-1.11099e-07 -5.78044e-08 11.5223)
(-1.19271e-07 -2.11307e-08 11.4397)
(-1.02793e-07 -9.5572e-08 11.3945)
(-1.14713e-07 -6.77967e-08 11.2362)
(-1.29191e-07 -2.54257e-08 11.0933)
(-9.55611e-08 -1.00475e-07 11.0441)
(-1.07549e-07 -7.80977e-08 10.8128)
(-1.29271e-07 -3.01948e-08 10.5725)
(-7.97244e-08 -1.02049e-07 10.6107)
(-9.07725e-08 -8.8283e-08 10.2933)
(-1.19777e-07 -3.4889e-08 9.93679)
(-5.7317e-08 -1.00001e-07 10.1335)
(-6.71425e-08 -9.77064e-08 9.72371)
(-1.02093e-07 -3.93908e-08 9.25537)
(-3.13151e-08 -9.47303e-08 9.64259)
(-3.93244e-08 -1.05297e-07 9.14995)
(-7.86815e-08 -4.33143e-08 8.58799)
(-4.90891e-09 -8.66154e-08 9.15094)
(-1.08557e-08 -1.10079e-07 8.59561)
(-5.25674e-08 -4.62613e-08 7.96731)
(1.92824e-08 -7.55556e-08 8.61593)
(1.5629e-08 -1.10808e-07 8.0265)
(-2.61392e-08 -4.7768e-08 7.36522)
(3.40965e-08 -6.27131e-08 7.7138)
(3.2674e-08 -1.0598e-07 7.14922)
(-6.26711e-09 -4.71473e-08 6.50937)
(-1.005e-07 -8.17688e-08 11.7287)
(-1.05774e-07 -5.168e-08 11.6418)
(-1.09307e-07 -1.86116e-08 11.5805)
(-1.09442e-07 -9.21413e-08 11.629)
(-1.21035e-07 -6.05394e-08 11.5223)
(-1.30439e-07 -2.24075e-08 11.4397)
(-1.11587e-07 -1.0058e-07 11.3945)
(-1.25241e-07 -7.06272e-08 11.2362)
(-1.41205e-07 -2.66902e-08 11.0933)
(-1.04218e-07 -1.05833e-07 11.0441)
(-1.18111e-07 -8.11193e-08 10.8128)
(-1.41602e-07 -3.14763e-08 10.5725)
(-8.78908e-08 -1.07755e-07 10.6107)
(-1.0099e-07 -9.16023e-08 10.2933)
(-1.32059e-07 -3.62181e-08 9.93679)
(-6.47112e-08 -1.06027e-07 10.1335)
(-7.67539e-08 -1.01418e-07 9.72371)
(-1.14048e-07 -4.08163e-08 9.25537)
(-3.76483e-08 -1.00983e-07 9.64259)
(-4.80491e-08 -1.09442e-07 9.14995)
(-8.99661e-08 -4.48954e-08 8.58799)
(-9.82011e-09 -9.29067e-08 9.15094)
(-1.82766e-08 -1.14614e-07 8.59561)
(-6.26285e-08 -4.80504e-08 7.96731)
(1.64369e-08 -8.14833e-08 8.61593)
(1.03778e-08 -1.15496e-07 8.0265)
(-3.38854e-08 -4.97532e-08 7.36522)
(3.40902e-08 -6.76811e-08 7.7138)
(3.06488e-08 -1.10463e-07 7.14922)
(-1.03143e-08 -4.92885e-08 6.50937)
(-1.056e-07 -8.42512e-08 11.7287)
(-1.11325e-07 -5.29539e-08 11.6418)
(-1.15054e-07 -1.86203e-08 11.5805)
(-1.13293e-07 -9.43916e-08 11.629)
(-1.25828e-07 -6.19267e-08 11.5223)
(-1.36023e-07 -2.24249e-08 11.4397)
(-1.14168e-07 -1.02529e-07 11.3945)
(-1.28775e-07 -7.19598e-08 11.2362)
(-1.46041e-07 -2.65669e-08 11.0933)
(-1.0506e-07 -1.07369e-07 11.0441)
(-1.1978e-07 -8.22765e-08 10.8128)
(-1.44999e-07 -3.1081e-08 10.5725)
(-8.65943e-08 -1.08769e-07 10.6107)
(-1.00378e-07 -9.25239e-08 10.2933)
(-1.33423e-07 -3.5439e-08 9.93679)
(-6.11216e-08 -1.06476e-07 10.1335)
(-7.37321e-08 -1.02108e-07 9.72371)
(-1.12988e-07 -3.96307e-08 9.25537)
(-3.19799e-08 -1.01014e-07 9.64259)
(-4.28145e-08 -1.10003e-07 9.14995)
(-8.64783e-08 -4.3393e-08 8.58799)
(-2.6498e-09 -9.28666e-08 9.15094)
(-1.14323e-08 -1.15294e-07 8.59561)
(-5.72042e-08 -4.64687e-08 7.96731)
(2.39945e-08 -8.20764e-08 8.61593)
(1.75361e-08 -1.16855e-07 8.0265)
(-2.79198e-08 -4.85507e-08 7.36522)
(4.02841e-08 -7.00367e-08 7.7138)
(3.60973e-08 -1.13399e-07 7.14922)
(-6.15879e-09 -4.91669e-08 6.50937)
(-1.20534e-07 -9.06312e-08 11.7287)
(-1.26157e-07 -5.81964e-08 11.6418)
(-1.31688e-07 -2.10278e-08 11.5805)
(-1.30218e-07 -1.01946e-07 11.629)
(-1.41838e-07 -6.75871e-08 11.5223)
(-1.53672e-07 -2.48392e-08 11.4397)
(-1.31852e-07 -1.11142e-07 11.3945)
(-1.44667e-07 -7.83341e-08 11.2362)
(-1.63618e-07 -2.90291e-08 11.0933)
(-1.22639e-07 -1.16823e-07 11.0441)
(-1.34959e-07 -8.94765e-08 10.8128)
(-1.62249e-07 -3.36025e-08 10.5725)
(-1.03458e-07 -1.1884e-07 10.6107)
(-1.14723e-07 -1.00574e-07 10.2933)
(-1.50493e-07 -3.79714e-08 9.93679)
(-7.67784e-08 -1.16799e-07 10.1335)
(-8.73987e-08 -1.10842e-07 9.72371)
(-1.30087e-07 -4.211e-08 9.25537)
(-4.60244e-08 -1.11177e-07 9.64259)
(-5.58951e-08 -1.19018e-07 9.14995)
(-1.0355e-07 -4.57231e-08 8.58799)
(-1.4643e-08 -1.0242e-07 9.15094)
(-2.37754e-08 -1.23997e-07 8.59561)
(-7.37188e-08 -4.85377e-08 7.96731)
(1.51214e-08 -9.02014e-08 8.61593)
(7.19106e-09 -1.24264e-07 8.0265)
(-4.19971e-08 -5.01492e-08 7.36522)
(3.61893e-08 -7.55655e-08 7.7138)
(3.00025e-08 -1.183e-07 7.14922)
(-1.48234e-08 -5.01187e-08 6.50937)
(-1.37296e-07 -1.02262e-07 11.7287)
(-1.38779e-07 -6.71039e-08 11.6418)
(-1.43775e-07 -2.3487e-08 11.5805)
(-1.44306e-07 -1.15489e-07 11.629)
(-1.49507e-07 -7.97089e-08 11.5223)
(-1.61148e-07 -2.84512e-08 11.4397)
(-1.42648e-07 -1.2604e-07 11.3945)
(-1.46084e-07 -9.34928e-08 11.2362)
(-1.6543e-07 -3.35766e-08 11.0933)
(-1.28686e-07 -1.32467e-07 11.0441)
(-1.28959e-07 -1.07511e-07 10.8128)
(-1.58126e-07 -3.88456e-08 10.5725)
(-1.03072e-07 -1.34058e-07 10.6107)
(-1.01129e-07 -1.20817e-07 10.2933)
(-1.40734e-07 -4.33569e-08 9.93679)
(-6.92923e-08 -1.30118e-07 10.1335)
(-6.72085e-08 -1.32004e-07 9.72371)
(-1.15323e-07 -4.70186e-08 9.25537)
(-3.21135e-08 -1.21376e-07 9.64259)
(-3.08893e-08 -1.39197e-07 9.14995)
(-8.48666e-08 -4.94649e-08 8.58799)
(3.78434e-09 -1.08741e-07 9.15094)
(3.42369e-09 -1.41087e-07 8.59561)
(-5.26149e-08 -5.05397e-08 7.96731)
(3.43227e-08 -9.3272e-08 8.61593)
(3.2177e-08 -1.36983e-07 8.0265)
(-2.19213e-08 -5.0351e-08 7.36522)
(5.0419e-08 -7.78171e-08 7.7138)
(4.65159e-08 -1.26351e-07 7.14922)
(-1.47849e-09 -4.90081e-08 6.50937)
(-1.93021e-07 -1.51973e-07 11.7287)
(-1.85619e-07 -1.07601e-07 11.6418)
(-1.93308e-07 -4.02505e-08 11.5805)
(-2.04733e-07 -1.76355e-07 11.629)
(-1.91189e-07 -1.30921e-07 11.5223)
(-2.03081e-07 -4.90932e-08 11.4397)
(-2.01349e-07 -1.96906e-07 11.3945)
(-1.77016e-07 -1.5713e-07 11.2362)
(-1.9617e-07 -5.88225e-08 11.0933)
(-1.81644e-07 -2.11778e-07 11.0441)
(-1.47403e-07 -1.84344e-07 10.8128)
(-1.79856e-07 -6.91407e-08 10.5725)
(-1.46516e-07 -2.18564e-07 10.6107)
(-1.08481e-07 -2.09621e-07 10.2933)
(-1.57852e-07 -7.79683e-08 9.93679)
(-1.01696e-07 -2.14986e-07 10.1335)
(-6.75083e-08 -2.28925e-07 9.72371)
(-1.32475e-07 -8.43516e-08 9.25537)
(-5.44784e-08 -2.01374e-07 9.64259)
(-2.9003e-08 -2.37497e-07 9.14995)
(-1.0587e-07 -8.68205e-08 8.58799)
(-1.13889e-08 -1.78568e-07 9.15094)
(2.36398e-09 -2.3197e-07 8.59561)
(-7.95466e-08 -8.44578e-08 7.96731)
(2.4322e-08 -1.46701e-07 8.61593)
(2.68563e-08 -2.09516e-07 8.02649)
(-5.12181e-08 -7.6644e-08 7.36522)
(4.55848e-08 -1.06959e-07 7.7138)
(3.9904e-08 -1.67402e-07 7.14921)
(-2.3952e-08 -6.28538e-08 6.50937)
(-2.76586e-07 -2.65999e-07 11.7287)
(-2.38044e-07 -1.9645e-07 11.6418)
(-2.37647e-07 -7.25255e-08 11.5805)
(-2.806e-07 -3.1864e-07 11.629)
(-2.12695e-07 -2.553e-07 11.5223)
(-2.14075e-07 -9.58576e-08 11.4397)
(-2.61311e-07 -3.64242e-07 11.3945)
(-1.59761e-07 -3.19604e-07 11.2362)
(-1.69928e-07 -1.21389e-07 11.0933)
(-2.16313e-07 -3.99616e-07 11.0441)
(-8.60891e-08 -3.85639e-07 10.8128)
(-1.2108e-07 -1.48069e-07 10.5725)
(-1.44658e-07 -4.16745e-07 10.6107)
(-4.19581e-09 -4.44538e-07 10.2933)
(-7.49545e-08 -1.70206e-07 9.93679)
(-5.84766e-08 -4.08702e-07 10.1335)
(7.11992e-08 -4.84766e-07 9.72371)
(-3.42097e-08 -1.84342e-07 9.25537)
(2.62005e-08 -3.75101e-07 9.64259)
(1.31416e-07 -4.93679e-07 9.14995)
(-8.19655e-10 -1.86036e-07 8.58799)
(9.46314e-08 -3.17896e-07 9.15094)
(1.6734e-07 -4.63063e-07 8.59561)
(2.45208e-08 -1.72597e-07 7.96731)
(1.33384e-07 -2.43044e-07 8.61593)
(1.71731e-07 -3.91067e-07 8.0265)
(3.88207e-08 -1.43889e-07 7.36522)
(1.23757e-07 -1.57929e-07 7.7138)
(1.31988e-07 -2.74641e-07 7.14922)
(3.21391e-08 -9.91182e-08 6.50937)
(-5.47078e-07 -5.9555e-07 11.7287)
(-4.30912e-07 -4.64688e-07 11.6418)
(-4.21068e-07 -1.80819e-07 11.5805)
(-5.73235e-07 -7.39181e-07 11.629)
(-3.59603e-07 -6.22398e-07 11.5223)
(-3.35478e-07 -2.44025e-07 11.4397)
(-5.37337e-07 -8.69442e-07 11.3945)
(-2.29164e-07 -7.99582e-07 11.2362)
(-2.1274e-07 -3.16661e-07 11.0933)
(-4.49326e-07 -9.78179e-07 11.0441)
(-6.60166e-08 -9.8425e-07 10.8128)
(-1.01892e-07 -3.94978e-07 10.5725)
(-3.05702e-07 -1.04257e-06 10.6107)
(9.91089e-08 -1.15036e-06 10.2933)
(-2.26475e-08 -4.63084e-07 9.93679)
(-1.34935e-07 -1.04277e-06 10.1335)
(2.32833e-07 -1.26472e-06 9.72371)
(2.05008e-08 -5.0958e-07 9.25537)
(2.65923e-08 -9.74953e-07 9.64258)
(3.18606e-07 -1.29122e-06 9.14995)
(2.93426e-08 -5.20041e-07 8.58799)
(1.47213e-07 -8.40202e-07 9.15094)
(3.4034e-07 -1.20527e-06 8.59561)
(1.19349e-08 -4.84657e-07 7.96731)
(2.07539e-07 -6.42457e-07 8.61593)
(3.00919e-07 -9.92744e-07 8.02649)
(-1.02314e-08 -3.98071e-07 7.36522)
(1.87157e-07 -3.79995e-07 7.71379)
(2.00959e-07 -6.32934e-07 7.14921)
(-2.24296e-08 -2.52196e-07 6.50937)
(-1.01378e-06 -1.31829e-06 11.7287)
(-6.62111e-07 -1.04784e-06 11.6418)
(-5.66344e-07 -4.02237e-07 11.5805)
(-1.03905e-06 -1.69039e-06 11.629)
(-4.23549e-07 -1.48349e-06 11.5223)
(-2.81853e-07 -5.83217e-07 11.4397)
(-9.35001e-07 -2.03406e-06 11.3945)
(-7.02349e-08 -1.96937e-06 11.2362)
(6.09062e-08 -7.91133e-07 11.0933)
(-7.16982e-07 -2.32688e-06 11.0441)
(3.47783e-07 -2.4744e-06 10.8128)
(3.5065e-07 -1.01558e-06 10.5725)
(-3.63909e-07 -2.50326e-06 10.6107)
(7.62264e-07 -2.92498e-06 10.2933)
(5.43432e-07 -1.21208e-06 9.9368)
(5.58539e-08 -2.50868e-06 10.1335)
(1.09271e-06 -3.23026e-06 9.72371)
(6.35085e-07 -1.34691e-06 9.25537)
(4.49705e-07 -2.3318e-06 9.64258)
(1.29607e-06 -3.29396e-06 9.14995)
(6.33113e-07 -1.37944e-06 8.588)
(7.32294e-07 -1.97778e-06 9.15094)
(1.32689e-06 -3.0523e-06 8.59561)
(5.57432e-07 -1.28203e-06 7.96731)
(8.2636e-07 -1.4768e-06 8.61593)
(1.15476e-06 -2.48388e-06 8.0265)
(4.20635e-07 -1.04492e-06 7.36522)
(6.45558e-07 -8.46061e-07 7.71379)
(7.43873e-07 -1.54451e-06 7.14922)
(2.23885e-07 -6.47261e-07 6.50937)
(-2.30609e-06 -3.18728e-06 11.7287)
(-1.34712e-06 -2.58329e-06 11.6418)
(-1.04612e-06 -1.01724e-06 11.5805)
(-2.50132e-06 -4.21613e-06 11.629)
(-8.42549e-07 -3.75732e-06 11.5223)
(-3.73597e-07 -1.50793e-06 11.4397)
(-2.33938e-06 -5.18543e-06 11.3945)
(-5.19305e-08 -5.09044e-06 11.2362)
(4.24029e-07 -2.08931e-06 11.0933)
(-1.90123e-06 -6.03027e-06 11.044)
(8.82426e-07 -6.4857e-06 10.8128)
(1.04201e-06 -2.72807e-06 10.5725)
(-1.12297e-06 -6.57372e-06 10.6107)
(1.80247e-06 -7.7372e-06 10.2933)
(1.38147e-06 -3.3001e-06 9.9368)
(-1.68076e-07 -6.66873e-06 10.1335)
(2.51394e-06 -8.60073e-06 9.7237)
(1.44737e-06 -3.70811e-06 9.25537)
(7.39918e-07 -6.2765e-06 9.64257)
(2.91452e-06 -8.81725e-06 9.14995)
(1.27346e-06 -3.83688e-06 8.588)
(1.3941e-06 -5.40017e-06 9.15093)
(2.89842e-06 -8.21141e-06 8.59561)
(9.28663e-07 -3.60508e-06 7.96731)
(1.63823e-06 -4.08219e-06 8.61592)
(2.44534e-06 -6.69654e-06 8.02649)
(5.29271e-07 -2.97002e-06 7.36522)
(1.31458e-06 -2.31116e-06 7.71379)
(1.53834e-06 -4.11851e-06 7.14921)
(1.72929e-07 -1.85907e-06 6.50937)
(-3.99832e-06 -6.70513e-06 11.7287)
(-1.37989e-06 -5.51717e-06 11.6418)
(-2.48684e-07 -2.15169e-06 11.5805)
(-4.47529e-06 -9.36726e-06 11.629)
(-1.13409e-07 -8.61369e-06 11.5223)
(1.47534e-06 -3.46662e-06 11.4397)
(-4.19038e-06 -1.19384e-05 11.3945)
(1.70792e-06 -1.21442e-05 11.2362)
(3.33809e-06 -5.03757e-06 11.0933)
(-3.30188e-06 -1.42266e-05 11.044)
(3.82581e-06 -1.58448e-05 10.8128)
(4.68449e-06 -6.77167e-06 10.5725)
(-1.56819e-06 -1.57494e-05 10.6107)
(5.93161e-06 -1.91706e-05 10.2933)
(5.33343e-06 -8.34268e-06 9.93682)
(6.52676e-07 -1.61142e-05 10.1334)
(7.58935e-06 -2.14847e-05 9.72371)
(5.33915e-06 -9.48566e-06 9.25539)
(2.82389e-06 -1.52129e-05 9.64255)
(8.55117e-06 -2.21237e-05 9.14995)
(4.79677e-06 -9.89319e-06 8.58802)
(4.41851e-06 -1.306e-05 9.15091)
(8.51974e-06 -2.06462e-05 8.59561)
(3.85825e-06 -9.34728e-06 7.96733)
(4.94624e-06 -9.82775e-06 8.6159)
(7.29722e-06 -1.68787e-05 8.0265)
(2.66399e-06 -7.74816e-06 7.36524)
(3.86279e-06 -5.57221e-06 7.71378)
(4.66483e-06 -1.04623e-05 7.14922)
(1.29956e-06 -4.90961e-06 6.50938)
(-6.94116e-06 -1.36323e-05 11.7287)
(-4.19776e-07 -1.15175e-05 11.6418)
(2.71002e-06 -4.57391e-06 11.5805)
(-8.69643e-06 -2.03589e-05 11.629)
(1.99787e-06 -1.91756e-05 11.5223)
(6.40852e-06 -7.82258e-06 11.4397)
(-8.71597e-06 -2.70634e-05 11.3944)
(5.52172e-06 -2.80652e-05 11.2361)
(1.0138e-05 -1.17993e-05 11.0933)
(-7.4845e-06 -3.32253e-05 11.044)
(9.5766e-06 -3.7478e-05 10.8128)
(1.24319e-05 -1.62375e-05 10.5725)
(-4.26757e-06 -3.758e-05 10.6106)
(1.35982e-05 -4.60374e-05 10.2933)
(1.30068e-05 -2.03383e-05 9.93684)
(2.4594e-07 -3.91021e-05 10.1334)
(1.6739e-05 -5.21442e-05 9.7237)
(1.21134e-05 -2.34134e-05 9.25542)
(4.90938e-06 -3.74456e-05 9.64248)
(1.8507e-05 -5.41449e-05 9.14995)
(1.00836e-05 -2.46784e-05 8.58806)
(8.53991e-06 -3.25808e-05 9.15084)
(1.82462e-05 -5.09189e-05 8.5956)
(7.34886e-06 -2.35618e-05 7.96737)
(1.00531e-05 -2.48183e-05 8.61584)
(1.55871e-05 -4.19373e-05 8.02649)
(4.45747e-06 -1.97537e-05 7.36527)
(8.23222e-06 -1.41473e-05 7.71373)
(1.01046e-05 -2.61743e-05 7.14921)
(1.82076e-06 -1.27187e-05 6.5094)
(-1.31722e-06 -1.82304e-05 11.7287)
(1.36944e-05 -1.7109e-05 11.6418)
(2.24032e-05 -6.8706e-06 11.5805)
(-4.85579e-06 -3.32164e-05 11.629)
(1.96121e-05 -3.43784e-05 11.5223)
(3.15042e-05 -1.42059e-05 11.4398)
(-5.76679e-06 -4.90367e-05 11.3944)
(2.65358e-05 -5.48741e-05 11.2362)
(3.92526e-05 -2.33602e-05 11.0934)
(-4.95785e-06 -6.4331e-05 11.0439)
(3.36579e-05 -7.69191e-05 10.8128)
(4.29362e-05 -3.36976e-05 10.5726)
(-2.94492e-07 -7.60347e-05 10.6106)
(4.02731e-05 -9.7356e-05 10.2933)
(4.22446e-05 -4.34319e-05 9.93694)
(7.2897e-06 -8.15748e-05 10.1333)
(4.50469e-05 -0.000112522 9.72372)
(3.80595e-05 -5.09717e-05 9.25554)
(1.57251e-05 -7.98832e-05 9.64235)
(4.72463e-05 -0.000118623 9.14996)
(3.14109e-05 -5.45272e-05 8.58818)
(2.26037e-05 -7.06905e-05 9.15071)
(4.55654e-05 -0.000113041 8.59562)
(2.34205e-05 -5.27719e-05 7.96748)
(2.52776e-05 -5.47215e-05 8.61573)
(3.88419e-05 -9.45388e-05 8.02651)
(1.5071e-05 -4.49671e-05 7.36537)
(2.0506e-05 -3.20441e-05 7.71366)
(2.55255e-05 -6.06106e-05 7.14923)
(6.9147e-06 -2.97679e-05 6.50947)
(2.4023e-05 -1.07428e-05 11.7286)
(5.29754e-05 -1.72354e-05 11.6418)
(7.17857e-05 -7.52419e-06 11.5805)
(1.7503e-05 -3.94946e-05 11.6289)
(6.51391e-05 -5.08079e-05 11.5222)
(9.12221e-05 -2.17305e-05 11.4398)
(1.41078e-05 -7.22323e-05 11.3943)
(7.69878e-05 -9.21219e-05 11.2361)
(0.000105866 -4.00793e-05 11.0935)
(1.15091e-05 -0.000106094 11.0438)
(8.70731e-05 -0.000137744 10.8128)
(0.000110672 -6.11746e-05 10.5727)
(1.47241e-05 -0.000134549 10.6103)
(9.47444e-05 -0.000181346 10.2933)
(0.00010528 -8.1572e-05 9.93711)
(2.3307e-05 -0.000151776 10.133)
(9.85243e-05 -0.000215495 9.72372)
(9.17667e-05 -9.80415e-05 9.25575)
(3.45394e-05 -0.000154651 9.64205)
(9.78558e-05 -0.000232308 9.14996)
(7.27761e-05 -0.000106955 8.5884)
(4.45315e-05 -0.00014172 9.1504)
(9.09074e-05 -0.000226042 8.59562)
(5.12264e-05 -0.000105512 7.9677)
(4.85082e-05 -0.000113549 8.61544)
(7.60464e-05 -0.000193293 8.02649)
(3.02817e-05 -9.18417e-05 7.36555)
(4.03521e-05 -6.90812e-05 7.71344)
(5.03895e-05 -0.00012763 7.1492)
(1.21809e-05 -6.25743e-05 6.50958)
(0.000121191 5.53896e-05 11.7285)
(0.000163649 1.83802e-05 11.6417)
(0.000196355 4.5447e-06 11.5805)
(0.000122692 1.71527e-05 11.6288)
(0.000198788 -3.05939e-05 11.5222)
(0.000246095 -1.62083e-05 11.4398)
(0.000121009 -3.35292e-05 11.3942)
(0.000224799 -9.52353e-05 11.2362)
(0.000280967 -4.46535e-05 11.0936)
(0.000112299 -9.22762e-05 11.0436)
(0.000239646 -0.000170306 10.8128)
(0.000292584 -7.84241e-05 10.573)
(0.000105651 -0.000148316 10.6101)
(0.00024327 -0.000246123 10.2934)
(0.000279836 -0.000112562 9.93752)
(0.000103551 -0.00019127 10.1327)
(0.000236133 -0.000311038 9.72385)
(0.000246838 -0.00014211 9.25625)
(0.000105218 -0.00021412 9.64163)
(0.000219903 -0.000352348 9.15009)
(0.000199538 -0.00016162 8.58896)
(0.000107445 -0.000212057 9.14994)
(0.000194226 -0.000359771 8.59573)
(0.000144475 -0.000166554 7.96824)
(0.000103536 -0.000183701 8.615)
(0.000157429 -0.000325517 8.02658)
(8.85595e-05 -0.000153054 7.36603)
(8.29001e-05 -0.000124334 7.7131)
(0.00010431 -0.000234543 7.14926)
(3.73988e-05 -0.000113578 6.50993)
(0.000255657 0.000171789 11.728)
(0.000299728 8.4723e-05 11.6412)
(0.000337441 2.81317e-05 11.58)
(0.000273297 0.000140643 11.6283)
(0.000362339 3.64433e-05 11.5218)
(0.000422 8.05747e-06 11.4395)
(0.000278961 8.38827e-05 11.3938)
(0.000404073 -3.62114e-05 11.2359)
(0.000479843 -2.25496e-05 11.0935)
(0.000263751 5.73475e-06 11.0432)
(0.000418688 -0.00012794 10.8128)
(0.00049621 -6.08241e-05 10.5732)
(0.000238904 -8.08844e-05 10.6097)
(0.000406864 -0.000228601 10.2935)
(0.00046886 -0.000102147 9.93797)
(0.000212088 -0.000161628 10.1322)
(0.000374467 -0.00032534 9.72402)
(0.0004061 -0.000141713 9.25693)
(0.000188928 -0.000223751 9.6411)
(0.000329882 -0.000402742 9.15032)
(0.000320924 -0.000174209 8.58979)
(0.000171527 -0.000255854 9.14933)
(0.000278745 -0.000445719 8.59597)
(0.000226321 -0.000194213 7.96915)
(0.000155384 -0.000250057 8.61436)
(0.000222496 -0.000438742 8.02679)
(0.00013447 -0.000194945 7.3669)
(0.000127133 -0.000193204 7.71253)
(0.000153803 -0.000352168 7.14939)
(5.53299e-05 -0.000162001 6.51063)
(0.000538144 0.000412701 11.7275)
(0.000434338 0.000176241 11.6408)
(0.00037892 5.05271e-05 11.5795)
(0.000797644 0.000573941 11.6279)
(0.000785315 0.000278227 11.5215)
(0.000783631 8.94014e-05 11.4392)
(0.000992249 0.000680325 11.3935)
(0.00107325 0.000347411 11.2358)
(0.00113523 0.00011905 11.0935)
(0.00109396 0.000714809 11.0431)
(0.00124522 0.000370894 10.8129)
(0.0013442 0.000137287 10.5735)
(0.00108368 0.000666076 10.6096)
(0.00126986 0.000336811 10.2938)
(0.00136522 0.000137313 9.93861)
(0.000975775 0.000537396 10.1321)
(0.00115957 0.000237841 9.72454)
(0.001212 0.000112959 9.25786)
(0.000802902 0.00034799 9.64095)
(0.000953613 7.65596e-05 9.15093)
(0.000939622 5.84443e-05 8.59093)
(0.000604659 0.000129476 9.14905)
(0.000708343 -0.000127948 8.59657)
(0.000620679 -2.5081e-05 7.97038)
(0.000416952 -7.75695e-05 8.61393)
(0.000475337 -0.000337813 8.02729)
(0.000322394 -0.000125423 7.3681)
(0.000262609 -0.00021906 7.712)
(0.00029376 -0.000484052 7.14972)
(0.000114383 -0.000212955 6.51163)
(0.000399787 0.000338479 11.7239)
(0.000342997 0.000114855 11.6376)
(0.000294455 3.50883e-05 11.5766)
(0.000639472 0.000553779 11.6241)
(0.000657413 0.000268835 11.5179)
(0.000672044 9.79292e-05 11.4355)
(0.000837301 0.00073029 11.3902)
(0.000915441 0.00041751 11.2325)
(0.000992317 0.000166493 11.0901)
(0.000959862 0.000839955 11.0409)
(0.00106541 0.000532109 10.8106)
(0.00117135 0.000232017 10.5711)
(0.000985794 0.000858922 10.609)
(0.00108452 0.000580972 10.2931)
(0.00117251 0.00027626 9.93785)
(0.000922627 0.000774494 10.1331)
(0.000990471 0.00053139 9.72547)
(0.0010159 0.000278304 9.25876)
(0.000796631 0.000591799 9.64324)
(0.000824685 0.000362219 9.15327)
(0.000761409 0.000219255 8.5932)
(0.000641152 0.000333143 9.15208)
(0.000641295 8.05971e-05 8.59979)
(0.000484983 9.43468e-05 7.97351)
(0.000488598 3.76356e-05 8.617)
(0.000484178 -0.000275114 8.0307)
(0.000245582 -8.37258e-05 7.37144)
(0.000360024 -0.000241193 7.71439)
(0.000383271 -0.000636175 7.15252)
(0.00010561 -0.000286539 6.51439)
)
;

boundaryField
{
    inlet
    {
        type            fixedValue;
        value           uniform (0 0 10);
    }
    outlet
    {
        type            zeroGradient;
    }
    pipe
    {
        type            noSlip;
    }
    symY
    {
        type            symmetryPlane;
    }
    symX
    {
        type            symmetryPlane;
    }
}


// ************************************************************************* //
